bvid,title,description,owner_mid,owner_name,published_at,view,like,coin,favorite,share,reply,danmaku,source_url,source_type,metric_precision,collected_at,age_days,content_type,explicit_operator,publication_year,views_per_day,weighted_interactions,weighted_engagement_rate,intent_rate,discussion_rate,archive_reach_score,archive_momentum_score,archive_engagement_score,archive_content_score,operator,association_type,association_weight,days_from_anchor,window_before_days,window_after_days
BV1XjoWYBE1u,《明日方舟》EP - From Ash to Fire,"4月15日 From Ash to Fire 正式上架塞壬唱片官网，QQ音乐及网易云音乐等平台

塞壬唱片官网链接：https://monster-siren.hypergryph.com/music/697604

【专辑介绍】
塞壬唱片-MSR音乐系列《人物》，三期上线。
我自踏薪而行。

【歌曲列表】
From Ash to Fire
From Ash to Fire (Instrumental)",161775300,明日方舟,2025-04-15T03:01:55+00:00,1370072,98714,39164,34077,18761,7252,13875,https://www.bilibili.com/video/BV1XjoWYBE1u,official_public_aggregate,exact_api,2026-09-02T18:57:08.768929+08:00,507.6779456335764,music_ep,,2025,2698.7030100158586,319294.5,0.23304943097880987,0.09202363087487372,0.015420357470264337,40.43715846994536,70.67395264116576,84.69945355191257,62.786885245901644,Mon3tr,campaign_window,0.6785,9.0013,14,14
BV131R2YcEuc,《明日方舟》EP - Skeletal Wings,"4月7日 Skeletal Wings 正式上架塞壬唱片官网，QQ音乐及网易云音乐等平台

塞壬唱片官网链接：https://monster-siren.hypergryph.com/music/461130

【专辑介绍】
风掠过时间的潮汐，携回忆嵌入遗尘漫长。
骨翼铭刻昨日，丈量未竟远方。

【歌曲列表】
Skeletal Wings
Skeletal Wings (Instrumental)",161775300,明日方舟,2025-04-07T08:01:07+00:00,1980124,110789,49194,48687,8228,11527,7467,https://www.bilibili.com/video/BV131R2YcEuc,official_public_aggregate,exact_api,2026-09-02T18:57:29.059707+08:00,515.4701678557986,music_ep,,2025,3841.3939806385347,352259.0,0.17789744480648687,0.07817490217784341,0.00959232856124162,62.659380692167574,78.68852459016394,47.540983606557376,62.93260473588342,Mon3tr,campaign_window,0.9568,1.2091,14,14
BV1rXdcYQEFE,《明日方舟》干员「Mon3tr」技能展示PV,"《明日方舟》干员「Mon3tr」技能展示PV
“我正在抓紧适应自己的工作和职责，我会在我们重逢之前准备好。”

————————————
《明日方舟》主题曲【离解复合】即将开放
更多活动详情内容详见官方自媒体账号。",161775300,明日方舟,2025-04-06T03:00:00+00:00,2446101,136753,24116,14275,54729,16889,14777,https://www.bilibili.com/video/BV1rXdcYQEFE,official_public_aggregate,exact_api,2026-09-02T18:53:00.696764+08:00,516.6792766520949,operator_pv,Mon3tr,2025,4734.2734855748395,410444.0,0.16779519733649592,0.04390456485647976,0.01294549979743273,75.40983606557377,83.06010928961749,39.89071038251366,67.04918032786885,Mon3tr,direct_operator,1.0,0.0,14,14
BV1dWfgYVEeu,《明日方舟》主题曲【离解复合】开放 限时纪念活动宣传pv,"主题曲【离解复合】开放，限时纪念活动开启

“总有一天，你会理解这艘罗德岛所承载的意义是什么。”
“这是你做出的选择，这是我们最后的希望。”

————————————
详细活动内容敬请关注《明日方舟》官网及游戏内相关公告。",161775300,明日方舟,2025-04-03T03:00:00+00:00,4865663,153434,67335,34421,61856,23216,32482,https://www.bilibili.com/video/BV1dWfgYVEeu,official_public_aggregate,exact_api,2026-09-02T18:57:25.959277+08:00,519.6792766520949,event_pv,,2025,9362.81898971579,593579.0,0.12199344673069219,0.040700106028715925,0.011447155300315702,94.89981785063752,90.1639344262295,9.836065573770492,67.959927140255,Mon3tr,campaign_window,0.8929,-3.0,14,14
BV1NLZHYxEdH,《ARK no NIGHTS》即将上映,"《ARK no NIGHTS》即将上映

详细活动玩法介绍请关注后续官方自媒体相关内容。",161775300,明日方舟,2025-04-01T02:00:00+00:00,2237502,162898,50946,26239,56528,13539,12798,https://www.bilibili.com/video/BV1NLZHYxEdH,official_public_aggregate,exact_api,2026-09-02T18:57:30.589921+08:00,521.7209433187616,other_official,,2025,4288.694998070892,513559.5,0.2295235937219274,0.07148686347542929,0.011770715735673086,70.12750455373407,79.78142076502732,83.60655737704919,77.06739526411657,Mon3tr,campaign_window,0.8199,-5.0417,14,14
BV1A4oQYiEwj,「2025明日方舟音律联觉-熠曲丰碑」情报公开,"「2025明日方舟音律联觉-熠曲丰碑」活动情报正式公开！
详细活动专题页及票务信息将会于近期发布，请持续关注@明日方舟 

旋律 化为时光针脚
红毯 铺就星辉长廊
当月色坠入香槟杯
聚光灯下
音乐，是永不褪色的定制之艺

一、「2025明日方舟音律联觉-熠曲丰碑」
【活动地点】
上海|梅赛德斯-奔驰文化中心（上海市浦东新区世博大道1200号）
【活动时间】
「熠曲丰碑-日场」：5月1日-5月4日12:00
「熠曲丰碑-夜场」：5月1日-5月4日19:30
【温馨提醒】
*「2025明日方舟音律联觉-熠曲丰",161775300,明日方舟,2025-03-28T03:01:39+00:00,1428277,85345,26319,14538,41171,10964,6612,https://www.bilibili.com/video/BV1A4oQYiEwj,official_public_aggregate,exact_api,2026-09-02T18:57:20.440548+08:00,525.6781308187616,offline_event,,2025,2717.018107212126,310324.0,0.21727157967257052,0.06761013444870988,0.012305736212233341,42.4408014571949,70.85610200364299,78.5063752276867,61.78506375227687,Mon3tr,campaign_window,0.6786,-8.9989,14,14
BV1P5ZMYUEnM,「2025明日方舟音律联觉-熠曲丰碑」先导预告公开,"「2025明日方舟音律联觉-熠曲丰碑」先导预告公开

“悄然奏响的，尘封记忆中共属于你我的旋律，跨越岁月的低语，正诉说着过去与未来的相遇。”
“它悄无声息地穿透时光的边界，让每段旋律久久回响，成为我们不曾遗忘的足迹。”

活动详情及票务信息将于近期发布，请持续关注@明日方舟 。",161775300,明日方舟,2025-03-27T03:00:00+00:00,1723455,130784,47987,26454,55542,13719,9184,https://www.bilibili.com/video/BV1P5ZMYUEnM,official_public_aggregate,exact_api,2026-09-02T18:57:48.485422+08:00,526.6792766520949,event_pv,,2025,3272.3045625705363,471462.5,0.2735566057715461,0.09076941376479224,0.013289003774395038,54.462659380692166,74.86338797814209,94.53551912568307,72.60473588342441,Mon3tr,campaign_window,0.6429,-10.0,14,14
BV15QGP6ME3s,《明日方舟》EP - Every Road is a Yes,"8 月 1 日 Every Road is a Yes 正式上架各音乐平台

【专辑介绍】
风吹拂着头发，也吹散了迟疑。
藏在心间的远方，已落成脚下的节拍。 
天际的风景渐次可见，我知道，答案正在路上！

【歌曲列表】
Every Road is a Yes
Every Road is a Yes (Instrumental)",161775300,明日方舟,2026-08-01T03:00:00+00:00,615355,62910,15367,15640,4047,9596,1541,https://www.bilibili.com/video/BV15QGP6ME3s,official_public_aggregate,exact_api,2026-09-02T18:57:28.278486+08:00,34.679276652094906,music_ep,,2026,17744.170565415403,152229.5,0.24738484289556434,0.08238171462001609,0.018098495990119524,9.289617486338798,95.44626593806922,89.79963570127505,59.2896174863388,予愿安洁莉娜,campaign_window,0.8571,4.0,14,14
BV13J3F6SEWr,《明日方舟》限定干员「予愿安洁莉娜」前瞻PV,是安洁莉娜的话，一定没问题！在她为人们带去的五彩斑斓中，总会有一抹属于她的色彩。,161775300,明日方舟,2026-07-28T03:00:00+00:00,1174491,84451,26611,15399,9869,7502,9232,https://www.bilibili.com/video/BV13J3F6SEWr,official_public_aggregate,exact_api,2026-09-02T18:57:15.817512+08:00,38.679276652094906,operator_pv,予愿安洁莉娜,2026,30364.86464222408,213947.0,0.18216146398737837,0.057282686712797286,0.014247874185498229,31.329690346083787,97.44990892531877,51.183970856102,57.12204007285975,予愿安洁莉娜,direct_operator,1.0,0.0,14,14
BV1nB3u6tEHD,《明日方舟》EP - 酸橙色信笺,"7 月 28 日 18点 酸橙色信笺 将正式上架各音乐平台

【专辑介绍】
将心事折入纸页，送上天空。
繁星与晨光为旅途盖下邮戳，
当暖风拂过，信笺已染上大地的颜色。

【歌曲列表】
酸橙色信笺
酸橙色信笺 (Instrumental) 

感谢各位博士为安洁莉娜寄来的夏日影像，共同记录下这个夏天最美好的瞬间！",161775300,明日方舟,2026-07-25T12:57:41+00:00,3512725,280389,218440,141255,55293,45578,35931,https://www.bilibili.com/video/BV1nB3u6tEHD,official_public_aggregate,exact_api,2026-09-02T18:57:41.470092+08:00,41.26421878172454,music_ep,,2026,85127.62639664335,1251990.5,0.35641574561060146,0.15835085297027238,0.023203922880384885,89.61748633879782,99.4535519125683,98.36065573770492,95.19125683060109,予愿安洁莉娜,campaign_window,0.9077,-2.5849,14,14
BV1o43g69E9z,《明日方舟》2026夏日嘉年华特别通讯视频,"《明日方舟》2026夏日嘉年华特别通讯现已结束，感谢大家的支持。本次夏日嘉年华特别通讯视频现已上传。

————————————
更多活动详情内容详见游戏内公告。",161775300,明日方舟,2026-07-25T12:25:00+00:00,1680792,71860,16268,9718,7311,9800,16423,https://www.bilibili.com/video/BV1o43g69E9z,official_public_aggregate,exact_api,2026-09-02T18:53:06.976545+08:00,41.2869155409838,other_official,,2026,40710.040408117864,168676.5,0.1003553681835706,0.02559210181866644,0.015601573543900732,52.459016393442624,98.54280510018215,3.825136612021858,51.69398907103826,予愿安洁莉娜,campaign_window,0.9069,-2.6076,14,14
BV1Ag3M6ZESL,明日方舟 x 女神异闻录3 Reload 联动前瞻预告,明日方舟 x 女神异闻录3 Reload 联动SideStory筹备中,161775300,明日方舟,2026-07-25T12:20:00+00:00,2685893,129590,21875,16431,72699,21149,7663,https://www.bilibili.com/video/BV1Ag3M6ZESL,official_public_aggregate,exact_api,2026-09-02T18:57:31.370677+08:00,41.29038776320602,other_official,,2026,65048.8684049949,459854.0,0.17121084123604327,0.04744641726234068,0.010727158527908596,80.32786885245902,99.08925318761385,42.25865209471767,74.53551912568307,予愿安洁莉娜,campaign_window,0.9067,-2.6111,14,14
BV1cL3M6xEQf,《明日方舟》限时活动「奇象巡展」宣传PV,"《明日方舟》限时活动「奇象巡展」宣传PV

关卡开放时间：08月08日 16:00 - 09月04日 03:59
解锁条件：通关主线1-10
活动说明：活动期间将开放「奇象巡展」限时活动，玩家可参与奇象寻迹、奇象拟合、巡展像素项目，通过完成【出展任务】获取【巡展纪念章】，消耗【巡展纪念章】来兑换【兑换处】中奖励

【兑换处】开放时间：08月08日 16:00 - 09月07日 03:59
【兑换处】主要奖励：时装【珊瑚海岸系列 - 悠然假日 HD91 - 协律】、模组养成材料、高级养成素材、作战记录、龙门",161775300,明日方舟,2026-07-25T12:05:00+00:00,648935,36011,4036,3502,2491,2665,315,https://www.bilibili.com/video/BV1cL3M6xEQf,official_public_aggregate,exact_api,2026-09-02T18:51:44.425692+08:00,41.300804429872684,other_pv,,2026,15712.405822551686,62715.0,0.09664296115943816,0.020851086780648294,0.00459213942844815,10.92896174863388,94.89981785063752,3.096539162112933,33.77049180327869,予愿安洁莉娜,campaign_window,0.9064,-2.6215,14,14
BV1bf3T6KE2e,《明日方舟》SideStory「直到大地变成一颗酸橙」活动宣传PV,"2026「夏日嘉年华」限时活动即将开启 

哎呀，写好的信被风吹走了几行......博士，请再稍等几天，很快我就会带着那些我想说的话，来到你的面前！

————————————
详细活动内容敬请关注《明日方舟》游戏内相关公告。",161775300,明日方舟,2026-07-25T11:45:00+00:00,2851740,100074,25488,17708,11628,8537,8400,https://www.bilibili.com/video/BV1bf3T6KE2e,official_public_aggregate,exact_api,2026-09-02T18:55:41.133236+08:00,41.31469331876158,event_pv,,2026,69024.83767693817,238355.5,0.08358247946867527,0.025434296254216723,0.005939180991254462,83.24225865209472,99.27140255009107,2.185792349726776,63.73406193078324,予愿安洁莉娜,campaign_window,0.9059,-2.6354,14,14
BV1KN3M6wEm9,《明日方舟》SideStory「直到大地变成一颗酸橙」活动先导PV,"《明日方舟》SideStory「直到大地变成一颗酸橙」活动先导PV

从想说的话挤满了信纸，再也写不下一个字的那一刻起——
我就会向你飞奔而来。

————————————
详细活动内容敬请关注《明日方舟》游戏内相关公告。",161775300,明日方舟,2026-07-25T11:40:00+00:00,2084472,106362,23163,18844,11131,6844,5132,https://www.bilibili.com/video/BV1KN3M6wEm9,official_public_aggregate,exact_api,2026-09-02T18:57:38.341448+08:00,41.3181655409838,event_pv,,2026,50449.287201107625,236601.0,0.1135064419191047,0.03453248592449311,0.00574533982706412,66.12021857923497,98.90710382513662,6.9216757741347905,58.19672131147541,予愿安洁莉娜,campaign_window,0.9058,-2.6389,14,14
BV161K26SEE1,《明日方舟》EP - 女士的游戏,"7 月 20 日 女士的游戏 正式上架各音乐平台

【专辑介绍】
脚步轻如夜雾，悄然浸入月光，
大地是她漫步的游乐场。

【歌曲列表】
女士的游戏
女士的游戏 (Instrumental)",161775300,明日方舟,2026-07-20T03:00:00+00:00,982475,75956,11465,13442,9242,8049,1238,https://www.bilibili.com/video/BV161K26SEE1,official_public_aggregate,exact_api,2026-09-02T18:55:47.413857+08:00,46.679276652094906,music_ep,,2026,21047.34842663651,166188.5,0.16915290465406244,0.04843990941245324,0.009452657828443472,23.67941712204007,96.53916211293262,40.98360655737705,50.728597449908925,予愿安洁莉娜,campaign_window,0.7143,-8.0,14,14
BV12pNo6HEFa,《明日方舟》2026「音律联觉-昔时我见」官方录播,2026明日方舟音律联觉-昔时我见官方录播现已正式上线！,161775300,明日方舟,2026-07-18T04:00:00+00:00,1644891,92916,68467,51217,28623,12549,34086,https://www.bilibili.com/video/BV12pNo6HEFa,official_public_aggregate,exact_api,2026-09-02T18:57:48.485422+08:00,48.637609985428234,offline_event,,2026,33819.32213554094,454019.5,0.2760179853862657,0.12129922286643917,0.02835142267785525,51.54826958105647,97.99635701275045,94.89981785063752,78.48816029143899,予愿安洁莉娜,campaign_window,0.6443,-9.9583,14,14
BV1znfZYDE8n,《明日方舟》危机合约第3赛季「净罪作战」宣传PV,罪恶与仇恨终会崩解为晶尘，然后随风消散。,161775300,明日方舟,2025-01-31T03:00:00+00:00,2083341,116107,33001,18840,38039,18933,14399,https://www.bilibili.com/video/BV1znfZYDE8n,official_public_aggregate,exact_api,2026-09-02T18:57:53.192668+08:00,581.6792766520949,gameplay_system,,2025,3581.597425974754,369505.0,0.1773617473087699,0.052185407957698715,0.01599930112257187,65.93806921675774,77.59562841530054,46.81238615664845,63.6976320582878,余,campaign_window,0.6058,11.039,14,14
BV1r7fZYXEtP,《明日方舟》EP - 此时圆,"1 月 29 日 此时圆 正式上架塞壬唱片官网，QQ音乐及网易云音乐等平台

塞壬唱片官网链接：https://monster-siren.hypergryph.com/music/880316

【专辑介绍】
人间万事多如意，岁岁常如此时圆。

【歌曲列表】
此时圆",161775300,明日方舟,2025-01-29T03:00:00+00:00,849362,74063,16788,16607,4144,4748,6294,https://www.bilibili.com/video/BV1r7fZYXEtP,official_public_aggregate,exact_api,2026-09-02T18:57:08.768929+08:00,583.6792766520949,music_ep,,2025,1455.1861509831651,163554.0,0.19256100461287412,0.06374902573931963,0.013000346142163176,18.761384335154826,45.90163934426229,61.384335154826964,39.690346083788704,余,campaign_window,0.6772,9.039,14,14
BV1tDftYUE1S,《明日方舟》EP - 滋味常,"1 月 22 日 滋味常 正式上架塞壬唱片官网，QQ音乐及网易云音乐等平台
塞壬唱片官网链接：https://monster-siren.hypergryph.com/music/461134

【专辑介绍】
酸甜苦辣皆成景，滋味无边却蕴情。

【歌曲列表】
滋味常",161775300,明日方舟,2025-01-22T02:58:27+00:00,1237592,46881,11801,11470,13248,14256,7604,https://www.bilibili.com/video/BV1tDftYUE1S,official_public_aggregate,exact_api,2026-09-02T18:57:05.637992+08:00,590.6803530409838,music_ep,,2025,2095.1975017088994,158353.0,0.1279525077731595,0.0387761071500139,0.017663333311786114,34.790528233151186,61.20218579234973,13.114754098360656,36.21129326047359,余,campaign_window,0.9272,2.038,14,14
BV1jDw1eWEZX,《明日方舟》限定干员「余」前瞻PV,"《明日方舟》限定干员「余」前瞻PV

这人世苦啊，数不尽的天灾人祸，逃不过的生老病死。
可是这人世也美啊，永远有薪火相传，永远是生生不息。",161775300,明日方舟,2025-01-20T02:03:47+00:00,1043754,76546,23669,14736,8880,5345,12780,https://www.bilibili.com/video/BV1jDw1eWEZX,official_public_aggregate,exact_api,2026-09-02T18:57:07.186327+08:00,592.7183160039468,operator_pv,余,2025,1760.9612725263746,194403.5,0.1862541365110936,0.05942108964372831,0.017365202911797224,26.41165755919854,53.00546448087432,54.644808743169406,42.85974499089254,余,direct_operator,1.0,0.0,14,14
BV1YxwKeTE4t,《明日方舟》2025新春前瞻特辑视频,"《明日方舟》2025新春前瞻特辑现已结束，感谢大家的支持。本次新春前瞻特辑视频现已上传。

————————————
更多活动详情内容详见游戏内公告及官方账号。",161775300,明日方舟,2025-01-18T12:35:00+00:00,1097697,58740,16410,8140,5043,6101,15121,https://www.bilibili.com/video/BV1YxwKeTE4t,official_public_aggregate,exact_api,2026-09-02T18:57:43.803277+08:00,594.2799710965394,other_official,,2025,1847.1041485288113,139681.0,0.12724914070094023,0.034374695384974174,0.01933320397158779,28.96174863387978,55.73770491803278,12.568306010928962,32.076502732240435,余,campaign_window,0.9442,-1.5617,14,14
BV1FZcoesEM9,《明日方舟》「灶暖味常」特别公益PV,"《明日方舟》「灶暖味常」特别公益PV

余暖常存，滋味百家。
鹰角网络谨代表全体明日方舟玩家，向四川省自贡市荣县四所乡村学校314名学生提供全年午餐供应，关注留守儿童的健康与成长。
特别鸣谢：﻿@中国社会福利基金会   ﻿@免费午餐公益项目",161775300,明日方舟,2025-01-18T12:25:00+00:00,790029,122853,75716,16981,5659,4151,6621,https://www.bilibili.com/video/BV1FZcoesEM9,official_public_aggregate,exact_api,2026-09-02T18:54:05.483917+08:00,594.2869155409838,animation_brand,,2025,1329.3730340349673,334761.0,0.42373254652677306,0.14599084337410398,0.013634942514768445,16.029143897996356,42.4408014571949,99.27140255009107,48.92531876138433,余,campaign_window,0.944,-1.5686,14,14
BV1fVcRe1EXu,《明日方舟》× 支付宝「新春瑞途，绿色出行」合作宣传PV,"《明日方舟》× 支付宝「新春瑞途，绿色出行」合作宣传PV

新岁初始，低碳相伴每一步。
明日方舟携手@支付宝Alipay  ，与博士同行绿色环保之路。",161775300,明日方舟,2025-01-18T12:15:00+00:00,413698,34806,4756,3811,3156,1307,1730,https://www.bilibili.com/video/BV1fVcRe1EXu,official_public_aggregate,exact_api,2026-09-02T18:57:09.557348+08:00,594.2938599854283,other_pv,,2025,696.1169008378172,64233.5,0.15526664378362962,0.03754913004172126,0.007341103897045671,2.185792349726776,14.207650273224044,29.87249544626594,14.098360655737705,余,campaign_window,0.9437,-1.5755,14,14
BV1KowAeJEei,《明日方舟》SideStory「相见欢」活动宣传PV,"《明日方舟》SideStory「相见欢」活动即将开启

无论操心的是家长里短，还是经国大业，上了饭桌都不过是一双筷子的事。
人活着，哪有不好好吃饭的道理？饭点到了，快洗洗手去，准备开饭——

————————————
更多活动详情内容详见游戏内公告及官方账号。",161775300,明日方舟,2025-01-18T11:50:00+00:00,2095368,72705,27521,13588,12130,7591,15482,https://www.bilibili.com/video/BV1KowAeJEei,official_public_aggregate,exact_api,2026-09-02T18:57:39.895344+08:00,594.3112210965394,event_pv,,2025,3525.7082915815085,210440.5,0.10043128462398968,0.03189272719636837,0.011011430927646122,66.66666666666666,77.04918032786885,4.007285974499089,50.983606557377044,余,campaign_window,0.9431,-1.5929,14,14
BV1k1cRe9EZp,《明日方舟》SideStory「相见欢」活动先导PV,"《明日方舟》SideStory「相见欢」活动先导PV

是谁说的“君子远庖厨”？
“这厨房里的事，明明就是世上最大的事。”",161775300,明日方舟,2025-01-18T11:40:00+00:00,975327,61715,20116,13457,10201,5509,6090,https://www.bilibili.com/video/BV1k1cRe9EZp,official_public_aggregate,exact_api,2026-09-02T18:57:54.799963+08:00,594.3181655409838,event_pv,,2025,1641.0856281200815,170772.5,0.17509255870082546,0.058678781577870806,0.011892421721125325,23.31511839708561,50.27322404371585,45.3551912568306,38.014571948998174,余,campaign_window,0.9429,-1.5998,14,14
BV1s8cxeGEHs,主线动画《明日方舟：焰烬曙明》先导PV2,"在那个尽头，我会静待她的到来。
主线动画《明日方舟：焰烬曙明》预计将于2025年上线！",161775300,明日方舟,2025-01-11T08:40:00+00:00,698919,63446,11237,6228,9866,4053,4651,https://www.bilibili.com/video/BV1s8cxeGEHs,official_public_aggregate,exact_api,2026-09-02T18:54:34.365314+08:00,601.4431655409838,animation_brand,,2025,1162.0699012704533,136379.0,0.19512847697658814,0.04801557834312703,0.012453517503458912,12.021857923497267,34.60837887067395,64.29872495446266,34.48087431693989,余,campaign_window,0.6884,-8.7248,14,14
BV1c4421f7T1,《明日方舟》EP - Nightmare's Descent,"8月2日 Nightmare's Descent 正式上架塞壬唱片官网，网易云音乐及QQ音乐等平台
塞壬唱片官网链接：https://monster-siren.hypergryph.com/music/232244

【专辑介绍】
赤发摇曳，辉映飞沙。
夜幕低垂，听足音清脆，
她正行于自己的选择之上。

【歌曲列表】
Nightmare's Descent",161775300,明日方舟,2024-08-02T03:00:00+00:00,943118,71646,19133,21152,3946,2833,1810,https://www.bilibili.com/video/BV1c4421f7T1,official_public_aggregate,exact_api,2026-09-02T18:57:37.585855+08:00,763.6792766520949,music_ep,,2024,1234.966076511267,169208.5,0.17941392275409865,0.06932642574948204,0.004923031900568115,22.040072859744992,38.61566484517304,49.18032786885246,35.15482695810565,佩佩,campaign_window,0.8931,2.9946,14,14
BV1Ky411q7QC,《明日方舟》EP - Mystic Light Quest,"8月1日 Mystic Light Quest 正式上架塞壬唱片官网，网易云音乐及QQ音乐等平台
塞壬唱片官网链接：https://monster-siren.hypergryph.com/music/880310

【专辑介绍】
足陷黄沙也无妨，再次迈步，跟随指引未知的太阳。
倾听跨越光阴的回响，回应涌动的古老呼唤。
追寻低语的历史波澜，见奇迹绽放于璀璨。

【歌曲列表】
Mystic Light Quest",161775300,明日方舟,2024-08-01T03:01:55+00:00,10897457,553538,435498,298314,125722,45458,74732,https://www.bilibili.com/video/BV1Ky411q7QC,official_public_aggregate,exact_api,2026-09-02T18:57:53.192668+08:00,764.6779456335764,music_ep,,2024,14251.041320370337,2503881.0,0.22976745859148606,0.10624937542768005,0.011029178642319946,99.63570127504553,94.1712204007286,83.7887067395264,93.2422586520947,佩佩,campaign_window,0.9287,1.9959,14,14
BV134421S7hP,《明日方舟》限定干员「佩佩」前瞻PV,我曾希望与河水一起向前奔涌，为此，我屏住呼吸，只为彻底地潜入河流之中......,161775300,明日方舟,2024-07-30T03:07:48+00:00,1479540,95261,19990,11256,6629,4508,7087,https://www.bilibili.com/video/BV134421S7hP,official_public_aggregate,exact_api,2026-09-02T18:57:32.158721+08:00,766.6738599854283,operator_pv,佩佩,2024,1929.8166759306503,187945.5,0.12702968490206415,0.03320694269840626,0.007836895251226732,44.626593806921676,57.92349726775956,12.386156648451731,38.943533697632056,佩佩,direct_operator,1.0,0.0,14,14
BV1Df421q7Qp,《明日方舟》2024夏日嘉年华特别通讯视频,"《明日方舟》2024夏日嘉年华特别通讯现已结束，感谢大家的支持。本次特别通讯视频现已上传。

再次感谢大家的支持。关于《明日方舟》2024夏日嘉年华限时活动详情内容详见官网、游戏内公告及官方自媒体账号。",161775300,明日方舟,2024-07-27T12:35:00+00:00,1356182,71901,20977,9321,5866,9220,26981,https://www.bilibili.com/video/BV1Df421q7Qp,official_public_aggregate,exact_api,2026-09-02T18:57:31.370677+08:00,769.2799710965394,other_official,,2024,1762.9238391152762,177415.5,0.13081983096664018,0.03353900877610822,0.02669331992313716,39.162112932604735,53.18761384335154,15.846994535519126,36.3752276867031,佩佩,campaign_window,0.9069,-2.6061,14,14
BV1t1421t7Pv,《明日方舟》2024「夏日嘉年华」限时活动宣传PV,"2024「夏日嘉年华」限时活动即将开启

河水啊，如果你流过，
那金色的沙丘，还有那干涸的谷地，
请允许我致以最诚挚的感谢，
感谢你为我们带来生机——
米纳特哈玛仪呵，
辉煌与不朽之地。
我们今日在此举起镶满宝石的酒杯，
敬大地慷慨的馈赠，
也敬亘古河流的情意。

————————————
详细活动内容敬请关注《明日方舟》官网及游戏内相关公告。",161775300,明日方舟,2024-07-27T11:50:00+00:00,2339634,81578,28561,13212,15798,10225,13011,https://www.bilibili.com/video/BV1t1421t7Pv,official_public_aggregate,exact_api,2026-09-02T18:57:42.230695+08:00,769.3112210965394,event_pv,,2024,3041.2061280806456,234361.0,0.10016994111044719,0.030253877315853675,0.009931467913357389,72.31329690346084,72.49544626593807,3.642987249544627,51.766848816029146,佩佩,campaign_window,0.9058,-2.6374,14,14
BV1Fy411q79k,《明日方舟》SideStory「太阳甩在身后」活动先导PV,"一座历史悠久的城市，会引来无数学者驻足。
……也迟早会发生一些“非自然事件”。",161775300,明日方舟,2024-07-27T11:45:00+00:00,1411388,84361,27798,19238,14586,3791,4600,https://www.bilibili.com/video/BV1Fy411q79k,official_public_aggregate,exact_api,2026-09-02T18:57:40.658319+08:00,769.3146933187616,event_pv,,2024,1834.6042422657833,230177.5,0.1630859125910097,0.05729112051399048,0.005945211380570049,41.712204007285976,55.55555555555556,35.33697632058288,43.95264116575592,佩佩,campaign_window,0.9057,-2.6408,14,14
BV1GM4m117mF,《明日方舟》2024「音律联觉-不觅浪尘」官方录播,2024明日方舟音律联觉-不觅浪尘官方录播已正式上线，本次录播bilibili大会员抢先观看1个月，后续可免费观看。,161775300,明日方舟,2024-07-25T04:00:01+00:00,9390666,140769,81840,59116,25289,8850,38373,https://www.bilibili.com/video/BV1GM4m117mF,official_public_aggregate,exact_api,2026-09-02T18:57:48.485422+08:00,771.6375984113541,offline_event,,2024,12169.788018797273,531009.5,0.0565465218334887,0.02399840437302317,0.0050287168130567095,98.72495446265937,93.44262295081968,0.546448087431694,67.68670309653916,佩佩,campaign_window,0.8227,-4.9637,14,14
BV1Em42137YL,2024明日方舟音律联觉-不觅浪尘官方录播即将上线！,"2024明日方舟音律联觉-不觅浪尘官方录播即将上线！

一、2024明日方舟音律联觉-不觅浪尘官方录播7月25日12:00将于bilibili独家上线，本次录播bilibili大会员抢先观看1个月，后续可免费观看。

二、2024明日方舟音律联觉-不觅浪尘原声EP将于2024年7月25日12:00正式上架塞壬唱片官网及QQ音乐。

三、2024明日方舟音律联觉-不觅浪尘 蓝光典藏礼盒即将开启预售，更多详情可关注@明日方舟朝陇山。

四、2024明日方舟音律联觉-不觅浪尘 名片礼包将于7月25日16:00限",161775300,明日方舟,2024-07-24T04:09:36+00:00,482680,35874,5213,1963,4540,2531,460,https://www.bilibili.com/video/BV1Em42137YL,official_public_aggregate,exact_api,2026-09-02T18:57:28.278486+08:00,772.6309433187616,offline_event,,2024,624.7225847915107,67872.5,0.14061593602386674,0.028339686748984835,0.006196652026187122,4.007285974499089,11.11111111111111,21.493624772313296,11.384335154826957,佩佩,campaign_window,0.7872,-5.9571,14,14
BV1KLkZB2Ezu,《明日方舟》「卫戍协议：盟约」宣传PV,《明日方舟》「卫戍协议：盟约」宣传PV,161775300,明日方舟,2025-11-10T03:03:45+00:00,1604779,72097,11157,7343,18044,29957,4667,https://www.bilibili.com/video/BV1KLkZB2Ezu,official_public_aggregate,exact_api,2026-09-02T18:57:42.230695+08:00,298.67667248542824,other_pv,,2025,5372.963970188511,210498.0,0.1311694632095759,0.02734769086584508,0.021575556509650238,50.27322404371585,85.79234972677595,16.029143897996356,50.65573770491804,凛御银灰,campaign_window,0.5713,12.0023,14,14
BV1Mh1aBHEJi,《明日方舟》EP - Stardust on Me,"11月3日 Stardust on Me 正式上架各音乐平台

【专辑介绍】
我们手执不同尺规，沿着各自的轨道测绘万千星河。
纵如微茫星尘，仍欲以孤光将未知照亮。

【歌曲列表】
Stardust on Me
Stardust on Me (Instrumental)",161775300,明日方舟,2025-11-03T02:59:51+00:00,481445,48202,11057,12582,2081,3342,315,https://www.bilibili.com/video/BV1Mh1aBHEJi,official_public_aggregate,exact_api,2026-09-02T18:57:08.768929+08:00,305.6793808187616,music_ep,,2025,1574.9999189034293,106893.5,0.22202639969259208,0.07955633561466004,0.00759588322653678,3.825136612021858,48.816029143898,80.32786885245902,40.27322404371584,凛御银灰,campaign_window,0.8214,4.9996,14,14
BV1jtyRBZETq,《明日方舟》EP - Follow Your Heart,"11 月 2 日 Follow Your Heart 正式上架各音乐平台

【专辑介绍】
她曾以指尖叩问冻土：我们所信仰的来自何处？
而风雪只是吹拂，引她向那古老的山路。

【歌曲列表】
Follow Your Heart
Follow Your Heart (Instrumental)",161775300,明日方舟,2025-11-02T03:00:00+00:00,642946,61688,18897,19448,3351,4589,1746,https://www.bilibili.com/video/BV1jtyRBZETq,official_public_aggregate,exact_api,2026-09-02T18:57:15.038528+08:00,306.6792766520949,music_ep,,2025,2096.4768373618376,156187.5,0.24292475573376301,0.09509974399094169,0.00985308252948148,10.200364298724955,61.384335154826964,87.7959927140255,48.83424408014572,凛御银灰,campaign_window,0.8572,3.9997,14,14
BV1kP13BEErz,《明日方舟》EP - The Walk,"11月1日 The Walk 正式上架各音乐平台

【专辑介绍】
若天幕渐暗，群山失语，泥泞蔓延于故土，
我当以身为刃，破开浓雾，用新雪照彻明日之途。

【歌曲列表】
The Walk
The Walk (Instrumental)",161775300,明日方舟,2025-11-01T03:00:00+00:00,909208,86468,39418,27666,7790,9899,7013,https://www.bilibili.com/video/BV1kP13BEErz,official_public_aggregate,exact_api,2026-09-02T18:57:14.254107+08:00,307.6792766520949,music_ep,,2025,2955.0511490186495,262361.0,0.2885599334805677,0.11277947400374831,0.018600804216416925,20.58287795992714,71.40255009107467,95.81056466302368,58.397085610200364,凛御银灰,campaign_window,0.8929,2.9997,14,14
BV1E3yUBLE5c,《明日方舟》限定干员「凛御银灰」前瞻PV,"老哥其实从来都没有变过,他还是那个想要保护所有人的""希瓦艾什家主""。",161775300,明日方舟,2025-10-29T03:00:29+00:00,1560335,85975,26396,16481,15807,15241,15366,https://www.bilibili.com/video/BV1E3yUBLE5c,official_public_aggregate,exact_api,2026-09-02T18:55:00.949741+08:00,310.67894100394676,operator_pv,凛御银灰,2025,5022.339122689935,249694.5,0.1600262123197903,0.048172347604841265,0.019615659457744652,46.994535519125684,84.8816029143898,34.06193078324226,54.48087431693989,凛御银灰,direct_operator,1.0,0.0,14,14
BV1oHyrBsEZU,《明日方舟》2025「感谢庆典」前瞻特别直播节目（附字幕）,再次感谢大家的支持，关于《明日方舟》2025「感谢庆典」更多活动详情详见游戏内公告。,161775300,明日方舟,2025-10-28T11:00:00+00:00,752407,38708,6429,4394,1454,8656,2645,https://www.bilibili.com/video/BV1oHyrBsEZU,official_public_aggregate,exact_api,2026-09-02T18:57:43.803277+08:00,311.3459433187616,other_official,,2025,2416.626958359538,79022.5,0.10502626902726848,0.022156891150667126,0.015019796466540052,14.571948998178508,66.12021857923497,5.100182149362477,27.194899817850636,凛御银灰,campaign_window,0.9762,-0.667,14,14
BV1ZJyrBdEor,《明日方舟》2025「感谢庆典」声优祝福,"-特别感谢-

（以下排名不分先后）

刘北辰 张雨曦 李嘉祥 何雨薇 克里斯汀小姐
伊藤静 清水理沙 福井裕佳梨 小西克幸 Denis Nekrasov

来自各位老师们为本次《明日方舟》2025「感谢庆典」送上的祝福。
非常感谢老师们的祝福与认可！",161775300,明日方舟,2025-10-28T10:45:10+00:00,342451,30990,4549,4512,1280,2185,1998,https://www.bilibili.com/video/BV1ZJyrBdEor,official_public_aggregate,exact_api,2026-09-02T18:57:43.803277+08:00,311.3562442446875,other_official,,2025,1099.868739844112,57228.5,0.16711441928918297,0.04337262849283547,0.012214886217298241,1.092896174863388,32.05828779599271,39.162112932604735,21.80327868852459,凛御银灰,campaign_window,0.9758,-0.6773,14,14
BV1X2sZzYExt,《明日方舟》特别映像[乌萨斯：至伟之人],这堂课，我们只讲述历史的开始，一位使乌萨斯真正站立于大地的人物。,161775300,明日方舟,2025-10-26T05:00:00+00:00,584632,39609,4995,5440,1933,3009,375,https://www.bilibili.com/video/BV1X2sZzYExt,official_public_aggregate,exact_api,2026-09-02T18:57:30.589921+08:00,313.5959433187616,animation_brand,,2025,1864.284320176099,70979.0,0.12140799682535339,0.030460186921003298,0.005788256544287689,7.650273224043716,56.284153005464475,9.47176684881603,22.786885245901637,凛御银灰,campaign_window,0.8958,-2.917,14,14
BV1HtsZz2E19,《明日方舟》特别映像[米诺斯：英雄之乡],接下来我们要讲述的，是一位英雄的故事，也是米诺斯，这个英雄的故乡，建立的历史。,161775300,明日方舟,2025-10-26T04:00:00+00:00,562892,36187,4193,4006,2319,2880,637,https://www.bilibili.com/video/BV1HtsZz2E19,official_public_aggregate,exact_api,2026-09-02T18:55:11.918815+08:00,313.63760998542824,animation_brand,,2025,1794.7209839602854,64180.5,0.11401920794752812,0.025802462994677488,0.0062480902197934955,6.375227686703097,54.09836065573771,7.285974499089254,20.965391621129328,凛御银灰,campaign_window,0.8943,-2.9587,14,14
BV1JesZzkEjM,一分（多）钟看泰拉#3,一瓶汽水的时间了解一个泰拉知识，关注我的频道，大地的秘密等你来揭开。,161775300,明日方舟,2025-10-26T03:00:00+00:00,587459,44383,4961,5868,1173,1643,855,https://www.bilibili.com/video/BV1JesZzkEjM,official_public_aggregate,exact_api,2026-09-02T18:57:30.589921+08:00,313.6792766520949,other_official,,2025,1872.8014367731316,72452.0,0.12333116013202623,0.030419144144527534,0.004252211643706199,7.832422586520947,56.466302367941715,10.92896174863388,23.351548269581055,凛御银灰,campaign_window,0.8928,-3.0003,14,14
BV1FbsdzME6E,明日方舟2025感谢庆典印象曲 - When We Were the Most Beautiful by Higuchi Ai,"塞壬唱片-MSR携手@樋口爱HiguchiAi  ，打造明日方舟2025感谢庆典印象曲《When We Were the Most Beautiful》 
作词 樋口爱（Higuchi Ai）
作曲 樋口爱（Higuchi Ai）

我们如风穿行于时间，在夜色与晨曦交替的瞬息驻足。
“此刻”是河川跃动的浮光，而每一粒光点连缀成永恒。
""We live in the moment.""",161775300,明日方舟,2025-10-25T14:00:00+00:00,2087469,190475,131840,97651,26408,11196,1997,https://www.bilibili.com/video/BV1FbsdzME6E,official_public_aggregate,exact_api,2026-09-02T18:57:40.658319+08:00,314.2209433187616,other_official,,2025,6643.315935444716,746473.5,0.3575974062369309,0.16936778462338842,0.0063200938552859945,66.48451730418944,88.70673952641167,98.54280510018215,82.76867030965391,凛御银灰,campaign_window,0.8735,-3.542,14,14
BV1ZasdzNEDm,《明日方舟》特别映像【前探泰拉:警兆】,"《明日方舟》特别映像【前探泰拉:警兆】

博士！你来得正好，我需要你立刻来看看这些报告。",161775300,明日方舟,2025-10-25T13:30:00+00:00,880802,49990,8784,9407,6130,5124,1746,https://www.bilibili.com/video/BV1ZasdzNEDm,official_public_aggregate,exact_api,2026-09-02T18:57:03.296797+08:00,314.2417766520949,animation_brand,,2025,2802.943674084297,113321.0,0.12865661067981227,0.038292374449649294,0.007799709809923229,19.30783242258652,71.22040072859745,14.025500910746814,33.29690346083789,凛御银灰,campaign_window,0.8728,-3.5628,14,14
BV1uSsdz9EAz,明日方舟 × 怪物猎人 联动第二期前瞻预告,明日方舟×怪物猎人 联动sidestory第二期筹备中,161775300,明日方舟,2025-10-25T13:10:00+00:00,3337263,122022,15280,10984,55320,25090,16730,https://www.bilibili.com/video/BV1uSsdz9EAz,official_public_aggregate,exact_api,2026-09-02T18:57:52.413633+08:00,314.25566554098384,other_official,,2025,10619.579425099557,386510.0,0.11581646397062503,0.02773770002544001,0.012531226936564483,87.43169398907104,91.98542805100182,8.014571948998178,64.97267759562841,凛御银灰,campaign_window,0.8723,-3.5767,14,14
BV1T5sWztErE,《明日方舟》× 海底捞「罗德岛番茄派对」合作宣传PV,"酸甜鼎沸，欢趣入味。
明日方舟携手@海底捞火锅  ，邀博士相聚罗德岛番茄派对。

更多活动详情，请关注海底捞自媒体账号。",161775300,明日方舟,2025-10-25T13:05:00+00:00,452705,25611,2862,2992,2876,2162,2884,https://www.bilibili.com/video/BV1T5sWztErE,official_public_aggregate,exact_api,2026-09-02T18:53:08.573872+08:00,314.259137763206,other_pv,,2025,1440.5468150336262,50632.0,0.11184325333274428,0.025893241735788206,0.011146331496228228,3.096539162112933,45.537340619307834,6.375227686703097,16.81238615664845,凛御银灰,campaign_window,0.8721,-3.5802,14,14
BV1JQsoz3EtK,《明日方舟》2025「感谢庆典」活动宣传PV,"《明日方舟》2025「感谢庆典」活动宣传PV

于是我们行走在谢拉格的土地上，以我们自己的名字，以谢拉格人的名义。

———————————— 
详细活动内容敬请关注《明日方舟》游戏内相关公告。",161775300,明日方舟,2025-10-25T12:15:00+00:00,3434647,86794,36231,17623,18440,498655,18490,https://www.bilibili.com/video/BV1JQsoz3EtK,official_public_aggregate,exact_api,2026-09-02T18:57:47.698188+08:00,314.29385998542824,event_pv,,2025,10928.13903573949,1007049.5,0.29320320254162946,0.026179400677857144,0.15056714707508514,88.88888888888889,92.53187613843352,96.35701275045537,92.22222222222223,凛御银灰,campaign_window,0.8709,-3.6149,14,14
BV1XWsoz8EVo,《明日方舟》SideStory「雪山降临1101」活动先导PV,"《明日方舟》SideStory「雪山降临1101」活动先导PV

千万个和平而无忧的日夜在此终结
于是人们祈祷，祂再无回声
寻觅心，寻觅出路，寻觅已失去的庇佑
先驱者以钢铁塑造利爪，响应者连声高呼
警示，见证，再次出发，我们仍有明天

———————————— 
详细活动内容敬请关注《明日方舟》游戏内相关公告。",161775300,明日方舟,2025-10-25T12:10:00+00:00,1378083,75641,25420,15726,12024,12992,8187,https://www.bilibili.com/video/BV1XWsoz8EVo,official_public_aggregate,exact_api,2026-09-02T18:57:36.032983+08:00,314.29733220765047,event_pv,,2025,4384.647462071125,217586.5,0.15789070759888918,0.049994085987563885,0.015368450231227002,40.80145719489982,80.51001821493625,32.05828779599271,50.09107468123862,凛御银灰,campaign_window,0.8708,-3.6184,14,14
BV1BsRuBbE8E,《明日方舟》EP - Don't Miss It,"5 月 3 日 Don't Miss It 正式上架塞壬唱片官网，QQ音乐、网易云音乐及酷狗音乐等平台

【专辑介绍】
我们曾将鲜血洒遍河流，我们曾把白骨埋进垄沟。

【歌曲列表】
Don't Miss It
Don't Miss It (Instrumental)",161775300,明日方舟,2026-05-03T03:00:00+00:00,399345,39134,6881,8392,1979,4104,422,https://www.bilibili.com/video/BV1BsRuBbE8E,official_public_aggregate,exact_api,2026-09-02T18:57:06.422974+08:00,124.6792766520949,music_ep,,2026,3202.9781590274415,81984.0,0.20529617248244,0.06421515231191076,0.01133355870237514,2.0036429872495445,73.95264116575592,72.31329690346084,44.68123861566484,凯尔希·思衡托,campaign_window,0.8557,4.0417,14,14
BV1HFRgBvEFF,《明日方舟》EP - All by My Design,"5 月 2 日 All by My Design 正式上架各音乐平台

【专辑介绍】
代码成行，指令落定，信息国度即刻上线。
——别忘了，还得意思一下她的账单。

【歌曲列表】
All by My Design
All by My Design (Instrumental)",161775300,明日方舟,2026-05-02T03:00:00+00:00,1569801,115360,47297,53616,10564,6181,3050,https://www.bilibili.com/video/BV1HFRgBvEFF,official_public_aggregate,exact_api,2026-09-02T18:57:38.341448+08:00,125.6792766520949,music_ep,,2026,12490.531787078307,359674.5,0.2291210796782522,0.10516810729512849,0.005880363179791579,48.08743169398907,93.6247723132969,82.87795992714025,72.18579234972677,凯尔希·思衡托,campaign_window,0.8914,3.0417,14,14
BV1c49DBjEzq,《明日方舟》EP - Innocence,"5 月 1 日 11点 Innocence 将正式上架各音乐平台

【专辑介绍】
她走过永恒，走入瞬息的朝霞。
在等待愈合的裂痕里，时间染上了温度，而希望，正自无声处生发。

【歌曲列表】
Innocence
Innocence (Instrumental)",161775300,明日方舟,2026-04-29T11:00:00+00:00,2632555,230807,186639,122513,29842,17028,32072,https://www.bilibili.com/video/BV1c49DBjEzq,official_public_aggregate,exact_api,2026-09-02T18:57:46.174104+08:00,128.34594331876158,music_ep,,2026,20511.400141894268,980215.0,0.37234359775959097,0.17530763839691857,0.0186510823135699,78.5063752276867,96.35701275045537,98.90710382513662,89.98178506375227,凯尔希·思衡托,campaign_window,0.9866,0.375,14,14
BV1ai92BXEND,《明日方舟》限定干员「凯尔希·思衡托」前瞻PV,请相信，在你觉察这片大地的需要时，其意义就已然存在，其进程就已经开始。,161775300,明日方舟,2026-04-29T02:00:00+00:00,1250057,93822,38062,25460,11821,9236,14683,https://www.bilibili.com/video/BV1ai92BXEND,official_public_aggregate,exact_api,2026-09-02T18:55:11.126660+08:00,128.72094331876158,operator_pv,凯尔希·思衡托,2026,9711.37227377512,277524.5,0.22200947636787763,0.08063872287423693,0.019134327474667156,35.701275045537336,90.7103825136612,80.14571948998179,65.53734061930783,凯尔希·思衡托,direct_operator,1.0,0.0,14,14
BV1S39rBeEke,《明日方舟》七周年特别直播节目（附字幕）,再次感谢大家的支持，之后我们将陆续更新《明日方舟》七周年庆典相关具体内容。更多活动详情详见官方公告。,161775300,明日方舟,2026-04-28T08:00:00+00:00,603683,36700,7845,6441,1537,5510,3733,https://www.bilibili.com/video/BV1S39rBeEke,official_public_aggregate,exact_api,2026-09-02T18:57:25.958176+08:00,129.47094331876158,other_official,,2026,4662.690983209362,80014.5,0.13254390135219973,0.036880283194988095,0.015311015880851373,8.561020036429873,82.69581056466302,16.939890710382514,33.315118397085605,凯尔希·思衡托,campaign_window,0.9732,-0.75,14,14
BV1Kq96BZEyP,《明日方舟》七周年庆典声优祝福,"-特别感谢-

（以下排名不分先后）
陈怡萱 陈雨 黄雷 梁爽 绿绮 空无的念
木雅瑞林 Lena Tiemann 小西克幸 日笠阳子

来自各位老师们为本次《明日方舟》七周年庆典送上的祝福。
非常感谢老师们的祝福与认可！",161775300,明日方舟,2026-04-28T07:30:00+00:00,299440,31810,4539,7189,893,1383,1134,https://www.bilibili.com/video/BV1Kq96BZEyP,official_public_aggregate,exact_api,2026-09-02T18:57:46.174104+08:00,129.4917766520949,other_official,,2026,2312.4248330031364,60586.5,0.20233268768367618,0.06615682607534064,0.008405690622495325,0.7285974499089253,64.48087431693989,68.85245901639344,40.291438979963566,凯尔希·思衡托,campaign_window,0.9725,-0.7708,14,14
BV1bhofBxE7H,《明日方舟》特别映像[圣徒箴言：有关大海],"大海，曾是伊比利亚的战利品。
它和瓶里的酒没什么两样，总能给人灌满辉煌的幻想。",161775300,明日方舟,2026-04-26T05:07:11+00:00,813321,42132,4607,5309,3481,6166,348,https://www.bilibili.com/video/BV1bhofBxE7H,official_public_aggregate,exact_api,2026-09-02T18:55:36.366049+08:00,131.59095489283564,animation_brand,,2026,6180.6755689427755,81830.0,0.10061218141422636,0.022999529091219825,0.008009137843483692,16.939890710382514,87.43169398907104,4.189435336976321,34.26229508196721,凯尔希·思衡托,campaign_window,0.8975,-2.87,14,14
BV1Bno9BoEUx,《明日方舟》特别映像[罗德岛：新程],"咳咳，罗德岛新基地月度建设进度存档
记录人：可露希尔",161775300,明日方舟,2026-04-26T04:00:00+00:00,637407,39097,5372,6137,789,1818,600,https://www.bilibili.com/video/BV1Bno9BoEUx,official_public_aggregate,exact_api,2026-09-02T18:57:03.297802+08:00,131.63760998542824,animation_brand,,2026,4842.134402702681,67509.0,0.10591192126851447,0.02892186624872334,0.0037934945803858445,9.836065573770492,84.3351548269581,5.46448087431694,30.87431693989071,凯尔希·思衡托,campaign_window,0.8958,-2.9167,14,14
BV1Bpo9BxEwi,《明日方舟》特别映像[黑流树海：生还实录],"Warning
该影像档案系梅兰德基金会关于“1101黑流树海瘟疫扩散事件”与“玻利瓦尔地区大规模杀伤性武器问题”的调查资料。
因涉及国家安全与机密战略，请遵守最高级别保密要求，禁止复制、记录和携带，违者将追究其刑事责任。

另，此系列影像为相关调查员意外精神失常前后的记录，其拍摄内容可能引发不适，请相关人员谨慎选择学习观看。",161775300,明日方舟,2026-04-26T03:00:00+00:00,2038199,118259,30806,30066,59704,12334,7256,https://www.bilibili.com/video/BV1Bpo9BxEwi,official_public_aggregate,exact_api,2026-09-02T18:57:12.665296+08:00,131.6792766520949,animation_brand,,2026,15478.509996565766,441244.0,0.21648720267255553,0.0739093680253989,0.009611426558446943,64.29872495446266,94.71766848816029,78.14207650273224,77.57741347905282,凯尔希·思衡托,campaign_window,0.8943,-2.9583,14,14
BV1zJo9BtEDe,一分（多）钟看泰拉#4,一根胡萝卜的时间了解一个泰拉知识，关注我的频道，大地的秘密等你来揭开。,161775300,明日方舟,2026-04-26T02:00:00+00:00,458201,35321,3615,5024,1012,2070,610,https://www.bilibili.com/video/BV1zJo9BtEDe,official_public_aggregate,exact_api,2026-09-02T18:57:12.664157+08:00,131.72094331876158,other_official,,2026,3478.5736303995664,59045.0,0.12886266071003774,0.03202742901041246,0.0058489614819697035,3.278688524590164,76.32058287795994,14.207650273224044,28.46994535519126,凯尔希·思衡托,campaign_window,0.8929,-3.0,14,14
BV1AuoQBtEiM,前探泰拉：病变 TERRA IN SIGHT:LESION,"我们从未真正了解过这种与我们的文明相伴相生的疾病。
它会带来毁灭，还是变革？",161775300,明日方舟,2026-04-25T13:16:31+00:00,694036,39981,6799,8210,1735,3679,1011,https://www.bilibili.com/video/BV1AuoQBtEiM,official_public_aggregate,exact_api,2026-09-02T18:57:03.296797+08:00,132.25114007802082,other_official,,2026,5247.864022877666,81228.0,0.11703715657401056,0.03595490723824125,0.006757574535038528,11.657559198542804,85.06375227686704,8.378870673952642,32.69581056466303,凯尔希·思衡托,campaign_window,0.8739,-3.5302,14,14
BV1YboQBCEEy,《明日方舟》× 达美乐比萨「美味寻访，炙讯速达」合作宣传PV,"《明日方舟》× 达美乐比萨「美味寻访，炙讯速达」合作宣传PV
美味满溢，趁热启幕。
明日方舟携手达美乐比萨，邀博士赴一场味蕾寻访。

更多活动详情，请关注达美乐比萨官方账号。",161775300,明日方舟,2026-04-25T13:00:00+00:00,767803,36183,3659,4991,12018,5571,399,https://www.bilibili.com/video/BV1YboQBCEEy,official_public_aggregate,exact_api,2026-09-02T18:52:17.492785+08:00,132.26260998542824,other_pv,,2026,5805.140243978181,98093.0,0.12775803168260608,0.033418728501972514,0.007775431979296772,15.1183970856102,86.88524590163934,12.932604735883423,35.99271402550091,凯尔希·思衡托,campaign_window,0.8735,-3.5417,14,14
BV19uoXBjECa,《明日方舟》× 时尚芭莎「无界辑录」跨界合作宣传PV,"《明日方舟》× 时尚芭莎「无界辑录」跨界合作宣传PV
打破媒介之墙，让美自由流动。
明日方舟携手时尚芭莎 寻迹灵感底色。
更多内容将收录于《时尚芭莎》电子刊及纸刊，敬请期待。",161775300,明日方舟,2026-04-25T12:55:00+00:00,1207494,62056,6912,9050,7206,3949,1279,https://www.bilibili.com/video/BV19uoXBjECa,official_public_aggregate,exact_api,2026-09-02T18:57:36.822225+08:00,132.26608220765047,other_pv,,2026,9129.279251685257,122161.0,0.10116903272397212,0.026681706078870784,0.0043296281389389926,32.42258652094718,89.98178506375227,4.553734061930783,41.32969034608379,凯尔希·思衡托,campaign_window,0.8734,-3.5451,14,14
BV1UeoSBaEYZ,《明日方舟》七周年庆典活动宣传PV,"《明日方舟》七周年庆典即将开启

来吧，乌萨斯人，请紧随那奔向明日的步伐。 不要回头，不要被落下。

————————————
详细活动内容敬请关注《明日方舟》游戏内相关公告。",161775300,明日方舟,2026-04-25T11:40:00+00:00,4275909,160190,56009,31712,18310,18128,20240,https://www.bilibili.com/video/BV1UeoSBaEYZ,official_public_aggregate,exact_api,2026-09-02T18:57:36.032983+08:00,132.31816554098378,event_pv,,2026,32315.3588361652,427874.0,0.10006620814427997,0.03221373513795546,0.00897306280372197,93.6247723132969,97.632058287796,3.4608378870673953,67.77777777777777,凯尔希·思衡托,campaign_window,0.8715,-3.5972,14,14
BV1eHoSB6ERw,《明日方舟》主题曲「相变临界」活动先导PV,"《明日方舟》主题曲「相变临界」活动先导PV

所幸......这并不是另一个梦。

————————————

详细活动内容敬请关注《明日方舟》游戏内相关公告。",161775300,明日方舟,2026-04-25T11:35:00+00:00,1923067,109983,27676,25157,8067,6367,8844,https://www.bilibili.com/video/BV1eHoSB6ERw,official_public_aggregate,exact_api,2026-09-02T18:57:38.341448+08:00,132.321637763206,event_pv,,2026,14533.276888859195,253822.5,0.13198838106004626,0.04474987090933389,0.007909760814365802,60.4735883424408,94.35336976320583,16.39344262295082,57.41347905282332,凯尔希·思衡托,campaign_window,0.8714,-3.6007,14,14
BV1eRuyzdEER,《明日方舟》×《太鼓之达人》合作宣传PV,"【明日方舟×太鼓之达人】限时联动即将开启

一、【明日方舟×太鼓之达人】，新装限时上架
二、【明日方舟×太鼓之达人】，组合包限时上架

更多活动内容请持续关注《明日方舟》游戏内公告及官方公告。",161775300,明日方舟,2025-07-15T03:00:37+00:00,1564378,111550,12433,11021,47799,9790,15091,https://www.bilibili.com/video/BV1eRuyzdEER,official_public_aggregate,exact_api,2026-09-02T18:57:30.589921+08:00,416.6788484113542,other_pv,,2025,3754.397435733558,324085.5,0.2071657233737626,0.052592148444941055,0.015904723794377063,47.17668488160292,78.32422586520947,74.13479052823315,64.60837887067396,司霆惊蛰,campaign_window,0.6072,10.9979,14,14
BV13VMozJEE7,《明日方舟》集成战略「岁的界园志异」宣传PV · 玩法介绍,"《明日方舟》集成战略「岁的界园志异」宣传PV · 玩法介绍

奇岩，异草，景中藏境，旧物新缘。
洞穿异象，镇压祸乱，或许能看见......失落已久的真相。

_____________
全新集成战略主题「岁的界园志异」，即将开启

主题开启时间：2025年07月15日 16:00
主题站链接：https://b23.tv/yY2U11b

更多「岁的界园志异」集成战略主题内容，请持续关注《明日方舟》自媒体账号及「岁的界园志异」集成战略主题站。",161775300,明日方舟,2025-07-13T03:00:00+00:00,2615775,128937,40867,19238,49131,14112,37318,https://www.bilibili.com/video/BV13VMozJEE7,official_public_aggregate,exact_api,2026-09-02T18:57:18.138957+08:00,418.6792766520949,gameplay_system,,2025,6247.682046545619,436367.0,0.16682130534927508,0.04911508061664325,0.019661477000124244,78.14207650273224,87.97814207650273,38.61566484517304,69.23497267759564,司霆惊蛰,campaign_window,0.6787,8.9974,14,14
BV1EPGJzvEVM,《明日方舟》EP - 惊蛰时,"7 月 8 日 惊蛰时 正式上架各音乐平台

【专辑介绍】
春雷乍起，唤万物生。
恶兽惶惶，仓庚载鸣。
山岚开晓，风日新晴。
青天昭昭，砚笔除佞。

【歌曲列表】
惊蛰时",161775300,明日方舟,2025-07-08T02:59:24+00:00,1567548,95826,34768,35300,13407,9526,11197,https://www.bilibili.com/video/BV1EPGJzvEVM,official_public_aggregate,exact_api,2026-09-02T18:57:30.589921+08:00,423.67969331876157,music_ep,,2025,3699.842179645444,296070.5,0.1888749180248388,0.07577120445434526,0.013220009849778124,47.72313296903461,77.95992714025502,56.830601092896174,59.52641165755921,司霆惊蛰,campaign_window,0.8573,3.997,14,14
BV12L3jziE79,《明日方舟》干员「司霆惊蛰」技能展示PV,"《明日方舟》干员「司霆惊蛰」技能展示PV
“剑有缺口，雷有喑时，律法、雷法、剑法，说到底都是惩奸除恶的工具。”

————————————
《明日方舟》故事集「镜中集」即将开放
更多活动详情内容详见官方自媒体账号。",161775300,明日方舟,2025-07-04T03:03:42+00:00,1868275,98043,11895,7434,44893,17147,21303,https://www.bilibili.com/video/BV12L3jziE79,official_public_aggregate,exact_api,2026-09-02T18:53:00.696764+08:00,427.6767072076505,operator_pv,司霆惊蛰,2025,4368.42822747626,307752.0,0.1647252144357763,0.03835409669347393,0.020580481995423585,59.01639344262295,80.32786885245902,36.97632058287796,58.797814207650276,司霆惊蛰,direct_operator,1.0,0.0,14,14
BV1uC3WzhEFL,《明日方舟》全新故事「镜中集」活动宣传PV,"故事集「镜中集」即将开启

“无论是人是物，活得至情至性，便不枉来这世间一遭了。”

———————————— 
详细活动内容敬请关注《明日方舟》游戏内相关公告。",161775300,明日方舟,2025-07-02T02:58:33+00:00,2831742,111946,27412,13002,47411,24240,34627,https://www.bilibili.com/video/BV1uC3WzhEFL,official_public_aggregate,exact_api,2026-09-02T18:57:54.799963+08:00,429.68028359653937,event_pv,,2025,6590.346609105633,388680.5,0.1372584437424031,0.03560599800405546,0.020788263902573045,82.5136612021858,88.52459016393442,20.036429872495447,65.57377049180329,司霆惊蛰,campaign_window,0.9284,-2.0036,14,14
BV138KXzNEww,《明日方舟》EP - Mare Natus,"6月26日 Mare Natus 正式上架各音乐平台

【专辑介绍】
塞壬唱片-MSR音乐系列《人物》，四期发布。
海潮低语，我们随暗流归一。

【歌曲列表】
Mare Natus
Mare Natus (Instrumental)",161775300,明日方舟,2025-06-26T02:59:39+00:00,1165121,83887,17377,19840,13347,5595,6931,https://www.bilibili.com/video/BV138KXzNEww,official_public_aggregate,exact_api,2026-09-02T18:56:35.939831+08:00,435.67951970765046,music_ep,,2025,2674.2615782853854,210220.0,0.18042761223941547,0.06042634198508138,0.010750814722247733,30.965391621129324,69.76320582877959,50.09107468123861,48.342440801457194,司霆惊蛰,campaign_window,0.7142,-8.0028,14,14
BV1TmKwzDEEV,《明日方舟》主线动画剧情回顾PV,"这场战斗还远没有结束。
主线动画《明日方舟：焰烬曙明》将于2025年7月4日22:30正式上线！",161775300,明日方舟,2025-06-20T09:09:16+00:00,820525,61584,9559,10287,4873,3602,481,https://www.bilibili.com/video/BV1TmKwzDEEV,official_public_aggregate,exact_api,2026-09-02T18:57:46.935424+08:00,441.42284146690974,animation_brand,,2025,1858.81862676902,121538.5,0.1481228481764724,0.04266292922214436,0.004976082386277079,17.48633879781421,56.102003642987256,25.136612021857925,31.36612021857924,司霆惊蛰,campaign_window,0.5091,-13.7461,14,14
BV1Wy4y1c7Ps,《明日方舟》EP - Lessing,"11月4日 Lessing 正式上架塞壬唱片官网，网易云音乐及QQ音乐等平台
塞壬唱片官网链接：https://monster-siren.hypergryph.com/music/953989

【专辑介绍】
It's creeping under the darkest shadows
It's shining in the blinding lights
Where do we find the absolution?

【歌曲列表】
Lessing",161775300,明日方舟,2023-11-04T03:00:00+00:00,596747,49730,11469,13929,2528,2065,664,https://www.bilibili.com/video/BV1Wy4y1c7Ps,official_public_aggregate,exact_api,2026-09-02T18:57:29.059707+08:00,1035.6792766520948,music_ep,,2023,576.1889934971241,111539.5,0.18691254417701303,0.07013860145086612,0.004573127305206394,8.19672131147541,9.836065573770492,55.19125683060109,22.78688524590164,塑心,campaign_window,0.75,7.0,14,14
BV1iG411X7h4,《明日方舟》EP - Illuminate,"11月3日 Illuminate 正式上架塞壬唱片官网，网易云音乐及QQ音乐等平台
塞壬唱片官网链接：https://monster-siren.hypergryph.com/music/461152

【专辑介绍】
Musik ist die leitende Flamme der Nächte Leithaniens.
Möge sie dir Frieden und Ruhe bringen.

【歌曲列表】
Illuminate",161775300,明日方舟,2023-11-03T03:00:00+00:00,826136,70481,25327,23220,4366,2187,1690,https://www.bilibili.com/video/BV1iG411X7h4,official_public_aggregate,exact_api,2026-09-02T18:57:29.059707+08:00,1036.6792766520948,music_ep,,2023,796.9060620831217,184798.5,0.22369016723638724,0.09215552887175961,0.004692931914357926,17.66848816029144,19.12568306010929,81.23861566484517,37.17668488160291,塑心,campaign_window,0.7857,6.0,14,14
BV1Yu4y1h7a4,《明日方舟》EP - Revealing,"11月1日 Revealing 正式上架塞壬唱片官网，网易云音乐及QQ音乐等平台
塞壬唱片官网链接：https://monster-siren.hypergryph.com/music/306813

【专辑介绍】
凡过往皆被铭记，凡沉浮皆可听闻。

【歌曲列表】
Intro: Resonance
Revealing",161775300,明日方舟,2023-11-01T02:54:00+00:00,1662237,97296,46098,40866,10723,5397,7266,https://www.bilibili.com/video/BV1Yu4y1h7a4,official_public_aggregate,exact_api,2026-09-02T18:57:40.658319+08:00,1038.6834433187614,music_ep,,2023,1600.3306981469582,315121.5,0.18957675710503377,0.08335333649774371,0.00761804724597034,52.09471766848816,49.90892531876138,58.28779599271403,53.296903460837896,塑心,campaign_window,0.8573,3.9958,14,14
BV13Q4y1H7N2,《明日方舟》2023「感谢庆典」前瞻特别节目（附字幕）,再次感谢大家的支持，关于《明日方舟》2023「感谢庆典」更多活动详情详见官网、游戏内公告及官方自媒体账号。,161775300,明日方舟,2023-10-28T10:55:00+00:00,561509,48785,8690,5327,1393,1883,4348,https://www.bilibili.com/video/BV13Q4y1H7N2,official_public_aggregate,exact_api,2026-09-02T18:57:43.803277+08:00,1042.3494155409837,other_official,,2023,538.6955579656313,85996.5,0.15315248731543038,0.03693084171402417,0.011096883576220505,6.193078324225866,8.014571948998178,27.86885245901639,13.242258652094716,塑心,campaign_window,0.9882,0.3299,14,14
BV1Fy4y1A77o,《明日方舟》2023「感谢庆典」声优祝福,"-特别感谢-

（以下排名不分先后）

刘雪 张福正 赵岭 阮从青
洪海天 下地紫野 花守由美里
内田真礼 恒松步 近藤隆

来自各位老师们为本次《明日方舟》2023「感谢庆典」送上的祝福。
非常感谢老师们的祝福与认可！",161775300,明日方舟,2023-10-28T10:45:00+00:00,259524,32431,4229,3399,612,625,1260,https://www.bilibili.com/video/BV1Fy4y1A77o,official_public_aggregate,exact_api,2026-09-02T18:57:46.174104+08:00,1042.356359985428,other_official,,2023,248.97819014950713,51090.5,0.19686233257810454,0.04484749002019081,0.007263297421433085,0.36429872495446264,1.092896174863388,65.57377049180327,20.145719489981783,塑心,campaign_window,0.9885,0.3229,14,14
BV1We41197Tc,《明日方舟》限定干员「塑心」前瞻PV,"《明日方舟》限定干员「塑心」前瞻PV

在终点到来之前，
请让我为您奏响我自己",161775300,明日方舟,2023-10-28T03:00:00+00:00,1212854,95101,27469,16072,12186,3935,8640,https://www.bilibili.com/video/BV1We41197Tc,official_public_aggregate,exact_api,2026-09-02T18:55:33.227909+08:00,1042.6792766520948,operator_pv,塑心,2023,1163.2090779576188,228963.5,0.1887807600914867,0.059198386615371676,0.010368106960936766,33.33333333333333,34.790528233151186,56.64845173041895,40.76502732240437,塑心,direct_operator,1.0,0.0,14,14
BV1Zw411B7K2,《明日方舟》特别映像 [萨尔贡：万王之王],"欢迎你们，追寻传说而来的客人
今天的主角，是被尊为“沙阿”的过去与未来之王——
路加萨尔古斯",161775300,明日方舟,2023-10-24T03:00:00+00:00,882072,62662,9490,9045,4369,2691,975,https://www.bilibili.com/video/BV1Zw411B7K2,official_public_aggregate,exact_api,2026-09-02T18:55:36.366049+08:00,1046.6792766520948,animation_brand,,2023,842.7337959927828,117363.0,0.13305376431855903,0.03622039924178525,0.0041561233096617965,19.672131147540984,21.493624772313296,17.122040072859747,19.453551912568308,塑心,campaign_window,0.8571,-4.0,14,14
BV1oQ4y1p7oi,《明日方舟》特别映像 [谢拉格：驶向未来],"在遥远的高山上，有一个国家
它的名字叫谢拉格",161775300,明日方舟,2023-10-24T02:09:56+00:00,528341,53767,9707,7878,3542,1745,1280,https://www.bilibili.com/video/BV1oQ4y1p7oi,official_public_aggregate,exact_api,2026-09-02T18:57:47.698188+08:00,1046.7140451706134,animation_brand,,2023,504.7615463246038,102820.5,0.19461010975865967,0.05489825699690162,0.005725468967958194,5.100182149362477,6.739526411657559,63.387978142076506,23.07832422586521,塑心,campaign_window,0.8559,-4.0348,14,14
BV1tw411z7GA,《明日方舟》特别映像 [莱塔尼亚：源石技艺A1.1],"你们都拿到教学大纲了，很好。
以防你们还没发现，
这节课教的是源石技艺，
我们会从莱塔尼亚的主要流派讲起。",161775300,明日方舟,2023-10-23T03:00:00+00:00,564395,54870,9645,10505,5002,2438,963,https://www.bilibili.com/video/BV1tw411z7GA,official_public_aggregate,exact_api,2026-09-02T18:57:47.698188+08:00,1047.6792766520948,animation_brand,,2023,538.7097106698044,114314.5,0.20254343146200798,0.0631773846331027,0.006025921562026595,6.557377049180328,8.19672131147541,69.39890710382514,25.901639344262296,塑心,campaign_window,0.8214,-5.0,14,14
BV1LM411R7qd,明日方舟2023感谢庆典印象曲 - Ashen by MY FIRST STORY,塞壬唱片-MSR携手MY FIRST STORY，打造明日方舟2023感谢庆典印象曲 <Ashen>,161775300,明日方舟,2023-10-23T02:00:00+00:00,985482,89999,37345,32927,6607,1907,1047,https://www.bilibili.com/video/BV1LM411R7qd,official_public_aggregate,exact_api,2026-09-02T18:57:29.829616+08:00,1047.7209433187616,other_official,,2023,940.5958774465141,253748.0,0.25748618442548926,0.11142364852934909,0.0029975179658278893,24.043715846994534,25.683060109289617,91.98542805100182,44.91803278688525,塑心,campaign_window,0.8199,-5.0417,14,14
BV1rG411y7W3,追溯泰拉 RETRACED TERRA,追溯泰拉 RETRACED TERRA,161775300,明日方舟,2023-10-22T13:05:00+00:00,703620,57273,13699,14767,3975,1898,1467,https://www.bilibili.com/video/BV1rG411y7W3,official_public_aggregate,exact_api,2026-09-02T18:57:47.698188+08:00,1048.259137763206,other_official,,2023,671.2271561986065,129710.5,0.18434737500355305,0.06709303317131406,0.004782410960461613,12.386156648451731,13.296903460837886,52.64116575591985,24.735883424408016,塑心,campaign_window,0.8007,-5.5799,14,14
BV1bw411X7jx,《游城拓荒：铸基者》官方桌游宣传PV,"明日方舟拓荒主题桌游《游城拓荒：铸基者》即将发售！
官方网站：https://ak.hypergryph.com/boardgame_nomadcity

是时候启航了，企业家们。",161775300,明日方舟,2023-10-22T13:00:00+00:00,906746,69869,9410,9713,21215,3093,799,https://www.bilibili.com/video/BV1bw411X7jx,official_public_aggregate,exact_api,2026-09-02T18:54:20.389556+08:00,1048.262609985428,other_pv,,2023,864.9988956608923,176799.0,0.19498183614816056,0.05519847895662071,0.004292271485068586,20.40072859744991,22.586520947176687,64.11657559198542,34.17122040072859,塑心,campaign_window,0.8006,-5.5833,14,14
BV12e411R78z,主线动画《明日方舟：冬隐归路》播出中PV,"【播出中PV公开】
那么拜托您了，博士。
主线动画《明日方舟：冬隐归路》每周六00:23热播中
更多情报公开请持续关注官方自媒体账号和主题官网

主题官网链接：https://ak.hypergryph.com/anime/",161775300,明日方舟,2023-10-22T12:55:00+00:00,139267,22635,3532,2029,243,294,73,https://www.bilibili.com/video/BV12e411R78z,official_public_aggregate,exact_api,2026-09-02T18:57:39.895344+08:00,1048.2660822076505,animation_brand,,2023,132.8546276215514,34963.5,0.2510537313218494,0.056244480027572936,0.0026352258611156984,0.18214936247723132,0.36429872495446264,90.7103825136612,27.395264116575593,塑心,campaign_window,0.8005,-5.5868,14,14
BV1QB4y1o7YD,《小刻的画图写话》播出预告,《明日方舟》衍生迷你剧《小刻的画图写话》即将上线，后续信息请关注官方账号@明日方舟,161775300,明日方舟,2023-10-22T12:50:00+00:00,342747,41336,5614,3823,2246,648,260,https://www.bilibili.com/video/BV1QB4y1o7YD,official_public_aggregate,exact_api,2026-09-02T18:34:31.547095+08:00,1048.2695544298726,other_official,,2023,326.96456608091745,68050.0,0.19854294858890084,0.045240366801168205,0.0026491843838166345,1.2750455373406193,2.914389799635701,66.3023679417122,21.275045537340617,塑心,campaign_window,0.8003,-5.5903,14,14
BV1ow41167CS,《明日方舟》2023「感谢庆典」活动宣传PV,"--重铸未来 方舟启航--
《明日方舟》2023「感谢庆典」活动宣传PV

↓↓《明日方舟》bilibili服下载↓↓
https://www.biligame.com/detail/?id=101772

2023「感谢庆典」限时活动即将开启
金律乐章如期奏响，赞美崔林特尔梅之金，歌颂帝国永恒光荣。

———————————— 
详细活动内容敬请关注《明日方舟》官网及游戏内相关公告。",161775300,明日方舟,2023-10-22T11:50:00+00:00,2798974,94456,44819,21437,19716,9873,14783,https://www.bilibili.com/video/BV1ow41167CS,official_public_aggregate,exact_api,2026-09-02T18:57:54.799963+08:00,1048.3112210965394,event_pv,,2023,2669.9838212856844,308317.0,0.11015357770383005,0.038374418626253765,0.008808942133796169,82.33151183970855,69.58105646630237,6.0109289617486334,55.61020036429873,塑心,campaign_window,0.7989,-5.6319,14,14
BV1U84y1d7Yf,《明日方舟》SideStory「崔林特尔梅之金」活动先导PV,人的心灵脆弱而易逝，再强烈的情感，再宏大的愿望，都不可避免地会走向各自的终点。,161775300,明日方舟,2023-10-22T11:45:00+00:00,1409836,88063,33475,22986,18499,4678,4765,https://www.bilibili.com/video/BV1U84y1d7Yf,official_public_aggregate,exact_api,2026-09-02T18:57:40.658319+08:00,1048.3146933187616,event_pv,,2023,1344.859524516185,265881.5,0.18859037505071513,0.06947332881271297,0.006697942171997311,41.53005464480874,42.62295081967213,56.466302367941715,46.33879781420765,塑心,campaign_window,0.7987,-5.6354,14,14
BV1Jw411F7ew,《明日方舟》EP - Best Moments of...,"10月20日 Best Moments of... 正式上架塞壬唱片官网，网易云音乐及QQ音乐等平台
塞壬唱片官网链接：https://monster-siren.hypergryph.com/music/306814   

【专辑介绍】
塞壬唱片-MSR全新音乐系列《未竟之旅》，第三期接踵而至，轻缓呢喃，共筑回忆。

【歌曲列表】
Best Moments of...",161775300,明日方舟,2023-10-20T03:00:00+00:00,1099359,92652,26701,25705,8818,3676,1782,https://www.bilibili.com/video/BV1Jw411F7ew,official_public_aggregate,exact_api,2026-09-02T18:57:40.658319+08:00,1050.6792766520948,music_ep,,2023,1046.3316679310733,230323.0,0.2095066306820611,0.07907244130443286,0.004964711254467376,29.143897996357016,29.508196721311474,75.591985428051,43.18761384335155,塑心,campaign_window,0.7143,-8.0,14,14
BV1mS25BMEvj,《明日方舟》EP - Just Another Inch Higher,"12月5日 Just Another Inch Higher 正式上架各音乐平台

【专辑介绍】
离群的孩子鲜少歌唱，她带着浑浊的梦流浪在异乡。
狂想从半空坠落，双手栽下的新叶，却仍向更高处生长。

【歌曲列表】
Just Another Inch Higher
Just Another Inch Higher (Instrumental)",161775300,明日方舟,2025-12-05T02:58:55+00:00,524603,41948,11531,12117,3439,4819,967,https://www.bilibili.com/video/BV1mS25BMEvj,official_public_aggregate,exact_api,2026-09-02T18:55:06.385752+08:00,273.68002896690973,music_ep,,2025,1916.847940934079,107273.0,0.2044841527783867,0.07473079643082484,0.011029292626996033,4.735883424408015,57.377049180327866,71.40255009107467,40.52823315118397,娜斯提,campaign_window,0.9286,1.9999,14,14
BV1BPSaBCEjF,《明日方舟》干员「娜斯提」技能展示PV,"《明日方舟》干员「娜斯提」技能展示PV

————————————
SideStory「未许之地」限时活动即将开启
更多活动详情内容详见游戏内公告。",161775300,明日方舟,2025-12-03T02:59:00+00:00,1245262,63429,7483,5303,27913,12085,7757,https://www.bilibili.com/video/BV1BPSaBCEjF,official_public_aggregate,exact_api,2026-09-02T18:57:09.557348+08:00,275.67997109653936,operator_pv,娜斯提,2025,4517.05648055196,194746.0,0.1563895790604708,0.03694162352982746,0.015933996219269518,35.33697632058288,81.78506375227687,30.783242258652095,47.90528233151184,娜斯提,direct_operator,1.0,0.0,14,14
BV1TGSAB1EZD,《明日方舟》SideStory「未许之地」活动宣传pv,"《明日方舟》SideStory「未许之地」活动即将开启

“天空从来都是空空荡荡。
“在天空上填满东西的，是我们自己。”

————————————
更多活动详情内容详见游戏内公告。",161775300,明日方舟,2025-11-30T03:00:00+00:00,2303063,99718,21061,12203,38205,14668,11048,https://www.bilibili.com/video/BV1TGSAB1EZD,official_public_aggregate,exact_api,2026-09-02T18:57:30.589921+08:00,278.6792766520949,event_pv,,2025,8264.20617875781,308387.0,0.1339029805090004,0.0363307473568895,0.011165999366930041,71.58469945355192,89.61748633879782,17.66848816029144,60.81967213114754,娜斯提,campaign_window,0.8929,-2.9993,14,14
BV19WUnBTEBo,《明日方舟》EP - Secret Escape,"11月22日 Secret Escape 正式上架各音乐平台

【专辑介绍】
一片炉火，几盏烛光；三两好友，七八佳肴。
暮色四合，冬日萧瑟，此间归所为你点亮一隅暖色。

【歌曲列表】
Secret Escape
Secret Escape (Instrumental)",161775300,明日方舟,2025-11-22T03:00:46+00:00,936541,84620,19711,22611,8867,4405,2893,https://www.bilibili.com/video/BV19WUnBTEBo,official_public_aggregate,exact_api,2026-09-02T18:55:06.385752+08:00,286.6787442446875,music_ep,,2025,3266.8658517655526,203919.0,0.2177363297495785,0.0788006077683732,0.007792504545983571,21.493624772313296,74.68123861566485,78.87067395264117,54.66302367941712,娜斯提,campaign_window,0.6072,-10.9988,14,14
BV1AY411A7jB,《明日方舟》EP - Bluish Light,"5月3日 Bluish Light正式上架塞壬唱片官网及网易云音乐等平台

塞壬唱片官网链接：https://monster-siren.hypergryph.com/music/779427

【专辑介绍】
那叶扁舟，承载了微小锃亮的梦想。
它是《Bluish Light》，是一抹汪洋。

【歌曲列表】
Bluish Light",161775300,明日方舟,2022-05-03T03:00:28+00:00,4034535,209191,126369,112044,42573,17978,4501,https://www.bilibili.com/video/BV1AY411A7jB,official_public_aggregate,exact_api,2026-09-02T18:57:46.935424+08:00,1585.6789525780207,music_ep,,2022,2544.3580451393345,842953.5,0.20893448687395202,0.09741643088980514,0.005571645803047935,91.98542805100182,68.48816029143899,75.22768670309654,79.90892531876139,归溟幽灵鲨,campaign_window,0.8214,4.9999,14,14
BV1ZY4y1t7Rp,《明日方舟》EP - Rapier,"5月2日 Rapier正式上架塞壬唱片官网及网易云音乐等平台

塞壬唱片官网链接：https://monster-siren.hypergryph.com/music/048734

【专辑介绍】
走向前方吧，守卫律法的战士，
提灯将照穿浓雾，细剑会刺破阴影。
《Rapier》——为了伊比利亚的洁净与德行。

【歌曲列表】
Rapier",161775300,明日方舟,2022-05-02T03:00:00+00:00,1517837,113973,36133,32149,4092,12410,3930,https://www.bilibili.com/video/BV1ZY4y1t7Rp,official_public_aggregate,exact_api,2026-09-02T18:57:29.059707+08:00,1586.6792766520946,music_ep,,2022,956.6123553353817,283393.0,0.18670845420160398,0.06886312561889056,0.010765319332708322,46.26593806921676,26.59380692167577,55.009107468123865,42.98724954462659,归溟幽灵鲨,campaign_window,0.8572,3.9995,14,14
BV1QA4y1D7x8,《明日方舟》EP - Awaken,"5月1日 Awaken正式上架塞壬唱片官网及网易云音乐等平台

塞壬唱片官网链接：https://monster-siren.hypergryph.com/music/461182

【专辑介绍】
她拥抱礁石，连同潮汐。
《Awaken》。嗫嚅在海底的梦境，是否仍在沉眠？

【歌曲列表】
Awaken",161775300,明日方舟,2022-05-01T03:00:00+00:00,3939056,210240,110422,95319,26994,21576,24564,https://www.bilibili.com/video/BV1QA4y1D7x8,official_public_aggregate,exact_api,2026-09-02T18:57:29.059707+08:00,1587.6792766520946,music_ep,,2022,2481.0149366603837,747350.0,0.18972819883748795,0.08328239050168365,0.011713466373669225,91.43897996357013,67.57741347905282,58.46994535519126,74.38979963570128,归溟幽灵鲨,campaign_window,0.8929,2.9995,14,14
BV1w44y1371Y,《明日方舟》限定干员「归溟幽灵鲨」前瞻PV,祝你在梦中也能保持清醒。,161775300,明日方舟,2022-04-28T03:00:39+00:00,2272141,151274,60008,28417,25728,12643,19227,https://www.bilibili.com/video/BV1w44y1371Y,official_public_aggregate,exact_api,2026-09-02T18:57:48.485422+08:00,1590.6788252632057,operator_pv,归溟幽灵鲨,2022,1428.4096600229996,433886.0,0.19095909980938683,0.06274698621256339,0.014026418254853021,70.85610200364299,44.990892531876135,59.56284153005464,59.70856102003643,归溟幽灵鲨,direct_operator,1.0,0.0,14,14
BV1na411e7n9,《明日方舟》三周年前瞻特别节目录像（附字幕）,"再次感谢大家的支持，之后我们将在官方自媒体账号陆续更新《明日方舟》三周年庆典相关具体内容。
更多活动详情详见官网、游戏内及官方自媒体账号公告。",161775300,明日方舟,2022-04-27T06:30:00+00:00,1257311,97369,42506,20116,4841,5683,17474,https://www.bilibili.com/video/BV1na411e7n9,official_public_aggregate,exact_api,2026-09-02T18:57:47.698188+08:00,1591.5334433187613,other_official,,2022,789.9997359641902,254397.5,0.20233458547646524,0.06965579717349168,0.01841787751797288,35.88342440801457,18.761384335154826,69.03460837887067,40.69216757741348,归溟幽灵鲨,campaign_window,0.9695,-0.8546,14,14
BV16541117av,《明日方舟》三周年庆典声优祝福,"-特别感谢-

（以下排名不分先后）

陶典 余珊 橙璃 空无的念 
刘飞 苏婉 白灯 刘照坤
折笠富美子 丰口惠美 
小西克幸 绿川光 户松遥 
诹访彩花 中井和哉 森久保祥太郎

来自各位老师们为本次《明日方舟》三周年送上的祝福。
非常感谢老师们的祝福与认可！",161775300,明日方舟,2022-04-27T06:01:48+00:00,526301,60226,10618,7757,1306,2157,4457,https://www.bilibili.com/video/BV16541117av,official_public_aggregate,exact_api,2026-09-02T18:57:46.174104+08:00,1591.5530266520946,other_official,,2022,330.68392393252424,106358.0,0.20208587861318902,0.052133664955985266,0.012566953131382992,4.918032786885246,3.096539162112933,68.6703096539162,23.49726775956284,归溟幽灵鲨,campaign_window,0.9688,-0.8742,14,14
BV1rr4y1b7sz,《明日方舟》特别映像 [莱茵生命：访问],"【请求访问】
【身份信息确认：乔伊丝·摩尔】
欢迎访问莱茵生命内部资料档案。
时代正等着你来改变。",161775300,明日方舟,2022-04-26T03:00:00+00:00,2267928,146353,56415,41780,29553,12804,4291,https://www.bilibili.com/video/BV1rr4y1b7sz,official_public_aggregate,exact_api,2026-09-02T18:57:48.485422+08:00,1592.6792766520946,animation_brand,,2022,1423.970307924969,452753.5,0.19963310122719946,0.07475016843568226,0.007537717246755629,70.67395264116576,44.626593806921676,67.21311475409836,61.821493624772316,归溟幽灵鲨,campaign_window,0.9286,-2.0005,14,14
BV1n44y1g7Xy,《明日方舟》×中国邮政 「泰拉来信」合作宣传PV,"亲爱的博士：
展信佳，愿您万事安康。
很荣幸能向您告知，明日方舟携手@中国邮政   ，推出联名礼盒“泰拉来信”，并即将于近日开启预售。
后续活动内容及最新消息，请关注明日方舟、明日方舟朝陇山、中国邮政官方的自媒体账号。
感谢您的阅读，以及一直以来的支持与关注。
顺颂 时祺",161775300,明日方舟,2022-04-25T06:30:19+00:00,1061726,115716,13724,12012,10149,5046,1286,https://www.bilibili.com/video/BV1n44y1g7Xy,official_public_aggregate,exact_api,2026-09-02T18:57:48.485422+08:00,1593.533223411354,other_pv,,2022,666.2716436668396,205847.0,0.19387958851907178,0.04511239246283881,0.005963873918506281,27.140255009107467,12.932604735883423,62.47723132969034,33.479052823315115,归溟幽灵鲨,campaign_window,0.8981,-2.8544,14,14
BV13541117Vr,《明日方舟》×光明冷饮 旗下熊小白「罗德岛假日」合作宣传PV,"您的熊小白已出现，请注意查收留言：
——兔熊雪糕将登陆泰拉。
——没有熊比我更宠你。
明日方舟携手光明冷饮 旗下熊小白品牌，推出“罗德岛假日”联名雪糕礼盒。后续活动内容及最新消息，请注意明日方舟、光明冷饮官方的自媒体账号。
感谢关注，敬请期待。",161775300,明日方舟,2022-04-25T06:00:19+00:00,775522,106357,7655,8920,6476,3966,725,https://www.bilibili.com/video/BV13541117Vr,official_public_aggregate,exact_api,2026-09-02T18:57:36.822225+08:00,1593.5540567446872,other_pv,,2022,486.66187175616534,165246.5,0.2130777721328344,0.04122513610187719,0.006048829046758184,15.664845173041893,6.0109289617486334,76.50273224043715,31.020036429872494,归溟幽灵鲨,campaign_window,0.8973,-2.8752,14,14
BV16u411k75m,《明日方舟》特别映像 [莱塔尼亚：余烬],"「他就是屹立于莱塔尼亚中央的一座高塔。唯一的一座......不可或缺的塔。」
「莱塔尼亚的王。」
「我们的王。」",161775300,明日方舟,2022-04-25T03:00:00+00:00,1288133,110638,42557,24984,20143,7361,2075,https://www.bilibili.com/video/BV16u411k75m,official_public_aggregate,exact_api,2026-09-02T18:57:41.470092+08:00,1593.6792766520946,animation_brand,,2022,808.2761813318124,318228.0,0.24704591839507256,0.087466123451538,0.007325330536520685,36.97632058287796,20.036429872495447,89.43533697632058,47.63205828779599,归溟幽灵鲨,campaign_window,0.8928,-3.0005,14,14
BV1w3411M7oZ,《小刻的画图写话》——磐蟹与螺,是展示训练成果的时候了！蓝色是前进，红色是撤退，成功了就能获得食物！——啊，没有在说蜜饼的事情。,161775300,明日方舟,2022-04-24T03:30:19+00:00,746527,84986,18761,12972,5686,2039,990,https://www.bilibili.com/video/BV1w3411M7oZ,official_public_aggregate,exact_api,2026-09-02T18:54:20.389556+08:00,1594.658223411354,other_official,,2022,468.1423198025473,169063.5,0.2264666917606463,0.06750057265175942,0.004057455390093057,14.389799635701275,5.2823315118397085,82.14936247723132,31.98542805100182,归溟幽灵鲨,campaign_window,0.8579,-3.9794,14,14
BV19F411M7yf,《鲤氏侦探事务所》制作中预告,"“今天也要当侦探吗？饮口茶先~”
《明日方舟》衍生迷你剧《鲤氏侦探事务所》制作进行中",161775300,明日方舟,2022-04-24T03:00:00+00:00,598617,79031,13630,9007,4004,2160,426,https://www.bilibili.com/video/BV19F411M7yf,official_public_aggregate,exact_api,2026-09-02T18:57:38.341448+08:00,1594.6792766520946,other_official,,2022,375.3839463297911,139770.0,0.23348819027859216,0.05955059746047974,0.004319957502042207,8.378870673952642,4.371584699453552,84.8816029143898,30.127504553734063,归溟幽灵鲨,campaign_window,0.8571,-4.0005,14,14
BV1QT4y1a7PY,《明日方舟》2022「音律联觉&嘉年华-灯下定影」片场前瞻PV,"--重铸未来 方舟启航--
《明日方舟》2022「音律联觉&嘉年华-灯下定影」片场前瞻PV

↓↓《明日方舟》bilibili服下载↓↓
https://www.biligame.com/detail/?id=101772

________________________

《明日方舟》2022「音律联觉&嘉年华-灯下定影」片场前瞻PV现已发布

「音律联觉特供款」系列时装游戏内同期限时上架
2022年5月1日16:00-2022年5月29日03:59

◇黑曜石 - 泥岩 
◇翡翠假日 - 苇草 
◇",161775300,明日方舟,2022-04-24T02:00:00+00:00,1933041,135042,25005,24982,9395,5403,2052,https://www.bilibili.com/video/BV1QT4y1a7PY,official_public_aggregate,exact_api,2026-09-02T18:57:43.803277+08:00,1594.7209433187613,offline_event,,2022,1212.1500053653044,272331.5,0.14088242308362833,0.04364315086953665,0.0038566176299416307,60.83788706739527,37.340619307832426,21.85792349726776,42.094717668488165,归溟幽灵鲨,campaign_window,0.8556,-4.0421,14,14
BV1kL4y1V7H1,《明日方舟》三周年庆典活动宣传pv,"--重铸未来 方舟启航--
《明日方舟》三周年庆典活动宣传pv

↓↓《明日方舟》bilibili服下载↓↓
https://www.biligame.com/detail/?id=101772

三周年庆典活动 Part.1
一、「三周年庆典」，SideStory「愚人号」活动开启
二、【限定寻访·庆典】系列，【海蚀】限定寻访开启
三、「三周年庆典」，特别登录活动开启
四、「三周年庆典」，限定寻访每日赠送
五、「三周年庆典」，限时签到活动开启
六、「三周年庆典」，新干员登场
七、「三周年庆典」，新装&复",161775300,明日方舟,2022-04-23T13:20:19+00:00,5398425,202006,124459,55418,43798,28866,38217,https://www.bilibili.com/video/BV1kL4y1V7H1,official_public_aggregate,exact_api,2026-09-02T18:57:52.413633+08:00,1595.2485011891317,event_pv,,2022,3384.0652387235596,755561.5,0.139959617851503,0.051698967754483946,0.01242640214507009,96.17486338797814,75.40983606557377,21.311475409836063,67.4863387978142,归溟幽灵鲨,campaign_window,0.8368,-4.5697,14,14
BV1ra411Y7Ys,《明日方舟》官方漫画前瞻PV,令人振奋的漫画新作即将发布，记得时刻关注泰拉记事社最新讯息哦！,161775300,明日方舟,2022-04-23T13:15:00+00:00,413977,56649,11682,6334,1027,1486,462,https://www.bilibili.com/video/BV1ra411Y7Ys,official_public_aggregate,exact_api,2026-09-02T18:57:46.935424+08:00,1595.2521933187613,other_pv,,2022,259.5056767411569,98222.0,0.23726438908441774,0.06130050703299942,0.0047055754305190866,2.3679417122040074,1.639344262295082,86.33879781420765,27.340619307832423,归溟幽灵鲨,campaign_window,0.8367,-4.5734,14,14
BV1jL4y1V79g,主线动画《明日方舟：黎明前奏》先导PV,"--重铸未来 方舟启航--

《明日方舟》bilibili服下载
https://www.biligame.com/detail/?id=101772

——————————
「如果这是可以避免的纠纷，那就保持沉默。」
「如果这是必须面对的战斗，那就要一战到底。」
「这就是我们，罗德岛的生存之道。」",161775300,明日方舟,2022-04-23T12:55:19+00:00,1160766,100865,27284,15729,9729,4378,1256,https://www.bilibili.com/video/BV1jL4y1V79g,official_public_aggregate,exact_api,2026-09-02T18:57:49.270978+08:00,1595.2658623002428,animation_brand,,2022,727.6316928930394,223273.0,0.19234970700382334,0.05898777186788724,0.004853691441685922,30.783242258652095,15.300546448087433,60.83788706739527,35.154826958105645,归溟幽灵鲨,campaign_window,0.8362,-4.587,14,14
BV1uY4y1Y7B9,《明日方舟》SideStory「愚人号」活动先导PV,"--重铸未来 方舟启航--
《明日方舟》SideStory「愚人号」活动先导PV

↓↓《明日方舟》bilibili服下载↓↓
https://www.biligame.com/detail/?id=101772

________________________

斯卡蒂，我们回家了吗？这里是回家的路吗？",161775300,明日方舟,2022-04-23T11:50:19+00:00,3654728,261340,101063,64431,40799,9518,21812,https://www.bilibili.com/video/BV1uY4y1Y7B9,official_public_aggregate,exact_api,2026-09-02T18:57:49.270978+08:00,1595.3110011891317,event_pv,,2022,2290.91882227089,739908.0,0.2024522755181781,0.07407500640266526,0.008572457375760931,90.1639344262295,64.11657559198542,69.2167577413479,76.0655737704918,归溟幽灵鲨,campaign_window,0.8346,-4.6322,14,14
BV1i3411T78m,《明日方舟》EP - A Grand Adventure,"4月20日 A Grand Adventure 正式上架塞壬唱片官网及网易云音乐等平台

塞壬唱片官网链接：https://monster-siren.hypergryph.com/music/514571

【专辑介绍】
塞壬唱片-MSR携手罗德岛，联名打造系列专辑，致敬每一道时代刻痕。企划现已面向全泰拉开启，曲目热烈发行中，等待您的鉴赏。

随着脚步奏起鼓来，
越过灌木与低丘，
我们的旗帜在前引领，
开始伟大冒险！

【歌曲列表】
A Grand Adventure",161775300,明日方舟,2022-04-20T03:00:00+00:00,1354738,125731,35247,26051,10639,6372,2412,https://www.bilibili.com/video/BV1i3411T78m,official_public_aggregate,exact_api,2026-09-02T18:57:48.485422+08:00,1598.6792766520946,music_ep,,2022,847.4107469742468,291008.0,0.2148075864115423,0.0723298527095276,0.006483910542112202,38.79781420765027,21.67577413479053,77.23132969034609,45.19125683060109,归溟幽灵鲨,campaign_window,0.7143,-8.0005,14,14
BV1FA4y1R7DE,《明日方舟》主题曲【破碎日冕】概念pv,"这是一场战争。
一场我们与他们之间的战争，
持续了近万年，
从未结束。",161775300,明日方舟,2022-04-14T08:30:00+00:00,2073296,128841,48402,32212,14547,11570,1553,https://www.bilibili.com/video/BV1FA4y1R7DE,official_public_aggregate,exact_api,2026-09-02T18:57:49.270978+08:00,1604.450109985428,other_pv,,2022,1292.215935601033,351841.5,0.16970152838764943,0.06143502905518556,0.006329535194202854,65.7559198542805,40.98360655737705,41.712204007285976,51.111111111111114,归溟幽灵鲨,campaign_window,0.5082,-13.7713,14,14
BV1RXQcB4Eed,《明日方舟》EP - In Due Time,"4月12日 In Due Time 正式上架各音乐平台

【专辑介绍】
时间静止的地方，还有人在歌唱。

【歌曲列表】
In Due Time
In Due Time (Instrumental)",161775300,明日方舟,2026-04-12T03:00:00+00:00,953103,67641,16095,15368,9401,6652,1321,https://www.bilibili.com/video/BV1RXQcB4Eed,official_public_aggregate,exact_api,2026-09-02T18:51:46.041666+08:00,145.6792766520949,music_ep,,2026,6542.474824858998,169408.5,0.17774416825883457,0.05899887000670442,0.008365307841859694,22.586520947176687,88.34244080145719,47.17668488160292,49.690346083788704,怒潮凛冬,campaign_window,0.7143,8.0,14,14
BV1AZD8BXEQe,《明日方舟》EP - One Fight,"4 月 7 日 One Fight 正式上架各音乐平台

【专辑介绍】
穿越空想，推倒高墙。
【歌曲列表】
One Fight
One Fight (Instrumental)",161775300,明日方舟,2026-04-07T03:00:00+00:00,530662,43777,10541,10773,4031,4910,1224,https://www.bilibili.com/video/BV1AZD8BXEQe,official_public_aggregate,exact_api,2026-09-02T18:53:45.611150+08:00,150.6792766520949,music_ep,,2026,3521.7981648880063,106475.0,0.20064560869253875,0.06806215632549532,0.011559146876919772,5.2823315118397085,76.86703096539162,67.75956284153006,45.50091074681238,怒潮凛冬,campaign_window,0.8929,3.0,14,14
BV11W9uBKET7,《明日方舟》干员「怒潮凛冬」技能展示PV,"《明日方舟》干员「怒潮凛冬」技能展示PV

————————————
《明日方舟》SideStory「人们，我们」活动即将开启

更多活动详情内容详见游戏内公告。",161775300,明日方舟,2026-04-04T03:00:00+00:00,1452851,64791,6372,5445,31228,14037,5393,https://www.bilibili.com/video/BV11W9uBKET7,official_public_aggregate,exact_api,2026-09-02T18:53:00.696764+08:00,153.6792766520949,operator_pv,怒潮凛冬,2026,9453.786038367556,205861.0,0.14169450273978543,0.03337575566937009,0.013373704529920824,43.35154826958106,90.34608378870675,22.404371584699454,51.16575591985428,怒潮凛冬,direct_operator,1.0,0.0,14,14
BV1CR9WB3EFH,《明日方舟》SideStory「人们，我们」活动宣传PV,"《明日方舟》SideStory「人们，我们」活动即将开启

举起你的拳头，
点燃这个时代！

————————————
更多活动详情内容详见官网、游戏内相关公告。",161775300,明日方舟,2026-04-02T03:02:32+00:00,3543315,162330,63140,42271,73472,19334,9504,https://www.bilibili.com/video/BV1CR9WB3EFH,official_public_aggregate,exact_api,2026-09-02T18:57:53.984763+08:00,155.67751739283565,event_pv,,2026,22760.608335363042,627321.0,0.17704353126944683,0.06241443394109753,0.008138706268000446,89.79963570127505,96.72131147540983,46.26593806921676,78.81602914389799,怒潮凛冬,campaign_window,0.9286,-1.9982,14,14
BV1pZX6BnExp,《黑色Doctor Drop》保质期七天的侵略者！,《黑色Doctor Drop》保质期七天的侵略者！,161775300,明日方舟,2026-04-01T02:00:00+00:00,1686083,118906,20563,17927,26648,9705,4129,https://www.bilibili.com/video/BV1pZX6BnExp,official_public_aggregate,exact_api,2026-09-02T18:57:04.096719+08:00,156.72094331876158,other_official,,2026,10758.504666288296,292452.0,0.17345053594633242,0.049265071766929625,0.008204815539923005,53.00546448087432,92.34972677595628,44.44444444444444,62.240437158469945,怒潮凛冬,campaign_window,0.8914,-3.0417,14,14
BV15zXdBUEs9,「2026明日方舟音律联觉-昔时我见」情报公开,"「2026明日方舟音律联觉-昔时我见」活动情报正式公开！
详细活动专题页及票务信息即将发布，请持续关注@明日方舟

断垣之中，以双手托举失落的信仰。
帷幕之内，以残笔改写既定的剧本。
苍穹之下，以科技重绘文明的经纬。
高塔之前，以顽石叩问这喧嚣信条。

一、「2026明日方舟音律联觉-昔时我见」
【活动地点】
上海|梅赛德斯-奔驰文化中心（上海市浦东新区世博大道1200号）
【活动时间】
「昔时我见-日场」：5月1日-5月4日12:00
「昔时我见-夜场」：5月1日-5月4日19:30
【温馨提醒】
*「",161775300,明日方舟,2026-03-30T04:00:00+00:00,1070892,61072,16302,10505,29570,10225,3442,https://www.bilibili.com/video/BV15zXdBUEs9,official_public_aggregate,exact_api,2026-09-02T18:52:58.330613+08:00,158.63760998542824,offline_event,,2026,6750.555559292449,220454.5,0.205860628336004,0.062454477202182855,0.01276225800547581,27.86885245901639,88.88888888888889,73.224043715847,59.78142076502732,怒潮凛冬,campaign_window,0.8229,-4.9583,14,14
BV1tyXbB8Ebm,「2026明日方舟音律联觉-昔时我见」先导预告公开,"「2026明日方舟音律联觉-昔时我见」先导预告公开

“我们书写，我们铭刻”
“我们将无形的瞬息凝结为不朽的典藏”
“等待来者重新阅读”

活动详情及票务信息将于近期发布，请持续关注@明日方舟 。",161775300,明日方舟,2026-03-27T04:00:00+00:00,2366664,155697,41953,30202,54147,12899,4361,https://www.bilibili.com/video/BV1tyXbB8Ebm,official_public_aggregate,exact_api,2026-09-02T18:57:48.485422+08:00,161.63760998542824,event_pv,,2026,14641.790361867863,483977.0,0.20449755436344152,0.06612852521523968,0.007292965963905312,73.58834244080145,94.53551912568307,71.58469945355192,79.27140255009108,怒潮凛冬,campaign_window,0.7158,-7.9583,14,14
BV1vAtvzLEdx,《明日方舟》危机合约新赛季「弧光作战」宣传PV,"危机合约#4「弧光作战」即将开启

一、危机合约#4「弧光作战」开启
二、【联合行动】特选干员定向寻访开启
三、“资源收集”关卡限时全天开放
四、中坚甄选开启
五、礼包限时上架

更多活动内容请持续关注《明日方舟》游戏内公告。",161775300,明日方舟,2025-08-10T03:00:00+00:00,2239356,130159,32188,19764,47592,19135,16189,https://www.bilibili.com/video/BV1vAtvzLEdx,official_public_aggregate,exact_api,2026-09-02T18:57:45.405200+08:00,390.6792766520949,gameplay_system,,2025,5731.95491501377,413636.0,0.18471203328099686,0.05327781737249459,0.01577417793329868,70.30965391621129,86.33879781420765,53.18761384335154,69.98178506375228,斩业星熊,campaign_window,0.5714,11.9999,14,14
BV1ZRhTz2EWA,《明日方舟》EP - Little Wish,"8月3日 Little Wish 正式上架各音乐平台

【专辑介绍】
一触即碎的肥皂泡，
也要托起小小愿望，
飞越风雨，飞向太阳，
绽放她的幻彩流光。

【歌曲列表】
Little Wish
Little Wish (Instrumental)",161775300,明日方舟,2025-08-03T03:00:00+00:00,7930651,328430,159320,191143,80479,30571,49845,https://www.bilibili.com/video/BV1ZRhTz2EWA,official_public_aggregate,exact_api,2026-09-02T18:57:52.413633+08:00,397.6792766520949,music_ep,,2025,19942.329071720873,1341572.0,0.1691629098292183,0.07844059712121994,0.010139898981811203,98.36065573770492,95.81056466302368,41.16575591985428,80.43715846994536,斩业星熊,campaign_window,0.8214,4.9999,14,14
BV1KRh4zJEA3,《明日方舟》EP - Undaunted,"8 月 2 日 Undaunted 正式上架各音乐平台

【专辑介绍】
以豪气作坚盾，以怒意铸长刀。
执盾劈裂过往，断道不复回望。

【歌曲列表】
Undaunted
Undaunted (Instrumental)",161775300,明日方舟,2025-08-02T03:00:00+00:00,893245,73123,24559,19631,6986,6960,11575,https://www.bilibili.com/video/BV1KRh4zJEA3,official_public_aggregate,exact_api,2026-09-02T18:57:29.829616+08:00,398.6792766520949,music_ep,,2025,2240.510235447941,198688.5,0.22243449445560848,0.07926940537030713,0.02075018611914984,20.21857923497268,63.20582877959927,80.51001821493625,51.202185792349724,斩业星熊,campaign_window,0.8571,3.9999,14,14
BV1Zs8DzAE8V,《明日方舟》限定干员「斩业星熊」前瞻pv,"《明日方舟》限定干员「斩业星熊」前瞻pv

过去被抹消的恶鬼
几乎失了神智的恶鬼
我对你，对御机，已经不再有任何奢求
我现在只要一个形式",161775300,明日方舟,2025-07-29T03:00:06+00:00,1460680,99317,21784,12534,13355,8943,14722,https://www.bilibili.com/video/BV1Zs8DzAE8V,official_public_aggregate,exact_api,2026-09-02T18:54:32.049908+08:00,402.6792072076505,operator_pv,斩业星熊,2025,3627.403585422199,228793.5,0.15663492346030616,0.04121847358764411,0.01620135827148999,43.89799635701275,77.77777777777779,31.147540983606557,50.2367941712204,斩业星熊,direct_operator,1.0,0.0,14,14
BV1Pb84zVEJE,《明日方舟》2025夏日嘉年华特别通讯视频,"《明日方舟》2025夏日嘉年华特别通讯现已结束，感谢大家的支持。本次夏日嘉年华特别通讯视频现已上传。

————————————
更多活动详情内容详见游戏内公告。",161775300,明日方舟,2025-07-26T12:30:00+00:00,1404410,63764,14828,8202,5526,9922,22366,https://www.bilibili.com/video/BV1Pb84zVEJE,official_public_aggregate,exact_api,2026-09-02T18:57:28.278486+08:00,405.2834433187616,other_official,,2025,3465.253819646933,152468.0,0.10856373850940965,0.026173268489970876,0.022990437265470908,41.34790528233151,75.95628415300546,5.646630236794172,41.0200364298725,斩业星熊,campaign_window,0.907,-2.6042,14,14
BV1TP8tzJEY6,《明日方舟》× 大白兔「甜忆回响」合作宣传PV,"《明日方舟》× 大白兔「甜忆回响」合作宣传PV

奶香氤氲间，藏着旧夏的温柔回甘。
明日方舟携手大白兔，同博士一起，品尝一颗旧时光。",161775300,明日方舟,2025-07-26T12:20:00+00:00,1048095,80408,7717,10274,22312,7305,9817,https://www.bilibili.com/video/BV1TP8tzJEY6,official_public_aggregate,exact_api,2026-09-02T18:55:35.564124+08:00,405.290387763206,other_pv,,2025,2586.0346843763723,199192.0,0.19005147434154346,0.048256121821018134,0.016336305392163877,26.59380692167577,68.85245901639344,58.65209471766849,48.888888888888886,斩业星熊,campaign_window,0.9067,-2.6112,14,14
BV1VQ84ztEMq,《明日方舟》SideStory「墟」活动宣传pv,"《明日方舟》SideStory「墟」活动即将开启

“......哦？你听到的关于我的传闻，是什么样的呢？”

————————————
更多活动详情内容详见游戏内公告。",161775300,明日方舟,2025-07-26T11:50:00+00:00,2331948,76853,21719,12664,14020,7235,15243,https://www.bilibili.com/video/BV1VQ84ztEMq,official_public_aggregate,exact_api,2026-09-02T18:57:32.158721+08:00,405.3112210965394,event_pv,,2025,5753.475054776643,206153.0,0.08840377229680936,0.026187119095279997,0.00963915147336047,72.1311475409836,86.52094717668488,2.5500910746812386,55.57377049180328,斩业星熊,campaign_window,0.906,-2.632,14,14
BV1KN8tzUE4N,《明日方舟》SideStory「墟」活动先导PV,"《明日方舟》SideStory「墟」活动先导PV

高楼投下的阴翳浓得像是阴谋，
而暗面的参与者——
「极道」「怪谈」，还是「神明」？",161775300,明日方舟,2025-07-26T11:45:00+00:00,770784,53623,12976,8993,7852,3085,3417,https://www.bilibili.com/video/BV1KN8tzUE4N,official_public_aggregate,exact_api,2026-09-02T18:57:40.658319+08:00,405.3146933187616,event_pv,,2025,1901.6927160689272,127453.0,0.16535501515340226,0.05035652011458463,0.00843556690330884,15.300546448087433,57.19489981785064,37.704918032786885,34.59016393442623,斩业星熊,campaign_window,0.9059,-2.6355,14,14
BV1tA8TzbERP,《明日方舟》EP - Summer Fizz Pop,"7 月 24 日 Summer Fizz Pop 正式上架各音乐平台

【专辑介绍】
【本曲适用症状】冷气惰性、夏日忧郁、午后困倦
【成分】碳酸饮料噗嗤声、致幻海浪贝斯、融化成橘子汽水的夕阳
【品鉴说明】
1.点开播放键的拉环
2.放任鼓点在耳膜冒泡
3.在碳酸爆开前纵身跃入这片蔚蓝的节奏

【歌曲列表】
Summer Fizz Pop
Summer Fizz Pop (Instrumental)",161775300,明日方舟,2025-07-24T03:03:31+00:00,1372993,121829,34022,30257,17312,11259,10139,https://www.bilibili.com/video/BV1tA8TzbERP,official_public_aggregate,exact_api,2026-09-02T18:57:09.557348+08:00,407.6768345224653,music_ep,,2025,3367.846499319157,324281.0,0.23618547217647867,0.08146290622020651,0.01558493014895196,40.619307832422585,75.22768670309654,85.97449908925319,64.60837887067395,斩业星熊,campaign_window,0.8215,-4.9976,14,14
BV1dwg5zCEBD,《明日方舟》2025「音律联觉-熠曲丰碑」官方录播,2025明日方舟音律联觉-熠曲丰碑官方录播现已正式上线！,161775300,明日方舟,2025-07-21T13:00:00+00:00,2505313,149612,129334,82584,37162,13735,54680,https://www.bilibili.com/video/BV1dwg5zCEBD,official_public_aggregate,exact_api,2026-09-02T18:57:32.158721+08:00,410.26260998542824,offline_event,,2025,6106.60815541778,732876.5,0.29252891754443455,0.13238425697707232,0.027307965112542822,76.68488160291439,87.24954462659382,96.17486338797814,85.70127504553734,斩业星熊,campaign_window,0.7292,-7.5834,14,14
BV1zaETzJEcj,《明日方舟》矢量突破#1「无机物」宣传PV,"「六周年庆典」，矢量突破#1「无机物」开启

关卡开放时间：05月15日 16:00 - 06月05日 03:59
解锁条件：通关主线 2-10
活动说明：活动期间将开放「矢量突破」限时活动，玩家可通过活动关卡作战获取【“小心地滑”】，提升【突破里程碑】等级获取相应活动奖励

【突破里程碑】开放时间：05月15日 16:00 - 06月08日 03:59
【突破里程碑】主要奖励：时装【斗争血脉系列 - 火种 - 火神】、活动家具、模组养成材料、高级养成素材、作战记录、龙门币等

◆详细活动玩法介绍请关注后",161775300,明日方舟,2025-05-11T03:01:03+00:00,1348280,83173,10771,8185,13628,9106,6093,https://www.bilibili.com/video/BV1zaETzJEcj,official_public_aggregate,exact_api,2026-09-02T18:57:53.192668+08:00,481.6785474854283,other_pv,,2025,2799.128188370872,178674.5,0.1325203221882695,0.030237784436467203,0.011272881003945768,38.61566484517304,71.03825136612022,16.757741347905284,41.78506375227687,新约能天使,campaign_window,0.5699,12.0416,14,14
BV1WWVJz1EAi,《明日方舟》EP - Still the Same,"5月3日 Still the Same 正式上架塞壬唱片官网，QQ音乐、网易云音乐及酷狗音乐等平台

塞壬唱片官网链接：https://monster-siren.hypergryph.com/music/461129

【专辑介绍】
无论花谢霜飞，雨打风过，
依旧守候今日的日落，始终期待明天的天色。

【歌曲列表】
Still the Same
Still the Same (Instrumental)",161775300,明日方舟,2025-05-03T03:56:17+00:00,1117704,80705,22764,28089,7761,6069,2818,https://www.bilibili.com/video/BV1WWVJz1EAi,official_public_aggregate,exact_api,2026-09-02T18:56:27.306486+08:00,489.64019100394677,music_ep,,2025,2282.7047708405757,216206.5,0.1934380658922219,0.07757241631057954,0.007951121227086957,29.508196721311474,63.934426229508205,61.93078324225865,49.56284153005464,新约能天使,campaign_window,0.8543,4.08,14,14
BV1hgVgzYEey,《明日方舟》EP - Sanctuary Inside,"5 月 2 日 Sanctuary Inside 正式上架塞壬唱片官网，QQ音乐、网易云音乐及酷狗音乐等平台
塞壬唱片官网链接：https://monster-siren.hypergryph.com/music/125042

【专辑介绍】
在圣堂的唱诗声里，铳焰焚尽噩梦的迷雾，
我的羽翼之下，是浸透暖阳的栖木。

【歌曲列表】
Sanctuary Inside
Sanctuary Inside (Instrumental)",161775300,明日方舟,2025-05-02T03:00:00+00:00,1206831,86780,32986,33411,6112,5500,4437,https://www.bilibili.com/video/BV1hgVgzYEey,official_public_aggregate,exact_api,2026-09-02T18:57:08.768929+08:00,490.6792766520949,music_ep,,2025,2459.510840225837,248378.5,0.20581050702210998,0.0877670527190634,0.008233961507452162,32.240437158469945,67.39526411657559,73.04189435336977,55.02732240437159,新约能天使,campaign_window,0.8914,3.0409,14,14
BV18JGbzjEn4,《明日方舟》EP - Heavenly Me,"塞壬唱片-MSR呈献明日方舟 x AIYUE@理名_togetoge   全新合作EP《Heavenly Me》by blessed : 理名。本曲由理名（TOGENASHI TOGEARI）参与演唱。

塞壬唱片官网链接：https://monster-siren.hypergryph.com/music/953957

演唱：AIYUE blessed : 理名
制作人：玉井健二（agehasprings）
作词：gaogao
作曲：大滨健悟
编曲：玉井健二、大滨健悟

Programming & A",161775300,明日方舟,2025-04-30T16:05:00+00:00,5286681,270536,188966,152637,88128,21923,36710,https://www.bilibili.com/video/BV18JGbzjEn4,official_public_aggregate,exact_api,2026-09-02T18:57:20.440548+08:00,492.134137763206,music_ep,,2025,10742.357813315779,1269365.5,0.240106316231299,0.11015758280100502,0.011090701330381009,95.81056466302368,92.16757741347905,87.24954462659382,92.14936247723134,新约能天使,campaign_window,0.9434,1.5861,14,14
BV1YAG1zwEJB,《明日方舟》六周年特别直播节目（附字幕）,"再次感谢大家的支持，之后我们将在官方自媒体账号陆续更新《明日方舟》六周年庆典相关具体内容。
更多活动详情详见官网、游戏内及官方自媒体账号公告。",161775300,明日方舟,2025-04-29T11:32:33+00:00,772420,46951,9790,6943,2006,3615,6102,https://www.bilibili.com/video/BV1YAG1zwEJB,official_public_aggregate,exact_api,2026-09-02T18:57:47.698188+08:00,493.32333915209495,other_official,,2025,1565.7479358823882,94908.5,0.1228716242458766,0.03324875067968204,0.012579943554025013,15.482695810564662,48.26958105646631,10.564663023679417,23.84335154826958,新约能天使,campaign_window,0.9858,0.3969,14,14
BV16mGyzGEB3,《明日方舟》六周年庆典声优祝福,"-特别感谢-

（以下排名不分先后）

卢晓彤 潘皓明 邵敏佳 Z君 周童
关根瞳 三石琴乃 石川界人 小西克幸 石见舞菜香

来自各位老师们为本次《明日方舟》2025「六周年特别直播节目」送上的祝福。
非常感谢老师们的祝福与认可！",161775300,明日方舟,2025-04-29T11:22:44+00:00,334120,31451,4080,3729,831,1676,1265,https://www.bilibili.com/video/BV16mGyzGEB3,official_public_aggregate,exact_api,2026-09-02T18:57:49.270978+08:00,493.33015628172456,other_official,,2025,677.2746318982274,52708.5,0.1577532024422363,0.03701963366455166,0.008802226744882078,0.9107468123861567,13.479052823315119,31.876138433515482,13.970856102003642,新约能天使,campaign_window,0.9861,0.39,14,14
BV19aGrzREBd,《明日方舟》限定干员「新约能天使」前瞻pv,"老姐，我记得有句老话说：“每位天使的终点都在圣城。”
是啊，我也该回来，把能让你们大吃一惊的典礼补上了！",161775300,明日方舟,2025-04-29T02:01:05+00:00,2372361,155487,64566,44941,26630,10282,22204,https://www.bilibili.com/video/BV19aGrzREBd,official_public_aggregate,exact_api,2026-09-02T18:57:14.254107+08:00,493.72019100394675,operator_pv,新约能天使,2025,4805.071867075081,480916.0,0.20271619707118774,0.07632818108205286,0.013693531465067922,73.95264116575592,83.7887067395264,69.76320582877959,75.64663023679417,新约能天使,direct_operator,1.0,0.0,14,14
BV15FLCzTEQB,蓝卡坞深夜秀：片场直击,女士们，先生们！欢迎来到《蓝卡坞深夜秀》！,161775300,明日方舟,2025-04-28T02:03:30+00:00,532437,39956,4831,4541,3089,4445,836,https://www.bilibili.com/video/BV15FLCzTEQB,official_public_aggregate,exact_api,2026-09-02T18:57:25.958176+08:00,494.71851276320604,other_official,,2025,1076.2423201551944,75052.5,0.1409603389696809,0.031932416417341396,0.009918544353604276,5.46448087431694,31.329690346083787,22.040072859744992,18.19672131147541,新约能天使,campaign_window,0.9643,-0.9983,14,14
BV1J2jAziEm3,《明日方舟》特别映像[炎：界园游览须知],春暖花开，阳光明媚，正是游园的好时节，界园欢迎各地游客前来参观游览。,161775300,明日方舟,2025-04-27T11:00:00+00:00,2610287,138481,34209,30292,60439,16856,3508,https://www.bilibili.com/video/BV1J2jAziEm3,official_public_aggregate,exact_api,2026-09-02T18:57:42.230695+08:00,495.3459433187616,animation_brand,,2025,5269.624259989641,475838.0,0.18229336467599155,0.059469322721984214,0.007801440990971491,77.77777777777779,85.24590163934425,51.54826958105647,72.14936247723134,新约能天使,campaign_window,0.9419,-1.6258,14,14
BV1Q3LozKE8E,一分（多）钟看泰拉#2,"一分（多）钟看泰拉#2

一瓶瘤奶的时间了解一个泰拉知识，关注我的频道，大地的秘密等你来揭开。",161775300,明日方舟,2025-04-27T02:00:00+00:00,1681400,89381,12680,16768,7594,3705,1656,https://www.bilibili.com/video/BV1Q3LozKE8E,official_public_aggregate,exact_api,2026-09-02T18:57:30.589921+08:00,495.7209433187616,other_official,,2025,3391.8276454961388,177444.5,0.10553378137266564,0.03200309266087784,0.0031884144165576305,52.64116575591985,75.77413479052824,5.2823315118397085,45.373406193078324,新约能天使,campaign_window,0.9285,-2.0008,14,14
BV1DGLozvEqX,《明日方舟》特别映像【罗德岛：明日】,"《明日方舟》特别映像【罗德岛：明日】

即使躯壳破碎，罗德岛也依然会存续下去。",161775300,明日方舟,2025-04-27T01:00:00+00:00,1150986,68293,12701,16431,4475,3911,1671,https://www.bilibili.com/video/BV1DGLozvEqX,official_public_aggregate,exact_api,2026-09-02T18:57:42.230695+08:00,495.76260998542824,animation_brand,,2025,2321.647451456314,146684.0,0.12744203665379075,0.043474030092459856,0.004849754905793815,30.601092896174865,64.84517304189436,12.750455373406194,35.51912568306011,新约能天使,campaign_window,0.9271,-2.0424,14,14
BV1pWLRzJECK,明日方舟 x Ave Mujica 联动前瞻预告,明日方舟 x Ave Mujica 联动sidestory筹备中🌙,161775300,明日方舟,2025-04-26T13:30:00+00:00,5501993,180728,31613,25201,120820,54527,61674,https://www.bilibili.com/video/BV1pWLRzJECK,official_public_aggregate,exact_api,2026-09-02T18:57:30.589921+08:00,496.2417766520949,other_official,,2025,11087.323274391176,769443.5,0.1398481423004355,0.03686573210834692,0.021119801497384676,96.53916211293262,92.71402550091075,21.129326047358834,72.76867030965393,新约能天使,campaign_window,0.9099,-2.5216,14,14
BV145LRzxEfK,《明日方舟》迷你剧《U探泰拉》定档PV,"开播啦————来跟随最专业、最宠粉的主播打卡泰拉大地吧！直播事故？才没有这回事呢！
《明日方舟》衍生迷你剧《U探泰拉》正式PV上线。
动画将于2025年5月16日（周五）20:00正式上线，敬请锁定追番！
更多情报内容，欢迎博士们持续关注官方自媒体账号。

各位博士别忘了4月28日20：00点击追番哦~",161775300,明日方舟,2025-04-26T13:15:00+00:00,383120,36130,5195,3984,1277,973,296,https://www.bilibili.com/video/BV145LRzxEfK,official_public_aggregate,exact_api,2026-09-02T18:57:04.096719+08:00,496.2521933187616,other_pv,,2025,772.0268145070091,59926.5,0.15641704948841095,0.03769054082271873,0.003312278137398204,1.8214936247723135,17.66848816029144,30.965391621129324,15.318761384335154,新约能天使,campaign_window,0.9096,-2.532,14,14
BV1rtLRz2Evr,主线动画《明日方舟：焰烬曙明》定档PV,"主线动画《明日方舟：焰烬曙明》定档PV

我绝不会，再让你伤害这片大地上的任何人。
主线动画《明日方舟：焰烬曙明》将于2025年7月4日22:30正式上线。

更多情报公开请持续关注官方自媒体账号。",161775300,明日方舟,2025-04-26T13:10:00+00:00,524076,41606,8537,6449,4621,1611,776,https://www.bilibili.com/video/BV1rtLRz2Evr,official_public_aggregate,exact_api,2026-09-02T18:57:46.935424+08:00,496.25566554098384,animation_brand,,2025,1056.0604873471586,88245.5,0.16838302078324519,0.049717979834985764,0.004554682908585778,4.553734061930783,30.05464480874317,40.43715846994536,22.96903460837887,新约能天使,campaign_window,0.9094,-2.5355,14,14
BV1mdLnz8Ez7,《明日方舟》× 名创优品「绒梦畅想会」合作宣传PV,"《明日方舟》× 名创优品「绒梦畅想会」合作宣传PV

软绒入梦，暖趣相逢。
明日方舟携手@MINISO名创优品  ，邀博士共享治愈时光。

更多活动详情，请关注名创优品官方自媒体账号。",161775300,明日方舟,2025-04-26T13:05:00+00:00,1478482,69783,6084,11182,11404,2893,981,https://www.bilibili.com/video/BV1mdLnz8Ez7,official_public_aggregate,exact_api,2026-09-02T18:57:16.582302+08:00,496.259137763206,other_pv,,2025,2979.253957244953,143357.0,0.09696228969984078,0.026954673780269223,0.002620255099487177,44.44444444444444,71.58469945355192,3.278688524590164,40.2367941712204,新约能天使,campaign_window,0.9093,-2.5389,14,14
BV1X4LdzKEzg,《明日方舟》「争锋频道：青草城」宣传PV,"《明日方舟》「争锋频道：青草城」宣传PV

「争锋频道：青草城」限时活动开启
关卡开放时间：04月26日 21:30 - 05月12日 03:59
解锁条件：通关主线1-10
活动说明：活动期间，玩家可通过参与活动关卡、完成每日活跃获取【争锋大礼花】，提升【青草计划】等级获取相应活动奖励
 
【青草计划】开放时间：04月26日 21:30 - 05月15日 03:59
【青草计划】主要奖励：活动家具、活动头像、模组养成材料、高级养成素材、作战记录、龙门币等
 
◆详细活动玩法介绍请关注后续官方自媒体相关内",161775300,明日方舟,2025-04-26T12:20:00+00:00,1208817,56338,9263,10605,6706,3770,883,https://www.bilibili.com/video/BV1X4LdzKEzg,official_public_aggregate,exact_api,2026-09-02T18:57:30.589921+08:00,496.290387763206,other_pv,,2025,2435.7050424614717,122288.5,0.1011637824418419,0.0307565164950526,0.003849217871687774,32.78688524590164,66.66666666666666,4.371584699453552,34.42622950819671,新约能天使,campaign_window,0.9082,-2.5702,14,14
BV15HLdz6E99,《明日方舟》六周年庆典活动宣传PV,"《明日方舟》六周年庆典即将开启

“若祈祷无用，那我们因何祈祷？”

————————————
详细活动内容敬请关注《明日方舟》官网及游戏内相关公告。",161775300,明日方舟,2025-04-26T11:50:00+00:00,5082330,161885,89180,58523,58244,15585,34629,https://www.bilibili.com/video/BV15HLdz6E99,official_public_aggregate,exact_api,2026-09-02T18:57:54.799963+08:00,496.3112210965394,event_pv,,2025,10240.207724441952,672715.0,0.13236350256673612,0.052037156186237415,0.009880114042181441,95.44626593806922,91.2568306010929,16.57559198542805,70.52823315118397,新约能天使,campaign_window,0.9075,-2.591,14,14
BV1gYLdzAEYW,《明日方舟》SideStory「众生行记」活动先导PV,"《明日方舟》SideStory「众生行记」活动先导PV

灾异当头
任何人都会渴望秩序
拉特兰的秩序

————————————
详细活动内容敬请关注《明日方舟》官网及游戏内相关公告。",161775300,明日方舟,2025-04-26T11:45:00+00:00,2283518,112332,43971,40348,31590,6233,15246,https://www.bilibili.com/video/BV1gYLdzAEYW,official_public_aggregate,exact_api,2026-09-02T18:57:54.799963+08:00,496.3146933187616,event_pv,,2025,4600.947807389201,392712.5,0.17197696711827978,0.06842818843556302,0.00940610058690144,71.22040072859745,82.33151183970855,42.98724954462659,66.08378870673953,新约能天使,campaign_window,0.9073,-2.5945,14,14
BV14cZABaEPi,《明日方舟》矢量突破#2「巫术之夜」宣传PV,矢量突破#2「巫术之夜」限时活动即将开启。,161775300,明日方舟,2026-02-19T03:00:00+00:00,1223149,64342,7325,6395,15598,11798,3262,https://www.bilibili.com/video/BV14cZABaEPi,official_public_aggregate,exact_api,2026-09-02T18:52:59.104799+08:00,197.67927665209493,other_pv,,2026,6187.54287609357,157904.0,0.12909629162105352,0.02919758753839475,0.01231248196254095,34.06193078324226,87.7959927140255,14.754098360655737,44.38979963570127,望,campaign_window,0.6429,9.9975,14,14
BV1nMcJzkEKm,《明日方舟》EP - 花街迎春,"2月17日 花街迎春 正式上架各音乐平台

【专辑介绍】
年桔清新，桃花明艳。来年丰饶绚烂，尽在枝蕊摇曳间。

【歌曲列表】
花街迎春
花街迎春 (Instrumental)",161775300,明日方舟,2026-02-17T03:00:00+00:00,426459,59458,15280,12498,6544,5729,3769,https://www.bilibili.com/video/BV1nMcJzkEKm,official_public_aggregate,exact_api,2026-09-02T18:55:47.413857+08:00,199.67927665209493,music_ep,,2026,2135.719876144322,145124.0,0.34030000539325,0.10978781078603102,0.022271777591749736,2.914389799635701,61.74863387978142,97.81420765027322,49.03460837887067,望,campaign_window,0.7144,7.9975,14,14
BV1WrcMznEDc,《明日方舟》EP - 无名策,"2 月 9 日 无名策 正式上架各音乐平台

【专辑介绍】
举世为枰，生死一念。
【歌曲列表】
无名策
无名策 (Instrumental)",161775300,明日方舟,2026-02-09T10:00:00+00:00,2170546,142136,78382,60127,26192,16446,12463,https://www.bilibili.com/video/BV1WrcMznEDc,official_public_aggregate,exact_api,2026-09-02T18:57:29.059707+08:00,207.38760998542827,music_ep,,2026,10466.131511677624,528630.5,0.24354724571605485,0.10358131087753956,0.013318768641622892,68.30601092896174,91.80327868852459,88.52459016393442,81.4207650273224,望,campaign_window,0.9897,0.2892,14,14
BV1zhcTzuEai,《明日方舟》限定干员「望」前瞻PV,"棋盘上未完的胜负与恩怨，终究需要棋手自己落下黑色的句点。
舍小取大......落子无悔。",161775300,明日方舟,2026-02-09T03:03:33+00:00,1284705,76900,23940,16484,11655,9243,8541,https://www.bilibili.com/video/BV1zhcTzuEai,official_public_aggregate,exact_api,2026-09-02T18:55:03.290808+08:00,207.67681137431714,operator_pv,望,2026,6186.078221725222,210848.0,0.1641217244425763,0.053368672185443354,0.013842866650320501,36.79417122040073,87.61384335154827,35.88342440801457,51.766848816029146,望,direct_operator,1.0,0.0,14,14
BV1N7QNYtEuo,《明日方舟》「促融共竞#1」宣传PV,《明日方舟》「促融共竞#1」宣传PV,161775300,明日方舟,2025-03-17T03:00:00+00:00,1180239,89965,18440,11186,38281,12388,13459,https://www.bilibili.com/video/BV1N7QNYtEuo,official_public_aggregate,exact_api,2026-09-02T18:57:04.878634+08:00,536.6792766520949,other_pv,,2025,2199.151432420775,289371.5,0.24518042532063422,0.06701439284755037,0.021899801650343702,31.51183970856102,62.841530054644814,88.70673952641167,58.069216757741344,死芒,campaign_window,0.5458,12.7188,14,14
BV1X49CYQEZt,《明日方舟》EP - Final Embrace,"3 月 7 日 Final Embrace 正式上架塞壬唱片官网，QQ音乐及网易云音乐等平台
塞壬唱片官网链接：https://monster-siren.hypergryph.com/music/125053

【专辑介绍】
来吧，来吧，骨骸溺于静谧，灵魂坠入永夜。
不再畏惧深渊，你终将于永恒再度睁眼。

【歌曲列表】
Final Embrace
Final Embrace (Instrumental)",161775300,明日方舟,2025-03-07T02:58:22+00:00,951109,52743,17074,17055,4810,28249,4185,https://www.bilibili.com/video/BV1X49CYQEZt,official_public_aggregate,exact_api,2026-09-02T18:57:06.422974+08:00,546.6804109113542,music_ep,,2025,1739.7897949451585,179897.0,0.18914446188607195,0.05887232693623969,0.03410124391631243,22.22222222222222,52.82331511839708,57.377049180327866,41.94899817850637,死芒,campaign_window,0.9029,2.7176,14,14
BV1Zj9nYcEvM,《明日方舟》干员「死芒」技能展示PV,"《明日方舟》干员「死芒」技能展示PV
 “人们哀悼死亡，而死亡从不哀悼。”

————————————
《明日方舟》SideStory「挽歌燃烧殆尽」活动即将开启
更多活动详情内容详见官方自媒体账号。",161775300,明日方舟,2025-03-04T09:45:00+00:00,1863127,86244,13258,7604,42821,47067,14210,https://www.bilibili.com/video/BV1Zj9nYcEvM,official_public_aggregate,exact_api,2026-09-02T18:57:04.878634+08:00,549.3980266520949,operator_pv,死芒,2025,3391.21531133533,334136.5,0.17934177326612732,0.03826201863855765,0.03288933067901437,58.46994535519126,75.591985428051,48.998178506375226,60.76502732240438,死芒,direct_operator,1.0,0.0,14,14
BV1rR93YVEnU,《明日方舟》SideStory「挽歌燃烧殆尽」活动宣传PV,"《明日方舟》SideStory「挽歌燃烧殆尽」活动即将开启

苦啤酒，一杯、两杯、三杯，浇熄彷徨，助燃拼凑故事的欲望。于是——
“红龙回到王城，挫败阴谋作乱者，击溃与自己有着相似面庞的仇敌，皆大欢喜。”
......不，故事不该这样讲述。

————————————
更多活动详情内容详见游戏内公告及官方自媒体账号。",161775300,明日方舟,2025-03-01T03:00:00+00:00,2638523,115107,31761,14986,45361,10488,22215,https://www.bilibili.com/video/BV1rR93YVEnU,official_public_aggregate,exact_api,2026-09-02T18:57:30.589921+08:00,552.6792766520949,event_pv,,2025,4774.058140886145,371523.5,0.14080737594479942,0.04058861719227007,0.012394434310407754,78.68852459016394,83.24225865209472,21.67577413479053,62.95081967213115,死芒,campaign_window,0.8828,-3.2812,14,14
BV1GiEg6PE3v,《明日方舟》EP - 夏日远去之后,"6 月 8 日 夏日远去之后 正式上架各音乐平台

【专辑介绍】
脚步与喧哗一同远去，昨日的炽热在心间珍藏。
晴云之下，夏虫鸣唱。轻风吹过，翻开下一页天空。

【歌曲列表】
夏日远去之后
夏日远去之后 (Instrumental)",161775300,明日方舟,2026-06-08T09:00:00+00:00,1146145,134087,54438,41291,24619,13284,9349,https://www.bilibili.com/video/BV1GiEg6PE3v,official_public_aggregate,exact_api,2026-09-02T18:57:32.158721+08:00,88.4292766520949,music_ep,,2026,12961.148653395072,424002.5,0.36993792233966905,0.14102840391049998,0.019747065161912325,30.2367941712204,93.80692167577413,98.72495446265937,69.85428051001821,焰狐龙梓兰,campaign_window,0.6339,10.25,14,14
BV145V46REGz,《明日方舟》干员「焰狐龙梓兰」技能展示PV,"《明日方舟》干员「焰狐龙梓兰」技能展示PV

————————————
【明日方舟 × 怪物猎人】SideStory「泡影苍霆」限时活动即将开启

更多活动详情内容详见游戏内公告。",161775300,明日方舟,2026-05-29T03:00:00+00:00,1977437,100286,16172,9840,65262,23115,21212,https://www.bilibili.com/video/BV145V46REGz,official_public_aggregate,exact_api,2026-09-02T18:53:00.696764+08:00,98.6792766520949,operator_pv,焰狐龙梓兰,2026,20039.030149883252,393374.5,0.19893149566838286,0.05113386671737203,0.0224163905095333,62.295081967213115,95.99271402550092,66.66666666666666,73.71584699453553,焰狐龙梓兰,direct_operator,1.0,0.0,14,14
BV1t2Vw6dEiE,【明日方舟×怪物猎人】SideStory「泡影苍霆」活动宣传PV,"【明日方舟×怪物猎人】SideStory「泡影苍霆」限时活动即将开启

泡影易碎，苍霆难驯；浮生若寄，猎魂长存。

———————————— 
详细活动内容敬请关注《明日方舟》游戏内相关公告。",161775300,明日方舟,2026-05-26T03:00:00+00:00,2917337,122797,36444,17247,89490,23712,15383,https://www.bilibili.com/video/BV1t2Vw6dEiE,official_public_aggregate,exact_api,2026-09-02T18:56:17.217590+08:00,101.6792766520949,event_pv,,2026,28691.55934283384,541908.5,0.18575450830671944,0.05499124715451112,0.01340092008568088,83.97085610200364,97.0856102003643,53.916211293260474,78.88888888888889,焰狐龙梓兰,campaign_window,0.8929,-3.0,14,14
BV1pSGW6gE8f,【明日方舟×怪物猎人】SideStory「泡影苍霆」先导预告,"神秘陌生的国度，迷雾重重的异兽。
未知已经逼近，狩猎正待开启。",161775300,明日方舟,2026-05-25T03:00:00+00:00,1694608,101227,17634,9752,61887,14532,3774,https://www.bilibili.com/video/BV1pSGW6gE8f,official_public_aggregate,exact_api,2026-09-02T18:54:18.034219+08:00,102.6792766520949,event_pv,,2026,16503.8949947202,365345.0,0.2155926326324436,0.05843534315900786,0.010802498276887635,53.551912568306015,95.08196721311475,77.77777777777779,73.27868852459017,焰狐龙梓兰,campaign_window,0.8571,-4.0,14,14
BV1H8W6ztEwp,《明日方舟》EP - Paper Boat,"10 月 17 日 Paper Boat 正式上架各音乐平台

【专辑介绍】
小船儿，轻轻摇，夜空为你盖被袄。
星光铺条银河路，伴你梦乡到天晓。

【歌曲列表】
Paper Boat
Paper Boat (Instrumental)",161775300,明日方舟,2025-10-17T03:00:00+00:00,852350,77714,19723,22130,7603,4325,3298,https://www.bilibili.com/video/BV1H8W6ztEwp,official_public_aggregate,exact_api,2026-09-02T18:57:06.422974+08:00,322.6792766520949,music_ep,,2025,2641.477348168793,192365.5,0.22568839091922333,0.08398662521264738,0.00894350912183962,18.94353369763206,69.03460837887067,81.78506375227687,52.82331511839708,真言,campaign_window,0.6429,10.0,14,14
BV14wWazyEBt,《明日方舟》× 三丽鸥家族「温情时光」合作宣传PV,"《明日方舟》× 三丽鸥家族「温情时光」合作宣传PV

时光煨甜，温润心间。
明日方舟再度携手HelloKitty_Sanrio官方，邀博士共赴暖意时刻。",161775300,明日方舟,2025-10-16T03:00:00+00:00,1492379,110242,22703,14350,48528,10953,12049,https://www.bilibili.com/video/BV14wWazyEBt,official_public_aggregate,exact_api,2026-09-02T18:57:16.582302+08:00,323.6792766520949,other_pv,,2025,4610.6720684626225,352386.0,0.23612366563721415,0.06696087253975029,0.015412974854242789,45.3551912568306,82.5136612021858,85.79234972677595,68.63387978142077,真言,campaign_window,0.6786,9.0,14,14
BV1ny4vzWEQs,《明日方舟》「促融共竞#2」宣传PV,《明日方舟》「促融共竞#2」宣传PV,161775300,明日方舟,2025-10-15T02:57:55+00:00,1035220,76913,12299,7944,34236,10844,12219,https://www.bilibili.com/video/BV1ny4vzWEQs,official_public_aggregate,exact_api,2026-09-02T18:57:02.539918+08:00,324.68072341135417,other_pv,,2025,3188.424582534973,242482.5,0.23423282007689186,0.06029926006066343,0.022278356291416317,25.865209471766846,73.77049180327869,85.24590163934425,58.051001821493614,真言,campaign_window,0.7143,7.9986,14,14
BV1GHx6zDE8i,《明日方舟》EP - Sealed,"10月9日 Sealed 正式上架各音乐平台

【专辑介绍】
诉说如海潮汹涌，却似光坠入黑洞，寂寂无声。
而无言者以聆听为呐喊，吞下话语的浪涛，
用沉默承接陨落的重量。

【歌曲列表】
Sealed
Sealed (Instrumental)",161775300,明日方舟,2025-10-09T03:00:15+00:00,745894,60078,19109,18077,5106,5320,3384,https://www.bilibili.com/video/BV1GHx6zDE8i,official_public_aggregate,exact_api,2026-09-02T18:57:08.768929+08:00,330.6791030409838,music_ep,,2025,2255.6429878411614,159440.0,0.2137569145213663,0.08093509265391598,0.011669218414412772,14.207650273224044,63.387978142076506,76.86703096539162,47.759562841530055,真言,campaign_window,0.9286,2.0002,14,14
BV1NUx2z4EhG,《明日方舟》干员「真言」技能展示PV,"《明日方舟》干员「真言」技能展示PV

————————————
主题曲【反常光谱】开放，限时纪念活动即将开启
更多活动详情内容详见游戏内公告。",161775300,明日方舟,2025-10-07T03:00:00+00:00,1523941,91723,11306,7059,40523,13511,13728,https://www.bilibili.com/video/BV1NUx2z4EhG,official_public_aggregate,exact_api,2026-09-02T18:53:00.696764+08:00,332.6792766520949,operator_pv,真言,2025,4580.8113307691465,277152.5,0.1818656365305481,0.0432739850164803,0.017874051554489314,46.44808743169399,82.14936247723132,51.001821493624774,58.52459016393442,真言,direct_operator,1.0,0.0,14,14
BV1XbxHzAE9H,《明日方舟》主题曲【反常光谱】开放 限时纪念活动宣传pv,"主题曲【反常光谱】开放，限时纪念活动开启

说吧，说吧。让失语者用呼号谈论，让被捆住双手的人用拳头谈论，让活在黑暗中的一切用光明谈论......
这谈论的所有，都将得到聆听。

————————————
详细活动内容敬请关注《明日方舟》游戏内相关公告。",161775300,明日方舟,2025-10-04T03:00:00+00:00,3225588,127939,37618,21984,50618,14001,497,https://www.bilibili.com/video/BV1XbxHzAE9H,official_public_aggregate,exact_api,2026-09-02T18:57:30.589921+08:00,335.6792766520949,event_pv,,2025,9609.136531067621,420247.0,0.130285392926809,0.0409860155729746,0.004494684380026215,86.88524590163934,90.52823315118397,15.664845173041893,66.6120218579235,真言,campaign_window,0.8929,-3.0,14,14
BV1ch4y1w7xM,《明日方舟》EP - Missy,"8月2日 Missy 正式上架塞壬唱片官网，网易云音乐及QQ音乐等平台
塞壬唱片官网链接：https://monster-siren.hypergryph.com/music/880334 

【专辑介绍】
瞬息纷争荣华
炽热明灭于心

【歌曲列表】
Missy",161775300,明日方舟,2023-08-02T03:00:00+00:00,1684625,140731,52742,43571,22137,5448,3058,https://www.bilibili.com/video/BV1ch4y1w7xM,official_public_aggregate,exact_api,2026-09-02T18:57:37.585855+08:00,1129.6792766520948,music_ep,,2023,1491.2418372341363,409469.0,0.24306240261185724,0.0961763003635824,0.005049194924686503,52.82331511839708,46.81238615664845,87.97814207650273,61.56648451730419,纯烬艾雅法拉,campaign_window,0.8213,5.0049,14,14
BV1H14y1B7zQ,《明日方舟》EP - Miss You,"8月1日 Miss You 正式上架塞壬唱片官网，网易云音乐及QQ音乐等平台
塞壬唱片官网链接：https://monster-siren.hypergryph.com/music/514540

【专辑介绍】
Magma is formed from molten rocks.
Though separated by vast distances, 
they all converge into a singular life force of molten heat.
With the long da",161775300,明日方舟,2023-08-01T02:59:23+00:00,3511840,208542,99537,86890,24816,11585,14139,https://www.bilibili.com/video/BV1H14y1B7zQ,official_public_aggregate,exact_api,2026-09-02T18:57:52.413633+08:00,1130.6797048928356,music_ep,,2023,3105.9547498757374,680291.0,0.19371355187024467,0.08489367397147934,0.007324935076768874,89.43533697632058,73.04189435336977,62.11293260473588,76.32058287795992,纯烬艾雅法拉,campaign_window,0.857,4.0045,14,14
BV17V41157KR,《明日方舟》限定干员「纯烬艾雅法拉」前瞻PV,"但在这无比短暂的时间里，
我很愿意注视着眼前美丽的风景......
还有你，阿黛尔",161775300,明日方舟,2023-07-28T02:52:57+00:00,1602597,153679,53453,23332,21941,6726,13380,https://www.bilibili.com/video/BV17V41157KR,official_public_aggregate,exact_api,2026-09-02T18:54:16.465616+08:00,1134.6841724854282,operator_pv,纯烬艾雅法拉,2023,1412.3727455276378,389851.0,0.24326203031704166,0.07616262853356147,0.012545886458042789,50.09107468123861,44.44444444444444,88.16029143897997,59.81785063752277,纯烬艾雅法拉,direct_operator,1.0,0.0,14,14
BV1iV411L7aV,《明日方舟》2023夏日嘉年华特别通讯视频,"《明日方舟》2023夏日嘉年华特别通讯计划现已结束，感谢大家的支持。
关于《明日方舟》2023夏日嘉年华限时活动详情内容详见官网、游戏内公告及官方自媒体账号。",161775300,明日方舟,2023-07-23T12:40:00+00:00,1367895,106870,28823,13187,8968,7240,25906,https://www.bilibili.com/video/BV1iV411L7aV,official_public_aggregate,exact_api,2026-09-02T18:57:42.230695+08:00,1139.276498874317,other_official,,2023,1200.6699000212623,241607.0,0.17662686097982666,0.046907840148549415,0.024231392029358978,40.07285974499089,36.6120218579235,45.90163934426229,40.783242258652095,纯烬艾雅法拉,campaign_window,0.836,-4.5923,14,14
BV1xM4y1p7YE,《明日方舟》2023「夏日嘉年华」限时活动宣传PV,"--重铸未来 方舟启航--
《明日方舟》2023「夏日嘉年华」限时活动宣传PV

↓↓《明日方舟》bilibili服下载↓↓
https://www.biligame.com/detail/?id=101772

叮，咚。是谁弄翻了货箱，又是谁打碎了汽水瓶？
慵懒的，贪吃的，调皮的，幸福的......嘘——别惊扰了这段梦中之旅。

————————————
详细活动内容敬请关注《明日方舟》官网及游戏内相关公告。",161775300,明日方舟,2023-07-23T12:15:00+00:00,2358519,113657,41753,17733,17956,8448,16086,https://www.bilibili.com/video/BV1xM4y1p7YE,official_public_aggregate,exact_api,2026-09-02T18:57:54.799963+08:00,1139.293859985428,event_pv,,2023,2070.1586156447524,307212.0,0.13025631762983467,0.0403537134956301,0.010402290589984648,73.224043715847,60.65573770491803,15.482695810564662,52.13114754098361,纯烬艾雅法拉,campaign_window,0.8354,-4.6097,14,14
BV1Fz4y1x7Wa,《明日方舟》SideStory「火山旅梦」活动先导PV,"--重铸未来 方舟启航--
《明日方舟》SideStory「火山旅梦」活动先导PV

↓↓《明日方舟》bilibili服下载↓↓
https://www.biligame.com/detail/?id=101772

________________________
奇妙也是生活的一部分。
小家伙，你现在开心吗？",161775300,明日方舟,2023-07-23T12:10:00+00:00,1263512,105982,33954,18449,13864,4049,6381,https://www.bilibili.com/video/BV1Fz4y1x7Wa,official_public_aggregate,exact_api,2026-09-02T18:57:10.340949+08:00,1139.2973322076505,event_pv,,2023,1109.0274367198376,261644.0,0.20707678280855266,0.06704803753347811,0.008254769246354605,36.0655737704918,32.60473588342441,73.95264116575592,46.393442622950815,纯烬艾雅法拉,campaign_window,0.8352,-4.6132,14,14
BV18X4y1n7xC,主线动画《明日方舟：冬隐归路》先导PV2,"我听人说过……关于雪怪的传说……

主线动画《明日方舟：冬隐归路》 锐意制作中",161775300,明日方舟,2023-07-22T13:20:24+00:00,844472,105368,25079,10686,17816,4877,2965,https://www.bilibili.com/video/BV18X4y1n7xC,official_public_aggregate,exact_api,2026-09-02T18:57:40.658319+08:00,1140.2484433187615,animation_brand,,2023,740.6035105315414,239144.0,0.2831876012466962,0.07610317452798909,0.009286275921522561,18.397085610200364,15.664845173041893,95.26411657559198,40.63752276867031,纯烬艾雅法拉,campaign_window,0.8013,-5.5643,14,14
BV1FV4y1t7Cp,《明日方舟》2023「音律联觉-愚夜密函」官方录播,2023明日方舟音律联觉-愚夜密函官方录播已正式上线，本次录播bilibili大会员抢先观看1个月，后续可免费观看。,161775300,明日方舟,2023-07-22T04:00:02+00:00,11836112,153492,72003,48048,11474,6400,47634,https://www.bilibili.com/video/BV1FV4y1t7Cp,official_public_aggregate,exact_api,2026-09-02T18:57:48.485422+08:00,1140.63758683728,offline_event,,2023,10376.750807255754,461433.0,0.03898518364814392,0.015171620545665671,0.004565181539343325,99.81785063752277,91.62112932604735,0.18214936247723132,67.46812386156647,纯烬艾雅法拉,campaign_window,0.7874,-5.9534,14,14
BV1Tz4y1t7DT,2023明日方舟音律联觉-愚夜密函官方录播即将上线,"2023明日方舟音律联觉-愚夜密函官方录播即将上线！

一、2023明日方舟音律联觉-愚夜密函官方录播7月22日12:00将于bilibili独家上线，本次录播bilibili大会员抢先观看1个月，后续可免费观看。

二、2023明日方舟音律联觉-愚夜密函个性装扮套装将于7月22日19:00在哔哩哔哩正式开售，并同步开启优惠活动。

三、2023明日方舟音律联觉-愚夜密函 蓝光典藏礼盒即将开启预售，更多详情可关注微博@明日方舟朝陇山。",161775300,明日方舟,2023-07-21T04:00:00+00:00,741398,58015,7886,1966,3548,2498,958,https://www.bilibili.com/video/BV1Tz4y1t7DT,official_public_aggregate,exact_api,2026-09-02T18:57:48.485422+08:00,1141.637609985428,offline_event,,2023,649.4162363917419,92589.0,0.12488434012500708,0.020725710077448282,0.004661463883096528,13.661202185792352,12.021857923497267,11.475409836065573,12.513661202185792,纯烬艾雅法拉,campaign_window,0.7517,-6.9534,14,14
BV1RhtV6iEt3,《明日方舟》干员「结城理」技能展示PV,"《明日方舟》干员「结城理」技能展示PV

————————————
【明日方舟 × 女神异闻录３ Reload】SideStory「月行水上」限时活动即将开启

更多活动详情内容详见游戏内公告。",161775300,明日方舟,2026-09-02T03:00:00+00:00,1205190,74075,14699,8531,59724,13492,5822,https://www.bilibili.com/video/BV1RhtV6iEt3,official_public_aggregate,exact_api,2026-09-02T18:57:54.799963+08:00,2.6792766520949076,operator_pv,结城理,2026,449819.1700575864,322856.0,0.26788805084675443,0.07590919274139347,0.016025688895526847,31.876138433515482,99.81785063752277,93.80692167577413,70.83788706739526,结城理,direct_operator,1.0,0.0,14,14
BV1zCtA6mEay,【明日方舟×女神异闻录３ Reload】SideStory「月行水上」活动宣传PV,"【明日方舟 × 女神异闻录３ Reload】SideStory「月行水上」限时活动即将开启

“您只需支付一项代价——为自己的选择负起相应的责任。”

———————————— 
详细活动内容敬请关注《明日方舟》游戏内相关公告。",161775300,明日方舟,2026-08-29T03:00:00+00:00,4493069,286817,106530,55193,149996,35530,31635,https://www.bilibili.com/video/BV1zCtA6mEay,official_public_aggregate,exact_api,2026-09-02T18:57:54.799963+08:00,6.679276652094908,event_pv,,2026,672687.9621898549,1129363.5,0.25135681201423793,0.0816617772840791,0.014948579690185038,94.1712204007286,100.0,90.89253187613843,94.93624772313298,结城理,campaign_window,0.8571,-4.0,14,14
BV1PLhw6fELK,【明日方舟×女神异闻录３ Reload】SideStory「月行水上」先导预告,推开门扉，步入月影，向夜色深处寻求答案。,161775300,明日方舟,2026-08-28T03:00:00+00:00,1997088,135424,31014,18867,81887,28801,6390,https://www.bilibili.com/video/BV1PLhw6fELK,official_public_aggregate,exact_api,2026-09-02T18:57:50.067339+08:00,7.679276652094908,event_pv,,2026,260061.99417951613,527243.5,0.26400614294412666,0.07542732218109567,0.01762115640372382,63.57012750455373,99.63570127504553,92.89617486338798,83.18761384335156,结城理,campaign_window,0.8214,-5.0,14,14
BV1n62AYKEYA,《明日方舟》SideStory「追迹日落以西」概念pv,"维娜·维多利亚，
以议长的名义向你们宣誓......
若旧日的旗帜不再庇护她的子民，
我愿持剑向前。",161775300,明日方舟,2024-10-09T11:31:31+00:00,621583,55148,12531,8673,3061,3032,1469,https://www.bilibili.com/video/BV1n62AYKEYA,official_public_aggregate,exact_api,2026-09-02T18:55:56.880653+08:00,695.3240567446875,event_pv,,2024,893.9472091762185,112021.5,0.18021969712813896,0.052990509714712274,0.007241189028657476,9.47176684881603,24.59016393442623,49.72677595628415,26.083788706739526,维娜·维多利亚,campaign_window,0.8445,4.3552,14,14
BV1px4je5E24,《明日方舟》EP - Reforge,"10月09日 Reforge 正式上架塞壬唱片官网，QQ音乐及网易云音乐等平台

塞壬唱片官网链接：https://monster-siren.hypergryph.com/music/953965

【专辑介绍】
旧章终结，余音浸满前路。
剑自不屈中重铸，呼喊撕裂沉寂：
维多利亚，维多利亚。

【歌曲列表】
Reforge",161775300,明日方舟,2024-10-09T03:00:00+00:00,876174,74516,26204,19075,6175,5061,5945,https://www.bilibili.com/video/BV1px4je5E24,official_public_aggregate,exact_api,2026-09-02T18:57:06.422974+08:00,695.6792766520949,music_ep,,2024,1259.4510565508326,194163.0,0.22160324319142088,0.0804965680332902,0.012561431861707835,19.12568306010929,39.162112932604735,79.78142076502732,43.33333333333333,维娜·维多利亚,campaign_window,0.8571,4.0,14,14
BV1YP4jebEST,《明日方舟》干员「维娜·维多利亚」前瞻PV,当传说的余晖散尽，我们自身即是希望的火种。,161775300,明日方舟,2024-10-05T03:00:00+00:00,2099114,147162,61739,27546,47854,9523,10456,https://www.bilibili.com/video/BV1YP4jebEST,official_public_aggregate,exact_api,2026-09-02T18:55:07.174643+08:00,699.6792766520949,operator_pv,维娜·维多利亚,2024,3000.108864227164,488806.5,0.2328632461124074,0.07845452891076903,0.00951782513955888,67.21311475409836,72.31329690346084,84.51730418943534,73.9344262295082,维娜·维多利亚,direct_operator,1.0,0.0,14,14
BV1A14KeDEmW,《明日方舟》SideStory「追迹日落以西」活动宣传PV,"SideStory「追迹日落以西」限时活动即将开启

绵延千年的古老帝国，连落日余晖都是那样耀眼。
谁在其中瞥见一种终结，谁在其中看见一条道路？

———————————— 
详细活动内容敬请关注《明日方舟》官网及游戏内相关公告。",161775300,明日方舟,2024-10-02T03:03:59+00:00,3404265,163471,59381,23419,74078,17504,21186,https://www.bilibili.com/video/BV1A14KeDEmW,official_public_aggregate,exact_api,2026-09-02T18:57:32.950327+08:00,702.6765104483912,event_pv,,2024,4844.7115413430765,588154.0,0.17276974618603427,0.052962093139047636,0.011365155180339957,88.34244080145719,84.51730418943534,43.71584699453552,73.80692167577413,维娜·维多利亚,campaign_window,0.893,-2.9972,14,14
BV1ED4y1x7Vc,《明日方舟》危机合约新赛季「赝波行动」宣传PV,"--重铸未来 方舟启航--
《明日方舟》危机合约新赛季「赝波行动」宣传PV

↓↓《明日方舟》bilibili服下载↓↓
https://www.biligame.com/detail/?id=101772

____________________________
一、2022「感谢庆典」，#11赛季「赝波行动」开启
二、2022「感谢庆典」，【联合行动】特选干员定向寻访开启
三、「感谢庆典」，“资源收集”关卡限时全天开放

更多活动内容请持续关注《明日方舟》官方公告。",161775300,明日方舟,2022-11-10T03:00:00+00:00,2060821,137858,28968,15267,25443,7344,828,https://www.bilibili.com/video/BV1ED4y1x7Vc,official_public_aggregate,exact_api,2026-09-02T18:57:53.192668+08:00,1394.6792766520948,gameplay_system,,2022,1477.630760347259,314087.0,0.15240867595972674,0.04121900931716049,0.003965409902170058,65.20947176684882,46.63023679417122,27.322404371584703,48.26958105646631,缄默德克萨斯,campaign_window,0.5357,12.9999,14,14
BV1wd4y1C7YM,《明日方舟》EP - Go My Way,"11月3日 Go My Way 正式上架塞壬唱片官网，网易云音乐及QQ音乐等平台
塞壬唱片官网链接：https://monster-siren.hypergryph.com/music/514564

【专辑介绍】
沿着狼群奔驰的方向，
我们前进在蜿蜒的道路之上，
昼夜交替，前路漫漫，永无止境。

【歌曲列表】
Go My Way",161775300,明日方舟,2022-11-03T03:00:00+00:00,1079389,79413,17856,20779,3546,5099,2350,https://www.bilibili.com/video/BV1wd4y1C7YM,official_public_aggregate,exact_api,2026-09-02T18:57:39.895344+08:00,1401.6792766520948,music_ep,,2022,770.0684585835614,176144.5,0.16318908197137455,0.058329295555170566,0.006901126470623659,28.233151183970858,17.48633879781421,35.51912568306011,27.19489981785064,缄默德克萨斯,campaign_window,0.7857,5.9999,14,14
BV1Ce4y1y7Ly,《明日方舟》EP - Sentenced,"11月2日 Sentenced 正式上架塞壬唱片官网，网易云音乐及QQ音乐等平台
塞壬唱片官网链接：https://monster-siren.hypergryph.com/music/125090

【专辑介绍】
落下的木槌敲响了法庭，
我曾秉持的不过一杆歪曲的天平。
是的，过往终须弥补，
《Sentenced》，一百万次忏悔与低鸣。

【歌曲列表】
Sentenced",161775300,明日方舟,2022-11-02T03:00:00+00:00,1840979,104701,47106,46201,9825,3480,2710,https://www.bilibili.com/video/BV1Ce4y1y7Ly,official_public_aggregate,exact_api,2026-09-02T18:57:46.174104+08:00,1402.6792766520948,music_ep,,2022,1312.4732293714612,327365.0,0.1778211484215735,0.08111608008565008,0.0033623414498481514,57.01275045537341,41.712204007285976,47.35883424408014,49.526411657559194,缄默德克萨斯,campaign_window,0.8214,4.9999,14,14
BV1Ld4y1C7kY,《明日方舟》EP - Thorns In You,"11月1日 Thorns In You 正式上架塞壬唱片官网，网易云音乐及QQ音乐等平台
塞壬唱片官网链接：https://monster-siren.hypergryph.com/music/697641

【专辑介绍】
春去秋来的过去，是一抔纠缠不休的土壤，暗自滋生出荆棘。

【歌曲列表】
Thorns In You",161775300,明日方舟,2022-11-01T03:00:00+00:00,2188023,125195,41132,35814,8786,6120,8776,https://www.bilibili.com/video/BV1Ld4y1C7kY,official_public_aggregate,exact_api,2026-09-02T18:57:46.174104+08:00,1403.6792766520948,music_ep,,2022,1558.7770200744415,319013.0,0.1457996556708956,0.05555060435836369,0.006807972311077169,69.2167577413479,47.72313296903461,23.497267759562842,49.052823315118395,缄默德克萨斯,campaign_window,0.8571,3.9999,14,14
BV1h14y1L7UV,《明日方舟》2022「音律联觉-灯下定影」幕后制作记录,"2022明日方舟音律联觉-灯下定影 幕后制作记录公开

遗憾无法线下相见
但所有的美好，仍希望能以线上播出的方式带给所有博士。",161775300,明日方舟,2022-10-30T04:00:00+00:00,914243,92721,52298,878,17538,6917,1095,https://www.bilibili.com/video/BV1h14y1L7UV,official_public_aggregate,exact_api,2026-09-02T18:57:48.485422+08:00,1405.637609985428,offline_event,,2022,650.4115950692851,262610.0,0.28724310713891166,0.07830740842423732,0.008763534421373748,20.76502732240437,12.386156648451731,95.62841530054644,40.7103825136612,缄默德克萨斯,campaign_window,0.9271,2.0415,14,14
BV1Wt4y1T78v,《明日方舟》2022「感谢庆典」前瞻特别节目（附字幕）,"再次感谢大家的支持，之后我们将在官方自媒体账号陆续更新《明日方舟》2022「感谢庆典」相关具体内容。
更多活动详情详见官网、游戏内公告及双微。",161775300,明日方舟,2022-10-28T13:43:10+00:00,842183,73824,16117,9468,3089,2697,5714,https://www.bilibili.com/video/BV1Wt4y1T78v,official_public_aggregate,exact_api,2026-09-02T18:57:48.485422+08:00,1407.2326331335764,other_official,,2022,598.4675029349315,141163.5,0.1676161831810901,0.04528944421818061,0.009987140562086862,18.21493624772313,10.564663023679417,39.708561020036434,22.367941712204008,缄默德克萨斯,campaign_window,0.9841,0.4465,14,14
BV1jG411A79W,《明日方舟》2022「感谢庆典」声优祝福,"-特别感谢-

（以下排名不分先后）

刘雯 包少爷 翁媛 郑武文杰
梁爽 浅仓杏美 逢坂良太
小山力也 佐藤聪美 今井麻美

来自各位老师们为本次《明日方舟》2022「感谢庆典」送上的祝福。
非常感谢老师们的祝福与认可！",161775300,明日方舟,2022-10-28T12:47:44+00:00,425701,53033,6947,5900,1192,1288,2693,https://www.bilibili.com/video/BV1jG411A79W,official_public_aggregate,exact_api,2026-09-02T18:57:43.803277+08:00,1407.2711285039468,other_official,,2022,302.501054258505,85581.5,0.20103664308986824,0.046838038905241006,0.009351634128179168,2.73224043715847,2.5500910746812386,67.94171220400729,22.240437158469945,缄默德克萨斯,campaign_window,0.9854,0.408,14,14
BV19P411A7jC,《明日方舟》限定干员「缄默德克萨斯」前瞻PV,"""Fattene una ragione!""
""Sei ancora ...""
""... una siracusana.""",161775300,明日方舟,2022-10-28T03:00:11+00:00,2062719,146654,46634,28381,28035,4519,11678,https://www.bilibili.com/video/BV19P411A7jC,official_public_aggregate,exact_api,2026-09-02T18:57:48.485422+08:00,1407.67914933728,operator_pv,缄默德克萨斯,2022,1465.3332053480408,393406.5,0.19072229421457795,0.0637173555874552,0.007852257142150725,65.39162112932605,46.26593806921676,59.38069216757741,57.850637522768665,缄默德克萨斯,direct_operator,1.0,0.0,14,14
BV1oe4y147aZ,《明日方舟》2022「音律联觉-灯下定影」尤里卡的电影测评时间,"大家好，欢迎来到尤里卡的直播间！
听说年导的四部大作马上就要上映了，来跟随尤里卡速览一遍吧！",161775300,明日方舟,2022-10-28T02:00:00+00:00,1079695,87161,15376,10635,7725,4379,3937,https://www.bilibili.com/video/BV1oe4y147aZ,official_public_aggregate,exact_api,2026-09-02T18:57:48.485422+08:00,1407.7209433187616,offline_event,,2022,766.9808459726212,170895.0,0.1582808107845271,0.04109586503595923,0.007702175151315881,28.415300546448087,17.122040072859747,32.78688524590164,26.33879781420765,缄默德克萨斯,campaign_window,0.9985,-0.0418,14,14
BV1Hm4y1F7oo,《明日方舟》特别映像 [维多利亚：红龙的誓言],"这是很久很久以前的，维多利亚的故事
那时春天还没有离开大地，石头还没有垒成城堡
小小的女孩，与两条红龙成了朋友",161775300,明日方舟,2022-10-24T03:00:00+00:00,849158,79782,18611,14223,7407,2918,707,https://www.bilibili.com/video/BV1Hm4y1F7oo,official_public_aggregate,exact_api,2026-09-02T18:57:46.174104+08:00,1411.6792766520948,animation_brand,,2022,601.5233162690063,172401.5,0.2030264096905405,0.06413882928736465,0.00426893463878336,18.579234972677597,10.746812386156648,70.12750455373407,31.693989071038253,缄默德克萨斯,campaign_window,0.8571,-4.0001,14,14
BV1VV4y157pr,明日方舟2022感谢庆典印象曲 -  Running In the Dark by MONKEY MAJIK,"塞壬唱片-MSR携手MONKEY MAJIK乐队, 打造明日方舟2022感谢庆典印象曲 <Running In the Dark>
正式曲目已于2022年10月24日上线
专辑链接：https://music.163.com/#/album?id=153340389

I could be dreaming but I feel so wide awake 
A secret yearning that is deep inside of me
I can feel you but I cannot se",161775300,明日方舟,2022-10-24T02:00:00+00:00,7622726,430432,359549,289754,78953,11346,14627,https://www.bilibili.com/video/BV1VV4y157pr,official_public_aggregate,exact_api,2026-09-02T18:57:52.413633+08:00,1411.7209433187616,other_official,,2022,5399.59829602019,1990229.5,0.2610915701285865,0.13354933654968051,0.0034073112427234035,97.99635701275045,85.97449908925319,92.53187613843352,92.7504553734062,缄默德克萨斯,campaign_window,0.8557,-4.0418,14,14
BV17W4y1E7hK,三探泰拉  DISCOVERED TERRA 3.0,"三探泰拉
DISCOVERED TERRA 3.0",161775300,明日方舟,2022-10-23T13:15:29+00:00,1314376,82363,23702,18641,13723,7496,4046,https://www.bilibili.com/video/BV17W4y1E7hK,official_public_aggregate,exact_api,2026-09-02T18:57:49.270978+08:00,1412.2518576706134,other_official,,2022,930.6951822091769,221485.0,0.16850961977394596,0.05683837805924637,0.008781353280948525,37.704918032786885,25.318761384335154,40.80145719489982,34.91803278688525,缄默德克萨斯,campaign_window,0.8367,-4.5727,14,14
BV1cP411K7C6,《明日方舟：黎明前奏》主线动画正式pv,"主线动画《明日方舟：黎明前奏》将于2022年10月29日00:23正式上线，敬请期待。

追番活动正在进行中，请前往主题官网及bilibili追番页了解活动详情。
更多动画相关情报，请博士们持续关注主题官网。

主题官网链接：https://ak.hypergryph.com/anime/
bilibili追番页链接：https://www.bilibili.com/blackboard/activity-Hwxv9c3J53.html",161775300,明日方舟,2022-10-23T13:10:29+00:00,706059,64131,18562,9894,7766,2620,1492,https://www.bilibili.com/video/BV1cP411K7C6,official_public_aggregate,exact_api,2026-09-02T18:57:40.658319+08:00,1412.2553298928356,animation_brand,,2022,499.9513792265716,149017.0,0.21105460025295336,0.06531465500758435,0.00582387590838726,12.568306010928962,6.375227686703097,76.32058287795994,29.836065573770494,缄默德克萨斯,campaign_window,0.8366,-4.5762,14,14
BV1rD4y1r7XA,《明日方舟》2022「感谢庆典」活动宣传PV,"--重铸未来 方舟启航--
《明日方舟》2022「感谢庆典」活动宣传PV

↓↓《明日方舟》bilibili服下载↓↓
https://www.biligame.com/detail/?id=101772

“你们没有变得更文明，你们只是变得更虚伪了。”",161775300,明日方舟,2022-10-23T12:25:29+00:00,3467248,130059,52697,26300,22875,11059,20907,https://www.bilibili.com/video/BV1rD4y1r7XA,official_public_aggregate,exact_api,2026-09-02T18:57:48.485422+08:00,1412.2865798928356,event_pv,,2022,2455.0597940703333,383720.0,0.11066990304702749,0.03696649331112167,0.009219415513398523,89.07103825136612,67.21311475409836,6.193078324225866,57.650273224043715,缄默德克萨斯,campaign_window,0.8355,-4.6074,14,14
BV1b8411e7V8,《明日方舟》SideStory「叙拉古人」活动先导PV,"--重铸未来 方舟启航--
《明日方舟》SideStory「叙拉古人」活动先导PV

↓↓《明日方舟》bilibili服下载↓↓
https://www.biligame.com/detail/?id=101772

________________________

当剧院的幕布拉开，演员已经就位，好戏即将开场。",161775300,明日方舟,2022-10-23T12:20:29+00:00,2192135,126876,56169,42936,38193,3782,6460,https://www.bilibili.com/video/BV1b8411e7V8,official_public_aggregate,exact_api,2026-09-02T18:57:46.935424+08:00,1412.2900521150577,event_pv,,2022,1552.1846923137637,448568.0,0.2046260837037865,0.08221847650806177,0.004672157508547603,69.39890710382514,47.540983606557376,71.76684881602914,63.55191256830601,缄默德克萨斯,campaign_window,0.8353,-4.6109,14,14
BV1Ro69B5EJ9,《明日方舟》× 《轻松小熊》「慵懒心意」合作宣传PV,"《明日方舟》× 《轻松小熊》「慵懒心意」合作宣传PV

偷闲半日，舒展心事。
明日方舟携手轻松小熊，邀博士共度慵懒时光。",161775300,明日方舟,2026-01-11T02:57:53+00:00,1058518,80866,13695,8260,21734,8416,2244,https://www.bilibili.com/video/BV1Ro69B5EJ9,official_public_aggregate,exact_api,2026-09-02T18:53:38.474955+08:00,236.68074655950232,other_pv,,2026,4472.345196586935,203724.0,0.19246153584539893,0.0490771059160071,0.010070683729516172,26.958105646630237,81.4207650273224,61.20218579234973,53.57012750455373,缇缇,campaign_window,0.8215,4.9976,14,14
BV1JJrwBkE43,《明日方舟》EP - Wanna Know Me? (Too Bad),"1 月 9 日 Wanna Know Me? (Too Bad) 正式上架各音乐平台

【专辑介绍】
心绪驰骋辽远天际，奇想如云朵忽暗忽明。

【歌曲列表】
Wanna Know Me? (Too Bad)
Wanna Know Me? (Too Bad) (Instrumental)",161775300,明日方舟,2026-01-09T03:04:49+00:00,1265958,86766,24368,30738,11143,5714,1714,https://www.bilibili.com/video/BV1JJrwBkE43,official_public_aggregate,exact_api,2026-09-02T18:57:09.557348+08:00,238.67593174468752,music_ep,,2026,5304.0873905719145,239835.0,0.18944941301370188,0.07661154635461839,0.005867493234372704,36.247723132969035,85.61020036429873,57.5591985428051,57.449908925318766,缇缇,campaign_window,0.8928,3.0024,14,14
BV1JcifBWEks,《明日方舟》干员「缇缇」技能展示PV,"《明日方舟》干员「缇缇」技能展示PV

————————————
《明日方舟》SideStory「雅赛努斯复仇记」活动即将开启

更多活动详情内容详见游戏内公告。",161775300,明日方舟,2026-01-06T03:01:24+00:00,1062017,57122,5733,4126,16666,10945,3711,https://www.bilibili.com/video/BV1JcifBWEks,official_public_aggregate,exact_api,2026-09-02T18:57:09.557348+08:00,241.6783044298727,operator_pv,缇缇,2026,4394.341488390255,145111.0,0.13663717247464024,0.02886111992557558,0.013800155741386438,27.322404371584703,80.69216757741347,19.30783242258652,40.92896174863388,缇缇,direct_operator,1.0,0.0,14,14
BV1NEi8BJETo,《明日方舟》SideStory「雅赛努斯复仇记」活动宣传pv,"《明日方舟》SideStory「雅赛努斯复仇记」活动即将开启

我们向往着英雄......
但这英雄，又该由谁来定义？

————————————
更多活动详情内容详见游戏内公告。",161775300,明日方舟,2026-01-03T03:00:00+00:00,2110171,90513,17889,9670,33332,13934,9346,https://www.bilibili.com/video/BV1NEi8BJETo,official_public_aggregate,exact_api,2026-09-02T18:55:15.066174+08:00,244.67927665209493,event_pv,,2026,8624.232623510712,271201.0,0.12852086394894063,0.03343852228089572,0.01103228127009612,67.39526411657559,89.79963570127505,13.661202185792352,57.99635701275046,缇缇,campaign_window,0.8928,-3.001,14,14
BV1UcBLBHEQY,"《明日方舟》EP - Slowly Flow, Hearthlight Glow","12月24日 Slowly Flow, Hearthlight Glow 正式上架各音乐平台

【专辑介绍】
未启封的期待在树下闪耀，笑容缀满糖霜般的星光。
就让时光放慢脚步，让相聚的欢歌悠长回响。

【歌曲列表】
Slowly Flow, Hearthlight Glow
Slowly Flow, Hearthlight Glow (Instrumental)",161775300,明日方舟,2025-12-24T09:00:20+00:00,505798,57677,12250,11390,4612,5242,550,https://www.bilibili.com/video/BV1UcBLBHEQY,official_public_aggregate,exact_api,2026-09-02T18:55:28.454116+08:00,254.42904517061345,music_ep,,2025,1987.9727161685691,126931.0,0.2509519610595534,0.07837516162578737,0.011451211748563657,4.189435336976321,59.19854280510018,90.52823315118397,46.59380692167578,缇缇,campaign_window,0.5446,-12.7507,14,14
BV1hrBKBAEuA,「星语共愿」特别纪念PV,"承载无数心意的今天，繁星与我们一同许下心愿。
愿长风作引，引她走向被祝福照亮的明天。",161775300,明日方舟,2025-12-23T12:25:00+00:00,1874072,265293,185792,75194,33076,32842,57206,https://www.bilibili.com/video/BV1hrBKBAEuA,official_public_aggregate,exact_api,2026-09-02T18:57:38.341448+08:00,255.2869155409838,other_pv,,2025,7341.042121287787,964359.0,0.5145794825385578,0.19703405205349633,0.04804938124042193,59.38069216757741,89.07103825136612,100.0,80.47358834244079,缇缇,campaign_window,0.514,-13.6086,14,14
BV1hrBKBAEWz,「特别的一天」纪念录像2025,"小小寿星呀，愿你的理想快快实现，也愿你每天都能绽放如此的笑颜。
阿米娅，生日快乐。",161775300,明日方舟,2025-12-23T12:25:00+00:00,892807,137926,77930,37489,7676,13605,30978,https://www.bilibili.com/video/BV1hrBKBAEWz,official_public_aggregate,exact_api,2026-09-02T18:53:14.104891+08:00,255.2869155409838,other_official,,2025,3497.2689380026945,427688.5,0.47903802277535906,0.17986418117241465,0.04993576439252828,20.036429872495447,76.50273224043715,99.4535519125683,60.80145719489982,缇缇,campaign_window,0.514,-13.6086,14,14
BV1WL411a7hp,《明日方舟》EP -The cure,"5月3日 The cure 正式上架塞壬唱片官网，网易云音乐及QQ音乐等平台
塞壬唱片官网链接：https://monster-siren.hypergryph.com/music/953986

【专辑介绍】
在你们的宏图伟业中，
是否会有那些嚎哭的容身之地？

【歌曲列表】
The cure",161775300,明日方舟,2023-05-03T02:52:48+00:00,988125,84453,26837,23196,3448,6620,1182,https://www.bilibili.com/video/BV1WL411a7hp,official_public_aggregate,exact_api,2026-09-02T18:56:42.956408+08:00,1220.684276652095,music_ep,,2023,809.48449889932,205384.0,0.20785224541429476,0.07759848197343454,0.007895762175838077,24.59016393442623,20.21857923497268,74.4990892531876,38.25136612021858,缪尔赛思,campaign_window,0.8213,5.0023,14,14
BV1f14y1Z726,《明日方舟》EP -Dormant Craving,"5月2日 Dormant Craving 正式上架塞壬唱片官网，网易云音乐及QQ音乐等平台
塞壬唱片官网链接：https://monster-siren.hypergryph.com/music/125075 

【专辑介绍】
尾尖扫过废墟，
露水沾湿耳羽，
历史埋没在我的骨血中。

【歌曲列表】
Dormant Craving",161775300,明日方舟,2023-05-02T03:00:00+00:00,2085584,108038,40581,48414,9524,5719,1854,https://www.bilibili.com/video/BV1f14y1Z726,official_public_aggregate,exact_api,2026-09-02T18:57:53.192668+08:00,1221.6792766520948,music_ep,,2023,1707.1452711511654,324105.5,0.15540275529539926,0.07045172958749205,0.0036311172314325386,66.3023679417122,52.27686703096539,30.05464480874317,51.22040072859745,缪尔赛思,campaign_window,0.8569,4.0073,14,14
BV14X4y1U7iR,《明日方舟》EP -Morning Dew,"5月1日 Morning Dew 正式上架塞壬唱片官网，网易云音乐及QQ音乐等平台
塞壬唱片官网链接：https://monster-siren.hypergryph.com/music/232276

【专辑介绍】
This room was built for one chair only
I’m not empty I’m just lonely
Oh no
I whisper as you fade

【歌曲列表】
Morning Dew",161775300,明日方舟,2023-05-01T03:09:25+00:00,2840198,158803,80596,64292,14174,12246,11537,https://www.bilibili.com/video/BV14X4y1U7iR,official_public_aggregate,exact_api,2026-09-02T18:57:35.244352+08:00,1222.672737300243,music_ep,,2023,2322.9421196316025,515238.5,0.18140935948831735,0.07864029197964367,0.00837371197360184,82.69581056466302,65.02732240437157,50.81967213114754,67.83242258652095,缪尔赛思,campaign_window,0.8924,3.0138,14,14
BV1Zs4y1c7td,《明日方舟》限定干员「缪尔赛思」前瞻PV,"今日的它孤身一木。

明天这里一定能成为新的林地。",161775300,明日方舟,2023-04-28T02:49:33+00:00,1444507,121316,39339,20252,14184,4942,11342,https://www.bilibili.com/video/BV1Zs4y1c7td,official_public_aggregate,exact_api,2026-09-02T18:54:49.233040+08:00,1225.6865335965392,operator_pv,缪尔赛思,2023,1178.5288982178622,296134.0,0.2050069677751648,0.06509279636581893,0.01127305025174679,43.169398907103826,35.154826958105645,72.1311475409836,49.4535519125683,缪尔赛思,direct_operator,1.0,0.0,14,14
BV1Ds4y1A7pK,《明日方舟》四周年特别直播节目（附字幕）,"再次感谢大家的支持，之后我们将在官方自媒体账号陆续更新《明日方舟》四周年庆典相关具体内容。
更多活动详情详见官网、游戏内及官方自媒体账号公告。",161775300,明日方舟,2023-04-27T05:15:00+00:00,701525,58831,14706,8677,2061,1849,5627,https://www.bilibili.com/video/BV1Ds4y1A7pK,official_public_aggregate,exact_api,2026-09-02T18:57:46.174104+08:00,1226.5855266520948,other_official,,2023,571.9332119585482,117367.0,0.1673026620576601,0.04863832365204376,0.01065678343608567,12.2040072859745,9.47176684881603,39.526411657559194,19.581056466302364,缪尔赛思,campaign_window,0.9679,-0.899,14,14
BV1fV4y1o7PW,《明日方舟》四周年庆典声优祝福,"-特别感谢-

（以下排名不分先后）

筱筝 许潇文 陈彦亦
云鹤追 于丰硕 闲踏梧桐
鬼头明里 佐藤元
石川由依 速水奖 寺岛拓笃
小林裕介 小西克幸 

来自各位老师们为本次《明日方舟》四周年送上的祝福。
非常感谢老师们的祝福与认可！",161775300,明日方舟,2023-04-27T04:54:26+00:00,369430,45350,6632,4978,943,1040,2321,https://www.bilibili.com/video/BV1fV4y1o7PW,official_public_aggregate,exact_api,2026-09-02T18:57:46.174104+08:00,1226.5998090595021,other_official,,2023,301.18217634752546,74119.5,0.20063205478710447,0.04745418617870774,0.009097799312454321,1.4571948998178506,2.3679417122040074,67.57741347905282,21.56648451730419,缪尔赛思,campaign_window,0.9674,-0.9133,14,14
BV1sT411H7CW,《明日方舟》四周年庆典印象曲 - Blues with you,《明日方舟》四周年庆典印象曲 - Blues with you,161775300,明日方舟,2023-04-27T03:00:00+00:00,1016863,81478,27552,25595,6718,2511,962,https://www.bilibili.com/video/BV1sT411H7CW,official_public_aggregate,exact_api,2026-09-02T18:57:53.192668+08:00,1226.6792766520948,other_official,,2023,828.9558806074117,212173.5,0.20865495155197897,0.0840427864913956,0.0034154060084790184,25.318761384335154,20.9471766848816,75.0455373406193,38.92531876138433,缪尔赛思,campaign_window,0.9645,-0.9927,14,14
BV1Ac411J7Ki,《明日方舟》特别映像 [拉特兰：圣灵],"有歌谣唱：
“众圣徒行走至此，见无数辉光。”
“秩序闪烁，律法显现。”
“众圣徒说：应在此建筑一座城。”

于是萨科塔的乐园在地上建立，名为——拉特兰。",161775300,明日方舟,2023-04-24T03:00:00+00:00,1149873,90892,17302,14717,6825,3849,1231,https://www.bilibili.com/video/BV1Ac411J7Ki,official_public_aggregate,exact_api,2026-09-02T18:57:42.230695+08:00,1229.6792766520948,animation_brand,,2023,935.0999255111674,181794.0,0.15809919878108278,0.04657992665276948,0.004417879191875972,30.418943533697636,25.500910746812387,32.240437158469945,29.489981785063755,缪尔赛思,campaign_window,0.8574,-3.9927,14,14
BV13k4y1J7Lo,《明日方舟》特别映像 [萨米：接触],"本文件由哥伦比亚梅兰德探索协会自然勘察委员会整理，面向有志于进行萨米、乌萨斯以北冰原勘察活动的个人或团体。
想要获取完整的培训资料，请与自然勘察委员会的工作人员联系。
友情提示：本文件中的部分内容可能会引起一般民众不必要的恐慌。请勿将其泄露给大众媒体。",161775300,明日方舟,2023-04-23T03:00:00+00:00,1244638,95015,18763,13598,7976,4650,1779,https://www.bilibili.com/video/BV13k4y1J7Lo,official_public_aggregate,exact_api,2026-09-02T18:57:42.230695+08:00,1230.6792766520948,animation_brand,,2023,1011.3422917024151,191529.5,0.15388369951745004,0.04333388503323858,0.005165357316745913,34.97267759562842,28.77959927140255,28.59744990892532,31.20218579234973,缪尔赛思,campaign_window,0.8217,-4.9927,14,14
BV1m24y1c7ny,《明日方舟》x《命运2》 前瞻预告,很荣幸携手Bungie工作室，为博士们带来《明日方舟》x 《命运2》联动故事集以及联动时装。,161775300,明日方舟,2023-04-22T13:20:53+00:00,3060561,142886,18061,11543,43842,17206,12395,https://www.bilibili.com/video/BV1m24y1c7ny,official_public_aggregate,exact_api,2026-09-02T18:57:52.413633+08:00,1231.2481076706133,other_official,,2023,2485.73864270967,365626.5,0.11946388260191514,0.027769092006334786,0.009671756256451024,84.8816029143898,67.75956284153006,9.107468123861565,57.01275045537341,缪尔赛思,campaign_window,0.8014,-5.5616,14,14
BV13o4y1b7Tg,《小刻de画图写话》制作中预告,不可以吃的东西不可以吃！,161775300,明日方舟,2023-04-22T13:10:53+00:00,625465,71912,9485,89,2224,1049,205,https://www.bilibili.com/video/BV13o4y1b7Tg,official_public_aggregate,exact_api,2026-09-02T18:57:33.707593+08:00,1231.2550521150579,other_official,,2023,507.98979376821416,99408.0,0.15893455269279655,0.01900506023518502,0.0020049083481889474,9.65391621129326,6.9216757741347905,33.1511839708561,15.883424408014571,缪尔赛思,campaign_window,0.8011,-5.5685,14,14
BV1Tk4y1J71z,主线动画《明日方舟：冬隐归路》先导PV,"冰雪欲来，前路依旧。
主线动画《明日方舟：冬隐归路》 锐意制作中",161775300,明日方舟,2023-04-22T13:05:53+00:00,813044,83468,16901,9316,4817,2316,558,https://www.bilibili.com/video/BV1Tk4y1J71z,official_public_aggregate,exact_api,2026-09-02T18:57:42.230695+08:00,1231.25852433728,animation_brand,,2023,660.335732853194,154106.0,0.18954201740619203,0.0496283103989452,0.0035348640417984757,16.57559198542805,12.750455373406194,58.1056466302368,27.88706739526412,缪尔赛思,campaign_window,0.801,-5.572,14,14
BV1DM411V72x,《明日方舟》四周年庆典活动宣传pv,"--重铸未来 方舟启航--
《明日方舟》四周年庆典活动宣传pv

↓↓《明日方舟》bilibili服下载↓↓
https://www.biligame.com/detail/?id=101772

乌云在特里蒙上空聚集，雷声滚滚，快下雨了。

———————————— 
《明日方舟》四周年庆典即将开启，详细活动内容敬请关注《明日方舟》官网及游戏内相关公告。",161775300,明日方舟,2023-04-22T12:10:53+00:00,4865684,178008,92499,43523,42863,24318,25327,https://www.bilibili.com/video/BV1DM411V72x,official_public_aggregate,exact_api,2026-09-02T18:57:46.174104+08:00,1231.2967187817244,event_pv,,2023,3951.6746254422155,627781.5,0.12902225052017352,0.04570950353537139,0.01020308758234197,95.08196721311475,79.05282331511839,14.571948998178508,66.12021857923497,缪尔赛思,campaign_window,0.7996,-5.6102,14,14
BV12m4y12726,《明日方舟》SideStory「孤星」活动先导PV,从来没有人质疑日升月落，也没有人质疑万物生长。,161775300,明日方舟,2023-04-22T12:05:53+00:00,2368561,130612,55414,32688,22406,4998,5539,https://www.bilibili.com/video/BV12m4y12726,official_public_aggregate,exact_api,2026-09-02T18:57:46.174104+08:00,1231.3001910039468,event_pv,,2023,1923.625950280071,384300.5,0.16225062390202322,0.06045696099868232,0.004448692687247658,73.77049180327869,57.74134790528234,34.790528233151186,57.26775956284153,缪尔赛思,campaign_window,0.7995,-5.6137,14,14
BV1yT411H79u,《明日方舟》EP -Endospore,"4月16日 Endospore 正式上架塞壬唱片官网，网易云音乐及QQ音乐等平台
塞壬唱片官网链接：https://monster-siren.hypergryph.com/music/048713

【专辑介绍】
祝祷未来，敬祈新生。

【歌曲列表】
Endospore",161775300,明日方舟,2023-04-16T03:00:00+00:00,1715220,123522,44781,40512,11911,5037,1587,https://www.bilibili.com/video/BV1yT411H79u,official_public_aggregate,exact_api,2026-09-02T18:57:42.230695+08:00,1237.6792766520948,music_ep,,2023,1385.8355976029964,338190.0,0.19717004232693183,0.0802905749699747,0.0038618952670794416,54.09836065573771,43.169398907103826,65.93806921675774,54.37158469945355,缪尔赛思,campaign_window,0.5717,-11.9927,14,14
BV1WjmyYoE7d,《明日方舟》[卫戍协议] 宣传PV,,161775300,明日方舟,2024-11-11T03:01:44+00:00,1298048,76363,11268,7974,15777,17992,5751,https://www.bilibili.com/video/BV1WjmyYoE7d,official_public_aggregate,exact_api,2026-09-02T18:57:45.405200+08:00,662.6780729483912,other_pv,,2024,1958.791233614713,192041.5,0.14794637794596194,0.03312127132432699,0.01829131126121684,37.340619307832426,58.46994535519126,24.95446265938069,39.96357012750455,荒芜拉普兰德,campaign_window,0.5714,12.0012,14,14
BV11tSkYtEEJ,《明日方舟》EP - Figure It Out,"11月03日 Figure It Out 正式上架塞壬唱片官网，QQ音乐及网易云音乐等平台
塞壬唱片官网链接：https://monster-siren.hypergryph.com/music/048784

【专辑介绍】
苦恨生发的宽恕，穿透命运的盲目。
行走于无尽长路，我们不过只曾迷途。

【歌曲列表】
Figure It Out",161775300,明日方舟,2024-11-03T03:00:00+00:00,644899,45748,11779,12988,2038,25171,12176,https://www.bilibili.com/video/BV11tSkYtEEJ,official_public_aggregate,exact_api,2026-09-02T18:57:06.422974+08:00,670.6792766520949,music_ep,,2024,961.5609464172127,145240.5,0.22521433588825537,0.061704235857087696,0.05791139387718077,10.382513661202186,27.140255009107467,81.60291438979964,36.775956284153004,荒芜拉普兰德,campaign_window,0.8571,4.0,14,14
BV12dSfYVEac,《明日方舟》EP - Bloodstained Oath,"11月02日 Bloodstained Oath 正式上架塞壬唱片官网，QQ音乐及网易云音乐等平台
塞壬唱片官网链接：https://monster-siren.hypergryph.com/music/514529

【专辑介绍】
刀锋浸透猩红，精准如滴答挂钟。
沉默应答，体面落幕，是她赠予的终别礼物。

【歌曲列表】
Bloodstained Oath",161775300,明日方舟,2024-11-02T03:00:00+00:00,569703,46193,11483,12697,1674,2093,1123,https://www.bilibili.com/video/BV12dSfYVEac,official_public_aggregate,exact_api,2026-09-02T18:57:29.059707+08:00,671.6792766520949,music_ep,,2024,848.1771282860125,103276.0,0.18128042155298463,0.06766859223139074,0.005645046629559613,6.9216757741347905,22.040072859744992,50.45537340619308,24.517304189435336,荒芜拉普兰德,campaign_window,0.8929,3.0,14,14
BV1vUS9YCET7,《明日方舟》EP - Unmask,"11月01日 Unmask 正式上架塞壬唱片官网，QQ音乐及网易云音乐等平台
塞壬唱片官网链接：https://monster-siren.hypergryph.com/music/232242  

【专辑介绍】
夹起尾巴逃窜，亦或露出獠牙？
看那理性的疯狂，别有一番精彩。
撕碎遮掩懦弱的假面，颠覆书写好的表演！
来吧，来吧！嘲弄！破坏！好戏——即将开演。

【歌曲列表】
Unmask",161775300,明日方舟,2024-11-01T02:58:27+00:00,1367790,90981,49313,41311,10447,4958,10560,https://www.bilibili.com/video/BV1vUS9YCET7,official_public_aggregate,exact_api,2026-09-02T18:57:05.637992+08:00,672.6803530409838,music_ep,,2024,2033.3431678458219,316287.0,0.23123944465159124,0.10409638906557293,0.011345308855891622,39.89071038251366,59.74499089253188,84.15300546448088,59.125683060109296,荒芜拉普兰德,campaign_window,0.9286,1.9989,14,14
BV1KPSnYvE1H,《明日方舟》2024「感谢庆典」特别直播节目（附字幕）,再次感谢大家的支持，关于《明日方舟》2024「感谢庆典」更多活动详情详见官网、游戏内公告及官方自媒体账号。,161775300,明日方舟,2024-10-31T08:43:48+00:00,461886,32331,7898,5607,1226,1825,3310,https://www.bilibili.com/video/BV1KPSnYvE1H,official_public_aggregate,exact_api,2026-09-02T18:57:25.958176+08:00,673.440526652095,other_official,,2024,685.8601193726706,67411.5,0.1459483508917785,0.04403251018649623,0.01111746188453428,3.4608378870673953,13.661202185792352,23.67941712204007,12.586520947176684,荒芜拉普兰德,campaign_window,0.9558,1.2387,14,14
BV1hXS7YNEnf,《明日方舟》2024「感谢庆典」声优祝福,"-特别感谢-

（以下排名不分先后）

季冠霖 徐晨 曾彤 徐慧
李嘉祥 高山南 田所梓
名塚佳织 福山润 小西克幸

来自各位老师们为本次《明日方舟》2024「感谢庆典」送上的祝福。
非常感谢老师们的祝福与认可！",161775300,明日方舟,2024-10-31T07:01:34+00:00,371860,38002,6424,5851,1541,1898,2289,https://www.bilibili.com/video/BV1hXS7YNEnf,official_public_aggregate,exact_api,2026-09-02T18:57:43.803277+08:00,673.5115220224653,other_official,,2024,552.1212152144836,71166.5,0.191379820362502,0.05288818372505782,0.011259613833163018,1.639344262295082,8.743169398907105,59.92714025500911,21.256830601092894,荒芜拉普兰德,campaign_window,0.9583,1.1677,14,14
BV1HfSeYNEoZ,《明日方舟》限定干员「荒芜拉普兰德」前瞻PV,这一次，我给你们准备了好玩的问题。告诉我，狼群还在吗？,161775300,明日方舟,2024-10-30T03:00:03+00:00,1207891,85059,31342,19873,9483,4253,14773,https://www.bilibili.com/video/BV1HfSeYNEoZ,official_public_aggregate,exact_api,2026-09-02T18:57:15.817512+08:00,674.6792419298727,operator_pv,荒芜拉普兰德,2024,1790.3189025720021,229704.0,0.19016947721276176,0.06670386649126453,0.015751421278906788,32.60473588342441,53.73406193078324,58.834244080145716,46.81238615664845,荒芜拉普兰德,direct_operator,1.0,0.0,14,14
BV1iq13YjEMt,一分（多）钟看泰拉,用一包薯片的时间了解一个新知识，关注我的频道，大地的秘密等你来揭开。,161775300,明日方舟,2024-10-28T02:00:00+00:00,977298,68441,11596,12828,3456,1967,1295,https://www.bilibili.com/video/BV1iq13YjEMt,official_public_aggregate,exact_api,2026-09-02T18:57:50.848541+08:00,676.7209433187616,other_official,,2024,1444.1669193909595,131255.0,0.13430396869736763,0.04165362049241889,0.00333777414872434,23.497267759562842,45.71948998178507,18.0327868852459,28.524590163934427,荒芜拉普兰德,campaign_window,0.9271,-2.0417,14,14
BV1Lu1bY8EhJ,《明日方舟》特别映像[伊比利亚：炼金与征服],"但那都是过去了。
现在的伊比利亚没人需要出海，炼金术......也只是“贪婪的象征”罢了。",161775300,明日方舟,2024-10-27T03:00:00+00:00,709975,56619,12950,11154,7618,3044,1180,https://www.bilibili.com/video/BV1Lu1bY8EhJ,official_public_aggregate,exact_api,2026-09-02T18:57:04.096719+08:00,677.6792766520949,animation_brand,,2024,1047.6563537658315,132837.0,0.1871009542589528,0.060390858833057504,0.005949505264269869,12.932604735883423,29.690346083788704,55.373406193078324,30.69216757741348,荒芜拉普兰德,campaign_window,0.8929,-3.0,14,14
BV1Ty1tY2E9K,《明日方舟》特别映像[兽主：无形的同行者],「多利，你该管管你的羊崽子！」,161775300,明日方舟,2024-10-27T02:00:00+00:00,606852,47357,7585,7750,3865,2250,849,https://www.bilibili.com/video/BV1Ty1tY2E9K,official_public_aggregate,exact_api,2026-09-02T18:57:04.096719+08:00,677.7209433187616,animation_brand,,2024,895.4304953721509,93421.5,0.1539444543315339,0.04440951006176135,0.005106681695042613,8.925318761384334,24.772313296903462,28.77959927140255,19.635701275045538,荒芜拉普兰德,campaign_window,0.8914,-3.0417,14,14
BV1vN14YWEk1,求索泰拉 INVESTIGATED TERRA,,161775300,明日方舟,2024-10-26T13:30:00+00:00,760206,51942,14259,13511,4336,2746,1889,https://www.bilibili.com/video/BV1vN14YWEk1,official_public_aggregate,exact_api,2026-09-02T18:57:03.296797+08:00,678.2417766520949,other_official,,2024,1120.8480901198582,125553.5,0.16515720738852363,0.06000610360875868,0.0060970315940679235,14.754098360655737,33.33333333333333,37.52276867030965,27.158469945355186,荒芜拉普兰德,campaign_window,0.8728,-3.5625,14,14
BV1y21xYiE7b,「2025明日方舟音律联觉-熠曲丰碑」金曲评选活动,"音律联觉五周年？值得我亲自站出来。
我，大帝，掌控节奏与旋律的帝王，泰拉音乐的唯一霸主，
将为这次盛会加冕——金曲评选。
三十首经典，千挑万选，只能有五首配得上最后的荣耀！
这至高无上的抉择权，我愿慷慨地赐予你。
凭直觉，选出那首能让整个泰拉为之震颤的节奏！
但别急，真正的巅峰之音，还留在现场引爆！
我相信你的品味，别搞砸了，博士。
——————————————————————————————————————————————
综合多方面因素，塞壬乐评组从塞壬唱片截至2024年4月前所有发行曲目中精心挑选出",161775300,明日方舟,2024-10-26T13:25:00+00:00,475098,36101,5146,3860,1427,3770,337,https://www.bilibili.com/video/BV1y21xYiE7b,official_public_aggregate,exact_api,2026-09-02T18:53:23.638473+08:00,678.2452488743171,offline_event,,2024,700.4811324347935,64217.5,0.13516684978678084,0.03008431944567226,0.008644532285970473,3.642987249544627,14.389799635701275,18.21493624772313,11.238615664845172,荒芜拉普兰德,campaign_window,0.8726,-3.566,14,14
BV18L14Y2E9T,《U探泰拉》PV,"10月27号12:00，解锁“谢拉格的商单”。
更多内容，欢迎博士们持续关注《明日方舟》官方自媒体账号。",161775300,明日方舟,2024-10-26T13:20:00+00:00,557237,42521,7127,5911,1782,1259,544,https://www.bilibili.com/video/BV18L14Y2E9T,official_public_aggregate,exact_api,2026-09-02T18:57:04.096719+08:00,678.2487210965394,other_pv,,2024,821.5820873190927,76103.5,0.13657294831463093,0.037203200792481475,0.0032356071115162846,6.0109289617486334,20.40072859744991,19.12568306010929,14.262295081967213,荒芜拉普兰德,campaign_window,0.8725,-3.5695,14,14
BV1mi1WYvEjr,明日方舟×中国电影资料馆「留影烁今」合作先导预告,"「片头的剪辑还顺利吗？」
「明天要一起看初剪了，没忘记吧小兔子！」
被年导拉来做剪辑的阿米娅，正在努力地把年构想的画面「镌刻」在35mm胶片上
浮光流转，留影烁今，有人曾说电影发明以后，人类的生命至少比以前延长了三倍。明日方舟携手@中国电影资料馆 ，共同保护经典中国电影，在科技助力下重焕光影的魅力。",161775300,明日方舟,2024-10-26T13:10:00+00:00,696759,66345,12118,12474,5059,1830,3821,https://www.bilibili.com/video/BV1mi1WYvEjr,official_public_aggregate,exact_api,2026-09-02T18:57:28.278486+08:00,678.2556655409838,event_pv,,2024,1027.280766529621,135361.5,0.19427305567635295,0.06045849425698125,0.008110408333440974,11.839708561020036,29.326047358834245,62.659380692167574,32.33151183970856,荒芜拉普兰德,campaign_window,0.8723,-3.5764,14,14
BV1Sa1WYuEo4,《明日方舟》2024「感谢庆典」活动宣传PV,"《明日方舟》2024「感谢庆典」活动宣传PV

戴上面具，穿好礼服，藏在街巷的好戏马上就要开演。
来吧，别那么无聊——你们可能是最不“狂欢节”的一群人了！",161775300,明日方舟,2024-10-26T12:15:00+00:00,2792938,102462,50332,25160,21108,7961,27923,https://www.bilibili.com/video/BV1Sa1WYuEo4,official_public_aggregate,exact_api,2026-09-02T18:57:54.799963+08:00,678.2938599854283,event_pv,,2024,4117.592926552513,342673.0,0.12269266270858858,0.04359566879035625,0.012848119077473255,82.14936247723132,79.41712204007287,10.382513661202186,59.799635701275044,荒芜拉普兰德,campaign_window,0.8709,-3.6146,14,14
BV1Nr1WYAEGL,《明日方舟》SideStory「揭幕者们」活动先导PV,"《明日方舟》SideStory「揭幕者们」活动先导PV

别在我耳边念叨什么文明，什么荒野......
我只好奇——他们到底要如何揭开这大幕！",161775300,明日方舟,2024-10-26T12:10:00+00:00,1579940,83541,36001,28358,20110,3940,11744,https://www.bilibili.com/video/BV1Nr1WYAEGL,official_public_aggregate,exact_api,2026-09-02T18:57:54.799963+08:00,678.2973322076505,event_pv,,2024,2329.2734984785775,284371.0,0.17998848057521172,0.07141220552679216,0.00992695925161715,48.63387978142077,65.39162112932605,49.544626593806925,53.9344262295082,荒芜拉普兰德,campaign_window,0.8708,-3.6181,14,14
BV17wKJ6NEjP,《明日方舟》EP - What an Electromagnetic Night,"7 月 17 日 What an Electromagnetic Night 正式上架各音乐平台

【专辑介绍】
已经习惯了熬夜工作的机械师，就连逃避工作的方式也是熬夜。
只不过，这些由酒精和垃圾食品开启的夜晚，最终总还是会以某种对科学方法堪称亵渎的“学术实践”收场。

【歌曲列表】
What an Electromagnetic Night
What an Electromagnetic Night (Instrumental)",161775300,明日方舟,2026-07-17T03:00:00+00:00,970008,75483,12866,19957,7510,4637,1673,https://www.bilibili.com/video/BV17wKJ6NEjP,official_public_aggregate,exact_api,2026-09-02T18:57:46.935424+08:00,49.679276652094906,music_ep,,2026,19525.405065637085,171451.0,0.17675215049772786,0.06215412656390463,0.0065051009888578235,23.13296903460838,95.62841530054644,46.083788706739526,51.76684881602914,谬因,campaign_window,0.6786,9.0,14,14
BV19GNP6EE7e,《明日方舟》集成战略「沉沦者的黑流树海」宣传PV · 玩法介绍,"《明日方舟》集成战略「沉沦者的黑流树海」宣传PV · 玩法介绍

在得到想要的结果之前，如果一次不成功，就再来一次。
这是成功的秘诀，也是沉沦的开始。
对她，对它们，以及对你们而言，都是如此。

主题网站链接：https://b23.tv/LBs93Ut
_____________
❖「沉沦者的黑流树海」集成战略主题网站【降生的故事】活动现已开启。❖

✦活动时间：2026年7月11日16:00~2026年7月31日3:59
✦活动期间，完成【降生的故事】网页活动并首次分享故事结局即可参与抽奖，可获取“多",161775300,明日方舟,2026-07-12T03:00:00+00:00,2735779,110854,26265,17362,48849,18190,27720,https://www.bilibili.com/video/BV19GNP6EE7e,official_public_aggregate,exact_api,2026-09-02T18:57:32.158721+08:00,54.679276652094906,gameplay_system,,2026,50033.19662413978,385800.0,0.14102016281285878,0.040148710842505916,0.01678132626940992,81.4207650273224,98.72495446265937,22.22222222222222,68.85245901639344,谬因,campaign_window,0.8571,4.0,14,14
BV1SCNj61Eqk,《明日方舟》EP - 悖反构成,"7 月 10 日 悖反构成 正式上架各音乐平台

【专辑介绍】
背向延伸的阴影源自同一束光点，
反之亦然。

【歌曲列表】
悖反构成
悖反构成 (Instrumental)",161775300,明日方舟,2026-07-10T03:00:00+00:00,648340,52140,12142,14829,3670,4150,1602,https://www.bilibili.com/video/BV1SCNj61Eqk,official_public_aggregate,exact_api,2026-09-02T18:57:29.829616+08:00,56.679276652094906,music_ep,,2026,11438.74866257731,124118.0,0.19143967671283585,0.07013295493105469,0.008871888206805071,10.746812386156648,92.89617486338798,60.10928961748634,50.20036429872495,谬因,campaign_window,0.9286,2.0,14,14
BV1bHMe6vEJN,《明日方舟》干员「谬因」技能展示PV,"《明日方舟》干员「谬因」技能展示PV

————————————
故事集「丛林症结」限时活动即将开启

更多活动详情内容详见游戏内公告。",161775300,明日方舟,2026-07-08T03:00:00+00:00,983293,53725,4985,4242,18508,9463,3362,https://www.bilibili.com/video/BV1bHMe6vEJN,official_public_aggregate,exact_api,2026-09-02T18:57:50.848541+08:00,58.679276652094906,operator_pv,谬因,2026,16757.074321653137,143578.5,0.14601802311213444,0.03252031693503361,0.013042907861644495,23.861566484517304,95.26411657559198,23.861566484517304,45.28233151183971,谬因,direct_operator,1.0,0.0,14,14
BV1FFMw6hEdw,《明日方舟》全新故事「丛林症结」活动宣传PV,"故事集「丛林症结」即将开启

我们都染上了致死的疾病，它的名字是“生命的意义”。

———————————— 
详细活动内容敬请关注《明日方舟》游戏内相关公告。",161775300,明日方舟,2026-07-05T03:00:00+00:00,2047548,87404,15772,9530,36671,14701,9693,https://www.bilibili.com/video/BV1FFMw6hEdw,official_public_aggregate,exact_api,2026-09-02T18:57:28.278486+08:00,61.679276652094906,event_pv,,2026,33196.692813848946,274919.0,0.1342674262093001,0.03492128145469606,0.01191376221705181,64.66302367941712,97.81420765027322,17.850637522768668,60.564663023679415,谬因,campaign_window,0.8929,-3.0,14,14
BV1FZ7V6XEpT,《明日方舟》× 《小马宝莉》「魔法与友谊」合作宣传PV,"《明日方舟》× 《小马宝莉》「魔法与友谊」合作宣传PV

魔法闪耀，友谊相伴。
明日方舟携手小马宝莉，邀博士开启奇迹旅程。",161775300,明日方舟,2026-06-28T03:00:00+00:00,2425962,171668,25741,21177,118005,17738,11145,https://www.bilibili.com/video/BV1FZ7V6XEpT,official_public_aggregate,exact_api,2026-09-02T18:57:09.557348+08:00,68.6792766520949,other_pv,,2026,35323.05694320387,651698.5,0.26863508167069394,0.07671183637666212,0.011905792423788995,75.0455373406193,98.36065573770492,93.98907103825137,87.72313296903461,谬因,campaign_window,0.6429,-10.0,14,14
BV1y2736HEc3,《明日方舟》「群生共语」特别公益PV,"《明日方舟》「群生共语」特别公益PV

敦煌 ，地处河西走廊最西端 ，是戈壁、荒漠、绿洲与湿地交织的生命走廊。
明日方舟携手中国绿化基金会，探索野生动物与人类群落的和谐共生路径。我们希望通过收容救助、红外监测、科普宣传等方式缓解人兽冲突；在守护野生动物的同时 ，减少人与自然的边界摩擦。让猞猁等野生动物在这片土地上更加自由地生活。
愿每一次的守护与相遇，都能让这片土地上的生命更靠近一点。

特别鸣谢：@中国绿化基金会",161775300,明日方舟,2026-06-26T09:00:00+00:00,568308,83508,23298,9185,4616,2900,1163,https://www.bilibili.com/video/BV1y2736HEc3,official_public_aggregate,exact_api,2026-09-02T18:35:29.912718+08:00,70.4292766520949,animation_brand,,2026,8069.201147802728,167253.5,0.29430080167796335,0.08144175341540151,0.00714929228516931,6.739526411657559,89.43533697632058,96.53916211293262,58.48816029143898,谬因,campaign_window,0.5804,-11.75,14,14
BV1c1PfzaEsD,《明日方舟》EP - Oath,"3 月 10 日 Oath 正式上架各音乐平台

【专辑介绍】
穿行于夜幕，点燃了猩红。
暴雨将街道染上锈蚀，雨滴敲出陌生的节奏。
而那道冷白的刃口，依旧锋利如旧。
【歌曲列表】
Oath
Oath (Instrumental)",161775300,明日方舟,2026-03-10T02:56:09+00:00,1782432,72835,27929,29527,15179,19841,38715,https://www.bilibili.com/video/BV1c1PfzaEsD,official_public_aggregate,exact_api,2026-09-02T18:57:28.278486+08:00,178.681950263206,music_ep,,2026,9975.44518276414,282403.0,0.15843689969659433,0.057316071524748206,0.03285174413385756,55.919854280510016,90.89253187613843,32.96903460837887,59.526411657559194,贝洛内,campaign_window,0.9287,1.9973,14,14
BV1d1Paz1Eds,《明日方舟》干员「贝洛内」技能展示PV,"《明日方舟》干员「贝洛内」技能展示PV

————————————
故事集「十字路口」限时活动即将开启

更多活动详情内容详见游戏内公告。",161775300,明日方舟,2026-03-08T03:00:00+00:00,1172141,57454,5903,4169,20021,54780,3465,https://www.bilibili.com/video/BV1d1Paz1Eds,official_public_aggregate,exact_api,2026-09-02T18:53:00.696764+08:00,180.6792766520949,operator_pv,贝洛内,2026,6487.412511934082,221563.5,0.1890246139329654,0.029230271784708495,0.04969112077813164,31.147540983606557,88.16029143897997,57.01275045537341,56.01092896174863,贝洛内,direct_operator,1.0,0.0,14,14
BV12EPzz7EtN,《明日方舟》全新故事「十字路口」活动宣传PV,"故事集「十字路口」即将开启

“你制定的规则与我践行的方式将成为这座城市全新的‘铳与秩序’，莱昂图索。”

———————————— 
详细活动内容敬请关注《明日方舟》游戏内相关公告。",161775300,明日方舟,2026-03-05T03:01:02+00:00,2212741,90326,18562,10926,33739,14642,12600,https://www.bilibili.com/video/BV12EPzz7EtN,official_public_aggregate,exact_api,2026-09-02T18:57:45.405200+08:00,183.6785590595023,event_pv,,2026,12046.811622053214,278782.0,0.12598944024628278,0.033511829897850676,0.01231142732023314,69.94535519125684,93.26047358834244,11.839708561020036,59.50819672131148,贝洛内,campaign_window,0.8929,-2.9993,14,14
BV1EBcFznE2H,《明日方舟》EP - 铁花飞,"塞壬唱片-MSR呈献明日方舟 x Mili全新合作EP《铁花飞》，2月9日0点正式上架各大音乐平台

【专辑介绍】
轻云淡月，天地如镜。铁花千缕飞似雨，山河万里踏歌人。

【歌曲列表】
铁花飞",161775300,明日方舟,2026-02-08T10:00:49+00:00,7322628,342795,256685,195042,96743,30850,21470,https://www.bilibili.com/video/BV1EBcFznE2H,official_public_aggregate,exact_api,2026-09-02T18:57:52.413633+08:00,208.38704285579863,music_ep,,2026,35139.55522209302,1593488.0,0.21761149139352703,0.10153622442653103,0.00714497582015637,97.81420765027322,98.1785063752277,78.68852459016394,92.18579234972678,赤刃明霄陈,campaign_window,0.9896,0.2922,14,14
BV1z9FszpEKz,《明日方舟》干员「赤刃明霄陈」前瞻PV,"这片大地，总有我无法企及的过往。
有难解的分歧，有难消的恩怨。
世上矛盾万般，而我，不过是想从中寻出一个公义而已。",161775300,明日方舟,2026-02-08T03:00:00+00:00,1596939,102168,33760,23642,21309,8723,7993,https://www.bilibili.com/video/BV1z9FszpEKz,official_public_aggregate,exact_api,2026-09-02T18:54:44.522931+08:00,208.67927665209493,operator_pv,赤刃明霄陈,2026,7652.599844221131,297980.0,0.18659447856179853,0.06409324338625333,0.010467525685076261,49.362477231329684,89.25318761384335,54.826958105646625,62.96903460837886,赤刃明霄陈,direct_operator,1.0,0.0,14,14
BV1hkFkz9EWj,《明日方舟》2026新春前瞻特辑视频,"《明日方舟》2026新春前瞻特辑现已结束，感谢大家的支持。本次新春前瞻特辑视频现已上传。

————————————
更多活动详情内容详见游戏内公告。",161775300,明日方舟,2026-02-06T12:36:56+00:00,988084,49474,12272,8088,4160,7225,13577,https://www.bilibili.com/video/BV1hkFkz9EWj,official_public_aggregate,exact_api,2026-09-02T18:55:01.755188+08:00,210.27862850394678,other_official,,2026,4698.927356668842,120300.0,0.12175078232215075,0.03300124280931581,0.021052865950668163,24.408014571949,82.87795992714025,9.65391621129326,37.52276867030965,赤刃明霄陈,campaign_window,0.9429,-1.5994,14,14
BV1VVFrzREk7,《明日方舟》SideStory「辞岁行」活动宣传PV,"《明日方舟》SideStory「辞岁行」活动即将开启

羽集云布，终局已至——

人间何处从容？见雾锁百川障九重。
想霜埋冷子，月寒只影，尘迷万策，日困途穷。
公义悬碑，平生寄磨，赤刃明霄一喟中。
君归去，待千秋授墨，写我行踪。

————————————
更多活动详情内容详见游戏内公告。",161775300,明日方舟,2026-02-06T12:00:00+00:00,2408986,87575,31073,18499,15813,15113,13123,https://www.bilibili.com/video/BV1VVFrzREk7,official_public_aggregate,exact_api,2026-09-02T18:57:14.254107+08:00,210.30427665209493,event_pv,,2026,11454.764678823773,263389.0,0.1093360442941553,0.034821289953532314,0.01172111419493513,74.68123861566485,93.0783242258652,5.828779599271402,59.544626593806925,赤刃明霄陈,campaign_window,0.942,-1.625,14,14
BV1kFFCzGEkW,《明日方舟》SideStory「辞岁行」活动先导PV,"《明日方舟》SideStory「辞岁行」活动先导PV

你可以一眼望穿自太古至终末的所有时间，
可你从来不是谁的命运。
命运本身，何其无力。
翻至最后一页，唯有“缺憾”二字。

———————————— 
详细活动内容敬请关注《明日方舟》游戏内相关公告。",161775300,明日方舟,2026-02-06T11:51:25+00:00,798494,51296,15708,10818,6268,4938,3027,https://www.bilibili.com/video/BV1kFFCzGEkW,official_public_aggregate,exact_api,2026-09-02T18:57:15.038528+08:00,210.31023730024307,event_pv,,2026,3796.743374218413,132072.5,0.1654019942541835,0.05461781804246494,0.009975027990191536,16.21129326047359,78.5063752276867,37.88706739526412,41.40255009107468,赤刃明霄陈,campaign_window,0.9417,-1.631,14,14
BV1KuTgzkEDN,《明日方舟》EP - Grow on My Time,"6月8日 Grow on My Time 正式上架塞壬唱片官网，QQ音乐、网易云音乐及酷狗音乐等平台

【专辑介绍】
傍晚的风送来远空的呢喃，
教室窗外的花木披上茜色，
我们沿着长廊舒展步调，
明天的可能性还在生长。

【歌曲列表】
Grow on My Time
Grow on My Time (Instrumental)",161775300,明日方舟,2025-06-08T09:00:00+00:00,1700058,173606,81498,56751,28785,21038,28397,https://www.bilibili.com/video/BV1KuTgzkEDN,official_public_aggregate,exact_api,2026-09-02T18:57:12.665296+08:00,453.4292766520949,music_ep,,2025,3749.334433260278,582214.5,0.34246743346403474,0.13163374426048993,0.029078419677446298,53.73406193078324,78.14207650273224,98.1785063752277,74.38979963570128,酒神,campaign_window,0.7753,6.2923,14,14
BV1u8TszsEez,《明日方舟》EP - The After,"6 月 5 日 The After 正式上架塞壬唱片官网，QQ音乐、网易云音乐及酷狗音乐等平台

【专辑介绍】
幕帷垂落，他自阴影而出。
挣脱提线，撕裂幻象，歌声蚀穿诅咒的茧缚。
旧词不再重复，提笔，为了自我的剧目。

【歌曲列表】
The After
The After (Instrumental)",161775300,明日方舟,2025-06-05T03:12:46+00:00,1143964,81684,34568,28509,16338,7750,8782,https://www.bilibili.com/video/BV1u8TszsEez,official_public_aggregate,exact_api,2026-09-02T18:57:39.895344+08:00,456.67041091135417,music_ep,,2025,2505.010118166072,272868.0,0.2385284851621205,0.09434212964743646,0.014451503718648489,30.05464480874317,68.12386156648452,87.06739526411657,58.5792349726776,酒神,campaign_window,0.891,3.0512,14,14
BV1CM7mzPEja,《明日方舟》干员「酒神」技能展示PV,"《明日方舟》干员「酒神」技能展示PV
“猩红剧团的成员从未意识到，拒斥批评，轻视影像，恰恰暴露了他们的怯懦与平庸。”

————————————
《明日方舟》SideStory「红丝绒」即将开放
更多活动详情内容详见官方自媒体账号。",161775300,明日方舟,2025-06-02T01:59:02+00:00,2049190,103030,13532,8416,44577,17070,14644,https://www.bilibili.com/video/BV1CM7mzPEja,official_public_aggregate,exact_api,2026-09-02T18:54:41.388029+08:00,459.7216146150579,operator_pv,酒神,2025,4457.458459324049,313584.0,0.153028269706567,0.036571035384712985,0.015476358951585749,64.84517304189436,80.87431693989072,27.686703096539162,58.5063752276867,酒神,direct_operator,1.0,0.0,14,14
BV14S7JzaEd9,《明日方舟》SideStory「红丝绒」活动宣传PV,"《明日方舟》SideStory「红丝绒」活动即将开启

在这里，我们将见证一部蓝卡坞新作的诞生，一位贵族夫人将用她的死谱写时代的挽歌。
在这里，我们将见证一场迟来的复仇，死亡是罪孽的归宿。
在这里，我们也将见证，戏剧的极致，审美的更迭。

————————————
更多活动详情内容详见官网、游戏内公告及官方自媒体账号。",161775300,明日方舟,2025-05-30T02:59:39+00:00,2664944,121211,32781,15874,46495,16064,23925,https://www.bilibili.com/video/BV14S7JzaEd9,official_public_aggregate,exact_api,2026-09-02T18:57:30.589921+08:00,462.67951970765046,event_pv,,2025,5759.805408469077,394064.5,0.14786971133352145,0.041660912949765545,0.015005568597313865,79.41712204007287,86.70309653916212,24.772313296903462,65.20947176684882,酒神,campaign_window,0.8944,-2.9579,14,14
BV1jR4y1Y7zm,《明日方舟》EP - 兔兔在哪里？,"1月22日 兔兔在哪里？ 正式上架塞壬唱片官网，网易云音乐及QQ音乐等平台
塞壬唱片官网链接：https://monster-siren.hypergryph.com/music/306821

【专辑介绍】
博士，听说炎国即将迎来对卡特斯来说很特殊的一年呢，快叫上卡特斯干员一起庆祝新春吧！……诶，等等，兔兔们哪儿去了？

【歌曲列表】
兔兔在哪里？",161775300,明日方舟,2023-01-22T03:00:00+00:00,1416115,142796,29301,26681,13921,4348,2431,https://www.bilibili.com/video/BV1jR4y1Y7zm,official_public_aggregate,exact_api,2026-09-02T18:56:26.543802+08:00,1321.6792766520948,music_ep,,2023,1071.4513157739125,304260.5,0.21485578501745975,0.068203500421929,0.004787040600516201,42.25865209471767,30.783242258652095,77.41347905282332,49.36247723132969,重岳,campaign_window,0.7143,8.0,14,14
BV1FR4y1e7Cy,《明日方舟》EP - 近尘烟,"1月18日 近尘烟 正式上架塞壬唱片官网，网易云音乐及QQ音乐等平台
塞壬唱片官网链接：https://monster-siren.hypergryph.com/music/232275

【专辑介绍】
市井深巷，夜半酒香。
《近尘烟》，大隐于市，小隐于野。

【歌曲列表】
近尘烟",161775300,明日方舟,2023-01-18T03:00:00+00:00,1569179,112782,29860,31097,8736,3158,3900,https://www.bilibili.com/video/BV1FR4y1e7Cy,official_public_aggregate,exact_api,2026-09-02T18:57:29.059707+08:00,1325.6792766520948,music_ep,,2023,1183.679210829067,267591.0,0.1705293022657071,0.06423104056324995,0.004497893484427207,47.90528233151184,35.51912568306011,42.07650273224044,42.44080145719491,重岳,campaign_window,0.8571,4.0,14,14
BV15G4y1w7KE,《明日方舟》特别映像 [炎：劫争],"民间口口相传的神话，
司岁台秘藏的卷宗，
都不过是祂的一场大梦，
梦醒皆是泡影。",161775300,明日方舟,2023-01-17T04:00:00+00:00,1676363,135258,42386,27291,26840,9040,5461,https://www.bilibili.com/video/BV15G4y1w7KE,official_public_aggregate,exact_api,2026-09-02T18:57:42.230695+08:00,1326.637609985428,animation_brand,,2023,1263.6178767903416,371422.5,0.22156448215571448,0.07385512564999347,0.008650274433401358,52.27686703096539,39.34426229508197,79.59927140255009,56.59380692167578,重岳,campaign_window,0.8914,3.0417,14,14
BV1MR4y1a7KX,《明日方舟》EP - 定风波,"1月17日 定风波 正式上架塞壬唱片官网，网易云音乐及QQ音乐等平台
塞壬唱片官网链接：https://monster-siren.hypergryph.com/music/953993

【专辑介绍】
春山起霜柝，凭鳞定风波。
霄虹如故影伶仃，沧浪遍历。

【歌曲列表】
定风波",161775300,明日方舟,2023-01-17T02:00:00+00:00,1625615,123592,42424,34748,11002,6011,9871,https://www.bilibili.com/video/BV1MR4y1a7KX,official_public_aggregate,exact_api,2026-09-02T18:57:42.230695+08:00,1326.7209433187616,music_ep,,2023,1225.2878106631542,324894.0,0.1998591302368642,0.07561569006191503,0.009769840952501054,50.81967213114754,38.069216757741344,67.39526411657559,51.9672131147541,重岳,campaign_window,0.8943,2.9583,14,14
BV18M411b7dm,《明日方舟》限定干员「重岳」前瞻PV,"见生死，知苦难，动心忍性。
才发现原来答案不在于外物，
而是要求诸己身。",161775300,明日方舟,2023-01-14T03:00:00+00:00,2359091,163616,50920,29150,40885,8526,10539,https://www.bilibili.com/video/BV18M411b7dm,official_public_aggregate,exact_api,2026-09-02T18:55:36.366049+08:00,1329.6792766520948,operator_pv,重岳,2023,1774.1804669918508,464469.5,0.19688494424335476,0.06362832124746354,0.008081502578747492,73.40619307832422,53.551912568306015,65.7559198542805,65.15482695810564,重岳,direct_operator,1.0,0.0,14,14
BV1Jx4y1G7cb,《明日方舟》2023新春前瞻特辑视频,"《明日方舟》2023新春前瞻特辑现已结束，感谢大家的支持。本次新春前瞻特辑视频现已上传。

另外，「除晦迎新好运来」网页活动 目前也已开启，欢迎大家前来参与。
活动参与地址：https://ak.hypergryph.com/special/horoscope-2023/

————————————
更多活动详情内容详见官网、游戏内公告及官方自媒体账号。",161775300,明日方舟,2023-01-08T12:35:00+00:00,1567146,110498,27704,12160,12987,11231,24430,https://www.bilibili.com/video/BV1Jx4y1G7cb,official_public_aggregate,exact_api,2026-09-02T18:57:47.698188+08:00,1335.2799710965394,other_official,,2023,1173.6460022784966,258248.5,0.164789049648214,0.04148369073462205,0.022755378248101962,47.540983606557376,34.97267759562842,37.15846994535519,40.65573770491804,重岳,campaign_window,0.8,-5.6007,14,14
BV1ee4y137g3,《明日方舟》SideStory「登临意」活动宣传PV,"--重铸未来 方舟启航--

《明日方舟》SideStory「登临意」活动宣传PV

↓↓《明日方舟》bilibili服下载↓↓
https://www.biligame.com/detail/?id=101772

辞旧迎新，SideStory「登临意」限时活动即将开启

广漠千里，春风不度。
你因何留在玉门？又因何离开这里？

———————————— 
详细活动内容敬请关注《明日方舟》官网及游戏内相关公告。",161775300,明日方舟,2023-01-08T12:15:00+00:00,2760160,121758,41789,19314,22248,11354,18161,https://www.bilibili.com/video/BV1ee4y137g3,official_public_aggregate,exact_api,2026-09-02T18:57:47.698188+08:00,1335.293859985428,event_pv,,2023,2067.0805750803956,336819.5,0.12202897658106776,0.03719530751840473,0.010693220682858965,81.60291438979964,60.29143897996357,10.018214936247723,53.73406193078325,重岳,campaign_window,0.7995,-5.6146,14,14
BV1Pg411s72k,《明日方舟》SideStory「登临意」活动先导PV,既然醒了，回到这纷扰尘世，就不免要真的刀兵相见了。,161775300,明日方舟,2023-01-08T12:10:00+00:00,1640403,111722,34491,21609,24784,4113,6834,https://www.bilibili.com/video/BV1Pg411s72k,official_public_aggregate,exact_api,2026-09-02T18:57:48.485422+08:00,1335.2973322076505,event_pv,,2023,1228.4926813175891,307860.5,0.1876736996945263,0.06248037829728426,0.006673360143818318,51.183970856102,38.43351548269581,55.73770491803278,48.72495446265938,重岳,campaign_window,0.7994,-5.6181,14,14
BV1c2421A7VW,《明日方舟》EP - Yanking,"2月10日 Yanking 正式上架塞壬唱片官网，网易云音乐及QQ音乐等平台
塞壬唱片官网链接：https://monster-siren.hypergryph.com/music/306808

【专辑介绍】
诙谐摇摆
自有大自在
欢迎来到这片地带
姑且祝你
“节日愉快”

【歌曲列表】
Yanking",161775300,明日方舟,2024-02-10T04:00:46+00:00,1225452,110054,23745,23001,13173,3522,3216,https://www.bilibili.com/video/BV1c2421A7VW,official_public_aggregate,exact_api,2026-09-02T18:57:06.422974+08:00,937.6370775780208,music_ep,,2024,1306.957701763911,249956.0,0.20397045335109004,0.06766482897738957,0.005498379373488313,34.244080145719494,41.53005464480874,70.85610200364299,47.41347905282332,黍,campaign_window,0.6056,11.0427,14,14
BV1HT4m1S7Wq,《明日方舟》EP - 清平乐,"2月2日 清平乐 正式上架塞壬唱片官网，网易云音乐及QQ音乐等平台
塞壬唱片官网链接：https://monster-siren.hypergryph.com/m/music

【专辑介绍】
河冰晨渡，风物问谁诉？
却了火烛帷帐，地阔云低垄长。

【歌曲列表】
清平乐",161775300,明日方舟,2024-02-02T02:56:27+00:00,938835,69854,18608,20905,3666,2551,1738,https://www.bilibili.com/video/BV1HT4m1S7Wq,official_public_aggregate,exact_api,2026-09-02T18:57:29.059707+08:00,945.6817419298726,music_ep,,2024,992.7599935302756,164573.5,0.17529544595163155,0.06825906575702866,0.004568427892015104,21.67577413479053,28.415300546448087,45.537340619307834,30.856102003642988,黍,campaign_window,0.8929,2.9981,14,14
BV1F7421T7dr,《明日方舟》EP - 浸春芜,"2月1日 浸春芜 正式上架塞壬唱片官网，网易云音乐及QQ音乐等平台
塞壬唱片官网链接：https://monster-siren.hypergryph.com/music/048799

【专辑介绍】
万象藏百谷，化雨浸春芜。
汤汤一掬沥荣枯，染翠千亩。

【歌曲列表】
浸春芜",161775300,明日方舟,2024-02-01T02:59:30+00:00,9804960,393002,306345,264791,109473,26727,30174,https://www.bilibili.com/video/BV1F7421T7dr,official_public_aggregate,exact_api,2026-09-02T18:57:37.585855+08:00,946.679623874317,music_ep,,2024,10357.210351557884,1918870.5,0.19570406202575022,0.09642058713141104,0.005803287315807509,98.90710382513662,91.43897996357013,64.84517304189436,86.44808743169399,黍,campaign_window,0.9286,2.0002,14,14
BV1et421W7V8,《明日方舟》限定干员「黍」前瞻PV,"在有限的时间里，她始终无可奈何。
可是，也总有希望会留存下来。",161775300,明日方舟,2024-01-30T02:59:15+00:00,1492011,121114,47300,24034,17243,4600,12634,https://www.bilibili.com/video/BV1et421W7V8,official_public_aggregate,exact_api,2026-09-02T18:57:36.032983+08:00,948.6797974854281,operator_pv,黍,2024,1572.7234878983681,328728.0,0.22032545336461998,0.07547598509662462,0.011550853177355932,45.173041894353375,48.451730418943534,79.05282331511839,56.32058287795992,黍,direct_operator,1.0,0.0,14,14
BV1HW4y1c71x,明日方舟 x 南越王博物院 丨「南境余音」联动纪录片,"明日方舟 x 南越王博物院 丨「南境余音」联动纪录片

“铭昔照，贺新岁。”
明日方舟携手南越王博物院，邀博士共贺甲辰龙年。",161775300,明日方舟,2024-01-28T03:58:29+00:00,762972,76127,13078,7366,7114,2965,1555,https://www.bilibili.com/video/BV1HW4y1c71x,official_public_aggregate,exact_api,2026-09-02T18:57:28.278486+08:00,950.6386632261689,other_official,,2024,802.5888589579481,143582.0,0.18818777097980005,0.04577363258415774,0.005924201674504438,14.93624772313297,19.489981785063755,56.102003642987256,28.652094717668493,黍,campaign_window,0.93,-1.9589,14,14
BV1te411h7LD,《明日方舟》2024新春前瞻特辑视频,"《明日方舟》2024新春前瞻特辑现已结束，感谢大家的支持。本次新春前瞻特辑视频现已上传。

————————————
更多活动详情内容详见官网、游戏内公告及官方自媒体账号。",161775300,明日方舟,2024-01-27T12:45:00+00:00,1225645,72746,17707,8907,5804,4451,18392,https://www.bilibili.com/video/BV1te411h7LD,official_public_aggregate,exact_api,2026-09-02T18:57:22.832084+08:00,951.2730266520948,other_official,,2024,1288.4261044523973,159258.5,0.12993852216588,0.03371694087602854,0.018637533706742166,34.42622950819672,40.80145719489982,15.300546448087433,30.601092896174862,黍,campaign_window,0.9074,-2.5932,14,14
BV1TK411h7ET,《明日方舟》SideStory「怀黍离」活动宣传PV,"--重铸未来 方舟启航--
《明日方舟》SideStory「怀黍离」活动宣传PV

↓↓《明日方舟》bilibili服下载↓↓
https://www.biligame.com/detail/?id=101772

辞旧迎新，SideStory「怀黍离」限时活动即将开启

第一抔土壤，第一捧种子，大荒千载，翻天覆地。
谁人种因，谁人得果？

———————————— 
详细活动内容敬请关注《明日方舟》官网及游戏内相关公告。",161775300,明日方舟,2024-01-27T12:15:00+00:00,2535637,105030,44770,21350,18985,7827,16459,https://www.bilibili.com/video/BV1TK411h7ET,official_public_aggregate,exact_api,2026-09-02T18:57:44.592328+08:00,951.2938599854282,event_pv,,2024,2665.4613328828177,314195.0,0.12391166401184396,0.04198353313191123,0.009577869387455697,77.23132969034609,69.39890710382514,11.11111111111111,55.04553734061931,黍,campaign_window,0.9066,-2.6141,14,14
BV1YZ4y1n7Fn,《明日方舟》SideStory「怀黍离」活动先导PV,"神话也许会褪色……
而生命本身不会断绝",161775300,明日方舟,2024-01-27T12:10:00+00:00,3005535,176768,61278,40921,35081,6538,12048,https://www.bilibili.com/video/BV1YZ4y1n7Fn,official_public_aggregate,exact_api,2026-09-02T18:57:40.658319+08:00,951.2973322076504,event_pv,,2024,3159.406526480144,502240.0,0.16710502456301457,0.05929094154618063,0.006183923993565206,84.69945355191257,73.40619307832422,38.97996357012751,67.59562841530055,黍,campaign_window,0.9065,-2.6175,14,14
BV1Fe411Y7bD,《明日方舟》生息演算「沙洲遗闻」宣传PV,"舒巴特-阿尔萨兰，一片位于萨尔贡的失落之地。
黄沙漫过堤坝，堵塞了往昔的河道，家园逐渐荒废。
原以为仅剩废墟的这里，家园与文明的篝火却未曾熄灭。
沉默的沙洲，坚守的人们，神秘的过往，这一切正等待着我们的到来。

主题官网链接：https://ak.hypergryph.com/ra/taleswithinthesand",161775300,明日方舟,2024-01-23T09:02:04+00:00,1009199,85433,20941,9152,17224,5778,2515,https://www.bilibili.com/video/BV1Fe411Y7bD,official_public_aggregate,exact_api,2026-09-02T18:53:59.943557+08:00,955.4278414669096,other_pv,,2024,1056.279664668902,207215.5,0.20532669968955577,0.05595427660946949,0.00821740806322638,25.136612021857925,30.2367941712204,72.6775956284153,40.92896174863388,黍,campaign_window,0.759,-6.748,14,14
