order_line_id,order_id,order_date,sku_id,quantity,unit_price,discount_rate,discount_amount,net_revenue,unit_cost,line_cost,payment_status,fulfillment_status,is_simulated,simulation_seed
ORD-0000001-1,ORD-0000001,2026-06-21,酒神-装饰摆件,1,89.0,0.0,0.0,89.0,37.38,37.38,paid,delivered,True,20260903
ORD-0000002-1,ORD-0000002,2026-07-08,谬因-通行证,1,39.0,0.0,0.0,39.0,12.48,12.48,paid,delivered,True,20260903
ORD-0000003-1,ORD-0000003,2026-06-12,焰狐龙梓兰-毛绒玩偶,1,128.0,0.15,19.2,108.8,61.44,61.44,cancelled,cancelled,True,20260903
ORD-0000004-1,ORD-0000004,2026-06-23,余-毛绒玩偶,1,128.0,0.0,0.0,128.0,61.44,61.44,paid,delivered,True,20260903
ORD-0000005-1,ORD-0000005,2026-06-16,新约能天使-通行证,1,39.0,0.0,0.0,39.0,12.48,12.48,paid,delivered,True,20260903
ORD-0000006-1,ORD-0000006,2026-06-17,维娜·维多利亚-亚克力制品,1,48.0,0.05,2.4,45.6,16.8,16.8,paid,delivered,True,20260903
ORD-0000007-1,ORD-0000007,2026-08-12,缪尔赛思-毛绒玩偶,1,128.0,0.1,12.8,115.2,61.44,61.44,paid,delivered,True,20260903
ORD-0000008-1,ORD-0000008,2026-07-17,荒芜拉普兰德-装饰摆件,1,89.0,0.05,4.45,84.55,37.38,37.38,paid,delivered,True,20260903
ORD-0000009-1,ORD-0000009,2026-06-06,黍-吧唧（徽章）,1,18.0,0.0,0.0,18.0,5.4,5.4,paid,delivered,True,20260903
ORD-0000009-2,ORD-0000009,2026-06-06,塑心-吧唧（徽章）,1,18.0,0.0,0.0,18.0,5.4,5.4,paid,delivered,True,20260903
ORD-0000009-3,ORD-0000009,2026-06-06,怒潮凛冬-通行证,1,39.0,0.0,0.0,39.0,12.48,12.48,paid,delivered,True,20260903
ORD-0000010-1,ORD-0000010,2026-06-18,佩佩-通行证,2,39.0,0.0,0.0,78.0,12.48,24.96,paid,delivered,True,20260903
ORD-0000011-1,ORD-0000011,2026-08-10,死芒-通行证,1,39.0,0.0,0.0,39.0,12.48,12.48,paid,delivered,True,20260903
ORD-0000012-1,ORD-0000012,2026-07-15,谬因-装饰摆件,1,89.0,0.0,0.0,89.0,37.38,37.38,cancelled,cancelled,True,20260903
ORD-0000013-1,ORD-0000013,2026-08-24,凯尔希·思衡托-吧唧（徽章）,1,18.0,0.05,0.9,17.1,5.4,5.4,paid,delivered,True,20260903
ORD-0000014-1,ORD-0000014,2026-06-22,谬因-手办模玩,1,699.0,0.05,34.95,664.05,433.38,433.38,paid,delivered,True,20260903
ORD-0000015-1,ORD-0000015,2026-07-20,余-装饰摆件,1,89.0,0.0,0.0,89.0,37.38,37.38,paid,delivered,True,20260903
ORD-0000016-1,ORD-0000016,2026-08-23,死芒-日用生活,1,99.0,0.0,0.0,99.0,45.54,45.54,paid,delivered,True,20260903
ORD-0000017-1,ORD-0000017,2026-06-13,赤刃明霄陈-装饰摆件,1,89.0,0.0,0.0,89.0,37.38,37.38,paid,delivered,True,20260903
ORD-0000018-1,ORD-0000018,2026-08-18,Mon3tr-日用生活,1,99.0,0.0,0.0,99.0,45.54,45.54,paid,delivered,True,20260903
ORD-0000019-1,ORD-0000019,2026-07-19,黍-亚克力制品,1,48.0,0.0,0.0,48.0,16.8,16.8,paid,shipped,True,20260903
ORD-0000019-2,ORD-0000019,2026-07-19,余-吧唧（徽章）,1,18.0,0.0,0.0,18.0,5.4,5.4,paid,shipped,True,20260903
ORD-0000020-1,ORD-0000020,2026-08-04,焰狐龙梓兰-日用生活,1,99.0,0.0,0.0,99.0,45.54,45.54,paid,delivered,True,20260903
ORD-0000021-1,ORD-0000021,2026-08-28,谬因-亚克力制品,1,48.0,0.0,0.0,48.0,16.8,16.8,paid,delivered,True,20260903
ORD-0000021-2,ORD-0000021,2026-08-28,凯尔希·思衡托-装饰摆件,1,89.0,0.0,0.0,89.0,37.38,37.38,paid,delivered,True,20260903
ORD-0000022-1,ORD-0000022,2026-06-07,凯尔希·思衡托-吧唧（徽章）,1,18.0,0.0,0.0,18.0,5.4,5.4,cancelled,cancelled,True,20260903
ORD-0000023-1,ORD-0000023,2026-07-19,焰狐龙梓兰-亚克力制品,1,48.0,0.1,4.8,43.2,16.8,16.8,paid,delivered,True,20260903
ORD-0000023-2,ORD-0000023,2026-07-19,贝洛内-亚克力制品,2,48.0,0.05,4.8,91.2,16.8,33.6,paid,delivered,True,20260903
ORD-0000024-1,ORD-0000024,2026-06-13,结城理-装饰摆件,1,89.0,0.0,0.0,89.0,37.38,37.38,paid,delivered,True,20260903
ORD-0000025-1,ORD-0000025,2026-08-25,缇缇-亚克力制品,1,48.0,0.0,0.0,48.0,16.8,16.8,paid,delivered,True,20260903
ORD-0000026-1,ORD-0000026,2026-08-06,归溟幽灵鲨-亚克力制品,1,48.0,0.05,2.4,45.6,16.8,16.8,paid,delivered,True,20260903
ORD-0000027-1,ORD-0000027,2026-06-13,凯尔希·思衡托-亚克力制品,2,48.0,0.0,0.0,96.0,16.8,33.6,paid,delivered,True,20260903
ORD-0000028-1,ORD-0000028,2026-06-06,谬因-日用生活,1,99.0,0.05,4.95,94.05,45.54,45.54,paid,delivered,True,20260903
ORD-0000029-1,ORD-0000029,2026-07-15,司霆惊蛰-吧唧（徽章）,2,18.0,0.1,3.6,32.4,5.4,10.8,paid,delivered,True,20260903
ORD-0000029-2,ORD-0000029,2026-07-15,缪尔赛思-手办模玩,1,699.0,0.0,0.0,699.0,433.38,433.38,paid,delivered,True,20260903
ORD-0000030-1,ORD-0000030,2026-07-08,司霆惊蛰-手办模玩,1,699.0,0.0,0.0,699.0,433.38,433.38,paid,delivered,True,20260903
ORD-0000031-1,ORD-0000031,2026-06-11,死芒-手办模玩,1,699.0,0.05,34.95,664.05,433.38,433.38,paid,delivered,True,20260903
ORD-0000031-2,ORD-0000031,2026-06-11,凛御银灰-吧唧（徽章）,1,18.0,0.05,0.9,17.1,5.4,5.4,paid,delivered,True,20260903
ORD-0000032-1,ORD-0000032,2026-06-03,贝洛内-亚克力制品,1,48.0,0.0,0.0,48.0,16.8,16.8,paid,delivered,True,20260903
ORD-0000033-1,ORD-0000033,2026-06-15,Mon3tr-通行证,2,39.0,0.0,0.0,78.0,12.48,24.96,paid,delivered,True,20260903
ORD-0000033-2,ORD-0000033,2026-06-15,贝洛内-毛绒玩偶,1,128.0,0.05,6.4,121.6,61.44,61.44,paid,delivered,True,20260903
ORD-0000034-1,ORD-0000034,2026-07-25,司霆惊蛰-手办模玩,1,699.0,0.05,34.95,664.05,433.38,433.38,paid,delivered,True,20260903
ORD-0000035-1,ORD-0000035,2026-08-29,司霆惊蛰-手办模玩,1,699.0,0.0,0.0,699.0,433.38,433.38,paid,delivered,True,20260903
ORD-0000036-1,ORD-0000036,2026-07-01,谬因-吧唧（徽章）,2,18.0,0.1,3.6,32.4,5.4,10.8,paid,shipped,True,20260903
ORD-0000037-1,ORD-0000037,2026-08-21,黍-日用生活,1,99.0,0.05,4.95,94.05,45.54,45.54,paid,delivered,True,20260903
ORD-0000038-1,ORD-0000038,2026-06-22,谬因-亚克力制品,1,48.0,0.0,0.0,48.0,16.8,16.8,paid,delivered,True,20260903
ORD-0000039-1,ORD-0000039,2026-08-08,荒芜拉普兰德-毛绒玩偶,1,128.0,0.1,12.8,115.2,61.44,61.44,paid,delivered,True,20260903
ORD-0000040-1,ORD-0000040,2026-08-04,荒芜拉普兰德-装饰摆件,1,89.0,0.0,0.0,89.0,37.38,37.38,paid,shipped,True,20260903
ORD-0000040-2,ORD-0000040,2026-08-04,归溟幽灵鲨-手办模玩,1,699.0,0.1,69.9,629.1,433.38,433.38,paid,shipped,True,20260903
ORD-0000041-1,ORD-0000041,2026-08-10,凯尔希·思衡托-通行证,1,39.0,0.0,0.0,39.0,12.48,12.48,paid,delivered,True,20260903
ORD-0000042-1,ORD-0000042,2026-07-24,司霆惊蛰-毛绒玩偶,1,128.0,0.15,19.2,108.8,61.44,61.44,paid,delivered,True,20260903
ORD-0000043-1,ORD-0000043,2026-07-06,焰狐龙梓兰-日用生活,1,99.0,0.0,0.0,99.0,45.54,45.54,paid,delivered,True,20260903
ORD-0000044-1,ORD-0000044,2026-06-08,凛御银灰-装饰摆件,2,89.0,0.0,0.0,178.0,37.38,74.76,paid,delivered,True,20260903
ORD-0000045-1,ORD-0000045,2026-07-21,赤刃明霄陈-吧唧（徽章）,1,18.0,0.1,1.8,16.2,5.4,5.4,paid,delivered,True,20260903
ORD-0000045-2,ORD-0000045,2026-07-21,缪尔赛思-吧唧（徽章）,1,18.0,0.1,1.8,16.2,5.4,5.4,paid,delivered,True,20260903
ORD-0000046-1,ORD-0000046,2026-07-06,维娜·维多利亚-吧唧（徽章）,1,18.0,0.1,1.8,16.2,5.4,5.4,paid,delivered,True,20260903
ORD-0000046-2,ORD-0000046,2026-07-06,佩佩-吧唧（徽章）,1,18.0,0.1,1.8,16.2,5.4,5.4,paid,delivered,True,20260903
ORD-0000047-1,ORD-0000047,2026-07-25,贝洛内-吧唧（徽章）,1,18.0,0.15,2.7,15.3,5.4,5.4,paid,delivered,True,20260903
ORD-0000048-1,ORD-0000048,2026-08-03,黍-日用生活,1,99.0,0.1,9.9,89.1,45.54,45.54,paid,delivered,True,20260903
ORD-0000048-2,ORD-0000048,2026-08-03,缪尔赛思-毛绒玩偶,1,128.0,0.05,6.4,121.6,61.44,61.44,paid,delivered,True,20260903
ORD-0000049-1,ORD-0000049,2026-07-13,凛御银灰-日用生活,1,99.0,0.0,0.0,99.0,45.54,45.54,paid,delivered,True,20260903
ORD-0000050-1,ORD-0000050,2026-08-07,贝洛内-手办模玩,1,699.0,0.0,0.0,699.0,433.38,433.38,paid,delivered,True,20260903
ORD-0000051-1,ORD-0000051,2026-07-01,焰狐龙梓兰-装饰摆件,1,89.0,0.0,0.0,89.0,37.38,37.38,paid,delivered,True,20260903
ORD-0000052-1,ORD-0000052,2026-08-04,凛御银灰-毛绒玩偶,1,128.0,0.05,6.4,121.6,61.44,61.44,paid,delivered,True,20260903
ORD-0000053-1,ORD-0000053,2026-06-27,司霆惊蛰-日用生活,1,99.0,0.1,9.9,89.1,45.54,45.54,paid,delivered,True,20260903
ORD-0000054-1,ORD-0000054,2026-08-02,贝洛内-通行证,2,39.0,0.05,3.9,74.1,12.48,24.96,paid,delivered,True,20260903
ORD-0000054-2,ORD-0000054,2026-08-02,Mon3tr-毛绒玩偶,2,128.0,0.0,0.0,256.0,61.44,122.88,paid,delivered,True,20260903
ORD-0000054-3,ORD-0000054,2026-08-02,凛御银灰-日用生活,1,99.0,0.0,0.0,99.0,45.54,45.54,paid,delivered,True,20260903
ORD-0000055-1,ORD-0000055,2026-08-14,凛御银灰-吧唧（徽章）,1,18.0,0.0,0.0,18.0,5.4,5.4,paid,delivered,True,20260903
ORD-0000056-1,ORD-0000056,2026-06-23,司霆惊蛰-亚克力制品,1,48.0,0.0,0.0,48.0,16.8,16.8,paid,delivered,True,20260903
ORD-0000056-2,ORD-0000056,2026-06-23,维娜·维多利亚-手办模玩,1,699.0,0.05,34.95,664.05,433.38,433.38,paid,delivered,True,20260903
ORD-0000057-1,ORD-0000057,2026-07-30,归溟幽灵鲨-通行证,3,39.0,0.05,5.85,111.15,12.48,37.44,paid,delivered,True,20260903
ORD-0000058-1,ORD-0000058,2026-07-11,赤刃明霄陈-亚克力制品,1,48.0,0.0,0.0,48.0,16.8,16.8,paid,delivered,True,20260903
ORD-0000059-1,ORD-0000059,2026-07-26,缇缇-毛绒玩偶,1,128.0,0.05,6.4,121.6,61.44,61.44,paid,delivered,True,20260903
ORD-0000060-1,ORD-0000060,2026-08-16,缄默德克萨斯-手办模玩,1,699.0,0.1,69.9,629.1,433.38,433.38,paid,delivered,True,20260903
ORD-0000061-1,ORD-0000061,2026-08-01,结城理-亚克力制品,2,48.0,0.0,0.0,96.0,16.8,33.6,paid,delivered,True,20260903
ORD-0000062-1,ORD-0000062,2026-08-24,黍-亚克力制品,1,48.0,0.1,4.8,43.2,16.8,16.8,paid,delivered,True,20260903
ORD-0000063-1,ORD-0000063,2026-07-29,重岳-通行证,1,39.0,0.0,0.0,39.0,12.48,12.48,paid,delivered,True,20260903
ORD-0000063-2,ORD-0000063,2026-07-29,缄默德克萨斯-手办模玩,1,699.0,0.05,34.95,664.05,433.38,433.38,paid,delivered,True,20260903
ORD-0000064-1,ORD-0000064,2026-07-23,怒潮凛冬-日用生活,1,99.0,0.1,9.9,89.1,45.54,45.54,paid,delivered,True,20260903
ORD-0000065-1,ORD-0000065,2026-07-25,缇缇-日用生活,1,99.0,0.05,4.95,94.05,45.54,45.54,paid,delivered,True,20260903
ORD-0000066-1,ORD-0000066,2026-08-01,赤刃明霄陈-通行证,1,39.0,0.0,0.0,39.0,12.48,12.48,paid,delivered,True,20260903
ORD-0000067-1,ORD-0000067,2026-08-20,司霆惊蛰-日用生活,1,99.0,0.1,9.9,89.1,45.54,45.54,paid,delivered,True,20260903
ORD-0000068-1,ORD-0000068,2026-08-27,黍-吧唧（徽章）,1,18.0,0.0,0.0,18.0,5.4,5.4,paid,delivered,True,20260903
ORD-0000069-1,ORD-0000069,2026-07-26,塑心-日用生活,1,99.0,0.05,4.95,94.05,45.54,45.54,paid,delivered,True,20260903
ORD-0000070-1,ORD-0000070,2026-08-28,怒潮凛冬-手办模玩,2,699.0,0.1,139.8,1258.2,433.38,866.76,paid,delivered,True,20260903
ORD-0000070-2,ORD-0000070,2026-08-28,死芒-毛绒玩偶,2,128.0,0.0,0.0,256.0,61.44,122.88,paid,delivered,True,20260903
ORD-0000070-3,ORD-0000070,2026-08-28,谬因-装饰摆件,1,89.0,0.0,0.0,89.0,37.38,37.38,paid,delivered,True,20260903
ORD-0000071-1,ORD-0000071,2026-06-03,焰狐龙梓兰-通行证,1,39.0,0.15,5.85,33.15,12.48,12.48,paid,pending,True,20260903
ORD-0000072-1,ORD-0000072,2026-08-02,谬因-手办模玩,1,699.0,0.0,0.0,699.0,433.38,433.38,cancelled,cancelled,True,20260903
ORD-0000072-2,ORD-0000072,2026-08-02,归溟幽灵鲨-日用生活,1,99.0,0.1,9.9,89.1,45.54,45.54,cancelled,cancelled,True,20260903
ORD-0000073-1,ORD-0000073,2026-06-13,缄默德克萨斯-日用生活,1,99.0,0.1,9.9,89.1,45.54,45.54,paid,delivered,True,20260903
ORD-0000074-1,ORD-0000074,2026-06-22,新约能天使-日用生活,2,99.0,0.05,9.9,188.1,45.54,91.08,paid,delivered,True,20260903
ORD-0000074-2,ORD-0000074,2026-06-22,荒芜拉普兰德-毛绒玩偶,1,128.0,0.0,0.0,128.0,61.44,61.44,paid,delivered,True,20260903
ORD-0000074-3,ORD-0000074,2026-06-22,结城理-通行证,1,39.0,0.05,1.95,37.05,12.48,12.48,paid,delivered,True,20260903
ORD-0000075-1,ORD-0000075,2026-07-21,司霆惊蛰-通行证,1,39.0,0.0,0.0,39.0,12.48,12.48,paid,delivered,True,20260903
ORD-0000076-1,ORD-0000076,2026-06-15,佩佩-手办模玩,1,699.0,0.0,0.0,699.0,433.38,433.38,paid,delivered,True,20260903
ORD-0000077-1,ORD-0000077,2026-07-05,余-日用生活,1,99.0,0.1,9.9,89.1,45.54,45.54,paid,delivered,True,20260903
ORD-0000078-1,ORD-0000078,2026-07-20,缄默德克萨斯-亚克力制品,1,48.0,0.1,4.8,43.2,16.8,16.8,paid,delivered,True,20260903
ORD-0000079-1,ORD-0000079,2026-08-10,予愿安洁莉娜-手办模玩,1,699.0,0.1,69.9,629.1,433.38,433.38,paid,delivered,True,20260903
ORD-0000079-2,ORD-0000079,2026-08-10,凛御银灰-日用生活,1,99.0,0.1,9.9,89.1,45.54,45.54,paid,delivered,True,20260903
ORD-0000080-1,ORD-0000080,2026-08-14,黍-装饰摆件,1,89.0,0.0,0.0,89.0,37.38,37.38,paid,delivered,True,20260903
ORD-0000081-1,ORD-0000081,2026-07-04,斩业星熊-亚克力制品,1,48.0,0.0,0.0,48.0,16.8,16.8,paid,delivered,True,20260903
ORD-0000082-1,ORD-0000082,2026-06-23,塑心-毛绒玩偶,1,128.0,0.0,0.0,128.0,61.44,61.44,paid,delivered,True,20260903
ORD-0000083-1,ORD-0000083,2026-07-18,维娜·维多利亚-吧唧（徽章）,1,18.0,0.05,0.9,17.1,5.4,5.4,paid,delivered,True,20260903
ORD-0000084-1,ORD-0000084,2026-07-08,贝洛内-手办模玩,1,699.0,0.15,104.85,594.15,433.38,433.38,paid,delivered,True,20260903
ORD-0000085-1,ORD-0000085,2026-06-18,斩业星熊-日用生活,1,99.0,0.0,0.0,99.0,45.54,45.54,paid,delivered,True,20260903
ORD-0000086-1,ORD-0000086,2026-06-20,归溟幽灵鲨-手办模玩,1,699.0,0.05,34.95,664.05,433.38,433.38,paid,delivered,True,20260903
ORD-0000087-1,ORD-0000087,2026-06-22,缪尔赛思-亚克力制品,1,48.0,0.1,4.8,43.2,16.8,16.8,paid,delivered,True,20260903
ORD-0000088-1,ORD-0000088,2026-06-07,死芒-亚克力制品,1,48.0,0.1,4.8,43.2,16.8,16.8,paid,delivered,True,20260903
ORD-0000089-1,ORD-0000089,2026-08-20,凛御银灰-手办模玩,1,699.0,0.05,34.95,664.05,433.38,433.38,paid,delivered,True,20260903
ORD-0000089-2,ORD-0000089,2026-08-20,缄默德克萨斯-毛绒玩偶,1,128.0,0.1,12.8,115.2,61.44,61.44,paid,delivered,True,20260903
ORD-0000090-1,ORD-0000090,2026-08-28,酒神-亚克力制品,1,48.0,0.05,2.4,45.6,16.8,16.8,paid,shipped,True,20260903
ORD-0000090-2,ORD-0000090,2026-08-28,塑心-亚克力制品,1,48.0,0.0,0.0,48.0,16.8,16.8,paid,shipped,True,20260903
ORD-0000091-1,ORD-0000091,2026-08-05,凯尔希·思衡托-手办模玩,1,699.0,0.0,0.0,699.0,433.38,433.38,cancelled,cancelled,True,20260903
ORD-0000091-2,ORD-0000091,2026-08-05,予愿安洁莉娜-装饰摆件,1,89.0,0.0,0.0,89.0,37.38,37.38,cancelled,cancelled,True,20260903
ORD-0000092-1,ORD-0000092,2026-06-04,黍-日用生活,1,99.0,0.0,0.0,99.0,45.54,45.54,cancelled,cancelled,True,20260903
ORD-0000093-1,ORD-0000093,2026-07-30,凯尔希·思衡托-装饰摆件,1,89.0,0.05,4.45,84.55,37.38,37.38,paid,delivered,True,20260903
ORD-0000094-1,ORD-0000094,2026-07-20,归溟幽灵鲨-手办模玩,2,699.0,0.0,0.0,1398.0,433.38,866.76,paid,delivered,True,20260903
ORD-0000094-2,ORD-0000094,2026-07-20,凛御银灰-吧唧（徽章）,1,18.0,0.0,0.0,18.0,5.4,5.4,paid,delivered,True,20260903
ORD-0000095-1,ORD-0000095,2026-06-04,死芒-亚克力制品,1,48.0,0.0,0.0,48.0,16.8,16.8,paid,shipped,True,20260903
ORD-0000096-1,ORD-0000096,2026-08-02,佩佩-亚克力制品,1,48.0,0.0,0.0,48.0,16.8,16.8,paid,delivered,True,20260903
ORD-0000097-1,ORD-0000097,2026-06-30,归溟幽灵鲨-亚克力制品,1,48.0,0.0,0.0,48.0,16.8,16.8,paid,delivered,True,20260903
ORD-0000098-1,ORD-0000098,2026-06-20,斩业星熊-日用生活,1,99.0,0.0,0.0,99.0,45.54,45.54,paid,delivered,True,20260903
ORD-0000099-1,ORD-0000099,2026-06-06,凯尔希·思衡托-吧唧（徽章）,1,18.0,0.0,0.0,18.0,5.4,5.4,paid,delivered,True,20260903
ORD-0000100-1,ORD-0000100,2026-06-16,缇缇-亚克力制品,2,48.0,0.0,0.0,96.0,16.8,33.6,paid,delivered,True,20260903
ORD-0000101-1,ORD-0000101,2026-08-25,纯烬艾雅法拉-吧唧（徽章）,1,18.0,0.0,0.0,18.0,5.4,5.4,paid,delivered,True,20260903
ORD-0000101-2,ORD-0000101,2026-08-25,斩业星熊-手办模玩,1,699.0,0.0,0.0,699.0,433.38,433.38,paid,delivered,True,20260903
ORD-0000102-1,ORD-0000102,2026-07-05,缇缇-毛绒玩偶,1,128.0,0.0,0.0,128.0,61.44,61.44,paid,delivered,True,20260903
ORD-0000103-1,ORD-0000103,2026-07-01,凯尔希·思衡托-装饰摆件,1,89.0,0.15,13.35,75.65,37.38,37.38,paid,delivered,True,20260903
ORD-0000104-1,ORD-0000104,2026-08-06,娜斯提-亚克力制品,1,48.0,0.1,4.8,43.2,16.8,16.8,paid,delivered,True,20260903
ORD-0000105-1,ORD-0000105,2026-06-26,真言-日用生活,1,99.0,0.0,0.0,99.0,45.54,45.54,paid,delivered,True,20260903
ORD-0000106-1,ORD-0000106,2026-06-18,凯尔希·思衡托-通行证,1,39.0,0.15,5.85,33.15,12.48,12.48,paid,delivered,True,20260903
ORD-0000107-1,ORD-0000107,2026-07-24,纯烬艾雅法拉-通行证,1,39.0,0.0,0.0,39.0,12.48,12.48,paid,delivered,True,20260903
ORD-0000108-1,ORD-0000108,2026-06-14,司霆惊蛰-亚克力制品,1,48.0,0.1,4.8,43.2,16.8,16.8,paid,delivered,True,20260903
ORD-0000109-1,ORD-0000109,2026-06-22,重岳-亚克力制品,2,48.0,0.05,4.8,91.2,16.8,33.6,paid,delivered,True,20260903
ORD-0000109-2,ORD-0000109,2026-06-22,司霆惊蛰-吧唧（徽章）,1,18.0,0.0,0.0,18.0,5.4,5.4,paid,delivered,True,20260903
ORD-0000109-3,ORD-0000109,2026-06-22,塑心-日用生活,1,99.0,0.05,4.95,94.05,45.54,45.54,paid,delivered,True,20260903
ORD-0000110-1,ORD-0000110,2026-06-18,归溟幽灵鲨-通行证,1,39.0,0.0,0.0,39.0,12.48,12.48,paid,delivered,True,20260903
ORD-0000111-1,ORD-0000111,2026-06-21,凛御银灰-装饰摆件,1,89.0,0.0,0.0,89.0,37.38,37.38,paid,delivered,True,20260903
ORD-0000112-1,ORD-0000112,2026-07-01,予愿安洁莉娜-吧唧（徽章）,2,18.0,0.0,0.0,36.0,5.4,10.8,paid,delivered,True,20260903
ORD-0000113-1,ORD-0000113,2026-08-14,望-装饰摆件,2,89.0,0.15,26.7,151.3,37.38,74.76,paid,delivered,True,20260903
ORD-0000113-2,ORD-0000113,2026-08-14,归溟幽灵鲨-通行证,1,39.0,0.1,3.9,35.1,12.48,12.48,paid,delivered,True,20260903
ORD-0000114-1,ORD-0000114,2026-07-10,凯尔希·思衡托-毛绒玩偶,1,128.0,0.0,0.0,128.0,61.44,61.44,paid,delivered,True,20260903
ORD-0000115-1,ORD-0000115,2026-08-07,贝洛内-毛绒玩偶,1,128.0,0.05,6.4,121.6,61.44,61.44,paid,delivered,True,20260903
ORD-0000116-1,ORD-0000116,2026-06-13,荒芜拉普兰德-手办模玩,1,699.0,0.0,0.0,699.0,433.38,433.38,paid,delivered,True,20260903
ORD-0000116-2,ORD-0000116,2026-06-13,纯烬艾雅法拉-通行证,1,39.0,0.15,5.85,33.15,12.48,12.48,paid,delivered,True,20260903
ORD-0000117-1,ORD-0000117,2026-06-09,纯烬艾雅法拉-毛绒玩偶,1,128.0,0.0,0.0,128.0,61.44,61.44,paid,delivered,True,20260903
ORD-0000117-2,ORD-0000117,2026-06-09,缪尔赛思-日用生活,1,99.0,0.1,9.9,89.1,45.54,45.54,paid,delivered,True,20260903
ORD-0000118-1,ORD-0000118,2026-07-10,重岳-手办模玩,1,699.0,0.05,34.95,664.05,433.38,433.38,paid,delivered,True,20260903
ORD-0000119-1,ORD-0000119,2026-06-27,重岳-毛绒玩偶,1,128.0,0.1,12.8,115.2,61.44,61.44,paid,delivered,True,20260903
ORD-0000120-1,ORD-0000120,2026-07-31,Mon3tr-毛绒玩偶,1,128.0,0.1,12.8,115.2,61.44,61.44,paid,delivered,True,20260903
ORD-0000121-1,ORD-0000121,2026-07-12,谬因-吧唧（徽章）,1,18.0,0.0,0.0,18.0,5.4,5.4,paid,delivered,True,20260903
ORD-0000122-1,ORD-0000122,2026-07-27,凛御银灰-亚克力制品,1,48.0,0.0,0.0,48.0,16.8,16.8,paid,delivered,True,20260903
ORD-0000123-1,ORD-0000123,2026-07-18,酒神-吧唧（徽章）,1,18.0,0.05,0.9,17.1,5.4,5.4,paid,delivered,True,20260903
ORD-0000124-1,ORD-0000124,2026-08-05,缇缇-毛绒玩偶,1,128.0,0.0,0.0,128.0,61.44,61.44,paid,shipped,True,20260903
ORD-0000125-1,ORD-0000125,2026-07-11,死芒-手办模玩,1,699.0,0.0,0.0,699.0,433.38,433.38,cancelled,cancelled,True,20260903
ORD-0000126-1,ORD-0000126,2026-07-31,结城理-通行证,1,39.0,0.15,5.85,33.15,12.48,12.48,paid,delivered,True,20260903
ORD-0000127-1,ORD-0000127,2026-07-24,酒神-吧唧（徽章）,2,18.0,0.0,0.0,36.0,5.4,10.8,paid,delivered,True,20260903
ORD-0000127-2,ORD-0000127,2026-07-24,酒神-通行证,1,39.0,0.1,3.9,35.1,12.48,12.48,paid,delivered,True,20260903
ORD-0000128-1,ORD-0000128,2026-08-19,怒潮凛冬-吧唧（徽章）,1,18.0,0.1,1.8,16.2,5.4,5.4,cancelled,cancelled,True,20260903
ORD-0000129-1,ORD-0000129,2026-08-02,予愿安洁莉娜-手办模玩,1,699.0,0.05,34.95,664.05,433.38,433.38,paid,delivered,True,20260903
ORD-0000129-2,ORD-0000129,2026-08-02,结城理-日用生活,1,99.0,0.1,9.9,89.1,45.54,45.54,paid,delivered,True,20260903
ORD-0000130-1,ORD-0000130,2026-07-28,贝洛内-亚克力制品,1,48.0,0.0,0.0,48.0,16.8,16.8,paid,delivered,True,20260903
ORD-0000131-1,ORD-0000131,2026-08-15,归溟幽灵鲨-吧唧（徽章）,1,18.0,0.0,0.0,18.0,5.4,5.4,paid,delivered,True,20260903
ORD-0000132-1,ORD-0000132,2026-08-25,缪尔赛思-通行证,1,39.0,0.0,0.0,39.0,12.48,12.48,cancelled,cancelled,True,20260903
ORD-0000133-1,ORD-0000133,2026-06-20,斩业星熊-毛绒玩偶,1,128.0,0.1,12.8,115.2,61.44,61.44,cancelled,cancelled,True,20260903
ORD-0000134-1,ORD-0000134,2026-06-16,凯尔希·思衡托-通行证,1,39.0,0.1,3.9,35.1,12.48,12.48,paid,shipped,True,20260903
ORD-0000135-1,ORD-0000135,2026-07-30,谬因-吧唧（徽章）,1,18.0,0.0,0.0,18.0,5.4,5.4,paid,delivered,True,20260903
ORD-0000136-1,ORD-0000136,2026-06-22,娜斯提-手办模玩,1,699.0,0.05,34.95,664.05,433.38,433.38,paid,delivered,True,20260903
ORD-0000137-1,ORD-0000137,2026-06-20,娜斯提-亚克力制品,1,48.0,0.05,2.4,45.6,16.8,16.8,paid,delivered,True,20260903
ORD-0000138-1,ORD-0000138,2026-06-18,结城理-亚克力制品,1,48.0,0.0,0.0,48.0,16.8,16.8,paid,delivered,True,20260903
ORD-0000139-1,ORD-0000139,2026-07-11,凯尔希·思衡托-毛绒玩偶,1,128.0,0.0,0.0,128.0,61.44,61.44,paid,delivered,True,20260903
ORD-0000140-1,ORD-0000140,2026-06-12,黍-手办模玩,1,699.0,0.0,0.0,699.0,433.38,433.38,paid,delivered,True,20260903
ORD-0000140-2,ORD-0000140,2026-06-12,纯烬艾雅法拉-通行证,1,39.0,0.0,0.0,39.0,12.48,12.48,paid,delivered,True,20260903
ORD-0000141-1,ORD-0000141,2026-07-28,赤刃明霄陈-通行证,2,39.0,0.0,0.0,78.0,12.48,24.96,paid,delivered,True,20260903
ORD-0000142-1,ORD-0000142,2026-06-16,怒潮凛冬-毛绒玩偶,1,128.0,0.0,0.0,128.0,61.44,61.44,paid,delivered,True,20260903
ORD-0000143-1,ORD-0000143,2026-08-02,斩业星熊-亚克力制品,1,48.0,0.0,0.0,48.0,16.8,16.8,paid,delivered,True,20260903
ORD-0000144-1,ORD-0000144,2026-07-14,维娜·维多利亚-通行证,2,39.0,0.1,7.8,70.2,12.48,24.96,paid,delivered,True,20260903
ORD-0000145-1,ORD-0000145,2026-07-02,佩佩-吧唧（徽章）,1,18.0,0.05,0.9,17.1,5.4,5.4,paid,delivered,True,20260903
ORD-0000146-1,ORD-0000146,2026-07-14,新约能天使-通行证,1,39.0,0.05,1.95,37.05,12.48,12.48,paid,delivered,True,20260903
ORD-0000146-2,ORD-0000146,2026-07-14,凯尔希·思衡托-吧唧（徽章）,1,18.0,0.05,0.9,17.1,5.4,5.4,paid,delivered,True,20260903
ORD-0000147-1,ORD-0000147,2026-08-08,维娜·维多利亚-吧唧（徽章）,1,18.0,0.0,0.0,18.0,5.4,5.4,paid,delivered,True,20260903
ORD-0000148-1,ORD-0000148,2026-08-15,凛御银灰-装饰摆件,2,89.0,0.05,8.9,169.1,37.38,74.76,paid,delivered,True,20260903
ORD-0000149-1,ORD-0000149,2026-06-17,荒芜拉普兰德-亚克力制品,1,48.0,0.0,0.0,48.0,16.8,16.8,paid,delivered,True,20260903
ORD-0000150-1,ORD-0000150,2026-06-12,死芒-日用生活,1,99.0,0.1,9.9,89.1,45.54,45.54,paid,delivered,True,20260903
ORD-0000151-1,ORD-0000151,2026-06-27,贝洛内-手办模玩,1,699.0,0.1,69.9,629.1,433.38,433.38,paid,delivered,True,20260903
ORD-0000152-1,ORD-0000152,2026-08-02,焰狐龙梓兰-亚克力制品,1,48.0,0.0,0.0,48.0,16.8,16.8,paid,delivered,True,20260903
ORD-0000153-1,ORD-0000153,2026-07-27,重岳-手办模玩,1,699.0,0.0,0.0,699.0,433.38,433.38,paid,delivered,True,20260903
ORD-0000153-2,ORD-0000153,2026-07-27,缪尔赛思-吧唧（徽章）,1,18.0,0.0,0.0,18.0,5.4,5.4,paid,delivered,True,20260903
ORD-0000153-3,ORD-0000153,2026-07-27,望-通行证,1,39.0,0.0,0.0,39.0,12.48,12.48,paid,delivered,True,20260903
ORD-0000154-1,ORD-0000154,2026-07-05,予愿安洁莉娜-亚克力制品,2,48.0,0.0,0.0,96.0,16.8,33.6,paid,delivered,True,20260903
ORD-0000155-1,ORD-0000155,2026-08-03,赤刃明霄陈-通行证,2,39.0,0.0,0.0,78.0,12.48,24.96,paid,delivered,True,20260903
ORD-0000155-2,ORD-0000155,2026-08-03,佩佩-日用生活,1,99.0,0.1,9.9,89.1,45.54,45.54,paid,delivered,True,20260903
ORD-0000156-1,ORD-0000156,2026-08-19,望-日用生活,1,99.0,0.1,9.9,89.1,45.54,45.54,paid,delivered,True,20260903
ORD-0000156-2,ORD-0000156,2026-08-19,塑心-吧唧（徽章）,2,18.0,0.0,0.0,36.0,5.4,10.8,paid,delivered,True,20260903
ORD-0000157-1,ORD-0000157,2026-07-25,Mon3tr-日用生活,1,99.0,0.15,14.85,84.15,45.54,45.54,paid,delivered,True,20260903
ORD-0000158-1,ORD-0000158,2026-08-23,归溟幽灵鲨-亚克力制品,1,48.0,0.15,7.2,40.8,16.8,16.8,paid,delivered,True,20260903
ORD-0000159-1,ORD-0000159,2026-07-28,谬因-通行证,2,39.0,0.0,0.0,78.0,12.48,24.96,paid,delivered,True,20260903
ORD-0000160-1,ORD-0000160,2026-08-12,新约能天使-装饰摆件,1,89.0,0.15,13.35,75.65,37.38,37.38,paid,delivered,True,20260903
ORD-0000160-2,ORD-0000160,2026-08-12,焰狐龙梓兰-手办模玩,1,699.0,0.0,0.0,699.0,433.38,433.38,paid,delivered,True,20260903
ORD-0000161-1,ORD-0000161,2026-08-15,贝洛内-通行证,1,39.0,0.1,3.9,35.1,12.48,12.48,paid,delivered,True,20260903
ORD-0000162-1,ORD-0000162,2026-07-27,缄默德克萨斯-日用生活,3,99.0,0.0,0.0,297.0,45.54,136.62,paid,delivered,True,20260903
ORD-0000163-1,ORD-0000163,2026-08-28,缇缇-手办模玩,2,699.0,0.1,139.8,1258.2,433.38,866.76,paid,delivered,True,20260903
ORD-0000164-1,ORD-0000164,2026-07-30,怒潮凛冬-亚克力制品,1,48.0,0.0,0.0,48.0,16.8,16.8,paid,delivered,True,20260903
ORD-0000165-1,ORD-0000165,2026-08-01,予愿安洁莉娜-亚克力制品,1,48.0,0.05,2.4,45.6,16.8,16.8,paid,delivered,True,20260903
ORD-0000166-1,ORD-0000166,2026-06-13,司霆惊蛰-日用生活,1,99.0,0.0,0.0,99.0,45.54,45.54,paid,delivered,True,20260903
ORD-0000167-1,ORD-0000167,2026-06-24,缪尔赛思-手办模玩,2,699.0,0.0,0.0,1398.0,433.38,866.76,paid,delivered,True,20260903
ORD-0000167-2,ORD-0000167,2026-06-24,纯烬艾雅法拉-通行证,1,39.0,0.1,3.9,35.1,12.48,12.48,paid,delivered,True,20260903
ORD-0000168-1,ORD-0000168,2026-08-23,结城理-吧唧（徽章）,1,18.0,0.0,0.0,18.0,5.4,5.4,paid,delivered,True,20260903
ORD-0000169-1,ORD-0000169,2026-07-02,斩业星熊-装饰摆件,1,89.0,0.05,4.45,84.55,37.38,37.38,paid,delivered,True,20260903
ORD-0000170-1,ORD-0000170,2026-08-09,维娜·维多利亚-装饰摆件,2,89.0,0.1,17.8,160.2,37.38,74.76,paid,delivered,True,20260903
ORD-0000170-2,ORD-0000170,2026-08-09,死芒-亚克力制品,1,48.0,0.0,0.0,48.0,16.8,16.8,paid,delivered,True,20260903
ORD-0000171-1,ORD-0000171,2026-06-23,归溟幽灵鲨-装饰摆件,2,89.0,0.0,0.0,178.0,37.38,74.76,paid,delivered,True,20260903
ORD-0000172-1,ORD-0000172,2026-07-05,怒潮凛冬-亚克力制品,1,48.0,0.0,0.0,48.0,16.8,16.8,paid,delivered,True,20260903
ORD-0000173-1,ORD-0000173,2026-07-20,塑心-吧唧（徽章）,1,18.0,0.05,0.9,17.1,5.4,5.4,paid,delivered,True,20260903
ORD-0000174-1,ORD-0000174,2026-07-28,赤刃明霄陈-通行证,1,39.0,0.0,0.0,39.0,12.48,12.48,paid,delivered,True,20260903
ORD-0000175-1,ORD-0000175,2026-06-15,新约能天使-亚克力制品,1,48.0,0.15,7.2,40.8,16.8,16.8,paid,delivered,True,20260903
ORD-0000175-2,ORD-0000175,2026-06-15,缇缇-亚克力制品,1,48.0,0.1,4.8,43.2,16.8,16.8,paid,delivered,True,20260903
ORD-0000176-1,ORD-0000176,2026-06-12,缄默德克萨斯-吧唧（徽章）,1,18.0,0.0,0.0,18.0,5.4,5.4,paid,delivered,True,20260903
ORD-0000177-1,ORD-0000177,2026-08-23,斩业星熊-亚克力制品,1,48.0,0.0,0.0,48.0,16.8,16.8,paid,delivered,True,20260903
ORD-0000178-1,ORD-0000178,2026-06-06,新约能天使-装饰摆件,1,89.0,0.1,8.9,80.1,37.38,37.38,paid,delivered,True,20260903
ORD-0000179-1,ORD-0000179,2026-07-12,司霆惊蛰-手办模玩,1,699.0,0.05,34.95,664.05,433.38,433.38,paid,delivered,True,20260903
ORD-0000179-2,ORD-0000179,2026-07-12,真言-亚克力制品,1,48.0,0.05,2.4,45.6,16.8,16.8,paid,delivered,True,20260903
ORD-0000180-1,ORD-0000180,2026-08-01,结城理-手办模玩,1,699.0,0.0,0.0,699.0,433.38,433.38,paid,delivered,True,20260903
ORD-0000181-1,ORD-0000181,2026-07-31,死芒-毛绒玩偶,1,128.0,0.1,12.8,115.2,61.44,61.44,paid,delivered,True,20260903
ORD-0000182-1,ORD-0000182,2026-06-15,谬因-日用生活,1,99.0,0.0,0.0,99.0,45.54,45.54,paid,delivered,True,20260903
ORD-0000183-1,ORD-0000183,2026-07-08,归溟幽灵鲨-手办模玩,2,699.0,0.0,0.0,1398.0,433.38,866.76,paid,delivered,True,20260903
ORD-0000183-2,ORD-0000183,2026-07-08,谬因-日用生活,2,99.0,0.05,9.9,188.1,45.54,91.08,paid,delivered,True,20260903
ORD-0000184-1,ORD-0000184,2026-08-18,荒芜拉普兰德-毛绒玩偶,1,128.0,0.05,6.4,121.6,61.44,61.44,paid,delivered,True,20260903
ORD-0000185-1,ORD-0000185,2026-06-29,赤刃明霄陈-装饰摆件,1,89.0,0.05,4.45,84.55,37.38,37.38,paid,delivered,True,20260903
ORD-0000186-1,ORD-0000186,2026-07-28,贝洛内-毛绒玩偶,1,128.0,0.05,6.4,121.6,61.44,61.44,paid,delivered,True,20260903
ORD-0000187-1,ORD-0000187,2026-07-04,死芒-装饰摆件,1,89.0,0.05,4.45,84.55,37.38,37.38,paid,delivered,True,20260903
ORD-0000188-1,ORD-0000188,2026-06-13,酒神-通行证,1,39.0,0.0,0.0,39.0,12.48,12.48,paid,shipped,True,20260903
ORD-0000189-1,ORD-0000189,2026-06-11,焰狐龙梓兰-亚克力制品,1,48.0,0.0,0.0,48.0,16.8,16.8,paid,delivered,True,20260903
ORD-0000189-2,ORD-0000189,2026-06-11,余-亚克力制品,1,48.0,0.1,4.8,43.2,16.8,16.8,paid,delivered,True,20260903
ORD-0000190-1,ORD-0000190,2026-08-28,结城理-吧唧（徽章）,1,18.0,0.1,1.8,16.2,5.4,5.4,paid,delivered,True,20260903
ORD-0000191-1,ORD-0000191,2026-07-20,凯尔希·思衡托-毛绒玩偶,1,128.0,0.1,12.8,115.2,61.44,61.44,paid,delivered,True,20260903
ORD-0000192-1,ORD-0000192,2026-08-15,焰狐龙梓兰-日用生活,1,99.0,0.0,0.0,99.0,45.54,45.54,paid,shipped,True,20260903
ORD-0000193-1,ORD-0000193,2026-06-14,谬因-日用生活,1,99.0,0.1,9.9,89.1,45.54,45.54,paid,delivered,True,20260903
ORD-0000193-2,ORD-0000193,2026-06-14,结城理-装饰摆件,1,89.0,0.0,0.0,89.0,37.38,37.38,paid,delivered,True,20260903
ORD-0000193-3,ORD-0000193,2026-06-14,酒神-手办模玩,1,699.0,0.05,34.95,664.05,433.38,433.38,paid,delivered,True,20260903
ORD-0000194-1,ORD-0000194,2026-08-18,余-毛绒玩偶,1,128.0,0.1,12.8,115.2,61.44,61.44,paid,delivered,True,20260903
ORD-0000195-1,ORD-0000195,2026-08-25,凯尔希·思衡托-装饰摆件,1,89.0,0.05,4.45,84.55,37.38,37.38,paid,delivered,True,20260903
ORD-0000196-1,ORD-0000196,2026-07-07,凯尔希·思衡托-手办模玩,1,699.0,0.0,0.0,699.0,433.38,433.38,paid,pending,True,20260903
ORD-0000197-1,ORD-0000197,2026-06-16,予愿安洁莉娜-装饰摆件,1,89.0,0.0,0.0,89.0,37.38,37.38,paid,delivered,True,20260903
ORD-0000197-2,ORD-0000197,2026-06-16,新约能天使-亚克力制品,3,48.0,0.05,7.2,136.8,16.8,50.4,paid,delivered,True,20260903
ORD-0000198-1,ORD-0000198,2026-07-21,荒芜拉普兰德-装饰摆件,1,89.0,0.1,8.9,80.1,37.38,37.38,paid,delivered,True,20260903
ORD-0000199-1,ORD-0000199,2026-07-06,荒芜拉普兰德-通行证,1,39.0,0.05,1.95,37.05,12.48,12.48,paid,delivered,True,20260903
ORD-0000200-1,ORD-0000200,2026-07-04,归溟幽灵鲨-亚克力制品,1,48.0,0.0,0.0,48.0,16.8,16.8,paid,delivered,True,20260903
ORD-0000201-1,ORD-0000201,2026-07-27,焰狐龙梓兰-毛绒玩偶,1,128.0,0.0,0.0,128.0,61.44,61.44,paid,delivered,True,20260903
ORD-0000202-1,ORD-0000202,2026-07-05,余-手办模玩,2,699.0,0.0,0.0,1398.0,433.38,866.76,paid,shipped,True,20260903
ORD-0000203-1,ORD-0000203,2026-08-13,Mon3tr-亚克力制品,1,48.0,0.1,4.8,43.2,16.8,16.8,paid,delivered,True,20260903
ORD-0000203-2,ORD-0000203,2026-08-13,归溟幽灵鲨-日用生活,1,99.0,0.0,0.0,99.0,45.54,45.54,paid,delivered,True,20260903
ORD-0000204-1,ORD-0000204,2026-08-20,荒芜拉普兰德-亚克力制品,3,48.0,0.1,14.4,129.6,16.8,50.4,paid,delivered,True,20260903
ORD-0000205-1,ORD-0000205,2026-07-06,司霆惊蛰-装饰摆件,1,89.0,0.0,0.0,89.0,37.38,37.38,paid,delivered,True,20260903
ORD-0000206-1,ORD-0000206,2026-08-22,斩业星熊-亚克力制品,1,48.0,0.05,2.4,45.6,16.8,16.8,paid,delivered,True,20260903
ORD-0000206-2,ORD-0000206,2026-08-22,谬因-毛绒玩偶,1,128.0,0.05,6.4,121.6,61.44,61.44,paid,delivered,True,20260903
ORD-0000207-1,ORD-0000207,2026-08-15,酒神-装饰摆件,1,89.0,0.1,8.9,80.1,37.38,37.38,paid,delivered,True,20260903
ORD-0000208-1,ORD-0000208,2026-07-06,塑心-装饰摆件,1,89.0,0.0,0.0,89.0,37.38,37.38,cancelled,cancelled,True,20260903
ORD-0000209-1,ORD-0000209,2026-07-16,新约能天使-亚克力制品,1,48.0,0.0,0.0,48.0,16.8,16.8,paid,delivered,True,20260903
ORD-0000210-1,ORD-0000210,2026-07-15,Mon3tr-亚克力制品,1,48.0,0.05,2.4,45.6,16.8,16.8,paid,delivered,True,20260903
ORD-0000211-1,ORD-0000211,2026-07-15,司霆惊蛰-装饰摆件,3,89.0,0.0,0.0,267.0,37.38,112.14,paid,delivered,True,20260903
ORD-0000212-1,ORD-0000212,2026-07-17,死芒-手办模玩,1,699.0,0.1,69.9,629.1,433.38,433.38,paid,delivered,True,20260903
ORD-0000213-1,ORD-0000213,2026-06-01,纯烬艾雅法拉-日用生活,1,99.0,0.0,0.0,99.0,45.54,45.54,paid,delivered,True,20260903
ORD-0000214-1,ORD-0000214,2026-07-19,真言-吧唧（徽章）,1,18.0,0.0,0.0,18.0,5.4,5.4,paid,delivered,True,20260903
ORD-0000215-1,ORD-0000215,2026-08-29,司霆惊蛰-吧唧（徽章）,1,18.0,0.05,0.9,17.1,5.4,5.4,paid,shipped,True,20260903
ORD-0000216-1,ORD-0000216,2026-07-04,斩业星熊-亚克力制品,1,48.0,0.1,4.8,43.2,16.8,16.8,paid,delivered,True,20260903
ORD-0000217-1,ORD-0000217,2026-06-20,缄默德克萨斯-日用生活,1,99.0,0.05,4.95,94.05,45.54,45.54,paid,delivered,True,20260903
ORD-0000217-2,ORD-0000217,2026-06-20,新约能天使-通行证,1,39.0,0.0,0.0,39.0,12.48,12.48,paid,delivered,True,20260903
ORD-0000218-1,ORD-0000218,2026-06-28,荒芜拉普兰德-装饰摆件,1,89.0,0.1,8.9,80.1,37.38,37.38,paid,delivered,True,20260903
ORD-0000219-1,ORD-0000219,2026-07-24,黍-亚克力制品,1,48.0,0.1,4.8,43.2,16.8,16.8,paid,delivered,True,20260903
ORD-0000219-2,ORD-0000219,2026-07-24,酒神-通行证,1,39.0,0.1,3.9,35.1,12.48,12.48,paid,delivered,True,20260903
ORD-0000220-1,ORD-0000220,2026-06-21,予愿安洁莉娜-通行证,2,39.0,0.0,0.0,78.0,12.48,24.96,paid,delivered,True,20260903
ORD-0000221-1,ORD-0000221,2026-08-25,缄默德克萨斯-吧唧（徽章）,2,18.0,0.1,3.6,32.4,5.4,10.8,paid,delivered,True,20260903
ORD-0000221-2,ORD-0000221,2026-08-25,荒芜拉普兰德-毛绒玩偶,3,128.0,0.0,0.0,384.0,61.44,184.32,paid,delivered,True,20260903
ORD-0000221-3,ORD-0000221,2026-08-25,结城理-通行证,1,39.0,0.0,0.0,39.0,12.48,12.48,paid,delivered,True,20260903
ORD-0000222-1,ORD-0000222,2026-06-21,归溟幽灵鲨-通行证,1,39.0,0.1,3.9,35.1,12.48,12.48,paid,delivered,True,20260903
ORD-0000223-1,ORD-0000223,2026-08-05,望-亚克力制品,1,48.0,0.1,4.8,43.2,16.8,16.8,cancelled,cancelled,True,20260903
ORD-0000224-1,ORD-0000224,2026-07-18,贝洛内-通行证,2,39.0,0.05,3.9,74.1,12.48,24.96,paid,delivered,True,20260903
ORD-0000225-1,ORD-0000225,2026-08-08,死芒-手办模玩,2,699.0,0.0,0.0,1398.0,433.38,866.76,paid,delivered,True,20260903
ORD-0000226-1,ORD-0000226,2026-07-25,新约能天使-装饰摆件,1,89.0,0.05,4.45,84.55,37.38,37.38,paid,delivered,True,20260903
ORD-0000227-1,ORD-0000227,2026-08-09,Mon3tr-装饰摆件,1,89.0,0.0,0.0,89.0,37.38,37.38,paid,delivered,True,20260903
ORD-0000228-1,ORD-0000228,2026-06-10,司霆惊蛰-吧唧（徽章）,1,18.0,0.05,0.9,17.1,5.4,5.4,paid,delivered,True,20260903
ORD-0000229-1,ORD-0000229,2026-07-22,归溟幽灵鲨-吧唧（徽章）,1,18.0,0.0,0.0,18.0,5.4,5.4,paid,delivered,True,20260903
ORD-0000229-2,ORD-0000229,2026-07-22,荒芜拉普兰德-通行证,1,39.0,0.05,1.95,37.05,12.48,12.48,paid,delivered,True,20260903
ORD-0000230-1,ORD-0000230,2026-08-28,凯尔希·思衡托-手办模玩,1,699.0,0.0,0.0,699.0,433.38,433.38,paid,delivered,True,20260903
ORD-0000231-1,ORD-0000231,2026-06-20,司霆惊蛰-吧唧（徽章）,1,18.0,0.0,0.0,18.0,5.4,5.4,paid,delivered,True,20260903
ORD-0000232-1,ORD-0000232,2026-06-20,凯尔希·思衡托-通行证,1,39.0,0.05,1.95,37.05,12.48,12.48,paid,delivered,True,20260903
ORD-0000233-1,ORD-0000233,2026-06-11,塑心-亚克力制品,1,48.0,0.0,0.0,48.0,16.8,16.8,paid,delivered,True,20260903
ORD-0000234-1,ORD-0000234,2026-08-06,赤刃明霄陈-日用生活,1,99.0,0.0,0.0,99.0,45.54,45.54,paid,delivered,True,20260903
ORD-0000235-1,ORD-0000235,2026-07-26,黍-毛绒玩偶,1,128.0,0.0,0.0,128.0,61.44,61.44,paid,delivered,True,20260903
ORD-0000236-1,ORD-0000236,2026-08-19,新约能天使-毛绒玩偶,1,128.0,0.1,12.8,115.2,61.44,61.44,paid,delivered,True,20260903
ORD-0000236-2,ORD-0000236,2026-08-19,凛御银灰-装饰摆件,1,89.0,0.1,8.9,80.1,37.38,37.38,paid,delivered,True,20260903
ORD-0000236-3,ORD-0000236,2026-08-19,予愿安洁莉娜-手办模玩,1,699.0,0.0,0.0,699.0,433.38,433.38,paid,delivered,True,20260903
ORD-0000237-1,ORD-0000237,2026-06-21,黍-亚克力制品,1,48.0,0.0,0.0,48.0,16.8,16.8,paid,delivered,True,20260903
ORD-0000237-2,ORD-0000237,2026-06-21,缪尔赛思-日用生活,1,99.0,0.05,4.95,94.05,45.54,45.54,paid,delivered,True,20260903
ORD-0000238-1,ORD-0000238,2026-08-13,荒芜拉普兰德-手办模玩,1,699.0,0.0,0.0,699.0,433.38,433.38,paid,delivered,True,20260903
ORD-0000239-1,ORD-0000239,2026-07-31,黍-手办模玩,1,699.0,0.1,69.9,629.1,433.38,433.38,cancelled,cancelled,True,20260903
ORD-0000239-2,ORD-0000239,2026-07-31,望-日用生活,1,99.0,0.05,4.95,94.05,45.54,45.54,cancelled,cancelled,True,20260903
ORD-0000240-1,ORD-0000240,2026-06-28,佩佩-装饰摆件,1,89.0,0.05,4.45,84.55,37.38,37.38,paid,delivered,True,20260903
ORD-0000241-1,ORD-0000241,2026-06-29,贝洛内-亚克力制品,1,48.0,0.0,0.0,48.0,16.8,16.8,paid,delivered,True,20260903
ORD-0000242-1,ORD-0000242,2026-06-25,结城理-装饰摆件,1,89.0,0.05,4.45,84.55,37.38,37.38,paid,delivered,True,20260903
ORD-0000243-1,ORD-0000243,2026-07-13,娜斯提-手办模玩,1,699.0,0.05,34.95,664.05,433.38,433.38,paid,delivered,True,20260903
ORD-0000244-1,ORD-0000244,2026-08-02,黍-手办模玩,1,699.0,0.0,0.0,699.0,433.38,433.38,paid,delivered,True,20260903
ORD-0000245-1,ORD-0000245,2026-06-04,佩佩-装饰摆件,1,89.0,0.0,0.0,89.0,37.38,37.38,paid,delivered,True,20260903
ORD-0000245-2,ORD-0000245,2026-06-04,结城理-亚克力制品,1,48.0,0.0,0.0,48.0,16.8,16.8,paid,delivered,True,20260903
ORD-0000246-1,ORD-0000246,2026-07-14,斩业星熊-吧唧（徽章）,2,18.0,0.0,0.0,36.0,5.4,10.8,paid,delivered,True,20260903
ORD-0000247-1,ORD-0000247,2026-06-18,重岳-装饰摆件,1,89.0,0.1,8.9,80.1,37.38,37.38,paid,delivered,True,20260903
ORD-0000248-1,ORD-0000248,2026-08-15,赤刃明霄陈-通行证,1,39.0,0.0,0.0,39.0,12.48,12.48,paid,delivered,True,20260903
ORD-0000248-2,ORD-0000248,2026-08-15,真言-装饰摆件,1,89.0,0.1,8.9,80.1,37.38,37.38,paid,delivered,True,20260903
ORD-0000249-1,ORD-0000249,2026-07-27,望-装饰摆件,1,89.0,0.0,0.0,89.0,37.38,37.38,paid,delivered,True,20260903
ORD-0000250-1,ORD-0000250,2026-07-28,贝洛内-亚克力制品,1,48.0,0.0,0.0,48.0,16.8,16.8,paid,shipped,True,20260903
ORD-0000251-1,ORD-0000251,2026-06-12,黍-毛绒玩偶,1,128.0,0.1,12.8,115.2,61.44,61.44,paid,delivered,True,20260903
ORD-0000251-2,ORD-0000251,2026-06-12,余-日用生活,1,99.0,0.1,9.9,89.1,45.54,45.54,paid,delivered,True,20260903
ORD-0000252-1,ORD-0000252,2026-08-15,新约能天使-通行证,2,39.0,0.0,0.0,78.0,12.48,24.96,paid,delivered,True,20260903
ORD-0000253-1,ORD-0000253,2026-06-22,归溟幽灵鲨-手办模玩,1,699.0,0.0,0.0,699.0,433.38,433.38,paid,delivered,True,20260903
ORD-0000254-1,ORD-0000254,2026-06-29,娜斯提-毛绒玩偶,1,128.0,0.1,12.8,115.2,61.44,61.44,paid,delivered,True,20260903
ORD-0000255-1,ORD-0000255,2026-07-08,真言-装饰摆件,1,89.0,0.1,8.9,80.1,37.38,37.38,paid,delivered,True,20260903
ORD-0000255-2,ORD-0000255,2026-07-08,凛御银灰-装饰摆件,1,89.0,0.15,13.35,75.65,37.38,37.38,paid,delivered,True,20260903
ORD-0000256-1,ORD-0000256,2026-06-03,荒芜拉普兰德-装饰摆件,1,89.0,0.0,0.0,89.0,37.38,37.38,paid,delivered,True,20260903
ORD-0000256-2,ORD-0000256,2026-06-03,缪尔赛思-装饰摆件,1,89.0,0.0,0.0,89.0,37.38,37.38,paid,delivered,True,20260903
ORD-0000257-1,ORD-0000257,2026-06-06,黍-亚克力制品,1,48.0,0.0,0.0,48.0,16.8,16.8,paid,shipped,True,20260903
ORD-0000258-1,ORD-0000258,2026-08-15,予愿安洁莉娜-吧唧（徽章）,1,18.0,0.0,0.0,18.0,5.4,5.4,paid,delivered,True,20260903
ORD-0000259-1,ORD-0000259,2026-08-29,谬因-日用生活,1,99.0,0.05,4.95,94.05,45.54,45.54,paid,delivered,True,20260903
ORD-0000260-1,ORD-0000260,2026-06-29,荒芜拉普兰德-通行证,1,39.0,0.0,0.0,39.0,12.48,12.48,paid,delivered,True,20260903
ORD-0000261-1,ORD-0000261,2026-07-03,凛御银灰-吧唧（徽章）,1,18.0,0.0,0.0,18.0,5.4,5.4,paid,delivered,True,20260903
ORD-0000262-1,ORD-0000262,2026-08-12,贝洛内-手办模玩,2,699.0,0.0,0.0,1398.0,433.38,866.76,paid,delivered,True,20260903
ORD-0000263-1,ORD-0000263,2026-08-15,怒潮凛冬-手办模玩,2,699.0,0.0,0.0,1398.0,433.38,866.76,paid,delivered,True,20260903
ORD-0000264-1,ORD-0000264,2026-07-07,凯尔希·思衡托-吧唧（徽章）,1,18.0,0.0,0.0,18.0,5.4,5.4,paid,delivered,True,20260903
ORD-0000265-1,ORD-0000265,2026-06-09,缪尔赛思-日用生活,1,99.0,0.1,9.9,89.1,45.54,45.54,paid,delivered,True,20260903
ORD-0000266-1,ORD-0000266,2026-07-14,新约能天使-装饰摆件,1,89.0,0.0,0.0,89.0,37.38,37.38,paid,delivered,True,20260903
ORD-0000267-1,ORD-0000267,2026-06-11,谬因-装饰摆件,1,89.0,0.0,0.0,89.0,37.38,37.38,paid,delivered,True,20260903
ORD-0000268-1,ORD-0000268,2026-07-09,予愿安洁莉娜-亚克力制品,1,48.0,0.0,0.0,48.0,16.8,16.8,paid,delivered,True,20260903
ORD-0000268-2,ORD-0000268,2026-07-09,凛御银灰-装饰摆件,1,89.0,0.1,8.9,80.1,37.38,37.38,paid,delivered,True,20260903
ORD-0000269-1,ORD-0000269,2026-06-20,怒潮凛冬-日用生活,1,99.0,0.05,4.95,94.05,45.54,45.54,paid,delivered,True,20260903
ORD-0000270-1,ORD-0000270,2026-06-03,怒潮凛冬-手办模玩,1,699.0,0.05,34.95,664.05,433.38,433.38,paid,delivered,True,20260903
ORD-0000271-1,ORD-0000271,2026-06-20,维娜·维多利亚-手办模玩,1,699.0,0.0,0.0,699.0,433.38,433.38,paid,delivered,True,20260903
ORD-0000272-1,ORD-0000272,2026-06-28,望-亚克力制品,1,48.0,0.05,2.4,45.6,16.8,16.8,paid,delivered,True,20260903
ORD-0000273-1,ORD-0000273,2026-06-23,黍-装饰摆件,1,89.0,0.0,0.0,89.0,37.38,37.38,paid,delivered,True,20260903
ORD-0000274-1,ORD-0000274,2026-06-27,纯烬艾雅法拉-吧唧（徽章）,1,18.0,0.0,0.0,18.0,5.4,5.4,paid,delivered,True,20260903
ORD-0000275-1,ORD-0000275,2026-06-30,予愿安洁莉娜-亚克力制品,1,48.0,0.05,2.4,45.6,16.8,16.8,paid,delivered,True,20260903
ORD-0000276-1,ORD-0000276,2026-07-31,新约能天使-手办模玩,1,699.0,0.1,69.9,629.1,433.38,433.38,paid,delivered,True,20260903
ORD-0000277-1,ORD-0000277,2026-06-21,望-亚克力制品,1,48.0,0.05,2.4,45.6,16.8,16.8,paid,pending,True,20260903
ORD-0000278-1,ORD-0000278,2026-07-18,焰狐龙梓兰-日用生活,1,99.0,0.0,0.0,99.0,45.54,45.54,paid,delivered,True,20260903
ORD-0000279-1,ORD-0000279,2026-08-06,予愿安洁莉娜-通行证,1,39.0,0.0,0.0,39.0,12.48,12.48,paid,delivered,True,20260903
ORD-0000279-2,ORD-0000279,2026-08-06,斩业星熊-装饰摆件,1,89.0,0.0,0.0,89.0,37.38,37.38,paid,delivered,True,20260903
ORD-0000279-3,ORD-0000279,2026-08-06,凯尔希·思衡托-亚克力制品,1,48.0,0.0,0.0,48.0,16.8,16.8,paid,delivered,True,20260903
ORD-0000280-1,ORD-0000280,2026-07-13,Mon3tr-装饰摆件,1,89.0,0.0,0.0,89.0,37.38,37.38,paid,delivered,True,20260903
ORD-0000281-1,ORD-0000281,2026-08-05,塑心-亚克力制品,1,48.0,0.15,7.2,40.8,16.8,16.8,paid,delivered,True,20260903
ORD-0000282-1,ORD-0000282,2026-06-01,重岳-吧唧（徽章）,1,18.0,0.1,1.8,16.2,5.4,5.4,paid,delivered,True,20260903
ORD-0000283-1,ORD-0000283,2026-07-20,Mon3tr-通行证,1,39.0,0.0,0.0,39.0,12.48,12.48,paid,delivered,True,20260903
ORD-0000284-1,ORD-0000284,2026-06-19,斩业星熊-装饰摆件,2,89.0,0.05,8.9,169.1,37.38,74.76,paid,delivered,True,20260903
ORD-0000285-1,ORD-0000285,2026-08-08,缪尔赛思-亚克力制品,1,48.0,0.05,2.4,45.6,16.8,16.8,paid,delivered,True,20260903
ORD-0000286-1,ORD-0000286,2026-06-16,余-日用生活,1,99.0,0.1,9.9,89.1,45.54,45.54,paid,delivered,True,20260903
ORD-0000286-2,ORD-0000286,2026-06-16,缇缇-手办模玩,2,699.0,0.0,0.0,1398.0,433.38,866.76,paid,delivered,True,20260903
ORD-0000287-1,ORD-0000287,2026-07-31,缄默德克萨斯-装饰摆件,1,89.0,0.1,8.9,80.1,37.38,37.38,paid,delivered,True,20260903
ORD-0000288-1,ORD-0000288,2026-08-26,死芒-手办模玩,1,699.0,0.1,69.9,629.1,433.38,433.38,paid,delivered,True,20260903
ORD-0000289-1,ORD-0000289,2026-08-20,Mon3tr-毛绒玩偶,1,128.0,0.0,0.0,128.0,61.44,61.44,paid,delivered,True,20260903
ORD-0000290-1,ORD-0000290,2026-06-23,怒潮凛冬-日用生活,1,99.0,0.1,9.9,89.1,45.54,45.54,paid,delivered,True,20260903
ORD-0000291-1,ORD-0000291,2026-07-30,维娜·维多利亚-日用生活,1,99.0,0.0,0.0,99.0,45.54,45.54,paid,delivered,True,20260903
ORD-0000292-1,ORD-0000292,2026-08-08,维娜·维多利亚-吧唧（徽章）,1,18.0,0.0,0.0,18.0,5.4,5.4,paid,delivered,True,20260903
ORD-0000293-1,ORD-0000293,2026-07-18,真言-手办模玩,1,699.0,0.05,34.95,664.05,433.38,433.38,paid,pending,True,20260903
ORD-0000293-2,ORD-0000293,2026-07-18,司霆惊蛰-亚克力制品,1,48.0,0.0,0.0,48.0,16.8,16.8,paid,pending,True,20260903
ORD-0000294-1,ORD-0000294,2026-07-31,余-毛绒玩偶,1,128.0,0.0,0.0,128.0,61.44,61.44,paid,delivered,True,20260903
ORD-0000295-1,ORD-0000295,2026-07-27,凛御银灰-吧唧（徽章）,1,18.0,0.0,0.0,18.0,5.4,5.4,cancelled,cancelled,True,20260903
ORD-0000296-1,ORD-0000296,2026-06-14,荒芜拉普兰德-亚克力制品,2,48.0,0.05,4.8,91.2,16.8,33.6,paid,delivered,True,20260903
ORD-0000296-2,ORD-0000296,2026-06-14,纯烬艾雅法拉-装饰摆件,1,89.0,0.0,0.0,89.0,37.38,37.38,paid,delivered,True,20260903
ORD-0000297-1,ORD-0000297,2026-07-29,新约能天使-日用生活,1,99.0,0.1,9.9,89.1,45.54,45.54,paid,delivered,True,20260903
ORD-0000298-1,ORD-0000298,2026-07-19,谬因-毛绒玩偶,1,128.0,0.0,0.0,128.0,61.44,61.44,paid,delivered,True,20260903
ORD-0000299-1,ORD-0000299,2026-06-21,谬因-手办模玩,2,699.0,0.1,139.8,1258.2,433.38,866.76,paid,pending,True,20260903
ORD-0000300-1,ORD-0000300,2026-08-19,怒潮凛冬-通行证,1,39.0,0.1,3.9,35.1,12.48,12.48,paid,delivered,True,20260903
ORD-0000300-2,ORD-0000300,2026-08-19,予愿安洁莉娜-手办模玩,1,699.0,0.0,0.0,699.0,433.38,433.38,paid,delivered,True,20260903
ORD-0000301-1,ORD-0000301,2026-08-05,结城理-装饰摆件,1,89.0,0.1,8.9,80.1,37.38,37.38,paid,delivered,True,20260903
ORD-0000302-1,ORD-0000302,2026-08-13,缇缇-吧唧（徽章）,1,18.0,0.0,0.0,18.0,5.4,5.4,paid,delivered,True,20260903
ORD-0000303-1,ORD-0000303,2026-06-27,缪尔赛思-手办模玩,1,699.0,0.0,0.0,699.0,433.38,433.38,paid,delivered,True,20260903
ORD-0000304-1,ORD-0000304,2026-06-28,归溟幽灵鲨-通行证,1,39.0,0.05,1.95,37.05,12.48,12.48,paid,delivered,True,20260903
ORD-0000304-2,ORD-0000304,2026-06-28,纯烬艾雅法拉-日用生活,2,99.0,0.1,19.8,178.2,45.54,91.08,paid,delivered,True,20260903
ORD-0000305-1,ORD-0000305,2026-06-01,真言-吧唧（徽章）,1,18.0,0.05,0.9,17.1,5.4,5.4,paid,delivered,True,20260903
ORD-0000306-1,ORD-0000306,2026-08-25,缄默德克萨斯-亚克力制品,1,48.0,0.0,0.0,48.0,16.8,16.8,paid,delivered,True,20260903
ORD-0000307-1,ORD-0000307,2026-08-16,重岳-装饰摆件,2,89.0,0.0,0.0,178.0,37.38,74.76,cancelled,cancelled,True,20260903
ORD-0000308-1,ORD-0000308,2026-07-22,塑心-日用生活,2,99.0,0.1,19.8,178.2,45.54,91.08,paid,delivered,True,20260903
ORD-0000309-1,ORD-0000309,2026-06-11,缇缇-通行证,1,39.0,0.0,0.0,39.0,12.48,12.48,paid,delivered,True,20260903
ORD-0000310-1,ORD-0000310,2026-06-07,凯尔希·思衡托-毛绒玩偶,1,128.0,0.0,0.0,128.0,61.44,61.44,cancelled,cancelled,True,20260903
ORD-0000311-1,ORD-0000311,2026-06-13,凛御银灰-吧唧（徽章）,1,18.0,0.0,0.0,18.0,5.4,5.4,paid,delivered,True,20260903
ORD-0000311-2,ORD-0000311,2026-06-13,真言-装饰摆件,1,89.0,0.0,0.0,89.0,37.38,37.38,paid,delivered,True,20260903
ORD-0000312-1,ORD-0000312,2026-08-16,焰狐龙梓兰-日用生活,1,99.0,0.0,0.0,99.0,45.54,45.54,paid,delivered,True,20260903
ORD-0000312-2,ORD-0000312,2026-08-16,死芒-日用生活,1,99.0,0.0,0.0,99.0,45.54,45.54,paid,delivered,True,20260903
ORD-0000313-1,ORD-0000313,2026-06-15,新约能天使-装饰摆件,1,89.0,0.0,0.0,89.0,37.38,37.38,paid,delivered,True,20260903
ORD-0000313-2,ORD-0000313,2026-06-15,佩佩-通行证,1,39.0,0.1,3.9,35.1,12.48,12.48,paid,delivered,True,20260903
ORD-0000314-1,ORD-0000314,2026-08-21,维娜·维多利亚-毛绒玩偶,2,128.0,0.1,25.6,230.4,61.44,122.88,paid,delivered,True,20260903
ORD-0000315-1,ORD-0000315,2026-07-05,赤刃明霄陈-吧唧（徽章）,1,18.0,0.1,1.8,16.2,5.4,5.4,paid,delivered,True,20260903
ORD-0000316-1,ORD-0000316,2026-08-05,重岳-日用生活,1,99.0,0.1,9.9,89.1,45.54,45.54,paid,delivered,True,20260903
ORD-0000316-2,ORD-0000316,2026-08-05,缄默德克萨斯-通行证,1,39.0,0.0,0.0,39.0,12.48,12.48,paid,delivered,True,20260903
ORD-0000317-1,ORD-0000317,2026-06-21,余-吧唧（徽章）,2,18.0,0.05,1.8,34.2,5.4,10.8,paid,delivered,True,20260903
ORD-0000318-1,ORD-0000318,2026-08-10,娜斯提-毛绒玩偶,1,128.0,0.0,0.0,128.0,61.44,61.44,paid,delivered,True,20260903
ORD-0000319-1,ORD-0000319,2026-08-02,纯烬艾雅法拉-亚克力制品,1,48.0,0.05,2.4,45.6,16.8,16.8,paid,delivered,True,20260903
ORD-0000320-1,ORD-0000320,2026-08-06,望-手办模玩,1,699.0,0.0,0.0,699.0,433.38,433.38,paid,delivered,True,20260903
ORD-0000320-2,ORD-0000320,2026-08-06,凯尔希·思衡托-通行证,1,39.0,0.05,1.95,37.05,12.48,12.48,paid,delivered,True,20260903
ORD-0000321-1,ORD-0000321,2026-06-09,斩业星熊-装饰摆件,1,89.0,0.0,0.0,89.0,37.38,37.38,paid,delivered,True,20260903
ORD-0000322-1,ORD-0000322,2026-07-01,予愿安洁莉娜-手办模玩,1,699.0,0.0,0.0,699.0,433.38,433.38,paid,delivered,True,20260903
ORD-0000323-1,ORD-0000323,2026-08-02,荒芜拉普兰德-通行证,1,39.0,0.1,3.9,35.1,12.48,12.48,paid,delivered,True,20260903
ORD-0000324-1,ORD-0000324,2026-06-20,凯尔希·思衡托-日用生活,1,99.0,0.1,9.9,89.1,45.54,45.54,paid,delivered,True,20260903
ORD-0000325-1,ORD-0000325,2026-08-05,纯烬艾雅法拉-亚克力制品,1,48.0,0.0,0.0,48.0,16.8,16.8,paid,delivered,True,20260903
ORD-0000326-1,ORD-0000326,2026-08-29,予愿安洁莉娜-亚克力制品,1,48.0,0.0,0.0,48.0,16.8,16.8,paid,delivered,True,20260903
ORD-0000327-1,ORD-0000327,2026-08-16,凯尔希·思衡托-日用生活,1,99.0,0.0,0.0,99.0,45.54,45.54,paid,delivered,True,20260903
ORD-0000328-1,ORD-0000328,2026-07-31,结城理-吧唧（徽章）,1,18.0,0.0,0.0,18.0,5.4,5.4,paid,delivered,True,20260903
ORD-0000329-1,ORD-0000329,2026-08-11,塑心-装饰摆件,2,89.0,0.0,0.0,178.0,37.38,74.76,paid,delivered,True,20260903
ORD-0000330-1,ORD-0000330,2026-06-18,重岳-装饰摆件,1,89.0,0.0,0.0,89.0,37.38,37.38,paid,delivered,True,20260903
ORD-0000331-1,ORD-0000331,2026-06-14,重岳-装饰摆件,1,89.0,0.05,4.45,84.55,37.38,37.38,paid,delivered,True,20260903
ORD-0000331-2,ORD-0000331,2026-06-14,死芒-手办模玩,1,699.0,0.0,0.0,699.0,433.38,433.38,paid,delivered,True,20260903
ORD-0000332-1,ORD-0000332,2026-07-05,余-日用生活,1,99.0,0.0,0.0,99.0,45.54,45.54,paid,delivered,True,20260903
ORD-0000333-1,ORD-0000333,2026-07-19,贝洛内-吧唧（徽章）,1,18.0,0.05,0.9,17.1,5.4,5.4,paid,delivered,True,20260903
ORD-0000334-1,ORD-0000334,2026-08-11,赤刃明霄陈-亚克力制品,1,48.0,0.05,2.4,45.6,16.8,16.8,paid,delivered,True,20260903
ORD-0000334-2,ORD-0000334,2026-08-11,重岳-通行证,1,39.0,0.0,0.0,39.0,12.48,12.48,paid,delivered,True,20260903
ORD-0000335-1,ORD-0000335,2026-08-16,凛御银灰-手办模玩,1,699.0,0.15,104.85,594.15,433.38,433.38,paid,delivered,True,20260903
ORD-0000336-1,ORD-0000336,2026-07-10,缪尔赛思-日用生活,1,99.0,0.0,0.0,99.0,45.54,45.54,paid,delivered,True,20260903
ORD-0000337-1,ORD-0000337,2026-07-05,怒潮凛冬-手办模玩,1,699.0,0.0,0.0,699.0,433.38,433.38,paid,delivered,True,20260903
ORD-0000338-1,ORD-0000338,2026-06-19,娜斯提-装饰摆件,1,89.0,0.0,0.0,89.0,37.38,37.38,paid,delivered,True,20260903
ORD-0000338-2,ORD-0000338,2026-06-19,归溟幽灵鲨-毛绒玩偶,1,128.0,0.1,12.8,115.2,61.44,61.44,paid,delivered,True,20260903
ORD-0000339-1,ORD-0000339,2026-06-13,塑心-毛绒玩偶,1,128.0,0.0,0.0,128.0,61.44,61.44,paid,delivered,True,20260903
ORD-0000340-1,ORD-0000340,2026-08-03,余-毛绒玩偶,2,128.0,0.1,25.6,230.4,61.44,122.88,paid,delivered,True,20260903
ORD-0000340-2,ORD-0000340,2026-08-03,谬因-亚克力制品,1,48.0,0.15,7.2,40.8,16.8,16.8,paid,delivered,True,20260903
ORD-0000341-1,ORD-0000341,2026-07-21,凛御银灰-毛绒玩偶,1,128.0,0.0,0.0,128.0,61.44,61.44,paid,delivered,True,20260903
ORD-0000342-1,ORD-0000342,2026-06-22,真言-毛绒玩偶,3,128.0,0.1,38.4,345.6,61.44,184.32,paid,delivered,True,20260903
ORD-0000343-1,ORD-0000343,2026-07-23,新约能天使-日用生活,1,99.0,0.0,0.0,99.0,45.54,45.54,paid,delivered,True,20260903
ORD-0000343-2,ORD-0000343,2026-07-23,荒芜拉普兰德-装饰摆件,1,89.0,0.0,0.0,89.0,37.38,37.38,paid,delivered,True,20260903
ORD-0000344-1,ORD-0000344,2026-08-26,缄默德克萨斯-日用生活,1,99.0,0.05,4.95,94.05,45.54,45.54,cancelled,cancelled,True,20260903
ORD-0000345-1,ORD-0000345,2026-07-07,缪尔赛思-毛绒玩偶,1,128.0,0.05,6.4,121.6,61.44,61.44,paid,delivered,True,20260903
ORD-0000345-2,ORD-0000345,2026-07-07,赤刃明霄陈-装饰摆件,1,89.0,0.05,4.45,84.55,37.38,37.38,paid,delivered,True,20260903
ORD-0000346-1,ORD-0000346,2026-07-06,真言-通行证,1,39.0,0.0,0.0,39.0,12.48,12.48,paid,delivered,True,20260903
ORD-0000347-1,ORD-0000347,2026-07-28,塑心-亚克力制品,1,48.0,0.15,7.2,40.8,16.8,16.8,paid,delivered,True,20260903
ORD-0000347-2,ORD-0000347,2026-07-28,缪尔赛思-日用生活,1,99.0,0.1,9.9,89.1,45.54,45.54,paid,delivered,True,20260903
ORD-0000347-3,ORD-0000347,2026-07-28,赤刃明霄陈-亚克力制品,2,48.0,0.0,0.0,96.0,16.8,33.6,paid,delivered,True,20260903
ORD-0000348-1,ORD-0000348,2026-06-19,Mon3tr-毛绒玩偶,1,128.0,0.1,12.8,115.2,61.44,61.44,paid,delivered,True,20260903
ORD-0000348-2,ORD-0000348,2026-06-19,斩业星熊-装饰摆件,1,89.0,0.0,0.0,89.0,37.38,37.38,paid,delivered,True,20260903
ORD-0000349-1,ORD-0000349,2026-06-28,凯尔希·思衡托-日用生活,1,99.0,0.1,9.9,89.1,45.54,45.54,paid,delivered,True,20260903
ORD-0000350-1,ORD-0000350,2026-06-12,娜斯提-手办模玩,2,699.0,0.0,0.0,1398.0,433.38,866.76,paid,delivered,True,20260903
ORD-0000351-1,ORD-0000351,2026-08-04,怒潮凛冬-毛绒玩偶,1,128.0,0.0,0.0,128.0,61.44,61.44,paid,delivered,True,20260903
ORD-0000352-1,ORD-0000352,2026-07-12,予愿安洁莉娜-通行证,1,39.0,0.0,0.0,39.0,12.48,12.48,cancelled,cancelled,True,20260903
ORD-0000353-1,ORD-0000353,2026-06-07,凛御银灰-通行证,1,39.0,0.0,0.0,39.0,12.48,12.48,paid,shipped,True,20260903
ORD-0000354-1,ORD-0000354,2026-07-24,荒芜拉普兰德-亚克力制品,1,48.0,0.1,4.8,43.2,16.8,16.8,paid,delivered,True,20260903
ORD-0000355-1,ORD-0000355,2026-06-17,维娜·维多利亚-毛绒玩偶,1,128.0,0.0,0.0,128.0,61.44,61.44,paid,delivered,True,20260903
ORD-0000356-1,ORD-0000356,2026-07-19,佩佩-装饰摆件,1,89.0,0.0,0.0,89.0,37.38,37.38,paid,delivered,True,20260903
ORD-0000357-1,ORD-0000357,2026-06-18,焰狐龙梓兰-毛绒玩偶,1,128.0,0.1,12.8,115.2,61.44,61.44,paid,delivered,True,20260903
ORD-0000358-1,ORD-0000358,2026-07-13,缄默德克萨斯-毛绒玩偶,1,128.0,0.0,0.0,128.0,61.44,61.44,paid,delivered,True,20260903
ORD-0000358-2,ORD-0000358,2026-07-13,重岳-装饰摆件,1,89.0,0.0,0.0,89.0,37.38,37.38,paid,delivered,True,20260903
ORD-0000359-1,ORD-0000359,2026-08-18,佩佩-毛绒玩偶,2,128.0,0.05,12.8,243.2,61.44,122.88,paid,delivered,True,20260903
ORD-0000359-2,ORD-0000359,2026-08-18,司霆惊蛰-毛绒玩偶,2,128.0,0.05,12.8,243.2,61.44,122.88,paid,delivered,True,20260903
ORD-0000360-1,ORD-0000360,2026-07-08,佩佩-毛绒玩偶,1,128.0,0.0,0.0,128.0,61.44,61.44,paid,delivered,True,20260903
ORD-0000361-1,ORD-0000361,2026-07-30,余-手办模玩,1,699.0,0.15,104.85,594.15,433.38,433.38,paid,delivered,True,20260903
ORD-0000361-2,ORD-0000361,2026-07-30,归溟幽灵鲨-吧唧（徽章）,1,18.0,0.15,2.7,15.3,5.4,5.4,paid,delivered,True,20260903
ORD-0000362-1,ORD-0000362,2026-06-19,焰狐龙梓兰-亚克力制品,1,48.0,0.1,4.8,43.2,16.8,16.8,paid,delivered,True,20260903
ORD-0000362-2,ORD-0000362,2026-06-19,予愿安洁莉娜-通行证,1,39.0,0.0,0.0,39.0,12.48,12.48,paid,delivered,True,20260903
ORD-0000363-1,ORD-0000363,2026-06-18,缄默德克萨斯-装饰摆件,2,89.0,0.0,0.0,178.0,37.38,74.76,paid,delivered,True,20260903
ORD-0000364-1,ORD-0000364,2026-07-25,焰狐龙梓兰-手办模玩,1,699.0,0.1,69.9,629.1,433.38,433.38,paid,delivered,True,20260903
ORD-0000365-1,ORD-0000365,2026-07-18,结城理-亚克力制品,1,48.0,0.05,2.4,45.6,16.8,16.8,paid,delivered,True,20260903
ORD-0000365-2,ORD-0000365,2026-07-18,谬因-毛绒玩偶,2,128.0,0.05,12.8,243.2,61.44,122.88,paid,delivered,True,20260903
ORD-0000366-1,ORD-0000366,2026-08-15,死芒-日用生活,1,99.0,0.0,0.0,99.0,45.54,45.54,paid,delivered,True,20260903
ORD-0000367-1,ORD-0000367,2026-06-15,塑心-装饰摆件,1,89.0,0.0,0.0,89.0,37.38,37.38,paid,delivered,True,20260903
ORD-0000367-2,ORD-0000367,2026-06-15,纯烬艾雅法拉-手办模玩,1,699.0,0.05,34.95,664.05,433.38,433.38,paid,delivered,True,20260903
ORD-0000367-3,ORD-0000367,2026-06-15,黍-装饰摆件,1,89.0,0.0,0.0,89.0,37.38,37.38,paid,delivered,True,20260903
ORD-0000368-1,ORD-0000368,2026-08-14,归溟幽灵鲨-亚克力制品,1,48.0,0.0,0.0,48.0,16.8,16.8,paid,delivered,True,20260903
ORD-0000369-1,ORD-0000369,2026-07-21,归溟幽灵鲨-亚克力制品,1,48.0,0.0,0.0,48.0,16.8,16.8,paid,delivered,True,20260903
ORD-0000370-1,ORD-0000370,2026-07-26,重岳-亚克力制品,2,48.0,0.1,9.6,86.4,16.8,33.6,paid,delivered,True,20260903
ORD-0000371-1,ORD-0000371,2026-07-01,余-日用生活,1,99.0,0.1,9.9,89.1,45.54,45.54,paid,delivered,True,20260903
ORD-0000372-1,ORD-0000372,2026-08-03,归溟幽灵鲨-亚克力制品,1,48.0,0.0,0.0,48.0,16.8,16.8,cancelled,cancelled,True,20260903
ORD-0000372-2,ORD-0000372,2026-08-03,凯尔希·思衡托-装饰摆件,1,89.0,0.15,13.35,75.65,37.38,37.38,cancelled,cancelled,True,20260903
ORD-0000373-1,ORD-0000373,2026-08-25,黍-日用生活,1,99.0,0.1,9.9,89.1,45.54,45.54,paid,delivered,True,20260903
ORD-0000373-2,ORD-0000373,2026-08-25,黍-装饰摆件,1,89.0,0.0,0.0,89.0,37.38,37.38,paid,delivered,True,20260903
ORD-0000374-1,ORD-0000374,2026-07-31,娜斯提-装饰摆件,1,89.0,0.0,0.0,89.0,37.38,37.38,paid,pending,True,20260903
ORD-0000374-2,ORD-0000374,2026-07-31,佩佩-装饰摆件,1,89.0,0.1,8.9,80.1,37.38,37.38,paid,pending,True,20260903
ORD-0000375-1,ORD-0000375,2026-08-24,维娜·维多利亚-吧唧（徽章）,1,18.0,0.05,0.9,17.1,5.4,5.4,paid,delivered,True,20260903
ORD-0000376-1,ORD-0000376,2026-06-16,谬因-毛绒玩偶,1,128.0,0.0,0.0,128.0,61.44,61.44,paid,delivered,True,20260903
ORD-0000377-1,ORD-0000377,2026-06-23,谬因-亚克力制品,2,48.0,0.0,0.0,96.0,16.8,33.6,paid,delivered,True,20260903
ORD-0000378-1,ORD-0000378,2026-06-21,望-亚克力制品,1,48.0,0.0,0.0,48.0,16.8,16.8,paid,delivered,True,20260903
ORD-0000379-1,ORD-0000379,2026-07-08,望-日用生活,1,99.0,0.0,0.0,99.0,45.54,45.54,paid,delivered,True,20260903
ORD-0000380-1,ORD-0000380,2026-08-11,怒潮凛冬-装饰摆件,1,89.0,0.05,4.45,84.55,37.38,37.38,paid,delivered,True,20260903
ORD-0000381-1,ORD-0000381,2026-08-15,维娜·维多利亚-日用生活,1,99.0,0.05,4.95,94.05,45.54,45.54,paid,delivered,True,20260903
ORD-0000382-1,ORD-0000382,2026-06-25,归溟幽灵鲨-手办模玩,1,699.0,0.1,69.9,629.1,433.38,433.38,paid,delivered,True,20260903
ORD-0000383-1,ORD-0000383,2026-06-20,真言-亚克力制品,1,48.0,0.0,0.0,48.0,16.8,16.8,paid,delivered,True,20260903
ORD-0000383-2,ORD-0000383,2026-06-20,贝洛内-装饰摆件,1,89.0,0.0,0.0,89.0,37.38,37.38,paid,delivered,True,20260903
ORD-0000384-1,ORD-0000384,2026-06-13,焰狐龙梓兰-手办模玩,1,699.0,0.1,69.9,629.1,433.38,433.38,paid,shipped,True,20260903
ORD-0000385-1,ORD-0000385,2026-06-29,荒芜拉普兰德-手办模玩,1,699.0,0.1,69.9,629.1,433.38,433.38,paid,delivered,True,20260903
ORD-0000386-1,ORD-0000386,2026-06-05,缇缇-通行证,1,39.0,0.1,3.9,35.1,12.48,12.48,paid,delivered,True,20260903
ORD-0000387-1,ORD-0000387,2026-07-28,归溟幽灵鲨-装饰摆件,2,89.0,0.1,17.8,160.2,37.38,74.76,paid,delivered,True,20260903
ORD-0000388-1,ORD-0000388,2026-06-22,凛御银灰-装饰摆件,3,89.0,0.0,0.0,267.0,37.38,112.14,paid,delivered,True,20260903
ORD-0000389-1,ORD-0000389,2026-07-26,怒潮凛冬-通行证,1,39.0,0.1,3.9,35.1,12.48,12.48,paid,delivered,True,20260903
ORD-0000390-1,ORD-0000390,2026-08-16,重岳-手办模玩,1,699.0,0.05,34.95,664.05,433.38,433.38,paid,delivered,True,20260903
ORD-0000391-1,ORD-0000391,2026-06-20,重岳-亚克力制品,1,48.0,0.0,0.0,48.0,16.8,16.8,paid,delivered,True,20260903
ORD-0000392-1,ORD-0000392,2026-07-03,新约能天使-手办模玩,1,699.0,0.0,0.0,699.0,433.38,433.38,paid,delivered,True,20260903
ORD-0000393-1,ORD-0000393,2026-07-29,斩业星熊-日用生活,1,99.0,0.1,9.9,89.1,45.54,45.54,paid,delivered,True,20260903
ORD-0000394-1,ORD-0000394,2026-07-26,望-吧唧（徽章）,2,18.0,0.0,0.0,36.0,5.4,10.8,paid,delivered,True,20260903
ORD-0000395-1,ORD-0000395,2026-06-06,重岳-吧唧（徽章）,1,18.0,0.0,0.0,18.0,5.4,5.4,paid,delivered,True,20260903
ORD-0000395-2,ORD-0000395,2026-06-06,缪尔赛思-吧唧（徽章）,1,18.0,0.0,0.0,18.0,5.4,5.4,paid,delivered,True,20260903
ORD-0000396-1,ORD-0000396,2026-06-19,重岳-手办模玩,2,699.0,0.0,0.0,1398.0,433.38,866.76,paid,delivered,True,20260903
ORD-0000396-2,ORD-0000396,2026-06-19,凛御银灰-装饰摆件,1,89.0,0.0,0.0,89.0,37.38,37.38,paid,delivered,True,20260903
ORD-0000397-1,ORD-0000397,2026-07-17,结城理-手办模玩,1,699.0,0.0,0.0,699.0,433.38,433.38,paid,delivered,True,20260903
ORD-0000398-1,ORD-0000398,2026-08-22,缄默德克萨斯-手办模玩,1,699.0,0.0,0.0,699.0,433.38,433.38,paid,delivered,True,20260903
ORD-0000398-2,ORD-0000398,2026-08-22,新约能天使-日用生活,1,99.0,0.1,9.9,89.1,45.54,45.54,paid,delivered,True,20260903
ORD-0000399-1,ORD-0000399,2026-08-18,怒潮凛冬-通行证,2,39.0,0.0,0.0,78.0,12.48,24.96,paid,delivered,True,20260903
ORD-0000399-2,ORD-0000399,2026-08-18,司霆惊蛰-吧唧（徽章）,1,18.0,0.0,0.0,18.0,5.4,5.4,paid,delivered,True,20260903
ORD-0000400-1,ORD-0000400,2026-08-26,余-日用生活,1,99.0,0.0,0.0,99.0,45.54,45.54,paid,delivered,True,20260903
ORD-0000401-1,ORD-0000401,2026-07-30,予愿安洁莉娜-毛绒玩偶,1,128.0,0.0,0.0,128.0,61.44,61.44,paid,delivered,True,20260903
ORD-0000402-1,ORD-0000402,2026-07-02,焰狐龙梓兰-日用生活,1,99.0,0.05,4.95,94.05,45.54,45.54,paid,delivered,True,20260903
ORD-0000402-2,ORD-0000402,2026-07-02,真言-通行证,1,39.0,0.05,1.95,37.05,12.48,12.48,paid,delivered,True,20260903
ORD-0000403-1,ORD-0000403,2026-08-06,凯尔希·思衡托-日用生活,1,99.0,0.0,0.0,99.0,45.54,45.54,paid,delivered,True,20260903
ORD-0000403-2,ORD-0000403,2026-08-06,纯烬艾雅法拉-吧唧（徽章）,1,18.0,0.0,0.0,18.0,5.4,5.4,paid,delivered,True,20260903
ORD-0000404-1,ORD-0000404,2026-06-30,司霆惊蛰-毛绒玩偶,3,128.0,0.0,0.0,384.0,61.44,184.32,paid,delivered,True,20260903
ORD-0000405-1,ORD-0000405,2026-06-12,缇缇-亚克力制品,1,48.0,0.0,0.0,48.0,16.8,16.8,paid,shipped,True,20260903
ORD-0000406-1,ORD-0000406,2026-06-27,怒潮凛冬-吧唧（徽章）,2,18.0,0.05,1.8,34.2,5.4,10.8,paid,delivered,True,20260903
ORD-0000407-1,ORD-0000407,2026-07-09,赤刃明霄陈-通行证,1,39.0,0.0,0.0,39.0,12.48,12.48,paid,delivered,True,20260903
ORD-0000407-2,ORD-0000407,2026-07-09,司霆惊蛰-手办模玩,1,699.0,0.0,0.0,699.0,433.38,433.38,paid,delivered,True,20260903
ORD-0000408-1,ORD-0000408,2026-08-09,凛御银灰-通行证,1,39.0,0.15,5.85,33.15,12.48,12.48,paid,delivered,True,20260903
ORD-0000409-1,ORD-0000409,2026-07-01,结城理-装饰摆件,1,89.0,0.1,8.9,80.1,37.38,37.38,paid,delivered,True,20260903
ORD-0000409-2,ORD-0000409,2026-07-01,黍-日用生活,1,99.0,0.0,0.0,99.0,45.54,45.54,paid,delivered,True,20260903
ORD-0000410-1,ORD-0000410,2026-07-29,荒芜拉普兰德-吧唧（徽章）,1,18.0,0.05,0.9,17.1,5.4,5.4,paid,delivered,True,20260903
ORD-0000411-1,ORD-0000411,2026-08-01,佩佩-手办模玩,2,699.0,0.0,0.0,1398.0,433.38,866.76,paid,delivered,True,20260903
ORD-0000412-1,ORD-0000412,2026-06-22,焰狐龙梓兰-手办模玩,1,699.0,0.0,0.0,699.0,433.38,433.38,paid,delivered,True,20260903
ORD-0000413-1,ORD-0000413,2026-07-22,望-装饰摆件,1,89.0,0.0,0.0,89.0,37.38,37.38,cancelled,cancelled,True,20260903
ORD-0000414-1,ORD-0000414,2026-06-04,斩业星熊-毛绒玩偶,1,128.0,0.0,0.0,128.0,61.44,61.44,paid,delivered,True,20260903
ORD-0000415-1,ORD-0000415,2026-08-09,司霆惊蛰-手办模玩,1,699.0,0.0,0.0,699.0,433.38,433.38,paid,delivered,True,20260903
ORD-0000416-1,ORD-0000416,2026-06-28,怒潮凛冬-吧唧（徽章）,1,18.0,0.05,0.9,17.1,5.4,5.4,paid,delivered,True,20260903
ORD-0000416-2,ORD-0000416,2026-06-28,缄默德克萨斯-手办模玩,1,699.0,0.0,0.0,699.0,433.38,433.38,paid,delivered,True,20260903
ORD-0000417-1,ORD-0000417,2026-08-20,Mon3tr-亚克力制品,1,48.0,0.05,2.4,45.6,16.8,16.8,paid,delivered,True,20260903
ORD-0000418-1,ORD-0000418,2026-07-29,予愿安洁莉娜-通行证,1,39.0,0.0,0.0,39.0,12.48,12.48,paid,delivered,True,20260903
ORD-0000419-1,ORD-0000419,2026-07-30,怒潮凛冬-毛绒玩偶,1,128.0,0.1,12.8,115.2,61.44,61.44,paid,delivered,True,20260903
ORD-0000419-2,ORD-0000419,2026-07-30,凛御银灰-吧唧（徽章）,1,18.0,0.05,0.9,17.1,5.4,5.4,paid,delivered,True,20260903
ORD-0000419-3,ORD-0000419,2026-07-30,维娜·维多利亚-毛绒玩偶,1,128.0,0.0,0.0,128.0,61.44,61.44,paid,delivered,True,20260903
ORD-0000420-1,ORD-0000420,2026-06-25,贝洛内-吧唧（徽章）,2,18.0,0.0,0.0,36.0,5.4,10.8,paid,delivered,True,20260903
ORD-0000421-1,ORD-0000421,2026-06-19,重岳-通行证,1,39.0,0.0,0.0,39.0,12.48,12.48,cancelled,cancelled,True,20260903
ORD-0000422-1,ORD-0000422,2026-06-06,斩业星熊-手办模玩,1,699.0,0.0,0.0,699.0,433.38,433.38,paid,delivered,True,20260903
ORD-0000422-2,ORD-0000422,2026-06-06,纯烬艾雅法拉-通行证,1,39.0,0.0,0.0,39.0,12.48,12.48,paid,delivered,True,20260903
ORD-0000423-1,ORD-0000423,2026-08-18,酒神-手办模玩,1,699.0,0.0,0.0,699.0,433.38,433.38,paid,delivered,True,20260903
ORD-0000424-1,ORD-0000424,2026-07-28,真言-通行证,1,39.0,0.0,0.0,39.0,12.48,12.48,paid,delivered,True,20260903
ORD-0000424-2,ORD-0000424,2026-07-28,予愿安洁莉娜-吧唧（徽章）,1,18.0,0.0,0.0,18.0,5.4,5.4,paid,delivered,True,20260903
ORD-0000425-1,ORD-0000425,2026-08-01,贝洛内-手办模玩,1,699.0,0.05,34.95,664.05,433.38,433.38,cancelled,cancelled,True,20260903
ORD-0000426-1,ORD-0000426,2026-06-25,赤刃明霄陈-吧唧（徽章）,1,18.0,0.0,0.0,18.0,5.4,5.4,paid,shipped,True,20260903
ORD-0000426-2,ORD-0000426,2026-06-25,怒潮凛冬-毛绒玩偶,1,128.0,0.0,0.0,128.0,61.44,61.44,paid,shipped,True,20260903
ORD-0000427-1,ORD-0000427,2026-06-07,凯尔希·思衡托-手办模玩,2,699.0,0.0,0.0,1398.0,433.38,866.76,paid,shipped,True,20260903
ORD-0000427-2,ORD-0000427,2026-06-07,贝洛内-亚克力制品,1,48.0,0.0,0.0,48.0,16.8,16.8,paid,shipped,True,20260903
ORD-0000428-1,ORD-0000428,2026-07-15,望-吧唧（徽章）,1,18.0,0.05,0.9,17.1,5.4,5.4,paid,delivered,True,20260903
ORD-0000429-1,ORD-0000429,2026-08-12,司霆惊蛰-吧唧（徽章）,1,18.0,0.0,0.0,18.0,5.4,5.4,paid,delivered,True,20260903
ORD-0000430-1,ORD-0000430,2026-07-31,望-毛绒玩偶,1,128.0,0.1,12.8,115.2,61.44,61.44,paid,delivered,True,20260903
ORD-0000431-1,ORD-0000431,2026-06-25,酒神-装饰摆件,1,89.0,0.0,0.0,89.0,37.38,37.38,paid,delivered,True,20260903
ORD-0000432-1,ORD-0000432,2026-07-10,酒神-日用生活,1,99.0,0.0,0.0,99.0,45.54,45.54,paid,delivered,True,20260903
ORD-0000433-1,ORD-0000433,2026-07-27,真言-日用生活,1,99.0,0.0,0.0,99.0,45.54,45.54,paid,delivered,True,20260903
ORD-0000434-1,ORD-0000434,2026-06-26,真言-通行证,1,39.0,0.05,1.95,37.05,12.48,12.48,paid,delivered,True,20260903
ORD-0000435-1,ORD-0000435,2026-08-01,贝洛内-日用生活,1,99.0,0.05,4.95,94.05,45.54,45.54,paid,delivered,True,20260903
ORD-0000436-1,ORD-0000436,2026-08-06,重岳-通行证,1,39.0,0.1,3.9,35.1,12.48,12.48,paid,delivered,True,20260903
ORD-0000437-1,ORD-0000437,2026-08-02,归溟幽灵鲨-通行证,1,39.0,0.05,1.95,37.05,12.48,12.48,paid,shipped,True,20260903
ORD-0000437-2,ORD-0000437,2026-08-02,司霆惊蛰-通行证,1,39.0,0.0,0.0,39.0,12.48,12.48,paid,shipped,True,20260903
ORD-0000437-3,ORD-0000437,2026-08-02,新约能天使-通行证,3,39.0,0.1,11.7,105.3,12.48,37.44,paid,shipped,True,20260903
ORD-0000438-1,ORD-0000438,2026-08-03,望-毛绒玩偶,1,128.0,0.05,6.4,121.6,61.44,61.44,paid,delivered,True,20260903
ORD-0000438-2,ORD-0000438,2026-08-03,荒芜拉普兰德-日用生活,1,99.0,0.0,0.0,99.0,45.54,45.54,paid,delivered,True,20260903
ORD-0000439-1,ORD-0000439,2026-08-15,结城理-吧唧（徽章）,1,18.0,0.05,0.9,17.1,5.4,5.4,paid,delivered,True,20260903
ORD-0000440-1,ORD-0000440,2026-07-05,黍-日用生活,1,99.0,0.05,4.95,94.05,45.54,45.54,paid,delivered,True,20260903
ORD-0000441-1,ORD-0000441,2026-07-08,缄默德克萨斯-毛绒玩偶,2,128.0,0.0,0.0,256.0,61.44,122.88,paid,delivered,True,20260903
ORD-0000441-2,ORD-0000441,2026-07-08,荒芜拉普兰德-日用生活,1,99.0,0.0,0.0,99.0,45.54,45.54,paid,delivered,True,20260903
ORD-0000442-1,ORD-0000442,2026-06-27,新约能天使-手办模玩,1,699.0,0.0,0.0,699.0,433.38,433.38,paid,delivered,True,20260903
ORD-0000443-1,ORD-0000443,2026-07-08,怒潮凛冬-亚克力制品,1,48.0,0.1,4.8,43.2,16.8,16.8,paid,delivered,True,20260903
ORD-0000444-1,ORD-0000444,2026-08-04,维娜·维多利亚-日用生活,1,99.0,0.1,9.9,89.1,45.54,45.54,paid,delivered,True,20260903
ORD-0000445-1,ORD-0000445,2026-08-01,焰狐龙梓兰-日用生活,1,99.0,0.05,4.95,94.05,45.54,45.54,paid,delivered,True,20260903
ORD-0000446-1,ORD-0000446,2026-07-15,予愿安洁莉娜-日用生活,1,99.0,0.0,0.0,99.0,45.54,45.54,paid,delivered,True,20260903
ORD-0000446-2,ORD-0000446,2026-07-15,焰狐龙梓兰-通行证,1,39.0,0.0,0.0,39.0,12.48,12.48,paid,delivered,True,20260903
ORD-0000447-1,ORD-0000447,2026-06-19,死芒-日用生活,1,99.0,0.05,4.95,94.05,45.54,45.54,paid,delivered,True,20260903
ORD-0000448-1,ORD-0000448,2026-08-08,凛御银灰-吧唧（徽章）,1,18.0,0.05,0.9,17.1,5.4,5.4,paid,delivered,True,20260903
ORD-0000449-1,ORD-0000449,2026-08-11,缇缇-装饰摆件,1,89.0,0.1,8.9,80.1,37.38,37.38,paid,delivered,True,20260903
ORD-0000450-1,ORD-0000450,2026-06-24,纯烬艾雅法拉-毛绒玩偶,1,128.0,0.0,0.0,128.0,61.44,61.44,paid,delivered,True,20260903
ORD-0000450-2,ORD-0000450,2026-06-24,黍-装饰摆件,1,89.0,0.0,0.0,89.0,37.38,37.38,paid,delivered,True,20260903
ORD-0000451-1,ORD-0000451,2026-07-27,凛御银灰-日用生活,1,99.0,0.0,0.0,99.0,45.54,45.54,paid,delivered,True,20260903
ORD-0000452-1,ORD-0000452,2026-08-09,维娜·维多利亚-亚克力制品,1,48.0,0.15,7.2,40.8,16.8,16.8,paid,delivered,True,20260903
ORD-0000453-1,ORD-0000453,2026-08-15,黍-亚克力制品,1,48.0,0.1,4.8,43.2,16.8,16.8,paid,delivered,True,20260903
ORD-0000454-1,ORD-0000454,2026-06-23,予愿安洁莉娜-毛绒玩偶,1,128.0,0.0,0.0,128.0,61.44,61.44,paid,delivered,True,20260903
ORD-0000454-2,ORD-0000454,2026-06-23,缄默德克萨斯-通行证,1,39.0,0.05,1.95,37.05,12.48,12.48,paid,delivered,True,20260903
ORD-0000455-1,ORD-0000455,2026-06-27,重岳-亚克力制品,1,48.0,0.0,0.0,48.0,16.8,16.8,paid,delivered,True,20260903
ORD-0000456-1,ORD-0000456,2026-08-23,佩佩-手办模玩,1,699.0,0.0,0.0,699.0,433.38,433.38,paid,delivered,True,20260903
ORD-0000457-1,ORD-0000457,2026-06-17,新约能天使-吧唧（徽章）,2,18.0,0.15,5.4,30.6,5.4,10.8,paid,delivered,True,20260903
ORD-0000458-1,ORD-0000458,2026-07-22,死芒-通行证,1,39.0,0.1,3.9,35.1,12.48,12.48,paid,delivered,True,20260903
ORD-0000458-2,ORD-0000458,2026-07-22,凛御银灰-吧唧（徽章）,1,18.0,0.1,1.8,16.2,5.4,5.4,paid,delivered,True,20260903
ORD-0000459-1,ORD-0000459,2026-07-22,缄默德克萨斯-吧唧（徽章）,1,18.0,0.05,0.9,17.1,5.4,5.4,paid,shipped,True,20260903
ORD-0000460-1,ORD-0000460,2026-07-01,塑心-装饰摆件,1,89.0,0.0,0.0,89.0,37.38,37.38,paid,delivered,True,20260903
ORD-0000461-1,ORD-0000461,2026-07-03,贝洛内-亚克力制品,1,48.0,0.05,2.4,45.6,16.8,16.8,paid,delivered,True,20260903
ORD-0000462-1,ORD-0000462,2026-07-23,缇缇-日用生活,2,99.0,0.0,0.0,198.0,45.54,91.08,paid,delivered,True,20260903
ORD-0000463-1,ORD-0000463,2026-07-25,真言-手办模玩,1,699.0,0.0,0.0,699.0,433.38,433.38,paid,delivered,True,20260903
ORD-0000463-2,ORD-0000463,2026-07-25,酒神-装饰摆件,1,89.0,0.1,8.9,80.1,37.38,37.38,paid,delivered,True,20260903
ORD-0000464-1,ORD-0000464,2026-07-02,纯烬艾雅法拉-亚克力制品,1,48.0,0.0,0.0,48.0,16.8,16.8,paid,delivered,True,20260903
ORD-0000465-1,ORD-0000465,2026-08-10,予愿安洁莉娜-亚克力制品,1,48.0,0.05,2.4,45.6,16.8,16.8,paid,delivered,True,20260903
ORD-0000466-1,ORD-0000466,2026-06-09,凯尔希·思衡托-日用生活,1,99.0,0.1,9.9,89.1,45.54,45.54,paid,delivered,True,20260903
ORD-0000467-1,ORD-0000467,2026-07-16,新约能天使-日用生活,1,99.0,0.05,4.95,94.05,45.54,45.54,paid,delivered,True,20260903
ORD-0000468-1,ORD-0000468,2026-08-12,荒芜拉普兰德-吧唧（徽章）,1,18.0,0.0,0.0,18.0,5.4,5.4,paid,delivered,True,20260903
ORD-0000469-1,ORD-0000469,2026-07-11,贝洛内-毛绒玩偶,1,128.0,0.1,12.8,115.2,61.44,61.44,paid,delivered,True,20260903
ORD-0000469-2,ORD-0000469,2026-07-11,结城理-通行证,1,39.0,0.05,1.95,37.05,12.48,12.48,paid,delivered,True,20260903
ORD-0000469-3,ORD-0000469,2026-07-11,重岳-手办模玩,1,699.0,0.1,69.9,629.1,433.38,433.38,paid,delivered,True,20260903
ORD-0000470-1,ORD-0000470,2026-06-22,予愿安洁莉娜-亚克力制品,1,48.0,0.05,2.4,45.6,16.8,16.8,paid,delivered,True,20260903
ORD-0000470-2,ORD-0000470,2026-06-22,重岳-装饰摆件,1,89.0,0.1,8.9,80.1,37.38,37.38,paid,delivered,True,20260903
ORD-0000471-1,ORD-0000471,2026-08-28,死芒-通行证,1,39.0,0.0,0.0,39.0,12.48,12.48,paid,delivered,True,20260903
ORD-0000472-1,ORD-0000472,2026-08-26,酒神-亚克力制品,1,48.0,0.0,0.0,48.0,16.8,16.8,paid,delivered,True,20260903
ORD-0000472-2,ORD-0000472,2026-08-26,佩佩-装饰摆件,1,89.0,0.1,8.9,80.1,37.38,37.38,paid,delivered,True,20260903
ORD-0000473-1,ORD-0000473,2026-08-12,酒神-毛绒玩偶,1,128.0,0.05,6.4,121.6,61.44,61.44,paid,delivered,True,20260903
ORD-0000474-1,ORD-0000474,2026-07-23,死芒-亚克力制品,2,48.0,0.0,0.0,96.0,16.8,33.6,paid,delivered,True,20260903
ORD-0000475-1,ORD-0000475,2026-07-11,佩佩-装饰摆件,1,89.0,0.0,0.0,89.0,37.38,37.38,paid,delivered,True,20260903
ORD-0000475-2,ORD-0000475,2026-07-11,余-通行证,1,39.0,0.1,3.9,35.1,12.48,12.48,paid,delivered,True,20260903
ORD-0000476-1,ORD-0000476,2026-07-17,塑心-吧唧（徽章）,1,18.0,0.05,0.9,17.1,5.4,5.4,paid,delivered,True,20260903
ORD-0000477-1,ORD-0000477,2026-07-28,黍-手办模玩,1,699.0,0.0,0.0,699.0,433.38,433.38,paid,delivered,True,20260903
ORD-0000478-1,ORD-0000478,2026-06-21,望-吧唧（徽章）,1,18.0,0.0,0.0,18.0,5.4,5.4,paid,delivered,True,20260903
ORD-0000478-2,ORD-0000478,2026-06-21,重岳-手办模玩,1,699.0,0.0,0.0,699.0,433.38,433.38,paid,delivered,True,20260903
ORD-0000479-1,ORD-0000479,2026-08-01,焰狐龙梓兰-毛绒玩偶,1,128.0,0.05,6.4,121.6,61.44,61.44,paid,delivered,True,20260903
ORD-0000480-1,ORD-0000480,2026-08-25,缪尔赛思-装饰摆件,2,89.0,0.0,0.0,178.0,37.38,74.76,paid,delivered,True,20260903
ORD-0000481-1,ORD-0000481,2026-06-22,斩业星熊-装饰摆件,1,89.0,0.0,0.0,89.0,37.38,37.38,paid,delivered,True,20260903
ORD-0000482-1,ORD-0000482,2026-06-21,黍-手办模玩,1,699.0,0.1,69.9,629.1,433.38,433.38,paid,delivered,True,20260903
ORD-0000483-1,ORD-0000483,2026-08-17,真言-通行证,1,39.0,0.05,1.95,37.05,12.48,12.48,paid,delivered,True,20260903
ORD-0000484-1,ORD-0000484,2026-08-21,予愿安洁莉娜-手办模玩,1,699.0,0.0,0.0,699.0,433.38,433.38,paid,delivered,True,20260903
ORD-0000485-1,ORD-0000485,2026-07-11,余-装饰摆件,1,89.0,0.0,0.0,89.0,37.38,37.38,paid,delivered,True,20260903
ORD-0000486-1,ORD-0000486,2026-07-27,缄默德克萨斯-装饰摆件,3,89.0,0.0,0.0,267.0,37.38,112.14,paid,delivered,True,20260903
ORD-0000487-1,ORD-0000487,2026-06-24,斩业星熊-毛绒玩偶,1,128.0,0.05,6.4,121.6,61.44,61.44,paid,delivered,True,20260903
ORD-0000488-1,ORD-0000488,2026-06-05,佩佩-吧唧（徽章）,1,18.0,0.0,0.0,18.0,5.4,5.4,paid,delivered,True,20260903
ORD-0000489-1,ORD-0000489,2026-06-06,黍-毛绒玩偶,1,128.0,0.05,6.4,121.6,61.44,61.44,paid,delivered,True,20260903
ORD-0000490-1,ORD-0000490,2026-07-13,维娜·维多利亚-通行证,1,39.0,0.1,3.9,35.1,12.48,12.48,paid,delivered,True,20260903
ORD-0000491-1,ORD-0000491,2026-06-01,塑心-亚克力制品,1,48.0,0.0,0.0,48.0,16.8,16.8,paid,delivered,True,20260903
ORD-0000492-1,ORD-0000492,2026-07-29,缪尔赛思-毛绒玩偶,1,128.0,0.0,0.0,128.0,61.44,61.44,paid,delivered,True,20260903
ORD-0000492-2,ORD-0000492,2026-07-29,焰狐龙梓兰-日用生活,1,99.0,0.05,4.95,94.05,45.54,45.54,paid,delivered,True,20260903
ORD-0000493-1,ORD-0000493,2026-07-25,酒神-毛绒玩偶,1,128.0,0.05,6.4,121.6,61.44,61.44,paid,delivered,True,20260903
ORD-0000494-1,ORD-0000494,2026-06-18,真言-毛绒玩偶,1,128.0,0.0,0.0,128.0,61.44,61.44,paid,delivered,True,20260903
ORD-0000495-1,ORD-0000495,2026-07-10,司霆惊蛰-亚克力制品,1,48.0,0.0,0.0,48.0,16.8,16.8,paid,delivered,True,20260903
ORD-0000496-1,ORD-0000496,2026-07-24,缪尔赛思-装饰摆件,1,89.0,0.1,8.9,80.1,37.38,37.38,paid,delivered,True,20260903
ORD-0000496-2,ORD-0000496,2026-07-24,缇缇-日用生活,2,99.0,0.0,0.0,198.0,45.54,91.08,paid,delivered,True,20260903
ORD-0000497-1,ORD-0000497,2026-07-12,赤刃明霄陈-毛绒玩偶,1,128.0,0.0,0.0,128.0,61.44,61.44,paid,delivered,True,20260903
ORD-0000498-1,ORD-0000498,2026-06-23,新约能天使-毛绒玩偶,1,128.0,0.1,12.8,115.2,61.44,61.44,paid,pending,True,20260903
ORD-0000498-2,ORD-0000498,2026-06-23,娜斯提-日用生活,1,99.0,0.1,9.9,89.1,45.54,45.54,paid,pending,True,20260903
ORD-0000499-1,ORD-0000499,2026-08-29,佩佩-吧唧（徽章）,1,18.0,0.1,1.8,16.2,5.4,5.4,paid,delivered,True,20260903
ORD-0000500-1,ORD-0000500,2026-07-14,黍-通行证,1,39.0,0.0,0.0,39.0,12.48,12.48,paid,delivered,True,20260903
ORD-0000501-1,ORD-0000501,2026-06-22,死芒-装饰摆件,1,89.0,0.05,4.45,84.55,37.38,37.38,paid,delivered,True,20260903
ORD-0000502-1,ORD-0000502,2026-08-23,赤刃明霄陈-装饰摆件,2,89.0,0.0,0.0,178.0,37.38,74.76,paid,delivered,True,20260903
ORD-0000503-1,ORD-0000503,2026-08-18,凯尔希·思衡托-日用生活,1,99.0,0.0,0.0,99.0,45.54,45.54,paid,delivered,True,20260903
ORD-0000504-1,ORD-0000504,2026-07-13,司霆惊蛰-毛绒玩偶,1,128.0,0.0,0.0,128.0,61.44,61.44,paid,delivered,True,20260903
ORD-0000505-1,ORD-0000505,2026-08-27,缄默德克萨斯-日用生活,2,99.0,0.0,0.0,198.0,45.54,91.08,paid,delivered,True,20260903
ORD-0000506-1,ORD-0000506,2026-07-22,凛御银灰-手办模玩,1,699.0,0.05,34.95,664.05,433.38,433.38,paid,shipped,True,20260903
ORD-0000507-1,ORD-0000507,2026-08-11,缇缇-亚克力制品,1,48.0,0.0,0.0,48.0,16.8,16.8,paid,delivered,True,20260903
ORD-0000507-2,ORD-0000507,2026-08-11,黍-通行证,2,39.0,0.0,0.0,78.0,12.48,24.96,paid,delivered,True,20260903
ORD-0000508-1,ORD-0000508,2026-08-23,酒神-亚克力制品,2,48.0,0.0,0.0,96.0,16.8,33.6,paid,delivered,True,20260903
ORD-0000509-1,ORD-0000509,2026-07-31,Mon3tr-亚克力制品,1,48.0,0.0,0.0,48.0,16.8,16.8,paid,delivered,True,20260903
ORD-0000510-1,ORD-0000510,2026-08-02,Mon3tr-吧唧（徽章）,1,18.0,0.0,0.0,18.0,5.4,5.4,paid,delivered,True,20260903
ORD-0000510-2,ORD-0000510,2026-08-02,新约能天使-毛绒玩偶,1,128.0,0.0,0.0,128.0,61.44,61.44,paid,delivered,True,20260903
ORD-0000511-1,ORD-0000511,2026-06-27,娜斯提-日用生活,2,99.0,0.0,0.0,198.0,45.54,91.08,paid,delivered,True,20260903
ORD-0000512-1,ORD-0000512,2026-06-19,望-手办模玩,1,699.0,0.0,0.0,699.0,433.38,433.38,cancelled,cancelled,True,20260903
ORD-0000512-2,ORD-0000512,2026-06-19,真言-亚克力制品,1,48.0,0.0,0.0,48.0,16.8,16.8,cancelled,cancelled,True,20260903
ORD-0000513-1,ORD-0000513,2026-06-07,贝洛内-亚克力制品,2,48.0,0.1,9.6,86.4,16.8,33.6,paid,delivered,True,20260903
ORD-0000514-1,ORD-0000514,2026-06-03,结城理-日用生活,1,99.0,0.0,0.0,99.0,45.54,45.54,paid,delivered,True,20260903
ORD-0000515-1,ORD-0000515,2026-07-24,真言-日用生活,2,99.0,0.0,0.0,198.0,45.54,91.08,paid,delivered,True,20260903
ORD-0000516-1,ORD-0000516,2026-06-29,谬因-吧唧（徽章）,2,18.0,0.05,1.8,34.2,5.4,10.8,paid,delivered,True,20260903
ORD-0000516-2,ORD-0000516,2026-06-29,余-亚克力制品,1,48.0,0.0,0.0,48.0,16.8,16.8,paid,delivered,True,20260903
ORD-0000517-1,ORD-0000517,2026-08-27,塑心-通行证,1,39.0,0.1,3.9,35.1,12.48,12.48,paid,delivered,True,20260903
ORD-0000517-2,ORD-0000517,2026-08-27,谬因-吧唧（徽章）,1,18.0,0.0,0.0,18.0,5.4,5.4,paid,delivered,True,20260903
ORD-0000518-1,ORD-0000518,2026-07-08,司霆惊蛰-日用生活,1,99.0,0.1,9.9,89.1,45.54,45.54,paid,delivered,True,20260903
ORD-0000519-1,ORD-0000519,2026-07-26,予愿安洁莉娜-吧唧（徽章）,2,18.0,0.15,5.4,30.6,5.4,10.8,paid,delivered,True,20260903
ORD-0000520-1,ORD-0000520,2026-07-27,结城理-吧唧（徽章）,1,18.0,0.05,0.9,17.1,5.4,5.4,paid,delivered,True,20260903
ORD-0000521-1,ORD-0000521,2026-06-25,焰狐龙梓兰-装饰摆件,1,89.0,0.05,4.45,84.55,37.38,37.38,paid,delivered,True,20260903
ORD-0000522-1,ORD-0000522,2026-06-27,酒神-装饰摆件,1,89.0,0.0,0.0,89.0,37.38,37.38,paid,shipped,True,20260903
ORD-0000523-1,ORD-0000523,2026-08-27,重岳-通行证,1,39.0,0.0,0.0,39.0,12.48,12.48,paid,delivered,True,20260903
ORD-0000523-2,ORD-0000523,2026-08-27,归溟幽灵鲨-亚克力制品,1,48.0,0.0,0.0,48.0,16.8,16.8,paid,delivered,True,20260903
ORD-0000523-3,ORD-0000523,2026-08-27,佩佩-手办模玩,1,699.0,0.05,34.95,664.05,433.38,433.38,paid,delivered,True,20260903
ORD-0000524-1,ORD-0000524,2026-07-21,归溟幽灵鲨-吧唧（徽章）,1,18.0,0.0,0.0,18.0,5.4,5.4,paid,delivered,True,20260903
ORD-0000525-1,ORD-0000525,2026-08-09,斩业星熊-手办模玩,1,699.0,0.05,34.95,664.05,433.38,433.38,paid,delivered,True,20260903
ORD-0000526-1,ORD-0000526,2026-07-11,谬因-日用生活,1,99.0,0.0,0.0,99.0,45.54,45.54,paid,delivered,True,20260903
ORD-0000527-1,ORD-0000527,2026-08-19,凯尔希·思衡托-毛绒玩偶,2,128.0,0.05,12.8,243.2,61.44,122.88,paid,delivered,True,20260903
ORD-0000528-1,ORD-0000528,2026-07-29,凯尔希·思衡托-毛绒玩偶,1,128.0,0.0,0.0,128.0,61.44,61.44,paid,delivered,True,20260903
ORD-0000528-2,ORD-0000528,2026-07-29,凛御银灰-装饰摆件,1,89.0,0.0,0.0,89.0,37.38,37.38,paid,delivered,True,20260903
ORD-0000529-1,ORD-0000529,2026-07-16,贝洛内-吧唧（徽章）,2,18.0,0.05,1.8,34.2,5.4,10.8,paid,delivered,True,20260903
ORD-0000530-1,ORD-0000530,2026-08-27,荒芜拉普兰德-吧唧（徽章）,1,18.0,0.05,0.9,17.1,5.4,5.4,paid,delivered,True,20260903
ORD-0000530-2,ORD-0000530,2026-08-27,死芒-亚克力制品,2,48.0,0.1,9.6,86.4,16.8,33.6,paid,delivered,True,20260903
ORD-0000531-1,ORD-0000531,2026-08-04,重岳-毛绒玩偶,1,128.0,0.0,0.0,128.0,61.44,61.44,cancelled,cancelled,True,20260903
ORD-0000532-1,ORD-0000532,2026-06-01,缇缇-装饰摆件,1,89.0,0.0,0.0,89.0,37.38,37.38,paid,delivered,True,20260903
ORD-0000533-1,ORD-0000533,2026-07-04,怒潮凛冬-日用生活,1,99.0,0.0,0.0,99.0,45.54,45.54,paid,delivered,True,20260903
ORD-0000534-1,ORD-0000534,2026-07-03,结城理-亚克力制品,1,48.0,0.0,0.0,48.0,16.8,16.8,paid,delivered,True,20260903
ORD-0000534-2,ORD-0000534,2026-07-03,斩业星熊-装饰摆件,1,89.0,0.0,0.0,89.0,37.38,37.38,paid,delivered,True,20260903
ORD-0000535-1,ORD-0000535,2026-06-13,新约能天使-通行证,1,39.0,0.0,0.0,39.0,12.48,12.48,paid,delivered,True,20260903
ORD-0000536-1,ORD-0000536,2026-07-18,荒芜拉普兰德-吧唧（徽章）,1,18.0,0.0,0.0,18.0,5.4,5.4,paid,delivered,True,20260903
ORD-0000537-1,ORD-0000537,2026-06-21,新约能天使-日用生活,1,99.0,0.0,0.0,99.0,45.54,45.54,cancelled,cancelled,True,20260903
ORD-0000538-1,ORD-0000538,2026-07-25,予愿安洁莉娜-装饰摆件,1,89.0,0.05,4.45,84.55,37.38,37.38,paid,delivered,True,20260903
ORD-0000538-2,ORD-0000538,2026-07-25,斩业星熊-日用生活,1,99.0,0.05,4.95,94.05,45.54,45.54,paid,delivered,True,20260903
ORD-0000539-1,ORD-0000539,2026-07-29,予愿安洁莉娜-装饰摆件,1,89.0,0.0,0.0,89.0,37.38,37.38,paid,delivered,True,20260903
ORD-0000540-1,ORD-0000540,2026-06-30,赤刃明霄陈-手办模玩,2,699.0,0.0,0.0,1398.0,433.38,866.76,paid,delivered,True,20260903
ORD-0000541-1,ORD-0000541,2026-08-29,望-日用生活,1,99.0,0.0,0.0,99.0,45.54,45.54,paid,delivered,True,20260903
ORD-0000542-1,ORD-0000542,2026-07-09,赤刃明霄陈-吧唧（徽章）,1,18.0,0.1,1.8,16.2,5.4,5.4,paid,delivered,True,20260903
ORD-0000543-1,ORD-0000543,2026-08-16,塑心-装饰摆件,1,89.0,0.05,4.45,84.55,37.38,37.38,paid,delivered,True,20260903
ORD-0000544-1,ORD-0000544,2026-06-21,结城理-毛绒玩偶,1,128.0,0.0,0.0,128.0,61.44,61.44,paid,delivered,True,20260903
ORD-0000545-1,ORD-0000545,2026-07-08,纯烬艾雅法拉-日用生活,1,99.0,0.0,0.0,99.0,45.54,45.54,paid,delivered,True,20260903
ORD-0000546-1,ORD-0000546,2026-07-08,凯尔希·思衡托-日用生活,1,99.0,0.0,0.0,99.0,45.54,45.54,paid,delivered,True,20260903
ORD-0000547-1,ORD-0000547,2026-07-19,荒芜拉普兰德-手办模玩,1,699.0,0.05,34.95,664.05,433.38,433.38,paid,delivered,True,20260903
ORD-0000548-1,ORD-0000548,2026-07-26,重岳-手办模玩,1,699.0,0.1,69.9,629.1,433.38,433.38,paid,delivered,True,20260903
ORD-0000549-1,ORD-0000549,2026-06-16,娜斯提-亚克力制品,1,48.0,0.0,0.0,48.0,16.8,16.8,paid,delivered,True,20260903
ORD-0000550-1,ORD-0000550,2026-06-23,斩业星熊-毛绒玩偶,2,128.0,0.0,0.0,256.0,61.44,122.88,paid,delivered,True,20260903
ORD-0000551-1,ORD-0000551,2026-07-12,贝洛内-日用生活,1,99.0,0.0,0.0,99.0,45.54,45.54,paid,delivered,True,20260903
ORD-0000551-2,ORD-0000551,2026-07-12,凯尔希·思衡托-通行证,1,39.0,0.0,0.0,39.0,12.48,12.48,paid,delivered,True,20260903
ORD-0000552-1,ORD-0000552,2026-07-05,重岳-日用生活,1,99.0,0.0,0.0,99.0,45.54,45.54,paid,pending,True,20260903
ORD-0000553-1,ORD-0000553,2026-07-25,Mon3tr-毛绒玩偶,2,128.0,0.0,0.0,256.0,61.44,122.88,paid,delivered,True,20260903
ORD-0000554-1,ORD-0000554,2026-08-26,维娜·维多利亚-日用生活,1,99.0,0.0,0.0,99.0,45.54,45.54,paid,delivered,True,20260903
ORD-0000555-1,ORD-0000555,2026-07-04,予愿安洁莉娜-亚克力制品,1,48.0,0.0,0.0,48.0,16.8,16.8,paid,delivered,True,20260903
ORD-0000556-1,ORD-0000556,2026-08-25,塑心-吧唧（徽章）,1,18.0,0.05,0.9,17.1,5.4,5.4,paid,delivered,True,20260903
ORD-0000557-1,ORD-0000557,2026-07-28,赤刃明霄陈-吧唧（徽章）,1,18.0,0.0,0.0,18.0,5.4,5.4,paid,delivered,True,20260903
ORD-0000558-1,ORD-0000558,2026-06-20,贝洛内-亚克力制品,1,48.0,0.0,0.0,48.0,16.8,16.8,paid,delivered,True,20260903
ORD-0000559-1,ORD-0000559,2026-06-05,塑心-通行证,1,39.0,0.0,0.0,39.0,12.48,12.48,paid,delivered,True,20260903
ORD-0000560-1,ORD-0000560,2026-08-01,凛御银灰-装饰摆件,1,89.0,0.05,4.45,84.55,37.38,37.38,paid,delivered,True,20260903
ORD-0000561-1,ORD-0000561,2026-07-30,怒潮凛冬-日用生活,2,99.0,0.0,0.0,198.0,45.54,91.08,paid,delivered,True,20260903
ORD-0000562-1,ORD-0000562,2026-06-11,死芒-毛绒玩偶,1,128.0,0.05,6.4,121.6,61.44,61.44,paid,delivered,True,20260903
ORD-0000563-1,ORD-0000563,2026-08-07,焰狐龙梓兰-通行证,1,39.0,0.0,0.0,39.0,12.48,12.48,paid,delivered,True,20260903
ORD-0000564-1,ORD-0000564,2026-07-18,焰狐龙梓兰-日用生活,2,99.0,0.0,0.0,198.0,45.54,91.08,paid,delivered,True,20260903
ORD-0000565-1,ORD-0000565,2026-07-05,荒芜拉普兰德-亚克力制品,1,48.0,0.0,0.0,48.0,16.8,16.8,paid,delivered,True,20260903
ORD-0000566-1,ORD-0000566,2026-06-19,凛御银灰-日用生活,1,99.0,0.0,0.0,99.0,45.54,45.54,paid,delivered,True,20260903
ORD-0000567-1,ORD-0000567,2026-07-15,黍-毛绒玩偶,1,128.0,0.1,12.8,115.2,61.44,61.44,paid,delivered,True,20260903
ORD-0000567-2,ORD-0000567,2026-07-15,酒神-吧唧（徽章）,1,18.0,0.0,0.0,18.0,5.4,5.4,paid,delivered,True,20260903
ORD-0000568-1,ORD-0000568,2026-08-26,怒潮凛冬-通行证,1,39.0,0.0,0.0,39.0,12.48,12.48,paid,delivered,True,20260903
ORD-0000569-1,ORD-0000569,2026-06-19,维娜·维多利亚-吧唧（徽章）,1,18.0,0.0,0.0,18.0,5.4,5.4,paid,shipped,True,20260903
ORD-0000570-1,ORD-0000570,2026-08-24,赤刃明霄陈-装饰摆件,1,89.0,0.1,8.9,80.1,37.38,37.38,paid,delivered,True,20260903
ORD-0000571-1,ORD-0000571,2026-06-14,缪尔赛思-装饰摆件,2,89.0,0.05,8.9,169.1,37.38,74.76,paid,delivered,True,20260903
ORD-0000572-1,ORD-0000572,2026-06-07,Mon3tr-吧唧（徽章）,1,18.0,0.0,0.0,18.0,5.4,5.4,paid,shipped,True,20260903
ORD-0000572-2,ORD-0000572,2026-06-07,凯尔希·思衡托-手办模玩,2,699.0,0.0,0.0,1398.0,433.38,866.76,paid,shipped,True,20260903
ORD-0000573-1,ORD-0000573,2026-08-02,望-日用生活,2,99.0,0.05,9.9,188.1,45.54,91.08,paid,delivered,True,20260903
ORD-0000574-1,ORD-0000574,2026-07-16,贝洛内-吧唧（徽章）,1,18.0,0.0,0.0,18.0,5.4,5.4,paid,delivered,True,20260903
ORD-0000575-1,ORD-0000575,2026-07-31,余-通行证,1,39.0,0.0,0.0,39.0,12.48,12.48,paid,delivered,True,20260903
ORD-0000576-1,ORD-0000576,2026-08-10,酒神-手办模玩,2,699.0,0.1,139.8,1258.2,433.38,866.76,paid,delivered,True,20260903
ORD-0000577-1,ORD-0000577,2026-08-24,缇缇-手办模玩,1,699.0,0.15,104.85,594.15,433.38,433.38,cancelled,cancelled,True,20260903
ORD-0000578-1,ORD-0000578,2026-06-19,余-日用生活,3,99.0,0.0,0.0,297.0,45.54,136.62,paid,delivered,True,20260903
ORD-0000579-1,ORD-0000579,2026-07-17,娜斯提-通行证,1,39.0,0.0,0.0,39.0,12.48,12.48,paid,delivered,True,20260903
ORD-0000580-1,ORD-0000580,2026-06-19,斩业星熊-亚克力制品,1,48.0,0.0,0.0,48.0,16.8,16.8,cancelled,cancelled,True,20260903
ORD-0000581-1,ORD-0000581,2026-08-05,缄默德克萨斯-手办模玩,1,699.0,0.0,0.0,699.0,433.38,433.38,paid,delivered,True,20260903
ORD-0000581-2,ORD-0000581,2026-08-05,死芒-日用生活,1,99.0,0.1,9.9,89.1,45.54,45.54,paid,delivered,True,20260903
ORD-0000582-1,ORD-0000582,2026-08-02,荒芜拉普兰德-装饰摆件,3,89.0,0.0,0.0,267.0,37.38,112.14,paid,delivered,True,20260903
ORD-0000583-1,ORD-0000583,2026-07-26,缪尔赛思-手办模玩,1,699.0,0.0,0.0,699.0,433.38,433.38,paid,delivered,True,20260903
ORD-0000583-2,ORD-0000583,2026-07-26,凛御银灰-装饰摆件,2,89.0,0.0,0.0,178.0,37.38,74.76,paid,delivered,True,20260903
ORD-0000583-3,ORD-0000583,2026-07-26,真言-吧唧（徽章）,1,18.0,0.0,0.0,18.0,5.4,5.4,paid,delivered,True,20260903
ORD-0000584-1,ORD-0000584,2026-06-17,塑心-手办模玩,1,699.0,0.05,34.95,664.05,433.38,433.38,paid,delivered,True,20260903
ORD-0000585-1,ORD-0000585,2026-07-06,怒潮凛冬-通行证,1,39.0,0.0,0.0,39.0,12.48,12.48,paid,delivered,True,20260903
ORD-0000586-1,ORD-0000586,2026-07-08,维娜·维多利亚-亚克力制品,1,48.0,0.0,0.0,48.0,16.8,16.8,paid,delivered,True,20260903
ORD-0000586-2,ORD-0000586,2026-07-08,真言-装饰摆件,1,89.0,0.1,8.9,80.1,37.38,37.38,paid,delivered,True,20260903
ORD-0000587-1,ORD-0000587,2026-07-30,望-亚克力制品,2,48.0,0.05,4.8,91.2,16.8,33.6,paid,delivered,True,20260903
ORD-0000588-1,ORD-0000588,2026-07-16,斩业星熊-吧唧（徽章）,1,18.0,0.1,1.8,16.2,5.4,5.4,cancelled,cancelled,True,20260903
ORD-0000588-2,ORD-0000588,2026-07-16,荒芜拉普兰德-亚克力制品,1,48.0,0.15,7.2,40.8,16.8,16.8,cancelled,cancelled,True,20260903
ORD-0000588-3,ORD-0000588,2026-07-16,司霆惊蛰-装饰摆件,1,89.0,0.1,8.9,80.1,37.38,37.38,cancelled,cancelled,True,20260903
ORD-0000589-1,ORD-0000589,2026-07-15,赤刃明霄陈-通行证,1,39.0,0.05,1.95,37.05,12.48,12.48,paid,delivered,True,20260903
ORD-0000590-1,ORD-0000590,2026-06-18,予愿安洁莉娜-亚克力制品,3,48.0,0.0,0.0,144.0,16.8,50.4,paid,delivered,True,20260903
ORD-0000590-2,ORD-0000590,2026-06-18,酒神-手办模玩,1,699.0,0.05,34.95,664.05,433.38,433.38,paid,delivered,True,20260903
ORD-0000591-1,ORD-0000591,2026-06-24,望-亚克力制品,2,48.0,0.1,9.6,86.4,16.8,33.6,paid,delivered,True,20260903
ORD-0000591-2,ORD-0000591,2026-06-24,凯尔希·思衡托-日用生活,1,99.0,0.0,0.0,99.0,45.54,45.54,paid,delivered,True,20260903
ORD-0000592-1,ORD-0000592,2026-07-21,娜斯提-通行证,1,39.0,0.0,0.0,39.0,12.48,12.48,paid,delivered,True,20260903
ORD-0000593-1,ORD-0000593,2026-08-07,缪尔赛思-手办模玩,1,699.0,0.0,0.0,699.0,433.38,433.38,paid,delivered,True,20260903
ORD-0000594-1,ORD-0000594,2026-08-03,望-毛绒玩偶,1,128.0,0.05,6.4,121.6,61.44,61.44,paid,shipped,True,20260903
ORD-0000595-1,ORD-0000595,2026-08-02,缇缇-吧唧（徽章）,1,18.0,0.0,0.0,18.0,5.4,5.4,paid,delivered,True,20260903
ORD-0000595-2,ORD-0000595,2026-08-02,荒芜拉普兰德-亚克力制品,2,48.0,0.0,0.0,96.0,16.8,33.6,paid,delivered,True,20260903
ORD-0000596-1,ORD-0000596,2026-07-22,谬因-毛绒玩偶,2,128.0,0.05,12.8,243.2,61.44,122.88,paid,delivered,True,20260903
ORD-0000597-1,ORD-0000597,2026-06-29,真言-毛绒玩偶,1,128.0,0.0,0.0,128.0,61.44,61.44,paid,delivered,True,20260903
ORD-0000598-1,ORD-0000598,2026-08-05,黍-吧唧（徽章）,1,18.0,0.0,0.0,18.0,5.4,5.4,paid,delivered,True,20260903
ORD-0000599-1,ORD-0000599,2026-07-21,赤刃明霄陈-亚克力制品,1,48.0,0.0,0.0,48.0,16.8,16.8,paid,delivered,True,20260903
ORD-0000600-1,ORD-0000600,2026-07-30,重岳-手办模玩,1,699.0,0.1,69.9,629.1,433.38,433.38,paid,delivered,True,20260903
ORD-0000601-1,ORD-0000601,2026-07-27,凯尔希·思衡托-日用生活,1,99.0,0.1,9.9,89.1,45.54,45.54,paid,delivered,True,20260903
ORD-0000602-1,ORD-0000602,2026-08-06,赤刃明霄陈-吧唧（徽章）,1,18.0,0.15,2.7,15.3,5.4,5.4,paid,delivered,True,20260903
ORD-0000603-1,ORD-0000603,2026-06-25,余-通行证,3,39.0,0.1,11.7,105.3,12.48,37.44,cancelled,cancelled,True,20260903
ORD-0000604-1,ORD-0000604,2026-08-18,荒芜拉普兰德-吧唧（徽章）,1,18.0,0.05,0.9,17.1,5.4,5.4,paid,delivered,True,20260903
ORD-0000605-1,ORD-0000605,2026-07-29,谬因-通行证,1,39.0,0.0,0.0,39.0,12.48,12.48,paid,delivered,True,20260903
ORD-0000606-1,ORD-0000606,2026-08-10,佩佩-亚克力制品,2,48.0,0.05,4.8,91.2,16.8,33.6,paid,delivered,True,20260903
ORD-0000607-1,ORD-0000607,2026-06-13,缄默德克萨斯-亚克力制品,1,48.0,0.05,2.4,45.6,16.8,16.8,paid,delivered,True,20260903
ORD-0000608-1,ORD-0000608,2026-07-25,归溟幽灵鲨-吧唧（徽章）,2,18.0,0.0,0.0,36.0,5.4,10.8,paid,delivered,True,20260903
ORD-0000609-1,ORD-0000609,2026-07-05,Mon3tr-通行证,2,39.0,0.0,0.0,78.0,12.48,24.96,paid,delivered,True,20260903
ORD-0000610-1,ORD-0000610,2026-06-09,余-毛绒玩偶,1,128.0,0.1,12.8,115.2,61.44,61.44,paid,delivered,True,20260903
ORD-0000611-1,ORD-0000611,2026-08-01,死芒-装饰摆件,1,89.0,0.1,8.9,80.1,37.38,37.38,paid,delivered,True,20260903
ORD-0000611-2,ORD-0000611,2026-08-01,塑心-手办模玩,2,699.0,0.0,0.0,1398.0,433.38,866.76,paid,delivered,True,20260903
ORD-0000611-3,ORD-0000611,2026-08-01,维娜·维多利亚-亚克力制品,1,48.0,0.0,0.0,48.0,16.8,16.8,paid,delivered,True,20260903
ORD-0000612-1,ORD-0000612,2026-07-30,死芒-亚克力制品,1,48.0,0.0,0.0,48.0,16.8,16.8,paid,delivered,True,20260903
ORD-0000613-1,ORD-0000613,2026-06-22,佩佩-亚克力制品,1,48.0,0.1,4.8,43.2,16.8,16.8,paid,delivered,True,20260903
ORD-0000614-1,ORD-0000614,2026-07-10,真言-吧唧（徽章）,1,18.0,0.0,0.0,18.0,5.4,5.4,paid,shipped,True,20260903
ORD-0000614-2,ORD-0000614,2026-07-10,焰狐龙梓兰-手办模玩,1,699.0,0.0,0.0,699.0,433.38,433.38,paid,shipped,True,20260903
ORD-0000614-3,ORD-0000614,2026-07-10,贝洛内-毛绒玩偶,1,128.0,0.0,0.0,128.0,61.44,61.44,paid,shipped,True,20260903
ORD-0000615-1,ORD-0000615,2026-07-14,缪尔赛思-手办模玩,1,699.0,0.0,0.0,699.0,433.38,433.38,paid,delivered,True,20260903
ORD-0000616-1,ORD-0000616,2026-06-20,贝洛内-通行证,1,39.0,0.0,0.0,39.0,12.48,12.48,paid,delivered,True,20260903
ORD-0000617-1,ORD-0000617,2026-07-21,凛御银灰-日用生活,1,99.0,0.05,4.95,94.05,45.54,45.54,paid,delivered,True,20260903
ORD-0000618-1,ORD-0000618,2026-07-31,焰狐龙梓兰-装饰摆件,1,89.0,0.05,4.45,84.55,37.38,37.38,paid,delivered,True,20260903
ORD-0000619-1,ORD-0000619,2026-07-02,真言-吧唧（徽章）,1,18.0,0.1,1.8,16.2,5.4,5.4,paid,delivered,True,20260903
ORD-0000620-1,ORD-0000620,2026-06-30,纯烬艾雅法拉-吧唧（徽章）,2,18.0,0.0,0.0,36.0,5.4,10.8,paid,delivered,True,20260903
ORD-0000621-1,ORD-0000621,2026-08-09,余-装饰摆件,1,89.0,0.0,0.0,89.0,37.38,37.38,paid,delivered,True,20260903
ORD-0000621-2,ORD-0000621,2026-08-09,贝洛内-毛绒玩偶,1,128.0,0.0,0.0,128.0,61.44,61.44,paid,delivered,True,20260903
ORD-0000622-1,ORD-0000622,2026-08-02,缪尔赛思-毛绒玩偶,1,128.0,0.0,0.0,128.0,61.44,61.44,paid,delivered,True,20260903
ORD-0000623-1,ORD-0000623,2026-06-20,酒神-毛绒玩偶,1,128.0,0.05,6.4,121.6,61.44,61.44,paid,delivered,True,20260903
ORD-0000624-1,ORD-0000624,2026-08-04,荒芜拉普兰德-亚克力制品,1,48.0,0.0,0.0,48.0,16.8,16.8,paid,delivered,True,20260903
ORD-0000625-1,ORD-0000625,2026-07-02,重岳-手办模玩,1,699.0,0.0,0.0,699.0,433.38,433.38,paid,delivered,True,20260903
ORD-0000626-1,ORD-0000626,2026-06-23,结城理-装饰摆件,2,89.0,0.0,0.0,178.0,37.38,74.76,paid,delivered,True,20260903
ORD-0000627-1,ORD-0000627,2026-06-07,死芒-亚克力制品,2,48.0,0.1,9.6,86.4,16.8,33.6,paid,delivered,True,20260903
ORD-0000628-1,ORD-0000628,2026-07-25,酒神-吧唧（徽章）,1,18.0,0.1,1.8,16.2,5.4,5.4,paid,shipped,True,20260903
ORD-0000629-1,ORD-0000629,2026-06-22,焰狐龙梓兰-亚克力制品,1,48.0,0.1,4.8,43.2,16.8,16.8,paid,delivered,True,20260903
ORD-0000630-1,ORD-0000630,2026-06-23,娜斯提-亚克力制品,1,48.0,0.05,2.4,45.6,16.8,16.8,paid,delivered,True,20260903
ORD-0000631-1,ORD-0000631,2026-06-07,赤刃明霄陈-吧唧（徽章）,1,18.0,0.0,0.0,18.0,5.4,5.4,paid,delivered,True,20260903
ORD-0000632-1,ORD-0000632,2026-06-22,凯尔希·思衡托-通行证,2,39.0,0.1,7.8,70.2,12.48,24.96,paid,delivered,True,20260903
ORD-0000633-1,ORD-0000633,2026-08-15,死芒-手办模玩,1,699.0,0.0,0.0,699.0,433.38,433.38,cancelled,cancelled,True,20260903
ORD-0000634-1,ORD-0000634,2026-07-20,维娜·维多利亚-通行证,1,39.0,0.0,0.0,39.0,12.48,12.48,paid,delivered,True,20260903
ORD-0000635-1,ORD-0000635,2026-06-06,黍-通行证,1,39.0,0.1,3.9,35.1,12.48,12.48,paid,delivered,True,20260903
ORD-0000636-1,ORD-0000636,2026-07-10,怒潮凛冬-亚克力制品,2,48.0,0.0,0.0,96.0,16.8,33.6,paid,delivered,True,20260903
ORD-0000637-1,ORD-0000637,2026-06-01,斩业星熊-装饰摆件,1,89.0,0.15,13.35,75.65,37.38,37.38,paid,delivered,True,20260903
ORD-0000638-1,ORD-0000638,2026-06-17,死芒-日用生活,2,99.0,0.05,9.9,188.1,45.54,91.08,paid,delivered,True,20260903
ORD-0000639-1,ORD-0000639,2026-07-24,娜斯提-吧唧（徽章）,1,18.0,0.0,0.0,18.0,5.4,5.4,paid,delivered,True,20260903
ORD-0000640-1,ORD-0000640,2026-08-21,赤刃明霄陈-吧唧（徽章）,1,18.0,0.1,1.8,16.2,5.4,5.4,paid,delivered,True,20260903
ORD-0000641-1,ORD-0000641,2026-08-11,塑心-亚克力制品,1,48.0,0.0,0.0,48.0,16.8,16.8,paid,delivered,True,20260903
ORD-0000642-1,ORD-0000642,2026-08-16,结城理-日用生活,1,99.0,0.1,9.9,89.1,45.54,45.54,paid,delivered,True,20260903
ORD-0000643-1,ORD-0000643,2026-08-22,荒芜拉普兰德-通行证,1,39.0,0.1,3.9,35.1,12.48,12.48,paid,delivered,True,20260903
ORD-0000643-2,ORD-0000643,2026-08-22,缇缇-手办模玩,1,699.0,0.0,0.0,699.0,433.38,433.38,paid,delivered,True,20260903
ORD-0000644-1,ORD-0000644,2026-08-01,佩佩-日用生活,1,99.0,0.0,0.0,99.0,45.54,45.54,paid,delivered,True,20260903
ORD-0000645-1,ORD-0000645,2026-08-19,黍-亚克力制品,1,48.0,0.0,0.0,48.0,16.8,16.8,paid,delivered,True,20260903
ORD-0000646-1,ORD-0000646,2026-06-20,望-吧唧（徽章）,1,18.0,0.0,0.0,18.0,5.4,5.4,paid,delivered,True,20260903
ORD-0000647-1,ORD-0000647,2026-06-27,黍-日用生活,1,99.0,0.1,9.9,89.1,45.54,45.54,paid,delivered,True,20260903
ORD-0000648-1,ORD-0000648,2026-06-12,塑心-亚克力制品,1,48.0,0.0,0.0,48.0,16.8,16.8,paid,delivered,True,20260903
ORD-0000648-2,ORD-0000648,2026-06-12,怒潮凛冬-日用生活,1,99.0,0.0,0.0,99.0,45.54,45.54,paid,delivered,True,20260903
ORD-0000649-1,ORD-0000649,2026-07-22,司霆惊蛰-日用生活,1,99.0,0.1,9.9,89.1,45.54,45.54,paid,delivered,True,20260903
ORD-0000649-2,ORD-0000649,2026-07-22,司霆惊蛰-通行证,1,39.0,0.05,1.95,37.05,12.48,12.48,paid,delivered,True,20260903
ORD-0000650-1,ORD-0000650,2026-07-15,归溟幽灵鲨-吧唧（徽章）,2,18.0,0.0,0.0,36.0,5.4,10.8,paid,delivered,True,20260903
ORD-0000651-1,ORD-0000651,2026-06-25,维娜·维多利亚-日用生活,1,99.0,0.15,14.85,84.15,45.54,45.54,paid,delivered,True,20260903
ORD-0000652-1,ORD-0000652,2026-07-24,缇缇-日用生活,2,99.0,0.15,29.7,168.3,45.54,91.08,paid,delivered,True,20260903
ORD-0000653-1,ORD-0000653,2026-07-31,维娜·维多利亚-亚克力制品,1,48.0,0.1,4.8,43.2,16.8,16.8,paid,delivered,True,20260903
ORD-0000654-1,ORD-0000654,2026-08-24,酒神-亚克力制品,1,48.0,0.05,2.4,45.6,16.8,16.8,paid,shipped,True,20260903
ORD-0000655-1,ORD-0000655,2026-07-11,望-毛绒玩偶,1,128.0,0.0,0.0,128.0,61.44,61.44,paid,delivered,True,20260903
ORD-0000656-1,ORD-0000656,2026-08-14,新约能天使-亚克力制品,1,48.0,0.1,4.8,43.2,16.8,16.8,paid,delivered,True,20260903
ORD-0000657-1,ORD-0000657,2026-07-31,归溟幽灵鲨-通行证,1,39.0,0.1,3.9,35.1,12.48,12.48,paid,delivered,True,20260903
ORD-0000658-1,ORD-0000658,2026-06-21,缄默德克萨斯-装饰摆件,1,89.0,0.05,4.45,84.55,37.38,37.38,paid,delivered,True,20260903
ORD-0000659-1,ORD-0000659,2026-08-09,予愿安洁莉娜-日用生活,1,99.0,0.0,0.0,99.0,45.54,45.54,cancelled,cancelled,True,20260903
ORD-0000660-1,ORD-0000660,2026-08-03,荒芜拉普兰德-亚克力制品,1,48.0,0.0,0.0,48.0,16.8,16.8,paid,delivered,True,20260903
ORD-0000660-2,ORD-0000660,2026-08-03,死芒-通行证,1,39.0,0.0,0.0,39.0,12.48,12.48,paid,delivered,True,20260903
ORD-0000661-1,ORD-0000661,2026-07-10,Mon3tr-通行证,1,39.0,0.05,1.95,37.05,12.48,12.48,paid,delivered,True,20260903
ORD-0000662-1,ORD-0000662,2026-08-08,真言-装饰摆件,1,89.0,0.1,8.9,80.1,37.38,37.38,paid,delivered,True,20260903
ORD-0000663-1,ORD-0000663,2026-06-02,怒潮凛冬-通行证,1,39.0,0.05,1.95,37.05,12.48,12.48,paid,delivered,True,20260903
ORD-0000664-1,ORD-0000664,2026-06-14,斩业星熊-通行证,2,39.0,0.0,0.0,78.0,12.48,24.96,paid,delivered,True,20260903
ORD-0000665-1,ORD-0000665,2026-06-13,斩业星熊-日用生活,2,99.0,0.0,0.0,198.0,45.54,91.08,paid,delivered,True,20260903
ORD-0000666-1,ORD-0000666,2026-06-26,缪尔赛思-日用生活,1,99.0,0.05,4.95,94.05,45.54,45.54,paid,delivered,True,20260903
ORD-0000666-2,ORD-0000666,2026-06-26,死芒-日用生活,1,99.0,0.0,0.0,99.0,45.54,45.54,paid,delivered,True,20260903
ORD-0000667-1,ORD-0000667,2026-07-22,缇缇-日用生活,1,99.0,0.15,14.85,84.15,45.54,45.54,paid,delivered,True,20260903
ORD-0000668-1,ORD-0000668,2026-08-09,凛御银灰-亚克力制品,1,48.0,0.0,0.0,48.0,16.8,16.8,paid,delivered,True,20260903
ORD-0000669-1,ORD-0000669,2026-06-28,余-装饰摆件,1,89.0,0.1,8.9,80.1,37.38,37.38,paid,delivered,True,20260903
ORD-0000670-1,ORD-0000670,2026-07-31,荒芜拉普兰德-装饰摆件,1,89.0,0.05,4.45,84.55,37.38,37.38,paid,delivered,True,20260903
ORD-0000671-1,ORD-0000671,2026-06-07,酒神-装饰摆件,1,89.0,0.0,0.0,89.0,37.38,37.38,paid,delivered,True,20260903
ORD-0000672-1,ORD-0000672,2026-07-03,缇缇-通行证,1,39.0,0.0,0.0,39.0,12.48,12.48,paid,delivered,True,20260903
ORD-0000673-1,ORD-0000673,2026-08-24,怒潮凛冬-吧唧（徽章）,1,18.0,0.05,0.9,17.1,5.4,5.4,paid,delivered,True,20260903
ORD-0000674-1,ORD-0000674,2026-06-06,酒神-通行证,1,39.0,0.1,3.9,35.1,12.48,12.48,cancelled,cancelled,True,20260903
ORD-0000675-1,ORD-0000675,2026-06-18,死芒-手办模玩,1,699.0,0.05,34.95,664.05,433.38,433.38,paid,delivered,True,20260903
ORD-0000676-1,ORD-0000676,2026-06-26,怒潮凛冬-亚克力制品,1,48.0,0.1,4.8,43.2,16.8,16.8,paid,delivered,True,20260903
ORD-0000677-1,ORD-0000677,2026-08-18,斩业星熊-毛绒玩偶,1,128.0,0.0,0.0,128.0,61.44,61.44,paid,delivered,True,20260903
ORD-0000678-1,ORD-0000678,2026-07-25,谬因-装饰摆件,1,89.0,0.1,8.9,80.1,37.38,37.38,paid,delivered,True,20260903
ORD-0000679-1,ORD-0000679,2026-08-18,凛御银灰-亚克力制品,1,48.0,0.05,2.4,45.6,16.8,16.8,paid,delivered,True,20260903
ORD-0000680-1,ORD-0000680,2026-07-02,Mon3tr-手办模玩,2,699.0,0.0,0.0,1398.0,433.38,866.76,paid,delivered,True,20260903
ORD-0000681-1,ORD-0000681,2026-08-23,缪尔赛思-通行证,3,39.0,0.1,11.7,105.3,12.48,37.44,paid,delivered,True,20260903
ORD-0000682-1,ORD-0000682,2026-07-30,真言-吧唧（徽章）,1,18.0,0.05,0.9,17.1,5.4,5.4,paid,delivered,True,20260903
ORD-0000683-1,ORD-0000683,2026-08-23,司霆惊蛰-亚克力制品,1,48.0,0.0,0.0,48.0,16.8,16.8,paid,delivered,True,20260903
ORD-0000684-1,ORD-0000684,2026-06-14,望-毛绒玩偶,1,128.0,0.0,0.0,128.0,61.44,61.44,paid,delivered,True,20260903
ORD-0000684-2,ORD-0000684,2026-06-14,焰狐龙梓兰-毛绒玩偶,2,128.0,0.1,25.6,230.4,61.44,122.88,paid,delivered,True,20260903
ORD-0000684-3,ORD-0000684,2026-06-14,怒潮凛冬-通行证,1,39.0,0.1,3.9,35.1,12.48,12.48,paid,delivered,True,20260903
ORD-0000685-1,ORD-0000685,2026-06-11,佩佩-装饰摆件,1,89.0,0.1,8.9,80.1,37.38,37.38,paid,delivered,True,20260903
ORD-0000686-1,ORD-0000686,2026-08-14,荒芜拉普兰德-亚克力制品,1,48.0,0.0,0.0,48.0,16.8,16.8,paid,delivered,True,20260903
ORD-0000687-1,ORD-0000687,2026-08-28,新约能天使-亚克力制品,1,48.0,0.0,0.0,48.0,16.8,16.8,paid,delivered,True,20260903
ORD-0000688-1,ORD-0000688,2026-07-29,贝洛内-日用生活,2,99.0,0.05,9.9,188.1,45.54,91.08,paid,delivered,True,20260903
ORD-0000689-1,ORD-0000689,2026-07-24,真言-日用生活,1,99.0,0.0,0.0,99.0,45.54,45.54,paid,delivered,True,20260903
ORD-0000690-1,ORD-0000690,2026-06-27,斩业星熊-通行证,1,39.0,0.0,0.0,39.0,12.48,12.48,paid,delivered,True,20260903
ORD-0000691-1,ORD-0000691,2026-08-14,新约能天使-装饰摆件,2,89.0,0.0,0.0,178.0,37.38,74.76,paid,delivered,True,20260903
ORD-0000692-1,ORD-0000692,2026-07-25,谬因-毛绒玩偶,1,128.0,0.0,0.0,128.0,61.44,61.44,paid,delivered,True,20260903
ORD-0000693-1,ORD-0000693,2026-08-02,缪尔赛思-手办模玩,1,699.0,0.1,69.9,629.1,433.38,433.38,paid,delivered,True,20260903
ORD-0000693-2,ORD-0000693,2026-08-02,维娜·维多利亚-毛绒玩偶,1,128.0,0.0,0.0,128.0,61.44,61.44,paid,delivered,True,20260903
ORD-0000693-3,ORD-0000693,2026-08-02,新约能天使-通行证,1,39.0,0.15,5.85,33.15,12.48,12.48,paid,delivered,True,20260903
ORD-0000694-1,ORD-0000694,2026-07-29,新约能天使-亚克力制品,1,48.0,0.0,0.0,48.0,16.8,16.8,paid,delivered,True,20260903
ORD-0000695-1,ORD-0000695,2026-07-18,司霆惊蛰-日用生活,1,99.0,0.05,4.95,94.05,45.54,45.54,paid,delivered,True,20260903
ORD-0000695-2,ORD-0000695,2026-07-18,佩佩-装饰摆件,1,89.0,0.1,8.9,80.1,37.38,37.38,paid,delivered,True,20260903
ORD-0000696-1,ORD-0000696,2026-07-24,凯尔希·思衡托-手办模玩,1,699.0,0.0,0.0,699.0,433.38,433.38,paid,delivered,True,20260903
ORD-0000696-2,ORD-0000696,2026-07-24,凯尔希·思衡托-毛绒玩偶,1,128.0,0.0,0.0,128.0,61.44,61.44,paid,delivered,True,20260903
ORD-0000697-1,ORD-0000697,2026-08-21,Mon3tr-手办模玩,1,699.0,0.0,0.0,699.0,433.38,433.38,paid,delivered,True,20260903
ORD-0000698-1,ORD-0000698,2026-07-28,缇缇-毛绒玩偶,1,128.0,0.0,0.0,128.0,61.44,61.44,paid,delivered,True,20260903
ORD-0000698-2,ORD-0000698,2026-07-28,予愿安洁莉娜-通行证,1,39.0,0.0,0.0,39.0,12.48,12.48,paid,delivered,True,20260903
ORD-0000699-1,ORD-0000699,2026-06-13,结城理-亚克力制品,1,48.0,0.05,2.4,45.6,16.8,16.8,cancelled,cancelled,True,20260903
ORD-0000700-1,ORD-0000700,2026-06-30,赤刃明霄陈-日用生活,1,99.0,0.0,0.0,99.0,45.54,45.54,paid,delivered,True,20260903
ORD-0000701-1,ORD-0000701,2026-08-12,予愿安洁莉娜-亚克力制品,1,48.0,0.05,2.4,45.6,16.8,16.8,paid,delivered,True,20260903
ORD-0000702-1,ORD-0000702,2026-06-07,凯尔希·思衡托-装饰摆件,1,89.0,0.0,0.0,89.0,37.38,37.38,paid,delivered,True,20260903
ORD-0000703-1,ORD-0000703,2026-07-31,酒神-装饰摆件,1,89.0,0.0,0.0,89.0,37.38,37.38,paid,delivered,True,20260903
ORD-0000704-1,ORD-0000704,2026-07-05,焰狐龙梓兰-日用生活,1,99.0,0.1,9.9,89.1,45.54,45.54,paid,delivered,True,20260903
ORD-0000705-1,ORD-0000705,2026-08-21,酒神-装饰摆件,1,89.0,0.05,4.45,84.55,37.38,37.38,paid,delivered,True,20260903
ORD-0000705-2,ORD-0000705,2026-08-21,予愿安洁莉娜-亚克力制品,1,48.0,0.0,0.0,48.0,16.8,16.8,paid,delivered,True,20260903
ORD-0000706-1,ORD-0000706,2026-06-23,结城理-装饰摆件,1,89.0,0.0,0.0,89.0,37.38,37.38,paid,delivered,True,20260903
ORD-0000706-2,ORD-0000706,2026-06-23,怒潮凛冬-通行证,1,39.0,0.0,0.0,39.0,12.48,12.48,paid,delivered,True,20260903
ORD-0000707-1,ORD-0000707,2026-08-16,荒芜拉普兰德-日用生活,1,99.0,0.15,14.85,84.15,45.54,45.54,paid,delivered,True,20260903
ORD-0000708-1,ORD-0000708,2026-06-23,怒潮凛冬-亚克力制品,1,48.0,0.0,0.0,48.0,16.8,16.8,paid,shipped,True,20260903
ORD-0000708-2,ORD-0000708,2026-06-23,凯尔希·思衡托-日用生活,1,99.0,0.1,9.9,89.1,45.54,45.54,paid,shipped,True,20260903
ORD-0000709-1,ORD-0000709,2026-06-27,望-日用生活,1,99.0,0.05,4.95,94.05,45.54,45.54,paid,shipped,True,20260903
ORD-0000709-2,ORD-0000709,2026-06-27,赤刃明霄陈-日用生活,2,99.0,0.05,9.9,188.1,45.54,91.08,paid,shipped,True,20260903
ORD-0000709-3,ORD-0000709,2026-06-27,Mon3tr-毛绒玩偶,1,128.0,0.0,0.0,128.0,61.44,61.44,paid,shipped,True,20260903
ORD-0000710-1,ORD-0000710,2026-07-29,望-亚克力制品,1,48.0,0.05,2.4,45.6,16.8,16.8,paid,delivered,True,20260903
ORD-0000711-1,ORD-0000711,2026-08-28,缇缇-毛绒玩偶,1,128.0,0.1,12.8,115.2,61.44,61.44,paid,delivered,True,20260903
ORD-0000711-2,ORD-0000711,2026-08-28,焰狐龙梓兰-吧唧（徽章）,1,18.0,0.1,1.8,16.2,5.4,5.4,paid,delivered,True,20260903
ORD-0000712-1,ORD-0000712,2026-07-28,贝洛内-手办模玩,1,699.0,0.0,0.0,699.0,433.38,433.38,paid,delivered,True,20260903
ORD-0000713-1,ORD-0000713,2026-07-25,谬因-毛绒玩偶,1,128.0,0.05,6.4,121.6,61.44,61.44,paid,delivered,True,20260903
ORD-0000713-2,ORD-0000713,2026-07-25,司霆惊蛰-手办模玩,1,699.0,0.1,69.9,629.1,433.38,433.38,paid,delivered,True,20260903
ORD-0000714-1,ORD-0000714,2026-06-03,死芒-手办模玩,1,699.0,0.0,0.0,699.0,433.38,433.38,paid,delivered,True,20260903
ORD-0000715-1,ORD-0000715,2026-07-25,赤刃明霄陈-通行证,1,39.0,0.0,0.0,39.0,12.48,12.48,paid,delivered,True,20260903
ORD-0000716-1,ORD-0000716,2026-06-19,缇缇-装饰摆件,1,89.0,0.0,0.0,89.0,37.38,37.38,paid,delivered,True,20260903
ORD-0000716-2,ORD-0000716,2026-06-19,真言-毛绒玩偶,1,128.0,0.0,0.0,128.0,61.44,61.44,paid,delivered,True,20260903
ORD-0000717-1,ORD-0000717,2026-07-06,黍-日用生活,1,99.0,0.1,9.9,89.1,45.54,45.54,paid,delivered,True,20260903
ORD-0000718-1,ORD-0000718,2026-07-07,塑心-手办模玩,1,699.0,0.1,69.9,629.1,433.38,433.38,paid,delivered,True,20260903
ORD-0000718-2,ORD-0000718,2026-07-07,黍-毛绒玩偶,1,128.0,0.0,0.0,128.0,61.44,61.44,paid,delivered,True,20260903
ORD-0000719-1,ORD-0000719,2026-07-29,凛御银灰-装饰摆件,1,89.0,0.05,4.45,84.55,37.38,37.38,paid,delivered,True,20260903
ORD-0000720-1,ORD-0000720,2026-06-27,赤刃明霄陈-亚克力制品,1,48.0,0.05,2.4,45.6,16.8,16.8,paid,delivered,True,20260903
ORD-0000721-1,ORD-0000721,2026-06-17,凛御银灰-日用生活,1,99.0,0.1,9.9,89.1,45.54,45.54,paid,delivered,True,20260903
ORD-0000722-1,ORD-0000722,2026-08-02,斩业星熊-通行证,1,39.0,0.05,1.95,37.05,12.48,12.48,paid,delivered,True,20260903
ORD-0000723-1,ORD-0000723,2026-07-31,斩业星熊-手办模玩,1,699.0,0.0,0.0,699.0,433.38,433.38,paid,delivered,True,20260903
ORD-0000724-1,ORD-0000724,2026-07-28,纯烬艾雅法拉-通行证,1,39.0,0.0,0.0,39.0,12.48,12.48,paid,shipped,True,20260903
ORD-0000725-1,ORD-0000725,2026-08-11,缇缇-通行证,1,39.0,0.0,0.0,39.0,12.48,12.48,paid,shipped,True,20260903
ORD-0000726-1,ORD-0000726,2026-08-04,怒潮凛冬-毛绒玩偶,1,128.0,0.05,6.4,121.6,61.44,61.44,paid,delivered,True,20260903
ORD-0000727-1,ORD-0000727,2026-06-16,荒芜拉普兰德-日用生活,1,99.0,0.05,4.95,94.05,45.54,45.54,paid,delivered,True,20260903
ORD-0000728-1,ORD-0000728,2026-07-10,酒神-手办模玩,1,699.0,0.0,0.0,699.0,433.38,433.38,paid,delivered,True,20260903
ORD-0000729-1,ORD-0000729,2026-07-31,塑心-吧唧（徽章）,1,18.0,0.0,0.0,18.0,5.4,5.4,paid,shipped,True,20260903
ORD-0000730-1,ORD-0000730,2026-08-01,司霆惊蛰-吧唧（徽章）,1,18.0,0.0,0.0,18.0,5.4,5.4,paid,delivered,True,20260903
ORD-0000731-1,ORD-0000731,2026-07-30,塑心-手办模玩,1,699.0,0.0,0.0,699.0,433.38,433.38,paid,delivered,True,20260903
ORD-0000732-1,ORD-0000732,2026-06-27,予愿安洁莉娜-通行证,1,39.0,0.0,0.0,39.0,12.48,12.48,paid,delivered,True,20260903
ORD-0000733-1,ORD-0000733,2026-06-13,余-手办模玩,1,699.0,0.0,0.0,699.0,433.38,433.38,paid,delivered,True,20260903
ORD-0000734-1,ORD-0000734,2026-06-21,新约能天使-手办模玩,2,699.0,0.0,0.0,1398.0,433.38,866.76,paid,delivered,True,20260903
ORD-0000734-2,ORD-0000734,2026-06-21,谬因-毛绒玩偶,1,128.0,0.0,0.0,128.0,61.44,61.44,paid,delivered,True,20260903
ORD-0000734-3,ORD-0000734,2026-06-21,斩业星熊-通行证,1,39.0,0.0,0.0,39.0,12.48,12.48,paid,delivered,True,20260903
ORD-0000735-1,ORD-0000735,2026-07-27,余-吧唧（徽章）,1,18.0,0.0,0.0,18.0,5.4,5.4,paid,delivered,True,20260903
ORD-0000735-2,ORD-0000735,2026-07-27,焰狐龙梓兰-装饰摆件,1,89.0,0.05,4.45,84.55,37.38,37.38,paid,delivered,True,20260903
ORD-0000736-1,ORD-0000736,2026-07-23,荒芜拉普兰德-通行证,1,39.0,0.1,3.9,35.1,12.48,12.48,paid,delivered,True,20260903
ORD-0000736-2,ORD-0000736,2026-07-23,予愿安洁莉娜-日用生活,1,99.0,0.0,0.0,99.0,45.54,45.54,paid,delivered,True,20260903
ORD-0000736-3,ORD-0000736,2026-07-23,斩业星熊-毛绒玩偶,1,128.0,0.0,0.0,128.0,61.44,61.44,paid,delivered,True,20260903
ORD-0000737-1,ORD-0000737,2026-07-29,新约能天使-亚克力制品,1,48.0,0.0,0.0,48.0,16.8,16.8,paid,delivered,True,20260903
ORD-0000738-1,ORD-0000738,2026-07-31,死芒-毛绒玩偶,1,128.0,0.0,0.0,128.0,61.44,61.44,paid,delivered,True,20260903
ORD-0000739-1,ORD-0000739,2026-08-26,赤刃明霄陈-吧唧（徽章）,1,18.0,0.05,0.9,17.1,5.4,5.4,paid,delivered,True,20260903
ORD-0000740-1,ORD-0000740,2026-06-20,斩业星熊-手办模玩,1,699.0,0.0,0.0,699.0,433.38,433.38,cancelled,cancelled,True,20260903
ORD-0000741-1,ORD-0000741,2026-07-23,真言-通行证,2,39.0,0.1,7.8,70.2,12.48,24.96,cancelled,cancelled,True,20260903
ORD-0000742-1,ORD-0000742,2026-08-09,黍-毛绒玩偶,1,128.0,0.0,0.0,128.0,61.44,61.44,paid,delivered,True,20260903
ORD-0000743-1,ORD-0000743,2026-06-21,司霆惊蛰-手办模玩,1,699.0,0.1,69.9,629.1,433.38,433.38,paid,delivered,True,20260903
ORD-0000744-1,ORD-0000744,2026-06-18,望-装饰摆件,1,89.0,0.0,0.0,89.0,37.38,37.38,paid,delivered,True,20260903
ORD-0000745-1,ORD-0000745,2026-07-05,归溟幽灵鲨-装饰摆件,1,89.0,0.0,0.0,89.0,37.38,37.38,paid,delivered,True,20260903
ORD-0000745-2,ORD-0000745,2026-07-05,真言-通行证,1,39.0,0.0,0.0,39.0,12.48,12.48,paid,delivered,True,20260903
ORD-0000746-1,ORD-0000746,2026-06-05,贝洛内-亚克力制品,1,48.0,0.1,4.8,43.2,16.8,16.8,paid,delivered,True,20260903
ORD-0000747-1,ORD-0000747,2026-07-01,归溟幽灵鲨-手办模玩,1,699.0,0.05,34.95,664.05,433.38,433.38,paid,delivered,True,20260903
ORD-0000748-1,ORD-0000748,2026-06-25,余-通行证,1,39.0,0.0,0.0,39.0,12.48,12.48,paid,shipped,True,20260903
ORD-0000749-1,ORD-0000749,2026-07-12,焰狐龙梓兰-毛绒玩偶,1,128.0,0.05,6.4,121.6,61.44,61.44,paid,delivered,True,20260903
ORD-0000750-1,ORD-0000750,2026-08-16,凯尔希·思衡托-日用生活,1,99.0,0.0,0.0,99.0,45.54,45.54,paid,pending,True,20260903
ORD-0000751-1,ORD-0000751,2026-08-02,焰狐龙梓兰-手办模玩,2,699.0,0.0,0.0,1398.0,433.38,866.76,paid,delivered,True,20260903
ORD-0000752-1,ORD-0000752,2026-08-20,Mon3tr-亚克力制品,1,48.0,0.05,2.4,45.6,16.8,16.8,paid,delivered,True,20260903
ORD-0000752-2,ORD-0000752,2026-08-20,结城理-装饰摆件,1,89.0,0.0,0.0,89.0,37.38,37.38,paid,delivered,True,20260903
ORD-0000753-1,ORD-0000753,2026-07-30,荒芜拉普兰德-毛绒玩偶,1,128.0,0.0,0.0,128.0,61.44,61.44,paid,delivered,True,20260903
ORD-0000754-1,ORD-0000754,2026-07-06,娜斯提-吧唧（徽章）,1,18.0,0.0,0.0,18.0,5.4,5.4,paid,delivered,True,20260903
ORD-0000755-1,ORD-0000755,2026-07-18,归溟幽灵鲨-装饰摆件,1,89.0,0.0,0.0,89.0,37.38,37.38,paid,shipped,True,20260903
ORD-0000756-1,ORD-0000756,2026-08-15,焰狐龙梓兰-亚克力制品,1,48.0,0.05,2.4,45.6,16.8,16.8,paid,delivered,True,20260903
ORD-0000757-1,ORD-0000757,2026-08-18,纯烬艾雅法拉-毛绒玩偶,1,128.0,0.0,0.0,128.0,61.44,61.44,paid,delivered,True,20260903
ORD-0000757-2,ORD-0000757,2026-08-18,维娜·维多利亚-毛绒玩偶,1,128.0,0.1,12.8,115.2,61.44,61.44,paid,delivered,True,20260903
ORD-0000758-1,ORD-0000758,2026-06-14,塑心-手办模玩,1,699.0,0.05,34.95,664.05,433.38,433.38,paid,delivered,True,20260903
ORD-0000759-1,ORD-0000759,2026-06-29,结城理-装饰摆件,1,89.0,0.0,0.0,89.0,37.38,37.38,paid,shipped,True,20260903
ORD-0000760-1,ORD-0000760,2026-07-14,新约能天使-通行证,1,39.0,0.05,1.95,37.05,12.48,12.48,paid,shipped,True,20260903
ORD-0000761-1,ORD-0000761,2026-07-10,维娜·维多利亚-毛绒玩偶,1,128.0,0.0,0.0,128.0,61.44,61.44,paid,delivered,True,20260903
ORD-0000762-1,ORD-0000762,2026-08-08,贝洛内-亚克力制品,1,48.0,0.1,4.8,43.2,16.8,16.8,paid,delivered,True,20260903
ORD-0000763-1,ORD-0000763,2026-06-20,斩业星熊-日用生活,1,99.0,0.15,14.85,84.15,45.54,45.54,paid,delivered,True,20260903
ORD-0000764-1,ORD-0000764,2026-06-27,塑心-亚克力制品,1,48.0,0.0,0.0,48.0,16.8,16.8,paid,delivered,True,20260903
ORD-0000764-2,ORD-0000764,2026-06-27,望-吧唧（徽章）,1,18.0,0.0,0.0,18.0,5.4,5.4,paid,delivered,True,20260903
ORD-0000765-1,ORD-0000765,2026-06-18,死芒-毛绒玩偶,1,128.0,0.05,6.4,121.6,61.44,61.44,paid,delivered,True,20260903
ORD-0000766-1,ORD-0000766,2026-08-23,酒神-亚克力制品,1,48.0,0.1,4.8,43.2,16.8,16.8,paid,delivered,True,20260903
ORD-0000767-1,ORD-0000767,2026-08-22,死芒-通行证,1,39.0,0.0,0.0,39.0,12.48,12.48,paid,delivered,True,20260903
ORD-0000768-1,ORD-0000768,2026-06-23,予愿安洁莉娜-装饰摆件,1,89.0,0.0,0.0,89.0,37.38,37.38,paid,shipped,True,20260903
ORD-0000769-1,ORD-0000769,2026-08-08,真言-手办模玩,1,699.0,0.1,69.9,629.1,433.38,433.38,paid,delivered,True,20260903
ORD-0000770-1,ORD-0000770,2026-08-28,新约能天使-亚克力制品,1,48.0,0.0,0.0,48.0,16.8,16.8,paid,delivered,True,20260903
ORD-0000770-2,ORD-0000770,2026-08-28,缄默德克萨斯-手办模玩,1,699.0,0.0,0.0,699.0,433.38,433.38,paid,delivered,True,20260903
ORD-0000771-1,ORD-0000771,2026-08-26,黍-通行证,1,39.0,0.05,1.95,37.05,12.48,12.48,paid,delivered,True,20260903
ORD-0000771-2,ORD-0000771,2026-08-26,凯尔希·思衡托-通行证,1,39.0,0.1,3.9,35.1,12.48,12.48,paid,delivered,True,20260903
ORD-0000771-3,ORD-0000771,2026-08-26,斩业星熊-吧唧（徽章）,1,18.0,0.1,1.8,16.2,5.4,5.4,paid,delivered,True,20260903
ORD-0000772-1,ORD-0000772,2026-06-14,Mon3tr-毛绒玩偶,1,128.0,0.0,0.0,128.0,61.44,61.44,paid,delivered,True,20260903
ORD-0000773-1,ORD-0000773,2026-07-19,贝洛内-毛绒玩偶,1,128.0,0.0,0.0,128.0,61.44,61.44,paid,delivered,True,20260903
ORD-0000774-1,ORD-0000774,2026-06-27,维娜·维多利亚-装饰摆件,1,89.0,0.1,8.9,80.1,37.38,37.38,cancelled,cancelled,True,20260903
ORD-0000775-1,ORD-0000775,2026-07-26,真言-通行证,1,39.0,0.0,0.0,39.0,12.48,12.48,paid,delivered,True,20260903
ORD-0000776-1,ORD-0000776,2026-08-28,缪尔赛思-吧唧（徽章）,1,18.0,0.05,0.9,17.1,5.4,5.4,paid,delivered,True,20260903
ORD-0000777-1,ORD-0000777,2026-08-25,新约能天使-吧唧（徽章）,1,18.0,0.1,1.8,16.2,5.4,5.4,paid,delivered,True,20260903
ORD-0000778-1,ORD-0000778,2026-06-14,黍-毛绒玩偶,1,128.0,0.1,12.8,115.2,61.44,61.44,paid,pending,True,20260903
ORD-0000778-2,ORD-0000778,2026-06-14,佩佩-装饰摆件,1,89.0,0.0,0.0,89.0,37.38,37.38,paid,pending,True,20260903
ORD-0000778-3,ORD-0000778,2026-06-14,死芒-装饰摆件,1,89.0,0.0,0.0,89.0,37.38,37.38,paid,pending,True,20260903
ORD-0000779-1,ORD-0000779,2026-07-30,余-手办模玩,2,699.0,0.1,139.8,1258.2,433.38,866.76,paid,delivered,True,20260903
ORD-0000780-1,ORD-0000780,2026-06-22,娜斯提-毛绒玩偶,1,128.0,0.05,6.4,121.6,61.44,61.44,paid,delivered,True,20260903
ORD-0000781-1,ORD-0000781,2026-06-24,塑心-通行证,1,39.0,0.1,3.9,35.1,12.48,12.48,paid,delivered,True,20260903
ORD-0000782-1,ORD-0000782,2026-07-26,斩业星熊-通行证,1,39.0,0.0,0.0,39.0,12.48,12.48,paid,delivered,True,20260903
ORD-0000783-1,ORD-0000783,2026-08-04,望-日用生活,1,99.0,0.0,0.0,99.0,45.54,45.54,paid,delivered,True,20260903
ORD-0000783-2,ORD-0000783,2026-08-04,赤刃明霄陈-装饰摆件,1,89.0,0.0,0.0,89.0,37.38,37.38,paid,delivered,True,20260903
ORD-0000784-1,ORD-0000784,2026-06-14,新约能天使-吧唧（徽章）,1,18.0,0.05,0.9,17.1,5.4,5.4,paid,delivered,True,20260903
ORD-0000784-2,ORD-0000784,2026-06-14,怒潮凛冬-毛绒玩偶,1,128.0,0.05,6.4,121.6,61.44,61.44,paid,delivered,True,20260903
ORD-0000785-1,ORD-0000785,2026-06-22,怒潮凛冬-通行证,1,39.0,0.0,0.0,39.0,12.48,12.48,paid,delivered,True,20260903
ORD-0000785-2,ORD-0000785,2026-06-22,予愿安洁莉娜-装饰摆件,1,89.0,0.05,4.45,84.55,37.38,37.38,paid,delivered,True,20260903
ORD-0000786-1,ORD-0000786,2026-06-21,斩业星熊-亚克力制品,1,48.0,0.0,0.0,48.0,16.8,16.8,paid,shipped,True,20260903
ORD-0000787-1,ORD-0000787,2026-06-19,荒芜拉普兰德-手办模玩,1,699.0,0.05,34.95,664.05,433.38,433.38,paid,pending,True,20260903
ORD-0000788-1,ORD-0000788,2026-08-06,斩业星熊-日用生活,1,99.0,0.1,9.9,89.1,45.54,45.54,paid,delivered,True,20260903
ORD-0000789-1,ORD-0000789,2026-06-11,佩佩-毛绒玩偶,1,128.0,0.0,0.0,128.0,61.44,61.44,paid,delivered,True,20260903
ORD-0000789-2,ORD-0000789,2026-06-11,斩业星熊-通行证,2,39.0,0.1,7.8,70.2,12.48,24.96,paid,delivered,True,20260903
ORD-0000790-1,ORD-0000790,2026-07-27,新约能天使-手办模玩,1,699.0,0.1,69.9,629.1,433.38,433.38,paid,delivered,True,20260903
ORD-0000791-1,ORD-0000791,2026-06-13,纯烬艾雅法拉-毛绒玩偶,1,128.0,0.0,0.0,128.0,61.44,61.44,paid,delivered,True,20260903
ORD-0000792-1,ORD-0000792,2026-07-14,缪尔赛思-装饰摆件,1,89.0,0.1,8.9,80.1,37.38,37.38,paid,delivered,True,20260903
ORD-0000792-2,ORD-0000792,2026-07-14,斩业星熊-装饰摆件,1,89.0,0.1,8.9,80.1,37.38,37.38,paid,delivered,True,20260903
ORD-0000793-1,ORD-0000793,2026-06-28,斩业星熊-吧唧（徽章）,1,18.0,0.0,0.0,18.0,5.4,5.4,cancelled,cancelled,True,20260903
ORD-0000794-1,ORD-0000794,2026-08-07,重岳-日用生活,1,99.0,0.05,4.95,94.05,45.54,45.54,paid,delivered,True,20260903
ORD-0000795-1,ORD-0000795,2026-06-19,维娜·维多利亚-亚克力制品,1,48.0,0.05,2.4,45.6,16.8,16.8,paid,delivered,True,20260903
ORD-0000796-1,ORD-0000796,2026-06-08,归溟幽灵鲨-亚克力制品,1,48.0,0.1,4.8,43.2,16.8,16.8,paid,delivered,True,20260903
ORD-0000797-1,ORD-0000797,2026-06-18,予愿安洁莉娜-毛绒玩偶,1,128.0,0.15,19.2,108.8,61.44,61.44,paid,delivered,True,20260903
ORD-0000798-1,ORD-0000798,2026-06-24,酒神-吧唧（徽章）,1,18.0,0.0,0.0,18.0,5.4,5.4,paid,delivered,True,20260903
ORD-0000799-1,ORD-0000799,2026-06-10,怒潮凛冬-亚克力制品,1,48.0,0.0,0.0,48.0,16.8,16.8,paid,delivered,True,20260903
ORD-0000800-1,ORD-0000800,2026-08-04,余-装饰摆件,1,89.0,0.0,0.0,89.0,37.38,37.38,paid,delivered,True,20260903
ORD-0000801-1,ORD-0000801,2026-06-27,归溟幽灵鲨-吧唧（徽章）,1,18.0,0.0,0.0,18.0,5.4,5.4,paid,delivered,True,20260903
ORD-0000802-1,ORD-0000802,2026-06-22,缪尔赛思-手办模玩,1,699.0,0.0,0.0,699.0,433.38,433.38,paid,delivered,True,20260903
ORD-0000803-1,ORD-0000803,2026-07-30,望-吧唧（徽章）,1,18.0,0.15,2.7,15.3,5.4,5.4,paid,delivered,True,20260903
ORD-0000804-1,ORD-0000804,2026-08-29,维娜·维多利亚-手办模玩,1,699.0,0.1,69.9,629.1,433.38,433.38,paid,delivered,True,20260903
ORD-0000805-1,ORD-0000805,2026-07-29,望-装饰摆件,2,89.0,0.0,0.0,178.0,37.38,74.76,paid,delivered,True,20260903
ORD-0000806-1,ORD-0000806,2026-06-30,新约能天使-日用生活,2,99.0,0.0,0.0,198.0,45.54,91.08,paid,delivered,True,20260903
ORD-0000807-1,ORD-0000807,2026-07-26,纯烬艾雅法拉-亚克力制品,1,48.0,0.0,0.0,48.0,16.8,16.8,paid,shipped,True,20260903
ORD-0000808-1,ORD-0000808,2026-07-17,赤刃明霄陈-通行证,1,39.0,0.0,0.0,39.0,12.48,12.48,paid,delivered,True,20260903
ORD-0000809-1,ORD-0000809,2026-06-20,焰狐龙梓兰-通行证,1,39.0,0.1,3.9,35.1,12.48,12.48,paid,delivered,True,20260903
ORD-0000810-1,ORD-0000810,2026-06-23,维娜·维多利亚-吧唧（徽章）,2,18.0,0.05,1.8,34.2,5.4,10.8,paid,delivered,True,20260903
ORD-0000811-1,ORD-0000811,2026-06-11,Mon3tr-亚克力制品,1,48.0,0.0,0.0,48.0,16.8,16.8,paid,delivered,True,20260903
ORD-0000812-1,ORD-0000812,2026-06-12,黍-通行证,1,39.0,0.0,0.0,39.0,12.48,12.48,paid,delivered,True,20260903
ORD-0000813-1,ORD-0000813,2026-08-28,余-毛绒玩偶,1,128.0,0.15,19.2,108.8,61.44,61.44,paid,delivered,True,20260903
ORD-0000814-1,ORD-0000814,2026-06-19,司霆惊蛰-通行证,2,39.0,0.05,3.9,74.1,12.48,24.96,paid,delivered,True,20260903
ORD-0000815-1,ORD-0000815,2026-06-22,焰狐龙梓兰-吧唧（徽章）,1,18.0,0.0,0.0,18.0,5.4,5.4,paid,delivered,True,20260903
ORD-0000816-1,ORD-0000816,2026-06-10,焰狐龙梓兰-毛绒玩偶,1,128.0,0.05,6.4,121.6,61.44,61.44,paid,shipped,True,20260903
ORD-0000817-1,ORD-0000817,2026-07-05,新约能天使-装饰摆件,1,89.0,0.1,8.9,80.1,37.38,37.38,paid,delivered,True,20260903
ORD-0000818-1,ORD-0000818,2026-06-20,结城理-手办模玩,1,699.0,0.0,0.0,699.0,433.38,433.38,paid,delivered,True,20260903
ORD-0000818-2,ORD-0000818,2026-06-20,真言-日用生活,2,99.0,0.0,0.0,198.0,45.54,91.08,paid,delivered,True,20260903
ORD-0000819-1,ORD-0000819,2026-07-12,怒潮凛冬-日用生活,1,99.0,0.0,0.0,99.0,45.54,45.54,paid,delivered,True,20260903
ORD-0000820-1,ORD-0000820,2026-08-01,贝洛内-日用生活,1,99.0,0.05,4.95,94.05,45.54,45.54,paid,delivered,True,20260903
ORD-0000821-1,ORD-0000821,2026-06-20,予愿安洁莉娜-毛绒玩偶,1,128.0,0.05,6.4,121.6,61.44,61.44,paid,delivered,True,20260903
ORD-0000822-1,ORD-0000822,2026-07-06,望-亚克力制品,1,48.0,0.1,4.8,43.2,16.8,16.8,paid,delivered,True,20260903
ORD-0000823-1,ORD-0000823,2026-06-17,黍-通行证,1,39.0,0.0,0.0,39.0,12.48,12.48,cancelled,cancelled,True,20260903
ORD-0000824-1,ORD-0000824,2026-06-03,缄默德克萨斯-亚克力制品,1,48.0,0.1,4.8,43.2,16.8,16.8,paid,delivered,True,20260903
ORD-0000825-1,ORD-0000825,2026-06-14,怒潮凛冬-通行证,1,39.0,0.1,3.9,35.1,12.48,12.48,paid,delivered,True,20260903
ORD-0000826-1,ORD-0000826,2026-07-21,Mon3tr-吧唧（徽章）,1,18.0,0.15,2.7,15.3,5.4,5.4,paid,delivered,True,20260903
ORD-0000827-1,ORD-0000827,2026-06-23,余-手办模玩,1,699.0,0.05,34.95,664.05,433.38,433.38,cancelled,cancelled,True,20260903
ORD-0000828-1,ORD-0000828,2026-07-12,赤刃明霄陈-手办模玩,2,699.0,0.05,69.9,1328.1,433.38,866.76,paid,delivered,True,20260903
ORD-0000829-1,ORD-0000829,2026-08-01,望-手办模玩,1,699.0,0.0,0.0,699.0,433.38,433.38,paid,delivered,True,20260903
ORD-0000829-2,ORD-0000829,2026-08-01,塑心-毛绒玩偶,1,128.0,0.1,12.8,115.2,61.44,61.44,paid,delivered,True,20260903
ORD-0000830-1,ORD-0000830,2026-07-04,焰狐龙梓兰-亚克力制品,2,48.0,0.1,9.6,86.4,16.8,33.6,paid,pending,True,20260903
ORD-0000831-1,ORD-0000831,2026-06-28,维娜·维多利亚-亚克力制品,1,48.0,0.0,0.0,48.0,16.8,16.8,paid,delivered,True,20260903
ORD-0000832-1,ORD-0000832,2026-08-21,予愿安洁莉娜-吧唧（徽章）,1,18.0,0.0,0.0,18.0,5.4,5.4,paid,delivered,True,20260903
ORD-0000832-2,ORD-0000832,2026-08-21,凯尔希·思衡托-通行证,2,39.0,0.05,3.9,74.1,12.48,24.96,paid,delivered,True,20260903
ORD-0000833-1,ORD-0000833,2026-08-12,Mon3tr-毛绒玩偶,1,128.0,0.0,0.0,128.0,61.44,61.44,paid,delivered,True,20260903
ORD-0000833-2,ORD-0000833,2026-08-12,谬因-毛绒玩偶,1,128.0,0.0,0.0,128.0,61.44,61.44,paid,delivered,True,20260903
ORD-0000834-1,ORD-0000834,2026-07-04,缪尔赛思-通行证,1,39.0,0.0,0.0,39.0,12.48,12.48,paid,delivered,True,20260903
ORD-0000835-1,ORD-0000835,2026-06-17,黍-亚克力制品,1,48.0,0.1,4.8,43.2,16.8,16.8,paid,shipped,True,20260903
ORD-0000836-1,ORD-0000836,2026-07-21,贝洛内-通行证,1,39.0,0.15,5.85,33.15,12.48,12.48,paid,delivered,True,20260903
ORD-0000837-1,ORD-0000837,2026-06-18,结城理-日用生活,1,99.0,0.0,0.0,99.0,45.54,45.54,paid,delivered,True,20260903
ORD-0000837-2,ORD-0000837,2026-06-18,真言-毛绒玩偶,1,128.0,0.0,0.0,128.0,61.44,61.44,paid,delivered,True,20260903
ORD-0000838-1,ORD-0000838,2026-07-30,望-装饰摆件,1,89.0,0.1,8.9,80.1,37.38,37.38,paid,delivered,True,20260903
ORD-0000839-1,ORD-0000839,2026-07-19,维娜·维多利亚-手办模玩,1,699.0,0.05,34.95,664.05,433.38,433.38,paid,delivered,True,20260903
ORD-0000840-1,ORD-0000840,2026-06-05,Mon3tr-吧唧（徽章）,1,18.0,0.05,0.9,17.1,5.4,5.4,paid,delivered,True,20260903
ORD-0000841-1,ORD-0000841,2026-07-10,缪尔赛思-手办模玩,1,699.0,0.0,0.0,699.0,433.38,433.38,paid,delivered,True,20260903
ORD-0000842-1,ORD-0000842,2026-06-17,缄默德克萨斯-手办模玩,1,699.0,0.0,0.0,699.0,433.38,433.38,paid,delivered,True,20260903
ORD-0000843-1,ORD-0000843,2026-07-02,予愿安洁莉娜-通行证,1,39.0,0.0,0.0,39.0,12.48,12.48,paid,delivered,True,20260903
ORD-0000844-1,ORD-0000844,2026-07-27,归溟幽灵鲨-毛绒玩偶,1,128.0,0.1,12.8,115.2,61.44,61.44,paid,delivered,True,20260903
ORD-0000845-1,ORD-0000845,2026-07-23,新约能天使-手办模玩,1,699.0,0.0,0.0,699.0,433.38,433.38,paid,delivered,True,20260903
ORD-0000846-1,ORD-0000846,2026-06-04,真言-毛绒玩偶,1,128.0,0.0,0.0,128.0,61.44,61.44,paid,delivered,True,20260903
ORD-0000847-1,ORD-0000847,2026-07-09,酒神-毛绒玩偶,1,128.0,0.0,0.0,128.0,61.44,61.44,paid,delivered,True,20260903
ORD-0000848-1,ORD-0000848,2026-08-03,酒神-吧唧（徽章）,1,18.0,0.0,0.0,18.0,5.4,5.4,paid,delivered,True,20260903
ORD-0000849-1,ORD-0000849,2026-07-16,结城理-吧唧（徽章）,1,18.0,0.0,0.0,18.0,5.4,5.4,paid,delivered,True,20260903
ORD-0000850-1,ORD-0000850,2026-07-02,缇缇-日用生活,1,99.0,0.05,4.95,94.05,45.54,45.54,paid,delivered,True,20260903
ORD-0000851-1,ORD-0000851,2026-08-12,缇缇-通行证,1,39.0,0.05,1.95,37.05,12.48,12.48,paid,delivered,True,20260903
ORD-0000852-1,ORD-0000852,2026-08-13,赤刃明霄陈-毛绒玩偶,1,128.0,0.0,0.0,128.0,61.44,61.44,paid,delivered,True,20260903
ORD-0000852-2,ORD-0000852,2026-08-13,怒潮凛冬-毛绒玩偶,1,128.0,0.0,0.0,128.0,61.44,61.44,paid,delivered,True,20260903
ORD-0000853-1,ORD-0000853,2026-08-05,余-日用生活,2,99.0,0.05,9.9,188.1,45.54,91.08,paid,delivered,True,20260903
ORD-0000854-1,ORD-0000854,2026-07-25,结城理-亚克力制品,1,48.0,0.0,0.0,48.0,16.8,16.8,paid,delivered,True,20260903
ORD-0000855-1,ORD-0000855,2026-06-15,斩业星熊-日用生活,1,99.0,0.1,9.9,89.1,45.54,45.54,paid,delivered,True,20260903
ORD-0000856-1,ORD-0000856,2026-07-30,荒芜拉普兰德-手办模玩,1,699.0,0.1,69.9,629.1,433.38,433.38,paid,delivered,True,20260903
ORD-0000856-2,ORD-0000856,2026-07-30,贝洛内-手办模玩,1,699.0,0.05,34.95,664.05,433.38,433.38,paid,delivered,True,20260903
ORD-0000857-1,ORD-0000857,2026-08-16,缪尔赛思-毛绒玩偶,1,128.0,0.0,0.0,128.0,61.44,61.44,paid,delivered,True,20260903
ORD-0000858-1,ORD-0000858,2026-06-16,佩佩-亚克力制品,1,48.0,0.0,0.0,48.0,16.8,16.8,paid,delivered,True,20260903
ORD-0000858-2,ORD-0000858,2026-06-16,纯烬艾雅法拉-手办模玩,1,699.0,0.05,34.95,664.05,433.38,433.38,paid,delivered,True,20260903
ORD-0000858-3,ORD-0000858,2026-06-16,斩业星熊-日用生活,1,99.0,0.1,9.9,89.1,45.54,45.54,paid,delivered,True,20260903
ORD-0000859-1,ORD-0000859,2026-07-06,黍-手办模玩,1,699.0,0.1,69.9,629.1,433.38,433.38,paid,delivered,True,20260903
ORD-0000860-1,ORD-0000860,2026-08-28,缇缇-手办模玩,1,699.0,0.1,69.9,629.1,433.38,433.38,paid,delivered,True,20260903
ORD-0000861-1,ORD-0000861,2026-08-16,贝洛内-毛绒玩偶,1,128.0,0.15,19.2,108.8,61.44,61.44,paid,delivered,True,20260903
ORD-0000862-1,ORD-0000862,2026-08-18,塑心-装饰摆件,2,89.0,0.0,0.0,178.0,37.38,74.76,paid,delivered,True,20260903
ORD-0000863-1,ORD-0000863,2026-06-01,予愿安洁莉娜-亚克力制品,2,48.0,0.0,0.0,96.0,16.8,33.6,paid,delivered,True,20260903
ORD-0000864-1,ORD-0000864,2026-08-27,真言-亚克力制品,1,48.0,0.1,4.8,43.2,16.8,16.8,paid,delivered,True,20260903
ORD-0000865-1,ORD-0000865,2026-07-25,酒神-亚克力制品,1,48.0,0.05,2.4,45.6,16.8,16.8,paid,delivered,True,20260903
ORD-0000865-2,ORD-0000865,2026-07-25,新约能天使-通行证,1,39.0,0.1,3.9,35.1,12.48,12.48,paid,delivered,True,20260903
ORD-0000866-1,ORD-0000866,2026-07-28,真言-吧唧（徽章）,1,18.0,0.1,1.8,16.2,5.4,5.4,paid,delivered,True,20260903
ORD-0000867-1,ORD-0000867,2026-06-30,赤刃明霄陈-通行证,1,39.0,0.0,0.0,39.0,12.48,12.48,paid,delivered,True,20260903
ORD-0000868-1,ORD-0000868,2026-06-17,望-通行证,1,39.0,0.05,1.95,37.05,12.48,12.48,paid,delivered,True,20260903
ORD-0000869-1,ORD-0000869,2026-06-23,塑心-装饰摆件,1,89.0,0.0,0.0,89.0,37.38,37.38,paid,pending,True,20260903
ORD-0000870-1,ORD-0000870,2026-07-17,佩佩-通行证,1,39.0,0.15,5.85,33.15,12.48,12.48,paid,delivered,True,20260903
ORD-0000871-1,ORD-0000871,2026-07-29,怒潮凛冬-吧唧（徽章）,1,18.0,0.05,0.9,17.1,5.4,5.4,paid,delivered,True,20260903
ORD-0000872-1,ORD-0000872,2026-06-10,贝洛内-装饰摆件,1,89.0,0.0,0.0,89.0,37.38,37.38,paid,delivered,True,20260903
ORD-0000873-1,ORD-0000873,2026-07-23,赤刃明霄陈-手办模玩,1,699.0,0.0,0.0,699.0,433.38,433.38,paid,shipped,True,20260903
ORD-0000874-1,ORD-0000874,2026-08-10,凯尔希·思衡托-通行证,1,39.0,0.1,3.9,35.1,12.48,12.48,paid,delivered,True,20260903
ORD-0000875-1,ORD-0000875,2026-08-03,凯尔希·思衡托-毛绒玩偶,1,128.0,0.1,12.8,115.2,61.44,61.44,paid,delivered,True,20260903
ORD-0000875-2,ORD-0000875,2026-08-03,凯尔希·思衡托-日用生活,1,99.0,0.0,0.0,99.0,45.54,45.54,paid,delivered,True,20260903
ORD-0000876-1,ORD-0000876,2026-06-22,缇缇-亚克力制品,1,48.0,0.0,0.0,48.0,16.8,16.8,paid,delivered,True,20260903
ORD-0000877-1,ORD-0000877,2026-08-28,黍-吧唧（徽章）,1,18.0,0.15,2.7,15.3,5.4,5.4,paid,delivered,True,20260903
ORD-0000878-1,ORD-0000878,2026-07-11,贝洛内-装饰摆件,1,89.0,0.0,0.0,89.0,37.38,37.38,paid,delivered,True,20260903
ORD-0000879-1,ORD-0000879,2026-08-07,司霆惊蛰-吧唧（徽章）,1,18.0,0.1,1.8,16.2,5.4,5.4,paid,delivered,True,20260903
ORD-0000880-1,ORD-0000880,2026-07-27,望-毛绒玩偶,1,128.0,0.0,0.0,128.0,61.44,61.44,paid,delivered,True,20260903
ORD-0000881-1,ORD-0000881,2026-06-07,酒神-亚克力制品,1,48.0,0.0,0.0,48.0,16.8,16.8,paid,shipped,True,20260903
ORD-0000882-1,ORD-0000882,2026-08-10,归溟幽灵鲨-通行证,1,39.0,0.05,1.95,37.05,12.48,12.48,paid,delivered,True,20260903
ORD-0000883-1,ORD-0000883,2026-08-17,凯尔希·思衡托-手办模玩,2,699.0,0.1,139.8,1258.2,433.38,866.76,paid,delivered,True,20260903
ORD-0000884-1,ORD-0000884,2026-08-20,纯烬艾雅法拉-日用生活,2,99.0,0.1,19.8,178.2,45.54,91.08,paid,delivered,True,20260903
ORD-0000885-1,ORD-0000885,2026-06-12,荒芜拉普兰德-毛绒玩偶,2,128.0,0.0,0.0,256.0,61.44,122.88,paid,delivered,True,20260903
ORD-0000886-1,ORD-0000886,2026-07-23,酒神-日用生活,1,99.0,0.05,4.95,94.05,45.54,45.54,paid,delivered,True,20260903
ORD-0000887-1,ORD-0000887,2026-08-03,荒芜拉普兰德-毛绒玩偶,1,128.0,0.0,0.0,128.0,61.44,61.44,paid,delivered,True,20260903
ORD-0000888-1,ORD-0000888,2026-08-19,荒芜拉普兰德-吧唧（徽章）,1,18.0,0.0,0.0,18.0,5.4,5.4,paid,delivered,True,20260903
ORD-0000889-1,ORD-0000889,2026-06-22,予愿安洁莉娜-亚克力制品,1,48.0,0.1,4.8,43.2,16.8,16.8,paid,delivered,True,20260903
ORD-0000890-1,ORD-0000890,2026-08-28,凛御银灰-日用生活,1,99.0,0.0,0.0,99.0,45.54,45.54,paid,delivered,True,20260903
ORD-0000891-1,ORD-0000891,2026-07-18,赤刃明霄陈-装饰摆件,1,89.0,0.05,4.45,84.55,37.38,37.38,paid,delivered,True,20260903
ORD-0000892-1,ORD-0000892,2026-06-03,司霆惊蛰-毛绒玩偶,1,128.0,0.0,0.0,128.0,61.44,61.44,paid,delivered,True,20260903
ORD-0000892-2,ORD-0000892,2026-06-03,酒神-手办模玩,1,699.0,0.0,0.0,699.0,433.38,433.38,paid,delivered,True,20260903
ORD-0000893-1,ORD-0000893,2026-08-07,死芒-毛绒玩偶,1,128.0,0.05,6.4,121.6,61.44,61.44,paid,delivered,True,20260903
ORD-0000893-2,ORD-0000893,2026-08-07,纯烬艾雅法拉-亚克力制品,1,48.0,0.15,7.2,40.8,16.8,16.8,paid,delivered,True,20260903
ORD-0000894-1,ORD-0000894,2026-07-30,娜斯提-装饰摆件,1,89.0,0.0,0.0,89.0,37.38,37.38,paid,delivered,True,20260903
ORD-0000894-2,ORD-0000894,2026-07-30,望-毛绒玩偶,1,128.0,0.05,6.4,121.6,61.44,61.44,paid,delivered,True,20260903
ORD-0000895-1,ORD-0000895,2026-06-24,余-手办模玩,1,699.0,0.05,34.95,664.05,433.38,433.38,paid,delivered,True,20260903
ORD-0000896-1,ORD-0000896,2026-07-24,塑心-吧唧（徽章）,1,18.0,0.0,0.0,18.0,5.4,5.4,paid,delivered,True,20260903
ORD-0000897-1,ORD-0000897,2026-08-08,结城理-亚克力制品,1,48.0,0.0,0.0,48.0,16.8,16.8,paid,delivered,True,20260903
ORD-0000898-1,ORD-0000898,2026-06-01,赤刃明霄陈-亚克力制品,1,48.0,0.0,0.0,48.0,16.8,16.8,paid,shipped,True,20260903
ORD-0000899-1,ORD-0000899,2026-06-25,予愿安洁莉娜-毛绒玩偶,1,128.0,0.05,6.4,121.6,61.44,61.44,paid,delivered,True,20260903
ORD-0000899-2,ORD-0000899,2026-06-25,佩佩-通行证,1,39.0,0.1,3.9,35.1,12.48,12.48,paid,delivered,True,20260903
ORD-0000900-1,ORD-0000900,2026-08-16,贝洛内-亚克力制品,1,48.0,0.05,2.4,45.6,16.8,16.8,paid,delivered,True,20260903
ORD-0000901-1,ORD-0000901,2026-07-31,维娜·维多利亚-手办模玩,1,699.0,0.05,34.95,664.05,433.38,433.38,paid,delivered,True,20260903
ORD-0000902-1,ORD-0000902,2026-07-24,焰狐龙梓兰-亚克力制品,1,48.0,0.0,0.0,48.0,16.8,16.8,paid,delivered,True,20260903
ORD-0000903-1,ORD-0000903,2026-07-17,荒芜拉普兰德-日用生活,1,99.0,0.0,0.0,99.0,45.54,45.54,paid,delivered,True,20260903
ORD-0000904-1,ORD-0000904,2026-06-17,贝洛内-日用生活,1,99.0,0.05,4.95,94.05,45.54,45.54,paid,delivered,True,20260903
ORD-0000904-2,ORD-0000904,2026-06-17,新约能天使-装饰摆件,1,89.0,0.1,8.9,80.1,37.38,37.38,paid,delivered,True,20260903
ORD-0000905-1,ORD-0000905,2026-08-26,维娜·维多利亚-亚克力制品,1,48.0,0.0,0.0,48.0,16.8,16.8,paid,delivered,True,20260903
ORD-0000906-1,ORD-0000906,2026-08-03,Mon3tr-毛绒玩偶,2,128.0,0.0,0.0,256.0,61.44,122.88,paid,delivered,True,20260903
ORD-0000907-1,ORD-0000907,2026-08-20,黍-毛绒玩偶,1,128.0,0.0,0.0,128.0,61.44,61.44,paid,delivered,True,20260903
ORD-0000908-1,ORD-0000908,2026-06-07,归溟幽灵鲨-日用生活,1,99.0,0.0,0.0,99.0,45.54,45.54,paid,pending,True,20260903
ORD-0000908-2,ORD-0000908,2026-06-07,佩佩-通行证,1,39.0,0.0,0.0,39.0,12.48,12.48,paid,pending,True,20260903
ORD-0000909-1,ORD-0000909,2026-06-21,结城理-毛绒玩偶,1,128.0,0.05,6.4,121.6,61.44,61.44,paid,delivered,True,20260903
ORD-0000910-1,ORD-0000910,2026-08-05,塑心-装饰摆件,1,89.0,0.1,8.9,80.1,37.38,37.38,paid,delivered,True,20260903
ORD-0000910-2,ORD-0000910,2026-08-05,余-毛绒玩偶,1,128.0,0.0,0.0,128.0,61.44,61.44,paid,delivered,True,20260903
ORD-0000911-1,ORD-0000911,2026-07-27,凯尔希·思衡托-日用生活,1,99.0,0.0,0.0,99.0,45.54,45.54,paid,delivered,True,20260903
ORD-0000912-1,ORD-0000912,2026-07-08,黍-手办模玩,1,699.0,0.15,104.85,594.15,433.38,433.38,paid,delivered,True,20260903
ORD-0000913-1,ORD-0000913,2026-08-13,重岳-亚克力制品,1,48.0,0.0,0.0,48.0,16.8,16.8,paid,delivered,True,20260903
ORD-0000914-1,ORD-0000914,2026-07-26,缇缇-毛绒玩偶,1,128.0,0.05,6.4,121.6,61.44,61.44,paid,delivered,True,20260903
ORD-0000915-1,ORD-0000915,2026-08-29,余-手办模玩,1,699.0,0.1,69.9,629.1,433.38,433.38,paid,delivered,True,20260903
ORD-0000916-1,ORD-0000916,2026-06-25,重岳-毛绒玩偶,1,128.0,0.0,0.0,128.0,61.44,61.44,paid,delivered,True,20260903
ORD-0000917-1,ORD-0000917,2026-07-02,维娜·维多利亚-手办模玩,1,699.0,0.05,34.95,664.05,433.38,433.38,paid,delivered,True,20260903
ORD-0000918-1,ORD-0000918,2026-06-13,怒潮凛冬-日用生活,1,99.0,0.0,0.0,99.0,45.54,45.54,paid,delivered,True,20260903
ORD-0000918-2,ORD-0000918,2026-06-13,维娜·维多利亚-装饰摆件,1,89.0,0.0,0.0,89.0,37.38,37.38,paid,delivered,True,20260903
ORD-0000919-1,ORD-0000919,2026-07-16,维娜·维多利亚-吧唧（徽章）,1,18.0,0.1,1.8,16.2,5.4,5.4,paid,delivered,True,20260903
ORD-0000920-1,ORD-0000920,2026-08-11,娜斯提-日用生活,1,99.0,0.1,9.9,89.1,45.54,45.54,paid,shipped,True,20260903
ORD-0000921-1,ORD-0000921,2026-08-08,纯烬艾雅法拉-毛绒玩偶,1,128.0,0.05,6.4,121.6,61.44,61.44,paid,delivered,True,20260903
ORD-0000922-1,ORD-0000922,2026-06-22,司霆惊蛰-吧唧（徽章）,2,18.0,0.0,0.0,36.0,5.4,10.8,paid,delivered,True,20260903
ORD-0000923-1,ORD-0000923,2026-07-06,黍-日用生活,1,99.0,0.05,4.95,94.05,45.54,45.54,paid,delivered,True,20260903
ORD-0000924-1,ORD-0000924,2026-06-04,重岳-毛绒玩偶,1,128.0,0.15,19.2,108.8,61.44,61.44,paid,delivered,True,20260903
ORD-0000925-1,ORD-0000925,2026-06-18,黍-毛绒玩偶,1,128.0,0.05,6.4,121.6,61.44,61.44,paid,delivered,True,20260903
ORD-0000926-1,ORD-0000926,2026-08-15,缪尔赛思-手办模玩,1,699.0,0.0,0.0,699.0,433.38,433.38,paid,delivered,True,20260903
ORD-0000927-1,ORD-0000927,2026-06-07,娜斯提-装饰摆件,1,89.0,0.1,8.9,80.1,37.38,37.38,paid,delivered,True,20260903
ORD-0000927-2,ORD-0000927,2026-06-07,余-手办模玩,1,699.0,0.1,69.9,629.1,433.38,433.38,paid,delivered,True,20260903
ORD-0000928-1,ORD-0000928,2026-08-01,缇缇-毛绒玩偶,1,128.0,0.1,12.8,115.2,61.44,61.44,paid,delivered,True,20260903
ORD-0000929-1,ORD-0000929,2026-06-20,Mon3tr-日用生活,1,99.0,0.1,9.9,89.1,45.54,45.54,paid,delivered,True,20260903
ORD-0000930-1,ORD-0000930,2026-06-21,新约能天使-毛绒玩偶,1,128.0,0.0,0.0,128.0,61.44,61.44,paid,delivered,True,20260903
ORD-0000931-1,ORD-0000931,2026-08-07,斩业星熊-吧唧（徽章）,1,18.0,0.0,0.0,18.0,5.4,5.4,paid,delivered,True,20260903
ORD-0000932-1,ORD-0000932,2026-08-04,缪尔赛思-装饰摆件,1,89.0,0.0,0.0,89.0,37.38,37.38,paid,delivered,True,20260903
ORD-0000932-2,ORD-0000932,2026-08-04,归溟幽灵鲨-通行证,1,39.0,0.05,1.95,37.05,12.48,12.48,paid,delivered,True,20260903
ORD-0000933-1,ORD-0000933,2026-07-09,斩业星熊-毛绒玩偶,1,128.0,0.05,6.4,121.6,61.44,61.44,paid,delivered,True,20260903
ORD-0000934-1,ORD-0000934,2026-06-17,酒神-日用生活,1,99.0,0.0,0.0,99.0,45.54,45.54,paid,delivered,True,20260903
ORD-0000935-1,ORD-0000935,2026-07-18,谬因-日用生活,2,99.0,0.1,19.8,178.2,45.54,91.08,paid,delivered,True,20260903
ORD-0000936-1,ORD-0000936,2026-06-02,凛御银灰-毛绒玩偶,2,128.0,0.05,12.8,243.2,61.44,122.88,paid,delivered,True,20260903
ORD-0000936-2,ORD-0000936,2026-06-02,怒潮凛冬-装饰摆件,1,89.0,0.1,8.9,80.1,37.38,37.38,paid,delivered,True,20260903
ORD-0000937-1,ORD-0000937,2026-08-09,予愿安洁莉娜-毛绒玩偶,1,128.0,0.05,6.4,121.6,61.44,61.44,paid,delivered,True,20260903
ORD-0000938-1,ORD-0000938,2026-07-13,贝洛内-吧唧（徽章）,1,18.0,0.0,0.0,18.0,5.4,5.4,paid,delivered,True,20260903
ORD-0000939-1,ORD-0000939,2026-06-20,司霆惊蛰-通行证,1,39.0,0.0,0.0,39.0,12.48,12.48,paid,delivered,True,20260903
ORD-0000940-1,ORD-0000940,2026-07-26,焰狐龙梓兰-手办模玩,1,699.0,0.1,69.9,629.1,433.38,433.38,paid,delivered,True,20260903
ORD-0000941-1,ORD-0000941,2026-07-16,重岳-装饰摆件,1,89.0,0.0,0.0,89.0,37.38,37.38,paid,delivered,True,20260903
ORD-0000942-1,ORD-0000942,2026-06-30,焰狐龙梓兰-装饰摆件,1,89.0,0.1,8.9,80.1,37.38,37.38,paid,delivered,True,20260903
ORD-0000943-1,ORD-0000943,2026-06-09,缄默德克萨斯-日用生活,1,99.0,0.0,0.0,99.0,45.54,45.54,cancelled,cancelled,True,20260903
ORD-0000944-1,ORD-0000944,2026-07-07,缪尔赛思-亚克力制品,1,48.0,0.05,2.4,45.6,16.8,16.8,paid,delivered,True,20260903
ORD-0000944-2,ORD-0000944,2026-07-07,予愿安洁莉娜-亚克力制品,1,48.0,0.15,7.2,40.8,16.8,16.8,paid,delivered,True,20260903
ORD-0000945-1,ORD-0000945,2026-08-22,焰狐龙梓兰-装饰摆件,1,89.0,0.0,0.0,89.0,37.38,37.38,paid,delivered,True,20260903
ORD-0000946-1,ORD-0000946,2026-07-09,佩佩-手办模玩,1,699.0,0.15,104.85,594.15,433.38,433.38,paid,delivered,True,20260903
ORD-0000947-1,ORD-0000947,2026-06-02,斩业星熊-通行证,1,39.0,0.0,0.0,39.0,12.48,12.48,paid,delivered,True,20260903
ORD-0000947-2,ORD-0000947,2026-06-02,缄默德克萨斯-日用生活,1,99.0,0.0,0.0,99.0,45.54,45.54,paid,delivered,True,20260903
ORD-0000948-1,ORD-0000948,2026-07-31,谬因-装饰摆件,1,89.0,0.1,8.9,80.1,37.38,37.38,paid,delivered,True,20260903
ORD-0000949-1,ORD-0000949,2026-07-16,凛御银灰-毛绒玩偶,1,128.0,0.0,0.0,128.0,61.44,61.44,paid,delivered,True,20260903
ORD-0000949-2,ORD-0000949,2026-07-16,酒神-装饰摆件,1,89.0,0.0,0.0,89.0,37.38,37.38,paid,delivered,True,20260903
ORD-0000950-1,ORD-0000950,2026-07-06,焰狐龙梓兰-亚克力制品,1,48.0,0.0,0.0,48.0,16.8,16.8,paid,delivered,True,20260903
ORD-0000951-1,ORD-0000951,2026-08-09,谬因-日用生活,1,99.0,0.1,9.9,89.1,45.54,45.54,paid,delivered,True,20260903
ORD-0000952-1,ORD-0000952,2026-06-15,斩业星熊-装饰摆件,1,89.0,0.0,0.0,89.0,37.38,37.38,paid,delivered,True,20260903
ORD-0000953-1,ORD-0000953,2026-07-25,佩佩-装饰摆件,1,89.0,0.1,8.9,80.1,37.38,37.38,paid,delivered,True,20260903
ORD-0000954-1,ORD-0000954,2026-07-25,缄默德克萨斯-装饰摆件,1,89.0,0.0,0.0,89.0,37.38,37.38,paid,delivered,True,20260903
ORD-0000955-1,ORD-0000955,2026-06-30,焰狐龙梓兰-日用生活,1,99.0,0.0,0.0,99.0,45.54,45.54,paid,delivered,True,20260903
ORD-0000956-1,ORD-0000956,2026-06-13,新约能天使-毛绒玩偶,1,128.0,0.1,12.8,115.2,61.44,61.44,paid,delivered,True,20260903
ORD-0000957-1,ORD-0000957,2026-08-01,望-亚克力制品,1,48.0,0.1,4.8,43.2,16.8,16.8,paid,delivered,True,20260903
ORD-0000958-1,ORD-0000958,2026-06-24,凯尔希·思衡托-吧唧（徽章）,1,18.0,0.05,0.9,17.1,5.4,5.4,paid,delivered,True,20260903
ORD-0000959-1,ORD-0000959,2026-06-29,望-装饰摆件,1,89.0,0.0,0.0,89.0,37.38,37.38,paid,delivered,True,20260903
ORD-0000960-1,ORD-0000960,2026-07-12,归溟幽灵鲨-通行证,1,39.0,0.05,1.95,37.05,12.48,12.48,paid,delivered,True,20260903
ORD-0000961-1,ORD-0000961,2026-07-24,怒潮凛冬-手办模玩,2,699.0,0.0,0.0,1398.0,433.38,866.76,paid,shipped,True,20260903
ORD-0000962-1,ORD-0000962,2026-06-18,酒神-手办模玩,1,699.0,0.05,34.95,664.05,433.38,433.38,paid,delivered,True,20260903
ORD-0000963-1,ORD-0000963,2026-07-20,归溟幽灵鲨-手办模玩,1,699.0,0.0,0.0,699.0,433.38,433.38,paid,shipped,True,20260903
ORD-0000964-1,ORD-0000964,2026-06-21,斩业星熊-毛绒玩偶,1,128.0,0.1,12.8,115.2,61.44,61.44,paid,delivered,True,20260903
ORD-0000965-1,ORD-0000965,2026-06-20,荒芜拉普兰德-吧唧（徽章）,1,18.0,0.0,0.0,18.0,5.4,5.4,paid,delivered,True,20260903
ORD-0000966-1,ORD-0000966,2026-06-28,缪尔赛思-装饰摆件,2,89.0,0.0,0.0,178.0,37.38,74.76,paid,delivered,True,20260903
ORD-0000967-1,ORD-0000967,2026-08-08,缄默德克萨斯-装饰摆件,1,89.0,0.1,8.9,80.1,37.38,37.38,paid,delivered,True,20260903
ORD-0000968-1,ORD-0000968,2026-08-19,怒潮凛冬-装饰摆件,1,89.0,0.1,8.9,80.1,37.38,37.38,paid,delivered,True,20260903
ORD-0000969-1,ORD-0000969,2026-06-26,斩业星熊-通行证,1,39.0,0.0,0.0,39.0,12.48,12.48,paid,pending,True,20260903
ORD-0000969-2,ORD-0000969,2026-06-26,凛御银灰-装饰摆件,2,89.0,0.05,8.9,169.1,37.38,74.76,paid,pending,True,20260903
ORD-0000970-1,ORD-0000970,2026-08-22,娜斯提-吧唧（徽章）,1,18.0,0.0,0.0,18.0,5.4,5.4,paid,delivered,True,20260903
ORD-0000971-1,ORD-0000971,2026-07-05,新约能天使-装饰摆件,1,89.0,0.1,8.9,80.1,37.38,37.38,paid,shipped,True,20260903
ORD-0000971-2,ORD-0000971,2026-07-05,荒芜拉普兰德-日用生活,2,99.0,0.0,0.0,198.0,45.54,91.08,paid,shipped,True,20260903
ORD-0000972-1,ORD-0000972,2026-08-26,纯烬艾雅法拉-毛绒玩偶,1,128.0,0.0,0.0,128.0,61.44,61.44,paid,delivered,True,20260903
ORD-0000973-1,ORD-0000973,2026-07-21,新约能天使-手办模玩,1,699.0,0.0,0.0,699.0,433.38,433.38,paid,delivered,True,20260903
ORD-0000974-1,ORD-0000974,2026-08-06,重岳-亚克力制品,1,48.0,0.0,0.0,48.0,16.8,16.8,paid,delivered,True,20260903
ORD-0000975-1,ORD-0000975,2026-07-21,归溟幽灵鲨-手办模玩,1,699.0,0.1,69.9,629.1,433.38,433.38,paid,delivered,True,20260903
ORD-0000976-1,ORD-0000976,2026-07-21,凛御银灰-毛绒玩偶,1,128.0,0.05,6.4,121.6,61.44,61.44,paid,delivered,True,20260903
ORD-0000977-1,ORD-0000977,2026-07-28,斩业星熊-吧唧（徽章）,1,18.0,0.0,0.0,18.0,5.4,5.4,paid,delivered,True,20260903
ORD-0000978-1,ORD-0000978,2026-06-24,死芒-通行证,1,39.0,0.0,0.0,39.0,12.48,12.48,paid,shipped,True,20260903
ORD-0000979-1,ORD-0000979,2026-06-12,凯尔希·思衡托-手办模玩,1,699.0,0.0,0.0,699.0,433.38,433.38,paid,delivered,True,20260903
ORD-0000979-2,ORD-0000979,2026-06-12,死芒-吧唧（徽章）,1,18.0,0.0,0.0,18.0,5.4,5.4,paid,delivered,True,20260903
ORD-0000980-1,ORD-0000980,2026-08-28,真言-装饰摆件,1,89.0,0.1,8.9,80.1,37.38,37.38,paid,shipped,True,20260903
ORD-0000981-1,ORD-0000981,2026-08-02,凯尔希·思衡托-吧唧（徽章）,2,18.0,0.0,0.0,36.0,5.4,10.8,paid,delivered,True,20260903
ORD-0000982-1,ORD-0000982,2026-07-18,归溟幽灵鲨-手办模玩,1,699.0,0.1,69.9,629.1,433.38,433.38,paid,delivered,True,20260903
ORD-0000983-1,ORD-0000983,2026-07-27,怒潮凛冬-装饰摆件,1,89.0,0.05,4.45,84.55,37.38,37.38,cancelled,cancelled,True,20260903
ORD-0000983-2,ORD-0000983,2026-07-27,黍-装饰摆件,1,89.0,0.1,8.9,80.1,37.38,37.38,cancelled,cancelled,True,20260903
ORD-0000984-1,ORD-0000984,2026-08-05,Mon3tr-通行证,1,39.0,0.1,3.9,35.1,12.48,12.48,paid,pending,True,20260903
ORD-0000985-1,ORD-0000985,2026-06-18,怒潮凛冬-装饰摆件,1,89.0,0.0,0.0,89.0,37.38,37.38,paid,delivered,True,20260903
ORD-0000985-2,ORD-0000985,2026-06-18,荒芜拉普兰德-日用生活,1,99.0,0.0,0.0,99.0,45.54,45.54,paid,delivered,True,20260903
ORD-0000986-1,ORD-0000986,2026-07-23,司霆惊蛰-手办模玩,1,699.0,0.0,0.0,699.0,433.38,433.38,paid,delivered,True,20260903
ORD-0000986-2,ORD-0000986,2026-07-23,黍-手办模玩,1,699.0,0.0,0.0,699.0,433.38,433.38,paid,delivered,True,20260903
ORD-0000987-1,ORD-0000987,2026-07-27,黍-吧唧（徽章）,1,18.0,0.1,1.8,16.2,5.4,5.4,paid,delivered,True,20260903
ORD-0000988-1,ORD-0000988,2026-08-29,荒芜拉普兰德-通行证,1,39.0,0.1,3.9,35.1,12.48,12.48,paid,delivered,True,20260903
ORD-0000988-2,ORD-0000988,2026-08-29,焰狐龙梓兰-日用生活,1,99.0,0.0,0.0,99.0,45.54,45.54,paid,delivered,True,20260903
ORD-0000989-1,ORD-0000989,2026-08-14,真言-装饰摆件,1,89.0,0.1,8.9,80.1,37.38,37.38,paid,delivered,True,20260903
ORD-0000990-1,ORD-0000990,2026-06-07,新约能天使-吧唧（徽章）,1,18.0,0.1,1.8,16.2,5.4,5.4,paid,delivered,True,20260903
ORD-0000991-1,ORD-0000991,2026-06-22,谬因-手办模玩,1,699.0,0.0,0.0,699.0,433.38,433.38,paid,delivered,True,20260903
ORD-0000992-1,ORD-0000992,2026-06-23,司霆惊蛰-手办模玩,1,699.0,0.05,34.95,664.05,433.38,433.38,paid,delivered,True,20260903
ORD-0000993-1,ORD-0000993,2026-06-27,凯尔希·思衡托-亚克力制品,1,48.0,0.05,2.4,45.6,16.8,16.8,paid,delivered,True,20260903
ORD-0000994-1,ORD-0000994,2026-07-29,Mon3tr-亚克力制品,1,48.0,0.1,4.8,43.2,16.8,16.8,paid,delivered,True,20260903
ORD-0000995-1,ORD-0000995,2026-07-12,死芒-毛绒玩偶,2,128.0,0.0,0.0,256.0,61.44,122.88,paid,delivered,True,20260903
ORD-0000995-2,ORD-0000995,2026-07-12,Mon3tr-通行证,1,39.0,0.0,0.0,39.0,12.48,12.48,paid,delivered,True,20260903
ORD-0000996-1,ORD-0000996,2026-07-30,维娜·维多利亚-手办模玩,1,699.0,0.15,104.85,594.15,433.38,433.38,paid,delivered,True,20260903
ORD-0000997-1,ORD-0000997,2026-07-03,怒潮凛冬-日用生活,1,99.0,0.1,9.9,89.1,45.54,45.54,paid,delivered,True,20260903
ORD-0000998-1,ORD-0000998,2026-08-09,缇缇-手办模玩,1,699.0,0.05,34.95,664.05,433.38,433.38,paid,delivered,True,20260903
ORD-0000999-1,ORD-0000999,2026-06-16,纯烬艾雅法拉-吧唧（徽章）,1,18.0,0.0,0.0,18.0,5.4,5.4,paid,delivered,True,20260903
ORD-0001000-1,ORD-0001000,2026-06-08,新约能天使-手办模玩,1,699.0,0.0,0.0,699.0,433.38,433.38,paid,shipped,True,20260903
ORD-0001000-2,ORD-0001000,2026-06-08,望-日用生活,1,99.0,0.0,0.0,99.0,45.54,45.54,paid,shipped,True,20260903
ORD-0001001-1,ORD-0001001,2026-07-18,重岳-吧唧（徽章）,1,18.0,0.1,1.8,16.2,5.4,5.4,paid,delivered,True,20260903
ORD-0001002-1,ORD-0001002,2026-06-29,缇缇-毛绒玩偶,1,128.0,0.0,0.0,128.0,61.44,61.44,paid,delivered,True,20260903
ORD-0001003-1,ORD-0001003,2026-08-11,归溟幽灵鲨-吧唧（徽章）,1,18.0,0.05,0.9,17.1,5.4,5.4,paid,delivered,True,20260903
ORD-0001004-1,ORD-0001004,2026-06-23,重岳-亚克力制品,1,48.0,0.0,0.0,48.0,16.8,16.8,paid,delivered,True,20260903
ORD-0001005-1,ORD-0001005,2026-08-09,佩佩-亚克力制品,1,48.0,0.1,4.8,43.2,16.8,16.8,paid,delivered,True,20260903
ORD-0001006-1,ORD-0001006,2026-07-02,缇缇-通行证,1,39.0,0.05,1.95,37.05,12.48,12.48,paid,delivered,True,20260903
ORD-0001007-1,ORD-0001007,2026-07-11,纯烬艾雅法拉-亚克力制品,2,48.0,0.05,4.8,91.2,16.8,33.6,paid,shipped,True,20260903
ORD-0001008-1,ORD-0001008,2026-07-23,娜斯提-亚克力制品,1,48.0,0.05,2.4,45.6,16.8,16.8,paid,delivered,True,20260903
ORD-0001009-1,ORD-0001009,2026-07-26,凯尔希·思衡托-吧唧（徽章）,1,18.0,0.0,0.0,18.0,5.4,5.4,paid,delivered,True,20260903
ORD-0001010-1,ORD-0001010,2026-07-16,贝洛内-通行证,2,39.0,0.0,0.0,78.0,12.48,24.96,paid,delivered,True,20260903
ORD-0001011-1,ORD-0001011,2026-08-01,贝洛内-毛绒玩偶,1,128.0,0.0,0.0,128.0,61.44,61.44,paid,delivered,True,20260903
ORD-0001012-1,ORD-0001012,2026-07-11,酒神-吧唧（徽章）,1,18.0,0.0,0.0,18.0,5.4,5.4,paid,delivered,True,20260903
ORD-0001013-1,ORD-0001013,2026-06-11,贝洛内-日用生活,1,99.0,0.0,0.0,99.0,45.54,45.54,paid,delivered,True,20260903
ORD-0001014-1,ORD-0001014,2026-08-09,归溟幽灵鲨-亚克力制品,1,48.0,0.1,4.8,43.2,16.8,16.8,paid,delivered,True,20260903
ORD-0001015-1,ORD-0001015,2026-07-01,佩佩-手办模玩,1,699.0,0.0,0.0,699.0,433.38,433.38,paid,delivered,True,20260903
ORD-0001016-1,ORD-0001016,2026-06-21,余-吧唧（徽章）,2,18.0,0.0,0.0,36.0,5.4,10.8,paid,shipped,True,20260903
ORD-0001017-1,ORD-0001017,2026-06-22,凯尔希·思衡托-日用生活,1,99.0,0.0,0.0,99.0,45.54,45.54,paid,delivered,True,20260903
ORD-0001018-1,ORD-0001018,2026-07-10,谬因-亚克力制品,2,48.0,0.1,9.6,86.4,16.8,33.6,paid,delivered,True,20260903
ORD-0001019-1,ORD-0001019,2026-06-20,望-亚克力制品,1,48.0,0.15,7.2,40.8,16.8,16.8,paid,delivered,True,20260903
ORD-0001020-1,ORD-0001020,2026-07-19,佩佩-手办模玩,1,699.0,0.15,104.85,594.15,433.38,433.38,paid,delivered,True,20260903
ORD-0001021-1,ORD-0001021,2026-08-16,佩佩-日用生活,2,99.0,0.0,0.0,198.0,45.54,91.08,paid,shipped,True,20260903
ORD-0001022-1,ORD-0001022,2026-07-17,真言-亚克力制品,2,48.0,0.15,14.4,81.6,16.8,33.6,paid,delivered,True,20260903
ORD-0001023-1,ORD-0001023,2026-07-14,斩业星熊-日用生活,1,99.0,0.1,9.9,89.1,45.54,45.54,paid,delivered,True,20260903
ORD-0001024-1,ORD-0001024,2026-06-05,缪尔赛思-日用生活,1,99.0,0.1,9.9,89.1,45.54,45.54,paid,delivered,True,20260903
ORD-0001025-1,ORD-0001025,2026-07-06,黍-亚克力制品,2,48.0,0.0,0.0,96.0,16.8,33.6,paid,delivered,True,20260903
ORD-0001026-1,ORD-0001026,2026-08-06,新约能天使-日用生活,1,99.0,0.1,9.9,89.1,45.54,45.54,paid,delivered,True,20260903
ORD-0001026-2,ORD-0001026,2026-08-06,赤刃明霄陈-亚克力制品,1,48.0,0.0,0.0,48.0,16.8,16.8,paid,delivered,True,20260903
ORD-0001027-1,ORD-0001027,2026-06-30,死芒-手办模玩,1,699.0,0.05,34.95,664.05,433.38,433.38,paid,delivered,True,20260903
ORD-0001028-1,ORD-0001028,2026-07-31,娜斯提-装饰摆件,1,89.0,0.1,8.9,80.1,37.38,37.38,paid,delivered,True,20260903
ORD-0001028-2,ORD-0001028,2026-07-31,贝洛内-毛绒玩偶,1,128.0,0.0,0.0,128.0,61.44,61.44,paid,delivered,True,20260903
ORD-0001029-1,ORD-0001029,2026-06-19,娜斯提-装饰摆件,1,89.0,0.0,0.0,89.0,37.38,37.38,paid,delivered,True,20260903
ORD-0001030-1,ORD-0001030,2026-07-30,凯尔希·思衡托-手办模玩,1,699.0,0.0,0.0,699.0,433.38,433.38,paid,delivered,True,20260903
ORD-0001031-1,ORD-0001031,2026-07-17,怒潮凛冬-通行证,1,39.0,0.15,5.85,33.15,12.48,12.48,paid,delivered,True,20260903
ORD-0001032-1,ORD-0001032,2026-07-22,司霆惊蛰-亚克力制品,1,48.0,0.0,0.0,48.0,16.8,16.8,paid,shipped,True,20260903
ORD-0001033-1,ORD-0001033,2026-07-05,赤刃明霄陈-日用生活,2,99.0,0.05,9.9,188.1,45.54,91.08,paid,delivered,True,20260903
ORD-0001033-2,ORD-0001033,2026-07-05,缇缇-装饰摆件,1,89.0,0.05,4.45,84.55,37.38,37.38,paid,delivered,True,20260903
ORD-0001034-1,ORD-0001034,2026-07-26,凛御银灰-日用生活,1,99.0,0.0,0.0,99.0,45.54,45.54,paid,delivered,True,20260903
ORD-0001035-1,ORD-0001035,2026-08-18,斩业星熊-装饰摆件,1,89.0,0.0,0.0,89.0,37.38,37.38,paid,delivered,True,20260903
ORD-0001036-1,ORD-0001036,2026-06-25,司霆惊蛰-手办模玩,1,699.0,0.0,0.0,699.0,433.38,433.38,paid,delivered,True,20260903
ORD-0001036-2,ORD-0001036,2026-06-25,结城理-手办模玩,1,699.0,0.05,34.95,664.05,433.38,433.38,paid,delivered,True,20260903
ORD-0001037-1,ORD-0001037,2026-06-22,谬因-亚克力制品,1,48.0,0.1,4.8,43.2,16.8,16.8,paid,delivered,True,20260903
ORD-0001038-1,ORD-0001038,2026-07-18,酒神-通行证,1,39.0,0.1,3.9,35.1,12.48,12.48,paid,shipped,True,20260903
ORD-0001039-1,ORD-0001039,2026-08-22,重岳-毛绒玩偶,2,128.0,0.0,0.0,256.0,61.44,122.88,paid,delivered,True,20260903
ORD-0001040-1,ORD-0001040,2026-08-10,荒芜拉普兰德-吧唧（徽章）,1,18.0,0.1,1.8,16.2,5.4,5.4,paid,delivered,True,20260903
ORD-0001040-2,ORD-0001040,2026-08-10,荒芜拉普兰德-日用生活,1,99.0,0.0,0.0,99.0,45.54,45.54,paid,delivered,True,20260903
ORD-0001041-1,ORD-0001041,2026-08-27,望-日用生活,1,99.0,0.0,0.0,99.0,45.54,45.54,paid,delivered,True,20260903
ORD-0001042-1,ORD-0001042,2026-06-06,凯尔希·思衡托-日用生活,1,99.0,0.0,0.0,99.0,45.54,45.54,paid,delivered,True,20260903
ORD-0001043-1,ORD-0001043,2026-07-10,Mon3tr-手办模玩,1,699.0,0.05,34.95,664.05,433.38,433.38,paid,delivered,True,20260903
ORD-0001043-2,ORD-0001043,2026-07-10,酒神-装饰摆件,1,89.0,0.15,13.35,75.65,37.38,37.38,paid,delivered,True,20260903
ORD-0001044-1,ORD-0001044,2026-06-18,赤刃明霄陈-手办模玩,1,699.0,0.05,34.95,664.05,433.38,433.38,paid,delivered,True,20260903
ORD-0001045-1,ORD-0001045,2026-06-16,望-日用生活,1,99.0,0.0,0.0,99.0,45.54,45.54,paid,delivered,True,20260903
ORD-0001046-1,ORD-0001046,2026-07-20,归溟幽灵鲨-日用生活,2,99.0,0.05,9.9,188.1,45.54,91.08,paid,delivered,True,20260903
ORD-0001047-1,ORD-0001047,2026-08-12,酒神-通行证,1,39.0,0.05,1.95,37.05,12.48,12.48,paid,delivered,True,20260903
ORD-0001048-1,ORD-0001048,2026-06-20,死芒-通行证,1,39.0,0.1,3.9,35.1,12.48,12.48,paid,delivered,True,20260903
ORD-0001049-1,ORD-0001049,2026-06-30,缇缇-手办模玩,1,699.0,0.05,34.95,664.05,433.38,433.38,paid,delivered,True,20260903
ORD-0001050-1,ORD-0001050,2026-07-13,黍-毛绒玩偶,1,128.0,0.0,0.0,128.0,61.44,61.44,paid,delivered,True,20260903
ORD-0001050-2,ORD-0001050,2026-07-13,结城理-毛绒玩偶,1,128.0,0.0,0.0,128.0,61.44,61.44,paid,delivered,True,20260903
ORD-0001051-1,ORD-0001051,2026-07-04,焰狐龙梓兰-装饰摆件,1,89.0,0.0,0.0,89.0,37.38,37.38,paid,delivered,True,20260903
ORD-0001052-1,ORD-0001052,2026-07-29,死芒-吧唧（徽章）,1,18.0,0.0,0.0,18.0,5.4,5.4,paid,delivered,True,20260903
ORD-0001053-1,ORD-0001053,2026-08-19,真言-装饰摆件,1,89.0,0.1,8.9,80.1,37.38,37.38,paid,delivered,True,20260903
ORD-0001054-1,ORD-0001054,2026-06-30,黍-日用生活,1,99.0,0.0,0.0,99.0,45.54,45.54,paid,delivered,True,20260903
ORD-0001055-1,ORD-0001055,2026-07-05,焰狐龙梓兰-日用生活,1,99.0,0.05,4.95,94.05,45.54,45.54,paid,delivered,True,20260903
ORD-0001056-1,ORD-0001056,2026-06-10,缄默德克萨斯-日用生活,1,99.0,0.0,0.0,99.0,45.54,45.54,paid,delivered,True,20260903
ORD-0001057-1,ORD-0001057,2026-06-26,凯尔希·思衡托-装饰摆件,2,89.0,0.0,0.0,178.0,37.38,74.76,paid,delivered,True,20260903
ORD-0001057-2,ORD-0001057,2026-06-26,归溟幽灵鲨-装饰摆件,1,89.0,0.0,0.0,89.0,37.38,37.38,paid,delivered,True,20260903
ORD-0001057-3,ORD-0001057,2026-06-26,焰狐龙梓兰-亚克力制品,1,48.0,0.1,4.8,43.2,16.8,16.8,paid,delivered,True,20260903
ORD-0001058-1,ORD-0001058,2026-07-19,焰狐龙梓兰-装饰摆件,1,89.0,0.0,0.0,89.0,37.38,37.38,paid,delivered,True,20260903
ORD-0001059-1,ORD-0001059,2026-07-01,凛御银灰-毛绒玩偶,1,128.0,0.05,6.4,121.6,61.44,61.44,paid,delivered,True,20260903
ORD-0001060-1,ORD-0001060,2026-07-20,荒芜拉普兰德-日用生活,1,99.0,0.1,9.9,89.1,45.54,45.54,paid,delivered,True,20260903
ORD-0001060-2,ORD-0001060,2026-07-20,凯尔希·思衡托-吧唧（徽章）,1,18.0,0.05,0.9,17.1,5.4,5.4,paid,delivered,True,20260903
ORD-0001061-1,ORD-0001061,2026-08-15,予愿安洁莉娜-通行证,1,39.0,0.0,0.0,39.0,12.48,12.48,paid,delivered,True,20260903
ORD-0001062-1,ORD-0001062,2026-07-21,斩业星熊-手办模玩,1,699.0,0.0,0.0,699.0,433.38,433.38,paid,pending,True,20260903
ORD-0001063-1,ORD-0001063,2026-07-04,怒潮凛冬-日用生活,1,99.0,0.1,9.9,89.1,45.54,45.54,paid,delivered,True,20260903
ORD-0001063-2,ORD-0001063,2026-07-04,归溟幽灵鲨-毛绒玩偶,1,128.0,0.05,6.4,121.6,61.44,61.44,paid,delivered,True,20260903
ORD-0001064-1,ORD-0001064,2026-08-16,赤刃明霄陈-手办模玩,1,699.0,0.0,0.0,699.0,433.38,433.38,paid,delivered,True,20260903
ORD-0001064-2,ORD-0001064,2026-08-16,归溟幽灵鲨-亚克力制品,1,48.0,0.0,0.0,48.0,16.8,16.8,paid,delivered,True,20260903
ORD-0001065-1,ORD-0001065,2026-08-13,酒神-手办模玩,1,699.0,0.1,69.9,629.1,433.38,433.38,paid,delivered,True,20260903
ORD-0001066-1,ORD-0001066,2026-06-11,新约能天使-日用生活,1,99.0,0.05,4.95,94.05,45.54,45.54,paid,delivered,True,20260903
ORD-0001067-1,ORD-0001067,2026-06-30,黍-亚克力制品,1,48.0,0.1,4.8,43.2,16.8,16.8,paid,delivered,True,20260903
ORD-0001068-1,ORD-0001068,2026-06-09,荒芜拉普兰德-装饰摆件,1,89.0,0.0,0.0,89.0,37.38,37.38,paid,delivered,True,20260903
ORD-0001069-1,ORD-0001069,2026-08-11,凯尔希·思衡托-手办模玩,1,699.0,0.0,0.0,699.0,433.38,433.38,paid,delivered,True,20260903
ORD-0001070-1,ORD-0001070,2026-08-03,黍-日用生活,1,99.0,0.0,0.0,99.0,45.54,45.54,paid,delivered,True,20260903
ORD-0001071-1,ORD-0001071,2026-08-14,Mon3tr-亚克力制品,1,48.0,0.0,0.0,48.0,16.8,16.8,paid,delivered,True,20260903
ORD-0001072-1,ORD-0001072,2026-06-09,Mon3tr-亚克力制品,1,48.0,0.0,0.0,48.0,16.8,16.8,paid,delivered,True,20260903
ORD-0001072-2,ORD-0001072,2026-06-09,结城理-毛绒玩偶,1,128.0,0.05,6.4,121.6,61.44,61.44,paid,delivered,True,20260903
ORD-0001073-1,ORD-0001073,2026-06-30,谬因-装饰摆件,1,89.0,0.0,0.0,89.0,37.38,37.38,paid,delivered,True,20260903
ORD-0001074-1,ORD-0001074,2026-08-23,真言-吧唧（徽章）,1,18.0,0.0,0.0,18.0,5.4,5.4,paid,delivered,True,20260903
ORD-0001075-1,ORD-0001075,2026-07-01,归溟幽灵鲨-吧唧（徽章）,1,18.0,0.05,0.9,17.1,5.4,5.4,paid,delivered,True,20260903
ORD-0001076-1,ORD-0001076,2026-07-25,凯尔希·思衡托-通行证,2,39.0,0.0,0.0,78.0,12.48,24.96,paid,delivered,True,20260903
ORD-0001077-1,ORD-0001077,2026-06-27,黍-毛绒玩偶,1,128.0,0.1,12.8,115.2,61.44,61.44,paid,delivered,True,20260903
ORD-0001078-1,ORD-0001078,2026-08-12,斩业星熊-吧唧（徽章）,1,18.0,0.15,2.7,15.3,5.4,5.4,paid,delivered,True,20260903
ORD-0001078-2,ORD-0001078,2026-08-12,Mon3tr-手办模玩,1,699.0,0.1,69.9,629.1,433.38,433.38,paid,delivered,True,20260903
ORD-0001079-1,ORD-0001079,2026-06-14,凛御银灰-手办模玩,1,699.0,0.1,69.9,629.1,433.38,433.38,paid,delivered,True,20260903
ORD-0001080-1,ORD-0001080,2026-08-05,凛御银灰-装饰摆件,1,89.0,0.1,8.9,80.1,37.38,37.38,paid,delivered,True,20260903
ORD-0001081-1,ORD-0001081,2026-06-22,纯烬艾雅法拉-通行证,3,39.0,0.1,11.7,105.3,12.48,37.44,paid,delivered,True,20260903
ORD-0001082-1,ORD-0001082,2026-06-19,黍-吧唧（徽章）,1,18.0,0.05,0.9,17.1,5.4,5.4,paid,delivered,True,20260903
ORD-0001083-1,ORD-0001083,2026-07-08,死芒-亚克力制品,2,48.0,0.1,9.6,86.4,16.8,33.6,cancelled,cancelled,True,20260903
ORD-0001084-1,ORD-0001084,2026-06-18,娜斯提-日用生活,1,99.0,0.05,4.95,94.05,45.54,45.54,paid,delivered,True,20260903
ORD-0001084-2,ORD-0001084,2026-06-18,Mon3tr-日用生活,1,99.0,0.0,0.0,99.0,45.54,45.54,paid,delivered,True,20260903
ORD-0001085-1,ORD-0001085,2026-06-15,谬因-装饰摆件,1,89.0,0.05,4.45,84.55,37.38,37.38,paid,delivered,True,20260903
ORD-0001086-1,ORD-0001086,2026-06-23,予愿安洁莉娜-装饰摆件,1,89.0,0.1,8.9,80.1,37.38,37.38,paid,delivered,True,20260903
ORD-0001087-1,ORD-0001087,2026-07-26,黍-亚克力制品,1,48.0,0.05,2.4,45.6,16.8,16.8,paid,shipped,True,20260903
ORD-0001088-1,ORD-0001088,2026-06-26,赤刃明霄陈-手办模玩,1,699.0,0.1,69.9,629.1,433.38,433.38,paid,delivered,True,20260903
ORD-0001089-1,ORD-0001089,2026-06-25,纯烬艾雅法拉-亚克力制品,1,48.0,0.15,7.2,40.8,16.8,16.8,paid,delivered,True,20260903
ORD-0001089-2,ORD-0001089,2026-06-25,凛御银灰-毛绒玩偶,1,128.0,0.0,0.0,128.0,61.44,61.44,paid,delivered,True,20260903
ORD-0001090-1,ORD-0001090,2026-07-25,缇缇-亚克力制品,1,48.0,0.05,2.4,45.6,16.8,16.8,paid,delivered,True,20260903
ORD-0001090-2,ORD-0001090,2026-07-25,凛御银灰-装饰摆件,2,89.0,0.0,0.0,178.0,37.38,74.76,paid,delivered,True,20260903
ORD-0001091-1,ORD-0001091,2026-07-04,斩业星熊-日用生活,1,99.0,0.05,4.95,94.05,45.54,45.54,paid,delivered,True,20260903
ORD-0001091-2,ORD-0001091,2026-07-04,荒芜拉普兰德-装饰摆件,1,89.0,0.0,0.0,89.0,37.38,37.38,paid,delivered,True,20260903
ORD-0001092-1,ORD-0001092,2026-07-24,怒潮凛冬-通行证,1,39.0,0.0,0.0,39.0,12.48,12.48,paid,delivered,True,20260903
ORD-0001093-1,ORD-0001093,2026-07-11,Mon3tr-亚克力制品,2,48.0,0.0,0.0,96.0,16.8,33.6,paid,delivered,True,20260903
ORD-0001094-1,ORD-0001094,2026-07-05,维娜·维多利亚-通行证,1,39.0,0.0,0.0,39.0,12.48,12.48,paid,delivered,True,20260903
ORD-0001095-1,ORD-0001095,2026-07-05,酒神-吧唧（徽章）,1,18.0,0.0,0.0,18.0,5.4,5.4,paid,delivered,True,20260903
ORD-0001096-1,ORD-0001096,2026-06-23,怒潮凛冬-亚克力制品,1,48.0,0.0,0.0,48.0,16.8,16.8,paid,delivered,True,20260903
ORD-0001096-2,ORD-0001096,2026-06-23,新约能天使-亚克力制品,2,48.0,0.0,0.0,96.0,16.8,33.6,paid,delivered,True,20260903
ORD-0001096-3,ORD-0001096,2026-06-23,Mon3tr-亚克力制品,1,48.0,0.0,0.0,48.0,16.8,16.8,paid,delivered,True,20260903
ORD-0001097-1,ORD-0001097,2026-06-06,余-手办模玩,2,699.0,0.0,0.0,1398.0,433.38,866.76,paid,delivered,True,20260903
ORD-0001097-2,ORD-0001097,2026-06-06,重岳-吧唧（徽章）,1,18.0,0.05,0.9,17.1,5.4,5.4,paid,delivered,True,20260903
ORD-0001098-1,ORD-0001098,2026-06-02,纯烬艾雅法拉-亚克力制品,1,48.0,0.0,0.0,48.0,16.8,16.8,paid,delivered,True,20260903
ORD-0001099-1,ORD-0001099,2026-06-21,维娜·维多利亚-通行证,1,39.0,0.0,0.0,39.0,12.48,12.48,paid,delivered,True,20260903
ORD-0001100-1,ORD-0001100,2026-06-29,酒神-手办模玩,2,699.0,0.05,69.9,1328.1,433.38,866.76,paid,delivered,True,20260903
ORD-0001101-1,ORD-0001101,2026-06-26,斩业星熊-毛绒玩偶,1,128.0,0.0,0.0,128.0,61.44,61.44,paid,delivered,True,20260903
ORD-0001101-2,ORD-0001101,2026-06-26,结城理-亚克力制品,1,48.0,0.1,4.8,43.2,16.8,16.8,paid,delivered,True,20260903
ORD-0001102-1,ORD-0001102,2026-07-25,结城理-吧唧（徽章）,1,18.0,0.0,0.0,18.0,5.4,5.4,paid,delivered,True,20260903
ORD-0001102-2,ORD-0001102,2026-07-25,归溟幽灵鲨-通行证,1,39.0,0.0,0.0,39.0,12.48,12.48,paid,delivered,True,20260903
ORD-0001103-1,ORD-0001103,2026-08-01,真言-毛绒玩偶,1,128.0,0.1,12.8,115.2,61.44,61.44,paid,delivered,True,20260903
ORD-0001104-1,ORD-0001104,2026-08-27,重岳-日用生活,1,99.0,0.1,9.9,89.1,45.54,45.54,paid,shipped,True,20260903
ORD-0001105-1,ORD-0001105,2026-07-25,缄默德克萨斯-毛绒玩偶,1,128.0,0.0,0.0,128.0,61.44,61.44,paid,delivered,True,20260903
ORD-0001105-2,ORD-0001105,2026-07-25,新约能天使-装饰摆件,1,89.0,0.15,13.35,75.65,37.38,37.38,paid,delivered,True,20260903
ORD-0001106-1,ORD-0001106,2026-08-08,真言-亚克力制品,1,48.0,0.0,0.0,48.0,16.8,16.8,paid,delivered,True,20260903
ORD-0001107-1,ORD-0001107,2026-07-31,酒神-通行证,2,39.0,0.05,3.9,74.1,12.48,24.96,paid,shipped,True,20260903
ORD-0001107-2,ORD-0001107,2026-07-31,谬因-手办模玩,1,699.0,0.0,0.0,699.0,433.38,433.38,paid,shipped,True,20260903
ORD-0001108-1,ORD-0001108,2026-08-04,荒芜拉普兰德-毛绒玩偶,1,128.0,0.05,6.4,121.6,61.44,61.44,cancelled,cancelled,True,20260903
ORD-0001109-1,ORD-0001109,2026-07-28,缇缇-毛绒玩偶,1,128.0,0.0,0.0,128.0,61.44,61.44,paid,delivered,True,20260903
ORD-0001110-1,ORD-0001110,2026-07-02,赤刃明霄陈-毛绒玩偶,2,128.0,0.05,12.8,243.2,61.44,122.88,paid,shipped,True,20260903
ORD-0001111-1,ORD-0001111,2026-08-10,黍-日用生活,1,99.0,0.0,0.0,99.0,45.54,45.54,paid,delivered,True,20260903
ORD-0001112-1,ORD-0001112,2026-07-20,结城理-装饰摆件,1,89.0,0.0,0.0,89.0,37.38,37.38,paid,delivered,True,20260903
ORD-0001113-1,ORD-0001113,2026-06-16,望-日用生活,1,99.0,0.05,4.95,94.05,45.54,45.54,paid,delivered,True,20260903
ORD-0001114-1,ORD-0001114,2026-08-23,赤刃明霄陈-装饰摆件,1,89.0,0.0,0.0,89.0,37.38,37.38,paid,delivered,True,20260903
ORD-0001114-2,ORD-0001114,2026-08-23,佩佩-毛绒玩偶,1,128.0,0.05,6.4,121.6,61.44,61.44,paid,delivered,True,20260903
ORD-0001115-1,ORD-0001115,2026-07-07,凯尔希·思衡托-通行证,1,39.0,0.0,0.0,39.0,12.48,12.48,paid,delivered,True,20260903
ORD-0001115-2,ORD-0001115,2026-07-07,酒神-日用生活,1,99.0,0.0,0.0,99.0,45.54,45.54,paid,delivered,True,20260903
ORD-0001116-1,ORD-0001116,2026-08-10,怒潮凛冬-亚克力制品,2,48.0,0.0,0.0,96.0,16.8,33.6,paid,delivered,True,20260903
ORD-0001117-1,ORD-0001117,2026-06-18,凛御银灰-通行证,1,39.0,0.0,0.0,39.0,12.48,12.48,paid,delivered,True,20260903
ORD-0001118-1,ORD-0001118,2026-08-04,重岳-吧唧（徽章）,1,18.0,0.1,1.8,16.2,5.4,5.4,paid,delivered,True,20260903
ORD-0001119-1,ORD-0001119,2026-08-24,谬因-毛绒玩偶,2,128.0,0.0,0.0,256.0,61.44,122.88,paid,delivered,True,20260903
ORD-0001120-1,ORD-0001120,2026-07-07,凯尔希·思衡托-通行证,1,39.0,0.1,3.9,35.1,12.48,12.48,paid,delivered,True,20260903
ORD-0001121-1,ORD-0001121,2026-08-02,望-吧唧（徽章）,2,18.0,0.0,0.0,36.0,5.4,10.8,paid,delivered,True,20260903
ORD-0001122-1,ORD-0001122,2026-07-30,真言-日用生活,1,99.0,0.0,0.0,99.0,45.54,45.54,paid,delivered,True,20260903
ORD-0001123-1,ORD-0001123,2026-08-16,Mon3tr-手办模玩,2,699.0,0.05,69.9,1328.1,433.38,866.76,paid,delivered,True,20260903
ORD-0001124-1,ORD-0001124,2026-08-01,重岳-吧唧（徽章）,1,18.0,0.15,2.7,15.3,5.4,5.4,paid,delivered,True,20260903
ORD-0001125-1,ORD-0001125,2026-06-06,予愿安洁莉娜-吧唧（徽章）,1,18.0,0.0,0.0,18.0,5.4,5.4,paid,delivered,True,20260903
ORD-0001126-1,ORD-0001126,2026-07-12,真言-通行证,1,39.0,0.15,5.85,33.15,12.48,12.48,paid,delivered,True,20260903
ORD-0001127-1,ORD-0001127,2026-06-22,死芒-亚克力制品,1,48.0,0.0,0.0,48.0,16.8,16.8,paid,delivered,True,20260903
ORD-0001128-1,ORD-0001128,2026-08-05,斩业星熊-日用生活,2,99.0,0.0,0.0,198.0,45.54,91.08,paid,delivered,True,20260903
ORD-0001129-1,ORD-0001129,2026-06-17,焰狐龙梓兰-毛绒玩偶,1,128.0,0.0,0.0,128.0,61.44,61.44,paid,delivered,True,20260903
ORD-0001130-1,ORD-0001130,2026-07-09,凛御银灰-通行证,1,39.0,0.0,0.0,39.0,12.48,12.48,paid,delivered,True,20260903
ORD-0001131-1,ORD-0001131,2026-08-09,Mon3tr-亚克力制品,1,48.0,0.0,0.0,48.0,16.8,16.8,paid,delivered,True,20260903
ORD-0001132-1,ORD-0001132,2026-07-14,凛御银灰-手办模玩,1,699.0,0.1,69.9,629.1,433.38,433.38,paid,delivered,True,20260903
ORD-0001133-1,ORD-0001133,2026-06-07,娜斯提-手办模玩,1,699.0,0.0,0.0,699.0,433.38,433.38,paid,delivered,True,20260903
ORD-0001134-1,ORD-0001134,2026-07-12,结城理-通行证,2,39.0,0.0,0.0,78.0,12.48,24.96,paid,delivered,True,20260903
ORD-0001135-1,ORD-0001135,2026-07-31,焰狐龙梓兰-亚克力制品,1,48.0,0.0,0.0,48.0,16.8,16.8,paid,delivered,True,20260903
ORD-0001136-1,ORD-0001136,2026-06-15,塑心-亚克力制品,1,48.0,0.1,4.8,43.2,16.8,16.8,paid,delivered,True,20260903
ORD-0001137-1,ORD-0001137,2026-06-06,荒芜拉普兰德-毛绒玩偶,2,128.0,0.0,0.0,256.0,61.44,122.88,paid,delivered,True,20260903
ORD-0001137-2,ORD-0001137,2026-06-06,赤刃明霄陈-装饰摆件,1,89.0,0.0,0.0,89.0,37.38,37.38,paid,delivered,True,20260903
ORD-0001137-3,ORD-0001137,2026-06-06,真言-日用生活,1,99.0,0.0,0.0,99.0,45.54,45.54,paid,delivered,True,20260903
ORD-0001138-1,ORD-0001138,2026-06-17,斩业星熊-吧唧（徽章）,2,18.0,0.1,3.6,32.4,5.4,10.8,paid,delivered,True,20260903
ORD-0001139-1,ORD-0001139,2026-08-21,赤刃明霄陈-手办模玩,1,699.0,0.0,0.0,699.0,433.38,433.38,paid,delivered,True,20260903
ORD-0001140-1,ORD-0001140,2026-08-06,塑心-毛绒玩偶,2,128.0,0.15,38.4,217.6,61.44,122.88,paid,delivered,True,20260903
ORD-0001141-1,ORD-0001141,2026-06-23,谬因-毛绒玩偶,1,128.0,0.0,0.0,128.0,61.44,61.44,paid,shipped,True,20260903
ORD-0001142-1,ORD-0001142,2026-07-28,真言-手办模玩,1,699.0,0.05,34.95,664.05,433.38,433.38,paid,delivered,True,20260903
ORD-0001142-2,ORD-0001142,2026-07-28,维娜·维多利亚-装饰摆件,1,89.0,0.0,0.0,89.0,37.38,37.38,paid,delivered,True,20260903
ORD-0001143-1,ORD-0001143,2026-06-26,Mon3tr-亚克力制品,1,48.0,0.05,2.4,45.6,16.8,16.8,paid,delivered,True,20260903
ORD-0001144-1,ORD-0001144,2026-07-02,荒芜拉普兰德-手办模玩,1,699.0,0.0,0.0,699.0,433.38,433.38,paid,delivered,True,20260903
ORD-0001145-1,ORD-0001145,2026-08-06,黍-手办模玩,1,699.0,0.0,0.0,699.0,433.38,433.38,paid,delivered,True,20260903
ORD-0001146-1,ORD-0001146,2026-07-07,怒潮凛冬-吧唧（徽章）,1,18.0,0.1,1.8,16.2,5.4,5.4,paid,delivered,True,20260903
ORD-0001146-2,ORD-0001146,2026-07-07,Mon3tr-手办模玩,1,699.0,0.0,0.0,699.0,433.38,433.38,paid,delivered,True,20260903
ORD-0001146-3,ORD-0001146,2026-07-07,余-毛绒玩偶,1,128.0,0.0,0.0,128.0,61.44,61.44,paid,delivered,True,20260903
ORD-0001147-1,ORD-0001147,2026-06-26,怒潮凛冬-毛绒玩偶,1,128.0,0.05,6.4,121.6,61.44,61.44,paid,pending,True,20260903
ORD-0001148-1,ORD-0001148,2026-07-09,赤刃明霄陈-毛绒玩偶,1,128.0,0.0,0.0,128.0,61.44,61.44,paid,delivered,True,20260903
ORD-0001149-1,ORD-0001149,2026-07-12,缄默德克萨斯-通行证,1,39.0,0.1,3.9,35.1,12.48,12.48,paid,delivered,True,20260903
ORD-0001149-2,ORD-0001149,2026-07-12,赤刃明霄陈-日用生活,1,99.0,0.0,0.0,99.0,45.54,45.54,paid,delivered,True,20260903
ORD-0001150-1,ORD-0001150,2026-08-06,凯尔希·思衡托-毛绒玩偶,1,128.0,0.0,0.0,128.0,61.44,61.44,paid,shipped,True,20260903
ORD-0001151-1,ORD-0001151,2026-08-11,塑心-日用生活,1,99.0,0.0,0.0,99.0,45.54,45.54,paid,delivered,True,20260903
ORD-0001151-2,ORD-0001151,2026-08-11,新约能天使-装饰摆件,2,89.0,0.1,17.8,160.2,37.38,74.76,paid,delivered,True,20260903
ORD-0001152-1,ORD-0001152,2026-08-16,维娜·维多利亚-日用生活,1,99.0,0.0,0.0,99.0,45.54,45.54,paid,delivered,True,20260903
ORD-0001152-2,ORD-0001152,2026-08-16,缪尔赛思-吧唧（徽章）,1,18.0,0.05,0.9,17.1,5.4,5.4,paid,delivered,True,20260903
ORD-0001153-1,ORD-0001153,2026-06-21,怒潮凛冬-通行证,1,39.0,0.0,0.0,39.0,12.48,12.48,cancelled,cancelled,True,20260903
ORD-0001154-1,ORD-0001154,2026-08-16,塑心-亚克力制品,2,48.0,0.0,0.0,96.0,16.8,33.6,paid,delivered,True,20260903
ORD-0001154-2,ORD-0001154,2026-08-16,佩佩-装饰摆件,1,89.0,0.0,0.0,89.0,37.38,37.38,paid,delivered,True,20260903
ORD-0001155-1,ORD-0001155,2026-08-03,予愿安洁莉娜-通行证,1,39.0,0.0,0.0,39.0,12.48,12.48,paid,delivered,True,20260903
ORD-0001156-1,ORD-0001156,2026-07-30,贝洛内-吧唧（徽章）,1,18.0,0.05,0.9,17.1,5.4,5.4,paid,delivered,True,20260903
ORD-0001157-1,ORD-0001157,2026-08-07,塑心-吧唧（徽章）,1,18.0,0.05,0.9,17.1,5.4,5.4,paid,delivered,True,20260903
ORD-0001158-1,ORD-0001158,2026-06-21,维娜·维多利亚-亚克力制品,1,48.0,0.05,2.4,45.6,16.8,16.8,paid,pending,True,20260903
ORD-0001158-2,ORD-0001158,2026-06-21,娜斯提-通行证,1,39.0,0.05,1.95,37.05,12.48,12.48,paid,pending,True,20260903
ORD-0001159-1,ORD-0001159,2026-08-14,谬因-亚克力制品,1,48.0,0.0,0.0,48.0,16.8,16.8,paid,delivered,True,20260903
ORD-0001159-2,ORD-0001159,2026-08-14,死芒-吧唧（徽章）,1,18.0,0.05,0.9,17.1,5.4,5.4,paid,delivered,True,20260903
ORD-0001160-1,ORD-0001160,2026-08-05,重岳-吧唧（徽章）,1,18.0,0.15,2.7,15.3,5.4,5.4,paid,delivered,True,20260903
ORD-0001161-1,ORD-0001161,2026-08-02,斩业星熊-通行证,1,39.0,0.05,1.95,37.05,12.48,12.48,paid,delivered,True,20260903
ORD-0001162-1,ORD-0001162,2026-08-02,佩佩-通行证,1,39.0,0.1,3.9,35.1,12.48,12.48,cancelled,cancelled,True,20260903
ORD-0001163-1,ORD-0001163,2026-08-21,司霆惊蛰-吧唧（徽章）,1,18.0,0.1,1.8,16.2,5.4,5.4,paid,delivered,True,20260903
ORD-0001164-1,ORD-0001164,2026-06-09,司霆惊蛰-通行证,1,39.0,0.0,0.0,39.0,12.48,12.48,paid,delivered,True,20260903
ORD-0001165-1,ORD-0001165,2026-07-09,望-通行证,1,39.0,0.05,1.95,37.05,12.48,12.48,paid,delivered,True,20260903
ORD-0001166-1,ORD-0001166,2026-07-01,司霆惊蛰-毛绒玩偶,1,128.0,0.0,0.0,128.0,61.44,61.44,paid,delivered,True,20260903
ORD-0001167-1,ORD-0001167,2026-06-18,怒潮凛冬-亚克力制品,1,48.0,0.0,0.0,48.0,16.8,16.8,paid,delivered,True,20260903
ORD-0001168-1,ORD-0001168,2026-08-18,纯烬艾雅法拉-装饰摆件,1,89.0,0.0,0.0,89.0,37.38,37.38,paid,delivered,True,20260903
ORD-0001169-1,ORD-0001169,2026-07-13,怒潮凛冬-亚克力制品,1,48.0,0.0,0.0,48.0,16.8,16.8,paid,delivered,True,20260903
ORD-0001170-1,ORD-0001170,2026-07-29,真言-通行证,1,39.0,0.1,3.9,35.1,12.48,12.48,paid,delivered,True,20260903
ORD-0001170-2,ORD-0001170,2026-07-29,予愿安洁莉娜-装饰摆件,1,89.0,0.0,0.0,89.0,37.38,37.38,paid,delivered,True,20260903
ORD-0001171-1,ORD-0001171,2026-07-27,缄默德克萨斯-手办模玩,1,699.0,0.1,69.9,629.1,433.38,433.38,cancelled,cancelled,True,20260903
ORD-0001172-1,ORD-0001172,2026-08-05,塑心-通行证,1,39.0,0.0,0.0,39.0,12.48,12.48,paid,delivered,True,20260903
ORD-0001173-1,ORD-0001173,2026-06-18,焰狐龙梓兰-吧唧（徽章）,1,18.0,0.0,0.0,18.0,5.4,5.4,paid,shipped,True,20260903
ORD-0001174-1,ORD-0001174,2026-07-23,赤刃明霄陈-毛绒玩偶,1,128.0,0.0,0.0,128.0,61.44,61.44,paid,delivered,True,20260903
ORD-0001175-1,ORD-0001175,2026-06-20,娜斯提-手办模玩,2,699.0,0.1,139.8,1258.2,433.38,866.76,paid,delivered,True,20260903
ORD-0001175-2,ORD-0001175,2026-06-20,新约能天使-装饰摆件,1,89.0,0.05,4.45,84.55,37.38,37.38,paid,delivered,True,20260903
ORD-0001176-1,ORD-0001176,2026-07-31,凯尔希·思衡托-装饰摆件,1,89.0,0.0,0.0,89.0,37.38,37.38,paid,delivered,True,20260903
ORD-0001177-1,ORD-0001177,2026-06-18,佩佩-吧唧（徽章）,1,18.0,0.05,0.9,17.1,5.4,5.4,paid,delivered,True,20260903
ORD-0001178-1,ORD-0001178,2026-08-24,酒神-亚克力制品,1,48.0,0.0,0.0,48.0,16.8,16.8,paid,delivered,True,20260903
ORD-0001179-1,ORD-0001179,2026-07-14,归溟幽灵鲨-手办模玩,1,699.0,0.0,0.0,699.0,433.38,433.38,paid,delivered,True,20260903
ORD-0001179-2,ORD-0001179,2026-07-14,娜斯提-手办模玩,1,699.0,0.1,69.9,629.1,433.38,433.38,paid,delivered,True,20260903
ORD-0001180-1,ORD-0001180,2026-06-29,酒神-毛绒玩偶,1,128.0,0.1,12.8,115.2,61.44,61.44,paid,delivered,True,20260903
ORD-0001181-1,ORD-0001181,2026-07-18,缇缇-手办模玩,1,699.0,0.0,0.0,699.0,433.38,433.38,paid,delivered,True,20260903
ORD-0001181-2,ORD-0001181,2026-07-18,Mon3tr-装饰摆件,1,89.0,0.1,8.9,80.1,37.38,37.38,paid,delivered,True,20260903
ORD-0001182-1,ORD-0001182,2026-06-21,赤刃明霄陈-亚克力制品,1,48.0,0.0,0.0,48.0,16.8,16.8,paid,delivered,True,20260903
ORD-0001183-1,ORD-0001183,2026-08-24,谬因-亚克力制品,1,48.0,0.05,2.4,45.6,16.8,16.8,paid,delivered,True,20260903
ORD-0001184-1,ORD-0001184,2026-07-14,谬因-装饰摆件,1,89.0,0.0,0.0,89.0,37.38,37.38,paid,delivered,True,20260903
ORD-0001185-1,ORD-0001185,2026-08-24,凯尔希·思衡托-装饰摆件,1,89.0,0.0,0.0,89.0,37.38,37.38,paid,delivered,True,20260903
ORD-0001186-1,ORD-0001186,2026-08-03,缄默德克萨斯-手办模玩,1,699.0,0.0,0.0,699.0,433.38,433.38,paid,pending,True,20260903
ORD-0001187-1,ORD-0001187,2026-08-07,赤刃明霄陈-毛绒玩偶,1,128.0,0.1,12.8,115.2,61.44,61.44,paid,delivered,True,20260903
ORD-0001188-1,ORD-0001188,2026-07-13,望-亚克力制品,2,48.0,0.0,0.0,96.0,16.8,33.6,cancelled,cancelled,True,20260903
ORD-0001189-1,ORD-0001189,2026-08-29,予愿安洁莉娜-手办模玩,1,699.0,0.0,0.0,699.0,433.38,433.38,paid,delivered,True,20260903
ORD-0001190-1,ORD-0001190,2026-07-15,缇缇-装饰摆件,1,89.0,0.0,0.0,89.0,37.38,37.38,paid,delivered,True,20260903
ORD-0001190-2,ORD-0001190,2026-07-15,凛御银灰-手办模玩,1,699.0,0.15,104.85,594.15,433.38,433.38,paid,delivered,True,20260903
ORD-0001191-1,ORD-0001191,2026-07-06,结城理-装饰摆件,1,89.0,0.0,0.0,89.0,37.38,37.38,paid,delivered,True,20260903
ORD-0001192-1,ORD-0001192,2026-07-09,Mon3tr-手办模玩,1,699.0,0.0,0.0,699.0,433.38,433.38,paid,delivered,True,20260903
ORD-0001193-1,ORD-0001193,2026-06-23,予愿安洁莉娜-吧唧（徽章）,1,18.0,0.05,0.9,17.1,5.4,5.4,paid,delivered,True,20260903
ORD-0001194-1,ORD-0001194,2026-07-14,赤刃明霄陈-手办模玩,1,699.0,0.1,69.9,629.1,433.38,433.38,paid,delivered,True,20260903
ORD-0001195-1,ORD-0001195,2026-07-01,真言-通行证,1,39.0,0.1,3.9,35.1,12.48,12.48,paid,delivered,True,20260903
ORD-0001196-1,ORD-0001196,2026-08-08,新约能天使-通行证,1,39.0,0.05,1.95,37.05,12.48,12.48,paid,delivered,True,20260903
ORD-0001197-1,ORD-0001197,2026-06-15,归溟幽灵鲨-亚克力制品,3,48.0,0.05,7.2,136.8,16.8,50.4,paid,delivered,True,20260903
ORD-0001198-1,ORD-0001198,2026-07-19,缇缇-日用生活,1,99.0,0.0,0.0,99.0,45.54,45.54,paid,delivered,True,20260903
ORD-0001199-1,ORD-0001199,2026-08-22,余-日用生活,1,99.0,0.05,4.95,94.05,45.54,45.54,paid,delivered,True,20260903
ORD-0001200-1,ORD-0001200,2026-07-04,荒芜拉普兰德-毛绒玩偶,1,128.0,0.0,0.0,128.0,61.44,61.44,paid,delivered,True,20260903
ORD-0001201-1,ORD-0001201,2026-06-24,怒潮凛冬-装饰摆件,1,89.0,0.0,0.0,89.0,37.38,37.38,paid,delivered,True,20260903
ORD-0001202-1,ORD-0001202,2026-08-03,凛御银灰-日用生活,1,99.0,0.0,0.0,99.0,45.54,45.54,paid,delivered,True,20260903
ORD-0001203-1,ORD-0001203,2026-07-13,余-装饰摆件,1,89.0,0.0,0.0,89.0,37.38,37.38,paid,delivered,True,20260903
ORD-0001204-1,ORD-0001204,2026-07-05,望-毛绒玩偶,1,128.0,0.0,0.0,128.0,61.44,61.44,paid,delivered,True,20260903
ORD-0001205-1,ORD-0001205,2026-06-18,维娜·维多利亚-吧唧（徽章）,1,18.0,0.0,0.0,18.0,5.4,5.4,paid,delivered,True,20260903
ORD-0001206-1,ORD-0001206,2026-06-05,维娜·维多利亚-通行证,1,39.0,0.0,0.0,39.0,12.48,12.48,paid,delivered,True,20260903
ORD-0001207-1,ORD-0001207,2026-07-12,凛御银灰-毛绒玩偶,1,128.0,0.0,0.0,128.0,61.44,61.44,paid,delivered,True,20260903
ORD-0001208-1,ORD-0001208,2026-08-13,Mon3tr-装饰摆件,1,89.0,0.0,0.0,89.0,37.38,37.38,paid,delivered,True,20260903
ORD-0001209-1,ORD-0001209,2026-07-04,死芒-日用生活,1,99.0,0.0,0.0,99.0,45.54,45.54,paid,delivered,True,20260903
ORD-0001210-1,ORD-0001210,2026-07-25,维娜·维多利亚-亚克力制品,1,48.0,0.1,4.8,43.2,16.8,16.8,paid,delivered,True,20260903
ORD-0001211-1,ORD-0001211,2026-06-19,Mon3tr-吧唧（徽章）,1,18.0,0.15,2.7,15.3,5.4,5.4,paid,delivered,True,20260903
ORD-0001212-1,ORD-0001212,2026-08-03,缄默德克萨斯-装饰摆件,1,89.0,0.1,8.9,80.1,37.38,37.38,paid,delivered,True,20260903
ORD-0001213-1,ORD-0001213,2026-07-03,归溟幽灵鲨-吧唧（徽章）,1,18.0,0.0,0.0,18.0,5.4,5.4,paid,delivered,True,20260903
ORD-0001214-1,ORD-0001214,2026-08-04,予愿安洁莉娜-毛绒玩偶,1,128.0,0.1,12.8,115.2,61.44,61.44,paid,delivered,True,20260903
ORD-0001215-1,ORD-0001215,2026-08-29,结城理-日用生活,1,99.0,0.1,9.9,89.1,45.54,45.54,paid,delivered,True,20260903
ORD-0001216-1,ORD-0001216,2026-08-26,维娜·维多利亚-通行证,1,39.0,0.0,0.0,39.0,12.48,12.48,paid,delivered,True,20260903
ORD-0001217-1,ORD-0001217,2026-06-16,予愿安洁莉娜-吧唧（徽章）,1,18.0,0.0,0.0,18.0,5.4,5.4,paid,delivered,True,20260903
ORD-0001218-1,ORD-0001218,2026-08-07,荒芜拉普兰德-毛绒玩偶,1,128.0,0.05,6.4,121.6,61.44,61.44,paid,delivered,True,20260903
ORD-0001219-1,ORD-0001219,2026-07-10,Mon3tr-装饰摆件,1,89.0,0.15,13.35,75.65,37.38,37.38,paid,delivered,True,20260903
ORD-0001220-1,ORD-0001220,2026-08-08,余-吧唧（徽章）,1,18.0,0.05,0.9,17.1,5.4,5.4,paid,delivered,True,20260903
ORD-0001221-1,ORD-0001221,2026-07-10,佩佩-日用生活,2,99.0,0.0,0.0,198.0,45.54,91.08,paid,delivered,True,20260903
ORD-0001221-2,ORD-0001221,2026-07-10,黍-吧唧（徽章）,1,18.0,0.0,0.0,18.0,5.4,5.4,paid,delivered,True,20260903
ORD-0001222-1,ORD-0001222,2026-08-09,予愿安洁莉娜-毛绒玩偶,1,128.0,0.0,0.0,128.0,61.44,61.44,paid,delivered,True,20260903
ORD-0001223-1,ORD-0001223,2026-07-30,维娜·维多利亚-日用生活,1,99.0,0.0,0.0,99.0,45.54,45.54,paid,delivered,True,20260903
ORD-0001224-1,ORD-0001224,2026-07-14,塑心-亚克力制品,2,48.0,0.0,0.0,96.0,16.8,33.6,paid,delivered,True,20260903
ORD-0001225-1,ORD-0001225,2026-06-17,凛御银灰-毛绒玩偶,1,128.0,0.0,0.0,128.0,61.44,61.44,paid,delivered,True,20260903
ORD-0001226-1,ORD-0001226,2026-08-16,司霆惊蛰-通行证,1,39.0,0.0,0.0,39.0,12.48,12.48,paid,delivered,True,20260903
ORD-0001227-1,ORD-0001227,2026-07-16,焰狐龙梓兰-通行证,1,39.0,0.05,1.95,37.05,12.48,12.48,paid,delivered,True,20260903
ORD-0001228-1,ORD-0001228,2026-07-19,凛御银灰-吧唧（徽章）,1,18.0,0.0,0.0,18.0,5.4,5.4,paid,delivered,True,20260903
ORD-0001228-2,ORD-0001228,2026-07-19,望-吧唧（徽章）,1,18.0,0.0,0.0,18.0,5.4,5.4,paid,delivered,True,20260903
ORD-0001229-1,ORD-0001229,2026-07-17,凯尔希·思衡托-通行证,1,39.0,0.0,0.0,39.0,12.48,12.48,paid,delivered,True,20260903
ORD-0001230-1,ORD-0001230,2026-08-24,斩业星熊-手办模玩,1,699.0,0.1,69.9,629.1,433.38,433.38,paid,delivered,True,20260903
ORD-0001231-1,ORD-0001231,2026-06-23,娜斯提-毛绒玩偶,1,128.0,0.0,0.0,128.0,61.44,61.44,paid,pending,True,20260903
ORD-0001231-2,ORD-0001231,2026-06-23,缪尔赛思-吧唧（徽章）,1,18.0,0.0,0.0,18.0,5.4,5.4,paid,pending,True,20260903
ORD-0001232-1,ORD-0001232,2026-07-12,新约能天使-装饰摆件,1,89.0,0.0,0.0,89.0,37.38,37.38,paid,delivered,True,20260903
ORD-0001232-2,ORD-0001232,2026-07-12,余-日用生活,1,99.0,0.0,0.0,99.0,45.54,45.54,paid,delivered,True,20260903
ORD-0001233-1,ORD-0001233,2026-06-22,维娜·维多利亚-通行证,1,39.0,0.0,0.0,39.0,12.48,12.48,paid,delivered,True,20260903
ORD-0001234-1,ORD-0001234,2026-06-20,荒芜拉普兰德-通行证,2,39.0,0.1,7.8,70.2,12.48,24.96,paid,delivered,True,20260903
ORD-0001234-2,ORD-0001234,2026-06-20,怒潮凛冬-装饰摆件,1,89.0,0.15,13.35,75.65,37.38,37.38,paid,delivered,True,20260903
ORD-0001235-1,ORD-0001235,2026-07-26,司霆惊蛰-手办模玩,1,699.0,0.0,0.0,699.0,433.38,433.38,paid,delivered,True,20260903
ORD-0001236-1,ORD-0001236,2026-07-15,余-亚克力制品,1,48.0,0.15,7.2,40.8,16.8,16.8,paid,delivered,True,20260903
ORD-0001237-1,ORD-0001237,2026-07-16,怒潮凛冬-亚克力制品,1,48.0,0.05,2.4,45.6,16.8,16.8,paid,delivered,True,20260903
ORD-0001238-1,ORD-0001238,2026-07-11,Mon3tr-亚克力制品,1,48.0,0.0,0.0,48.0,16.8,16.8,paid,delivered,True,20260903
ORD-0001238-2,ORD-0001238,2026-07-11,缄默德克萨斯-通行证,1,39.0,0.0,0.0,39.0,12.48,12.48,paid,delivered,True,20260903
ORD-0001238-3,ORD-0001238,2026-07-11,望-亚克力制品,1,48.0,0.15,7.2,40.8,16.8,16.8,paid,delivered,True,20260903
ORD-0001239-1,ORD-0001239,2026-07-17,司霆惊蛰-吧唧（徽章）,1,18.0,0.0,0.0,18.0,5.4,5.4,paid,delivered,True,20260903
ORD-0001240-1,ORD-0001240,2026-08-04,贝洛内-日用生活,1,99.0,0.05,4.95,94.05,45.54,45.54,paid,delivered,True,20260903
ORD-0001241-1,ORD-0001241,2026-07-16,赤刃明霄陈-亚克力制品,1,48.0,0.0,0.0,48.0,16.8,16.8,paid,delivered,True,20260903
ORD-0001242-1,ORD-0001242,2026-07-19,娜斯提-亚克力制品,1,48.0,0.1,4.8,43.2,16.8,16.8,paid,delivered,True,20260903
ORD-0001243-1,ORD-0001243,2026-06-21,望-亚克力制品,1,48.0,0.0,0.0,48.0,16.8,16.8,paid,delivered,True,20260903
ORD-0001244-1,ORD-0001244,2026-08-08,赤刃明霄陈-日用生活,1,99.0,0.1,9.9,89.1,45.54,45.54,paid,delivered,True,20260903
ORD-0001245-1,ORD-0001245,2026-08-24,荒芜拉普兰德-手办模玩,2,699.0,0.05,69.9,1328.1,433.38,866.76,paid,delivered,True,20260903
ORD-0001245-2,ORD-0001245,2026-08-24,死芒-日用生活,1,99.0,0.0,0.0,99.0,45.54,45.54,paid,delivered,True,20260903
ORD-0001245-3,ORD-0001245,2026-08-24,凯尔希·思衡托-手办模玩,2,699.0,0.0,0.0,1398.0,433.38,866.76,paid,delivered,True,20260903
ORD-0001246-1,ORD-0001246,2026-06-19,真言-亚克力制品,1,48.0,0.05,2.4,45.6,16.8,16.8,paid,shipped,True,20260903
ORD-0001247-1,ORD-0001247,2026-07-06,凯尔希·思衡托-亚克力制品,1,48.0,0.0,0.0,48.0,16.8,16.8,paid,delivered,True,20260903
ORD-0001247-2,ORD-0001247,2026-07-06,凛御银灰-毛绒玩偶,1,128.0,0.0,0.0,128.0,61.44,61.44,paid,delivered,True,20260903
ORD-0001248-1,ORD-0001248,2026-06-12,黍-毛绒玩偶,1,128.0,0.1,12.8,115.2,61.44,61.44,paid,delivered,True,20260903
ORD-0001249-1,ORD-0001249,2026-08-23,凛御银灰-手办模玩,1,699.0,0.1,69.9,629.1,433.38,433.38,cancelled,cancelled,True,20260903
ORD-0001249-2,ORD-0001249,2026-08-23,斩业星熊-吧唧（徽章）,1,18.0,0.15,2.7,15.3,5.4,5.4,cancelled,cancelled,True,20260903
ORD-0001250-1,ORD-0001250,2026-06-16,新约能天使-手办模玩,1,699.0,0.0,0.0,699.0,433.38,433.38,paid,delivered,True,20260903
ORD-0001250-2,ORD-0001250,2026-06-16,司霆惊蛰-吧唧（徽章）,1,18.0,0.0,0.0,18.0,5.4,5.4,paid,delivered,True,20260903
ORD-0001251-1,ORD-0001251,2026-08-11,怒潮凛冬-亚克力制品,2,48.0,0.0,0.0,96.0,16.8,33.6,paid,delivered,True,20260903
ORD-0001251-2,ORD-0001251,2026-08-11,酒神-日用生活,1,99.0,0.0,0.0,99.0,45.54,45.54,paid,delivered,True,20260903
ORD-0001251-3,ORD-0001251,2026-08-11,新约能天使-日用生活,1,99.0,0.05,4.95,94.05,45.54,45.54,paid,delivered,True,20260903
ORD-0001252-1,ORD-0001252,2026-07-09,望-通行证,2,39.0,0.05,3.9,74.1,12.48,24.96,paid,delivered,True,20260903
ORD-0001253-1,ORD-0001253,2026-08-29,缇缇-通行证,1,39.0,0.05,1.95,37.05,12.48,12.48,paid,delivered,True,20260903
ORD-0001254-1,ORD-0001254,2026-07-07,予愿安洁莉娜-亚克力制品,1,48.0,0.05,2.4,45.6,16.8,16.8,paid,delivered,True,20260903
ORD-0001254-2,ORD-0001254,2026-07-07,凯尔希·思衡托-装饰摆件,1,89.0,0.0,0.0,89.0,37.38,37.38,paid,delivered,True,20260903
ORD-0001255-1,ORD-0001255,2026-07-23,重岳-亚克力制品,1,48.0,0.15,7.2,40.8,16.8,16.8,paid,delivered,True,20260903
ORD-0001255-2,ORD-0001255,2026-07-23,真言-日用生活,1,99.0,0.15,14.85,84.15,45.54,45.54,paid,delivered,True,20260903
ORD-0001256-1,ORD-0001256,2026-06-21,塑心-亚克力制品,1,48.0,0.0,0.0,48.0,16.8,16.8,paid,delivered,True,20260903
ORD-0001257-1,ORD-0001257,2026-07-13,缄默德克萨斯-毛绒玩偶,1,128.0,0.0,0.0,128.0,61.44,61.44,paid,delivered,True,20260903
ORD-0001258-1,ORD-0001258,2026-06-26,真言-手办模玩,1,699.0,0.0,0.0,699.0,433.38,433.38,paid,delivered,True,20260903
ORD-0001259-1,ORD-0001259,2026-07-24,焰狐龙梓兰-亚克力制品,1,48.0,0.1,4.8,43.2,16.8,16.8,paid,delivered,True,20260903
ORD-0001260-1,ORD-0001260,2026-06-21,赤刃明霄陈-日用生活,1,99.0,0.05,4.95,94.05,45.54,45.54,paid,delivered,True,20260903
ORD-0001261-1,ORD-0001261,2026-06-21,黍-亚克力制品,1,48.0,0.0,0.0,48.0,16.8,16.8,paid,delivered,True,20260903
ORD-0001262-1,ORD-0001262,2026-08-15,缄默德克萨斯-亚克力制品,1,48.0,0.15,7.2,40.8,16.8,16.8,paid,delivered,True,20260903
ORD-0001263-1,ORD-0001263,2026-06-03,结城理-毛绒玩偶,1,128.0,0.0,0.0,128.0,61.44,61.44,paid,delivered,True,20260903
ORD-0001264-1,ORD-0001264,2026-08-09,荒芜拉普兰德-亚克力制品,1,48.0,0.05,2.4,45.6,16.8,16.8,paid,delivered,True,20260903
ORD-0001265-1,ORD-0001265,2026-06-07,荒芜拉普兰德-装饰摆件,1,89.0,0.05,4.45,84.55,37.38,37.38,paid,shipped,True,20260903
ORD-0001266-1,ORD-0001266,2026-07-18,新约能天使-吧唧（徽章）,1,18.0,0.1,1.8,16.2,5.4,5.4,paid,delivered,True,20260903
ORD-0001267-1,ORD-0001267,2026-06-05,荒芜拉普兰德-手办模玩,1,699.0,0.0,0.0,699.0,433.38,433.38,paid,delivered,True,20260903
ORD-0001268-1,ORD-0001268,2026-06-30,维娜·维多利亚-通行证,1,39.0,0.05,1.95,37.05,12.48,12.48,paid,delivered,True,20260903
ORD-0001268-2,ORD-0001268,2026-06-30,真言-手办模玩,1,699.0,0.0,0.0,699.0,433.38,433.38,paid,delivered,True,20260903
ORD-0001269-1,ORD-0001269,2026-08-15,怒潮凛冬-日用生活,1,99.0,0.0,0.0,99.0,45.54,45.54,paid,delivered,True,20260903
ORD-0001270-1,ORD-0001270,2026-06-20,维娜·维多利亚-装饰摆件,1,89.0,0.0,0.0,89.0,37.38,37.38,paid,delivered,True,20260903
ORD-0001270-2,ORD-0001270,2026-06-20,维娜·维多利亚-吧唧（徽章）,1,18.0,0.1,1.8,16.2,5.4,5.4,paid,delivered,True,20260903
ORD-0001271-1,ORD-0001271,2026-08-25,佩佩-日用生活,1,99.0,0.0,0.0,99.0,45.54,45.54,paid,delivered,True,20260903
ORD-0001271-2,ORD-0001271,2026-08-25,凛御银灰-亚克力制品,2,48.0,0.0,0.0,96.0,16.8,33.6,paid,delivered,True,20260903
ORD-0001272-1,ORD-0001272,2026-08-07,望-吧唧（徽章）,1,18.0,0.0,0.0,18.0,5.4,5.4,paid,delivered,True,20260903
ORD-0001273-1,ORD-0001273,2026-06-04,黍-手办模玩,1,699.0,0.0,0.0,699.0,433.38,433.38,paid,shipped,True,20260903
ORD-0001274-1,ORD-0001274,2026-07-20,余-日用生活,2,99.0,0.0,0.0,198.0,45.54,91.08,paid,delivered,True,20260903
ORD-0001275-1,ORD-0001275,2026-06-12,焰狐龙梓兰-毛绒玩偶,1,128.0,0.05,6.4,121.6,61.44,61.44,paid,delivered,True,20260903
ORD-0001276-1,ORD-0001276,2026-06-13,荒芜拉普兰德-日用生活,1,99.0,0.0,0.0,99.0,45.54,45.54,cancelled,cancelled,True,20260903
ORD-0001276-2,ORD-0001276,2026-06-13,Mon3tr-亚克力制品,1,48.0,0.1,4.8,43.2,16.8,16.8,cancelled,cancelled,True,20260903
ORD-0001277-1,ORD-0001277,2026-08-27,真言-手办模玩,2,699.0,0.0,0.0,1398.0,433.38,866.76,paid,delivered,True,20260903
ORD-0001277-2,ORD-0001277,2026-08-27,赤刃明霄陈-手办模玩,2,699.0,0.1,139.8,1258.2,433.38,866.76,paid,delivered,True,20260903
ORD-0001278-1,ORD-0001278,2026-06-22,凛御银灰-通行证,1,39.0,0.0,0.0,39.0,12.48,12.48,paid,delivered,True,20260903
ORD-0001279-1,ORD-0001279,2026-08-03,酒神-手办模玩,1,699.0,0.0,0.0,699.0,433.38,433.38,paid,delivered,True,20260903
ORD-0001280-1,ORD-0001280,2026-06-09,归溟幽灵鲨-手办模玩,1,699.0,0.0,0.0,699.0,433.38,433.38,paid,delivered,True,20260903
ORD-0001280-2,ORD-0001280,2026-06-09,赤刃明霄陈-手办模玩,1,699.0,0.0,0.0,699.0,433.38,433.38,paid,delivered,True,20260903
ORD-0001281-1,ORD-0001281,2026-06-18,予愿安洁莉娜-通行证,1,39.0,0.0,0.0,39.0,12.48,12.48,paid,delivered,True,20260903
ORD-0001282-1,ORD-0001282,2026-07-06,焰狐龙梓兰-亚克力制品,1,48.0,0.1,4.8,43.2,16.8,16.8,paid,delivered,True,20260903
ORD-0001282-2,ORD-0001282,2026-07-06,纯烬艾雅法拉-吧唧（徽章）,1,18.0,0.0,0.0,18.0,5.4,5.4,paid,delivered,True,20260903
ORD-0001283-1,ORD-0001283,2026-08-09,谬因-手办模玩,1,699.0,0.1,69.9,629.1,433.38,433.38,paid,delivered,True,20260903
ORD-0001284-1,ORD-0001284,2026-06-23,凛御银灰-装饰摆件,1,89.0,0.0,0.0,89.0,37.38,37.38,paid,delivered,True,20260903
ORD-0001285-1,ORD-0001285,2026-07-20,黍-装饰摆件,1,89.0,0.0,0.0,89.0,37.38,37.38,paid,delivered,True,20260903
ORD-0001286-1,ORD-0001286,2026-07-31,纯烬艾雅法拉-手办模玩,1,699.0,0.1,69.9,629.1,433.38,433.38,paid,delivered,True,20260903
ORD-0001287-1,ORD-0001287,2026-06-04,赤刃明霄陈-吧唧（徽章）,3,18.0,0.0,0.0,54.0,5.4,16.2,paid,delivered,True,20260903
ORD-0001288-1,ORD-0001288,2026-08-19,望-手办模玩,1,699.0,0.0,0.0,699.0,433.38,433.38,paid,delivered,True,20260903
ORD-0001288-2,ORD-0001288,2026-08-19,贝洛内-日用生活,1,99.0,0.0,0.0,99.0,45.54,45.54,paid,delivered,True,20260903
ORD-0001289-1,ORD-0001289,2026-07-16,贝洛内-日用生活,1,99.0,0.0,0.0,99.0,45.54,45.54,paid,delivered,True,20260903
ORD-0001289-2,ORD-0001289,2026-07-16,维娜·维多利亚-通行证,1,39.0,0.0,0.0,39.0,12.48,12.48,paid,delivered,True,20260903
ORD-0001290-1,ORD-0001290,2026-07-04,贝洛内-日用生活,1,99.0,0.1,9.9,89.1,45.54,45.54,paid,delivered,True,20260903
ORD-0001291-1,ORD-0001291,2026-06-20,新约能天使-亚克力制品,1,48.0,0.0,0.0,48.0,16.8,16.8,paid,delivered,True,20260903
ORD-0001292-1,ORD-0001292,2026-06-20,Mon3tr-装饰摆件,1,89.0,0.0,0.0,89.0,37.38,37.38,paid,delivered,True,20260903
ORD-0001293-1,ORD-0001293,2026-06-10,怒潮凛冬-装饰摆件,1,89.0,0.0,0.0,89.0,37.38,37.38,paid,delivered,True,20260903
ORD-0001293-2,ORD-0001293,2026-06-10,重岳-毛绒玩偶,1,128.0,0.1,12.8,115.2,61.44,61.44,paid,delivered,True,20260903
ORD-0001294-1,ORD-0001294,2026-07-19,佩佩-吧唧（徽章）,3,18.0,0.1,5.4,48.6,5.4,16.2,paid,delivered,True,20260903
ORD-0001295-1,ORD-0001295,2026-06-20,贝洛内-吧唧（徽章）,1,18.0,0.0,0.0,18.0,5.4,5.4,paid,delivered,True,20260903
ORD-0001296-1,ORD-0001296,2026-06-06,望-通行证,1,39.0,0.0,0.0,39.0,12.48,12.48,paid,delivered,True,20260903
ORD-0001297-1,ORD-0001297,2026-06-22,缇缇-装饰摆件,1,89.0,0.05,4.45,84.55,37.38,37.38,paid,delivered,True,20260903
ORD-0001297-2,ORD-0001297,2026-06-22,娜斯提-手办模玩,1,699.0,0.1,69.9,629.1,433.38,433.38,paid,delivered,True,20260903
ORD-0001297-3,ORD-0001297,2026-06-22,酒神-装饰摆件,1,89.0,0.0,0.0,89.0,37.38,37.38,paid,delivered,True,20260903
ORD-0001298-1,ORD-0001298,2026-06-22,酒神-日用生活,2,99.0,0.1,19.8,178.2,45.54,91.08,paid,delivered,True,20260903
ORD-0001299-1,ORD-0001299,2026-07-09,Mon3tr-日用生活,1,99.0,0.0,0.0,99.0,45.54,45.54,paid,delivered,True,20260903
ORD-0001300-1,ORD-0001300,2026-08-20,荒芜拉普兰德-日用生活,1,99.0,0.15,14.85,84.15,45.54,45.54,paid,delivered,True,20260903
ORD-0001301-1,ORD-0001301,2026-06-29,焰狐龙梓兰-亚克力制品,1,48.0,0.1,4.8,43.2,16.8,16.8,cancelled,cancelled,True,20260903
ORD-0001302-1,ORD-0001302,2026-08-12,归溟幽灵鲨-亚克力制品,1,48.0,0.0,0.0,48.0,16.8,16.8,paid,delivered,True,20260903
ORD-0001303-1,ORD-0001303,2026-06-20,纯烬艾雅法拉-手办模玩,1,699.0,0.0,0.0,699.0,433.38,433.38,paid,delivered,True,20260903
ORD-0001303-2,ORD-0001303,2026-06-20,维娜·维多利亚-装饰摆件,1,89.0,0.05,4.45,84.55,37.38,37.38,paid,delivered,True,20260903
ORD-0001304-1,ORD-0001304,2026-07-15,新约能天使-通行证,1,39.0,0.1,3.9,35.1,12.48,12.48,paid,delivered,True,20260903
ORD-0001305-1,ORD-0001305,2026-07-25,塑心-手办模玩,1,699.0,0.1,69.9,629.1,433.38,433.38,paid,delivered,True,20260903
ORD-0001305-2,ORD-0001305,2026-07-25,缇缇-亚克力制品,1,48.0,0.0,0.0,48.0,16.8,16.8,paid,delivered,True,20260903
ORD-0001305-3,ORD-0001305,2026-07-25,重岳-吧唧（徽章）,2,18.0,0.1,3.6,32.4,5.4,10.8,paid,delivered,True,20260903
ORD-0001306-1,ORD-0001306,2026-08-01,维娜·维多利亚-毛绒玩偶,1,128.0,0.0,0.0,128.0,61.44,61.44,paid,delivered,True,20260903
ORD-0001306-2,ORD-0001306,2026-08-01,结城理-吧唧（徽章）,1,18.0,0.05,0.9,17.1,5.4,5.4,paid,delivered,True,20260903
ORD-0001307-1,ORD-0001307,2026-07-28,缪尔赛思-通行证,1,39.0,0.0,0.0,39.0,12.48,12.48,cancelled,cancelled,True,20260903
ORD-0001308-1,ORD-0001308,2026-06-03,余-通行证,1,39.0,0.0,0.0,39.0,12.48,12.48,paid,delivered,True,20260903
ORD-0001309-1,ORD-0001309,2026-08-03,黍-手办模玩,1,699.0,0.05,34.95,664.05,433.38,433.38,cancelled,cancelled,True,20260903
ORD-0001310-1,ORD-0001310,2026-08-10,缄默德克萨斯-手办模玩,1,699.0,0.0,0.0,699.0,433.38,433.38,paid,delivered,True,20260903
ORD-0001311-1,ORD-0001311,2026-07-07,新约能天使-亚克力制品,1,48.0,0.0,0.0,48.0,16.8,16.8,paid,delivered,True,20260903
ORD-0001312-1,ORD-0001312,2026-06-26,归溟幽灵鲨-吧唧（徽章）,1,18.0,0.0,0.0,18.0,5.4,5.4,paid,delivered,True,20260903
ORD-0001313-1,ORD-0001313,2026-06-27,贝洛内-装饰摆件,1,89.0,0.0,0.0,89.0,37.38,37.38,paid,delivered,True,20260903
ORD-0001314-1,ORD-0001314,2026-06-17,维娜·维多利亚-亚克力制品,1,48.0,0.05,2.4,45.6,16.8,16.8,paid,pending,True,20260903
ORD-0001315-1,ORD-0001315,2026-06-11,Mon3tr-通行证,1,39.0,0.05,1.95,37.05,12.48,12.48,paid,delivered,True,20260903
ORD-0001316-1,ORD-0001316,2026-07-14,望-亚克力制品,1,48.0,0.0,0.0,48.0,16.8,16.8,paid,delivered,True,20260903
ORD-0001317-1,ORD-0001317,2026-08-13,新约能天使-毛绒玩偶,1,128.0,0.0,0.0,128.0,61.44,61.44,paid,delivered,True,20260903
ORD-0001318-1,ORD-0001318,2026-08-20,Mon3tr-吧唧（徽章）,1,18.0,0.05,0.9,17.1,5.4,5.4,paid,delivered,True,20260903
ORD-0001318-2,ORD-0001318,2026-08-20,凯尔希·思衡托-装饰摆件,1,89.0,0.05,4.45,84.55,37.38,37.38,paid,delivered,True,20260903
ORD-0001319-1,ORD-0001319,2026-08-24,予愿安洁莉娜-手办模玩,2,699.0,0.05,69.9,1328.1,433.38,866.76,paid,delivered,True,20260903
ORD-0001320-1,ORD-0001320,2026-07-12,凛御银灰-日用生活,1,99.0,0.0,0.0,99.0,45.54,45.54,paid,delivered,True,20260903
ORD-0001321-1,ORD-0001321,2026-06-19,缪尔赛思-通行证,1,39.0,0.1,3.9,35.1,12.48,12.48,paid,delivered,True,20260903
ORD-0001322-1,ORD-0001322,2026-06-19,余-通行证,1,39.0,0.0,0.0,39.0,12.48,12.48,paid,delivered,True,20260903
ORD-0001323-1,ORD-0001323,2026-06-02,凛御银灰-日用生活,1,99.0,0.05,4.95,94.05,45.54,45.54,paid,delivered,True,20260903
ORD-0001324-1,ORD-0001324,2026-06-22,新约能天使-亚克力制品,1,48.0,0.1,4.8,43.2,16.8,16.8,paid,delivered,True,20260903
ORD-0001325-1,ORD-0001325,2026-06-16,黍-吧唧（徽章）,2,18.0,0.1,3.6,32.4,5.4,10.8,cancelled,cancelled,True,20260903
ORD-0001325-2,ORD-0001325,2026-06-16,酒神-吧唧（徽章）,1,18.0,0.15,2.7,15.3,5.4,5.4,cancelled,cancelled,True,20260903
ORD-0001326-1,ORD-0001326,2026-08-29,斩业星熊-吧唧（徽章）,1,18.0,0.0,0.0,18.0,5.4,5.4,paid,delivered,True,20260903
ORD-0001327-1,ORD-0001327,2026-08-07,维娜·维多利亚-亚克力制品,1,48.0,0.1,4.8,43.2,16.8,16.8,paid,delivered,True,20260903
ORD-0001328-1,ORD-0001328,2026-06-16,怒潮凛冬-毛绒玩偶,1,128.0,0.1,12.8,115.2,61.44,61.44,paid,delivered,True,20260903
ORD-0001328-2,ORD-0001328,2026-06-16,Mon3tr-亚克力制品,2,48.0,0.0,0.0,96.0,16.8,33.6,paid,delivered,True,20260903
ORD-0001329-1,ORD-0001329,2026-06-13,酒神-装饰摆件,1,89.0,0.0,0.0,89.0,37.38,37.38,paid,delivered,True,20260903
ORD-0001330-1,ORD-0001330,2026-08-28,怒潮凛冬-吧唧（徽章）,1,18.0,0.05,0.9,17.1,5.4,5.4,paid,delivered,True,20260903
ORD-0001330-2,ORD-0001330,2026-08-28,佩佩-手办模玩,1,699.0,0.1,69.9,629.1,433.38,433.38,paid,delivered,True,20260903
ORD-0001330-3,ORD-0001330,2026-08-28,缪尔赛思-吧唧（徽章）,3,18.0,0.0,0.0,54.0,5.4,16.2,paid,delivered,True,20260903
ORD-0001331-1,ORD-0001331,2026-07-31,重岳-手办模玩,1,699.0,0.1,69.9,629.1,433.38,433.38,paid,delivered,True,20260903
ORD-0001331-2,ORD-0001331,2026-07-31,斩业星熊-手办模玩,2,699.0,0.1,139.8,1258.2,433.38,866.76,paid,delivered,True,20260903
ORD-0001332-1,ORD-0001332,2026-06-23,谬因-通行证,1,39.0,0.0,0.0,39.0,12.48,12.48,paid,delivered,True,20260903
ORD-0001333-1,ORD-0001333,2026-08-06,怒潮凛冬-亚克力制品,1,48.0,0.05,2.4,45.6,16.8,16.8,paid,delivered,True,20260903
ORD-0001334-1,ORD-0001334,2026-08-07,予愿安洁莉娜-亚克力制品,1,48.0,0.0,0.0,48.0,16.8,16.8,paid,delivered,True,20260903
ORD-0001335-1,ORD-0001335,2026-06-28,重岳-装饰摆件,1,89.0,0.1,8.9,80.1,37.38,37.38,paid,delivered,True,20260903
ORD-0001336-1,ORD-0001336,2026-08-11,死芒-装饰摆件,1,89.0,0.0,0.0,89.0,37.38,37.38,paid,pending,True,20260903
ORD-0001337-1,ORD-0001337,2026-06-02,望-毛绒玩偶,1,128.0,0.0,0.0,128.0,61.44,61.44,paid,delivered,True,20260903
ORD-0001338-1,ORD-0001338,2026-08-01,酒神-日用生活,2,99.0,0.0,0.0,198.0,45.54,91.08,paid,delivered,True,20260903
ORD-0001338-2,ORD-0001338,2026-08-01,维娜·维多利亚-毛绒玩偶,2,128.0,0.05,12.8,243.2,61.44,122.88,paid,delivered,True,20260903
ORD-0001339-1,ORD-0001339,2026-07-13,新约能天使-亚克力制品,1,48.0,0.05,2.4,45.6,16.8,16.8,paid,delivered,True,20260903
ORD-0001340-1,ORD-0001340,2026-06-13,司霆惊蛰-日用生活,2,99.0,0.1,19.8,178.2,45.54,91.08,paid,delivered,True,20260903
ORD-0001341-1,ORD-0001341,2026-08-26,缄默德克萨斯-通行证,2,39.0,0.0,0.0,78.0,12.48,24.96,paid,delivered,True,20260903
ORD-0001341-2,ORD-0001341,2026-08-26,赤刃明霄陈-手办模玩,1,699.0,0.05,34.95,664.05,433.38,433.38,paid,delivered,True,20260903
ORD-0001341-3,ORD-0001341,2026-08-26,怒潮凛冬-日用生活,1,99.0,0.0,0.0,99.0,45.54,45.54,paid,delivered,True,20260903
ORD-0001342-1,ORD-0001342,2026-08-07,黍-吧唧（徽章）,2,18.0,0.05,1.8,34.2,5.4,10.8,paid,delivered,True,20260903
ORD-0001343-1,ORD-0001343,2026-07-28,望-毛绒玩偶,1,128.0,0.0,0.0,128.0,61.44,61.44,paid,delivered,True,20260903
ORD-0001343-2,ORD-0001343,2026-07-28,焰狐龙梓兰-毛绒玩偶,1,128.0,0.15,19.2,108.8,61.44,61.44,paid,delivered,True,20260903
ORD-0001344-1,ORD-0001344,2026-08-16,余-吧唧（徽章）,2,18.0,0.1,3.6,32.4,5.4,10.8,paid,delivered,True,20260903
ORD-0001345-1,ORD-0001345,2026-06-21,司霆惊蛰-装饰摆件,1,89.0,0.0,0.0,89.0,37.38,37.38,paid,delivered,True,20260903
ORD-0001345-2,ORD-0001345,2026-06-21,缪尔赛思-手办模玩,1,699.0,0.1,69.9,629.1,433.38,433.38,paid,delivered,True,20260903
ORD-0001346-1,ORD-0001346,2026-07-04,塑心-日用生活,1,99.0,0.05,4.95,94.05,45.54,45.54,paid,delivered,True,20260903
ORD-0001347-1,ORD-0001347,2026-07-18,酒神-毛绒玩偶,1,128.0,0.0,0.0,128.0,61.44,61.44,paid,delivered,True,20260903
ORD-0001348-1,ORD-0001348,2026-07-24,缇缇-亚克力制品,1,48.0,0.0,0.0,48.0,16.8,16.8,paid,delivered,True,20260903
ORD-0001349-1,ORD-0001349,2026-07-11,娜斯提-装饰摆件,1,89.0,0.0,0.0,89.0,37.38,37.38,paid,delivered,True,20260903
ORD-0001350-1,ORD-0001350,2026-08-09,凛御银灰-毛绒玩偶,1,128.0,0.05,6.4,121.6,61.44,61.44,paid,delivered,True,20260903
ORD-0001351-1,ORD-0001351,2026-08-19,司霆惊蛰-手办模玩,2,699.0,0.0,0.0,1398.0,433.38,866.76,paid,delivered,True,20260903
ORD-0001352-1,ORD-0001352,2026-06-21,斩业星熊-毛绒玩偶,1,128.0,0.05,6.4,121.6,61.44,61.44,paid,delivered,True,20260903
ORD-0001353-1,ORD-0001353,2026-06-26,贝洛内-通行证,1,39.0,0.0,0.0,39.0,12.48,12.48,paid,delivered,True,20260903
ORD-0001354-1,ORD-0001354,2026-07-25,缪尔赛思-毛绒玩偶,1,128.0,0.0,0.0,128.0,61.44,61.44,paid,delivered,True,20260903
ORD-0001355-1,ORD-0001355,2026-06-30,谬因-吧唧（徽章）,1,18.0,0.0,0.0,18.0,5.4,5.4,paid,delivered,True,20260903
ORD-0001356-1,ORD-0001356,2026-08-07,新约能天使-手办模玩,1,699.0,0.1,69.9,629.1,433.38,433.38,paid,delivered,True,20260903
ORD-0001357-1,ORD-0001357,2026-07-21,望-装饰摆件,1,89.0,0.1,8.9,80.1,37.38,37.38,paid,delivered,True,20260903
ORD-0001357-2,ORD-0001357,2026-07-21,真言-亚克力制品,1,48.0,0.0,0.0,48.0,16.8,16.8,paid,delivered,True,20260903
ORD-0001358-1,ORD-0001358,2026-07-31,纯烬艾雅法拉-手办模玩,1,699.0,0.0,0.0,699.0,433.38,433.38,paid,delivered,True,20260903
ORD-0001359-1,ORD-0001359,2026-08-06,望-亚克力制品,1,48.0,0.1,4.8,43.2,16.8,16.8,paid,delivered,True,20260903
ORD-0001360-1,ORD-0001360,2026-06-27,黍-毛绒玩偶,1,128.0,0.0,0.0,128.0,61.44,61.44,paid,delivered,True,20260903
ORD-0001360-2,ORD-0001360,2026-06-27,缪尔赛思-日用生活,1,99.0,0.05,4.95,94.05,45.54,45.54,paid,delivered,True,20260903
ORD-0001361-1,ORD-0001361,2026-06-18,缇缇-吧唧（徽章）,1,18.0,0.0,0.0,18.0,5.4,5.4,paid,delivered,True,20260903
ORD-0001362-1,ORD-0001362,2026-06-27,斩业星熊-手办模玩,1,699.0,0.05,34.95,664.05,433.38,433.38,paid,delivered,True,20260903
ORD-0001363-1,ORD-0001363,2026-06-17,凯尔希·思衡托-通行证,1,39.0,0.0,0.0,39.0,12.48,12.48,paid,delivered,True,20260903
ORD-0001364-1,ORD-0001364,2026-06-25,塑心-毛绒玩偶,1,128.0,0.0,0.0,128.0,61.44,61.44,paid,delivered,True,20260903
ORD-0001365-1,ORD-0001365,2026-08-07,维娜·维多利亚-通行证,1,39.0,0.05,1.95,37.05,12.48,12.48,paid,delivered,True,20260903
ORD-0001366-1,ORD-0001366,2026-07-01,凯尔希·思衡托-手办模玩,1,699.0,0.0,0.0,699.0,433.38,433.38,paid,delivered,True,20260903
ORD-0001366-2,ORD-0001366,2026-07-01,荒芜拉普兰德-毛绒玩偶,1,128.0,0.05,6.4,121.6,61.44,61.44,paid,delivered,True,20260903
ORD-0001367-1,ORD-0001367,2026-06-13,酒神-毛绒玩偶,1,128.0,0.0,0.0,128.0,61.44,61.44,paid,delivered,True,20260903
ORD-0001368-1,ORD-0001368,2026-07-17,凯尔希·思衡托-亚克力制品,1,48.0,0.0,0.0,48.0,16.8,16.8,paid,delivered,True,20260903
ORD-0001368-2,ORD-0001368,2026-07-17,Mon3tr-吧唧（徽章）,1,18.0,0.05,0.9,17.1,5.4,5.4,paid,delivered,True,20260903
ORD-0001369-1,ORD-0001369,2026-07-07,塑心-手办模玩,1,699.0,0.0,0.0,699.0,433.38,433.38,cancelled,cancelled,True,20260903
ORD-0001370-1,ORD-0001370,2026-06-10,焰狐龙梓兰-毛绒玩偶,1,128.0,0.05,6.4,121.6,61.44,61.44,paid,delivered,True,20260903
ORD-0001370-2,ORD-0001370,2026-06-10,余-吧唧（徽章）,1,18.0,0.05,0.9,17.1,5.4,5.4,paid,delivered,True,20260903
ORD-0001371-1,ORD-0001371,2026-08-03,黍-装饰摆件,1,89.0,0.1,8.9,80.1,37.38,37.38,paid,delivered,True,20260903
ORD-0001372-1,ORD-0001372,2026-07-30,缄默德克萨斯-吧唧（徽章）,1,18.0,0.15,2.7,15.3,5.4,5.4,paid,shipped,True,20260903
ORD-0001373-1,ORD-0001373,2026-08-22,真言-吧唧（徽章）,1,18.0,0.0,0.0,18.0,5.4,5.4,paid,delivered,True,20260903
ORD-0001374-1,ORD-0001374,2026-07-06,予愿安洁莉娜-毛绒玩偶,1,128.0,0.1,12.8,115.2,61.44,61.44,paid,delivered,True,20260903
ORD-0001375-1,ORD-0001375,2026-07-28,缄默德克萨斯-手办模玩,1,699.0,0.0,0.0,699.0,433.38,433.38,paid,delivered,True,20260903
ORD-0001375-2,ORD-0001375,2026-07-28,纯烬艾雅法拉-装饰摆件,1,89.0,0.05,4.45,84.55,37.38,37.38,paid,delivered,True,20260903
ORD-0001376-1,ORD-0001376,2026-06-24,司霆惊蛰-日用生活,1,99.0,0.0,0.0,99.0,45.54,45.54,paid,delivered,True,20260903
ORD-0001377-1,ORD-0001377,2026-06-09,贝洛内-日用生活,1,99.0,0.05,4.95,94.05,45.54,45.54,paid,delivered,True,20260903
ORD-0001377-2,ORD-0001377,2026-06-09,斩业星熊-装饰摆件,1,89.0,0.0,0.0,89.0,37.38,37.38,paid,delivered,True,20260903
ORD-0001378-1,ORD-0001378,2026-07-19,新约能天使-亚克力制品,1,48.0,0.0,0.0,48.0,16.8,16.8,paid,delivered,True,20260903
ORD-0001379-1,ORD-0001379,2026-08-04,维娜·维多利亚-手办模玩,1,699.0,0.05,34.95,664.05,433.38,433.38,paid,delivered,True,20260903
ORD-0001380-1,ORD-0001380,2026-07-25,凛御银灰-毛绒玩偶,1,128.0,0.0,0.0,128.0,61.44,61.44,paid,delivered,True,20260903
ORD-0001380-2,ORD-0001380,2026-07-25,结城理-装饰摆件,1,89.0,0.0,0.0,89.0,37.38,37.38,paid,delivered,True,20260903
ORD-0001380-3,ORD-0001380,2026-07-25,新约能天使-吧唧（徽章）,1,18.0,0.0,0.0,18.0,5.4,5.4,paid,delivered,True,20260903
ORD-0001381-1,ORD-0001381,2026-06-30,娜斯提-亚克力制品,1,48.0,0.05,2.4,45.6,16.8,16.8,paid,delivered,True,20260903
ORD-0001381-2,ORD-0001381,2026-06-30,重岳-通行证,1,39.0,0.05,1.95,37.05,12.48,12.48,paid,delivered,True,20260903
ORD-0001382-1,ORD-0001382,2026-08-05,新约能天使-日用生活,1,99.0,0.1,9.9,89.1,45.54,45.54,paid,delivered,True,20260903
ORD-0001383-1,ORD-0001383,2026-07-01,司霆惊蛰-装饰摆件,1,89.0,0.15,13.35,75.65,37.38,37.38,paid,delivered,True,20260903
ORD-0001383-2,ORD-0001383,2026-07-01,予愿安洁莉娜-毛绒玩偶,2,128.0,0.0,0.0,256.0,61.44,122.88,paid,delivered,True,20260903
ORD-0001384-1,ORD-0001384,2026-07-09,佩佩-亚克力制品,1,48.0,0.15,7.2,40.8,16.8,16.8,cancelled,cancelled,True,20260903
ORD-0001385-1,ORD-0001385,2026-08-02,酒神-毛绒玩偶,1,128.0,0.0,0.0,128.0,61.44,61.44,paid,pending,True,20260903
ORD-0001385-2,ORD-0001385,2026-08-02,黍-毛绒玩偶,1,128.0,0.0,0.0,128.0,61.44,61.44,paid,pending,True,20260903
ORD-0001386-1,ORD-0001386,2026-06-20,塑心-日用生活,1,99.0,0.05,4.95,94.05,45.54,45.54,paid,delivered,True,20260903
ORD-0001386-2,ORD-0001386,2026-06-20,娜斯提-手办模玩,1,699.0,0.0,0.0,699.0,433.38,433.38,paid,delivered,True,20260903
ORD-0001387-1,ORD-0001387,2026-06-17,Mon3tr-手办模玩,1,699.0,0.1,69.9,629.1,433.38,433.38,paid,delivered,True,20260903
ORD-0001387-2,ORD-0001387,2026-06-17,荒芜拉普兰德-吧唧（徽章）,1,18.0,0.0,0.0,18.0,5.4,5.4,paid,delivered,True,20260903
ORD-0001388-1,ORD-0001388,2026-08-01,缇缇-通行证,1,39.0,0.0,0.0,39.0,12.48,12.48,paid,delivered,True,20260903
ORD-0001388-2,ORD-0001388,2026-08-01,凛御银灰-吧唧（徽章）,1,18.0,0.0,0.0,18.0,5.4,5.4,paid,delivered,True,20260903
ORD-0001389-1,ORD-0001389,2026-06-22,酒神-日用生活,1,99.0,0.1,9.9,89.1,45.54,45.54,paid,delivered,True,20260903
ORD-0001389-2,ORD-0001389,2026-06-22,结城理-装饰摆件,1,89.0,0.1,8.9,80.1,37.38,37.38,paid,delivered,True,20260903
ORD-0001389-3,ORD-0001389,2026-06-22,归溟幽灵鲨-装饰摆件,1,89.0,0.0,0.0,89.0,37.38,37.38,paid,delivered,True,20260903
ORD-0001390-1,ORD-0001390,2026-08-01,新约能天使-手办模玩,2,699.0,0.0,0.0,1398.0,433.38,866.76,paid,delivered,True,20260903
ORD-0001391-1,ORD-0001391,2026-08-27,酒神-吧唧（徽章）,1,18.0,0.0,0.0,18.0,5.4,5.4,paid,delivered,True,20260903
ORD-0001391-2,ORD-0001391,2026-08-27,予愿安洁莉娜-通行证,1,39.0,0.0,0.0,39.0,12.48,12.48,paid,delivered,True,20260903
ORD-0001392-1,ORD-0001392,2026-06-03,重岳-日用生活,1,99.0,0.0,0.0,99.0,45.54,45.54,paid,delivered,True,20260903
ORD-0001393-1,ORD-0001393,2026-08-02,维娜·维多利亚-吧唧（徽章）,1,18.0,0.15,2.7,15.3,5.4,5.4,paid,delivered,True,20260903
ORD-0001394-1,ORD-0001394,2026-08-04,缇缇-通行证,1,39.0,0.1,3.9,35.1,12.48,12.48,paid,delivered,True,20260903
ORD-0001395-1,ORD-0001395,2026-08-01,归溟幽灵鲨-装饰摆件,1,89.0,0.05,4.45,84.55,37.38,37.38,paid,delivered,True,20260903
ORD-0001396-1,ORD-0001396,2026-08-13,予愿安洁莉娜-手办模玩,1,699.0,0.0,0.0,699.0,433.38,433.38,paid,delivered,True,20260903
ORD-0001397-1,ORD-0001397,2026-08-21,怒潮凛冬-通行证,1,39.0,0.0,0.0,39.0,12.48,12.48,paid,delivered,True,20260903
ORD-0001398-1,ORD-0001398,2026-06-05,维娜·维多利亚-通行证,1,39.0,0.0,0.0,39.0,12.48,12.48,paid,delivered,True,20260903
ORD-0001399-1,ORD-0001399,2026-06-16,望-吧唧（徽章）,1,18.0,0.1,1.8,16.2,5.4,5.4,cancelled,cancelled,True,20260903
ORD-0001399-2,ORD-0001399,2026-06-16,缪尔赛思-亚克力制品,1,48.0,0.0,0.0,48.0,16.8,16.8,cancelled,cancelled,True,20260903
ORD-0001400-1,ORD-0001400,2026-08-12,结城理-手办模玩,1,699.0,0.0,0.0,699.0,433.38,433.38,paid,delivered,True,20260903
ORD-0001401-1,ORD-0001401,2026-06-15,余-通行证,1,39.0,0.05,1.95,37.05,12.48,12.48,paid,delivered,True,20260903
ORD-0001401-2,ORD-0001401,2026-06-15,谬因-毛绒玩偶,1,128.0,0.0,0.0,128.0,61.44,61.44,paid,delivered,True,20260903
ORD-0001402-1,ORD-0001402,2026-06-11,缄默德克萨斯-装饰摆件,1,89.0,0.0,0.0,89.0,37.38,37.38,paid,delivered,True,20260903
ORD-0001403-1,ORD-0001403,2026-06-21,Mon3tr-手办模玩,1,699.0,0.0,0.0,699.0,433.38,433.38,paid,delivered,True,20260903
ORD-0001404-1,ORD-0001404,2026-07-09,余-日用生活,1,99.0,0.0,0.0,99.0,45.54,45.54,paid,delivered,True,20260903
ORD-0001405-1,ORD-0001405,2026-07-10,缪尔赛思-日用生活,2,99.0,0.1,19.8,178.2,45.54,91.08,paid,delivered,True,20260903
ORD-0001406-1,ORD-0001406,2026-07-31,黍-手办模玩,1,699.0,0.0,0.0,699.0,433.38,433.38,paid,delivered,True,20260903
ORD-0001407-1,ORD-0001407,2026-06-11,谬因-亚克力制品,1,48.0,0.1,4.8,43.2,16.8,16.8,paid,delivered,True,20260903
ORD-0001407-2,ORD-0001407,2026-06-11,Mon3tr-装饰摆件,1,89.0,0.05,4.45,84.55,37.38,37.38,paid,delivered,True,20260903
ORD-0001408-1,ORD-0001408,2026-08-22,真言-手办模玩,1,699.0,0.0,0.0,699.0,433.38,433.38,paid,delivered,True,20260903
ORD-0001409-1,ORD-0001409,2026-07-21,凛御银灰-亚克力制品,1,48.0,0.15,7.2,40.8,16.8,16.8,paid,delivered,True,20260903
ORD-0001410-1,ORD-0001410,2026-06-19,望-通行证,1,39.0,0.0,0.0,39.0,12.48,12.48,paid,delivered,True,20260903
ORD-0001410-2,ORD-0001410,2026-06-19,纯烬艾雅法拉-毛绒玩偶,1,128.0,0.1,12.8,115.2,61.44,61.44,paid,delivered,True,20260903
ORD-0001411-1,ORD-0001411,2026-06-17,黍-日用生活,1,99.0,0.0,0.0,99.0,45.54,45.54,cancelled,cancelled,True,20260903
ORD-0001412-1,ORD-0001412,2026-06-19,佩佩-手办模玩,1,699.0,0.05,34.95,664.05,433.38,433.38,paid,delivered,True,20260903
ORD-0001412-2,ORD-0001412,2026-06-19,斩业星熊-日用生活,1,99.0,0.0,0.0,99.0,45.54,45.54,paid,delivered,True,20260903
ORD-0001413-1,ORD-0001413,2026-06-04,佩佩-亚克力制品,1,48.0,0.05,2.4,45.6,16.8,16.8,paid,delivered,True,20260903
ORD-0001414-1,ORD-0001414,2026-08-13,焰狐龙梓兰-日用生活,1,99.0,0.05,4.95,94.05,45.54,45.54,paid,delivered,True,20260903
ORD-0001414-2,ORD-0001414,2026-08-13,新约能天使-装饰摆件,1,89.0,0.0,0.0,89.0,37.38,37.38,paid,delivered,True,20260903
ORD-0001415-1,ORD-0001415,2026-08-28,谬因-通行证,1,39.0,0.0,0.0,39.0,12.48,12.48,paid,delivered,True,20260903
ORD-0001416-1,ORD-0001416,2026-08-15,新约能天使-通行证,1,39.0,0.1,3.9,35.1,12.48,12.48,paid,delivered,True,20260903
ORD-0001417-1,ORD-0001417,2026-07-11,荒芜拉普兰德-毛绒玩偶,1,128.0,0.0,0.0,128.0,61.44,61.44,cancelled,cancelled,True,20260903
ORD-0001418-1,ORD-0001418,2026-06-28,归溟幽灵鲨-装饰摆件,1,89.0,0.0,0.0,89.0,37.38,37.38,paid,delivered,True,20260903
ORD-0001419-1,ORD-0001419,2026-07-19,凛御银灰-吧唧（徽章）,1,18.0,0.1,1.8,16.2,5.4,5.4,paid,delivered,True,20260903
ORD-0001419-2,ORD-0001419,2026-07-19,黍-吧唧（徽章）,1,18.0,0.0,0.0,18.0,5.4,5.4,paid,delivered,True,20260903
ORD-0001420-1,ORD-0001420,2026-08-03,归溟幽灵鲨-装饰摆件,1,89.0,0.0,0.0,89.0,37.38,37.38,paid,delivered,True,20260903
ORD-0001421-1,ORD-0001421,2026-08-19,赤刃明霄陈-装饰摆件,1,89.0,0.0,0.0,89.0,37.38,37.38,paid,delivered,True,20260903
ORD-0001421-2,ORD-0001421,2026-08-19,司霆惊蛰-吧唧（徽章）,1,18.0,0.1,1.8,16.2,5.4,5.4,paid,delivered,True,20260903
ORD-0001422-1,ORD-0001422,2026-06-02,望-亚克力制品,2,48.0,0.0,0.0,96.0,16.8,33.6,paid,delivered,True,20260903
ORD-0001423-1,ORD-0001423,2026-07-13,维娜·维多利亚-吧唧（徽章）,1,18.0,0.0,0.0,18.0,5.4,5.4,paid,delivered,True,20260903
ORD-0001424-1,ORD-0001424,2026-08-27,赤刃明霄陈-手办模玩,1,699.0,0.05,34.95,664.05,433.38,433.38,paid,delivered,True,20260903
ORD-0001424-2,ORD-0001424,2026-08-27,新约能天使-通行证,1,39.0,0.1,3.9,35.1,12.48,12.48,paid,delivered,True,20260903
ORD-0001425-1,ORD-0001425,2026-08-05,焰狐龙梓兰-通行证,1,39.0,0.05,1.95,37.05,12.48,12.48,paid,delivered,True,20260903
ORD-0001426-1,ORD-0001426,2026-07-13,予愿安洁莉娜-亚克力制品,1,48.0,0.1,4.8,43.2,16.8,16.8,paid,delivered,True,20260903
ORD-0001427-1,ORD-0001427,2026-07-24,新约能天使-毛绒玩偶,1,128.0,0.1,12.8,115.2,61.44,61.44,paid,delivered,True,20260903
ORD-0001428-1,ORD-0001428,2026-07-26,黍-装饰摆件,1,89.0,0.0,0.0,89.0,37.38,37.38,paid,delivered,True,20260903
ORD-0001429-1,ORD-0001429,2026-06-21,归溟幽灵鲨-毛绒玩偶,2,128.0,0.0,0.0,256.0,61.44,122.88,paid,delivered,True,20260903
ORD-0001430-1,ORD-0001430,2026-06-21,怒潮凛冬-吧唧（徽章）,2,18.0,0.05,1.8,34.2,5.4,10.8,paid,delivered,True,20260903
ORD-0001431-1,ORD-0001431,2026-07-27,余-吧唧（徽章）,1,18.0,0.0,0.0,18.0,5.4,5.4,paid,delivered,True,20260903
ORD-0001432-1,ORD-0001432,2026-06-06,重岳-手办模玩,1,699.0,0.1,69.9,629.1,433.38,433.38,paid,delivered,True,20260903
ORD-0001433-1,ORD-0001433,2026-06-30,司霆惊蛰-通行证,1,39.0,0.05,1.95,37.05,12.48,12.48,paid,delivered,True,20260903
ORD-0001434-1,ORD-0001434,2026-08-08,重岳-日用生活,1,99.0,0.15,14.85,84.15,45.54,45.54,paid,delivered,True,20260903
ORD-0001434-2,ORD-0001434,2026-08-08,凯尔希·思衡托-毛绒玩偶,1,128.0,0.05,6.4,121.6,61.44,61.44,paid,delivered,True,20260903
ORD-0001435-1,ORD-0001435,2026-07-06,缄默德克萨斯-手办模玩,1,699.0,0.1,69.9,629.1,433.38,433.38,paid,delivered,True,20260903
ORD-0001436-1,ORD-0001436,2026-06-03,缇缇-日用生活,1,99.0,0.0,0.0,99.0,45.54,45.54,paid,delivered,True,20260903
ORD-0001437-1,ORD-0001437,2026-08-01,凯尔希·思衡托-装饰摆件,1,89.0,0.0,0.0,89.0,37.38,37.38,paid,delivered,True,20260903
ORD-0001438-1,ORD-0001438,2026-08-20,贝洛内-毛绒玩偶,1,128.0,0.05,6.4,121.6,61.44,61.44,paid,delivered,True,20260903
ORD-0001439-1,ORD-0001439,2026-07-28,酒神-亚克力制品,2,48.0,0.0,0.0,96.0,16.8,33.6,cancelled,cancelled,True,20260903
ORD-0001439-2,ORD-0001439,2026-07-28,Mon3tr-吧唧（徽章）,1,18.0,0.0,0.0,18.0,5.4,5.4,cancelled,cancelled,True,20260903
ORD-0001440-1,ORD-0001440,2026-07-28,怒潮凛冬-装饰摆件,1,89.0,0.05,4.45,84.55,37.38,37.38,paid,delivered,True,20260903
ORD-0001441-1,ORD-0001441,2026-07-20,斩业星熊-吧唧（徽章）,1,18.0,0.05,0.9,17.1,5.4,5.4,cancelled,cancelled,True,20260903
ORD-0001441-2,ORD-0001441,2026-07-20,Mon3tr-装饰摆件,1,89.0,0.05,4.45,84.55,37.38,37.38,cancelled,cancelled,True,20260903
ORD-0001442-1,ORD-0001442,2026-06-02,结城理-吧唧（徽章）,1,18.0,0.0,0.0,18.0,5.4,5.4,paid,delivered,True,20260903
ORD-0001443-1,ORD-0001443,2026-06-24,新约能天使-装饰摆件,1,89.0,0.1,8.9,80.1,37.38,37.38,paid,delivered,True,20260903
ORD-0001444-1,ORD-0001444,2026-06-30,焰狐龙梓兰-吧唧（徽章）,1,18.0,0.0,0.0,18.0,5.4,5.4,paid,delivered,True,20260903
ORD-0001445-1,ORD-0001445,2026-08-05,谬因-毛绒玩偶,1,128.0,0.05,6.4,121.6,61.44,61.44,paid,delivered,True,20260903
ORD-0001446-1,ORD-0001446,2026-06-12,怒潮凛冬-通行证,1,39.0,0.05,1.95,37.05,12.48,12.48,paid,delivered,True,20260903
ORD-0001446-2,ORD-0001446,2026-06-12,佩佩-手办模玩,2,699.0,0.05,69.9,1328.1,433.38,866.76,paid,delivered,True,20260903
ORD-0001447-1,ORD-0001447,2026-08-09,纯烬艾雅法拉-日用生活,1,99.0,0.0,0.0,99.0,45.54,45.54,paid,shipped,True,20260903
ORD-0001448-1,ORD-0001448,2026-07-30,Mon3tr-通行证,1,39.0,0.0,0.0,39.0,12.48,12.48,paid,delivered,True,20260903
ORD-0001449-1,ORD-0001449,2026-07-09,缇缇-手办模玩,1,699.0,0.0,0.0,699.0,433.38,433.38,paid,delivered,True,20260903
ORD-0001450-1,ORD-0001450,2026-06-20,余-亚克力制品,1,48.0,0.1,4.8,43.2,16.8,16.8,paid,delivered,True,20260903
ORD-0001450-2,ORD-0001450,2026-06-20,凛御银灰-亚克力制品,1,48.0,0.0,0.0,48.0,16.8,16.8,paid,delivered,True,20260903
ORD-0001451-1,ORD-0001451,2026-07-01,赤刃明霄陈-吧唧（徽章）,2,18.0,0.0,0.0,36.0,5.4,10.8,paid,delivered,True,20260903
ORD-0001452-1,ORD-0001452,2026-06-21,纯烬艾雅法拉-日用生活,1,99.0,0.1,9.9,89.1,45.54,45.54,paid,delivered,True,20260903
ORD-0001453-1,ORD-0001453,2026-06-25,维娜·维多利亚-日用生活,1,99.0,0.15,14.85,84.15,45.54,45.54,paid,delivered,True,20260903
ORD-0001454-1,ORD-0001454,2026-07-11,维娜·维多利亚-日用生活,1,99.0,0.0,0.0,99.0,45.54,45.54,paid,delivered,True,20260903
ORD-0001455-1,ORD-0001455,2026-06-19,结城理-亚克力制品,1,48.0,0.1,4.8,43.2,16.8,16.8,paid,delivered,True,20260903
ORD-0001456-1,ORD-0001456,2026-07-28,新约能天使-手办模玩,1,699.0,0.0,0.0,699.0,433.38,433.38,paid,shipped,True,20260903
ORD-0001457-1,ORD-0001457,2026-07-29,望-装饰摆件,1,89.0,0.0,0.0,89.0,37.38,37.38,paid,delivered,True,20260903
ORD-0001458-1,ORD-0001458,2026-08-28,结城理-亚克力制品,1,48.0,0.05,2.4,45.6,16.8,16.8,paid,delivered,True,20260903
ORD-0001459-1,ORD-0001459,2026-07-13,斩业星熊-吧唧（徽章）,2,18.0,0.05,1.8,34.2,5.4,10.8,paid,delivered,True,20260903
ORD-0001460-1,ORD-0001460,2026-07-23,予愿安洁莉娜-日用生活,1,99.0,0.05,4.95,94.05,45.54,45.54,paid,delivered,True,20260903
ORD-0001461-1,ORD-0001461,2026-07-11,予愿安洁莉娜-装饰摆件,1,89.0,0.0,0.0,89.0,37.38,37.38,paid,delivered,True,20260903
ORD-0001462-1,ORD-0001462,2026-06-18,死芒-装饰摆件,1,89.0,0.0,0.0,89.0,37.38,37.38,paid,delivered,True,20260903
ORD-0001462-2,ORD-0001462,2026-06-18,予愿安洁莉娜-装饰摆件,1,89.0,0.05,4.45,84.55,37.38,37.38,paid,delivered,True,20260903
ORD-0001463-1,ORD-0001463,2026-08-01,死芒-日用生活,1,99.0,0.05,4.95,94.05,45.54,45.54,paid,delivered,True,20260903
ORD-0001464-1,ORD-0001464,2026-06-17,新约能天使-吧唧（徽章）,1,18.0,0.0,0.0,18.0,5.4,5.4,paid,delivered,True,20260903
ORD-0001465-1,ORD-0001465,2026-08-01,归溟幽灵鲨-毛绒玩偶,1,128.0,0.05,6.4,121.6,61.44,61.44,paid,delivered,True,20260903
ORD-0001466-1,ORD-0001466,2026-06-17,Mon3tr-手办模玩,1,699.0,0.05,34.95,664.05,433.38,433.38,paid,delivered,True,20260903
ORD-0001466-2,ORD-0001466,2026-06-17,焰狐龙梓兰-手办模玩,2,699.0,0.0,0.0,1398.0,433.38,866.76,paid,delivered,True,20260903
ORD-0001467-1,ORD-0001467,2026-08-22,怒潮凛冬-毛绒玩偶,1,128.0,0.0,0.0,128.0,61.44,61.44,paid,delivered,True,20260903
ORD-0001468-1,ORD-0001468,2026-06-06,司霆惊蛰-手办模玩,2,699.0,0.1,139.8,1258.2,433.38,866.76,paid,pending,True,20260903
ORD-0001468-2,ORD-0001468,2026-06-06,谬因-亚克力制品,3,48.0,0.1,14.4,129.6,16.8,50.4,paid,pending,True,20260903
ORD-0001469-1,ORD-0001469,2026-08-09,死芒-亚克力制品,1,48.0,0.1,4.8,43.2,16.8,16.8,paid,delivered,True,20260903
ORD-0001470-1,ORD-0001470,2026-08-10,佩佩-手办模玩,1,699.0,0.0,0.0,699.0,433.38,433.38,paid,delivered,True,20260903
ORD-0001471-1,ORD-0001471,2026-06-28,凯尔希·思衡托-亚克力制品,1,48.0,0.0,0.0,48.0,16.8,16.8,paid,delivered,True,20260903
ORD-0001472-1,ORD-0001472,2026-06-17,重岳-毛绒玩偶,1,128.0,0.05,6.4,121.6,61.44,61.44,paid,delivered,True,20260903
ORD-0001473-1,ORD-0001473,2026-08-02,Mon3tr-日用生活,1,99.0,0.05,4.95,94.05,45.54,45.54,paid,delivered,True,20260903
ORD-0001474-1,ORD-0001474,2026-07-16,Mon3tr-日用生活,1,99.0,0.0,0.0,99.0,45.54,45.54,paid,delivered,True,20260903
ORD-0001475-1,ORD-0001475,2026-08-02,黍-手办模玩,1,699.0,0.0,0.0,699.0,433.38,433.38,paid,delivered,True,20260903
ORD-0001476-1,ORD-0001476,2026-07-02,黍-手办模玩,1,699.0,0.15,104.85,594.15,433.38,433.38,paid,delivered,True,20260903
ORD-0001477-1,ORD-0001477,2026-06-18,焰狐龙梓兰-亚克力制品,1,48.0,0.0,0.0,48.0,16.8,16.8,paid,delivered,True,20260903
ORD-0001477-2,ORD-0001477,2026-06-18,凯尔希·思衡托-日用生活,1,99.0,0.0,0.0,99.0,45.54,45.54,paid,delivered,True,20260903
ORD-0001478-1,ORD-0001478,2026-07-15,司霆惊蛰-装饰摆件,1,89.0,0.1,8.9,80.1,37.38,37.38,paid,delivered,True,20260903
ORD-0001479-1,ORD-0001479,2026-06-19,望-毛绒玩偶,1,128.0,0.05,6.4,121.6,61.44,61.44,paid,delivered,True,20260903
ORD-0001480-1,ORD-0001480,2026-07-18,凛御银灰-亚克力制品,1,48.0,0.0,0.0,48.0,16.8,16.8,paid,delivered,True,20260903
ORD-0001481-1,ORD-0001481,2026-06-18,纯烬艾雅法拉-日用生活,1,99.0,0.1,9.9,89.1,45.54,45.54,paid,delivered,True,20260903
ORD-0001482-1,ORD-0001482,2026-08-05,酒神-手办模玩,2,699.0,0.1,139.8,1258.2,433.38,866.76,cancelled,cancelled,True,20260903
ORD-0001483-1,ORD-0001483,2026-08-19,缇缇-吧唧（徽章）,1,18.0,0.1,1.8,16.2,5.4,5.4,paid,delivered,True,20260903
ORD-0001484-1,ORD-0001484,2026-06-02,结城理-吧唧（徽章）,1,18.0,0.15,2.7,15.3,5.4,5.4,paid,delivered,True,20260903
ORD-0001485-1,ORD-0001485,2026-07-02,新约能天使-毛绒玩偶,1,128.0,0.1,12.8,115.2,61.44,61.44,paid,delivered,True,20260903
ORD-0001486-1,ORD-0001486,2026-06-10,真言-装饰摆件,1,89.0,0.0,0.0,89.0,37.38,37.38,cancelled,cancelled,True,20260903
ORD-0001487-1,ORD-0001487,2026-06-21,斩业星熊-日用生活,1,99.0,0.0,0.0,99.0,45.54,45.54,paid,delivered,True,20260903
ORD-0001488-1,ORD-0001488,2026-06-30,新约能天使-装饰摆件,1,89.0,0.0,0.0,89.0,37.38,37.38,paid,delivered,True,20260903
ORD-0001489-1,ORD-0001489,2026-08-09,凯尔希·思衡托-吧唧（徽章）,1,18.0,0.0,0.0,18.0,5.4,5.4,paid,shipped,True,20260903
ORD-0001489-2,ORD-0001489,2026-08-09,斩业星熊-亚克力制品,1,48.0,0.05,2.4,45.6,16.8,16.8,paid,shipped,True,20260903
ORD-0001490-1,ORD-0001490,2026-08-03,焰狐龙梓兰-吧唧（徽章）,1,18.0,0.0,0.0,18.0,5.4,5.4,paid,delivered,True,20260903
ORD-0001491-1,ORD-0001491,2026-08-12,缇缇-亚克力制品,1,48.0,0.05,2.4,45.6,16.8,16.8,paid,delivered,True,20260903
ORD-0001492-1,ORD-0001492,2026-07-12,贝洛内-毛绒玩偶,1,128.0,0.0,0.0,128.0,61.44,61.44,paid,shipped,True,20260903
ORD-0001492-2,ORD-0001492,2026-07-12,娜斯提-吧唧（徽章）,1,18.0,0.0,0.0,18.0,5.4,5.4,paid,shipped,True,20260903
ORD-0001493-1,ORD-0001493,2026-06-30,死芒-装饰摆件,1,89.0,0.05,4.45,84.55,37.38,37.38,paid,delivered,True,20260903
ORD-0001494-1,ORD-0001494,2026-06-23,真言-日用生活,1,99.0,0.0,0.0,99.0,45.54,45.54,paid,delivered,True,20260903
ORD-0001494-2,ORD-0001494,2026-06-23,归溟幽灵鲨-手办模玩,1,699.0,0.15,104.85,594.15,433.38,433.38,paid,delivered,True,20260903
ORD-0001494-3,ORD-0001494,2026-06-23,归溟幽灵鲨-吧唧（徽章）,1,18.0,0.0,0.0,18.0,5.4,5.4,paid,delivered,True,20260903
ORD-0001495-1,ORD-0001495,2026-08-27,真言-吧唧（徽章）,1,18.0,0.0,0.0,18.0,5.4,5.4,paid,shipped,True,20260903
ORD-0001496-1,ORD-0001496,2026-08-13,真言-手办模玩,1,699.0,0.05,34.95,664.05,433.38,433.38,paid,delivered,True,20260903
ORD-0001497-1,ORD-0001497,2026-07-31,娜斯提-手办模玩,1,699.0,0.0,0.0,699.0,433.38,433.38,paid,delivered,True,20260903
ORD-0001498-1,ORD-0001498,2026-08-16,赤刃明霄陈-吧唧（徽章）,1,18.0,0.0,0.0,18.0,5.4,5.4,paid,delivered,True,20260903
ORD-0001499-1,ORD-0001499,2026-06-07,贝洛内-装饰摆件,1,89.0,0.0,0.0,89.0,37.38,37.38,paid,delivered,True,20260903
ORD-0001499-2,ORD-0001499,2026-06-07,怒潮凛冬-毛绒玩偶,1,128.0,0.1,12.8,115.2,61.44,61.44,paid,delivered,True,20260903
ORD-0001500-1,ORD-0001500,2026-08-08,斩业星熊-装饰摆件,2,89.0,0.0,0.0,178.0,37.38,74.76,paid,delivered,True,20260903
ORD-0001501-1,ORD-0001501,2026-08-08,凯尔希·思衡托-通行证,1,39.0,0.0,0.0,39.0,12.48,12.48,paid,shipped,True,20260903
ORD-0001502-1,ORD-0001502,2026-07-25,佩佩-亚克力制品,1,48.0,0.0,0.0,48.0,16.8,16.8,paid,delivered,True,20260903
ORD-0001503-1,ORD-0001503,2026-06-19,纯烬艾雅法拉-手办模玩,1,699.0,0.05,34.95,664.05,433.38,433.38,paid,delivered,True,20260903
ORD-0001503-2,ORD-0001503,2026-06-19,结城理-毛绒玩偶,3,128.0,0.0,0.0,384.0,61.44,184.32,paid,delivered,True,20260903
ORD-0001503-3,ORD-0001503,2026-06-19,贝洛内-装饰摆件,1,89.0,0.0,0.0,89.0,37.38,37.38,paid,delivered,True,20260903
ORD-0001504-1,ORD-0001504,2026-07-03,佩佩-通行证,1,39.0,0.0,0.0,39.0,12.48,12.48,paid,delivered,True,20260903
ORD-0001504-2,ORD-0001504,2026-07-03,归溟幽灵鲨-毛绒玩偶,2,128.0,0.0,0.0,256.0,61.44,122.88,paid,delivered,True,20260903
ORD-0001505-1,ORD-0001505,2026-08-03,新约能天使-通行证,1,39.0,0.05,1.95,37.05,12.48,12.48,paid,pending,True,20260903
ORD-0001506-1,ORD-0001506,2026-07-12,缇缇-亚克力制品,1,48.0,0.1,4.8,43.2,16.8,16.8,paid,delivered,True,20260903
ORD-0001507-1,ORD-0001507,2026-07-12,纯烬艾雅法拉-装饰摆件,1,89.0,0.0,0.0,89.0,37.38,37.38,paid,delivered,True,20260903
ORD-0001508-1,ORD-0001508,2026-07-08,荒芜拉普兰德-亚克力制品,1,48.0,0.0,0.0,48.0,16.8,16.8,paid,delivered,True,20260903
ORD-0001509-1,ORD-0001509,2026-06-20,荒芜拉普兰德-亚克力制品,1,48.0,0.0,0.0,48.0,16.8,16.8,paid,delivered,True,20260903
ORD-0001510-1,ORD-0001510,2026-07-08,缄默德克萨斯-手办模玩,2,699.0,0.05,69.9,1328.1,433.38,866.76,paid,delivered,True,20260903
ORD-0001511-1,ORD-0001511,2026-06-13,重岳-亚克力制品,2,48.0,0.0,0.0,96.0,16.8,33.6,paid,shipped,True,20260903
ORD-0001512-1,ORD-0001512,2026-07-25,凯尔希·思衡托-日用生活,1,99.0,0.0,0.0,99.0,45.54,45.54,paid,delivered,True,20260903
ORD-0001513-1,ORD-0001513,2026-07-30,斩业星熊-日用生活,1,99.0,0.0,0.0,99.0,45.54,45.54,paid,delivered,True,20260903
ORD-0001514-1,ORD-0001514,2026-08-02,荒芜拉普兰德-手办模玩,1,699.0,0.05,34.95,664.05,433.38,433.38,paid,delivered,True,20260903
ORD-0001514-2,ORD-0001514,2026-08-02,斩业星熊-日用生活,1,99.0,0.05,4.95,94.05,45.54,45.54,paid,delivered,True,20260903
ORD-0001515-1,ORD-0001515,2026-08-27,佩佩-装饰摆件,2,89.0,0.05,8.9,169.1,37.38,74.76,paid,delivered,True,20260903
ORD-0001516-1,ORD-0001516,2026-08-27,怒潮凛冬-装饰摆件,1,89.0,0.1,8.9,80.1,37.38,37.38,paid,delivered,True,20260903
ORD-0001516-2,ORD-0001516,2026-08-27,塑心-亚克力制品,1,48.0,0.0,0.0,48.0,16.8,16.8,paid,delivered,True,20260903
ORD-0001516-3,ORD-0001516,2026-08-27,重岳-通行证,1,39.0,0.0,0.0,39.0,12.48,12.48,paid,delivered,True,20260903
ORD-0001517-1,ORD-0001517,2026-07-19,谬因-吧唧（徽章）,1,18.0,0.1,1.8,16.2,5.4,5.4,paid,delivered,True,20260903
ORD-0001518-1,ORD-0001518,2026-07-23,焰狐龙梓兰-通行证,1,39.0,0.0,0.0,39.0,12.48,12.48,paid,delivered,True,20260903
ORD-0001518-2,ORD-0001518,2026-07-23,缄默德克萨斯-毛绒玩偶,1,128.0,0.05,6.4,121.6,61.44,61.44,paid,delivered,True,20260903
ORD-0001519-1,ORD-0001519,2026-07-22,新约能天使-毛绒玩偶,1,128.0,0.05,6.4,121.6,61.44,61.44,paid,delivered,True,20260903
ORD-0001520-1,ORD-0001520,2026-07-02,归溟幽灵鲨-亚克力制品,1,48.0,0.05,2.4,45.6,16.8,16.8,paid,delivered,True,20260903
ORD-0001521-1,ORD-0001521,2026-07-01,重岳-亚克力制品,1,48.0,0.0,0.0,48.0,16.8,16.8,paid,delivered,True,20260903
ORD-0001522-1,ORD-0001522,2026-06-15,Mon3tr-毛绒玩偶,2,128.0,0.0,0.0,256.0,61.44,122.88,paid,delivered,True,20260903
ORD-0001522-2,ORD-0001522,2026-06-15,望-毛绒玩偶,1,128.0,0.0,0.0,128.0,61.44,61.44,paid,delivered,True,20260903
ORD-0001523-1,ORD-0001523,2026-06-22,塑心-毛绒玩偶,1,128.0,0.15,19.2,108.8,61.44,61.44,paid,delivered,True,20260903
ORD-0001524-1,ORD-0001524,2026-06-04,凛御银灰-装饰摆件,1,89.0,0.0,0.0,89.0,37.38,37.38,paid,delivered,True,20260903
ORD-0001524-2,ORD-0001524,2026-06-04,结城理-装饰摆件,1,89.0,0.1,8.9,80.1,37.38,37.38,paid,delivered,True,20260903
ORD-0001525-1,ORD-0001525,2026-06-07,维娜·维多利亚-亚克力制品,1,48.0,0.05,2.4,45.6,16.8,16.8,paid,delivered,True,20260903
ORD-0001525-2,ORD-0001525,2026-06-07,归溟幽灵鲨-毛绒玩偶,1,128.0,0.1,12.8,115.2,61.44,61.44,paid,delivered,True,20260903
ORD-0001526-1,ORD-0001526,2026-08-12,缄默德克萨斯-装饰摆件,2,89.0,0.0,0.0,178.0,37.38,74.76,paid,delivered,True,20260903
ORD-0001527-1,ORD-0001527,2026-08-19,死芒-装饰摆件,1,89.0,0.0,0.0,89.0,37.38,37.38,paid,delivered,True,20260903
ORD-0001528-1,ORD-0001528,2026-06-02,维娜·维多利亚-日用生活,1,99.0,0.0,0.0,99.0,45.54,45.54,paid,delivered,True,20260903
ORD-0001529-1,ORD-0001529,2026-07-28,谬因-吧唧（徽章）,1,18.0,0.05,0.9,17.1,5.4,5.4,paid,delivered,True,20260903
ORD-0001529-2,ORD-0001529,2026-07-28,Mon3tr-吧唧（徽章）,1,18.0,0.0,0.0,18.0,5.4,5.4,paid,delivered,True,20260903
ORD-0001530-1,ORD-0001530,2026-06-13,余-通行证,2,39.0,0.0,0.0,78.0,12.48,24.96,paid,delivered,True,20260903
ORD-0001531-1,ORD-0001531,2026-06-17,余-亚克力制品,1,48.0,0.05,2.4,45.6,16.8,16.8,paid,delivered,True,20260903
ORD-0001532-1,ORD-0001532,2026-06-29,真言-吧唧（徽章）,1,18.0,0.05,0.9,17.1,5.4,5.4,paid,delivered,True,20260903
ORD-0001533-1,ORD-0001533,2026-06-04,斩业星熊-亚克力制品,1,48.0,0.0,0.0,48.0,16.8,16.8,paid,delivered,True,20260903
ORD-0001534-1,ORD-0001534,2026-06-17,予愿安洁莉娜-吧唧（徽章）,1,18.0,0.0,0.0,18.0,5.4,5.4,paid,delivered,True,20260903
ORD-0001535-1,ORD-0001535,2026-06-09,结城理-亚克力制品,1,48.0,0.05,2.4,45.6,16.8,16.8,paid,delivered,True,20260903
ORD-0001536-1,ORD-0001536,2026-08-11,凛御银灰-通行证,1,39.0,0.05,1.95,37.05,12.48,12.48,paid,delivered,True,20260903
ORD-0001536-2,ORD-0001536,2026-08-11,余-毛绒玩偶,1,128.0,0.0,0.0,128.0,61.44,61.44,paid,delivered,True,20260903
ORD-0001537-1,ORD-0001537,2026-08-27,凯尔希·思衡托-亚克力制品,1,48.0,0.0,0.0,48.0,16.8,16.8,paid,delivered,True,20260903
ORD-0001538-1,ORD-0001538,2026-07-25,新约能天使-日用生活,1,99.0,0.0,0.0,99.0,45.54,45.54,paid,delivered,True,20260903
ORD-0001539-1,ORD-0001539,2026-07-29,佩佩-装饰摆件,1,89.0,0.0,0.0,89.0,37.38,37.38,paid,delivered,True,20260903
ORD-0001539-2,ORD-0001539,2026-07-29,Mon3tr-吧唧（徽章）,1,18.0,0.05,0.9,17.1,5.4,5.4,paid,delivered,True,20260903
ORD-0001540-1,ORD-0001540,2026-06-21,新约能天使-吧唧（徽章）,1,18.0,0.0,0.0,18.0,5.4,5.4,paid,delivered,True,20260903
ORD-0001541-1,ORD-0001541,2026-08-02,归溟幽灵鲨-毛绒玩偶,1,128.0,0.05,6.4,121.6,61.44,61.44,paid,delivered,True,20260903
ORD-0001541-2,ORD-0001541,2026-08-02,凯尔希·思衡托-亚克力制品,1,48.0,0.1,4.8,43.2,16.8,16.8,paid,delivered,True,20260903
ORD-0001542-1,ORD-0001542,2026-06-18,缇缇-手办模玩,1,699.0,0.1,69.9,629.1,433.38,433.38,paid,delivered,True,20260903
ORD-0001543-1,ORD-0001543,2026-07-27,斩业星熊-日用生活,1,99.0,0.0,0.0,99.0,45.54,45.54,paid,delivered,True,20260903
ORD-0001544-1,ORD-0001544,2026-08-06,斩业星熊-装饰摆件,1,89.0,0.05,4.45,84.55,37.38,37.38,paid,delivered,True,20260903
ORD-0001545-1,ORD-0001545,2026-07-01,望-吧唧（徽章）,1,18.0,0.0,0.0,18.0,5.4,5.4,paid,delivered,True,20260903
ORD-0001546-1,ORD-0001546,2026-06-22,真言-手办模玩,1,699.0,0.15,104.85,594.15,433.38,433.38,paid,delivered,True,20260903
ORD-0001546-2,ORD-0001546,2026-06-22,缪尔赛思-吧唧（徽章）,1,18.0,0.05,0.9,17.1,5.4,5.4,paid,delivered,True,20260903
ORD-0001547-1,ORD-0001547,2026-06-19,娜斯提-亚克力制品,1,48.0,0.0,0.0,48.0,16.8,16.8,paid,delivered,True,20260903
ORD-0001548-1,ORD-0001548,2026-08-27,娜斯提-亚克力制品,1,48.0,0.1,4.8,43.2,16.8,16.8,paid,delivered,True,20260903
ORD-0001549-1,ORD-0001549,2026-06-09,焰狐龙梓兰-通行证,1,39.0,0.0,0.0,39.0,12.48,12.48,paid,delivered,True,20260903
ORD-0001550-1,ORD-0001550,2026-07-09,归溟幽灵鲨-毛绒玩偶,2,128.0,0.0,0.0,256.0,61.44,122.88,paid,delivered,True,20260903
ORD-0001551-1,ORD-0001551,2026-08-02,Mon3tr-毛绒玩偶,1,128.0,0.0,0.0,128.0,61.44,61.44,paid,delivered,True,20260903
ORD-0001552-1,ORD-0001552,2026-07-27,望-日用生活,2,99.0,0.0,0.0,198.0,45.54,91.08,paid,delivered,True,20260903
ORD-0001553-1,ORD-0001553,2026-07-11,焰狐龙梓兰-装饰摆件,1,89.0,0.1,8.9,80.1,37.38,37.38,paid,delivered,True,20260903
ORD-0001554-1,ORD-0001554,2026-07-08,Mon3tr-日用生活,1,99.0,0.05,4.95,94.05,45.54,45.54,paid,delivered,True,20260903
ORD-0001555-1,ORD-0001555,2026-06-20,焰狐龙梓兰-通行证,1,39.0,0.0,0.0,39.0,12.48,12.48,paid,delivered,True,20260903
ORD-0001556-1,ORD-0001556,2026-07-16,予愿安洁莉娜-日用生活,1,99.0,0.0,0.0,99.0,45.54,45.54,paid,delivered,True,20260903
ORD-0001557-1,ORD-0001557,2026-06-21,凛御银灰-装饰摆件,1,89.0,0.0,0.0,89.0,37.38,37.38,cancelled,cancelled,True,20260903
ORD-0001558-1,ORD-0001558,2026-06-03,归溟幽灵鲨-装饰摆件,1,89.0,0.15,13.35,75.65,37.38,37.38,paid,delivered,True,20260903
ORD-0001559-1,ORD-0001559,2026-06-21,酒神-吧唧（徽章）,1,18.0,0.0,0.0,18.0,5.4,5.4,paid,delivered,True,20260903
ORD-0001560-1,ORD-0001560,2026-08-22,缪尔赛思-毛绒玩偶,2,128.0,0.0,0.0,256.0,61.44,122.88,paid,delivered,True,20260903
ORD-0001561-1,ORD-0001561,2026-07-29,焰狐龙梓兰-日用生活,1,99.0,0.05,4.95,94.05,45.54,45.54,paid,delivered,True,20260903
ORD-0001562-1,ORD-0001562,2026-06-04,司霆惊蛰-装饰摆件,1,89.0,0.0,0.0,89.0,37.38,37.38,paid,delivered,True,20260903
ORD-0001563-1,ORD-0001563,2026-06-28,死芒-吧唧（徽章）,1,18.0,0.1,1.8,16.2,5.4,5.4,paid,delivered,True,20260903
ORD-0001563-2,ORD-0001563,2026-06-28,黍-装饰摆件,1,89.0,0.0,0.0,89.0,37.38,37.38,paid,delivered,True,20260903
ORD-0001564-1,ORD-0001564,2026-07-02,娜斯提-日用生活,1,99.0,0.05,4.95,94.05,45.54,45.54,paid,delivered,True,20260903
ORD-0001564-2,ORD-0001564,2026-07-02,新约能天使-亚克力制品,1,48.0,0.0,0.0,48.0,16.8,16.8,paid,delivered,True,20260903
ORD-0001564-3,ORD-0001564,2026-07-02,佩佩-装饰摆件,1,89.0,0.0,0.0,89.0,37.38,37.38,paid,delivered,True,20260903
ORD-0001565-1,ORD-0001565,2026-07-09,黍-装饰摆件,1,89.0,0.0,0.0,89.0,37.38,37.38,paid,delivered,True,20260903
ORD-0001566-1,ORD-0001566,2026-06-03,凯尔希·思衡托-日用生活,1,99.0,0.0,0.0,99.0,45.54,45.54,paid,delivered,True,20260903
ORD-0001567-1,ORD-0001567,2026-07-28,司霆惊蛰-装饰摆件,1,89.0,0.0,0.0,89.0,37.38,37.38,paid,delivered,True,20260903
ORD-0001568-1,ORD-0001568,2026-06-14,凛御银灰-通行证,1,39.0,0.1,3.9,35.1,12.48,12.48,paid,delivered,True,20260903
ORD-0001569-1,ORD-0001569,2026-08-20,贝洛内-毛绒玩偶,1,128.0,0.0,0.0,128.0,61.44,61.44,paid,delivered,True,20260903
ORD-0001570-1,ORD-0001570,2026-07-26,娜斯提-手办模玩,2,699.0,0.15,209.7,1188.3,433.38,866.76,cancelled,cancelled,True,20260903
ORD-0001571-1,ORD-0001571,2026-08-10,维娜·维多利亚-装饰摆件,1,89.0,0.1,8.9,80.1,37.38,37.38,paid,delivered,True,20260903
ORD-0001572-1,ORD-0001572,2026-07-05,维娜·维多利亚-通行证,1,39.0,0.05,1.95,37.05,12.48,12.48,paid,delivered,True,20260903
ORD-0001573-1,ORD-0001573,2026-08-24,焰狐龙梓兰-毛绒玩偶,1,128.0,0.0,0.0,128.0,61.44,61.44,paid,delivered,True,20260903
ORD-0001574-1,ORD-0001574,2026-07-27,谬因-亚克力制品,1,48.0,0.0,0.0,48.0,16.8,16.8,paid,delivered,True,20260903
ORD-0001575-1,ORD-0001575,2026-08-21,缪尔赛思-装饰摆件,1,89.0,0.0,0.0,89.0,37.38,37.38,paid,delivered,True,20260903
ORD-0001575-2,ORD-0001575,2026-08-21,缪尔赛思-日用生活,1,99.0,0.0,0.0,99.0,45.54,45.54,paid,delivered,True,20260903
ORD-0001576-1,ORD-0001576,2026-07-04,黍-装饰摆件,1,89.0,0.1,8.9,80.1,37.38,37.38,paid,delivered,True,20260903
ORD-0001577-1,ORD-0001577,2026-07-29,荒芜拉普兰德-日用生活,1,99.0,0.0,0.0,99.0,45.54,45.54,paid,delivered,True,20260903
ORD-0001578-1,ORD-0001578,2026-07-24,望-手办模玩,1,699.0,0.0,0.0,699.0,433.38,433.38,paid,delivered,True,20260903
ORD-0001579-1,ORD-0001579,2026-08-19,凯尔希·思衡托-手办模玩,1,699.0,0.0,0.0,699.0,433.38,433.38,cancelled,cancelled,True,20260903
ORD-0001579-2,ORD-0001579,2026-08-19,司霆惊蛰-通行证,1,39.0,0.0,0.0,39.0,12.48,12.48,cancelled,cancelled,True,20260903
ORD-0001580-1,ORD-0001580,2026-06-11,重岳-装饰摆件,2,89.0,0.0,0.0,178.0,37.38,74.76,paid,delivered,True,20260903
ORD-0001580-2,ORD-0001580,2026-06-11,纯烬艾雅法拉-手办模玩,1,699.0,0.0,0.0,699.0,433.38,433.38,paid,delivered,True,20260903
ORD-0001581-1,ORD-0001581,2026-08-03,余-亚克力制品,1,48.0,0.05,2.4,45.6,16.8,16.8,paid,delivered,True,20260903
ORD-0001581-2,ORD-0001581,2026-08-03,归溟幽灵鲨-毛绒玩偶,1,128.0,0.05,6.4,121.6,61.44,61.44,paid,delivered,True,20260903
ORD-0001582-1,ORD-0001582,2026-06-13,Mon3tr-手办模玩,1,699.0,0.15,104.85,594.15,433.38,433.38,paid,delivered,True,20260903
ORD-0001583-1,ORD-0001583,2026-07-20,怒潮凛冬-日用生活,1,99.0,0.0,0.0,99.0,45.54,45.54,paid,delivered,True,20260903
ORD-0001584-1,ORD-0001584,2026-07-29,真言-手办模玩,2,699.0,0.0,0.0,1398.0,433.38,866.76,paid,delivered,True,20260903
ORD-0001585-1,ORD-0001585,2026-06-23,真言-毛绒玩偶,1,128.0,0.1,12.8,115.2,61.44,61.44,paid,delivered,True,20260903
ORD-0001586-1,ORD-0001586,2026-06-22,新约能天使-毛绒玩偶,1,128.0,0.1,12.8,115.2,61.44,61.44,paid,delivered,True,20260903
ORD-0001586-2,ORD-0001586,2026-06-22,荒芜拉普兰德-手办模玩,2,699.0,0.0,0.0,1398.0,433.38,866.76,paid,delivered,True,20260903
ORD-0001587-1,ORD-0001587,2026-06-09,凯尔希·思衡托-毛绒玩偶,1,128.0,0.1,12.8,115.2,61.44,61.44,paid,delivered,True,20260903
ORD-0001588-1,ORD-0001588,2026-08-04,凯尔希·思衡托-亚克力制品,1,48.0,0.0,0.0,48.0,16.8,16.8,paid,delivered,True,20260903
ORD-0001588-2,ORD-0001588,2026-08-04,焰狐龙梓兰-装饰摆件,1,89.0,0.0,0.0,89.0,37.38,37.38,paid,delivered,True,20260903
ORD-0001589-1,ORD-0001589,2026-08-28,归溟幽灵鲨-手办模玩,1,699.0,0.1,69.9,629.1,433.38,433.38,paid,delivered,True,20260903
ORD-0001590-1,ORD-0001590,2026-06-15,归溟幽灵鲨-手办模玩,1,699.0,0.05,34.95,664.05,433.38,433.38,paid,delivered,True,20260903
ORD-0001590-2,ORD-0001590,2026-06-15,结城理-日用生活,1,99.0,0.0,0.0,99.0,45.54,45.54,paid,delivered,True,20260903
ORD-0001591-1,ORD-0001591,2026-06-25,赤刃明霄陈-通行证,1,39.0,0.1,3.9,35.1,12.48,12.48,paid,delivered,True,20260903
ORD-0001592-1,ORD-0001592,2026-06-06,焰狐龙梓兰-通行证,1,39.0,0.0,0.0,39.0,12.48,12.48,paid,delivered,True,20260903
ORD-0001593-1,ORD-0001593,2026-06-14,纯烬艾雅法拉-装饰摆件,1,89.0,0.1,8.9,80.1,37.38,37.38,paid,delivered,True,20260903
ORD-0001594-1,ORD-0001594,2026-07-23,结城理-装饰摆件,2,89.0,0.05,8.9,169.1,37.38,74.76,paid,delivered,True,20260903
ORD-0001594-2,ORD-0001594,2026-07-23,娜斯提-吧唧（徽章）,2,18.0,0.0,0.0,36.0,5.4,10.8,paid,delivered,True,20260903
ORD-0001595-1,ORD-0001595,2026-07-09,娜斯提-吧唧（徽章）,1,18.0,0.0,0.0,18.0,5.4,5.4,paid,delivered,True,20260903
ORD-0001596-1,ORD-0001596,2026-06-15,重岳-手办模玩,1,699.0,0.1,69.9,629.1,433.38,433.38,paid,delivered,True,20260903
ORD-0001597-1,ORD-0001597,2026-08-28,谬因-装饰摆件,1,89.0,0.0,0.0,89.0,37.38,37.38,paid,delivered,True,20260903
ORD-0001598-1,ORD-0001598,2026-07-28,酒神-通行证,1,39.0,0.05,1.95,37.05,12.48,12.48,paid,delivered,True,20260903
ORD-0001599-1,ORD-0001599,2026-07-07,望-手办模玩,1,699.0,0.15,104.85,594.15,433.38,433.38,cancelled,cancelled,True,20260903
ORD-0001599-2,ORD-0001599,2026-07-07,缇缇-亚克力制品,1,48.0,0.1,4.8,43.2,16.8,16.8,cancelled,cancelled,True,20260903
ORD-0001599-3,ORD-0001599,2026-07-07,望-通行证,1,39.0,0.0,0.0,39.0,12.48,12.48,cancelled,cancelled,True,20260903
ORD-0001600-1,ORD-0001600,2026-08-03,归溟幽灵鲨-装饰摆件,1,89.0,0.0,0.0,89.0,37.38,37.38,paid,delivered,True,20260903
ORD-0001601-1,ORD-0001601,2026-06-05,塑心-手办模玩,1,699.0,0.0,0.0,699.0,433.38,433.38,paid,delivered,True,20260903
ORD-0001602-1,ORD-0001602,2026-07-22,焰狐龙梓兰-装饰摆件,2,89.0,0.0,0.0,178.0,37.38,74.76,paid,delivered,True,20260903
ORD-0001603-1,ORD-0001603,2026-06-01,余-毛绒玩偶,1,128.0,0.1,12.8,115.2,61.44,61.44,paid,delivered,True,20260903
ORD-0001604-1,ORD-0001604,2026-07-20,缄默德克萨斯-日用生活,1,99.0,0.05,4.95,94.05,45.54,45.54,paid,delivered,True,20260903
ORD-0001605-1,ORD-0001605,2026-08-11,佩佩-手办模玩,1,699.0,0.05,34.95,664.05,433.38,433.38,paid,delivered,True,20260903
ORD-0001606-1,ORD-0001606,2026-08-22,凛御银灰-日用生活,1,99.0,0.0,0.0,99.0,45.54,45.54,paid,delivered,True,20260903
ORD-0001607-1,ORD-0001607,2026-06-05,塑心-亚克力制品,1,48.0,0.15,7.2,40.8,16.8,16.8,paid,delivered,True,20260903
ORD-0001607-2,ORD-0001607,2026-06-05,缇缇-装饰摆件,1,89.0,0.0,0.0,89.0,37.38,37.38,paid,delivered,True,20260903
ORD-0001608-1,ORD-0001608,2026-08-08,余-手办模玩,1,699.0,0.1,69.9,629.1,433.38,433.38,paid,delivered,True,20260903
ORD-0001609-1,ORD-0001609,2026-07-28,凯尔希·思衡托-通行证,1,39.0,0.0,0.0,39.0,12.48,12.48,paid,delivered,True,20260903
ORD-0001609-2,ORD-0001609,2026-07-28,缄默德克萨斯-装饰摆件,1,89.0,0.0,0.0,89.0,37.38,37.38,paid,delivered,True,20260903
ORD-0001610-1,ORD-0001610,2026-07-25,赤刃明霄陈-亚克力制品,1,48.0,0.1,4.8,43.2,16.8,16.8,paid,delivered,True,20260903
ORD-0001610-2,ORD-0001610,2026-07-25,焰狐龙梓兰-吧唧（徽章）,1,18.0,0.0,0.0,18.0,5.4,5.4,paid,delivered,True,20260903
ORD-0001611-1,ORD-0001611,2026-08-03,司霆惊蛰-吧唧（徽章）,1,18.0,0.0,0.0,18.0,5.4,5.4,paid,delivered,True,20260903
ORD-0001612-1,ORD-0001612,2026-06-20,缄默德克萨斯-毛绒玩偶,1,128.0,0.05,6.4,121.6,61.44,61.44,cancelled,cancelled,True,20260903
ORD-0001613-1,ORD-0001613,2026-07-20,予愿安洁莉娜-亚克力制品,1,48.0,0.0,0.0,48.0,16.8,16.8,paid,delivered,True,20260903
ORD-0001614-1,ORD-0001614,2026-08-03,佩佩-吧唧（徽章）,1,18.0,0.1,1.8,16.2,5.4,5.4,paid,delivered,True,20260903
ORD-0001615-1,ORD-0001615,2026-06-19,缇缇-日用生活,1,99.0,0.0,0.0,99.0,45.54,45.54,paid,delivered,True,20260903
ORD-0001616-1,ORD-0001616,2026-07-25,重岳-亚克力制品,1,48.0,0.0,0.0,48.0,16.8,16.8,paid,shipped,True,20260903
ORD-0001617-1,ORD-0001617,2026-07-31,酒神-装饰摆件,1,89.0,0.1,8.9,80.1,37.38,37.38,paid,delivered,True,20260903
ORD-0001618-1,ORD-0001618,2026-08-11,贝洛内-手办模玩,1,699.0,0.0,0.0,699.0,433.38,433.38,paid,delivered,True,20260903
ORD-0001618-2,ORD-0001618,2026-08-11,斩业星熊-通行证,1,39.0,0.0,0.0,39.0,12.48,12.48,paid,delivered,True,20260903
ORD-0001619-1,ORD-0001619,2026-08-03,重岳-装饰摆件,1,89.0,0.0,0.0,89.0,37.38,37.38,paid,delivered,True,20260903
ORD-0001620-1,ORD-0001620,2026-08-21,焰狐龙梓兰-通行证,1,39.0,0.0,0.0,39.0,12.48,12.48,paid,delivered,True,20260903
ORD-0001621-1,ORD-0001621,2026-08-01,凛御银灰-吧唧（徽章）,1,18.0,0.0,0.0,18.0,5.4,5.4,paid,delivered,True,20260903
ORD-0001622-1,ORD-0001622,2026-08-17,予愿安洁莉娜-日用生活,1,99.0,0.0,0.0,99.0,45.54,45.54,paid,shipped,True,20260903
ORD-0001623-1,ORD-0001623,2026-07-19,焰狐龙梓兰-装饰摆件,2,89.0,0.1,17.8,160.2,37.38,74.76,paid,delivered,True,20260903
ORD-0001624-1,ORD-0001624,2026-07-20,新约能天使-手办模玩,1,699.0,0.1,69.9,629.1,433.38,433.38,paid,delivered,True,20260903
ORD-0001625-1,ORD-0001625,2026-07-10,司霆惊蛰-装饰摆件,1,89.0,0.0,0.0,89.0,37.38,37.38,paid,delivered,True,20260903
ORD-0001626-1,ORD-0001626,2026-07-15,重岳-亚克力制品,1,48.0,0.0,0.0,48.0,16.8,16.8,paid,delivered,True,20260903
ORD-0001626-2,ORD-0001626,2026-07-15,缇缇-日用生活,1,99.0,0.0,0.0,99.0,45.54,45.54,paid,delivered,True,20260903
ORD-0001627-1,ORD-0001627,2026-07-06,望-毛绒玩偶,1,128.0,0.15,19.2,108.8,61.44,61.44,paid,delivered,True,20260903
ORD-0001628-1,ORD-0001628,2026-07-31,怒潮凛冬-毛绒玩偶,2,128.0,0.0,0.0,256.0,61.44,122.88,paid,delivered,True,20260903
ORD-0001629-1,ORD-0001629,2026-06-28,真言-毛绒玩偶,1,128.0,0.05,6.4,121.6,61.44,61.44,paid,delivered,True,20260903
ORD-0001630-1,ORD-0001630,2026-08-26,贝洛内-毛绒玩偶,1,128.0,0.0,0.0,128.0,61.44,61.44,paid,delivered,True,20260903
ORD-0001631-1,ORD-0001631,2026-06-05,凯尔希·思衡托-日用生活,1,99.0,0.0,0.0,99.0,45.54,45.54,paid,delivered,True,20260903
ORD-0001631-2,ORD-0001631,2026-06-05,结城理-吧唧（徽章）,1,18.0,0.0,0.0,18.0,5.4,5.4,paid,delivered,True,20260903
ORD-0001631-3,ORD-0001631,2026-06-05,死芒-吧唧（徽章）,1,18.0,0.0,0.0,18.0,5.4,5.4,paid,delivered,True,20260903
ORD-0001632-1,ORD-0001632,2026-07-04,塑心-毛绒玩偶,1,128.0,0.0,0.0,128.0,61.44,61.44,paid,delivered,True,20260903
ORD-0001633-1,ORD-0001633,2026-07-20,真言-装饰摆件,1,89.0,0.1,8.9,80.1,37.38,37.38,paid,delivered,True,20260903
ORD-0001633-2,ORD-0001633,2026-07-20,荒芜拉普兰德-日用生活,1,99.0,0.1,9.9,89.1,45.54,45.54,paid,delivered,True,20260903
ORD-0001634-1,ORD-0001634,2026-07-26,贝洛内-装饰摆件,2,89.0,0.1,17.8,160.2,37.38,74.76,paid,shipped,True,20260903
ORD-0001635-1,ORD-0001635,2026-08-07,望-日用生活,1,99.0,0.0,0.0,99.0,45.54,45.54,paid,delivered,True,20260903
ORD-0001635-2,ORD-0001635,2026-08-07,怒潮凛冬-日用生活,1,99.0,0.15,14.85,84.15,45.54,45.54,paid,delivered,True,20260903
ORD-0001635-3,ORD-0001635,2026-08-07,纯烬艾雅法拉-通行证,1,39.0,0.0,0.0,39.0,12.48,12.48,paid,delivered,True,20260903
ORD-0001636-1,ORD-0001636,2026-07-19,塑心-装饰摆件,1,89.0,0.0,0.0,89.0,37.38,37.38,paid,delivered,True,20260903
ORD-0001637-1,ORD-0001637,2026-06-23,凯尔希·思衡托-手办模玩,1,699.0,0.05,34.95,664.05,433.38,433.38,paid,delivered,True,20260903
ORD-0001638-1,ORD-0001638,2026-08-17,佩佩-手办模玩,1,699.0,0.0,0.0,699.0,433.38,433.38,paid,delivered,True,20260903
ORD-0001639-1,ORD-0001639,2026-06-16,重岳-通行证,2,39.0,0.1,7.8,70.2,12.48,24.96,paid,delivered,True,20260903
ORD-0001640-1,ORD-0001640,2026-07-30,贝洛内-手办模玩,1,699.0,0.05,34.95,664.05,433.38,433.38,paid,delivered,True,20260903
ORD-0001641-1,ORD-0001641,2026-06-07,重岳-通行证,1,39.0,0.0,0.0,39.0,12.48,12.48,paid,delivered,True,20260903
ORD-0001642-1,ORD-0001642,2026-06-16,凯尔希·思衡托-通行证,1,39.0,0.0,0.0,39.0,12.48,12.48,paid,delivered,True,20260903
ORD-0001643-1,ORD-0001643,2026-08-02,余-吧唧（徽章）,1,18.0,0.1,1.8,16.2,5.4,5.4,paid,delivered,True,20260903
ORD-0001644-1,ORD-0001644,2026-08-09,佩佩-日用生活,1,99.0,0.0,0.0,99.0,45.54,45.54,paid,delivered,True,20260903
ORD-0001645-1,ORD-0001645,2026-06-21,谬因-毛绒玩偶,2,128.0,0.0,0.0,256.0,61.44,122.88,paid,delivered,True,20260903
ORD-0001645-2,ORD-0001645,2026-06-21,凛御银灰-毛绒玩偶,2,128.0,0.15,38.4,217.6,61.44,122.88,paid,delivered,True,20260903
ORD-0001646-1,ORD-0001646,2026-06-19,Mon3tr-通行证,1,39.0,0.05,1.95,37.05,12.48,12.48,paid,delivered,True,20260903
ORD-0001647-1,ORD-0001647,2026-08-12,酒神-日用生活,1,99.0,0.0,0.0,99.0,45.54,45.54,paid,delivered,True,20260903
ORD-0001648-1,ORD-0001648,2026-07-21,余-亚克力制品,1,48.0,0.05,2.4,45.6,16.8,16.8,cancelled,cancelled,True,20260903
ORD-0001649-1,ORD-0001649,2026-06-27,缇缇-装饰摆件,2,89.0,0.1,17.8,160.2,37.38,74.76,paid,delivered,True,20260903
ORD-0001649-2,ORD-0001649,2026-06-27,归溟幽灵鲨-日用生活,1,99.0,0.0,0.0,99.0,45.54,45.54,paid,delivered,True,20260903
ORD-0001650-1,ORD-0001650,2026-07-13,真言-亚克力制品,1,48.0,0.05,2.4,45.6,16.8,16.8,paid,delivered,True,20260903
ORD-0001650-2,ORD-0001650,2026-07-13,缪尔赛思-日用生活,1,99.0,0.15,14.85,84.15,45.54,45.54,paid,delivered,True,20260903
ORD-0001651-1,ORD-0001651,2026-08-23,维娜·维多利亚-日用生活,1,99.0,0.1,9.9,89.1,45.54,45.54,paid,shipped,True,20260903
ORD-0001652-1,ORD-0001652,2026-06-30,佩佩-毛绒玩偶,1,128.0,0.0,0.0,128.0,61.44,61.44,paid,delivered,True,20260903
ORD-0001652-2,ORD-0001652,2026-06-30,新约能天使-毛绒玩偶,1,128.0,0.15,19.2,108.8,61.44,61.44,paid,delivered,True,20260903
ORD-0001653-1,ORD-0001653,2026-07-02,焰狐龙梓兰-毛绒玩偶,2,128.0,0.0,0.0,256.0,61.44,122.88,paid,delivered,True,20260903
ORD-0001654-1,ORD-0001654,2026-06-16,焰狐龙梓兰-装饰摆件,1,89.0,0.0,0.0,89.0,37.38,37.38,paid,delivered,True,20260903
ORD-0001655-1,ORD-0001655,2026-06-12,凯尔希·思衡托-吧唧（徽章）,1,18.0,0.05,0.9,17.1,5.4,5.4,paid,delivered,True,20260903
ORD-0001656-1,ORD-0001656,2026-07-14,维娜·维多利亚-日用生活,1,99.0,0.05,4.95,94.05,45.54,45.54,paid,shipped,True,20260903
ORD-0001656-2,ORD-0001656,2026-07-14,怒潮凛冬-通行证,1,39.0,0.05,1.95,37.05,12.48,12.48,paid,shipped,True,20260903
ORD-0001657-1,ORD-0001657,2026-07-23,缄默德克萨斯-毛绒玩偶,1,128.0,0.05,6.4,121.6,61.44,61.44,paid,delivered,True,20260903
ORD-0001658-1,ORD-0001658,2026-07-27,凛御银灰-装饰摆件,1,89.0,0.0,0.0,89.0,37.38,37.38,paid,delivered,True,20260903
ORD-0001659-1,ORD-0001659,2026-08-01,纯烬艾雅法拉-毛绒玩偶,1,128.0,0.0,0.0,128.0,61.44,61.44,paid,delivered,True,20260903
ORD-0001660-1,ORD-0001660,2026-07-12,缇缇-毛绒玩偶,1,128.0,0.0,0.0,128.0,61.44,61.44,paid,delivered,True,20260903
ORD-0001661-1,ORD-0001661,2026-06-21,酒神-装饰摆件,1,89.0,0.0,0.0,89.0,37.38,37.38,paid,delivered,True,20260903
ORD-0001662-1,ORD-0001662,2026-08-15,真言-吧唧（徽章）,1,18.0,0.0,0.0,18.0,5.4,5.4,paid,delivered,True,20260903
ORD-0001663-1,ORD-0001663,2026-06-18,凯尔希·思衡托-装饰摆件,1,89.0,0.1,8.9,80.1,37.38,37.38,paid,pending,True,20260903
ORD-0001664-1,ORD-0001664,2026-08-01,赤刃明霄陈-日用生活,1,99.0,0.05,4.95,94.05,45.54,45.54,paid,delivered,True,20260903
ORD-0001665-1,ORD-0001665,2026-06-18,余-亚克力制品,1,48.0,0.05,2.4,45.6,16.8,16.8,paid,delivered,True,20260903
ORD-0001666-1,ORD-0001666,2026-07-26,焰狐龙梓兰-手办模玩,1,699.0,0.05,34.95,664.05,433.38,433.38,paid,delivered,True,20260903
ORD-0001666-2,ORD-0001666,2026-07-26,凛御银灰-毛绒玩偶,1,128.0,0.0,0.0,128.0,61.44,61.44,paid,delivered,True,20260903
ORD-0001667-1,ORD-0001667,2026-07-07,缪尔赛思-日用生活,1,99.0,0.05,4.95,94.05,45.54,45.54,paid,delivered,True,20260903
ORD-0001668-1,ORD-0001668,2026-06-23,凛御银灰-通行证,1,39.0,0.05,1.95,37.05,12.48,12.48,paid,delivered,True,20260903
ORD-0001669-1,ORD-0001669,2026-07-28,归溟幽灵鲨-亚克力制品,1,48.0,0.0,0.0,48.0,16.8,16.8,paid,delivered,True,20260903
ORD-0001670-1,ORD-0001670,2026-08-11,凯尔希·思衡托-手办模玩,1,699.0,0.0,0.0,699.0,433.38,433.38,paid,delivered,True,20260903
ORD-0001671-1,ORD-0001671,2026-07-19,酒神-装饰摆件,1,89.0,0.0,0.0,89.0,37.38,37.38,paid,delivered,True,20260903
ORD-0001672-1,ORD-0001672,2026-07-12,凛御银灰-日用生活,1,99.0,0.05,4.95,94.05,45.54,45.54,paid,delivered,True,20260903
ORD-0001673-1,ORD-0001673,2026-06-29,纯烬艾雅法拉-亚克力制品,1,48.0,0.0,0.0,48.0,16.8,16.8,paid,shipped,True,20260903
ORD-0001674-1,ORD-0001674,2026-08-22,Mon3tr-毛绒玩偶,1,128.0,0.0,0.0,128.0,61.44,61.44,paid,delivered,True,20260903
ORD-0001674-2,ORD-0001674,2026-08-22,归溟幽灵鲨-毛绒玩偶,1,128.0,0.05,6.4,121.6,61.44,61.44,paid,delivered,True,20260903
ORD-0001675-1,ORD-0001675,2026-06-13,黍-吧唧（徽章）,3,18.0,0.0,0.0,54.0,5.4,16.2,paid,delivered,True,20260903
ORD-0001676-1,ORD-0001676,2026-07-29,凛御银灰-日用生活,2,99.0,0.0,0.0,198.0,45.54,91.08,paid,delivered,True,20260903
ORD-0001677-1,ORD-0001677,2026-07-18,怒潮凛冬-毛绒玩偶,1,128.0,0.0,0.0,128.0,61.44,61.44,paid,delivered,True,20260903
ORD-0001678-1,ORD-0001678,2026-07-26,缄默德克萨斯-亚克力制品,1,48.0,0.1,4.8,43.2,16.8,16.8,paid,delivered,True,20260903
ORD-0001678-2,ORD-0001678,2026-07-26,塑心-手办模玩,1,699.0,0.0,0.0,699.0,433.38,433.38,paid,delivered,True,20260903
ORD-0001679-1,ORD-0001679,2026-07-26,凯尔希·思衡托-装饰摆件,1,89.0,0.05,4.45,84.55,37.38,37.38,paid,delivered,True,20260903
ORD-0001680-1,ORD-0001680,2026-08-04,缪尔赛思-通行证,1,39.0,0.0,0.0,39.0,12.48,12.48,paid,delivered,True,20260903
ORD-0001681-1,ORD-0001681,2026-06-12,新约能天使-手办模玩,1,699.0,0.05,34.95,664.05,433.38,433.38,paid,delivered,True,20260903
ORD-0001682-1,ORD-0001682,2026-06-25,予愿安洁莉娜-亚克力制品,1,48.0,0.0,0.0,48.0,16.8,16.8,paid,delivered,True,20260903
ORD-0001683-1,ORD-0001683,2026-07-30,缪尔赛思-毛绒玩偶,1,128.0,0.0,0.0,128.0,61.44,61.44,paid,delivered,True,20260903
ORD-0001683-2,ORD-0001683,2026-07-30,Mon3tr-手办模玩,1,699.0,0.0,0.0,699.0,433.38,433.38,paid,delivered,True,20260903
ORD-0001684-1,ORD-0001684,2026-06-24,佩佩-手办模玩,1,699.0,0.0,0.0,699.0,433.38,433.38,paid,delivered,True,20260903
ORD-0001685-1,ORD-0001685,2026-08-11,死芒-通行证,1,39.0,0.0,0.0,39.0,12.48,12.48,paid,delivered,True,20260903
ORD-0001686-1,ORD-0001686,2026-08-22,余-日用生活,1,99.0,0.1,9.9,89.1,45.54,45.54,paid,delivered,True,20260903
ORD-0001687-1,ORD-0001687,2026-08-10,谬因-毛绒玩偶,1,128.0,0.05,6.4,121.6,61.44,61.44,paid,delivered,True,20260903
ORD-0001688-1,ORD-0001688,2026-07-27,佩佩-毛绒玩偶,1,128.0,0.0,0.0,128.0,61.44,61.44,paid,delivered,True,20260903
ORD-0001689-1,ORD-0001689,2026-06-04,纯烬艾雅法拉-装饰摆件,1,89.0,0.0,0.0,89.0,37.38,37.38,paid,delivered,True,20260903
ORD-0001690-1,ORD-0001690,2026-07-29,死芒-毛绒玩偶,1,128.0,0.05,6.4,121.6,61.44,61.44,paid,delivered,True,20260903
ORD-0001691-1,ORD-0001691,2026-07-05,真言-亚克力制品,1,48.0,0.05,2.4,45.6,16.8,16.8,paid,delivered,True,20260903
ORD-0001692-1,ORD-0001692,2026-06-29,死芒-吧唧（徽章）,1,18.0,0.1,1.8,16.2,5.4,5.4,paid,delivered,True,20260903
ORD-0001693-1,ORD-0001693,2026-07-12,结城理-通行证,1,39.0,0.0,0.0,39.0,12.48,12.48,paid,delivered,True,20260903
ORD-0001694-1,ORD-0001694,2026-08-02,真言-通行证,1,39.0,0.0,0.0,39.0,12.48,12.48,paid,delivered,True,20260903
ORD-0001695-1,ORD-0001695,2026-07-28,焰狐龙梓兰-通行证,1,39.0,0.0,0.0,39.0,12.48,12.48,paid,delivered,True,20260903
ORD-0001695-2,ORD-0001695,2026-07-28,凯尔希·思衡托-通行证,1,39.0,0.1,3.9,35.1,12.48,12.48,paid,delivered,True,20260903
ORD-0001696-1,ORD-0001696,2026-06-07,新约能天使-毛绒玩偶,1,128.0,0.0,0.0,128.0,61.44,61.44,paid,delivered,True,20260903
ORD-0001697-1,ORD-0001697,2026-08-02,归溟幽灵鲨-亚克力制品,2,48.0,0.0,0.0,96.0,16.8,33.6,paid,delivered,True,20260903
ORD-0001698-1,ORD-0001698,2026-06-03,娜斯提-装饰摆件,1,89.0,0.05,4.45,84.55,37.38,37.38,paid,shipped,True,20260903
ORD-0001699-1,ORD-0001699,2026-08-08,司霆惊蛰-装饰摆件,1,89.0,0.05,4.45,84.55,37.38,37.38,paid,delivered,True,20260903
ORD-0001700-1,ORD-0001700,2026-07-21,凛御银灰-吧唧（徽章）,1,18.0,0.1,1.8,16.2,5.4,5.4,paid,delivered,True,20260903
ORD-0001701-1,ORD-0001701,2026-06-18,纯烬艾雅法拉-吧唧（徽章）,1,18.0,0.15,2.7,15.3,5.4,5.4,paid,delivered,True,20260903
ORD-0001701-2,ORD-0001701,2026-06-18,荒芜拉普兰德-装饰摆件,1,89.0,0.0,0.0,89.0,37.38,37.38,paid,delivered,True,20260903
ORD-0001702-1,ORD-0001702,2026-07-04,黍-通行证,1,39.0,0.0,0.0,39.0,12.48,12.48,cancelled,cancelled,True,20260903
ORD-0001703-1,ORD-0001703,2026-06-22,贝洛内-手办模玩,1,699.0,0.05,34.95,664.05,433.38,433.38,paid,delivered,True,20260903
ORD-0001703-2,ORD-0001703,2026-06-22,归溟幽灵鲨-通行证,1,39.0,0.15,5.85,33.15,12.48,12.48,paid,delivered,True,20260903
ORD-0001704-1,ORD-0001704,2026-06-23,怒潮凛冬-通行证,1,39.0,0.0,0.0,39.0,12.48,12.48,paid,delivered,True,20260903
ORD-0001705-1,ORD-0001705,2026-07-22,凛御银灰-吧唧（徽章）,3,18.0,0.15,8.1,45.9,5.4,16.2,cancelled,cancelled,True,20260903
ORD-0001706-1,ORD-0001706,2026-08-02,缪尔赛思-装饰摆件,1,89.0,0.05,4.45,84.55,37.38,37.38,paid,delivered,True,20260903
ORD-0001707-1,ORD-0001707,2026-06-29,娜斯提-手办模玩,1,699.0,0.0,0.0,699.0,433.38,433.38,paid,delivered,True,20260903
ORD-0001708-1,ORD-0001708,2026-06-20,新约能天使-装饰摆件,2,89.0,0.0,0.0,178.0,37.38,74.76,paid,delivered,True,20260903
ORD-0001708-2,ORD-0001708,2026-06-20,司霆惊蛰-日用生活,1,99.0,0.05,4.95,94.05,45.54,45.54,paid,delivered,True,20260903
ORD-0001708-3,ORD-0001708,2026-06-20,望-手办模玩,1,699.0,0.0,0.0,699.0,433.38,433.38,paid,delivered,True,20260903
ORD-0001709-1,ORD-0001709,2026-06-17,塑心-吧唧（徽章）,1,18.0,0.0,0.0,18.0,5.4,5.4,paid,delivered,True,20260903
ORD-0001710-1,ORD-0001710,2026-06-21,怒潮凛冬-吧唧（徽章）,1,18.0,0.05,0.9,17.1,5.4,5.4,paid,delivered,True,20260903
ORD-0001710-2,ORD-0001710,2026-06-21,维娜·维多利亚-装饰摆件,1,89.0,0.05,4.45,84.55,37.38,37.38,paid,delivered,True,20260903
ORD-0001711-1,ORD-0001711,2026-08-06,真言-装饰摆件,1,89.0,0.0,0.0,89.0,37.38,37.38,paid,delivered,True,20260903
ORD-0001712-1,ORD-0001712,2026-06-05,荒芜拉普兰德-装饰摆件,1,89.0,0.0,0.0,89.0,37.38,37.38,paid,delivered,True,20260903
ORD-0001713-1,ORD-0001713,2026-06-18,黍-手办模玩,1,699.0,0.05,34.95,664.05,433.38,433.38,cancelled,cancelled,True,20260903
ORD-0001714-1,ORD-0001714,2026-06-10,塑心-毛绒玩偶,2,128.0,0.0,0.0,256.0,61.44,122.88,paid,delivered,True,20260903
ORD-0001715-1,ORD-0001715,2026-07-19,黍-毛绒玩偶,1,128.0,0.0,0.0,128.0,61.44,61.44,paid,pending,True,20260903
ORD-0001716-1,ORD-0001716,2026-06-05,缪尔赛思-亚克力制品,1,48.0,0.0,0.0,48.0,16.8,16.8,paid,delivered,True,20260903
ORD-0001717-1,ORD-0001717,2026-07-24,余-亚克力制品,1,48.0,0.0,0.0,48.0,16.8,16.8,paid,shipped,True,20260903
ORD-0001718-1,ORD-0001718,2026-08-03,真言-手办模玩,1,699.0,0.15,104.85,594.15,433.38,433.38,paid,delivered,True,20260903
ORD-0001719-1,ORD-0001719,2026-06-20,予愿安洁莉娜-吧唧（徽章）,1,18.0,0.0,0.0,18.0,5.4,5.4,paid,delivered,True,20260903
ORD-0001720-1,ORD-0001720,2026-07-26,缄默德克萨斯-日用生活,1,99.0,0.1,9.9,89.1,45.54,45.54,paid,delivered,True,20260903
ORD-0001721-1,ORD-0001721,2026-08-09,维娜·维多利亚-亚克力制品,1,48.0,0.1,4.8,43.2,16.8,16.8,paid,delivered,True,20260903
ORD-0001722-1,ORD-0001722,2026-08-17,纯烬艾雅法拉-日用生活,1,99.0,0.05,4.95,94.05,45.54,45.54,paid,delivered,True,20260903
ORD-0001723-1,ORD-0001723,2026-06-24,凯尔希·思衡托-毛绒玩偶,1,128.0,0.1,12.8,115.2,61.44,61.44,paid,delivered,True,20260903
ORD-0001724-1,ORD-0001724,2026-08-19,凯尔希·思衡托-手办模玩,1,699.0,0.0,0.0,699.0,433.38,433.38,paid,delivered,True,20260903
ORD-0001725-1,ORD-0001725,2026-08-22,赤刃明霄陈-毛绒玩偶,1,128.0,0.0,0.0,128.0,61.44,61.44,paid,delivered,True,20260903
ORD-0001726-1,ORD-0001726,2026-06-15,凯尔希·思衡托-吧唧（徽章）,1,18.0,0.0,0.0,18.0,5.4,5.4,paid,delivered,True,20260903
ORD-0001727-1,ORD-0001727,2026-07-30,余-手办模玩,1,699.0,0.0,0.0,699.0,433.38,433.38,paid,delivered,True,20260903
ORD-0001728-1,ORD-0001728,2026-08-12,维娜·维多利亚-日用生活,1,99.0,0.0,0.0,99.0,45.54,45.54,paid,delivered,True,20260903
ORD-0001728-2,ORD-0001728,2026-08-12,黍-手办模玩,1,699.0,0.0,0.0,699.0,433.38,433.38,paid,delivered,True,20260903
ORD-0001729-1,ORD-0001729,2026-08-06,纯烬艾雅法拉-手办模玩,2,699.0,0.1,139.8,1258.2,433.38,866.76,paid,delivered,True,20260903
ORD-0001730-1,ORD-0001730,2026-06-26,娜斯提-吧唧（徽章）,1,18.0,0.1,1.8,16.2,5.4,5.4,paid,shipped,True,20260903
ORD-0001731-1,ORD-0001731,2026-07-03,维娜·维多利亚-日用生活,2,99.0,0.0,0.0,198.0,45.54,91.08,paid,shipped,True,20260903
ORD-0001732-1,ORD-0001732,2026-06-29,酒神-日用生活,1,99.0,0.0,0.0,99.0,45.54,45.54,paid,delivered,True,20260903
ORD-0001733-1,ORD-0001733,2026-06-15,死芒-毛绒玩偶,1,128.0,0.0,0.0,128.0,61.44,61.44,paid,delivered,True,20260903
ORD-0001734-1,ORD-0001734,2026-08-27,Mon3tr-通行证,1,39.0,0.0,0.0,39.0,12.48,12.48,paid,delivered,True,20260903
ORD-0001735-1,ORD-0001735,2026-06-18,赤刃明霄陈-吧唧（徽章）,1,18.0,0.05,0.9,17.1,5.4,5.4,paid,delivered,True,20260903
ORD-0001736-1,ORD-0001736,2026-06-28,贝洛内-日用生活,1,99.0,0.05,4.95,94.05,45.54,45.54,paid,shipped,True,20260903
ORD-0001736-2,ORD-0001736,2026-06-28,Mon3tr-毛绒玩偶,1,128.0,0.15,19.2,108.8,61.44,61.44,paid,shipped,True,20260903
ORD-0001737-1,ORD-0001737,2026-07-15,贝洛内-装饰摆件,1,89.0,0.1,8.9,80.1,37.38,37.38,paid,shipped,True,20260903
ORD-0001738-1,ORD-0001738,2026-07-22,塑心-日用生活,1,99.0,0.0,0.0,99.0,45.54,45.54,paid,delivered,True,20260903
ORD-0001739-1,ORD-0001739,2026-07-28,焰狐龙梓兰-装饰摆件,1,89.0,0.1,8.9,80.1,37.38,37.38,paid,delivered,True,20260903
ORD-0001739-2,ORD-0001739,2026-07-28,酒神-装饰摆件,1,89.0,0.0,0.0,89.0,37.38,37.38,paid,delivered,True,20260903
ORD-0001740-1,ORD-0001740,2026-07-22,凛御银灰-亚克力制品,1,48.0,0.05,2.4,45.6,16.8,16.8,paid,delivered,True,20260903
ORD-0001741-1,ORD-0001741,2026-08-15,凯尔希·思衡托-手办模玩,1,699.0,0.05,34.95,664.05,433.38,433.38,paid,delivered,True,20260903
ORD-0001742-1,ORD-0001742,2026-07-08,缇缇-装饰摆件,1,89.0,0.1,8.9,80.1,37.38,37.38,paid,delivered,True,20260903
ORD-0001743-1,ORD-0001743,2026-07-26,予愿安洁莉娜-通行证,1,39.0,0.15,5.85,33.15,12.48,12.48,paid,delivered,True,20260903
ORD-0001744-1,ORD-0001744,2026-07-25,予愿安洁莉娜-毛绒玩偶,1,128.0,0.0,0.0,128.0,61.44,61.44,paid,delivered,True,20260903
ORD-0001745-1,ORD-0001745,2026-07-22,凛御银灰-装饰摆件,1,89.0,0.0,0.0,89.0,37.38,37.38,paid,delivered,True,20260903
ORD-0001745-2,ORD-0001745,2026-07-22,凯尔希·思衡托-日用生活,1,99.0,0.0,0.0,99.0,45.54,45.54,paid,delivered,True,20260903
ORD-0001746-1,ORD-0001746,2026-07-13,娜斯提-亚克力制品,1,48.0,0.0,0.0,48.0,16.8,16.8,paid,delivered,True,20260903
ORD-0001747-1,ORD-0001747,2026-07-12,黍-日用生活,1,99.0,0.1,9.9,89.1,45.54,45.54,paid,delivered,True,20260903
ORD-0001747-2,ORD-0001747,2026-07-12,焰狐龙梓兰-亚克力制品,1,48.0,0.0,0.0,48.0,16.8,16.8,paid,delivered,True,20260903
ORD-0001748-1,ORD-0001748,2026-07-17,斩业星熊-日用生活,1,99.0,0.1,9.9,89.1,45.54,45.54,paid,delivered,True,20260903
ORD-0001749-1,ORD-0001749,2026-06-13,娜斯提-日用生活,1,99.0,0.0,0.0,99.0,45.54,45.54,paid,delivered,True,20260903
ORD-0001749-2,ORD-0001749,2026-06-13,新约能天使-装饰摆件,1,89.0,0.0,0.0,89.0,37.38,37.38,paid,delivered,True,20260903
ORD-0001750-1,ORD-0001750,2026-08-06,黍-吧唧（徽章）,1,18.0,0.05,0.9,17.1,5.4,5.4,paid,delivered,True,20260903
ORD-0001751-1,ORD-0001751,2026-07-27,真言-装饰摆件,1,89.0,0.0,0.0,89.0,37.38,37.38,paid,delivered,True,20260903
ORD-0001751-2,ORD-0001751,2026-07-27,佩佩-手办模玩,1,699.0,0.05,34.95,664.05,433.38,433.38,paid,delivered,True,20260903
ORD-0001752-1,ORD-0001752,2026-07-31,望-吧唧（徽章）,1,18.0,0.1,1.8,16.2,5.4,5.4,paid,delivered,True,20260903
ORD-0001753-1,ORD-0001753,2026-06-13,结城理-通行证,1,39.0,0.0,0.0,39.0,12.48,12.48,paid,delivered,True,20260903
ORD-0001753-2,ORD-0001753,2026-06-13,Mon3tr-毛绒玩偶,1,128.0,0.0,0.0,128.0,61.44,61.44,paid,delivered,True,20260903
ORD-0001754-1,ORD-0001754,2026-08-05,贝洛内-日用生活,1,99.0,0.15,14.85,84.15,45.54,45.54,paid,delivered,True,20260903
ORD-0001755-1,ORD-0001755,2026-08-02,佩佩-亚克力制品,1,48.0,0.05,2.4,45.6,16.8,16.8,paid,delivered,True,20260903
ORD-0001756-1,ORD-0001756,2026-06-30,归溟幽灵鲨-毛绒玩偶,1,128.0,0.0,0.0,128.0,61.44,61.44,paid,delivered,True,20260903
ORD-0001756-2,ORD-0001756,2026-06-30,真言-亚克力制品,1,48.0,0.0,0.0,48.0,16.8,16.8,paid,delivered,True,20260903
ORD-0001757-1,ORD-0001757,2026-07-31,纯烬艾雅法拉-日用生活,1,99.0,0.0,0.0,99.0,45.54,45.54,paid,delivered,True,20260903
ORD-0001758-1,ORD-0001758,2026-08-17,凯尔希·思衡托-装饰摆件,1,89.0,0.1,8.9,80.1,37.38,37.38,paid,delivered,True,20260903
ORD-0001759-1,ORD-0001759,2026-07-08,缇缇-毛绒玩偶,2,128.0,0.05,12.8,243.2,61.44,122.88,paid,delivered,True,20260903
ORD-0001760-1,ORD-0001760,2026-06-22,余-亚克力制品,1,48.0,0.05,2.4,45.6,16.8,16.8,paid,delivered,True,20260903
ORD-0001760-2,ORD-0001760,2026-06-22,缄默德克萨斯-毛绒玩偶,1,128.0,0.0,0.0,128.0,61.44,61.44,paid,delivered,True,20260903
ORD-0001761-1,ORD-0001761,2026-07-18,余-亚克力制品,1,48.0,0.1,4.8,43.2,16.8,16.8,paid,delivered,True,20260903
ORD-0001761-2,ORD-0001761,2026-07-18,新约能天使-吧唧（徽章）,1,18.0,0.1,1.8,16.2,5.4,5.4,paid,delivered,True,20260903
ORD-0001762-1,ORD-0001762,2026-08-24,怒潮凛冬-亚克力制品,1,48.0,0.1,4.8,43.2,16.8,16.8,paid,delivered,True,20260903
ORD-0001763-1,ORD-0001763,2026-06-16,新约能天使-日用生活,1,99.0,0.05,4.95,94.05,45.54,45.54,paid,delivered,True,20260903
ORD-0001764-1,ORD-0001764,2026-07-17,缄默德克萨斯-手办模玩,1,699.0,0.0,0.0,699.0,433.38,433.38,paid,delivered,True,20260903
ORD-0001764-2,ORD-0001764,2026-07-17,缪尔赛思-手办模玩,1,699.0,0.05,34.95,664.05,433.38,433.38,paid,delivered,True,20260903
ORD-0001765-1,ORD-0001765,2026-08-01,佩佩-装饰摆件,1,89.0,0.1,8.9,80.1,37.38,37.38,paid,delivered,True,20260903
ORD-0001766-1,ORD-0001766,2026-07-29,结城理-通行证,1,39.0,0.0,0.0,39.0,12.48,12.48,cancelled,cancelled,True,20260903
ORD-0001767-1,ORD-0001767,2026-07-24,黍-装饰摆件,1,89.0,0.1,8.9,80.1,37.38,37.38,paid,delivered,True,20260903
ORD-0001768-1,ORD-0001768,2026-07-31,维娜·维多利亚-通行证,1,39.0,0.1,3.9,35.1,12.48,12.48,paid,delivered,True,20260903
ORD-0001769-1,ORD-0001769,2026-06-16,赤刃明霄陈-手办模玩,1,699.0,0.0,0.0,699.0,433.38,433.38,paid,delivered,True,20260903
ORD-0001770-1,ORD-0001770,2026-07-19,赤刃明霄陈-手办模玩,1,699.0,0.05,34.95,664.05,433.38,433.38,paid,delivered,True,20260903
ORD-0001770-2,ORD-0001770,2026-07-19,谬因-日用生活,3,99.0,0.0,0.0,297.0,45.54,136.62,paid,delivered,True,20260903
ORD-0001771-1,ORD-0001771,2026-07-08,望-装饰摆件,1,89.0,0.0,0.0,89.0,37.38,37.38,paid,shipped,True,20260903
ORD-0001771-2,ORD-0001771,2026-07-08,归溟幽灵鲨-通行证,1,39.0,0.1,3.9,35.1,12.48,12.48,paid,shipped,True,20260903
ORD-0001772-1,ORD-0001772,2026-06-19,谬因-日用生活,1,99.0,0.0,0.0,99.0,45.54,45.54,paid,delivered,True,20260903
ORD-0001773-1,ORD-0001773,2026-08-12,纯烬艾雅法拉-通行证,1,39.0,0.0,0.0,39.0,12.48,12.48,paid,delivered,True,20260903
ORD-0001774-1,ORD-0001774,2026-07-04,贝洛内-亚克力制品,1,48.0,0.0,0.0,48.0,16.8,16.8,paid,delivered,True,20260903
ORD-0001774-2,ORD-0001774,2026-07-04,Mon3tr-毛绒玩偶,1,128.0,0.05,6.4,121.6,61.44,61.44,paid,delivered,True,20260903
ORD-0001775-1,ORD-0001775,2026-08-25,谬因-日用生活,2,99.0,0.0,0.0,198.0,45.54,91.08,paid,delivered,True,20260903
ORD-0001776-1,ORD-0001776,2026-06-01,酒神-毛绒玩偶,1,128.0,0.05,6.4,121.6,61.44,61.44,paid,delivered,True,20260903
ORD-0001777-1,ORD-0001777,2026-07-27,维娜·维多利亚-通行证,3,39.0,0.0,0.0,117.0,12.48,37.44,paid,delivered,True,20260903
ORD-0001778-1,ORD-0001778,2026-08-04,塑心-手办模玩,1,699.0,0.0,0.0,699.0,433.38,433.38,paid,delivered,True,20260903
ORD-0001779-1,ORD-0001779,2026-08-11,予愿安洁莉娜-毛绒玩偶,2,128.0,0.0,0.0,256.0,61.44,122.88,paid,delivered,True,20260903
ORD-0001780-1,ORD-0001780,2026-08-12,死芒-吧唧（徽章）,1,18.0,0.0,0.0,18.0,5.4,5.4,cancelled,cancelled,True,20260903
ORD-0001781-1,ORD-0001781,2026-06-13,酒神-日用生活,1,99.0,0.15,14.85,84.15,45.54,45.54,paid,delivered,True,20260903
ORD-0001782-1,ORD-0001782,2026-07-11,佩佩-日用生活,1,99.0,0.0,0.0,99.0,45.54,45.54,paid,delivered,True,20260903
ORD-0001783-1,ORD-0001783,2026-08-17,维娜·维多利亚-通行证,1,39.0,0.0,0.0,39.0,12.48,12.48,paid,delivered,True,20260903
ORD-0001784-1,ORD-0001784,2026-07-01,纯烬艾雅法拉-手办模玩,1,699.0,0.05,34.95,664.05,433.38,433.38,paid,delivered,True,20260903
ORD-0001785-1,ORD-0001785,2026-08-01,死芒-吧唧（徽章）,1,18.0,0.0,0.0,18.0,5.4,5.4,paid,delivered,True,20260903
ORD-0001786-1,ORD-0001786,2026-07-04,凛御银灰-亚克力制品,1,48.0,0.15,7.2,40.8,16.8,16.8,paid,delivered,True,20260903
ORD-0001787-1,ORD-0001787,2026-06-12,黍-通行证,1,39.0,0.0,0.0,39.0,12.48,12.48,paid,delivered,True,20260903
ORD-0001788-1,ORD-0001788,2026-06-12,缪尔赛思-通行证,2,39.0,0.05,3.9,74.1,12.48,24.96,paid,delivered,True,20260903
ORD-0001789-1,ORD-0001789,2026-06-19,死芒-日用生活,1,99.0,0.05,4.95,94.05,45.54,45.54,paid,shipped,True,20260903
ORD-0001790-1,ORD-0001790,2026-07-19,望-亚克力制品,1,48.0,0.05,2.4,45.6,16.8,16.8,paid,delivered,True,20260903
ORD-0001791-1,ORD-0001791,2026-07-08,凯尔希·思衡托-毛绒玩偶,1,128.0,0.05,6.4,121.6,61.44,61.44,paid,delivered,True,20260903
ORD-0001792-1,ORD-0001792,2026-08-27,结城理-手办模玩,1,699.0,0.1,69.9,629.1,433.38,433.38,paid,delivered,True,20260903
ORD-0001793-1,ORD-0001793,2026-06-21,真言-日用生活,1,99.0,0.0,0.0,99.0,45.54,45.54,paid,delivered,True,20260903
ORD-0001793-2,ORD-0001793,2026-06-21,新约能天使-吧唧（徽章）,1,18.0,0.05,0.9,17.1,5.4,5.4,paid,delivered,True,20260903
ORD-0001793-3,ORD-0001793,2026-06-21,娜斯提-手办模玩,1,699.0,0.0,0.0,699.0,433.38,433.38,paid,delivered,True,20260903
ORD-0001794-1,ORD-0001794,2026-08-03,新约能天使-日用生活,1,99.0,0.1,9.9,89.1,45.54,45.54,paid,delivered,True,20260903
ORD-0001795-1,ORD-0001795,2026-07-26,缇缇-毛绒玩偶,3,128.0,0.05,19.2,364.8,61.44,184.32,paid,delivered,True,20260903
ORD-0001795-2,ORD-0001795,2026-07-26,Mon3tr-通行证,1,39.0,0.0,0.0,39.0,12.48,12.48,paid,delivered,True,20260903
ORD-0001796-1,ORD-0001796,2026-07-01,怒潮凛冬-毛绒玩偶,2,128.0,0.1,25.6,230.4,61.44,122.88,paid,delivered,True,20260903
ORD-0001797-1,ORD-0001797,2026-06-30,焰狐龙梓兰-日用生活,1,99.0,0.1,9.9,89.1,45.54,45.54,paid,delivered,True,20260903
ORD-0001797-2,ORD-0001797,2026-06-30,怒潮凛冬-亚克力制品,1,48.0,0.1,4.8,43.2,16.8,16.8,paid,delivered,True,20260903
ORD-0001798-1,ORD-0001798,2026-08-23,予愿安洁莉娜-手办模玩,1,699.0,0.15,104.85,594.15,433.38,433.38,paid,delivered,True,20260903
ORD-0001799-1,ORD-0001799,2026-07-25,贝洛内-亚克力制品,1,48.0,0.0,0.0,48.0,16.8,16.8,paid,delivered,True,20260903
ORD-0001800-1,ORD-0001800,2026-08-13,缄默德克萨斯-手办模玩,2,699.0,0.1,139.8,1258.2,433.38,866.76,paid,delivered,True,20260903
ORD-0001801-1,ORD-0001801,2026-07-24,赤刃明霄陈-装饰摆件,2,89.0,0.0,0.0,178.0,37.38,74.76,paid,delivered,True,20260903
ORD-0001801-2,ORD-0001801,2026-07-24,缇缇-日用生活,1,99.0,0.0,0.0,99.0,45.54,45.54,paid,delivered,True,20260903
ORD-0001802-1,ORD-0001802,2026-06-20,死芒-通行证,1,39.0,0.1,3.9,35.1,12.48,12.48,paid,delivered,True,20260903
ORD-0001802-2,ORD-0001802,2026-06-20,贝洛内-毛绒玩偶,1,128.0,0.05,6.4,121.6,61.44,61.44,paid,delivered,True,20260903
ORD-0001803-1,ORD-0001803,2026-07-09,纯烬艾雅法拉-毛绒玩偶,1,128.0,0.0,0.0,128.0,61.44,61.44,paid,delivered,True,20260903
ORD-0001804-1,ORD-0001804,2026-07-21,贝洛内-亚克力制品,1,48.0,0.0,0.0,48.0,16.8,16.8,paid,delivered,True,20260903
ORD-0001805-1,ORD-0001805,2026-06-28,余-装饰摆件,2,89.0,0.0,0.0,178.0,37.38,74.76,paid,delivered,True,20260903
ORD-0001805-2,ORD-0001805,2026-06-28,佩佩-毛绒玩偶,1,128.0,0.15,19.2,108.8,61.44,61.44,paid,delivered,True,20260903
ORD-0001806-1,ORD-0001806,2026-06-16,望-亚克力制品,1,48.0,0.05,2.4,45.6,16.8,16.8,paid,delivered,True,20260903
ORD-0001807-1,ORD-0001807,2026-08-26,黍-毛绒玩偶,1,128.0,0.05,6.4,121.6,61.44,61.44,paid,delivered,True,20260903
ORD-0001808-1,ORD-0001808,2026-08-20,纯烬艾雅法拉-日用生活,1,99.0,0.05,4.95,94.05,45.54,45.54,paid,delivered,True,20260903
ORD-0001809-1,ORD-0001809,2026-07-28,赤刃明霄陈-吧唧（徽章）,1,18.0,0.0,0.0,18.0,5.4,5.4,paid,delivered,True,20260903
ORD-0001810-1,ORD-0001810,2026-08-28,佩佩-日用生活,1,99.0,0.1,9.9,89.1,45.54,45.54,paid,delivered,True,20260903
ORD-0001811-1,ORD-0001811,2026-07-05,归溟幽灵鲨-吧唧（徽章）,1,18.0,0.0,0.0,18.0,5.4,5.4,paid,delivered,True,20260903
ORD-0001812-1,ORD-0001812,2026-06-11,缪尔赛思-毛绒玩偶,2,128.0,0.05,12.8,243.2,61.44,122.88,paid,delivered,True,20260903
ORD-0001813-1,ORD-0001813,2026-07-21,焰狐龙梓兰-装饰摆件,1,89.0,0.0,0.0,89.0,37.38,37.38,paid,delivered,True,20260903
ORD-0001813-2,ORD-0001813,2026-07-21,予愿安洁莉娜-毛绒玩偶,2,128.0,0.1,25.6,230.4,61.44,122.88,paid,delivered,True,20260903
ORD-0001814-1,ORD-0001814,2026-07-29,黍-亚克力制品,1,48.0,0.0,0.0,48.0,16.8,16.8,paid,delivered,True,20260903
ORD-0001814-2,ORD-0001814,2026-07-29,真言-吧唧（徽章）,1,18.0,0.15,2.7,15.3,5.4,5.4,paid,delivered,True,20260903
ORD-0001815-1,ORD-0001815,2026-06-19,谬因-毛绒玩偶,1,128.0,0.0,0.0,128.0,61.44,61.44,paid,delivered,True,20260903
ORD-0001816-1,ORD-0001816,2026-07-30,死芒-日用生活,2,99.0,0.05,9.9,188.1,45.54,91.08,paid,delivered,True,20260903
ORD-0001816-2,ORD-0001816,2026-07-30,贝洛内-亚克力制品,1,48.0,0.0,0.0,48.0,16.8,16.8,paid,delivered,True,20260903
ORD-0001817-1,ORD-0001817,2026-07-25,重岳-吧唧（徽章）,1,18.0,0.0,0.0,18.0,5.4,5.4,paid,shipped,True,20260903
ORD-0001818-1,ORD-0001818,2026-07-07,黍-日用生活,1,99.0,0.15,14.85,84.15,45.54,45.54,paid,delivered,True,20260903
ORD-0001819-1,ORD-0001819,2026-06-15,余-吧唧（徽章）,2,18.0,0.0,0.0,36.0,5.4,10.8,paid,shipped,True,20260903
ORD-0001820-1,ORD-0001820,2026-07-23,予愿安洁莉娜-日用生活,1,99.0,0.15,14.85,84.15,45.54,45.54,paid,delivered,True,20260903
ORD-0001821-1,ORD-0001821,2026-06-19,佩佩-毛绒玩偶,1,128.0,0.0,0.0,128.0,61.44,61.44,paid,delivered,True,20260903
ORD-0001822-1,ORD-0001822,2026-06-05,结城理-毛绒玩偶,1,128.0,0.1,12.8,115.2,61.44,61.44,paid,delivered,True,20260903
ORD-0001823-1,ORD-0001823,2026-08-25,真言-日用生活,1,99.0,0.0,0.0,99.0,45.54,45.54,paid,delivered,True,20260903
ORD-0001823-2,ORD-0001823,2026-08-25,焰狐龙梓兰-手办模玩,1,699.0,0.05,34.95,664.05,433.38,433.38,paid,delivered,True,20260903
ORD-0001824-1,ORD-0001824,2026-07-18,维娜·维多利亚-毛绒玩偶,1,128.0,0.05,6.4,121.6,61.44,61.44,paid,delivered,True,20260903
ORD-0001825-1,ORD-0001825,2026-06-21,余-吧唧（徽章）,1,18.0,0.0,0.0,18.0,5.4,5.4,paid,delivered,True,20260903
ORD-0001826-1,ORD-0001826,2026-06-14,望-通行证,1,39.0,0.1,3.9,35.1,12.48,12.48,paid,delivered,True,20260903
ORD-0001827-1,ORD-0001827,2026-06-23,余-亚克力制品,2,48.0,0.0,0.0,96.0,16.8,33.6,paid,delivered,True,20260903
ORD-0001828-1,ORD-0001828,2026-07-31,荒芜拉普兰德-装饰摆件,1,89.0,0.05,4.45,84.55,37.38,37.38,paid,delivered,True,20260903
ORD-0001829-1,ORD-0001829,2026-06-21,斩业星熊-通行证,1,39.0,0.05,1.95,37.05,12.48,12.48,paid,delivered,True,20260903
ORD-0001830-1,ORD-0001830,2026-08-15,贝洛内-装饰摆件,1,89.0,0.05,4.45,84.55,37.38,37.38,paid,delivered,True,20260903
ORD-0001831-1,ORD-0001831,2026-07-25,荒芜拉普兰德-日用生活,1,99.0,0.0,0.0,99.0,45.54,45.54,paid,delivered,True,20260903
ORD-0001832-1,ORD-0001832,2026-08-28,维娜·维多利亚-亚克力制品,1,48.0,0.05,2.4,45.6,16.8,16.8,paid,delivered,True,20260903
ORD-0001833-1,ORD-0001833,2026-08-15,重岳-亚克力制品,1,48.0,0.05,2.4,45.6,16.8,16.8,paid,delivered,True,20260903
ORD-0001834-1,ORD-0001834,2026-07-06,黍-日用生活,1,99.0,0.15,14.85,84.15,45.54,45.54,cancelled,cancelled,True,20260903
ORD-0001835-1,ORD-0001835,2026-06-28,纯烬艾雅法拉-日用生活,1,99.0,0.0,0.0,99.0,45.54,45.54,paid,delivered,True,20260903
ORD-0001836-1,ORD-0001836,2026-07-25,凯尔希·思衡托-亚克力制品,3,48.0,0.05,7.2,136.8,16.8,50.4,paid,delivered,True,20260903
ORD-0001837-1,ORD-0001837,2026-07-26,维娜·维多利亚-装饰摆件,2,89.0,0.05,8.9,169.1,37.38,74.76,paid,delivered,True,20260903
ORD-0001837-2,ORD-0001837,2026-07-26,结城理-吧唧（徽章）,1,18.0,0.0,0.0,18.0,5.4,5.4,paid,delivered,True,20260903
ORD-0001837-3,ORD-0001837,2026-07-26,斩业星熊-手办模玩,1,699.0,0.0,0.0,699.0,433.38,433.38,paid,delivered,True,20260903
ORD-0001838-1,ORD-0001838,2026-06-28,斩业星熊-手办模玩,1,699.0,0.0,0.0,699.0,433.38,433.38,paid,delivered,True,20260903
ORD-0001839-1,ORD-0001839,2026-06-16,维娜·维多利亚-日用生活,1,99.0,0.1,9.9,89.1,45.54,45.54,paid,delivered,True,20260903
ORD-0001840-1,ORD-0001840,2026-08-18,真言-装饰摆件,1,89.0,0.1,8.9,80.1,37.38,37.38,paid,delivered,True,20260903
ORD-0001841-1,ORD-0001841,2026-06-13,结城理-吧唧（徽章）,1,18.0,0.0,0.0,18.0,5.4,5.4,paid,delivered,True,20260903
ORD-0001842-1,ORD-0001842,2026-06-01,斩业星熊-毛绒玩偶,1,128.0,0.0,0.0,128.0,61.44,61.44,paid,delivered,True,20260903
ORD-0001843-1,ORD-0001843,2026-08-05,贝洛内-手办模玩,1,699.0,0.05,34.95,664.05,433.38,433.38,paid,delivered,True,20260903
ORD-0001844-1,ORD-0001844,2026-06-24,贝洛内-亚克力制品,1,48.0,0.0,0.0,48.0,16.8,16.8,paid,delivered,True,20260903
ORD-0001845-1,ORD-0001845,2026-08-21,凯尔希·思衡托-日用生活,1,99.0,0.1,9.9,89.1,45.54,45.54,paid,delivered,True,20260903
ORD-0001845-2,ORD-0001845,2026-08-21,新约能天使-通行证,1,39.0,0.0,0.0,39.0,12.48,12.48,paid,delivered,True,20260903
ORD-0001846-1,ORD-0001846,2026-08-22,塑心-装饰摆件,1,89.0,0.0,0.0,89.0,37.38,37.38,paid,delivered,True,20260903
ORD-0001847-1,ORD-0001847,2026-06-19,黍-毛绒玩偶,1,128.0,0.0,0.0,128.0,61.44,61.44,paid,delivered,True,20260903
ORD-0001848-1,ORD-0001848,2026-06-19,贝洛内-日用生活,3,99.0,0.1,29.7,267.3,45.54,136.62,paid,delivered,True,20260903
ORD-0001849-1,ORD-0001849,2026-07-15,司霆惊蛰-吧唧（徽章）,1,18.0,0.0,0.0,18.0,5.4,5.4,paid,delivered,True,20260903
ORD-0001849-2,ORD-0001849,2026-07-15,缄默德克萨斯-装饰摆件,1,89.0,0.0,0.0,89.0,37.38,37.38,paid,delivered,True,20260903
ORD-0001850-1,ORD-0001850,2026-07-16,重岳-日用生活,1,99.0,0.0,0.0,99.0,45.54,45.54,paid,delivered,True,20260903
ORD-0001850-2,ORD-0001850,2026-07-16,余-亚克力制品,1,48.0,0.1,4.8,43.2,16.8,16.8,paid,delivered,True,20260903
ORD-0001850-3,ORD-0001850,2026-07-16,贝洛内-手办模玩,1,699.0,0.0,0.0,699.0,433.38,433.38,paid,delivered,True,20260903
ORD-0001851-1,ORD-0001851,2026-08-01,余-亚克力制品,1,48.0,0.0,0.0,48.0,16.8,16.8,paid,delivered,True,20260903
ORD-0001852-1,ORD-0001852,2026-08-06,真言-毛绒玩偶,1,128.0,0.0,0.0,128.0,61.44,61.44,paid,delivered,True,20260903
ORD-0001853-1,ORD-0001853,2026-07-22,予愿安洁莉娜-毛绒玩偶,1,128.0,0.15,19.2,108.8,61.44,61.44,paid,shipped,True,20260903
ORD-0001854-1,ORD-0001854,2026-07-16,斩业星熊-装饰摆件,1,89.0,0.1,8.9,80.1,37.38,37.38,paid,delivered,True,20260903
ORD-0001855-1,ORD-0001855,2026-06-03,荒芜拉普兰德-日用生活,1,99.0,0.0,0.0,99.0,45.54,45.54,paid,delivered,True,20260903
ORD-0001855-2,ORD-0001855,2026-06-03,望-手办模玩,1,699.0,0.0,0.0,699.0,433.38,433.38,paid,delivered,True,20260903
ORD-0001856-1,ORD-0001856,2026-07-24,新约能天使-毛绒玩偶,1,128.0,0.0,0.0,128.0,61.44,61.44,paid,delivered,True,20260903
ORD-0001856-2,ORD-0001856,2026-07-24,归溟幽灵鲨-通行证,1,39.0,0.05,1.95,37.05,12.48,12.48,paid,delivered,True,20260903
ORD-0001857-1,ORD-0001857,2026-07-26,娜斯提-亚克力制品,1,48.0,0.1,4.8,43.2,16.8,16.8,paid,delivered,True,20260903
ORD-0001857-2,ORD-0001857,2026-07-26,凛御银灰-手办模玩,1,699.0,0.1,69.9,629.1,433.38,433.38,paid,delivered,True,20260903
ORD-0001858-1,ORD-0001858,2026-08-02,司霆惊蛰-装饰摆件,1,89.0,0.0,0.0,89.0,37.38,37.38,cancelled,cancelled,True,20260903
ORD-0001858-2,ORD-0001858,2026-08-02,结城理-装饰摆件,1,89.0,0.0,0.0,89.0,37.38,37.38,cancelled,cancelled,True,20260903
ORD-0001858-3,ORD-0001858,2026-08-02,凛御银灰-装饰摆件,1,89.0,0.05,4.45,84.55,37.38,37.38,cancelled,cancelled,True,20260903
ORD-0001859-1,ORD-0001859,2026-06-01,黍-吧唧（徽章）,1,18.0,0.15,2.7,15.3,5.4,5.4,paid,delivered,True,20260903
ORD-0001860-1,ORD-0001860,2026-06-18,焰狐龙梓兰-日用生活,1,99.0,0.1,9.9,89.1,45.54,45.54,paid,delivered,True,20260903
ORD-0001861-1,ORD-0001861,2026-06-22,归溟幽灵鲨-亚克力制品,1,48.0,0.05,2.4,45.6,16.8,16.8,paid,delivered,True,20260903
ORD-0001861-2,ORD-0001861,2026-06-22,予愿安洁莉娜-手办模玩,1,699.0,0.0,0.0,699.0,433.38,433.38,paid,delivered,True,20260903
ORD-0001862-1,ORD-0001862,2026-08-18,黍-日用生活,1,99.0,0.0,0.0,99.0,45.54,45.54,paid,delivered,True,20260903
ORD-0001862-2,ORD-0001862,2026-08-18,予愿安洁莉娜-日用生活,1,99.0,0.1,9.9,89.1,45.54,45.54,paid,delivered,True,20260903
ORD-0001863-1,ORD-0001863,2026-06-17,凯尔希·思衡托-装饰摆件,1,89.0,0.0,0.0,89.0,37.38,37.38,paid,delivered,True,20260903
ORD-0001864-1,ORD-0001864,2026-06-19,凛御银灰-毛绒玩偶,1,128.0,0.05,6.4,121.6,61.44,61.44,paid,delivered,True,20260903
ORD-0001864-2,ORD-0001864,2026-06-19,怒潮凛冬-通行证,1,39.0,0.0,0.0,39.0,12.48,12.48,paid,delivered,True,20260903
ORD-0001865-1,ORD-0001865,2026-08-27,塑心-通行证,1,39.0,0.0,0.0,39.0,12.48,12.48,paid,delivered,True,20260903
ORD-0001866-1,ORD-0001866,2026-07-28,予愿安洁莉娜-手办模玩,1,699.0,0.1,69.9,629.1,433.38,433.38,paid,delivered,True,20260903
ORD-0001866-2,ORD-0001866,2026-07-28,贝洛内-装饰摆件,1,89.0,0.0,0.0,89.0,37.38,37.38,paid,delivered,True,20260903
ORD-0001867-1,ORD-0001867,2026-07-08,维娜·维多利亚-吧唧（徽章）,1,18.0,0.0,0.0,18.0,5.4,5.4,paid,delivered,True,20260903
ORD-0001867-2,ORD-0001867,2026-07-08,新约能天使-日用生活,1,99.0,0.1,9.9,89.1,45.54,45.54,paid,delivered,True,20260903
ORD-0001868-1,ORD-0001868,2026-07-25,望-亚克力制品,2,48.0,0.0,0.0,96.0,16.8,33.6,paid,delivered,True,20260903
ORD-0001868-2,ORD-0001868,2026-07-25,司霆惊蛰-亚克力制品,1,48.0,0.0,0.0,48.0,16.8,16.8,paid,delivered,True,20260903
ORD-0001869-1,ORD-0001869,2026-07-26,归溟幽灵鲨-吧唧（徽章）,1,18.0,0.05,0.9,17.1,5.4,5.4,paid,shipped,True,20260903
ORD-0001870-1,ORD-0001870,2026-07-04,凯尔希·思衡托-毛绒玩偶,1,128.0,0.0,0.0,128.0,61.44,61.44,paid,delivered,True,20260903
ORD-0001871-1,ORD-0001871,2026-08-13,缄默德克萨斯-通行证,1,39.0,0.0,0.0,39.0,12.48,12.48,paid,delivered,True,20260903
ORD-0001872-1,ORD-0001872,2026-08-22,维娜·维多利亚-吧唧（徽章）,1,18.0,0.0,0.0,18.0,5.4,5.4,paid,delivered,True,20260903
ORD-0001873-1,ORD-0001873,2026-06-17,斩业星熊-亚克力制品,1,48.0,0.0,0.0,48.0,16.8,16.8,paid,delivered,True,20260903
ORD-0001874-1,ORD-0001874,2026-06-10,新约能天使-装饰摆件,1,89.0,0.0,0.0,89.0,37.38,37.38,paid,delivered,True,20260903
ORD-0001875-1,ORD-0001875,2026-06-27,余-毛绒玩偶,1,128.0,0.0,0.0,128.0,61.44,61.44,paid,delivered,True,20260903
ORD-0001875-2,ORD-0001875,2026-06-27,Mon3tr-毛绒玩偶,1,128.0,0.1,12.8,115.2,61.44,61.44,paid,delivered,True,20260903
ORD-0001876-1,ORD-0001876,2026-08-22,焰狐龙梓兰-亚克力制品,2,48.0,0.0,0.0,96.0,16.8,33.6,paid,delivered,True,20260903
ORD-0001877-1,ORD-0001877,2026-08-13,娜斯提-吧唧（徽章）,1,18.0,0.0,0.0,18.0,5.4,5.4,paid,delivered,True,20260903
ORD-0001877-2,ORD-0001877,2026-08-13,酒神-毛绒玩偶,1,128.0,0.0,0.0,128.0,61.44,61.44,paid,delivered,True,20260903
ORD-0001878-1,ORD-0001878,2026-06-24,谬因-日用生活,1,99.0,0.05,4.95,94.05,45.54,45.54,paid,delivered,True,20260903
ORD-0001879-1,ORD-0001879,2026-07-10,重岳-装饰摆件,1,89.0,0.1,8.9,80.1,37.38,37.38,paid,delivered,True,20260903
ORD-0001879-2,ORD-0001879,2026-07-10,焰狐龙梓兰-亚克力制品,1,48.0,0.0,0.0,48.0,16.8,16.8,paid,delivered,True,20260903
ORD-0001880-1,ORD-0001880,2026-06-17,怒潮凛冬-吧唧（徽章）,1,18.0,0.0,0.0,18.0,5.4,5.4,paid,delivered,True,20260903
ORD-0001881-1,ORD-0001881,2026-07-11,赤刃明霄陈-装饰摆件,1,89.0,0.0,0.0,89.0,37.38,37.38,paid,delivered,True,20260903
ORD-0001882-1,ORD-0001882,2026-06-22,Mon3tr-通行证,1,39.0,0.05,1.95,37.05,12.48,12.48,paid,delivered,True,20260903
ORD-0001883-1,ORD-0001883,2026-08-15,塑心-装饰摆件,1,89.0,0.0,0.0,89.0,37.38,37.38,paid,delivered,True,20260903
ORD-0001884-1,ORD-0001884,2026-06-12,酒神-日用生活,1,99.0,0.0,0.0,99.0,45.54,45.54,paid,delivered,True,20260903
ORD-0001885-1,ORD-0001885,2026-07-09,缇缇-装饰摆件,1,89.0,0.0,0.0,89.0,37.38,37.38,paid,delivered,True,20260903
ORD-0001886-1,ORD-0001886,2026-07-26,贝洛内-亚克力制品,1,48.0,0.15,7.2,40.8,16.8,16.8,paid,delivered,True,20260903
ORD-0001887-1,ORD-0001887,2026-07-10,焰狐龙梓兰-毛绒玩偶,1,128.0,0.0,0.0,128.0,61.44,61.44,paid,delivered,True,20260903
ORD-0001888-1,ORD-0001888,2026-06-21,荒芜拉普兰德-吧唧（徽章）,1,18.0,0.15,2.7,15.3,5.4,5.4,paid,delivered,True,20260903
ORD-0001889-1,ORD-0001889,2026-07-01,贝洛内-毛绒玩偶,1,128.0,0.0,0.0,128.0,61.44,61.44,paid,delivered,True,20260903
ORD-0001889-2,ORD-0001889,2026-07-01,纯烬艾雅法拉-通行证,1,39.0,0.0,0.0,39.0,12.48,12.48,paid,delivered,True,20260903
ORD-0001889-3,ORD-0001889,2026-07-01,斩业星熊-装饰摆件,1,89.0,0.0,0.0,89.0,37.38,37.38,paid,delivered,True,20260903
ORD-0001890-1,ORD-0001890,2026-06-29,归溟幽灵鲨-手办模玩,1,699.0,0.05,34.95,664.05,433.38,433.38,paid,delivered,True,20260903
ORD-0001890-2,ORD-0001890,2026-06-29,酒神-毛绒玩偶,1,128.0,0.1,12.8,115.2,61.44,61.44,paid,delivered,True,20260903
ORD-0001891-1,ORD-0001891,2026-08-04,娜斯提-手办模玩,1,699.0,0.0,0.0,699.0,433.38,433.38,paid,delivered,True,20260903
ORD-0001892-1,ORD-0001892,2026-07-22,结城理-吧唧（徽章）,1,18.0,0.0,0.0,18.0,5.4,5.4,paid,delivered,True,20260903
ORD-0001892-2,ORD-0001892,2026-07-22,归溟幽灵鲨-通行证,1,39.0,0.1,3.9,35.1,12.48,12.48,paid,delivered,True,20260903
ORD-0001892-3,ORD-0001892,2026-07-22,凯尔希·思衡托-通行证,1,39.0,0.0,0.0,39.0,12.48,12.48,paid,delivered,True,20260903
ORD-0001893-1,ORD-0001893,2026-06-28,余-毛绒玩偶,2,128.0,0.0,0.0,256.0,61.44,122.88,paid,delivered,True,20260903
ORD-0001893-2,ORD-0001893,2026-06-28,凯尔希·思衡托-通行证,1,39.0,0.0,0.0,39.0,12.48,12.48,paid,delivered,True,20260903
ORD-0001894-1,ORD-0001894,2026-06-26,酒神-日用生活,1,99.0,0.0,0.0,99.0,45.54,45.54,paid,delivered,True,20260903
ORD-0001895-1,ORD-0001895,2026-08-09,黍-亚克力制品,1,48.0,0.15,7.2,40.8,16.8,16.8,paid,delivered,True,20260903
ORD-0001896-1,ORD-0001896,2026-06-27,贝洛内-日用生活,1,99.0,0.05,4.95,94.05,45.54,45.54,cancelled,cancelled,True,20260903
ORD-0001897-1,ORD-0001897,2026-07-16,予愿安洁莉娜-手办模玩,1,699.0,0.15,104.85,594.15,433.38,433.38,paid,delivered,True,20260903
ORD-0001897-2,ORD-0001897,2026-07-16,怒潮凛冬-手办模玩,3,699.0,0.0,0.0,2097.0,433.38,1300.14,paid,delivered,True,20260903
ORD-0001898-1,ORD-0001898,2026-08-09,Mon3tr-毛绒玩偶,1,128.0,0.0,0.0,128.0,61.44,61.44,paid,delivered,True,20260903
ORD-0001898-2,ORD-0001898,2026-08-09,凛御银灰-日用生活,1,99.0,0.0,0.0,99.0,45.54,45.54,paid,delivered,True,20260903
ORD-0001899-1,ORD-0001899,2026-07-28,凛御银灰-手办模玩,1,699.0,0.0,0.0,699.0,433.38,433.38,paid,delivered,True,20260903
ORD-0001899-2,ORD-0001899,2026-07-28,荒芜拉普兰德-通行证,1,39.0,0.0,0.0,39.0,12.48,12.48,paid,delivered,True,20260903
ORD-0001900-1,ORD-0001900,2026-07-29,谬因-吧唧（徽章）,1,18.0,0.0,0.0,18.0,5.4,5.4,paid,delivered,True,20260903
ORD-0001901-1,ORD-0001901,2026-08-04,缪尔赛思-通行证,1,39.0,0.0,0.0,39.0,12.48,12.48,paid,delivered,True,20260903
ORD-0001902-1,ORD-0001902,2026-08-22,归溟幽灵鲨-吧唧（徽章）,1,18.0,0.1,1.8,16.2,5.4,5.4,paid,delivered,True,20260903
ORD-0001903-1,ORD-0001903,2026-07-10,娜斯提-装饰摆件,1,89.0,0.1,8.9,80.1,37.38,37.38,paid,delivered,True,20260903
ORD-0001904-1,ORD-0001904,2026-06-04,斩业星熊-手办模玩,1,699.0,0.05,34.95,664.05,433.38,433.38,paid,delivered,True,20260903
ORD-0001904-2,ORD-0001904,2026-06-04,酒神-日用生活,1,99.0,0.05,4.95,94.05,45.54,45.54,paid,delivered,True,20260903
ORD-0001905-1,ORD-0001905,2026-06-13,焰狐龙梓兰-毛绒玩偶,1,128.0,0.1,12.8,115.2,61.44,61.44,paid,delivered,True,20260903
ORD-0001906-1,ORD-0001906,2026-07-03,贝洛内-毛绒玩偶,1,128.0,0.1,12.8,115.2,61.44,61.44,paid,delivered,True,20260903
ORD-0001906-2,ORD-0001906,2026-07-03,缄默德克萨斯-通行证,1,39.0,0.15,5.85,33.15,12.48,12.48,paid,delivered,True,20260903
ORD-0001907-1,ORD-0001907,2026-06-23,怒潮凛冬-手办模玩,1,699.0,0.0,0.0,699.0,433.38,433.38,paid,delivered,True,20260903
ORD-0001908-1,ORD-0001908,2026-06-24,缪尔赛思-通行证,1,39.0,0.0,0.0,39.0,12.48,12.48,paid,delivered,True,20260903
ORD-0001909-1,ORD-0001909,2026-08-26,怒潮凛冬-毛绒玩偶,1,128.0,0.0,0.0,128.0,61.44,61.44,paid,delivered,True,20260903
ORD-0001910-1,ORD-0001910,2026-06-16,Mon3tr-装饰摆件,1,89.0,0.05,4.45,84.55,37.38,37.38,paid,delivered,True,20260903
ORD-0001911-1,ORD-0001911,2026-08-10,死芒-亚克力制品,1,48.0,0.0,0.0,48.0,16.8,16.8,paid,delivered,True,20260903
ORD-0001911-2,ORD-0001911,2026-08-10,重岳-通行证,1,39.0,0.05,1.95,37.05,12.48,12.48,paid,delivered,True,20260903
ORD-0001912-1,ORD-0001912,2026-07-10,司霆惊蛰-手办模玩,1,699.0,0.0,0.0,699.0,433.38,433.38,paid,delivered,True,20260903
ORD-0001912-2,ORD-0001912,2026-07-10,予愿安洁莉娜-吧唧（徽章）,1,18.0,0.0,0.0,18.0,5.4,5.4,paid,delivered,True,20260903
ORD-0001913-1,ORD-0001913,2026-06-30,司霆惊蛰-毛绒玩偶,1,128.0,0.0,0.0,128.0,61.44,61.44,paid,delivered,True,20260903
ORD-0001914-1,ORD-0001914,2026-08-28,结城理-亚克力制品,1,48.0,0.15,7.2,40.8,16.8,16.8,paid,delivered,True,20260903
ORD-0001915-1,ORD-0001915,2026-07-26,结城理-手办模玩,1,699.0,0.05,34.95,664.05,433.38,433.38,paid,delivered,True,20260903
ORD-0001916-1,ORD-0001916,2026-07-27,真言-手办模玩,1,699.0,0.0,0.0,699.0,433.38,433.38,paid,delivered,True,20260903
ORD-0001917-1,ORD-0001917,2026-07-13,凛御银灰-装饰摆件,1,89.0,0.0,0.0,89.0,37.38,37.38,paid,delivered,True,20260903
ORD-0001917-2,ORD-0001917,2026-07-13,缄默德克萨斯-吧唧（徽章）,2,18.0,0.0,0.0,36.0,5.4,10.8,paid,delivered,True,20260903
ORD-0001918-1,ORD-0001918,2026-07-11,荒芜拉普兰德-装饰摆件,1,89.0,0.05,4.45,84.55,37.38,37.38,paid,delivered,True,20260903
ORD-0001918-2,ORD-0001918,2026-07-11,荒芜拉普兰德-手办模玩,2,699.0,0.0,0.0,1398.0,433.38,866.76,paid,delivered,True,20260903
ORD-0001919-1,ORD-0001919,2026-07-04,焰狐龙梓兰-毛绒玩偶,1,128.0,0.05,6.4,121.6,61.44,61.44,paid,delivered,True,20260903
ORD-0001920-1,ORD-0001920,2026-07-31,重岳-吧唧（徽章）,1,18.0,0.0,0.0,18.0,5.4,5.4,paid,delivered,True,20260903
ORD-0001921-1,ORD-0001921,2026-07-05,焰狐龙梓兰-通行证,1,39.0,0.1,3.9,35.1,12.48,12.48,paid,delivered,True,20260903
ORD-0001922-1,ORD-0001922,2026-06-19,荒芜拉普兰德-手办模玩,1,699.0,0.0,0.0,699.0,433.38,433.38,paid,delivered,True,20260903
ORD-0001923-1,ORD-0001923,2026-08-09,斩业星熊-吧唧（徽章）,1,18.0,0.0,0.0,18.0,5.4,5.4,paid,delivered,True,20260903
ORD-0001924-1,ORD-0001924,2026-06-29,谬因-毛绒玩偶,1,128.0,0.0,0.0,128.0,61.44,61.44,paid,delivered,True,20260903
ORD-0001925-1,ORD-0001925,2026-06-06,塑心-亚克力制品,2,48.0,0.05,4.8,91.2,16.8,33.6,paid,delivered,True,20260903
ORD-0001926-1,ORD-0001926,2026-08-13,荒芜拉普兰德-吧唧（徽章）,1,18.0,0.1,1.8,16.2,5.4,5.4,paid,delivered,True,20260903
ORD-0001926-2,ORD-0001926,2026-08-13,荒芜拉普兰德-毛绒玩偶,1,128.0,0.15,19.2,108.8,61.44,61.44,paid,delivered,True,20260903
ORD-0001926-3,ORD-0001926,2026-08-13,娜斯提-装饰摆件,1,89.0,0.0,0.0,89.0,37.38,37.38,paid,delivered,True,20260903
ORD-0001927-1,ORD-0001927,2026-07-26,结城理-毛绒玩偶,1,128.0,0.15,19.2,108.8,61.44,61.44,paid,shipped,True,20260903
ORD-0001928-1,ORD-0001928,2026-06-15,塑心-装饰摆件,1,89.0,0.0,0.0,89.0,37.38,37.38,paid,delivered,True,20260903
ORD-0001928-2,ORD-0001928,2026-06-15,黍-毛绒玩偶,1,128.0,0.1,12.8,115.2,61.44,61.44,paid,delivered,True,20260903
ORD-0001929-1,ORD-0001929,2026-07-28,怒潮凛冬-日用生活,1,99.0,0.05,4.95,94.05,45.54,45.54,paid,delivered,True,20260903
ORD-0001929-2,ORD-0001929,2026-07-28,赤刃明霄陈-吧唧（徽章）,1,18.0,0.0,0.0,18.0,5.4,5.4,paid,delivered,True,20260903
ORD-0001930-1,ORD-0001930,2026-07-24,归溟幽灵鲨-吧唧（徽章）,1,18.0,0.0,0.0,18.0,5.4,5.4,paid,delivered,True,20260903
ORD-0001931-1,ORD-0001931,2026-07-03,新约能天使-亚克力制品,1,48.0,0.1,4.8,43.2,16.8,16.8,paid,delivered,True,20260903
ORD-0001932-1,ORD-0001932,2026-06-13,缇缇-日用生活,1,99.0,0.0,0.0,99.0,45.54,45.54,paid,delivered,True,20260903
ORD-0001933-1,ORD-0001933,2026-06-25,黍-亚克力制品,1,48.0,0.05,2.4,45.6,16.8,16.8,paid,delivered,True,20260903
ORD-0001934-1,ORD-0001934,2026-06-28,娜斯提-装饰摆件,1,89.0,0.0,0.0,89.0,37.38,37.38,paid,delivered,True,20260903
ORD-0001935-1,ORD-0001935,2026-06-26,赤刃明霄陈-通行证,1,39.0,0.0,0.0,39.0,12.48,12.48,paid,delivered,True,20260903
ORD-0001936-1,ORD-0001936,2026-08-02,重岳-通行证,1,39.0,0.0,0.0,39.0,12.48,12.48,paid,delivered,True,20260903
ORD-0001937-1,ORD-0001937,2026-08-07,予愿安洁莉娜-吧唧（徽章）,2,18.0,0.1,3.6,32.4,5.4,10.8,paid,delivered,True,20260903
ORD-0001938-1,ORD-0001938,2026-06-09,望-通行证,1,39.0,0.05,1.95,37.05,12.48,12.48,paid,delivered,True,20260903
ORD-0001939-1,ORD-0001939,2026-06-21,维娜·维多利亚-日用生活,1,99.0,0.0,0.0,99.0,45.54,45.54,paid,delivered,True,20260903
ORD-0001940-1,ORD-0001940,2026-06-17,缇缇-毛绒玩偶,2,128.0,0.0,0.0,256.0,61.44,122.88,paid,delivered,True,20260903
ORD-0001941-1,ORD-0001941,2026-08-18,凯尔希·思衡托-毛绒玩偶,1,128.0,0.0,0.0,128.0,61.44,61.44,paid,delivered,True,20260903
ORD-0001942-1,ORD-0001942,2026-06-21,赤刃明霄陈-亚克力制品,1,48.0,0.0,0.0,48.0,16.8,16.8,paid,delivered,True,20260903
ORD-0001943-1,ORD-0001943,2026-08-01,凯尔希·思衡托-手办模玩,1,699.0,0.05,34.95,664.05,433.38,433.38,paid,delivered,True,20260903
ORD-0001944-1,ORD-0001944,2026-06-23,焰狐龙梓兰-日用生活,1,99.0,0.0,0.0,99.0,45.54,45.54,paid,delivered,True,20260903
ORD-0001945-1,ORD-0001945,2026-06-06,维娜·维多利亚-装饰摆件,1,89.0,0.0,0.0,89.0,37.38,37.38,paid,delivered,True,20260903
ORD-0001946-1,ORD-0001946,2026-06-15,凯尔希·思衡托-手办模玩,1,699.0,0.0,0.0,699.0,433.38,433.38,paid,delivered,True,20260903
ORD-0001947-1,ORD-0001947,2026-06-25,斩业星熊-手办模玩,1,699.0,0.1,69.9,629.1,433.38,433.38,paid,shipped,True,20260903
ORD-0001948-1,ORD-0001948,2026-07-25,予愿安洁莉娜-吧唧（徽章）,1,18.0,0.0,0.0,18.0,5.4,5.4,paid,delivered,True,20260903
ORD-0001949-1,ORD-0001949,2026-07-25,焰狐龙梓兰-亚克力制品,2,48.0,0.05,4.8,91.2,16.8,33.6,paid,delivered,True,20260903
ORD-0001950-1,ORD-0001950,2026-08-25,予愿安洁莉娜-亚克力制品,1,48.0,0.0,0.0,48.0,16.8,16.8,paid,delivered,True,20260903
ORD-0001951-1,ORD-0001951,2026-06-10,司霆惊蛰-通行证,1,39.0,0.15,5.85,33.15,12.48,12.48,paid,delivered,True,20260903
ORD-0001951-2,ORD-0001951,2026-06-10,Mon3tr-通行证,1,39.0,0.1,3.9,35.1,12.48,12.48,paid,delivered,True,20260903
ORD-0001952-1,ORD-0001952,2026-07-27,凛御银灰-吧唧（徽章）,1,18.0,0.1,1.8,16.2,5.4,5.4,paid,delivered,True,20260903
ORD-0001953-1,ORD-0001953,2026-08-24,死芒-毛绒玩偶,2,128.0,0.1,25.6,230.4,61.44,122.88,paid,delivered,True,20260903
ORD-0001954-1,ORD-0001954,2026-08-10,谬因-日用生活,1,99.0,0.1,9.9,89.1,45.54,45.54,paid,delivered,True,20260903
ORD-0001955-1,ORD-0001955,2026-07-05,纯烬艾雅法拉-日用生活,1,99.0,0.15,14.85,84.15,45.54,45.54,paid,delivered,True,20260903
ORD-0001955-2,ORD-0001955,2026-07-05,死芒-吧唧（徽章）,2,18.0,0.0,0.0,36.0,5.4,10.8,paid,delivered,True,20260903
ORD-0001956-1,ORD-0001956,2026-06-13,缇缇-手办模玩,1,699.0,0.05,34.95,664.05,433.38,433.38,paid,delivered,True,20260903
ORD-0001957-1,ORD-0001957,2026-08-25,荒芜拉普兰德-通行证,1,39.0,0.0,0.0,39.0,12.48,12.48,paid,delivered,True,20260903
ORD-0001958-1,ORD-0001958,2026-06-02,纯烬艾雅法拉-装饰摆件,1,89.0,0.0,0.0,89.0,37.38,37.38,paid,delivered,True,20260903
ORD-0001959-1,ORD-0001959,2026-07-09,真言-装饰摆件,1,89.0,0.0,0.0,89.0,37.38,37.38,paid,delivered,True,20260903
ORD-0001960-1,ORD-0001960,2026-06-07,纯烬艾雅法拉-通行证,2,39.0,0.05,3.9,74.1,12.48,24.96,paid,delivered,True,20260903
ORD-0001960-2,ORD-0001960,2026-06-07,望-装饰摆件,1,89.0,0.0,0.0,89.0,37.38,37.38,paid,delivered,True,20260903
ORD-0001961-1,ORD-0001961,2026-06-28,缄默德克萨斯-通行证,1,39.0,0.0,0.0,39.0,12.48,12.48,paid,delivered,True,20260903
ORD-0001962-1,ORD-0001962,2026-06-10,怒潮凛冬-日用生活,1,99.0,0.0,0.0,99.0,45.54,45.54,paid,delivered,True,20260903
ORD-0001963-1,ORD-0001963,2026-06-23,维娜·维多利亚-装饰摆件,1,89.0,0.0,0.0,89.0,37.38,37.38,paid,delivered,True,20260903
ORD-0001964-1,ORD-0001964,2026-08-02,司霆惊蛰-手办模玩,1,699.0,0.0,0.0,699.0,433.38,433.38,paid,delivered,True,20260903
ORD-0001965-1,ORD-0001965,2026-07-14,贝洛内-手办模玩,1,699.0,0.0,0.0,699.0,433.38,433.38,cancelled,cancelled,True,20260903
ORD-0001966-1,ORD-0001966,2026-07-03,怒潮凛冬-日用生活,2,99.0,0.0,0.0,198.0,45.54,91.08,cancelled,cancelled,True,20260903
ORD-0001967-1,ORD-0001967,2026-06-04,黍-装饰摆件,1,89.0,0.0,0.0,89.0,37.38,37.38,paid,delivered,True,20260903
ORD-0001968-1,ORD-0001968,2026-08-03,维娜·维多利亚-毛绒玩偶,1,128.0,0.05,6.4,121.6,61.44,61.44,paid,delivered,True,20260903
ORD-0001969-1,ORD-0001969,2026-08-13,怒潮凛冬-日用生活,1,99.0,0.0,0.0,99.0,45.54,45.54,paid,pending,True,20260903
ORD-0001970-1,ORD-0001970,2026-08-04,斩业星熊-亚克力制品,1,48.0,0.05,2.4,45.6,16.8,16.8,paid,delivered,True,20260903
ORD-0001970-2,ORD-0001970,2026-08-04,余-亚克力制品,1,48.0,0.0,0.0,48.0,16.8,16.8,paid,delivered,True,20260903
ORD-0001971-1,ORD-0001971,2026-07-29,真言-装饰摆件,1,89.0,0.05,4.45,84.55,37.38,37.38,paid,delivered,True,20260903
ORD-0001972-1,ORD-0001972,2026-08-15,司霆惊蛰-吧唧（徽章）,1,18.0,0.05,0.9,17.1,5.4,5.4,paid,delivered,True,20260903
ORD-0001973-1,ORD-0001973,2026-07-25,予愿安洁莉娜-通行证,1,39.0,0.1,3.9,35.1,12.48,12.48,paid,delivered,True,20260903
ORD-0001973-2,ORD-0001973,2026-07-25,斩业星熊-吧唧（徽章）,1,18.0,0.1,1.8,16.2,5.4,5.4,paid,delivered,True,20260903
ORD-0001973-3,ORD-0001973,2026-07-25,佩佩-毛绒玩偶,2,128.0,0.0,0.0,256.0,61.44,122.88,paid,delivered,True,20260903
ORD-0001974-1,ORD-0001974,2026-07-13,重岳-通行证,1,39.0,0.0,0.0,39.0,12.48,12.48,paid,delivered,True,20260903
ORD-0001975-1,ORD-0001975,2026-06-30,维娜·维多利亚-吧唧（徽章）,1,18.0,0.0,0.0,18.0,5.4,5.4,paid,delivered,True,20260903
ORD-0001976-1,ORD-0001976,2026-07-13,娜斯提-吧唧（徽章）,1,18.0,0.1,1.8,16.2,5.4,5.4,paid,delivered,True,20260903
ORD-0001976-2,ORD-0001976,2026-07-13,予愿安洁莉娜-吧唧（徽章）,1,18.0,0.05,0.9,17.1,5.4,5.4,paid,delivered,True,20260903
ORD-0001977-1,ORD-0001977,2026-06-25,斩业星熊-亚克力制品,1,48.0,0.1,4.8,43.2,16.8,16.8,paid,delivered,True,20260903
ORD-0001977-2,ORD-0001977,2026-06-25,Mon3tr-手办模玩,2,699.0,0.0,0.0,1398.0,433.38,866.76,paid,delivered,True,20260903
ORD-0001978-1,ORD-0001978,2026-06-24,凛御银灰-手办模玩,1,699.0,0.0,0.0,699.0,433.38,433.38,paid,delivered,True,20260903
ORD-0001979-1,ORD-0001979,2026-07-21,结城理-通行证,1,39.0,0.15,5.85,33.15,12.48,12.48,paid,delivered,True,20260903
ORD-0001980-1,ORD-0001980,2026-08-16,维娜·维多利亚-毛绒玩偶,2,128.0,0.0,0.0,256.0,61.44,122.88,paid,delivered,True,20260903
ORD-0001981-1,ORD-0001981,2026-07-16,荒芜拉普兰德-吧唧（徽章）,1,18.0,0.0,0.0,18.0,5.4,5.4,paid,delivered,True,20260903
ORD-0001982-1,ORD-0001982,2026-06-30,司霆惊蛰-吧唧（徽章）,1,18.0,0.1,1.8,16.2,5.4,5.4,paid,delivered,True,20260903
ORD-0001983-1,ORD-0001983,2026-07-08,贝洛内-通行证,1,39.0,0.0,0.0,39.0,12.48,12.48,paid,delivered,True,20260903
ORD-0001984-1,ORD-0001984,2026-07-06,贝洛内-亚克力制品,2,48.0,0.1,9.6,86.4,16.8,33.6,paid,delivered,True,20260903
ORD-0001984-2,ORD-0001984,2026-07-06,佩佩-日用生活,1,99.0,0.1,9.9,89.1,45.54,45.54,paid,delivered,True,20260903
ORD-0001985-1,ORD-0001985,2026-08-20,维娜·维多利亚-装饰摆件,1,89.0,0.0,0.0,89.0,37.38,37.38,paid,delivered,True,20260903
ORD-0001985-2,ORD-0001985,2026-08-20,新约能天使-毛绒玩偶,2,128.0,0.0,0.0,256.0,61.44,122.88,paid,delivered,True,20260903
ORD-0001985-3,ORD-0001985,2026-08-20,新约能天使-通行证,1,39.0,0.0,0.0,39.0,12.48,12.48,paid,delivered,True,20260903
ORD-0001986-1,ORD-0001986,2026-08-11,司霆惊蛰-亚克力制品,1,48.0,0.15,7.2,40.8,16.8,16.8,paid,delivered,True,20260903
ORD-0001987-1,ORD-0001987,2026-08-03,缄默德克萨斯-日用生活,1,99.0,0.0,0.0,99.0,45.54,45.54,paid,delivered,True,20260903
ORD-0001988-1,ORD-0001988,2026-07-06,酒神-日用生活,1,99.0,0.05,4.95,94.05,45.54,45.54,paid,delivered,True,20260903
ORD-0001989-1,ORD-0001989,2026-07-27,司霆惊蛰-通行证,1,39.0,0.1,3.9,35.1,12.48,12.48,paid,delivered,True,20260903
ORD-0001990-1,ORD-0001990,2026-06-07,Mon3tr-通行证,1,39.0,0.1,3.9,35.1,12.48,12.48,paid,delivered,True,20260903
ORD-0001990-2,ORD-0001990,2026-06-07,死芒-通行证,1,39.0,0.05,1.95,37.05,12.48,12.48,paid,delivered,True,20260903
ORD-0001991-1,ORD-0001991,2026-07-04,凛御银灰-亚克力制品,1,48.0,0.1,4.8,43.2,16.8,16.8,paid,delivered,True,20260903
ORD-0001992-1,ORD-0001992,2026-08-06,贝洛内-亚克力制品,1,48.0,0.0,0.0,48.0,16.8,16.8,paid,delivered,True,20260903
ORD-0001993-1,ORD-0001993,2026-08-22,新约能天使-装饰摆件,1,89.0,0.1,8.9,80.1,37.38,37.38,paid,delivered,True,20260903
ORD-0001993-2,ORD-0001993,2026-08-22,凯尔希·思衡托-手办模玩,1,699.0,0.0,0.0,699.0,433.38,433.38,paid,delivered,True,20260903
ORD-0001994-1,ORD-0001994,2026-06-19,新约能天使-吧唧（徽章）,1,18.0,0.05,0.9,17.1,5.4,5.4,paid,delivered,True,20260903
ORD-0001995-1,ORD-0001995,2026-08-01,司霆惊蛰-吧唧（徽章）,1,18.0,0.0,0.0,18.0,5.4,5.4,paid,delivered,True,20260903
ORD-0001996-1,ORD-0001996,2026-07-18,佩佩-吧唧（徽章）,1,18.0,0.05,0.9,17.1,5.4,5.4,cancelled,cancelled,True,20260903
ORD-0001996-2,ORD-0001996,2026-07-18,余-手办模玩,1,699.0,0.0,0.0,699.0,433.38,433.38,cancelled,cancelled,True,20260903
ORD-0001997-1,ORD-0001997,2026-08-13,重岳-日用生活,1,99.0,0.0,0.0,99.0,45.54,45.54,paid,delivered,True,20260903
ORD-0001998-1,ORD-0001998,2026-06-24,予愿安洁莉娜-手办模玩,1,699.0,0.15,104.85,594.15,433.38,433.38,cancelled,cancelled,True,20260903
ORD-0001999-1,ORD-0001999,2026-08-06,荒芜拉普兰德-吧唧（徽章）,1,18.0,0.05,0.9,17.1,5.4,5.4,paid,delivered,True,20260903
ORD-0002000-1,ORD-0002000,2026-07-31,凯尔希·思衡托-吧唧（徽章）,1,18.0,0.0,0.0,18.0,5.4,5.4,paid,delivered,True,20260903
ORD-0002001-1,ORD-0002001,2026-06-23,斩业星熊-毛绒玩偶,1,128.0,0.1,12.8,115.2,61.44,61.44,paid,delivered,True,20260903
ORD-0002001-2,ORD-0002001,2026-06-23,死芒-手办模玩,1,699.0,0.05,34.95,664.05,433.38,433.38,paid,delivered,True,20260903
ORD-0002002-1,ORD-0002002,2026-08-17,缪尔赛思-通行证,1,39.0,0.0,0.0,39.0,12.48,12.48,paid,delivered,True,20260903
ORD-0002003-1,ORD-0002003,2026-08-01,维娜·维多利亚-吧唧（徽章）,1,18.0,0.0,0.0,18.0,5.4,5.4,paid,delivered,True,20260903
ORD-0002004-1,ORD-0002004,2026-06-16,死芒-亚克力制品,1,48.0,0.1,4.8,43.2,16.8,16.8,paid,delivered,True,20260903
ORD-0002005-1,ORD-0002005,2026-07-18,凛御银灰-通行证,1,39.0,0.0,0.0,39.0,12.48,12.48,paid,delivered,True,20260903
ORD-0002006-1,ORD-0002006,2026-07-20,归溟幽灵鲨-吧唧（徽章）,1,18.0,0.0,0.0,18.0,5.4,5.4,paid,delivered,True,20260903
ORD-0002007-1,ORD-0002007,2026-06-20,塑心-毛绒玩偶,1,128.0,0.05,6.4,121.6,61.44,61.44,paid,delivered,True,20260903
ORD-0002008-1,ORD-0002008,2026-06-17,黍-手办模玩,1,699.0,0.0,0.0,699.0,433.38,433.38,paid,delivered,True,20260903
ORD-0002009-1,ORD-0002009,2026-08-28,贝洛内-装饰摆件,2,89.0,0.0,0.0,178.0,37.38,74.76,paid,delivered,True,20260903
ORD-0002010-1,ORD-0002010,2026-06-19,缪尔赛思-手办模玩,1,699.0,0.1,69.9,629.1,433.38,433.38,paid,delivered,True,20260903
ORD-0002011-1,ORD-0002011,2026-06-07,佩佩-手办模玩,1,699.0,0.0,0.0,699.0,433.38,433.38,paid,delivered,True,20260903
ORD-0002012-1,ORD-0002012,2026-08-01,维娜·维多利亚-通行证,1,39.0,0.0,0.0,39.0,12.48,12.48,paid,shipped,True,20260903
ORD-0002013-1,ORD-0002013,2026-06-07,缪尔赛思-装饰摆件,1,89.0,0.0,0.0,89.0,37.38,37.38,paid,delivered,True,20260903
ORD-0002014-1,ORD-0002014,2026-08-26,缄默德克萨斯-吧唧（徽章）,1,18.0,0.0,0.0,18.0,5.4,5.4,paid,delivered,True,20260903
ORD-0002015-1,ORD-0002015,2026-06-17,荒芜拉普兰德-日用生活,1,99.0,0.0,0.0,99.0,45.54,45.54,paid,delivered,True,20260903
ORD-0002015-2,ORD-0002015,2026-06-17,缪尔赛思-手办模玩,1,699.0,0.05,34.95,664.05,433.38,433.38,paid,delivered,True,20260903
ORD-0002016-1,ORD-0002016,2026-07-31,真言-手办模玩,1,699.0,0.05,34.95,664.05,433.38,433.38,paid,delivered,True,20260903
ORD-0002017-1,ORD-0002017,2026-07-29,Mon3tr-装饰摆件,3,89.0,0.1,26.7,240.3,37.38,112.14,paid,delivered,True,20260903
ORD-0002017-2,ORD-0002017,2026-07-29,予愿安洁莉娜-手办模玩,1,699.0,0.0,0.0,699.0,433.38,433.38,paid,delivered,True,20260903
ORD-0002017-3,ORD-0002017,2026-07-29,怒潮凛冬-装饰摆件,1,89.0,0.1,8.9,80.1,37.38,37.38,paid,delivered,True,20260903
ORD-0002018-1,ORD-0002018,2026-06-28,赤刃明霄陈-日用生活,1,99.0,0.0,0.0,99.0,45.54,45.54,paid,delivered,True,20260903
ORD-0002019-1,ORD-0002019,2026-06-14,望-毛绒玩偶,1,128.0,0.1,12.8,115.2,61.44,61.44,paid,delivered,True,20260903
ORD-0002020-1,ORD-0002020,2026-07-15,娜斯提-日用生活,1,99.0,0.0,0.0,99.0,45.54,45.54,paid,delivered,True,20260903
ORD-0002020-2,ORD-0002020,2026-07-15,归溟幽灵鲨-通行证,1,39.0,0.1,3.9,35.1,12.48,12.48,paid,delivered,True,20260903
ORD-0002021-1,ORD-0002021,2026-08-05,酒神-手办模玩,1,699.0,0.05,34.95,664.05,433.38,433.38,paid,delivered,True,20260903
ORD-0002022-1,ORD-0002022,2026-06-15,缇缇-日用生活,1,99.0,0.15,14.85,84.15,45.54,45.54,paid,delivered,True,20260903
ORD-0002023-1,ORD-0002023,2026-08-27,荒芜拉普兰德-装饰摆件,1,89.0,0.0,0.0,89.0,37.38,37.38,paid,delivered,True,20260903
ORD-0002024-1,ORD-0002024,2026-06-19,维娜·维多利亚-装饰摆件,1,89.0,0.0,0.0,89.0,37.38,37.38,paid,delivered,True,20260903
ORD-0002025-1,ORD-0002025,2026-08-02,余-亚克力制品,1,48.0,0.05,2.4,45.6,16.8,16.8,paid,delivered,True,20260903
ORD-0002025-2,ORD-0002025,2026-08-02,维娜·维多利亚-日用生活,1,99.0,0.0,0.0,99.0,45.54,45.54,paid,delivered,True,20260903
ORD-0002026-1,ORD-0002026,2026-07-12,Mon3tr-日用生活,1,99.0,0.0,0.0,99.0,45.54,45.54,paid,delivered,True,20260903
ORD-0002026-2,ORD-0002026,2026-07-12,缇缇-装饰摆件,1,89.0,0.0,0.0,89.0,37.38,37.38,paid,delivered,True,20260903
ORD-0002027-1,ORD-0002027,2026-07-08,塑心-日用生活,1,99.0,0.1,9.9,89.1,45.54,45.54,paid,delivered,True,20260903
ORD-0002028-1,ORD-0002028,2026-07-20,焰狐龙梓兰-装饰摆件,1,89.0,0.0,0.0,89.0,37.38,37.38,paid,delivered,True,20260903
ORD-0002029-1,ORD-0002029,2026-08-19,维娜·维多利亚-装饰摆件,1,89.0,0.0,0.0,89.0,37.38,37.38,paid,delivered,True,20260903
ORD-0002029-2,ORD-0002029,2026-08-19,予愿安洁莉娜-通行证,1,39.0,0.1,3.9,35.1,12.48,12.48,paid,delivered,True,20260903
ORD-0002030-1,ORD-0002030,2026-07-03,怒潮凛冬-毛绒玩偶,1,128.0,0.0,0.0,128.0,61.44,61.44,paid,delivered,True,20260903
ORD-0002031-1,ORD-0002031,2026-07-20,结城理-日用生活,1,99.0,0.0,0.0,99.0,45.54,45.54,paid,shipped,True,20260903
ORD-0002032-1,ORD-0002032,2026-06-26,缄默德克萨斯-日用生活,1,99.0,0.05,4.95,94.05,45.54,45.54,paid,delivered,True,20260903
ORD-0002032-2,ORD-0002032,2026-06-26,重岳-日用生活,1,99.0,0.0,0.0,99.0,45.54,45.54,paid,delivered,True,20260903
ORD-0002032-3,ORD-0002032,2026-06-26,重岳-通行证,1,39.0,0.1,3.9,35.1,12.48,12.48,paid,delivered,True,20260903
ORD-0002033-1,ORD-0002033,2026-08-11,缄默德克萨斯-手办模玩,1,699.0,0.0,0.0,699.0,433.38,433.38,paid,delivered,True,20260903
ORD-0002034-1,ORD-0002034,2026-08-03,谬因-装饰摆件,2,89.0,0.05,8.9,169.1,37.38,74.76,paid,delivered,True,20260903
ORD-0002035-1,ORD-0002035,2026-07-23,佩佩-通行证,1,39.0,0.1,3.9,35.1,12.48,12.48,paid,delivered,True,20260903
ORD-0002036-1,ORD-0002036,2026-06-13,怒潮凛冬-亚克力制品,1,48.0,0.05,2.4,45.6,16.8,16.8,paid,delivered,True,20260903
ORD-0002037-1,ORD-0002037,2026-07-29,谬因-吧唧（徽章）,1,18.0,0.1,1.8,16.2,5.4,5.4,paid,delivered,True,20260903
ORD-0002038-1,ORD-0002038,2026-08-09,新约能天使-毛绒玩偶,1,128.0,0.0,0.0,128.0,61.44,61.44,cancelled,cancelled,True,20260903
ORD-0002039-1,ORD-0002039,2026-07-17,焰狐龙梓兰-日用生活,1,99.0,0.0,0.0,99.0,45.54,45.54,cancelled,cancelled,True,20260903
ORD-0002040-1,ORD-0002040,2026-06-17,缪尔赛思-亚克力制品,1,48.0,0.0,0.0,48.0,16.8,16.8,paid,delivered,True,20260903
ORD-0002041-1,ORD-0002041,2026-08-15,余-装饰摆件,1,89.0,0.05,4.45,84.55,37.38,37.38,paid,delivered,True,20260903
ORD-0002042-1,ORD-0002042,2026-06-16,Mon3tr-手办模玩,1,699.0,0.0,0.0,699.0,433.38,433.38,paid,delivered,True,20260903
ORD-0002043-1,ORD-0002043,2026-08-25,塑心-通行证,1,39.0,0.0,0.0,39.0,12.48,12.48,paid,delivered,True,20260903
ORD-0002044-1,ORD-0002044,2026-06-21,缄默德克萨斯-吧唧（徽章）,1,18.0,0.05,0.9,17.1,5.4,5.4,paid,shipped,True,20260903
ORD-0002045-1,ORD-0002045,2026-07-29,Mon3tr-亚克力制品,1,48.0,0.0,0.0,48.0,16.8,16.8,paid,delivered,True,20260903
ORD-0002046-1,ORD-0002046,2026-07-21,谬因-吧唧（徽章）,1,18.0,0.0,0.0,18.0,5.4,5.4,paid,delivered,True,20260903
ORD-0002047-1,ORD-0002047,2026-06-21,黍-毛绒玩偶,1,128.0,0.0,0.0,128.0,61.44,61.44,paid,delivered,True,20260903
ORD-0002048-1,ORD-0002048,2026-06-05,Mon3tr-亚克力制品,1,48.0,0.05,2.4,45.6,16.8,16.8,paid,delivered,True,20260903
ORD-0002049-1,ORD-0002049,2026-06-15,焰狐龙梓兰-手办模玩,1,699.0,0.0,0.0,699.0,433.38,433.38,cancelled,cancelled,True,20260903
ORD-0002050-1,ORD-0002050,2026-07-23,贝洛内-亚克力制品,2,48.0,0.1,9.6,86.4,16.8,33.6,paid,delivered,True,20260903
ORD-0002051-1,ORD-0002051,2026-06-05,荒芜拉普兰德-亚克力制品,1,48.0,0.0,0.0,48.0,16.8,16.8,paid,delivered,True,20260903
ORD-0002052-1,ORD-0002052,2026-06-09,余-毛绒玩偶,1,128.0,0.1,12.8,115.2,61.44,61.44,paid,delivered,True,20260903
ORD-0002053-1,ORD-0002053,2026-06-25,荒芜拉普兰德-装饰摆件,1,89.0,0.05,4.45,84.55,37.38,37.38,cancelled,cancelled,True,20260903
ORD-0002054-1,ORD-0002054,2026-06-21,缄默德克萨斯-通行证,1,39.0,0.0,0.0,39.0,12.48,12.48,paid,delivered,True,20260903
ORD-0002055-1,ORD-0002055,2026-06-15,凯尔希·思衡托-日用生活,1,99.0,0.1,9.9,89.1,45.54,45.54,paid,delivered,True,20260903
ORD-0002056-1,ORD-0002056,2026-07-14,塑心-手办模玩,1,699.0,0.0,0.0,699.0,433.38,433.38,paid,delivered,True,20260903
ORD-0002057-1,ORD-0002057,2026-06-03,焰狐龙梓兰-亚克力制品,1,48.0,0.0,0.0,48.0,16.8,16.8,paid,delivered,True,20260903
ORD-0002058-1,ORD-0002058,2026-08-25,结城理-亚克力制品,1,48.0,0.0,0.0,48.0,16.8,16.8,paid,shipped,True,20260903
ORD-0002059-1,ORD-0002059,2026-07-04,荒芜拉普兰德-日用生活,1,99.0,0.0,0.0,99.0,45.54,45.54,paid,delivered,True,20260903
ORD-0002060-1,ORD-0002060,2026-07-03,斩业星熊-吧唧（徽章）,1,18.0,0.0,0.0,18.0,5.4,5.4,paid,pending,True,20260903
ORD-0002060-2,ORD-0002060,2026-07-03,维娜·维多利亚-亚克力制品,1,48.0,0.05,2.4,45.6,16.8,16.8,paid,pending,True,20260903
ORD-0002061-1,ORD-0002061,2026-08-18,谬因-毛绒玩偶,1,128.0,0.05,6.4,121.6,61.44,61.44,paid,delivered,True,20260903
ORD-0002061-2,ORD-0002061,2026-08-18,佩佩-日用生活,1,99.0,0.05,4.95,94.05,45.54,45.54,paid,delivered,True,20260903
ORD-0002062-1,ORD-0002062,2026-07-06,荒芜拉普兰德-毛绒玩偶,1,128.0,0.1,12.8,115.2,61.44,61.44,paid,delivered,True,20260903
ORD-0002063-1,ORD-0002063,2026-06-04,纯烬艾雅法拉-装饰摆件,1,89.0,0.0,0.0,89.0,37.38,37.38,paid,delivered,True,20260903
ORD-0002064-1,ORD-0002064,2026-08-04,予愿安洁莉娜-通行证,1,39.0,0.0,0.0,39.0,12.48,12.48,paid,delivered,True,20260903
ORD-0002065-1,ORD-0002065,2026-06-16,余-吧唧（徽章）,1,18.0,0.0,0.0,18.0,5.4,5.4,paid,delivered,True,20260903
ORD-0002066-1,ORD-0002066,2026-07-23,新约能天使-通行证,2,39.0,0.05,3.9,74.1,12.48,24.96,paid,delivered,True,20260903
ORD-0002066-2,ORD-0002066,2026-07-23,斩业星熊-亚克力制品,1,48.0,0.0,0.0,48.0,16.8,16.8,paid,delivered,True,20260903
ORD-0002067-1,ORD-0002067,2026-08-01,凛御银灰-毛绒玩偶,1,128.0,0.0,0.0,128.0,61.44,61.44,paid,delivered,True,20260903
ORD-0002067-2,ORD-0002067,2026-08-01,黍-通行证,1,39.0,0.1,3.9,35.1,12.48,12.48,paid,delivered,True,20260903
ORD-0002068-1,ORD-0002068,2026-06-01,佩佩-手办模玩,2,699.0,0.1,139.8,1258.2,433.38,866.76,paid,delivered,True,20260903
ORD-0002069-1,ORD-0002069,2026-07-29,焰狐龙梓兰-亚克力制品,1,48.0,0.1,4.8,43.2,16.8,16.8,paid,delivered,True,20260903
ORD-0002070-1,ORD-0002070,2026-08-04,归溟幽灵鲨-亚克力制品,2,48.0,0.0,0.0,96.0,16.8,33.6,paid,delivered,True,20260903
ORD-0002071-1,ORD-0002071,2026-06-02,黍-吧唧（徽章）,1,18.0,0.1,1.8,16.2,5.4,5.4,paid,delivered,True,20260903
ORD-0002072-1,ORD-0002072,2026-06-20,娜斯提-毛绒玩偶,1,128.0,0.05,6.4,121.6,61.44,61.44,paid,delivered,True,20260903
ORD-0002073-1,ORD-0002073,2026-07-03,归溟幽灵鲨-日用生活,2,99.0,0.0,0.0,198.0,45.54,91.08,paid,delivered,True,20260903
ORD-0002073-2,ORD-0002073,2026-07-03,缄默德克萨斯-毛绒玩偶,1,128.0,0.1,12.8,115.2,61.44,61.44,paid,delivered,True,20260903
ORD-0002074-1,ORD-0002074,2026-07-17,怒潮凛冬-吧唧（徽章）,1,18.0,0.0,0.0,18.0,5.4,5.4,paid,delivered,True,20260903
ORD-0002074-2,ORD-0002074,2026-07-17,娜斯提-手办模玩,1,699.0,0.0,0.0,699.0,433.38,433.38,paid,delivered,True,20260903
ORD-0002075-1,ORD-0002075,2026-07-12,赤刃明霄陈-手办模玩,1,699.0,0.05,34.95,664.05,433.38,433.38,paid,delivered,True,20260903
ORD-0002076-1,ORD-0002076,2026-06-17,余-日用生活,1,99.0,0.0,0.0,99.0,45.54,45.54,paid,delivered,True,20260903
ORD-0002077-1,ORD-0002077,2026-07-06,凛御银灰-日用生活,1,99.0,0.0,0.0,99.0,45.54,45.54,paid,delivered,True,20260903
ORD-0002077-2,ORD-0002077,2026-07-06,酒神-吧唧（徽章）,1,18.0,0.0,0.0,18.0,5.4,5.4,paid,delivered,True,20260903
ORD-0002078-1,ORD-0002078,2026-08-07,余-日用生活,1,99.0,0.0,0.0,99.0,45.54,45.54,paid,shipped,True,20260903
ORD-0002079-1,ORD-0002079,2026-07-13,荒芜拉普兰德-日用生活,1,99.0,0.0,0.0,99.0,45.54,45.54,paid,delivered,True,20260903
ORD-0002080-1,ORD-0002080,2026-07-18,黍-亚克力制品,1,48.0,0.1,4.8,43.2,16.8,16.8,paid,delivered,True,20260903
ORD-0002081-1,ORD-0002081,2026-06-28,望-亚克力制品,1,48.0,0.1,4.8,43.2,16.8,16.8,paid,delivered,True,20260903
ORD-0002082-1,ORD-0002082,2026-07-13,余-日用生活,1,99.0,0.0,0.0,99.0,45.54,45.54,paid,delivered,True,20260903
ORD-0002083-1,ORD-0002083,2026-08-15,司霆惊蛰-日用生活,1,99.0,0.1,9.9,89.1,45.54,45.54,paid,delivered,True,20260903
ORD-0002084-1,ORD-0002084,2026-08-28,望-日用生活,1,99.0,0.0,0.0,99.0,45.54,45.54,paid,delivered,True,20260903
ORD-0002085-1,ORD-0002085,2026-07-28,Mon3tr-吧唧（徽章）,1,18.0,0.0,0.0,18.0,5.4,5.4,paid,delivered,True,20260903
ORD-0002086-1,ORD-0002086,2026-08-22,新约能天使-日用生活,1,99.0,0.05,4.95,94.05,45.54,45.54,paid,delivered,True,20260903
ORD-0002087-1,ORD-0002087,2026-07-12,结城理-手办模玩,1,699.0,0.0,0.0,699.0,433.38,433.38,paid,delivered,True,20260903
ORD-0002088-1,ORD-0002088,2026-06-20,维娜·维多利亚-亚克力制品,1,48.0,0.05,2.4,45.6,16.8,16.8,paid,delivered,True,20260903
ORD-0002088-2,ORD-0002088,2026-06-20,缪尔赛思-日用生活,1,99.0,0.1,9.9,89.1,45.54,45.54,paid,delivered,True,20260903
ORD-0002089-1,ORD-0002089,2026-08-10,谬因-亚克力制品,1,48.0,0.0,0.0,48.0,16.8,16.8,paid,delivered,True,20260903
ORD-0002090-1,ORD-0002090,2026-06-15,缄默德克萨斯-通行证,1,39.0,0.15,5.85,33.15,12.48,12.48,paid,delivered,True,20260903
ORD-0002091-1,ORD-0002091,2026-06-19,维娜·维多利亚-手办模玩,1,699.0,0.0,0.0,699.0,433.38,433.38,paid,delivered,True,20260903
ORD-0002092-1,ORD-0002092,2026-06-28,斩业星熊-手办模玩,1,699.0,0.1,69.9,629.1,433.38,433.38,paid,delivered,True,20260903
ORD-0002092-2,ORD-0002092,2026-06-28,维娜·维多利亚-吧唧（徽章）,2,18.0,0.0,0.0,36.0,5.4,10.8,paid,delivered,True,20260903
ORD-0002093-1,ORD-0002093,2026-08-26,归溟幽灵鲨-吧唧（徽章）,1,18.0,0.0,0.0,18.0,5.4,5.4,paid,delivered,True,20260903
ORD-0002093-2,ORD-0002093,2026-08-26,望-毛绒玩偶,1,128.0,0.0,0.0,128.0,61.44,61.44,paid,delivered,True,20260903
ORD-0002094-1,ORD-0002094,2026-08-02,娜斯提-亚克力制品,1,48.0,0.0,0.0,48.0,16.8,16.8,paid,delivered,True,20260903
ORD-0002095-1,ORD-0002095,2026-06-21,黍-吧唧（徽章）,1,18.0,0.0,0.0,18.0,5.4,5.4,paid,delivered,True,20260903
ORD-0002096-1,ORD-0002096,2026-07-16,贝洛内-吧唧（徽章）,2,18.0,0.0,0.0,36.0,5.4,10.8,paid,delivered,True,20260903
ORD-0002097-1,ORD-0002097,2026-07-10,荒芜拉普兰德-日用生活,1,99.0,0.0,0.0,99.0,45.54,45.54,paid,delivered,True,20260903
ORD-0002098-1,ORD-0002098,2026-07-17,佩佩-吧唧（徽章）,1,18.0,0.1,1.8,16.2,5.4,5.4,paid,delivered,True,20260903
ORD-0002099-1,ORD-0002099,2026-08-05,佩佩-毛绒玩偶,1,128.0,0.0,0.0,128.0,61.44,61.44,paid,delivered,True,20260903
ORD-0002100-1,ORD-0002100,2026-06-30,凯尔希·思衡托-日用生活,1,99.0,0.0,0.0,99.0,45.54,45.54,paid,delivered,True,20260903
ORD-0002101-1,ORD-0002101,2026-07-18,凯尔希·思衡托-亚克力制品,1,48.0,0.1,4.8,43.2,16.8,16.8,paid,delivered,True,20260903
ORD-0002102-1,ORD-0002102,2026-07-26,予愿安洁莉娜-装饰摆件,1,89.0,0.05,4.45,84.55,37.38,37.38,paid,delivered,True,20260903
ORD-0002103-1,ORD-0002103,2026-06-16,结城理-亚克力制品,1,48.0,0.1,4.8,43.2,16.8,16.8,paid,delivered,True,20260903
ORD-0002104-1,ORD-0002104,2026-07-25,焰狐龙梓兰-亚克力制品,1,48.0,0.05,2.4,45.6,16.8,16.8,paid,delivered,True,20260903
ORD-0002104-2,ORD-0002104,2026-07-25,斩业星熊-装饰摆件,1,89.0,0.05,4.45,84.55,37.38,37.38,paid,delivered,True,20260903
ORD-0002105-1,ORD-0002105,2026-07-02,凛御银灰-毛绒玩偶,1,128.0,0.0,0.0,128.0,61.44,61.44,paid,delivered,True,20260903
ORD-0002106-1,ORD-0002106,2026-08-22,缇缇-亚克力制品,1,48.0,0.0,0.0,48.0,16.8,16.8,paid,delivered,True,20260903
ORD-0002107-1,ORD-0002107,2026-08-15,贝洛内-毛绒玩偶,1,128.0,0.0,0.0,128.0,61.44,61.44,paid,delivered,True,20260903
ORD-0002107-2,ORD-0002107,2026-08-15,Mon3tr-装饰摆件,1,89.0,0.0,0.0,89.0,37.38,37.38,paid,delivered,True,20260903
ORD-0002108-1,ORD-0002108,2026-06-19,归溟幽灵鲨-吧唧（徽章）,1,18.0,0.0,0.0,18.0,5.4,5.4,paid,delivered,True,20260903
ORD-0002109-1,ORD-0002109,2026-07-05,纯烬艾雅法拉-通行证,1,39.0,0.05,1.95,37.05,12.48,12.48,paid,delivered,True,20260903
ORD-0002110-1,ORD-0002110,2026-08-01,凯尔希·思衡托-装饰摆件,1,89.0,0.05,4.45,84.55,37.38,37.38,cancelled,cancelled,True,20260903
ORD-0002110-2,ORD-0002110,2026-08-01,予愿安洁莉娜-日用生活,1,99.0,0.0,0.0,99.0,45.54,45.54,cancelled,cancelled,True,20260903
ORD-0002111-1,ORD-0002111,2026-07-23,真言-日用生活,1,99.0,0.0,0.0,99.0,45.54,45.54,paid,delivered,True,20260903
ORD-0002112-1,ORD-0002112,2026-06-23,予愿安洁莉娜-手办模玩,1,699.0,0.0,0.0,699.0,433.38,433.38,paid,delivered,True,20260903
ORD-0002113-1,ORD-0002113,2026-08-25,缪尔赛思-亚克力制品,1,48.0,0.1,4.8,43.2,16.8,16.8,paid,delivered,True,20260903
ORD-0002114-1,ORD-0002114,2026-07-26,归溟幽灵鲨-装饰摆件,1,89.0,0.0,0.0,89.0,37.38,37.38,paid,delivered,True,20260903
ORD-0002114-2,ORD-0002114,2026-07-26,真言-通行证,1,39.0,0.0,0.0,39.0,12.48,12.48,paid,delivered,True,20260903
ORD-0002115-1,ORD-0002115,2026-08-06,焰狐龙梓兰-吧唧（徽章）,1,18.0,0.05,0.9,17.1,5.4,5.4,paid,delivered,True,20260903
ORD-0002116-1,ORD-0002116,2026-08-25,酒神-通行证,1,39.0,0.0,0.0,39.0,12.48,12.48,paid,delivered,True,20260903
ORD-0002116-2,ORD-0002116,2026-08-25,Mon3tr-亚克力制品,1,48.0,0.0,0.0,48.0,16.8,16.8,paid,delivered,True,20260903
ORD-0002117-1,ORD-0002117,2026-06-21,赤刃明霄陈-日用生活,3,99.0,0.05,14.85,282.15,45.54,136.62,paid,delivered,True,20260903
ORD-0002118-1,ORD-0002118,2026-08-21,予愿安洁莉娜-吧唧（徽章）,1,18.0,0.05,0.9,17.1,5.4,5.4,paid,delivered,True,20260903
ORD-0002118-2,ORD-0002118,2026-08-21,焰狐龙梓兰-日用生活,1,99.0,0.0,0.0,99.0,45.54,45.54,paid,delivered,True,20260903
ORD-0002119-1,ORD-0002119,2026-08-13,谬因-亚克力制品,1,48.0,0.0,0.0,48.0,16.8,16.8,paid,shipped,True,20260903
ORD-0002120-1,ORD-0002120,2026-06-17,焰狐龙梓兰-吧唧（徽章）,1,18.0,0.1,1.8,16.2,5.4,5.4,paid,delivered,True,20260903
ORD-0002121-1,ORD-0002121,2026-08-27,真言-通行证,3,39.0,0.0,0.0,117.0,12.48,37.44,paid,delivered,True,20260903
ORD-0002122-1,ORD-0002122,2026-07-22,凛御银灰-装饰摆件,1,89.0,0.1,8.9,80.1,37.38,37.38,paid,delivered,True,20260903
ORD-0002123-1,ORD-0002123,2026-06-18,司霆惊蛰-日用生活,1,99.0,0.0,0.0,99.0,45.54,45.54,paid,delivered,True,20260903
ORD-0002124-1,ORD-0002124,2026-07-22,缇缇-毛绒玩偶,1,128.0,0.1,12.8,115.2,61.44,61.44,paid,delivered,True,20260903
ORD-0002124-2,ORD-0002124,2026-07-22,凛御银灰-毛绒玩偶,1,128.0,0.0,0.0,128.0,61.44,61.44,paid,delivered,True,20260903
ORD-0002124-3,ORD-0002124,2026-07-22,予愿安洁莉娜-通行证,1,39.0,0.05,1.95,37.05,12.48,12.48,paid,delivered,True,20260903
ORD-0002125-1,ORD-0002125,2026-08-04,真言-吧唧（徽章）,1,18.0,0.0,0.0,18.0,5.4,5.4,paid,delivered,True,20260903
ORD-0002125-2,ORD-0002125,2026-08-04,余-吧唧（徽章）,1,18.0,0.0,0.0,18.0,5.4,5.4,paid,delivered,True,20260903
ORD-0002126-1,ORD-0002126,2026-08-29,余-毛绒玩偶,1,128.0,0.05,6.4,121.6,61.44,61.44,paid,delivered,True,20260903
ORD-0002127-1,ORD-0002127,2026-07-04,娜斯提-毛绒玩偶,1,128.0,0.0,0.0,128.0,61.44,61.44,paid,delivered,True,20260903
ORD-0002128-1,ORD-0002128,2026-08-01,缄默德克萨斯-日用生活,1,99.0,0.0,0.0,99.0,45.54,45.54,paid,delivered,True,20260903
ORD-0002129-1,ORD-0002129,2026-06-17,予愿安洁莉娜-装饰摆件,1,89.0,0.15,13.35,75.65,37.38,37.38,paid,delivered,True,20260903
ORD-0002130-1,ORD-0002130,2026-06-03,凯尔希·思衡托-吧唧（徽章）,2,18.0,0.0,0.0,36.0,5.4,10.8,paid,delivered,True,20260903
ORD-0002131-1,ORD-0002131,2026-07-20,缇缇-毛绒玩偶,2,128.0,0.05,12.8,243.2,61.44,122.88,paid,delivered,True,20260903
ORD-0002131-2,ORD-0002131,2026-07-20,斩业星熊-毛绒玩偶,1,128.0,0.0,0.0,128.0,61.44,61.44,paid,delivered,True,20260903
ORD-0002132-1,ORD-0002132,2026-06-16,维娜·维多利亚-毛绒玩偶,2,128.0,0.1,25.6,230.4,61.44,122.88,paid,delivered,True,20260903
ORD-0002133-1,ORD-0002133,2026-07-28,缄默德克萨斯-亚克力制品,1,48.0,0.0,0.0,48.0,16.8,16.8,paid,delivered,True,20260903
ORD-0002134-1,ORD-0002134,2026-08-13,谬因-亚克力制品,1,48.0,0.0,0.0,48.0,16.8,16.8,paid,delivered,True,20260903
ORD-0002135-1,ORD-0002135,2026-06-20,维娜·维多利亚-吧唧（徽章）,1,18.0,0.0,0.0,18.0,5.4,5.4,paid,delivered,True,20260903
ORD-0002136-1,ORD-0002136,2026-07-12,贝洛内-装饰摆件,1,89.0,0.0,0.0,89.0,37.38,37.38,paid,delivered,True,20260903
ORD-0002137-1,ORD-0002137,2026-06-15,缪尔赛思-手办模玩,1,699.0,0.1,69.9,629.1,433.38,433.38,paid,delivered,True,20260903
ORD-0002138-1,ORD-0002138,2026-08-01,结城理-日用生活,1,99.0,0.0,0.0,99.0,45.54,45.54,paid,delivered,True,20260903
ORD-0002139-1,ORD-0002139,2026-06-18,黍-通行证,1,39.0,0.0,0.0,39.0,12.48,12.48,paid,delivered,True,20260903
ORD-0002139-2,ORD-0002139,2026-06-18,死芒-日用生活,1,99.0,0.1,9.9,89.1,45.54,45.54,paid,delivered,True,20260903
ORD-0002140-1,ORD-0002140,2026-06-16,凯尔希·思衡托-吧唧（徽章）,1,18.0,0.05,0.9,17.1,5.4,5.4,paid,delivered,True,20260903
ORD-0002141-1,ORD-0002141,2026-06-08,司霆惊蛰-装饰摆件,1,89.0,0.0,0.0,89.0,37.38,37.38,paid,shipped,True,20260903
ORD-0002142-1,ORD-0002142,2026-07-25,维娜·维多利亚-装饰摆件,1,89.0,0.05,4.45,84.55,37.38,37.38,paid,delivered,True,20260903
ORD-0002143-1,ORD-0002143,2026-07-27,贝洛内-吧唧（徽章）,1,18.0,0.05,0.9,17.1,5.4,5.4,paid,delivered,True,20260903
ORD-0002144-1,ORD-0002144,2026-08-12,贝洛内-装饰摆件,2,89.0,0.1,17.8,160.2,37.38,74.76,paid,delivered,True,20260903
ORD-0002145-1,ORD-0002145,2026-07-01,凛御银灰-通行证,1,39.0,0.0,0.0,39.0,12.48,12.48,paid,delivered,True,20260903
ORD-0002146-1,ORD-0002146,2026-08-04,真言-通行证,1,39.0,0.15,5.85,33.15,12.48,12.48,paid,delivered,True,20260903
ORD-0002147-1,ORD-0002147,2026-06-10,荒芜拉普兰德-吧唧（徽章）,2,18.0,0.05,1.8,34.2,5.4,10.8,paid,delivered,True,20260903
ORD-0002148-1,ORD-0002148,2026-06-13,贝洛内-手办模玩,1,699.0,0.1,69.9,629.1,433.38,433.38,paid,delivered,True,20260903
ORD-0002149-1,ORD-0002149,2026-07-30,司霆惊蛰-装饰摆件,1,89.0,0.0,0.0,89.0,37.38,37.38,paid,delivered,True,20260903
ORD-0002150-1,ORD-0002150,2026-07-18,纯烬艾雅法拉-吧唧（徽章）,1,18.0,0.0,0.0,18.0,5.4,5.4,paid,delivered,True,20260903
ORD-0002151-1,ORD-0002151,2026-07-28,塑心-毛绒玩偶,1,128.0,0.0,0.0,128.0,61.44,61.44,paid,delivered,True,20260903
ORD-0002152-1,ORD-0002152,2026-07-11,娜斯提-装饰摆件,1,89.0,0.1,8.9,80.1,37.38,37.38,paid,delivered,True,20260903
ORD-0002153-1,ORD-0002153,2026-08-13,维娜·维多利亚-吧唧（徽章）,2,18.0,0.0,0.0,36.0,5.4,10.8,paid,delivered,True,20260903
ORD-0002154-1,ORD-0002154,2026-07-19,佩佩-吧唧（徽章）,1,18.0,0.05,0.9,17.1,5.4,5.4,paid,delivered,True,20260903
ORD-0002155-1,ORD-0002155,2026-07-29,斩业星熊-通行证,1,39.0,0.0,0.0,39.0,12.48,12.48,paid,delivered,True,20260903
ORD-0002155-2,ORD-0002155,2026-07-29,死芒-亚克力制品,1,48.0,0.15,7.2,40.8,16.8,16.8,paid,delivered,True,20260903
ORD-0002155-3,ORD-0002155,2026-07-29,贝洛内-毛绒玩偶,1,128.0,0.0,0.0,128.0,61.44,61.44,paid,delivered,True,20260903
ORD-0002156-1,ORD-0002156,2026-07-01,新约能天使-毛绒玩偶,2,128.0,0.1,25.6,230.4,61.44,122.88,paid,delivered,True,20260903
ORD-0002157-1,ORD-0002157,2026-06-20,荒芜拉普兰德-毛绒玩偶,1,128.0,0.0,0.0,128.0,61.44,61.44,paid,delivered,True,20260903
ORD-0002157-2,ORD-0002157,2026-06-20,缪尔赛思-通行证,1,39.0,0.05,1.95,37.05,12.48,12.48,paid,delivered,True,20260903
ORD-0002158-1,ORD-0002158,2026-06-14,望-吧唧（徽章）,1,18.0,0.0,0.0,18.0,5.4,5.4,paid,delivered,True,20260903
ORD-0002158-2,ORD-0002158,2026-06-14,予愿安洁莉娜-亚克力制品,1,48.0,0.05,2.4,45.6,16.8,16.8,paid,delivered,True,20260903
ORD-0002159-1,ORD-0002159,2026-06-04,司霆惊蛰-日用生活,1,99.0,0.0,0.0,99.0,45.54,45.54,paid,delivered,True,20260903
ORD-0002160-1,ORD-0002160,2026-07-23,纯烬艾雅法拉-手办模玩,1,699.0,0.0,0.0,699.0,433.38,433.38,paid,delivered,True,20260903
ORD-0002160-2,ORD-0002160,2026-07-23,赤刃明霄陈-吧唧（徽章）,1,18.0,0.05,0.9,17.1,5.4,5.4,paid,delivered,True,20260903
ORD-0002161-1,ORD-0002161,2026-08-21,Mon3tr-吧唧（徽章）,2,18.0,0.05,1.8,34.2,5.4,10.8,paid,delivered,True,20260903
ORD-0002161-2,ORD-0002161,2026-08-21,纯烬艾雅法拉-毛绒玩偶,1,128.0,0.0,0.0,128.0,61.44,61.44,paid,delivered,True,20260903
ORD-0002162-1,ORD-0002162,2026-07-15,归溟幽灵鲨-通行证,2,39.0,0.05,3.9,74.1,12.48,24.96,paid,delivered,True,20260903
ORD-0002163-1,ORD-0002163,2026-06-20,望-吧唧（徽章）,1,18.0,0.15,2.7,15.3,5.4,5.4,paid,delivered,True,20260903
ORD-0002164-1,ORD-0002164,2026-08-06,谬因-日用生活,1,99.0,0.1,9.9,89.1,45.54,45.54,paid,delivered,True,20260903
ORD-0002165-1,ORD-0002165,2026-06-13,贝洛内-日用生活,1,99.0,0.0,0.0,99.0,45.54,45.54,paid,delivered,True,20260903
ORD-0002165-2,ORD-0002165,2026-06-13,结城理-吧唧（徽章）,1,18.0,0.0,0.0,18.0,5.4,5.4,paid,delivered,True,20260903
ORD-0002165-3,ORD-0002165,2026-06-13,维娜·维多利亚-吧唧（徽章）,1,18.0,0.0,0.0,18.0,5.4,5.4,paid,delivered,True,20260903
ORD-0002166-1,ORD-0002166,2026-06-19,凛御银灰-装饰摆件,1,89.0,0.1,8.9,80.1,37.38,37.38,paid,delivered,True,20260903
ORD-0002167-1,ORD-0002167,2026-07-27,凯尔希·思衡托-日用生活,1,99.0,0.1,9.9,89.1,45.54,45.54,paid,delivered,True,20260903
ORD-0002167-2,ORD-0002167,2026-07-27,凯尔希·思衡托-手办模玩,1,699.0,0.05,34.95,664.05,433.38,433.38,paid,delivered,True,20260903
ORD-0002168-1,ORD-0002168,2026-06-17,贝洛内-手办模玩,1,699.0,0.1,69.9,629.1,433.38,433.38,paid,delivered,True,20260903
ORD-0002169-1,ORD-0002169,2026-08-07,归溟幽灵鲨-装饰摆件,2,89.0,0.05,8.9,169.1,37.38,74.76,paid,delivered,True,20260903
ORD-0002170-1,ORD-0002170,2026-07-01,望-毛绒玩偶,1,128.0,0.0,0.0,128.0,61.44,61.44,paid,delivered,True,20260903
ORD-0002171-1,ORD-0002171,2026-07-14,新约能天使-装饰摆件,1,89.0,0.0,0.0,89.0,37.38,37.38,paid,delivered,True,20260903
ORD-0002171-2,ORD-0002171,2026-07-14,凛御银灰-吧唧（徽章）,1,18.0,0.0,0.0,18.0,5.4,5.4,paid,delivered,True,20260903
ORD-0002171-3,ORD-0002171,2026-07-14,黍-通行证,1,39.0,0.15,5.85,33.15,12.48,12.48,paid,delivered,True,20260903
ORD-0002172-1,ORD-0002172,2026-08-16,缇缇-亚克力制品,2,48.0,0.0,0.0,96.0,16.8,33.6,paid,delivered,True,20260903
ORD-0002172-2,ORD-0002172,2026-08-16,新约能天使-手办模玩,2,699.0,0.1,139.8,1258.2,433.38,866.76,paid,delivered,True,20260903
ORD-0002173-1,ORD-0002173,2026-06-07,结城理-毛绒玩偶,1,128.0,0.05,6.4,121.6,61.44,61.44,paid,delivered,True,20260903
ORD-0002174-1,ORD-0002174,2026-08-24,娜斯提-吧唧（徽章）,3,18.0,0.05,2.7,51.3,5.4,16.2,paid,delivered,True,20260903
ORD-0002175-1,ORD-0002175,2026-08-25,司霆惊蛰-毛绒玩偶,1,128.0,0.0,0.0,128.0,61.44,61.44,paid,delivered,True,20260903
ORD-0002176-1,ORD-0002176,2026-07-08,谬因-亚克力制品,1,48.0,0.15,7.2,40.8,16.8,16.8,paid,delivered,True,20260903
ORD-0002177-1,ORD-0002177,2026-06-23,斩业星熊-日用生活,2,99.0,0.0,0.0,198.0,45.54,91.08,paid,delivered,True,20260903
ORD-0002178-1,ORD-0002178,2026-07-27,佩佩-手办模玩,1,699.0,0.0,0.0,699.0,433.38,433.38,paid,delivered,True,20260903
ORD-0002179-1,ORD-0002179,2026-08-03,余-亚克力制品,1,48.0,0.1,4.8,43.2,16.8,16.8,paid,delivered,True,20260903
ORD-0002180-1,ORD-0002180,2026-06-30,望-通行证,1,39.0,0.0,0.0,39.0,12.48,12.48,paid,delivered,True,20260903
ORD-0002181-1,ORD-0002181,2026-06-18,缪尔赛思-手办模玩,1,699.0,0.0,0.0,699.0,433.38,433.38,paid,delivered,True,20260903
ORD-0002182-1,ORD-0002182,2026-08-13,余-通行证,1,39.0,0.0,0.0,39.0,12.48,12.48,paid,delivered,True,20260903
ORD-0002182-2,ORD-0002182,2026-08-13,荒芜拉普兰德-日用生活,2,99.0,0.05,9.9,188.1,45.54,91.08,paid,delivered,True,20260903
ORD-0002183-1,ORD-0002183,2026-08-04,凛御银灰-吧唧（徽章）,1,18.0,0.0,0.0,18.0,5.4,5.4,paid,delivered,True,20260903
ORD-0002184-1,ORD-0002184,2026-07-14,佩佩-手办模玩,1,699.0,0.0,0.0,699.0,433.38,433.38,paid,delivered,True,20260903
ORD-0002185-1,ORD-0002185,2026-08-15,贝洛内-亚克力制品,1,48.0,0.1,4.8,43.2,16.8,16.8,paid,delivered,True,20260903
ORD-0002186-1,ORD-0002186,2026-07-30,真言-装饰摆件,1,89.0,0.0,0.0,89.0,37.38,37.38,paid,delivered,True,20260903
ORD-0002187-1,ORD-0002187,2026-07-02,缄默德克萨斯-吧唧（徽章）,2,18.0,0.1,3.6,32.4,5.4,10.8,paid,delivered,True,20260903
ORD-0002188-1,ORD-0002188,2026-06-02,斩业星熊-通行证,1,39.0,0.0,0.0,39.0,12.48,12.48,paid,delivered,True,20260903
ORD-0002188-2,ORD-0002188,2026-06-02,结城理-亚克力制品,1,48.0,0.05,2.4,45.6,16.8,16.8,paid,delivered,True,20260903
ORD-0002188-3,ORD-0002188,2026-06-02,斩业星熊-吧唧（徽章）,1,18.0,0.0,0.0,18.0,5.4,5.4,paid,delivered,True,20260903
ORD-0002189-1,ORD-0002189,2026-07-10,凛御银灰-亚克力制品,1,48.0,0.05,2.4,45.6,16.8,16.8,paid,delivered,True,20260903
ORD-0002190-1,ORD-0002190,2026-06-06,赤刃明霄陈-装饰摆件,1,89.0,0.05,4.45,84.55,37.38,37.38,paid,delivered,True,20260903
ORD-0002191-1,ORD-0002191,2026-06-15,凯尔希·思衡托-吧唧（徽章）,1,18.0,0.0,0.0,18.0,5.4,5.4,paid,delivered,True,20260903
ORD-0002192-1,ORD-0002192,2026-06-16,赤刃明霄陈-吧唧（徽章）,1,18.0,0.0,0.0,18.0,5.4,5.4,paid,delivered,True,20260903
ORD-0002192-2,ORD-0002192,2026-06-16,娜斯提-通行证,1,39.0,0.05,1.95,37.05,12.48,12.48,paid,delivered,True,20260903
ORD-0002193-1,ORD-0002193,2026-06-22,予愿安洁莉娜-日用生活,1,99.0,0.0,0.0,99.0,45.54,45.54,paid,shipped,True,20260903
ORD-0002194-1,ORD-0002194,2026-06-30,新约能天使-吧唧（徽章）,1,18.0,0.0,0.0,18.0,5.4,5.4,cancelled,cancelled,True,20260903
ORD-0002195-1,ORD-0002195,2026-08-01,死芒-手办模玩,1,699.0,0.05,34.95,664.05,433.38,433.38,paid,delivered,True,20260903
ORD-0002196-1,ORD-0002196,2026-07-30,赤刃明霄陈-通行证,1,39.0,0.1,3.9,35.1,12.48,12.48,paid,pending,True,20260903
ORD-0002196-2,ORD-0002196,2026-07-30,余-通行证,1,39.0,0.1,3.9,35.1,12.48,12.48,paid,pending,True,20260903
ORD-0002197-1,ORD-0002197,2026-06-08,新约能天使-手办模玩,1,699.0,0.0,0.0,699.0,433.38,433.38,paid,delivered,True,20260903
ORD-0002198-1,ORD-0002198,2026-07-22,黍-毛绒玩偶,2,128.0,0.05,12.8,243.2,61.44,122.88,paid,delivered,True,20260903
ORD-0002199-1,ORD-0002199,2026-08-19,黍-毛绒玩偶,1,128.0,0.0,0.0,128.0,61.44,61.44,paid,delivered,True,20260903
ORD-0002200-1,ORD-0002200,2026-08-11,娜斯提-手办模玩,2,699.0,0.0,0.0,1398.0,433.38,866.76,paid,delivered,True,20260903
ORD-0002201-1,ORD-0002201,2026-06-15,凛御银灰-毛绒玩偶,1,128.0,0.0,0.0,128.0,61.44,61.44,paid,delivered,True,20260903
ORD-0002202-1,ORD-0002202,2026-07-27,纯烬艾雅法拉-日用生活,2,99.0,0.0,0.0,198.0,45.54,91.08,paid,delivered,True,20260903
ORD-0002202-2,ORD-0002202,2026-07-27,余-装饰摆件,2,89.0,0.05,8.9,169.1,37.38,74.76,paid,delivered,True,20260903
ORD-0002203-1,ORD-0002203,2026-06-11,司霆惊蛰-日用生活,1,99.0,0.05,4.95,94.05,45.54,45.54,paid,delivered,True,20260903
ORD-0002203-2,ORD-0002203,2026-06-11,纯烬艾雅法拉-毛绒玩偶,1,128.0,0.0,0.0,128.0,61.44,61.44,paid,delivered,True,20260903
ORD-0002204-1,ORD-0002204,2026-06-12,缄默德克萨斯-毛绒玩偶,3,128.0,0.1,38.4,345.6,61.44,184.32,paid,delivered,True,20260903
ORD-0002205-1,ORD-0002205,2026-07-31,新约能天使-毛绒玩偶,1,128.0,0.15,19.2,108.8,61.44,61.44,paid,delivered,True,20260903
ORD-0002206-1,ORD-0002206,2026-06-03,缄默德克萨斯-装饰摆件,1,89.0,0.0,0.0,89.0,37.38,37.38,paid,delivered,True,20260903
ORD-0002207-1,ORD-0002207,2026-07-18,归溟幽灵鲨-亚克力制品,1,48.0,0.05,2.4,45.6,16.8,16.8,paid,pending,True,20260903
ORD-0002208-1,ORD-0002208,2026-06-12,缪尔赛思-日用生活,1,99.0,0.0,0.0,99.0,45.54,45.54,paid,delivered,True,20260903
ORD-0002209-1,ORD-0002209,2026-06-05,死芒-手办模玩,1,699.0,0.0,0.0,699.0,433.38,433.38,paid,delivered,True,20260903
ORD-0002210-1,ORD-0002210,2026-07-07,酒神-日用生活,1,99.0,0.1,9.9,89.1,45.54,45.54,paid,delivered,True,20260903
ORD-0002211-1,ORD-0002211,2026-06-04,维娜·维多利亚-手办模玩,2,699.0,0.0,0.0,1398.0,433.38,866.76,paid,delivered,True,20260903
ORD-0002211-2,ORD-0002211,2026-06-04,怒潮凛冬-吧唧（徽章）,1,18.0,0.0,0.0,18.0,5.4,5.4,paid,delivered,True,20260903
ORD-0002212-1,ORD-0002212,2026-07-05,塑心-日用生活,1,99.0,0.0,0.0,99.0,45.54,45.54,paid,delivered,True,20260903
ORD-0002213-1,ORD-0002213,2026-07-28,司霆惊蛰-日用生活,1,99.0,0.0,0.0,99.0,45.54,45.54,paid,delivered,True,20260903
ORD-0002214-1,ORD-0002214,2026-07-29,真言-吧唧（徽章）,1,18.0,0.0,0.0,18.0,5.4,5.4,paid,delivered,True,20260903
ORD-0002215-1,ORD-0002215,2026-07-17,佩佩-日用生活,1,99.0,0.1,9.9,89.1,45.54,45.54,paid,delivered,True,20260903
ORD-0002216-1,ORD-0002216,2026-07-24,Mon3tr-日用生活,1,99.0,0.0,0.0,99.0,45.54,45.54,paid,delivered,True,20260903
ORD-0002217-1,ORD-0002217,2026-08-26,焰狐龙梓兰-毛绒玩偶,1,128.0,0.15,19.2,108.8,61.44,61.44,paid,delivered,True,20260903
ORD-0002218-1,ORD-0002218,2026-08-23,酒神-日用生活,1,99.0,0.0,0.0,99.0,45.54,45.54,cancelled,cancelled,True,20260903
ORD-0002219-1,ORD-0002219,2026-08-25,酒神-亚克力制品,1,48.0,0.0,0.0,48.0,16.8,16.8,paid,delivered,True,20260903
ORD-0002220-1,ORD-0002220,2026-07-07,焰狐龙梓兰-通行证,1,39.0,0.0,0.0,39.0,12.48,12.48,paid,delivered,True,20260903
ORD-0002220-2,ORD-0002220,2026-07-07,缪尔赛思-装饰摆件,1,89.0,0.0,0.0,89.0,37.38,37.38,paid,delivered,True,20260903
ORD-0002221-1,ORD-0002221,2026-07-29,真言-亚克力制品,1,48.0,0.0,0.0,48.0,16.8,16.8,paid,delivered,True,20260903
ORD-0002221-2,ORD-0002221,2026-07-29,死芒-吧唧（徽章）,1,18.0,0.0,0.0,18.0,5.4,5.4,paid,delivered,True,20260903
ORD-0002222-1,ORD-0002222,2026-06-30,酒神-吧唧（徽章）,1,18.0,0.05,0.9,17.1,5.4,5.4,paid,delivered,True,20260903
ORD-0002222-2,ORD-0002222,2026-06-30,凯尔希·思衡托-亚克力制品,1,48.0,0.05,2.4,45.6,16.8,16.8,paid,delivered,True,20260903
ORD-0002223-1,ORD-0002223,2026-07-16,酒神-手办模玩,2,699.0,0.05,69.9,1328.1,433.38,866.76,paid,delivered,True,20260903
ORD-0002224-1,ORD-0002224,2026-06-19,望-亚克力制品,3,48.0,0.05,7.2,136.8,16.8,50.4,cancelled,cancelled,True,20260903
ORD-0002225-1,ORD-0002225,2026-06-22,新约能天使-吧唧（徽章）,2,18.0,0.1,3.6,32.4,5.4,10.8,paid,delivered,True,20260903
ORD-0002225-2,ORD-0002225,2026-06-22,死芒-手办模玩,1,699.0,0.0,0.0,699.0,433.38,433.38,paid,delivered,True,20260903
ORD-0002226-1,ORD-0002226,2026-08-11,死芒-亚克力制品,1,48.0,0.0,0.0,48.0,16.8,16.8,paid,delivered,True,20260903
ORD-0002227-1,ORD-0002227,2026-07-21,司霆惊蛰-手办模玩,1,699.0,0.0,0.0,699.0,433.38,433.38,paid,delivered,True,20260903
ORD-0002228-1,ORD-0002228,2026-08-06,斩业星熊-通行证,1,39.0,0.0,0.0,39.0,12.48,12.48,paid,delivered,True,20260903
ORD-0002228-2,ORD-0002228,2026-08-06,缄默德克萨斯-吧唧（徽章）,1,18.0,0.0,0.0,18.0,5.4,5.4,paid,delivered,True,20260903
ORD-0002229-1,ORD-0002229,2026-07-12,凯尔希·思衡托-装饰摆件,1,89.0,0.0,0.0,89.0,37.38,37.38,cancelled,cancelled,True,20260903
ORD-0002230-1,ORD-0002230,2026-06-26,死芒-吧唧（徽章）,1,18.0,0.0,0.0,18.0,5.4,5.4,paid,delivered,True,20260903
ORD-0002231-1,ORD-0002231,2026-06-24,重岳-吧唧（徽章）,2,18.0,0.1,3.6,32.4,5.4,10.8,paid,delivered,True,20260903
ORD-0002232-1,ORD-0002232,2026-07-28,纯烬艾雅法拉-日用生活,1,99.0,0.05,4.95,94.05,45.54,45.54,paid,delivered,True,20260903
ORD-0002233-1,ORD-0002233,2026-07-19,余-装饰摆件,1,89.0,0.0,0.0,89.0,37.38,37.38,paid,delivered,True,20260903
ORD-0002234-1,ORD-0002234,2026-08-02,塑心-吧唧（徽章）,1,18.0,0.05,0.9,17.1,5.4,5.4,paid,delivered,True,20260903
ORD-0002235-1,ORD-0002235,2026-08-22,凛御银灰-吧唧（徽章）,1,18.0,0.0,0.0,18.0,5.4,5.4,cancelled,cancelled,True,20260903
ORD-0002236-1,ORD-0002236,2026-06-01,娜斯提-装饰摆件,2,89.0,0.0,0.0,178.0,37.38,74.76,paid,delivered,True,20260903
ORD-0002236-2,ORD-0002236,2026-06-01,谬因-装饰摆件,2,89.0,0.1,17.8,160.2,37.38,74.76,paid,delivered,True,20260903
ORD-0002237-1,ORD-0002237,2026-07-28,赤刃明霄陈-亚克力制品,1,48.0,0.0,0.0,48.0,16.8,16.8,paid,delivered,True,20260903
ORD-0002238-1,ORD-0002238,2026-07-25,斩业星熊-装饰摆件,1,89.0,0.0,0.0,89.0,37.38,37.38,paid,delivered,True,20260903
ORD-0002239-1,ORD-0002239,2026-08-03,焰狐龙梓兰-日用生活,1,99.0,0.0,0.0,99.0,45.54,45.54,paid,delivered,True,20260903
ORD-0002240-1,ORD-0002240,2026-06-19,谬因-手办模玩,1,699.0,0.0,0.0,699.0,433.38,433.38,paid,delivered,True,20260903
ORD-0002241-1,ORD-0002241,2026-06-25,真言-通行证,1,39.0,0.0,0.0,39.0,12.48,12.48,paid,delivered,True,20260903
ORD-0002241-2,ORD-0002241,2026-06-25,黍-手办模玩,1,699.0,0.05,34.95,664.05,433.38,433.38,paid,delivered,True,20260903
ORD-0002242-1,ORD-0002242,2026-06-15,结城理-日用生活,1,99.0,0.1,9.9,89.1,45.54,45.54,paid,delivered,True,20260903
ORD-0002242-2,ORD-0002242,2026-06-15,司霆惊蛰-装饰摆件,3,89.0,0.0,0.0,267.0,37.38,112.14,paid,delivered,True,20260903
ORD-0002242-3,ORD-0002242,2026-06-15,佩佩-日用生活,1,99.0,0.0,0.0,99.0,45.54,45.54,paid,delivered,True,20260903
ORD-0002243-1,ORD-0002243,2026-06-13,娜斯提-装饰摆件,1,89.0,0.0,0.0,89.0,37.38,37.38,paid,delivered,True,20260903
ORD-0002244-1,ORD-0002244,2026-06-04,结城理-通行证,1,39.0,0.05,1.95,37.05,12.48,12.48,paid,delivered,True,20260903
ORD-0002245-1,ORD-0002245,2026-06-08,维娜·维多利亚-吧唧（徽章）,1,18.0,0.0,0.0,18.0,5.4,5.4,paid,delivered,True,20260903
ORD-0002246-1,ORD-0002246,2026-06-22,缇缇-亚克力制品,1,48.0,0.05,2.4,45.6,16.8,16.8,paid,shipped,True,20260903
ORD-0002247-1,ORD-0002247,2026-07-15,谬因-装饰摆件,1,89.0,0.0,0.0,89.0,37.38,37.38,paid,delivered,True,20260903
ORD-0002248-1,ORD-0002248,2026-07-19,Mon3tr-通行证,1,39.0,0.0,0.0,39.0,12.48,12.48,paid,delivered,True,20260903
ORD-0002249-1,ORD-0002249,2026-06-20,归溟幽灵鲨-通行证,1,39.0,0.05,1.95,37.05,12.48,12.48,paid,delivered,True,20260903
ORD-0002250-1,ORD-0002250,2026-08-24,纯烬艾雅法拉-日用生活,1,99.0,0.0,0.0,99.0,45.54,45.54,paid,delivered,True,20260903
ORD-0002251-1,ORD-0002251,2026-06-07,归溟幽灵鲨-亚克力制品,2,48.0,0.05,4.8,91.2,16.8,33.6,paid,delivered,True,20260903
ORD-0002252-1,ORD-0002252,2026-07-09,Mon3tr-毛绒玩偶,1,128.0,0.0,0.0,128.0,61.44,61.44,paid,delivered,True,20260903
ORD-0002253-1,ORD-0002253,2026-08-11,缇缇-手办模玩,1,699.0,0.1,69.9,629.1,433.38,433.38,paid,delivered,True,20260903
ORD-0002254-1,ORD-0002254,2026-08-10,焰狐龙梓兰-手办模玩,1,699.0,0.1,69.9,629.1,433.38,433.38,paid,delivered,True,20260903
ORD-0002255-1,ORD-0002255,2026-06-21,赤刃明霄陈-装饰摆件,1,89.0,0.0,0.0,89.0,37.38,37.38,paid,delivered,True,20260903
ORD-0002256-1,ORD-0002256,2026-08-24,佩佩-吧唧（徽章）,2,18.0,0.0,0.0,36.0,5.4,10.8,paid,delivered,True,20260903
ORD-0002257-1,ORD-0002257,2026-08-01,Mon3tr-亚克力制品,1,48.0,0.1,4.8,43.2,16.8,16.8,paid,delivered,True,20260903
ORD-0002258-1,ORD-0002258,2026-08-27,贝洛内-手办模玩,1,699.0,0.0,0.0,699.0,433.38,433.38,paid,delivered,True,20260903
ORD-0002259-1,ORD-0002259,2026-08-19,凛御银灰-吧唧（徽章）,1,18.0,0.1,1.8,16.2,5.4,5.4,paid,delivered,True,20260903
ORD-0002259-2,ORD-0002259,2026-08-19,黍-装饰摆件,1,89.0,0.05,4.45,84.55,37.38,37.38,paid,delivered,True,20260903
ORD-0002260-1,ORD-0002260,2026-08-17,纯烬艾雅法拉-亚克力制品,2,48.0,0.0,0.0,96.0,16.8,33.6,paid,delivered,True,20260903
ORD-0002261-1,ORD-0002261,2026-06-09,死芒-日用生活,3,99.0,0.0,0.0,297.0,45.54,136.62,paid,delivered,True,20260903
ORD-0002262-1,ORD-0002262,2026-07-03,黍-毛绒玩偶,1,128.0,0.0,0.0,128.0,61.44,61.44,cancelled,cancelled,True,20260903
ORD-0002263-1,ORD-0002263,2026-08-02,司霆惊蛰-毛绒玩偶,1,128.0,0.1,12.8,115.2,61.44,61.44,paid,delivered,True,20260903
ORD-0002264-1,ORD-0002264,2026-08-01,赤刃明霄陈-日用生活,1,99.0,0.05,4.95,94.05,45.54,45.54,paid,delivered,True,20260903
ORD-0002265-1,ORD-0002265,2026-08-02,凛御银灰-毛绒玩偶,1,128.0,0.0,0.0,128.0,61.44,61.44,paid,delivered,True,20260903
ORD-0002266-1,ORD-0002266,2026-08-22,余-装饰摆件,3,89.0,0.05,13.35,253.65,37.38,112.14,paid,delivered,True,20260903
ORD-0002267-1,ORD-0002267,2026-06-14,赤刃明霄陈-毛绒玩偶,1,128.0,0.1,12.8,115.2,61.44,61.44,paid,delivered,True,20260903
ORD-0002268-1,ORD-0002268,2026-08-03,凯尔希·思衡托-毛绒玩偶,1,128.0,0.0,0.0,128.0,61.44,61.44,paid,delivered,True,20260903
ORD-0002269-1,ORD-0002269,2026-07-07,司霆惊蛰-装饰摆件,1,89.0,0.0,0.0,89.0,37.38,37.38,paid,pending,True,20260903
ORD-0002270-1,ORD-0002270,2026-06-24,塑心-亚克力制品,2,48.0,0.1,9.6,86.4,16.8,33.6,paid,delivered,True,20260903
ORD-0002271-1,ORD-0002271,2026-06-14,归溟幽灵鲨-手办模玩,2,699.0,0.1,139.8,1258.2,433.38,866.76,paid,delivered,True,20260903
ORD-0002272-1,ORD-0002272,2026-06-29,佩佩-装饰摆件,1,89.0,0.0,0.0,89.0,37.38,37.38,paid,delivered,True,20260903
ORD-0002273-1,ORD-0002273,2026-06-05,荒芜拉普兰德-吧唧（徽章）,1,18.0,0.1,1.8,16.2,5.4,5.4,paid,delivered,True,20260903
ORD-0002274-1,ORD-0002274,2026-06-20,新约能天使-手办模玩,1,699.0,0.05,34.95,664.05,433.38,433.38,paid,delivered,True,20260903
ORD-0002275-1,ORD-0002275,2026-06-17,新约能天使-通行证,1,39.0,0.0,0.0,39.0,12.48,12.48,paid,shipped,True,20260903
ORD-0002276-1,ORD-0002276,2026-06-22,新约能天使-装饰摆件,1,89.0,0.1,8.9,80.1,37.38,37.38,paid,delivered,True,20260903
ORD-0002277-1,ORD-0002277,2026-06-06,死芒-毛绒玩偶,1,128.0,0.0,0.0,128.0,61.44,61.44,paid,delivered,True,20260903
ORD-0002278-1,ORD-0002278,2026-08-26,司霆惊蛰-装饰摆件,3,89.0,0.0,0.0,267.0,37.38,112.14,paid,delivered,True,20260903
ORD-0002279-1,ORD-0002279,2026-06-29,死芒-亚克力制品,1,48.0,0.05,2.4,45.6,16.8,16.8,paid,delivered,True,20260903
ORD-0002279-2,ORD-0002279,2026-06-29,缄默德克萨斯-亚克力制品,1,48.0,0.0,0.0,48.0,16.8,16.8,paid,delivered,True,20260903
ORD-0002280-1,ORD-0002280,2026-06-30,谬因-手办模玩,1,699.0,0.05,34.95,664.05,433.38,433.38,paid,delivered,True,20260903
ORD-0002281-1,ORD-0002281,2026-06-19,余-毛绒玩偶,1,128.0,0.0,0.0,128.0,61.44,61.44,paid,delivered,True,20260903
ORD-0002282-1,ORD-0002282,2026-06-02,缪尔赛思-装饰摆件,1,89.0,0.0,0.0,89.0,37.38,37.38,paid,delivered,True,20260903
ORD-0002282-2,ORD-0002282,2026-06-02,归溟幽灵鲨-吧唧（徽章）,1,18.0,0.15,2.7,15.3,5.4,5.4,paid,delivered,True,20260903
ORD-0002282-3,ORD-0002282,2026-06-02,纯烬艾雅法拉-装饰摆件,1,89.0,0.0,0.0,89.0,37.38,37.38,paid,delivered,True,20260903
ORD-0002283-1,ORD-0002283,2026-06-28,怒潮凛冬-手办模玩,1,699.0,0.0,0.0,699.0,433.38,433.38,paid,delivered,True,20260903
ORD-0002284-1,ORD-0002284,2026-07-26,缄默德克萨斯-手办模玩,1,699.0,0.0,0.0,699.0,433.38,433.38,paid,delivered,True,20260903
ORD-0002285-1,ORD-0002285,2026-08-01,荒芜拉普兰德-吧唧（徽章）,1,18.0,0.0,0.0,18.0,5.4,5.4,paid,delivered,True,20260903
ORD-0002286-1,ORD-0002286,2026-06-19,凯尔希·思衡托-毛绒玩偶,1,128.0,0.05,6.4,121.6,61.44,61.44,paid,delivered,True,20260903
ORD-0002287-1,ORD-0002287,2026-07-17,予愿安洁莉娜-手办模玩,1,699.0,0.0,0.0,699.0,433.38,433.38,paid,shipped,True,20260903
ORD-0002288-1,ORD-0002288,2026-07-28,黍-亚克力制品,1,48.0,0.0,0.0,48.0,16.8,16.8,paid,delivered,True,20260903
ORD-0002288-2,ORD-0002288,2026-07-28,Mon3tr-吧唧（徽章）,2,18.0,0.0,0.0,36.0,5.4,10.8,paid,delivered,True,20260903
ORD-0002288-3,ORD-0002288,2026-07-28,余-通行证,1,39.0,0.0,0.0,39.0,12.48,12.48,paid,delivered,True,20260903
ORD-0002289-1,ORD-0002289,2026-06-19,新约能天使-亚克力制品,1,48.0,0.0,0.0,48.0,16.8,16.8,paid,delivered,True,20260903
ORD-0002290-1,ORD-0002290,2026-08-10,维娜·维多利亚-日用生活,1,99.0,0.15,14.85,84.15,45.54,45.54,paid,delivered,True,20260903
ORD-0002290-2,ORD-0002290,2026-08-10,塑心-手办模玩,1,699.0,0.0,0.0,699.0,433.38,433.38,paid,delivered,True,20260903
ORD-0002291-1,ORD-0002291,2026-06-22,凛御银灰-通行证,1,39.0,0.0,0.0,39.0,12.48,12.48,paid,delivered,True,20260903
ORD-0002291-2,ORD-0002291,2026-06-22,维娜·维多利亚-吧唧（徽章）,1,18.0,0.0,0.0,18.0,5.4,5.4,paid,delivered,True,20260903
ORD-0002292-1,ORD-0002292,2026-06-24,缇缇-毛绒玩偶,2,128.0,0.05,12.8,243.2,61.44,122.88,paid,delivered,True,20260903
ORD-0002293-1,ORD-0002293,2026-07-08,司霆惊蛰-手办模玩,1,699.0,0.1,69.9,629.1,433.38,433.38,paid,delivered,True,20260903
ORD-0002293-2,ORD-0002293,2026-07-08,纯烬艾雅法拉-亚克力制品,1,48.0,0.0,0.0,48.0,16.8,16.8,paid,delivered,True,20260903
ORD-0002294-1,ORD-0002294,2026-08-29,维娜·维多利亚-手办模玩,2,699.0,0.1,139.8,1258.2,433.38,866.76,paid,delivered,True,20260903
ORD-0002295-1,ORD-0002295,2026-08-08,焰狐龙梓兰-日用生活,1,99.0,0.1,9.9,89.1,45.54,45.54,paid,delivered,True,20260903
ORD-0002296-1,ORD-0002296,2026-07-01,望-装饰摆件,1,89.0,0.15,13.35,75.65,37.38,37.38,paid,delivered,True,20260903
ORD-0002297-1,ORD-0002297,2026-07-29,凯尔希·思衡托-吧唧（徽章）,1,18.0,0.1,1.8,16.2,5.4,5.4,paid,delivered,True,20260903
ORD-0002298-1,ORD-0002298,2026-06-25,斩业星熊-通行证,1,39.0,0.05,1.95,37.05,12.48,12.48,paid,delivered,True,20260903
ORD-0002299-1,ORD-0002299,2026-07-27,凛御银灰-日用生活,1,99.0,0.0,0.0,99.0,45.54,45.54,paid,shipped,True,20260903
ORD-0002300-1,ORD-0002300,2026-07-17,娜斯提-装饰摆件,1,89.0,0.0,0.0,89.0,37.38,37.38,paid,delivered,True,20260903
ORD-0002300-2,ORD-0002300,2026-07-17,焰狐龙梓兰-装饰摆件,1,89.0,0.0,0.0,89.0,37.38,37.38,paid,delivered,True,20260903
ORD-0002301-1,ORD-0002301,2026-06-10,维娜·维多利亚-吧唧（徽章）,1,18.0,0.0,0.0,18.0,5.4,5.4,paid,delivered,True,20260903
ORD-0002302-1,ORD-0002302,2026-06-23,望-日用生活,1,99.0,0.0,0.0,99.0,45.54,45.54,paid,delivered,True,20260903
ORD-0002302-2,ORD-0002302,2026-06-23,贝洛内-亚克力制品,1,48.0,0.0,0.0,48.0,16.8,16.8,paid,delivered,True,20260903
ORD-0002302-3,ORD-0002302,2026-06-23,怒潮凛冬-装饰摆件,1,89.0,0.1,8.9,80.1,37.38,37.38,paid,delivered,True,20260903
ORD-0002303-1,ORD-0002303,2026-06-18,结城理-手办模玩,1,699.0,0.0,0.0,699.0,433.38,433.38,paid,delivered,True,20260903
ORD-0002304-1,ORD-0002304,2026-08-15,赤刃明霄陈-亚克力制品,1,48.0,0.0,0.0,48.0,16.8,16.8,paid,delivered,True,20260903
ORD-0002305-1,ORD-0002305,2026-07-19,凯尔希·思衡托-手办模玩,2,699.0,0.0,0.0,1398.0,433.38,866.76,paid,delivered,True,20260903
ORD-0002306-1,ORD-0002306,2026-07-06,真言-毛绒玩偶,1,128.0,0.05,6.4,121.6,61.44,61.44,paid,delivered,True,20260903
ORD-0002307-1,ORD-0002307,2026-08-06,佩佩-亚克力制品,1,48.0,0.1,4.8,43.2,16.8,16.8,paid,delivered,True,20260903
ORD-0002308-1,ORD-0002308,2026-08-02,贝洛内-装饰摆件,1,89.0,0.0,0.0,89.0,37.38,37.38,paid,delivered,True,20260903
ORD-0002309-1,ORD-0002309,2026-08-05,佩佩-亚克力制品,1,48.0,0.05,2.4,45.6,16.8,16.8,paid,delivered,True,20260903
ORD-0002309-2,ORD-0002309,2026-08-05,凯尔希·思衡托-吧唧（徽章）,1,18.0,0.05,0.9,17.1,5.4,5.4,paid,delivered,True,20260903
ORD-0002310-1,ORD-0002310,2026-07-23,焰狐龙梓兰-日用生活,1,99.0,0.15,14.85,84.15,45.54,45.54,paid,delivered,True,20260903
ORD-0002311-1,ORD-0002311,2026-07-08,予愿安洁莉娜-毛绒玩偶,1,128.0,0.1,12.8,115.2,61.44,61.44,paid,delivered,True,20260903
ORD-0002312-1,ORD-0002312,2026-08-17,真言-通行证,1,39.0,0.1,3.9,35.1,12.48,12.48,paid,delivered,True,20260903
ORD-0002313-1,ORD-0002313,2026-07-23,赤刃明霄陈-日用生活,1,99.0,0.05,4.95,94.05,45.54,45.54,paid,delivered,True,20260903
ORD-0002313-2,ORD-0002313,2026-07-23,缇缇-装饰摆件,1,89.0,0.1,8.9,80.1,37.38,37.38,paid,delivered,True,20260903
ORD-0002314-1,ORD-0002314,2026-07-28,予愿安洁莉娜-日用生活,1,99.0,0.0,0.0,99.0,45.54,45.54,paid,delivered,True,20260903
ORD-0002315-1,ORD-0002315,2026-07-12,佩佩-日用生活,1,99.0,0.0,0.0,99.0,45.54,45.54,paid,delivered,True,20260903
ORD-0002316-1,ORD-0002316,2026-08-05,维娜·维多利亚-吧唧（徽章）,1,18.0,0.1,1.8,16.2,5.4,5.4,paid,delivered,True,20260903
ORD-0002316-2,ORD-0002316,2026-08-05,新约能天使-亚克力制品,1,48.0,0.0,0.0,48.0,16.8,16.8,paid,delivered,True,20260903
ORD-0002317-1,ORD-0002317,2026-06-01,谬因-手办模玩,1,699.0,0.05,34.95,664.05,433.38,433.38,paid,delivered,True,20260903
ORD-0002318-1,ORD-0002318,2026-07-17,纯烬艾雅法拉-吧唧（徽章）,1,18.0,0.0,0.0,18.0,5.4,5.4,paid,delivered,True,20260903
ORD-0002319-1,ORD-0002319,2026-08-07,新约能天使-日用生活,1,99.0,0.0,0.0,99.0,45.54,45.54,paid,delivered,True,20260903
ORD-0002320-1,ORD-0002320,2026-07-28,酒神-亚克力制品,1,48.0,0.1,4.8,43.2,16.8,16.8,paid,delivered,True,20260903
ORD-0002321-1,ORD-0002321,2026-07-19,纯烬艾雅法拉-亚克力制品,1,48.0,0.0,0.0,48.0,16.8,16.8,paid,delivered,True,20260903
ORD-0002322-1,ORD-0002322,2026-08-05,黍-通行证,1,39.0,0.0,0.0,39.0,12.48,12.48,paid,delivered,True,20260903
ORD-0002323-1,ORD-0002323,2026-06-17,怒潮凛冬-手办模玩,1,699.0,0.0,0.0,699.0,433.38,433.38,paid,delivered,True,20260903
ORD-0002324-1,ORD-0002324,2026-06-17,望-亚克力制品,2,48.0,0.05,4.8,91.2,16.8,33.6,paid,delivered,True,20260903
ORD-0002324-2,ORD-0002324,2026-06-17,荒芜拉普兰德-日用生活,1,99.0,0.0,0.0,99.0,45.54,45.54,paid,delivered,True,20260903
ORD-0002325-1,ORD-0002325,2026-08-14,予愿安洁莉娜-手办模玩,1,699.0,0.0,0.0,699.0,433.38,433.38,paid,delivered,True,20260903
ORD-0002325-2,ORD-0002325,2026-08-14,维娜·维多利亚-亚克力制品,1,48.0,0.1,4.8,43.2,16.8,16.8,paid,delivered,True,20260903
ORD-0002326-1,ORD-0002326,2026-08-20,纯烬艾雅法拉-通行证,1,39.0,0.0,0.0,39.0,12.48,12.48,paid,delivered,True,20260903
ORD-0002327-1,ORD-0002327,2026-07-18,怒潮凛冬-日用生活,1,99.0,0.0,0.0,99.0,45.54,45.54,paid,delivered,True,20260903
ORD-0002328-1,ORD-0002328,2026-07-17,佩佩-亚克力制品,1,48.0,0.0,0.0,48.0,16.8,16.8,paid,delivered,True,20260903
ORD-0002329-1,ORD-0002329,2026-07-13,焰狐龙梓兰-亚克力制品,1,48.0,0.0,0.0,48.0,16.8,16.8,paid,delivered,True,20260903
ORD-0002330-1,ORD-0002330,2026-08-22,凛御银灰-日用生活,1,99.0,0.0,0.0,99.0,45.54,45.54,paid,delivered,True,20260903
ORD-0002331-1,ORD-0002331,2026-08-22,贝洛内-亚克力制品,1,48.0,0.0,0.0,48.0,16.8,16.8,paid,delivered,True,20260903
ORD-0002332-1,ORD-0002332,2026-06-04,新约能天使-装饰摆件,1,89.0,0.05,4.45,84.55,37.38,37.38,paid,delivered,True,20260903
ORD-0002333-1,ORD-0002333,2026-07-31,予愿安洁莉娜-日用生活,1,99.0,0.0,0.0,99.0,45.54,45.54,paid,delivered,True,20260903
ORD-0002334-1,ORD-0002334,2026-06-29,Mon3tr-亚克力制品,1,48.0,0.0,0.0,48.0,16.8,16.8,paid,delivered,True,20260903
ORD-0002335-1,ORD-0002335,2026-06-30,望-装饰摆件,1,89.0,0.1,8.9,80.1,37.38,37.38,paid,delivered,True,20260903
ORD-0002336-1,ORD-0002336,2026-06-07,纯烬艾雅法拉-日用生活,3,99.0,0.1,29.7,267.3,45.54,136.62,paid,delivered,True,20260903
ORD-0002337-1,ORD-0002337,2026-07-22,赤刃明霄陈-日用生活,1,99.0,0.0,0.0,99.0,45.54,45.54,paid,delivered,True,20260903
ORD-0002337-2,ORD-0002337,2026-07-22,缄默德克萨斯-吧唧（徽章）,1,18.0,0.05,0.9,17.1,5.4,5.4,paid,delivered,True,20260903
ORD-0002337-3,ORD-0002337,2026-07-22,望-亚克力制品,1,48.0,0.0,0.0,48.0,16.8,16.8,paid,delivered,True,20260903
ORD-0002338-1,ORD-0002338,2026-08-29,予愿安洁莉娜-手办模玩,1,699.0,0.05,34.95,664.05,433.38,433.38,paid,delivered,True,20260903
ORD-0002339-1,ORD-0002339,2026-06-04,缇缇-吧唧（徽章）,1,18.0,0.05,0.9,17.1,5.4,5.4,paid,delivered,True,20260903
ORD-0002340-1,ORD-0002340,2026-07-10,司霆惊蛰-吧唧（徽章）,1,18.0,0.0,0.0,18.0,5.4,5.4,paid,delivered,True,20260903
ORD-0002341-1,ORD-0002341,2026-06-01,谬因-吧唧（徽章）,1,18.0,0.05,0.9,17.1,5.4,5.4,paid,delivered,True,20260903
ORD-0002342-1,ORD-0002342,2026-08-20,荒芜拉普兰德-亚克力制品,1,48.0,0.1,4.8,43.2,16.8,16.8,paid,delivered,True,20260903
ORD-0002343-1,ORD-0002343,2026-08-12,赤刃明霄陈-装饰摆件,1,89.0,0.0,0.0,89.0,37.38,37.38,paid,delivered,True,20260903
ORD-0002344-1,ORD-0002344,2026-08-10,缪尔赛思-手办模玩,1,699.0,0.05,34.95,664.05,433.38,433.38,paid,delivered,True,20260903
ORD-0002345-1,ORD-0002345,2026-07-21,赤刃明霄陈-毛绒玩偶,1,128.0,0.1,12.8,115.2,61.44,61.44,cancelled,cancelled,True,20260903
ORD-0002345-2,ORD-0002345,2026-07-21,凛御银灰-通行证,2,39.0,0.0,0.0,78.0,12.48,24.96,cancelled,cancelled,True,20260903
ORD-0002346-1,ORD-0002346,2026-06-21,缇缇-装饰摆件,1,89.0,0.15,13.35,75.65,37.38,37.38,paid,delivered,True,20260903
ORD-0002346-2,ORD-0002346,2026-06-21,斩业星熊-通行证,1,39.0,0.1,3.9,35.1,12.48,12.48,paid,delivered,True,20260903
ORD-0002347-1,ORD-0002347,2026-06-11,新约能天使-通行证,2,39.0,0.0,0.0,78.0,12.48,24.96,paid,delivered,True,20260903
ORD-0002348-1,ORD-0002348,2026-08-14,焰狐龙梓兰-通行证,1,39.0,0.0,0.0,39.0,12.48,12.48,cancelled,cancelled,True,20260903
ORD-0002348-2,ORD-0002348,2026-08-14,黍-通行证,2,39.0,0.0,0.0,78.0,12.48,24.96,cancelled,cancelled,True,20260903
ORD-0002349-1,ORD-0002349,2026-08-16,谬因-装饰摆件,2,89.0,0.05,8.9,169.1,37.38,74.76,paid,delivered,True,20260903
ORD-0002349-2,ORD-0002349,2026-08-16,谬因-通行证,1,39.0,0.1,3.9,35.1,12.48,12.48,paid,delivered,True,20260903
ORD-0002350-1,ORD-0002350,2026-06-22,望-手办模玩,1,699.0,0.0,0.0,699.0,433.38,433.38,paid,shipped,True,20260903
ORD-0002351-1,ORD-0002351,2026-07-17,佩佩-手办模玩,1,699.0,0.0,0.0,699.0,433.38,433.38,paid,delivered,True,20260903
ORD-0002351-2,ORD-0002351,2026-07-17,凯尔希·思衡托-毛绒玩偶,1,128.0,0.0,0.0,128.0,61.44,61.44,paid,delivered,True,20260903
ORD-0002352-1,ORD-0002352,2026-07-07,荒芜拉普兰德-装饰摆件,1,89.0,0.1,8.9,80.1,37.38,37.38,paid,delivered,True,20260903
ORD-0002353-1,ORD-0002353,2026-06-24,酒神-日用生活,1,99.0,0.0,0.0,99.0,45.54,45.54,paid,delivered,True,20260903
ORD-0002353-2,ORD-0002353,2026-06-24,谬因-手办模玩,1,699.0,0.1,69.9,629.1,433.38,433.38,paid,delivered,True,20260903
ORD-0002353-3,ORD-0002353,2026-06-24,佩佩-装饰摆件,1,89.0,0.0,0.0,89.0,37.38,37.38,paid,delivered,True,20260903
ORD-0002354-1,ORD-0002354,2026-06-23,凛御银灰-装饰摆件,1,89.0,0.0,0.0,89.0,37.38,37.38,paid,delivered,True,20260903
ORD-0002355-1,ORD-0002355,2026-08-24,塑心-装饰摆件,3,89.0,0.15,40.05,226.95,37.38,112.14,paid,delivered,True,20260903
ORD-0002356-1,ORD-0002356,2026-06-28,新约能天使-手办模玩,1,699.0,0.0,0.0,699.0,433.38,433.38,paid,delivered,True,20260903
ORD-0002356-2,ORD-0002356,2026-06-28,重岳-吧唧（徽章）,1,18.0,0.0,0.0,18.0,5.4,5.4,paid,delivered,True,20260903
ORD-0002357-1,ORD-0002357,2026-08-18,维娜·维多利亚-通行证,1,39.0,0.15,5.85,33.15,12.48,12.48,paid,delivered,True,20260903
ORD-0002357-2,ORD-0002357,2026-08-18,司霆惊蛰-亚克力制品,1,48.0,0.1,4.8,43.2,16.8,16.8,paid,delivered,True,20260903
ORD-0002358-1,ORD-0002358,2026-07-06,贝洛内-亚克力制品,1,48.0,0.0,0.0,48.0,16.8,16.8,paid,delivered,True,20260903
ORD-0002358-2,ORD-0002358,2026-07-06,焰狐龙梓兰-亚克力制品,1,48.0,0.0,0.0,48.0,16.8,16.8,paid,delivered,True,20260903
ORD-0002359-1,ORD-0002359,2026-08-29,Mon3tr-亚克力制品,1,48.0,0.1,4.8,43.2,16.8,16.8,paid,delivered,True,20260903
ORD-0002359-2,ORD-0002359,2026-08-29,维娜·维多利亚-亚克力制品,1,48.0,0.0,0.0,48.0,16.8,16.8,paid,delivered,True,20260903
ORD-0002360-1,ORD-0002360,2026-08-28,娜斯提-装饰摆件,1,89.0,0.0,0.0,89.0,37.38,37.38,paid,delivered,True,20260903
ORD-0002361-1,ORD-0002361,2026-08-01,纯烬艾雅法拉-毛绒玩偶,1,128.0,0.15,19.2,108.8,61.44,61.44,paid,delivered,True,20260903
ORD-0002361-2,ORD-0002361,2026-08-01,凯尔希·思衡托-毛绒玩偶,1,128.0,0.05,6.4,121.6,61.44,61.44,paid,delivered,True,20260903
ORD-0002362-1,ORD-0002362,2026-07-30,纯烬艾雅法拉-亚克力制品,1,48.0,0.0,0.0,48.0,16.8,16.8,paid,delivered,True,20260903
ORD-0002363-1,ORD-0002363,2026-08-02,予愿安洁莉娜-日用生活,1,99.0,0.1,9.9,89.1,45.54,45.54,paid,delivered,True,20260903
ORD-0002364-1,ORD-0002364,2026-06-22,凛御银灰-通行证,1,39.0,0.0,0.0,39.0,12.48,12.48,paid,delivered,True,20260903
ORD-0002365-1,ORD-0002365,2026-06-21,缇缇-毛绒玩偶,1,128.0,0.05,6.4,121.6,61.44,61.44,paid,delivered,True,20260903
ORD-0002366-1,ORD-0002366,2026-07-10,真言-手办模玩,1,699.0,0.05,34.95,664.05,433.38,433.38,paid,delivered,True,20260903
ORD-0002367-1,ORD-0002367,2026-06-19,新约能天使-毛绒玩偶,1,128.0,0.0,0.0,128.0,61.44,61.44,paid,delivered,True,20260903
ORD-0002367-2,ORD-0002367,2026-06-19,重岳-手办模玩,1,699.0,0.1,69.9,629.1,433.38,433.38,paid,delivered,True,20260903
ORD-0002367-3,ORD-0002367,2026-06-19,缄默德克萨斯-手办模玩,1,699.0,0.0,0.0,699.0,433.38,433.38,paid,delivered,True,20260903
ORD-0002368-1,ORD-0002368,2026-08-07,死芒-毛绒玩偶,1,128.0,0.0,0.0,128.0,61.44,61.44,paid,delivered,True,20260903
ORD-0002368-2,ORD-0002368,2026-08-07,斩业星熊-日用生活,2,99.0,0.0,0.0,198.0,45.54,91.08,paid,delivered,True,20260903
ORD-0002368-3,ORD-0002368,2026-08-07,贝洛内-手办模玩,1,699.0,0.1,69.9,629.1,433.38,433.38,paid,delivered,True,20260903
ORD-0002369-1,ORD-0002369,2026-08-27,焰狐龙梓兰-毛绒玩偶,1,128.0,0.0,0.0,128.0,61.44,61.44,paid,delivered,True,20260903
ORD-0002370-1,ORD-0002370,2026-06-02,贝洛内-手办模玩,1,699.0,0.1,69.9,629.1,433.38,433.38,paid,delivered,True,20260903
ORD-0002370-2,ORD-0002370,2026-06-02,维娜·维多利亚-毛绒玩偶,1,128.0,0.0,0.0,128.0,61.44,61.44,paid,delivered,True,20260903
ORD-0002371-1,ORD-0002371,2026-06-21,真言-手办模玩,2,699.0,0.1,139.8,1258.2,433.38,866.76,paid,delivered,True,20260903
ORD-0002372-1,ORD-0002372,2026-08-17,黍-毛绒玩偶,1,128.0,0.05,6.4,121.6,61.44,61.44,paid,delivered,True,20260903
ORD-0002373-1,ORD-0002373,2026-06-24,归溟幽灵鲨-吧唧（徽章）,1,18.0,0.0,0.0,18.0,5.4,5.4,paid,delivered,True,20260903
ORD-0002374-1,ORD-0002374,2026-06-25,缇缇-亚克力制品,1,48.0,0.0,0.0,48.0,16.8,16.8,paid,delivered,True,20260903
ORD-0002375-1,ORD-0002375,2026-08-09,新约能天使-吧唧（徽章）,1,18.0,0.05,0.9,17.1,5.4,5.4,paid,delivered,True,20260903
ORD-0002376-1,ORD-0002376,2026-06-19,予愿安洁莉娜-吧唧（徽章）,1,18.0,0.05,0.9,17.1,5.4,5.4,paid,delivered,True,20260903
ORD-0002377-1,ORD-0002377,2026-08-07,塑心-吧唧（徽章）,2,18.0,0.1,3.6,32.4,5.4,10.8,paid,delivered,True,20260903
ORD-0002378-1,ORD-0002378,2026-07-28,归溟幽灵鲨-装饰摆件,1,89.0,0.15,13.35,75.65,37.38,37.38,paid,delivered,True,20260903
ORD-0002379-1,ORD-0002379,2026-06-30,酒神-通行证,1,39.0,0.05,1.95,37.05,12.48,12.48,cancelled,cancelled,True,20260903
ORD-0002379-2,ORD-0002379,2026-06-30,余-吧唧（徽章）,1,18.0,0.1,1.8,16.2,5.4,5.4,cancelled,cancelled,True,20260903
ORD-0002380-1,ORD-0002380,2026-06-03,司霆惊蛰-通行证,1,39.0,0.0,0.0,39.0,12.48,12.48,paid,delivered,True,20260903
ORD-0002380-2,ORD-0002380,2026-06-03,Mon3tr-吧唧（徽章）,1,18.0,0.0,0.0,18.0,5.4,5.4,paid,delivered,True,20260903
ORD-0002381-1,ORD-0002381,2026-07-24,归溟幽灵鲨-毛绒玩偶,1,128.0,0.0,0.0,128.0,61.44,61.44,paid,delivered,True,20260903
ORD-0002382-1,ORD-0002382,2026-07-31,新约能天使-手办模玩,1,699.0,0.1,69.9,629.1,433.38,433.38,paid,shipped,True,20260903
ORD-0002383-1,ORD-0002383,2026-06-21,佩佩-日用生活,1,99.0,0.0,0.0,99.0,45.54,45.54,paid,delivered,True,20260903
ORD-0002383-2,ORD-0002383,2026-06-21,重岳-亚克力制品,1,48.0,0.1,4.8,43.2,16.8,16.8,paid,delivered,True,20260903
ORD-0002383-3,ORD-0002383,2026-06-21,贝洛内-手办模玩,1,699.0,0.15,104.85,594.15,433.38,433.38,paid,delivered,True,20260903
ORD-0002384-1,ORD-0002384,2026-07-07,缪尔赛思-日用生活,1,99.0,0.0,0.0,99.0,45.54,45.54,paid,shipped,True,20260903
ORD-0002385-1,ORD-0002385,2026-08-22,焰狐龙梓兰-手办模玩,1,699.0,0.1,69.9,629.1,433.38,433.38,paid,delivered,True,20260903
ORD-0002386-1,ORD-0002386,2026-08-04,余-毛绒玩偶,1,128.0,0.15,19.2,108.8,61.44,61.44,paid,delivered,True,20260903
ORD-0002387-1,ORD-0002387,2026-06-28,酒神-亚克力制品,1,48.0,0.0,0.0,48.0,16.8,16.8,paid,delivered,True,20260903
ORD-0002388-1,ORD-0002388,2026-06-04,谬因-吧唧（徽章）,1,18.0,0.0,0.0,18.0,5.4,5.4,paid,delivered,True,20260903
ORD-0002388-2,ORD-0002388,2026-06-04,予愿安洁莉娜-亚克力制品,1,48.0,0.05,2.4,45.6,16.8,16.8,paid,delivered,True,20260903
ORD-0002388-3,ORD-0002388,2026-06-04,怒潮凛冬-吧唧（徽章）,3,18.0,0.0,0.0,54.0,5.4,16.2,paid,delivered,True,20260903
ORD-0002389-1,ORD-0002389,2026-08-01,赤刃明霄陈-日用生活,1,99.0,0.1,9.9,89.1,45.54,45.54,paid,pending,True,20260903
ORD-0002390-1,ORD-0002390,2026-07-15,死芒-吧唧（徽章）,1,18.0,0.0,0.0,18.0,5.4,5.4,paid,delivered,True,20260903
ORD-0002391-1,ORD-0002391,2026-07-03,结城理-吧唧（徽章）,1,18.0,0.05,0.9,17.1,5.4,5.4,paid,delivered,True,20260903
ORD-0002392-1,ORD-0002392,2026-08-28,贝洛内-亚克力制品,1,48.0,0.1,4.8,43.2,16.8,16.8,paid,delivered,True,20260903
ORD-0002393-1,ORD-0002393,2026-06-04,新约能天使-通行证,1,39.0,0.0,0.0,39.0,12.48,12.48,paid,delivered,True,20260903
ORD-0002394-1,ORD-0002394,2026-07-13,司霆惊蛰-亚克力制品,1,48.0,0.1,4.8,43.2,16.8,16.8,paid,delivered,True,20260903
ORD-0002395-1,ORD-0002395,2026-06-21,重岳-亚克力制品,1,48.0,0.05,2.4,45.6,16.8,16.8,paid,delivered,True,20260903
ORD-0002395-2,ORD-0002395,2026-06-21,予愿安洁莉娜-亚克力制品,1,48.0,0.1,4.8,43.2,16.8,16.8,paid,delivered,True,20260903
ORD-0002396-1,ORD-0002396,2026-06-19,重岳-日用生活,1,99.0,0.0,0.0,99.0,45.54,45.54,paid,delivered,True,20260903
ORD-0002396-2,ORD-0002396,2026-06-19,荒芜拉普兰德-毛绒玩偶,1,128.0,0.15,19.2,108.8,61.44,61.44,paid,delivered,True,20260903
ORD-0002397-1,ORD-0002397,2026-06-08,贝洛内-手办模玩,1,699.0,0.0,0.0,699.0,433.38,433.38,paid,delivered,True,20260903
ORD-0002398-1,ORD-0002398,2026-06-18,缪尔赛思-手办模玩,1,699.0,0.0,0.0,699.0,433.38,433.38,paid,delivered,True,20260903
ORD-0002399-1,ORD-0002399,2026-06-21,荒芜拉普兰德-亚克力制品,1,48.0,0.0,0.0,48.0,16.8,16.8,paid,delivered,True,20260903
ORD-0002399-2,ORD-0002399,2026-06-21,结城理-装饰摆件,1,89.0,0.05,4.45,84.55,37.38,37.38,paid,delivered,True,20260903
ORD-0002399-3,ORD-0002399,2026-06-21,凛御银灰-毛绒玩偶,1,128.0,0.0,0.0,128.0,61.44,61.44,paid,delivered,True,20260903
ORD-0002400-1,ORD-0002400,2026-06-19,归溟幽灵鲨-毛绒玩偶,1,128.0,0.1,12.8,115.2,61.44,61.44,paid,shipped,True,20260903
ORD-0002401-1,ORD-0002401,2026-06-17,归溟幽灵鲨-通行证,1,39.0,0.0,0.0,39.0,12.48,12.48,paid,delivered,True,20260903
ORD-0002401-2,ORD-0002401,2026-06-17,予愿安洁莉娜-日用生活,2,99.0,0.05,9.9,188.1,45.54,91.08,paid,delivered,True,20260903
ORD-0002402-1,ORD-0002402,2026-07-14,怒潮凛冬-吧唧（徽章）,1,18.0,0.0,0.0,18.0,5.4,5.4,paid,delivered,True,20260903
ORD-0002403-1,ORD-0002403,2026-07-21,缇缇-吧唧（徽章）,1,18.0,0.05,0.9,17.1,5.4,5.4,paid,delivered,True,20260903
ORD-0002404-1,ORD-0002404,2026-07-25,塑心-日用生活,1,99.0,0.05,4.95,94.05,45.54,45.54,paid,delivered,True,20260903
ORD-0002405-1,ORD-0002405,2026-06-28,怒潮凛冬-吧唧（徽章）,1,18.0,0.0,0.0,18.0,5.4,5.4,paid,delivered,True,20260903
ORD-0002405-2,ORD-0002405,2026-06-28,缪尔赛思-毛绒玩偶,1,128.0,0.05,6.4,121.6,61.44,61.44,paid,delivered,True,20260903
ORD-0002406-1,ORD-0002406,2026-08-26,佩佩-吧唧（徽章）,1,18.0,0.05,0.9,17.1,5.4,5.4,paid,delivered,True,20260903
ORD-0002407-1,ORD-0002407,2026-07-01,司霆惊蛰-日用生活,1,99.0,0.0,0.0,99.0,45.54,45.54,paid,delivered,True,20260903
ORD-0002408-1,ORD-0002408,2026-07-18,缇缇-日用生活,1,99.0,0.15,14.85,84.15,45.54,45.54,paid,delivered,True,20260903
ORD-0002409-1,ORD-0002409,2026-06-11,贝洛内-毛绒玩偶,2,128.0,0.0,0.0,256.0,61.44,122.88,paid,delivered,True,20260903
ORD-0002410-1,ORD-0002410,2026-08-11,缄默德克萨斯-毛绒玩偶,1,128.0,0.0,0.0,128.0,61.44,61.44,paid,pending,True,20260903
ORD-0002410-2,ORD-0002410,2026-08-11,结城理-毛绒玩偶,1,128.0,0.05,6.4,121.6,61.44,61.44,paid,pending,True,20260903
ORD-0002410-3,ORD-0002410,2026-08-11,凯尔希·思衡托-亚克力制品,2,48.0,0.0,0.0,96.0,16.8,33.6,paid,pending,True,20260903
ORD-0002411-1,ORD-0002411,2026-07-05,Mon3tr-日用生活,2,99.0,0.0,0.0,198.0,45.54,91.08,paid,delivered,True,20260903
ORD-0002412-1,ORD-0002412,2026-08-13,余-通行证,1,39.0,0.1,3.9,35.1,12.48,12.48,paid,delivered,True,20260903
ORD-0002413-1,ORD-0002413,2026-07-16,新约能天使-亚克力制品,2,48.0,0.05,4.8,91.2,16.8,33.6,paid,delivered,True,20260903
ORD-0002414-1,ORD-0002414,2026-06-17,凛御银灰-装饰摆件,1,89.0,0.0,0.0,89.0,37.38,37.38,paid,delivered,True,20260903
ORD-0002415-1,ORD-0002415,2026-08-13,塑心-手办模玩,1,699.0,0.0,0.0,699.0,433.38,433.38,paid,delivered,True,20260903
ORD-0002416-1,ORD-0002416,2026-06-17,Mon3tr-吧唧（徽章）,1,18.0,0.0,0.0,18.0,5.4,5.4,paid,delivered,True,20260903
ORD-0002417-1,ORD-0002417,2026-06-17,娜斯提-亚克力制品,1,48.0,0.05,2.4,45.6,16.8,16.8,paid,delivered,True,20260903
ORD-0002418-1,ORD-0002418,2026-06-26,予愿安洁莉娜-毛绒玩偶,2,128.0,0.1,25.6,230.4,61.44,122.88,paid,delivered,True,20260903
ORD-0002418-2,ORD-0002418,2026-06-26,缪尔赛思-吧唧（徽章）,1,18.0,0.05,0.9,17.1,5.4,5.4,paid,delivered,True,20260903
ORD-0002419-1,ORD-0002419,2026-07-23,归溟幽灵鲨-装饰摆件,1,89.0,0.0,0.0,89.0,37.38,37.38,paid,delivered,True,20260903
ORD-0002420-1,ORD-0002420,2026-06-08,Mon3tr-吧唧（徽章）,1,18.0,0.1,1.8,16.2,5.4,5.4,paid,delivered,True,20260903
ORD-0002421-1,ORD-0002421,2026-06-12,Mon3tr-亚克力制品,1,48.0,0.05,2.4,45.6,16.8,16.8,paid,delivered,True,20260903
ORD-0002422-1,ORD-0002422,2026-06-18,焰狐龙梓兰-日用生活,1,99.0,0.1,9.9,89.1,45.54,45.54,paid,shipped,True,20260903
ORD-0002423-1,ORD-0002423,2026-06-09,缇缇-亚克力制品,1,48.0,0.1,4.8,43.2,16.8,16.8,paid,delivered,True,20260903
ORD-0002424-1,ORD-0002424,2026-06-23,重岳-亚克力制品,1,48.0,0.0,0.0,48.0,16.8,16.8,paid,delivered,True,20260903
ORD-0002425-1,ORD-0002425,2026-06-23,缪尔赛思-毛绒玩偶,1,128.0,0.05,6.4,121.6,61.44,61.44,paid,delivered,True,20260903
ORD-0002426-1,ORD-0002426,2026-08-08,凯尔希·思衡托-亚克力制品,1,48.0,0.0,0.0,48.0,16.8,16.8,paid,delivered,True,20260903
ORD-0002426-2,ORD-0002426,2026-08-08,佩佩-手办模玩,1,699.0,0.0,0.0,699.0,433.38,433.38,paid,delivered,True,20260903
ORD-0002427-1,ORD-0002427,2026-07-09,新约能天使-手办模玩,1,699.0,0.0,0.0,699.0,433.38,433.38,paid,delivered,True,20260903
ORD-0002427-2,ORD-0002427,2026-07-09,黍-吧唧（徽章）,1,18.0,0.1,1.8,16.2,5.4,5.4,paid,delivered,True,20260903
ORD-0002428-1,ORD-0002428,2026-06-02,纯烬艾雅法拉-毛绒玩偶,1,128.0,0.0,0.0,128.0,61.44,61.44,paid,delivered,True,20260903
ORD-0002429-1,ORD-0002429,2026-08-05,望-吧唧（徽章）,1,18.0,0.15,2.7,15.3,5.4,5.4,paid,delivered,True,20260903
ORD-0002430-1,ORD-0002430,2026-07-05,赤刃明霄陈-手办模玩,1,699.0,0.0,0.0,699.0,433.38,433.38,paid,delivered,True,20260903
ORD-0002431-1,ORD-0002431,2026-07-02,佩佩-日用生活,2,99.0,0.0,0.0,198.0,45.54,91.08,paid,delivered,True,20260903
ORD-0002432-1,ORD-0002432,2026-08-23,结城理-通行证,1,39.0,0.0,0.0,39.0,12.48,12.48,paid,pending,True,20260903
ORD-0002432-2,ORD-0002432,2026-08-23,缄默德克萨斯-毛绒玩偶,1,128.0,0.0,0.0,128.0,61.44,61.44,paid,pending,True,20260903
ORD-0002433-1,ORD-0002433,2026-06-14,怒潮凛冬-装饰摆件,2,89.0,0.0,0.0,178.0,37.38,74.76,paid,delivered,True,20260903
ORD-0002434-1,ORD-0002434,2026-08-03,凛御银灰-吧唧（徽章）,1,18.0,0.0,0.0,18.0,5.4,5.4,paid,delivered,True,20260903
ORD-0002435-1,ORD-0002435,2026-06-17,怒潮凛冬-吧唧（徽章）,3,18.0,0.0,0.0,54.0,5.4,16.2,paid,delivered,True,20260903
ORD-0002435-2,ORD-0002435,2026-06-17,黍-吧唧（徽章）,1,18.0,0.05,0.9,17.1,5.4,5.4,paid,delivered,True,20260903
ORD-0002436-1,ORD-0002436,2026-07-04,凛御银灰-日用生活,1,99.0,0.1,9.9,89.1,45.54,45.54,paid,delivered,True,20260903
ORD-0002437-1,ORD-0002437,2026-06-27,凯尔希·思衡托-亚克力制品,1,48.0,0.05,2.4,45.6,16.8,16.8,cancelled,cancelled,True,20260903
ORD-0002438-1,ORD-0002438,2026-08-15,凯尔希·思衡托-手办模玩,2,699.0,0.05,69.9,1328.1,433.38,866.76,cancelled,cancelled,True,20260903
ORD-0002439-1,ORD-0002439,2026-07-05,结城理-吧唧（徽章）,1,18.0,0.05,0.9,17.1,5.4,5.4,cancelled,cancelled,True,20260903
ORD-0002440-1,ORD-0002440,2026-08-02,余-手办模玩,1,699.0,0.0,0.0,699.0,433.38,433.38,paid,delivered,True,20260903
ORD-0002440-2,ORD-0002440,2026-08-02,归溟幽灵鲨-装饰摆件,2,89.0,0.0,0.0,178.0,37.38,74.76,paid,delivered,True,20260903
ORD-0002441-1,ORD-0002441,2026-07-07,维娜·维多利亚-装饰摆件,1,89.0,0.1,8.9,80.1,37.38,37.38,paid,delivered,True,20260903
ORD-0002442-1,ORD-0002442,2026-07-15,焰狐龙梓兰-装饰摆件,1,89.0,0.0,0.0,89.0,37.38,37.38,paid,delivered,True,20260903
ORD-0002443-1,ORD-0002443,2026-08-03,凛御银灰-吧唧（徽章）,1,18.0,0.05,0.9,17.1,5.4,5.4,paid,delivered,True,20260903
ORD-0002444-1,ORD-0002444,2026-07-05,焰狐龙梓兰-吧唧（徽章）,1,18.0,0.0,0.0,18.0,5.4,5.4,paid,delivered,True,20260903
ORD-0002445-1,ORD-0002445,2026-07-25,纯烬艾雅法拉-日用生活,2,99.0,0.05,9.9,188.1,45.54,91.08,paid,delivered,True,20260903
ORD-0002446-1,ORD-0002446,2026-06-02,新约能天使-吧唧（徽章）,1,18.0,0.05,0.9,17.1,5.4,5.4,paid,delivered,True,20260903
ORD-0002446-2,ORD-0002446,2026-06-02,娜斯提-日用生活,1,99.0,0.0,0.0,99.0,45.54,45.54,paid,delivered,True,20260903
ORD-0002447-1,ORD-0002447,2026-08-05,新约能天使-毛绒玩偶,1,128.0,0.05,6.4,121.6,61.44,61.44,paid,delivered,True,20260903
ORD-0002448-1,ORD-0002448,2026-08-26,缪尔赛思-日用生活,2,99.0,0.0,0.0,198.0,45.54,91.08,paid,delivered,True,20260903
ORD-0002449-1,ORD-0002449,2026-06-19,娜斯提-通行证,1,39.0,0.0,0.0,39.0,12.48,12.48,paid,delivered,True,20260903
ORD-0002450-1,ORD-0002450,2026-06-19,贝洛内-亚克力制品,1,48.0,0.0,0.0,48.0,16.8,16.8,paid,delivered,True,20260903
ORD-0002451-1,ORD-0002451,2026-07-29,结城理-手办模玩,1,699.0,0.0,0.0,699.0,433.38,433.38,paid,delivered,True,20260903
ORD-0002452-1,ORD-0002452,2026-07-28,塑心-装饰摆件,1,89.0,0.0,0.0,89.0,37.38,37.38,paid,delivered,True,20260903
ORD-0002453-1,ORD-0002453,2026-07-06,真言-手办模玩,2,699.0,0.0,0.0,1398.0,433.38,866.76,paid,delivered,True,20260903
ORD-0002454-1,ORD-0002454,2026-06-20,酒神-手办模玩,1,699.0,0.0,0.0,699.0,433.38,433.38,paid,delivered,True,20260903
ORD-0002455-1,ORD-0002455,2026-06-09,予愿安洁莉娜-吧唧（徽章）,1,18.0,0.0,0.0,18.0,5.4,5.4,paid,delivered,True,20260903
ORD-0002456-1,ORD-0002456,2026-07-13,死芒-毛绒玩偶,1,128.0,0.0,0.0,128.0,61.44,61.44,paid,delivered,True,20260903
ORD-0002456-2,ORD-0002456,2026-07-13,娜斯提-吧唧（徽章）,1,18.0,0.0,0.0,18.0,5.4,5.4,paid,delivered,True,20260903
ORD-0002457-1,ORD-0002457,2026-06-18,望-亚克力制品,1,48.0,0.1,4.8,43.2,16.8,16.8,paid,delivered,True,20260903
ORD-0002458-1,ORD-0002458,2026-07-28,死芒-装饰摆件,1,89.0,0.0,0.0,89.0,37.38,37.38,paid,delivered,True,20260903
ORD-0002459-1,ORD-0002459,2026-08-16,司霆惊蛰-日用生活,1,99.0,0.0,0.0,99.0,45.54,45.54,paid,delivered,True,20260903
ORD-0002460-1,ORD-0002460,2026-06-01,赤刃明霄陈-吧唧（徽章）,1,18.0,0.1,1.8,16.2,5.4,5.4,paid,delivered,True,20260903
ORD-0002461-1,ORD-0002461,2026-07-24,新约能天使-吧唧（徽章）,1,18.0,0.05,0.9,17.1,5.4,5.4,paid,delivered,True,20260903
ORD-0002462-1,ORD-0002462,2026-07-17,佩佩-吧唧（徽章）,1,18.0,0.1,1.8,16.2,5.4,5.4,paid,delivered,True,20260903
ORD-0002462-2,ORD-0002462,2026-07-17,怒潮凛冬-日用生活,1,99.0,0.15,14.85,84.15,45.54,45.54,paid,delivered,True,20260903
ORD-0002462-3,ORD-0002462,2026-07-17,司霆惊蛰-手办模玩,1,699.0,0.1,69.9,629.1,433.38,433.38,paid,delivered,True,20260903
ORD-0002463-1,ORD-0002463,2026-07-01,谬因-通行证,1,39.0,0.0,0.0,39.0,12.48,12.48,paid,delivered,True,20260903
ORD-0002464-1,ORD-0002464,2026-08-01,贝洛内-日用生活,1,99.0,0.0,0.0,99.0,45.54,45.54,paid,delivered,True,20260903
ORD-0002464-2,ORD-0002464,2026-08-01,凯尔希·思衡托-装饰摆件,1,89.0,0.05,4.45,84.55,37.38,37.38,paid,delivered,True,20260903
ORD-0002465-1,ORD-0002465,2026-08-15,焰狐龙梓兰-吧唧（徽章）,1,18.0,0.05,0.9,17.1,5.4,5.4,paid,delivered,True,20260903
ORD-0002465-2,ORD-0002465,2026-08-15,荒芜拉普兰德-吧唧（徽章）,1,18.0,0.05,0.9,17.1,5.4,5.4,paid,delivered,True,20260903
ORD-0002466-1,ORD-0002466,2026-07-20,新约能天使-亚克力制品,1,48.0,0.1,4.8,43.2,16.8,16.8,paid,delivered,True,20260903
ORD-0002467-1,ORD-0002467,2026-08-04,怒潮凛冬-通行证,2,39.0,0.0,0.0,78.0,12.48,24.96,paid,delivered,True,20260903
ORD-0002468-1,ORD-0002468,2026-06-23,死芒-日用生活,1,99.0,0.05,4.95,94.05,45.54,45.54,paid,delivered,True,20260903
ORD-0002468-2,ORD-0002468,2026-06-23,塑心-日用生活,1,99.0,0.0,0.0,99.0,45.54,45.54,paid,delivered,True,20260903
ORD-0002469-1,ORD-0002469,2026-06-18,贝洛内-亚克力制品,1,48.0,0.15,7.2,40.8,16.8,16.8,paid,delivered,True,20260903
ORD-0002469-2,ORD-0002469,2026-06-18,Mon3tr-装饰摆件,2,89.0,0.05,8.9,169.1,37.38,74.76,paid,delivered,True,20260903
ORD-0002470-1,ORD-0002470,2026-07-07,司霆惊蛰-亚克力制品,2,48.0,0.0,0.0,96.0,16.8,33.6,paid,delivered,True,20260903
ORD-0002471-1,ORD-0002471,2026-08-11,司霆惊蛰-装饰摆件,1,89.0,0.1,8.9,80.1,37.38,37.38,paid,delivered,True,20260903
ORD-0002472-1,ORD-0002472,2026-08-02,凛御银灰-亚克力制品,1,48.0,0.0,0.0,48.0,16.8,16.8,paid,delivered,True,20260903
ORD-0002473-1,ORD-0002473,2026-07-09,娜斯提-吧唧（徽章）,2,18.0,0.05,1.8,34.2,5.4,10.8,paid,delivered,True,20260903
ORD-0002474-1,ORD-0002474,2026-06-25,娜斯提-吧唧（徽章）,1,18.0,0.0,0.0,18.0,5.4,5.4,paid,delivered,True,20260903
ORD-0002475-1,ORD-0002475,2026-06-25,缄默德克萨斯-装饰摆件,1,89.0,0.1,8.9,80.1,37.38,37.38,paid,delivered,True,20260903
ORD-0002475-2,ORD-0002475,2026-06-25,黍-亚克力制品,1,48.0,0.0,0.0,48.0,16.8,16.8,paid,delivered,True,20260903
ORD-0002476-1,ORD-0002476,2026-07-06,司霆惊蛰-亚克力制品,1,48.0,0.1,4.8,43.2,16.8,16.8,paid,delivered,True,20260903
ORD-0002477-1,ORD-0002477,2026-06-27,荒芜拉普兰德-手办模玩,1,699.0,0.1,69.9,629.1,433.38,433.38,paid,delivered,True,20260903
ORD-0002478-1,ORD-0002478,2026-07-24,凯尔希·思衡托-装饰摆件,1,89.0,0.0,0.0,89.0,37.38,37.38,paid,delivered,True,20260903
ORD-0002479-1,ORD-0002479,2026-08-22,怒潮凛冬-亚克力制品,1,48.0,0.0,0.0,48.0,16.8,16.8,cancelled,cancelled,True,20260903
ORD-0002480-1,ORD-0002480,2026-06-01,缄默德克萨斯-日用生活,1,99.0,0.0,0.0,99.0,45.54,45.54,paid,delivered,True,20260903
ORD-0002480-2,ORD-0002480,2026-06-01,维娜·维多利亚-毛绒玩偶,3,128.0,0.0,0.0,384.0,61.44,184.32,paid,delivered,True,20260903
ORD-0002481-1,ORD-0002481,2026-07-06,结城理-亚克力制品,2,48.0,0.0,0.0,96.0,16.8,33.6,paid,delivered,True,20260903
ORD-0002482-1,ORD-0002482,2026-07-02,佩佩-亚克力制品,1,48.0,0.1,4.8,43.2,16.8,16.8,paid,delivered,True,20260903
ORD-0002483-1,ORD-0002483,2026-07-02,斩业星熊-日用生活,1,99.0,0.05,4.95,94.05,45.54,45.54,paid,delivered,True,20260903
ORD-0002484-1,ORD-0002484,2026-06-26,重岳-通行证,1,39.0,0.0,0.0,39.0,12.48,12.48,paid,delivered,True,20260903
ORD-0002485-1,ORD-0002485,2026-07-23,结城理-毛绒玩偶,1,128.0,0.1,12.8,115.2,61.44,61.44,paid,delivered,True,20260903
ORD-0002486-1,ORD-0002486,2026-06-21,缄默德克萨斯-装饰摆件,1,89.0,0.0,0.0,89.0,37.38,37.38,paid,delivered,True,20260903
ORD-0002487-1,ORD-0002487,2026-07-25,黍-吧唧（徽章）,1,18.0,0.1,1.8,16.2,5.4,5.4,paid,delivered,True,20260903
ORD-0002488-1,ORD-0002488,2026-07-03,Mon3tr-日用生活,1,99.0,0.1,9.9,89.1,45.54,45.54,paid,delivered,True,20260903
ORD-0002489-1,ORD-0002489,2026-08-03,娜斯提-装饰摆件,1,89.0,0.05,4.45,84.55,37.38,37.38,paid,delivered,True,20260903
ORD-0002490-1,ORD-0002490,2026-06-15,真言-装饰摆件,1,89.0,0.15,13.35,75.65,37.38,37.38,paid,delivered,True,20260903
ORD-0002490-2,ORD-0002490,2026-06-15,赤刃明霄陈-装饰摆件,1,89.0,0.1,8.9,80.1,37.38,37.38,paid,delivered,True,20260903
ORD-0002490-3,ORD-0002490,2026-06-15,维娜·维多利亚-日用生活,1,99.0,0.0,0.0,99.0,45.54,45.54,paid,delivered,True,20260903
ORD-0002491-1,ORD-0002491,2026-08-01,缪尔赛思-装饰摆件,1,89.0,0.0,0.0,89.0,37.38,37.38,paid,delivered,True,20260903
ORD-0002491-2,ORD-0002491,2026-08-01,焰狐龙梓兰-装饰摆件,1,89.0,0.0,0.0,89.0,37.38,37.38,paid,delivered,True,20260903
ORD-0002492-1,ORD-0002492,2026-06-20,娜斯提-手办模玩,1,699.0,0.0,0.0,699.0,433.38,433.38,paid,pending,True,20260903
ORD-0002493-1,ORD-0002493,2026-06-04,重岳-装饰摆件,1,89.0,0.0,0.0,89.0,37.38,37.38,paid,delivered,True,20260903
ORD-0002493-2,ORD-0002493,2026-06-04,焰狐龙梓兰-吧唧（徽章）,1,18.0,0.1,1.8,16.2,5.4,5.4,paid,delivered,True,20260903
ORD-0002494-1,ORD-0002494,2026-06-23,塑心-装饰摆件,2,89.0,0.1,17.8,160.2,37.38,74.76,paid,delivered,True,20260903
ORD-0002495-1,ORD-0002495,2026-06-28,缇缇-毛绒玩偶,1,128.0,0.15,19.2,108.8,61.44,61.44,paid,delivered,True,20260903
ORD-0002496-1,ORD-0002496,2026-06-19,缄默德克萨斯-毛绒玩偶,1,128.0,0.0,0.0,128.0,61.44,61.44,paid,delivered,True,20260903
ORD-0002497-1,ORD-0002497,2026-07-28,缪尔赛思-装饰摆件,1,89.0,0.0,0.0,89.0,37.38,37.38,cancelled,cancelled,True,20260903
ORD-0002498-1,ORD-0002498,2026-06-14,司霆惊蛰-装饰摆件,1,89.0,0.0,0.0,89.0,37.38,37.38,paid,pending,True,20260903
ORD-0002499-1,ORD-0002499,2026-07-06,结城理-装饰摆件,2,89.0,0.0,0.0,178.0,37.38,74.76,paid,delivered,True,20260903
ORD-0002499-2,ORD-0002499,2026-07-06,维娜·维多利亚-毛绒玩偶,1,128.0,0.1,12.8,115.2,61.44,61.44,paid,delivered,True,20260903
ORD-0002500-1,ORD-0002500,2026-07-30,缪尔赛思-吧唧（徽章）,1,18.0,0.0,0.0,18.0,5.4,5.4,paid,delivered,True,20260903
ORD-0002501-1,ORD-0002501,2026-06-20,司霆惊蛰-装饰摆件,1,89.0,0.15,13.35,75.65,37.38,37.38,paid,delivered,True,20260903
ORD-0002502-1,ORD-0002502,2026-07-02,荒芜拉普兰德-毛绒玩偶,1,128.0,0.1,12.8,115.2,61.44,61.44,paid,delivered,True,20260903
ORD-0002503-1,ORD-0002503,2026-08-14,斩业星熊-装饰摆件,1,89.0,0.1,8.9,80.1,37.38,37.38,paid,delivered,True,20260903
ORD-0002503-2,ORD-0002503,2026-08-14,娜斯提-手办模玩,2,699.0,0.15,209.7,1188.3,433.38,866.76,paid,delivered,True,20260903
ORD-0002504-1,ORD-0002504,2026-08-05,佩佩-手办模玩,1,699.0,0.0,0.0,699.0,433.38,433.38,paid,delivered,True,20260903
ORD-0002505-1,ORD-0002505,2026-07-14,结城理-手办模玩,1,699.0,0.0,0.0,699.0,433.38,433.38,paid,delivered,True,20260903
ORD-0002506-1,ORD-0002506,2026-06-17,黍-日用生活,1,99.0,0.0,0.0,99.0,45.54,45.54,paid,delivered,True,20260903
ORD-0002507-1,ORD-0002507,2026-07-24,归溟幽灵鲨-亚克力制品,1,48.0,0.05,2.4,45.6,16.8,16.8,paid,delivered,True,20260903
ORD-0002507-2,ORD-0002507,2026-07-24,荒芜拉普兰德-通行证,1,39.0,0.05,1.95,37.05,12.48,12.48,paid,delivered,True,20260903
ORD-0002507-3,ORD-0002507,2026-07-24,黍-装饰摆件,1,89.0,0.0,0.0,89.0,37.38,37.38,paid,delivered,True,20260903
ORD-0002508-1,ORD-0002508,2026-07-23,真言-装饰摆件,1,89.0,0.15,13.35,75.65,37.38,37.38,paid,delivered,True,20260903
ORD-0002509-1,ORD-0002509,2026-07-04,塑心-装饰摆件,1,89.0,0.05,4.45,84.55,37.38,37.38,paid,delivered,True,20260903
ORD-0002510-1,ORD-0002510,2026-06-28,塑心-毛绒玩偶,1,128.0,0.1,12.8,115.2,61.44,61.44,paid,delivered,True,20260903
ORD-0002511-1,ORD-0002511,2026-07-24,怒潮凛冬-通行证,1,39.0,0.0,0.0,39.0,12.48,12.48,paid,delivered,True,20260903
ORD-0002512-1,ORD-0002512,2026-06-15,怒潮凛冬-日用生活,1,99.0,0.0,0.0,99.0,45.54,45.54,paid,delivered,True,20260903
ORD-0002512-2,ORD-0002512,2026-06-15,怒潮凛冬-通行证,2,39.0,0.0,0.0,78.0,12.48,24.96,paid,delivered,True,20260903
ORD-0002513-1,ORD-0002513,2026-08-25,塑心-日用生活,1,99.0,0.0,0.0,99.0,45.54,45.54,paid,delivered,True,20260903
ORD-0002514-1,ORD-0002514,2026-06-27,死芒-装饰摆件,1,89.0,0.1,8.9,80.1,37.38,37.38,paid,delivered,True,20260903
ORD-0002515-1,ORD-0002515,2026-06-02,缇缇-亚克力制品,1,48.0,0.0,0.0,48.0,16.8,16.8,paid,delivered,True,20260903
ORD-0002516-1,ORD-0002516,2026-06-10,缪尔赛思-通行证,1,39.0,0.0,0.0,39.0,12.48,12.48,paid,delivered,True,20260903
ORD-0002517-1,ORD-0002517,2026-06-22,望-吧唧（徽章）,1,18.0,0.0,0.0,18.0,5.4,5.4,paid,pending,True,20260903
ORD-0002518-1,ORD-0002518,2026-06-02,凯尔希·思衡托-手办模玩,1,699.0,0.05,34.95,664.05,433.38,433.38,paid,delivered,True,20260903
ORD-0002519-1,ORD-0002519,2026-08-28,归溟幽灵鲨-装饰摆件,1,89.0,0.1,8.9,80.1,37.38,37.38,paid,delivered,True,20260903
ORD-0002520-1,ORD-0002520,2026-07-12,望-亚克力制品,1,48.0,0.0,0.0,48.0,16.8,16.8,paid,delivered,True,20260903
ORD-0002521-1,ORD-0002521,2026-06-19,焰狐龙梓兰-装饰摆件,1,89.0,0.1,8.9,80.1,37.38,37.38,paid,delivered,True,20260903
ORD-0002522-1,ORD-0002522,2026-06-01,黍-毛绒玩偶,1,128.0,0.0,0.0,128.0,61.44,61.44,paid,delivered,True,20260903
ORD-0002523-1,ORD-0002523,2026-07-04,维娜·维多利亚-吧唧（徽章）,2,18.0,0.0,0.0,36.0,5.4,10.8,paid,delivered,True,20260903
ORD-0002524-1,ORD-0002524,2026-08-18,真言-装饰摆件,1,89.0,0.0,0.0,89.0,37.38,37.38,paid,delivered,True,20260903
ORD-0002525-1,ORD-0002525,2026-07-28,荒芜拉普兰德-通行证,2,39.0,0.1,7.8,70.2,12.48,24.96,paid,delivered,True,20260903
ORD-0002526-1,ORD-0002526,2026-08-01,重岳-亚克力制品,1,48.0,0.1,4.8,43.2,16.8,16.8,paid,delivered,True,20260903
ORD-0002527-1,ORD-0002527,2026-08-01,余-装饰摆件,1,89.0,0.0,0.0,89.0,37.38,37.38,paid,delivered,True,20260903
ORD-0002528-1,ORD-0002528,2026-08-02,余-亚克力制品,1,48.0,0.1,4.8,43.2,16.8,16.8,paid,delivered,True,20260903
ORD-0002529-1,ORD-0002529,2026-07-16,佩佩-亚克力制品,1,48.0,0.05,2.4,45.6,16.8,16.8,paid,delivered,True,20260903
ORD-0002529-2,ORD-0002529,2026-07-16,新约能天使-手办模玩,1,699.0,0.1,69.9,629.1,433.38,433.38,paid,delivered,True,20260903
ORD-0002530-1,ORD-0002530,2026-06-11,结城理-毛绒玩偶,1,128.0,0.0,0.0,128.0,61.44,61.44,paid,delivered,True,20260903
ORD-0002531-1,ORD-0002531,2026-06-30,重岳-日用生活,1,99.0,0.1,9.9,89.1,45.54,45.54,paid,delivered,True,20260903
ORD-0002531-2,ORD-0002531,2026-06-30,真言-吧唧（徽章）,1,18.0,0.0,0.0,18.0,5.4,5.4,paid,delivered,True,20260903
ORD-0002532-1,ORD-0002532,2026-07-19,死芒-日用生活,1,99.0,0.1,9.9,89.1,45.54,45.54,paid,delivered,True,20260903
ORD-0002533-1,ORD-0002533,2026-07-20,重岳-日用生活,1,99.0,0.1,9.9,89.1,45.54,45.54,paid,delivered,True,20260903
ORD-0002534-1,ORD-0002534,2026-08-13,重岳-日用生活,1,99.0,0.1,9.9,89.1,45.54,45.54,paid,delivered,True,20260903
ORD-0002535-1,ORD-0002535,2026-07-28,维娜·维多利亚-吧唧（徽章）,1,18.0,0.0,0.0,18.0,5.4,5.4,paid,delivered,True,20260903
ORD-0002536-1,ORD-0002536,2026-08-02,娜斯提-装饰摆件,1,89.0,0.0,0.0,89.0,37.38,37.38,paid,delivered,True,20260903
ORD-0002536-2,ORD-0002536,2026-08-02,司霆惊蛰-日用生活,1,99.0,0.05,4.95,94.05,45.54,45.54,paid,delivered,True,20260903
ORD-0002537-1,ORD-0002537,2026-06-27,怒潮凛冬-亚克力制品,1,48.0,0.0,0.0,48.0,16.8,16.8,paid,delivered,True,20260903
ORD-0002538-1,ORD-0002538,2026-06-23,Mon3tr-毛绒玩偶,1,128.0,0.0,0.0,128.0,61.44,61.44,paid,shipped,True,20260903
ORD-0002539-1,ORD-0002539,2026-07-30,荒芜拉普兰德-毛绒玩偶,1,128.0,0.0,0.0,128.0,61.44,61.44,paid,delivered,True,20260903
ORD-0002540-1,ORD-0002540,2026-07-16,贝洛内-装饰摆件,1,89.0,0.0,0.0,89.0,37.38,37.38,paid,delivered,True,20260903
ORD-0002540-2,ORD-0002540,2026-07-16,死芒-亚克力制品,1,48.0,0.0,0.0,48.0,16.8,16.8,paid,delivered,True,20260903
ORD-0002541-1,ORD-0002541,2026-06-23,维娜·维多利亚-通行证,1,39.0,0.15,5.85,33.15,12.48,12.48,paid,delivered,True,20260903
ORD-0002541-2,ORD-0002541,2026-06-23,缪尔赛思-毛绒玩偶,1,128.0,0.1,12.8,115.2,61.44,61.44,paid,delivered,True,20260903
ORD-0002542-1,ORD-0002542,2026-06-15,Mon3tr-吧唧（徽章）,1,18.0,0.0,0.0,18.0,5.4,5.4,paid,delivered,True,20260903
ORD-0002543-1,ORD-0002543,2026-07-16,真言-装饰摆件,1,89.0,0.1,8.9,80.1,37.38,37.38,paid,delivered,True,20260903
ORD-0002544-1,ORD-0002544,2026-06-29,真言-毛绒玩偶,1,128.0,0.0,0.0,128.0,61.44,61.44,paid,delivered,True,20260903
ORD-0002545-1,ORD-0002545,2026-08-01,荒芜拉普兰德-日用生活,1,99.0,0.0,0.0,99.0,45.54,45.54,paid,delivered,True,20260903
ORD-0002545-2,ORD-0002545,2026-08-01,贝洛内-吧唧（徽章）,2,18.0,0.0,0.0,36.0,5.4,10.8,paid,delivered,True,20260903
ORD-0002546-1,ORD-0002546,2026-07-22,怒潮凛冬-日用生活,1,99.0,0.0,0.0,99.0,45.54,45.54,paid,delivered,True,20260903
ORD-0002547-1,ORD-0002547,2026-06-10,纯烬艾雅法拉-手办模玩,1,699.0,0.0,0.0,699.0,433.38,433.38,paid,delivered,True,20260903
ORD-0002547-2,ORD-0002547,2026-06-10,真言-装饰摆件,1,89.0,0.1,8.9,80.1,37.38,37.38,paid,delivered,True,20260903
ORD-0002547-3,ORD-0002547,2026-06-10,佩佩-吧唧（徽章）,2,18.0,0.0,0.0,36.0,5.4,10.8,paid,delivered,True,20260903
ORD-0002548-1,ORD-0002548,2026-06-17,怒潮凛冬-通行证,3,39.0,0.0,0.0,117.0,12.48,37.44,paid,delivered,True,20260903
ORD-0002549-1,ORD-0002549,2026-07-12,荒芜拉普兰德-吧唧（徽章）,2,18.0,0.1,3.6,32.4,5.4,10.8,paid,delivered,True,20260903
ORD-0002550-1,ORD-0002550,2026-08-18,维娜·维多利亚-亚克力制品,1,48.0,0.05,2.4,45.6,16.8,16.8,paid,delivered,True,20260903
ORD-0002550-2,ORD-0002550,2026-08-18,焰狐龙梓兰-装饰摆件,1,89.0,0.0,0.0,89.0,37.38,37.38,paid,delivered,True,20260903
ORD-0002551-1,ORD-0002551,2026-08-04,焰狐龙梓兰-亚克力制品,1,48.0,0.15,7.2,40.8,16.8,16.8,paid,pending,True,20260903
ORD-0002552-1,ORD-0002552,2026-07-01,予愿安洁莉娜-吧唧（徽章）,1,18.0,0.0,0.0,18.0,5.4,5.4,paid,delivered,True,20260903
ORD-0002553-1,ORD-0002553,2026-08-29,酒神-通行证,1,39.0,0.0,0.0,39.0,12.48,12.48,paid,delivered,True,20260903
ORD-0002554-1,ORD-0002554,2026-06-09,重岳-通行证,1,39.0,0.1,3.9,35.1,12.48,12.48,paid,delivered,True,20260903
ORD-0002555-1,ORD-0002555,2026-06-14,酒神-手办模玩,1,699.0,0.1,69.9,629.1,433.38,433.38,paid,delivered,True,20260903
ORD-0002556-1,ORD-0002556,2026-06-16,重岳-日用生活,1,99.0,0.0,0.0,99.0,45.54,45.54,paid,delivered,True,20260903
ORD-0002557-1,ORD-0002557,2026-06-27,佩佩-吧唧（徽章）,1,18.0,0.0,0.0,18.0,5.4,5.4,paid,delivered,True,20260903
ORD-0002557-2,ORD-0002557,2026-06-27,斩业星熊-通行证,1,39.0,0.1,3.9,35.1,12.48,12.48,paid,delivered,True,20260903
ORD-0002557-3,ORD-0002557,2026-06-27,纯烬艾雅法拉-手办模玩,1,699.0,0.0,0.0,699.0,433.38,433.38,paid,delivered,True,20260903
ORD-0002558-1,ORD-0002558,2026-08-28,司霆惊蛰-日用生活,1,99.0,0.0,0.0,99.0,45.54,45.54,paid,delivered,True,20260903
ORD-0002559-1,ORD-0002559,2026-06-21,维娜·维多利亚-通行证,1,39.0,0.0,0.0,39.0,12.48,12.48,paid,delivered,True,20260903
ORD-0002559-2,ORD-0002559,2026-06-21,焰狐龙梓兰-日用生活,1,99.0,0.0,0.0,99.0,45.54,45.54,paid,delivered,True,20260903
ORD-0002560-1,ORD-0002560,2026-08-17,凯尔希·思衡托-装饰摆件,1,89.0,0.0,0.0,89.0,37.38,37.38,paid,delivered,True,20260903
ORD-0002561-1,ORD-0002561,2026-07-25,凯尔希·思衡托-亚克力制品,1,48.0,0.0,0.0,48.0,16.8,16.8,paid,delivered,True,20260903
ORD-0002562-1,ORD-0002562,2026-06-02,重岳-毛绒玩偶,1,128.0,0.0,0.0,128.0,61.44,61.44,paid,delivered,True,20260903
ORD-0002563-1,ORD-0002563,2026-08-17,Mon3tr-通行证,1,39.0,0.1,3.9,35.1,12.48,12.48,paid,delivered,True,20260903
ORD-0002564-1,ORD-0002564,2026-06-18,重岳-通行证,1,39.0,0.15,5.85,33.15,12.48,12.48,paid,shipped,True,20260903
ORD-0002564-2,ORD-0002564,2026-06-18,黍-亚克力制品,1,48.0,0.0,0.0,48.0,16.8,16.8,paid,shipped,True,20260903
ORD-0002565-1,ORD-0002565,2026-08-02,塑心-手办模玩,1,699.0,0.05,34.95,664.05,433.38,433.38,paid,delivered,True,20260903
ORD-0002565-2,ORD-0002565,2026-08-02,死芒-装饰摆件,1,89.0,0.1,8.9,80.1,37.38,37.38,paid,delivered,True,20260903
ORD-0002566-1,ORD-0002566,2026-06-09,死芒-日用生活,1,99.0,0.0,0.0,99.0,45.54,45.54,paid,delivered,True,20260903
ORD-0002566-2,ORD-0002566,2026-06-09,真言-毛绒玩偶,1,128.0,0.05,6.4,121.6,61.44,61.44,paid,delivered,True,20260903
ORD-0002567-1,ORD-0002567,2026-06-20,望-毛绒玩偶,1,128.0,0.0,0.0,128.0,61.44,61.44,paid,delivered,True,20260903
ORD-0002568-1,ORD-0002568,2026-07-15,Mon3tr-亚克力制品,1,48.0,0.05,2.4,45.6,16.8,16.8,paid,delivered,True,20260903
ORD-0002569-1,ORD-0002569,2026-07-17,佩佩-通行证,1,39.0,0.0,0.0,39.0,12.48,12.48,paid,delivered,True,20260903
ORD-0002570-1,ORD-0002570,2026-08-06,缄默德克萨斯-毛绒玩偶,1,128.0,0.0,0.0,128.0,61.44,61.44,paid,delivered,True,20260903
ORD-0002571-1,ORD-0002571,2026-07-09,归溟幽灵鲨-通行证,1,39.0,0.0,0.0,39.0,12.48,12.48,paid,delivered,True,20260903
ORD-0002572-1,ORD-0002572,2026-06-07,归溟幽灵鲨-手办模玩,1,699.0,0.0,0.0,699.0,433.38,433.38,paid,delivered,True,20260903
ORD-0002573-1,ORD-0002573,2026-08-26,凛御银灰-手办模玩,1,699.0,0.0,0.0,699.0,433.38,433.38,paid,shipped,True,20260903
ORD-0002574-1,ORD-0002574,2026-06-07,酒神-通行证,1,39.0,0.05,1.95,37.05,12.48,12.48,paid,delivered,True,20260903
ORD-0002575-1,ORD-0002575,2026-08-16,凛御银灰-日用生活,2,99.0,0.0,0.0,198.0,45.54,91.08,paid,delivered,True,20260903
ORD-0002576-1,ORD-0002576,2026-06-28,黍-日用生活,1,99.0,0.15,14.85,84.15,45.54,45.54,paid,delivered,True,20260903
ORD-0002576-2,ORD-0002576,2026-06-28,归溟幽灵鲨-手办模玩,1,699.0,0.0,0.0,699.0,433.38,433.38,paid,delivered,True,20260903
ORD-0002577-1,ORD-0002577,2026-06-08,纯烬艾雅法拉-日用生活,1,99.0,0.0,0.0,99.0,45.54,45.54,paid,delivered,True,20260903
ORD-0002578-1,ORD-0002578,2026-07-08,纯烬艾雅法拉-通行证,1,39.0,0.0,0.0,39.0,12.48,12.48,paid,delivered,True,20260903
ORD-0002579-1,ORD-0002579,2026-06-21,酒神-手办模玩,1,699.0,0.0,0.0,699.0,433.38,433.38,paid,delivered,True,20260903
ORD-0002579-2,ORD-0002579,2026-06-21,死芒-吧唧（徽章）,2,18.0,0.0,0.0,36.0,5.4,10.8,paid,delivered,True,20260903
ORD-0002580-1,ORD-0002580,2026-08-24,怒潮凛冬-通行证,1,39.0,0.05,1.95,37.05,12.48,12.48,paid,delivered,True,20260903
ORD-0002580-2,ORD-0002580,2026-08-24,望-日用生活,1,99.0,0.1,9.9,89.1,45.54,45.54,paid,delivered,True,20260903
ORD-0002581-1,ORD-0002581,2026-07-24,娜斯提-装饰摆件,1,89.0,0.05,4.45,84.55,37.38,37.38,paid,delivered,True,20260903
ORD-0002582-1,ORD-0002582,2026-08-11,谬因-吧唧（徽章）,1,18.0,0.1,1.8,16.2,5.4,5.4,paid,delivered,True,20260903
ORD-0002583-1,ORD-0002583,2026-07-08,新约能天使-通行证,1,39.0,0.05,1.95,37.05,12.48,12.48,paid,delivered,True,20260903
ORD-0002583-2,ORD-0002583,2026-07-08,重岳-吧唧（徽章）,1,18.0,0.0,0.0,18.0,5.4,5.4,paid,delivered,True,20260903
ORD-0002584-1,ORD-0002584,2026-06-02,贝洛内-亚克力制品,1,48.0,0.1,4.8,43.2,16.8,16.8,paid,delivered,True,20260903
ORD-0002585-1,ORD-0002585,2026-08-04,缇缇-毛绒玩偶,1,128.0,0.1,12.8,115.2,61.44,61.44,paid,delivered,True,20260903
ORD-0002586-1,ORD-0002586,2026-07-22,余-装饰摆件,1,89.0,0.0,0.0,89.0,37.38,37.38,paid,delivered,True,20260903
ORD-0002587-1,ORD-0002587,2026-07-10,缄默德克萨斯-装饰摆件,2,89.0,0.0,0.0,178.0,37.38,74.76,paid,delivered,True,20260903
ORD-0002587-2,ORD-0002587,2026-07-10,死芒-毛绒玩偶,1,128.0,0.05,6.4,121.6,61.44,61.44,paid,delivered,True,20260903
ORD-0002587-3,ORD-0002587,2026-07-10,新约能天使-手办模玩,1,699.0,0.0,0.0,699.0,433.38,433.38,paid,delivered,True,20260903
ORD-0002588-1,ORD-0002588,2026-08-08,佩佩-日用生活,1,99.0,0.1,9.9,89.1,45.54,45.54,paid,delivered,True,20260903
ORD-0002589-1,ORD-0002589,2026-07-02,予愿安洁莉娜-装饰摆件,1,89.0,0.0,0.0,89.0,37.38,37.38,paid,delivered,True,20260903
ORD-0002590-1,ORD-0002590,2026-06-18,黍-亚克力制品,1,48.0,0.0,0.0,48.0,16.8,16.8,paid,delivered,True,20260903
ORD-0002591-1,ORD-0002591,2026-07-30,维娜·维多利亚-亚克力制品,1,48.0,0.0,0.0,48.0,16.8,16.8,paid,delivered,True,20260903
ORD-0002591-2,ORD-0002591,2026-07-30,死芒-毛绒玩偶,1,128.0,0.0,0.0,128.0,61.44,61.44,paid,delivered,True,20260903
ORD-0002592-1,ORD-0002592,2026-06-30,新约能天使-亚克力制品,1,48.0,0.0,0.0,48.0,16.8,16.8,paid,delivered,True,20260903
ORD-0002593-1,ORD-0002593,2026-07-22,维娜·维多利亚-手办模玩,1,699.0,0.0,0.0,699.0,433.38,433.38,paid,shipped,True,20260903
ORD-0002594-1,ORD-0002594,2026-06-09,予愿安洁莉娜-日用生活,1,99.0,0.1,9.9,89.1,45.54,45.54,paid,delivered,True,20260903
ORD-0002595-1,ORD-0002595,2026-07-12,司霆惊蛰-日用生活,1,99.0,0.05,4.95,94.05,45.54,45.54,paid,delivered,True,20260903
ORD-0002596-1,ORD-0002596,2026-07-17,娜斯提-亚克力制品,1,48.0,0.1,4.8,43.2,16.8,16.8,paid,delivered,True,20260903
ORD-0002597-1,ORD-0002597,2026-07-10,缄默德克萨斯-通行证,1,39.0,0.05,1.95,37.05,12.48,12.48,paid,delivered,True,20260903
ORD-0002598-1,ORD-0002598,2026-06-21,余-亚克力制品,1,48.0,0.0,0.0,48.0,16.8,16.8,paid,delivered,True,20260903
ORD-0002599-1,ORD-0002599,2026-07-24,佩佩-装饰摆件,1,89.0,0.05,4.45,84.55,37.38,37.38,paid,delivered,True,20260903
ORD-0002600-1,ORD-0002600,2026-08-04,佩佩-通行证,1,39.0,0.0,0.0,39.0,12.48,12.48,paid,delivered,True,20260903
ORD-0002601-1,ORD-0002601,2026-06-20,纯烬艾雅法拉-日用生活,1,99.0,0.05,4.95,94.05,45.54,45.54,paid,pending,True,20260903
ORD-0002601-2,ORD-0002601,2026-06-20,酒神-日用生活,2,99.0,0.0,0.0,198.0,45.54,91.08,paid,pending,True,20260903
ORD-0002602-1,ORD-0002602,2026-07-25,缪尔赛思-装饰摆件,1,89.0,0.0,0.0,89.0,37.38,37.38,paid,delivered,True,20260903
ORD-0002603-1,ORD-0002603,2026-06-06,荒芜拉普兰德-日用生活,1,99.0,0.05,4.95,94.05,45.54,45.54,paid,delivered,True,20260903
ORD-0002604-1,ORD-0002604,2026-06-24,谬因-通行证,1,39.0,0.0,0.0,39.0,12.48,12.48,paid,delivered,True,20260903
ORD-0002605-1,ORD-0002605,2026-06-12,重岳-通行证,1,39.0,0.0,0.0,39.0,12.48,12.48,paid,delivered,True,20260903
ORD-0002606-1,ORD-0002606,2026-08-13,归溟幽灵鲨-装饰摆件,1,89.0,0.0,0.0,89.0,37.38,37.38,paid,delivered,True,20260903
ORD-0002607-1,ORD-0002607,2026-07-01,结城理-毛绒玩偶,1,128.0,0.1,12.8,115.2,61.44,61.44,paid,delivered,True,20260903
ORD-0002607-2,ORD-0002607,2026-07-01,重岳-装饰摆件,1,89.0,0.15,13.35,75.65,37.38,37.38,paid,delivered,True,20260903
ORD-0002607-3,ORD-0002607,2026-07-01,荒芜拉普兰德-毛绒玩偶,1,128.0,0.0,0.0,128.0,61.44,61.44,paid,delivered,True,20260903
ORD-0002608-1,ORD-0002608,2026-06-16,怒潮凛冬-毛绒玩偶,1,128.0,0.1,12.8,115.2,61.44,61.44,paid,delivered,True,20260903
ORD-0002609-1,ORD-0002609,2026-07-24,酒神-手办模玩,1,699.0,0.0,0.0,699.0,433.38,433.38,paid,delivered,True,20260903
ORD-0002610-1,ORD-0002610,2026-06-11,娜斯提-装饰摆件,2,89.0,0.0,0.0,178.0,37.38,74.76,paid,delivered,True,20260903
ORD-0002611-1,ORD-0002611,2026-07-28,凯尔希·思衡托-通行证,1,39.0,0.1,3.9,35.1,12.48,12.48,paid,delivered,True,20260903
ORD-0002612-1,ORD-0002612,2026-06-26,塑心-日用生活,1,99.0,0.0,0.0,99.0,45.54,45.54,paid,delivered,True,20260903
ORD-0002613-1,ORD-0002613,2026-06-26,余-吧唧（徽章）,1,18.0,0.0,0.0,18.0,5.4,5.4,paid,delivered,True,20260903
ORD-0002613-2,ORD-0002613,2026-06-26,新约能天使-毛绒玩偶,1,128.0,0.0,0.0,128.0,61.44,61.44,paid,delivered,True,20260903
ORD-0002613-3,ORD-0002613,2026-06-26,酒神-装饰摆件,1,89.0,0.0,0.0,89.0,37.38,37.38,paid,delivered,True,20260903
ORD-0002614-1,ORD-0002614,2026-07-25,凛御银灰-手办模玩,2,699.0,0.0,0.0,1398.0,433.38,866.76,paid,delivered,True,20260903
ORD-0002615-1,ORD-0002615,2026-07-30,缄默德克萨斯-吧唧（徽章）,1,18.0,0.0,0.0,18.0,5.4,5.4,paid,delivered,True,20260903
ORD-0002615-2,ORD-0002615,2026-07-30,凯尔希·思衡托-吧唧（徽章）,1,18.0,0.0,0.0,18.0,5.4,5.4,paid,delivered,True,20260903
ORD-0002615-3,ORD-0002615,2026-07-30,娜斯提-手办模玩,1,699.0,0.15,104.85,594.15,433.38,433.38,paid,delivered,True,20260903
ORD-0002616-1,ORD-0002616,2026-06-18,结城理-通行证,1,39.0,0.1,3.9,35.1,12.48,12.48,paid,delivered,True,20260903
ORD-0002617-1,ORD-0002617,2026-06-26,酒神-亚克力制品,1,48.0,0.0,0.0,48.0,16.8,16.8,paid,delivered,True,20260903
ORD-0002618-1,ORD-0002618,2026-07-17,黍-手办模玩,1,699.0,0.1,69.9,629.1,433.38,433.38,paid,delivered,True,20260903
ORD-0002618-2,ORD-0002618,2026-07-17,荒芜拉普兰德-手办模玩,1,699.0,0.05,34.95,664.05,433.38,433.38,paid,delivered,True,20260903
ORD-0002619-1,ORD-0002619,2026-06-26,娜斯提-通行证,1,39.0,0.05,1.95,37.05,12.48,12.48,paid,delivered,True,20260903
ORD-0002620-1,ORD-0002620,2026-07-26,凛御银灰-毛绒玩偶,1,128.0,0.0,0.0,128.0,61.44,61.44,paid,delivered,True,20260903
ORD-0002621-1,ORD-0002621,2026-08-03,焰狐龙梓兰-日用生活,1,99.0,0.0,0.0,99.0,45.54,45.54,paid,delivered,True,20260903
ORD-0002622-1,ORD-0002622,2026-08-23,荒芜拉普兰德-毛绒玩偶,1,128.0,0.05,6.4,121.6,61.44,61.44,paid,delivered,True,20260903
ORD-0002623-1,ORD-0002623,2026-07-21,谬因-毛绒玩偶,1,128.0,0.1,12.8,115.2,61.44,61.44,paid,delivered,True,20260903
ORD-0002624-1,ORD-0002624,2026-08-19,新约能天使-日用生活,1,99.0,0.1,9.9,89.1,45.54,45.54,paid,delivered,True,20260903
ORD-0002624-2,ORD-0002624,2026-08-19,荒芜拉普兰德-手办模玩,1,699.0,0.0,0.0,699.0,433.38,433.38,paid,delivered,True,20260903
ORD-0002625-1,ORD-0002625,2026-06-12,焰狐龙梓兰-吧唧（徽章）,2,18.0,0.0,0.0,36.0,5.4,10.8,paid,delivered,True,20260903
ORD-0002626-1,ORD-0002626,2026-08-20,归溟幽灵鲨-亚克力制品,1,48.0,0.05,2.4,45.6,16.8,16.8,paid,shipped,True,20260903
ORD-0002626-2,ORD-0002626,2026-08-20,新约能天使-吧唧（徽章）,1,18.0,0.1,1.8,16.2,5.4,5.4,paid,shipped,True,20260903
ORD-0002627-1,ORD-0002627,2026-07-28,结城理-毛绒玩偶,1,128.0,0.0,0.0,128.0,61.44,61.44,paid,delivered,True,20260903
ORD-0002628-1,ORD-0002628,2026-08-28,司霆惊蛰-毛绒玩偶,1,128.0,0.0,0.0,128.0,61.44,61.44,paid,delivered,True,20260903
ORD-0002628-2,ORD-0002628,2026-08-28,维娜·维多利亚-手办模玩,1,699.0,0.0,0.0,699.0,433.38,433.38,paid,delivered,True,20260903
ORD-0002629-1,ORD-0002629,2026-06-02,娜斯提-手办模玩,1,699.0,0.1,69.9,629.1,433.38,433.38,paid,delivered,True,20260903
ORD-0002630-1,ORD-0002630,2026-08-02,死芒-亚克力制品,1,48.0,0.05,2.4,45.6,16.8,16.8,paid,delivered,True,20260903
ORD-0002630-2,ORD-0002630,2026-08-02,酒神-亚克力制品,1,48.0,0.0,0.0,48.0,16.8,16.8,paid,delivered,True,20260903
ORD-0002631-1,ORD-0002631,2026-06-09,真言-亚克力制品,2,48.0,0.0,0.0,96.0,16.8,33.6,paid,delivered,True,20260903
ORD-0002631-2,ORD-0002631,2026-06-09,焰狐龙梓兰-装饰摆件,2,89.0,0.1,17.8,160.2,37.38,74.76,paid,delivered,True,20260903
ORD-0002631-3,ORD-0002631,2026-06-09,归溟幽灵鲨-亚克力制品,1,48.0,0.05,2.4,45.6,16.8,16.8,paid,delivered,True,20260903
ORD-0002632-1,ORD-0002632,2026-06-17,酒神-装饰摆件,2,89.0,0.15,26.7,151.3,37.38,74.76,paid,delivered,True,20260903
ORD-0002633-1,ORD-0002633,2026-06-24,佩佩-手办模玩,2,699.0,0.1,139.8,1258.2,433.38,866.76,paid,delivered,True,20260903
ORD-0002634-1,ORD-0002634,2026-07-31,佩佩-日用生活,2,99.0,0.0,0.0,198.0,45.54,91.08,paid,shipped,True,20260903
ORD-0002634-2,ORD-0002634,2026-07-31,酒神-亚克力制品,1,48.0,0.0,0.0,48.0,16.8,16.8,paid,shipped,True,20260903
ORD-0002635-1,ORD-0002635,2026-07-02,司霆惊蛰-亚克力制品,1,48.0,0.05,2.4,45.6,16.8,16.8,paid,delivered,True,20260903
ORD-0002636-1,ORD-0002636,2026-07-20,赤刃明霄陈-亚克力制品,1,48.0,0.1,4.8,43.2,16.8,16.8,paid,delivered,True,20260903
ORD-0002637-1,ORD-0002637,2026-08-04,纯烬艾雅法拉-装饰摆件,2,89.0,0.0,0.0,178.0,37.38,74.76,paid,delivered,True,20260903
ORD-0002638-1,ORD-0002638,2026-07-07,死芒-毛绒玩偶,1,128.0,0.0,0.0,128.0,61.44,61.44,paid,delivered,True,20260903
ORD-0002639-1,ORD-0002639,2026-06-20,司霆惊蛰-通行证,1,39.0,0.0,0.0,39.0,12.48,12.48,paid,shipped,True,20260903
ORD-0002640-1,ORD-0002640,2026-06-26,缇缇-吧唧（徽章）,1,18.0,0.15,2.7,15.3,5.4,5.4,paid,delivered,True,20260903
ORD-0002641-1,ORD-0002641,2026-07-23,斩业星熊-装饰摆件,1,89.0,0.0,0.0,89.0,37.38,37.38,paid,delivered,True,20260903
ORD-0002642-1,ORD-0002642,2026-08-12,缇缇-装饰摆件,1,89.0,0.0,0.0,89.0,37.38,37.38,paid,delivered,True,20260903
ORD-0002643-1,ORD-0002643,2026-06-20,凯尔希·思衡托-毛绒玩偶,1,128.0,0.0,0.0,128.0,61.44,61.44,paid,delivered,True,20260903
ORD-0002644-1,ORD-0002644,2026-07-03,赤刃明霄陈-手办模玩,1,699.0,0.0,0.0,699.0,433.38,433.38,paid,delivered,True,20260903
ORD-0002645-1,ORD-0002645,2026-06-21,酒神-毛绒玩偶,1,128.0,0.1,12.8,115.2,61.44,61.44,paid,delivered,True,20260903
ORD-0002645-2,ORD-0002645,2026-06-21,焰狐龙梓兰-日用生活,1,99.0,0.0,0.0,99.0,45.54,45.54,paid,delivered,True,20260903
ORD-0002646-1,ORD-0002646,2026-07-15,斩业星熊-吧唧（徽章）,1,18.0,0.05,0.9,17.1,5.4,5.4,paid,delivered,True,20260903
ORD-0002647-1,ORD-0002647,2026-06-21,谬因-毛绒玩偶,1,128.0,0.05,6.4,121.6,61.44,61.44,paid,delivered,True,20260903
ORD-0002648-1,ORD-0002648,2026-06-23,死芒-装饰摆件,1,89.0,0.05,4.45,84.55,37.38,37.38,paid,delivered,True,20260903
ORD-0002648-2,ORD-0002648,2026-06-23,纯烬艾雅法拉-吧唧（徽章）,1,18.0,0.0,0.0,18.0,5.4,5.4,paid,delivered,True,20260903
ORD-0002649-1,ORD-0002649,2026-06-28,新约能天使-通行证,1,39.0,0.1,3.9,35.1,12.48,12.48,paid,delivered,True,20260903
ORD-0002650-1,ORD-0002650,2026-08-14,司霆惊蛰-亚克力制品,2,48.0,0.1,9.6,86.4,16.8,33.6,paid,delivered,True,20260903
ORD-0002651-1,ORD-0002651,2026-06-10,望-吧唧（徽章）,1,18.0,0.0,0.0,18.0,5.4,5.4,paid,delivered,True,20260903
ORD-0002652-1,ORD-0002652,2026-08-25,酒神-亚克力制品,1,48.0,0.0,0.0,48.0,16.8,16.8,paid,delivered,True,20260903
ORD-0002653-1,ORD-0002653,2026-08-21,纯烬艾雅法拉-通行证,2,39.0,0.1,7.8,70.2,12.48,24.96,paid,delivered,True,20260903
ORD-0002654-1,ORD-0002654,2026-07-19,缪尔赛思-亚克力制品,1,48.0,0.0,0.0,48.0,16.8,16.8,paid,delivered,True,20260903
ORD-0002655-1,ORD-0002655,2026-07-09,Mon3tr-毛绒玩偶,1,128.0,0.0,0.0,128.0,61.44,61.44,paid,delivered,True,20260903
ORD-0002656-1,ORD-0002656,2026-07-17,塑心-日用生活,1,99.0,0.15,14.85,84.15,45.54,45.54,paid,delivered,True,20260903
ORD-0002657-1,ORD-0002657,2026-06-25,予愿安洁莉娜-毛绒玩偶,1,128.0,0.0,0.0,128.0,61.44,61.44,paid,delivered,True,20260903
ORD-0002657-2,ORD-0002657,2026-06-25,怒潮凛冬-日用生活,1,99.0,0.0,0.0,99.0,45.54,45.54,paid,delivered,True,20260903
ORD-0002657-3,ORD-0002657,2026-06-25,予愿安洁莉娜-手办模玩,1,699.0,0.0,0.0,699.0,433.38,433.38,paid,delivered,True,20260903
ORD-0002658-1,ORD-0002658,2026-07-10,缪尔赛思-亚克力制品,1,48.0,0.0,0.0,48.0,16.8,16.8,paid,delivered,True,20260903
ORD-0002658-2,ORD-0002658,2026-07-10,凯尔希·思衡托-通行证,1,39.0,0.1,3.9,35.1,12.48,12.48,paid,delivered,True,20260903
ORD-0002659-1,ORD-0002659,2026-08-11,缇缇-手办模玩,1,699.0,0.0,0.0,699.0,433.38,433.38,paid,delivered,True,20260903
ORD-0002660-1,ORD-0002660,2026-08-16,真言-日用生活,1,99.0,0.05,4.95,94.05,45.54,45.54,paid,delivered,True,20260903
ORD-0002661-1,ORD-0002661,2026-06-04,纯烬艾雅法拉-日用生活,1,99.0,0.1,9.9,89.1,45.54,45.54,paid,delivered,True,20260903
ORD-0002661-2,ORD-0002661,2026-06-04,谬因-手办模玩,1,699.0,0.1,69.9,629.1,433.38,433.38,paid,delivered,True,20260903
ORD-0002662-1,ORD-0002662,2026-07-20,纯烬艾雅法拉-吧唧（徽章）,1,18.0,0.05,0.9,17.1,5.4,5.4,paid,delivered,True,20260903
ORD-0002662-2,ORD-0002662,2026-07-20,缪尔赛思-日用生活,1,99.0,0.05,4.95,94.05,45.54,45.54,paid,delivered,True,20260903
ORD-0002663-1,ORD-0002663,2026-08-04,焰狐龙梓兰-手办模玩,1,699.0,0.0,0.0,699.0,433.38,433.38,paid,delivered,True,20260903
ORD-0002664-1,ORD-0002664,2026-07-28,凯尔希·思衡托-亚克力制品,1,48.0,0.0,0.0,48.0,16.8,16.8,paid,delivered,True,20260903
ORD-0002665-1,ORD-0002665,2026-08-01,结城理-亚克力制品,1,48.0,0.1,4.8,43.2,16.8,16.8,paid,delivered,True,20260903
ORD-0002666-1,ORD-0002666,2026-08-07,余-通行证,1,39.0,0.0,0.0,39.0,12.48,12.48,paid,delivered,True,20260903
ORD-0002667-1,ORD-0002667,2026-07-29,维娜·维多利亚-亚克力制品,3,48.0,0.05,7.2,136.8,16.8,50.4,paid,delivered,True,20260903
ORD-0002668-1,ORD-0002668,2026-06-14,赤刃明霄陈-手办模玩,1,699.0,0.1,69.9,629.1,433.38,433.38,paid,delivered,True,20260903
ORD-0002668-2,ORD-0002668,2026-06-14,重岳-亚克力制品,1,48.0,0.0,0.0,48.0,16.8,16.8,paid,delivered,True,20260903
ORD-0002669-1,ORD-0002669,2026-08-21,塑心-手办模玩,1,699.0,0.05,34.95,664.05,433.38,433.38,paid,delivered,True,20260903
ORD-0002669-2,ORD-0002669,2026-08-21,凯尔希·思衡托-通行证,1,39.0,0.05,1.95,37.05,12.48,12.48,paid,delivered,True,20260903
ORD-0002670-1,ORD-0002670,2026-08-16,凯尔希·思衡托-装饰摆件,1,89.0,0.05,4.45,84.55,37.38,37.38,paid,delivered,True,20260903
ORD-0002670-2,ORD-0002670,2026-08-16,司霆惊蛰-亚克力制品,1,48.0,0.05,2.4,45.6,16.8,16.8,paid,delivered,True,20260903
ORD-0002671-1,ORD-0002671,2026-06-13,归溟幽灵鲨-装饰摆件,1,89.0,0.0,0.0,89.0,37.38,37.38,paid,delivered,True,20260903
ORD-0002671-2,ORD-0002671,2026-06-13,娜斯提-手办模玩,1,699.0,0.0,0.0,699.0,433.38,433.38,paid,delivered,True,20260903
ORD-0002672-1,ORD-0002672,2026-07-31,死芒-装饰摆件,1,89.0,0.1,8.9,80.1,37.38,37.38,paid,delivered,True,20260903
ORD-0002672-2,ORD-0002672,2026-07-31,斩业星熊-装饰摆件,1,89.0,0.05,4.45,84.55,37.38,37.38,paid,delivered,True,20260903
ORD-0002673-1,ORD-0002673,2026-07-23,新约能天使-通行证,1,39.0,0.1,3.9,35.1,12.48,12.48,paid,delivered,True,20260903
ORD-0002673-2,ORD-0002673,2026-07-23,贝洛内-通行证,1,39.0,0.0,0.0,39.0,12.48,12.48,paid,delivered,True,20260903
ORD-0002674-1,ORD-0002674,2026-07-06,Mon3tr-亚克力制品,1,48.0,0.05,2.4,45.6,16.8,16.8,paid,delivered,True,20260903
ORD-0002674-2,ORD-0002674,2026-07-06,归溟幽灵鲨-吧唧（徽章）,1,18.0,0.1,1.8,16.2,5.4,5.4,paid,delivered,True,20260903
ORD-0002675-1,ORD-0002675,2026-06-28,望-通行证,1,39.0,0.0,0.0,39.0,12.48,12.48,paid,delivered,True,20260903
ORD-0002676-1,ORD-0002676,2026-07-13,娜斯提-日用生活,1,99.0,0.0,0.0,99.0,45.54,45.54,paid,delivered,True,20260903
ORD-0002676-2,ORD-0002676,2026-07-13,望-日用生活,2,99.0,0.0,0.0,198.0,45.54,91.08,paid,delivered,True,20260903
ORD-0002677-1,ORD-0002677,2026-06-23,维娜·维多利亚-手办模玩,2,699.0,0.05,69.9,1328.1,433.38,866.76,cancelled,cancelled,True,20260903
ORD-0002678-1,ORD-0002678,2026-06-12,黍-装饰摆件,1,89.0,0.0,0.0,89.0,37.38,37.38,paid,delivered,True,20260903
ORD-0002679-1,ORD-0002679,2026-06-21,缇缇-亚克力制品,1,48.0,0.0,0.0,48.0,16.8,16.8,paid,delivered,True,20260903
ORD-0002680-1,ORD-0002680,2026-07-28,缪尔赛思-日用生活,1,99.0,0.0,0.0,99.0,45.54,45.54,paid,delivered,True,20260903
ORD-0002681-1,ORD-0002681,2026-07-07,斩业星熊-装饰摆件,1,89.0,0.0,0.0,89.0,37.38,37.38,paid,delivered,True,20260903
ORD-0002682-1,ORD-0002682,2026-08-08,谬因-吧唧（徽章）,1,18.0,0.0,0.0,18.0,5.4,5.4,paid,delivered,True,20260903
ORD-0002683-1,ORD-0002683,2026-06-13,佩佩-装饰摆件,1,89.0,0.0,0.0,89.0,37.38,37.38,paid,delivered,True,20260903
ORD-0002683-2,ORD-0002683,2026-06-13,望-手办模玩,1,699.0,0.1,69.9,629.1,433.38,433.38,paid,delivered,True,20260903
ORD-0002683-3,ORD-0002683,2026-06-13,赤刃明霄陈-手办模玩,1,699.0,0.0,0.0,699.0,433.38,433.38,paid,delivered,True,20260903
ORD-0002684-1,ORD-0002684,2026-07-15,斩业星熊-亚克力制品,1,48.0,0.0,0.0,48.0,16.8,16.8,paid,delivered,True,20260903
ORD-0002685-1,ORD-0002685,2026-08-27,佩佩-手办模玩,1,699.0,0.0,0.0,699.0,433.38,433.38,paid,delivered,True,20260903
ORD-0002686-1,ORD-0002686,2026-07-07,焰狐龙梓兰-装饰摆件,1,89.0,0.1,8.9,80.1,37.38,37.38,paid,delivered,True,20260903
ORD-0002687-1,ORD-0002687,2026-06-22,缪尔赛思-吧唧（徽章）,2,18.0,0.0,0.0,36.0,5.4,10.8,paid,delivered,True,20260903
ORD-0002688-1,ORD-0002688,2026-06-27,怒潮凛冬-亚克力制品,1,48.0,0.05,2.4,45.6,16.8,16.8,paid,delivered,True,20260903
ORD-0002688-2,ORD-0002688,2026-06-27,归溟幽灵鲨-亚克力制品,2,48.0,0.05,4.8,91.2,16.8,33.6,paid,delivered,True,20260903
ORD-0002689-1,ORD-0002689,2026-08-10,缇缇-亚克力制品,1,48.0,0.05,2.4,45.6,16.8,16.8,paid,delivered,True,20260903
ORD-0002690-1,ORD-0002690,2026-06-06,塑心-通行证,1,39.0,0.1,3.9,35.1,12.48,12.48,paid,delivered,True,20260903
ORD-0002691-1,ORD-0002691,2026-06-09,Mon3tr-装饰摆件,2,89.0,0.05,8.9,169.1,37.38,74.76,paid,delivered,True,20260903
ORD-0002691-2,ORD-0002691,2026-06-09,重岳-装饰摆件,1,89.0,0.05,4.45,84.55,37.38,37.38,paid,delivered,True,20260903
ORD-0002692-1,ORD-0002692,2026-06-24,重岳-吧唧（徽章）,1,18.0,0.0,0.0,18.0,5.4,5.4,paid,delivered,True,20260903
ORD-0002692-2,ORD-0002692,2026-06-24,予愿安洁莉娜-装饰摆件,1,89.0,0.0,0.0,89.0,37.38,37.38,paid,delivered,True,20260903
ORD-0002693-1,ORD-0002693,2026-06-11,贝洛内-吧唧（徽章）,1,18.0,0.0,0.0,18.0,5.4,5.4,paid,delivered,True,20260903
ORD-0002694-1,ORD-0002694,2026-07-22,贝洛内-日用生活,1,99.0,0.05,4.95,94.05,45.54,45.54,paid,delivered,True,20260903
ORD-0002695-1,ORD-0002695,2026-08-24,塑心-亚克力制品,1,48.0,0.05,2.4,45.6,16.8,16.8,paid,delivered,True,20260903
ORD-0002696-1,ORD-0002696,2026-07-08,贝洛内-手办模玩,1,699.0,0.0,0.0,699.0,433.38,433.38,paid,delivered,True,20260903
ORD-0002697-1,ORD-0002697,2026-06-22,黍-日用生活,1,99.0,0.0,0.0,99.0,45.54,45.54,paid,delivered,True,20260903
ORD-0002698-1,ORD-0002698,2026-08-22,纯烬艾雅法拉-吧唧（徽章）,1,18.0,0.1,1.8,16.2,5.4,5.4,paid,delivered,True,20260903
ORD-0002698-2,ORD-0002698,2026-08-22,荒芜拉普兰德-手办模玩,1,699.0,0.1,69.9,629.1,433.38,433.38,paid,delivered,True,20260903
ORD-0002699-1,ORD-0002699,2026-07-21,余-毛绒玩偶,1,128.0,0.0,0.0,128.0,61.44,61.44,paid,delivered,True,20260903
ORD-0002700-1,ORD-0002700,2026-06-14,凛御银灰-毛绒玩偶,2,128.0,0.0,0.0,256.0,61.44,122.88,paid,delivered,True,20260903
ORD-0002701-1,ORD-0002701,2026-08-26,荒芜拉普兰德-日用生活,1,99.0,0.0,0.0,99.0,45.54,45.54,paid,delivered,True,20260903
ORD-0002702-1,ORD-0002702,2026-06-15,真言-亚克力制品,1,48.0,0.0,0.0,48.0,16.8,16.8,paid,pending,True,20260903
ORD-0002703-1,ORD-0002703,2026-07-03,焰狐龙梓兰-毛绒玩偶,2,128.0,0.1,25.6,230.4,61.44,122.88,paid,delivered,True,20260903
ORD-0002704-1,ORD-0002704,2026-08-05,凯尔希·思衡托-手办模玩,3,699.0,0.0,0.0,2097.0,433.38,1300.14,paid,delivered,True,20260903
ORD-0002705-1,ORD-0002705,2026-06-10,真言-亚克力制品,1,48.0,0.0,0.0,48.0,16.8,16.8,paid,delivered,True,20260903
ORD-0002706-1,ORD-0002706,2026-07-22,怒潮凛冬-通行证,1,39.0,0.0,0.0,39.0,12.48,12.48,paid,delivered,True,20260903
ORD-0002706-2,ORD-0002706,2026-07-22,凛御银灰-吧唧（徽章）,1,18.0,0.1,1.8,16.2,5.4,5.4,paid,delivered,True,20260903
ORD-0002707-1,ORD-0002707,2026-08-23,纯烬艾雅法拉-日用生活,1,99.0,0.0,0.0,99.0,45.54,45.54,paid,delivered,True,20260903
ORD-0002707-2,ORD-0002707,2026-08-23,赤刃明霄陈-吧唧（徽章）,1,18.0,0.05,0.9,17.1,5.4,5.4,paid,delivered,True,20260903
ORD-0002708-1,ORD-0002708,2026-07-23,凯尔希·思衡托-毛绒玩偶,1,128.0,0.0,0.0,128.0,61.44,61.44,paid,delivered,True,20260903
ORD-0002709-1,ORD-0002709,2026-06-09,纯烬艾雅法拉-通行证,1,39.0,0.0,0.0,39.0,12.48,12.48,paid,shipped,True,20260903
ORD-0002710-1,ORD-0002710,2026-08-27,予愿安洁莉娜-通行证,1,39.0,0.05,1.95,37.05,12.48,12.48,paid,delivered,True,20260903
ORD-0002711-1,ORD-0002711,2026-07-30,塑心-装饰摆件,1,89.0,0.0,0.0,89.0,37.38,37.38,cancelled,cancelled,True,20260903
ORD-0002711-2,ORD-0002711,2026-07-30,酒神-通行证,1,39.0,0.0,0.0,39.0,12.48,12.48,cancelled,cancelled,True,20260903
ORD-0002712-1,ORD-0002712,2026-08-07,重岳-手办模玩,1,699.0,0.0,0.0,699.0,433.38,433.38,paid,delivered,True,20260903
ORD-0002713-1,ORD-0002713,2026-06-17,荒芜拉普兰德-吧唧（徽章）,1,18.0,0.1,1.8,16.2,5.4,5.4,paid,delivered,True,20260903
ORD-0002714-1,ORD-0002714,2026-07-28,凯尔希·思衡托-吧唧（徽章）,1,18.0,0.0,0.0,18.0,5.4,5.4,paid,delivered,True,20260903
ORD-0002715-1,ORD-0002715,2026-06-21,娜斯提-手办模玩,1,699.0,0.1,69.9,629.1,433.38,433.38,paid,delivered,True,20260903
ORD-0002716-1,ORD-0002716,2026-06-06,新约能天使-装饰摆件,1,89.0,0.05,4.45,84.55,37.38,37.38,paid,delivered,True,20260903
ORD-0002717-1,ORD-0002717,2026-07-13,维娜·维多利亚-通行证,1,39.0,0.1,3.9,35.1,12.48,12.48,paid,delivered,True,20260903
ORD-0002717-2,ORD-0002717,2026-07-13,黍-吧唧（徽章）,1,18.0,0.0,0.0,18.0,5.4,5.4,paid,delivered,True,20260903
ORD-0002718-1,ORD-0002718,2026-06-17,焰狐龙梓兰-亚克力制品,1,48.0,0.0,0.0,48.0,16.8,16.8,paid,delivered,True,20260903
ORD-0002718-2,ORD-0002718,2026-06-17,娜斯提-通行证,2,39.0,0.0,0.0,78.0,12.48,24.96,paid,delivered,True,20260903
ORD-0002719-1,ORD-0002719,2026-08-11,缇缇-亚克力制品,1,48.0,0.05,2.4,45.6,16.8,16.8,paid,delivered,True,20260903
ORD-0002720-1,ORD-0002720,2026-06-25,荒芜拉普兰德-日用生活,1,99.0,0.05,4.95,94.05,45.54,45.54,paid,delivered,True,20260903
ORD-0002721-1,ORD-0002721,2026-08-05,缪尔赛思-亚克力制品,1,48.0,0.05,2.4,45.6,16.8,16.8,paid,delivered,True,20260903
ORD-0002722-1,ORD-0002722,2026-07-22,归溟幽灵鲨-日用生活,1,99.0,0.0,0.0,99.0,45.54,45.54,paid,delivered,True,20260903
ORD-0002722-2,ORD-0002722,2026-07-22,焰狐龙梓兰-手办模玩,2,699.0,0.05,69.9,1328.1,433.38,866.76,paid,delivered,True,20260903
ORD-0002723-1,ORD-0002723,2026-06-21,斩业星熊-装饰摆件,1,89.0,0.0,0.0,89.0,37.38,37.38,paid,delivered,True,20260903
ORD-0002724-1,ORD-0002724,2026-07-29,凯尔希·思衡托-装饰摆件,1,89.0,0.05,4.45,84.55,37.38,37.38,paid,delivered,True,20260903
ORD-0002725-1,ORD-0002725,2026-07-30,塑心-毛绒玩偶,3,128.0,0.05,19.2,364.8,61.44,184.32,paid,delivered,True,20260903
ORD-0002726-1,ORD-0002726,2026-07-20,斩业星熊-吧唧（徽章）,1,18.0,0.0,0.0,18.0,5.4,5.4,paid,delivered,True,20260903
ORD-0002727-1,ORD-0002727,2026-06-05,缄默德克萨斯-毛绒玩偶,1,128.0,0.05,6.4,121.6,61.44,61.44,paid,delivered,True,20260903
ORD-0002727-2,ORD-0002727,2026-06-05,贝洛内-吧唧（徽章）,1,18.0,0.0,0.0,18.0,5.4,5.4,paid,delivered,True,20260903
ORD-0002728-1,ORD-0002728,2026-07-13,缇缇-日用生活,1,99.0,0.0,0.0,99.0,45.54,45.54,paid,delivered,True,20260903
ORD-0002729-1,ORD-0002729,2026-08-15,重岳-装饰摆件,1,89.0,0.05,4.45,84.55,37.38,37.38,paid,shipped,True,20260903
ORD-0002730-1,ORD-0002730,2026-07-18,余-装饰摆件,1,89.0,0.0,0.0,89.0,37.38,37.38,paid,delivered,True,20260903
ORD-0002731-1,ORD-0002731,2026-07-06,Mon3tr-装饰摆件,2,89.0,0.0,0.0,178.0,37.38,74.76,paid,delivered,True,20260903
ORD-0002732-1,ORD-0002732,2026-06-20,荒芜拉普兰德-日用生活,1,99.0,0.0,0.0,99.0,45.54,45.54,paid,delivered,True,20260903
ORD-0002732-2,ORD-0002732,2026-06-20,黍-通行证,1,39.0,0.0,0.0,39.0,12.48,12.48,paid,delivered,True,20260903
ORD-0002733-1,ORD-0002733,2026-07-04,纯烬艾雅法拉-手办模玩,1,699.0,0.05,34.95,664.05,433.38,433.38,paid,shipped,True,20260903
ORD-0002733-2,ORD-0002733,2026-07-04,司霆惊蛰-日用生活,2,99.0,0.0,0.0,198.0,45.54,91.08,paid,shipped,True,20260903
ORD-0002734-1,ORD-0002734,2026-06-29,凯尔希·思衡托-毛绒玩偶,1,128.0,0.0,0.0,128.0,61.44,61.44,paid,delivered,True,20260903
ORD-0002734-2,ORD-0002734,2026-06-29,斩业星熊-装饰摆件,2,89.0,0.0,0.0,178.0,37.38,74.76,paid,delivered,True,20260903
ORD-0002734-3,ORD-0002734,2026-06-29,真言-装饰摆件,1,89.0,0.05,4.45,84.55,37.38,37.38,paid,delivered,True,20260903
ORD-0002735-1,ORD-0002735,2026-08-03,新约能天使-吧唧（徽章）,1,18.0,0.05,0.9,17.1,5.4,5.4,paid,delivered,True,20260903
ORD-0002736-1,ORD-0002736,2026-07-12,黍-日用生活,1,99.0,0.05,4.95,94.05,45.54,45.54,paid,delivered,True,20260903
ORD-0002737-1,ORD-0002737,2026-06-27,黍-手办模玩,1,699.0,0.05,34.95,664.05,433.38,433.38,paid,delivered,True,20260903
ORD-0002738-1,ORD-0002738,2026-06-13,司霆惊蛰-手办模玩,1,699.0,0.1,69.9,629.1,433.38,433.38,paid,delivered,True,20260903
ORD-0002738-2,ORD-0002738,2026-06-13,司霆惊蛰-毛绒玩偶,1,128.0,0.0,0.0,128.0,61.44,61.44,paid,delivered,True,20260903
ORD-0002739-1,ORD-0002739,2026-06-01,荒芜拉普兰德-手办模玩,1,699.0,0.0,0.0,699.0,433.38,433.38,paid,delivered,True,20260903
ORD-0002740-1,ORD-0002740,2026-07-07,凯尔希·思衡托-装饰摆件,1,89.0,0.0,0.0,89.0,37.38,37.38,paid,delivered,True,20260903
ORD-0002740-2,ORD-0002740,2026-07-07,焰狐龙梓兰-亚克力制品,1,48.0,0.05,2.4,45.6,16.8,16.8,paid,delivered,True,20260903
ORD-0002741-1,ORD-0002741,2026-07-13,纯烬艾雅法拉-吧唧（徽章）,1,18.0,0.05,0.9,17.1,5.4,5.4,paid,delivered,True,20260903
ORD-0002741-2,ORD-0002741,2026-07-13,维娜·维多利亚-日用生活,1,99.0,0.0,0.0,99.0,45.54,45.54,paid,delivered,True,20260903
ORD-0002742-1,ORD-0002742,2026-06-07,重岳-亚克力制品,1,48.0,0.0,0.0,48.0,16.8,16.8,paid,delivered,True,20260903
ORD-0002743-1,ORD-0002743,2026-06-18,纯烬艾雅法拉-装饰摆件,2,89.0,0.0,0.0,178.0,37.38,74.76,paid,delivered,True,20260903
ORD-0002743-2,ORD-0002743,2026-06-18,凯尔希·思衡托-亚克力制品,1,48.0,0.05,2.4,45.6,16.8,16.8,paid,delivered,True,20260903
ORD-0002744-1,ORD-0002744,2026-07-04,真言-吧唧（徽章）,1,18.0,0.05,0.9,17.1,5.4,5.4,paid,delivered,True,20260903
ORD-0002744-2,ORD-0002744,2026-07-04,归溟幽灵鲨-通行证,1,39.0,0.1,3.9,35.1,12.48,12.48,paid,delivered,True,20260903
ORD-0002745-1,ORD-0002745,2026-08-02,重岳-亚克力制品,1,48.0,0.0,0.0,48.0,16.8,16.8,paid,delivered,True,20260903
ORD-0002745-2,ORD-0002745,2026-08-02,予愿安洁莉娜-通行证,1,39.0,0.0,0.0,39.0,12.48,12.48,paid,delivered,True,20260903
ORD-0002745-3,ORD-0002745,2026-08-02,重岳-装饰摆件,1,89.0,0.0,0.0,89.0,37.38,37.38,paid,delivered,True,20260903
ORD-0002746-1,ORD-0002746,2026-08-11,凯尔希·思衡托-毛绒玩偶,2,128.0,0.0,0.0,256.0,61.44,122.88,paid,delivered,True,20260903
ORD-0002747-1,ORD-0002747,2026-07-25,凯尔希·思衡托-通行证,1,39.0,0.0,0.0,39.0,12.48,12.48,paid,delivered,True,20260903
ORD-0002748-1,ORD-0002748,2026-08-01,死芒-手办模玩,1,699.0,0.0,0.0,699.0,433.38,433.38,paid,delivered,True,20260903
ORD-0002748-2,ORD-0002748,2026-08-01,怒潮凛冬-毛绒玩偶,1,128.0,0.0,0.0,128.0,61.44,61.44,paid,delivered,True,20260903
ORD-0002749-1,ORD-0002749,2026-06-25,维娜·维多利亚-毛绒玩偶,1,128.0,0.0,0.0,128.0,61.44,61.44,paid,delivered,True,20260903
ORD-0002749-2,ORD-0002749,2026-06-25,凛御银灰-吧唧（徽章）,1,18.0,0.1,1.8,16.2,5.4,5.4,paid,delivered,True,20260903
ORD-0002750-1,ORD-0002750,2026-06-22,死芒-日用生活,1,99.0,0.0,0.0,99.0,45.54,45.54,paid,delivered,True,20260903
ORD-0002750-2,ORD-0002750,2026-06-22,荒芜拉普兰德-手办模玩,1,699.0,0.0,0.0,699.0,433.38,433.38,paid,delivered,True,20260903
ORD-0002750-3,ORD-0002750,2026-06-22,酒神-毛绒玩偶,3,128.0,0.0,0.0,384.0,61.44,184.32,paid,delivered,True,20260903
ORD-0002751-1,ORD-0002751,2026-06-20,塑心-装饰摆件,1,89.0,0.1,8.9,80.1,37.38,37.38,paid,shipped,True,20260903
ORD-0002752-1,ORD-0002752,2026-08-11,司霆惊蛰-毛绒玩偶,1,128.0,0.0,0.0,128.0,61.44,61.44,paid,delivered,True,20260903
ORD-0002753-1,ORD-0002753,2026-06-12,黍-通行证,2,39.0,0.05,3.9,74.1,12.48,24.96,paid,delivered,True,20260903
ORD-0002753-2,ORD-0002753,2026-06-12,司霆惊蛰-亚克力制品,1,48.0,0.05,2.4,45.6,16.8,16.8,paid,delivered,True,20260903
ORD-0002754-1,ORD-0002754,2026-08-16,死芒-日用生活,1,99.0,0.05,4.95,94.05,45.54,45.54,paid,delivered,True,20260903
ORD-0002755-1,ORD-0002755,2026-06-19,酒神-通行证,1,39.0,0.0,0.0,39.0,12.48,12.48,paid,delivered,True,20260903
ORD-0002755-2,ORD-0002755,2026-06-19,酒神-手办模玩,1,699.0,0.1,69.9,629.1,433.38,433.38,paid,delivered,True,20260903
ORD-0002756-1,ORD-0002756,2026-08-15,纯烬艾雅法拉-装饰摆件,2,89.0,0.0,0.0,178.0,37.38,74.76,paid,delivered,True,20260903
ORD-0002757-1,ORD-0002757,2026-06-22,佩佩-日用生活,1,99.0,0.0,0.0,99.0,45.54,45.54,paid,delivered,True,20260903
ORD-0002757-2,ORD-0002757,2026-06-22,塑心-日用生活,1,99.0,0.1,9.9,89.1,45.54,45.54,paid,delivered,True,20260903
ORD-0002758-1,ORD-0002758,2026-06-19,缄默德克萨斯-手办模玩,2,699.0,0.0,0.0,1398.0,433.38,866.76,paid,shipped,True,20260903
ORD-0002758-2,ORD-0002758,2026-06-19,谬因-吧唧（徽章）,2,18.0,0.05,1.8,34.2,5.4,10.8,paid,shipped,True,20260903
ORD-0002759-1,ORD-0002759,2026-06-15,余-通行证,2,39.0,0.0,0.0,78.0,12.48,24.96,paid,delivered,True,20260903
ORD-0002759-2,ORD-0002759,2026-06-15,怒潮凛冬-装饰摆件,2,89.0,0.1,17.8,160.2,37.38,74.76,paid,delivered,True,20260903
ORD-0002759-3,ORD-0002759,2026-06-15,凛御银灰-日用生活,1,99.0,0.15,14.85,84.15,45.54,45.54,paid,delivered,True,20260903
ORD-0002760-1,ORD-0002760,2026-07-04,缪尔赛思-日用生活,1,99.0,0.15,14.85,84.15,45.54,45.54,cancelled,cancelled,True,20260903
ORD-0002760-2,ORD-0002760,2026-07-04,缇缇-装饰摆件,3,89.0,0.0,0.0,267.0,37.38,112.14,cancelled,cancelled,True,20260903
ORD-0002761-1,ORD-0002761,2026-07-20,黍-通行证,1,39.0,0.0,0.0,39.0,12.48,12.48,paid,delivered,True,20260903
ORD-0002762-1,ORD-0002762,2026-07-22,凛御银灰-通行证,1,39.0,0.0,0.0,39.0,12.48,12.48,paid,delivered,True,20260903
ORD-0002763-1,ORD-0002763,2026-08-24,维娜·维多利亚-手办模玩,1,699.0,0.1,69.9,629.1,433.38,433.38,paid,delivered,True,20260903
ORD-0002764-1,ORD-0002764,2026-06-25,塑心-亚克力制品,2,48.0,0.0,0.0,96.0,16.8,33.6,paid,delivered,True,20260903
ORD-0002764-2,ORD-0002764,2026-06-25,凯尔希·思衡托-日用生活,1,99.0,0.1,9.9,89.1,45.54,45.54,paid,delivered,True,20260903
ORD-0002764-3,ORD-0002764,2026-06-25,纯烬艾雅法拉-吧唧（徽章）,1,18.0,0.05,0.9,17.1,5.4,5.4,paid,delivered,True,20260903
ORD-0002765-1,ORD-0002765,2026-08-26,塑心-吧唧（徽章）,1,18.0,0.1,1.8,16.2,5.4,5.4,paid,delivered,True,20260903
ORD-0002765-2,ORD-0002765,2026-08-26,新约能天使-毛绒玩偶,1,128.0,0.0,0.0,128.0,61.44,61.44,paid,delivered,True,20260903
ORD-0002766-1,ORD-0002766,2026-06-20,死芒-手办模玩,2,699.0,0.1,139.8,1258.2,433.38,866.76,paid,delivered,True,20260903
ORD-0002766-2,ORD-0002766,2026-06-20,焰狐龙梓兰-通行证,1,39.0,0.1,3.9,35.1,12.48,12.48,paid,delivered,True,20260903
ORD-0002767-1,ORD-0002767,2026-06-06,凛御银灰-亚克力制品,1,48.0,0.05,2.4,45.6,16.8,16.8,paid,delivered,True,20260903
ORD-0002768-1,ORD-0002768,2026-08-14,Mon3tr-日用生活,1,99.0,0.0,0.0,99.0,45.54,45.54,paid,delivered,True,20260903
ORD-0002769-1,ORD-0002769,2026-06-28,凛御银灰-手办模玩,1,699.0,0.0,0.0,699.0,433.38,433.38,paid,delivered,True,20260903
ORD-0002770-1,ORD-0002770,2026-06-29,死芒-亚克力制品,1,48.0,0.0,0.0,48.0,16.8,16.8,paid,delivered,True,20260903
ORD-0002771-1,ORD-0002771,2026-07-21,荒芜拉普兰德-毛绒玩偶,1,128.0,0.0,0.0,128.0,61.44,61.44,paid,delivered,True,20260903
ORD-0002772-1,ORD-0002772,2026-07-15,黍-装饰摆件,1,89.0,0.0,0.0,89.0,37.38,37.38,paid,delivered,True,20260903
ORD-0002773-1,ORD-0002773,2026-07-26,贝洛内-毛绒玩偶,1,128.0,0.0,0.0,128.0,61.44,61.44,paid,delivered,True,20260903
ORD-0002774-1,ORD-0002774,2026-06-03,黍-通行证,1,39.0,0.1,3.9,35.1,12.48,12.48,paid,delivered,True,20260903
ORD-0002774-2,ORD-0002774,2026-06-03,死芒-日用生活,1,99.0,0.05,4.95,94.05,45.54,45.54,paid,delivered,True,20260903
ORD-0002774-3,ORD-0002774,2026-06-03,缪尔赛思-吧唧（徽章）,1,18.0,0.05,0.9,17.1,5.4,5.4,paid,delivered,True,20260903
ORD-0002775-1,ORD-0002775,2026-08-16,望-吧唧（徽章）,1,18.0,0.0,0.0,18.0,5.4,5.4,paid,delivered,True,20260903
ORD-0002776-1,ORD-0002776,2026-08-20,塑心-手办模玩,1,699.0,0.1,69.9,629.1,433.38,433.38,paid,delivered,True,20260903
ORD-0002777-1,ORD-0002777,2026-07-15,缇缇-通行证,1,39.0,0.1,3.9,35.1,12.48,12.48,paid,delivered,True,20260903
ORD-0002778-1,ORD-0002778,2026-08-26,重岳-装饰摆件,1,89.0,0.0,0.0,89.0,37.38,37.38,paid,delivered,True,20260903
ORD-0002779-1,ORD-0002779,2026-08-08,佩佩-亚克力制品,1,48.0,0.15,7.2,40.8,16.8,16.8,paid,delivered,True,20260903
ORD-0002779-2,ORD-0002779,2026-08-08,黍-通行证,1,39.0,0.05,1.95,37.05,12.48,12.48,paid,delivered,True,20260903
ORD-0002780-1,ORD-0002780,2026-06-03,缪尔赛思-装饰摆件,1,89.0,0.0,0.0,89.0,37.38,37.38,paid,delivered,True,20260903
ORD-0002781-1,ORD-0002781,2026-06-27,酒神-日用生活,1,99.0,0.0,0.0,99.0,45.54,45.54,paid,delivered,True,20260903
ORD-0002781-2,ORD-0002781,2026-06-27,缄默德克萨斯-通行证,1,39.0,0.05,1.95,37.05,12.48,12.48,paid,delivered,True,20260903
ORD-0002782-1,ORD-0002782,2026-06-25,重岳-毛绒玩偶,1,128.0,0.0,0.0,128.0,61.44,61.44,paid,delivered,True,20260903
ORD-0002783-1,ORD-0002783,2026-08-06,司霆惊蛰-日用生活,1,99.0,0.05,4.95,94.05,45.54,45.54,paid,delivered,True,20260903
ORD-0002784-1,ORD-0002784,2026-07-18,维娜·维多利亚-日用生活,1,99.0,0.15,14.85,84.15,45.54,45.54,paid,delivered,True,20260903
ORD-0002784-2,ORD-0002784,2026-07-18,缪尔赛思-手办模玩,1,699.0,0.0,0.0,699.0,433.38,433.38,paid,delivered,True,20260903
ORD-0002784-3,ORD-0002784,2026-07-18,缇缇-毛绒玩偶,1,128.0,0.1,12.8,115.2,61.44,61.44,paid,delivered,True,20260903
ORD-0002785-1,ORD-0002785,2026-06-25,予愿安洁莉娜-亚克力制品,1,48.0,0.05,2.4,45.6,16.8,16.8,paid,delivered,True,20260903
ORD-0002786-1,ORD-0002786,2026-07-16,归溟幽灵鲨-手办模玩,1,699.0,0.0,0.0,699.0,433.38,433.38,paid,delivered,True,20260903
ORD-0002787-1,ORD-0002787,2026-06-04,归溟幽灵鲨-通行证,1,39.0,0.0,0.0,39.0,12.48,12.48,paid,delivered,True,20260903
ORD-0002788-1,ORD-0002788,2026-08-02,归溟幽灵鲨-毛绒玩偶,1,128.0,0.05,6.4,121.6,61.44,61.44,paid,delivered,True,20260903
ORD-0002789-1,ORD-0002789,2026-07-15,望-毛绒玩偶,1,128.0,0.1,12.8,115.2,61.44,61.44,paid,delivered,True,20260903
ORD-0002789-2,ORD-0002789,2026-07-15,真言-手办模玩,1,699.0,0.0,0.0,699.0,433.38,433.38,paid,delivered,True,20260903
ORD-0002790-1,ORD-0002790,2026-07-09,Mon3tr-日用生活,1,99.0,0.0,0.0,99.0,45.54,45.54,paid,delivered,True,20260903
ORD-0002790-2,ORD-0002790,2026-07-09,新约能天使-日用生活,1,99.0,0.0,0.0,99.0,45.54,45.54,paid,delivered,True,20260903
ORD-0002790-3,ORD-0002790,2026-07-09,维娜·维多利亚-亚克力制品,1,48.0,0.05,2.4,45.6,16.8,16.8,paid,delivered,True,20260903
ORD-0002791-1,ORD-0002791,2026-06-16,凯尔希·思衡托-手办模玩,1,699.0,0.0,0.0,699.0,433.38,433.38,paid,delivered,True,20260903
ORD-0002791-2,ORD-0002791,2026-06-16,真言-装饰摆件,2,89.0,0.1,17.8,160.2,37.38,74.76,paid,delivered,True,20260903
ORD-0002792-1,ORD-0002792,2026-06-28,娜斯提-吧唧（徽章）,1,18.0,0.15,2.7,15.3,5.4,5.4,paid,delivered,True,20260903
ORD-0002793-1,ORD-0002793,2026-06-19,怒潮凛冬-日用生活,1,99.0,0.05,4.95,94.05,45.54,45.54,paid,delivered,True,20260903
ORD-0002794-1,ORD-0002794,2026-08-11,赤刃明霄陈-毛绒玩偶,1,128.0,0.05,6.4,121.6,61.44,61.44,paid,delivered,True,20260903
ORD-0002794-2,ORD-0002794,2026-08-11,予愿安洁莉娜-亚克力制品,1,48.0,0.0,0.0,48.0,16.8,16.8,paid,delivered,True,20260903
ORD-0002795-1,ORD-0002795,2026-08-23,缪尔赛思-亚克力制品,1,48.0,0.0,0.0,48.0,16.8,16.8,paid,delivered,True,20260903
ORD-0002795-2,ORD-0002795,2026-08-23,塑心-装饰摆件,1,89.0,0.05,4.45,84.55,37.38,37.38,paid,delivered,True,20260903
ORD-0002795-3,ORD-0002795,2026-08-23,死芒-毛绒玩偶,1,128.0,0.0,0.0,128.0,61.44,61.44,paid,delivered,True,20260903
ORD-0002796-1,ORD-0002796,2026-07-03,缪尔赛思-日用生活,1,99.0,0.1,9.9,89.1,45.54,45.54,paid,delivered,True,20260903
ORD-0002797-1,ORD-0002797,2026-08-02,司霆惊蛰-毛绒玩偶,1,128.0,0.0,0.0,128.0,61.44,61.44,paid,delivered,True,20260903
ORD-0002798-1,ORD-0002798,2026-08-13,归溟幽灵鲨-手办模玩,2,699.0,0.15,209.7,1188.3,433.38,866.76,paid,delivered,True,20260903
ORD-0002799-1,ORD-0002799,2026-07-13,凛御银灰-毛绒玩偶,1,128.0,0.0,0.0,128.0,61.44,61.44,paid,delivered,True,20260903
ORD-0002800-1,ORD-0002800,2026-07-18,凛御银灰-通行证,1,39.0,0.0,0.0,39.0,12.48,12.48,paid,delivered,True,20260903
ORD-0002800-2,ORD-0002800,2026-07-18,司霆惊蛰-装饰摆件,2,89.0,0.0,0.0,178.0,37.38,74.76,paid,delivered,True,20260903
ORD-0002801-1,ORD-0002801,2026-06-23,酒神-手办模玩,1,699.0,0.0,0.0,699.0,433.38,433.38,paid,delivered,True,20260903
ORD-0002801-2,ORD-0002801,2026-06-23,缄默德克萨斯-毛绒玩偶,1,128.0,0.05,6.4,121.6,61.44,61.44,paid,delivered,True,20260903
ORD-0002802-1,ORD-0002802,2026-07-27,谬因-吧唧（徽章）,1,18.0,0.1,1.8,16.2,5.4,5.4,paid,delivered,True,20260903
ORD-0002803-1,ORD-0002803,2026-07-21,死芒-吧唧（徽章）,1,18.0,0.0,0.0,18.0,5.4,5.4,paid,delivered,True,20260903
ORD-0002804-1,ORD-0002804,2026-08-17,维娜·维多利亚-吧唧（徽章）,2,18.0,0.0,0.0,36.0,5.4,10.8,paid,delivered,True,20260903
ORD-0002804-2,ORD-0002804,2026-08-17,贝洛内-手办模玩,1,699.0,0.0,0.0,699.0,433.38,433.38,paid,delivered,True,20260903
ORD-0002805-1,ORD-0002805,2026-08-12,贝洛内-通行证,1,39.0,0.05,1.95,37.05,12.48,12.48,paid,delivered,True,20260903
ORD-0002805-2,ORD-0002805,2026-08-12,死芒-吧唧（徽章）,1,18.0,0.05,0.9,17.1,5.4,5.4,paid,delivered,True,20260903
ORD-0002806-1,ORD-0002806,2026-06-09,维娜·维多利亚-通行证,1,39.0,0.0,0.0,39.0,12.48,12.48,paid,delivered,True,20260903
ORD-0002807-1,ORD-0002807,2026-06-01,缇缇-装饰摆件,1,89.0,0.1,8.9,80.1,37.38,37.38,paid,delivered,True,20260903
ORD-0002808-1,ORD-0002808,2026-07-27,司霆惊蛰-亚克力制品,1,48.0,0.0,0.0,48.0,16.8,16.8,paid,delivered,True,20260903
ORD-0002808-2,ORD-0002808,2026-07-27,斩业星熊-日用生活,1,99.0,0.1,9.9,89.1,45.54,45.54,paid,delivered,True,20260903
ORD-0002808-3,ORD-0002808,2026-07-27,怒潮凛冬-吧唧（徽章）,1,18.0,0.1,1.8,16.2,5.4,5.4,paid,delivered,True,20260903
ORD-0002809-1,ORD-0002809,2026-07-02,司霆惊蛰-日用生活,1,99.0,0.1,9.9,89.1,45.54,45.54,paid,delivered,True,20260903
ORD-0002810-1,ORD-0002810,2026-08-01,凯尔希·思衡托-通行证,1,39.0,0.1,3.9,35.1,12.48,12.48,paid,delivered,True,20260903
ORD-0002810-2,ORD-0002810,2026-08-01,维娜·维多利亚-通行证,1,39.0,0.0,0.0,39.0,12.48,12.48,paid,delivered,True,20260903
ORD-0002811-1,ORD-0002811,2026-07-30,凯尔希·思衡托-亚克力制品,1,48.0,0.15,7.2,40.8,16.8,16.8,paid,delivered,True,20260903
ORD-0002811-2,ORD-0002811,2026-07-30,酒神-吧唧（徽章）,2,18.0,0.1,3.6,32.4,5.4,10.8,paid,delivered,True,20260903
ORD-0002812-1,ORD-0002812,2026-08-01,酒神-日用生活,1,99.0,0.0,0.0,99.0,45.54,45.54,paid,delivered,True,20260903
ORD-0002813-1,ORD-0002813,2026-08-19,新约能天使-日用生活,1,99.0,0.0,0.0,99.0,45.54,45.54,paid,delivered,True,20260903
ORD-0002814-1,ORD-0002814,2026-07-04,怒潮凛冬-亚克力制品,2,48.0,0.0,0.0,96.0,16.8,33.6,paid,delivered,True,20260903
ORD-0002815-1,ORD-0002815,2026-08-17,纯烬艾雅法拉-日用生活,1,99.0,0.1,9.9,89.1,45.54,45.54,paid,delivered,True,20260903
ORD-0002815-2,ORD-0002815,2026-08-17,缄默德克萨斯-手办模玩,1,699.0,0.0,0.0,699.0,433.38,433.38,paid,delivered,True,20260903
ORD-0002816-1,ORD-0002816,2026-06-17,塑心-装饰摆件,1,89.0,0.05,4.45,84.55,37.38,37.38,paid,delivered,True,20260903
ORD-0002816-2,ORD-0002816,2026-06-17,纯烬艾雅法拉-日用生活,1,99.0,0.0,0.0,99.0,45.54,45.54,paid,delivered,True,20260903
ORD-0002817-1,ORD-0002817,2026-06-28,凛御银灰-装饰摆件,1,89.0,0.1,8.9,80.1,37.38,37.38,paid,delivered,True,20260903
ORD-0002818-1,ORD-0002818,2026-08-24,贝洛内-日用生活,1,99.0,0.0,0.0,99.0,45.54,45.54,paid,delivered,True,20260903
ORD-0002819-1,ORD-0002819,2026-08-18,结城理-吧唧（徽章）,1,18.0,0.0,0.0,18.0,5.4,5.4,paid,delivered,True,20260903
ORD-0002820-1,ORD-0002820,2026-07-16,黍-通行证,2,39.0,0.0,0.0,78.0,12.48,24.96,paid,delivered,True,20260903
ORD-0002820-2,ORD-0002820,2026-07-16,纯烬艾雅法拉-吧唧（徽章）,1,18.0,0.0,0.0,18.0,5.4,5.4,paid,delivered,True,20260903
ORD-0002821-1,ORD-0002821,2026-07-05,黍-通行证,1,39.0,0.0,0.0,39.0,12.48,12.48,paid,delivered,True,20260903
ORD-0002821-2,ORD-0002821,2026-07-05,荒芜拉普兰德-装饰摆件,1,89.0,0.15,13.35,75.65,37.38,37.38,paid,delivered,True,20260903
ORD-0002822-1,ORD-0002822,2026-07-27,缪尔赛思-手办模玩,2,699.0,0.0,0.0,1398.0,433.38,866.76,paid,delivered,True,20260903
ORD-0002823-1,ORD-0002823,2026-06-23,黍-日用生活,1,99.0,0.1,9.9,89.1,45.54,45.54,paid,delivered,True,20260903
ORD-0002824-1,ORD-0002824,2026-07-05,佩佩-装饰摆件,1,89.0,0.15,13.35,75.65,37.38,37.38,paid,delivered,True,20260903
ORD-0002825-1,ORD-0002825,2026-06-15,谬因-毛绒玩偶,1,128.0,0.05,6.4,121.6,61.44,61.44,paid,delivered,True,20260903
ORD-0002825-2,ORD-0002825,2026-06-15,酒神-亚克力制品,1,48.0,0.0,0.0,48.0,16.8,16.8,paid,delivered,True,20260903
ORD-0002826-1,ORD-0002826,2026-06-10,斩业星熊-装饰摆件,1,89.0,0.0,0.0,89.0,37.38,37.38,paid,delivered,True,20260903
ORD-0002826-2,ORD-0002826,2026-06-10,维娜·维多利亚-亚克力制品,1,48.0,0.0,0.0,48.0,16.8,16.8,paid,delivered,True,20260903
ORD-0002827-1,ORD-0002827,2026-07-12,新约能天使-手办模玩,1,699.0,0.1,69.9,629.1,433.38,433.38,paid,delivered,True,20260903
ORD-0002828-1,ORD-0002828,2026-08-09,黍-亚克力制品,2,48.0,0.0,0.0,96.0,16.8,33.6,paid,delivered,True,20260903
ORD-0002829-1,ORD-0002829,2026-08-05,怒潮凛冬-装饰摆件,1,89.0,0.05,4.45,84.55,37.38,37.38,paid,delivered,True,20260903
ORD-0002830-1,ORD-0002830,2026-07-04,凛御银灰-毛绒玩偶,1,128.0,0.1,12.8,115.2,61.44,61.44,paid,delivered,True,20260903
ORD-0002831-1,ORD-0002831,2026-06-15,凛御银灰-亚克力制品,1,48.0,0.1,4.8,43.2,16.8,16.8,paid,delivered,True,20260903
ORD-0002832-1,ORD-0002832,2026-06-21,真言-日用生活,2,99.0,0.15,29.7,168.3,45.54,91.08,paid,delivered,True,20260903
ORD-0002832-2,ORD-0002832,2026-06-21,死芒-亚克力制品,2,48.0,0.0,0.0,96.0,16.8,33.6,paid,delivered,True,20260903
ORD-0002833-1,ORD-0002833,2026-07-16,纯烬艾雅法拉-通行证,1,39.0,0.05,1.95,37.05,12.48,12.48,paid,delivered,True,20260903
ORD-0002833-2,ORD-0002833,2026-07-16,缇缇-通行证,1,39.0,0.0,0.0,39.0,12.48,12.48,paid,delivered,True,20260903
ORD-0002834-1,ORD-0002834,2026-08-11,凯尔希·思衡托-日用生活,1,99.0,0.0,0.0,99.0,45.54,45.54,paid,delivered,True,20260903
ORD-0002834-2,ORD-0002834,2026-08-11,赤刃明霄陈-通行证,1,39.0,0.05,1.95,37.05,12.48,12.48,paid,delivered,True,20260903
ORD-0002835-1,ORD-0002835,2026-07-01,Mon3tr-亚克力制品,1,48.0,0.1,4.8,43.2,16.8,16.8,paid,delivered,True,20260903
ORD-0002836-1,ORD-0002836,2026-08-12,凛御银灰-吧唧（徽章）,2,18.0,0.0,0.0,36.0,5.4,10.8,paid,delivered,True,20260903
ORD-0002837-1,ORD-0002837,2026-07-29,荒芜拉普兰德-毛绒玩偶,1,128.0,0.05,6.4,121.6,61.44,61.44,paid,delivered,True,20260903
ORD-0002837-2,ORD-0002837,2026-07-29,重岳-亚克力制品,1,48.0,0.1,4.8,43.2,16.8,16.8,paid,delivered,True,20260903
ORD-0002838-1,ORD-0002838,2026-08-14,维娜·维多利亚-手办模玩,1,699.0,0.05,34.95,664.05,433.38,433.38,paid,delivered,True,20260903
ORD-0002839-1,ORD-0002839,2026-06-14,贝洛内-通行证,1,39.0,0.1,3.9,35.1,12.48,12.48,paid,delivered,True,20260903
ORD-0002840-1,ORD-0002840,2026-06-19,缄默德克萨斯-装饰摆件,1,89.0,0.0,0.0,89.0,37.38,37.38,paid,delivered,True,20260903
ORD-0002840-2,ORD-0002840,2026-06-19,凯尔希·思衡托-通行证,1,39.0,0.0,0.0,39.0,12.48,12.48,paid,delivered,True,20260903
ORD-0002841-1,ORD-0002841,2026-06-22,真言-吧唧（徽章）,1,18.0,0.0,0.0,18.0,5.4,5.4,paid,delivered,True,20260903
ORD-0002841-2,ORD-0002841,2026-06-22,贝洛内-吧唧（徽章）,1,18.0,0.1,1.8,16.2,5.4,5.4,paid,delivered,True,20260903
ORD-0002842-1,ORD-0002842,2026-06-26,塑心-装饰摆件,1,89.0,0.0,0.0,89.0,37.38,37.38,paid,delivered,True,20260903
ORD-0002843-1,ORD-0002843,2026-06-20,重岳-通行证,1,39.0,0.1,3.9,35.1,12.48,12.48,paid,delivered,True,20260903
ORD-0002844-1,ORD-0002844,2026-08-14,新约能天使-手办模玩,1,699.0,0.05,34.95,664.05,433.38,433.38,paid,delivered,True,20260903
ORD-0002845-1,ORD-0002845,2026-08-08,怒潮凛冬-毛绒玩偶,1,128.0,0.0,0.0,128.0,61.44,61.44,paid,delivered,True,20260903
ORD-0002846-1,ORD-0002846,2026-08-09,缇缇-毛绒玩偶,1,128.0,0.0,0.0,128.0,61.44,61.44,paid,delivered,True,20260903
ORD-0002846-2,ORD-0002846,2026-08-09,结城理-手办模玩,1,699.0,0.05,34.95,664.05,433.38,433.38,paid,delivered,True,20260903
ORD-0002846-3,ORD-0002846,2026-08-09,望-吧唧（徽章）,1,18.0,0.05,0.9,17.1,5.4,5.4,paid,delivered,True,20260903
ORD-0002847-1,ORD-0002847,2026-08-07,缇缇-毛绒玩偶,1,128.0,0.05,6.4,121.6,61.44,61.44,paid,delivered,True,20260903
ORD-0002847-2,ORD-0002847,2026-08-07,酒神-亚克力制品,1,48.0,0.05,2.4,45.6,16.8,16.8,paid,delivered,True,20260903
ORD-0002848-1,ORD-0002848,2026-08-15,荒芜拉普兰德-日用生活,1,99.0,0.05,4.95,94.05,45.54,45.54,paid,delivered,True,20260903
ORD-0002849-1,ORD-0002849,2026-06-20,荒芜拉普兰德-吧唧（徽章）,1,18.0,0.1,1.8,16.2,5.4,5.4,paid,delivered,True,20260903
ORD-0002850-1,ORD-0002850,2026-08-05,谬因-装饰摆件,2,89.0,0.1,17.8,160.2,37.38,74.76,paid,delivered,True,20260903
ORD-0002851-1,ORD-0002851,2026-08-24,佩佩-亚克力制品,1,48.0,0.0,0.0,48.0,16.8,16.8,paid,delivered,True,20260903
ORD-0002852-1,ORD-0002852,2026-06-21,缪尔赛思-装饰摆件,1,89.0,0.05,4.45,84.55,37.38,37.38,paid,delivered,True,20260903
ORD-0002853-1,ORD-0002853,2026-08-27,焰狐龙梓兰-吧唧（徽章）,2,18.0,0.0,0.0,36.0,5.4,10.8,paid,delivered,True,20260903
ORD-0002853-2,ORD-0002853,2026-08-27,缄默德克萨斯-装饰摆件,1,89.0,0.0,0.0,89.0,37.38,37.38,paid,delivered,True,20260903
ORD-0002854-1,ORD-0002854,2026-08-17,凛御银灰-毛绒玩偶,1,128.0,0.0,0.0,128.0,61.44,61.44,paid,delivered,True,20260903
ORD-0002855-1,ORD-0002855,2026-07-01,贝洛内-手办模玩,1,699.0,0.0,0.0,699.0,433.38,433.38,paid,delivered,True,20260903
ORD-0002855-2,ORD-0002855,2026-07-01,Mon3tr-通行证,1,39.0,0.0,0.0,39.0,12.48,12.48,paid,delivered,True,20260903
ORD-0002855-3,ORD-0002855,2026-07-01,纯烬艾雅法拉-通行证,1,39.0,0.0,0.0,39.0,12.48,12.48,paid,delivered,True,20260903
ORD-0002856-1,ORD-0002856,2026-07-07,谬因-毛绒玩偶,1,128.0,0.1,12.8,115.2,61.44,61.44,paid,delivered,True,20260903
ORD-0002856-2,ORD-0002856,2026-07-07,赤刃明霄陈-日用生活,1,99.0,0.0,0.0,99.0,45.54,45.54,paid,delivered,True,20260903
ORD-0002857-1,ORD-0002857,2026-07-26,佩佩-装饰摆件,1,89.0,0.15,13.35,75.65,37.38,37.38,paid,delivered,True,20260903
ORD-0002858-1,ORD-0002858,2026-08-20,贝洛内-日用生活,1,99.0,0.0,0.0,99.0,45.54,45.54,paid,delivered,True,20260903
ORD-0002859-1,ORD-0002859,2026-06-03,赤刃明霄陈-毛绒玩偶,1,128.0,0.1,12.8,115.2,61.44,61.44,paid,delivered,True,20260903
ORD-0002860-1,ORD-0002860,2026-07-26,黍-手办模玩,1,699.0,0.1,69.9,629.1,433.38,433.38,paid,delivered,True,20260903
ORD-0002860-2,ORD-0002860,2026-07-26,纯烬艾雅法拉-通行证,1,39.0,0.1,3.9,35.1,12.48,12.48,paid,delivered,True,20260903
ORD-0002861-1,ORD-0002861,2026-08-12,黍-通行证,2,39.0,0.0,0.0,78.0,12.48,24.96,paid,delivered,True,20260903
ORD-0002862-1,ORD-0002862,2026-06-18,凯尔希·思衡托-装饰摆件,1,89.0,0.1,8.9,80.1,37.38,37.38,paid,delivered,True,20260903
ORD-0002863-1,ORD-0002863,2026-07-03,塑心-毛绒玩偶,1,128.0,0.0,0.0,128.0,61.44,61.44,paid,delivered,True,20260903
ORD-0002863-2,ORD-0002863,2026-07-03,斩业星熊-亚克力制品,2,48.0,0.05,4.8,91.2,16.8,33.6,paid,delivered,True,20260903
ORD-0002864-1,ORD-0002864,2026-06-27,缇缇-日用生活,1,99.0,0.0,0.0,99.0,45.54,45.54,paid,delivered,True,20260903
ORD-0002865-1,ORD-0002865,2026-07-29,娜斯提-亚克力制品,1,48.0,0.15,7.2,40.8,16.8,16.8,paid,delivered,True,20260903
ORD-0002866-1,ORD-0002866,2026-06-15,焰狐龙梓兰-手办模玩,1,699.0,0.0,0.0,699.0,433.38,433.38,paid,delivered,True,20260903
ORD-0002866-2,ORD-0002866,2026-06-15,余-亚克力制品,1,48.0,0.05,2.4,45.6,16.8,16.8,paid,delivered,True,20260903
ORD-0002867-1,ORD-0002867,2026-06-01,纯烬艾雅法拉-手办模玩,1,699.0,0.0,0.0,699.0,433.38,433.38,paid,delivered,True,20260903
ORD-0002868-1,ORD-0002868,2026-08-05,真言-吧唧（徽章）,1,18.0,0.0,0.0,18.0,5.4,5.4,paid,delivered,True,20260903
ORD-0002869-1,ORD-0002869,2026-06-06,真言-日用生活,1,99.0,0.05,4.95,94.05,45.54,45.54,paid,delivered,True,20260903
ORD-0002869-2,ORD-0002869,2026-06-06,死芒-亚克力制品,1,48.0,0.0,0.0,48.0,16.8,16.8,paid,delivered,True,20260903
ORD-0002870-1,ORD-0002870,2026-06-27,斩业星熊-手办模玩,1,699.0,0.0,0.0,699.0,433.38,433.38,paid,delivered,True,20260903
ORD-0002871-1,ORD-0002871,2026-08-04,归溟幽灵鲨-装饰摆件,1,89.0,0.1,8.9,80.1,37.38,37.38,paid,shipped,True,20260903
ORD-0002871-2,ORD-0002871,2026-08-04,纯烬艾雅法拉-亚克力制品,2,48.0,0.0,0.0,96.0,16.8,33.6,paid,shipped,True,20260903
ORD-0002872-1,ORD-0002872,2026-07-31,凯尔希·思衡托-装饰摆件,1,89.0,0.15,13.35,75.65,37.38,37.38,paid,delivered,True,20260903
ORD-0002873-1,ORD-0002873,2026-08-09,Mon3tr-装饰摆件,2,89.0,0.0,0.0,178.0,37.38,74.76,paid,delivered,True,20260903
ORD-0002873-2,ORD-0002873,2026-08-09,怒潮凛冬-毛绒玩偶,1,128.0,0.0,0.0,128.0,61.44,61.44,paid,delivered,True,20260903
ORD-0002873-3,ORD-0002873,2026-08-09,赤刃明霄陈-手办模玩,1,699.0,0.0,0.0,699.0,433.38,433.38,paid,delivered,True,20260903
ORD-0002874-1,ORD-0002874,2026-07-09,焰狐龙梓兰-通行证,1,39.0,0.0,0.0,39.0,12.48,12.48,paid,delivered,True,20260903
ORD-0002875-1,ORD-0002875,2026-06-23,黍-日用生活,1,99.0,0.0,0.0,99.0,45.54,45.54,paid,delivered,True,20260903
ORD-0002876-1,ORD-0002876,2026-06-28,Mon3tr-装饰摆件,1,89.0,0.05,4.45,84.55,37.38,37.38,paid,delivered,True,20260903
ORD-0002876-2,ORD-0002876,2026-06-28,归溟幽灵鲨-装饰摆件,2,89.0,0.1,17.8,160.2,37.38,74.76,paid,delivered,True,20260903
ORD-0002877-1,ORD-0002877,2026-08-15,赤刃明霄陈-装饰摆件,1,89.0,0.05,4.45,84.55,37.38,37.38,paid,delivered,True,20260903
ORD-0002878-1,ORD-0002878,2026-06-10,司霆惊蛰-手办模玩,1,699.0,0.05,34.95,664.05,433.38,433.38,paid,delivered,True,20260903
ORD-0002879-1,ORD-0002879,2026-06-25,死芒-亚克力制品,1,48.0,0.0,0.0,48.0,16.8,16.8,paid,delivered,True,20260903
ORD-0002880-1,ORD-0002880,2026-06-18,凛御银灰-日用生活,1,99.0,0.0,0.0,99.0,45.54,45.54,paid,delivered,True,20260903
ORD-0002881-1,ORD-0002881,2026-06-15,Mon3tr-吧唧（徽章）,1,18.0,0.1,1.8,16.2,5.4,5.4,paid,delivered,True,20260903
ORD-0002882-1,ORD-0002882,2026-07-22,塑心-毛绒玩偶,1,128.0,0.0,0.0,128.0,61.44,61.44,paid,delivered,True,20260903
ORD-0002883-1,ORD-0002883,2026-08-26,赤刃明霄陈-装饰摆件,1,89.0,0.15,13.35,75.65,37.38,37.38,paid,delivered,True,20260903
ORD-0002884-1,ORD-0002884,2026-08-14,司霆惊蛰-亚克力制品,1,48.0,0.0,0.0,48.0,16.8,16.8,paid,shipped,True,20260903
ORD-0002885-1,ORD-0002885,2026-08-04,酒神-装饰摆件,1,89.0,0.0,0.0,89.0,37.38,37.38,paid,delivered,True,20260903
ORD-0002886-1,ORD-0002886,2026-07-24,予愿安洁莉娜-日用生活,1,99.0,0.05,4.95,94.05,45.54,45.54,paid,delivered,True,20260903
ORD-0002887-1,ORD-0002887,2026-06-21,黍-吧唧（徽章）,1,18.0,0.0,0.0,18.0,5.4,5.4,paid,delivered,True,20260903
ORD-0002888-1,ORD-0002888,2026-06-07,焰狐龙梓兰-装饰摆件,1,89.0,0.0,0.0,89.0,37.38,37.38,paid,delivered,True,20260903
ORD-0002889-1,ORD-0002889,2026-06-26,归溟幽灵鲨-亚克力制品,2,48.0,0.0,0.0,96.0,16.8,33.6,paid,delivered,True,20260903
ORD-0002890-1,ORD-0002890,2026-06-29,死芒-装饰摆件,1,89.0,0.1,8.9,80.1,37.38,37.38,paid,delivered,True,20260903
ORD-0002890-2,ORD-0002890,2026-06-29,重岳-毛绒玩偶,1,128.0,0.05,6.4,121.6,61.44,61.44,paid,delivered,True,20260903
ORD-0002891-1,ORD-0002891,2026-06-11,赤刃明霄陈-手办模玩,1,699.0,0.0,0.0,699.0,433.38,433.38,paid,delivered,True,20260903
ORD-0002892-1,ORD-0002892,2026-06-17,娜斯提-毛绒玩偶,1,128.0,0.0,0.0,128.0,61.44,61.44,paid,delivered,True,20260903
ORD-0002892-2,ORD-0002892,2026-06-17,维娜·维多利亚-装饰摆件,1,89.0,0.0,0.0,89.0,37.38,37.38,paid,delivered,True,20260903
ORD-0002893-1,ORD-0002893,2026-06-19,Mon3tr-日用生活,1,99.0,0.05,4.95,94.05,45.54,45.54,paid,delivered,True,20260903
ORD-0002894-1,ORD-0002894,2026-08-10,缪尔赛思-毛绒玩偶,1,128.0,0.1,12.8,115.2,61.44,61.44,paid,delivered,True,20260903
ORD-0002894-2,ORD-0002894,2026-08-10,予愿安洁莉娜-毛绒玩偶,1,128.0,0.1,12.8,115.2,61.44,61.44,paid,delivered,True,20260903
ORD-0002894-3,ORD-0002894,2026-08-10,贝洛内-吧唧（徽章）,2,18.0,0.0,0.0,36.0,5.4,10.8,paid,delivered,True,20260903
ORD-0002895-1,ORD-0002895,2026-07-24,怒潮凛冬-亚克力制品,1,48.0,0.0,0.0,48.0,16.8,16.8,paid,delivered,True,20260903
ORD-0002896-1,ORD-0002896,2026-06-20,怒潮凛冬-吧唧（徽章）,1,18.0,0.05,0.9,17.1,5.4,5.4,paid,delivered,True,20260903
ORD-0002897-1,ORD-0002897,2026-06-21,余-亚克力制品,1,48.0,0.05,2.4,45.6,16.8,16.8,paid,delivered,True,20260903
ORD-0002898-1,ORD-0002898,2026-08-27,重岳-手办模玩,1,699.0,0.1,69.9,629.1,433.38,433.38,paid,delivered,True,20260903
ORD-0002899-1,ORD-0002899,2026-06-28,Mon3tr-通行证,1,39.0,0.05,1.95,37.05,12.48,12.48,paid,delivered,True,20260903
ORD-0002900-1,ORD-0002900,2026-07-29,望-通行证,1,39.0,0.0,0.0,39.0,12.48,12.48,paid,pending,True,20260903
ORD-0002900-2,ORD-0002900,2026-07-29,塑心-亚克力制品,1,48.0,0.1,4.8,43.2,16.8,16.8,paid,pending,True,20260903
ORD-0002901-1,ORD-0002901,2026-06-24,焰狐龙梓兰-手办模玩,1,699.0,0.0,0.0,699.0,433.38,433.38,paid,delivered,True,20260903
ORD-0002902-1,ORD-0002902,2026-06-12,赤刃明霄陈-毛绒玩偶,1,128.0,0.05,6.4,121.6,61.44,61.44,paid,delivered,True,20260903
ORD-0002903-1,ORD-0002903,2026-07-26,司霆惊蛰-日用生活,2,99.0,0.1,19.8,178.2,45.54,91.08,paid,delivered,True,20260903
ORD-0002904-1,ORD-0002904,2026-06-06,荒芜拉普兰德-日用生活,1,99.0,0.05,4.95,94.05,45.54,45.54,paid,delivered,True,20260903
ORD-0002904-2,ORD-0002904,2026-06-06,结城理-吧唧（徽章）,1,18.0,0.0,0.0,18.0,5.4,5.4,paid,delivered,True,20260903
ORD-0002905-1,ORD-0002905,2026-06-29,归溟幽灵鲨-吧唧（徽章）,1,18.0,0.0,0.0,18.0,5.4,5.4,paid,shipped,True,20260903
ORD-0002906-1,ORD-0002906,2026-06-10,望-手办模玩,1,699.0,0.0,0.0,699.0,433.38,433.38,paid,delivered,True,20260903
ORD-0002907-1,ORD-0002907,2026-08-16,塑心-装饰摆件,1,89.0,0.0,0.0,89.0,37.38,37.38,paid,shipped,True,20260903
ORD-0002908-1,ORD-0002908,2026-06-01,缄默德克萨斯-亚克力制品,1,48.0,0.0,0.0,48.0,16.8,16.8,paid,delivered,True,20260903
ORD-0002908-2,ORD-0002908,2026-06-01,焰狐龙梓兰-毛绒玩偶,1,128.0,0.15,19.2,108.8,61.44,61.44,paid,delivered,True,20260903
ORD-0002909-1,ORD-0002909,2026-08-24,新约能天使-亚克力制品,1,48.0,0.1,4.8,43.2,16.8,16.8,paid,delivered,True,20260903
ORD-0002909-2,ORD-0002909,2026-08-24,荒芜拉普兰德-通行证,1,39.0,0.0,0.0,39.0,12.48,12.48,paid,delivered,True,20260903
ORD-0002910-1,ORD-0002910,2026-06-27,斩业星熊-亚克力制品,1,48.0,0.05,2.4,45.6,16.8,16.8,paid,delivered,True,20260903
ORD-0002910-2,ORD-0002910,2026-06-27,重岳-装饰摆件,1,89.0,0.0,0.0,89.0,37.38,37.38,paid,delivered,True,20260903
ORD-0002911-1,ORD-0002911,2026-06-21,酒神-亚克力制品,1,48.0,0.0,0.0,48.0,16.8,16.8,paid,shipped,True,20260903
ORD-0002912-1,ORD-0002912,2026-06-16,荒芜拉普兰德-装饰摆件,1,89.0,0.0,0.0,89.0,37.38,37.38,paid,delivered,True,20260903
ORD-0002913-1,ORD-0002913,2026-08-05,纯烬艾雅法拉-通行证,1,39.0,0.0,0.0,39.0,12.48,12.48,paid,delivered,True,20260903
ORD-0002913-2,ORD-0002913,2026-08-05,贝洛内-手办模玩,1,699.0,0.1,69.9,629.1,433.38,433.38,paid,delivered,True,20260903
ORD-0002914-1,ORD-0002914,2026-06-28,娜斯提-手办模玩,1,699.0,0.0,0.0,699.0,433.38,433.38,paid,delivered,True,20260903
ORD-0002914-2,ORD-0002914,2026-06-28,谬因-手办模玩,2,699.0,0.05,69.9,1328.1,433.38,866.76,paid,delivered,True,20260903
ORD-0002915-1,ORD-0002915,2026-06-08,贝洛内-吧唧（徽章）,1,18.0,0.1,1.8,16.2,5.4,5.4,paid,delivered,True,20260903
ORD-0002916-1,ORD-0002916,2026-07-14,结城理-手办模玩,1,699.0,0.0,0.0,699.0,433.38,433.38,paid,delivered,True,20260903
ORD-0002916-2,ORD-0002916,2026-07-14,结城理-亚克力制品,1,48.0,0.15,7.2,40.8,16.8,16.8,paid,delivered,True,20260903
ORD-0002917-1,ORD-0002917,2026-08-17,赤刃明霄陈-装饰摆件,1,89.0,0.0,0.0,89.0,37.38,37.38,paid,delivered,True,20260903
ORD-0002917-2,ORD-0002917,2026-08-17,死芒-吧唧（徽章）,1,18.0,0.05,0.9,17.1,5.4,5.4,paid,delivered,True,20260903
ORD-0002918-1,ORD-0002918,2026-08-07,缇缇-毛绒玩偶,1,128.0,0.1,12.8,115.2,61.44,61.44,paid,delivered,True,20260903
ORD-0002919-1,ORD-0002919,2026-07-27,缪尔赛思-亚克力制品,1,48.0,0.1,4.8,43.2,16.8,16.8,paid,delivered,True,20260903
ORD-0002919-2,ORD-0002919,2026-07-27,司霆惊蛰-手办模玩,1,699.0,0.0,0.0,699.0,433.38,433.38,paid,delivered,True,20260903
ORD-0002920-1,ORD-0002920,2026-08-29,贝洛内-吧唧（徽章）,1,18.0,0.0,0.0,18.0,5.4,5.4,paid,delivered,True,20260903
ORD-0002921-1,ORD-0002921,2026-06-17,死芒-毛绒玩偶,1,128.0,0.05,6.4,121.6,61.44,61.44,paid,delivered,True,20260903
ORD-0002922-1,ORD-0002922,2026-06-07,维娜·维多利亚-日用生活,1,99.0,0.0,0.0,99.0,45.54,45.54,paid,delivered,True,20260903
ORD-0002923-1,ORD-0002923,2026-06-02,司霆惊蛰-亚克力制品,1,48.0,0.0,0.0,48.0,16.8,16.8,paid,delivered,True,20260903
ORD-0002924-1,ORD-0002924,2026-08-09,荒芜拉普兰德-通行证,1,39.0,0.1,3.9,35.1,12.48,12.48,paid,delivered,True,20260903
ORD-0002924-2,ORD-0002924,2026-08-09,斩业星熊-手办模玩,1,699.0,0.0,0.0,699.0,433.38,433.38,paid,delivered,True,20260903
ORD-0002925-1,ORD-0002925,2026-06-16,余-日用生活,1,99.0,0.05,4.95,94.05,45.54,45.54,paid,delivered,True,20260903
ORD-0002926-1,ORD-0002926,2026-07-31,结城理-日用生活,1,99.0,0.0,0.0,99.0,45.54,45.54,paid,delivered,True,20260903
ORD-0002927-1,ORD-0002927,2026-06-23,缄默德克萨斯-毛绒玩偶,1,128.0,0.0,0.0,128.0,61.44,61.44,paid,delivered,True,20260903
ORD-0002928-1,ORD-0002928,2026-08-04,贝洛内-日用生活,2,99.0,0.05,9.9,188.1,45.54,91.08,paid,delivered,True,20260903
ORD-0002929-1,ORD-0002929,2026-08-24,斩业星熊-亚克力制品,1,48.0,0.1,4.8,43.2,16.8,16.8,paid,delivered,True,20260903
ORD-0002930-1,ORD-0002930,2026-07-27,佩佩-装饰摆件,1,89.0,0.1,8.9,80.1,37.38,37.38,paid,delivered,True,20260903
ORD-0002931-1,ORD-0002931,2026-07-27,缇缇-通行证,1,39.0,0.0,0.0,39.0,12.48,12.48,paid,delivered,True,20260903
ORD-0002932-1,ORD-0002932,2026-07-23,缄默德克萨斯-装饰摆件,1,89.0,0.0,0.0,89.0,37.38,37.38,paid,delivered,True,20260903
ORD-0002932-2,ORD-0002932,2026-07-23,酒神-装饰摆件,1,89.0,0.1,8.9,80.1,37.38,37.38,paid,delivered,True,20260903
ORD-0002932-3,ORD-0002932,2026-07-23,贝洛内-通行证,1,39.0,0.0,0.0,39.0,12.48,12.48,paid,delivered,True,20260903
ORD-0002933-1,ORD-0002933,2026-07-04,缇缇-装饰摆件,1,89.0,0.05,4.45,84.55,37.38,37.38,paid,delivered,True,20260903
ORD-0002934-1,ORD-0002934,2026-06-16,凛御银灰-装饰摆件,1,89.0,0.0,0.0,89.0,37.38,37.38,paid,delivered,True,20260903
ORD-0002935-1,ORD-0002935,2026-07-20,结城理-手办模玩,1,699.0,0.1,69.9,629.1,433.38,433.38,paid,delivered,True,20260903
ORD-0002935-2,ORD-0002935,2026-07-20,荒芜拉普兰德-装饰摆件,1,89.0,0.0,0.0,89.0,37.38,37.38,paid,delivered,True,20260903
ORD-0002936-1,ORD-0002936,2026-06-30,纯烬艾雅法拉-毛绒玩偶,1,128.0,0.0,0.0,128.0,61.44,61.44,cancelled,cancelled,True,20260903
ORD-0002937-1,ORD-0002937,2026-06-01,予愿安洁莉娜-通行证,1,39.0,0.0,0.0,39.0,12.48,12.48,paid,delivered,True,20260903
ORD-0002938-1,ORD-0002938,2026-08-05,斩业星熊-亚克力制品,2,48.0,0.0,0.0,96.0,16.8,33.6,paid,shipped,True,20260903
ORD-0002938-2,ORD-0002938,2026-08-05,结城理-毛绒玩偶,1,128.0,0.0,0.0,128.0,61.44,61.44,paid,shipped,True,20260903
ORD-0002939-1,ORD-0002939,2026-06-28,重岳-通行证,1,39.0,0.0,0.0,39.0,12.48,12.48,paid,delivered,True,20260903
ORD-0002940-1,ORD-0002940,2026-06-21,荒芜拉普兰德-通行证,1,39.0,0.15,5.85,33.15,12.48,12.48,paid,delivered,True,20260903
ORD-0002940-2,ORD-0002940,2026-06-21,死芒-手办模玩,1,699.0,0.0,0.0,699.0,433.38,433.38,paid,delivered,True,20260903
ORD-0002941-1,ORD-0002941,2026-08-20,重岳-毛绒玩偶,1,128.0,0.05,6.4,121.6,61.44,61.44,paid,delivered,True,20260903
ORD-0002941-2,ORD-0002941,2026-08-20,余-日用生活,1,99.0,0.05,4.95,94.05,45.54,45.54,paid,delivered,True,20260903
ORD-0002941-3,ORD-0002941,2026-08-20,斩业星熊-毛绒玩偶,2,128.0,0.0,0.0,256.0,61.44,122.88,paid,delivered,True,20260903
ORD-0002942-1,ORD-0002942,2026-07-10,佩佩-装饰摆件,1,89.0,0.1,8.9,80.1,37.38,37.38,paid,delivered,True,20260903
ORD-0002942-2,ORD-0002942,2026-07-10,Mon3tr-吧唧（徽章）,1,18.0,0.05,0.9,17.1,5.4,5.4,paid,delivered,True,20260903
ORD-0002943-1,ORD-0002943,2026-06-15,予愿安洁莉娜-手办模玩,1,699.0,0.0,0.0,699.0,433.38,433.38,paid,delivered,True,20260903
ORD-0002944-1,ORD-0002944,2026-07-25,酒神-装饰摆件,1,89.0,0.05,4.45,84.55,37.38,37.38,paid,delivered,True,20260903
ORD-0002945-1,ORD-0002945,2026-06-27,真言-手办模玩,1,699.0,0.0,0.0,699.0,433.38,433.38,paid,delivered,True,20260903
ORD-0002946-1,ORD-0002946,2026-07-24,缇缇-日用生活,1,99.0,0.05,4.95,94.05,45.54,45.54,paid,delivered,True,20260903
ORD-0002947-1,ORD-0002947,2026-08-13,凛御银灰-亚克力制品,1,48.0,0.0,0.0,48.0,16.8,16.8,paid,delivered,True,20260903
ORD-0002947-2,ORD-0002947,2026-08-13,佩佩-通行证,2,39.0,0.0,0.0,78.0,12.48,24.96,paid,delivered,True,20260903
ORD-0002948-1,ORD-0002948,2026-06-12,缇缇-手办模玩,1,699.0,0.0,0.0,699.0,433.38,433.38,paid,delivered,True,20260903
ORD-0002949-1,ORD-0002949,2026-07-28,维娜·维多利亚-手办模玩,1,699.0,0.0,0.0,699.0,433.38,433.38,paid,shipped,True,20260903
ORD-0002950-1,ORD-0002950,2026-08-29,维娜·维多利亚-通行证,1,39.0,0.05,1.95,37.05,12.48,12.48,cancelled,cancelled,True,20260903
ORD-0002951-1,ORD-0002951,2026-07-04,余-日用生活,1,99.0,0.05,4.95,94.05,45.54,45.54,paid,delivered,True,20260903
ORD-0002952-1,ORD-0002952,2026-06-22,予愿安洁莉娜-亚克力制品,1,48.0,0.05,2.4,45.6,16.8,16.8,paid,delivered,True,20260903
ORD-0002953-1,ORD-0002953,2026-06-18,佩佩-手办模玩,1,699.0,0.1,69.9,629.1,433.38,433.38,paid,delivered,True,20260903
ORD-0002954-1,ORD-0002954,2026-06-16,望-装饰摆件,2,89.0,0.1,17.8,160.2,37.38,74.76,paid,delivered,True,20260903
ORD-0002954-2,ORD-0002954,2026-06-16,佩佩-日用生活,2,99.0,0.1,19.8,178.2,45.54,91.08,paid,delivered,True,20260903
ORD-0002955-1,ORD-0002955,2026-06-17,新约能天使-毛绒玩偶,1,128.0,0.1,12.8,115.2,61.44,61.44,paid,delivered,True,20260903
ORD-0002956-1,ORD-0002956,2026-08-29,新约能天使-吧唧（徽章）,1,18.0,0.1,1.8,16.2,5.4,5.4,paid,delivered,True,20260903
ORD-0002957-1,ORD-0002957,2026-08-11,缄默德克萨斯-通行证,1,39.0,0.05,1.95,37.05,12.48,12.48,paid,delivered,True,20260903
ORD-0002958-1,ORD-0002958,2026-08-01,归溟幽灵鲨-亚克力制品,2,48.0,0.0,0.0,96.0,16.8,33.6,paid,delivered,True,20260903
ORD-0002959-1,ORD-0002959,2026-07-08,死芒-装饰摆件,1,89.0,0.0,0.0,89.0,37.38,37.38,paid,delivered,True,20260903
ORD-0002960-1,ORD-0002960,2026-08-13,纯烬艾雅法拉-吧唧（徽章）,1,18.0,0.0,0.0,18.0,5.4,5.4,paid,delivered,True,20260903
ORD-0002960-2,ORD-0002960,2026-08-13,重岳-吧唧（徽章）,1,18.0,0.0,0.0,18.0,5.4,5.4,paid,delivered,True,20260903
ORD-0002961-1,ORD-0002961,2026-06-08,凯尔希·思衡托-装饰摆件,1,89.0,0.0,0.0,89.0,37.38,37.38,paid,delivered,True,20260903
ORD-0002962-1,ORD-0002962,2026-07-23,怒潮凛冬-日用生活,1,99.0,0.1,9.9,89.1,45.54,45.54,paid,delivered,True,20260903
ORD-0002963-1,ORD-0002963,2026-06-16,荒芜拉普兰德-吧唧（徽章）,1,18.0,0.1,1.8,16.2,5.4,5.4,paid,delivered,True,20260903
ORD-0002964-1,ORD-0002964,2026-07-22,重岳-手办模玩,1,699.0,0.0,0.0,699.0,433.38,433.38,paid,delivered,True,20260903
ORD-0002965-1,ORD-0002965,2026-06-19,维娜·维多利亚-亚克力制品,3,48.0,0.1,14.4,129.6,16.8,50.4,paid,delivered,True,20260903
ORD-0002966-1,ORD-0002966,2026-08-05,余-手办模玩,1,699.0,0.0,0.0,699.0,433.38,433.38,paid,delivered,True,20260903
ORD-0002967-1,ORD-0002967,2026-06-18,赤刃明霄陈-亚克力制品,2,48.0,0.05,4.8,91.2,16.8,33.6,paid,delivered,True,20260903
ORD-0002968-1,ORD-0002968,2026-06-20,余-亚克力制品,1,48.0,0.05,2.4,45.6,16.8,16.8,paid,delivered,True,20260903
ORD-0002968-2,ORD-0002968,2026-06-20,归溟幽灵鲨-手办模玩,1,699.0,0.0,0.0,699.0,433.38,433.38,paid,delivered,True,20260903
ORD-0002969-1,ORD-0002969,2026-08-21,凛御银灰-吧唧（徽章）,2,18.0,0.0,0.0,36.0,5.4,10.8,paid,delivered,True,20260903
ORD-0002970-1,ORD-0002970,2026-08-25,归溟幽灵鲨-手办模玩,1,699.0,0.1,69.9,629.1,433.38,433.38,paid,delivered,True,20260903
ORD-0002971-1,ORD-0002971,2026-07-16,酒神-装饰摆件,1,89.0,0.0,0.0,89.0,37.38,37.38,paid,delivered,True,20260903
ORD-0002972-1,ORD-0002972,2026-08-25,怒潮凛冬-日用生活,1,99.0,0.05,4.95,94.05,45.54,45.54,paid,delivered,True,20260903
ORD-0002972-2,ORD-0002972,2026-08-25,佩佩-通行证,1,39.0,0.0,0.0,39.0,12.48,12.48,paid,delivered,True,20260903
ORD-0002973-1,ORD-0002973,2026-07-28,佩佩-亚克力制品,1,48.0,0.1,4.8,43.2,16.8,16.8,paid,delivered,True,20260903
ORD-0002974-1,ORD-0002974,2026-07-25,结城理-吧唧（徽章）,1,18.0,0.1,1.8,16.2,5.4,5.4,cancelled,cancelled,True,20260903
ORD-0002974-2,ORD-0002974,2026-07-25,余-毛绒玩偶,1,128.0,0.05,6.4,121.6,61.44,61.44,cancelled,cancelled,True,20260903
ORD-0002975-1,ORD-0002975,2026-07-31,荒芜拉普兰德-毛绒玩偶,1,128.0,0.15,19.2,108.8,61.44,61.44,paid,delivered,True,20260903
ORD-0002975-2,ORD-0002975,2026-07-31,纯烬艾雅法拉-装饰摆件,1,89.0,0.0,0.0,89.0,37.38,37.38,paid,delivered,True,20260903
ORD-0002976-1,ORD-0002976,2026-08-21,酒神-毛绒玩偶,1,128.0,0.05,6.4,121.6,61.44,61.44,paid,delivered,True,20260903
ORD-0002976-2,ORD-0002976,2026-08-21,凛御银灰-装饰摆件,1,89.0,0.15,13.35,75.65,37.38,37.38,paid,delivered,True,20260903
ORD-0002977-1,ORD-0002977,2026-07-01,酒神-通行证,1,39.0,0.0,0.0,39.0,12.48,12.48,paid,delivered,True,20260903
ORD-0002978-1,ORD-0002978,2026-08-24,酒神-日用生活,2,99.0,0.0,0.0,198.0,45.54,91.08,paid,delivered,True,20260903
ORD-0002979-1,ORD-0002979,2026-07-25,新约能天使-亚克力制品,1,48.0,0.0,0.0,48.0,16.8,16.8,paid,delivered,True,20260903
ORD-0002980-1,ORD-0002980,2026-06-15,佩佩-毛绒玩偶,1,128.0,0.0,0.0,128.0,61.44,61.44,paid,delivered,True,20260903
ORD-0002981-1,ORD-0002981,2026-07-04,归溟幽灵鲨-手办模玩,1,699.0,0.0,0.0,699.0,433.38,433.38,paid,delivered,True,20260903
ORD-0002981-2,ORD-0002981,2026-07-04,贝洛内-亚克力制品,1,48.0,0.0,0.0,48.0,16.8,16.8,paid,delivered,True,20260903
ORD-0002982-1,ORD-0002982,2026-07-18,斩业星熊-毛绒玩偶,1,128.0,0.0,0.0,128.0,61.44,61.44,paid,delivered,True,20260903
ORD-0002982-2,ORD-0002982,2026-07-18,荒芜拉普兰德-装饰摆件,1,89.0,0.0,0.0,89.0,37.38,37.38,paid,delivered,True,20260903
ORD-0002983-1,ORD-0002983,2026-06-10,死芒-毛绒玩偶,1,128.0,0.0,0.0,128.0,61.44,61.44,paid,delivered,True,20260903
ORD-0002984-1,ORD-0002984,2026-08-10,重岳-手办模玩,1,699.0,0.0,0.0,699.0,433.38,433.38,paid,delivered,True,20260903
ORD-0002984-2,ORD-0002984,2026-08-10,贝洛内-手办模玩,1,699.0,0.1,69.9,629.1,433.38,433.38,paid,delivered,True,20260903
ORD-0002985-1,ORD-0002985,2026-07-15,纯烬艾雅法拉-毛绒玩偶,1,128.0,0.0,0.0,128.0,61.44,61.44,paid,delivered,True,20260903
ORD-0002985-2,ORD-0002985,2026-07-15,真言-毛绒玩偶,1,128.0,0.1,12.8,115.2,61.44,61.44,paid,delivered,True,20260903
ORD-0002986-1,ORD-0002986,2026-06-21,余-手办模玩,1,699.0,0.05,34.95,664.05,433.38,433.38,paid,delivered,True,20260903
ORD-0002987-1,ORD-0002987,2026-07-14,予愿安洁莉娜-装饰摆件,2,89.0,0.15,26.7,151.3,37.38,74.76,paid,delivered,True,20260903
ORD-0002988-1,ORD-0002988,2026-08-02,死芒-通行证,1,39.0,0.1,3.9,35.1,12.48,12.48,paid,delivered,True,20260903
ORD-0002989-1,ORD-0002989,2026-06-05,纯烬艾雅法拉-日用生活,1,99.0,0.0,0.0,99.0,45.54,45.54,paid,delivered,True,20260903
ORD-0002989-2,ORD-0002989,2026-06-05,凛御银灰-手办模玩,1,699.0,0.05,34.95,664.05,433.38,433.38,paid,delivered,True,20260903
ORD-0002989-3,ORD-0002989,2026-06-05,予愿安洁莉娜-通行证,1,39.0,0.0,0.0,39.0,12.48,12.48,paid,delivered,True,20260903
ORD-0002990-1,ORD-0002990,2026-08-01,凯尔希·思衡托-装饰摆件,1,89.0,0.0,0.0,89.0,37.38,37.38,paid,delivered,True,20260903
ORD-0002991-1,ORD-0002991,2026-08-07,真言-亚克力制品,1,48.0,0.05,2.4,45.6,16.8,16.8,paid,delivered,True,20260903
ORD-0002992-1,ORD-0002992,2026-06-09,缇缇-装饰摆件,1,89.0,0.0,0.0,89.0,37.38,37.38,paid,delivered,True,20260903
ORD-0002993-1,ORD-0002993,2026-08-06,死芒-装饰摆件,1,89.0,0.0,0.0,89.0,37.38,37.38,paid,delivered,True,20260903
ORD-0002993-2,ORD-0002993,2026-08-06,谬因-日用生活,1,99.0,0.05,4.95,94.05,45.54,45.54,paid,delivered,True,20260903
ORD-0002994-1,ORD-0002994,2026-07-01,结城理-吧唧（徽章）,1,18.0,0.05,0.9,17.1,5.4,5.4,paid,delivered,True,20260903
ORD-0002995-1,ORD-0002995,2026-08-15,缪尔赛思-手办模玩,1,699.0,0.0,0.0,699.0,433.38,433.38,paid,delivered,True,20260903
ORD-0002995-2,ORD-0002995,2026-08-15,望-日用生活,1,99.0,0.05,4.95,94.05,45.54,45.54,paid,delivered,True,20260903
ORD-0002996-1,ORD-0002996,2026-06-03,望-日用生活,1,99.0,0.0,0.0,99.0,45.54,45.54,paid,delivered,True,20260903
ORD-0002996-2,ORD-0002996,2026-06-03,真言-手办模玩,1,699.0,0.1,69.9,629.1,433.38,433.38,paid,delivered,True,20260903
ORD-0002997-1,ORD-0002997,2026-08-05,缇缇-通行证,1,39.0,0.1,3.9,35.1,12.48,12.48,cancelled,cancelled,True,20260903
ORD-0002998-1,ORD-0002998,2026-06-18,赤刃明霄陈-亚克力制品,1,48.0,0.0,0.0,48.0,16.8,16.8,paid,delivered,True,20260903
ORD-0002999-1,ORD-0002999,2026-08-18,黍-日用生活,1,99.0,0.0,0.0,99.0,45.54,45.54,paid,delivered,True,20260903
ORD-0002999-2,ORD-0002999,2026-08-18,凛御银灰-手办模玩,1,699.0,0.05,34.95,664.05,433.38,433.38,paid,delivered,True,20260903
ORD-0003000-1,ORD-0003000,2026-08-05,荒芜拉普兰德-毛绒玩偶,1,128.0,0.0,0.0,128.0,61.44,61.44,paid,delivered,True,20260903
ORD-0003001-1,ORD-0003001,2026-08-04,凛御银灰-通行证,1,39.0,0.1,3.9,35.1,12.48,12.48,paid,delivered,True,20260903
ORD-0003001-2,ORD-0003001,2026-08-04,怒潮凛冬-吧唧（徽章）,1,18.0,0.05,0.9,17.1,5.4,5.4,paid,delivered,True,20260903
ORD-0003002-1,ORD-0003002,2026-06-11,缪尔赛思-毛绒玩偶,1,128.0,0.0,0.0,128.0,61.44,61.44,paid,delivered,True,20260903
ORD-0003003-1,ORD-0003003,2026-06-07,Mon3tr-日用生活,1,99.0,0.05,4.95,94.05,45.54,45.54,paid,delivered,True,20260903
ORD-0003004-1,ORD-0003004,2026-07-02,余-毛绒玩偶,1,128.0,0.05,6.4,121.6,61.44,61.44,paid,delivered,True,20260903
ORD-0003005-1,ORD-0003005,2026-07-28,Mon3tr-日用生活,1,99.0,0.0,0.0,99.0,45.54,45.54,paid,delivered,True,20260903
ORD-0003006-1,ORD-0003006,2026-08-02,司霆惊蛰-装饰摆件,1,89.0,0.0,0.0,89.0,37.38,37.38,cancelled,cancelled,True,20260903
ORD-0003006-2,ORD-0003006,2026-08-02,怒潮凛冬-亚克力制品,1,48.0,0.05,2.4,45.6,16.8,16.8,cancelled,cancelled,True,20260903
ORD-0003007-1,ORD-0003007,2026-08-18,凯尔希·思衡托-手办模玩,1,699.0,0.0,0.0,699.0,433.38,433.38,paid,delivered,True,20260903
ORD-0003008-1,ORD-0003008,2026-08-01,凛御银灰-通行证,1,39.0,0.05,1.95,37.05,12.48,12.48,paid,delivered,True,20260903
ORD-0003009-1,ORD-0003009,2026-08-01,Mon3tr-亚克力制品,1,48.0,0.0,0.0,48.0,16.8,16.8,paid,delivered,True,20260903
ORD-0003010-1,ORD-0003010,2026-06-03,死芒-亚克力制品,1,48.0,0.0,0.0,48.0,16.8,16.8,paid,delivered,True,20260903
ORD-0003011-1,ORD-0003011,2026-07-10,重岳-手办模玩,1,699.0,0.0,0.0,699.0,433.38,433.38,paid,delivered,True,20260903
ORD-0003012-1,ORD-0003012,2026-07-28,斩业星熊-装饰摆件,1,89.0,0.15,13.35,75.65,37.38,37.38,paid,delivered,True,20260903
ORD-0003012-2,ORD-0003012,2026-07-28,缄默德克萨斯-日用生活,1,99.0,0.0,0.0,99.0,45.54,45.54,paid,delivered,True,20260903
ORD-0003012-3,ORD-0003012,2026-07-28,焰狐龙梓兰-亚克力制品,1,48.0,0.0,0.0,48.0,16.8,16.8,paid,delivered,True,20260903
ORD-0003013-1,ORD-0003013,2026-07-20,Mon3tr-日用生活,1,99.0,0.1,9.9,89.1,45.54,45.54,paid,delivered,True,20260903
ORD-0003013-2,ORD-0003013,2026-07-20,缄默德克萨斯-日用生活,1,99.0,0.1,9.9,89.1,45.54,45.54,paid,delivered,True,20260903
ORD-0003014-1,ORD-0003014,2026-06-21,怒潮凛冬-通行证,1,39.0,0.0,0.0,39.0,12.48,12.48,paid,delivered,True,20260903
ORD-0003014-2,ORD-0003014,2026-06-21,余-手办模玩,2,699.0,0.0,0.0,1398.0,433.38,866.76,paid,delivered,True,20260903
ORD-0003015-1,ORD-0003015,2026-06-20,贝洛内-吧唧（徽章）,1,18.0,0.05,0.9,17.1,5.4,5.4,paid,delivered,True,20260903
ORD-0003016-1,ORD-0003016,2026-06-24,予愿安洁莉娜-毛绒玩偶,2,128.0,0.15,38.4,217.6,61.44,122.88,paid,delivered,True,20260903
ORD-0003017-1,ORD-0003017,2026-06-19,怒潮凛冬-毛绒玩偶,1,128.0,0.0,0.0,128.0,61.44,61.44,paid,delivered,True,20260903
ORD-0003018-1,ORD-0003018,2026-07-07,佩佩-亚克力制品,1,48.0,0.0,0.0,48.0,16.8,16.8,paid,delivered,True,20260903
ORD-0003019-1,ORD-0003019,2026-06-28,缪尔赛思-亚克力制品,1,48.0,0.0,0.0,48.0,16.8,16.8,paid,delivered,True,20260903
ORD-0003020-1,ORD-0003020,2026-07-09,黍-亚克力制品,1,48.0,0.0,0.0,48.0,16.8,16.8,paid,delivered,True,20260903
ORD-0003020-2,ORD-0003020,2026-07-09,缪尔赛思-亚克力制品,1,48.0,0.1,4.8,43.2,16.8,16.8,paid,delivered,True,20260903
ORD-0003020-3,ORD-0003020,2026-07-09,荒芜拉普兰德-装饰摆件,1,89.0,0.1,8.9,80.1,37.38,37.38,paid,delivered,True,20260903
ORD-0003021-1,ORD-0003021,2026-06-21,佩佩-装饰摆件,1,89.0,0.1,8.9,80.1,37.38,37.38,paid,delivered,True,20260903
ORD-0003022-1,ORD-0003022,2026-08-07,予愿安洁莉娜-日用生活,1,99.0,0.0,0.0,99.0,45.54,45.54,paid,delivered,True,20260903
ORD-0003023-1,ORD-0003023,2026-06-28,新约能天使-手办模玩,1,699.0,0.0,0.0,699.0,433.38,433.38,paid,delivered,True,20260903
ORD-0003024-1,ORD-0003024,2026-07-16,死芒-通行证,1,39.0,0.0,0.0,39.0,12.48,12.48,paid,delivered,True,20260903
ORD-0003024-2,ORD-0003024,2026-07-16,余-毛绒玩偶,1,128.0,0.0,0.0,128.0,61.44,61.44,paid,delivered,True,20260903
ORD-0003025-1,ORD-0003025,2026-06-14,凛御银灰-手办模玩,1,699.0,0.1,69.9,629.1,433.38,433.38,paid,delivered,True,20260903
ORD-0003026-1,ORD-0003026,2026-08-01,娜斯提-手办模玩,1,699.0,0.0,0.0,699.0,433.38,433.38,paid,delivered,True,20260903
ORD-0003027-1,ORD-0003027,2026-06-26,缇缇-手办模玩,1,699.0,0.0,0.0,699.0,433.38,433.38,paid,delivered,True,20260903
ORD-0003028-1,ORD-0003028,2026-07-23,纯烬艾雅法拉-手办模玩,2,699.0,0.15,209.7,1188.3,433.38,866.76,paid,shipped,True,20260903
ORD-0003028-2,ORD-0003028,2026-07-23,贝洛内-毛绒玩偶,1,128.0,0.1,12.8,115.2,61.44,61.44,paid,shipped,True,20260903
ORD-0003029-1,ORD-0003029,2026-06-06,予愿安洁莉娜-装饰摆件,2,89.0,0.05,8.9,169.1,37.38,74.76,paid,delivered,True,20260903
ORD-0003030-1,ORD-0003030,2026-08-24,望-吧唧（徽章）,1,18.0,0.1,1.8,16.2,5.4,5.4,paid,delivered,True,20260903
ORD-0003030-2,ORD-0003030,2026-08-24,结城理-通行证,2,39.0,0.1,7.8,70.2,12.48,24.96,paid,delivered,True,20260903
ORD-0003031-1,ORD-0003031,2026-08-08,缪尔赛思-日用生活,1,99.0,0.05,4.95,94.05,45.54,45.54,paid,delivered,True,20260903
ORD-0003032-1,ORD-0003032,2026-07-31,归溟幽灵鲨-毛绒玩偶,1,128.0,0.1,12.8,115.2,61.44,61.44,paid,delivered,True,20260903
ORD-0003033-1,ORD-0003033,2026-08-01,归溟幽灵鲨-通行证,1,39.0,0.05,1.95,37.05,12.48,12.48,paid,delivered,True,20260903
ORD-0003034-1,ORD-0003034,2026-08-02,荒芜拉普兰德-毛绒玩偶,1,128.0,0.1,12.8,115.2,61.44,61.44,paid,delivered,True,20260903
ORD-0003034-2,ORD-0003034,2026-08-02,贝洛内-亚克力制品,2,48.0,0.0,0.0,96.0,16.8,33.6,paid,delivered,True,20260903
ORD-0003035-1,ORD-0003035,2026-08-18,维娜·维多利亚-手办模玩,1,699.0,0.0,0.0,699.0,433.38,433.38,paid,delivered,True,20260903
ORD-0003035-2,ORD-0003035,2026-08-18,谬因-日用生活,1,99.0,0.0,0.0,99.0,45.54,45.54,paid,delivered,True,20260903
ORD-0003036-1,ORD-0003036,2026-08-02,缪尔赛思-装饰摆件,1,89.0,0.0,0.0,89.0,37.38,37.38,paid,delivered,True,20260903
ORD-0003037-1,ORD-0003037,2026-08-20,黍-毛绒玩偶,1,128.0,0.0,0.0,128.0,61.44,61.44,paid,delivered,True,20260903
ORD-0003038-1,ORD-0003038,2026-08-07,予愿安洁莉娜-亚克力制品,1,48.0,0.0,0.0,48.0,16.8,16.8,paid,delivered,True,20260903
ORD-0003039-1,ORD-0003039,2026-06-17,凯尔希·思衡托-毛绒玩偶,1,128.0,0.05,6.4,121.6,61.44,61.44,paid,delivered,True,20260903
ORD-0003040-1,ORD-0003040,2026-07-27,维娜·维多利亚-亚克力制品,1,48.0,0.05,2.4,45.6,16.8,16.8,paid,delivered,True,20260903
ORD-0003041-1,ORD-0003041,2026-07-15,重岳-通行证,1,39.0,0.1,3.9,35.1,12.48,12.48,paid,delivered,True,20260903
ORD-0003042-1,ORD-0003042,2026-08-15,维娜·维多利亚-装饰摆件,1,89.0,0.05,4.45,84.55,37.38,37.38,paid,delivered,True,20260903
ORD-0003042-2,ORD-0003042,2026-08-15,焰狐龙梓兰-日用生活,3,99.0,0.0,0.0,297.0,45.54,136.62,paid,delivered,True,20260903
ORD-0003043-1,ORD-0003043,2026-08-16,谬因-吧唧（徽章）,1,18.0,0.0,0.0,18.0,5.4,5.4,paid,delivered,True,20260903
ORD-0003044-1,ORD-0003044,2026-08-04,望-通行证,1,39.0,0.1,3.9,35.1,12.48,12.48,paid,delivered,True,20260903
ORD-0003044-2,ORD-0003044,2026-08-04,凛御银灰-通行证,1,39.0,0.0,0.0,39.0,12.48,12.48,paid,delivered,True,20260903
ORD-0003045-1,ORD-0003045,2026-08-23,荒芜拉普兰德-通行证,1,39.0,0.1,3.9,35.1,12.48,12.48,paid,delivered,True,20260903
ORD-0003046-1,ORD-0003046,2026-07-26,赤刃明霄陈-吧唧（徽章）,1,18.0,0.0,0.0,18.0,5.4,5.4,paid,delivered,True,20260903
ORD-0003046-2,ORD-0003046,2026-07-26,Mon3tr-日用生活,1,99.0,0.05,4.95,94.05,45.54,45.54,paid,delivered,True,20260903
ORD-0003047-1,ORD-0003047,2026-07-16,新约能天使-通行证,1,39.0,0.05,1.95,37.05,12.48,12.48,paid,delivered,True,20260903
ORD-0003048-1,ORD-0003048,2026-08-17,余-毛绒玩偶,1,128.0,0.05,6.4,121.6,61.44,61.44,paid,delivered,True,20260903
ORD-0003049-1,ORD-0003049,2026-06-23,谬因-装饰摆件,1,89.0,0.0,0.0,89.0,37.38,37.38,paid,delivered,True,20260903
ORD-0003050-1,ORD-0003050,2026-08-07,斩业星熊-装饰摆件,1,89.0,0.0,0.0,89.0,37.38,37.38,paid,delivered,True,20260903
ORD-0003051-1,ORD-0003051,2026-06-25,赤刃明霄陈-亚克力制品,1,48.0,0.1,4.8,43.2,16.8,16.8,paid,shipped,True,20260903
ORD-0003051-2,ORD-0003051,2026-06-25,黍-毛绒玩偶,1,128.0,0.05,6.4,121.6,61.44,61.44,paid,shipped,True,20260903
ORD-0003052-1,ORD-0003052,2026-08-16,谬因-通行证,1,39.0,0.0,0.0,39.0,12.48,12.48,paid,delivered,True,20260903
ORD-0003053-1,ORD-0003053,2026-08-23,娜斯提-日用生活,2,99.0,0.05,9.9,188.1,45.54,91.08,paid,delivered,True,20260903
ORD-0003054-1,ORD-0003054,2026-06-20,新约能天使-通行证,1,39.0,0.1,3.9,35.1,12.48,12.48,paid,delivered,True,20260903
ORD-0003055-1,ORD-0003055,2026-07-29,凛御银灰-手办模玩,1,699.0,0.0,0.0,699.0,433.38,433.38,paid,delivered,True,20260903
ORD-0003056-1,ORD-0003056,2026-06-30,佩佩-通行证,1,39.0,0.1,3.9,35.1,12.48,12.48,paid,delivered,True,20260903
ORD-0003057-1,ORD-0003057,2026-06-19,斩业星熊-通行证,1,39.0,0.0,0.0,39.0,12.48,12.48,paid,delivered,True,20260903
ORD-0003057-2,ORD-0003057,2026-06-19,怒潮凛冬-手办模玩,1,699.0,0.0,0.0,699.0,433.38,433.38,paid,delivered,True,20260903
ORD-0003058-1,ORD-0003058,2026-08-24,新约能天使-装饰摆件,1,89.0,0.1,8.9,80.1,37.38,37.38,paid,delivered,True,20260903
ORD-0003059-1,ORD-0003059,2026-07-24,焰狐龙梓兰-亚克力制品,1,48.0,0.05,2.4,45.6,16.8,16.8,paid,delivered,True,20260903
ORD-0003060-1,ORD-0003060,2026-06-18,维娜·维多利亚-吧唧（徽章）,1,18.0,0.05,0.9,17.1,5.4,5.4,paid,delivered,True,20260903
ORD-0003061-1,ORD-0003061,2026-08-11,纯烬艾雅法拉-通行证,1,39.0,0.1,3.9,35.1,12.48,12.48,paid,delivered,True,20260903
ORD-0003062-1,ORD-0003062,2026-08-03,缪尔赛思-毛绒玩偶,1,128.0,0.05,6.4,121.6,61.44,61.44,paid,delivered,True,20260903
ORD-0003063-1,ORD-0003063,2026-07-05,荒芜拉普兰德-手办模玩,1,699.0,0.0,0.0,699.0,433.38,433.38,paid,shipped,True,20260903
ORD-0003064-1,ORD-0003064,2026-07-21,纯烬艾雅法拉-毛绒玩偶,2,128.0,0.05,12.8,243.2,61.44,122.88,paid,shipped,True,20260903
ORD-0003065-1,ORD-0003065,2026-06-25,死芒-手办模玩,2,699.0,0.05,69.9,1328.1,433.38,866.76,paid,delivered,True,20260903
ORD-0003066-1,ORD-0003066,2026-07-23,予愿安洁莉娜-日用生活,1,99.0,0.0,0.0,99.0,45.54,45.54,cancelled,cancelled,True,20260903
ORD-0003067-1,ORD-0003067,2026-08-03,予愿安洁莉娜-装饰摆件,1,89.0,0.1,8.9,80.1,37.38,37.38,paid,delivered,True,20260903
ORD-0003067-2,ORD-0003067,2026-08-03,结城理-毛绒玩偶,1,128.0,0.15,19.2,108.8,61.44,61.44,paid,delivered,True,20260903
ORD-0003068-1,ORD-0003068,2026-07-14,余-吧唧（徽章）,1,18.0,0.0,0.0,18.0,5.4,5.4,paid,delivered,True,20260903
ORD-0003069-1,ORD-0003069,2026-07-12,凯尔希·思衡托-手办模玩,1,699.0,0.1,69.9,629.1,433.38,433.38,paid,delivered,True,20260903
ORD-0003070-1,ORD-0003070,2026-07-05,死芒-日用生活,1,99.0,0.1,9.9,89.1,45.54,45.54,cancelled,cancelled,True,20260903
ORD-0003071-1,ORD-0003071,2026-06-20,凯尔希·思衡托-装饰摆件,1,89.0,0.0,0.0,89.0,37.38,37.38,cancelled,cancelled,True,20260903
ORD-0003071-2,ORD-0003071,2026-06-20,望-通行证,1,39.0,0.1,3.9,35.1,12.48,12.48,cancelled,cancelled,True,20260903
ORD-0003072-1,ORD-0003072,2026-08-29,贝洛内-亚克力制品,1,48.0,0.1,4.8,43.2,16.8,16.8,paid,delivered,True,20260903
ORD-0003073-1,ORD-0003073,2026-06-09,新约能天使-亚克力制品,1,48.0,0.15,7.2,40.8,16.8,16.8,paid,delivered,True,20260903
ORD-0003074-1,ORD-0003074,2026-08-29,缇缇-日用生活,1,99.0,0.0,0.0,99.0,45.54,45.54,paid,delivered,True,20260903
ORD-0003075-1,ORD-0003075,2026-06-25,死芒-吧唧（徽章）,1,18.0,0.0,0.0,18.0,5.4,5.4,paid,delivered,True,20260903
ORD-0003076-1,ORD-0003076,2026-08-07,荒芜拉普兰德-手办模玩,2,699.0,0.0,0.0,1398.0,433.38,866.76,paid,delivered,True,20260903
ORD-0003077-1,ORD-0003077,2026-07-20,凯尔希·思衡托-装饰摆件,1,89.0,0.0,0.0,89.0,37.38,37.38,paid,delivered,True,20260903
ORD-0003078-1,ORD-0003078,2026-06-17,缄默德克萨斯-装饰摆件,2,89.0,0.0,0.0,178.0,37.38,74.76,paid,delivered,True,20260903
ORD-0003079-1,ORD-0003079,2026-06-18,望-毛绒玩偶,1,128.0,0.0,0.0,128.0,61.44,61.44,paid,delivered,True,20260903
ORD-0003080-1,ORD-0003080,2026-06-04,望-亚克力制品,1,48.0,0.05,2.4,45.6,16.8,16.8,paid,delivered,True,20260903
ORD-0003081-1,ORD-0003081,2026-06-04,新约能天使-吧唧（徽章）,1,18.0,0.1,1.8,16.2,5.4,5.4,paid,delivered,True,20260903
ORD-0003082-1,ORD-0003082,2026-06-23,赤刃明霄陈-毛绒玩偶,1,128.0,0.0,0.0,128.0,61.44,61.44,paid,delivered,True,20260903
ORD-0003083-1,ORD-0003083,2026-06-12,娜斯提-装饰摆件,1,89.0,0.1,8.9,80.1,37.38,37.38,paid,shipped,True,20260903
ORD-0003084-1,ORD-0003084,2026-06-10,缄默德克萨斯-手办模玩,1,699.0,0.0,0.0,699.0,433.38,433.38,paid,delivered,True,20260903
ORD-0003085-1,ORD-0003085,2026-08-12,谬因-日用生活,1,99.0,0.0,0.0,99.0,45.54,45.54,paid,delivered,True,20260903
ORD-0003086-1,ORD-0003086,2026-07-24,司霆惊蛰-通行证,1,39.0,0.0,0.0,39.0,12.48,12.48,paid,delivered,True,20260903
ORD-0003086-2,ORD-0003086,2026-07-24,维娜·维多利亚-装饰摆件,1,89.0,0.15,13.35,75.65,37.38,37.38,paid,delivered,True,20260903
ORD-0003087-1,ORD-0003087,2026-07-05,斩业星熊-毛绒玩偶,1,128.0,0.0,0.0,128.0,61.44,61.44,paid,delivered,True,20260903
ORD-0003088-1,ORD-0003088,2026-08-29,予愿安洁莉娜-通行证,1,39.0,0.0,0.0,39.0,12.48,12.48,paid,delivered,True,20260903
ORD-0003089-1,ORD-0003089,2026-06-20,望-吧唧（徽章）,2,18.0,0.1,3.6,32.4,5.4,10.8,paid,delivered,True,20260903
ORD-0003090-1,ORD-0003090,2026-06-10,新约能天使-装饰摆件,1,89.0,0.0,0.0,89.0,37.38,37.38,paid,delivered,True,20260903
ORD-0003091-1,ORD-0003091,2026-08-29,赤刃明霄陈-亚克力制品,1,48.0,0.1,4.8,43.2,16.8,16.8,paid,delivered,True,20260903
ORD-0003092-1,ORD-0003092,2026-07-01,焰狐龙梓兰-亚克力制品,1,48.0,0.0,0.0,48.0,16.8,16.8,paid,delivered,True,20260903
ORD-0003092-2,ORD-0003092,2026-07-01,贝洛内-亚克力制品,1,48.0,0.0,0.0,48.0,16.8,16.8,paid,delivered,True,20260903
ORD-0003093-1,ORD-0003093,2026-06-19,死芒-日用生活,1,99.0,0.1,9.9,89.1,45.54,45.54,paid,shipped,True,20260903
ORD-0003094-1,ORD-0003094,2026-07-30,死芒-通行证,1,39.0,0.0,0.0,39.0,12.48,12.48,paid,delivered,True,20260903
ORD-0003095-1,ORD-0003095,2026-07-04,佩佩-日用生活,1,99.0,0.0,0.0,99.0,45.54,45.54,cancelled,cancelled,True,20260903
ORD-0003096-1,ORD-0003096,2026-07-03,酒神-日用生活,1,99.0,0.1,9.9,89.1,45.54,45.54,paid,delivered,True,20260903
ORD-0003097-1,ORD-0003097,2026-06-11,黍-通行证,1,39.0,0.0,0.0,39.0,12.48,12.48,paid,delivered,True,20260903
ORD-0003098-1,ORD-0003098,2026-08-12,缄默德克萨斯-毛绒玩偶,1,128.0,0.05,6.4,121.6,61.44,61.44,paid,delivered,True,20260903
ORD-0003099-1,ORD-0003099,2026-08-18,归溟幽灵鲨-日用生活,1,99.0,0.1,9.9,89.1,45.54,45.54,paid,delivered,True,20260903
ORD-0003099-2,ORD-0003099,2026-08-18,维娜·维多利亚-手办模玩,1,699.0,0.1,69.9,629.1,433.38,433.38,paid,delivered,True,20260903
ORD-0003100-1,ORD-0003100,2026-06-09,塑心-装饰摆件,1,89.0,0.0,0.0,89.0,37.38,37.38,paid,delivered,True,20260903
ORD-0003101-1,ORD-0003101,2026-06-13,余-装饰摆件,1,89.0,0.0,0.0,89.0,37.38,37.38,paid,delivered,True,20260903
ORD-0003101-2,ORD-0003101,2026-06-13,余-日用生活,1,99.0,0.0,0.0,99.0,45.54,45.54,paid,delivered,True,20260903
ORD-0003102-1,ORD-0003102,2026-07-16,予愿安洁莉娜-亚克力制品,1,48.0,0.05,2.4,45.6,16.8,16.8,paid,delivered,True,20260903
ORD-0003103-1,ORD-0003103,2026-07-21,纯烬艾雅法拉-装饰摆件,1,89.0,0.0,0.0,89.0,37.38,37.38,paid,delivered,True,20260903
ORD-0003104-1,ORD-0003104,2026-07-27,维娜·维多利亚-毛绒玩偶,1,128.0,0.0,0.0,128.0,61.44,61.44,paid,delivered,True,20260903
ORD-0003105-1,ORD-0003105,2026-08-05,重岳-手办模玩,1,699.0,0.1,69.9,629.1,433.38,433.38,paid,delivered,True,20260903
ORD-0003106-1,ORD-0003106,2026-06-25,黍-吧唧（徽章）,1,18.0,0.0,0.0,18.0,5.4,5.4,paid,delivered,True,20260903
ORD-0003107-1,ORD-0003107,2026-06-03,凛御银灰-日用生活,1,99.0,0.0,0.0,99.0,45.54,45.54,paid,delivered,True,20260903
ORD-0003108-1,ORD-0003108,2026-06-07,归溟幽灵鲨-亚克力制品,1,48.0,0.1,4.8,43.2,16.8,16.8,paid,delivered,True,20260903
ORD-0003109-1,ORD-0003109,2026-06-11,司霆惊蛰-亚克力制品,1,48.0,0.05,2.4,45.6,16.8,16.8,paid,delivered,True,20260903
ORD-0003109-2,ORD-0003109,2026-06-11,缄默德克萨斯-通行证,1,39.0,0.1,3.9,35.1,12.48,12.48,paid,delivered,True,20260903
ORD-0003110-1,ORD-0003110,2026-06-21,缇缇-毛绒玩偶,1,128.0,0.0,0.0,128.0,61.44,61.44,paid,delivered,True,20260903
ORD-0003111-1,ORD-0003111,2026-06-28,缇缇-装饰摆件,1,89.0,0.0,0.0,89.0,37.38,37.38,paid,delivered,True,20260903
ORD-0003111-2,ORD-0003111,2026-06-28,死芒-装饰摆件,1,89.0,0.0,0.0,89.0,37.38,37.38,paid,delivered,True,20260903
ORD-0003112-1,ORD-0003112,2026-06-18,荒芜拉普兰德-通行证,2,39.0,0.0,0.0,78.0,12.48,24.96,paid,delivered,True,20260903
ORD-0003112-2,ORD-0003112,2026-06-18,新约能天使-装饰摆件,1,89.0,0.0,0.0,89.0,37.38,37.38,paid,delivered,True,20260903
ORD-0003113-1,ORD-0003113,2026-06-19,酒神-日用生活,1,99.0,0.15,14.85,84.15,45.54,45.54,paid,delivered,True,20260903
ORD-0003114-1,ORD-0003114,2026-07-19,贝洛内-装饰摆件,1,89.0,0.0,0.0,89.0,37.38,37.38,paid,delivered,True,20260903
ORD-0003115-1,ORD-0003115,2026-07-18,塑心-手办模玩,1,699.0,0.0,0.0,699.0,433.38,433.38,cancelled,cancelled,True,20260903
ORD-0003116-1,ORD-0003116,2026-06-12,新约能天使-装饰摆件,2,89.0,0.0,0.0,178.0,37.38,74.76,paid,delivered,True,20260903
ORD-0003117-1,ORD-0003117,2026-06-11,司霆惊蛰-毛绒玩偶,2,128.0,0.0,0.0,256.0,61.44,122.88,paid,delivered,True,20260903
ORD-0003117-2,ORD-0003117,2026-06-11,望-亚克力制品,2,48.0,0.0,0.0,96.0,16.8,33.6,paid,delivered,True,20260903
ORD-0003118-1,ORD-0003118,2026-07-28,娜斯提-日用生活,1,99.0,0.1,9.9,89.1,45.54,45.54,paid,delivered,True,20260903
ORD-0003119-1,ORD-0003119,2026-07-05,重岳-手办模玩,1,699.0,0.05,34.95,664.05,433.38,433.38,paid,delivered,True,20260903
ORD-0003120-1,ORD-0003120,2026-07-29,新约能天使-日用生活,1,99.0,0.1,9.9,89.1,45.54,45.54,cancelled,cancelled,True,20260903
ORD-0003121-1,ORD-0003121,2026-07-15,斩业星熊-手办模玩,1,699.0,0.0,0.0,699.0,433.38,433.38,paid,delivered,True,20260903
ORD-0003121-2,ORD-0003121,2026-07-15,纯烬艾雅法拉-日用生活,1,99.0,0.05,4.95,94.05,45.54,45.54,paid,delivered,True,20260903
ORD-0003121-3,ORD-0003121,2026-07-15,赤刃明霄陈-亚克力制品,1,48.0,0.0,0.0,48.0,16.8,16.8,paid,delivered,True,20260903
ORD-0003122-1,ORD-0003122,2026-07-28,娜斯提-日用生活,1,99.0,0.0,0.0,99.0,45.54,45.54,paid,delivered,True,20260903
ORD-0003123-1,ORD-0003123,2026-07-27,归溟幽灵鲨-毛绒玩偶,1,128.0,0.0,0.0,128.0,61.44,61.44,paid,delivered,True,20260903
ORD-0003123-2,ORD-0003123,2026-07-27,维娜·维多利亚-装饰摆件,2,89.0,0.0,0.0,178.0,37.38,74.76,paid,delivered,True,20260903
ORD-0003124-1,ORD-0003124,2026-06-17,望-吧唧（徽章）,2,18.0,0.0,0.0,36.0,5.4,10.8,paid,delivered,True,20260903
ORD-0003124-2,ORD-0003124,2026-06-17,凯尔希·思衡托-亚克力制品,1,48.0,0.0,0.0,48.0,16.8,16.8,paid,delivered,True,20260903
ORD-0003124-3,ORD-0003124,2026-06-17,赤刃明霄陈-通行证,1,39.0,0.1,3.9,35.1,12.48,12.48,paid,delivered,True,20260903
ORD-0003125-1,ORD-0003125,2026-08-11,黍-吧唧（徽章）,1,18.0,0.0,0.0,18.0,5.4,5.4,paid,delivered,True,20260903
ORD-0003126-1,ORD-0003126,2026-07-18,重岳-日用生活,1,99.0,0.1,9.9,89.1,45.54,45.54,paid,delivered,True,20260903
ORD-0003127-1,ORD-0003127,2026-07-25,佩佩-手办模玩,2,699.0,0.1,139.8,1258.2,433.38,866.76,paid,delivered,True,20260903
ORD-0003128-1,ORD-0003128,2026-08-08,维娜·维多利亚-通行证,1,39.0,0.1,3.9,35.1,12.48,12.48,paid,delivered,True,20260903
ORD-0003129-1,ORD-0003129,2026-06-23,真言-亚克力制品,1,48.0,0.1,4.8,43.2,16.8,16.8,paid,delivered,True,20260903
ORD-0003130-1,ORD-0003130,2026-08-23,焰狐龙梓兰-装饰摆件,1,89.0,0.05,4.45,84.55,37.38,37.38,paid,delivered,True,20260903
ORD-0003131-1,ORD-0003131,2026-06-29,荒芜拉普兰德-日用生活,1,99.0,0.0,0.0,99.0,45.54,45.54,paid,delivered,True,20260903
ORD-0003132-1,ORD-0003132,2026-07-24,司霆惊蛰-通行证,1,39.0,0.0,0.0,39.0,12.48,12.48,paid,delivered,True,20260903
ORD-0003132-2,ORD-0003132,2026-07-24,维娜·维多利亚-毛绒玩偶,1,128.0,0.1,12.8,115.2,61.44,61.44,paid,delivered,True,20260903
ORD-0003133-1,ORD-0003133,2026-06-19,望-装饰摆件,1,89.0,0.15,13.35,75.65,37.38,37.38,paid,delivered,True,20260903
ORD-0003133-2,ORD-0003133,2026-06-19,望-毛绒玩偶,1,128.0,0.1,12.8,115.2,61.44,61.44,paid,delivered,True,20260903
ORD-0003134-1,ORD-0003134,2026-06-16,荒芜拉普兰德-吧唧（徽章）,1,18.0,0.05,0.9,17.1,5.4,5.4,paid,delivered,True,20260903
ORD-0003135-1,ORD-0003135,2026-08-29,新约能天使-亚克力制品,1,48.0,0.05,2.4,45.6,16.8,16.8,paid,delivered,True,20260903
ORD-0003136-1,ORD-0003136,2026-08-11,归溟幽灵鲨-手办模玩,3,699.0,0.15,314.55,1782.45,433.38,1300.14,paid,delivered,True,20260903
ORD-0003137-1,ORD-0003137,2026-07-15,缇缇-手办模玩,1,699.0,0.05,34.95,664.05,433.38,433.38,paid,shipped,True,20260903
ORD-0003138-1,ORD-0003138,2026-06-21,黍-日用生活,1,99.0,0.0,0.0,99.0,45.54,45.54,paid,delivered,True,20260903
ORD-0003139-1,ORD-0003139,2026-08-12,缄默德克萨斯-毛绒玩偶,1,128.0,0.0,0.0,128.0,61.44,61.44,paid,delivered,True,20260903
ORD-0003139-2,ORD-0003139,2026-08-12,纯烬艾雅法拉-装饰摆件,1,89.0,0.1,8.9,80.1,37.38,37.38,paid,delivered,True,20260903
ORD-0003140-1,ORD-0003140,2026-08-02,凛御银灰-亚克力制品,1,48.0,0.0,0.0,48.0,16.8,16.8,paid,delivered,True,20260903
ORD-0003141-1,ORD-0003141,2026-06-28,缪尔赛思-亚克力制品,1,48.0,0.0,0.0,48.0,16.8,16.8,paid,delivered,True,20260903
ORD-0003142-1,ORD-0003142,2026-06-26,缄默德克萨斯-亚克力制品,3,48.0,0.05,7.2,136.8,16.8,50.4,paid,delivered,True,20260903
ORD-0003143-1,ORD-0003143,2026-07-27,谬因-日用生活,1,99.0,0.1,9.9,89.1,45.54,45.54,paid,delivered,True,20260903
ORD-0003143-2,ORD-0003143,2026-07-27,塑心-毛绒玩偶,1,128.0,0.0,0.0,128.0,61.44,61.44,paid,delivered,True,20260903
ORD-0003143-3,ORD-0003143,2026-07-27,维娜·维多利亚-亚克力制品,1,48.0,0.05,2.4,45.6,16.8,16.8,paid,delivered,True,20260903
ORD-0003144-1,ORD-0003144,2026-06-18,赤刃明霄陈-装饰摆件,1,89.0,0.0,0.0,89.0,37.38,37.38,paid,delivered,True,20260903
ORD-0003145-1,ORD-0003145,2026-06-20,凛御银灰-装饰摆件,1,89.0,0.0,0.0,89.0,37.38,37.38,paid,delivered,True,20260903
ORD-0003146-1,ORD-0003146,2026-06-16,予愿安洁莉娜-吧唧（徽章）,1,18.0,0.05,0.9,17.1,5.4,5.4,paid,delivered,True,20260903
ORD-0003147-1,ORD-0003147,2026-08-10,荒芜拉普兰德-装饰摆件,1,89.0,0.1,8.9,80.1,37.38,37.38,paid,delivered,True,20260903
ORD-0003147-2,ORD-0003147,2026-08-10,纯烬艾雅法拉-吧唧（徽章）,1,18.0,0.1,1.8,16.2,5.4,5.4,paid,delivered,True,20260903
ORD-0003148-1,ORD-0003148,2026-06-19,望-通行证,1,39.0,0.0,0.0,39.0,12.48,12.48,paid,delivered,True,20260903
ORD-0003148-2,ORD-0003148,2026-06-19,塑心-装饰摆件,1,89.0,0.1,8.9,80.1,37.38,37.38,paid,delivered,True,20260903
ORD-0003149-1,ORD-0003149,2026-07-31,新约能天使-日用生活,1,99.0,0.0,0.0,99.0,45.54,45.54,paid,delivered,True,20260903
ORD-0003149-2,ORD-0003149,2026-07-31,死芒-毛绒玩偶,1,128.0,0.0,0.0,128.0,61.44,61.44,paid,delivered,True,20260903
ORD-0003150-1,ORD-0003150,2026-08-08,重岳-通行证,2,39.0,0.05,3.9,74.1,12.48,24.96,paid,delivered,True,20260903
ORD-0003151-1,ORD-0003151,2026-07-15,予愿安洁莉娜-吧唧（徽章）,2,18.0,0.15,5.4,30.6,5.4,10.8,paid,delivered,True,20260903
ORD-0003152-1,ORD-0003152,2026-07-26,缪尔赛思-日用生活,1,99.0,0.1,9.9,89.1,45.54,45.54,paid,delivered,True,20260903
ORD-0003153-1,ORD-0003153,2026-06-08,酒神-通行证,1,39.0,0.15,5.85,33.15,12.48,12.48,paid,delivered,True,20260903
ORD-0003153-2,ORD-0003153,2026-06-08,望-毛绒玩偶,2,128.0,0.05,12.8,243.2,61.44,122.88,paid,delivered,True,20260903
ORD-0003154-1,ORD-0003154,2026-08-20,纯烬艾雅法拉-吧唧（徽章）,1,18.0,0.0,0.0,18.0,5.4,5.4,paid,delivered,True,20260903
ORD-0003155-1,ORD-0003155,2026-08-07,贝洛内-吧唧（徽章）,1,18.0,0.05,0.9,17.1,5.4,5.4,paid,delivered,True,20260903
ORD-0003155-2,ORD-0003155,2026-08-07,新约能天使-吧唧（徽章）,1,18.0,0.0,0.0,18.0,5.4,5.4,paid,delivered,True,20260903
ORD-0003155-3,ORD-0003155,2026-08-07,凯尔希·思衡托-日用生活,2,99.0,0.0,0.0,198.0,45.54,91.08,paid,delivered,True,20260903
ORD-0003156-1,ORD-0003156,2026-08-24,斩业星熊-通行证,1,39.0,0.0,0.0,39.0,12.48,12.48,paid,delivered,True,20260903
ORD-0003157-1,ORD-0003157,2026-07-15,贝洛内-装饰摆件,1,89.0,0.0,0.0,89.0,37.38,37.38,paid,delivered,True,20260903
ORD-0003158-1,ORD-0003158,2026-08-18,维娜·维多利亚-手办模玩,2,699.0,0.0,0.0,1398.0,433.38,866.76,paid,shipped,True,20260903
ORD-0003159-1,ORD-0003159,2026-07-11,焰狐龙梓兰-日用生活,1,99.0,0.05,4.95,94.05,45.54,45.54,paid,shipped,True,20260903
ORD-0003160-1,ORD-0003160,2026-06-19,赤刃明霄陈-装饰摆件,1,89.0,0.0,0.0,89.0,37.38,37.38,paid,shipped,True,20260903
ORD-0003161-1,ORD-0003161,2026-08-04,荒芜拉普兰德-装饰摆件,1,89.0,0.1,8.9,80.1,37.38,37.38,paid,delivered,True,20260903
ORD-0003161-2,ORD-0003161,2026-08-04,缪尔赛思-吧唧（徽章）,1,18.0,0.0,0.0,18.0,5.4,5.4,paid,delivered,True,20260903
ORD-0003162-1,ORD-0003162,2026-07-22,予愿安洁莉娜-日用生活,1,99.0,0.1,9.9,89.1,45.54,45.54,paid,delivered,True,20260903
ORD-0003162-2,ORD-0003162,2026-07-22,望-亚克力制品,1,48.0,0.0,0.0,48.0,16.8,16.8,paid,delivered,True,20260903
ORD-0003163-1,ORD-0003163,2026-07-04,新约能天使-通行证,1,39.0,0.0,0.0,39.0,12.48,12.48,paid,delivered,True,20260903
ORD-0003163-2,ORD-0003163,2026-07-04,缇缇-亚克力制品,1,48.0,0.1,4.8,43.2,16.8,16.8,paid,delivered,True,20260903
ORD-0003164-1,ORD-0003164,2026-07-30,贝洛内-日用生活,3,99.0,0.1,29.7,267.3,45.54,136.62,paid,delivered,True,20260903
ORD-0003165-1,ORD-0003165,2026-08-10,斩业星熊-毛绒玩偶,1,128.0,0.05,6.4,121.6,61.44,61.44,paid,delivered,True,20260903
ORD-0003166-1,ORD-0003166,2026-08-15,结城理-手办模玩,1,699.0,0.0,0.0,699.0,433.38,433.38,paid,delivered,True,20260903
ORD-0003166-2,ORD-0003166,2026-08-15,纯烬艾雅法拉-毛绒玩偶,1,128.0,0.0,0.0,128.0,61.44,61.44,paid,delivered,True,20260903
ORD-0003166-3,ORD-0003166,2026-08-15,塑心-亚克力制品,1,48.0,0.0,0.0,48.0,16.8,16.8,paid,delivered,True,20260903
ORD-0003167-1,ORD-0003167,2026-07-19,酒神-日用生活,1,99.0,0.0,0.0,99.0,45.54,45.54,paid,delivered,True,20260903
ORD-0003167-2,ORD-0003167,2026-07-19,缄默德克萨斯-日用生活,1,99.0,0.0,0.0,99.0,45.54,45.54,paid,delivered,True,20260903
ORD-0003167-3,ORD-0003167,2026-07-19,真言-毛绒玩偶,1,128.0,0.0,0.0,128.0,61.44,61.44,paid,delivered,True,20260903
ORD-0003168-1,ORD-0003168,2026-06-10,娜斯提-亚克力制品,1,48.0,0.0,0.0,48.0,16.8,16.8,paid,delivered,True,20260903
ORD-0003169-1,ORD-0003169,2026-06-18,赤刃明霄陈-亚克力制品,1,48.0,0.0,0.0,48.0,16.8,16.8,paid,delivered,True,20260903
ORD-0003170-1,ORD-0003170,2026-07-16,重岳-装饰摆件,1,89.0,0.05,4.45,84.55,37.38,37.38,paid,delivered,True,20260903
ORD-0003170-2,ORD-0003170,2026-07-16,凛御银灰-亚克力制品,1,48.0,0.1,4.8,43.2,16.8,16.8,paid,delivered,True,20260903
ORD-0003171-1,ORD-0003171,2026-08-05,塑心-毛绒玩偶,1,128.0,0.1,12.8,115.2,61.44,61.44,paid,delivered,True,20260903
ORD-0003172-1,ORD-0003172,2026-08-24,望-亚克力制品,3,48.0,0.0,0.0,144.0,16.8,50.4,paid,delivered,True,20260903
ORD-0003172-2,ORD-0003172,2026-08-24,斩业星熊-亚克力制品,1,48.0,0.0,0.0,48.0,16.8,16.8,paid,delivered,True,20260903
ORD-0003173-1,ORD-0003173,2026-07-01,黍-吧唧（徽章）,1,18.0,0.1,1.8,16.2,5.4,5.4,paid,delivered,True,20260903
ORD-0003174-1,ORD-0003174,2026-07-23,缪尔赛思-毛绒玩偶,1,128.0,0.1,12.8,115.2,61.44,61.44,paid,shipped,True,20260903
ORD-0003175-1,ORD-0003175,2026-08-06,怒潮凛冬-毛绒玩偶,1,128.0,0.15,19.2,108.8,61.44,61.44,paid,delivered,True,20260903
ORD-0003176-1,ORD-0003176,2026-07-18,凛御银灰-通行证,1,39.0,0.1,3.9,35.1,12.48,12.48,cancelled,cancelled,True,20260903
ORD-0003176-2,ORD-0003176,2026-07-18,凯尔希·思衡托-日用生活,1,99.0,0.0,0.0,99.0,45.54,45.54,cancelled,cancelled,True,20260903
ORD-0003176-3,ORD-0003176,2026-07-18,黍-亚克力制品,1,48.0,0.15,7.2,40.8,16.8,16.8,cancelled,cancelled,True,20260903
ORD-0003177-1,ORD-0003177,2026-06-24,予愿安洁莉娜-亚克力制品,1,48.0,0.0,0.0,48.0,16.8,16.8,paid,pending,True,20260903
ORD-0003178-1,ORD-0003178,2026-06-20,予愿安洁莉娜-毛绒玩偶,2,128.0,0.0,0.0,256.0,61.44,122.88,paid,delivered,True,20260903
ORD-0003179-1,ORD-0003179,2026-08-06,司霆惊蛰-手办模玩,1,699.0,0.1,69.9,629.1,433.38,433.38,paid,shipped,True,20260903
ORD-0003180-1,ORD-0003180,2026-06-22,新约能天使-日用生活,1,99.0,0.0,0.0,99.0,45.54,45.54,paid,delivered,True,20260903
ORD-0003181-1,ORD-0003181,2026-06-24,凯尔希·思衡托-通行证,1,39.0,0.05,1.95,37.05,12.48,12.48,paid,shipped,True,20260903
ORD-0003182-1,ORD-0003182,2026-08-06,焰狐龙梓兰-装饰摆件,1,89.0,0.05,4.45,84.55,37.38,37.38,paid,shipped,True,20260903
ORD-0003182-2,ORD-0003182,2026-08-06,赤刃明霄陈-日用生活,1,99.0,0.0,0.0,99.0,45.54,45.54,paid,shipped,True,20260903
ORD-0003183-1,ORD-0003183,2026-08-21,真言-日用生活,1,99.0,0.15,14.85,84.15,45.54,45.54,paid,delivered,True,20260903
ORD-0003184-1,ORD-0003184,2026-06-18,Mon3tr-吧唧（徽章）,1,18.0,0.05,0.9,17.1,5.4,5.4,paid,delivered,True,20260903
ORD-0003184-2,ORD-0003184,2026-06-18,佩佩-亚克力制品,1,48.0,0.0,0.0,48.0,16.8,16.8,paid,delivered,True,20260903
ORD-0003185-1,ORD-0003185,2026-06-21,斩业星熊-毛绒玩偶,1,128.0,0.05,6.4,121.6,61.44,61.44,paid,delivered,True,20260903
ORD-0003186-1,ORD-0003186,2026-08-29,余-亚克力制品,1,48.0,0.05,2.4,45.6,16.8,16.8,paid,delivered,True,20260903
ORD-0003186-2,ORD-0003186,2026-08-29,凯尔希·思衡托-毛绒玩偶,1,128.0,0.0,0.0,128.0,61.44,61.44,paid,delivered,True,20260903
ORD-0003186-3,ORD-0003186,2026-08-29,凯尔希·思衡托-吧唧（徽章）,1,18.0,0.0,0.0,18.0,5.4,5.4,paid,delivered,True,20260903
ORD-0003187-1,ORD-0003187,2026-06-08,塑心-吧唧（徽章）,1,18.0,0.1,1.8,16.2,5.4,5.4,paid,delivered,True,20260903
ORD-0003187-2,ORD-0003187,2026-06-08,凯尔希·思衡托-手办模玩,1,699.0,0.05,34.95,664.05,433.38,433.38,paid,delivered,True,20260903
ORD-0003188-1,ORD-0003188,2026-06-20,真言-手办模玩,1,699.0,0.1,69.9,629.1,433.38,433.38,paid,delivered,True,20260903
ORD-0003189-1,ORD-0003189,2026-08-19,新约能天使-日用生活,1,99.0,0.0,0.0,99.0,45.54,45.54,paid,shipped,True,20260903
ORD-0003190-1,ORD-0003190,2026-06-06,赤刃明霄陈-通行证,1,39.0,0.05,1.95,37.05,12.48,12.48,paid,delivered,True,20260903
ORD-0003191-1,ORD-0003191,2026-06-25,斩业星熊-日用生活,1,99.0,0.1,9.9,89.1,45.54,45.54,paid,pending,True,20260903
ORD-0003192-1,ORD-0003192,2026-06-09,娜斯提-手办模玩,1,699.0,0.0,0.0,699.0,433.38,433.38,paid,delivered,True,20260903
ORD-0003193-1,ORD-0003193,2026-08-03,佩佩-日用生活,1,99.0,0.0,0.0,99.0,45.54,45.54,paid,delivered,True,20260903
ORD-0003193-2,ORD-0003193,2026-08-03,维娜·维多利亚-通行证,1,39.0,0.15,5.85,33.15,12.48,12.48,paid,delivered,True,20260903
ORD-0003194-1,ORD-0003194,2026-07-15,怒潮凛冬-手办模玩,1,699.0,0.0,0.0,699.0,433.38,433.38,paid,delivered,True,20260903
ORD-0003195-1,ORD-0003195,2026-06-12,司霆惊蛰-手办模玩,1,699.0,0.1,69.9,629.1,433.38,433.38,cancelled,cancelled,True,20260903
ORD-0003195-2,ORD-0003195,2026-06-12,归溟幽灵鲨-装饰摆件,2,89.0,0.0,0.0,178.0,37.38,74.76,cancelled,cancelled,True,20260903
ORD-0003195-3,ORD-0003195,2026-06-12,缪尔赛思-吧唧（徽章）,2,18.0,0.05,1.8,34.2,5.4,10.8,cancelled,cancelled,True,20260903
ORD-0003196-1,ORD-0003196,2026-08-20,赤刃明霄陈-日用生活,1,99.0,0.0,0.0,99.0,45.54,45.54,paid,delivered,True,20260903
ORD-0003196-2,ORD-0003196,2026-08-20,纯烬艾雅法拉-通行证,1,39.0,0.05,1.95,37.05,12.48,12.48,paid,delivered,True,20260903
ORD-0003197-1,ORD-0003197,2026-06-12,缄默德克萨斯-亚克力制品,1,48.0,0.0,0.0,48.0,16.8,16.8,paid,delivered,True,20260903
ORD-0003197-2,ORD-0003197,2026-06-12,赤刃明霄陈-通行证,1,39.0,0.05,1.95,37.05,12.48,12.48,paid,delivered,True,20260903
ORD-0003198-1,ORD-0003198,2026-08-21,结城理-亚克力制品,2,48.0,0.05,4.8,91.2,16.8,33.6,paid,delivered,True,20260903
ORD-0003199-1,ORD-0003199,2026-08-19,结城理-装饰摆件,1,89.0,0.0,0.0,89.0,37.38,37.38,paid,delivered,True,20260903
ORD-0003199-2,ORD-0003199,2026-08-19,结城理-手办模玩,1,699.0,0.0,0.0,699.0,433.38,433.38,paid,delivered,True,20260903
ORD-0003200-1,ORD-0003200,2026-07-14,归溟幽灵鲨-通行证,1,39.0,0.1,3.9,35.1,12.48,12.48,paid,delivered,True,20260903
ORD-0003201-1,ORD-0003201,2026-06-27,维娜·维多利亚-亚克力制品,1,48.0,0.1,4.8,43.2,16.8,16.8,paid,delivered,True,20260903
ORD-0003202-1,ORD-0003202,2026-06-12,余-通行证,1,39.0,0.0,0.0,39.0,12.48,12.48,paid,delivered,True,20260903
ORD-0003203-1,ORD-0003203,2026-07-30,望-通行证,1,39.0,0.05,1.95,37.05,12.48,12.48,paid,delivered,True,20260903
ORD-0003204-1,ORD-0003204,2026-07-16,死芒-毛绒玩偶,1,128.0,0.0,0.0,128.0,61.44,61.44,paid,delivered,True,20260903
ORD-0003204-2,ORD-0003204,2026-07-16,娜斯提-亚克力制品,1,48.0,0.0,0.0,48.0,16.8,16.8,paid,delivered,True,20260903
ORD-0003205-1,ORD-0003205,2026-07-08,结城理-手办模玩,1,699.0,0.0,0.0,699.0,433.38,433.38,paid,shipped,True,20260903
ORD-0003206-1,ORD-0003206,2026-06-20,塑心-手办模玩,1,699.0,0.0,0.0,699.0,433.38,433.38,paid,delivered,True,20260903
ORD-0003207-1,ORD-0003207,2026-06-04,余-日用生活,1,99.0,0.0,0.0,99.0,45.54,45.54,cancelled,cancelled,True,20260903
ORD-0003208-1,ORD-0003208,2026-06-06,塑心-日用生活,1,99.0,0.1,9.9,89.1,45.54,45.54,paid,delivered,True,20260903
ORD-0003208-2,ORD-0003208,2026-06-06,斩业星熊-装饰摆件,1,89.0,0.1,8.9,80.1,37.38,37.38,paid,delivered,True,20260903
ORD-0003209-1,ORD-0003209,2026-07-28,塑心-日用生活,1,99.0,0.05,4.95,94.05,45.54,45.54,paid,delivered,True,20260903
ORD-0003210-1,ORD-0003210,2026-06-29,塑心-装饰摆件,1,89.0,0.0,0.0,89.0,37.38,37.38,paid,delivered,True,20260903
ORD-0003211-1,ORD-0003211,2026-06-12,酒神-通行证,1,39.0,0.0,0.0,39.0,12.48,12.48,paid,delivered,True,20260903
ORD-0003212-1,ORD-0003212,2026-08-22,死芒-日用生活,2,99.0,0.05,9.9,188.1,45.54,91.08,paid,delivered,True,20260903
ORD-0003213-1,ORD-0003213,2026-07-25,斩业星熊-手办模玩,1,699.0,0.0,0.0,699.0,433.38,433.38,paid,delivered,True,20260903
ORD-0003214-1,ORD-0003214,2026-06-18,真言-装饰摆件,1,89.0,0.0,0.0,89.0,37.38,37.38,paid,delivered,True,20260903
ORD-0003215-1,ORD-0003215,2026-06-13,佩佩-吧唧（徽章）,1,18.0,0.1,1.8,16.2,5.4,5.4,paid,delivered,True,20260903
ORD-0003216-1,ORD-0003216,2026-06-03,凛御银灰-日用生活,2,99.0,0.05,9.9,188.1,45.54,91.08,paid,delivered,True,20260903
ORD-0003217-1,ORD-0003217,2026-08-24,凯尔希·思衡托-毛绒玩偶,1,128.0,0.1,12.8,115.2,61.44,61.44,paid,delivered,True,20260903
ORD-0003218-1,ORD-0003218,2026-06-17,死芒-手办模玩,1,699.0,0.1,69.9,629.1,433.38,433.38,paid,delivered,True,20260903
ORD-0003219-1,ORD-0003219,2026-08-29,死芒-通行证,1,39.0,0.0,0.0,39.0,12.48,12.48,paid,delivered,True,20260903
ORD-0003220-1,ORD-0003220,2026-07-25,新约能天使-亚克力制品,1,48.0,0.05,2.4,45.6,16.8,16.8,paid,delivered,True,20260903
ORD-0003221-1,ORD-0003221,2026-08-21,结城理-手办模玩,2,699.0,0.0,0.0,1398.0,433.38,866.76,cancelled,cancelled,True,20260903
ORD-0003222-1,ORD-0003222,2026-08-10,塑心-毛绒玩偶,2,128.0,0.0,0.0,256.0,61.44,122.88,paid,delivered,True,20260903
ORD-0003222-2,ORD-0003222,2026-08-10,望-毛绒玩偶,1,128.0,0.15,19.2,108.8,61.44,61.44,paid,delivered,True,20260903
ORD-0003223-1,ORD-0003223,2026-07-19,新约能天使-日用生活,1,99.0,0.05,4.95,94.05,45.54,45.54,paid,delivered,True,20260903
ORD-0003224-1,ORD-0003224,2026-08-19,纯烬艾雅法拉-装饰摆件,1,89.0,0.0,0.0,89.0,37.38,37.38,paid,delivered,True,20260903
ORD-0003225-1,ORD-0003225,2026-07-07,娜斯提-日用生活,1,99.0,0.0,0.0,99.0,45.54,45.54,paid,delivered,True,20260903
ORD-0003226-1,ORD-0003226,2026-06-17,司霆惊蛰-手办模玩,1,699.0,0.05,34.95,664.05,433.38,433.38,paid,delivered,True,20260903
ORD-0003227-1,ORD-0003227,2026-06-10,余-亚克力制品,3,48.0,0.0,0.0,144.0,16.8,50.4,paid,delivered,True,20260903
ORD-0003228-1,ORD-0003228,2026-06-20,谬因-手办模玩,1,699.0,0.0,0.0,699.0,433.38,433.38,paid,delivered,True,20260903
ORD-0003229-1,ORD-0003229,2026-07-30,荒芜拉普兰德-亚克力制品,1,48.0,0.0,0.0,48.0,16.8,16.8,paid,delivered,True,20260903
ORD-0003230-1,ORD-0003230,2026-06-18,缄默德克萨斯-通行证,1,39.0,0.05,1.95,37.05,12.48,12.48,paid,delivered,True,20260903
ORD-0003231-1,ORD-0003231,2026-06-23,谬因-手办模玩,1,699.0,0.0,0.0,699.0,433.38,433.38,paid,delivered,True,20260903
ORD-0003231-2,ORD-0003231,2026-06-23,黍-通行证,1,39.0,0.0,0.0,39.0,12.48,12.48,paid,delivered,True,20260903
ORD-0003232-1,ORD-0003232,2026-07-11,结城理-吧唧（徽章）,1,18.0,0.05,0.9,17.1,5.4,5.4,paid,delivered,True,20260903
ORD-0003233-1,ORD-0003233,2026-07-21,余-毛绒玩偶,1,128.0,0.05,6.4,121.6,61.44,61.44,paid,delivered,True,20260903
ORD-0003234-1,ORD-0003234,2026-07-09,焰狐龙梓兰-装饰摆件,1,89.0,0.0,0.0,89.0,37.38,37.38,paid,shipped,True,20260903
ORD-0003235-1,ORD-0003235,2026-07-16,重岳-通行证,2,39.0,0.1,7.8,70.2,12.48,24.96,paid,delivered,True,20260903
ORD-0003236-1,ORD-0003236,2026-08-29,予愿安洁莉娜-手办模玩,1,699.0,0.1,69.9,629.1,433.38,433.38,paid,delivered,True,20260903
ORD-0003237-1,ORD-0003237,2026-07-24,新约能天使-吧唧（徽章）,1,18.0,0.0,0.0,18.0,5.4,5.4,paid,delivered,True,20260903
ORD-0003238-1,ORD-0003238,2026-08-03,新约能天使-日用生活,2,99.0,0.05,9.9,188.1,45.54,91.08,paid,delivered,True,20260903
ORD-0003239-1,ORD-0003239,2026-06-20,余-吧唧（徽章）,1,18.0,0.05,0.9,17.1,5.4,5.4,paid,delivered,True,20260903
ORD-0003239-2,ORD-0003239,2026-06-20,司霆惊蛰-日用生活,1,99.0,0.0,0.0,99.0,45.54,45.54,paid,delivered,True,20260903
ORD-0003240-1,ORD-0003240,2026-06-23,归溟幽灵鲨-亚克力制品,1,48.0,0.1,4.8,43.2,16.8,16.8,paid,delivered,True,20260903
ORD-0003241-1,ORD-0003241,2026-08-25,余-毛绒玩偶,1,128.0,0.0,0.0,128.0,61.44,61.44,paid,delivered,True,20260903
ORD-0003241-2,ORD-0003241,2026-08-25,贝洛内-亚克力制品,1,48.0,0.0,0.0,48.0,16.8,16.8,paid,delivered,True,20260903
ORD-0003242-1,ORD-0003242,2026-08-23,Mon3tr-装饰摆件,1,89.0,0.0,0.0,89.0,37.38,37.38,paid,delivered,True,20260903
ORD-0003242-2,ORD-0003242,2026-08-23,Mon3tr-吧唧（徽章）,1,18.0,0.0,0.0,18.0,5.4,5.4,paid,delivered,True,20260903
ORD-0003242-3,ORD-0003242,2026-08-23,望-装饰摆件,1,89.0,0.0,0.0,89.0,37.38,37.38,paid,delivered,True,20260903
ORD-0003243-1,ORD-0003243,2026-06-01,凯尔希·思衡托-吧唧（徽章）,1,18.0,0.1,1.8,16.2,5.4,5.4,paid,delivered,True,20260903
ORD-0003244-1,ORD-0003244,2026-07-11,司霆惊蛰-通行证,1,39.0,0.0,0.0,39.0,12.48,12.48,paid,delivered,True,20260903
ORD-0003244-2,ORD-0003244,2026-07-11,司霆惊蛰-日用生活,1,99.0,0.0,0.0,99.0,45.54,45.54,paid,delivered,True,20260903
ORD-0003245-1,ORD-0003245,2026-07-19,司霆惊蛰-毛绒玩偶,1,128.0,0.0,0.0,128.0,61.44,61.44,paid,delivered,True,20260903
ORD-0003246-1,ORD-0003246,2026-08-23,娜斯提-通行证,1,39.0,0.0,0.0,39.0,12.48,12.48,cancelled,cancelled,True,20260903
ORD-0003247-1,ORD-0003247,2026-08-03,塑心-装饰摆件,1,89.0,0.0,0.0,89.0,37.38,37.38,paid,delivered,True,20260903
ORD-0003248-1,ORD-0003248,2026-07-07,归溟幽灵鲨-毛绒玩偶,1,128.0,0.0,0.0,128.0,61.44,61.44,paid,delivered,True,20260903
ORD-0003249-1,ORD-0003249,2026-06-06,死芒-手办模玩,1,699.0,0.05,34.95,664.05,433.38,433.38,paid,delivered,True,20260903
ORD-0003250-1,ORD-0003250,2026-07-21,Mon3tr-毛绒玩偶,1,128.0,0.0,0.0,128.0,61.44,61.44,paid,delivered,True,20260903
ORD-0003250-2,ORD-0003250,2026-07-21,纯烬艾雅法拉-日用生活,1,99.0,0.05,4.95,94.05,45.54,45.54,paid,delivered,True,20260903
ORD-0003250-3,ORD-0003250,2026-07-21,缪尔赛思-装饰摆件,1,89.0,0.0,0.0,89.0,37.38,37.38,paid,delivered,True,20260903
ORD-0003251-1,ORD-0003251,2026-08-21,死芒-毛绒玩偶,1,128.0,0.1,12.8,115.2,61.44,61.44,paid,delivered,True,20260903
ORD-0003252-1,ORD-0003252,2026-06-13,望-日用生活,3,99.0,0.0,0.0,297.0,45.54,136.62,paid,delivered,True,20260903
ORD-0003253-1,ORD-0003253,2026-06-07,赤刃明霄陈-日用生活,1,99.0,0.05,4.95,94.05,45.54,45.54,paid,delivered,True,20260903
ORD-0003254-1,ORD-0003254,2026-06-24,纯烬艾雅法拉-亚克力制品,1,48.0,0.0,0.0,48.0,16.8,16.8,paid,delivered,True,20260903
ORD-0003254-2,ORD-0003254,2026-06-24,缄默德克萨斯-毛绒玩偶,1,128.0,0.05,6.4,121.6,61.44,61.44,paid,delivered,True,20260903
ORD-0003255-1,ORD-0003255,2026-06-10,维娜·维多利亚-手办模玩,1,699.0,0.0,0.0,699.0,433.38,433.38,paid,delivered,True,20260903
ORD-0003255-2,ORD-0003255,2026-06-10,新约能天使-亚克力制品,1,48.0,0.1,4.8,43.2,16.8,16.8,paid,delivered,True,20260903
ORD-0003256-1,ORD-0003256,2026-07-04,赤刃明霄陈-毛绒玩偶,1,128.0,0.0,0.0,128.0,61.44,61.44,paid,delivered,True,20260903
ORD-0003257-1,ORD-0003257,2026-06-16,焰狐龙梓兰-吧唧（徽章）,2,18.0,0.1,3.6,32.4,5.4,10.8,cancelled,cancelled,True,20260903
ORD-0003258-1,ORD-0003258,2026-07-13,司霆惊蛰-吧唧（徽章）,1,18.0,0.15,2.7,15.3,5.4,5.4,paid,delivered,True,20260903
ORD-0003259-1,ORD-0003259,2026-07-31,缪尔赛思-亚克力制品,1,48.0,0.0,0.0,48.0,16.8,16.8,paid,delivered,True,20260903
ORD-0003260-1,ORD-0003260,2026-08-27,凛御银灰-日用生活,1,99.0,0.0,0.0,99.0,45.54,45.54,paid,delivered,True,20260903
ORD-0003261-1,ORD-0003261,2026-06-10,焰狐龙梓兰-亚克力制品,1,48.0,0.0,0.0,48.0,16.8,16.8,paid,delivered,True,20260903
ORD-0003262-1,ORD-0003262,2026-06-18,荒芜拉普兰德-装饰摆件,1,89.0,0.05,4.45,84.55,37.38,37.38,paid,delivered,True,20260903
ORD-0003263-1,ORD-0003263,2026-07-27,荒芜拉普兰德-亚克力制品,1,48.0,0.15,7.2,40.8,16.8,16.8,paid,delivered,True,20260903
ORD-0003264-1,ORD-0003264,2026-07-25,怒潮凛冬-毛绒玩偶,1,128.0,0.0,0.0,128.0,61.44,61.44,paid,delivered,True,20260903
ORD-0003264-2,ORD-0003264,2026-07-25,维娜·维多利亚-装饰摆件,1,89.0,0.0,0.0,89.0,37.38,37.38,paid,delivered,True,20260903
ORD-0003265-1,ORD-0003265,2026-07-15,怒潮凛冬-通行证,1,39.0,0.05,1.95,37.05,12.48,12.48,paid,delivered,True,20260903
ORD-0003265-2,ORD-0003265,2026-07-15,凯尔希·思衡托-毛绒玩偶,1,128.0,0.15,19.2,108.8,61.44,61.44,paid,delivered,True,20260903
ORD-0003266-1,ORD-0003266,2026-07-18,结城理-装饰摆件,1,89.0,0.1,8.9,80.1,37.38,37.38,paid,delivered,True,20260903
ORD-0003267-1,ORD-0003267,2026-07-14,黍-通行证,1,39.0,0.0,0.0,39.0,12.48,12.48,paid,delivered,True,20260903
ORD-0003268-1,ORD-0003268,2026-06-20,余-通行证,2,39.0,0.0,0.0,78.0,12.48,24.96,paid,delivered,True,20260903
ORD-0003269-1,ORD-0003269,2026-06-14,缄默德克萨斯-吧唧（徽章）,1,18.0,0.0,0.0,18.0,5.4,5.4,paid,delivered,True,20260903
ORD-0003270-1,ORD-0003270,2026-07-23,赤刃明霄陈-通行证,1,39.0,0.1,3.9,35.1,12.48,12.48,paid,delivered,True,20260903
ORD-0003271-1,ORD-0003271,2026-06-24,死芒-日用生活,1,99.0,0.05,4.95,94.05,45.54,45.54,paid,delivered,True,20260903
ORD-0003272-1,ORD-0003272,2026-08-27,结城理-日用生活,1,99.0,0.0,0.0,99.0,45.54,45.54,paid,delivered,True,20260903
ORD-0003273-1,ORD-0003273,2026-07-07,娜斯提-亚克力制品,1,48.0,0.0,0.0,48.0,16.8,16.8,paid,delivered,True,20260903
ORD-0003273-2,ORD-0003273,2026-07-07,斩业星熊-亚克力制品,1,48.0,0.0,0.0,48.0,16.8,16.8,paid,delivered,True,20260903
ORD-0003274-1,ORD-0003274,2026-07-02,贝洛内-日用生活,1,99.0,0.1,9.9,89.1,45.54,45.54,cancelled,cancelled,True,20260903
ORD-0003275-1,ORD-0003275,2026-07-23,焰狐龙梓兰-日用生活,1,99.0,0.0,0.0,99.0,45.54,45.54,paid,delivered,True,20260903
ORD-0003276-1,ORD-0003276,2026-07-29,焰狐龙梓兰-手办模玩,1,699.0,0.05,34.95,664.05,433.38,433.38,paid,delivered,True,20260903
ORD-0003276-2,ORD-0003276,2026-07-29,缇缇-毛绒玩偶,1,128.0,0.1,12.8,115.2,61.44,61.44,paid,delivered,True,20260903
ORD-0003277-1,ORD-0003277,2026-08-06,予愿安洁莉娜-手办模玩,2,699.0,0.0,0.0,1398.0,433.38,866.76,paid,delivered,True,20260903
ORD-0003277-2,ORD-0003277,2026-08-06,娜斯提-通行证,1,39.0,0.0,0.0,39.0,12.48,12.48,paid,delivered,True,20260903
ORD-0003277-3,ORD-0003277,2026-08-06,黍-通行证,1,39.0,0.1,3.9,35.1,12.48,12.48,paid,delivered,True,20260903
ORD-0003278-1,ORD-0003278,2026-07-03,娜斯提-吧唧（徽章）,1,18.0,0.1,1.8,16.2,5.4,5.4,paid,delivered,True,20260903
ORD-0003279-1,ORD-0003279,2026-07-08,缇缇-日用生活,1,99.0,0.0,0.0,99.0,45.54,45.54,paid,delivered,True,20260903
ORD-0003280-1,ORD-0003280,2026-08-26,塑心-装饰摆件,1,89.0,0.1,8.9,80.1,37.38,37.38,paid,delivered,True,20260903
ORD-0003280-2,ORD-0003280,2026-08-26,佩佩-亚克力制品,2,48.0,0.05,4.8,91.2,16.8,33.6,paid,delivered,True,20260903
ORD-0003281-1,ORD-0003281,2026-08-01,Mon3tr-吧唧（徽章）,1,18.0,0.05,0.9,17.1,5.4,5.4,paid,delivered,True,20260903
ORD-0003281-2,ORD-0003281,2026-08-01,维娜·维多利亚-通行证,1,39.0,0.1,3.9,35.1,12.48,12.48,paid,delivered,True,20260903
ORD-0003282-1,ORD-0003282,2026-07-21,贝洛内-日用生活,1,99.0,0.0,0.0,99.0,45.54,45.54,paid,delivered,True,20260903
ORD-0003283-1,ORD-0003283,2026-07-24,余-装饰摆件,1,89.0,0.0,0.0,89.0,37.38,37.38,paid,delivered,True,20260903
ORD-0003284-1,ORD-0003284,2026-07-19,死芒-亚克力制品,1,48.0,0.05,2.4,45.6,16.8,16.8,paid,delivered,True,20260903
ORD-0003285-1,ORD-0003285,2026-06-13,纯烬艾雅法拉-亚克力制品,1,48.0,0.1,4.8,43.2,16.8,16.8,paid,delivered,True,20260903
ORD-0003286-1,ORD-0003286,2026-07-13,凛御银灰-亚克力制品,1,48.0,0.0,0.0,48.0,16.8,16.8,paid,delivered,True,20260903
ORD-0003287-1,ORD-0003287,2026-08-23,真言-吧唧（徽章）,1,18.0,0.0,0.0,18.0,5.4,5.4,paid,delivered,True,20260903
ORD-0003288-1,ORD-0003288,2026-06-08,缇缇-亚克力制品,1,48.0,0.0,0.0,48.0,16.8,16.8,paid,delivered,True,20260903
ORD-0003289-1,ORD-0003289,2026-06-16,斩业星熊-吧唧（徽章）,1,18.0,0.0,0.0,18.0,5.4,5.4,paid,delivered,True,20260903
ORD-0003290-1,ORD-0003290,2026-06-22,塑心-装饰摆件,1,89.0,0.0,0.0,89.0,37.38,37.38,paid,delivered,True,20260903
ORD-0003291-1,ORD-0003291,2026-06-17,酒神-手办模玩,1,699.0,0.05,34.95,664.05,433.38,433.38,paid,delivered,True,20260903
ORD-0003292-1,ORD-0003292,2026-06-05,焰狐龙梓兰-装饰摆件,1,89.0,0.0,0.0,89.0,37.38,37.38,paid,delivered,True,20260903
ORD-0003293-1,ORD-0003293,2026-08-27,凛御银灰-装饰摆件,1,89.0,0.15,13.35,75.65,37.38,37.38,paid,delivered,True,20260903
ORD-0003294-1,ORD-0003294,2026-08-16,归溟幽灵鲨-亚克力制品,1,48.0,0.0,0.0,48.0,16.8,16.8,paid,delivered,True,20260903
ORD-0003295-1,ORD-0003295,2026-08-17,司霆惊蛰-毛绒玩偶,1,128.0,0.1,12.8,115.2,61.44,61.44,paid,delivered,True,20260903
ORD-0003296-1,ORD-0003296,2026-08-09,佩佩-日用生活,1,99.0,0.1,9.9,89.1,45.54,45.54,paid,delivered,True,20260903
ORD-0003297-1,ORD-0003297,2026-08-18,荒芜拉普兰德-日用生活,2,99.0,0.0,0.0,198.0,45.54,91.08,paid,delivered,True,20260903
ORD-0003298-1,ORD-0003298,2026-06-20,新约能天使-日用生活,1,99.0,0.0,0.0,99.0,45.54,45.54,paid,delivered,True,20260903
ORD-0003299-1,ORD-0003299,2026-07-18,予愿安洁莉娜-亚克力制品,1,48.0,0.05,2.4,45.6,16.8,16.8,paid,delivered,True,20260903
ORD-0003300-1,ORD-0003300,2026-08-02,斩业星熊-亚克力制品,1,48.0,0.1,4.8,43.2,16.8,16.8,paid,delivered,True,20260903
ORD-0003301-1,ORD-0003301,2026-06-27,维娜·维多利亚-毛绒玩偶,3,128.0,0.05,19.2,364.8,61.44,184.32,paid,delivered,True,20260903
ORD-0003301-2,ORD-0003301,2026-06-27,新约能天使-亚克力制品,1,48.0,0.05,2.4,45.6,16.8,16.8,paid,delivered,True,20260903
ORD-0003302-1,ORD-0003302,2026-06-25,塑心-日用生活,1,99.0,0.05,4.95,94.05,45.54,45.54,paid,delivered,True,20260903
ORD-0003302-2,ORD-0003302,2026-06-25,Mon3tr-装饰摆件,1,89.0,0.05,4.45,84.55,37.38,37.38,paid,delivered,True,20260903
ORD-0003303-1,ORD-0003303,2026-06-27,佩佩-日用生活,1,99.0,0.0,0.0,99.0,45.54,45.54,paid,delivered,True,20260903
ORD-0003304-1,ORD-0003304,2026-06-12,司霆惊蛰-吧唧（徽章）,1,18.0,0.0,0.0,18.0,5.4,5.4,paid,delivered,True,20260903
ORD-0003305-1,ORD-0003305,2026-08-01,缄默德克萨斯-亚克力制品,1,48.0,0.05,2.4,45.6,16.8,16.8,paid,delivered,True,20260903
ORD-0003306-1,ORD-0003306,2026-06-01,余-吧唧（徽章）,1,18.0,0.0,0.0,18.0,5.4,5.4,paid,delivered,True,20260903
ORD-0003307-1,ORD-0003307,2026-06-24,予愿安洁莉娜-装饰摆件,3,89.0,0.1,26.7,240.3,37.38,112.14,paid,delivered,True,20260903
ORD-0003308-1,ORD-0003308,2026-07-17,归溟幽灵鲨-手办模玩,1,699.0,0.0,0.0,699.0,433.38,433.38,cancelled,cancelled,True,20260903
ORD-0003308-2,ORD-0003308,2026-07-17,缄默德克萨斯-日用生活,1,99.0,0.0,0.0,99.0,45.54,45.54,cancelled,cancelled,True,20260903
ORD-0003309-1,ORD-0003309,2026-07-19,望-装饰摆件,1,89.0,0.0,0.0,89.0,37.38,37.38,paid,delivered,True,20260903
ORD-0003310-1,ORD-0003310,2026-08-15,纯烬艾雅法拉-吧唧（徽章）,1,18.0,0.1,1.8,16.2,5.4,5.4,paid,shipped,True,20260903
ORD-0003311-1,ORD-0003311,2026-08-10,新约能天使-毛绒玩偶,1,128.0,0.05,6.4,121.6,61.44,61.44,paid,delivered,True,20260903
ORD-0003312-1,ORD-0003312,2026-07-30,塑心-通行证,2,39.0,0.1,7.8,70.2,12.48,24.96,paid,delivered,True,20260903
ORD-0003313-1,ORD-0003313,2026-06-17,新约能天使-手办模玩,1,699.0,0.05,34.95,664.05,433.38,433.38,paid,delivered,True,20260903
ORD-0003314-1,ORD-0003314,2026-06-21,重岳-通行证,1,39.0,0.15,5.85,33.15,12.48,12.48,paid,delivered,True,20260903
ORD-0003315-1,ORD-0003315,2026-08-04,荒芜拉普兰德-装饰摆件,1,89.0,0.0,0.0,89.0,37.38,37.38,paid,delivered,True,20260903
ORD-0003316-1,ORD-0003316,2026-06-08,缪尔赛思-吧唧（徽章）,1,18.0,0.0,0.0,18.0,5.4,5.4,paid,delivered,True,20260903
ORD-0003316-2,ORD-0003316,2026-06-08,赤刃明霄陈-装饰摆件,1,89.0,0.0,0.0,89.0,37.38,37.38,paid,delivered,True,20260903
ORD-0003317-1,ORD-0003317,2026-08-02,谬因-日用生活,1,99.0,0.0,0.0,99.0,45.54,45.54,paid,delivered,True,20260903
ORD-0003318-1,ORD-0003318,2026-06-21,贝洛内-日用生活,1,99.0,0.0,0.0,99.0,45.54,45.54,paid,delivered,True,20260903
ORD-0003319-1,ORD-0003319,2026-07-13,重岳-手办模玩,1,699.0,0.15,104.85,594.15,433.38,433.38,paid,delivered,True,20260903
ORD-0003320-1,ORD-0003320,2026-08-15,娜斯提-吧唧（徽章）,2,18.0,0.1,3.6,32.4,5.4,10.8,paid,delivered,True,20260903
ORD-0003320-2,ORD-0003320,2026-08-15,谬因-装饰摆件,2,89.0,0.0,0.0,178.0,37.38,74.76,paid,delivered,True,20260903
ORD-0003320-3,ORD-0003320,2026-08-15,余-手办模玩,1,699.0,0.0,0.0,699.0,433.38,433.38,paid,delivered,True,20260903
ORD-0003321-1,ORD-0003321,2026-08-02,纯烬艾雅法拉-毛绒玩偶,1,128.0,0.1,12.8,115.2,61.44,61.44,paid,delivered,True,20260903
ORD-0003321-2,ORD-0003321,2026-08-02,予愿安洁莉娜-手办模玩,1,699.0,0.0,0.0,699.0,433.38,433.38,paid,delivered,True,20260903
ORD-0003322-1,ORD-0003322,2026-08-23,纯烬艾雅法拉-毛绒玩偶,1,128.0,0.0,0.0,128.0,61.44,61.44,paid,delivered,True,20260903
ORD-0003323-1,ORD-0003323,2026-07-28,重岳-日用生活,1,99.0,0.1,9.9,89.1,45.54,45.54,paid,delivered,True,20260903
ORD-0003324-1,ORD-0003324,2026-06-26,贝洛内-亚克力制品,1,48.0,0.0,0.0,48.0,16.8,16.8,paid,delivered,True,20260903
ORD-0003325-1,ORD-0003325,2026-08-19,重岳-装饰摆件,1,89.0,0.0,0.0,89.0,37.38,37.38,paid,delivered,True,20260903
ORD-0003326-1,ORD-0003326,2026-08-22,佩佩-日用生活,1,99.0,0.0,0.0,99.0,45.54,45.54,paid,delivered,True,20260903
ORD-0003326-2,ORD-0003326,2026-08-22,重岳-通行证,1,39.0,0.05,1.95,37.05,12.48,12.48,paid,delivered,True,20260903
ORD-0003327-1,ORD-0003327,2026-06-23,酒神-日用生活,1,99.0,0.0,0.0,99.0,45.54,45.54,paid,delivered,True,20260903
ORD-0003328-1,ORD-0003328,2026-07-31,赤刃明霄陈-毛绒玩偶,1,128.0,0.05,6.4,121.6,61.44,61.44,paid,delivered,True,20260903
ORD-0003329-1,ORD-0003329,2026-08-12,凯尔希·思衡托-亚克力制品,1,48.0,0.0,0.0,48.0,16.8,16.8,paid,delivered,True,20260903
ORD-0003330-1,ORD-0003330,2026-06-22,赤刃明霄陈-吧唧（徽章）,1,18.0,0.05,0.9,17.1,5.4,5.4,paid,delivered,True,20260903
ORD-0003331-1,ORD-0003331,2026-06-04,新约能天使-通行证,1,39.0,0.0,0.0,39.0,12.48,12.48,paid,delivered,True,20260903
ORD-0003332-1,ORD-0003332,2026-07-07,斩业星熊-亚克力制品,1,48.0,0.0,0.0,48.0,16.8,16.8,paid,delivered,True,20260903
ORD-0003332-2,ORD-0003332,2026-07-07,新约能天使-吧唧（徽章）,1,18.0,0.05,0.9,17.1,5.4,5.4,paid,delivered,True,20260903
ORD-0003333-1,ORD-0003333,2026-08-20,司霆惊蛰-日用生活,1,99.0,0.0,0.0,99.0,45.54,45.54,paid,delivered,True,20260903
ORD-0003334-1,ORD-0003334,2026-08-08,娜斯提-亚克力制品,1,48.0,0.05,2.4,45.6,16.8,16.8,paid,delivered,True,20260903
ORD-0003335-1,ORD-0003335,2026-08-02,重岳-亚克力制品,2,48.0,0.0,0.0,96.0,16.8,33.6,paid,delivered,True,20260903
ORD-0003336-1,ORD-0003336,2026-08-07,缄默德克萨斯-亚克力制品,1,48.0,0.1,4.8,43.2,16.8,16.8,paid,delivered,True,20260903
ORD-0003336-2,ORD-0003336,2026-08-07,缄默德克萨斯-吧唧（徽章）,1,18.0,0.05,0.9,17.1,5.4,5.4,paid,delivered,True,20260903
ORD-0003337-1,ORD-0003337,2026-06-18,结城理-亚克力制品,1,48.0,0.1,4.8,43.2,16.8,16.8,paid,delivered,True,20260903
ORD-0003338-1,ORD-0003338,2026-08-20,司霆惊蛰-日用生活,1,99.0,0.0,0.0,99.0,45.54,45.54,paid,delivered,True,20260903
ORD-0003339-1,ORD-0003339,2026-08-29,凯尔希·思衡托-装饰摆件,1,89.0,0.1,8.9,80.1,37.38,37.38,paid,delivered,True,20260903
ORD-0003340-1,ORD-0003340,2026-08-19,荒芜拉普兰德-毛绒玩偶,1,128.0,0.0,0.0,128.0,61.44,61.44,paid,delivered,True,20260903
ORD-0003341-1,ORD-0003341,2026-07-20,凯尔希·思衡托-手办模玩,1,699.0,0.1,69.9,629.1,433.38,433.38,paid,delivered,True,20260903
ORD-0003342-1,ORD-0003342,2026-08-10,纯烬艾雅法拉-毛绒玩偶,1,128.0,0.1,12.8,115.2,61.44,61.44,paid,shipped,True,20260903
ORD-0003343-1,ORD-0003343,2026-06-26,焰狐龙梓兰-手办模玩,1,699.0,0.0,0.0,699.0,433.38,433.38,paid,delivered,True,20260903
ORD-0003343-2,ORD-0003343,2026-06-26,塑心-手办模玩,1,699.0,0.0,0.0,699.0,433.38,433.38,paid,delivered,True,20260903
ORD-0003343-3,ORD-0003343,2026-06-26,真言-通行证,1,39.0,0.15,5.85,33.15,12.48,12.48,paid,delivered,True,20260903
ORD-0003344-1,ORD-0003344,2026-07-11,缪尔赛思-吧唧（徽章）,1,18.0,0.0,0.0,18.0,5.4,5.4,paid,delivered,True,20260903
ORD-0003345-1,ORD-0003345,2026-06-10,纯烬艾雅法拉-亚克力制品,1,48.0,0.05,2.4,45.6,16.8,16.8,paid,delivered,True,20260903
ORD-0003346-1,ORD-0003346,2026-06-14,黍-日用生活,1,99.0,0.0,0.0,99.0,45.54,45.54,paid,delivered,True,20260903
ORD-0003347-1,ORD-0003347,2026-06-15,贝洛内-亚克力制品,1,48.0,0.0,0.0,48.0,16.8,16.8,paid,delivered,True,20260903
ORD-0003348-1,ORD-0003348,2026-06-11,纯烬艾雅法拉-装饰摆件,1,89.0,0.0,0.0,89.0,37.38,37.38,paid,delivered,True,20260903
ORD-0003349-1,ORD-0003349,2026-08-01,缪尔赛思-亚克力制品,1,48.0,0.1,4.8,43.2,16.8,16.8,paid,delivered,True,20260903
ORD-0003350-1,ORD-0003350,2026-07-29,司霆惊蛰-装饰摆件,1,89.0,0.05,4.45,84.55,37.38,37.38,paid,delivered,True,20260903
ORD-0003350-2,ORD-0003350,2026-07-29,凯尔希·思衡托-日用生活,1,99.0,0.0,0.0,99.0,45.54,45.54,paid,delivered,True,20260903
ORD-0003351-1,ORD-0003351,2026-08-21,黍-日用生活,1,99.0,0.1,9.9,89.1,45.54,45.54,paid,delivered,True,20260903
ORD-0003352-1,ORD-0003352,2026-06-12,赤刃明霄陈-日用生活,1,99.0,0.1,9.9,89.1,45.54,45.54,paid,delivered,True,20260903
ORD-0003353-1,ORD-0003353,2026-07-23,Mon3tr-装饰摆件,2,89.0,0.1,17.8,160.2,37.38,74.76,paid,delivered,True,20260903
ORD-0003353-2,ORD-0003353,2026-07-23,塑心-装饰摆件,2,89.0,0.0,0.0,178.0,37.38,74.76,paid,delivered,True,20260903
ORD-0003354-1,ORD-0003354,2026-07-16,赤刃明霄陈-手办模玩,1,699.0,0.0,0.0,699.0,433.38,433.38,paid,delivered,True,20260903
ORD-0003355-1,ORD-0003355,2026-06-12,佩佩-手办模玩,1,699.0,0.05,34.95,664.05,433.38,433.38,paid,delivered,True,20260903
ORD-0003356-1,ORD-0003356,2026-07-27,凯尔希·思衡托-手办模玩,1,699.0,0.0,0.0,699.0,433.38,433.38,paid,delivered,True,20260903
ORD-0003357-1,ORD-0003357,2026-07-20,维娜·维多利亚-装饰摆件,1,89.0,0.0,0.0,89.0,37.38,37.38,paid,delivered,True,20260903
ORD-0003358-1,ORD-0003358,2026-06-23,归溟幽灵鲨-吧唧（徽章）,1,18.0,0.1,1.8,16.2,5.4,5.4,cancelled,cancelled,True,20260903
ORD-0003359-1,ORD-0003359,2026-08-08,新约能天使-装饰摆件,1,89.0,0.0,0.0,89.0,37.38,37.38,paid,delivered,True,20260903
ORD-0003360-1,ORD-0003360,2026-08-03,怒潮凛冬-手办模玩,1,699.0,0.1,69.9,629.1,433.38,433.38,paid,delivered,True,20260903
ORD-0003361-1,ORD-0003361,2026-08-14,结城理-日用生活,1,99.0,0.1,9.9,89.1,45.54,45.54,cancelled,cancelled,True,20260903
ORD-0003361-2,ORD-0003361,2026-08-14,归溟幽灵鲨-手办模玩,1,699.0,0.05,34.95,664.05,433.38,433.38,cancelled,cancelled,True,20260903
ORD-0003362-1,ORD-0003362,2026-07-08,死芒-吧唧（徽章）,1,18.0,0.0,0.0,18.0,5.4,5.4,paid,delivered,True,20260903
ORD-0003363-1,ORD-0003363,2026-06-05,予愿安洁莉娜-通行证,1,39.0,0.05,1.95,37.05,12.48,12.48,paid,delivered,True,20260903
ORD-0003364-1,ORD-0003364,2026-06-05,酒神-亚克力制品,1,48.0,0.0,0.0,48.0,16.8,16.8,paid,delivered,True,20260903
ORD-0003365-1,ORD-0003365,2026-06-17,余-日用生活,1,99.0,0.05,4.95,94.05,45.54,45.54,paid,delivered,True,20260903
ORD-0003365-2,ORD-0003365,2026-06-17,酒神-毛绒玩偶,1,128.0,0.0,0.0,128.0,61.44,61.44,paid,delivered,True,20260903
ORD-0003365-3,ORD-0003365,2026-06-17,死芒-亚克力制品,1,48.0,0.0,0.0,48.0,16.8,16.8,paid,delivered,True,20260903
ORD-0003366-1,ORD-0003366,2026-07-30,塑心-日用生活,1,99.0,0.0,0.0,99.0,45.54,45.54,paid,delivered,True,20260903
ORD-0003367-1,ORD-0003367,2026-06-17,司霆惊蛰-亚克力制品,1,48.0,0.0,0.0,48.0,16.8,16.8,cancelled,cancelled,True,20260903
ORD-0003368-1,ORD-0003368,2026-06-14,结城理-通行证,1,39.0,0.0,0.0,39.0,12.48,12.48,paid,delivered,True,20260903
ORD-0003369-1,ORD-0003369,2026-07-27,死芒-吧唧（徽章）,1,18.0,0.0,0.0,18.0,5.4,5.4,paid,delivered,True,20260903
ORD-0003369-2,ORD-0003369,2026-07-27,结城理-手办模玩,1,699.0,0.1,69.9,629.1,433.38,433.38,paid,delivered,True,20260903
ORD-0003370-1,ORD-0003370,2026-08-06,维娜·维多利亚-亚克力制品,2,48.0,0.1,9.6,86.4,16.8,33.6,paid,shipped,True,20260903
ORD-0003371-1,ORD-0003371,2026-06-07,缇缇-手办模玩,1,699.0,0.0,0.0,699.0,433.38,433.38,paid,delivered,True,20260903
ORD-0003371-2,ORD-0003371,2026-06-07,斩业星熊-装饰摆件,1,89.0,0.0,0.0,89.0,37.38,37.38,paid,delivered,True,20260903
ORD-0003372-1,ORD-0003372,2026-06-05,黍-吧唧（徽章）,2,18.0,0.1,3.6,32.4,5.4,10.8,paid,delivered,True,20260903
ORD-0003372-2,ORD-0003372,2026-06-05,塑心-亚克力制品,1,48.0,0.0,0.0,48.0,16.8,16.8,paid,delivered,True,20260903
ORD-0003373-1,ORD-0003373,2026-08-11,余-日用生活,1,99.0,0.0,0.0,99.0,45.54,45.54,paid,delivered,True,20260903
ORD-0003373-2,ORD-0003373,2026-08-11,归溟幽灵鲨-毛绒玩偶,1,128.0,0.1,12.8,115.2,61.44,61.44,paid,delivered,True,20260903
ORD-0003374-1,ORD-0003374,2026-07-03,新约能天使-亚克力制品,1,48.0,0.0,0.0,48.0,16.8,16.8,paid,delivered,True,20260903
ORD-0003375-1,ORD-0003375,2026-08-02,真言-通行证,1,39.0,0.0,0.0,39.0,12.48,12.48,paid,delivered,True,20260903
ORD-0003376-1,ORD-0003376,2026-07-23,荒芜拉普兰德-日用生活,1,99.0,0.0,0.0,99.0,45.54,45.54,cancelled,cancelled,True,20260903
ORD-0003377-1,ORD-0003377,2026-08-25,司霆惊蛰-装饰摆件,1,89.0,0.0,0.0,89.0,37.38,37.38,paid,delivered,True,20260903
ORD-0003378-1,ORD-0003378,2026-07-04,纯烬艾雅法拉-毛绒玩偶,1,128.0,0.1,12.8,115.2,61.44,61.44,paid,delivered,True,20260903
ORD-0003379-1,ORD-0003379,2026-06-23,佩佩-日用生活,1,99.0,0.0,0.0,99.0,45.54,45.54,paid,delivered,True,20260903
ORD-0003379-2,ORD-0003379,2026-06-23,酒神-亚克力制品,1,48.0,0.1,4.8,43.2,16.8,16.8,paid,delivered,True,20260903
ORD-0003380-1,ORD-0003380,2026-08-15,酒神-毛绒玩偶,1,128.0,0.15,19.2,108.8,61.44,61.44,paid,delivered,True,20260903
ORD-0003381-1,ORD-0003381,2026-06-21,缪尔赛思-亚克力制品,1,48.0,0.0,0.0,48.0,16.8,16.8,paid,delivered,True,20260903
ORD-0003381-2,ORD-0003381,2026-06-21,荒芜拉普兰德-毛绒玩偶,1,128.0,0.05,6.4,121.6,61.44,61.44,paid,delivered,True,20260903
ORD-0003382-1,ORD-0003382,2026-07-11,死芒-装饰摆件,1,89.0,0.0,0.0,89.0,37.38,37.38,paid,shipped,True,20260903
ORD-0003383-1,ORD-0003383,2026-07-21,维娜·维多利亚-亚克力制品,1,48.0,0.1,4.8,43.2,16.8,16.8,paid,delivered,True,20260903
ORD-0003384-1,ORD-0003384,2026-07-31,黍-手办模玩,2,699.0,0.05,69.9,1328.1,433.38,866.76,paid,delivered,True,20260903
ORD-0003385-1,ORD-0003385,2026-08-19,佩佩-手办模玩,1,699.0,0.0,0.0,699.0,433.38,433.38,paid,delivered,True,20260903
ORD-0003385-2,ORD-0003385,2026-08-19,真言-亚克力制品,1,48.0,0.05,2.4,45.6,16.8,16.8,paid,delivered,True,20260903
ORD-0003385-3,ORD-0003385,2026-08-19,缄默德克萨斯-通行证,1,39.0,0.0,0.0,39.0,12.48,12.48,paid,delivered,True,20260903
ORD-0003386-1,ORD-0003386,2026-06-11,结城理-日用生活,1,99.0,0.0,0.0,99.0,45.54,45.54,paid,delivered,True,20260903
ORD-0003386-2,ORD-0003386,2026-06-11,真言-手办模玩,1,699.0,0.1,69.9,629.1,433.38,433.38,paid,delivered,True,20260903
ORD-0003387-1,ORD-0003387,2026-08-02,赤刃明霄陈-毛绒玩偶,1,128.0,0.0,0.0,128.0,61.44,61.44,paid,delivered,True,20260903
ORD-0003388-1,ORD-0003388,2026-06-20,焰狐龙梓兰-通行证,1,39.0,0.0,0.0,39.0,12.48,12.48,paid,delivered,True,20260903
ORD-0003389-1,ORD-0003389,2026-07-02,维娜·维多利亚-毛绒玩偶,1,128.0,0.1,12.8,115.2,61.44,61.44,paid,delivered,True,20260903
ORD-0003389-2,ORD-0003389,2026-07-02,新约能天使-吧唧（徽章）,2,18.0,0.1,3.6,32.4,5.4,10.8,paid,delivered,True,20260903
ORD-0003390-1,ORD-0003390,2026-08-16,凯尔希·思衡托-吧唧（徽章）,1,18.0,0.05,0.9,17.1,5.4,5.4,paid,delivered,True,20260903
ORD-0003391-1,ORD-0003391,2026-07-19,凛御银灰-亚克力制品,1,48.0,0.15,7.2,40.8,16.8,16.8,paid,delivered,True,20260903
ORD-0003391-2,ORD-0003391,2026-07-19,斩业星熊-通行证,1,39.0,0.1,3.9,35.1,12.48,12.48,paid,delivered,True,20260903
ORD-0003391-3,ORD-0003391,2026-07-19,缪尔赛思-亚克力制品,1,48.0,0.1,4.8,43.2,16.8,16.8,paid,delivered,True,20260903
ORD-0003392-1,ORD-0003392,2026-07-22,司霆惊蛰-毛绒玩偶,2,128.0,0.0,0.0,256.0,61.44,122.88,paid,delivered,True,20260903
ORD-0003393-1,ORD-0003393,2026-06-03,余-吧唧（徽章）,1,18.0,0.0,0.0,18.0,5.4,5.4,paid,delivered,True,20260903
ORD-0003394-1,ORD-0003394,2026-07-24,归溟幽灵鲨-吧唧（徽章）,1,18.0,0.1,1.8,16.2,5.4,5.4,paid,delivered,True,20260903
ORD-0003395-1,ORD-0003395,2026-08-20,酒神-吧唧（徽章）,1,18.0,0.0,0.0,18.0,5.4,5.4,paid,delivered,True,20260903
ORD-0003396-1,ORD-0003396,2026-07-28,望-装饰摆件,1,89.0,0.0,0.0,89.0,37.38,37.38,paid,delivered,True,20260903
ORD-0003397-1,ORD-0003397,2026-07-19,结城理-吧唧（徽章）,1,18.0,0.1,1.8,16.2,5.4,5.4,paid,delivered,True,20260903
ORD-0003398-1,ORD-0003398,2026-07-13,望-日用生活,1,99.0,0.1,9.9,89.1,45.54,45.54,paid,delivered,True,20260903
ORD-0003399-1,ORD-0003399,2026-06-23,余-亚克力制品,1,48.0,0.0,0.0,48.0,16.8,16.8,paid,delivered,True,20260903
ORD-0003399-2,ORD-0003399,2026-06-23,凛御银灰-通行证,1,39.0,0.1,3.9,35.1,12.48,12.48,paid,delivered,True,20260903
ORD-0003399-3,ORD-0003399,2026-06-23,酒神-装饰摆件,1,89.0,0.1,8.9,80.1,37.38,37.38,paid,delivered,True,20260903
ORD-0003400-1,ORD-0003400,2026-08-08,酒神-日用生活,1,99.0,0.0,0.0,99.0,45.54,45.54,paid,delivered,True,20260903
ORD-0003401-1,ORD-0003401,2026-08-27,重岳-亚克力制品,2,48.0,0.05,4.8,91.2,16.8,33.6,paid,shipped,True,20260903
ORD-0003402-1,ORD-0003402,2026-08-20,缇缇-亚克力制品,1,48.0,0.1,4.8,43.2,16.8,16.8,paid,delivered,True,20260903
ORD-0003403-1,ORD-0003403,2026-06-23,重岳-手办模玩,1,699.0,0.1,69.9,629.1,433.38,433.38,paid,delivered,True,20260903
ORD-0003403-2,ORD-0003403,2026-06-23,斩业星熊-吧唧（徽章）,1,18.0,0.0,0.0,18.0,5.4,5.4,paid,delivered,True,20260903
ORD-0003404-1,ORD-0003404,2026-07-10,凯尔希·思衡托-吧唧（徽章）,3,18.0,0.0,0.0,54.0,5.4,16.2,paid,delivered,True,20260903
ORD-0003405-1,ORD-0003405,2026-08-27,司霆惊蛰-吧唧（徽章）,1,18.0,0.0,0.0,18.0,5.4,5.4,paid,delivered,True,20260903
ORD-0003405-2,ORD-0003405,2026-08-27,新约能天使-毛绒玩偶,1,128.0,0.1,12.8,115.2,61.44,61.44,paid,delivered,True,20260903
ORD-0003406-1,ORD-0003406,2026-07-13,佩佩-手办模玩,1,699.0,0.1,69.9,629.1,433.38,433.38,paid,delivered,True,20260903
ORD-0003406-2,ORD-0003406,2026-07-13,缪尔赛思-日用生活,1,99.0,0.0,0.0,99.0,45.54,45.54,paid,delivered,True,20260903
ORD-0003407-1,ORD-0003407,2026-06-09,真言-手办模玩,1,699.0,0.0,0.0,699.0,433.38,433.38,paid,delivered,True,20260903
ORD-0003408-1,ORD-0003408,2026-06-23,荒芜拉普兰德-吧唧（徽章）,1,18.0,0.1,1.8,16.2,5.4,5.4,paid,shipped,True,20260903
ORD-0003409-1,ORD-0003409,2026-08-14,凛御银灰-日用生活,1,99.0,0.0,0.0,99.0,45.54,45.54,paid,delivered,True,20260903
ORD-0003410-1,ORD-0003410,2026-06-14,黍-吧唧（徽章）,2,18.0,0.0,0.0,36.0,5.4,10.8,paid,delivered,True,20260903
ORD-0003410-2,ORD-0003410,2026-06-14,斩业星熊-装饰摆件,1,89.0,0.05,4.45,84.55,37.38,37.38,paid,delivered,True,20260903
ORD-0003411-1,ORD-0003411,2026-07-19,缪尔赛思-手办模玩,1,699.0,0.1,69.9,629.1,433.38,433.38,paid,delivered,True,20260903
ORD-0003412-1,ORD-0003412,2026-06-07,维娜·维多利亚-装饰摆件,1,89.0,0.05,4.45,84.55,37.38,37.38,paid,delivered,True,20260903
ORD-0003413-1,ORD-0003413,2026-07-29,斩业星熊-吧唧（徽章）,1,18.0,0.1,1.8,16.2,5.4,5.4,paid,delivered,True,20260903
ORD-0003414-1,ORD-0003414,2026-06-25,结城理-装饰摆件,1,89.0,0.0,0.0,89.0,37.38,37.38,paid,delivered,True,20260903
ORD-0003415-1,ORD-0003415,2026-06-20,黍-装饰摆件,1,89.0,0.0,0.0,89.0,37.38,37.38,paid,delivered,True,20260903
ORD-0003415-2,ORD-0003415,2026-06-20,真言-吧唧（徽章）,1,18.0,0.05,0.9,17.1,5.4,5.4,paid,delivered,True,20260903
ORD-0003416-1,ORD-0003416,2026-06-03,黍-亚克力制品,1,48.0,0.05,2.4,45.6,16.8,16.8,paid,shipped,True,20260903
ORD-0003417-1,ORD-0003417,2026-06-15,归溟幽灵鲨-通行证,1,39.0,0.15,5.85,33.15,12.48,12.48,paid,delivered,True,20260903
ORD-0003417-2,ORD-0003417,2026-06-15,娜斯提-日用生活,1,99.0,0.0,0.0,99.0,45.54,45.54,paid,delivered,True,20260903
ORD-0003418-1,ORD-0003418,2026-08-15,结城理-毛绒玩偶,1,128.0,0.0,0.0,128.0,61.44,61.44,paid,delivered,True,20260903
ORD-0003419-1,ORD-0003419,2026-07-29,司霆惊蛰-装饰摆件,1,89.0,0.0,0.0,89.0,37.38,37.38,paid,delivered,True,20260903
ORD-0003420-1,ORD-0003420,2026-06-26,望-毛绒玩偶,1,128.0,0.1,12.8,115.2,61.44,61.44,paid,delivered,True,20260903
ORD-0003420-2,ORD-0003420,2026-06-26,焰狐龙梓兰-装饰摆件,1,89.0,0.0,0.0,89.0,37.38,37.38,paid,delivered,True,20260903
ORD-0003421-1,ORD-0003421,2026-06-25,佩佩-装饰摆件,1,89.0,0.0,0.0,89.0,37.38,37.38,paid,delivered,True,20260903
ORD-0003421-2,ORD-0003421,2026-06-25,归溟幽灵鲨-日用生活,1,99.0,0.05,4.95,94.05,45.54,45.54,paid,delivered,True,20260903
ORD-0003422-1,ORD-0003422,2026-06-10,焰狐龙梓兰-装饰摆件,1,89.0,0.0,0.0,89.0,37.38,37.38,cancelled,cancelled,True,20260903
ORD-0003422-2,ORD-0003422,2026-06-10,缪尔赛思-装饰摆件,1,89.0,0.0,0.0,89.0,37.38,37.38,cancelled,cancelled,True,20260903
ORD-0003423-1,ORD-0003423,2026-06-14,纯烬艾雅法拉-日用生活,1,99.0,0.05,4.95,94.05,45.54,45.54,paid,delivered,True,20260903
ORD-0003424-1,ORD-0003424,2026-06-29,凯尔希·思衡托-毛绒玩偶,1,128.0,0.05,6.4,121.6,61.44,61.44,paid,delivered,True,20260903
ORD-0003425-1,ORD-0003425,2026-06-03,予愿安洁莉娜-通行证,1,39.0,0.0,0.0,39.0,12.48,12.48,paid,delivered,True,20260903
ORD-0003426-1,ORD-0003426,2026-08-09,谬因-通行证,1,39.0,0.1,3.9,35.1,12.48,12.48,paid,delivered,True,20260903
ORD-0003427-1,ORD-0003427,2026-07-11,凯尔希·思衡托-毛绒玩偶,1,128.0,0.05,6.4,121.6,61.44,61.44,paid,delivered,True,20260903
ORD-0003428-1,ORD-0003428,2026-08-05,荒芜拉普兰德-吧唧（徽章）,1,18.0,0.05,0.9,17.1,5.4,5.4,paid,delivered,True,20260903
ORD-0003429-1,ORD-0003429,2026-08-15,凛御银灰-手办模玩,1,699.0,0.0,0.0,699.0,433.38,433.38,paid,delivered,True,20260903
ORD-0003429-2,ORD-0003429,2026-08-15,赤刃明霄陈-日用生活,1,99.0,0.1,9.9,89.1,45.54,45.54,paid,delivered,True,20260903
ORD-0003430-1,ORD-0003430,2026-08-29,娜斯提-亚克力制品,2,48.0,0.1,9.6,86.4,16.8,33.6,paid,delivered,True,20260903
ORD-0003431-1,ORD-0003431,2026-07-09,死芒-吧唧（徽章）,1,18.0,0.0,0.0,18.0,5.4,5.4,paid,delivered,True,20260903
ORD-0003431-2,ORD-0003431,2026-07-09,黍-亚克力制品,1,48.0,0.0,0.0,48.0,16.8,16.8,paid,delivered,True,20260903
ORD-0003432-1,ORD-0003432,2026-07-18,余-吧唧（徽章）,1,18.0,0.0,0.0,18.0,5.4,5.4,paid,delivered,True,20260903
ORD-0003433-1,ORD-0003433,2026-07-27,缄默德克萨斯-日用生活,1,99.0,0.0,0.0,99.0,45.54,45.54,paid,delivered,True,20260903
ORD-0003434-1,ORD-0003434,2026-07-23,黍-装饰摆件,1,89.0,0.05,4.45,84.55,37.38,37.38,paid,delivered,True,20260903
ORD-0003435-1,ORD-0003435,2026-07-29,凯尔希·思衡托-吧唧（徽章）,1,18.0,0.1,1.8,16.2,5.4,5.4,paid,shipped,True,20260903
ORD-0003436-1,ORD-0003436,2026-07-26,凛御银灰-日用生活,1,99.0,0.0,0.0,99.0,45.54,45.54,paid,delivered,True,20260903
ORD-0003437-1,ORD-0003437,2026-08-04,望-亚克力制品,1,48.0,0.0,0.0,48.0,16.8,16.8,paid,shipped,True,20260903
ORD-0003438-1,ORD-0003438,2026-06-14,缪尔赛思-日用生活,1,99.0,0.1,9.9,89.1,45.54,45.54,paid,delivered,True,20260903
ORD-0003438-2,ORD-0003438,2026-06-14,凛御银灰-装饰摆件,1,89.0,0.1,8.9,80.1,37.38,37.38,paid,delivered,True,20260903
ORD-0003439-1,ORD-0003439,2026-08-15,荒芜拉普兰德-毛绒玩偶,1,128.0,0.05,6.4,121.6,61.44,61.44,paid,delivered,True,20260903
ORD-0003440-1,ORD-0003440,2026-08-03,死芒-装饰摆件,1,89.0,0.05,4.45,84.55,37.38,37.38,paid,delivered,True,20260903
ORD-0003441-1,ORD-0003441,2026-07-29,佩佩-毛绒玩偶,1,128.0,0.0,0.0,128.0,61.44,61.44,paid,delivered,True,20260903
ORD-0003441-2,ORD-0003441,2026-07-29,荒芜拉普兰德-亚克力制品,1,48.0,0.0,0.0,48.0,16.8,16.8,paid,delivered,True,20260903
ORD-0003442-1,ORD-0003442,2026-07-27,司霆惊蛰-毛绒玩偶,1,128.0,0.0,0.0,128.0,61.44,61.44,paid,delivered,True,20260903
ORD-0003443-1,ORD-0003443,2026-07-26,望-亚克力制品,1,48.0,0.05,2.4,45.6,16.8,16.8,paid,delivered,True,20260903
ORD-0003444-1,ORD-0003444,2026-06-20,缇缇-毛绒玩偶,1,128.0,0.0,0.0,128.0,61.44,61.44,paid,delivered,True,20260903
ORD-0003445-1,ORD-0003445,2026-06-23,怒潮凛冬-亚克力制品,1,48.0,0.0,0.0,48.0,16.8,16.8,paid,delivered,True,20260903
ORD-0003446-1,ORD-0003446,2026-07-10,缄默德克萨斯-毛绒玩偶,1,128.0,0.0,0.0,128.0,61.44,61.44,paid,delivered,True,20260903
ORD-0003447-1,ORD-0003447,2026-07-02,新约能天使-吧唧（徽章）,1,18.0,0.0,0.0,18.0,5.4,5.4,paid,delivered,True,20260903
ORD-0003448-1,ORD-0003448,2026-07-27,Mon3tr-手办模玩,2,699.0,0.05,69.9,1328.1,433.38,866.76,paid,delivered,True,20260903
ORD-0003449-1,ORD-0003449,2026-08-14,缄默德克萨斯-吧唧（徽章）,2,18.0,0.1,3.6,32.4,5.4,10.8,paid,delivered,True,20260903
ORD-0003450-1,ORD-0003450,2026-07-27,娜斯提-吧唧（徽章）,1,18.0,0.0,0.0,18.0,5.4,5.4,paid,delivered,True,20260903
ORD-0003451-1,ORD-0003451,2026-08-07,死芒-通行证,1,39.0,0.05,1.95,37.05,12.48,12.48,paid,delivered,True,20260903
ORD-0003452-1,ORD-0003452,2026-06-19,荒芜拉普兰德-日用生活,2,99.0,0.0,0.0,198.0,45.54,91.08,paid,delivered,True,20260903
ORD-0003452-2,ORD-0003452,2026-06-19,望-吧唧（徽章）,1,18.0,0.0,0.0,18.0,5.4,5.4,paid,delivered,True,20260903
ORD-0003453-1,ORD-0003453,2026-06-10,谬因-手办模玩,1,699.0,0.1,69.9,629.1,433.38,433.38,paid,delivered,True,20260903
ORD-0003454-1,ORD-0003454,2026-06-23,新约能天使-手办模玩,1,699.0,0.0,0.0,699.0,433.38,433.38,paid,delivered,True,20260903
ORD-0003454-2,ORD-0003454,2026-06-23,贝洛内-装饰摆件,1,89.0,0.1,8.9,80.1,37.38,37.38,paid,delivered,True,20260903
ORD-0003455-1,ORD-0003455,2026-08-20,赤刃明霄陈-手办模玩,1,699.0,0.0,0.0,699.0,433.38,433.38,paid,delivered,True,20260903
ORD-0003456-1,ORD-0003456,2026-08-20,真言-通行证,1,39.0,0.05,1.95,37.05,12.48,12.48,paid,shipped,True,20260903
ORD-0003457-1,ORD-0003457,2026-06-24,新约能天使-手办模玩,1,699.0,0.0,0.0,699.0,433.38,433.38,paid,delivered,True,20260903
ORD-0003458-1,ORD-0003458,2026-06-08,赤刃明霄陈-手办模玩,1,699.0,0.1,69.9,629.1,433.38,433.38,paid,delivered,True,20260903
ORD-0003459-1,ORD-0003459,2026-07-14,结城理-毛绒玩偶,1,128.0,0.0,0.0,128.0,61.44,61.44,paid,delivered,True,20260903
ORD-0003460-1,ORD-0003460,2026-06-24,缇缇-日用生活,1,99.0,0.0,0.0,99.0,45.54,45.54,paid,delivered,True,20260903
ORD-0003461-1,ORD-0003461,2026-07-26,酒神-吧唧（徽章）,1,18.0,0.0,0.0,18.0,5.4,5.4,paid,delivered,True,20260903
ORD-0003462-1,ORD-0003462,2026-06-02,谬因-亚克力制品,1,48.0,0.0,0.0,48.0,16.8,16.8,paid,delivered,True,20260903
ORD-0003463-1,ORD-0003463,2026-07-10,新约能天使-毛绒玩偶,1,128.0,0.0,0.0,128.0,61.44,61.44,paid,delivered,True,20260903
ORD-0003464-1,ORD-0003464,2026-06-28,贝洛内-手办模玩,1,699.0,0.0,0.0,699.0,433.38,433.38,paid,delivered,True,20260903
ORD-0003465-1,ORD-0003465,2026-07-08,予愿安洁莉娜-亚克力制品,1,48.0,0.05,2.4,45.6,16.8,16.8,paid,delivered,True,20260903
ORD-0003466-1,ORD-0003466,2026-06-12,贝洛内-吧唧（徽章）,1,18.0,0.0,0.0,18.0,5.4,5.4,paid,delivered,True,20260903
ORD-0003467-1,ORD-0003467,2026-08-06,纯烬艾雅法拉-手办模玩,2,699.0,0.05,69.9,1328.1,433.38,866.76,paid,delivered,True,20260903
ORD-0003468-1,ORD-0003468,2026-07-22,Mon3tr-手办模玩,1,699.0,0.0,0.0,699.0,433.38,433.38,paid,shipped,True,20260903
ORD-0003469-1,ORD-0003469,2026-07-01,望-通行证,1,39.0,0.0,0.0,39.0,12.48,12.48,paid,delivered,True,20260903
ORD-0003469-2,ORD-0003469,2026-07-01,新约能天使-吧唧（徽章）,1,18.0,0.0,0.0,18.0,5.4,5.4,paid,delivered,True,20260903
ORD-0003470-1,ORD-0003470,2026-08-26,佩佩-手办模玩,1,699.0,0.0,0.0,699.0,433.38,433.38,paid,delivered,True,20260903
ORD-0003471-1,ORD-0003471,2026-07-03,维娜·维多利亚-亚克力制品,1,48.0,0.05,2.4,45.6,16.8,16.8,paid,delivered,True,20260903
ORD-0003472-1,ORD-0003472,2026-07-29,死芒-毛绒玩偶,1,128.0,0.1,12.8,115.2,61.44,61.44,paid,delivered,True,20260903
ORD-0003473-1,ORD-0003473,2026-07-10,司霆惊蛰-日用生活,2,99.0,0.0,0.0,198.0,45.54,91.08,paid,delivered,True,20260903
ORD-0003474-1,ORD-0003474,2026-07-30,死芒-吧唧（徽章）,1,18.0,0.0,0.0,18.0,5.4,5.4,paid,delivered,True,20260903
ORD-0003474-2,ORD-0003474,2026-07-30,归溟幽灵鲨-装饰摆件,1,89.0,0.1,8.9,80.1,37.38,37.38,paid,delivered,True,20260903
ORD-0003475-1,ORD-0003475,2026-08-01,重岳-亚克力制品,1,48.0,0.0,0.0,48.0,16.8,16.8,paid,delivered,True,20260903
ORD-0003476-1,ORD-0003476,2026-08-17,维娜·维多利亚-装饰摆件,1,89.0,0.0,0.0,89.0,37.38,37.38,paid,delivered,True,20260903
ORD-0003477-1,ORD-0003477,2026-08-12,佩佩-亚克力制品,1,48.0,0.1,4.8,43.2,16.8,16.8,paid,delivered,True,20260903
ORD-0003478-1,ORD-0003478,2026-07-16,缇缇-毛绒玩偶,1,128.0,0.0,0.0,128.0,61.44,61.44,paid,delivered,True,20260903
ORD-0003479-1,ORD-0003479,2026-08-20,焰狐龙梓兰-手办模玩,1,699.0,0.05,34.95,664.05,433.38,433.38,paid,delivered,True,20260903
ORD-0003480-1,ORD-0003480,2026-07-06,贝洛内-毛绒玩偶,1,128.0,0.0,0.0,128.0,61.44,61.44,paid,delivered,True,20260903
ORD-0003481-1,ORD-0003481,2026-07-14,贝洛内-手办模玩,2,699.0,0.15,209.7,1188.3,433.38,866.76,paid,delivered,True,20260903
ORD-0003482-1,ORD-0003482,2026-07-28,黍-亚克力制品,1,48.0,0.05,2.4,45.6,16.8,16.8,paid,delivered,True,20260903
ORD-0003483-1,ORD-0003483,2026-08-09,黍-亚克力制品,1,48.0,0.1,4.8,43.2,16.8,16.8,paid,delivered,True,20260903
ORD-0003484-1,ORD-0003484,2026-07-22,黍-亚克力制品,1,48.0,0.0,0.0,48.0,16.8,16.8,paid,delivered,True,20260903
ORD-0003485-1,ORD-0003485,2026-06-18,缪尔赛思-毛绒玩偶,1,128.0,0.05,6.4,121.6,61.44,61.44,paid,delivered,True,20260903
ORD-0003486-1,ORD-0003486,2026-06-30,结城理-装饰摆件,1,89.0,0.0,0.0,89.0,37.38,37.38,paid,delivered,True,20260903
ORD-0003487-1,ORD-0003487,2026-06-16,怒潮凛冬-装饰摆件,1,89.0,0.05,4.45,84.55,37.38,37.38,paid,delivered,True,20260903
ORD-0003487-2,ORD-0003487,2026-06-16,望-通行证,1,39.0,0.0,0.0,39.0,12.48,12.48,paid,delivered,True,20260903
ORD-0003488-1,ORD-0003488,2026-08-14,死芒-毛绒玩偶,1,128.0,0.0,0.0,128.0,61.44,61.44,paid,delivered,True,20260903
ORD-0003489-1,ORD-0003489,2026-08-13,塑心-装饰摆件,1,89.0,0.05,4.45,84.55,37.38,37.38,paid,delivered,True,20260903
ORD-0003490-1,ORD-0003490,2026-06-10,黍-手办模玩,1,699.0,0.0,0.0,699.0,433.38,433.38,paid,delivered,True,20260903
ORD-0003491-1,ORD-0003491,2026-06-28,贝洛内-通行证,1,39.0,0.1,3.9,35.1,12.48,12.48,paid,delivered,True,20260903
ORD-0003492-1,ORD-0003492,2026-08-09,归溟幽灵鲨-手办模玩,2,699.0,0.0,0.0,1398.0,433.38,866.76,paid,delivered,True,20260903
ORD-0003493-1,ORD-0003493,2026-06-29,归溟幽灵鲨-亚克力制品,1,48.0,0.1,4.8,43.2,16.8,16.8,paid,delivered,True,20260903
ORD-0003494-1,ORD-0003494,2026-07-30,荒芜拉普兰德-手办模玩,1,699.0,0.0,0.0,699.0,433.38,433.38,paid,delivered,True,20260903
ORD-0003494-2,ORD-0003494,2026-07-30,焰狐龙梓兰-装饰摆件,1,89.0,0.0,0.0,89.0,37.38,37.38,paid,delivered,True,20260903
ORD-0003494-3,ORD-0003494,2026-07-30,结城理-手办模玩,1,699.0,0.0,0.0,699.0,433.38,433.38,paid,delivered,True,20260903
ORD-0003495-1,ORD-0003495,2026-08-24,望-亚克力制品,1,48.0,0.0,0.0,48.0,16.8,16.8,paid,delivered,True,20260903
ORD-0003495-2,ORD-0003495,2026-08-24,余-日用生活,1,99.0,0.05,4.95,94.05,45.54,45.54,paid,delivered,True,20260903
ORD-0003496-1,ORD-0003496,2026-07-02,新约能天使-日用生活,1,99.0,0.1,9.9,89.1,45.54,45.54,paid,delivered,True,20260903
ORD-0003497-1,ORD-0003497,2026-07-16,真言-通行证,1,39.0,0.0,0.0,39.0,12.48,12.48,paid,delivered,True,20260903
ORD-0003498-1,ORD-0003498,2026-06-17,赤刃明霄陈-手办模玩,1,699.0,0.1,69.9,629.1,433.38,433.38,paid,delivered,True,20260903
ORD-0003499-1,ORD-0003499,2026-06-20,娜斯提-亚克力制品,1,48.0,0.0,0.0,48.0,16.8,16.8,paid,delivered,True,20260903
ORD-0003500-1,ORD-0003500,2026-07-25,塑心-吧唧（徽章）,1,18.0,0.1,1.8,16.2,5.4,5.4,paid,delivered,True,20260903
ORD-0003501-1,ORD-0003501,2026-08-10,死芒-通行证,2,39.0,0.0,0.0,78.0,12.48,24.96,paid,shipped,True,20260903
ORD-0003502-1,ORD-0003502,2026-08-27,凯尔希·思衡托-手办模玩,1,699.0,0.05,34.95,664.05,433.38,433.38,paid,delivered,True,20260903
ORD-0003503-1,ORD-0003503,2026-06-06,贝洛内-手办模玩,1,699.0,0.0,0.0,699.0,433.38,433.38,paid,delivered,True,20260903
ORD-0003504-1,ORD-0003504,2026-08-10,维娜·维多利亚-日用生活,2,99.0,0.05,9.9,188.1,45.54,91.08,paid,delivered,True,20260903
ORD-0003505-1,ORD-0003505,2026-07-27,酒神-日用生活,1,99.0,0.0,0.0,99.0,45.54,45.54,paid,delivered,True,20260903
ORD-0003506-1,ORD-0003506,2026-07-26,结城理-通行证,1,39.0,0.1,3.9,35.1,12.48,12.48,paid,delivered,True,20260903
ORD-0003507-1,ORD-0003507,2026-08-04,缄默德克萨斯-手办模玩,2,699.0,0.0,0.0,1398.0,433.38,866.76,paid,delivered,True,20260903
ORD-0003508-1,ORD-0003508,2026-07-13,贝洛内-日用生活,1,99.0,0.15,14.85,84.15,45.54,45.54,paid,delivered,True,20260903
ORD-0003509-1,ORD-0003509,2026-08-27,凯尔希·思衡托-日用生活,1,99.0,0.0,0.0,99.0,45.54,45.54,paid,delivered,True,20260903
ORD-0003510-1,ORD-0003510,2026-06-28,焰狐龙梓兰-吧唧（徽章）,1,18.0,0.0,0.0,18.0,5.4,5.4,paid,delivered,True,20260903
ORD-0003510-2,ORD-0003510,2026-06-28,娜斯提-吧唧（徽章）,1,18.0,0.05,0.9,17.1,5.4,5.4,paid,delivered,True,20260903
ORD-0003511-1,ORD-0003511,2026-06-15,真言-亚克力制品,1,48.0,0.0,0.0,48.0,16.8,16.8,paid,delivered,True,20260903
ORD-0003512-1,ORD-0003512,2026-07-23,塑心-吧唧（徽章）,1,18.0,0.05,0.9,17.1,5.4,5.4,paid,delivered,True,20260903
ORD-0003512-2,ORD-0003512,2026-07-23,佩佩-通行证,1,39.0,0.0,0.0,39.0,12.48,12.48,paid,delivered,True,20260903
ORD-0003513-1,ORD-0003513,2026-08-05,谬因-吧唧（徽章）,1,18.0,0.1,1.8,16.2,5.4,5.4,paid,delivered,True,20260903
ORD-0003514-1,ORD-0003514,2026-07-07,予愿安洁莉娜-吧唧（徽章）,1,18.0,0.0,0.0,18.0,5.4,5.4,paid,delivered,True,20260903
ORD-0003515-1,ORD-0003515,2026-08-01,凛御银灰-手办模玩,1,699.0,0.05,34.95,664.05,433.38,433.38,paid,delivered,True,20260903
ORD-0003515-2,ORD-0003515,2026-08-01,真言-亚克力制品,1,48.0,0.0,0.0,48.0,16.8,16.8,paid,delivered,True,20260903
ORD-0003516-1,ORD-0003516,2026-07-31,予愿安洁莉娜-日用生活,1,99.0,0.0,0.0,99.0,45.54,45.54,paid,delivered,True,20260903
ORD-0003517-1,ORD-0003517,2026-07-25,重岳-日用生活,1,99.0,0.1,9.9,89.1,45.54,45.54,paid,delivered,True,20260903
ORD-0003518-1,ORD-0003518,2026-07-06,新约能天使-亚克力制品,2,48.0,0.0,0.0,96.0,16.8,33.6,paid,delivered,True,20260903
ORD-0003519-1,ORD-0003519,2026-08-12,贝洛内-手办模玩,1,699.0,0.0,0.0,699.0,433.38,433.38,paid,delivered,True,20260903
ORD-0003520-1,ORD-0003520,2026-08-04,佩佩-吧唧（徽章）,1,18.0,0.0,0.0,18.0,5.4,5.4,paid,delivered,True,20260903
ORD-0003521-1,ORD-0003521,2026-07-25,归溟幽灵鲨-手办模玩,1,699.0,0.0,0.0,699.0,433.38,433.38,paid,delivered,True,20260903
ORD-0003522-1,ORD-0003522,2026-06-16,Mon3tr-装饰摆件,1,89.0,0.0,0.0,89.0,37.38,37.38,paid,delivered,True,20260903
ORD-0003523-1,ORD-0003523,2026-07-30,谬因-装饰摆件,1,89.0,0.0,0.0,89.0,37.38,37.38,paid,delivered,True,20260903
ORD-0003524-1,ORD-0003524,2026-08-14,塑心-手办模玩,1,699.0,0.05,34.95,664.05,433.38,433.38,cancelled,cancelled,True,20260903
ORD-0003525-1,ORD-0003525,2026-06-13,Mon3tr-手办模玩,1,699.0,0.15,104.85,594.15,433.38,433.38,paid,shipped,True,20260903
ORD-0003526-1,ORD-0003526,2026-06-21,Mon3tr-亚克力制品,1,48.0,0.0,0.0,48.0,16.8,16.8,paid,delivered,True,20260903
ORD-0003527-1,ORD-0003527,2026-06-25,望-亚克力制品,1,48.0,0.0,0.0,48.0,16.8,16.8,cancelled,cancelled,True,20260903
ORD-0003528-1,ORD-0003528,2026-06-10,Mon3tr-装饰摆件,1,89.0,0.0,0.0,89.0,37.38,37.38,cancelled,cancelled,True,20260903
ORD-0003529-1,ORD-0003529,2026-06-16,司霆惊蛰-吧唧（徽章）,1,18.0,0.1,1.8,16.2,5.4,5.4,paid,delivered,True,20260903
ORD-0003529-2,ORD-0003529,2026-06-16,塑心-亚克力制品,1,48.0,0.1,4.8,43.2,16.8,16.8,paid,delivered,True,20260903
ORD-0003530-1,ORD-0003530,2026-08-23,司霆惊蛰-通行证,1,39.0,0.1,3.9,35.1,12.48,12.48,paid,delivered,True,20260903
ORD-0003531-1,ORD-0003531,2026-08-02,贝洛内-毛绒玩偶,1,128.0,0.05,6.4,121.6,61.44,61.44,paid,delivered,True,20260903
ORD-0003532-1,ORD-0003532,2026-07-05,凛御银灰-手办模玩,1,699.0,0.1,69.9,629.1,433.38,433.38,paid,delivered,True,20260903
ORD-0003533-1,ORD-0003533,2026-08-11,司霆惊蛰-手办模玩,1,699.0,0.0,0.0,699.0,433.38,433.38,paid,delivered,True,20260903
ORD-0003533-2,ORD-0003533,2026-08-11,娜斯提-手办模玩,1,699.0,0.0,0.0,699.0,433.38,433.38,paid,delivered,True,20260903
ORD-0003534-1,ORD-0003534,2026-06-17,余-装饰摆件,1,89.0,0.1,8.9,80.1,37.38,37.38,paid,delivered,True,20260903
ORD-0003535-1,ORD-0003535,2026-06-13,纯烬艾雅法拉-吧唧（徽章）,1,18.0,0.0,0.0,18.0,5.4,5.4,paid,delivered,True,20260903
ORD-0003536-1,ORD-0003536,2026-07-27,娜斯提-装饰摆件,1,89.0,0.0,0.0,89.0,37.38,37.38,paid,delivered,True,20260903
ORD-0003537-1,ORD-0003537,2026-06-30,望-通行证,2,39.0,0.0,0.0,78.0,12.48,24.96,paid,delivered,True,20260903
ORD-0003538-1,ORD-0003538,2026-08-01,纯烬艾雅法拉-手办模玩,2,699.0,0.0,0.0,1398.0,433.38,866.76,paid,delivered,True,20260903
ORD-0003539-1,ORD-0003539,2026-07-27,赤刃明霄陈-装饰摆件,1,89.0,0.05,4.45,84.55,37.38,37.38,paid,delivered,True,20260903
ORD-0003540-1,ORD-0003540,2026-06-19,怒潮凛冬-手办模玩,1,699.0,0.1,69.9,629.1,433.38,433.38,paid,delivered,True,20260903
ORD-0003541-1,ORD-0003541,2026-08-20,赤刃明霄陈-日用生活,1,99.0,0.0,0.0,99.0,45.54,45.54,paid,delivered,True,20260903
ORD-0003541-2,ORD-0003541,2026-08-20,维娜·维多利亚-亚克力制品,1,48.0,0.1,4.8,43.2,16.8,16.8,paid,delivered,True,20260903
ORD-0003542-1,ORD-0003542,2026-06-29,赤刃明霄陈-吧唧（徽章）,1,18.0,0.0,0.0,18.0,5.4,5.4,paid,delivered,True,20260903
ORD-0003543-1,ORD-0003543,2026-07-06,缄默德克萨斯-毛绒玩偶,1,128.0,0.0,0.0,128.0,61.44,61.44,paid,delivered,True,20260903
ORD-0003544-1,ORD-0003544,2026-08-12,结城理-吧唧（徽章）,1,18.0,0.05,0.9,17.1,5.4,5.4,paid,delivered,True,20260903
ORD-0003545-1,ORD-0003545,2026-06-25,酒神-亚克力制品,1,48.0,0.0,0.0,48.0,16.8,16.8,paid,delivered,True,20260903
ORD-0003545-2,ORD-0003545,2026-06-25,怒潮凛冬-吧唧（徽章）,1,18.0,0.0,0.0,18.0,5.4,5.4,paid,delivered,True,20260903
ORD-0003546-1,ORD-0003546,2026-06-19,黍-吧唧（徽章）,1,18.0,0.0,0.0,18.0,5.4,5.4,paid,delivered,True,20260903
ORD-0003547-1,ORD-0003547,2026-08-08,归溟幽灵鲨-亚克力制品,3,48.0,0.1,14.4,129.6,16.8,50.4,paid,delivered,True,20260903
ORD-0003548-1,ORD-0003548,2026-07-07,酒神-吧唧（徽章）,1,18.0,0.0,0.0,18.0,5.4,5.4,paid,delivered,True,20260903
ORD-0003548-2,ORD-0003548,2026-07-07,赤刃明霄陈-毛绒玩偶,1,128.0,0.1,12.8,115.2,61.44,61.44,paid,delivered,True,20260903
ORD-0003549-1,ORD-0003549,2026-06-13,缄默德克萨斯-吧唧（徽章）,1,18.0,0.15,2.7,15.3,5.4,5.4,paid,delivered,True,20260903
ORD-0003550-1,ORD-0003550,2026-08-06,维娜·维多利亚-亚克力制品,1,48.0,0.05,2.4,45.6,16.8,16.8,paid,delivered,True,20260903
ORD-0003551-1,ORD-0003551,2026-08-25,死芒-日用生活,2,99.0,0.05,9.9,188.1,45.54,91.08,paid,delivered,True,20260903
ORD-0003551-2,ORD-0003551,2026-08-25,荒芜拉普兰德-吧唧（徽章）,1,18.0,0.1,1.8,16.2,5.4,5.4,paid,delivered,True,20260903
ORD-0003552-1,ORD-0003552,2026-08-29,余-日用生活,1,99.0,0.0,0.0,99.0,45.54,45.54,paid,delivered,True,20260903
ORD-0003553-1,ORD-0003553,2026-07-25,新约能天使-装饰摆件,1,89.0,0.0,0.0,89.0,37.38,37.38,paid,delivered,True,20260903
ORD-0003554-1,ORD-0003554,2026-08-11,凛御银灰-日用生活,1,99.0,0.0,0.0,99.0,45.54,45.54,paid,delivered,True,20260903
ORD-0003555-1,ORD-0003555,2026-07-03,塑心-装饰摆件,1,89.0,0.05,4.45,84.55,37.38,37.38,paid,delivered,True,20260903
ORD-0003555-2,ORD-0003555,2026-07-03,黍-亚克力制品,1,48.0,0.0,0.0,48.0,16.8,16.8,paid,delivered,True,20260903
ORD-0003556-1,ORD-0003556,2026-08-28,缪尔赛思-毛绒玩偶,1,128.0,0.0,0.0,128.0,61.44,61.44,paid,delivered,True,20260903
ORD-0003556-2,ORD-0003556,2026-08-28,赤刃明霄陈-毛绒玩偶,1,128.0,0.0,0.0,128.0,61.44,61.44,paid,delivered,True,20260903
ORD-0003557-1,ORD-0003557,2026-08-12,斩业星熊-亚克力制品,1,48.0,0.1,4.8,43.2,16.8,16.8,paid,delivered,True,20260903
ORD-0003558-1,ORD-0003558,2026-06-18,凛御银灰-吧唧（徽章）,1,18.0,0.0,0.0,18.0,5.4,5.4,paid,delivered,True,20260903
ORD-0003559-1,ORD-0003559,2026-07-28,司霆惊蛰-装饰摆件,1,89.0,0.05,4.45,84.55,37.38,37.38,paid,delivered,True,20260903
ORD-0003560-1,ORD-0003560,2026-06-25,司霆惊蛰-吧唧（徽章）,1,18.0,0.0,0.0,18.0,5.4,5.4,paid,delivered,True,20260903
ORD-0003561-1,ORD-0003561,2026-07-28,新约能天使-亚克力制品,2,48.0,0.0,0.0,96.0,16.8,33.6,paid,delivered,True,20260903
ORD-0003562-1,ORD-0003562,2026-08-08,司霆惊蛰-装饰摆件,2,89.0,0.1,17.8,160.2,37.38,74.76,paid,delivered,True,20260903
ORD-0003562-2,ORD-0003562,2026-08-08,娜斯提-通行证,1,39.0,0.0,0.0,39.0,12.48,12.48,paid,delivered,True,20260903
ORD-0003563-1,ORD-0003563,2026-06-07,新约能天使-吧唧（徽章）,1,18.0,0.0,0.0,18.0,5.4,5.4,paid,pending,True,20260903
ORD-0003564-1,ORD-0003564,2026-07-29,斩业星熊-日用生活,1,99.0,0.0,0.0,99.0,45.54,45.54,paid,delivered,True,20260903
ORD-0003565-1,ORD-0003565,2026-08-12,黍-装饰摆件,1,89.0,0.0,0.0,89.0,37.38,37.38,paid,delivered,True,20260903
ORD-0003566-1,ORD-0003566,2026-06-30,怒潮凛冬-通行证,1,39.0,0.1,3.9,35.1,12.48,12.48,paid,delivered,True,20260903
ORD-0003566-2,ORD-0003566,2026-06-30,Mon3tr-手办模玩,1,699.0,0.0,0.0,699.0,433.38,433.38,paid,delivered,True,20260903
ORD-0003567-1,ORD-0003567,2026-06-09,赤刃明霄陈-毛绒玩偶,1,128.0,0.0,0.0,128.0,61.44,61.44,paid,shipped,True,20260903
ORD-0003567-2,ORD-0003567,2026-06-09,归溟幽灵鲨-手办模玩,3,699.0,0.0,0.0,2097.0,433.38,1300.14,paid,shipped,True,20260903
ORD-0003568-1,ORD-0003568,2026-08-13,望-日用生活,1,99.0,0.0,0.0,99.0,45.54,45.54,paid,delivered,True,20260903
ORD-0003568-2,ORD-0003568,2026-08-13,怒潮凛冬-毛绒玩偶,1,128.0,0.0,0.0,128.0,61.44,61.44,paid,delivered,True,20260903
ORD-0003569-1,ORD-0003569,2026-07-29,缪尔赛思-吧唧（徽章）,1,18.0,0.0,0.0,18.0,5.4,5.4,paid,delivered,True,20260903
ORD-0003570-1,ORD-0003570,2026-07-21,缇缇-手办模玩,1,699.0,0.0,0.0,699.0,433.38,433.38,paid,delivered,True,20260903
ORD-0003570-2,ORD-0003570,2026-07-21,予愿安洁莉娜-毛绒玩偶,1,128.0,0.15,19.2,108.8,61.44,61.44,paid,delivered,True,20260903
ORD-0003571-1,ORD-0003571,2026-08-29,纯烬艾雅法拉-吧唧（徽章）,1,18.0,0.05,0.9,17.1,5.4,5.4,paid,delivered,True,20260903
ORD-0003572-1,ORD-0003572,2026-07-13,赤刃明霄陈-毛绒玩偶,1,128.0,0.05,6.4,121.6,61.44,61.44,paid,delivered,True,20260903
ORD-0003573-1,ORD-0003573,2026-06-29,斩业星熊-吧唧（徽章）,2,18.0,0.0,0.0,36.0,5.4,10.8,paid,delivered,True,20260903
ORD-0003574-1,ORD-0003574,2026-06-01,赤刃明霄陈-装饰摆件,1,89.0,0.1,8.9,80.1,37.38,37.38,paid,shipped,True,20260903
ORD-0003574-2,ORD-0003574,2026-06-01,予愿安洁莉娜-毛绒玩偶,1,128.0,0.15,19.2,108.8,61.44,61.44,paid,shipped,True,20260903
ORD-0003575-1,ORD-0003575,2026-07-27,余-毛绒玩偶,1,128.0,0.0,0.0,128.0,61.44,61.44,paid,delivered,True,20260903
ORD-0003575-2,ORD-0003575,2026-07-27,真言-装饰摆件,1,89.0,0.15,13.35,75.65,37.38,37.38,paid,delivered,True,20260903
ORD-0003576-1,ORD-0003576,2026-08-02,予愿安洁莉娜-手办模玩,1,699.0,0.0,0.0,699.0,433.38,433.38,cancelled,cancelled,True,20260903
ORD-0003577-1,ORD-0003577,2026-08-16,赤刃明霄陈-手办模玩,1,699.0,0.05,34.95,664.05,433.38,433.38,paid,delivered,True,20260903
ORD-0003578-1,ORD-0003578,2026-08-14,真言-毛绒玩偶,1,128.0,0.0,0.0,128.0,61.44,61.44,paid,delivered,True,20260903
ORD-0003579-1,ORD-0003579,2026-06-23,赤刃明霄陈-通行证,1,39.0,0.0,0.0,39.0,12.48,12.48,paid,delivered,True,20260903
ORD-0003580-1,ORD-0003580,2026-07-12,荒芜拉普兰德-日用生活,1,99.0,0.0,0.0,99.0,45.54,45.54,paid,delivered,True,20260903
ORD-0003581-1,ORD-0003581,2026-07-08,予愿安洁莉娜-通行证,1,39.0,0.0,0.0,39.0,12.48,12.48,cancelled,cancelled,True,20260903
ORD-0003582-1,ORD-0003582,2026-07-20,塑心-毛绒玩偶,1,128.0,0.05,6.4,121.6,61.44,61.44,paid,delivered,True,20260903
ORD-0003583-1,ORD-0003583,2026-06-15,凯尔希·思衡托-通行证,1,39.0,0.0,0.0,39.0,12.48,12.48,paid,delivered,True,20260903
ORD-0003584-1,ORD-0003584,2026-08-03,酒神-手办模玩,1,699.0,0.05,34.95,664.05,433.38,433.38,paid,delivered,True,20260903
ORD-0003585-1,ORD-0003585,2026-08-16,斩业星熊-吧唧（徽章）,2,18.0,0.1,3.6,32.4,5.4,10.8,paid,delivered,True,20260903
ORD-0003586-1,ORD-0003586,2026-07-26,荒芜拉普兰德-毛绒玩偶,1,128.0,0.0,0.0,128.0,61.44,61.44,paid,delivered,True,20260903
ORD-0003587-1,ORD-0003587,2026-07-27,司霆惊蛰-日用生活,1,99.0,0.0,0.0,99.0,45.54,45.54,paid,delivered,True,20260903
ORD-0003588-1,ORD-0003588,2026-06-23,纯烬艾雅法拉-手办模玩,1,699.0,0.0,0.0,699.0,433.38,433.38,paid,delivered,True,20260903
ORD-0003589-1,ORD-0003589,2026-06-25,斩业星熊-日用生活,1,99.0,0.0,0.0,99.0,45.54,45.54,paid,delivered,True,20260903
ORD-0003590-1,ORD-0003590,2026-06-03,焰狐龙梓兰-吧唧（徽章）,1,18.0,0.05,0.9,17.1,5.4,5.4,paid,delivered,True,20260903
ORD-0003591-1,ORD-0003591,2026-06-08,维娜·维多利亚-亚克力制品,1,48.0,0.15,7.2,40.8,16.8,16.8,paid,delivered,True,20260903
ORD-0003592-1,ORD-0003592,2026-06-11,贝洛内-手办模玩,1,699.0,0.05,34.95,664.05,433.38,433.38,paid,shipped,True,20260903
ORD-0003593-1,ORD-0003593,2026-06-16,缄默德克萨斯-手办模玩,1,699.0,0.0,0.0,699.0,433.38,433.38,paid,delivered,True,20260903
ORD-0003594-1,ORD-0003594,2026-08-15,望-日用生活,1,99.0,0.0,0.0,99.0,45.54,45.54,paid,delivered,True,20260903
ORD-0003595-1,ORD-0003595,2026-07-21,Mon3tr-手办模玩,1,699.0,0.0,0.0,699.0,433.38,433.38,paid,delivered,True,20260903
ORD-0003596-1,ORD-0003596,2026-07-06,死芒-毛绒玩偶,2,128.0,0.0,0.0,256.0,61.44,122.88,paid,delivered,True,20260903
ORD-0003597-1,ORD-0003597,2026-06-08,维娜·维多利亚-装饰摆件,1,89.0,0.05,4.45,84.55,37.38,37.38,paid,delivered,True,20260903
ORD-0003598-1,ORD-0003598,2026-07-22,缪尔赛思-通行证,1,39.0,0.1,3.9,35.1,12.48,12.48,paid,delivered,True,20260903
ORD-0003599-1,ORD-0003599,2026-07-22,缄默德克萨斯-日用生活,1,99.0,0.1,9.9,89.1,45.54,45.54,paid,delivered,True,20260903
ORD-0003600-1,ORD-0003600,2026-06-21,缇缇-毛绒玩偶,1,128.0,0.0,0.0,128.0,61.44,61.44,paid,delivered,True,20260903
ORD-0003601-1,ORD-0003601,2026-06-14,贝洛内-亚克力制品,1,48.0,0.0,0.0,48.0,16.8,16.8,paid,delivered,True,20260903
ORD-0003601-2,ORD-0003601,2026-06-14,酒神-吧唧（徽章）,1,18.0,0.0,0.0,18.0,5.4,5.4,paid,delivered,True,20260903
ORD-0003601-3,ORD-0003601,2026-06-14,望-装饰摆件,1,89.0,0.0,0.0,89.0,37.38,37.38,paid,delivered,True,20260903
ORD-0003602-1,ORD-0003602,2026-06-11,缇缇-日用生活,1,99.0,0.0,0.0,99.0,45.54,45.54,paid,delivered,True,20260903
ORD-0003603-1,ORD-0003603,2026-07-13,赤刃明霄陈-吧唧（徽章）,1,18.0,0.05,0.9,17.1,5.4,5.4,paid,delivered,True,20260903
ORD-0003603-2,ORD-0003603,2026-07-13,新约能天使-装饰摆件,1,89.0,0.0,0.0,89.0,37.38,37.38,paid,delivered,True,20260903
ORD-0003604-1,ORD-0003604,2026-06-27,黍-亚克力制品,1,48.0,0.0,0.0,48.0,16.8,16.8,paid,delivered,True,20260903
ORD-0003605-1,ORD-0003605,2026-07-11,赤刃明霄陈-手办模玩,1,699.0,0.0,0.0,699.0,433.38,433.38,paid,delivered,True,20260903
ORD-0003606-1,ORD-0003606,2026-08-02,赤刃明霄陈-装饰摆件,1,89.0,0.1,8.9,80.1,37.38,37.38,paid,delivered,True,20260903
ORD-0003607-1,ORD-0003607,2026-06-22,望-日用生活,1,99.0,0.05,4.95,94.05,45.54,45.54,paid,delivered,True,20260903
ORD-0003607-2,ORD-0003607,2026-06-22,赤刃明霄陈-日用生活,1,99.0,0.1,9.9,89.1,45.54,45.54,paid,delivered,True,20260903
ORD-0003608-1,ORD-0003608,2026-08-14,佩佩-亚克力制品,1,48.0,0.0,0.0,48.0,16.8,16.8,paid,delivered,True,20260903
ORD-0003609-1,ORD-0003609,2026-06-29,纯烬艾雅法拉-吧唧（徽章）,1,18.0,0.05,0.9,17.1,5.4,5.4,paid,delivered,True,20260903
ORD-0003610-1,ORD-0003610,2026-08-14,怒潮凛冬-吧唧（徽章）,1,18.0,0.15,2.7,15.3,5.4,5.4,paid,delivered,True,20260903
ORD-0003610-2,ORD-0003610,2026-08-14,司霆惊蛰-装饰摆件,1,89.0,0.0,0.0,89.0,37.38,37.38,paid,delivered,True,20260903
ORD-0003610-3,ORD-0003610,2026-08-14,贝洛内-通行证,2,39.0,0.0,0.0,78.0,12.48,24.96,paid,delivered,True,20260903
ORD-0003611-1,ORD-0003611,2026-08-12,焰狐龙梓兰-吧唧（徽章）,2,18.0,0.0,0.0,36.0,5.4,10.8,paid,delivered,True,20260903
ORD-0003612-1,ORD-0003612,2026-07-13,塑心-通行证,1,39.0,0.1,3.9,35.1,12.48,12.48,paid,delivered,True,20260903
ORD-0003613-1,ORD-0003613,2026-07-04,凛御银灰-吧唧（徽章）,1,18.0,0.1,1.8,16.2,5.4,5.4,cancelled,cancelled,True,20260903
ORD-0003613-2,ORD-0003613,2026-07-04,赤刃明霄陈-通行证,1,39.0,0.0,0.0,39.0,12.48,12.48,cancelled,cancelled,True,20260903
ORD-0003614-1,ORD-0003614,2026-06-26,塑心-亚克力制品,1,48.0,0.0,0.0,48.0,16.8,16.8,paid,delivered,True,20260903
ORD-0003615-1,ORD-0003615,2026-06-14,归溟幽灵鲨-毛绒玩偶,1,128.0,0.0,0.0,128.0,61.44,61.44,paid,delivered,True,20260903
ORD-0003615-2,ORD-0003615,2026-06-14,塑心-亚克力制品,1,48.0,0.0,0.0,48.0,16.8,16.8,paid,delivered,True,20260903
ORD-0003615-3,ORD-0003615,2026-06-14,余-手办模玩,1,699.0,0.05,34.95,664.05,433.38,433.38,paid,delivered,True,20260903
ORD-0003616-1,ORD-0003616,2026-08-28,焰狐龙梓兰-装饰摆件,1,89.0,0.1,8.9,80.1,37.38,37.38,paid,delivered,True,20260903
ORD-0003616-2,ORD-0003616,2026-08-28,凛御银灰-吧唧（徽章）,1,18.0,0.05,0.9,17.1,5.4,5.4,paid,delivered,True,20260903
ORD-0003617-1,ORD-0003617,2026-06-20,结城理-亚克力制品,1,48.0,0.0,0.0,48.0,16.8,16.8,paid,delivered,True,20260903
ORD-0003617-2,ORD-0003617,2026-06-20,凛御银灰-手办模玩,1,699.0,0.0,0.0,699.0,433.38,433.38,paid,delivered,True,20260903
ORD-0003618-1,ORD-0003618,2026-06-29,焰狐龙梓兰-手办模玩,1,699.0,0.05,34.95,664.05,433.38,433.38,paid,delivered,True,20260903
ORD-0003619-1,ORD-0003619,2026-08-14,焰狐龙梓兰-亚克力制品,1,48.0,0.15,7.2,40.8,16.8,16.8,paid,delivered,True,20260903
ORD-0003619-2,ORD-0003619,2026-08-14,佩佩-通行证,1,39.0,0.1,3.9,35.1,12.48,12.48,paid,delivered,True,20260903
ORD-0003620-1,ORD-0003620,2026-06-24,新约能天使-吧唧（徽章）,1,18.0,0.0,0.0,18.0,5.4,5.4,paid,delivered,True,20260903
ORD-0003621-1,ORD-0003621,2026-07-25,余-手办模玩,1,699.0,0.0,0.0,699.0,433.38,433.38,paid,delivered,True,20260903
ORD-0003621-2,ORD-0003621,2026-07-25,真言-日用生活,1,99.0,0.0,0.0,99.0,45.54,45.54,paid,delivered,True,20260903
ORD-0003622-1,ORD-0003622,2026-08-10,荒芜拉普兰德-日用生活,2,99.0,0.0,0.0,198.0,45.54,91.08,paid,pending,True,20260903
ORD-0003623-1,ORD-0003623,2026-06-29,佩佩-日用生活,1,99.0,0.05,4.95,94.05,45.54,45.54,paid,delivered,True,20260903
ORD-0003623-2,ORD-0003623,2026-06-29,望-手办模玩,1,699.0,0.0,0.0,699.0,433.38,433.38,paid,delivered,True,20260903
ORD-0003624-1,ORD-0003624,2026-07-01,缪尔赛思-装饰摆件,1,89.0,0.0,0.0,89.0,37.38,37.38,paid,delivered,True,20260903
ORD-0003625-1,ORD-0003625,2026-07-09,新约能天使-亚克力制品,1,48.0,0.1,4.8,43.2,16.8,16.8,paid,delivered,True,20260903
ORD-0003626-1,ORD-0003626,2026-06-15,缇缇-通行证,1,39.0,0.0,0.0,39.0,12.48,12.48,paid,delivered,True,20260903
ORD-0003626-2,ORD-0003626,2026-06-15,怒潮凛冬-毛绒玩偶,1,128.0,0.1,12.8,115.2,61.44,61.44,paid,delivered,True,20260903
ORD-0003627-1,ORD-0003627,2026-08-15,焰狐龙梓兰-手办模玩,1,699.0,0.05,34.95,664.05,433.38,433.38,paid,delivered,True,20260903
ORD-0003628-1,ORD-0003628,2026-08-22,Mon3tr-日用生活,1,99.0,0.0,0.0,99.0,45.54,45.54,paid,delivered,True,20260903
ORD-0003629-1,ORD-0003629,2026-06-12,斩业星熊-日用生活,1,99.0,0.05,4.95,94.05,45.54,45.54,paid,delivered,True,20260903
ORD-0003630-1,ORD-0003630,2026-07-13,焰狐龙梓兰-吧唧（徽章）,2,18.0,0.15,5.4,30.6,5.4,10.8,paid,delivered,True,20260903
ORD-0003631-1,ORD-0003631,2026-07-31,黍-亚克力制品,1,48.0,0.0,0.0,48.0,16.8,16.8,paid,delivered,True,20260903
ORD-0003632-1,ORD-0003632,2026-08-15,新约能天使-通行证,1,39.0,0.05,1.95,37.05,12.48,12.48,paid,delivered,True,20260903
ORD-0003633-1,ORD-0003633,2026-08-07,焰狐龙梓兰-毛绒玩偶,1,128.0,0.05,6.4,121.6,61.44,61.44,cancelled,cancelled,True,20260903
ORD-0003634-1,ORD-0003634,2026-08-06,Mon3tr-吧唧（徽章）,1,18.0,0.15,2.7,15.3,5.4,5.4,paid,delivered,True,20260903
ORD-0003635-1,ORD-0003635,2026-07-18,死芒-手办模玩,1,699.0,0.0,0.0,699.0,433.38,433.38,paid,delivered,True,20260903
ORD-0003636-1,ORD-0003636,2026-06-16,焰狐龙梓兰-亚克力制品,1,48.0,0.0,0.0,48.0,16.8,16.8,paid,delivered,True,20260903
ORD-0003637-1,ORD-0003637,2026-08-16,予愿安洁莉娜-通行证,2,39.0,0.0,0.0,78.0,12.48,24.96,paid,delivered,True,20260903
ORD-0003638-1,ORD-0003638,2026-06-21,赤刃明霄陈-亚克力制品,2,48.0,0.0,0.0,96.0,16.8,33.6,paid,delivered,True,20260903
ORD-0003638-2,ORD-0003638,2026-06-21,凯尔希·思衡托-装饰摆件,1,89.0,0.1,8.9,80.1,37.38,37.38,paid,delivered,True,20260903
ORD-0003639-1,ORD-0003639,2026-08-21,司霆惊蛰-日用生活,1,99.0,0.05,4.95,94.05,45.54,45.54,paid,delivered,True,20260903
ORD-0003640-1,ORD-0003640,2026-07-26,缄默德克萨斯-日用生活,1,99.0,0.0,0.0,99.0,45.54,45.54,paid,delivered,True,20260903
ORD-0003640-2,ORD-0003640,2026-07-26,缪尔赛思-毛绒玩偶,2,128.0,0.0,0.0,256.0,61.44,122.88,paid,delivered,True,20260903
ORD-0003641-1,ORD-0003641,2026-07-03,荒芜拉普兰德-手办模玩,1,699.0,0.0,0.0,699.0,433.38,433.38,paid,delivered,True,20260903
ORD-0003642-1,ORD-0003642,2026-08-17,凛御银灰-通行证,1,39.0,0.05,1.95,37.05,12.48,12.48,paid,delivered,True,20260903
ORD-0003643-1,ORD-0003643,2026-08-22,望-吧唧（徽章）,2,18.0,0.0,0.0,36.0,5.4,10.8,paid,delivered,True,20260903
ORD-0003644-1,ORD-0003644,2026-06-24,予愿安洁莉娜-手办模玩,1,699.0,0.15,104.85,594.15,433.38,433.38,paid,delivered,True,20260903
ORD-0003645-1,ORD-0003645,2026-06-19,贝洛内-吧唧（徽章）,1,18.0,0.0,0.0,18.0,5.4,5.4,paid,delivered,True,20260903
ORD-0003646-1,ORD-0003646,2026-07-30,酒神-手办模玩,1,699.0,0.1,69.9,629.1,433.38,433.38,paid,delivered,True,20260903
ORD-0003646-2,ORD-0003646,2026-07-30,归溟幽灵鲨-装饰摆件,2,89.0,0.0,0.0,178.0,37.38,74.76,paid,delivered,True,20260903
ORD-0003647-1,ORD-0003647,2026-08-26,纯烬艾雅法拉-手办模玩,2,699.0,0.0,0.0,1398.0,433.38,866.76,paid,pending,True,20260903
ORD-0003648-1,ORD-0003648,2026-07-16,余-手办模玩,1,699.0,0.0,0.0,699.0,433.38,433.38,paid,delivered,True,20260903
ORD-0003649-1,ORD-0003649,2026-06-30,结城理-手办模玩,1,699.0,0.05,34.95,664.05,433.38,433.38,paid,delivered,True,20260903
ORD-0003650-1,ORD-0003650,2026-07-12,缄默德克萨斯-通行证,1,39.0,0.1,3.9,35.1,12.48,12.48,paid,delivered,True,20260903
ORD-0003651-1,ORD-0003651,2026-07-14,凛御银灰-毛绒玩偶,1,128.0,0.1,12.8,115.2,61.44,61.44,paid,delivered,True,20260903
ORD-0003651-2,ORD-0003651,2026-07-14,酒神-通行证,1,39.0,0.0,0.0,39.0,12.48,12.48,paid,delivered,True,20260903
ORD-0003652-1,ORD-0003652,2026-06-14,司霆惊蛰-装饰摆件,1,89.0,0.0,0.0,89.0,37.38,37.38,paid,delivered,True,20260903
ORD-0003653-1,ORD-0003653,2026-06-19,焰狐龙梓兰-毛绒玩偶,1,128.0,0.05,6.4,121.6,61.44,61.44,paid,delivered,True,20260903
ORD-0003653-2,ORD-0003653,2026-06-19,塑心-毛绒玩偶,1,128.0,0.05,6.4,121.6,61.44,61.44,paid,delivered,True,20260903
ORD-0003654-1,ORD-0003654,2026-06-19,赤刃明霄陈-日用生活,1,99.0,0.05,4.95,94.05,45.54,45.54,paid,delivered,True,20260903
ORD-0003655-1,ORD-0003655,2026-08-10,予愿安洁莉娜-吧唧（徽章）,1,18.0,0.1,1.8,16.2,5.4,5.4,paid,delivered,True,20260903
ORD-0003656-1,ORD-0003656,2026-07-14,死芒-吧唧（徽章）,1,18.0,0.05,0.9,17.1,5.4,5.4,paid,delivered,True,20260903
ORD-0003657-1,ORD-0003657,2026-06-16,怒潮凛冬-装饰摆件,2,89.0,0.1,17.8,160.2,37.38,74.76,paid,shipped,True,20260903
ORD-0003658-1,ORD-0003658,2026-08-16,真言-毛绒玩偶,1,128.0,0.05,6.4,121.6,61.44,61.44,cancelled,cancelled,True,20260903
ORD-0003658-2,ORD-0003658,2026-08-16,死芒-装饰摆件,2,89.0,0.1,17.8,160.2,37.38,74.76,cancelled,cancelled,True,20260903
ORD-0003659-1,ORD-0003659,2026-06-01,缄默德克萨斯-日用生活,2,99.0,0.05,9.9,188.1,45.54,91.08,paid,delivered,True,20260903
ORD-0003660-1,ORD-0003660,2026-08-13,死芒-毛绒玩偶,1,128.0,0.0,0.0,128.0,61.44,61.44,paid,delivered,True,20260903
ORD-0003660-2,ORD-0003660,2026-08-13,Mon3tr-毛绒玩偶,1,128.0,0.0,0.0,128.0,61.44,61.44,paid,delivered,True,20260903
ORD-0003661-1,ORD-0003661,2026-06-21,余-通行证,1,39.0,0.0,0.0,39.0,12.48,12.48,paid,delivered,True,20260903
ORD-0003662-1,ORD-0003662,2026-08-17,重岳-装饰摆件,1,89.0,0.0,0.0,89.0,37.38,37.38,paid,delivered,True,20260903
ORD-0003662-2,ORD-0003662,2026-08-17,真言-毛绒玩偶,2,128.0,0.1,25.6,230.4,61.44,122.88,paid,delivered,True,20260903
ORD-0003663-1,ORD-0003663,2026-07-13,死芒-吧唧（徽章）,1,18.0,0.0,0.0,18.0,5.4,5.4,paid,delivered,True,20260903
ORD-0003664-1,ORD-0003664,2026-08-14,怒潮凛冬-装饰摆件,1,89.0,0.15,13.35,75.65,37.38,37.38,paid,delivered,True,20260903
ORD-0003664-2,ORD-0003664,2026-08-14,Mon3tr-装饰摆件,1,89.0,0.05,4.45,84.55,37.38,37.38,paid,delivered,True,20260903
ORD-0003665-1,ORD-0003665,2026-08-20,贝洛内-装饰摆件,1,89.0,0.1,8.9,80.1,37.38,37.38,paid,delivered,True,20260903
ORD-0003666-1,ORD-0003666,2026-07-21,纯烬艾雅法拉-通行证,1,39.0,0.0,0.0,39.0,12.48,12.48,paid,delivered,True,20260903
ORD-0003667-1,ORD-0003667,2026-06-25,司霆惊蛰-毛绒玩偶,1,128.0,0.0,0.0,128.0,61.44,61.44,paid,delivered,True,20260903
ORD-0003668-1,ORD-0003668,2026-06-15,余-日用生活,1,99.0,0.05,4.95,94.05,45.54,45.54,paid,delivered,True,20260903
ORD-0003669-1,ORD-0003669,2026-07-04,纯烬艾雅法拉-吧唧（徽章）,1,18.0,0.0,0.0,18.0,5.4,5.4,paid,delivered,True,20260903
ORD-0003670-1,ORD-0003670,2026-06-27,结城理-吧唧（徽章）,1,18.0,0.0,0.0,18.0,5.4,5.4,paid,delivered,True,20260903
ORD-0003671-1,ORD-0003671,2026-07-18,凯尔希·思衡托-吧唧（徽章）,1,18.0,0.1,1.8,16.2,5.4,5.4,paid,delivered,True,20260903
ORD-0003671-2,ORD-0003671,2026-07-18,纯烬艾雅法拉-亚克力制品,1,48.0,0.0,0.0,48.0,16.8,16.8,paid,delivered,True,20260903
ORD-0003671-3,ORD-0003671,2026-07-18,塑心-手办模玩,1,699.0,0.1,69.9,629.1,433.38,433.38,paid,delivered,True,20260903
ORD-0003672-1,ORD-0003672,2026-08-04,真言-亚克力制品,1,48.0,0.0,0.0,48.0,16.8,16.8,paid,delivered,True,20260903
ORD-0003673-1,ORD-0003673,2026-06-17,黍-亚克力制品,1,48.0,0.05,2.4,45.6,16.8,16.8,paid,delivered,True,20260903
ORD-0003674-1,ORD-0003674,2026-08-04,荒芜拉普兰德-吧唧（徽章）,1,18.0,0.1,1.8,16.2,5.4,5.4,paid,delivered,True,20260903
ORD-0003674-2,ORD-0003674,2026-08-04,斩业星熊-手办模玩,1,699.0,0.05,34.95,664.05,433.38,433.38,paid,delivered,True,20260903
ORD-0003675-1,ORD-0003675,2026-07-29,塑心-毛绒玩偶,1,128.0,0.0,0.0,128.0,61.44,61.44,paid,delivered,True,20260903
ORD-0003675-2,ORD-0003675,2026-07-29,维娜·维多利亚-亚克力制品,1,48.0,0.0,0.0,48.0,16.8,16.8,paid,delivered,True,20260903
ORD-0003676-1,ORD-0003676,2026-08-29,荒芜拉普兰德-日用生活,1,99.0,0.1,9.9,89.1,45.54,45.54,paid,delivered,True,20260903
ORD-0003676-2,ORD-0003676,2026-08-29,怒潮凛冬-日用生活,1,99.0,0.0,0.0,99.0,45.54,45.54,paid,delivered,True,20260903
ORD-0003677-1,ORD-0003677,2026-07-30,死芒-日用生活,1,99.0,0.1,9.9,89.1,45.54,45.54,paid,delivered,True,20260903
ORD-0003678-1,ORD-0003678,2026-08-05,归溟幽灵鲨-日用生活,1,99.0,0.0,0.0,99.0,45.54,45.54,paid,delivered,True,20260903
ORD-0003679-1,ORD-0003679,2026-06-12,真言-日用生活,1,99.0,0.0,0.0,99.0,45.54,45.54,paid,delivered,True,20260903
ORD-0003680-1,ORD-0003680,2026-08-14,酒神-手办模玩,1,699.0,0.05,34.95,664.05,433.38,433.38,paid,delivered,True,20260903
ORD-0003681-1,ORD-0003681,2026-06-21,归溟幽灵鲨-装饰摆件,2,89.0,0.0,0.0,178.0,37.38,74.76,paid,delivered,True,20260903
ORD-0003682-1,ORD-0003682,2026-06-25,维娜·维多利亚-毛绒玩偶,1,128.0,0.0,0.0,128.0,61.44,61.44,paid,delivered,True,20260903
ORD-0003683-1,ORD-0003683,2026-06-20,望-毛绒玩偶,1,128.0,0.0,0.0,128.0,61.44,61.44,paid,delivered,True,20260903
ORD-0003683-2,ORD-0003683,2026-06-20,重岳-吧唧（徽章）,1,18.0,0.1,1.8,16.2,5.4,5.4,paid,delivered,True,20260903
ORD-0003684-1,ORD-0003684,2026-07-26,维娜·维多利亚-装饰摆件,1,89.0,0.0,0.0,89.0,37.38,37.38,paid,delivered,True,20260903
ORD-0003684-2,ORD-0003684,2026-07-26,死芒-通行证,1,39.0,0.1,3.9,35.1,12.48,12.48,paid,delivered,True,20260903
ORD-0003685-1,ORD-0003685,2026-06-22,死芒-装饰摆件,1,89.0,0.0,0.0,89.0,37.38,37.38,paid,delivered,True,20260903
ORD-0003686-1,ORD-0003686,2026-08-08,真言-装饰摆件,1,89.0,0.05,4.45,84.55,37.38,37.38,paid,delivered,True,20260903
ORD-0003687-1,ORD-0003687,2026-06-26,酒神-装饰摆件,1,89.0,0.15,13.35,75.65,37.38,37.38,paid,delivered,True,20260903
ORD-0003688-1,ORD-0003688,2026-07-20,纯烬艾雅法拉-日用生活,1,99.0,0.0,0.0,99.0,45.54,45.54,paid,delivered,True,20260903
ORD-0003689-1,ORD-0003689,2026-08-19,黍-吧唧（徽章）,1,18.0,0.0,0.0,18.0,5.4,5.4,paid,delivered,True,20260903
ORD-0003689-2,ORD-0003689,2026-08-19,缇缇-装饰摆件,1,89.0,0.0,0.0,89.0,37.38,37.38,paid,delivered,True,20260903
ORD-0003690-1,ORD-0003690,2026-06-26,司霆惊蛰-日用生活,1,99.0,0.0,0.0,99.0,45.54,45.54,paid,delivered,True,20260903
ORD-0003691-1,ORD-0003691,2026-07-15,凛御银灰-毛绒玩偶,1,128.0,0.0,0.0,128.0,61.44,61.44,paid,delivered,True,20260903
ORD-0003692-1,ORD-0003692,2026-06-21,归溟幽灵鲨-亚克力制品,1,48.0,0.0,0.0,48.0,16.8,16.8,paid,delivered,True,20260903
ORD-0003693-1,ORD-0003693,2026-07-22,黍-日用生活,1,99.0,0.0,0.0,99.0,45.54,45.54,paid,delivered,True,20260903
ORD-0003694-1,ORD-0003694,2026-07-27,佩佩-手办模玩,1,699.0,0.1,69.9,629.1,433.38,433.38,paid,delivered,True,20260903
ORD-0003695-1,ORD-0003695,2026-07-22,谬因-装饰摆件,1,89.0,0.0,0.0,89.0,37.38,37.38,paid,shipped,True,20260903
ORD-0003695-2,ORD-0003695,2026-07-22,纯烬艾雅法拉-日用生活,1,99.0,0.1,9.9,89.1,45.54,45.54,paid,shipped,True,20260903
ORD-0003695-3,ORD-0003695,2026-07-22,维娜·维多利亚-日用生活,1,99.0,0.1,9.9,89.1,45.54,45.54,paid,shipped,True,20260903
ORD-0003696-1,ORD-0003696,2026-08-28,维娜·维多利亚-装饰摆件,1,89.0,0.0,0.0,89.0,37.38,37.38,paid,delivered,True,20260903
ORD-0003697-1,ORD-0003697,2026-06-12,司霆惊蛰-亚克力制品,2,48.0,0.05,4.8,91.2,16.8,33.6,paid,delivered,True,20260903
ORD-0003698-1,ORD-0003698,2026-07-09,凯尔希·思衡托-吧唧（徽章）,1,18.0,0.0,0.0,18.0,5.4,5.4,paid,delivered,True,20260903
ORD-0003698-2,ORD-0003698,2026-07-09,缄默德克萨斯-毛绒玩偶,1,128.0,0.0,0.0,128.0,61.44,61.44,paid,delivered,True,20260903
ORD-0003699-1,ORD-0003699,2026-07-25,塑心-通行证,1,39.0,0.0,0.0,39.0,12.48,12.48,paid,delivered,True,20260903
ORD-0003700-1,ORD-0003700,2026-07-11,予愿安洁莉娜-装饰摆件,1,89.0,0.0,0.0,89.0,37.38,37.38,paid,delivered,True,20260903
ORD-0003701-1,ORD-0003701,2026-06-23,缄默德克萨斯-通行证,1,39.0,0.1,3.9,35.1,12.48,12.48,paid,delivered,True,20260903
ORD-0003701-2,ORD-0003701,2026-06-23,重岳-毛绒玩偶,1,128.0,0.05,6.4,121.6,61.44,61.44,paid,delivered,True,20260903
ORD-0003702-1,ORD-0003702,2026-08-27,维娜·维多利亚-手办模玩,1,699.0,0.05,34.95,664.05,433.38,433.38,paid,delivered,True,20260903
ORD-0003703-1,ORD-0003703,2026-07-31,赤刃明霄陈-吧唧（徽章）,1,18.0,0.05,0.9,17.1,5.4,5.4,paid,delivered,True,20260903
ORD-0003704-1,ORD-0003704,2026-08-15,凯尔希·思衡托-日用生活,1,99.0,0.0,0.0,99.0,45.54,45.54,paid,delivered,True,20260903
ORD-0003705-1,ORD-0003705,2026-06-14,予愿安洁莉娜-吧唧（徽章）,1,18.0,0.0,0.0,18.0,5.4,5.4,paid,delivered,True,20260903
ORD-0003706-1,ORD-0003706,2026-07-02,纯烬艾雅法拉-通行证,1,39.0,0.0,0.0,39.0,12.48,12.48,paid,delivered,True,20260903
ORD-0003707-1,ORD-0003707,2026-06-21,重岳-日用生活,3,99.0,0.05,14.85,282.15,45.54,136.62,paid,delivered,True,20260903
ORD-0003708-1,ORD-0003708,2026-07-22,贝洛内-毛绒玩偶,1,128.0,0.0,0.0,128.0,61.44,61.44,paid,delivered,True,20260903
ORD-0003709-1,ORD-0003709,2026-06-18,新约能天使-日用生活,1,99.0,0.0,0.0,99.0,45.54,45.54,paid,delivered,True,20260903
ORD-0003709-2,ORD-0003709,2026-06-18,予愿安洁莉娜-通行证,1,39.0,0.0,0.0,39.0,12.48,12.48,paid,delivered,True,20260903
ORD-0003710-1,ORD-0003710,2026-08-09,纯烬艾雅法拉-手办模玩,1,699.0,0.0,0.0,699.0,433.38,433.38,paid,delivered,True,20260903
ORD-0003711-1,ORD-0003711,2026-07-17,娜斯提-手办模玩,1,699.0,0.05,34.95,664.05,433.38,433.38,paid,delivered,True,20260903
ORD-0003712-1,ORD-0003712,2026-06-19,余-通行证,1,39.0,0.05,1.95,37.05,12.48,12.48,paid,delivered,True,20260903
ORD-0003712-2,ORD-0003712,2026-06-19,余-亚克力制品,1,48.0,0.0,0.0,48.0,16.8,16.8,paid,delivered,True,20260903
ORD-0003713-1,ORD-0003713,2026-08-02,斩业星熊-日用生活,1,99.0,0.0,0.0,99.0,45.54,45.54,paid,delivered,True,20260903
ORD-0003714-1,ORD-0003714,2026-06-18,缄默德克萨斯-吧唧（徽章）,1,18.0,0.0,0.0,18.0,5.4,5.4,paid,delivered,True,20260903
ORD-0003715-1,ORD-0003715,2026-06-09,赤刃明霄陈-吧唧（徽章）,1,18.0,0.0,0.0,18.0,5.4,5.4,paid,delivered,True,20260903
ORD-0003715-2,ORD-0003715,2026-06-09,结城理-毛绒玩偶,1,128.0,0.05,6.4,121.6,61.44,61.44,paid,delivered,True,20260903
ORD-0003716-1,ORD-0003716,2026-08-22,贝洛内-亚克力制品,1,48.0,0.0,0.0,48.0,16.8,16.8,paid,pending,True,20260903
ORD-0003716-2,ORD-0003716,2026-08-22,凛御银灰-手办模玩,1,699.0,0.1,69.9,629.1,433.38,433.38,paid,pending,True,20260903
ORD-0003717-1,ORD-0003717,2026-07-29,斩业星熊-装饰摆件,1,89.0,0.05,4.45,84.55,37.38,37.38,paid,delivered,True,20260903
ORD-0003717-2,ORD-0003717,2026-07-29,荒芜拉普兰德-亚克力制品,1,48.0,0.1,4.8,43.2,16.8,16.8,paid,delivered,True,20260903
ORD-0003718-1,ORD-0003718,2026-07-03,佩佩-亚克力制品,1,48.0,0.05,2.4,45.6,16.8,16.8,paid,delivered,True,20260903
ORD-0003719-1,ORD-0003719,2026-07-02,凛御银灰-日用生活,1,99.0,0.1,9.9,89.1,45.54,45.54,paid,delivered,True,20260903
ORD-0003720-1,ORD-0003720,2026-08-14,佩佩-亚克力制品,3,48.0,0.0,0.0,144.0,16.8,50.4,paid,delivered,True,20260903
ORD-0003721-1,ORD-0003721,2026-08-08,真言-通行证,1,39.0,0.0,0.0,39.0,12.48,12.48,paid,delivered,True,20260903
ORD-0003722-1,ORD-0003722,2026-07-03,酒神-日用生活,1,99.0,0.0,0.0,99.0,45.54,45.54,paid,delivered,True,20260903
ORD-0003723-1,ORD-0003723,2026-06-10,黍-通行证,2,39.0,0.0,0.0,78.0,12.48,24.96,paid,delivered,True,20260903
ORD-0003723-2,ORD-0003723,2026-06-10,佩佩-吧唧（徽章）,2,18.0,0.0,0.0,36.0,5.4,10.8,paid,delivered,True,20260903
ORD-0003724-1,ORD-0003724,2026-06-17,望-日用生活,2,99.0,0.0,0.0,198.0,45.54,91.08,paid,delivered,True,20260903
ORD-0003725-1,ORD-0003725,2026-06-23,重岳-手办模玩,1,699.0,0.1,69.9,629.1,433.38,433.38,paid,delivered,True,20260903
ORD-0003726-1,ORD-0003726,2026-06-22,黍-通行证,1,39.0,0.1,3.9,35.1,12.48,12.48,paid,delivered,True,20260903
ORD-0003727-1,ORD-0003727,2026-08-21,贝洛内-毛绒玩偶,1,128.0,0.05,6.4,121.6,61.44,61.44,paid,delivered,True,20260903
ORD-0003728-1,ORD-0003728,2026-07-07,娜斯提-吧唧（徽章）,1,18.0,0.0,0.0,18.0,5.4,5.4,paid,delivered,True,20260903
ORD-0003728-2,ORD-0003728,2026-07-07,重岳-亚克力制品,1,48.0,0.1,4.8,43.2,16.8,16.8,paid,delivered,True,20260903
ORD-0003729-1,ORD-0003729,2026-06-02,死芒-手办模玩,1,699.0,0.0,0.0,699.0,433.38,433.38,paid,shipped,True,20260903
ORD-0003730-1,ORD-0003730,2026-08-02,死芒-亚克力制品,1,48.0,0.0,0.0,48.0,16.8,16.8,paid,delivered,True,20260903
ORD-0003731-1,ORD-0003731,2026-06-27,纯烬艾雅法拉-亚克力制品,1,48.0,0.0,0.0,48.0,16.8,16.8,paid,delivered,True,20260903
ORD-0003732-1,ORD-0003732,2026-07-31,缄默德克萨斯-吧唧（徽章）,2,18.0,0.1,3.6,32.4,5.4,10.8,paid,delivered,True,20260903
ORD-0003733-1,ORD-0003733,2026-06-04,缄默德克萨斯-吧唧（徽章）,1,18.0,0.0,0.0,18.0,5.4,5.4,paid,delivered,True,20260903
ORD-0003734-1,ORD-0003734,2026-08-19,真言-毛绒玩偶,1,128.0,0.1,12.8,115.2,61.44,61.44,paid,delivered,True,20260903
ORD-0003735-1,ORD-0003735,2026-06-05,焰狐龙梓兰-毛绒玩偶,1,128.0,0.0,0.0,128.0,61.44,61.44,paid,delivered,True,20260903
ORD-0003735-2,ORD-0003735,2026-06-05,结城理-亚克力制品,3,48.0,0.0,0.0,144.0,16.8,50.4,paid,delivered,True,20260903
ORD-0003736-1,ORD-0003736,2026-07-06,新约能天使-日用生活,1,99.0,0.15,14.85,84.15,45.54,45.54,paid,delivered,True,20260903
ORD-0003736-2,ORD-0003736,2026-07-06,荒芜拉普兰德-亚克力制品,1,48.0,0.05,2.4,45.6,16.8,16.8,paid,delivered,True,20260903
ORD-0003737-1,ORD-0003737,2026-07-24,新约能天使-亚克力制品,1,48.0,0.0,0.0,48.0,16.8,16.8,paid,delivered,True,20260903
ORD-0003738-1,ORD-0003738,2026-07-25,新约能天使-吧唧（徽章）,1,18.0,0.0,0.0,18.0,5.4,5.4,paid,delivered,True,20260903
ORD-0003739-1,ORD-0003739,2026-07-22,赤刃明霄陈-装饰摆件,1,89.0,0.1,8.9,80.1,37.38,37.38,paid,delivered,True,20260903
ORD-0003739-2,ORD-0003739,2026-07-22,荒芜拉普兰德-吧唧（徽章）,1,18.0,0.0,0.0,18.0,5.4,5.4,paid,delivered,True,20260903
ORD-0003739-3,ORD-0003739,2026-07-22,真言-日用生活,1,99.0,0.0,0.0,99.0,45.54,45.54,paid,delivered,True,20260903
ORD-0003740-1,ORD-0003740,2026-06-17,谬因-手办模玩,1,699.0,0.0,0.0,699.0,433.38,433.38,paid,delivered,True,20260903
ORD-0003741-1,ORD-0003741,2026-08-19,凛御银灰-装饰摆件,1,89.0,0.0,0.0,89.0,37.38,37.38,paid,delivered,True,20260903
ORD-0003742-1,ORD-0003742,2026-06-19,塑心-毛绒玩偶,2,128.0,0.05,12.8,243.2,61.44,122.88,paid,delivered,True,20260903
ORD-0003742-2,ORD-0003742,2026-06-19,司霆惊蛰-亚克力制品,1,48.0,0.05,2.4,45.6,16.8,16.8,paid,delivered,True,20260903
ORD-0003743-1,ORD-0003743,2026-07-04,凯尔希·思衡托-毛绒玩偶,1,128.0,0.05,6.4,121.6,61.44,61.44,paid,delivered,True,20260903
ORD-0003744-1,ORD-0003744,2026-06-08,维娜·维多利亚-日用生活,1,99.0,0.05,4.95,94.05,45.54,45.54,paid,shipped,True,20260903
ORD-0003745-1,ORD-0003745,2026-06-18,缇缇-毛绒玩偶,1,128.0,0.0,0.0,128.0,61.44,61.44,paid,delivered,True,20260903
ORD-0003746-1,ORD-0003746,2026-08-24,谬因-吧唧（徽章）,1,18.0,0.1,1.8,16.2,5.4,5.4,paid,delivered,True,20260903
ORD-0003747-1,ORD-0003747,2026-06-21,予愿安洁莉娜-日用生活,1,99.0,0.0,0.0,99.0,45.54,45.54,paid,delivered,True,20260903
ORD-0003748-1,ORD-0003748,2026-07-21,司霆惊蛰-手办模玩,1,699.0,0.0,0.0,699.0,433.38,433.38,paid,delivered,True,20260903
ORD-0003748-2,ORD-0003748,2026-07-21,怒潮凛冬-日用生活,1,99.0,0.1,9.9,89.1,45.54,45.54,paid,delivered,True,20260903
ORD-0003749-1,ORD-0003749,2026-06-22,黍-装饰摆件,1,89.0,0.0,0.0,89.0,37.38,37.38,paid,pending,True,20260903
ORD-0003750-1,ORD-0003750,2026-06-20,凯尔希·思衡托-亚克力制品,1,48.0,0.0,0.0,48.0,16.8,16.8,paid,delivered,True,20260903
ORD-0003751-1,ORD-0003751,2026-06-18,司霆惊蛰-亚克力制品,2,48.0,0.05,4.8,91.2,16.8,33.6,paid,delivered,True,20260903
ORD-0003751-2,ORD-0003751,2026-06-18,维娜·维多利亚-装饰摆件,1,89.0,0.0,0.0,89.0,37.38,37.38,paid,delivered,True,20260903
ORD-0003751-3,ORD-0003751,2026-06-18,缄默德克萨斯-亚克力制品,1,48.0,0.0,0.0,48.0,16.8,16.8,paid,delivered,True,20260903
ORD-0003752-1,ORD-0003752,2026-06-13,酒神-亚克力制品,1,48.0,0.0,0.0,48.0,16.8,16.8,paid,delivered,True,20260903
ORD-0003753-1,ORD-0003753,2026-08-15,凯尔希·思衡托-毛绒玩偶,1,128.0,0.0,0.0,128.0,61.44,61.44,paid,delivered,True,20260903
ORD-0003754-1,ORD-0003754,2026-06-19,望-吧唧（徽章）,1,18.0,0.0,0.0,18.0,5.4,5.4,paid,delivered,True,20260903
ORD-0003755-1,ORD-0003755,2026-07-16,望-通行证,1,39.0,0.05,1.95,37.05,12.48,12.48,paid,delivered,True,20260903
ORD-0003756-1,ORD-0003756,2026-06-28,焰狐龙梓兰-通行证,1,39.0,0.05,1.95,37.05,12.48,12.48,paid,delivered,True,20260903
ORD-0003757-1,ORD-0003757,2026-07-21,予愿安洁莉娜-手办模玩,1,699.0,0.0,0.0,699.0,433.38,433.38,paid,delivered,True,20260903
ORD-0003758-1,ORD-0003758,2026-06-23,重岳-手办模玩,1,699.0,0.0,0.0,699.0,433.38,433.38,paid,delivered,True,20260903
ORD-0003759-1,ORD-0003759,2026-07-25,谬因-亚克力制品,2,48.0,0.0,0.0,96.0,16.8,33.6,paid,delivered,True,20260903
ORD-0003760-1,ORD-0003760,2026-08-18,凛御银灰-毛绒玩偶,1,128.0,0.0,0.0,128.0,61.44,61.44,paid,delivered,True,20260903
ORD-0003761-1,ORD-0003761,2026-08-15,贝洛内-日用生活,1,99.0,0.0,0.0,99.0,45.54,45.54,paid,delivered,True,20260903
ORD-0003762-1,ORD-0003762,2026-06-05,新约能天使-毛绒玩偶,1,128.0,0.0,0.0,128.0,61.44,61.44,paid,delivered,True,20260903
ORD-0003763-1,ORD-0003763,2026-08-07,死芒-装饰摆件,1,89.0,0.0,0.0,89.0,37.38,37.38,cancelled,cancelled,True,20260903
ORD-0003764-1,ORD-0003764,2026-06-11,斩业星熊-通行证,2,39.0,0.0,0.0,78.0,12.48,24.96,paid,delivered,True,20260903
ORD-0003765-1,ORD-0003765,2026-06-30,余-通行证,1,39.0,0.0,0.0,39.0,12.48,12.48,paid,delivered,True,20260903
ORD-0003766-1,ORD-0003766,2026-06-15,荒芜拉普兰德-吧唧（徽章）,1,18.0,0.0,0.0,18.0,5.4,5.4,paid,delivered,True,20260903
ORD-0003766-2,ORD-0003766,2026-06-15,维娜·维多利亚-通行证,1,39.0,0.0,0.0,39.0,12.48,12.48,paid,delivered,True,20260903
ORD-0003767-1,ORD-0003767,2026-06-18,真言-毛绒玩偶,1,128.0,0.0,0.0,128.0,61.44,61.44,paid,delivered,True,20260903
ORD-0003768-1,ORD-0003768,2026-06-20,塑心-装饰摆件,1,89.0,0.0,0.0,89.0,37.38,37.38,paid,delivered,True,20260903
ORD-0003769-1,ORD-0003769,2026-08-04,望-装饰摆件,1,89.0,0.0,0.0,89.0,37.38,37.38,paid,delivered,True,20260903
ORD-0003770-1,ORD-0003770,2026-08-05,望-亚克力制品,1,48.0,0.05,2.4,45.6,16.8,16.8,paid,delivered,True,20260903
ORD-0003771-1,ORD-0003771,2026-06-17,荒芜拉普兰德-亚克力制品,1,48.0,0.0,0.0,48.0,16.8,16.8,paid,delivered,True,20260903
ORD-0003772-1,ORD-0003772,2026-08-07,娜斯提-通行证,1,39.0,0.1,3.9,35.1,12.48,12.48,paid,delivered,True,20260903
ORD-0003773-1,ORD-0003773,2026-07-04,结城理-亚克力制品,3,48.0,0.1,14.4,129.6,16.8,50.4,paid,delivered,True,20260903
ORD-0003774-1,ORD-0003774,2026-08-29,凯尔希·思衡托-装饰摆件,1,89.0,0.0,0.0,89.0,37.38,37.38,paid,delivered,True,20260903
ORD-0003774-2,ORD-0003774,2026-08-29,司霆惊蛰-装饰摆件,1,89.0,0.1,8.9,80.1,37.38,37.38,paid,delivered,True,20260903
ORD-0003775-1,ORD-0003775,2026-06-28,真言-亚克力制品,1,48.0,0.05,2.4,45.6,16.8,16.8,paid,delivered,True,20260903
ORD-0003776-1,ORD-0003776,2026-08-01,司霆惊蛰-亚克力制品,1,48.0,0.0,0.0,48.0,16.8,16.8,paid,delivered,True,20260903
ORD-0003777-1,ORD-0003777,2026-07-02,酒神-吧唧（徽章）,1,18.0,0.0,0.0,18.0,5.4,5.4,paid,delivered,True,20260903
ORD-0003777-2,ORD-0003777,2026-07-02,塑心-装饰摆件,1,89.0,0.05,4.45,84.55,37.38,37.38,paid,delivered,True,20260903
ORD-0003778-1,ORD-0003778,2026-06-30,黍-亚克力制品,1,48.0,0.05,2.4,45.6,16.8,16.8,paid,delivered,True,20260903
ORD-0003779-1,ORD-0003779,2026-06-07,Mon3tr-通行证,1,39.0,0.0,0.0,39.0,12.48,12.48,paid,delivered,True,20260903
ORD-0003779-2,ORD-0003779,2026-06-07,新约能天使-手办模玩,2,699.0,0.0,0.0,1398.0,433.38,866.76,paid,delivered,True,20260903
ORD-0003780-1,ORD-0003780,2026-06-18,缪尔赛思-手办模玩,1,699.0,0.0,0.0,699.0,433.38,433.38,paid,delivered,True,20260903
ORD-0003780-2,ORD-0003780,2026-06-18,予愿安洁莉娜-手办模玩,1,699.0,0.1,69.9,629.1,433.38,433.38,paid,delivered,True,20260903
ORD-0003781-1,ORD-0003781,2026-08-08,予愿安洁莉娜-毛绒玩偶,1,128.0,0.0,0.0,128.0,61.44,61.44,paid,delivered,True,20260903
ORD-0003782-1,ORD-0003782,2026-07-29,新约能天使-亚克力制品,1,48.0,0.0,0.0,48.0,16.8,16.8,paid,delivered,True,20260903
ORD-0003783-1,ORD-0003783,2026-07-19,归溟幽灵鲨-亚克力制品,1,48.0,0.0,0.0,48.0,16.8,16.8,paid,delivered,True,20260903
ORD-0003783-2,ORD-0003783,2026-07-19,娜斯提-吧唧（徽章）,1,18.0,0.1,1.8,16.2,5.4,5.4,paid,delivered,True,20260903
ORD-0003784-1,ORD-0003784,2026-08-18,维娜·维多利亚-日用生活,1,99.0,0.0,0.0,99.0,45.54,45.54,cancelled,cancelled,True,20260903
ORD-0003785-1,ORD-0003785,2026-08-01,予愿安洁莉娜-装饰摆件,1,89.0,0.0,0.0,89.0,37.38,37.38,paid,delivered,True,20260903
ORD-0003786-1,ORD-0003786,2026-08-04,荒芜拉普兰德-亚克力制品,1,48.0,0.1,4.8,43.2,16.8,16.8,paid,delivered,True,20260903
ORD-0003787-1,ORD-0003787,2026-07-29,缄默德克萨斯-装饰摆件,1,89.0,0.0,0.0,89.0,37.38,37.38,paid,delivered,True,20260903
ORD-0003788-1,ORD-0003788,2026-06-13,归溟幽灵鲨-毛绒玩偶,2,128.0,0.0,0.0,256.0,61.44,122.88,cancelled,cancelled,True,20260903
ORD-0003789-1,ORD-0003789,2026-06-29,纯烬艾雅法拉-装饰摆件,1,89.0,0.1,8.9,80.1,37.38,37.38,paid,delivered,True,20260903
ORD-0003790-1,ORD-0003790,2026-06-28,凯尔希·思衡托-毛绒玩偶,1,128.0,0.0,0.0,128.0,61.44,61.44,paid,delivered,True,20260903
ORD-0003791-1,ORD-0003791,2026-07-04,维娜·维多利亚-毛绒玩偶,1,128.0,0.0,0.0,128.0,61.44,61.44,paid,delivered,True,20260903
ORD-0003792-1,ORD-0003792,2026-07-31,Mon3tr-通行证,1,39.0,0.0,0.0,39.0,12.48,12.48,paid,delivered,True,20260903
ORD-0003793-1,ORD-0003793,2026-07-01,司霆惊蛰-日用生活,1,99.0,0.1,9.9,89.1,45.54,45.54,paid,delivered,True,20260903
ORD-0003793-2,ORD-0003793,2026-07-01,凛御银灰-亚克力制品,1,48.0,0.0,0.0,48.0,16.8,16.8,paid,delivered,True,20260903
ORD-0003794-1,ORD-0003794,2026-06-20,纯烬艾雅法拉-日用生活,1,99.0,0.0,0.0,99.0,45.54,45.54,paid,delivered,True,20260903
ORD-0003794-2,ORD-0003794,2026-06-20,酒神-装饰摆件,1,89.0,0.1,8.9,80.1,37.38,37.38,paid,delivered,True,20260903
ORD-0003795-1,ORD-0003795,2026-08-20,真言-毛绒玩偶,1,128.0,0.05,6.4,121.6,61.44,61.44,paid,delivered,True,20260903
ORD-0003796-1,ORD-0003796,2026-07-21,凛御银灰-手办模玩,1,699.0,0.05,34.95,664.05,433.38,433.38,cancelled,cancelled,True,20260903
ORD-0003796-2,ORD-0003796,2026-07-21,塑心-吧唧（徽章）,1,18.0,0.0,0.0,18.0,5.4,5.4,cancelled,cancelled,True,20260903
ORD-0003797-1,ORD-0003797,2026-07-02,死芒-亚克力制品,1,48.0,0.0,0.0,48.0,16.8,16.8,paid,delivered,True,20260903
ORD-0003798-1,ORD-0003798,2026-07-29,佩佩-毛绒玩偶,1,128.0,0.0,0.0,128.0,61.44,61.44,paid,delivered,True,20260903
ORD-0003799-1,ORD-0003799,2026-08-08,真言-毛绒玩偶,1,128.0,0.1,12.8,115.2,61.44,61.44,paid,delivered,True,20260903
ORD-0003800-1,ORD-0003800,2026-08-24,Mon3tr-毛绒玩偶,3,128.0,0.0,0.0,384.0,61.44,184.32,paid,delivered,True,20260903
ORD-0003801-1,ORD-0003801,2026-06-15,予愿安洁莉娜-通行证,1,39.0,0.1,3.9,35.1,12.48,12.48,paid,delivered,True,20260903
ORD-0003802-1,ORD-0003802,2026-06-15,纯烬艾雅法拉-装饰摆件,1,89.0,0.0,0.0,89.0,37.38,37.38,paid,delivered,True,20260903
ORD-0003802-2,ORD-0003802,2026-06-15,凯尔希·思衡托-手办模玩,1,699.0,0.05,34.95,664.05,433.38,433.38,paid,delivered,True,20260903
ORD-0003803-1,ORD-0003803,2026-08-01,贝洛内-通行证,1,39.0,0.0,0.0,39.0,12.48,12.48,paid,delivered,True,20260903
ORD-0003803-2,ORD-0003803,2026-08-01,凯尔希·思衡托-毛绒玩偶,1,128.0,0.0,0.0,128.0,61.44,61.44,paid,delivered,True,20260903
ORD-0003804-1,ORD-0003804,2026-08-06,焰狐龙梓兰-手办模玩,1,699.0,0.05,34.95,664.05,433.38,433.38,paid,shipped,True,20260903
ORD-0003805-1,ORD-0003805,2026-07-20,望-吧唧（徽章）,1,18.0,0.0,0.0,18.0,5.4,5.4,paid,delivered,True,20260903
ORD-0003806-1,ORD-0003806,2026-06-18,佩佩-亚克力制品,2,48.0,0.0,0.0,96.0,16.8,33.6,paid,delivered,True,20260903
ORD-0003807-1,ORD-0003807,2026-08-04,黍-吧唧（徽章）,1,18.0,0.0,0.0,18.0,5.4,5.4,paid,delivered,True,20260903
ORD-0003808-1,ORD-0003808,2026-08-13,缇缇-日用生活,1,99.0,0.0,0.0,99.0,45.54,45.54,paid,delivered,True,20260903
ORD-0003809-1,ORD-0003809,2026-06-12,缪尔赛思-通行证,1,39.0,0.0,0.0,39.0,12.48,12.48,paid,delivered,True,20260903
ORD-0003810-1,ORD-0003810,2026-06-25,谬因-亚克力制品,2,48.0,0.0,0.0,96.0,16.8,33.6,paid,delivered,True,20260903
ORD-0003810-2,ORD-0003810,2026-06-25,Mon3tr-日用生活,1,99.0,0.15,14.85,84.15,45.54,45.54,paid,delivered,True,20260903
ORD-0003810-3,ORD-0003810,2026-06-25,谬因-手办模玩,1,699.0,0.0,0.0,699.0,433.38,433.38,paid,delivered,True,20260903
ORD-0003811-1,ORD-0003811,2026-06-04,凛御银灰-吧唧（徽章）,1,18.0,0.05,0.9,17.1,5.4,5.4,paid,pending,True,20260903
ORD-0003812-1,ORD-0003812,2026-07-19,怒潮凛冬-装饰摆件,1,89.0,0.05,4.45,84.55,37.38,37.38,cancelled,cancelled,True,20260903
ORD-0003813-1,ORD-0003813,2026-08-15,Mon3tr-吧唧（徽章）,1,18.0,0.0,0.0,18.0,5.4,5.4,paid,delivered,True,20260903
ORD-0003814-1,ORD-0003814,2026-07-20,赤刃明霄陈-吧唧（徽章）,1,18.0,0.15,2.7,15.3,5.4,5.4,paid,delivered,True,20260903
ORD-0003815-1,ORD-0003815,2026-07-30,焰狐龙梓兰-毛绒玩偶,1,128.0,0.1,12.8,115.2,61.44,61.44,paid,delivered,True,20260903
ORD-0003816-1,ORD-0003816,2026-07-09,维娜·维多利亚-亚克力制品,1,48.0,0.0,0.0,48.0,16.8,16.8,paid,delivered,True,20260903
ORD-0003817-1,ORD-0003817,2026-08-15,缇缇-通行证,1,39.0,0.0,0.0,39.0,12.48,12.48,cancelled,cancelled,True,20260903
ORD-0003818-1,ORD-0003818,2026-08-01,望-装饰摆件,1,89.0,0.0,0.0,89.0,37.38,37.38,paid,shipped,True,20260903
ORD-0003819-1,ORD-0003819,2026-06-18,斩业星熊-装饰摆件,1,89.0,0.05,4.45,84.55,37.38,37.38,paid,delivered,True,20260903
ORD-0003820-1,ORD-0003820,2026-08-18,真言-通行证,1,39.0,0.0,0.0,39.0,12.48,12.48,paid,delivered,True,20260903
ORD-0003821-1,ORD-0003821,2026-07-25,娜斯提-毛绒玩偶,2,128.0,0.05,12.8,243.2,61.44,122.88,paid,delivered,True,20260903
ORD-0003821-2,ORD-0003821,2026-07-25,酒神-亚克力制品,1,48.0,0.0,0.0,48.0,16.8,16.8,paid,delivered,True,20260903
ORD-0003822-1,ORD-0003822,2026-08-08,焰狐龙梓兰-装饰摆件,1,89.0,0.1,8.9,80.1,37.38,37.38,paid,delivered,True,20260903
ORD-0003823-1,ORD-0003823,2026-06-16,重岳-手办模玩,1,699.0,0.0,0.0,699.0,433.38,433.38,paid,delivered,True,20260903
ORD-0003824-1,ORD-0003824,2026-06-16,凯尔希·思衡托-装饰摆件,1,89.0,0.0,0.0,89.0,37.38,37.38,paid,delivered,True,20260903
ORD-0003825-1,ORD-0003825,2026-06-12,佩佩-手办模玩,1,699.0,0.1,69.9,629.1,433.38,433.38,paid,delivered,True,20260903
ORD-0003826-1,ORD-0003826,2026-06-21,娜斯提-吧唧（徽章）,3,18.0,0.0,0.0,54.0,5.4,16.2,paid,delivered,True,20260903
ORD-0003827-1,ORD-0003827,2026-08-11,焰狐龙梓兰-毛绒玩偶,1,128.0,0.15,19.2,108.8,61.44,61.44,paid,delivered,True,20260903
ORD-0003828-1,ORD-0003828,2026-08-20,司霆惊蛰-亚克力制品,2,48.0,0.0,0.0,96.0,16.8,33.6,paid,delivered,True,20260903
ORD-0003828-2,ORD-0003828,2026-08-20,怒潮凛冬-手办模玩,1,699.0,0.0,0.0,699.0,433.38,433.38,paid,delivered,True,20260903
ORD-0003829-1,ORD-0003829,2026-06-19,佩佩-通行证,1,39.0,0.0,0.0,39.0,12.48,12.48,paid,delivered,True,20260903
ORD-0003830-1,ORD-0003830,2026-08-22,斩业星熊-手办模玩,1,699.0,0.05,34.95,664.05,433.38,433.38,paid,delivered,True,20260903
ORD-0003830-2,ORD-0003830,2026-08-22,佩佩-毛绒玩偶,1,128.0,0.0,0.0,128.0,61.44,61.44,paid,delivered,True,20260903
ORD-0003831-1,ORD-0003831,2026-06-23,新约能天使-日用生活,2,99.0,0.0,0.0,198.0,45.54,91.08,paid,delivered,True,20260903
ORD-0003832-1,ORD-0003832,2026-06-21,佩佩-亚克力制品,1,48.0,0.1,4.8,43.2,16.8,16.8,paid,delivered,True,20260903
ORD-0003833-1,ORD-0003833,2026-06-06,重岳-吧唧（徽章）,1,18.0,0.0,0.0,18.0,5.4,5.4,paid,delivered,True,20260903
ORD-0003833-2,ORD-0003833,2026-06-06,荒芜拉普兰德-吧唧（徽章）,1,18.0,0.1,1.8,16.2,5.4,5.4,paid,delivered,True,20260903
ORD-0003834-1,ORD-0003834,2026-06-26,缄默德克萨斯-毛绒玩偶,1,128.0,0.05,6.4,121.6,61.44,61.44,paid,delivered,True,20260903
ORD-0003835-1,ORD-0003835,2026-08-19,缄默德克萨斯-日用生活,1,99.0,0.1,9.9,89.1,45.54,45.54,paid,delivered,True,20260903
ORD-0003836-1,ORD-0003836,2026-06-28,归溟幽灵鲨-装饰摆件,1,89.0,0.0,0.0,89.0,37.38,37.38,paid,delivered,True,20260903
ORD-0003837-1,ORD-0003837,2026-08-11,Mon3tr-亚克力制品,2,48.0,0.0,0.0,96.0,16.8,33.6,paid,shipped,True,20260903
ORD-0003838-1,ORD-0003838,2026-07-27,黍-毛绒玩偶,1,128.0,0.05,6.4,121.6,61.44,61.44,paid,pending,True,20260903
ORD-0003839-1,ORD-0003839,2026-06-11,赤刃明霄陈-吧唧（徽章）,2,18.0,0.0,0.0,36.0,5.4,10.8,paid,delivered,True,20260903
ORD-0003840-1,ORD-0003840,2026-06-16,纯烬艾雅法拉-亚克力制品,1,48.0,0.0,0.0,48.0,16.8,16.8,paid,delivered,True,20260903
ORD-0003841-1,ORD-0003841,2026-06-16,缄默德克萨斯-吧唧（徽章）,1,18.0,0.05,0.9,17.1,5.4,5.4,paid,delivered,True,20260903
ORD-0003842-1,ORD-0003842,2026-07-26,缄默德克萨斯-亚克力制品,1,48.0,0.0,0.0,48.0,16.8,16.8,paid,delivered,True,20260903
ORD-0003843-1,ORD-0003843,2026-07-12,塑心-吧唧（徽章）,1,18.0,0.0,0.0,18.0,5.4,5.4,paid,delivered,True,20260903
ORD-0003843-2,ORD-0003843,2026-07-12,荒芜拉普兰德-装饰摆件,2,89.0,0.15,26.7,151.3,37.38,74.76,paid,delivered,True,20260903
ORD-0003844-1,ORD-0003844,2026-06-15,贝洛内-通行证,1,39.0,0.0,0.0,39.0,12.48,12.48,paid,delivered,True,20260903
ORD-0003845-1,ORD-0003845,2026-06-11,谬因-日用生活,1,99.0,0.0,0.0,99.0,45.54,45.54,paid,delivered,True,20260903
ORD-0003846-1,ORD-0003846,2026-07-03,塑心-亚克力制品,1,48.0,0.05,2.4,45.6,16.8,16.8,paid,delivered,True,20260903
ORD-0003847-1,ORD-0003847,2026-08-09,凯尔希·思衡托-吧唧（徽章）,1,18.0,0.1,1.8,16.2,5.4,5.4,paid,delivered,True,20260903
ORD-0003848-1,ORD-0003848,2026-08-23,予愿安洁莉娜-通行证,1,39.0,0.1,3.9,35.1,12.48,12.48,paid,delivered,True,20260903
ORD-0003849-1,ORD-0003849,2026-06-30,予愿安洁莉娜-装饰摆件,1,89.0,0.05,4.45,84.55,37.38,37.38,paid,delivered,True,20260903
ORD-0003849-2,ORD-0003849,2026-06-30,结城理-亚克力制品,1,48.0,0.05,2.4,45.6,16.8,16.8,paid,delivered,True,20260903
ORD-0003850-1,ORD-0003850,2026-08-23,维娜·维多利亚-毛绒玩偶,1,128.0,0.0,0.0,128.0,61.44,61.44,paid,delivered,True,20260903
ORD-0003851-1,ORD-0003851,2026-06-21,重岳-毛绒玩偶,1,128.0,0.05,6.4,121.6,61.44,61.44,paid,delivered,True,20260903
ORD-0003852-1,ORD-0003852,2026-06-20,贝洛内-通行证,1,39.0,0.05,1.95,37.05,12.48,12.48,paid,delivered,True,20260903
ORD-0003852-2,ORD-0003852,2026-06-20,酒神-手办模玩,1,699.0,0.05,34.95,664.05,433.38,433.38,paid,delivered,True,20260903
ORD-0003853-1,ORD-0003853,2026-07-09,塑心-毛绒玩偶,1,128.0,0.0,0.0,128.0,61.44,61.44,paid,delivered,True,20260903
ORD-0003854-1,ORD-0003854,2026-07-29,司霆惊蛰-吧唧（徽章）,1,18.0,0.1,1.8,16.2,5.4,5.4,paid,delivered,True,20260903
ORD-0003854-2,ORD-0003854,2026-07-29,死芒-亚克力制品,2,48.0,0.1,9.6,86.4,16.8,33.6,paid,delivered,True,20260903
ORD-0003855-1,ORD-0003855,2026-08-06,真言-吧唧（徽章）,1,18.0,0.0,0.0,18.0,5.4,5.4,paid,delivered,True,20260903
ORD-0003855-2,ORD-0003855,2026-08-06,缄默德克萨斯-通行证,1,39.0,0.0,0.0,39.0,12.48,12.48,paid,delivered,True,20260903
ORD-0003856-1,ORD-0003856,2026-08-03,贝洛内-日用生活,1,99.0,0.0,0.0,99.0,45.54,45.54,paid,delivered,True,20260903
ORD-0003857-1,ORD-0003857,2026-07-08,贝洛内-吧唧（徽章）,1,18.0,0.15,2.7,15.3,5.4,5.4,paid,delivered,True,20260903
ORD-0003858-1,ORD-0003858,2026-06-30,结城理-日用生活,1,99.0,0.1,9.9,89.1,45.54,45.54,paid,delivered,True,20260903
ORD-0003859-1,ORD-0003859,2026-07-10,纯烬艾雅法拉-手办模玩,1,699.0,0.0,0.0,699.0,433.38,433.38,paid,delivered,True,20260903
ORD-0003860-1,ORD-0003860,2026-06-25,黍-日用生活,1,99.0,0.05,4.95,94.05,45.54,45.54,paid,delivered,True,20260903
ORD-0003861-1,ORD-0003861,2026-08-02,凯尔希·思衡托-吧唧（徽章）,1,18.0,0.0,0.0,18.0,5.4,5.4,paid,delivered,True,20260903
ORD-0003862-1,ORD-0003862,2026-07-23,缪尔赛思-装饰摆件,1,89.0,0.0,0.0,89.0,37.38,37.38,paid,delivered,True,20260903
ORD-0003863-1,ORD-0003863,2026-08-28,新约能天使-手办模玩,1,699.0,0.05,34.95,664.05,433.38,433.38,paid,delivered,True,20260903
ORD-0003864-1,ORD-0003864,2026-07-02,予愿安洁莉娜-手办模玩,1,699.0,0.0,0.0,699.0,433.38,433.38,paid,delivered,True,20260903
ORD-0003865-1,ORD-0003865,2026-08-08,司霆惊蛰-装饰摆件,1,89.0,0.05,4.45,84.55,37.38,37.38,paid,delivered,True,20260903
ORD-0003865-2,ORD-0003865,2026-08-08,怒潮凛冬-装饰摆件,1,89.0,0.05,4.45,84.55,37.38,37.38,paid,delivered,True,20260903
ORD-0003865-3,ORD-0003865,2026-08-08,归溟幽灵鲨-装饰摆件,2,89.0,0.0,0.0,178.0,37.38,74.76,paid,delivered,True,20260903
ORD-0003866-1,ORD-0003866,2026-07-13,焰狐龙梓兰-亚克力制品,1,48.0,0.0,0.0,48.0,16.8,16.8,paid,delivered,True,20260903
ORD-0003867-1,ORD-0003867,2026-08-01,死芒-亚克力制品,1,48.0,0.1,4.8,43.2,16.8,16.8,paid,delivered,True,20260903
ORD-0003867-2,ORD-0003867,2026-08-01,归溟幽灵鲨-装饰摆件,2,89.0,0.0,0.0,178.0,37.38,74.76,paid,delivered,True,20260903
ORD-0003868-1,ORD-0003868,2026-07-26,结城理-亚克力制品,1,48.0,0.0,0.0,48.0,16.8,16.8,paid,shipped,True,20260903
ORD-0003869-1,ORD-0003869,2026-07-29,黍-装饰摆件,2,89.0,0.1,17.8,160.2,37.38,74.76,paid,delivered,True,20260903
ORD-0003870-1,ORD-0003870,2026-06-08,斩业星熊-通行证,1,39.0,0.0,0.0,39.0,12.48,12.48,paid,delivered,True,20260903
ORD-0003871-1,ORD-0003871,2026-06-18,斩业星熊-毛绒玩偶,1,128.0,0.15,19.2,108.8,61.44,61.44,paid,delivered,True,20260903
ORD-0003872-1,ORD-0003872,2026-07-12,Mon3tr-毛绒玩偶,1,128.0,0.0,0.0,128.0,61.44,61.44,paid,delivered,True,20260903
ORD-0003872-2,ORD-0003872,2026-07-12,维娜·维多利亚-毛绒玩偶,1,128.0,0.0,0.0,128.0,61.44,61.44,paid,delivered,True,20260903
ORD-0003873-1,ORD-0003873,2026-06-23,Mon3tr-通行证,1,39.0,0.1,3.9,35.1,12.48,12.48,paid,delivered,True,20260903
ORD-0003874-1,ORD-0003874,2026-06-30,酒神-吧唧（徽章）,1,18.0,0.0,0.0,18.0,5.4,5.4,paid,delivered,True,20260903
ORD-0003875-1,ORD-0003875,2026-07-30,缪尔赛思-吧唧（徽章）,1,18.0,0.1,1.8,16.2,5.4,5.4,paid,delivered,True,20260903
ORD-0003875-2,ORD-0003875,2026-07-30,荒芜拉普兰德-手办模玩,1,699.0,0.1,69.9,629.1,433.38,433.38,paid,delivered,True,20260903
ORD-0003876-1,ORD-0003876,2026-06-21,酒神-毛绒玩偶,1,128.0,0.0,0.0,128.0,61.44,61.44,paid,delivered,True,20260903
ORD-0003876-2,ORD-0003876,2026-06-21,塑心-毛绒玩偶,1,128.0,0.05,6.4,121.6,61.44,61.44,paid,delivered,True,20260903
ORD-0003877-1,ORD-0003877,2026-07-28,酒神-毛绒玩偶,1,128.0,0.0,0.0,128.0,61.44,61.44,paid,delivered,True,20260903
ORD-0003877-2,ORD-0003877,2026-07-28,归溟幽灵鲨-手办模玩,1,699.0,0.0,0.0,699.0,433.38,433.38,paid,delivered,True,20260903
ORD-0003878-1,ORD-0003878,2026-07-29,缄默德克萨斯-通行证,1,39.0,0.0,0.0,39.0,12.48,12.48,paid,delivered,True,20260903
ORD-0003879-1,ORD-0003879,2026-07-06,死芒-毛绒玩偶,1,128.0,0.1,12.8,115.2,61.44,61.44,paid,delivered,True,20260903
ORD-0003880-1,ORD-0003880,2026-06-09,焰狐龙梓兰-日用生活,1,99.0,0.05,4.95,94.05,45.54,45.54,paid,delivered,True,20260903
ORD-0003881-1,ORD-0003881,2026-06-10,Mon3tr-通行证,2,39.0,0.0,0.0,78.0,12.48,24.96,paid,delivered,True,20260903
ORD-0003882-1,ORD-0003882,2026-06-06,斩业星熊-日用生活,1,99.0,0.0,0.0,99.0,45.54,45.54,paid,delivered,True,20260903
ORD-0003883-1,ORD-0003883,2026-07-28,望-装饰摆件,1,89.0,0.0,0.0,89.0,37.38,37.38,paid,delivered,True,20260903
ORD-0003884-1,ORD-0003884,2026-06-18,缇缇-吧唧（徽章）,1,18.0,0.0,0.0,18.0,5.4,5.4,paid,delivered,True,20260903
ORD-0003885-1,ORD-0003885,2026-08-11,缄默德克萨斯-日用生活,2,99.0,0.1,19.8,178.2,45.54,91.08,paid,delivered,True,20260903
ORD-0003886-1,ORD-0003886,2026-07-01,缄默德克萨斯-日用生活,2,99.0,0.0,0.0,198.0,45.54,91.08,paid,delivered,True,20260903
ORD-0003887-1,ORD-0003887,2026-07-15,Mon3tr-装饰摆件,1,89.0,0.0,0.0,89.0,37.38,37.38,paid,delivered,True,20260903
ORD-0003887-2,ORD-0003887,2026-07-15,望-日用生活,1,99.0,0.0,0.0,99.0,45.54,45.54,paid,delivered,True,20260903
ORD-0003888-1,ORD-0003888,2026-07-28,司霆惊蛰-毛绒玩偶,1,128.0,0.1,12.8,115.2,61.44,61.44,paid,delivered,True,20260903
ORD-0003889-1,ORD-0003889,2026-08-23,望-亚克力制品,1,48.0,0.05,2.4,45.6,16.8,16.8,paid,delivered,True,20260903
ORD-0003890-1,ORD-0003890,2026-08-26,佩佩-毛绒玩偶,1,128.0,0.15,19.2,108.8,61.44,61.44,paid,delivered,True,20260903
ORD-0003891-1,ORD-0003891,2026-08-05,黍-通行证,1,39.0,0.05,1.95,37.05,12.48,12.48,paid,delivered,True,20260903
ORD-0003892-1,ORD-0003892,2026-07-24,真言-亚克力制品,1,48.0,0.05,2.4,45.6,16.8,16.8,paid,delivered,True,20260903
ORD-0003893-1,ORD-0003893,2026-06-12,死芒-装饰摆件,1,89.0,0.0,0.0,89.0,37.38,37.38,paid,delivered,True,20260903
ORD-0003894-1,ORD-0003894,2026-07-31,黍-吧唧（徽章）,3,18.0,0.05,2.7,51.3,5.4,16.2,paid,delivered,True,20260903
ORD-0003895-1,ORD-0003895,2026-06-12,斩业星熊-手办模玩,1,699.0,0.0,0.0,699.0,433.38,433.38,paid,shipped,True,20260903
ORD-0003896-1,ORD-0003896,2026-07-23,凛御银灰-日用生活,1,99.0,0.05,4.95,94.05,45.54,45.54,paid,delivered,True,20260903
ORD-0003897-1,ORD-0003897,2026-07-16,余-装饰摆件,1,89.0,0.15,13.35,75.65,37.38,37.38,paid,delivered,True,20260903
ORD-0003898-1,ORD-0003898,2026-08-29,荒芜拉普兰德-日用生活,1,99.0,0.0,0.0,99.0,45.54,45.54,paid,delivered,True,20260903
ORD-0003898-2,ORD-0003898,2026-08-29,死芒-吧唧（徽章）,1,18.0,0.05,0.9,17.1,5.4,5.4,paid,delivered,True,20260903
ORD-0003899-1,ORD-0003899,2026-08-02,纯烬艾雅法拉-亚克力制品,1,48.0,0.0,0.0,48.0,16.8,16.8,paid,delivered,True,20260903
ORD-0003900-1,ORD-0003900,2026-06-19,赤刃明霄陈-日用生活,1,99.0,0.0,0.0,99.0,45.54,45.54,paid,delivered,True,20260903
ORD-0003900-2,ORD-0003900,2026-06-19,赤刃明霄陈-毛绒玩偶,1,128.0,0.1,12.8,115.2,61.44,61.44,paid,delivered,True,20260903
ORD-0003901-1,ORD-0003901,2026-06-15,死芒-手办模玩,1,699.0,0.0,0.0,699.0,433.38,433.38,paid,delivered,True,20260903
ORD-0003902-1,ORD-0003902,2026-08-29,缄默德克萨斯-亚克力制品,1,48.0,0.1,4.8,43.2,16.8,16.8,paid,delivered,True,20260903
ORD-0003903-1,ORD-0003903,2026-07-25,焰狐龙梓兰-吧唧（徽章）,1,18.0,0.1,1.8,16.2,5.4,5.4,paid,delivered,True,20260903
ORD-0003903-2,ORD-0003903,2026-07-25,荒芜拉普兰德-亚克力制品,1,48.0,0.1,4.8,43.2,16.8,16.8,paid,delivered,True,20260903
ORD-0003903-3,ORD-0003903,2026-07-25,予愿安洁莉娜-亚克力制品,1,48.0,0.0,0.0,48.0,16.8,16.8,paid,delivered,True,20260903
ORD-0003904-1,ORD-0003904,2026-08-01,荒芜拉普兰德-手办模玩,1,699.0,0.0,0.0,699.0,433.38,433.38,paid,delivered,True,20260903
ORD-0003905-1,ORD-0003905,2026-07-12,缄默德克萨斯-毛绒玩偶,1,128.0,0.1,12.8,115.2,61.44,61.44,paid,delivered,True,20260903
ORD-0003906-1,ORD-0003906,2026-08-02,望-通行证,1,39.0,0.0,0.0,39.0,12.48,12.48,paid,delivered,True,20260903
ORD-0003907-1,ORD-0003907,2026-06-25,余-装饰摆件,1,89.0,0.1,8.9,80.1,37.38,37.38,paid,delivered,True,20260903
ORD-0003908-1,ORD-0003908,2026-08-01,怒潮凛冬-亚克力制品,1,48.0,0.0,0.0,48.0,16.8,16.8,paid,delivered,True,20260903
ORD-0003908-2,ORD-0003908,2026-08-01,凯尔希·思衡托-毛绒玩偶,2,128.0,0.1,25.6,230.4,61.44,122.88,paid,delivered,True,20260903
ORD-0003909-1,ORD-0003909,2026-07-15,纯烬艾雅法拉-吧唧（徽章）,1,18.0,0.0,0.0,18.0,5.4,5.4,paid,delivered,True,20260903
ORD-0003909-2,ORD-0003909,2026-07-15,予愿安洁莉娜-手办模玩,1,699.0,0.0,0.0,699.0,433.38,433.38,paid,delivered,True,20260903
ORD-0003910-1,ORD-0003910,2026-06-16,缇缇-吧唧（徽章）,1,18.0,0.15,2.7,15.3,5.4,5.4,paid,delivered,True,20260903
ORD-0003911-1,ORD-0003911,2026-07-31,荒芜拉普兰德-手办模玩,2,699.0,0.0,0.0,1398.0,433.38,866.76,paid,delivered,True,20260903
ORD-0003911-2,ORD-0003911,2026-07-31,缇缇-亚克力制品,3,48.0,0.0,0.0,144.0,16.8,50.4,paid,delivered,True,20260903
ORD-0003912-1,ORD-0003912,2026-06-01,重岳-亚克力制品,1,48.0,0.0,0.0,48.0,16.8,16.8,paid,delivered,True,20260903
ORD-0003913-1,ORD-0003913,2026-07-04,结城理-装饰摆件,1,89.0,0.0,0.0,89.0,37.38,37.38,paid,delivered,True,20260903
ORD-0003913-2,ORD-0003913,2026-07-04,真言-吧唧（徽章）,1,18.0,0.0,0.0,18.0,5.4,5.4,paid,delivered,True,20260903
ORD-0003914-1,ORD-0003914,2026-06-15,维娜·维多利亚-通行证,1,39.0,0.0,0.0,39.0,12.48,12.48,paid,delivered,True,20260903
ORD-0003914-2,ORD-0003914,2026-06-15,新约能天使-通行证,1,39.0,0.05,1.95,37.05,12.48,12.48,paid,delivered,True,20260903
ORD-0003915-1,ORD-0003915,2026-07-31,娜斯提-亚克力制品,1,48.0,0.0,0.0,48.0,16.8,16.8,paid,delivered,True,20260903
ORD-0003916-1,ORD-0003916,2026-07-17,余-亚克力制品,1,48.0,0.1,4.8,43.2,16.8,16.8,paid,delivered,True,20260903
ORD-0003917-1,ORD-0003917,2026-08-22,纯烬艾雅法拉-日用生活,1,99.0,0.1,9.9,89.1,45.54,45.54,paid,delivered,True,20260903
ORD-0003918-1,ORD-0003918,2026-06-28,结城理-吧唧（徽章）,1,18.0,0.05,0.9,17.1,5.4,5.4,paid,delivered,True,20260903
ORD-0003919-1,ORD-0003919,2026-08-02,重岳-通行证,2,39.0,0.05,3.9,74.1,12.48,24.96,paid,delivered,True,20260903
ORD-0003920-1,ORD-0003920,2026-08-03,赤刃明霄陈-毛绒玩偶,1,128.0,0.0,0.0,128.0,61.44,61.44,paid,delivered,True,20260903
ORD-0003921-1,ORD-0003921,2026-06-23,余-吧唧（徽章）,1,18.0,0.0,0.0,18.0,5.4,5.4,paid,delivered,True,20260903
ORD-0003922-1,ORD-0003922,2026-06-29,纯烬艾雅法拉-手办模玩,2,699.0,0.0,0.0,1398.0,433.38,866.76,paid,delivered,True,20260903
ORD-0003923-1,ORD-0003923,2026-06-24,凛御银灰-日用生活,1,99.0,0.0,0.0,99.0,45.54,45.54,paid,delivered,True,20260903
ORD-0003924-1,ORD-0003924,2026-07-28,司霆惊蛰-毛绒玩偶,1,128.0,0.0,0.0,128.0,61.44,61.44,paid,delivered,True,20260903
ORD-0003925-1,ORD-0003925,2026-06-29,怒潮凛冬-吧唧（徽章）,1,18.0,0.0,0.0,18.0,5.4,5.4,paid,delivered,True,20260903
ORD-0003926-1,ORD-0003926,2026-07-25,谬因-吧唧（徽章）,1,18.0,0.0,0.0,18.0,5.4,5.4,paid,delivered,True,20260903
ORD-0003927-1,ORD-0003927,2026-08-22,赤刃明霄陈-吧唧（徽章）,1,18.0,0.0,0.0,18.0,5.4,5.4,paid,delivered,True,20260903
ORD-0003928-1,ORD-0003928,2026-07-26,余-通行证,1,39.0,0.0,0.0,39.0,12.48,12.48,paid,delivered,True,20260903
ORD-0003929-1,ORD-0003929,2026-07-29,新约能天使-装饰摆件,1,89.0,0.0,0.0,89.0,37.38,37.38,paid,delivered,True,20260903
ORD-0003930-1,ORD-0003930,2026-06-13,维娜·维多利亚-吧唧（徽章）,1,18.0,0.1,1.8,16.2,5.4,5.4,paid,delivered,True,20260903
ORD-0003931-1,ORD-0003931,2026-07-15,凯尔希·思衡托-毛绒玩偶,1,128.0,0.15,19.2,108.8,61.44,61.44,paid,delivered,True,20260903
ORD-0003931-2,ORD-0003931,2026-07-15,娜斯提-吧唧（徽章）,1,18.0,0.0,0.0,18.0,5.4,5.4,paid,delivered,True,20260903
ORD-0003932-1,ORD-0003932,2026-06-07,酒神-通行证,1,39.0,0.1,3.9,35.1,12.48,12.48,paid,delivered,True,20260903
ORD-0003933-1,ORD-0003933,2026-08-25,塑心-通行证,1,39.0,0.1,3.9,35.1,12.48,12.48,paid,delivered,True,20260903
ORD-0003934-1,ORD-0003934,2026-07-23,娜斯提-日用生活,1,99.0,0.0,0.0,99.0,45.54,45.54,paid,delivered,True,20260903
ORD-0003935-1,ORD-0003935,2026-08-11,归溟幽灵鲨-手办模玩,2,699.0,0.0,0.0,1398.0,433.38,866.76,paid,delivered,True,20260903
ORD-0003935-2,ORD-0003935,2026-08-11,赤刃明霄陈-毛绒玩偶,1,128.0,0.0,0.0,128.0,61.44,61.44,paid,delivered,True,20260903
ORD-0003936-1,ORD-0003936,2026-07-28,纯烬艾雅法拉-日用生活,1,99.0,0.05,4.95,94.05,45.54,45.54,paid,delivered,True,20260903
ORD-0003937-1,ORD-0003937,2026-07-28,Mon3tr-日用生活,1,99.0,0.0,0.0,99.0,45.54,45.54,paid,delivered,True,20260903
ORD-0003938-1,ORD-0003938,2026-08-23,缇缇-手办模玩,1,699.0,0.05,34.95,664.05,433.38,433.38,paid,delivered,True,20260903
ORD-0003939-1,ORD-0003939,2026-06-11,荒芜拉普兰德-手办模玩,1,699.0,0.0,0.0,699.0,433.38,433.38,paid,delivered,True,20260903
ORD-0003940-1,ORD-0003940,2026-08-03,死芒-毛绒玩偶,1,128.0,0.0,0.0,128.0,61.44,61.44,paid,delivered,True,20260903
ORD-0003941-1,ORD-0003941,2026-06-24,凛御银灰-装饰摆件,1,89.0,0.05,4.45,84.55,37.38,37.38,paid,delivered,True,20260903
ORD-0003942-1,ORD-0003942,2026-06-14,归溟幽灵鲨-亚克力制品,1,48.0,0.1,4.8,43.2,16.8,16.8,paid,delivered,True,20260903
ORD-0003942-2,ORD-0003942,2026-06-14,酒神-通行证,1,39.0,0.1,3.9,35.1,12.48,12.48,paid,delivered,True,20260903
ORD-0003942-3,ORD-0003942,2026-06-14,纯烬艾雅法拉-毛绒玩偶,1,128.0,0.0,0.0,128.0,61.44,61.44,paid,delivered,True,20260903
ORD-0003943-1,ORD-0003943,2026-06-11,新约能天使-日用生活,1,99.0,0.1,9.9,89.1,45.54,45.54,paid,delivered,True,20260903
ORD-0003943-2,ORD-0003943,2026-06-11,真言-通行证,1,39.0,0.0,0.0,39.0,12.48,12.48,paid,delivered,True,20260903
ORD-0003944-1,ORD-0003944,2026-07-25,佩佩-吧唧（徽章）,1,18.0,0.1,1.8,16.2,5.4,5.4,paid,delivered,True,20260903
ORD-0003945-1,ORD-0003945,2026-07-07,缪尔赛思-装饰摆件,1,89.0,0.0,0.0,89.0,37.38,37.38,paid,shipped,True,20260903
ORD-0003946-1,ORD-0003946,2026-08-19,真言-通行证,1,39.0,0.0,0.0,39.0,12.48,12.48,paid,delivered,True,20260903
ORD-0003947-1,ORD-0003947,2026-07-02,缪尔赛思-吧唧（徽章）,1,18.0,0.1,1.8,16.2,5.4,5.4,paid,delivered,True,20260903
ORD-0003948-1,ORD-0003948,2026-07-26,余-毛绒玩偶,2,128.0,0.0,0.0,256.0,61.44,122.88,paid,delivered,True,20260903
ORD-0003949-1,ORD-0003949,2026-06-03,归溟幽灵鲨-吧唧（徽章）,1,18.0,0.15,2.7,15.3,5.4,5.4,paid,delivered,True,20260903
ORD-0003950-1,ORD-0003950,2026-06-22,酒神-亚克力制品,1,48.0,0.05,2.4,45.6,16.8,16.8,paid,delivered,True,20260903
ORD-0003951-1,ORD-0003951,2026-07-12,娜斯提-装饰摆件,1,89.0,0.0,0.0,89.0,37.38,37.38,paid,delivered,True,20260903
ORD-0003952-1,ORD-0003952,2026-07-23,望-通行证,1,39.0,0.0,0.0,39.0,12.48,12.48,paid,delivered,True,20260903
ORD-0003952-2,ORD-0003952,2026-07-23,余-日用生活,2,99.0,0.05,9.9,188.1,45.54,91.08,paid,delivered,True,20260903
ORD-0003953-1,ORD-0003953,2026-07-27,予愿安洁莉娜-吧唧（徽章）,1,18.0,0.1,1.8,16.2,5.4,5.4,paid,delivered,True,20260903
ORD-0003954-1,ORD-0003954,2026-07-02,Mon3tr-亚克力制品,1,48.0,0.0,0.0,48.0,16.8,16.8,paid,delivered,True,20260903
ORD-0003955-1,ORD-0003955,2026-07-14,余-通行证,1,39.0,0.0,0.0,39.0,12.48,12.48,paid,delivered,True,20260903
ORD-0003956-1,ORD-0003956,2026-06-18,凯尔希·思衡托-亚克力制品,1,48.0,0.0,0.0,48.0,16.8,16.8,paid,pending,True,20260903
ORD-0003956-2,ORD-0003956,2026-06-18,维娜·维多利亚-吧唧（徽章）,1,18.0,0.1,1.8,16.2,5.4,5.4,paid,pending,True,20260903
ORD-0003956-3,ORD-0003956,2026-06-18,焰狐龙梓兰-装饰摆件,1,89.0,0.1,8.9,80.1,37.38,37.38,paid,pending,True,20260903
ORD-0003957-1,ORD-0003957,2026-08-10,重岳-日用生活,1,99.0,0.05,4.95,94.05,45.54,45.54,paid,delivered,True,20260903
ORD-0003957-2,ORD-0003957,2026-08-10,死芒-亚克力制品,1,48.0,0.0,0.0,48.0,16.8,16.8,paid,delivered,True,20260903
ORD-0003958-1,ORD-0003958,2026-08-12,凛御银灰-毛绒玩偶,1,128.0,0.1,12.8,115.2,61.44,61.44,paid,shipped,True,20260903
ORD-0003959-1,ORD-0003959,2026-07-31,Mon3tr-通行证,1,39.0,0.0,0.0,39.0,12.48,12.48,paid,delivered,True,20260903
ORD-0003960-1,ORD-0003960,2026-08-12,余-日用生活,1,99.0,0.0,0.0,99.0,45.54,45.54,paid,delivered,True,20260903
ORD-0003961-1,ORD-0003961,2026-08-04,缇缇-手办模玩,2,699.0,0.0,0.0,1398.0,433.38,866.76,paid,delivered,True,20260903
ORD-0003962-1,ORD-0003962,2026-06-16,新约能天使-毛绒玩偶,1,128.0,0.0,0.0,128.0,61.44,61.44,paid,shipped,True,20260903
ORD-0003963-1,ORD-0003963,2026-07-17,真言-装饰摆件,1,89.0,0.1,8.9,80.1,37.38,37.38,paid,delivered,True,20260903
ORD-0003964-1,ORD-0003964,2026-06-19,真言-通行证,1,39.0,0.0,0.0,39.0,12.48,12.48,paid,delivered,True,20260903
ORD-0003965-1,ORD-0003965,2026-08-06,凯尔希·思衡托-亚克力制品,1,48.0,0.05,2.4,45.6,16.8,16.8,paid,delivered,True,20260903
ORD-0003966-1,ORD-0003966,2026-07-16,结城理-日用生活,1,99.0,0.0,0.0,99.0,45.54,45.54,paid,delivered,True,20260903
ORD-0003966-2,ORD-0003966,2026-07-16,凛御银灰-亚克力制品,1,48.0,0.05,2.4,45.6,16.8,16.8,paid,delivered,True,20260903
ORD-0003967-1,ORD-0003967,2026-07-10,酒神-装饰摆件,1,89.0,0.0,0.0,89.0,37.38,37.38,paid,delivered,True,20260903
ORD-0003968-1,ORD-0003968,2026-06-22,赤刃明霄陈-装饰摆件,1,89.0,0.0,0.0,89.0,37.38,37.38,paid,delivered,True,20260903
ORD-0003969-1,ORD-0003969,2026-07-07,缄默德克萨斯-日用生活,1,99.0,0.05,4.95,94.05,45.54,45.54,paid,shipped,True,20260903
ORD-0003970-1,ORD-0003970,2026-08-18,司霆惊蛰-日用生活,1,99.0,0.0,0.0,99.0,45.54,45.54,paid,delivered,True,20260903
ORD-0003971-1,ORD-0003971,2026-07-10,Mon3tr-亚克力制品,1,48.0,0.0,0.0,48.0,16.8,16.8,paid,pending,True,20260903
ORD-0003972-1,ORD-0003972,2026-07-02,凛御银灰-日用生活,1,99.0,0.0,0.0,99.0,45.54,45.54,paid,delivered,True,20260903
ORD-0003973-1,ORD-0003973,2026-07-31,娜斯提-日用生活,1,99.0,0.15,14.85,84.15,45.54,45.54,paid,delivered,True,20260903
ORD-0003973-2,ORD-0003973,2026-07-31,焰狐龙梓兰-亚克力制品,2,48.0,0.0,0.0,96.0,16.8,33.6,paid,delivered,True,20260903
ORD-0003974-1,ORD-0003974,2026-06-19,结城理-吧唧（徽章）,1,18.0,0.1,1.8,16.2,5.4,5.4,paid,delivered,True,20260903
ORD-0003975-1,ORD-0003975,2026-08-21,斩业星熊-吧唧（徽章）,1,18.0,0.0,0.0,18.0,5.4,5.4,paid,delivered,True,20260903
ORD-0003976-1,ORD-0003976,2026-06-15,荒芜拉普兰德-手办模玩,1,699.0,0.0,0.0,699.0,433.38,433.38,paid,delivered,True,20260903
ORD-0003977-1,ORD-0003977,2026-08-04,荒芜拉普兰德-通行证,1,39.0,0.1,3.9,35.1,12.48,12.48,paid,delivered,True,20260903
ORD-0003977-2,ORD-0003977,2026-08-04,维娜·维多利亚-装饰摆件,1,89.0,0.1,8.9,80.1,37.38,37.38,paid,delivered,True,20260903
ORD-0003978-1,ORD-0003978,2026-06-18,司霆惊蛰-日用生活,1,99.0,0.05,4.95,94.05,45.54,45.54,paid,delivered,True,20260903
ORD-0003979-1,ORD-0003979,2026-07-10,谬因-吧唧（徽章）,1,18.0,0.0,0.0,18.0,5.4,5.4,paid,delivered,True,20260903
ORD-0003979-2,ORD-0003979,2026-07-10,重岳-装饰摆件,1,89.0,0.1,8.9,80.1,37.38,37.38,paid,delivered,True,20260903
ORD-0003980-1,ORD-0003980,2026-06-19,维娜·维多利亚-通行证,1,39.0,0.0,0.0,39.0,12.48,12.48,paid,delivered,True,20260903
ORD-0003981-1,ORD-0003981,2026-07-22,Mon3tr-毛绒玩偶,1,128.0,0.05,6.4,121.6,61.44,61.44,paid,delivered,True,20260903
ORD-0003982-1,ORD-0003982,2026-06-23,重岳-日用生活,1,99.0,0.05,4.95,94.05,45.54,45.54,paid,delivered,True,20260903
ORD-0003982-2,ORD-0003982,2026-06-23,重岳-手办模玩,1,699.0,0.0,0.0,699.0,433.38,433.38,paid,delivered,True,20260903
ORD-0003983-1,ORD-0003983,2026-06-18,真言-毛绒玩偶,1,128.0,0.05,6.4,121.6,61.44,61.44,paid,delivered,True,20260903
ORD-0003984-1,ORD-0003984,2026-08-20,新约能天使-装饰摆件,1,89.0,0.05,4.45,84.55,37.38,37.38,paid,delivered,True,20260903
ORD-0003985-1,ORD-0003985,2026-06-18,怒潮凛冬-手办模玩,1,699.0,0.0,0.0,699.0,433.38,433.38,paid,delivered,True,20260903
ORD-0003986-1,ORD-0003986,2026-08-01,酒神-通行证,1,39.0,0.0,0.0,39.0,12.48,12.48,paid,delivered,True,20260903
ORD-0003986-2,ORD-0003986,2026-08-01,缇缇-日用生活,1,99.0,0.0,0.0,99.0,45.54,45.54,paid,delivered,True,20260903
ORD-0003987-1,ORD-0003987,2026-06-02,凯尔希·思衡托-毛绒玩偶,1,128.0,0.0,0.0,128.0,61.44,61.44,paid,delivered,True,20260903
ORD-0003987-2,ORD-0003987,2026-06-02,新约能天使-通行证,2,39.0,0.0,0.0,78.0,12.48,24.96,paid,delivered,True,20260903
ORD-0003988-1,ORD-0003988,2026-06-16,酒神-手办模玩,1,699.0,0.1,69.9,629.1,433.38,433.38,paid,delivered,True,20260903
ORD-0003989-1,ORD-0003989,2026-07-25,缪尔赛思-日用生活,1,99.0,0.0,0.0,99.0,45.54,45.54,paid,delivered,True,20260903
ORD-0003990-1,ORD-0003990,2026-06-06,余-毛绒玩偶,1,128.0,0.1,12.8,115.2,61.44,61.44,paid,delivered,True,20260903
ORD-0003991-1,ORD-0003991,2026-06-14,予愿安洁莉娜-装饰摆件,1,89.0,0.0,0.0,89.0,37.38,37.38,paid,delivered,True,20260903
ORD-0003992-1,ORD-0003992,2026-07-26,焰狐龙梓兰-通行证,1,39.0,0.05,1.95,37.05,12.48,12.48,paid,delivered,True,20260903
ORD-0003993-1,ORD-0003993,2026-08-08,望-吧唧（徽章）,1,18.0,0.1,1.8,16.2,5.4,5.4,paid,delivered,True,20260903
ORD-0003993-2,ORD-0003993,2026-08-08,缄默德克萨斯-装饰摆件,1,89.0,0.05,4.45,84.55,37.38,37.38,paid,delivered,True,20260903
ORD-0003994-1,ORD-0003994,2026-08-23,凛御银灰-毛绒玩偶,1,128.0,0.0,0.0,128.0,61.44,61.44,paid,delivered,True,20260903
ORD-0003995-1,ORD-0003995,2026-06-16,予愿安洁莉娜-亚克力制品,1,48.0,0.05,2.4,45.6,16.8,16.8,paid,delivered,True,20260903
ORD-0003996-1,ORD-0003996,2026-07-31,新约能天使-装饰摆件,1,89.0,0.0,0.0,89.0,37.38,37.38,paid,delivered,True,20260903
ORD-0003997-1,ORD-0003997,2026-07-09,斩业星熊-通行证,1,39.0,0.1,3.9,35.1,12.48,12.48,paid,delivered,True,20260903
ORD-0003998-1,ORD-0003998,2026-08-20,酒神-手办模玩,1,699.0,0.0,0.0,699.0,433.38,433.38,paid,delivered,True,20260903
ORD-0003999-1,ORD-0003999,2026-08-07,黍-装饰摆件,1,89.0,0.05,4.45,84.55,37.38,37.38,paid,delivered,True,20260903
ORD-0004000-1,ORD-0004000,2026-08-15,纯烬艾雅法拉-手办模玩,2,699.0,0.1,139.8,1258.2,433.38,866.76,paid,delivered,True,20260903
ORD-0004001-1,ORD-0004001,2026-08-29,新约能天使-日用生活,1,99.0,0.0,0.0,99.0,45.54,45.54,paid,delivered,True,20260903
ORD-0004002-1,ORD-0004002,2026-07-27,结城理-日用生活,1,99.0,0.0,0.0,99.0,45.54,45.54,cancelled,cancelled,True,20260903
ORD-0004003-1,ORD-0004003,2026-06-30,缪尔赛思-日用生活,1,99.0,0.15,14.85,84.15,45.54,45.54,paid,shipped,True,20260903
ORD-0004004-1,ORD-0004004,2026-06-21,司霆惊蛰-手办模玩,1,699.0,0.15,104.85,594.15,433.38,433.38,paid,delivered,True,20260903
ORD-0004005-1,ORD-0004005,2026-07-31,焰狐龙梓兰-日用生活,1,99.0,0.1,9.9,89.1,45.54,45.54,paid,delivered,True,20260903
ORD-0004006-1,ORD-0004006,2026-06-03,怒潮凛冬-亚克力制品,1,48.0,0.1,4.8,43.2,16.8,16.8,paid,shipped,True,20260903
ORD-0004006-2,ORD-0004006,2026-06-03,荒芜拉普兰德-吧唧（徽章）,1,18.0,0.0,0.0,18.0,5.4,5.4,paid,shipped,True,20260903
ORD-0004007-1,ORD-0004007,2026-08-27,司霆惊蛰-亚克力制品,1,48.0,0.05,2.4,45.6,16.8,16.8,paid,delivered,True,20260903
ORD-0004008-1,ORD-0004008,2026-06-14,娜斯提-通行证,1,39.0,0.1,3.9,35.1,12.48,12.48,paid,delivered,True,20260903
ORD-0004008-2,ORD-0004008,2026-06-14,荒芜拉普兰德-装饰摆件,2,89.0,0.0,0.0,178.0,37.38,74.76,paid,delivered,True,20260903
ORD-0004009-1,ORD-0004009,2026-08-14,贝洛内-亚克力制品,2,48.0,0.0,0.0,96.0,16.8,33.6,paid,delivered,True,20260903
ORD-0004010-1,ORD-0004010,2026-08-02,归溟幽灵鲨-手办模玩,1,699.0,0.0,0.0,699.0,433.38,433.38,paid,delivered,True,20260903
ORD-0004011-1,ORD-0004011,2026-07-26,赤刃明霄陈-吧唧（徽章）,1,18.0,0.0,0.0,18.0,5.4,5.4,paid,delivered,True,20260903
ORD-0004012-1,ORD-0004012,2026-07-11,纯烬艾雅法拉-手办模玩,1,699.0,0.0,0.0,699.0,433.38,433.38,paid,delivered,True,20260903
ORD-0004013-1,ORD-0004013,2026-08-17,缪尔赛思-日用生活,1,99.0,0.0,0.0,99.0,45.54,45.54,paid,delivered,True,20260903
ORD-0004014-1,ORD-0004014,2026-08-21,谬因-日用生活,2,99.0,0.1,19.8,178.2,45.54,91.08,paid,delivered,True,20260903
ORD-0004015-1,ORD-0004015,2026-06-22,结城理-吧唧（徽章）,1,18.0,0.15,2.7,15.3,5.4,5.4,paid,delivered,True,20260903
ORD-0004016-1,ORD-0004016,2026-07-26,赤刃明霄陈-亚克力制品,1,48.0,0.0,0.0,48.0,16.8,16.8,paid,delivered,True,20260903
ORD-0004017-1,ORD-0004017,2026-08-27,纯烬艾雅法拉-日用生活,1,99.0,0.0,0.0,99.0,45.54,45.54,paid,delivered,True,20260903
ORD-0004017-2,ORD-0004017,2026-08-27,予愿安洁莉娜-吧唧（徽章）,1,18.0,0.1,1.8,16.2,5.4,5.4,paid,delivered,True,20260903
ORD-0004018-1,ORD-0004018,2026-06-14,塑心-日用生活,1,99.0,0.05,4.95,94.05,45.54,45.54,paid,delivered,True,20260903
ORD-0004019-1,ORD-0004019,2026-06-19,凛御银灰-毛绒玩偶,1,128.0,0.0,0.0,128.0,61.44,61.44,paid,delivered,True,20260903
ORD-0004019-2,ORD-0004019,2026-06-19,怒潮凛冬-通行证,2,39.0,0.0,0.0,78.0,12.48,24.96,paid,delivered,True,20260903
ORD-0004020-1,ORD-0004020,2026-07-01,死芒-日用生活,1,99.0,0.1,9.9,89.1,45.54,45.54,paid,delivered,True,20260903
ORD-0004021-1,ORD-0004021,2026-07-11,余-毛绒玩偶,1,128.0,0.0,0.0,128.0,61.44,61.44,paid,delivered,True,20260903
ORD-0004022-1,ORD-0004022,2026-07-28,凯尔希·思衡托-毛绒玩偶,1,128.0,0.0,0.0,128.0,61.44,61.44,paid,delivered,True,20260903
ORD-0004022-2,ORD-0004022,2026-07-28,赤刃明霄陈-吧唧（徽章）,2,18.0,0.1,3.6,32.4,5.4,10.8,paid,delivered,True,20260903
ORD-0004023-1,ORD-0004023,2026-08-10,佩佩-手办模玩,1,699.0,0.0,0.0,699.0,433.38,433.38,paid,delivered,True,20260903
ORD-0004024-1,ORD-0004024,2026-08-02,佩佩-通行证,1,39.0,0.0,0.0,39.0,12.48,12.48,paid,pending,True,20260903
ORD-0004024-2,ORD-0004024,2026-08-02,纯烬艾雅法拉-通行证,2,39.0,0.1,7.8,70.2,12.48,24.96,paid,pending,True,20260903
ORD-0004025-1,ORD-0004025,2026-07-06,酒神-手办模玩,1,699.0,0.0,0.0,699.0,433.38,433.38,paid,delivered,True,20260903
ORD-0004026-1,ORD-0004026,2026-06-21,新约能天使-装饰摆件,1,89.0,0.0,0.0,89.0,37.38,37.38,paid,shipped,True,20260903
ORD-0004027-1,ORD-0004027,2026-07-22,重岳-手办模玩,1,699.0,0.1,69.9,629.1,433.38,433.38,paid,delivered,True,20260903
ORD-0004028-1,ORD-0004028,2026-07-20,维娜·维多利亚-日用生活,1,99.0,0.05,4.95,94.05,45.54,45.54,paid,delivered,True,20260903
ORD-0004028-2,ORD-0004028,2026-07-20,佩佩-亚克力制品,1,48.0,0.0,0.0,48.0,16.8,16.8,paid,delivered,True,20260903
ORD-0004029-1,ORD-0004029,2026-06-06,予愿安洁莉娜-吧唧（徽章）,1,18.0,0.1,1.8,16.2,5.4,5.4,paid,delivered,True,20260903
ORD-0004030-1,ORD-0004030,2026-06-16,缇缇-装饰摆件,1,89.0,0.0,0.0,89.0,37.38,37.38,paid,delivered,True,20260903
ORD-0004031-1,ORD-0004031,2026-06-14,余-毛绒玩偶,1,128.0,0.1,12.8,115.2,61.44,61.44,paid,pending,True,20260903
ORD-0004032-1,ORD-0004032,2026-07-25,凛御银灰-日用生活,2,99.0,0.0,0.0,198.0,45.54,91.08,paid,delivered,True,20260903
ORD-0004033-1,ORD-0004033,2026-07-24,凛御银灰-毛绒玩偶,1,128.0,0.0,0.0,128.0,61.44,61.44,paid,delivered,True,20260903
ORD-0004034-1,ORD-0004034,2026-06-18,缇缇-吧唧（徽章）,1,18.0,0.0,0.0,18.0,5.4,5.4,paid,delivered,True,20260903
ORD-0004035-1,ORD-0004035,2026-08-17,荒芜拉普兰德-毛绒玩偶,1,128.0,0.1,12.8,115.2,61.44,61.44,paid,delivered,True,20260903
ORD-0004036-1,ORD-0004036,2026-08-08,重岳-通行证,1,39.0,0.0,0.0,39.0,12.48,12.48,paid,delivered,True,20260903
ORD-0004037-1,ORD-0004037,2026-08-23,娜斯提-通行证,1,39.0,0.05,1.95,37.05,12.48,12.48,paid,delivered,True,20260903
ORD-0004038-1,ORD-0004038,2026-07-08,贝洛内-毛绒玩偶,1,128.0,0.0,0.0,128.0,61.44,61.44,paid,delivered,True,20260903
ORD-0004038-2,ORD-0004038,2026-07-08,归溟幽灵鲨-亚克力制品,1,48.0,0.1,4.8,43.2,16.8,16.8,paid,delivered,True,20260903
ORD-0004039-1,ORD-0004039,2026-07-30,纯烬艾雅法拉-手办模玩,1,699.0,0.15,104.85,594.15,433.38,433.38,paid,delivered,True,20260903
ORD-0004040-1,ORD-0004040,2026-06-22,新约能天使-亚克力制品,1,48.0,0.0,0.0,48.0,16.8,16.8,paid,delivered,True,20260903
ORD-0004040-2,ORD-0004040,2026-06-22,司霆惊蛰-日用生活,1,99.0,0.0,0.0,99.0,45.54,45.54,paid,delivered,True,20260903
ORD-0004041-1,ORD-0004041,2026-06-07,缄默德克萨斯-吧唧（徽章）,1,18.0,0.0,0.0,18.0,5.4,5.4,paid,delivered,True,20260903
ORD-0004042-1,ORD-0004042,2026-07-10,赤刃明霄陈-吧唧（徽章）,1,18.0,0.0,0.0,18.0,5.4,5.4,paid,pending,True,20260903
ORD-0004042-2,ORD-0004042,2026-07-10,缄默德克萨斯-吧唧（徽章）,1,18.0,0.0,0.0,18.0,5.4,5.4,paid,pending,True,20260903
ORD-0004043-1,ORD-0004043,2026-06-05,怒潮凛冬-装饰摆件,2,89.0,0.05,8.9,169.1,37.38,74.76,paid,delivered,True,20260903
ORD-0004044-1,ORD-0004044,2026-06-25,斩业星熊-装饰摆件,1,89.0,0.0,0.0,89.0,37.38,37.38,paid,delivered,True,20260903
ORD-0004045-1,ORD-0004045,2026-07-19,望-吧唧（徽章）,1,18.0,0.0,0.0,18.0,5.4,5.4,paid,delivered,True,20260903
ORD-0004046-1,ORD-0004046,2026-06-18,余-手办模玩,1,699.0,0.0,0.0,699.0,433.38,433.38,paid,delivered,True,20260903
ORD-0004047-1,ORD-0004047,2026-06-15,司霆惊蛰-手办模玩,1,699.0,0.1,69.9,629.1,433.38,433.38,paid,delivered,True,20260903
ORD-0004048-1,ORD-0004048,2026-08-29,娜斯提-手办模玩,1,699.0,0.1,69.9,629.1,433.38,433.38,paid,delivered,True,20260903
ORD-0004049-1,ORD-0004049,2026-08-28,望-日用生活,1,99.0,0.05,4.95,94.05,45.54,45.54,paid,delivered,True,20260903
ORD-0004050-1,ORD-0004050,2026-06-28,望-日用生活,2,99.0,0.1,19.8,178.2,45.54,91.08,paid,delivered,True,20260903
ORD-0004051-1,ORD-0004051,2026-06-03,佩佩-手办模玩,1,699.0,0.1,69.9,629.1,433.38,433.38,paid,delivered,True,20260903
ORD-0004051-2,ORD-0004051,2026-06-03,缄默德克萨斯-吧唧（徽章）,2,18.0,0.0,0.0,36.0,5.4,10.8,paid,delivered,True,20260903
ORD-0004052-1,ORD-0004052,2026-07-22,凯尔希·思衡托-通行证,2,39.0,0.0,0.0,78.0,12.48,24.96,paid,delivered,True,20260903
ORD-0004053-1,ORD-0004053,2026-08-09,Mon3tr-亚克力制品,1,48.0,0.0,0.0,48.0,16.8,16.8,cancelled,cancelled,True,20260903
ORD-0004054-1,ORD-0004054,2026-08-12,凛御银灰-日用生活,1,99.0,0.1,9.9,89.1,45.54,45.54,paid,delivered,True,20260903
ORD-0004054-2,ORD-0004054,2026-08-12,归溟幽灵鲨-毛绒玩偶,1,128.0,0.0,0.0,128.0,61.44,61.44,paid,delivered,True,20260903
ORD-0004055-1,ORD-0004055,2026-06-24,斩业星熊-手办模玩,1,699.0,0.0,0.0,699.0,433.38,433.38,paid,delivered,True,20260903
ORD-0004056-1,ORD-0004056,2026-07-19,荒芜拉普兰德-装饰摆件,1,89.0,0.05,4.45,84.55,37.38,37.38,cancelled,cancelled,True,20260903
ORD-0004056-2,ORD-0004056,2026-07-19,予愿安洁莉娜-毛绒玩偶,2,128.0,0.0,0.0,256.0,61.44,122.88,cancelled,cancelled,True,20260903
ORD-0004056-3,ORD-0004056,2026-07-19,重岳-装饰摆件,1,89.0,0.0,0.0,89.0,37.38,37.38,cancelled,cancelled,True,20260903
ORD-0004057-1,ORD-0004057,2026-06-16,真言-日用生活,1,99.0,0.0,0.0,99.0,45.54,45.54,paid,delivered,True,20260903
ORD-0004058-1,ORD-0004058,2026-06-03,谬因-吧唧（徽章）,1,18.0,0.0,0.0,18.0,5.4,5.4,paid,delivered,True,20260903
ORD-0004058-2,ORD-0004058,2026-06-03,贝洛内-吧唧（徽章）,1,18.0,0.0,0.0,18.0,5.4,5.4,paid,delivered,True,20260903
ORD-0004059-1,ORD-0004059,2026-08-22,新约能天使-吧唧（徽章）,1,18.0,0.1,1.8,16.2,5.4,5.4,paid,delivered,True,20260903
ORD-0004060-1,ORD-0004060,2026-08-15,贝洛内-装饰摆件,1,89.0,0.0,0.0,89.0,37.38,37.38,paid,delivered,True,20260903
ORD-0004061-1,ORD-0004061,2026-06-27,予愿安洁莉娜-装饰摆件,1,89.0,0.0,0.0,89.0,37.38,37.38,paid,delivered,True,20260903
ORD-0004062-1,ORD-0004062,2026-06-11,真言-手办模玩,2,699.0,0.15,209.7,1188.3,433.38,866.76,paid,delivered,True,20260903
ORD-0004063-1,ORD-0004063,2026-07-02,佩佩-吧唧（徽章）,1,18.0,0.0,0.0,18.0,5.4,5.4,paid,delivered,True,20260903
ORD-0004064-1,ORD-0004064,2026-08-19,予愿安洁莉娜-通行证,2,39.0,0.0,0.0,78.0,12.48,24.96,paid,delivered,True,20260903
ORD-0004065-1,ORD-0004065,2026-08-17,余-毛绒玩偶,1,128.0,0.1,12.8,115.2,61.44,61.44,paid,shipped,True,20260903
ORD-0004066-1,ORD-0004066,2026-07-12,余-日用生活,1,99.0,0.05,4.95,94.05,45.54,45.54,paid,delivered,True,20260903
ORD-0004067-1,ORD-0004067,2026-06-05,凯尔希·思衡托-日用生活,1,99.0,0.0,0.0,99.0,45.54,45.54,paid,delivered,True,20260903
ORD-0004068-1,ORD-0004068,2026-08-13,真言-日用生活,1,99.0,0.05,4.95,94.05,45.54,45.54,paid,delivered,True,20260903
ORD-0004068-2,ORD-0004068,2026-08-13,Mon3tr-毛绒玩偶,1,128.0,0.05,6.4,121.6,61.44,61.44,paid,delivered,True,20260903
ORD-0004069-1,ORD-0004069,2026-07-20,维娜·维多利亚-装饰摆件,1,89.0,0.1,8.9,80.1,37.38,37.38,paid,delivered,True,20260903
ORD-0004069-2,ORD-0004069,2026-07-20,死芒-日用生活,2,99.0,0.0,0.0,198.0,45.54,91.08,paid,delivered,True,20260903
ORD-0004070-1,ORD-0004070,2026-06-21,凛御银灰-吧唧（徽章）,1,18.0,0.0,0.0,18.0,5.4,5.4,paid,delivered,True,20260903
ORD-0004071-1,ORD-0004071,2026-08-24,Mon3tr-通行证,1,39.0,0.05,1.95,37.05,12.48,12.48,paid,delivered,True,20260903
ORD-0004072-1,ORD-0004072,2026-07-09,焰狐龙梓兰-亚克力制品,1,48.0,0.0,0.0,48.0,16.8,16.8,paid,delivered,True,20260903
ORD-0004072-2,ORD-0004072,2026-07-09,酒神-手办模玩,1,699.0,0.0,0.0,699.0,433.38,433.38,paid,delivered,True,20260903
ORD-0004073-1,ORD-0004073,2026-06-03,司霆惊蛰-亚克力制品,1,48.0,0.05,2.4,45.6,16.8,16.8,cancelled,cancelled,True,20260903
ORD-0004073-2,ORD-0004073,2026-06-03,焰狐龙梓兰-毛绒玩偶,1,128.0,0.0,0.0,128.0,61.44,61.44,cancelled,cancelled,True,20260903
ORD-0004074-1,ORD-0004074,2026-08-04,归溟幽灵鲨-手办模玩,1,699.0,0.0,0.0,699.0,433.38,433.38,paid,delivered,True,20260903
ORD-0004075-1,ORD-0004075,2026-06-23,娜斯提-吧唧（徽章）,1,18.0,0.0,0.0,18.0,5.4,5.4,paid,delivered,True,20260903
ORD-0004075-2,ORD-0004075,2026-06-23,娜斯提-手办模玩,1,699.0,0.0,0.0,699.0,433.38,433.38,paid,delivered,True,20260903
ORD-0004075-3,ORD-0004075,2026-06-23,予愿安洁莉娜-通行证,1,39.0,0.05,1.95,37.05,12.48,12.48,paid,delivered,True,20260903
ORD-0004076-1,ORD-0004076,2026-08-03,缄默德克萨斯-装饰摆件,1,89.0,0.15,13.35,75.65,37.38,37.38,paid,delivered,True,20260903
ORD-0004077-1,ORD-0004077,2026-08-01,缇缇-毛绒玩偶,1,128.0,0.15,19.2,108.8,61.44,61.44,paid,delivered,True,20260903
ORD-0004078-1,ORD-0004078,2026-07-22,凛御银灰-通行证,1,39.0,0.0,0.0,39.0,12.48,12.48,paid,delivered,True,20260903
ORD-0004078-2,ORD-0004078,2026-07-22,维娜·维多利亚-吧唧（徽章）,1,18.0,0.0,0.0,18.0,5.4,5.4,paid,delivered,True,20260903
ORD-0004079-1,ORD-0004079,2026-08-28,塑心-毛绒玩偶,1,128.0,0.05,6.4,121.6,61.44,61.44,paid,delivered,True,20260903
ORD-0004080-1,ORD-0004080,2026-06-22,真言-亚克力制品,1,48.0,0.1,4.8,43.2,16.8,16.8,paid,delivered,True,20260903
ORD-0004080-2,ORD-0004080,2026-06-22,谬因-手办模玩,1,699.0,0.15,104.85,594.15,433.38,433.38,paid,delivered,True,20260903
ORD-0004081-1,ORD-0004081,2026-06-18,凯尔希·思衡托-日用生活,1,99.0,0.1,9.9,89.1,45.54,45.54,paid,delivered,True,20260903
ORD-0004081-2,ORD-0004081,2026-06-18,余-亚克力制品,1,48.0,0.0,0.0,48.0,16.8,16.8,paid,delivered,True,20260903
ORD-0004082-1,ORD-0004082,2026-08-03,黍-毛绒玩偶,1,128.0,0.0,0.0,128.0,61.44,61.44,paid,delivered,True,20260903
ORD-0004083-1,ORD-0004083,2026-06-16,真言-通行证,1,39.0,0.1,3.9,35.1,12.48,12.48,paid,delivered,True,20260903
ORD-0004084-1,ORD-0004084,2026-07-25,斩业星熊-吧唧（徽章）,1,18.0,0.0,0.0,18.0,5.4,5.4,paid,delivered,True,20260903
ORD-0004085-1,ORD-0004085,2026-06-17,予愿安洁莉娜-亚克力制品,1,48.0,0.05,2.4,45.6,16.8,16.8,cancelled,cancelled,True,20260903
ORD-0004085-2,ORD-0004085,2026-06-17,司霆惊蛰-吧唧（徽章）,1,18.0,0.05,0.9,17.1,5.4,5.4,cancelled,cancelled,True,20260903
ORD-0004086-1,ORD-0004086,2026-06-16,死芒-亚克力制品,1,48.0,0.0,0.0,48.0,16.8,16.8,paid,delivered,True,20260903
ORD-0004087-1,ORD-0004087,2026-06-25,斩业星熊-手办模玩,1,699.0,0.1,69.9,629.1,433.38,433.38,paid,delivered,True,20260903
ORD-0004087-2,ORD-0004087,2026-06-25,赤刃明霄陈-毛绒玩偶,1,128.0,0.05,6.4,121.6,61.44,61.44,paid,delivered,True,20260903
ORD-0004088-1,ORD-0004088,2026-07-27,缪尔赛思-吧唧（徽章）,2,18.0,0.0,0.0,36.0,5.4,10.8,paid,delivered,True,20260903
ORD-0004089-1,ORD-0004089,2026-06-21,归溟幽灵鲨-毛绒玩偶,1,128.0,0.0,0.0,128.0,61.44,61.44,paid,delivered,True,20260903
ORD-0004089-2,ORD-0004089,2026-06-21,司霆惊蛰-吧唧（徽章）,1,18.0,0.0,0.0,18.0,5.4,5.4,paid,delivered,True,20260903
ORD-0004090-1,ORD-0004090,2026-06-18,凯尔希·思衡托-装饰摆件,1,89.0,0.0,0.0,89.0,37.38,37.38,paid,delivered,True,20260903
ORD-0004091-1,ORD-0004091,2026-06-22,斩业星熊-装饰摆件,1,89.0,0.1,8.9,80.1,37.38,37.38,paid,delivered,True,20260903
ORD-0004092-1,ORD-0004092,2026-07-10,新约能天使-毛绒玩偶,1,128.0,0.0,0.0,128.0,61.44,61.44,paid,delivered,True,20260903
ORD-0004093-1,ORD-0004093,2026-07-22,Mon3tr-毛绒玩偶,1,128.0,0.0,0.0,128.0,61.44,61.44,paid,delivered,True,20260903
ORD-0004094-1,ORD-0004094,2026-06-22,维娜·维多利亚-通行证,1,39.0,0.0,0.0,39.0,12.48,12.48,paid,delivered,True,20260903
ORD-0004095-1,ORD-0004095,2026-07-24,凯尔希·思衡托-吧唧（徽章）,1,18.0,0.0,0.0,18.0,5.4,5.4,paid,delivered,True,20260903
ORD-0004096-1,ORD-0004096,2026-06-16,娜斯提-亚克力制品,1,48.0,0.15,7.2,40.8,16.8,16.8,paid,delivered,True,20260903
ORD-0004097-1,ORD-0004097,2026-08-26,谬因-吧唧（徽章）,1,18.0,0.0,0.0,18.0,5.4,5.4,paid,delivered,True,20260903
ORD-0004097-2,ORD-0004097,2026-08-26,缇缇-毛绒玩偶,1,128.0,0.05,6.4,121.6,61.44,61.44,paid,delivered,True,20260903
ORD-0004098-1,ORD-0004098,2026-07-26,司霆惊蛰-毛绒玩偶,1,128.0,0.0,0.0,128.0,61.44,61.44,paid,shipped,True,20260903
ORD-0004098-2,ORD-0004098,2026-07-26,纯烬艾雅法拉-吧唧（徽章）,1,18.0,0.0,0.0,18.0,5.4,5.4,paid,shipped,True,20260903
ORD-0004098-3,ORD-0004098,2026-07-26,缇缇-日用生活,1,99.0,0.0,0.0,99.0,45.54,45.54,paid,shipped,True,20260903
ORD-0004099-1,ORD-0004099,2026-06-17,谬因-亚克力制品,1,48.0,0.0,0.0,48.0,16.8,16.8,paid,delivered,True,20260903
ORD-0004100-1,ORD-0004100,2026-08-04,酒神-装饰摆件,1,89.0,0.1,8.9,80.1,37.38,37.38,paid,delivered,True,20260903
ORD-0004100-2,ORD-0004100,2026-08-04,缇缇-装饰摆件,2,89.0,0.1,17.8,160.2,37.38,74.76,paid,delivered,True,20260903
ORD-0004100-3,ORD-0004100,2026-08-04,荒芜拉普兰德-毛绒玩偶,1,128.0,0.0,0.0,128.0,61.44,61.44,paid,delivered,True,20260903
ORD-0004101-1,ORD-0004101,2026-06-19,谬因-装饰摆件,2,89.0,0.1,17.8,160.2,37.38,74.76,paid,delivered,True,20260903
ORD-0004102-1,ORD-0004102,2026-06-13,怒潮凛冬-亚克力制品,1,48.0,0.0,0.0,48.0,16.8,16.8,paid,delivered,True,20260903
ORD-0004103-1,ORD-0004103,2026-08-20,佩佩-装饰摆件,1,89.0,0.05,4.45,84.55,37.38,37.38,paid,delivered,True,20260903
ORD-0004104-1,ORD-0004104,2026-08-25,望-通行证,1,39.0,0.1,3.9,35.1,12.48,12.48,paid,delivered,True,20260903
ORD-0004105-1,ORD-0004105,2026-08-04,娜斯提-通行证,1,39.0,0.05,1.95,37.05,12.48,12.48,paid,delivered,True,20260903
ORD-0004105-2,ORD-0004105,2026-08-04,缇缇-吧唧（徽章）,1,18.0,0.1,1.8,16.2,5.4,5.4,paid,delivered,True,20260903
ORD-0004105-3,ORD-0004105,2026-08-04,维娜·维多利亚-亚克力制品,1,48.0,0.0,0.0,48.0,16.8,16.8,paid,delivered,True,20260903
ORD-0004106-1,ORD-0004106,2026-08-07,谬因-毛绒玩偶,1,128.0,0.1,12.8,115.2,61.44,61.44,paid,delivered,True,20260903
ORD-0004107-1,ORD-0004107,2026-08-04,塑心-通行证,1,39.0,0.0,0.0,39.0,12.48,12.48,paid,delivered,True,20260903
ORD-0004108-1,ORD-0004108,2026-07-17,酒神-毛绒玩偶,1,128.0,0.0,0.0,128.0,61.44,61.44,paid,delivered,True,20260903
ORD-0004109-1,ORD-0004109,2026-06-13,缇缇-装饰摆件,2,89.0,0.05,8.9,169.1,37.38,74.76,paid,delivered,True,20260903
ORD-0004110-1,ORD-0004110,2026-07-15,望-装饰摆件,1,89.0,0.0,0.0,89.0,37.38,37.38,paid,delivered,True,20260903
ORD-0004111-1,ORD-0004111,2026-06-19,荒芜拉普兰德-吧唧（徽章）,1,18.0,0.1,1.8,16.2,5.4,5.4,paid,delivered,True,20260903
ORD-0004112-1,ORD-0004112,2026-08-17,Mon3tr-毛绒玩偶,1,128.0,0.0,0.0,128.0,61.44,61.44,paid,pending,True,20260903
ORD-0004113-1,ORD-0004113,2026-07-02,娜斯提-通行证,1,39.0,0.0,0.0,39.0,12.48,12.48,cancelled,cancelled,True,20260903
ORD-0004114-1,ORD-0004114,2026-06-19,缄默德克萨斯-吧唧（徽章）,2,18.0,0.0,0.0,36.0,5.4,10.8,paid,delivered,True,20260903
ORD-0004115-1,ORD-0004115,2026-06-20,佩佩-毛绒玩偶,1,128.0,0.0,0.0,128.0,61.44,61.44,paid,delivered,True,20260903
ORD-0004115-2,ORD-0004115,2026-06-20,贝洛内-日用生活,1,99.0,0.05,4.95,94.05,45.54,45.54,paid,delivered,True,20260903
ORD-0004116-1,ORD-0004116,2026-07-31,缪尔赛思-通行证,1,39.0,0.0,0.0,39.0,12.48,12.48,paid,delivered,True,20260903
ORD-0004116-2,ORD-0004116,2026-07-31,归溟幽灵鲨-手办模玩,2,699.0,0.0,0.0,1398.0,433.38,866.76,paid,delivered,True,20260903
ORD-0004117-1,ORD-0004117,2026-08-11,凯尔希·思衡托-日用生活,1,99.0,0.0,0.0,99.0,45.54,45.54,paid,delivered,True,20260903
ORD-0004118-1,ORD-0004118,2026-08-04,归溟幽灵鲨-手办模玩,1,699.0,0.0,0.0,699.0,433.38,433.38,paid,delivered,True,20260903
ORD-0004119-1,ORD-0004119,2026-08-02,死芒-吧唧（徽章）,2,18.0,0.1,3.6,32.4,5.4,10.8,paid,delivered,True,20260903
ORD-0004120-1,ORD-0004120,2026-07-08,斩业星熊-手办模玩,1,699.0,0.05,34.95,664.05,433.38,433.38,paid,shipped,True,20260903
ORD-0004121-1,ORD-0004121,2026-08-13,维娜·维多利亚-吧唧（徽章）,1,18.0,0.1,1.8,16.2,5.4,5.4,paid,delivered,True,20260903
ORD-0004122-1,ORD-0004122,2026-08-01,斩业星熊-亚克力制品,1,48.0,0.0,0.0,48.0,16.8,16.8,paid,delivered,True,20260903
ORD-0004123-1,ORD-0004123,2026-06-13,凯尔希·思衡托-毛绒玩偶,1,128.0,0.05,6.4,121.6,61.44,61.44,paid,delivered,True,20260903
ORD-0004124-1,ORD-0004124,2026-07-02,凯尔希·思衡托-吧唧（徽章）,1,18.0,0.0,0.0,18.0,5.4,5.4,paid,delivered,True,20260903
ORD-0004125-1,ORD-0004125,2026-07-30,重岳-日用生活,1,99.0,0.0,0.0,99.0,45.54,45.54,paid,delivered,True,20260903
ORD-0004126-1,ORD-0004126,2026-08-06,缇缇-日用生活,1,99.0,0.0,0.0,99.0,45.54,45.54,paid,delivered,True,20260903
ORD-0004127-1,ORD-0004127,2026-06-05,塑心-日用生活,1,99.0,0.0,0.0,99.0,45.54,45.54,paid,delivered,True,20260903
ORD-0004127-2,ORD-0004127,2026-06-05,焰狐龙梓兰-毛绒玩偶,1,128.0,0.1,12.8,115.2,61.44,61.44,paid,delivered,True,20260903
ORD-0004128-1,ORD-0004128,2026-08-03,凯尔希·思衡托-通行证,1,39.0,0.0,0.0,39.0,12.48,12.48,paid,delivered,True,20260903
ORD-0004128-2,ORD-0004128,2026-08-03,结城理-亚克力制品,1,48.0,0.0,0.0,48.0,16.8,16.8,paid,delivered,True,20260903
ORD-0004129-1,ORD-0004129,2026-06-01,贝洛内-吧唧（徽章）,1,18.0,0.0,0.0,18.0,5.4,5.4,cancelled,cancelled,True,20260903
ORD-0004130-1,ORD-0004130,2026-06-15,归溟幽灵鲨-日用生活,1,99.0,0.0,0.0,99.0,45.54,45.54,paid,delivered,True,20260903
ORD-0004131-1,ORD-0004131,2026-08-04,谬因-通行证,1,39.0,0.1,3.9,35.1,12.48,12.48,paid,delivered,True,20260903
ORD-0004132-1,ORD-0004132,2026-08-24,佩佩-毛绒玩偶,1,128.0,0.1,12.8,115.2,61.44,61.44,paid,delivered,True,20260903
ORD-0004132-2,ORD-0004132,2026-08-24,谬因-毛绒玩偶,1,128.0,0.1,12.8,115.2,61.44,61.44,paid,delivered,True,20260903
ORD-0004133-1,ORD-0004133,2026-07-14,凯尔希·思衡托-毛绒玩偶,1,128.0,0.05,6.4,121.6,61.44,61.44,paid,delivered,True,20260903
ORD-0004133-2,ORD-0004133,2026-07-14,荒芜拉普兰德-亚克力制品,1,48.0,0.0,0.0,48.0,16.8,16.8,paid,delivered,True,20260903
ORD-0004133-3,ORD-0004133,2026-07-14,缇缇-日用生活,1,99.0,0.1,9.9,89.1,45.54,45.54,paid,delivered,True,20260903
ORD-0004134-1,ORD-0004134,2026-08-07,贝洛内-吧唧（徽章）,2,18.0,0.0,0.0,36.0,5.4,10.8,paid,delivered,True,20260903
ORD-0004135-1,ORD-0004135,2026-08-06,望-亚克力制品,2,48.0,0.0,0.0,96.0,16.8,33.6,paid,delivered,True,20260903
ORD-0004136-1,ORD-0004136,2026-08-05,焰狐龙梓兰-手办模玩,1,699.0,0.0,0.0,699.0,433.38,433.38,paid,delivered,True,20260903
ORD-0004137-1,ORD-0004137,2026-08-22,Mon3tr-日用生活,1,99.0,0.1,9.9,89.1,45.54,45.54,paid,delivered,True,20260903
ORD-0004138-1,ORD-0004138,2026-08-16,归溟幽灵鲨-装饰摆件,1,89.0,0.0,0.0,89.0,37.38,37.38,paid,delivered,True,20260903
ORD-0004139-1,ORD-0004139,2026-06-19,望-亚克力制品,1,48.0,0.1,4.8,43.2,16.8,16.8,paid,delivered,True,20260903
ORD-0004140-1,ORD-0004140,2026-08-17,缪尔赛思-手办模玩,1,699.0,0.05,34.95,664.05,433.38,433.38,paid,delivered,True,20260903
ORD-0004141-1,ORD-0004141,2026-06-17,缪尔赛思-毛绒玩偶,1,128.0,0.0,0.0,128.0,61.44,61.44,paid,delivered,True,20260903
ORD-0004142-1,ORD-0004142,2026-06-16,缪尔赛思-通行证,1,39.0,0.0,0.0,39.0,12.48,12.48,paid,delivered,True,20260903
ORD-0004143-1,ORD-0004143,2026-06-15,重岳-日用生活,1,99.0,0.05,4.95,94.05,45.54,45.54,paid,delivered,True,20260903
ORD-0004144-1,ORD-0004144,2026-08-23,凛御银灰-装饰摆件,1,89.0,0.0,0.0,89.0,37.38,37.38,paid,delivered,True,20260903
ORD-0004145-1,ORD-0004145,2026-08-03,结城理-手办模玩,1,699.0,0.0,0.0,699.0,433.38,433.38,cancelled,cancelled,True,20260903
ORD-0004146-1,ORD-0004146,2026-06-18,黍-亚克力制品,2,48.0,0.05,4.8,91.2,16.8,33.6,paid,delivered,True,20260903
ORD-0004147-1,ORD-0004147,2026-07-06,重岳-毛绒玩偶,1,128.0,0.05,6.4,121.6,61.44,61.44,paid,delivered,True,20260903
ORD-0004148-1,ORD-0004148,2026-06-19,真言-日用生活,1,99.0,0.0,0.0,99.0,45.54,45.54,paid,delivered,True,20260903
ORD-0004149-1,ORD-0004149,2026-08-15,真言-手办模玩,1,699.0,0.05,34.95,664.05,433.38,433.38,paid,delivered,True,20260903
ORD-0004150-1,ORD-0004150,2026-06-27,纯烬艾雅法拉-通行证,2,39.0,0.0,0.0,78.0,12.48,24.96,paid,delivered,True,20260903
ORD-0004151-1,ORD-0004151,2026-08-04,荒芜拉普兰德-毛绒玩偶,1,128.0,0.0,0.0,128.0,61.44,61.44,paid,delivered,True,20260903
ORD-0004152-1,ORD-0004152,2026-08-02,缇缇-日用生活,1,99.0,0.05,4.95,94.05,45.54,45.54,paid,delivered,True,20260903
ORD-0004153-1,ORD-0004153,2026-08-08,斩业星熊-通行证,1,39.0,0.05,1.95,37.05,12.48,12.48,paid,delivered,True,20260903
ORD-0004154-1,ORD-0004154,2026-06-24,缪尔赛思-装饰摆件,2,89.0,0.05,8.9,169.1,37.38,74.76,paid,delivered,True,20260903
ORD-0004154-2,ORD-0004154,2026-06-24,重岳-手办模玩,1,699.0,0.0,0.0,699.0,433.38,433.38,paid,delivered,True,20260903
ORD-0004155-1,ORD-0004155,2026-06-14,司霆惊蛰-日用生活,1,99.0,0.0,0.0,99.0,45.54,45.54,paid,delivered,True,20260903
ORD-0004156-1,ORD-0004156,2026-06-03,缪尔赛思-通行证,1,39.0,0.1,3.9,35.1,12.48,12.48,paid,delivered,True,20260903
ORD-0004157-1,ORD-0004157,2026-06-26,归溟幽灵鲨-毛绒玩偶,1,128.0,0.0,0.0,128.0,61.44,61.44,paid,delivered,True,20260903
ORD-0004157-2,ORD-0004157,2026-06-26,Mon3tr-日用生活,1,99.0,0.1,9.9,89.1,45.54,45.54,paid,delivered,True,20260903
ORD-0004158-1,ORD-0004158,2026-06-17,缄默德克萨斯-装饰摆件,1,89.0,0.0,0.0,89.0,37.38,37.38,paid,delivered,True,20260903
ORD-0004159-1,ORD-0004159,2026-07-05,荒芜拉普兰德-通行证,2,39.0,0.0,0.0,78.0,12.48,24.96,paid,delivered,True,20260903
ORD-0004160-1,ORD-0004160,2026-06-17,贝洛内-通行证,2,39.0,0.05,3.9,74.1,12.48,24.96,paid,delivered,True,20260903
ORD-0004161-1,ORD-0004161,2026-07-23,怒潮凛冬-手办模玩,1,699.0,0.05,34.95,664.05,433.38,433.38,paid,delivered,True,20260903
ORD-0004162-1,ORD-0004162,2026-07-16,缪尔赛思-装饰摆件,1,89.0,0.1,8.9,80.1,37.38,37.38,paid,delivered,True,20260903
ORD-0004163-1,ORD-0004163,2026-07-27,Mon3tr-毛绒玩偶,1,128.0,0.05,6.4,121.6,61.44,61.44,paid,delivered,True,20260903
ORD-0004164-1,ORD-0004164,2026-07-20,Mon3tr-日用生活,1,99.0,0.0,0.0,99.0,45.54,45.54,paid,delivered,True,20260903
ORD-0004164-2,ORD-0004164,2026-07-20,予愿安洁莉娜-通行证,3,39.0,0.0,0.0,117.0,12.48,37.44,paid,delivered,True,20260903
ORD-0004165-1,ORD-0004165,2026-08-04,重岳-手办模玩,1,699.0,0.0,0.0,699.0,433.38,433.38,paid,delivered,True,20260903
ORD-0004165-2,ORD-0004165,2026-08-04,予愿安洁莉娜-毛绒玩偶,1,128.0,0.05,6.4,121.6,61.44,61.44,paid,delivered,True,20260903
ORD-0004166-1,ORD-0004166,2026-06-26,缄默德克萨斯-通行证,1,39.0,0.0,0.0,39.0,12.48,12.48,paid,delivered,True,20260903
ORD-0004166-2,ORD-0004166,2026-06-26,酒神-装饰摆件,1,89.0,0.1,8.9,80.1,37.38,37.38,paid,delivered,True,20260903
ORD-0004167-1,ORD-0004167,2026-06-13,凛御银灰-亚克力制品,1,48.0,0.05,2.4,45.6,16.8,16.8,cancelled,cancelled,True,20260903
ORD-0004168-1,ORD-0004168,2026-07-02,归溟幽灵鲨-装饰摆件,1,89.0,0.0,0.0,89.0,37.38,37.38,paid,delivered,True,20260903
ORD-0004169-1,ORD-0004169,2026-06-24,维娜·维多利亚-装饰摆件,1,89.0,0.0,0.0,89.0,37.38,37.38,paid,delivered,True,20260903
ORD-0004170-1,ORD-0004170,2026-07-15,斩业星熊-日用生活,2,99.0,0.0,0.0,198.0,45.54,91.08,paid,delivered,True,20260903
ORD-0004171-1,ORD-0004171,2026-06-20,凯尔希·思衡托-手办模玩,1,699.0,0.0,0.0,699.0,433.38,433.38,paid,delivered,True,20260903
ORD-0004171-2,ORD-0004171,2026-06-20,荒芜拉普兰德-毛绒玩偶,1,128.0,0.0,0.0,128.0,61.44,61.44,paid,delivered,True,20260903
ORD-0004172-1,ORD-0004172,2026-06-10,缄默德克萨斯-手办模玩,1,699.0,0.05,34.95,664.05,433.38,433.38,paid,pending,True,20260903
ORD-0004172-2,ORD-0004172,2026-06-10,怒潮凛冬-装饰摆件,1,89.0,0.0,0.0,89.0,37.38,37.38,paid,pending,True,20260903
ORD-0004173-1,ORD-0004173,2026-08-02,新约能天使-毛绒玩偶,1,128.0,0.0,0.0,128.0,61.44,61.44,paid,delivered,True,20260903
ORD-0004174-1,ORD-0004174,2026-07-04,谬因-装饰摆件,2,89.0,0.0,0.0,178.0,37.38,74.76,paid,delivered,True,20260903
ORD-0004174-2,ORD-0004174,2026-07-04,凯尔希·思衡托-日用生活,1,99.0,0.05,4.95,94.05,45.54,45.54,paid,delivered,True,20260903
ORD-0004175-1,ORD-0004175,2026-07-23,酒神-毛绒玩偶,1,128.0,0.05,6.4,121.6,61.44,61.44,paid,delivered,True,20260903
ORD-0004176-1,ORD-0004176,2026-08-01,怒潮凛冬-手办模玩,1,699.0,0.15,104.85,594.15,433.38,433.38,paid,delivered,True,20260903
ORD-0004177-1,ORD-0004177,2026-06-06,望-通行证,1,39.0,0.0,0.0,39.0,12.48,12.48,paid,delivered,True,20260903
ORD-0004178-1,ORD-0004178,2026-06-15,佩佩-亚克力制品,1,48.0,0.0,0.0,48.0,16.8,16.8,paid,delivered,True,20260903
ORD-0004179-1,ORD-0004179,2026-08-06,娜斯提-通行证,1,39.0,0.0,0.0,39.0,12.48,12.48,paid,delivered,True,20260903
ORD-0004180-1,ORD-0004180,2026-06-27,纯烬艾雅法拉-吧唧（徽章）,1,18.0,0.1,1.8,16.2,5.4,5.4,paid,delivered,True,20260903
ORD-0004181-1,ORD-0004181,2026-07-01,死芒-手办模玩,1,699.0,0.05,34.95,664.05,433.38,433.38,paid,delivered,True,20260903
ORD-0004182-1,ORD-0004182,2026-06-17,予愿安洁莉娜-日用生活,1,99.0,0.0,0.0,99.0,45.54,45.54,paid,delivered,True,20260903
ORD-0004182-2,ORD-0004182,2026-06-17,缪尔赛思-亚克力制品,1,48.0,0.1,4.8,43.2,16.8,16.8,paid,delivered,True,20260903
ORD-0004183-1,ORD-0004183,2026-08-10,斩业星熊-手办模玩,2,699.0,0.0,0.0,1398.0,433.38,866.76,paid,delivered,True,20260903
ORD-0004184-1,ORD-0004184,2026-06-10,真言-亚克力制品,1,48.0,0.0,0.0,48.0,16.8,16.8,paid,pending,True,20260903
ORD-0004185-1,ORD-0004185,2026-06-08,怒潮凛冬-毛绒玩偶,1,128.0,0.1,12.8,115.2,61.44,61.44,paid,delivered,True,20260903
ORD-0004186-1,ORD-0004186,2026-07-01,重岳-装饰摆件,1,89.0,0.1,8.9,80.1,37.38,37.38,paid,delivered,True,20260903
ORD-0004187-1,ORD-0004187,2026-07-19,新约能天使-吧唧（徽章）,1,18.0,0.0,0.0,18.0,5.4,5.4,paid,pending,True,20260903
ORD-0004187-2,ORD-0004187,2026-07-19,酒神-通行证,2,39.0,0.0,0.0,78.0,12.48,24.96,paid,pending,True,20260903
ORD-0004188-1,ORD-0004188,2026-07-04,娜斯提-亚克力制品,1,48.0,0.1,4.8,43.2,16.8,16.8,paid,delivered,True,20260903
ORD-0004189-1,ORD-0004189,2026-06-22,结城理-吧唧（徽章）,1,18.0,0.0,0.0,18.0,5.4,5.4,paid,delivered,True,20260903
ORD-0004190-1,ORD-0004190,2026-08-26,凛御银灰-日用生活,1,99.0,0.0,0.0,99.0,45.54,45.54,paid,delivered,True,20260903
ORD-0004191-1,ORD-0004191,2026-07-06,缄默德克萨斯-毛绒玩偶,1,128.0,0.0,0.0,128.0,61.44,61.44,paid,delivered,True,20260903
ORD-0004192-1,ORD-0004192,2026-06-02,斩业星熊-吧唧（徽章）,1,18.0,0.05,0.9,17.1,5.4,5.4,paid,delivered,True,20260903
ORD-0004192-2,ORD-0004192,2026-06-02,缪尔赛思-手办模玩,1,699.0,0.0,0.0,699.0,433.38,433.38,paid,delivered,True,20260903
ORD-0004193-1,ORD-0004193,2026-06-13,缄默德克萨斯-吧唧（徽章）,1,18.0,0.05,0.9,17.1,5.4,5.4,paid,delivered,True,20260903
ORD-0004193-2,ORD-0004193,2026-06-13,凛御银灰-亚克力制品,1,48.0,0.0,0.0,48.0,16.8,16.8,paid,delivered,True,20260903
ORD-0004194-1,ORD-0004194,2026-07-08,贝洛内-装饰摆件,1,89.0,0.05,4.45,84.55,37.38,37.38,paid,delivered,True,20260903
ORD-0004195-1,ORD-0004195,2026-08-08,死芒-通行证,1,39.0,0.15,5.85,33.15,12.48,12.48,paid,delivered,True,20260903
ORD-0004196-1,ORD-0004196,2026-06-25,余-亚克力制品,1,48.0,0.05,2.4,45.6,16.8,16.8,paid,delivered,True,20260903
ORD-0004197-1,ORD-0004197,2026-06-04,怒潮凛冬-吧唧（徽章）,1,18.0,0.1,1.8,16.2,5.4,5.4,paid,delivered,True,20260903
ORD-0004197-2,ORD-0004197,2026-06-04,娜斯提-日用生活,1,99.0,0.1,9.9,89.1,45.54,45.54,paid,delivered,True,20260903
ORD-0004198-1,ORD-0004198,2026-06-23,缄默德克萨斯-手办模玩,1,699.0,0.0,0.0,699.0,433.38,433.38,paid,delivered,True,20260903
ORD-0004199-1,ORD-0004199,2026-06-18,纯烬艾雅法拉-亚克力制品,1,48.0,0.0,0.0,48.0,16.8,16.8,paid,delivered,True,20260903
ORD-0004199-2,ORD-0004199,2026-06-18,贝洛内-装饰摆件,1,89.0,0.05,4.45,84.55,37.38,37.38,paid,delivered,True,20260903
ORD-0004199-3,ORD-0004199,2026-06-18,塑心-通行证,1,39.0,0.1,3.9,35.1,12.48,12.48,paid,delivered,True,20260903
ORD-0004200-1,ORD-0004200,2026-06-24,贝洛内-日用生活,1,99.0,0.0,0.0,99.0,45.54,45.54,paid,delivered,True,20260903
ORD-0004201-1,ORD-0004201,2026-07-06,真言-亚克力制品,1,48.0,0.05,2.4,45.6,16.8,16.8,paid,shipped,True,20260903
ORD-0004202-1,ORD-0004202,2026-07-28,新约能天使-日用生活,1,99.0,0.0,0.0,99.0,45.54,45.54,paid,delivered,True,20260903
ORD-0004203-1,ORD-0004203,2026-06-21,谬因-通行证,3,39.0,0.0,0.0,117.0,12.48,37.44,paid,delivered,True,20260903
ORD-0004204-1,ORD-0004204,2026-07-11,娜斯提-手办模玩,1,699.0,0.0,0.0,699.0,433.38,433.38,paid,delivered,True,20260903
ORD-0004204-2,ORD-0004204,2026-07-11,怒潮凛冬-亚克力制品,2,48.0,0.0,0.0,96.0,16.8,33.6,paid,delivered,True,20260903
ORD-0004205-1,ORD-0004205,2026-06-12,Mon3tr-手办模玩,1,699.0,0.05,34.95,664.05,433.38,433.38,paid,delivered,True,20260903
ORD-0004206-1,ORD-0004206,2026-06-28,Mon3tr-日用生活,1,99.0,0.0,0.0,99.0,45.54,45.54,paid,delivered,True,20260903
ORD-0004206-2,ORD-0004206,2026-06-28,娜斯提-吧唧（徽章）,1,18.0,0.05,0.9,17.1,5.4,5.4,paid,delivered,True,20260903
ORD-0004207-1,ORD-0004207,2026-06-24,塑心-吧唧（徽章）,3,18.0,0.0,0.0,54.0,5.4,16.2,paid,delivered,True,20260903
ORD-0004208-1,ORD-0004208,2026-06-04,予愿安洁莉娜-手办模玩,1,699.0,0.05,34.95,664.05,433.38,433.38,paid,delivered,True,20260903
ORD-0004209-1,ORD-0004209,2026-06-09,纯烬艾雅法拉-日用生活,1,99.0,0.05,4.95,94.05,45.54,45.54,paid,delivered,True,20260903
ORD-0004210-1,ORD-0004210,2026-08-03,缄默德克萨斯-装饰摆件,1,89.0,0.0,0.0,89.0,37.38,37.38,paid,delivered,True,20260903
ORD-0004210-2,ORD-0004210,2026-08-03,赤刃明霄陈-毛绒玩偶,1,128.0,0.0,0.0,128.0,61.44,61.44,paid,delivered,True,20260903
ORD-0004211-1,ORD-0004211,2026-08-04,死芒-吧唧（徽章）,1,18.0,0.05,0.9,17.1,5.4,5.4,paid,delivered,True,20260903
ORD-0004212-1,ORD-0004212,2026-07-02,缪尔赛思-装饰摆件,1,89.0,0.0,0.0,89.0,37.38,37.38,paid,delivered,True,20260903
ORD-0004213-1,ORD-0004213,2026-07-24,重岳-吧唧（徽章）,1,18.0,0.0,0.0,18.0,5.4,5.4,paid,delivered,True,20260903
ORD-0004214-1,ORD-0004214,2026-08-08,赤刃明霄陈-装饰摆件,1,89.0,0.0,0.0,89.0,37.38,37.38,paid,delivered,True,20260903
ORD-0004215-1,ORD-0004215,2026-07-23,黍-装饰摆件,1,89.0,0.0,0.0,89.0,37.38,37.38,paid,delivered,True,20260903
ORD-0004216-1,ORD-0004216,2026-07-16,Mon3tr-手办模玩,2,699.0,0.0,0.0,1398.0,433.38,866.76,paid,delivered,True,20260903
ORD-0004217-1,ORD-0004217,2026-07-31,望-装饰摆件,1,89.0,0.05,4.45,84.55,37.38,37.38,paid,delivered,True,20260903
ORD-0004218-1,ORD-0004218,2026-08-06,赤刃明霄陈-吧唧（徽章）,1,18.0,0.0,0.0,18.0,5.4,5.4,paid,delivered,True,20260903
ORD-0004219-1,ORD-0004219,2026-06-13,赤刃明霄陈-装饰摆件,1,89.0,0.1,8.9,80.1,37.38,37.38,paid,delivered,True,20260903
ORD-0004220-1,ORD-0004220,2026-06-22,佩佩-装饰摆件,1,89.0,0.0,0.0,89.0,37.38,37.38,paid,delivered,True,20260903
ORD-0004221-1,ORD-0004221,2026-08-06,予愿安洁莉娜-手办模玩,1,699.0,0.1,69.9,629.1,433.38,433.38,paid,delivered,True,20260903
ORD-0004222-1,ORD-0004222,2026-06-21,重岳-亚克力制品,1,48.0,0.0,0.0,48.0,16.8,16.8,paid,delivered,True,20260903
ORD-0004223-1,ORD-0004223,2026-07-25,凯尔希·思衡托-毛绒玩偶,1,128.0,0.0,0.0,128.0,61.44,61.44,paid,delivered,True,20260903
ORD-0004224-1,ORD-0004224,2026-07-03,塑心-吧唧（徽章）,1,18.0,0.0,0.0,18.0,5.4,5.4,paid,delivered,True,20260903
ORD-0004224-2,ORD-0004224,2026-07-03,予愿安洁莉娜-毛绒玩偶,1,128.0,0.0,0.0,128.0,61.44,61.44,paid,delivered,True,20260903
ORD-0004225-1,ORD-0004225,2026-07-25,贝洛内-吧唧（徽章）,1,18.0,0.1,1.8,16.2,5.4,5.4,paid,delivered,True,20260903
ORD-0004226-1,ORD-0004226,2026-08-20,缇缇-吧唧（徽章）,1,18.0,0.0,0.0,18.0,5.4,5.4,paid,delivered,True,20260903
ORD-0004227-1,ORD-0004227,2026-08-25,新约能天使-通行证,1,39.0,0.05,1.95,37.05,12.48,12.48,paid,delivered,True,20260903
ORD-0004228-1,ORD-0004228,2026-06-08,缪尔赛思-毛绒玩偶,1,128.0,0.0,0.0,128.0,61.44,61.44,paid,delivered,True,20260903
ORD-0004228-2,ORD-0004228,2026-06-08,缪尔赛思-吧唧（徽章）,1,18.0,0.0,0.0,18.0,5.4,5.4,paid,delivered,True,20260903
ORD-0004229-1,ORD-0004229,2026-06-14,凛御银灰-吧唧（徽章）,1,18.0,0.0,0.0,18.0,5.4,5.4,paid,delivered,True,20260903
ORD-0004230-1,ORD-0004230,2026-07-17,缄默德克萨斯-日用生活,1,99.0,0.0,0.0,99.0,45.54,45.54,paid,shipped,True,20260903
ORD-0004231-1,ORD-0004231,2026-07-04,重岳-吧唧（徽章）,1,18.0,0.0,0.0,18.0,5.4,5.4,paid,delivered,True,20260903
ORD-0004231-2,ORD-0004231,2026-07-04,予愿安洁莉娜-日用生活,1,99.0,0.0,0.0,99.0,45.54,45.54,paid,delivered,True,20260903
ORD-0004231-3,ORD-0004231,2026-07-04,缪尔赛思-通行证,1,39.0,0.05,1.95,37.05,12.48,12.48,paid,delivered,True,20260903
ORD-0004232-1,ORD-0004232,2026-06-05,新约能天使-日用生活,1,99.0,0.05,4.95,94.05,45.54,45.54,paid,delivered,True,20260903
ORD-0004233-1,ORD-0004233,2026-08-11,结城理-装饰摆件,1,89.0,0.0,0.0,89.0,37.38,37.38,paid,delivered,True,20260903
ORD-0004233-2,ORD-0004233,2026-08-11,黍-日用生活,1,99.0,0.0,0.0,99.0,45.54,45.54,paid,delivered,True,20260903
ORD-0004234-1,ORD-0004234,2026-07-23,佩佩-亚克力制品,1,48.0,0.0,0.0,48.0,16.8,16.8,paid,shipped,True,20260903
ORD-0004235-1,ORD-0004235,2026-06-12,缄默德克萨斯-亚克力制品,1,48.0,0.05,2.4,45.6,16.8,16.8,paid,delivered,True,20260903
ORD-0004236-1,ORD-0004236,2026-06-20,结城理-手办模玩,1,699.0,0.1,69.9,629.1,433.38,433.38,paid,delivered,True,20260903
ORD-0004236-2,ORD-0004236,2026-06-20,余-日用生活,1,99.0,0.0,0.0,99.0,45.54,45.54,paid,delivered,True,20260903
ORD-0004237-1,ORD-0004237,2026-08-17,焰狐龙梓兰-日用生活,1,99.0,0.0,0.0,99.0,45.54,45.54,paid,delivered,True,20260903
ORD-0004238-1,ORD-0004238,2026-07-03,Mon3tr-手办模玩,1,699.0,0.0,0.0,699.0,433.38,433.38,paid,delivered,True,20260903
ORD-0004238-2,ORD-0004238,2026-07-03,维娜·维多利亚-通行证,1,39.0,0.0,0.0,39.0,12.48,12.48,paid,delivered,True,20260903
ORD-0004239-1,ORD-0004239,2026-07-19,赤刃明霄陈-毛绒玩偶,1,128.0,0.05,6.4,121.6,61.44,61.44,cancelled,cancelled,True,20260903
ORD-0004240-1,ORD-0004240,2026-07-01,酒神-日用生活,1,99.0,0.0,0.0,99.0,45.54,45.54,paid,delivered,True,20260903
ORD-0004241-1,ORD-0004241,2026-06-27,斩业星熊-吧唧（徽章）,2,18.0,0.1,3.6,32.4,5.4,10.8,paid,delivered,True,20260903
ORD-0004242-1,ORD-0004242,2026-08-25,贝洛内-装饰摆件,1,89.0,0.05,4.45,84.55,37.38,37.38,paid,delivered,True,20260903
ORD-0004243-1,ORD-0004243,2026-06-29,余-装饰摆件,1,89.0,0.0,0.0,89.0,37.38,37.38,paid,delivered,True,20260903
ORD-0004244-1,ORD-0004244,2026-08-23,焰狐龙梓兰-日用生活,2,99.0,0.0,0.0,198.0,45.54,91.08,paid,delivered,True,20260903
ORD-0004245-1,ORD-0004245,2026-07-16,结城理-装饰摆件,1,89.0,0.0,0.0,89.0,37.38,37.38,paid,delivered,True,20260903
ORD-0004246-1,ORD-0004246,2026-08-12,纯烬艾雅法拉-日用生活,2,99.0,0.1,19.8,178.2,45.54,91.08,paid,delivered,True,20260903
ORD-0004247-1,ORD-0004247,2026-07-27,余-装饰摆件,1,89.0,0.05,4.45,84.55,37.38,37.38,paid,shipped,True,20260903
ORD-0004247-2,ORD-0004247,2026-07-27,余-亚克力制品,1,48.0,0.0,0.0,48.0,16.8,16.8,paid,shipped,True,20260903
ORD-0004248-1,ORD-0004248,2026-06-16,Mon3tr-通行证,1,39.0,0.0,0.0,39.0,12.48,12.48,paid,delivered,True,20260903
ORD-0004248-2,ORD-0004248,2026-06-16,缪尔赛思-日用生活,1,99.0,0.0,0.0,99.0,45.54,45.54,paid,delivered,True,20260903
ORD-0004249-1,ORD-0004249,2026-06-03,重岳-装饰摆件,1,89.0,0.15,13.35,75.65,37.38,37.38,paid,delivered,True,20260903
ORD-0004250-1,ORD-0004250,2026-06-20,凯尔希·思衡托-亚克力制品,1,48.0,0.0,0.0,48.0,16.8,16.8,paid,delivered,True,20260903
ORD-0004251-1,ORD-0004251,2026-07-28,塑心-日用生活,1,99.0,0.0,0.0,99.0,45.54,45.54,paid,delivered,True,20260903
ORD-0004251-2,ORD-0004251,2026-07-28,望-毛绒玩偶,1,128.0,0.05,6.4,121.6,61.44,61.44,paid,delivered,True,20260903
ORD-0004252-1,ORD-0004252,2026-06-22,焰狐龙梓兰-吧唧（徽章）,1,18.0,0.0,0.0,18.0,5.4,5.4,paid,delivered,True,20260903
ORD-0004252-2,ORD-0004252,2026-06-22,Mon3tr-装饰摆件,1,89.0,0.0,0.0,89.0,37.38,37.38,paid,delivered,True,20260903
ORD-0004253-1,ORD-0004253,2026-08-09,斩业星熊-装饰摆件,1,89.0,0.0,0.0,89.0,37.38,37.38,paid,delivered,True,20260903
ORD-0004254-1,ORD-0004254,2026-06-26,荒芜拉普兰德-亚克力制品,1,48.0,0.05,2.4,45.6,16.8,16.8,paid,delivered,True,20260903
ORD-0004255-1,ORD-0004255,2026-06-13,缪尔赛思-通行证,1,39.0,0.0,0.0,39.0,12.48,12.48,paid,pending,True,20260903
ORD-0004256-1,ORD-0004256,2026-08-19,真言-吧唧（徽章）,1,18.0,0.05,0.9,17.1,5.4,5.4,paid,delivered,True,20260903
ORD-0004257-1,ORD-0004257,2026-06-19,余-亚克力制品,1,48.0,0.0,0.0,48.0,16.8,16.8,paid,delivered,True,20260903
ORD-0004257-2,ORD-0004257,2026-06-19,归溟幽灵鲨-装饰摆件,2,89.0,0.0,0.0,178.0,37.38,74.76,paid,delivered,True,20260903
ORD-0004258-1,ORD-0004258,2026-06-19,黍-亚克力制品,1,48.0,0.0,0.0,48.0,16.8,16.8,paid,delivered,True,20260903
ORD-0004259-1,ORD-0004259,2026-08-09,新约能天使-装饰摆件,1,89.0,0.0,0.0,89.0,37.38,37.38,paid,delivered,True,20260903
ORD-0004260-1,ORD-0004260,2026-06-28,缄默德克萨斯-亚克力制品,1,48.0,0.1,4.8,43.2,16.8,16.8,paid,shipped,True,20260903
ORD-0004260-2,ORD-0004260,2026-06-28,斩业星熊-吧唧（徽章）,1,18.0,0.0,0.0,18.0,5.4,5.4,paid,shipped,True,20260903
ORD-0004260-3,ORD-0004260,2026-06-28,重岳-日用生活,2,99.0,0.0,0.0,198.0,45.54,91.08,paid,shipped,True,20260903
ORD-0004261-1,ORD-0004261,2026-07-10,怒潮凛冬-亚克力制品,1,48.0,0.15,7.2,40.8,16.8,16.8,paid,delivered,True,20260903
ORD-0004262-1,ORD-0004262,2026-06-05,死芒-毛绒玩偶,1,128.0,0.0,0.0,128.0,61.44,61.44,paid,delivered,True,20260903
ORD-0004263-1,ORD-0004263,2026-07-10,佩佩-通行证,1,39.0,0.0,0.0,39.0,12.48,12.48,paid,delivered,True,20260903
ORD-0004264-1,ORD-0004264,2026-08-16,归溟幽灵鲨-吧唧（徽章）,1,18.0,0.0,0.0,18.0,5.4,5.4,paid,delivered,True,20260903
ORD-0004265-1,ORD-0004265,2026-07-25,凛御银灰-亚克力制品,1,48.0,0.0,0.0,48.0,16.8,16.8,paid,delivered,True,20260903
ORD-0004266-1,ORD-0004266,2026-07-25,黍-通行证,1,39.0,0.0,0.0,39.0,12.48,12.48,paid,delivered,True,20260903
ORD-0004267-1,ORD-0004267,2026-06-21,酒神-毛绒玩偶,1,128.0,0.05,6.4,121.6,61.44,61.44,paid,delivered,True,20260903
ORD-0004268-1,ORD-0004268,2026-07-19,怒潮凛冬-手办模玩,1,699.0,0.0,0.0,699.0,433.38,433.38,paid,delivered,True,20260903
ORD-0004269-1,ORD-0004269,2026-06-28,斩业星熊-装饰摆件,1,89.0,0.1,8.9,80.1,37.38,37.38,paid,delivered,True,20260903
ORD-0004270-1,ORD-0004270,2026-06-19,酒神-吧唧（徽章）,1,18.0,0.0,0.0,18.0,5.4,5.4,paid,delivered,True,20260903
ORD-0004271-1,ORD-0004271,2026-06-04,望-手办模玩,1,699.0,0.1,69.9,629.1,433.38,433.38,paid,delivered,True,20260903
ORD-0004271-2,ORD-0004271,2026-06-04,司霆惊蛰-吧唧（徽章）,2,18.0,0.05,1.8,34.2,5.4,10.8,paid,delivered,True,20260903
ORD-0004272-1,ORD-0004272,2026-08-14,凛御银灰-装饰摆件,1,89.0,0.0,0.0,89.0,37.38,37.38,paid,delivered,True,20260903
ORD-0004273-1,ORD-0004273,2026-07-24,司霆惊蛰-吧唧（徽章）,1,18.0,0.0,0.0,18.0,5.4,5.4,paid,delivered,True,20260903
ORD-0004273-2,ORD-0004273,2026-07-24,予愿安洁莉娜-通行证,1,39.0,0.0,0.0,39.0,12.48,12.48,paid,delivered,True,20260903
ORD-0004274-1,ORD-0004274,2026-06-04,酒神-毛绒玩偶,2,128.0,0.1,25.6,230.4,61.44,122.88,cancelled,cancelled,True,20260903
ORD-0004274-2,ORD-0004274,2026-06-04,黍-亚克力制品,1,48.0,0.1,4.8,43.2,16.8,16.8,cancelled,cancelled,True,20260903
ORD-0004275-1,ORD-0004275,2026-08-08,黍-毛绒玩偶,1,128.0,0.05,6.4,121.6,61.44,61.44,paid,delivered,True,20260903
ORD-0004276-1,ORD-0004276,2026-07-22,新约能天使-亚克力制品,1,48.0,0.0,0.0,48.0,16.8,16.8,paid,delivered,True,20260903
ORD-0004276-2,ORD-0004276,2026-07-22,赤刃明霄陈-吧唧（徽章）,1,18.0,0.05,0.9,17.1,5.4,5.4,paid,delivered,True,20260903
ORD-0004277-1,ORD-0004277,2026-06-23,娜斯提-日用生活,1,99.0,0.0,0.0,99.0,45.54,45.54,cancelled,cancelled,True,20260903
ORD-0004278-1,ORD-0004278,2026-06-26,重岳-毛绒玩偶,1,128.0,0.0,0.0,128.0,61.44,61.44,paid,delivered,True,20260903
ORD-0004278-2,ORD-0004278,2026-06-26,凛御银灰-通行证,1,39.0,0.0,0.0,39.0,12.48,12.48,paid,delivered,True,20260903
ORD-0004279-1,ORD-0004279,2026-07-18,予愿安洁莉娜-亚克力制品,2,48.0,0.0,0.0,96.0,16.8,33.6,paid,delivered,True,20260903
ORD-0004279-2,ORD-0004279,2026-07-18,凛御银灰-吧唧（徽章）,1,18.0,0.0,0.0,18.0,5.4,5.4,paid,delivered,True,20260903
ORD-0004280-1,ORD-0004280,2026-08-13,娜斯提-通行证,2,39.0,0.0,0.0,78.0,12.48,24.96,paid,delivered,True,20260903
ORD-0004280-2,ORD-0004280,2026-08-13,缇缇-手办模玩,1,699.0,0.1,69.9,629.1,433.38,433.38,paid,delivered,True,20260903
ORD-0004281-1,ORD-0004281,2026-07-10,结城理-吧唧（徽章）,1,18.0,0.1,1.8,16.2,5.4,5.4,paid,delivered,True,20260903
ORD-0004282-1,ORD-0004282,2026-06-16,酒神-毛绒玩偶,1,128.0,0.0,0.0,128.0,61.44,61.44,paid,delivered,True,20260903
ORD-0004283-1,ORD-0004283,2026-06-10,纯烬艾雅法拉-吧唧（徽章）,1,18.0,0.1,1.8,16.2,5.4,5.4,paid,delivered,True,20260903
ORD-0004284-1,ORD-0004284,2026-08-06,死芒-吧唧（徽章）,1,18.0,0.05,0.9,17.1,5.4,5.4,paid,delivered,True,20260903
ORD-0004284-2,ORD-0004284,2026-08-06,黍-手办模玩,1,699.0,0.1,69.9,629.1,433.38,433.38,paid,delivered,True,20260903
ORD-0004285-1,ORD-0004285,2026-06-17,塑心-装饰摆件,1,89.0,0.05,4.45,84.55,37.38,37.38,paid,delivered,True,20260903
ORD-0004285-2,ORD-0004285,2026-06-17,赤刃明霄陈-日用生活,1,99.0,0.0,0.0,99.0,45.54,45.54,paid,delivered,True,20260903
ORD-0004286-1,ORD-0004286,2026-06-29,重岳-装饰摆件,3,89.0,0.0,0.0,267.0,37.38,112.14,paid,delivered,True,20260903
ORD-0004287-1,ORD-0004287,2026-07-05,怒潮凛冬-装饰摆件,1,89.0,0.0,0.0,89.0,37.38,37.38,paid,shipped,True,20260903
ORD-0004288-1,ORD-0004288,2026-06-19,荒芜拉普兰德-装饰摆件,1,89.0,0.0,0.0,89.0,37.38,37.38,paid,delivered,True,20260903
ORD-0004288-2,ORD-0004288,2026-06-19,赤刃明霄陈-通行证,1,39.0,0.05,1.95,37.05,12.48,12.48,paid,delivered,True,20260903
ORD-0004289-1,ORD-0004289,2026-07-27,谬因-毛绒玩偶,1,128.0,0.0,0.0,128.0,61.44,61.44,paid,delivered,True,20260903
ORD-0004290-1,ORD-0004290,2026-07-31,赤刃明霄陈-亚克力制品,1,48.0,0.1,4.8,43.2,16.8,16.8,paid,delivered,True,20260903
ORD-0004291-1,ORD-0004291,2026-06-19,余-装饰摆件,1,89.0,0.0,0.0,89.0,37.38,37.38,paid,delivered,True,20260903
ORD-0004292-1,ORD-0004292,2026-07-18,佩佩-手办模玩,1,699.0,0.0,0.0,699.0,433.38,433.38,paid,delivered,True,20260903
ORD-0004292-2,ORD-0004292,2026-07-18,怒潮凛冬-日用生活,1,99.0,0.05,4.95,94.05,45.54,45.54,paid,delivered,True,20260903
ORD-0004293-1,ORD-0004293,2026-06-06,重岳-装饰摆件,1,89.0,0.0,0.0,89.0,37.38,37.38,paid,delivered,True,20260903
ORD-0004294-1,ORD-0004294,2026-07-28,Mon3tr-亚克力制品,1,48.0,0.0,0.0,48.0,16.8,16.8,cancelled,cancelled,True,20260903
ORD-0004295-1,ORD-0004295,2026-06-14,结城理-装饰摆件,1,89.0,0.0,0.0,89.0,37.38,37.38,paid,shipped,True,20260903
ORD-0004296-1,ORD-0004296,2026-08-12,娜斯提-手办模玩,1,699.0,0.0,0.0,699.0,433.38,433.38,paid,delivered,True,20260903
ORD-0004297-1,ORD-0004297,2026-07-03,荒芜拉普兰德-日用生活,1,99.0,0.1,9.9,89.1,45.54,45.54,paid,delivered,True,20260903
ORD-0004298-1,ORD-0004298,2026-07-27,维娜·维多利亚-亚克力制品,1,48.0,0.05,2.4,45.6,16.8,16.8,paid,delivered,True,20260903
ORD-0004299-1,ORD-0004299,2026-06-18,予愿安洁莉娜-亚克力制品,1,48.0,0.05,2.4,45.6,16.8,16.8,paid,delivered,True,20260903
ORD-0004300-1,ORD-0004300,2026-08-20,Mon3tr-日用生活,1,99.0,0.1,9.9,89.1,45.54,45.54,paid,delivered,True,20260903
ORD-0004301-1,ORD-0004301,2026-07-28,缇缇-装饰摆件,1,89.0,0.0,0.0,89.0,37.38,37.38,paid,delivered,True,20260903
ORD-0004302-1,ORD-0004302,2026-08-12,缪尔赛思-亚克力制品,1,48.0,0.0,0.0,48.0,16.8,16.8,paid,delivered,True,20260903
ORD-0004303-1,ORD-0004303,2026-06-10,余-手办模玩,1,699.0,0.1,69.9,629.1,433.38,433.38,paid,delivered,True,20260903
ORD-0004304-1,ORD-0004304,2026-06-15,贝洛内-通行证,1,39.0,0.0,0.0,39.0,12.48,12.48,paid,delivered,True,20260903
ORD-0004305-1,ORD-0004305,2026-06-23,司霆惊蛰-装饰摆件,1,89.0,0.0,0.0,89.0,37.38,37.38,paid,delivered,True,20260903
ORD-0004306-1,ORD-0004306,2026-07-30,余-日用生活,2,99.0,0.05,9.9,188.1,45.54,91.08,paid,delivered,True,20260903
ORD-0004307-1,ORD-0004307,2026-07-30,维娜·维多利亚-吧唧（徽章）,1,18.0,0.05,0.9,17.1,5.4,5.4,paid,delivered,True,20260903
ORD-0004308-1,ORD-0004308,2026-06-16,缄默德克萨斯-吧唧（徽章）,1,18.0,0.0,0.0,18.0,5.4,5.4,paid,delivered,True,20260903
ORD-0004309-1,ORD-0004309,2026-08-13,结城理-日用生活,1,99.0,0.1,9.9,89.1,45.54,45.54,cancelled,cancelled,True,20260903
ORD-0004309-2,ORD-0004309,2026-08-13,凯尔希·思衡托-装饰摆件,1,89.0,0.1,8.9,80.1,37.38,37.38,cancelled,cancelled,True,20260903
ORD-0004310-1,ORD-0004310,2026-08-07,佩佩-亚克力制品,1,48.0,0.0,0.0,48.0,16.8,16.8,paid,delivered,True,20260903
ORD-0004311-1,ORD-0004311,2026-08-17,缄默德克萨斯-装饰摆件,1,89.0,0.1,8.9,80.1,37.38,37.38,paid,delivered,True,20260903
ORD-0004311-2,ORD-0004311,2026-08-17,余-亚克力制品,1,48.0,0.0,0.0,48.0,16.8,16.8,paid,delivered,True,20260903
ORD-0004312-1,ORD-0004312,2026-07-10,重岳-手办模玩,1,699.0,0.05,34.95,664.05,433.38,433.38,paid,shipped,True,20260903
ORD-0004312-2,ORD-0004312,2026-07-10,缄默德克萨斯-毛绒玩偶,1,128.0,0.0,0.0,128.0,61.44,61.44,paid,shipped,True,20260903
ORD-0004313-1,ORD-0004313,2026-06-21,缇缇-亚克力制品,1,48.0,0.1,4.8,43.2,16.8,16.8,paid,delivered,True,20260903
ORD-0004314-1,ORD-0004314,2026-08-05,缪尔赛思-日用生活,1,99.0,0.05,4.95,94.05,45.54,45.54,paid,delivered,True,20260903
ORD-0004315-1,ORD-0004315,2026-08-12,凯尔希·思衡托-装饰摆件,1,89.0,0.0,0.0,89.0,37.38,37.38,paid,delivered,True,20260903
ORD-0004316-1,ORD-0004316,2026-07-23,真言-毛绒玩偶,1,128.0,0.0,0.0,128.0,61.44,61.44,paid,delivered,True,20260903
ORD-0004316-2,ORD-0004316,2026-07-23,Mon3tr-毛绒玩偶,1,128.0,0.0,0.0,128.0,61.44,61.44,paid,delivered,True,20260903
ORD-0004317-1,ORD-0004317,2026-07-20,死芒-日用生活,1,99.0,0.0,0.0,99.0,45.54,45.54,paid,delivered,True,20260903
ORD-0004318-1,ORD-0004318,2026-07-22,赤刃明霄陈-日用生活,1,99.0,0.05,4.95,94.05,45.54,45.54,paid,delivered,True,20260903
ORD-0004319-1,ORD-0004319,2026-08-14,司霆惊蛰-装饰摆件,1,89.0,0.15,13.35,75.65,37.38,37.38,paid,delivered,True,20260903
ORD-0004320-1,ORD-0004320,2026-06-18,新约能天使-亚克力制品,2,48.0,0.0,0.0,96.0,16.8,33.6,paid,delivered,True,20260903
ORD-0004321-1,ORD-0004321,2026-06-17,缄默德克萨斯-日用生活,1,99.0,0.0,0.0,99.0,45.54,45.54,paid,delivered,True,20260903
ORD-0004322-1,ORD-0004322,2026-07-28,新约能天使-日用生活,2,99.0,0.0,0.0,198.0,45.54,91.08,paid,delivered,True,20260903
ORD-0004323-1,ORD-0004323,2026-07-11,真言-日用生活,1,99.0,0.0,0.0,99.0,45.54,45.54,paid,delivered,True,20260903
ORD-0004323-2,ORD-0004323,2026-07-11,荒芜拉普兰德-亚克力制品,1,48.0,0.0,0.0,48.0,16.8,16.8,paid,delivered,True,20260903
ORD-0004324-1,ORD-0004324,2026-06-20,黍-毛绒玩偶,1,128.0,0.0,0.0,128.0,61.44,61.44,paid,delivered,True,20260903
ORD-0004324-2,ORD-0004324,2026-06-20,黍-通行证,1,39.0,0.0,0.0,39.0,12.48,12.48,paid,delivered,True,20260903
ORD-0004325-1,ORD-0004325,2026-06-17,望-吧唧（徽章）,1,18.0,0.0,0.0,18.0,5.4,5.4,paid,delivered,True,20260903
ORD-0004326-1,ORD-0004326,2026-06-20,死芒-毛绒玩偶,2,128.0,0.0,0.0,256.0,61.44,122.88,paid,delivered,True,20260903
ORD-0004327-1,ORD-0004327,2026-06-24,谬因-手办模玩,1,699.0,0.0,0.0,699.0,433.38,433.38,paid,delivered,True,20260903
ORD-0004328-1,ORD-0004328,2026-06-20,归溟幽灵鲨-日用生活,3,99.0,0.0,0.0,297.0,45.54,136.62,paid,shipped,True,20260903
ORD-0004329-1,ORD-0004329,2026-08-27,结城理-装饰摆件,1,89.0,0.0,0.0,89.0,37.38,37.38,paid,delivered,True,20260903
ORD-0004330-1,ORD-0004330,2026-07-18,新约能天使-吧唧（徽章）,1,18.0,0.1,1.8,16.2,5.4,5.4,paid,delivered,True,20260903
ORD-0004331-1,ORD-0004331,2026-06-01,佩佩-日用生活,1,99.0,0.0,0.0,99.0,45.54,45.54,paid,delivered,True,20260903
ORD-0004332-1,ORD-0004332,2026-06-20,荒芜拉普兰德-日用生活,1,99.0,0.0,0.0,99.0,45.54,45.54,cancelled,cancelled,True,20260903
ORD-0004333-1,ORD-0004333,2026-07-25,酒神-日用生活,1,99.0,0.15,14.85,84.15,45.54,45.54,paid,delivered,True,20260903
ORD-0004333-2,ORD-0004333,2026-07-25,塑心-装饰摆件,1,89.0,0.1,8.9,80.1,37.38,37.38,paid,delivered,True,20260903
ORD-0004334-1,ORD-0004334,2026-07-15,缄默德克萨斯-通行证,2,39.0,0.0,0.0,78.0,12.48,24.96,paid,delivered,True,20260903
ORD-0004335-1,ORD-0004335,2026-06-27,贝洛内-毛绒玩偶,1,128.0,0.05,6.4,121.6,61.44,61.44,paid,delivered,True,20260903
ORD-0004335-2,ORD-0004335,2026-06-27,谬因-吧唧（徽章）,1,18.0,0.05,0.9,17.1,5.4,5.4,paid,delivered,True,20260903
ORD-0004336-1,ORD-0004336,2026-06-29,新约能天使-日用生活,2,99.0,0.1,19.8,178.2,45.54,91.08,paid,delivered,True,20260903
ORD-0004337-1,ORD-0004337,2026-06-27,黍-日用生活,1,99.0,0.05,4.95,94.05,45.54,45.54,paid,delivered,True,20260903
ORD-0004338-1,ORD-0004338,2026-07-18,望-吧唧（徽章）,1,18.0,0.1,1.8,16.2,5.4,5.4,paid,delivered,True,20260903
ORD-0004339-1,ORD-0004339,2026-06-30,缪尔赛思-装饰摆件,1,89.0,0.0,0.0,89.0,37.38,37.38,paid,shipped,True,20260903
ORD-0004340-1,ORD-0004340,2026-07-28,焰狐龙梓兰-装饰摆件,2,89.0,0.0,0.0,178.0,37.38,74.76,paid,delivered,True,20260903
ORD-0004341-1,ORD-0004341,2026-08-26,荒芜拉普兰德-毛绒玩偶,1,128.0,0.0,0.0,128.0,61.44,61.44,paid,delivered,True,20260903
ORD-0004342-1,ORD-0004342,2026-07-23,娜斯提-吧唧（徽章）,1,18.0,0.0,0.0,18.0,5.4,5.4,paid,delivered,True,20260903
ORD-0004342-2,ORD-0004342,2026-07-23,赤刃明霄陈-毛绒玩偶,1,128.0,0.0,0.0,128.0,61.44,61.44,paid,delivered,True,20260903
ORD-0004343-1,ORD-0004343,2026-07-14,司霆惊蛰-装饰摆件,2,89.0,0.05,8.9,169.1,37.38,74.76,paid,delivered,True,20260903
ORD-0004344-1,ORD-0004344,2026-07-19,缄默德克萨斯-日用生活,1,99.0,0.1,9.9,89.1,45.54,45.54,paid,delivered,True,20260903
ORD-0004345-1,ORD-0004345,2026-06-14,缇缇-手办模玩,2,699.0,0.0,0.0,1398.0,433.38,866.76,paid,delivered,True,20260903
ORD-0004346-1,ORD-0004346,2026-07-18,佩佩-装饰摆件,1,89.0,0.1,8.9,80.1,37.38,37.38,paid,delivered,True,20260903
ORD-0004347-1,ORD-0004347,2026-07-20,新约能天使-吧唧（徽章）,1,18.0,0.0,0.0,18.0,5.4,5.4,paid,delivered,True,20260903
ORD-0004348-1,ORD-0004348,2026-07-28,予愿安洁莉娜-日用生活,3,99.0,0.05,14.85,282.15,45.54,136.62,paid,delivered,True,20260903
ORD-0004349-1,ORD-0004349,2026-07-04,怒潮凛冬-日用生活,1,99.0,0.1,9.9,89.1,45.54,45.54,paid,delivered,True,20260903
ORD-0004350-1,ORD-0004350,2026-07-28,予愿安洁莉娜-毛绒玩偶,1,128.0,0.05,6.4,121.6,61.44,61.44,paid,delivered,True,20260903
ORD-0004351-1,ORD-0004351,2026-07-30,重岳-通行证,1,39.0,0.05,1.95,37.05,12.48,12.48,paid,delivered,True,20260903
ORD-0004352-1,ORD-0004352,2026-07-22,赤刃明霄陈-手办模玩,1,699.0,0.15,104.85,594.15,433.38,433.38,paid,delivered,True,20260903
ORD-0004353-1,ORD-0004353,2026-08-08,重岳-通行证,1,39.0,0.05,1.95,37.05,12.48,12.48,paid,delivered,True,20260903
ORD-0004354-1,ORD-0004354,2026-08-17,缄默德克萨斯-吧唧（徽章）,2,18.0,0.05,1.8,34.2,5.4,10.8,paid,delivered,True,20260903
ORD-0004355-1,ORD-0004355,2026-08-09,缇缇-通行证,1,39.0,0.0,0.0,39.0,12.48,12.48,paid,delivered,True,20260903
ORD-0004355-2,ORD-0004355,2026-08-09,凛御银灰-毛绒玩偶,2,128.0,0.05,12.8,243.2,61.44,122.88,paid,delivered,True,20260903
ORD-0004356-1,ORD-0004356,2026-08-05,贝洛内-毛绒玩偶,1,128.0,0.05,6.4,121.6,61.44,61.44,paid,delivered,True,20260903
ORD-0004356-2,ORD-0004356,2026-08-05,结城理-亚克力制品,1,48.0,0.05,2.4,45.6,16.8,16.8,paid,delivered,True,20260903
ORD-0004357-1,ORD-0004357,2026-07-12,司霆惊蛰-吧唧（徽章）,1,18.0,0.05,0.9,17.1,5.4,5.4,paid,delivered,True,20260903
ORD-0004358-1,ORD-0004358,2026-07-27,娜斯提-亚克力制品,1,48.0,0.1,4.8,43.2,16.8,16.8,paid,delivered,True,20260903
ORD-0004358-2,ORD-0004358,2026-07-27,望-毛绒玩偶,1,128.0,0.1,12.8,115.2,61.44,61.44,paid,delivered,True,20260903
ORD-0004359-1,ORD-0004359,2026-06-02,凛御银灰-通行证,1,39.0,0.0,0.0,39.0,12.48,12.48,paid,delivered,True,20260903
ORD-0004360-1,ORD-0004360,2026-08-08,凛御银灰-通行证,2,39.0,0.1,7.8,70.2,12.48,24.96,paid,delivered,True,20260903
ORD-0004361-1,ORD-0004361,2026-07-04,佩佩-装饰摆件,2,89.0,0.0,0.0,178.0,37.38,74.76,paid,delivered,True,20260903
ORD-0004362-1,ORD-0004362,2026-06-17,Mon3tr-日用生活,1,99.0,0.1,9.9,89.1,45.54,45.54,paid,delivered,True,20260903
ORD-0004362-2,ORD-0004362,2026-06-17,新约能天使-日用生活,1,99.0,0.05,4.95,94.05,45.54,45.54,paid,delivered,True,20260903
ORD-0004363-1,ORD-0004363,2026-06-09,凛御银灰-毛绒玩偶,1,128.0,0.0,0.0,128.0,61.44,61.44,paid,delivered,True,20260903
ORD-0004364-1,ORD-0004364,2026-08-14,望-日用生活,1,99.0,0.1,9.9,89.1,45.54,45.54,paid,delivered,True,20260903
ORD-0004365-1,ORD-0004365,2026-08-10,维娜·维多利亚-装饰摆件,1,89.0,0.1,8.9,80.1,37.38,37.38,paid,delivered,True,20260903
ORD-0004366-1,ORD-0004366,2026-06-20,凛御银灰-亚克力制品,1,48.0,0.0,0.0,48.0,16.8,16.8,paid,delivered,True,20260903
ORD-0004367-1,ORD-0004367,2026-07-05,死芒-日用生活,1,99.0,0.0,0.0,99.0,45.54,45.54,paid,delivered,True,20260903
ORD-0004368-1,ORD-0004368,2026-06-16,斩业星熊-通行证,1,39.0,0.0,0.0,39.0,12.48,12.48,paid,delivered,True,20260903
ORD-0004369-1,ORD-0004369,2026-07-10,结城理-通行证,1,39.0,0.0,0.0,39.0,12.48,12.48,paid,delivered,True,20260903
ORD-0004370-1,ORD-0004370,2026-06-06,纯烬艾雅法拉-日用生活,1,99.0,0.0,0.0,99.0,45.54,45.54,paid,delivered,True,20260903
ORD-0004371-1,ORD-0004371,2026-07-25,新约能天使-手办模玩,1,699.0,0.0,0.0,699.0,433.38,433.38,paid,delivered,True,20260903
ORD-0004372-1,ORD-0004372,2026-07-28,赤刃明霄陈-吧唧（徽章）,1,18.0,0.05,0.9,17.1,5.4,5.4,paid,delivered,True,20260903
ORD-0004373-1,ORD-0004373,2026-08-07,望-毛绒玩偶,1,128.0,0.0,0.0,128.0,61.44,61.44,paid,delivered,True,20260903
ORD-0004374-1,ORD-0004374,2026-06-07,荒芜拉普兰德-毛绒玩偶,1,128.0,0.1,12.8,115.2,61.44,61.44,paid,delivered,True,20260903
ORD-0004375-1,ORD-0004375,2026-08-05,重岳-日用生活,1,99.0,0.0,0.0,99.0,45.54,45.54,paid,delivered,True,20260903
ORD-0004376-1,ORD-0004376,2026-07-03,佩佩-毛绒玩偶,1,128.0,0.0,0.0,128.0,61.44,61.44,paid,delivered,True,20260903
ORD-0004377-1,ORD-0004377,2026-07-22,黍-通行证,1,39.0,0.05,1.95,37.05,12.48,12.48,cancelled,cancelled,True,20260903
ORD-0004378-1,ORD-0004378,2026-06-07,予愿安洁莉娜-通行证,1,39.0,0.0,0.0,39.0,12.48,12.48,paid,delivered,True,20260903
ORD-0004378-2,ORD-0004378,2026-06-07,予愿安洁莉娜-亚克力制品,1,48.0,0.0,0.0,48.0,16.8,16.8,paid,delivered,True,20260903
ORD-0004379-1,ORD-0004379,2026-06-03,予愿安洁莉娜-装饰摆件,1,89.0,0.0,0.0,89.0,37.38,37.38,paid,shipped,True,20260903
ORD-0004380-1,ORD-0004380,2026-07-30,黍-日用生活,2,99.0,0.1,19.8,178.2,45.54,91.08,paid,delivered,True,20260903
ORD-0004380-2,ORD-0004380,2026-07-30,缇缇-毛绒玩偶,1,128.0,0.0,0.0,128.0,61.44,61.44,paid,delivered,True,20260903
ORD-0004381-1,ORD-0004381,2026-07-02,黍-吧唧（徽章）,1,18.0,0.05,0.9,17.1,5.4,5.4,paid,delivered,True,20260903
ORD-0004382-1,ORD-0004382,2026-08-25,黍-日用生活,1,99.0,0.05,4.95,94.05,45.54,45.54,paid,delivered,True,20260903
ORD-0004383-1,ORD-0004383,2026-06-18,余-通行证,1,39.0,0.0,0.0,39.0,12.48,12.48,paid,delivered,True,20260903
ORD-0004383-2,ORD-0004383,2026-06-18,缄默德克萨斯-亚克力制品,1,48.0,0.05,2.4,45.6,16.8,16.8,paid,delivered,True,20260903
ORD-0004384-1,ORD-0004384,2026-07-04,缪尔赛思-日用生活,1,99.0,0.0,0.0,99.0,45.54,45.54,paid,delivered,True,20260903
ORD-0004384-2,ORD-0004384,2026-07-04,凯尔希·思衡托-亚克力制品,1,48.0,0.05,2.4,45.6,16.8,16.8,paid,delivered,True,20260903
ORD-0004384-3,ORD-0004384,2026-07-04,归溟幽灵鲨-日用生活,1,99.0,0.0,0.0,99.0,45.54,45.54,paid,delivered,True,20260903
ORD-0004385-1,ORD-0004385,2026-08-03,Mon3tr-毛绒玩偶,1,128.0,0.05,6.4,121.6,61.44,61.44,paid,delivered,True,20260903
ORD-0004386-1,ORD-0004386,2026-07-11,予愿安洁莉娜-吧唧（徽章）,1,18.0,0.0,0.0,18.0,5.4,5.4,paid,delivered,True,20260903
ORD-0004387-1,ORD-0004387,2026-06-06,新约能天使-亚克力制品,1,48.0,0.1,4.8,43.2,16.8,16.8,paid,delivered,True,20260903
ORD-0004387-2,ORD-0004387,2026-06-06,黍-通行证,1,39.0,0.05,1.95,37.05,12.48,12.48,paid,delivered,True,20260903
ORD-0004388-1,ORD-0004388,2026-08-07,赤刃明霄陈-吧唧（徽章）,1,18.0,0.0,0.0,18.0,5.4,5.4,paid,delivered,True,20260903
ORD-0004389-1,ORD-0004389,2026-07-21,谬因-毛绒玩偶,1,128.0,0.0,0.0,128.0,61.44,61.44,paid,delivered,True,20260903
ORD-0004389-2,ORD-0004389,2026-07-21,重岳-吧唧（徽章）,1,18.0,0.05,0.9,17.1,5.4,5.4,paid,delivered,True,20260903
ORD-0004390-1,ORD-0004390,2026-06-11,望-吧唧（徽章）,2,18.0,0.0,0.0,36.0,5.4,10.8,paid,delivered,True,20260903
ORD-0004391-1,ORD-0004391,2026-07-23,赤刃明霄陈-亚克力制品,1,48.0,0.0,0.0,48.0,16.8,16.8,paid,delivered,True,20260903
ORD-0004391-2,ORD-0004391,2026-07-23,缄默德克萨斯-吧唧（徽章）,3,18.0,0.0,0.0,54.0,5.4,16.2,paid,delivered,True,20260903
ORD-0004392-1,ORD-0004392,2026-07-15,司霆惊蛰-毛绒玩偶,1,128.0,0.0,0.0,128.0,61.44,61.44,paid,delivered,True,20260903
ORD-0004393-1,ORD-0004393,2026-06-16,纯烬艾雅法拉-手办模玩,1,699.0,0.05,34.95,664.05,433.38,433.38,paid,delivered,True,20260903
ORD-0004394-1,ORD-0004394,2026-06-04,望-装饰摆件,1,89.0,0.0,0.0,89.0,37.38,37.38,paid,delivered,True,20260903
ORD-0004395-1,ORD-0004395,2026-07-18,凯尔希·思衡托-装饰摆件,1,89.0,0.1,8.9,80.1,37.38,37.38,paid,delivered,True,20260903
ORD-0004396-1,ORD-0004396,2026-07-06,新约能天使-吧唧（徽章）,1,18.0,0.0,0.0,18.0,5.4,5.4,paid,delivered,True,20260903
ORD-0004397-1,ORD-0004397,2026-07-30,黍-装饰摆件,1,89.0,0.1,8.9,80.1,37.38,37.38,paid,delivered,True,20260903
ORD-0004397-2,ORD-0004397,2026-07-30,酒神-吧唧（徽章）,1,18.0,0.0,0.0,18.0,5.4,5.4,paid,delivered,True,20260903
ORD-0004397-3,ORD-0004397,2026-07-30,归溟幽灵鲨-吧唧（徽章）,1,18.0,0.0,0.0,18.0,5.4,5.4,paid,delivered,True,20260903
ORD-0004398-1,ORD-0004398,2026-06-11,凯尔希·思衡托-吧唧（徽章）,1,18.0,0.0,0.0,18.0,5.4,5.4,paid,delivered,True,20260903
ORD-0004399-1,ORD-0004399,2026-06-24,司霆惊蛰-手办模玩,1,699.0,0.0,0.0,699.0,433.38,433.38,paid,delivered,True,20260903
ORD-0004400-1,ORD-0004400,2026-07-22,新约能天使-通行证,1,39.0,0.0,0.0,39.0,12.48,12.48,paid,delivered,True,20260903
ORD-0004401-1,ORD-0004401,2026-07-23,望-日用生活,1,99.0,0.0,0.0,99.0,45.54,45.54,paid,delivered,True,20260903
ORD-0004401-2,ORD-0004401,2026-07-23,余-手办模玩,1,699.0,0.0,0.0,699.0,433.38,433.38,paid,delivered,True,20260903
ORD-0004402-1,ORD-0004402,2026-08-15,贝洛内-亚克力制品,1,48.0,0.05,2.4,45.6,16.8,16.8,paid,delivered,True,20260903
ORD-0004403-1,ORD-0004403,2026-08-21,真言-日用生活,1,99.0,0.0,0.0,99.0,45.54,45.54,paid,delivered,True,20260903
ORD-0004403-2,ORD-0004403,2026-08-21,缪尔赛思-手办模玩,1,699.0,0.1,69.9,629.1,433.38,433.38,paid,delivered,True,20260903
ORD-0004404-1,ORD-0004404,2026-08-08,黍-通行证,1,39.0,0.1,3.9,35.1,12.48,12.48,paid,delivered,True,20260903
ORD-0004405-1,ORD-0004405,2026-07-19,斩业星熊-通行证,1,39.0,0.15,5.85,33.15,12.48,12.48,paid,delivered,True,20260903
ORD-0004405-2,ORD-0004405,2026-07-19,斩业星熊-手办模玩,2,699.0,0.0,0.0,1398.0,433.38,866.76,paid,delivered,True,20260903
ORD-0004406-1,ORD-0004406,2026-08-21,缄默德克萨斯-装饰摆件,1,89.0,0.0,0.0,89.0,37.38,37.38,paid,delivered,True,20260903
ORD-0004406-2,ORD-0004406,2026-08-21,新约能天使-装饰摆件,1,89.0,0.0,0.0,89.0,37.38,37.38,paid,delivered,True,20260903
ORD-0004406-3,ORD-0004406,2026-08-21,Mon3tr-装饰摆件,1,89.0,0.0,0.0,89.0,37.38,37.38,paid,delivered,True,20260903
ORD-0004407-1,ORD-0004407,2026-06-26,娜斯提-毛绒玩偶,1,128.0,0.0,0.0,128.0,61.44,61.44,paid,delivered,True,20260903
ORD-0004408-1,ORD-0004408,2026-07-08,缄默德克萨斯-亚克力制品,1,48.0,0.0,0.0,48.0,16.8,16.8,paid,delivered,True,20260903
ORD-0004409-1,ORD-0004409,2026-07-02,贝洛内-毛绒玩偶,1,128.0,0.05,6.4,121.6,61.44,61.44,paid,shipped,True,20260903
ORD-0004410-1,ORD-0004410,2026-08-01,酒神-日用生活,1,99.0,0.05,4.95,94.05,45.54,45.54,paid,delivered,True,20260903
ORD-0004411-1,ORD-0004411,2026-08-04,死芒-毛绒玩偶,1,128.0,0.0,0.0,128.0,61.44,61.44,paid,delivered,True,20260903
ORD-0004411-2,ORD-0004411,2026-08-04,凯尔希·思衡托-装饰摆件,2,89.0,0.05,8.9,169.1,37.38,74.76,paid,delivered,True,20260903
ORD-0004411-3,ORD-0004411,2026-08-04,望-亚克力制品,1,48.0,0.05,2.4,45.6,16.8,16.8,paid,delivered,True,20260903
ORD-0004412-1,ORD-0004412,2026-06-10,Mon3tr-日用生活,1,99.0,0.0,0.0,99.0,45.54,45.54,paid,delivered,True,20260903
ORD-0004413-1,ORD-0004413,2026-07-10,归溟幽灵鲨-装饰摆件,1,89.0,0.05,4.45,84.55,37.38,37.38,paid,delivered,True,20260903
ORD-0004414-1,ORD-0004414,2026-06-17,焰狐龙梓兰-亚克力制品,3,48.0,0.0,0.0,144.0,16.8,50.4,paid,delivered,True,20260903
ORD-0004415-1,ORD-0004415,2026-07-30,真言-吧唧（徽章）,1,18.0,0.15,2.7,15.3,5.4,5.4,paid,delivered,True,20260903
ORD-0004415-2,ORD-0004415,2026-07-30,塑心-毛绒玩偶,1,128.0,0.0,0.0,128.0,61.44,61.44,paid,delivered,True,20260903
ORD-0004416-1,ORD-0004416,2026-07-30,新约能天使-毛绒玩偶,1,128.0,0.1,12.8,115.2,61.44,61.44,paid,delivered,True,20260903
ORD-0004417-1,ORD-0004417,2026-08-02,凛御银灰-吧唧（徽章）,1,18.0,0.1,1.8,16.2,5.4,5.4,paid,delivered,True,20260903
ORD-0004418-1,ORD-0004418,2026-08-17,谬因-装饰摆件,1,89.0,0.1,8.9,80.1,37.38,37.38,paid,delivered,True,20260903
ORD-0004419-1,ORD-0004419,2026-07-12,缪尔赛思-日用生活,1,99.0,0.0,0.0,99.0,45.54,45.54,paid,delivered,True,20260903
ORD-0004420-1,ORD-0004420,2026-07-22,凯尔希·思衡托-手办模玩,1,699.0,0.0,0.0,699.0,433.38,433.38,paid,delivered,True,20260903
ORD-0004421-1,ORD-0004421,2026-07-29,焰狐龙梓兰-装饰摆件,1,89.0,0.0,0.0,89.0,37.38,37.38,cancelled,cancelled,True,20260903
ORD-0004422-1,ORD-0004422,2026-07-13,贝洛内-手办模玩,1,699.0,0.05,34.95,664.05,433.38,433.38,paid,delivered,True,20260903
ORD-0004423-1,ORD-0004423,2026-07-21,结城理-装饰摆件,1,89.0,0.0,0.0,89.0,37.38,37.38,paid,delivered,True,20260903
ORD-0004424-1,ORD-0004424,2026-07-30,怒潮凛冬-手办模玩,1,699.0,0.0,0.0,699.0,433.38,433.38,paid,delivered,True,20260903
ORD-0004425-1,ORD-0004425,2026-07-30,怒潮凛冬-通行证,1,39.0,0.0,0.0,39.0,12.48,12.48,paid,delivered,True,20260903
ORD-0004426-1,ORD-0004426,2026-06-21,焰狐龙梓兰-毛绒玩偶,1,128.0,0.1,12.8,115.2,61.44,61.44,paid,delivered,True,20260903
ORD-0004427-1,ORD-0004427,2026-08-02,余-吧唧（徽章）,1,18.0,0.0,0.0,18.0,5.4,5.4,paid,delivered,True,20260903
ORD-0004428-1,ORD-0004428,2026-08-11,余-通行证,1,39.0,0.05,1.95,37.05,12.48,12.48,paid,delivered,True,20260903
ORD-0004429-1,ORD-0004429,2026-07-03,凯尔希·思衡托-装饰摆件,2,89.0,0.0,0.0,178.0,37.38,74.76,paid,delivered,True,20260903
ORD-0004430-1,ORD-0004430,2026-06-26,贝洛内-手办模玩,1,699.0,0.0,0.0,699.0,433.38,433.38,paid,delivered,True,20260903
ORD-0004430-2,ORD-0004430,2026-06-26,余-毛绒玩偶,1,128.0,0.0,0.0,128.0,61.44,61.44,paid,delivered,True,20260903
ORD-0004431-1,ORD-0004431,2026-06-01,贝洛内-装饰摆件,1,89.0,0.0,0.0,89.0,37.38,37.38,paid,shipped,True,20260903
ORD-0004431-2,ORD-0004431,2026-06-01,凯尔希·思衡托-通行证,1,39.0,0.1,3.9,35.1,12.48,12.48,paid,shipped,True,20260903
ORD-0004432-1,ORD-0004432,2026-06-17,塑心-日用生活,1,99.0,0.0,0.0,99.0,45.54,45.54,paid,delivered,True,20260903
ORD-0004433-1,ORD-0004433,2026-08-01,凯尔希·思衡托-装饰摆件,1,89.0,0.1,8.9,80.1,37.38,37.38,paid,delivered,True,20260903
ORD-0004434-1,ORD-0004434,2026-06-22,真言-通行证,1,39.0,0.0,0.0,39.0,12.48,12.48,paid,delivered,True,20260903
ORD-0004435-1,ORD-0004435,2026-06-17,贝洛内-装饰摆件,1,89.0,0.05,4.45,84.55,37.38,37.38,paid,delivered,True,20260903
ORD-0004436-1,ORD-0004436,2026-07-30,塑心-通行证,1,39.0,0.15,5.85,33.15,12.48,12.48,paid,shipped,True,20260903
ORD-0004437-1,ORD-0004437,2026-06-22,斩业星熊-装饰摆件,1,89.0,0.0,0.0,89.0,37.38,37.38,paid,delivered,True,20260903
ORD-0004438-1,ORD-0004438,2026-08-07,纯烬艾雅法拉-手办模玩,1,699.0,0.0,0.0,699.0,433.38,433.38,paid,delivered,True,20260903
ORD-0004439-1,ORD-0004439,2026-06-03,归溟幽灵鲨-亚克力制品,1,48.0,0.1,4.8,43.2,16.8,16.8,paid,delivered,True,20260903
ORD-0004440-1,ORD-0004440,2026-07-20,斩业星熊-手办模玩,1,699.0,0.0,0.0,699.0,433.38,433.38,paid,delivered,True,20260903
ORD-0004440-2,ORD-0004440,2026-07-20,结城理-毛绒玩偶,1,128.0,0.1,12.8,115.2,61.44,61.44,paid,delivered,True,20260903
ORD-0004441-1,ORD-0004441,2026-06-07,维娜·维多利亚-手办模玩,1,699.0,0.05,34.95,664.05,433.38,433.38,paid,delivered,True,20260903
ORD-0004442-1,ORD-0004442,2026-06-10,荒芜拉普兰德-毛绒玩偶,1,128.0,0.0,0.0,128.0,61.44,61.44,paid,delivered,True,20260903
ORD-0004443-1,ORD-0004443,2026-07-07,赤刃明霄陈-亚克力制品,1,48.0,0.0,0.0,48.0,16.8,16.8,paid,delivered,True,20260903
ORD-0004444-1,ORD-0004444,2026-06-30,娜斯提-装饰摆件,1,89.0,0.0,0.0,89.0,37.38,37.38,paid,delivered,True,20260903
ORD-0004445-1,ORD-0004445,2026-06-11,斩业星熊-亚克力制品,1,48.0,0.05,2.4,45.6,16.8,16.8,paid,delivered,True,20260903
ORD-0004445-2,ORD-0004445,2026-06-11,缇缇-亚克力制品,1,48.0,0.05,2.4,45.6,16.8,16.8,paid,delivered,True,20260903
ORD-0004446-1,ORD-0004446,2026-08-16,维娜·维多利亚-手办模玩,2,699.0,0.0,0.0,1398.0,433.38,866.76,paid,delivered,True,20260903
ORD-0004447-1,ORD-0004447,2026-08-02,凯尔希·思衡托-手办模玩,1,699.0,0.0,0.0,699.0,433.38,433.38,paid,delivered,True,20260903
ORD-0004448-1,ORD-0004448,2026-06-28,荒芜拉普兰德-通行证,1,39.0,0.0,0.0,39.0,12.48,12.48,paid,delivered,True,20260903
ORD-0004448-2,ORD-0004448,2026-06-28,焰狐龙梓兰-日用生活,1,99.0,0.0,0.0,99.0,45.54,45.54,paid,delivered,True,20260903
ORD-0004449-1,ORD-0004449,2026-07-05,新约能天使-日用生活,2,99.0,0.0,0.0,198.0,45.54,91.08,paid,delivered,True,20260903
ORD-0004450-1,ORD-0004450,2026-06-04,焰狐龙梓兰-装饰摆件,1,89.0,0.1,8.9,80.1,37.38,37.38,paid,delivered,True,20260903
ORD-0004451-1,ORD-0004451,2026-06-17,缪尔赛思-吧唧（徽章）,2,18.0,0.1,3.6,32.4,5.4,10.8,paid,delivered,True,20260903
ORD-0004452-1,ORD-0004452,2026-06-22,酒神-通行证,1,39.0,0.05,1.95,37.05,12.48,12.48,paid,delivered,True,20260903
ORD-0004453-1,ORD-0004453,2026-07-05,Mon3tr-吧唧（徽章）,1,18.0,0.0,0.0,18.0,5.4,5.4,paid,delivered,True,20260903
ORD-0004454-1,ORD-0004454,2026-08-22,赤刃明霄陈-吧唧（徽章）,1,18.0,0.0,0.0,18.0,5.4,5.4,paid,delivered,True,20260903
ORD-0004454-2,ORD-0004454,2026-08-22,死芒-吧唧（徽章）,1,18.0,0.0,0.0,18.0,5.4,5.4,paid,delivered,True,20260903
ORD-0004455-1,ORD-0004455,2026-06-23,凛御银灰-装饰摆件,2,89.0,0.05,8.9,169.1,37.38,74.76,paid,delivered,True,20260903
ORD-0004456-1,ORD-0004456,2026-08-27,贝洛内-亚克力制品,1,48.0,0.1,4.8,43.2,16.8,16.8,paid,delivered,True,20260903
ORD-0004456-2,ORD-0004456,2026-08-27,结城理-手办模玩,1,699.0,0.0,0.0,699.0,433.38,433.38,paid,delivered,True,20260903
ORD-0004456-3,ORD-0004456,2026-08-27,缇缇-日用生活,1,99.0,0.0,0.0,99.0,45.54,45.54,paid,delivered,True,20260903
ORD-0004457-1,ORD-0004457,2026-08-25,凛御银灰-毛绒玩偶,1,128.0,0.1,12.8,115.2,61.44,61.44,paid,delivered,True,20260903
ORD-0004458-1,ORD-0004458,2026-08-28,予愿安洁莉娜-手办模玩,1,699.0,0.15,104.85,594.15,433.38,433.38,paid,delivered,True,20260903
ORD-0004458-2,ORD-0004458,2026-08-28,贝洛内-通行证,2,39.0,0.0,0.0,78.0,12.48,24.96,paid,delivered,True,20260903
ORD-0004458-3,ORD-0004458,2026-08-28,司霆惊蛰-通行证,1,39.0,0.0,0.0,39.0,12.48,12.48,paid,delivered,True,20260903
ORD-0004459-1,ORD-0004459,2026-07-29,怒潮凛冬-毛绒玩偶,1,128.0,0.0,0.0,128.0,61.44,61.44,paid,delivered,True,20260903
ORD-0004460-1,ORD-0004460,2026-07-29,佩佩-手办模玩,1,699.0,0.0,0.0,699.0,433.38,433.38,paid,delivered,True,20260903
ORD-0004461-1,ORD-0004461,2026-06-19,重岳-毛绒玩偶,1,128.0,0.0,0.0,128.0,61.44,61.44,paid,delivered,True,20260903
ORD-0004462-1,ORD-0004462,2026-06-20,酒神-吧唧（徽章）,1,18.0,0.0,0.0,18.0,5.4,5.4,paid,delivered,True,20260903
ORD-0004463-1,ORD-0004463,2026-07-27,归溟幽灵鲨-亚克力制品,1,48.0,0.15,7.2,40.8,16.8,16.8,paid,delivered,True,20260903
ORD-0004463-2,ORD-0004463,2026-07-27,焰狐龙梓兰-日用生活,1,99.0,0.0,0.0,99.0,45.54,45.54,paid,delivered,True,20260903
ORD-0004463-3,ORD-0004463,2026-07-27,重岳-手办模玩,1,699.0,0.1,69.9,629.1,433.38,433.38,paid,delivered,True,20260903
ORD-0004464-1,ORD-0004464,2026-08-22,新约能天使-通行证,1,39.0,0.05,1.95,37.05,12.48,12.48,paid,shipped,True,20260903
ORD-0004465-1,ORD-0004465,2026-07-27,缪尔赛思-手办模玩,2,699.0,0.0,0.0,1398.0,433.38,866.76,paid,delivered,True,20260903
ORD-0004465-2,ORD-0004465,2026-07-27,缇缇-手办模玩,1,699.0,0.0,0.0,699.0,433.38,433.38,paid,delivered,True,20260903
ORD-0004466-1,ORD-0004466,2026-08-08,凯尔希·思衡托-通行证,1,39.0,0.0,0.0,39.0,12.48,12.48,paid,delivered,True,20260903
ORD-0004467-1,ORD-0004467,2026-08-22,黍-毛绒玩偶,1,128.0,0.0,0.0,128.0,61.44,61.44,paid,delivered,True,20260903
ORD-0004468-1,ORD-0004468,2026-07-27,予愿安洁莉娜-装饰摆件,1,89.0,0.0,0.0,89.0,37.38,37.38,paid,delivered,True,20260903
ORD-0004469-1,ORD-0004469,2026-07-29,望-通行证,1,39.0,0.0,0.0,39.0,12.48,12.48,paid,delivered,True,20260903
ORD-0004469-2,ORD-0004469,2026-07-29,纯烬艾雅法拉-装饰摆件,1,89.0,0.1,8.9,80.1,37.38,37.38,paid,delivered,True,20260903
ORD-0004470-1,ORD-0004470,2026-08-03,酒神-装饰摆件,1,89.0,0.0,0.0,89.0,37.38,37.38,paid,delivered,True,20260903
ORD-0004470-2,ORD-0004470,2026-08-03,焰狐龙梓兰-手办模玩,1,699.0,0.0,0.0,699.0,433.38,433.38,paid,delivered,True,20260903
ORD-0004471-1,ORD-0004471,2026-08-29,焰狐龙梓兰-日用生活,1,99.0,0.0,0.0,99.0,45.54,45.54,paid,delivered,True,20260903
ORD-0004471-2,ORD-0004471,2026-08-29,予愿安洁莉娜-通行证,1,39.0,0.1,3.9,35.1,12.48,12.48,paid,delivered,True,20260903
ORD-0004472-1,ORD-0004472,2026-06-14,怒潮凛冬-毛绒玩偶,1,128.0,0.0,0.0,128.0,61.44,61.44,paid,delivered,True,20260903
ORD-0004473-1,ORD-0004473,2026-06-30,赤刃明霄陈-手办模玩,1,699.0,0.05,34.95,664.05,433.38,433.38,paid,delivered,True,20260903
ORD-0004474-1,ORD-0004474,2026-06-24,黍-装饰摆件,1,89.0,0.0,0.0,89.0,37.38,37.38,paid,delivered,True,20260903
ORD-0004474-2,ORD-0004474,2026-06-24,谬因-手办模玩,1,699.0,0.1,69.9,629.1,433.38,433.38,paid,delivered,True,20260903
ORD-0004474-3,ORD-0004474,2026-06-24,佩佩-手办模玩,1,699.0,0.05,34.95,664.05,433.38,433.38,paid,delivered,True,20260903
ORD-0004475-1,ORD-0004475,2026-08-06,望-亚克力制品,1,48.0,0.0,0.0,48.0,16.8,16.8,paid,delivered,True,20260903
ORD-0004475-2,ORD-0004475,2026-08-06,塑心-毛绒玩偶,1,128.0,0.0,0.0,128.0,61.44,61.44,paid,delivered,True,20260903
ORD-0004476-1,ORD-0004476,2026-07-10,纯烬艾雅法拉-手办模玩,1,699.0,0.0,0.0,699.0,433.38,433.38,paid,delivered,True,20260903
ORD-0004477-1,ORD-0004477,2026-06-08,司霆惊蛰-亚克力制品,2,48.0,0.15,14.4,81.6,16.8,33.6,paid,delivered,True,20260903
ORD-0004477-2,ORD-0004477,2026-06-08,纯烬艾雅法拉-毛绒玩偶,1,128.0,0.0,0.0,128.0,61.44,61.44,paid,delivered,True,20260903
ORD-0004478-1,ORD-0004478,2026-07-28,凛御银灰-亚克力制品,1,48.0,0.0,0.0,48.0,16.8,16.8,paid,delivered,True,20260903
ORD-0004479-1,ORD-0004479,2026-07-26,凛御银灰-吧唧（徽章）,2,18.0,0.0,0.0,36.0,5.4,10.8,paid,delivered,True,20260903
ORD-0004479-2,ORD-0004479,2026-07-26,塑心-毛绒玩偶,1,128.0,0.0,0.0,128.0,61.44,61.44,paid,delivered,True,20260903
ORD-0004480-1,ORD-0004480,2026-08-22,司霆惊蛰-吧唧（徽章）,1,18.0,0.0,0.0,18.0,5.4,5.4,paid,delivered,True,20260903
ORD-0004481-1,ORD-0004481,2026-06-22,佩佩-装饰摆件,1,89.0,0.0,0.0,89.0,37.38,37.38,paid,delivered,True,20260903
ORD-0004482-1,ORD-0004482,2026-06-23,塑心-通行证,1,39.0,0.05,1.95,37.05,12.48,12.48,paid,delivered,True,20260903
ORD-0004483-1,ORD-0004483,2026-07-31,缪尔赛思-亚克力制品,1,48.0,0.1,4.8,43.2,16.8,16.8,paid,delivered,True,20260903
ORD-0004484-1,ORD-0004484,2026-06-20,凛御银灰-手办模玩,1,699.0,0.05,34.95,664.05,433.38,433.38,paid,delivered,True,20260903
ORD-0004485-1,ORD-0004485,2026-07-12,荒芜拉普兰德-吧唧（徽章）,1,18.0,0.0,0.0,18.0,5.4,5.4,paid,delivered,True,20260903
ORD-0004485-2,ORD-0004485,2026-07-12,赤刃明霄陈-日用生活,1,99.0,0.0,0.0,99.0,45.54,45.54,paid,delivered,True,20260903
ORD-0004486-1,ORD-0004486,2026-06-09,维娜·维多利亚-通行证,1,39.0,0.0,0.0,39.0,12.48,12.48,paid,delivered,True,20260903
ORD-0004487-1,ORD-0004487,2026-07-02,斩业星熊-亚克力制品,2,48.0,0.0,0.0,96.0,16.8,33.6,paid,delivered,True,20260903
ORD-0004487-2,ORD-0004487,2026-07-02,望-装饰摆件,1,89.0,0.05,4.45,84.55,37.38,37.38,paid,delivered,True,20260903
ORD-0004488-1,ORD-0004488,2026-07-07,新约能天使-通行证,1,39.0,0.0,0.0,39.0,12.48,12.48,paid,delivered,True,20260903
ORD-0004489-1,ORD-0004489,2026-06-23,缪尔赛思-通行证,1,39.0,0.0,0.0,39.0,12.48,12.48,paid,delivered,True,20260903
ORD-0004489-2,ORD-0004489,2026-06-23,塑心-日用生活,1,99.0,0.1,9.9,89.1,45.54,45.54,paid,delivered,True,20260903
ORD-0004490-1,ORD-0004490,2026-07-21,纯烬艾雅法拉-日用生活,1,99.0,0.0,0.0,99.0,45.54,45.54,paid,delivered,True,20260903
ORD-0004491-1,ORD-0004491,2026-08-08,纯烬艾雅法拉-毛绒玩偶,2,128.0,0.0,0.0,256.0,61.44,122.88,paid,delivered,True,20260903
ORD-0004491-2,ORD-0004491,2026-08-08,重岳-亚克力制品,1,48.0,0.0,0.0,48.0,16.8,16.8,paid,delivered,True,20260903
ORD-0004491-3,ORD-0004491,2026-08-08,缄默德克萨斯-吧唧（徽章）,1,18.0,0.0,0.0,18.0,5.4,5.4,paid,delivered,True,20260903
ORD-0004492-1,ORD-0004492,2026-07-07,真言-毛绒玩偶,1,128.0,0.1,12.8,115.2,61.44,61.44,paid,delivered,True,20260903
ORD-0004493-1,ORD-0004493,2026-06-07,司霆惊蛰-亚克力制品,1,48.0,0.0,0.0,48.0,16.8,16.8,paid,delivered,True,20260903
ORD-0004494-1,ORD-0004494,2026-08-10,娜斯提-亚克力制品,1,48.0,0.05,2.4,45.6,16.8,16.8,paid,delivered,True,20260903
ORD-0004494-2,ORD-0004494,2026-08-10,维娜·维多利亚-毛绒玩偶,1,128.0,0.0,0.0,128.0,61.44,61.44,paid,delivered,True,20260903
ORD-0004495-1,ORD-0004495,2026-08-24,黍-手办模玩,3,699.0,0.15,314.55,1782.45,433.38,1300.14,paid,delivered,True,20260903
ORD-0004495-2,ORD-0004495,2026-08-24,凛御银灰-吧唧（徽章）,1,18.0,0.05,0.9,17.1,5.4,5.4,paid,delivered,True,20260903
ORD-0004496-1,ORD-0004496,2026-08-03,佩佩-通行证,1,39.0,0.0,0.0,39.0,12.48,12.48,paid,shipped,True,20260903
ORD-0004497-1,ORD-0004497,2026-06-22,佩佩-装饰摆件,1,89.0,0.05,4.45,84.55,37.38,37.38,paid,delivered,True,20260903
ORD-0004498-1,ORD-0004498,2026-07-22,结城理-吧唧（徽章）,2,18.0,0.0,0.0,36.0,5.4,10.8,paid,delivered,True,20260903
ORD-0004499-1,ORD-0004499,2026-07-19,凯尔希·思衡托-吧唧（徽章）,1,18.0,0.05,0.9,17.1,5.4,5.4,paid,delivered,True,20260903
ORD-0004500-1,ORD-0004500,2026-08-17,纯烬艾雅法拉-手办模玩,1,699.0,0.0,0.0,699.0,433.38,433.38,paid,delivered,True,20260903
ORD-0004501-1,ORD-0004501,2026-07-26,缄默德克萨斯-通行证,1,39.0,0.0,0.0,39.0,12.48,12.48,paid,delivered,True,20260903
ORD-0004502-1,ORD-0004502,2026-06-16,真言-日用生活,1,99.0,0.0,0.0,99.0,45.54,45.54,paid,delivered,True,20260903
ORD-0004503-1,ORD-0004503,2026-06-11,余-日用生活,1,99.0,0.05,4.95,94.05,45.54,45.54,paid,delivered,True,20260903
ORD-0004504-1,ORD-0004504,2026-07-25,凯尔希·思衡托-装饰摆件,1,89.0,0.0,0.0,89.0,37.38,37.38,paid,delivered,True,20260903
ORD-0004505-1,ORD-0004505,2026-06-21,维娜·维多利亚-亚克力制品,1,48.0,0.1,4.8,43.2,16.8,16.8,paid,delivered,True,20260903
ORD-0004506-1,ORD-0004506,2026-07-05,缄默德克萨斯-日用生活,1,99.0,0.0,0.0,99.0,45.54,45.54,paid,delivered,True,20260903
ORD-0004507-1,ORD-0004507,2026-06-16,死芒-毛绒玩偶,1,128.0,0.0,0.0,128.0,61.44,61.44,paid,delivered,True,20260903
ORD-0004508-1,ORD-0004508,2026-06-10,谬因-手办模玩,1,699.0,0.1,69.9,629.1,433.38,433.38,paid,delivered,True,20260903
ORD-0004509-1,ORD-0004509,2026-06-21,赤刃明霄陈-毛绒玩偶,1,128.0,0.05,6.4,121.6,61.44,61.44,paid,delivered,True,20260903
ORD-0004509-2,ORD-0004509,2026-06-21,怒潮凛冬-通行证,1,39.0,0.0,0.0,39.0,12.48,12.48,paid,delivered,True,20260903
ORD-0004510-1,ORD-0004510,2026-08-26,凯尔希·思衡托-吧唧（徽章）,1,18.0,0.0,0.0,18.0,5.4,5.4,paid,delivered,True,20260903
ORD-0004511-1,ORD-0004511,2026-07-21,凛御银灰-吧唧（徽章）,1,18.0,0.0,0.0,18.0,5.4,5.4,paid,delivered,True,20260903
ORD-0004512-1,ORD-0004512,2026-08-19,缪尔赛思-手办模玩,1,699.0,0.1,69.9,629.1,433.38,433.38,paid,delivered,True,20260903
ORD-0004513-1,ORD-0004513,2026-06-24,余-毛绒玩偶,1,128.0,0.0,0.0,128.0,61.44,61.44,paid,delivered,True,20260903
ORD-0004514-1,ORD-0004514,2026-08-16,结城理-手办模玩,1,699.0,0.0,0.0,699.0,433.38,433.38,paid,shipped,True,20260903
ORD-0004515-1,ORD-0004515,2026-08-23,死芒-亚克力制品,1,48.0,0.15,7.2,40.8,16.8,16.8,paid,delivered,True,20260903
ORD-0004515-2,ORD-0004515,2026-08-23,维娜·维多利亚-装饰摆件,1,89.0,0.0,0.0,89.0,37.38,37.38,paid,delivered,True,20260903
ORD-0004515-3,ORD-0004515,2026-08-23,塑心-亚克力制品,1,48.0,0.0,0.0,48.0,16.8,16.8,paid,delivered,True,20260903
ORD-0004516-1,ORD-0004516,2026-08-19,司霆惊蛰-毛绒玩偶,1,128.0,0.05,6.4,121.6,61.44,61.44,paid,shipped,True,20260903
ORD-0004517-1,ORD-0004517,2026-07-02,荒芜拉普兰德-装饰摆件,1,89.0,0.1,8.9,80.1,37.38,37.38,paid,delivered,True,20260903
ORD-0004518-1,ORD-0004518,2026-07-28,荒芜拉普兰德-吧唧（徽章）,1,18.0,0.0,0.0,18.0,5.4,5.4,paid,delivered,True,20260903
ORD-0004519-1,ORD-0004519,2026-06-14,新约能天使-毛绒玩偶,1,128.0,0.05,6.4,121.6,61.44,61.44,paid,delivered,True,20260903
ORD-0004520-1,ORD-0004520,2026-06-10,贝洛内-毛绒玩偶,1,128.0,0.0,0.0,128.0,61.44,61.44,paid,delivered,True,20260903
ORD-0004521-1,ORD-0004521,2026-08-02,凛御银灰-毛绒玩偶,1,128.0,0.0,0.0,128.0,61.44,61.44,paid,delivered,True,20260903
ORD-0004522-1,ORD-0004522,2026-07-24,缪尔赛思-手办模玩,1,699.0,0.0,0.0,699.0,433.38,433.38,paid,delivered,True,20260903
ORD-0004522-2,ORD-0004522,2026-07-24,归溟幽灵鲨-装饰摆件,1,89.0,0.0,0.0,89.0,37.38,37.38,paid,delivered,True,20260903
ORD-0004523-1,ORD-0004523,2026-07-21,予愿安洁莉娜-手办模玩,2,699.0,0.0,0.0,1398.0,433.38,866.76,paid,delivered,True,20260903
ORD-0004524-1,ORD-0004524,2026-08-06,望-装饰摆件,1,89.0,0.0,0.0,89.0,37.38,37.38,paid,delivered,True,20260903
ORD-0004525-1,ORD-0004525,2026-08-14,死芒-日用生活,1,99.0,0.0,0.0,99.0,45.54,45.54,paid,delivered,True,20260903
ORD-0004526-1,ORD-0004526,2026-06-18,酒神-吧唧（徽章）,2,18.0,0.0,0.0,36.0,5.4,10.8,paid,delivered,True,20260903
ORD-0004527-1,ORD-0004527,2026-07-25,焰狐龙梓兰-装饰摆件,1,89.0,0.05,4.45,84.55,37.38,37.38,paid,delivered,True,20260903
ORD-0004528-1,ORD-0004528,2026-07-24,死芒-日用生活,1,99.0,0.05,4.95,94.05,45.54,45.54,paid,delivered,True,20260903
ORD-0004528-2,ORD-0004528,2026-07-24,维娜·维多利亚-吧唧（徽章）,1,18.0,0.0,0.0,18.0,5.4,5.4,paid,delivered,True,20260903
ORD-0004529-1,ORD-0004529,2026-08-22,凯尔希·思衡托-装饰摆件,1,89.0,0.1,8.9,80.1,37.38,37.38,paid,delivered,True,20260903
ORD-0004530-1,ORD-0004530,2026-06-26,望-通行证,1,39.0,0.1,3.9,35.1,12.48,12.48,paid,pending,True,20260903
ORD-0004531-1,ORD-0004531,2026-08-23,予愿安洁莉娜-手办模玩,1,699.0,0.1,69.9,629.1,433.38,433.38,paid,delivered,True,20260903
ORD-0004531-2,ORD-0004531,2026-08-23,纯烬艾雅法拉-亚克力制品,1,48.0,0.0,0.0,48.0,16.8,16.8,paid,delivered,True,20260903
ORD-0004532-1,ORD-0004532,2026-06-04,赤刃明霄陈-毛绒玩偶,1,128.0,0.0,0.0,128.0,61.44,61.44,paid,delivered,True,20260903
ORD-0004533-1,ORD-0004533,2026-07-26,维娜·维多利亚-通行证,1,39.0,0.1,3.9,35.1,12.48,12.48,paid,delivered,True,20260903
ORD-0004533-2,ORD-0004533,2026-07-26,新约能天使-日用生活,1,99.0,0.0,0.0,99.0,45.54,45.54,paid,delivered,True,20260903
ORD-0004534-1,ORD-0004534,2026-07-01,真言-装饰摆件,1,89.0,0.1,8.9,80.1,37.38,37.38,paid,delivered,True,20260903
ORD-0004534-2,ORD-0004534,2026-07-01,归溟幽灵鲨-通行证,1,39.0,0.0,0.0,39.0,12.48,12.48,paid,delivered,True,20260903
ORD-0004535-1,ORD-0004535,2026-06-09,归溟幽灵鲨-亚克力制品,1,48.0,0.15,7.2,40.8,16.8,16.8,paid,delivered,True,20260903
ORD-0004535-2,ORD-0004535,2026-06-09,Mon3tr-吧唧（徽章）,1,18.0,0.0,0.0,18.0,5.4,5.4,paid,delivered,True,20260903
ORD-0004536-1,ORD-0004536,2026-07-10,谬因-装饰摆件,1,89.0,0.0,0.0,89.0,37.38,37.38,paid,delivered,True,20260903
ORD-0004536-2,ORD-0004536,2026-07-10,新约能天使-亚克力制品,1,48.0,0.0,0.0,48.0,16.8,16.8,paid,delivered,True,20260903
ORD-0004537-1,ORD-0004537,2026-07-22,望-通行证,1,39.0,0.05,1.95,37.05,12.48,12.48,paid,delivered,True,20260903
ORD-0004538-1,ORD-0004538,2026-06-09,酒神-手办模玩,2,699.0,0.0,0.0,1398.0,433.38,866.76,paid,delivered,True,20260903
ORD-0004539-1,ORD-0004539,2026-07-28,死芒-吧唧（徽章）,1,18.0,0.05,0.9,17.1,5.4,5.4,paid,delivered,True,20260903
ORD-0004540-1,ORD-0004540,2026-06-18,真言-亚克力制品,1,48.0,0.0,0.0,48.0,16.8,16.8,paid,delivered,True,20260903
ORD-0004541-1,ORD-0004541,2026-06-09,纯烬艾雅法拉-毛绒玩偶,1,128.0,0.0,0.0,128.0,61.44,61.44,paid,delivered,True,20260903
ORD-0004541-2,ORD-0004541,2026-06-09,新约能天使-毛绒玩偶,1,128.0,0.0,0.0,128.0,61.44,61.44,paid,delivered,True,20260903
ORD-0004541-3,ORD-0004541,2026-06-09,焰狐龙梓兰-装饰摆件,1,89.0,0.0,0.0,89.0,37.38,37.38,paid,delivered,True,20260903
ORD-0004542-1,ORD-0004542,2026-08-08,怒潮凛冬-装饰摆件,1,89.0,0.0,0.0,89.0,37.38,37.38,paid,delivered,True,20260903
ORD-0004542-2,ORD-0004542,2026-08-08,荒芜拉普兰德-装饰摆件,1,89.0,0.0,0.0,89.0,37.38,37.38,paid,delivered,True,20260903
ORD-0004543-1,ORD-0004543,2026-06-06,余-日用生活,1,99.0,0.0,0.0,99.0,45.54,45.54,cancelled,cancelled,True,20260903
ORD-0004544-1,ORD-0004544,2026-06-28,司霆惊蛰-手办模玩,1,699.0,0.05,34.95,664.05,433.38,433.38,paid,delivered,True,20260903
ORD-0004545-1,ORD-0004545,2026-06-16,维娜·维多利亚-吧唧（徽章）,1,18.0,0.1,1.8,16.2,5.4,5.4,paid,delivered,True,20260903
ORD-0004546-1,ORD-0004546,2026-06-28,缄默德克萨斯-吧唧（徽章）,1,18.0,0.0,0.0,18.0,5.4,5.4,paid,delivered,True,20260903
ORD-0004546-2,ORD-0004546,2026-06-28,谬因-吧唧（徽章）,1,18.0,0.0,0.0,18.0,5.4,5.4,paid,delivered,True,20260903
ORD-0004547-1,ORD-0004547,2026-06-17,缪尔赛思-通行证,1,39.0,0.0,0.0,39.0,12.48,12.48,paid,delivered,True,20260903
ORD-0004548-1,ORD-0004548,2026-07-17,重岳-通行证,1,39.0,0.0,0.0,39.0,12.48,12.48,paid,delivered,True,20260903
ORD-0004548-2,ORD-0004548,2026-07-17,斩业星熊-装饰摆件,1,89.0,0.05,4.45,84.55,37.38,37.38,paid,delivered,True,20260903
ORD-0004549-1,ORD-0004549,2026-06-17,Mon3tr-亚克力制品,2,48.0,0.0,0.0,96.0,16.8,33.6,paid,delivered,True,20260903
ORD-0004550-1,ORD-0004550,2026-06-25,维娜·维多利亚-通行证,1,39.0,0.0,0.0,39.0,12.48,12.48,paid,delivered,True,20260903
ORD-0004550-2,ORD-0004550,2026-06-25,缄默德克萨斯-毛绒玩偶,1,128.0,0.0,0.0,128.0,61.44,61.44,paid,delivered,True,20260903
ORD-0004550-3,ORD-0004550,2026-06-25,荒芜拉普兰德-亚克力制品,1,48.0,0.05,2.4,45.6,16.8,16.8,paid,delivered,True,20260903
ORD-0004551-1,ORD-0004551,2026-08-01,望-通行证,2,39.0,0.0,0.0,78.0,12.48,24.96,paid,delivered,True,20260903
ORD-0004552-1,ORD-0004552,2026-06-15,凛御银灰-装饰摆件,1,89.0,0.0,0.0,89.0,37.38,37.38,paid,delivered,True,20260903
ORD-0004553-1,ORD-0004553,2026-07-24,凛御银灰-亚克力制品,1,48.0,0.1,4.8,43.2,16.8,16.8,paid,delivered,True,20260903
ORD-0004554-1,ORD-0004554,2026-06-06,缄默德克萨斯-日用生活,1,99.0,0.0,0.0,99.0,45.54,45.54,paid,delivered,True,20260903
ORD-0004555-1,ORD-0004555,2026-07-08,谬因-吧唧（徽章）,1,18.0,0.0,0.0,18.0,5.4,5.4,paid,delivered,True,20260903
ORD-0004556-1,ORD-0004556,2026-08-08,焰狐龙梓兰-装饰摆件,2,89.0,0.15,26.7,151.3,37.38,74.76,paid,delivered,True,20260903
ORD-0004557-1,ORD-0004557,2026-06-22,娜斯提-日用生活,1,99.0,0.05,4.95,94.05,45.54,45.54,paid,delivered,True,20260903
ORD-0004557-2,ORD-0004557,2026-06-22,予愿安洁莉娜-亚克力制品,1,48.0,0.0,0.0,48.0,16.8,16.8,paid,delivered,True,20260903
ORD-0004558-1,ORD-0004558,2026-08-02,黍-吧唧（徽章）,1,18.0,0.1,1.8,16.2,5.4,5.4,paid,delivered,True,20260903
ORD-0004559-1,ORD-0004559,2026-08-01,酒神-吧唧（徽章）,1,18.0,0.1,1.8,16.2,5.4,5.4,paid,delivered,True,20260903
ORD-0004560-1,ORD-0004560,2026-06-10,荒芜拉普兰德-吧唧（徽章）,1,18.0,0.0,0.0,18.0,5.4,5.4,paid,delivered,True,20260903
ORD-0004561-1,ORD-0004561,2026-07-03,Mon3tr-吧唧（徽章）,1,18.0,0.0,0.0,18.0,5.4,5.4,paid,delivered,True,20260903
ORD-0004562-1,ORD-0004562,2026-07-27,贝洛内-通行证,1,39.0,0.0,0.0,39.0,12.48,12.48,paid,delivered,True,20260903
ORD-0004563-1,ORD-0004563,2026-07-14,黍-亚克力制品,1,48.0,0.0,0.0,48.0,16.8,16.8,paid,delivered,True,20260903
ORD-0004563-2,ORD-0004563,2026-07-14,司霆惊蛰-通行证,1,39.0,0.0,0.0,39.0,12.48,12.48,paid,delivered,True,20260903
ORD-0004564-1,ORD-0004564,2026-06-26,新约能天使-吧唧（徽章）,1,18.0,0.0,0.0,18.0,5.4,5.4,paid,shipped,True,20260903
ORD-0004565-1,ORD-0004565,2026-06-16,归溟幽灵鲨-毛绒玩偶,1,128.0,0.15,19.2,108.8,61.44,61.44,paid,delivered,True,20260903
ORD-0004566-1,ORD-0004566,2026-08-24,斩业星熊-手办模玩,1,699.0,0.15,104.85,594.15,433.38,433.38,paid,delivered,True,20260903
ORD-0004566-2,ORD-0004566,2026-08-24,凛御银灰-吧唧（徽章）,1,18.0,0.0,0.0,18.0,5.4,5.4,paid,delivered,True,20260903
ORD-0004567-1,ORD-0004567,2026-08-18,黍-装饰摆件,1,89.0,0.15,13.35,75.65,37.38,37.38,paid,delivered,True,20260903
ORD-0004568-1,ORD-0004568,2026-08-01,凛御银灰-装饰摆件,1,89.0,0.05,4.45,84.55,37.38,37.38,paid,delivered,True,20260903
ORD-0004569-1,ORD-0004569,2026-07-23,司霆惊蛰-手办模玩,1,699.0,0.0,0.0,699.0,433.38,433.38,paid,delivered,True,20260903
ORD-0004569-2,ORD-0004569,2026-07-23,司霆惊蛰-日用生活,1,99.0,0.0,0.0,99.0,45.54,45.54,paid,delivered,True,20260903
ORD-0004570-1,ORD-0004570,2026-07-11,真言-吧唧（徽章）,1,18.0,0.05,0.9,17.1,5.4,5.4,paid,delivered,True,20260903
ORD-0004570-2,ORD-0004570,2026-07-11,重岳-毛绒玩偶,1,128.0,0.0,0.0,128.0,61.44,61.44,paid,delivered,True,20260903
ORD-0004571-1,ORD-0004571,2026-08-07,黍-通行证,1,39.0,0.0,0.0,39.0,12.48,12.48,paid,delivered,True,20260903
ORD-0004572-1,ORD-0004572,2026-06-14,黍-装饰摆件,1,89.0,0.1,8.9,80.1,37.38,37.38,paid,delivered,True,20260903
ORD-0004572-2,ORD-0004572,2026-06-14,佩佩-毛绒玩偶,1,128.0,0.1,12.8,115.2,61.44,61.44,paid,delivered,True,20260903
ORD-0004573-1,ORD-0004573,2026-06-13,凛御银灰-通行证,1,39.0,0.0,0.0,39.0,12.48,12.48,paid,delivered,True,20260903
ORD-0004573-2,ORD-0004573,2026-06-13,望-亚克力制品,1,48.0,0.05,2.4,45.6,16.8,16.8,paid,delivered,True,20260903
ORD-0004574-1,ORD-0004574,2026-06-18,斩业星熊-手办模玩,1,699.0,0.0,0.0,699.0,433.38,433.38,paid,delivered,True,20260903
ORD-0004575-1,ORD-0004575,2026-06-13,佩佩-通行证,1,39.0,0.1,3.9,35.1,12.48,12.48,paid,delivered,True,20260903
ORD-0004575-2,ORD-0004575,2026-06-13,赤刃明霄陈-亚克力制品,1,48.0,0.15,7.2,40.8,16.8,16.8,paid,delivered,True,20260903
ORD-0004576-1,ORD-0004576,2026-06-27,荒芜拉普兰德-装饰摆件,1,89.0,0.0,0.0,89.0,37.38,37.38,paid,delivered,True,20260903
ORD-0004577-1,ORD-0004577,2026-08-01,予愿安洁莉娜-通行证,1,39.0,0.05,1.95,37.05,12.48,12.48,paid,delivered,True,20260903
ORD-0004578-1,ORD-0004578,2026-06-13,余-装饰摆件,1,89.0,0.0,0.0,89.0,37.38,37.38,paid,delivered,True,20260903
ORD-0004579-1,ORD-0004579,2026-08-14,赤刃明霄陈-装饰摆件,2,89.0,0.0,0.0,178.0,37.38,74.76,paid,delivered,True,20260903
ORD-0004580-1,ORD-0004580,2026-07-24,酒神-吧唧（徽章）,1,18.0,0.1,1.8,16.2,5.4,5.4,paid,delivered,True,20260903
ORD-0004581-1,ORD-0004581,2026-07-01,缄默德克萨斯-装饰摆件,1,89.0,0.05,4.45,84.55,37.38,37.38,paid,delivered,True,20260903
ORD-0004582-1,ORD-0004582,2026-07-23,凛御银灰-吧唧（徽章）,1,18.0,0.1,1.8,16.2,5.4,5.4,paid,delivered,True,20260903
ORD-0004583-1,ORD-0004583,2026-08-03,予愿安洁莉娜-吧唧（徽章）,1,18.0,0.05,0.9,17.1,5.4,5.4,paid,delivered,True,20260903
ORD-0004584-1,ORD-0004584,2026-08-04,余-日用生活,1,99.0,0.05,4.95,94.05,45.54,45.54,paid,delivered,True,20260903
ORD-0004585-1,ORD-0004585,2026-08-08,焰狐龙梓兰-通行证,1,39.0,0.0,0.0,39.0,12.48,12.48,paid,delivered,True,20260903
ORD-0004586-1,ORD-0004586,2026-06-15,贝洛内-手办模玩,1,699.0,0.0,0.0,699.0,433.38,433.38,paid,delivered,True,20260903
ORD-0004587-1,ORD-0004587,2026-08-03,予愿安洁莉娜-日用生活,2,99.0,0.0,0.0,198.0,45.54,91.08,paid,delivered,True,20260903
ORD-0004588-1,ORD-0004588,2026-07-16,赤刃明霄陈-亚克力制品,1,48.0,0.0,0.0,48.0,16.8,16.8,paid,delivered,True,20260903
ORD-0004589-1,ORD-0004589,2026-07-10,死芒-日用生活,1,99.0,0.0,0.0,99.0,45.54,45.54,paid,pending,True,20260903
ORD-0004590-1,ORD-0004590,2026-07-02,黍-毛绒玩偶,2,128.0,0.05,12.8,243.2,61.44,122.88,paid,delivered,True,20260903
ORD-0004591-1,ORD-0004591,2026-07-07,怒潮凛冬-手办模玩,1,699.0,0.1,69.9,629.1,433.38,433.38,paid,delivered,True,20260903
ORD-0004592-1,ORD-0004592,2026-06-18,余-亚克力制品,1,48.0,0.0,0.0,48.0,16.8,16.8,paid,delivered,True,20260903
ORD-0004593-1,ORD-0004593,2026-06-14,凯尔希·思衡托-日用生活,1,99.0,0.0,0.0,99.0,45.54,45.54,paid,delivered,True,20260903
ORD-0004593-2,ORD-0004593,2026-06-14,望-日用生活,1,99.0,0.0,0.0,99.0,45.54,45.54,paid,delivered,True,20260903
ORD-0004594-1,ORD-0004594,2026-06-23,缪尔赛思-吧唧（徽章）,1,18.0,0.0,0.0,18.0,5.4,5.4,paid,delivered,True,20260903
ORD-0004595-1,ORD-0004595,2026-07-23,余-毛绒玩偶,1,128.0,0.15,19.2,108.8,61.44,61.44,paid,delivered,True,20260903
ORD-0004596-1,ORD-0004596,2026-08-23,谬因-手办模玩,1,699.0,0.05,34.95,664.05,433.38,433.38,paid,delivered,True,20260903
ORD-0004597-1,ORD-0004597,2026-06-23,归溟幽灵鲨-吧唧（徽章）,2,18.0,0.0,0.0,36.0,5.4,10.8,paid,delivered,True,20260903
ORD-0004598-1,ORD-0004598,2026-07-26,焰狐龙梓兰-通行证,1,39.0,0.0,0.0,39.0,12.48,12.48,paid,delivered,True,20260903
ORD-0004599-1,ORD-0004599,2026-06-18,荒芜拉普兰德-吧唧（徽章）,1,18.0,0.15,2.7,15.3,5.4,5.4,paid,delivered,True,20260903
ORD-0004600-1,ORD-0004600,2026-07-01,予愿安洁莉娜-毛绒玩偶,1,128.0,0.05,6.4,121.6,61.44,61.44,paid,delivered,True,20260903
ORD-0004601-1,ORD-0004601,2026-06-25,荒芜拉普兰德-日用生活,1,99.0,0.0,0.0,99.0,45.54,45.54,paid,delivered,True,20260903
ORD-0004602-1,ORD-0004602,2026-08-02,结城理-吧唧（徽章）,1,18.0,0.0,0.0,18.0,5.4,5.4,paid,shipped,True,20260903
ORD-0004602-2,ORD-0004602,2026-08-02,怒潮凛冬-日用生活,1,99.0,0.0,0.0,99.0,45.54,45.54,paid,shipped,True,20260903
ORD-0004603-1,ORD-0004603,2026-08-22,佩佩-日用生活,1,99.0,0.0,0.0,99.0,45.54,45.54,paid,delivered,True,20260903
ORD-0004604-1,ORD-0004604,2026-07-02,酒神-吧唧（徽章）,1,18.0,0.0,0.0,18.0,5.4,5.4,paid,delivered,True,20260903
ORD-0004605-1,ORD-0004605,2026-08-12,娜斯提-装饰摆件,1,89.0,0.0,0.0,89.0,37.38,37.38,paid,delivered,True,20260903
ORD-0004606-1,ORD-0004606,2026-06-18,荒芜拉普兰德-日用生活,1,99.0,0.0,0.0,99.0,45.54,45.54,paid,shipped,True,20260903
ORD-0004607-1,ORD-0004607,2026-07-25,维娜·维多利亚-通行证,1,39.0,0.0,0.0,39.0,12.48,12.48,paid,delivered,True,20260903
ORD-0004607-2,ORD-0004607,2026-07-25,凛御银灰-手办模玩,1,699.0,0.0,0.0,699.0,433.38,433.38,paid,delivered,True,20260903
ORD-0004608-1,ORD-0004608,2026-06-17,黍-通行证,1,39.0,0.0,0.0,39.0,12.48,12.48,paid,delivered,True,20260903
ORD-0004608-2,ORD-0004608,2026-06-17,纯烬艾雅法拉-吧唧（徽章）,1,18.0,0.0,0.0,18.0,5.4,5.4,paid,delivered,True,20260903
ORD-0004609-1,ORD-0004609,2026-06-13,凯尔希·思衡托-通行证,1,39.0,0.0,0.0,39.0,12.48,12.48,paid,delivered,True,20260903
ORD-0004610-1,ORD-0004610,2026-07-29,佩佩-装饰摆件,1,89.0,0.15,13.35,75.65,37.38,37.38,paid,delivered,True,20260903
ORD-0004611-1,ORD-0004611,2026-06-19,荒芜拉普兰德-亚克力制品,1,48.0,0.0,0.0,48.0,16.8,16.8,paid,delivered,True,20260903
ORD-0004611-2,ORD-0004611,2026-06-19,娜斯提-吧唧（徽章）,1,18.0,0.15,2.7,15.3,5.4,5.4,paid,delivered,True,20260903
ORD-0004612-1,ORD-0004612,2026-07-26,凯尔希·思衡托-通行证,1,39.0,0.0,0.0,39.0,12.48,12.48,paid,delivered,True,20260903
ORD-0004613-1,ORD-0004613,2026-07-19,真言-亚克力制品,1,48.0,0.1,4.8,43.2,16.8,16.8,paid,delivered,True,20260903
ORD-0004614-1,ORD-0004614,2026-06-19,维娜·维多利亚-手办模玩,1,699.0,0.0,0.0,699.0,433.38,433.38,paid,delivered,True,20260903
ORD-0004615-1,ORD-0004615,2026-08-17,娜斯提-通行证,1,39.0,0.05,1.95,37.05,12.48,12.48,paid,delivered,True,20260903
ORD-0004616-1,ORD-0004616,2026-07-30,Mon3tr-吧唧（徽章）,1,18.0,0.0,0.0,18.0,5.4,5.4,paid,delivered,True,20260903
ORD-0004617-1,ORD-0004617,2026-08-05,缇缇-日用生活,1,99.0,0.05,4.95,94.05,45.54,45.54,paid,delivered,True,20260903
ORD-0004618-1,ORD-0004618,2026-08-21,凯尔希·思衡托-手办模玩,1,699.0,0.0,0.0,699.0,433.38,433.38,paid,delivered,True,20260903
ORD-0004619-1,ORD-0004619,2026-08-03,缇缇-亚克力制品,1,48.0,0.0,0.0,48.0,16.8,16.8,paid,delivered,True,20260903
ORD-0004620-1,ORD-0004620,2026-06-17,结城理-毛绒玩偶,1,128.0,0.0,0.0,128.0,61.44,61.44,paid,delivered,True,20260903
ORD-0004621-1,ORD-0004621,2026-08-22,结城理-装饰摆件,1,89.0,0.0,0.0,89.0,37.38,37.38,paid,delivered,True,20260903
ORD-0004622-1,ORD-0004622,2026-07-06,归溟幽灵鲨-装饰摆件,2,89.0,0.0,0.0,178.0,37.38,74.76,paid,delivered,True,20260903
ORD-0004623-1,ORD-0004623,2026-07-05,维娜·维多利亚-毛绒玩偶,1,128.0,0.0,0.0,128.0,61.44,61.44,paid,delivered,True,20260903
ORD-0004624-1,ORD-0004624,2026-06-03,予愿安洁莉娜-毛绒玩偶,2,128.0,0.1,25.6,230.4,61.44,122.88,paid,delivered,True,20260903
ORD-0004625-1,ORD-0004625,2026-06-05,斩业星熊-手办模玩,1,699.0,0.15,104.85,594.15,433.38,433.38,paid,delivered,True,20260903
ORD-0004626-1,ORD-0004626,2026-06-25,缪尔赛思-日用生活,1,99.0,0.0,0.0,99.0,45.54,45.54,paid,delivered,True,20260903
ORD-0004627-1,ORD-0004627,2026-06-21,缄默德克萨斯-日用生活,1,99.0,0.0,0.0,99.0,45.54,45.54,paid,delivered,True,20260903
ORD-0004628-1,ORD-0004628,2026-08-27,斩业星熊-吧唧（徽章）,1,18.0,0.0,0.0,18.0,5.4,5.4,paid,delivered,True,20260903
ORD-0004628-2,ORD-0004628,2026-08-27,焰狐龙梓兰-装饰摆件,1,89.0,0.1,8.9,80.1,37.38,37.38,paid,delivered,True,20260903
ORD-0004629-1,ORD-0004629,2026-08-05,凯尔希·思衡托-毛绒玩偶,1,128.0,0.0,0.0,128.0,61.44,61.44,paid,delivered,True,20260903
ORD-0004629-2,ORD-0004629,2026-08-05,归溟幽灵鲨-手办模玩,1,699.0,0.0,0.0,699.0,433.38,433.38,paid,delivered,True,20260903
ORD-0004630-1,ORD-0004630,2026-07-26,焰狐龙梓兰-毛绒玩偶,1,128.0,0.0,0.0,128.0,61.44,61.44,paid,delivered,True,20260903
ORD-0004630-2,ORD-0004630,2026-07-26,娜斯提-日用生活,1,99.0,0.0,0.0,99.0,45.54,45.54,paid,delivered,True,20260903
ORD-0004631-1,ORD-0004631,2026-07-23,塑心-手办模玩,1,699.0,0.05,34.95,664.05,433.38,433.38,paid,delivered,True,20260903
ORD-0004631-2,ORD-0004631,2026-07-23,塑心-通行证,1,39.0,0.15,5.85,33.15,12.48,12.48,paid,delivered,True,20260903
ORD-0004631-3,ORD-0004631,2026-07-23,真言-毛绒玩偶,1,128.0,0.0,0.0,128.0,61.44,61.44,paid,delivered,True,20260903
ORD-0004632-1,ORD-0004632,2026-07-04,予愿安洁莉娜-通行证,2,39.0,0.0,0.0,78.0,12.48,24.96,paid,delivered,True,20260903
ORD-0004632-2,ORD-0004632,2026-07-04,酒神-吧唧（徽章）,1,18.0,0.15,2.7,15.3,5.4,5.4,paid,delivered,True,20260903
ORD-0004633-1,ORD-0004633,2026-06-25,予愿安洁莉娜-毛绒玩偶,1,128.0,0.05,6.4,121.6,61.44,61.44,paid,delivered,True,20260903
ORD-0004634-1,ORD-0004634,2026-08-27,死芒-亚克力制品,1,48.0,0.0,0.0,48.0,16.8,16.8,paid,delivered,True,20260903
ORD-0004635-1,ORD-0004635,2026-06-17,予愿安洁莉娜-亚克力制品,1,48.0,0.05,2.4,45.6,16.8,16.8,paid,delivered,True,20260903
ORD-0004636-1,ORD-0004636,2026-08-21,斩业星熊-通行证,1,39.0,0.0,0.0,39.0,12.48,12.48,paid,delivered,True,20260903
ORD-0004637-1,ORD-0004637,2026-06-09,纯烬艾雅法拉-手办模玩,1,699.0,0.0,0.0,699.0,433.38,433.38,paid,delivered,True,20260903
ORD-0004638-1,ORD-0004638,2026-08-21,维娜·维多利亚-装饰摆件,1,89.0,0.0,0.0,89.0,37.38,37.38,paid,pending,True,20260903
ORD-0004639-1,ORD-0004639,2026-07-13,缇缇-亚克力制品,1,48.0,0.05,2.4,45.6,16.8,16.8,paid,delivered,True,20260903
ORD-0004640-1,ORD-0004640,2026-08-22,焰狐龙梓兰-装饰摆件,1,89.0,0.05,4.45,84.55,37.38,37.38,paid,delivered,True,20260903
ORD-0004640-2,ORD-0004640,2026-08-22,凛御银灰-毛绒玩偶,1,128.0,0.05,6.4,121.6,61.44,61.44,paid,delivered,True,20260903
ORD-0004641-1,ORD-0004641,2026-07-16,死芒-手办模玩,1,699.0,0.0,0.0,699.0,433.38,433.38,paid,delivered,True,20260903
ORD-0004642-1,ORD-0004642,2026-08-01,死芒-吧唧（徽章）,1,18.0,0.0,0.0,18.0,5.4,5.4,paid,delivered,True,20260903
ORD-0004642-2,ORD-0004642,2026-08-01,缪尔赛思-日用生活,1,99.0,0.0,0.0,99.0,45.54,45.54,paid,delivered,True,20260903
ORD-0004642-3,ORD-0004642,2026-08-01,塑心-日用生活,1,99.0,0.1,9.9,89.1,45.54,45.54,paid,delivered,True,20260903
ORD-0004643-1,ORD-0004643,2026-08-18,真言-手办模玩,1,699.0,0.05,34.95,664.05,433.38,433.38,paid,delivered,True,20260903
ORD-0004644-1,ORD-0004644,2026-08-05,结城理-毛绒玩偶,1,128.0,0.0,0.0,128.0,61.44,61.44,paid,delivered,True,20260903
ORD-0004644-2,ORD-0004644,2026-08-05,贝洛内-通行证,1,39.0,0.0,0.0,39.0,12.48,12.48,paid,delivered,True,20260903
ORD-0004645-1,ORD-0004645,2026-07-30,娜斯提-手办模玩,1,699.0,0.0,0.0,699.0,433.38,433.38,cancelled,cancelled,True,20260903
ORD-0004645-2,ORD-0004645,2026-07-30,焰狐龙梓兰-手办模玩,1,699.0,0.0,0.0,699.0,433.38,433.38,cancelled,cancelled,True,20260903
ORD-0004646-1,ORD-0004646,2026-07-25,怒潮凛冬-手办模玩,1,699.0,0.05,34.95,664.05,433.38,433.38,paid,shipped,True,20260903
ORD-0004647-1,ORD-0004647,2026-08-01,真言-亚克力制品,2,48.0,0.0,0.0,96.0,16.8,33.6,paid,delivered,True,20260903
ORD-0004648-1,ORD-0004648,2026-07-19,Mon3tr-吧唧（徽章）,1,18.0,0.1,1.8,16.2,5.4,5.4,paid,delivered,True,20260903
ORD-0004648-2,ORD-0004648,2026-07-19,新约能天使-毛绒玩偶,1,128.0,0.0,0.0,128.0,61.44,61.44,paid,delivered,True,20260903
ORD-0004648-3,ORD-0004648,2026-07-19,维娜·维多利亚-日用生活,2,99.0,0.0,0.0,198.0,45.54,91.08,paid,delivered,True,20260903
ORD-0004649-1,ORD-0004649,2026-06-10,重岳-毛绒玩偶,1,128.0,0.0,0.0,128.0,61.44,61.44,paid,delivered,True,20260903
ORD-0004650-1,ORD-0004650,2026-07-13,Mon3tr-装饰摆件,1,89.0,0.0,0.0,89.0,37.38,37.38,paid,delivered,True,20260903
ORD-0004651-1,ORD-0004651,2026-08-01,归溟幽灵鲨-通行证,1,39.0,0.0,0.0,39.0,12.48,12.48,paid,delivered,True,20260903
ORD-0004652-1,ORD-0004652,2026-07-09,归溟幽灵鲨-手办模玩,1,699.0,0.0,0.0,699.0,433.38,433.38,paid,delivered,True,20260903
ORD-0004653-1,ORD-0004653,2026-06-09,凯尔希·思衡托-吧唧（徽章）,1,18.0,0.0,0.0,18.0,5.4,5.4,paid,delivered,True,20260903
ORD-0004654-1,ORD-0004654,2026-07-05,予愿安洁莉娜-亚克力制品,1,48.0,0.0,0.0,48.0,16.8,16.8,paid,delivered,True,20260903
ORD-0004655-1,ORD-0004655,2026-07-05,结城理-毛绒玩偶,1,128.0,0.0,0.0,128.0,61.44,61.44,paid,delivered,True,20260903
ORD-0004656-1,ORD-0004656,2026-07-19,缄默德克萨斯-日用生活,1,99.0,0.0,0.0,99.0,45.54,45.54,paid,pending,True,20260903
ORD-0004657-1,ORD-0004657,2026-07-25,焰狐龙梓兰-通行证,1,39.0,0.0,0.0,39.0,12.48,12.48,paid,pending,True,20260903
ORD-0004658-1,ORD-0004658,2026-08-20,纯烬艾雅法拉-吧唧（徽章）,1,18.0,0.0,0.0,18.0,5.4,5.4,paid,delivered,True,20260903
ORD-0004659-1,ORD-0004659,2026-07-04,结城理-日用生活,1,99.0,0.0,0.0,99.0,45.54,45.54,paid,delivered,True,20260903
ORD-0004660-1,ORD-0004660,2026-06-23,纯烬艾雅法拉-通行证,1,39.0,0.0,0.0,39.0,12.48,12.48,paid,delivered,True,20260903
ORD-0004661-1,ORD-0004661,2026-06-22,纯烬艾雅法拉-日用生活,1,99.0,0.1,9.9,89.1,45.54,45.54,paid,delivered,True,20260903
ORD-0004662-1,ORD-0004662,2026-06-08,焰狐龙梓兰-手办模玩,1,699.0,0.1,69.9,629.1,433.38,433.38,paid,delivered,True,20260903
ORD-0004662-2,ORD-0004662,2026-06-08,谬因-日用生活,1,99.0,0.05,4.95,94.05,45.54,45.54,paid,delivered,True,20260903
ORD-0004663-1,ORD-0004663,2026-07-15,娜斯提-手办模玩,1,699.0,0.1,69.9,629.1,433.38,433.38,paid,delivered,True,20260903
ORD-0004664-1,ORD-0004664,2026-06-25,纯烬艾雅法拉-亚克力制品,1,48.0,0.0,0.0,48.0,16.8,16.8,paid,delivered,True,20260903
ORD-0004664-2,ORD-0004664,2026-06-25,司霆惊蛰-亚克力制品,1,48.0,0.15,7.2,40.8,16.8,16.8,paid,delivered,True,20260903
ORD-0004665-1,ORD-0004665,2026-06-14,怒潮凛冬-日用生活,1,99.0,0.0,0.0,99.0,45.54,45.54,paid,delivered,True,20260903
ORD-0004666-1,ORD-0004666,2026-08-05,贝洛内-吧唧（徽章）,1,18.0,0.1,1.8,16.2,5.4,5.4,paid,delivered,True,20260903
ORD-0004667-1,ORD-0004667,2026-07-23,佩佩-吧唧（徽章）,1,18.0,0.1,1.8,16.2,5.4,5.4,paid,delivered,True,20260903
ORD-0004667-2,ORD-0004667,2026-07-23,凯尔希·思衡托-通行证,2,39.0,0.1,7.8,70.2,12.48,24.96,paid,delivered,True,20260903
ORD-0004668-1,ORD-0004668,2026-06-17,缇缇-吧唧（徽章）,1,18.0,0.0,0.0,18.0,5.4,5.4,paid,delivered,True,20260903
ORD-0004669-1,ORD-0004669,2026-06-10,维娜·维多利亚-手办模玩,1,699.0,0.0,0.0,699.0,433.38,433.38,paid,delivered,True,20260903
ORD-0004669-2,ORD-0004669,2026-06-10,凯尔希·思衡托-日用生活,1,99.0,0.0,0.0,99.0,45.54,45.54,paid,delivered,True,20260903
ORD-0004670-1,ORD-0004670,2026-06-19,结城理-装饰摆件,1,89.0,0.05,4.45,84.55,37.38,37.38,paid,delivered,True,20260903
ORD-0004671-1,ORD-0004671,2026-07-16,缪尔赛思-亚克力制品,1,48.0,0.0,0.0,48.0,16.8,16.8,paid,delivered,True,20260903
ORD-0004672-1,ORD-0004672,2026-08-03,凛御银灰-亚克力制品,1,48.0,0.0,0.0,48.0,16.8,16.8,paid,delivered,True,20260903
ORD-0004673-1,ORD-0004673,2026-08-22,佩佩-亚克力制品,2,48.0,0.15,14.4,81.6,16.8,33.6,paid,delivered,True,20260903
ORD-0004673-2,ORD-0004673,2026-08-22,凯尔希·思衡托-装饰摆件,1,89.0,0.0,0.0,89.0,37.38,37.38,paid,delivered,True,20260903
ORD-0004673-3,ORD-0004673,2026-08-22,死芒-日用生活,3,99.0,0.1,29.7,267.3,45.54,136.62,paid,delivered,True,20260903
ORD-0004674-1,ORD-0004674,2026-08-24,谬因-吧唧（徽章）,1,18.0,0.0,0.0,18.0,5.4,5.4,paid,delivered,True,20260903
ORD-0004675-1,ORD-0004675,2026-06-20,焰狐龙梓兰-装饰摆件,1,89.0,0.0,0.0,89.0,37.38,37.38,paid,delivered,True,20260903
ORD-0004675-2,ORD-0004675,2026-06-20,真言-手办模玩,1,699.0,0.05,34.95,664.05,433.38,433.38,paid,delivered,True,20260903
ORD-0004676-1,ORD-0004676,2026-06-09,维娜·维多利亚-吧唧（徽章）,1,18.0,0.1,1.8,16.2,5.4,5.4,paid,delivered,True,20260903
ORD-0004676-2,ORD-0004676,2026-06-09,维娜·维多利亚-亚克力制品,1,48.0,0.0,0.0,48.0,16.8,16.8,paid,delivered,True,20260903
ORD-0004677-1,ORD-0004677,2026-08-04,缄默德克萨斯-日用生活,1,99.0,0.0,0.0,99.0,45.54,45.54,paid,delivered,True,20260903
ORD-0004678-1,ORD-0004678,2026-06-28,结城理-亚克力制品,1,48.0,0.0,0.0,48.0,16.8,16.8,paid,delivered,True,20260903
ORD-0004679-1,ORD-0004679,2026-08-08,予愿安洁莉娜-通行证,1,39.0,0.0,0.0,39.0,12.48,12.48,paid,delivered,True,20260903
ORD-0004680-1,ORD-0004680,2026-07-15,余-日用生活,2,99.0,0.0,0.0,198.0,45.54,91.08,paid,delivered,True,20260903
ORD-0004681-1,ORD-0004681,2026-07-30,Mon3tr-装饰摆件,2,89.0,0.1,17.8,160.2,37.38,74.76,paid,delivered,True,20260903
ORD-0004682-1,ORD-0004682,2026-08-01,真言-装饰摆件,1,89.0,0.15,13.35,75.65,37.38,37.38,paid,delivered,True,20260903
ORD-0004683-1,ORD-0004683,2026-08-28,凛御银灰-日用生活,1,99.0,0.0,0.0,99.0,45.54,45.54,paid,delivered,True,20260903
ORD-0004684-1,ORD-0004684,2026-06-27,缇缇-亚克力制品,1,48.0,0.1,4.8,43.2,16.8,16.8,paid,delivered,True,20260903
ORD-0004684-2,ORD-0004684,2026-06-27,维娜·维多利亚-吧唧（徽章）,1,18.0,0.05,0.9,17.1,5.4,5.4,paid,delivered,True,20260903
ORD-0004685-1,ORD-0004685,2026-07-30,纯烬艾雅法拉-吧唧（徽章）,1,18.0,0.1,1.8,16.2,5.4,5.4,paid,delivered,True,20260903
ORD-0004686-1,ORD-0004686,2026-07-31,死芒-装饰摆件,2,89.0,0.0,0.0,178.0,37.38,74.76,paid,delivered,True,20260903
ORD-0004686-2,ORD-0004686,2026-07-31,怒潮凛冬-日用生活,1,99.0,0.0,0.0,99.0,45.54,45.54,paid,delivered,True,20260903
ORD-0004687-1,ORD-0004687,2026-06-21,新约能天使-手办模玩,1,699.0,0.05,34.95,664.05,433.38,433.38,paid,delivered,True,20260903
ORD-0004688-1,ORD-0004688,2026-06-29,黍-手办模玩,1,699.0,0.0,0.0,699.0,433.38,433.38,paid,pending,True,20260903
ORD-0004689-1,ORD-0004689,2026-06-05,斩业星熊-毛绒玩偶,1,128.0,0.0,0.0,128.0,61.44,61.44,paid,delivered,True,20260903
ORD-0004690-1,ORD-0004690,2026-07-12,黍-毛绒玩偶,1,128.0,0.0,0.0,128.0,61.44,61.44,paid,delivered,True,20260903
ORD-0004691-1,ORD-0004691,2026-06-02,凯尔希·思衡托-吧唧（徽章）,1,18.0,0.15,2.7,15.3,5.4,5.4,paid,delivered,True,20260903
ORD-0004692-1,ORD-0004692,2026-08-15,凯尔希·思衡托-装饰摆件,1,89.0,0.0,0.0,89.0,37.38,37.38,paid,delivered,True,20260903
ORD-0004693-1,ORD-0004693,2026-06-20,望-通行证,1,39.0,0.0,0.0,39.0,12.48,12.48,paid,delivered,True,20260903
ORD-0004693-2,ORD-0004693,2026-06-20,凛御银灰-毛绒玩偶,1,128.0,0.0,0.0,128.0,61.44,61.44,paid,delivered,True,20260903
ORD-0004693-3,ORD-0004693,2026-06-20,予愿安洁莉娜-手办模玩,2,699.0,0.1,139.8,1258.2,433.38,866.76,paid,delivered,True,20260903
ORD-0004694-1,ORD-0004694,2026-07-31,斩业星熊-日用生活,1,99.0,0.0,0.0,99.0,45.54,45.54,paid,delivered,True,20260903
ORD-0004695-1,ORD-0004695,2026-06-08,塑心-毛绒玩偶,1,128.0,0.05,6.4,121.6,61.44,61.44,paid,delivered,True,20260903
ORD-0004696-1,ORD-0004696,2026-07-12,维娜·维多利亚-通行证,1,39.0,0.1,3.9,35.1,12.48,12.48,paid,delivered,True,20260903
ORD-0004697-1,ORD-0004697,2026-08-06,焰狐龙梓兰-手办模玩,1,699.0,0.0,0.0,699.0,433.38,433.38,paid,delivered,True,20260903
ORD-0004697-2,ORD-0004697,2026-08-06,荒芜拉普兰德-毛绒玩偶,1,128.0,0.0,0.0,128.0,61.44,61.44,paid,delivered,True,20260903
ORD-0004697-3,ORD-0004697,2026-08-06,纯烬艾雅法拉-日用生活,1,99.0,0.0,0.0,99.0,45.54,45.54,paid,delivered,True,20260903
ORD-0004698-1,ORD-0004698,2026-08-19,谬因-装饰摆件,1,89.0,0.0,0.0,89.0,37.38,37.38,paid,delivered,True,20260903
ORD-0004699-1,ORD-0004699,2026-08-22,死芒-手办模玩,1,699.0,0.15,104.85,594.15,433.38,433.38,paid,delivered,True,20260903
ORD-0004700-1,ORD-0004700,2026-07-26,怒潮凛冬-吧唧（徽章）,1,18.0,0.0,0.0,18.0,5.4,5.4,paid,delivered,True,20260903
ORD-0004701-1,ORD-0004701,2026-08-15,贝洛内-毛绒玩偶,2,128.0,0.0,0.0,256.0,61.44,122.88,paid,delivered,True,20260903
ORD-0004702-1,ORD-0004702,2026-08-26,缪尔赛思-装饰摆件,1,89.0,0.0,0.0,89.0,37.38,37.38,paid,delivered,True,20260903
ORD-0004703-1,ORD-0004703,2026-08-05,重岳-吧唧（徽章）,2,18.0,0.1,3.6,32.4,5.4,10.8,paid,delivered,True,20260903
ORD-0004704-1,ORD-0004704,2026-06-10,荒芜拉普兰德-装饰摆件,1,89.0,0.05,4.45,84.55,37.38,37.38,paid,delivered,True,20260903
ORD-0004704-2,ORD-0004704,2026-06-10,贝洛内-亚克力制品,1,48.0,0.05,2.4,45.6,16.8,16.8,paid,delivered,True,20260903
ORD-0004705-1,ORD-0004705,2026-07-08,缪尔赛思-日用生活,1,99.0,0.0,0.0,99.0,45.54,45.54,paid,delivered,True,20260903
ORD-0004706-1,ORD-0004706,2026-06-22,怒潮凛冬-装饰摆件,1,89.0,0.0,0.0,89.0,37.38,37.38,paid,delivered,True,20260903
ORD-0004706-2,ORD-0004706,2026-06-22,维娜·维多利亚-装饰摆件,1,89.0,0.1,8.9,80.1,37.38,37.38,paid,delivered,True,20260903
ORD-0004707-1,ORD-0004707,2026-06-18,凯尔希·思衡托-亚克力制品,1,48.0,0.0,0.0,48.0,16.8,16.8,paid,delivered,True,20260903
ORD-0004708-1,ORD-0004708,2026-08-02,新约能天使-手办模玩,1,699.0,0.0,0.0,699.0,433.38,433.38,paid,delivered,True,20260903
ORD-0004709-1,ORD-0004709,2026-06-14,怒潮凛冬-通行证,1,39.0,0.05,1.95,37.05,12.48,12.48,paid,shipped,True,20260903
ORD-0004710-1,ORD-0004710,2026-08-17,赤刃明霄陈-日用生活,1,99.0,0.1,9.9,89.1,45.54,45.54,paid,delivered,True,20260903
ORD-0004711-1,ORD-0004711,2026-07-25,Mon3tr-亚克力制品,1,48.0,0.0,0.0,48.0,16.8,16.8,paid,delivered,True,20260903
ORD-0004712-1,ORD-0004712,2026-07-05,归溟幽灵鲨-吧唧（徽章）,1,18.0,0.1,1.8,16.2,5.4,5.4,paid,delivered,True,20260903
ORD-0004713-1,ORD-0004713,2026-07-08,凛御银灰-日用生活,1,99.0,0.0,0.0,99.0,45.54,45.54,paid,delivered,True,20260903
ORD-0004714-1,ORD-0004714,2026-07-22,贝洛内-亚克力制品,1,48.0,0.0,0.0,48.0,16.8,16.8,paid,delivered,True,20260903
ORD-0004715-1,ORD-0004715,2026-08-10,塑心-亚克力制品,1,48.0,0.1,4.8,43.2,16.8,16.8,paid,delivered,True,20260903
ORD-0004715-2,ORD-0004715,2026-08-10,斩业星熊-手办模玩,1,699.0,0.05,34.95,664.05,433.38,433.38,paid,delivered,True,20260903
ORD-0004716-1,ORD-0004716,2026-06-28,归溟幽灵鲨-手办模玩,2,699.0,0.0,0.0,1398.0,433.38,866.76,paid,delivered,True,20260903
ORD-0004717-1,ORD-0004717,2026-06-21,荒芜拉普兰德-亚克力制品,1,48.0,0.1,4.8,43.2,16.8,16.8,paid,delivered,True,20260903
ORD-0004718-1,ORD-0004718,2026-07-21,缄默德克萨斯-装饰摆件,1,89.0,0.1,8.9,80.1,37.38,37.38,paid,delivered,True,20260903
ORD-0004719-1,ORD-0004719,2026-07-06,焰狐龙梓兰-通行证,1,39.0,0.05,1.95,37.05,12.48,12.48,paid,delivered,True,20260903
ORD-0004720-1,ORD-0004720,2026-06-19,结城理-通行证,1,39.0,0.0,0.0,39.0,12.48,12.48,cancelled,cancelled,True,20260903
ORD-0004721-1,ORD-0004721,2026-08-22,予愿安洁莉娜-通行证,1,39.0,0.0,0.0,39.0,12.48,12.48,paid,delivered,True,20260903
ORD-0004722-1,ORD-0004722,2026-07-30,死芒-毛绒玩偶,1,128.0,0.05,6.4,121.6,61.44,61.44,paid,delivered,True,20260903
ORD-0004722-2,ORD-0004722,2026-07-30,死芒-吧唧（徽章）,1,18.0,0.0,0.0,18.0,5.4,5.4,paid,delivered,True,20260903
ORD-0004723-1,ORD-0004723,2026-07-07,荒芜拉普兰德-毛绒玩偶,1,128.0,0.1,12.8,115.2,61.44,61.44,paid,delivered,True,20260903
ORD-0004724-1,ORD-0004724,2026-06-20,死芒-毛绒玩偶,1,128.0,0.1,12.8,115.2,61.44,61.44,paid,delivered,True,20260903
ORD-0004725-1,ORD-0004725,2026-07-20,贝洛内-手办模玩,1,699.0,0.05,34.95,664.05,433.38,433.38,paid,delivered,True,20260903
ORD-0004726-1,ORD-0004726,2026-08-07,凛御银灰-吧唧（徽章）,1,18.0,0.05,0.9,17.1,5.4,5.4,paid,delivered,True,20260903
ORD-0004726-2,ORD-0004726,2026-08-07,纯烬艾雅法拉-装饰摆件,1,89.0,0.1,8.9,80.1,37.38,37.38,paid,delivered,True,20260903
ORD-0004727-1,ORD-0004727,2026-07-25,斩业星熊-吧唧（徽章）,1,18.0,0.05,0.9,17.1,5.4,5.4,cancelled,cancelled,True,20260903
ORD-0004728-1,ORD-0004728,2026-08-21,真言-毛绒玩偶,1,128.0,0.0,0.0,128.0,61.44,61.44,paid,delivered,True,20260903
ORD-0004729-1,ORD-0004729,2026-06-24,怒潮凛冬-吧唧（徽章）,1,18.0,0.05,0.9,17.1,5.4,5.4,cancelled,cancelled,True,20260903
ORD-0004729-2,ORD-0004729,2026-06-24,贝洛内-通行证,1,39.0,0.05,1.95,37.05,12.48,12.48,cancelled,cancelled,True,20260903
ORD-0004730-1,ORD-0004730,2026-07-25,予愿安洁莉娜-日用生活,1,99.0,0.0,0.0,99.0,45.54,45.54,paid,delivered,True,20260903
ORD-0004730-2,ORD-0004730,2026-07-25,荒芜拉普兰德-手办模玩,1,699.0,0.05,34.95,664.05,433.38,433.38,paid,delivered,True,20260903
ORD-0004731-1,ORD-0004731,2026-07-16,真言-手办模玩,1,699.0,0.15,104.85,594.15,433.38,433.38,paid,delivered,True,20260903
ORD-0004732-1,ORD-0004732,2026-06-13,娜斯提-日用生活,1,99.0,0.1,9.9,89.1,45.54,45.54,paid,delivered,True,20260903
ORD-0004733-1,ORD-0004733,2026-08-06,焰狐龙梓兰-手办模玩,1,699.0,0.1,69.9,629.1,433.38,433.38,paid,delivered,True,20260903
ORD-0004733-2,ORD-0004733,2026-08-06,新约能天使-吧唧（徽章）,2,18.0,0.05,1.8,34.2,5.4,10.8,paid,delivered,True,20260903
ORD-0004734-1,ORD-0004734,2026-07-29,斩业星熊-吧唧（徽章）,1,18.0,0.1,1.8,16.2,5.4,5.4,paid,delivered,True,20260903
ORD-0004735-1,ORD-0004735,2026-08-10,新约能天使-手办模玩,1,699.0,0.05,34.95,664.05,433.38,433.38,paid,delivered,True,20260903
ORD-0004736-1,ORD-0004736,2026-08-08,缄默德克萨斯-日用生活,1,99.0,0.0,0.0,99.0,45.54,45.54,paid,delivered,True,20260903
ORD-0004737-1,ORD-0004737,2026-07-22,维娜·维多利亚-手办模玩,1,699.0,0.1,69.9,629.1,433.38,433.38,paid,delivered,True,20260903
ORD-0004738-1,ORD-0004738,2026-06-23,维娜·维多利亚-通行证,1,39.0,0.05,1.95,37.05,12.48,12.48,paid,delivered,True,20260903
ORD-0004739-1,ORD-0004739,2026-06-17,谬因-吧唧（徽章）,1,18.0,0.0,0.0,18.0,5.4,5.4,paid,delivered,True,20260903
ORD-0004740-1,ORD-0004740,2026-06-16,缄默德克萨斯-亚克力制品,1,48.0,0.0,0.0,48.0,16.8,16.8,paid,delivered,True,20260903
ORD-0004741-1,ORD-0004741,2026-06-28,斩业星熊-装饰摆件,1,89.0,0.05,4.45,84.55,37.38,37.38,paid,delivered,True,20260903
ORD-0004742-1,ORD-0004742,2026-06-20,佩佩-亚克力制品,1,48.0,0.0,0.0,48.0,16.8,16.8,paid,shipped,True,20260903
ORD-0004743-1,ORD-0004743,2026-06-17,维娜·维多利亚-手办模玩,1,699.0,0.05,34.95,664.05,433.38,433.38,paid,delivered,True,20260903
ORD-0004743-2,ORD-0004743,2026-06-17,新约能天使-吧唧（徽章）,1,18.0,0.0,0.0,18.0,5.4,5.4,paid,delivered,True,20260903
ORD-0004743-3,ORD-0004743,2026-06-17,凯尔希·思衡托-装饰摆件,2,89.0,0.0,0.0,178.0,37.38,74.76,paid,delivered,True,20260903
ORD-0004744-1,ORD-0004744,2026-07-14,黍-通行证,1,39.0,0.1,3.9,35.1,12.48,12.48,paid,delivered,True,20260903
ORD-0004745-1,ORD-0004745,2026-07-14,塑心-毛绒玩偶,1,128.0,0.0,0.0,128.0,61.44,61.44,paid,delivered,True,20260903
ORD-0004746-1,ORD-0004746,2026-06-18,纯烬艾雅法拉-装饰摆件,1,89.0,0.0,0.0,89.0,37.38,37.38,paid,shipped,True,20260903
ORD-0004747-1,ORD-0004747,2026-06-26,赤刃明霄陈-吧唧（徽章）,1,18.0,0.0,0.0,18.0,5.4,5.4,paid,delivered,True,20260903
ORD-0004747-2,ORD-0004747,2026-06-26,凛御银灰-日用生活,2,99.0,0.0,0.0,198.0,45.54,91.08,paid,delivered,True,20260903
ORD-0004748-1,ORD-0004748,2026-08-04,归溟幽灵鲨-日用生活,1,99.0,0.05,4.95,94.05,45.54,45.54,paid,delivered,True,20260903
ORD-0004749-1,ORD-0004749,2026-06-21,予愿安洁莉娜-日用生活,1,99.0,0.1,9.9,89.1,45.54,45.54,paid,delivered,True,20260903
ORD-0004750-1,ORD-0004750,2026-07-01,塑心-吧唧（徽章）,2,18.0,0.1,3.6,32.4,5.4,10.8,paid,delivered,True,20260903
ORD-0004750-2,ORD-0004750,2026-07-01,纯烬艾雅法拉-装饰摆件,1,89.0,0.0,0.0,89.0,37.38,37.38,paid,delivered,True,20260903
ORD-0004751-1,ORD-0004751,2026-08-01,焰狐龙梓兰-日用生活,2,99.0,0.05,9.9,188.1,45.54,91.08,paid,delivered,True,20260903
ORD-0004751-2,ORD-0004751,2026-08-01,纯烬艾雅法拉-毛绒玩偶,1,128.0,0.0,0.0,128.0,61.44,61.44,paid,delivered,True,20260903
ORD-0004752-1,ORD-0004752,2026-07-25,焰狐龙梓兰-吧唧（徽章）,1,18.0,0.0,0.0,18.0,5.4,5.4,paid,delivered,True,20260903
ORD-0004753-1,ORD-0004753,2026-08-24,怒潮凛冬-毛绒玩偶,1,128.0,0.0,0.0,128.0,61.44,61.44,paid,delivered,True,20260903
ORD-0004754-1,ORD-0004754,2026-08-11,结城理-亚克力制品,1,48.0,0.05,2.4,45.6,16.8,16.8,paid,delivered,True,20260903
ORD-0004755-1,ORD-0004755,2026-07-27,缪尔赛思-亚克力制品,1,48.0,0.05,2.4,45.6,16.8,16.8,paid,delivered,True,20260903
ORD-0004756-1,ORD-0004756,2026-06-15,维娜·维多利亚-吧唧（徽章）,1,18.0,0.1,1.8,16.2,5.4,5.4,paid,delivered,True,20260903
ORD-0004757-1,ORD-0004757,2026-08-18,怒潮凛冬-日用生活,1,99.0,0.05,4.95,94.05,45.54,45.54,paid,delivered,True,20260903
ORD-0004757-2,ORD-0004757,2026-08-18,真言-亚克力制品,1,48.0,0.0,0.0,48.0,16.8,16.8,paid,delivered,True,20260903
ORD-0004758-1,ORD-0004758,2026-06-19,黍-毛绒玩偶,1,128.0,0.05,6.4,121.6,61.44,61.44,paid,delivered,True,20260903
ORD-0004759-1,ORD-0004759,2026-08-11,司霆惊蛰-通行证,1,39.0,0.0,0.0,39.0,12.48,12.48,paid,delivered,True,20260903
ORD-0004759-2,ORD-0004759,2026-08-11,荒芜拉普兰德-毛绒玩偶,1,128.0,0.1,12.8,115.2,61.44,61.44,paid,delivered,True,20260903
ORD-0004760-1,ORD-0004760,2026-06-18,怒潮凛冬-毛绒玩偶,1,128.0,0.0,0.0,128.0,61.44,61.44,paid,delivered,True,20260903
ORD-0004760-2,ORD-0004760,2026-06-18,重岳-毛绒玩偶,1,128.0,0.0,0.0,128.0,61.44,61.44,paid,delivered,True,20260903
ORD-0004761-1,ORD-0004761,2026-07-25,贝洛内-手办模玩,1,699.0,0.0,0.0,699.0,433.38,433.38,paid,delivered,True,20260903
ORD-0004762-1,ORD-0004762,2026-07-27,缇缇-亚克力制品,1,48.0,0.0,0.0,48.0,16.8,16.8,paid,delivered,True,20260903
ORD-0004763-1,ORD-0004763,2026-07-16,望-吧唧（徽章）,1,18.0,0.05,0.9,17.1,5.4,5.4,paid,delivered,True,20260903
ORD-0004763-2,ORD-0004763,2026-07-16,焰狐龙梓兰-通行证,1,39.0,0.05,1.95,37.05,12.48,12.48,paid,delivered,True,20260903
ORD-0004764-1,ORD-0004764,2026-07-06,缄默德克萨斯-毛绒玩偶,2,128.0,0.0,0.0,256.0,61.44,122.88,paid,delivered,True,20260903
ORD-0004765-1,ORD-0004765,2026-06-08,斩业星熊-吧唧（徽章）,1,18.0,0.0,0.0,18.0,5.4,5.4,cancelled,cancelled,True,20260903
ORD-0004766-1,ORD-0004766,2026-07-25,赤刃明霄陈-日用生活,1,99.0,0.1,9.9,89.1,45.54,45.54,paid,delivered,True,20260903
ORD-0004766-2,ORD-0004766,2026-07-25,归溟幽灵鲨-通行证,1,39.0,0.0,0.0,39.0,12.48,12.48,paid,delivered,True,20260903
ORD-0004767-1,ORD-0004767,2026-08-07,予愿安洁莉娜-装饰摆件,1,89.0,0.0,0.0,89.0,37.38,37.38,paid,delivered,True,20260903
ORD-0004768-1,ORD-0004768,2026-07-18,黍-日用生活,1,99.0,0.05,4.95,94.05,45.54,45.54,paid,delivered,True,20260903
ORD-0004769-1,ORD-0004769,2026-06-21,缄默德克萨斯-亚克力制品,1,48.0,0.0,0.0,48.0,16.8,16.8,paid,delivered,True,20260903
ORD-0004770-1,ORD-0004770,2026-08-11,真言-日用生活,1,99.0,0.05,4.95,94.05,45.54,45.54,paid,delivered,True,20260903
ORD-0004771-1,ORD-0004771,2026-06-21,凯尔希·思衡托-亚克力制品,1,48.0,0.0,0.0,48.0,16.8,16.8,paid,delivered,True,20260903
ORD-0004771-2,ORD-0004771,2026-06-21,Mon3tr-亚克力制品,1,48.0,0.0,0.0,48.0,16.8,16.8,paid,delivered,True,20260903
ORD-0004772-1,ORD-0004772,2026-08-06,死芒-毛绒玩偶,1,128.0,0.0,0.0,128.0,61.44,61.44,paid,delivered,True,20260903
ORD-0004773-1,ORD-0004773,2026-08-21,归溟幽灵鲨-装饰摆件,1,89.0,0.05,4.45,84.55,37.38,37.38,paid,delivered,True,20260903
ORD-0004774-1,ORD-0004774,2026-07-12,酒神-装饰摆件,1,89.0,0.1,8.9,80.1,37.38,37.38,paid,delivered,True,20260903
ORD-0004775-1,ORD-0004775,2026-06-18,予愿安洁莉娜-毛绒玩偶,1,128.0,0.05,6.4,121.6,61.44,61.44,paid,delivered,True,20260903
ORD-0004776-1,ORD-0004776,2026-08-09,贝洛内-吧唧（徽章）,1,18.0,0.0,0.0,18.0,5.4,5.4,paid,delivered,True,20260903
ORD-0004776-2,ORD-0004776,2026-08-09,维娜·维多利亚-装饰摆件,1,89.0,0.0,0.0,89.0,37.38,37.38,paid,delivered,True,20260903
ORD-0004777-1,ORD-0004777,2026-08-15,余-吧唧（徽章）,1,18.0,0.0,0.0,18.0,5.4,5.4,paid,delivered,True,20260903
ORD-0004778-1,ORD-0004778,2026-08-19,焰狐龙梓兰-装饰摆件,1,89.0,0.0,0.0,89.0,37.38,37.38,paid,shipped,True,20260903
ORD-0004779-1,ORD-0004779,2026-08-20,纯烬艾雅法拉-通行证,1,39.0,0.05,1.95,37.05,12.48,12.48,paid,delivered,True,20260903
ORD-0004780-1,ORD-0004780,2026-06-05,死芒-毛绒玩偶,1,128.0,0.1,12.8,115.2,61.44,61.44,paid,delivered,True,20260903
ORD-0004781-1,ORD-0004781,2026-07-18,结城理-吧唧（徽章）,1,18.0,0.0,0.0,18.0,5.4,5.4,paid,delivered,True,20260903
ORD-0004781-2,ORD-0004781,2026-07-18,谬因-毛绒玩偶,1,128.0,0.05,6.4,121.6,61.44,61.44,paid,delivered,True,20260903
ORD-0004782-1,ORD-0004782,2026-06-02,黍-手办模玩,1,699.0,0.05,34.95,664.05,433.38,433.38,paid,delivered,True,20260903
ORD-0004783-1,ORD-0004783,2026-07-04,佩佩-日用生活,1,99.0,0.1,9.9,89.1,45.54,45.54,paid,delivered,True,20260903
ORD-0004784-1,ORD-0004784,2026-07-11,死芒-日用生活,1,99.0,0.0,0.0,99.0,45.54,45.54,paid,delivered,True,20260903
ORD-0004784-2,ORD-0004784,2026-07-11,司霆惊蛰-通行证,1,39.0,0.1,3.9,35.1,12.48,12.48,paid,delivered,True,20260903
ORD-0004785-1,ORD-0004785,2026-06-28,凯尔希·思衡托-通行证,1,39.0,0.0,0.0,39.0,12.48,12.48,paid,delivered,True,20260903
ORD-0004786-1,ORD-0004786,2026-06-16,维娜·维多利亚-亚克力制品,1,48.0,0.0,0.0,48.0,16.8,16.8,paid,delivered,True,20260903
ORD-0004787-1,ORD-0004787,2026-07-10,塑心-手办模玩,1,699.0,0.15,104.85,594.15,433.38,433.38,paid,delivered,True,20260903
ORD-0004787-2,ORD-0004787,2026-07-10,酒神-吧唧（徽章）,1,18.0,0.05,0.9,17.1,5.4,5.4,paid,delivered,True,20260903
ORD-0004788-1,ORD-0004788,2026-08-27,归溟幽灵鲨-日用生活,1,99.0,0.1,9.9,89.1,45.54,45.54,paid,delivered,True,20260903
ORD-0004788-2,ORD-0004788,2026-08-27,缄默德克萨斯-日用生活,1,99.0,0.0,0.0,99.0,45.54,45.54,paid,delivered,True,20260903
ORD-0004789-1,ORD-0004789,2026-08-05,塑心-吧唧（徽章）,3,18.0,0.05,2.7,51.3,5.4,16.2,paid,delivered,True,20260903
ORD-0004790-1,ORD-0004790,2026-08-11,司霆惊蛰-亚克力制品,2,48.0,0.0,0.0,96.0,16.8,33.6,paid,delivered,True,20260903
ORD-0004791-1,ORD-0004791,2026-08-07,缄默德克萨斯-手办模玩,1,699.0,0.05,34.95,664.05,433.38,433.38,paid,delivered,True,20260903
ORD-0004792-1,ORD-0004792,2026-07-26,赤刃明霄陈-手办模玩,1,699.0,0.15,104.85,594.15,433.38,433.38,paid,delivered,True,20260903
ORD-0004793-1,ORD-0004793,2026-08-04,望-亚克力制品,1,48.0,0.1,4.8,43.2,16.8,16.8,paid,delivered,True,20260903
ORD-0004794-1,ORD-0004794,2026-08-15,重岳-吧唧（徽章）,1,18.0,0.1,1.8,16.2,5.4,5.4,paid,delivered,True,20260903
ORD-0004795-1,ORD-0004795,2026-07-21,死芒-毛绒玩偶,1,128.0,0.0,0.0,128.0,61.44,61.44,paid,delivered,True,20260903
ORD-0004796-1,ORD-0004796,2026-08-21,佩佩-毛绒玩偶,1,128.0,0.05,6.4,121.6,61.44,61.44,paid,delivered,True,20260903
ORD-0004797-1,ORD-0004797,2026-06-23,结城理-吧唧（徽章）,1,18.0,0.0,0.0,18.0,5.4,5.4,paid,delivered,True,20260903
ORD-0004798-1,ORD-0004798,2026-08-02,真言-装饰摆件,1,89.0,0.0,0.0,89.0,37.38,37.38,paid,delivered,True,20260903
ORD-0004799-1,ORD-0004799,2026-08-03,黍-吧唧（徽章）,1,18.0,0.0,0.0,18.0,5.4,5.4,paid,delivered,True,20260903
ORD-0004800-1,ORD-0004800,2026-07-13,维娜·维多利亚-亚克力制品,3,48.0,0.1,14.4,129.6,16.8,50.4,paid,delivered,True,20260903
ORD-0004800-2,ORD-0004800,2026-07-13,黍-手办模玩,1,699.0,0.05,34.95,664.05,433.38,433.38,paid,delivered,True,20260903
ORD-0004801-1,ORD-0004801,2026-06-20,怒潮凛冬-亚克力制品,1,48.0,0.0,0.0,48.0,16.8,16.8,paid,delivered,True,20260903
ORD-0004802-1,ORD-0004802,2026-08-11,望-毛绒玩偶,1,128.0,0.05,6.4,121.6,61.44,61.44,paid,delivered,True,20260903
ORD-0004803-1,ORD-0004803,2026-06-21,重岳-装饰摆件,1,89.0,0.0,0.0,89.0,37.38,37.38,paid,delivered,True,20260903
ORD-0004804-1,ORD-0004804,2026-06-15,缇缇-通行证,1,39.0,0.15,5.85,33.15,12.48,12.48,paid,delivered,True,20260903
ORD-0004805-1,ORD-0004805,2026-06-27,死芒-装饰摆件,1,89.0,0.0,0.0,89.0,37.38,37.38,paid,delivered,True,20260903
ORD-0004805-2,ORD-0004805,2026-06-27,余-通行证,1,39.0,0.0,0.0,39.0,12.48,12.48,paid,delivered,True,20260903
ORD-0004806-1,ORD-0004806,2026-08-05,纯烬艾雅法拉-吧唧（徽章）,2,18.0,0.1,3.6,32.4,5.4,10.8,paid,delivered,True,20260903
ORD-0004807-1,ORD-0004807,2026-06-20,余-日用生活,2,99.0,0.05,9.9,188.1,45.54,91.08,paid,delivered,True,20260903
ORD-0004808-1,ORD-0004808,2026-07-09,新约能天使-手办模玩,1,699.0,0.05,34.95,664.05,433.38,433.38,paid,delivered,True,20260903
ORD-0004809-1,ORD-0004809,2026-08-15,凛御银灰-吧唧（徽章）,1,18.0,0.0,0.0,18.0,5.4,5.4,paid,delivered,True,20260903
ORD-0004809-2,ORD-0004809,2026-08-15,凛御银灰-通行证,1,39.0,0.1,3.9,35.1,12.48,12.48,paid,delivered,True,20260903
ORD-0004810-1,ORD-0004810,2026-07-27,结城理-毛绒玩偶,1,128.0,0.0,0.0,128.0,61.44,61.44,paid,delivered,True,20260903
ORD-0004811-1,ORD-0004811,2026-07-05,焰狐龙梓兰-手办模玩,1,699.0,0.05,34.95,664.05,433.38,433.38,paid,delivered,True,20260903
ORD-0004812-1,ORD-0004812,2026-08-28,结城理-装饰摆件,1,89.0,0.1,8.9,80.1,37.38,37.38,paid,delivered,True,20260903
ORD-0004812-2,ORD-0004812,2026-08-28,凯尔希·思衡托-日用生活,1,99.0,0.1,9.9,89.1,45.54,45.54,paid,delivered,True,20260903
ORD-0004813-1,ORD-0004813,2026-07-27,纯烬艾雅法拉-日用生活,1,99.0,0.05,4.95,94.05,45.54,45.54,paid,delivered,True,20260903
ORD-0004813-2,ORD-0004813,2026-07-27,缪尔赛思-日用生活,1,99.0,0.1,9.9,89.1,45.54,45.54,paid,delivered,True,20260903
ORD-0004814-1,ORD-0004814,2026-08-14,维娜·维多利亚-装饰摆件,1,89.0,0.0,0.0,89.0,37.38,37.38,paid,delivered,True,20260903
ORD-0004815-1,ORD-0004815,2026-06-16,焰狐龙梓兰-通行证,1,39.0,0.0,0.0,39.0,12.48,12.48,paid,delivered,True,20260903
ORD-0004816-1,ORD-0004816,2026-06-23,赤刃明霄陈-装饰摆件,1,89.0,0.05,4.45,84.55,37.38,37.38,paid,delivered,True,20260903
ORD-0004817-1,ORD-0004817,2026-06-07,结城理-装饰摆件,1,89.0,0.05,4.45,84.55,37.38,37.38,paid,delivered,True,20260903
ORD-0004818-1,ORD-0004818,2026-06-21,结城理-毛绒玩偶,1,128.0,0.0,0.0,128.0,61.44,61.44,paid,delivered,True,20260903
ORD-0004819-1,ORD-0004819,2026-06-07,斩业星熊-日用生活,1,99.0,0.05,4.95,94.05,45.54,45.54,paid,delivered,True,20260903
ORD-0004820-1,ORD-0004820,2026-07-21,司霆惊蛰-亚克力制品,1,48.0,0.0,0.0,48.0,16.8,16.8,cancelled,cancelled,True,20260903
ORD-0004821-1,ORD-0004821,2026-06-15,新约能天使-装饰摆件,1,89.0,0.0,0.0,89.0,37.38,37.38,paid,delivered,True,20260903
ORD-0004822-1,ORD-0004822,2026-07-27,谬因-通行证,1,39.0,0.05,1.95,37.05,12.48,12.48,paid,delivered,True,20260903
ORD-0004823-1,ORD-0004823,2026-06-15,余-亚克力制品,1,48.0,0.0,0.0,48.0,16.8,16.8,paid,delivered,True,20260903
ORD-0004824-1,ORD-0004824,2026-07-20,望-装饰摆件,1,89.0,0.1,8.9,80.1,37.38,37.38,paid,delivered,True,20260903
ORD-0004825-1,ORD-0004825,2026-07-07,缪尔赛思-通行证,1,39.0,0.05,1.95,37.05,12.48,12.48,paid,delivered,True,20260903
ORD-0004826-1,ORD-0004826,2026-07-30,缄默德克萨斯-毛绒玩偶,2,128.0,0.1,25.6,230.4,61.44,122.88,paid,delivered,True,20260903
ORD-0004827-1,ORD-0004827,2026-06-29,死芒-亚克力制品,1,48.0,0.1,4.8,43.2,16.8,16.8,paid,delivered,True,20260903
ORD-0004828-1,ORD-0004828,2026-08-20,黍-日用生活,1,99.0,0.0,0.0,99.0,45.54,45.54,paid,delivered,True,20260903
ORD-0004828-2,ORD-0004828,2026-08-20,缇缇-毛绒玩偶,1,128.0,0.05,6.4,121.6,61.44,61.44,paid,delivered,True,20260903
ORD-0004829-1,ORD-0004829,2026-06-05,酒神-毛绒玩偶,1,128.0,0.0,0.0,128.0,61.44,61.44,paid,delivered,True,20260903
ORD-0004830-1,ORD-0004830,2026-08-09,缇缇-亚克力制品,1,48.0,0.0,0.0,48.0,16.8,16.8,paid,delivered,True,20260903
ORD-0004830-2,ORD-0004830,2026-08-09,佩佩-吧唧（徽章）,1,18.0,0.0,0.0,18.0,5.4,5.4,paid,delivered,True,20260903
ORD-0004831-1,ORD-0004831,2026-08-20,焰狐龙梓兰-通行证,1,39.0,0.05,1.95,37.05,12.48,12.48,paid,delivered,True,20260903
ORD-0004832-1,ORD-0004832,2026-07-30,佩佩-亚克力制品,1,48.0,0.0,0.0,48.0,16.8,16.8,paid,delivered,True,20260903
ORD-0004833-1,ORD-0004833,2026-06-24,新约能天使-日用生活,1,99.0,0.0,0.0,99.0,45.54,45.54,paid,delivered,True,20260903
ORD-0004834-1,ORD-0004834,2026-06-29,贝洛内-日用生活,1,99.0,0.0,0.0,99.0,45.54,45.54,paid,delivered,True,20260903
ORD-0004835-1,ORD-0004835,2026-06-17,重岳-毛绒玩偶,1,128.0,0.05,6.4,121.6,61.44,61.44,paid,delivered,True,20260903
ORD-0004835-2,ORD-0004835,2026-06-17,新约能天使-通行证,1,39.0,0.0,0.0,39.0,12.48,12.48,paid,delivered,True,20260903
ORD-0004836-1,ORD-0004836,2026-08-03,新约能天使-日用生活,1,99.0,0.15,14.85,84.15,45.54,45.54,paid,delivered,True,20260903
ORD-0004836-2,ORD-0004836,2026-08-03,凯尔希·思衡托-毛绒玩偶,1,128.0,0.0,0.0,128.0,61.44,61.44,paid,delivered,True,20260903
ORD-0004837-1,ORD-0004837,2026-06-20,佩佩-吧唧（徽章）,1,18.0,0.0,0.0,18.0,5.4,5.4,paid,delivered,True,20260903
ORD-0004838-1,ORD-0004838,2026-07-09,赤刃明霄陈-通行证,1,39.0,0.1,3.9,35.1,12.48,12.48,paid,delivered,True,20260903
ORD-0004839-1,ORD-0004839,2026-07-28,凯尔希·思衡托-日用生活,1,99.0,0.0,0.0,99.0,45.54,45.54,paid,delivered,True,20260903
ORD-0004840-1,ORD-0004840,2026-06-15,望-装饰摆件,1,89.0,0.05,4.45,84.55,37.38,37.38,paid,delivered,True,20260903
ORD-0004841-1,ORD-0004841,2026-06-28,谬因-毛绒玩偶,1,128.0,0.1,12.8,115.2,61.44,61.44,paid,delivered,True,20260903
ORD-0004842-1,ORD-0004842,2026-06-10,缄默德克萨斯-亚克力制品,1,48.0,0.0,0.0,48.0,16.8,16.8,paid,delivered,True,20260903
ORD-0004843-1,ORD-0004843,2026-06-13,酒神-通行证,1,39.0,0.0,0.0,39.0,12.48,12.48,paid,delivered,True,20260903
ORD-0004844-1,ORD-0004844,2026-06-24,结城理-日用生活,1,99.0,0.0,0.0,99.0,45.54,45.54,paid,delivered,True,20260903
ORD-0004844-2,ORD-0004844,2026-06-24,维娜·维多利亚-手办模玩,1,699.0,0.0,0.0,699.0,433.38,433.38,paid,delivered,True,20260903
ORD-0004845-1,ORD-0004845,2026-06-18,凯尔希·思衡托-手办模玩,1,699.0,0.1,69.9,629.1,433.38,433.38,paid,delivered,True,20260903
ORD-0004845-2,ORD-0004845,2026-06-18,纯烬艾雅法拉-手办模玩,1,699.0,0.05,34.95,664.05,433.38,433.38,paid,delivered,True,20260903
ORD-0004846-1,ORD-0004846,2026-07-28,凯尔希·思衡托-通行证,1,39.0,0.0,0.0,39.0,12.48,12.48,paid,delivered,True,20260903
ORD-0004847-1,ORD-0004847,2026-08-19,斩业星熊-装饰摆件,1,89.0,0.0,0.0,89.0,37.38,37.38,paid,delivered,True,20260903
ORD-0004848-1,ORD-0004848,2026-06-03,结城理-亚克力制品,1,48.0,0.05,2.4,45.6,16.8,16.8,paid,delivered,True,20260903
ORD-0004849-1,ORD-0004849,2026-07-27,予愿安洁莉娜-手办模玩,1,699.0,0.0,0.0,699.0,433.38,433.38,paid,delivered,True,20260903
ORD-0004849-2,ORD-0004849,2026-07-27,维娜·维多利亚-通行证,1,39.0,0.0,0.0,39.0,12.48,12.48,paid,delivered,True,20260903
ORD-0004850-1,ORD-0004850,2026-07-16,望-吧唧（徽章）,1,18.0,0.0,0.0,18.0,5.4,5.4,paid,delivered,True,20260903
ORD-0004851-1,ORD-0004851,2026-07-20,新约能天使-通行证,1,39.0,0.1,3.9,35.1,12.48,12.48,paid,delivered,True,20260903
ORD-0004852-1,ORD-0004852,2026-07-24,归溟幽灵鲨-装饰摆件,1,89.0,0.0,0.0,89.0,37.38,37.38,paid,delivered,True,20260903
ORD-0004853-1,ORD-0004853,2026-08-08,结城理-装饰摆件,1,89.0,0.0,0.0,89.0,37.38,37.38,paid,delivered,True,20260903
ORD-0004854-1,ORD-0004854,2026-08-13,缇缇-日用生活,1,99.0,0.0,0.0,99.0,45.54,45.54,paid,delivered,True,20260903
ORD-0004854-2,ORD-0004854,2026-08-13,缄默德克萨斯-手办模玩,1,699.0,0.1,69.9,629.1,433.38,433.38,paid,delivered,True,20260903
ORD-0004855-1,ORD-0004855,2026-08-18,死芒-日用生活,1,99.0,0.0,0.0,99.0,45.54,45.54,paid,delivered,True,20260903
ORD-0004856-1,ORD-0004856,2026-07-07,纯烬艾雅法拉-手办模玩,1,699.0,0.1,69.9,629.1,433.38,433.38,paid,delivered,True,20260903
ORD-0004857-1,ORD-0004857,2026-07-14,凯尔希·思衡托-手办模玩,2,699.0,0.1,139.8,1258.2,433.38,866.76,paid,delivered,True,20260903
ORD-0004858-1,ORD-0004858,2026-08-06,予愿安洁莉娜-日用生活,1,99.0,0.1,9.9,89.1,45.54,45.54,cancelled,cancelled,True,20260903
ORD-0004859-1,ORD-0004859,2026-07-31,结城理-通行证,1,39.0,0.0,0.0,39.0,12.48,12.48,paid,delivered,True,20260903
ORD-0004860-1,ORD-0004860,2026-07-18,新约能天使-手办模玩,1,699.0,0.05,34.95,664.05,433.38,433.38,paid,delivered,True,20260903
ORD-0004860-2,ORD-0004860,2026-07-18,凯尔希·思衡托-通行证,2,39.0,0.1,7.8,70.2,12.48,24.96,paid,delivered,True,20260903
ORD-0004861-1,ORD-0004861,2026-07-11,余-日用生活,1,99.0,0.0,0.0,99.0,45.54,45.54,paid,delivered,True,20260903
ORD-0004862-1,ORD-0004862,2026-08-19,娜斯提-通行证,1,39.0,0.0,0.0,39.0,12.48,12.48,paid,delivered,True,20260903
ORD-0004863-1,ORD-0004863,2026-07-04,佩佩-通行证,2,39.0,0.0,0.0,78.0,12.48,24.96,paid,delivered,True,20260903
ORD-0004864-1,ORD-0004864,2026-07-10,纯烬艾雅法拉-吧唧（徽章）,1,18.0,0.0,0.0,18.0,5.4,5.4,paid,delivered,True,20260903
ORD-0004864-2,ORD-0004864,2026-07-10,凛御银灰-吧唧（徽章）,1,18.0,0.1,1.8,16.2,5.4,5.4,paid,delivered,True,20260903
ORD-0004864-3,ORD-0004864,2026-07-10,缪尔赛思-手办模玩,1,699.0,0.1,69.9,629.1,433.38,433.38,paid,delivered,True,20260903
ORD-0004865-1,ORD-0004865,2026-07-31,予愿安洁莉娜-亚克力制品,1,48.0,0.0,0.0,48.0,16.8,16.8,paid,delivered,True,20260903
ORD-0004866-1,ORD-0004866,2026-06-08,焰狐龙梓兰-吧唧（徽章）,1,18.0,0.1,1.8,16.2,5.4,5.4,paid,delivered,True,20260903
ORD-0004867-1,ORD-0004867,2026-06-25,重岳-毛绒玩偶,1,128.0,0.0,0.0,128.0,61.44,61.44,paid,delivered,True,20260903
ORD-0004867-2,ORD-0004867,2026-06-25,缄默德克萨斯-毛绒玩偶,1,128.0,0.1,12.8,115.2,61.44,61.44,paid,delivered,True,20260903
ORD-0004868-1,ORD-0004868,2026-07-26,死芒-毛绒玩偶,1,128.0,0.0,0.0,128.0,61.44,61.44,paid,delivered,True,20260903
ORD-0004869-1,ORD-0004869,2026-06-23,重岳-装饰摆件,1,89.0,0.0,0.0,89.0,37.38,37.38,paid,delivered,True,20260903
ORD-0004870-1,ORD-0004870,2026-07-30,司霆惊蛰-手办模玩,1,699.0,0.0,0.0,699.0,433.38,433.38,paid,delivered,True,20260903
ORD-0004871-1,ORD-0004871,2026-06-18,结城理-手办模玩,1,699.0,0.05,34.95,664.05,433.38,433.38,paid,delivered,True,20260903
ORD-0004871-2,ORD-0004871,2026-06-18,缪尔赛思-通行证,1,39.0,0.0,0.0,39.0,12.48,12.48,paid,delivered,True,20260903
ORD-0004872-1,ORD-0004872,2026-06-12,斩业星熊-通行证,1,39.0,0.1,3.9,35.1,12.48,12.48,paid,delivered,True,20260903
ORD-0004873-1,ORD-0004873,2026-06-22,新约能天使-吧唧（徽章）,1,18.0,0.05,0.9,17.1,5.4,5.4,paid,delivered,True,20260903
ORD-0004874-1,ORD-0004874,2026-08-17,司霆惊蛰-吧唧（徽章）,1,18.0,0.0,0.0,18.0,5.4,5.4,paid,delivered,True,20260903
ORD-0004874-2,ORD-0004874,2026-08-17,黍-毛绒玩偶,1,128.0,0.05,6.4,121.6,61.44,61.44,paid,delivered,True,20260903
ORD-0004875-1,ORD-0004875,2026-06-13,缪尔赛思-手办模玩,1,699.0,0.1,69.9,629.1,433.38,433.38,paid,delivered,True,20260903
ORD-0004875-2,ORD-0004875,2026-06-13,娜斯提-日用生活,1,99.0,0.0,0.0,99.0,45.54,45.54,paid,delivered,True,20260903
ORD-0004876-1,ORD-0004876,2026-07-05,黍-亚克力制品,1,48.0,0.1,4.8,43.2,16.8,16.8,paid,delivered,True,20260903
ORD-0004877-1,ORD-0004877,2026-06-26,Mon3tr-装饰摆件,1,89.0,0.0,0.0,89.0,37.38,37.38,paid,delivered,True,20260903
ORD-0004878-1,ORD-0004878,2026-08-15,余-日用生活,1,99.0,0.0,0.0,99.0,45.54,45.54,paid,delivered,True,20260903
ORD-0004878-2,ORD-0004878,2026-08-15,谬因-亚克力制品,1,48.0,0.0,0.0,48.0,16.8,16.8,paid,delivered,True,20260903
ORD-0004879-1,ORD-0004879,2026-08-08,黍-吧唧（徽章）,1,18.0,0.15,2.7,15.3,5.4,5.4,paid,delivered,True,20260903
ORD-0004880-1,ORD-0004880,2026-08-13,Mon3tr-装饰摆件,1,89.0,0.1,8.9,80.1,37.38,37.38,paid,delivered,True,20260903
ORD-0004881-1,ORD-0004881,2026-08-22,归溟幽灵鲨-手办模玩,1,699.0,0.0,0.0,699.0,433.38,433.38,paid,delivered,True,20260903
ORD-0004881-2,ORD-0004881,2026-08-22,新约能天使-日用生活,2,99.0,0.1,19.8,178.2,45.54,91.08,paid,delivered,True,20260903
ORD-0004882-1,ORD-0004882,2026-07-22,缇缇-通行证,1,39.0,0.05,1.95,37.05,12.48,12.48,paid,delivered,True,20260903
ORD-0004883-1,ORD-0004883,2026-08-26,归溟幽灵鲨-毛绒玩偶,1,128.0,0.05,6.4,121.6,61.44,61.44,paid,shipped,True,20260903
ORD-0004883-2,ORD-0004883,2026-08-26,缄默德克萨斯-吧唧（徽章）,3,18.0,0.0,0.0,54.0,5.4,16.2,paid,shipped,True,20260903
ORD-0004884-1,ORD-0004884,2026-06-04,纯烬艾雅法拉-手办模玩,1,699.0,0.1,69.9,629.1,433.38,433.38,paid,shipped,True,20260903
ORD-0004884-2,ORD-0004884,2026-06-04,荒芜拉普兰德-通行证,1,39.0,0.0,0.0,39.0,12.48,12.48,paid,shipped,True,20260903
ORD-0004885-1,ORD-0004885,2026-06-19,塑心-吧唧（徽章）,1,18.0,0.0,0.0,18.0,5.4,5.4,paid,delivered,True,20260903
ORD-0004885-2,ORD-0004885,2026-06-19,塑心-毛绒玩偶,2,128.0,0.05,12.8,243.2,61.44,122.88,paid,delivered,True,20260903
ORD-0004886-1,ORD-0004886,2026-06-19,死芒-吧唧（徽章）,1,18.0,0.0,0.0,18.0,5.4,5.4,paid,delivered,True,20260903
ORD-0004887-1,ORD-0004887,2026-08-04,司霆惊蛰-亚克力制品,3,48.0,0.0,0.0,144.0,16.8,50.4,paid,delivered,True,20260903
ORD-0004887-2,ORD-0004887,2026-08-04,归溟幽灵鲨-日用生活,1,99.0,0.1,9.9,89.1,45.54,45.54,paid,delivered,True,20260903
ORD-0004888-1,ORD-0004888,2026-07-11,维娜·维多利亚-毛绒玩偶,1,128.0,0.1,12.8,115.2,61.44,61.44,paid,delivered,True,20260903
ORD-0004889-1,ORD-0004889,2026-08-17,死芒-手办模玩,1,699.0,0.1,69.9,629.1,433.38,433.38,paid,delivered,True,20260903
ORD-0004889-2,ORD-0004889,2026-08-17,赤刃明霄陈-手办模玩,1,699.0,0.05,34.95,664.05,433.38,433.38,paid,delivered,True,20260903
ORD-0004890-1,ORD-0004890,2026-07-03,余-吧唧（徽章）,1,18.0,0.15,2.7,15.3,5.4,5.4,paid,delivered,True,20260903
ORD-0004891-1,ORD-0004891,2026-07-26,谬因-亚克力制品,2,48.0,0.0,0.0,96.0,16.8,33.6,paid,delivered,True,20260903
ORD-0004892-1,ORD-0004892,2026-06-07,结城理-吧唧（徽章）,1,18.0,0.0,0.0,18.0,5.4,5.4,paid,delivered,True,20260903
ORD-0004893-1,ORD-0004893,2026-06-26,归溟幽灵鲨-通行证,1,39.0,0.0,0.0,39.0,12.48,12.48,paid,delivered,True,20260903
ORD-0004894-1,ORD-0004894,2026-06-22,真言-亚克力制品,1,48.0,0.0,0.0,48.0,16.8,16.8,paid,delivered,True,20260903
ORD-0004895-1,ORD-0004895,2026-06-02,缄默德克萨斯-日用生活,1,99.0,0.05,4.95,94.05,45.54,45.54,paid,delivered,True,20260903
ORD-0004896-1,ORD-0004896,2026-08-03,归溟幽灵鲨-通行证,1,39.0,0.1,3.9,35.1,12.48,12.48,paid,delivered,True,20260903
ORD-0004897-1,ORD-0004897,2026-08-11,贝洛内-通行证,1,39.0,0.0,0.0,39.0,12.48,12.48,paid,delivered,True,20260903
ORD-0004898-1,ORD-0004898,2026-08-21,余-手办模玩,1,699.0,0.0,0.0,699.0,433.38,433.38,paid,delivered,True,20260903
ORD-0004898-2,ORD-0004898,2026-08-21,谬因-毛绒玩偶,1,128.0,0.05,6.4,121.6,61.44,61.44,paid,delivered,True,20260903
ORD-0004898-3,ORD-0004898,2026-08-21,归溟幽灵鲨-手办模玩,1,699.0,0.1,69.9,629.1,433.38,433.38,paid,delivered,True,20260903
ORD-0004899-1,ORD-0004899,2026-07-23,新约能天使-手办模玩,1,699.0,0.0,0.0,699.0,433.38,433.38,paid,delivered,True,20260903
ORD-0004900-1,ORD-0004900,2026-06-08,结城理-吧唧（徽章）,1,18.0,0.0,0.0,18.0,5.4,5.4,paid,delivered,True,20260903
ORD-0004901-1,ORD-0004901,2026-06-27,佩佩-亚克力制品,1,48.0,0.05,2.4,45.6,16.8,16.8,paid,delivered,True,20260903
ORD-0004901-2,ORD-0004901,2026-06-27,怒潮凛冬-装饰摆件,1,89.0,0.0,0.0,89.0,37.38,37.38,paid,delivered,True,20260903
ORD-0004902-1,ORD-0004902,2026-06-23,予愿安洁莉娜-吧唧（徽章）,1,18.0,0.0,0.0,18.0,5.4,5.4,paid,delivered,True,20260903
ORD-0004903-1,ORD-0004903,2026-07-07,黍-毛绒玩偶,1,128.0,0.1,12.8,115.2,61.44,61.44,paid,delivered,True,20260903
ORD-0004904-1,ORD-0004904,2026-07-05,荒芜拉普兰德-通行证,2,39.0,0.0,0.0,78.0,12.48,24.96,paid,delivered,True,20260903
ORD-0004905-1,ORD-0004905,2026-08-29,凛御银灰-手办模玩,1,699.0,0.15,104.85,594.15,433.38,433.38,paid,pending,True,20260903
ORD-0004906-1,ORD-0004906,2026-06-16,死芒-装饰摆件,1,89.0,0.05,4.45,84.55,37.38,37.38,paid,delivered,True,20260903
ORD-0004907-1,ORD-0004907,2026-07-14,塑心-通行证,2,39.0,0.05,3.9,74.1,12.48,24.96,paid,delivered,True,20260903
ORD-0004908-1,ORD-0004908,2026-07-07,新约能天使-装饰摆件,1,89.0,0.1,8.9,80.1,37.38,37.38,paid,delivered,True,20260903
ORD-0004909-1,ORD-0004909,2026-06-19,重岳-通行证,1,39.0,0.15,5.85,33.15,12.48,12.48,paid,delivered,True,20260903
ORD-0004909-2,ORD-0004909,2026-06-19,塑心-亚克力制品,1,48.0,0.0,0.0,48.0,16.8,16.8,paid,delivered,True,20260903
ORD-0004909-3,ORD-0004909,2026-06-19,塑心-装饰摆件,1,89.0,0.0,0.0,89.0,37.38,37.38,paid,delivered,True,20260903
ORD-0004910-1,ORD-0004910,2026-08-10,佩佩-亚克力制品,1,48.0,0.15,7.2,40.8,16.8,16.8,paid,delivered,True,20260903
ORD-0004911-1,ORD-0004911,2026-08-03,死芒-装饰摆件,1,89.0,0.0,0.0,89.0,37.38,37.38,cancelled,cancelled,True,20260903
ORD-0004911-2,ORD-0004911,2026-08-03,凛御银灰-毛绒玩偶,1,128.0,0.05,6.4,121.6,61.44,61.44,cancelled,cancelled,True,20260903
ORD-0004912-1,ORD-0004912,2026-07-31,凛御银灰-毛绒玩偶,1,128.0,0.0,0.0,128.0,61.44,61.44,paid,delivered,True,20260903
ORD-0004913-1,ORD-0004913,2026-07-24,纯烬艾雅法拉-亚克力制品,1,48.0,0.0,0.0,48.0,16.8,16.8,paid,delivered,True,20260903
ORD-0004914-1,ORD-0004914,2026-08-15,怒潮凛冬-通行证,1,39.0,0.0,0.0,39.0,12.48,12.48,paid,delivered,True,20260903
ORD-0004915-1,ORD-0004915,2026-07-30,死芒-通行证,1,39.0,0.05,1.95,37.05,12.48,12.48,paid,shipped,True,20260903
ORD-0004915-2,ORD-0004915,2026-07-30,荒芜拉普兰德-亚克力制品,1,48.0,0.0,0.0,48.0,16.8,16.8,paid,shipped,True,20260903
ORD-0004916-1,ORD-0004916,2026-07-12,真言-手办模玩,1,699.0,0.0,0.0,699.0,433.38,433.38,paid,delivered,True,20260903
ORD-0004917-1,ORD-0004917,2026-06-24,缄默德克萨斯-通行证,1,39.0,0.1,3.9,35.1,12.48,12.48,paid,delivered,True,20260903
ORD-0004918-1,ORD-0004918,2026-08-20,贝洛内-日用生活,1,99.0,0.1,9.9,89.1,45.54,45.54,paid,delivered,True,20260903
ORD-0004919-1,ORD-0004919,2026-07-29,新约能天使-装饰摆件,1,89.0,0.1,8.9,80.1,37.38,37.38,paid,delivered,True,20260903
ORD-0004920-1,ORD-0004920,2026-07-09,重岳-日用生活,1,99.0,0.0,0.0,99.0,45.54,45.54,paid,delivered,True,20260903
ORD-0004920-2,ORD-0004920,2026-07-09,塑心-吧唧（徽章）,1,18.0,0.05,0.9,17.1,5.4,5.4,paid,delivered,True,20260903
ORD-0004921-1,ORD-0004921,2026-07-28,黍-通行证,1,39.0,0.0,0.0,39.0,12.48,12.48,paid,delivered,True,20260903
ORD-0004922-1,ORD-0004922,2026-07-28,真言-装饰摆件,1,89.0,0.0,0.0,89.0,37.38,37.38,paid,delivered,True,20260903
ORD-0004923-1,ORD-0004923,2026-08-09,斩业星熊-亚克力制品,1,48.0,0.05,2.4,45.6,16.8,16.8,paid,delivered,True,20260903
ORD-0004924-1,ORD-0004924,2026-06-28,缄默德克萨斯-亚克力制品,1,48.0,0.0,0.0,48.0,16.8,16.8,paid,delivered,True,20260903
ORD-0004925-1,ORD-0004925,2026-07-09,望-日用生活,1,99.0,0.0,0.0,99.0,45.54,45.54,paid,shipped,True,20260903
ORD-0004925-2,ORD-0004925,2026-07-09,Mon3tr-吧唧（徽章）,1,18.0,0.05,0.9,17.1,5.4,5.4,paid,shipped,True,20260903
ORD-0004926-1,ORD-0004926,2026-08-21,斩业星熊-手办模玩,1,699.0,0.05,34.95,664.05,433.38,433.38,paid,delivered,True,20260903
ORD-0004927-1,ORD-0004927,2026-08-13,赤刃明霄陈-手办模玩,1,699.0,0.0,0.0,699.0,433.38,433.38,paid,delivered,True,20260903
ORD-0004928-1,ORD-0004928,2026-07-04,纯烬艾雅法拉-毛绒玩偶,1,128.0,0.1,12.8,115.2,61.44,61.44,paid,delivered,True,20260903
ORD-0004928-2,ORD-0004928,2026-07-04,新约能天使-日用生活,1,99.0,0.05,4.95,94.05,45.54,45.54,paid,delivered,True,20260903
ORD-0004929-1,ORD-0004929,2026-06-28,Mon3tr-亚克力制品,1,48.0,0.1,4.8,43.2,16.8,16.8,paid,shipped,True,20260903
ORD-0004930-1,ORD-0004930,2026-06-29,塑心-亚克力制品,1,48.0,0.05,2.4,45.6,16.8,16.8,paid,delivered,True,20260903
ORD-0004930-2,ORD-0004930,2026-06-29,赤刃明霄陈-手办模玩,1,699.0,0.0,0.0,699.0,433.38,433.38,paid,delivered,True,20260903
ORD-0004930-3,ORD-0004930,2026-06-29,死芒-日用生活,1,99.0,0.05,4.95,94.05,45.54,45.54,paid,delivered,True,20260903
ORD-0004931-1,ORD-0004931,2026-06-11,焰狐龙梓兰-手办模玩,1,699.0,0.0,0.0,699.0,433.38,433.38,paid,delivered,True,20260903
ORD-0004932-1,ORD-0004932,2026-07-27,赤刃明霄陈-日用生活,1,99.0,0.1,9.9,89.1,45.54,45.54,paid,delivered,True,20260903
ORD-0004933-1,ORD-0004933,2026-07-01,凯尔希·思衡托-亚克力制品,1,48.0,0.05,2.4,45.6,16.8,16.8,paid,delivered,True,20260903
ORD-0004933-2,ORD-0004933,2026-07-01,Mon3tr-亚克力制品,1,48.0,0.0,0.0,48.0,16.8,16.8,paid,delivered,True,20260903
ORD-0004934-1,ORD-0004934,2026-06-07,凯尔希·思衡托-通行证,1,39.0,0.1,3.9,35.1,12.48,12.48,paid,delivered,True,20260903
ORD-0004935-1,ORD-0004935,2026-07-30,归溟幽灵鲨-装饰摆件,1,89.0,0.1,8.9,80.1,37.38,37.38,paid,delivered,True,20260903
ORD-0004936-1,ORD-0004936,2026-07-23,赤刃明霄陈-毛绒玩偶,1,128.0,0.0,0.0,128.0,61.44,61.44,paid,delivered,True,20260903
ORD-0004937-1,ORD-0004937,2026-07-26,缪尔赛思-吧唧（徽章）,1,18.0,0.0,0.0,18.0,5.4,5.4,paid,delivered,True,20260903
ORD-0004938-1,ORD-0004938,2026-08-19,新约能天使-通行证,1,39.0,0.0,0.0,39.0,12.48,12.48,paid,delivered,True,20260903
ORD-0004938-2,ORD-0004938,2026-08-19,黍-装饰摆件,1,89.0,0.05,4.45,84.55,37.38,37.38,paid,delivered,True,20260903
ORD-0004938-3,ORD-0004938,2026-08-19,归溟幽灵鲨-亚克力制品,1,48.0,0.0,0.0,48.0,16.8,16.8,paid,delivered,True,20260903
ORD-0004939-1,ORD-0004939,2026-07-20,纯烬艾雅法拉-亚克力制品,1,48.0,0.0,0.0,48.0,16.8,16.8,cancelled,cancelled,True,20260903
ORD-0004939-2,ORD-0004939,2026-07-20,酒神-日用生活,1,99.0,0.0,0.0,99.0,45.54,45.54,cancelled,cancelled,True,20260903
ORD-0004940-1,ORD-0004940,2026-07-06,维娜·维多利亚-毛绒玩偶,1,128.0,0.0,0.0,128.0,61.44,61.44,paid,delivered,True,20260903
ORD-0004941-1,ORD-0004941,2026-06-09,死芒-装饰摆件,1,89.0,0.0,0.0,89.0,37.38,37.38,paid,delivered,True,20260903
ORD-0004942-1,ORD-0004942,2026-06-17,予愿安洁莉娜-手办模玩,1,699.0,0.15,104.85,594.15,433.38,433.38,cancelled,cancelled,True,20260903
ORD-0004943-1,ORD-0004943,2026-07-10,凯尔希·思衡托-亚克力制品,2,48.0,0.0,0.0,96.0,16.8,33.6,paid,delivered,True,20260903
ORD-0004944-1,ORD-0004944,2026-08-25,重岳-日用生活,1,99.0,0.05,4.95,94.05,45.54,45.54,paid,delivered,True,20260903
ORD-0004944-2,ORD-0004944,2026-08-25,焰狐龙梓兰-毛绒玩偶,1,128.0,0.0,0.0,128.0,61.44,61.44,paid,delivered,True,20260903
ORD-0004945-1,ORD-0004945,2026-06-26,赤刃明霄陈-手办模玩,1,699.0,0.0,0.0,699.0,433.38,433.38,paid,delivered,True,20260903
ORD-0004946-1,ORD-0004946,2026-07-15,谬因-手办模玩,1,699.0,0.0,0.0,699.0,433.38,433.38,paid,delivered,True,20260903
ORD-0004947-1,ORD-0004947,2026-08-22,Mon3tr-日用生活,1,99.0,0.0,0.0,99.0,45.54,45.54,paid,delivered,True,20260903
ORD-0004948-1,ORD-0004948,2026-07-25,荒芜拉普兰德-装饰摆件,1,89.0,0.0,0.0,89.0,37.38,37.38,paid,delivered,True,20260903
ORD-0004949-1,ORD-0004949,2026-07-23,谬因-毛绒玩偶,1,128.0,0.0,0.0,128.0,61.44,61.44,paid,delivered,True,20260903
ORD-0004949-2,ORD-0004949,2026-07-23,焰狐龙梓兰-通行证,1,39.0,0.05,1.95,37.05,12.48,12.48,paid,delivered,True,20260903
ORD-0004950-1,ORD-0004950,2026-07-11,缪尔赛思-手办模玩,1,699.0,0.0,0.0,699.0,433.38,433.38,paid,delivered,True,20260903
ORD-0004950-2,ORD-0004950,2026-07-11,死芒-亚克力制品,1,48.0,0.0,0.0,48.0,16.8,16.8,paid,delivered,True,20260903
ORD-0004951-1,ORD-0004951,2026-06-02,死芒-吧唧（徽章）,1,18.0,0.05,0.9,17.1,5.4,5.4,paid,delivered,True,20260903
ORD-0004952-1,ORD-0004952,2026-08-08,焰狐龙梓兰-毛绒玩偶,1,128.0,0.05,6.4,121.6,61.44,61.44,paid,delivered,True,20260903
ORD-0004953-1,ORD-0004953,2026-08-02,娜斯提-毛绒玩偶,1,128.0,0.0,0.0,128.0,61.44,61.44,paid,delivered,True,20260903
ORD-0004954-1,ORD-0004954,2026-06-28,缄默德克萨斯-吧唧（徽章）,1,18.0,0.05,0.9,17.1,5.4,5.4,paid,delivered,True,20260903
ORD-0004955-1,ORD-0004955,2026-06-18,缪尔赛思-亚克力制品,1,48.0,0.05,2.4,45.6,16.8,16.8,paid,delivered,True,20260903
ORD-0004956-1,ORD-0004956,2026-07-10,贝洛内-装饰摆件,1,89.0,0.1,8.9,80.1,37.38,37.38,paid,delivered,True,20260903
ORD-0004957-1,ORD-0004957,2026-08-10,新约能天使-日用生活,1,99.0,0.0,0.0,99.0,45.54,45.54,paid,delivered,True,20260903
ORD-0004958-1,ORD-0004958,2026-07-09,纯烬艾雅法拉-亚克力制品,1,48.0,0.0,0.0,48.0,16.8,16.8,paid,delivered,True,20260903
ORD-0004958-2,ORD-0004958,2026-07-09,谬因-吧唧（徽章）,1,18.0,0.1,1.8,16.2,5.4,5.4,paid,delivered,True,20260903
ORD-0004958-3,ORD-0004958,2026-07-09,凯尔希·思衡托-毛绒玩偶,1,128.0,0.0,0.0,128.0,61.44,61.44,paid,delivered,True,20260903
ORD-0004959-1,ORD-0004959,2026-07-27,娜斯提-毛绒玩偶,1,128.0,0.1,12.8,115.2,61.44,61.44,paid,delivered,True,20260903
ORD-0004959-2,ORD-0004959,2026-07-27,新约能天使-吧唧（徽章）,1,18.0,0.0,0.0,18.0,5.4,5.4,paid,delivered,True,20260903
ORD-0004960-1,ORD-0004960,2026-08-15,赤刃明霄陈-日用生活,2,99.0,0.0,0.0,198.0,45.54,91.08,paid,delivered,True,20260903
ORD-0004961-1,ORD-0004961,2026-08-29,佩佩-日用生活,1,99.0,0.1,9.9,89.1,45.54,45.54,paid,delivered,True,20260903
ORD-0004962-1,ORD-0004962,2026-07-04,纯烬艾雅法拉-吧唧（徽章）,1,18.0,0.0,0.0,18.0,5.4,5.4,paid,delivered,True,20260903
ORD-0004963-1,ORD-0004963,2026-07-31,缇缇-吧唧（徽章）,1,18.0,0.0,0.0,18.0,5.4,5.4,paid,delivered,True,20260903
ORD-0004963-2,ORD-0004963,2026-07-31,归溟幽灵鲨-亚克力制品,1,48.0,0.05,2.4,45.6,16.8,16.8,paid,delivered,True,20260903
ORD-0004964-1,ORD-0004964,2026-08-05,纯烬艾雅法拉-通行证,1,39.0,0.0,0.0,39.0,12.48,12.48,paid,delivered,True,20260903
ORD-0004965-1,ORD-0004965,2026-08-26,余-通行证,1,39.0,0.0,0.0,39.0,12.48,12.48,paid,pending,True,20260903
ORD-0004966-1,ORD-0004966,2026-08-09,塑心-毛绒玩偶,1,128.0,0.1,12.8,115.2,61.44,61.44,paid,delivered,True,20260903
ORD-0004966-2,ORD-0004966,2026-08-09,怒潮凛冬-吧唧（徽章）,1,18.0,0.0,0.0,18.0,5.4,5.4,paid,delivered,True,20260903
ORD-0004967-1,ORD-0004967,2026-06-06,荒芜拉普兰德-亚克力制品,1,48.0,0.0,0.0,48.0,16.8,16.8,paid,delivered,True,20260903
ORD-0004967-2,ORD-0004967,2026-06-06,凛御银灰-手办模玩,1,699.0,0.0,0.0,699.0,433.38,433.38,paid,delivered,True,20260903
ORD-0004968-1,ORD-0004968,2026-06-22,余-毛绒玩偶,1,128.0,0.0,0.0,128.0,61.44,61.44,cancelled,cancelled,True,20260903
ORD-0004969-1,ORD-0004969,2026-07-01,缪尔赛思-手办模玩,1,699.0,0.0,0.0,699.0,433.38,433.38,paid,delivered,True,20260903
ORD-0004970-1,ORD-0004970,2026-08-19,予愿安洁莉娜-毛绒玩偶,1,128.0,0.0,0.0,128.0,61.44,61.44,cancelled,cancelled,True,20260903
ORD-0004971-1,ORD-0004971,2026-08-02,缪尔赛思-通行证,1,39.0,0.15,5.85,33.15,12.48,12.48,paid,delivered,True,20260903
ORD-0004972-1,ORD-0004972,2026-07-22,Mon3tr-通行证,1,39.0,0.0,0.0,39.0,12.48,12.48,paid,delivered,True,20260903
ORD-0004972-2,ORD-0004972,2026-07-22,维娜·维多利亚-装饰摆件,1,89.0,0.05,4.45,84.55,37.38,37.38,paid,delivered,True,20260903
ORD-0004973-1,ORD-0004973,2026-07-03,予愿安洁莉娜-亚克力制品,1,48.0,0.0,0.0,48.0,16.8,16.8,paid,delivered,True,20260903
ORD-0004973-2,ORD-0004973,2026-07-03,予愿安洁莉娜-通行证,1,39.0,0.0,0.0,39.0,12.48,12.48,paid,delivered,True,20260903
ORD-0004973-3,ORD-0004973,2026-07-03,塑心-亚克力制品,1,48.0,0.05,2.4,45.6,16.8,16.8,paid,delivered,True,20260903
ORD-0004974-1,ORD-0004974,2026-06-19,赤刃明霄陈-吧唧（徽章）,1,18.0,0.0,0.0,18.0,5.4,5.4,paid,delivered,True,20260903
ORD-0004974-2,ORD-0004974,2026-06-19,凯尔希·思衡托-日用生活,2,99.0,0.0,0.0,198.0,45.54,91.08,paid,delivered,True,20260903
ORD-0004975-1,ORD-0004975,2026-06-24,望-吧唧（徽章）,1,18.0,0.0,0.0,18.0,5.4,5.4,paid,delivered,True,20260903
ORD-0004976-1,ORD-0004976,2026-07-24,酒神-亚克力制品,1,48.0,0.1,4.8,43.2,16.8,16.8,paid,delivered,True,20260903
ORD-0004977-1,ORD-0004977,2026-06-19,维娜·维多利亚-装饰摆件,1,89.0,0.0,0.0,89.0,37.38,37.38,paid,delivered,True,20260903
ORD-0004978-1,ORD-0004978,2026-07-10,凯尔希·思衡托-毛绒玩偶,1,128.0,0.1,12.8,115.2,61.44,61.44,paid,delivered,True,20260903
ORD-0004979-1,ORD-0004979,2026-08-08,缄默德克萨斯-通行证,1,39.0,0.15,5.85,33.15,12.48,12.48,paid,delivered,True,20260903
ORD-0004979-2,ORD-0004979,2026-08-08,死芒-装饰摆件,1,89.0,0.0,0.0,89.0,37.38,37.38,paid,delivered,True,20260903
ORD-0004980-1,ORD-0004980,2026-08-17,司霆惊蛰-装饰摆件,1,89.0,0.05,4.45,84.55,37.38,37.38,paid,delivered,True,20260903
ORD-0004981-1,ORD-0004981,2026-08-22,荒芜拉普兰德-日用生活,1,99.0,0.0,0.0,99.0,45.54,45.54,paid,delivered,True,20260903
ORD-0004982-1,ORD-0004982,2026-08-23,结城理-毛绒玩偶,1,128.0,0.1,12.8,115.2,61.44,61.44,paid,delivered,True,20260903
ORD-0004982-2,ORD-0004982,2026-08-23,赤刃明霄陈-毛绒玩偶,1,128.0,0.15,19.2,108.8,61.44,61.44,paid,delivered,True,20260903
ORD-0004983-1,ORD-0004983,2026-07-18,缇缇-手办模玩,1,699.0,0.0,0.0,699.0,433.38,433.38,paid,delivered,True,20260903
ORD-0004984-1,ORD-0004984,2026-07-31,Mon3tr-装饰摆件,1,89.0,0.15,13.35,75.65,37.38,37.38,paid,delivered,True,20260903
ORD-0004985-1,ORD-0004985,2026-08-16,缇缇-毛绒玩偶,1,128.0,0.1,12.8,115.2,61.44,61.44,paid,delivered,True,20260903
ORD-0004986-1,ORD-0004986,2026-06-24,予愿安洁莉娜-手办模玩,1,699.0,0.1,69.9,629.1,433.38,433.38,paid,delivered,True,20260903
ORD-0004987-1,ORD-0004987,2026-06-25,予愿安洁莉娜-装饰摆件,2,89.0,0.0,0.0,178.0,37.38,74.76,paid,delivered,True,20260903
ORD-0004987-2,ORD-0004987,2026-06-25,凯尔希·思衡托-亚克力制品,1,48.0,0.05,2.4,45.6,16.8,16.8,paid,delivered,True,20260903
ORD-0004988-1,ORD-0004988,2026-06-21,凯尔希·思衡托-毛绒玩偶,1,128.0,0.0,0.0,128.0,61.44,61.44,paid,delivered,True,20260903
ORD-0004989-1,ORD-0004989,2026-07-18,真言-吧唧（徽章）,1,18.0,0.0,0.0,18.0,5.4,5.4,paid,delivered,True,20260903
ORD-0004990-1,ORD-0004990,2026-08-17,谬因-装饰摆件,1,89.0,0.15,13.35,75.65,37.38,37.38,paid,delivered,True,20260903
ORD-0004991-1,ORD-0004991,2026-08-04,黍-亚克力制品,1,48.0,0.0,0.0,48.0,16.8,16.8,paid,delivered,True,20260903
ORD-0004992-1,ORD-0004992,2026-06-16,纯烬艾雅法拉-通行证,2,39.0,0.05,3.9,74.1,12.48,24.96,paid,delivered,True,20260903
ORD-0004993-1,ORD-0004993,2026-08-22,赤刃明霄陈-装饰摆件,1,89.0,0.0,0.0,89.0,37.38,37.38,paid,delivered,True,20260903
ORD-0004993-2,ORD-0004993,2026-08-22,焰狐龙梓兰-通行证,1,39.0,0.0,0.0,39.0,12.48,12.48,paid,delivered,True,20260903
ORD-0004994-1,ORD-0004994,2026-07-23,余-吧唧（徽章）,2,18.0,0.0,0.0,36.0,5.4,10.8,paid,shipped,True,20260903
ORD-0004995-1,ORD-0004995,2026-07-22,佩佩-毛绒玩偶,1,128.0,0.1,12.8,115.2,61.44,61.44,paid,delivered,True,20260903
ORD-0004996-1,ORD-0004996,2026-07-18,怒潮凛冬-吧唧（徽章）,1,18.0,0.1,1.8,16.2,5.4,5.4,paid,delivered,True,20260903
ORD-0004996-2,ORD-0004996,2026-07-18,酒神-吧唧（徽章）,1,18.0,0.05,0.9,17.1,5.4,5.4,paid,delivered,True,20260903
ORD-0004997-1,ORD-0004997,2026-08-02,凛御银灰-装饰摆件,1,89.0,0.0,0.0,89.0,37.38,37.38,paid,delivered,True,20260903
ORD-0004998-1,ORD-0004998,2026-08-13,黍-装饰摆件,1,89.0,0.1,8.9,80.1,37.38,37.38,paid,delivered,True,20260903
ORD-0004999-1,ORD-0004999,2026-06-12,归溟幽灵鲨-通行证,1,39.0,0.0,0.0,39.0,12.48,12.48,paid,delivered,True,20260903
ORD-0005000-1,ORD-0005000,2026-07-22,缇缇-通行证,1,39.0,0.0,0.0,39.0,12.48,12.48,paid,delivered,True,20260903
ORD-0005001-1,ORD-0005001,2026-06-17,重岳-通行证,1,39.0,0.05,1.95,37.05,12.48,12.48,paid,delivered,True,20260903
ORD-0005001-2,ORD-0005001,2026-06-17,塑心-亚克力制品,2,48.0,0.0,0.0,96.0,16.8,33.6,paid,delivered,True,20260903
ORD-0005002-1,ORD-0005002,2026-08-08,真言-手办模玩,1,699.0,0.05,34.95,664.05,433.38,433.38,paid,delivered,True,20260903
ORD-0005002-2,ORD-0005002,2026-08-08,黍-通行证,1,39.0,0.0,0.0,39.0,12.48,12.48,paid,delivered,True,20260903
ORD-0005003-1,ORD-0005003,2026-07-07,缪尔赛思-日用生活,1,99.0,0.0,0.0,99.0,45.54,45.54,paid,delivered,True,20260903
ORD-0005003-2,ORD-0005003,2026-07-07,结城理-亚克力制品,1,48.0,0.05,2.4,45.6,16.8,16.8,paid,delivered,True,20260903
ORD-0005003-3,ORD-0005003,2026-07-07,望-日用生活,1,99.0,0.0,0.0,99.0,45.54,45.54,paid,delivered,True,20260903
ORD-0005004-1,ORD-0005004,2026-07-02,谬因-日用生活,1,99.0,0.05,4.95,94.05,45.54,45.54,paid,delivered,True,20260903
ORD-0005005-1,ORD-0005005,2026-06-20,凛御银灰-亚克力制品,1,48.0,0.05,2.4,45.6,16.8,16.8,paid,delivered,True,20260903
ORD-0005005-2,ORD-0005005,2026-06-20,黍-手办模玩,1,699.0,0.1,69.9,629.1,433.38,433.38,paid,delivered,True,20260903
ORD-0005006-1,ORD-0005006,2026-06-27,贝洛内-毛绒玩偶,1,128.0,0.0,0.0,128.0,61.44,61.44,paid,delivered,True,20260903
ORD-0005006-2,ORD-0005006,2026-06-27,真言-装饰摆件,1,89.0,0.1,8.9,80.1,37.38,37.38,paid,delivered,True,20260903
ORD-0005007-1,ORD-0005007,2026-08-02,娜斯提-日用生活,1,99.0,0.0,0.0,99.0,45.54,45.54,paid,delivered,True,20260903
ORD-0005007-2,ORD-0005007,2026-08-02,缇缇-毛绒玩偶,1,128.0,0.0,0.0,128.0,61.44,61.44,paid,delivered,True,20260903
ORD-0005008-1,ORD-0005008,2026-06-05,塑心-吧唧（徽章）,1,18.0,0.0,0.0,18.0,5.4,5.4,paid,delivered,True,20260903
ORD-0005009-1,ORD-0005009,2026-07-30,凯尔希·思衡托-日用生活,1,99.0,0.0,0.0,99.0,45.54,45.54,paid,delivered,True,20260903
ORD-0005009-2,ORD-0005009,2026-07-30,荒芜拉普兰德-通行证,1,39.0,0.0,0.0,39.0,12.48,12.48,paid,delivered,True,20260903
ORD-0005010-1,ORD-0005010,2026-08-06,塑心-日用生活,1,99.0,0.1,9.9,89.1,45.54,45.54,paid,delivered,True,20260903
ORD-0005010-2,ORD-0005010,2026-08-06,凯尔希·思衡托-装饰摆件,1,89.0,0.15,13.35,75.65,37.38,37.38,paid,delivered,True,20260903
ORD-0005011-1,ORD-0005011,2026-08-08,归溟幽灵鲨-手办模玩,1,699.0,0.0,0.0,699.0,433.38,433.38,paid,delivered,True,20260903
ORD-0005012-1,ORD-0005012,2026-06-14,真言-吧唧（徽章）,1,18.0,0.0,0.0,18.0,5.4,5.4,paid,delivered,True,20260903
ORD-0005013-1,ORD-0005013,2026-07-23,贝洛内-吧唧（徽章）,1,18.0,0.0,0.0,18.0,5.4,5.4,paid,delivered,True,20260903
ORD-0005014-1,ORD-0005014,2026-06-16,予愿安洁莉娜-装饰摆件,1,89.0,0.15,13.35,75.65,37.38,37.38,paid,delivered,True,20260903
ORD-0005015-1,ORD-0005015,2026-08-03,新约能天使-手办模玩,1,699.0,0.0,0.0,699.0,433.38,433.38,paid,delivered,True,20260903
ORD-0005016-1,ORD-0005016,2026-08-10,余-装饰摆件,1,89.0,0.0,0.0,89.0,37.38,37.38,paid,delivered,True,20260903
ORD-0005016-2,ORD-0005016,2026-08-10,死芒-手办模玩,1,699.0,0.0,0.0,699.0,433.38,433.38,paid,delivered,True,20260903
ORD-0005016-3,ORD-0005016,2026-08-10,塑心-通行证,1,39.0,0.05,1.95,37.05,12.48,12.48,paid,delivered,True,20260903
ORD-0005017-1,ORD-0005017,2026-06-21,新约能天使-装饰摆件,1,89.0,0.0,0.0,89.0,37.38,37.38,paid,delivered,True,20260903
ORD-0005018-1,ORD-0005018,2026-06-04,新约能天使-亚克力制品,1,48.0,0.05,2.4,45.6,16.8,16.8,paid,delivered,True,20260903
ORD-0005019-1,ORD-0005019,2026-07-12,真言-手办模玩,1,699.0,0.0,0.0,699.0,433.38,433.38,paid,delivered,True,20260903
ORD-0005020-1,ORD-0005020,2026-06-19,新约能天使-吧唧（徽章）,1,18.0,0.0,0.0,18.0,5.4,5.4,paid,delivered,True,20260903
ORD-0005021-1,ORD-0005021,2026-06-27,死芒-手办模玩,1,699.0,0.1,69.9,629.1,433.38,433.38,paid,delivered,True,20260903
ORD-0005022-1,ORD-0005022,2026-08-17,新约能天使-手办模玩,1,699.0,0.1,69.9,629.1,433.38,433.38,paid,delivered,True,20260903
ORD-0005022-2,ORD-0005022,2026-08-17,归溟幽灵鲨-吧唧（徽章）,1,18.0,0.1,1.8,16.2,5.4,5.4,paid,delivered,True,20260903
ORD-0005023-1,ORD-0005023,2026-07-15,予愿安洁莉娜-亚克力制品,1,48.0,0.0,0.0,48.0,16.8,16.8,paid,pending,True,20260903
ORD-0005024-1,ORD-0005024,2026-06-27,凯尔希·思衡托-装饰摆件,1,89.0,0.0,0.0,89.0,37.38,37.38,paid,delivered,True,20260903
ORD-0005024-2,ORD-0005024,2026-06-27,重岳-吧唧（徽章）,1,18.0,0.05,0.9,17.1,5.4,5.4,paid,delivered,True,20260903
ORD-0005025-1,ORD-0005025,2026-06-11,死芒-通行证,1,39.0,0.0,0.0,39.0,12.48,12.48,paid,delivered,True,20260903
ORD-0005026-1,ORD-0005026,2026-08-24,凛御银灰-吧唧（徽章）,1,18.0,0.0,0.0,18.0,5.4,5.4,paid,delivered,True,20260903
ORD-0005027-1,ORD-0005027,2026-07-08,凯尔希·思衡托-毛绒玩偶,1,128.0,0.0,0.0,128.0,61.44,61.44,paid,delivered,True,20260903
ORD-0005028-1,ORD-0005028,2026-08-03,纯烬艾雅法拉-亚克力制品,1,48.0,0.05,2.4,45.6,16.8,16.8,paid,delivered,True,20260903
ORD-0005029-1,ORD-0005029,2026-08-11,死芒-装饰摆件,1,89.0,0.1,8.9,80.1,37.38,37.38,cancelled,cancelled,True,20260903
ORD-0005029-2,ORD-0005029,2026-08-11,赤刃明霄陈-毛绒玩偶,1,128.0,0.1,12.8,115.2,61.44,61.44,cancelled,cancelled,True,20260903
ORD-0005030-1,ORD-0005030,2026-07-25,怒潮凛冬-手办模玩,2,699.0,0.1,139.8,1258.2,433.38,866.76,paid,delivered,True,20260903
ORD-0005031-1,ORD-0005031,2026-08-01,司霆惊蛰-毛绒玩偶,1,128.0,0.1,12.8,115.2,61.44,61.44,cancelled,cancelled,True,20260903
ORD-0005032-1,ORD-0005032,2026-08-17,缪尔赛思-毛绒玩偶,1,128.0,0.05,6.4,121.6,61.44,61.44,paid,delivered,True,20260903
ORD-0005033-1,ORD-0005033,2026-06-19,赤刃明霄陈-日用生活,2,99.0,0.05,9.9,188.1,45.54,91.08,paid,delivered,True,20260903
ORD-0005034-1,ORD-0005034,2026-07-15,归溟幽灵鲨-吧唧（徽章）,1,18.0,0.15,2.7,15.3,5.4,5.4,paid,shipped,True,20260903
ORD-0005035-1,ORD-0005035,2026-07-20,死芒-毛绒玩偶,1,128.0,0.05,6.4,121.6,61.44,61.44,paid,delivered,True,20260903
ORD-0005036-1,ORD-0005036,2026-08-22,予愿安洁莉娜-装饰摆件,2,89.0,0.05,8.9,169.1,37.38,74.76,paid,delivered,True,20260903
ORD-0005037-1,ORD-0005037,2026-06-17,予愿安洁莉娜-通行证,1,39.0,0.0,0.0,39.0,12.48,12.48,paid,delivered,True,20260903
ORD-0005038-1,ORD-0005038,2026-07-25,维娜·维多利亚-吧唧（徽章）,1,18.0,0.1,1.8,16.2,5.4,5.4,paid,delivered,True,20260903
ORD-0005038-2,ORD-0005038,2026-07-25,归溟幽灵鲨-亚克力制品,1,48.0,0.0,0.0,48.0,16.8,16.8,paid,delivered,True,20260903
ORD-0005039-1,ORD-0005039,2026-06-10,司霆惊蛰-亚克力制品,1,48.0,0.1,4.8,43.2,16.8,16.8,paid,delivered,True,20260903
ORD-0005040-1,ORD-0005040,2026-08-29,凯尔希·思衡托-通行证,1,39.0,0.1,3.9,35.1,12.48,12.48,paid,delivered,True,20260903
ORD-0005041-1,ORD-0005041,2026-07-21,真言-日用生活,1,99.0,0.0,0.0,99.0,45.54,45.54,paid,shipped,True,20260903
ORD-0005041-2,ORD-0005041,2026-07-21,缪尔赛思-日用生活,1,99.0,0.0,0.0,99.0,45.54,45.54,paid,shipped,True,20260903
ORD-0005042-1,ORD-0005042,2026-06-15,新约能天使-日用生活,1,99.0,0.0,0.0,99.0,45.54,45.54,paid,delivered,True,20260903
ORD-0005043-1,ORD-0005043,2026-07-21,纯烬艾雅法拉-日用生活,1,99.0,0.0,0.0,99.0,45.54,45.54,paid,delivered,True,20260903
ORD-0005044-1,ORD-0005044,2026-06-18,赤刃明霄陈-手办模玩,1,699.0,0.1,69.9,629.1,433.38,433.38,paid,delivered,True,20260903
ORD-0005044-2,ORD-0005044,2026-06-18,新约能天使-亚克力制品,1,48.0,0.0,0.0,48.0,16.8,16.8,paid,delivered,True,20260903
ORD-0005045-1,ORD-0005045,2026-07-08,Mon3tr-吧唧（徽章）,1,18.0,0.05,0.9,17.1,5.4,5.4,paid,delivered,True,20260903
ORD-0005046-1,ORD-0005046,2026-07-08,黍-装饰摆件,1,89.0,0.15,13.35,75.65,37.38,37.38,paid,delivered,True,20260903
ORD-0005047-1,ORD-0005047,2026-07-07,娜斯提-吧唧（徽章）,1,18.0,0.1,1.8,16.2,5.4,5.4,paid,delivered,True,20260903
ORD-0005047-2,ORD-0005047,2026-07-07,结城理-毛绒玩偶,2,128.0,0.1,25.6,230.4,61.44,122.88,paid,delivered,True,20260903
ORD-0005048-1,ORD-0005048,2026-07-25,娜斯提-通行证,1,39.0,0.0,0.0,39.0,12.48,12.48,paid,delivered,True,20260903
ORD-0005048-2,ORD-0005048,2026-07-25,缄默德克萨斯-日用生活,1,99.0,0.1,9.9,89.1,45.54,45.54,paid,delivered,True,20260903
ORD-0005049-1,ORD-0005049,2026-08-28,黍-手办模玩,1,699.0,0.0,0.0,699.0,433.38,433.38,paid,delivered,True,20260903
ORD-0005050-1,ORD-0005050,2026-08-03,佩佩-日用生活,1,99.0,0.0,0.0,99.0,45.54,45.54,paid,delivered,True,20260903
ORD-0005051-1,ORD-0005051,2026-06-19,佩佩-毛绒玩偶,1,128.0,0.0,0.0,128.0,61.44,61.44,paid,delivered,True,20260903
ORD-0005052-1,ORD-0005052,2026-06-23,佩佩-亚克力制品,1,48.0,0.0,0.0,48.0,16.8,16.8,paid,delivered,True,20260903
ORD-0005053-1,ORD-0005053,2026-08-16,重岳-吧唧（徽章）,1,18.0,0.05,0.9,17.1,5.4,5.4,paid,delivered,True,20260903
ORD-0005054-1,ORD-0005054,2026-07-01,酒神-吧唧（徽章）,1,18.0,0.0,0.0,18.0,5.4,5.4,paid,delivered,True,20260903
ORD-0005055-1,ORD-0005055,2026-08-02,望-亚克力制品,2,48.0,0.0,0.0,96.0,16.8,33.6,paid,delivered,True,20260903
ORD-0005055-2,ORD-0005055,2026-08-02,黍-手办模玩,1,699.0,0.0,0.0,699.0,433.38,433.38,paid,delivered,True,20260903
ORD-0005055-3,ORD-0005055,2026-08-02,谬因-日用生活,2,99.0,0.1,19.8,178.2,45.54,91.08,paid,delivered,True,20260903
ORD-0005056-1,ORD-0005056,2026-08-12,望-吧唧（徽章）,1,18.0,0.05,0.9,17.1,5.4,5.4,paid,delivered,True,20260903
ORD-0005057-1,ORD-0005057,2026-06-24,荒芜拉普兰德-手办模玩,1,699.0,0.05,34.95,664.05,433.38,433.38,paid,shipped,True,20260903
ORD-0005058-1,ORD-0005058,2026-07-01,新约能天使-手办模玩,1,699.0,0.0,0.0,699.0,433.38,433.38,paid,delivered,True,20260903
ORD-0005059-1,ORD-0005059,2026-06-01,真言-装饰摆件,1,89.0,0.0,0.0,89.0,37.38,37.38,paid,delivered,True,20260903
ORD-0005060-1,ORD-0005060,2026-08-05,缄默德克萨斯-吧唧（徽章）,1,18.0,0.0,0.0,18.0,5.4,5.4,paid,delivered,True,20260903
ORD-0005061-1,ORD-0005061,2026-07-29,予愿安洁莉娜-装饰摆件,1,89.0,0.0,0.0,89.0,37.38,37.38,paid,delivered,True,20260903
ORD-0005062-1,ORD-0005062,2026-08-06,荒芜拉普兰德-通行证,1,39.0,0.0,0.0,39.0,12.48,12.48,paid,delivered,True,20260903
ORD-0005063-1,ORD-0005063,2026-07-31,凛御银灰-日用生活,3,99.0,0.05,14.85,282.15,45.54,136.62,paid,delivered,True,20260903
ORD-0005063-2,ORD-0005063,2026-07-31,斩业星熊-吧唧（徽章）,1,18.0,0.0,0.0,18.0,5.4,5.4,paid,delivered,True,20260903
ORD-0005064-1,ORD-0005064,2026-08-04,真言-手办模玩,1,699.0,0.0,0.0,699.0,433.38,433.38,paid,delivered,True,20260903
ORD-0005065-1,ORD-0005065,2026-08-29,重岳-手办模玩,1,699.0,0.0,0.0,699.0,433.38,433.38,paid,delivered,True,20260903
ORD-0005065-2,ORD-0005065,2026-08-29,赤刃明霄陈-日用生活,1,99.0,0.0,0.0,99.0,45.54,45.54,paid,delivered,True,20260903
ORD-0005066-1,ORD-0005066,2026-08-17,死芒-手办模玩,2,699.0,0.1,139.8,1258.2,433.38,866.76,paid,delivered,True,20260903
ORD-0005066-2,ORD-0005066,2026-08-17,贝洛内-毛绒玩偶,1,128.0,0.05,6.4,121.6,61.44,61.44,paid,delivered,True,20260903
ORD-0005067-1,ORD-0005067,2026-07-26,谬因-亚克力制品,1,48.0,0.0,0.0,48.0,16.8,16.8,cancelled,cancelled,True,20260903
ORD-0005068-1,ORD-0005068,2026-06-11,缄默德克萨斯-装饰摆件,2,89.0,0.0,0.0,178.0,37.38,74.76,paid,shipped,True,20260903
ORD-0005068-2,ORD-0005068,2026-06-11,谬因-亚克力制品,1,48.0,0.15,7.2,40.8,16.8,16.8,paid,shipped,True,20260903
ORD-0005069-1,ORD-0005069,2026-08-12,望-日用生活,1,99.0,0.0,0.0,99.0,45.54,45.54,paid,delivered,True,20260903
ORD-0005070-1,ORD-0005070,2026-07-31,佩佩-日用生活,1,99.0,0.0,0.0,99.0,45.54,45.54,paid,delivered,True,20260903
ORD-0005071-1,ORD-0005071,2026-06-21,黍-日用生活,1,99.0,0.15,14.85,84.15,45.54,45.54,paid,delivered,True,20260903
ORD-0005071-2,ORD-0005071,2026-06-21,酒神-日用生活,1,99.0,0.05,4.95,94.05,45.54,45.54,paid,delivered,True,20260903
ORD-0005071-3,ORD-0005071,2026-06-21,死芒-日用生活,1,99.0,0.05,4.95,94.05,45.54,45.54,paid,delivered,True,20260903
ORD-0005072-1,ORD-0005072,2026-06-19,真言-日用生活,1,99.0,0.0,0.0,99.0,45.54,45.54,paid,delivered,True,20260903
ORD-0005073-1,ORD-0005073,2026-06-19,赤刃明霄陈-手办模玩,1,699.0,0.0,0.0,699.0,433.38,433.38,paid,delivered,True,20260903
ORD-0005074-1,ORD-0005074,2026-06-04,死芒-通行证,1,39.0,0.1,3.9,35.1,12.48,12.48,paid,delivered,True,20260903
ORD-0005074-2,ORD-0005074,2026-06-04,结城理-装饰摆件,1,89.0,0.05,4.45,84.55,37.38,37.38,paid,delivered,True,20260903
ORD-0005075-1,ORD-0005075,2026-07-30,佩佩-通行证,1,39.0,0.0,0.0,39.0,12.48,12.48,paid,delivered,True,20260903
ORD-0005076-1,ORD-0005076,2026-06-20,缄默德克萨斯-吧唧（徽章）,1,18.0,0.15,2.7,15.3,5.4,5.4,paid,delivered,True,20260903
ORD-0005077-1,ORD-0005077,2026-08-13,望-亚克力制品,1,48.0,0.1,4.8,43.2,16.8,16.8,paid,delivered,True,20260903
ORD-0005077-2,ORD-0005077,2026-08-13,黍-装饰摆件,1,89.0,0.1,8.9,80.1,37.38,37.38,paid,delivered,True,20260903
ORD-0005078-1,ORD-0005078,2026-06-24,娜斯提-毛绒玩偶,1,128.0,0.0,0.0,128.0,61.44,61.44,paid,delivered,True,20260903
ORD-0005079-1,ORD-0005079,2026-07-26,焰狐龙梓兰-吧唧（徽章）,1,18.0,0.0,0.0,18.0,5.4,5.4,paid,delivered,True,20260903
ORD-0005080-1,ORD-0005080,2026-08-18,赤刃明霄陈-通行证,1,39.0,0.0,0.0,39.0,12.48,12.48,paid,pending,True,20260903
ORD-0005080-2,ORD-0005080,2026-08-18,凯尔希·思衡托-日用生活,1,99.0,0.0,0.0,99.0,45.54,45.54,paid,pending,True,20260903
ORD-0005081-1,ORD-0005081,2026-07-31,娜斯提-通行证,2,39.0,0.05,3.9,74.1,12.48,24.96,paid,delivered,True,20260903
ORD-0005082-1,ORD-0005082,2026-08-11,予愿安洁莉娜-日用生活,1,99.0,0.0,0.0,99.0,45.54,45.54,paid,delivered,True,20260903
ORD-0005082-2,ORD-0005082,2026-08-11,缇缇-手办模玩,3,699.0,0.05,104.85,1992.15,433.38,1300.14,paid,delivered,True,20260903
ORD-0005083-1,ORD-0005083,2026-06-13,纯烬艾雅法拉-吧唧（徽章）,1,18.0,0.1,1.8,16.2,5.4,5.4,cancelled,cancelled,True,20260903
ORD-0005084-1,ORD-0005084,2026-06-15,归溟幽灵鲨-手办模玩,1,699.0,0.05,34.95,664.05,433.38,433.38,paid,delivered,True,20260903
ORD-0005084-2,ORD-0005084,2026-06-15,塑心-手办模玩,1,699.0,0.0,0.0,699.0,433.38,433.38,paid,delivered,True,20260903
ORD-0005085-1,ORD-0005085,2026-07-06,结城理-亚克力制品,1,48.0,0.1,4.8,43.2,16.8,16.8,paid,delivered,True,20260903
ORD-0005086-1,ORD-0005086,2026-06-10,Mon3tr-手办模玩,1,699.0,0.05,34.95,664.05,433.38,433.38,paid,delivered,True,20260903
ORD-0005086-2,ORD-0005086,2026-06-10,塑心-通行证,2,39.0,0.0,0.0,78.0,12.48,24.96,paid,delivered,True,20260903
ORD-0005086-3,ORD-0005086,2026-06-10,佩佩-亚克力制品,1,48.0,0.0,0.0,48.0,16.8,16.8,paid,delivered,True,20260903
ORD-0005087-1,ORD-0005087,2026-06-27,荒芜拉普兰德-亚克力制品,1,48.0,0.1,4.8,43.2,16.8,16.8,paid,delivered,True,20260903
ORD-0005087-2,ORD-0005087,2026-06-27,黍-吧唧（徽章）,1,18.0,0.05,0.9,17.1,5.4,5.4,paid,delivered,True,20260903
ORD-0005088-1,ORD-0005088,2026-07-17,凯尔希·思衡托-日用生活,1,99.0,0.0,0.0,99.0,45.54,45.54,paid,delivered,True,20260903
ORD-0005089-1,ORD-0005089,2026-08-16,塑心-亚克力制品,1,48.0,0.0,0.0,48.0,16.8,16.8,paid,delivered,True,20260903
ORD-0005090-1,ORD-0005090,2026-07-09,新约能天使-手办模玩,1,699.0,0.0,0.0,699.0,433.38,433.38,paid,delivered,True,20260903
ORD-0005091-1,ORD-0005091,2026-08-07,维娜·维多利亚-通行证,1,39.0,0.0,0.0,39.0,12.48,12.48,paid,delivered,True,20260903
ORD-0005092-1,ORD-0005092,2026-07-28,娜斯提-吧唧（徽章）,1,18.0,0.05,0.9,17.1,5.4,5.4,paid,shipped,True,20260903
ORD-0005093-1,ORD-0005093,2026-06-07,缪尔赛思-日用生活,1,99.0,0.15,14.85,84.15,45.54,45.54,paid,delivered,True,20260903
ORD-0005094-1,ORD-0005094,2026-08-07,重岳-亚克力制品,1,48.0,0.0,0.0,48.0,16.8,16.8,paid,delivered,True,20260903
ORD-0005095-1,ORD-0005095,2026-08-09,贝洛内-日用生活,2,99.0,0.1,19.8,178.2,45.54,91.08,paid,delivered,True,20260903
ORD-0005096-1,ORD-0005096,2026-08-14,予愿安洁莉娜-亚克力制品,1,48.0,0.0,0.0,48.0,16.8,16.8,paid,delivered,True,20260903
ORD-0005097-1,ORD-0005097,2026-07-05,塑心-手办模玩,1,699.0,0.1,69.9,629.1,433.38,433.38,paid,delivered,True,20260903
ORD-0005098-1,ORD-0005098,2026-06-11,酒神-手办模玩,1,699.0,0.0,0.0,699.0,433.38,433.38,paid,delivered,True,20260903
ORD-0005099-1,ORD-0005099,2026-07-21,缪尔赛思-手办模玩,1,699.0,0.1,69.9,629.1,433.38,433.38,paid,delivered,True,20260903
ORD-0005099-2,ORD-0005099,2026-07-21,重岳-亚克力制品,1,48.0,0.0,0.0,48.0,16.8,16.8,paid,delivered,True,20260903
ORD-0005100-1,ORD-0005100,2026-06-22,司霆惊蛰-通行证,2,39.0,0.1,7.8,70.2,12.48,24.96,paid,delivered,True,20260903
ORD-0005100-2,ORD-0005100,2026-06-22,斩业星熊-日用生活,1,99.0,0.0,0.0,99.0,45.54,45.54,paid,delivered,True,20260903
ORD-0005101-1,ORD-0005101,2026-07-01,黍-亚克力制品,1,48.0,0.15,7.2,40.8,16.8,16.8,paid,shipped,True,20260903
ORD-0005102-1,ORD-0005102,2026-07-19,赤刃明霄陈-通行证,1,39.0,0.0,0.0,39.0,12.48,12.48,paid,delivered,True,20260903
ORD-0005103-1,ORD-0005103,2026-06-16,谬因-日用生活,1,99.0,0.0,0.0,99.0,45.54,45.54,paid,shipped,True,20260903
ORD-0005104-1,ORD-0005104,2026-07-12,予愿安洁莉娜-吧唧（徽章）,1,18.0,0.1,1.8,16.2,5.4,5.4,paid,delivered,True,20260903
ORD-0005104-2,ORD-0005104,2026-07-12,酒神-装饰摆件,1,89.0,0.0,0.0,89.0,37.38,37.38,paid,delivered,True,20260903
ORD-0005105-1,ORD-0005105,2026-07-29,斩业星熊-吧唧（徽章）,1,18.0,0.0,0.0,18.0,5.4,5.4,paid,delivered,True,20260903
ORD-0005106-1,ORD-0005106,2026-06-23,贝洛内-手办模玩,1,699.0,0.0,0.0,699.0,433.38,433.38,paid,delivered,True,20260903
ORD-0005107-1,ORD-0005107,2026-07-11,司霆惊蛰-吧唧（徽章）,1,18.0,0.1,1.8,16.2,5.4,5.4,paid,delivered,True,20260903
ORD-0005107-2,ORD-0005107,2026-07-11,结城理-日用生活,1,99.0,0.1,9.9,89.1,45.54,45.54,paid,delivered,True,20260903
ORD-0005108-1,ORD-0005108,2026-07-17,纯烬艾雅法拉-毛绒玩偶,1,128.0,0.0,0.0,128.0,61.44,61.44,paid,delivered,True,20260903
ORD-0005109-1,ORD-0005109,2026-08-01,死芒-毛绒玩偶,1,128.0,0.0,0.0,128.0,61.44,61.44,paid,delivered,True,20260903
ORD-0005109-2,ORD-0005109,2026-08-01,余-日用生活,2,99.0,0.05,9.9,188.1,45.54,91.08,paid,delivered,True,20260903
ORD-0005110-1,ORD-0005110,2026-07-01,黍-装饰摆件,2,89.0,0.1,17.8,160.2,37.38,74.76,paid,delivered,True,20260903
ORD-0005111-1,ORD-0005111,2026-06-26,余-装饰摆件,1,89.0,0.1,8.9,80.1,37.38,37.38,paid,delivered,True,20260903
ORD-0005111-2,ORD-0005111,2026-06-26,死芒-亚克力制品,1,48.0,0.05,2.4,45.6,16.8,16.8,paid,delivered,True,20260903
ORD-0005112-1,ORD-0005112,2026-07-25,赤刃明霄陈-亚克力制品,1,48.0,0.0,0.0,48.0,16.8,16.8,paid,delivered,True,20260903
ORD-0005113-1,ORD-0005113,2026-06-14,缪尔赛思-日用生活,2,99.0,0.1,19.8,178.2,45.54,91.08,paid,delivered,True,20260903
ORD-0005114-1,ORD-0005114,2026-08-01,荒芜拉普兰德-吧唧（徽章）,1,18.0,0.05,0.9,17.1,5.4,5.4,paid,delivered,True,20260903
ORD-0005115-1,ORD-0005115,2026-08-09,结城理-吧唧（徽章）,1,18.0,0.0,0.0,18.0,5.4,5.4,paid,delivered,True,20260903
ORD-0005116-1,ORD-0005116,2026-07-19,望-日用生活,2,99.0,0.05,9.9,188.1,45.54,91.08,paid,delivered,True,20260903
ORD-0005117-1,ORD-0005117,2026-07-28,归溟幽灵鲨-吧唧（徽章）,1,18.0,0.0,0.0,18.0,5.4,5.4,paid,delivered,True,20260903
ORD-0005118-1,ORD-0005118,2026-06-15,真言-装饰摆件,1,89.0,0.0,0.0,89.0,37.38,37.38,paid,delivered,True,20260903
ORD-0005119-1,ORD-0005119,2026-07-25,新约能天使-毛绒玩偶,1,128.0,0.0,0.0,128.0,61.44,61.44,paid,delivered,True,20260903
ORD-0005120-1,ORD-0005120,2026-08-03,佩佩-亚克力制品,1,48.0,0.0,0.0,48.0,16.8,16.8,paid,delivered,True,20260903
ORD-0005120-2,ORD-0005120,2026-08-03,纯烬艾雅法拉-装饰摆件,1,89.0,0.1,8.9,80.1,37.38,37.38,paid,delivered,True,20260903
ORD-0005121-1,ORD-0005121,2026-07-03,Mon3tr-装饰摆件,1,89.0,0.15,13.35,75.65,37.38,37.38,paid,delivered,True,20260903
ORD-0005122-1,ORD-0005122,2026-07-28,塑心-亚克力制品,3,48.0,0.0,0.0,144.0,16.8,50.4,paid,delivered,True,20260903
ORD-0005123-1,ORD-0005123,2026-07-05,娜斯提-吧唧（徽章）,1,18.0,0.1,1.8,16.2,5.4,5.4,paid,delivered,True,20260903
ORD-0005124-1,ORD-0005124,2026-08-05,凯尔希·思衡托-吧唧（徽章）,2,18.0,0.15,5.4,30.6,5.4,10.8,cancelled,cancelled,True,20260903
ORD-0005125-1,ORD-0005125,2026-06-21,Mon3tr-毛绒玩偶,1,128.0,0.05,6.4,121.6,61.44,61.44,paid,delivered,True,20260903
ORD-0005126-1,ORD-0005126,2026-07-18,结城理-装饰摆件,1,89.0,0.0,0.0,89.0,37.38,37.38,paid,delivered,True,20260903
ORD-0005126-2,ORD-0005126,2026-07-18,死芒-日用生活,1,99.0,0.0,0.0,99.0,45.54,45.54,paid,delivered,True,20260903
ORD-0005127-1,ORD-0005127,2026-07-22,缄默德克萨斯-装饰摆件,1,89.0,0.0,0.0,89.0,37.38,37.38,paid,delivered,True,20260903
ORD-0005128-1,ORD-0005128,2026-07-28,归溟幽灵鲨-吧唧（徽章）,1,18.0,0.0,0.0,18.0,5.4,5.4,paid,delivered,True,20260903
ORD-0005129-1,ORD-0005129,2026-08-07,归溟幽灵鲨-通行证,1,39.0,0.1,3.9,35.1,12.48,12.48,paid,delivered,True,20260903
ORD-0005130-1,ORD-0005130,2026-08-23,赤刃明霄陈-毛绒玩偶,1,128.0,0.05,6.4,121.6,61.44,61.44,paid,shipped,True,20260903
ORD-0005131-1,ORD-0005131,2026-07-07,荒芜拉普兰德-毛绒玩偶,1,128.0,0.0,0.0,128.0,61.44,61.44,paid,delivered,True,20260903
ORD-0005132-1,ORD-0005132,2026-07-04,娜斯提-装饰摆件,2,89.0,0.0,0.0,178.0,37.38,74.76,paid,delivered,True,20260903
ORD-0005133-1,ORD-0005133,2026-06-18,谬因-亚克力制品,2,48.0,0.0,0.0,96.0,16.8,33.6,paid,delivered,True,20260903
ORD-0005133-2,ORD-0005133,2026-06-18,归溟幽灵鲨-毛绒玩偶,2,128.0,0.0,0.0,256.0,61.44,122.88,paid,delivered,True,20260903
ORD-0005134-1,ORD-0005134,2026-08-29,纯烬艾雅法拉-装饰摆件,1,89.0,0.1,8.9,80.1,37.38,37.38,paid,delivered,True,20260903
ORD-0005134-2,ORD-0005134,2026-08-29,归溟幽灵鲨-装饰摆件,1,89.0,0.05,4.45,84.55,37.38,37.38,paid,delivered,True,20260903
ORD-0005134-3,ORD-0005134,2026-08-29,酒神-亚克力制品,1,48.0,0.0,0.0,48.0,16.8,16.8,paid,delivered,True,20260903
ORD-0005135-1,ORD-0005135,2026-08-22,酒神-吧唧（徽章）,2,18.0,0.0,0.0,36.0,5.4,10.8,paid,shipped,True,20260903
ORD-0005136-1,ORD-0005136,2026-06-29,新约能天使-手办模玩,2,699.0,0.0,0.0,1398.0,433.38,866.76,paid,delivered,True,20260903
ORD-0005137-1,ORD-0005137,2026-08-27,谬因-通行证,1,39.0,0.0,0.0,39.0,12.48,12.48,paid,delivered,True,20260903
ORD-0005138-1,ORD-0005138,2026-06-17,新约能天使-手办模玩,1,699.0,0.05,34.95,664.05,433.38,433.38,paid,delivered,True,20260903
ORD-0005139-1,ORD-0005139,2026-08-20,凛御银灰-日用生活,1,99.0,0.0,0.0,99.0,45.54,45.54,paid,delivered,True,20260903
ORD-0005139-2,ORD-0005139,2026-08-20,怒潮凛冬-吧唧（徽章）,1,18.0,0.0,0.0,18.0,5.4,5.4,paid,delivered,True,20260903
ORD-0005140-1,ORD-0005140,2026-07-02,司霆惊蛰-日用生活,1,99.0,0.0,0.0,99.0,45.54,45.54,paid,delivered,True,20260903
ORD-0005141-1,ORD-0005141,2026-06-24,酒神-手办模玩,1,699.0,0.0,0.0,699.0,433.38,433.38,paid,delivered,True,20260903
ORD-0005142-1,ORD-0005142,2026-08-11,予愿安洁莉娜-装饰摆件,1,89.0,0.1,8.9,80.1,37.38,37.38,cancelled,cancelled,True,20260903
ORD-0005143-1,ORD-0005143,2026-08-09,缪尔赛思-亚克力制品,1,48.0,0.1,4.8,43.2,16.8,16.8,paid,delivered,True,20260903
ORD-0005144-1,ORD-0005144,2026-08-22,予愿安洁莉娜-手办模玩,1,699.0,0.0,0.0,699.0,433.38,433.38,paid,shipped,True,20260903
ORD-0005145-1,ORD-0005145,2026-06-16,归溟幽灵鲨-毛绒玩偶,1,128.0,0.05,6.4,121.6,61.44,61.44,paid,shipped,True,20260903
ORD-0005146-1,ORD-0005146,2026-06-23,凛御银灰-日用生活,1,99.0,0.1,9.9,89.1,45.54,45.54,paid,delivered,True,20260903
ORD-0005147-1,ORD-0005147,2026-06-04,归溟幽灵鲨-日用生活,1,99.0,0.0,0.0,99.0,45.54,45.54,paid,delivered,True,20260903
ORD-0005148-1,ORD-0005148,2026-06-11,重岳-通行证,1,39.0,0.0,0.0,39.0,12.48,12.48,paid,delivered,True,20260903
ORD-0005149-1,ORD-0005149,2026-08-25,酒神-吧唧（徽章）,1,18.0,0.0,0.0,18.0,5.4,5.4,paid,delivered,True,20260903
ORD-0005150-1,ORD-0005150,2026-06-12,余-手办模玩,1,699.0,0.1,69.9,629.1,433.38,433.38,paid,delivered,True,20260903
ORD-0005150-2,ORD-0005150,2026-06-12,Mon3tr-亚克力制品,1,48.0,0.1,4.8,43.2,16.8,16.8,paid,delivered,True,20260903
ORD-0005151-1,ORD-0005151,2026-08-15,焰狐龙梓兰-装饰摆件,1,89.0,0.15,13.35,75.65,37.38,37.38,paid,delivered,True,20260903
ORD-0005152-1,ORD-0005152,2026-07-29,凯尔希·思衡托-日用生活,2,99.0,0.15,29.7,168.3,45.54,91.08,paid,delivered,True,20260903
ORD-0005153-1,ORD-0005153,2026-07-29,谬因-装饰摆件,1,89.0,0.0,0.0,89.0,37.38,37.38,paid,delivered,True,20260903
ORD-0005154-1,ORD-0005154,2026-08-02,荒芜拉普兰德-手办模玩,1,699.0,0.0,0.0,699.0,433.38,433.38,paid,delivered,True,20260903
ORD-0005154-2,ORD-0005154,2026-08-02,重岳-毛绒玩偶,2,128.0,0.0,0.0,256.0,61.44,122.88,paid,delivered,True,20260903
ORD-0005154-3,ORD-0005154,2026-08-02,维娜·维多利亚-毛绒玩偶,1,128.0,0.05,6.4,121.6,61.44,61.44,paid,delivered,True,20260903
ORD-0005155-1,ORD-0005155,2026-06-13,重岳-手办模玩,1,699.0,0.1,69.9,629.1,433.38,433.38,paid,delivered,True,20260903
ORD-0005156-1,ORD-0005156,2026-08-08,结城理-日用生活,1,99.0,0.0,0.0,99.0,45.54,45.54,paid,delivered,True,20260903
ORD-0005157-1,ORD-0005157,2026-06-19,荒芜拉普兰德-日用生活,1,99.0,0.0,0.0,99.0,45.54,45.54,paid,delivered,True,20260903
ORD-0005158-1,ORD-0005158,2026-06-17,新约能天使-装饰摆件,1,89.0,0.05,4.45,84.55,37.38,37.38,paid,delivered,True,20260903
ORD-0005159-1,ORD-0005159,2026-06-25,凯尔希·思衡托-手办模玩,1,699.0,0.0,0.0,699.0,433.38,433.38,paid,delivered,True,20260903
ORD-0005160-1,ORD-0005160,2026-06-24,娜斯提-日用生活,1,99.0,0.1,9.9,89.1,45.54,45.54,paid,delivered,True,20260903
ORD-0005161-1,ORD-0005161,2026-07-27,娜斯提-亚克力制品,1,48.0,0.0,0.0,48.0,16.8,16.8,paid,delivered,True,20260903
ORD-0005161-2,ORD-0005161,2026-07-27,归溟幽灵鲨-手办模玩,1,699.0,0.05,34.95,664.05,433.38,433.38,paid,delivered,True,20260903
ORD-0005162-1,ORD-0005162,2026-06-21,缄默德克萨斯-日用生活,1,99.0,0.1,9.9,89.1,45.54,45.54,paid,delivered,True,20260903
ORD-0005163-1,ORD-0005163,2026-06-10,Mon3tr-亚克力制品,1,48.0,0.05,2.4,45.6,16.8,16.8,paid,delivered,True,20260903
ORD-0005163-2,ORD-0005163,2026-06-10,缪尔赛思-日用生活,1,99.0,0.0,0.0,99.0,45.54,45.54,paid,delivered,True,20260903
ORD-0005164-1,ORD-0005164,2026-08-03,归溟幽灵鲨-日用生活,1,99.0,0.05,4.95,94.05,45.54,45.54,paid,delivered,True,20260903
ORD-0005165-1,ORD-0005165,2026-08-01,司霆惊蛰-通行证,1,39.0,0.1,3.9,35.1,12.48,12.48,paid,delivered,True,20260903
ORD-0005166-1,ORD-0005166,2026-08-02,死芒-日用生活,1,99.0,0.15,14.85,84.15,45.54,45.54,paid,delivered,True,20260903
ORD-0005167-1,ORD-0005167,2026-06-28,重岳-亚克力制品,1,48.0,0.1,4.8,43.2,16.8,16.8,paid,delivered,True,20260903
ORD-0005168-1,ORD-0005168,2026-06-19,Mon3tr-日用生活,1,99.0,0.0,0.0,99.0,45.54,45.54,paid,delivered,True,20260903
ORD-0005168-2,ORD-0005168,2026-06-19,Mon3tr-吧唧（徽章）,1,18.0,0.1,1.8,16.2,5.4,5.4,paid,delivered,True,20260903
ORD-0005169-1,ORD-0005169,2026-06-02,望-通行证,1,39.0,0.0,0.0,39.0,12.48,12.48,paid,pending,True,20260903
ORD-0005170-1,ORD-0005170,2026-06-28,荒芜拉普兰德-毛绒玩偶,1,128.0,0.0,0.0,128.0,61.44,61.44,paid,delivered,True,20260903
ORD-0005171-1,ORD-0005171,2026-07-26,Mon3tr-日用生活,1,99.0,0.0,0.0,99.0,45.54,45.54,paid,delivered,True,20260903
ORD-0005172-1,ORD-0005172,2026-08-04,归溟幽灵鲨-毛绒玩偶,2,128.0,0.0,0.0,256.0,61.44,122.88,paid,delivered,True,20260903
ORD-0005173-1,ORD-0005173,2026-06-30,怒潮凛冬-毛绒玩偶,1,128.0,0.0,0.0,128.0,61.44,61.44,paid,delivered,True,20260903
ORD-0005174-1,ORD-0005174,2026-07-16,维娜·维多利亚-通行证,1,39.0,0.05,1.95,37.05,12.48,12.48,paid,delivered,True,20260903
ORD-0005175-1,ORD-0005175,2026-06-19,望-吧唧（徽章）,2,18.0,0.1,3.6,32.4,5.4,10.8,paid,delivered,True,20260903
ORD-0005176-1,ORD-0005176,2026-07-20,司霆惊蛰-手办模玩,1,699.0,0.1,69.9,629.1,433.38,433.38,paid,delivered,True,20260903
ORD-0005177-1,ORD-0005177,2026-07-10,纯烬艾雅法拉-亚克力制品,1,48.0,0.0,0.0,48.0,16.8,16.8,paid,delivered,True,20260903
ORD-0005177-2,ORD-0005177,2026-07-10,娜斯提-通行证,1,39.0,0.0,0.0,39.0,12.48,12.48,paid,delivered,True,20260903
ORD-0005178-1,ORD-0005178,2026-07-20,贝洛内-吧唧（徽章）,1,18.0,0.0,0.0,18.0,5.4,5.4,paid,delivered,True,20260903
ORD-0005179-1,ORD-0005179,2026-07-13,焰狐龙梓兰-吧唧（徽章）,1,18.0,0.0,0.0,18.0,5.4,5.4,paid,delivered,True,20260903
ORD-0005180-1,ORD-0005180,2026-06-29,予愿安洁莉娜-通行证,1,39.0,0.0,0.0,39.0,12.48,12.48,paid,delivered,True,20260903
ORD-0005181-1,ORD-0005181,2026-08-16,死芒-亚克力制品,1,48.0,0.1,4.8,43.2,16.8,16.8,paid,delivered,True,20260903
ORD-0005181-2,ORD-0005181,2026-08-16,缪尔赛思-通行证,1,39.0,0.0,0.0,39.0,12.48,12.48,paid,delivered,True,20260903
ORD-0005182-1,ORD-0005182,2026-07-25,怒潮凛冬-亚克力制品,1,48.0,0.0,0.0,48.0,16.8,16.8,paid,delivered,True,20260903
ORD-0005182-2,ORD-0005182,2026-07-25,司霆惊蛰-装饰摆件,1,89.0,0.1,8.9,80.1,37.38,37.38,paid,delivered,True,20260903
ORD-0005183-1,ORD-0005183,2026-08-27,纯烬艾雅法拉-吧唧（徽章）,1,18.0,0.0,0.0,18.0,5.4,5.4,paid,delivered,True,20260903
ORD-0005184-1,ORD-0005184,2026-08-15,怒潮凛冬-通行证,1,39.0,0.0,0.0,39.0,12.48,12.48,paid,delivered,True,20260903
ORD-0005185-1,ORD-0005185,2026-06-09,死芒-通行证,1,39.0,0.1,3.9,35.1,12.48,12.48,paid,delivered,True,20260903
ORD-0005186-1,ORD-0005186,2026-06-26,赤刃明霄陈-通行证,1,39.0,0.0,0.0,39.0,12.48,12.48,paid,delivered,True,20260903
ORD-0005187-1,ORD-0005187,2026-06-03,缪尔赛思-毛绒玩偶,1,128.0,0.05,6.4,121.6,61.44,61.44,paid,delivered,True,20260903
ORD-0005188-1,ORD-0005188,2026-06-18,Mon3tr-吧唧（徽章）,1,18.0,0.0,0.0,18.0,5.4,5.4,paid,delivered,True,20260903
ORD-0005189-1,ORD-0005189,2026-07-03,凛御银灰-日用生活,1,99.0,0.0,0.0,99.0,45.54,45.54,paid,delivered,True,20260903
ORD-0005190-1,ORD-0005190,2026-07-21,望-毛绒玩偶,1,128.0,0.05,6.4,121.6,61.44,61.44,paid,delivered,True,20260903
ORD-0005191-1,ORD-0005191,2026-06-18,赤刃明霄陈-通行证,1,39.0,0.15,5.85,33.15,12.48,12.48,paid,delivered,True,20260903
ORD-0005191-2,ORD-0005191,2026-06-18,司霆惊蛰-手办模玩,1,699.0,0.05,34.95,664.05,433.38,433.38,paid,delivered,True,20260903
ORD-0005192-1,ORD-0005192,2026-06-15,结城理-亚克力制品,1,48.0,0.05,2.4,45.6,16.8,16.8,paid,delivered,True,20260903
ORD-0005193-1,ORD-0005193,2026-07-03,荒芜拉普兰德-亚克力制品,1,48.0,0.0,0.0,48.0,16.8,16.8,paid,delivered,True,20260903
ORD-0005193-2,ORD-0005193,2026-07-03,凯尔希·思衡托-通行证,1,39.0,0.0,0.0,39.0,12.48,12.48,paid,delivered,True,20260903
ORD-0005194-1,ORD-0005194,2026-06-28,缄默德克萨斯-吧唧（徽章）,1,18.0,0.0,0.0,18.0,5.4,5.4,paid,delivered,True,20260903
ORD-0005195-1,ORD-0005195,2026-07-23,凛御银灰-毛绒玩偶,1,128.0,0.1,12.8,115.2,61.44,61.44,paid,delivered,True,20260903
ORD-0005195-2,ORD-0005195,2026-07-23,Mon3tr-通行证,1,39.0,0.0,0.0,39.0,12.48,12.48,paid,delivered,True,20260903
ORD-0005196-1,ORD-0005196,2026-08-09,焰狐龙梓兰-日用生活,1,99.0,0.05,4.95,94.05,45.54,45.54,paid,delivered,True,20260903
ORD-0005196-2,ORD-0005196,2026-08-09,凛御银灰-装饰摆件,1,89.0,0.0,0.0,89.0,37.38,37.38,paid,delivered,True,20260903
ORD-0005197-1,ORD-0005197,2026-06-21,维娜·维多利亚-毛绒玩偶,1,128.0,0.0,0.0,128.0,61.44,61.44,paid,delivered,True,20260903
ORD-0005198-1,ORD-0005198,2026-08-09,凯尔希·思衡托-亚克力制品,1,48.0,0.15,7.2,40.8,16.8,16.8,paid,shipped,True,20260903
ORD-0005199-1,ORD-0005199,2026-07-20,缪尔赛思-日用生活,1,99.0,0.0,0.0,99.0,45.54,45.54,paid,delivered,True,20260903
ORD-0005200-1,ORD-0005200,2026-08-17,司霆惊蛰-通行证,1,39.0,0.0,0.0,39.0,12.48,12.48,paid,delivered,True,20260903
ORD-0005201-1,ORD-0005201,2026-06-20,黍-吧唧（徽章）,1,18.0,0.0,0.0,18.0,5.4,5.4,paid,delivered,True,20260903
ORD-0005201-2,ORD-0005201,2026-06-20,望-亚克力制品,1,48.0,0.05,2.4,45.6,16.8,16.8,paid,delivered,True,20260903
ORD-0005202-1,ORD-0005202,2026-06-20,赤刃明霄陈-装饰摆件,1,89.0,0.1,8.9,80.1,37.38,37.38,paid,delivered,True,20260903
ORD-0005203-1,ORD-0005203,2026-06-19,凯尔希·思衡托-日用生活,1,99.0,0.0,0.0,99.0,45.54,45.54,paid,delivered,True,20260903
ORD-0005204-1,ORD-0005204,2026-08-28,缪尔赛思-亚克力制品,1,48.0,0.0,0.0,48.0,16.8,16.8,paid,delivered,True,20260903
ORD-0005205-1,ORD-0005205,2026-07-28,死芒-手办模玩,1,699.0,0.0,0.0,699.0,433.38,433.38,cancelled,cancelled,True,20260903
ORD-0005206-1,ORD-0005206,2026-07-31,新约能天使-手办模玩,1,699.0,0.1,69.9,629.1,433.38,433.38,paid,delivered,True,20260903
ORD-0005206-2,ORD-0005206,2026-07-31,新约能天使-装饰摆件,1,89.0,0.0,0.0,89.0,37.38,37.38,paid,delivered,True,20260903
ORD-0005207-1,ORD-0005207,2026-06-15,斩业星熊-亚克力制品,1,48.0,0.0,0.0,48.0,16.8,16.8,paid,delivered,True,20260903
ORD-0005208-1,ORD-0005208,2026-06-06,斩业星熊-装饰摆件,1,89.0,0.0,0.0,89.0,37.38,37.38,paid,delivered,True,20260903
ORD-0005209-1,ORD-0005209,2026-07-11,结城理-日用生活,1,99.0,0.0,0.0,99.0,45.54,45.54,paid,delivered,True,20260903
ORD-0005209-2,ORD-0005209,2026-07-11,新约能天使-日用生活,2,99.0,0.15,29.7,168.3,45.54,91.08,paid,delivered,True,20260903
ORD-0005210-1,ORD-0005210,2026-07-22,结城理-毛绒玩偶,3,128.0,0.0,0.0,384.0,61.44,184.32,paid,delivered,True,20260903
ORD-0005211-1,ORD-0005211,2026-06-17,黍-毛绒玩偶,2,128.0,0.05,12.8,243.2,61.44,122.88,cancelled,cancelled,True,20260903
ORD-0005212-1,ORD-0005212,2026-07-19,新约能天使-毛绒玩偶,1,128.0,0.0,0.0,128.0,61.44,61.44,paid,delivered,True,20260903
ORD-0005212-2,ORD-0005212,2026-07-19,凯尔希·思衡托-装饰摆件,1,89.0,0.1,8.9,80.1,37.38,37.38,paid,delivered,True,20260903
ORD-0005213-1,ORD-0005213,2026-06-01,予愿安洁莉娜-吧唧（徽章）,1,18.0,0.1,1.8,16.2,5.4,5.4,cancelled,cancelled,True,20260903
ORD-0005214-1,ORD-0005214,2026-06-21,塑心-通行证,1,39.0,0.1,3.9,35.1,12.48,12.48,paid,pending,True,20260903
ORD-0005214-2,ORD-0005214,2026-06-21,予愿安洁莉娜-吧唧（徽章）,1,18.0,0.1,1.8,16.2,5.4,5.4,paid,pending,True,20260903
ORD-0005215-1,ORD-0005215,2026-07-04,Mon3tr-手办模玩,1,699.0,0.0,0.0,699.0,433.38,433.38,paid,delivered,True,20260903
ORD-0005216-1,ORD-0005216,2026-08-18,死芒-毛绒玩偶,2,128.0,0.0,0.0,256.0,61.44,122.88,paid,delivered,True,20260903
ORD-0005217-1,ORD-0005217,2026-06-21,维娜·维多利亚-日用生活,1,99.0,0.1,9.9,89.1,45.54,45.54,paid,delivered,True,20260903
ORD-0005218-1,ORD-0005218,2026-08-17,新约能天使-手办模玩,1,699.0,0.1,69.9,629.1,433.38,433.38,paid,delivered,True,20260903
ORD-0005219-1,ORD-0005219,2026-06-16,凛御银灰-通行证,1,39.0,0.15,5.85,33.15,12.48,12.48,paid,shipped,True,20260903
ORD-0005220-1,ORD-0005220,2026-07-13,缪尔赛思-毛绒玩偶,1,128.0,0.1,12.8,115.2,61.44,61.44,paid,delivered,True,20260903
ORD-0005221-1,ORD-0005221,2026-06-23,塑心-装饰摆件,1,89.0,0.1,8.9,80.1,37.38,37.38,paid,delivered,True,20260903
ORD-0005222-1,ORD-0005222,2026-07-16,归溟幽灵鲨-日用生活,1,99.0,0.1,9.9,89.1,45.54,45.54,paid,delivered,True,20260903
ORD-0005223-1,ORD-0005223,2026-06-22,赤刃明霄陈-吧唧（徽章）,1,18.0,0.0,0.0,18.0,5.4,5.4,paid,delivered,True,20260903
ORD-0005223-2,ORD-0005223,2026-06-22,娜斯提-日用生活,1,99.0,0.0,0.0,99.0,45.54,45.54,paid,delivered,True,20260903
ORD-0005224-1,ORD-0005224,2026-08-02,贝洛内-通行证,1,39.0,0.05,1.95,37.05,12.48,12.48,paid,delivered,True,20260903
ORD-0005225-1,ORD-0005225,2026-06-01,余-日用生活,3,99.0,0.0,0.0,297.0,45.54,136.62,paid,delivered,True,20260903
ORD-0005226-1,ORD-0005226,2026-08-09,死芒-通行证,1,39.0,0.0,0.0,39.0,12.48,12.48,paid,delivered,True,20260903
ORD-0005226-2,ORD-0005226,2026-08-09,缄默德克萨斯-日用生活,1,99.0,0.0,0.0,99.0,45.54,45.54,paid,delivered,True,20260903
ORD-0005226-3,ORD-0005226,2026-08-09,Mon3tr-吧唧（徽章）,1,18.0,0.1,1.8,16.2,5.4,5.4,paid,delivered,True,20260903
ORD-0005227-1,ORD-0005227,2026-06-17,凯尔希·思衡托-装饰摆件,1,89.0,0.0,0.0,89.0,37.38,37.38,paid,delivered,True,20260903
ORD-0005227-2,ORD-0005227,2026-06-17,斩业星熊-日用生活,1,99.0,0.0,0.0,99.0,45.54,45.54,paid,delivered,True,20260903
ORD-0005228-1,ORD-0005228,2026-06-24,谬因-手办模玩,1,699.0,0.0,0.0,699.0,433.38,433.38,paid,delivered,True,20260903
ORD-0005229-1,ORD-0005229,2026-06-16,归溟幽灵鲨-吧唧（徽章）,2,18.0,0.1,3.6,32.4,5.4,10.8,paid,delivered,True,20260903
ORD-0005230-1,ORD-0005230,2026-06-30,Mon3tr-通行证,1,39.0,0.1,3.9,35.1,12.48,12.48,paid,delivered,True,20260903
ORD-0005231-1,ORD-0005231,2026-08-03,维娜·维多利亚-吧唧（徽章）,1,18.0,0.0,0.0,18.0,5.4,5.4,paid,delivered,True,20260903
ORD-0005232-1,ORD-0005232,2026-08-22,司霆惊蛰-毛绒玩偶,1,128.0,0.1,12.8,115.2,61.44,61.44,paid,delivered,True,20260903
ORD-0005233-1,ORD-0005233,2026-07-08,缪尔赛思-吧唧（徽章）,1,18.0,0.05,0.9,17.1,5.4,5.4,paid,pending,True,20260903
ORD-0005234-1,ORD-0005234,2026-07-15,焰狐龙梓兰-通行证,1,39.0,0.0,0.0,39.0,12.48,12.48,paid,delivered,True,20260903
ORD-0005234-2,ORD-0005234,2026-07-15,贝洛内-通行证,1,39.0,0.05,1.95,37.05,12.48,12.48,paid,delivered,True,20260903
ORD-0005235-1,ORD-0005235,2026-06-16,缄默德克萨斯-吧唧（徽章）,1,18.0,0.0,0.0,18.0,5.4,5.4,paid,delivered,True,20260903
ORD-0005236-1,ORD-0005236,2026-08-15,凯尔希·思衡托-日用生活,1,99.0,0.0,0.0,99.0,45.54,45.54,paid,delivered,True,20260903
ORD-0005237-1,ORD-0005237,2026-06-20,缇缇-毛绒玩偶,2,128.0,0.0,0.0,256.0,61.44,122.88,paid,delivered,True,20260903
ORD-0005238-1,ORD-0005238,2026-08-01,死芒-毛绒玩偶,1,128.0,0.0,0.0,128.0,61.44,61.44,paid,delivered,True,20260903
ORD-0005239-1,ORD-0005239,2026-08-21,归溟幽灵鲨-日用生活,1,99.0,0.0,0.0,99.0,45.54,45.54,paid,delivered,True,20260903
ORD-0005240-1,ORD-0005240,2026-06-06,佩佩-毛绒玩偶,1,128.0,0.0,0.0,128.0,61.44,61.44,paid,delivered,True,20260903
ORD-0005241-1,ORD-0005241,2026-06-15,新约能天使-日用生活,1,99.0,0.0,0.0,99.0,45.54,45.54,paid,delivered,True,20260903
ORD-0005242-1,ORD-0005242,2026-08-03,望-手办模玩,1,699.0,0.0,0.0,699.0,433.38,433.38,paid,delivered,True,20260903
ORD-0005243-1,ORD-0005243,2026-08-02,贝洛内-毛绒玩偶,1,128.0,0.05,6.4,121.6,61.44,61.44,paid,delivered,True,20260903
ORD-0005243-2,ORD-0005243,2026-08-02,Mon3tr-日用生活,1,99.0,0.0,0.0,99.0,45.54,45.54,paid,delivered,True,20260903
ORD-0005244-1,ORD-0005244,2026-08-01,重岳-毛绒玩偶,2,128.0,0.05,12.8,243.2,61.44,122.88,paid,delivered,True,20260903
ORD-0005244-2,ORD-0005244,2026-08-01,贝洛内-装饰摆件,1,89.0,0.0,0.0,89.0,37.38,37.38,paid,delivered,True,20260903
ORD-0005245-1,ORD-0005245,2026-07-26,酒神-吧唧（徽章）,1,18.0,0.1,1.8,16.2,5.4,5.4,cancelled,cancelled,True,20260903
ORD-0005246-1,ORD-0005246,2026-07-25,黍-手办模玩,1,699.0,0.0,0.0,699.0,433.38,433.38,paid,delivered,True,20260903
ORD-0005246-2,ORD-0005246,2026-07-25,酒神-通行证,1,39.0,0.05,1.95,37.05,12.48,12.48,paid,delivered,True,20260903
ORD-0005247-1,ORD-0005247,2026-07-27,真言-装饰摆件,1,89.0,0.0,0.0,89.0,37.38,37.38,paid,delivered,True,20260903
ORD-0005248-1,ORD-0005248,2026-08-29,佩佩-毛绒玩偶,1,128.0,0.05,6.4,121.6,61.44,61.44,paid,delivered,True,20260903
ORD-0005249-1,ORD-0005249,2026-08-06,缪尔赛思-装饰摆件,1,89.0,0.1,8.9,80.1,37.38,37.38,paid,delivered,True,20260903
ORD-0005249-2,ORD-0005249,2026-08-06,缪尔赛思-吧唧（徽章）,2,18.0,0.0,0.0,36.0,5.4,10.8,paid,delivered,True,20260903
ORD-0005250-1,ORD-0005250,2026-07-20,重岳-毛绒玩偶,1,128.0,0.05,6.4,121.6,61.44,61.44,paid,delivered,True,20260903
ORD-0005251-1,ORD-0005251,2026-06-11,归溟幽灵鲨-亚克力制品,1,48.0,0.0,0.0,48.0,16.8,16.8,paid,delivered,True,20260903
ORD-0005252-1,ORD-0005252,2026-06-07,黍-装饰摆件,2,89.0,0.1,17.8,160.2,37.38,74.76,paid,delivered,True,20260903
ORD-0005253-1,ORD-0005253,2026-08-08,新约能天使-毛绒玩偶,1,128.0,0.1,12.8,115.2,61.44,61.44,paid,delivered,True,20260903
ORD-0005253-2,ORD-0005253,2026-08-08,塑心-亚克力制品,1,48.0,0.0,0.0,48.0,16.8,16.8,paid,delivered,True,20260903
ORD-0005253-3,ORD-0005253,2026-08-08,佩佩-通行证,1,39.0,0.0,0.0,39.0,12.48,12.48,paid,delivered,True,20260903
ORD-0005254-1,ORD-0005254,2026-07-27,予愿安洁莉娜-亚克力制品,1,48.0,0.05,2.4,45.6,16.8,16.8,paid,delivered,True,20260903
ORD-0005255-1,ORD-0005255,2026-07-10,司霆惊蛰-吧唧（徽章）,1,18.0,0.05,0.9,17.1,5.4,5.4,paid,shipped,True,20260903
ORD-0005256-1,ORD-0005256,2026-07-13,缇缇-手办模玩,1,699.0,0.15,104.85,594.15,433.38,433.38,paid,delivered,True,20260903
ORD-0005257-1,ORD-0005257,2026-06-21,死芒-毛绒玩偶,1,128.0,0.15,19.2,108.8,61.44,61.44,paid,delivered,True,20260903
ORD-0005258-1,ORD-0005258,2026-07-03,娜斯提-手办模玩,1,699.0,0.1,69.9,629.1,433.38,433.38,paid,delivered,True,20260903
ORD-0005259-1,ORD-0005259,2026-07-18,新约能天使-毛绒玩偶,1,128.0,0.1,12.8,115.2,61.44,61.44,paid,delivered,True,20260903
ORD-0005260-1,ORD-0005260,2026-07-27,凛御银灰-装饰摆件,1,89.0,0.0,0.0,89.0,37.38,37.38,paid,delivered,True,20260903
ORD-0005261-1,ORD-0005261,2026-07-24,司霆惊蛰-毛绒玩偶,1,128.0,0.05,6.4,121.6,61.44,61.44,paid,delivered,True,20260903
ORD-0005261-2,ORD-0005261,2026-07-24,黍-毛绒玩偶,2,128.0,0.0,0.0,256.0,61.44,122.88,paid,delivered,True,20260903
ORD-0005262-1,ORD-0005262,2026-06-14,黍-吧唧（徽章）,1,18.0,0.05,0.9,17.1,5.4,5.4,paid,delivered,True,20260903
ORD-0005262-2,ORD-0005262,2026-06-14,归溟幽灵鲨-日用生活,1,99.0,0.0,0.0,99.0,45.54,45.54,paid,delivered,True,20260903
ORD-0005263-1,ORD-0005263,2026-06-21,凯尔希·思衡托-装饰摆件,1,89.0,0.0,0.0,89.0,37.38,37.38,paid,delivered,True,20260903
ORD-0005264-1,ORD-0005264,2026-07-02,赤刃明霄陈-装饰摆件,1,89.0,0.1,8.9,80.1,37.38,37.38,paid,delivered,True,20260903
ORD-0005264-2,ORD-0005264,2026-07-02,贝洛内-通行证,3,39.0,0.0,0.0,117.0,12.48,37.44,paid,delivered,True,20260903
ORD-0005265-1,ORD-0005265,2026-07-25,斩业星熊-日用生活,1,99.0,0.05,4.95,94.05,45.54,45.54,paid,delivered,True,20260903
ORD-0005266-1,ORD-0005266,2026-06-16,缄默德克萨斯-通行证,1,39.0,0.15,5.85,33.15,12.48,12.48,paid,delivered,True,20260903
ORD-0005267-1,ORD-0005267,2026-06-15,死芒-通行证,1,39.0,0.05,1.95,37.05,12.48,12.48,paid,delivered,True,20260903
ORD-0005268-1,ORD-0005268,2026-07-28,缪尔赛思-亚克力制品,1,48.0,0.0,0.0,48.0,16.8,16.8,paid,delivered,True,20260903
ORD-0005268-2,ORD-0005268,2026-07-28,重岳-通行证,1,39.0,0.0,0.0,39.0,12.48,12.48,paid,delivered,True,20260903
ORD-0005269-1,ORD-0005269,2026-08-03,焰狐龙梓兰-亚克力制品,1,48.0,0.1,4.8,43.2,16.8,16.8,paid,delivered,True,20260903
ORD-0005269-2,ORD-0005269,2026-08-03,贝洛内-毛绒玩偶,2,128.0,0.0,0.0,256.0,61.44,122.88,paid,delivered,True,20260903
ORD-0005270-1,ORD-0005270,2026-08-12,娜斯提-亚克力制品,1,48.0,0.1,4.8,43.2,16.8,16.8,paid,delivered,True,20260903
ORD-0005271-1,ORD-0005271,2026-08-20,荒芜拉普兰德-手办模玩,1,699.0,0.0,0.0,699.0,433.38,433.38,paid,delivered,True,20260903
ORD-0005272-1,ORD-0005272,2026-08-13,凯尔希·思衡托-毛绒玩偶,1,128.0,0.1,12.8,115.2,61.44,61.44,paid,delivered,True,20260903
ORD-0005273-1,ORD-0005273,2026-06-23,望-毛绒玩偶,1,128.0,0.15,19.2,108.8,61.44,61.44,paid,delivered,True,20260903
ORD-0005274-1,ORD-0005274,2026-06-18,维娜·维多利亚-手办模玩,1,699.0,0.1,69.9,629.1,433.38,433.38,paid,delivered,True,20260903
ORD-0005275-1,ORD-0005275,2026-06-12,佩佩-装饰摆件,1,89.0,0.0,0.0,89.0,37.38,37.38,paid,delivered,True,20260903
ORD-0005276-1,ORD-0005276,2026-08-08,维娜·维多利亚-手办模玩,1,699.0,0.05,34.95,664.05,433.38,433.38,paid,delivered,True,20260903
ORD-0005277-1,ORD-0005277,2026-07-29,缄默德克萨斯-装饰摆件,1,89.0,0.0,0.0,89.0,37.38,37.38,cancelled,cancelled,True,20260903
ORD-0005277-2,ORD-0005277,2026-07-29,司霆惊蛰-毛绒玩偶,1,128.0,0.0,0.0,128.0,61.44,61.44,cancelled,cancelled,True,20260903
ORD-0005278-1,ORD-0005278,2026-06-02,真言-吧唧（徽章）,1,18.0,0.1,1.8,16.2,5.4,5.4,paid,delivered,True,20260903
ORD-0005279-1,ORD-0005279,2026-07-29,凛御银灰-吧唧（徽章）,1,18.0,0.1,1.8,16.2,5.4,5.4,paid,delivered,True,20260903
ORD-0005280-1,ORD-0005280,2026-06-03,余-装饰摆件,1,89.0,0.05,4.45,84.55,37.38,37.38,paid,delivered,True,20260903
ORD-0005281-1,ORD-0005281,2026-07-16,荒芜拉普兰德-通行证,1,39.0,0.1,3.9,35.1,12.48,12.48,paid,pending,True,20260903
ORD-0005282-1,ORD-0005282,2026-08-01,真言-亚克力制品,3,48.0,0.1,14.4,129.6,16.8,50.4,paid,delivered,True,20260903
ORD-0005283-1,ORD-0005283,2026-06-17,贝洛内-毛绒玩偶,1,128.0,0.05,6.4,121.6,61.44,61.44,paid,shipped,True,20260903
ORD-0005284-1,ORD-0005284,2026-08-08,余-毛绒玩偶,1,128.0,0.0,0.0,128.0,61.44,61.44,paid,delivered,True,20260903
ORD-0005284-2,ORD-0005284,2026-08-08,贝洛内-手办模玩,1,699.0,0.05,34.95,664.05,433.38,433.38,paid,delivered,True,20260903
ORD-0005285-1,ORD-0005285,2026-07-29,余-装饰摆件,1,89.0,0.05,4.45,84.55,37.38,37.38,paid,delivered,True,20260903
ORD-0005286-1,ORD-0005286,2026-08-04,死芒-通行证,1,39.0,0.05,1.95,37.05,12.48,12.48,paid,delivered,True,20260903
ORD-0005287-1,ORD-0005287,2026-06-16,怒潮凛冬-吧唧（徽章）,1,18.0,0.0,0.0,18.0,5.4,5.4,paid,delivered,True,20260903
ORD-0005288-1,ORD-0005288,2026-08-19,纯烬艾雅法拉-装饰摆件,1,89.0,0.0,0.0,89.0,37.38,37.38,paid,delivered,True,20260903
ORD-0005289-1,ORD-0005289,2026-08-03,新约能天使-装饰摆件,1,89.0,0.05,4.45,84.55,37.38,37.38,paid,delivered,True,20260903
ORD-0005290-1,ORD-0005290,2026-06-11,凯尔希·思衡托-亚克力制品,2,48.0,0.0,0.0,96.0,16.8,33.6,cancelled,cancelled,True,20260903
ORD-0005291-1,ORD-0005291,2026-06-14,斩业星熊-亚克力制品,1,48.0,0.0,0.0,48.0,16.8,16.8,paid,shipped,True,20260903
ORD-0005292-1,ORD-0005292,2026-06-17,焰狐龙梓兰-日用生活,1,99.0,0.1,9.9,89.1,45.54,45.54,paid,delivered,True,20260903
ORD-0005293-1,ORD-0005293,2026-06-01,贝洛内-手办模玩,1,699.0,0.0,0.0,699.0,433.38,433.38,paid,delivered,True,20260903
ORD-0005293-2,ORD-0005293,2026-06-01,谬因-通行证,1,39.0,0.1,3.9,35.1,12.48,12.48,paid,delivered,True,20260903
ORD-0005294-1,ORD-0005294,2026-07-30,纯烬艾雅法拉-毛绒玩偶,2,128.0,0.1,25.6,230.4,61.44,122.88,paid,delivered,True,20260903
ORD-0005295-1,ORD-0005295,2026-08-14,缇缇-日用生活,1,99.0,0.0,0.0,99.0,45.54,45.54,paid,delivered,True,20260903
ORD-0005295-2,ORD-0005295,2026-08-14,纯烬艾雅法拉-亚克力制品,1,48.0,0.0,0.0,48.0,16.8,16.8,paid,delivered,True,20260903
ORD-0005296-1,ORD-0005296,2026-07-03,凯尔希·思衡托-毛绒玩偶,1,128.0,0.0,0.0,128.0,61.44,61.44,paid,delivered,True,20260903
ORD-0005297-1,ORD-0005297,2026-08-08,新约能天使-通行证,1,39.0,0.05,1.95,37.05,12.48,12.48,paid,delivered,True,20260903
ORD-0005298-1,ORD-0005298,2026-07-14,焰狐龙梓兰-装饰摆件,1,89.0,0.0,0.0,89.0,37.38,37.38,cancelled,cancelled,True,20260903
ORD-0005299-1,ORD-0005299,2026-07-15,维娜·维多利亚-日用生活,1,99.0,0.1,9.9,89.1,45.54,45.54,paid,delivered,True,20260903
ORD-0005299-2,ORD-0005299,2026-07-15,佩佩-通行证,2,39.0,0.05,3.9,74.1,12.48,24.96,paid,delivered,True,20260903
ORD-0005300-1,ORD-0005300,2026-07-11,望-吧唧（徽章）,1,18.0,0.0,0.0,18.0,5.4,5.4,paid,delivered,True,20260903
ORD-0005301-1,ORD-0005301,2026-07-09,缪尔赛思-吧唧（徽章）,2,18.0,0.0,0.0,36.0,5.4,10.8,paid,delivered,True,20260903
ORD-0005302-1,ORD-0005302,2026-08-23,司霆惊蛰-毛绒玩偶,1,128.0,0.0,0.0,128.0,61.44,61.44,paid,delivered,True,20260903
ORD-0005302-2,ORD-0005302,2026-08-23,酒神-吧唧（徽章）,1,18.0,0.1,1.8,16.2,5.4,5.4,paid,delivered,True,20260903
ORD-0005303-1,ORD-0005303,2026-07-10,真言-吧唧（徽章）,1,18.0,0.05,0.9,17.1,5.4,5.4,paid,delivered,True,20260903
ORD-0005303-2,ORD-0005303,2026-07-10,贝洛内-日用生活,1,99.0,0.15,14.85,84.15,45.54,45.54,paid,delivered,True,20260903
ORD-0005304-1,ORD-0005304,2026-08-24,凛御银灰-亚克力制品,1,48.0,0.0,0.0,48.0,16.8,16.8,paid,delivered,True,20260903
ORD-0005305-1,ORD-0005305,2026-08-02,赤刃明霄陈-吧唧（徽章）,1,18.0,0.0,0.0,18.0,5.4,5.4,paid,delivered,True,20260903
ORD-0005306-1,ORD-0005306,2026-07-27,缄默德克萨斯-毛绒玩偶,2,128.0,0.1,25.6,230.4,61.44,122.88,paid,delivered,True,20260903
ORD-0005306-2,ORD-0005306,2026-07-27,塑心-亚克力制品,1,48.0,0.1,4.8,43.2,16.8,16.8,paid,delivered,True,20260903
ORD-0005306-3,ORD-0005306,2026-07-27,缇缇-手办模玩,1,699.0,0.1,69.9,629.1,433.38,433.38,paid,delivered,True,20260903
ORD-0005307-1,ORD-0005307,2026-08-01,缪尔赛思-亚克力制品,1,48.0,0.0,0.0,48.0,16.8,16.8,paid,delivered,True,20260903
ORD-0005307-2,ORD-0005307,2026-08-01,司霆惊蛰-手办模玩,1,699.0,0.0,0.0,699.0,433.38,433.38,paid,delivered,True,20260903
ORD-0005308-1,ORD-0005308,2026-08-02,归溟幽灵鲨-吧唧（徽章）,2,18.0,0.1,3.6,32.4,5.4,10.8,paid,delivered,True,20260903
ORD-0005309-1,ORD-0005309,2026-06-10,司霆惊蛰-亚克力制品,2,48.0,0.0,0.0,96.0,16.8,33.6,paid,delivered,True,20260903
ORD-0005309-2,ORD-0005309,2026-06-10,真言-装饰摆件,3,89.0,0.0,0.0,267.0,37.38,112.14,paid,delivered,True,20260903
ORD-0005310-1,ORD-0005310,2026-06-18,谬因-日用生活,1,99.0,0.0,0.0,99.0,45.54,45.54,paid,delivered,True,20260903
ORD-0005310-2,ORD-0005310,2026-06-18,Mon3tr-亚克力制品,1,48.0,0.05,2.4,45.6,16.8,16.8,paid,delivered,True,20260903
ORD-0005311-1,ORD-0005311,2026-06-22,维娜·维多利亚-手办模玩,1,699.0,0.0,0.0,699.0,433.38,433.38,paid,delivered,True,20260903
ORD-0005312-1,ORD-0005312,2026-06-21,怒潮凛冬-手办模玩,1,699.0,0.0,0.0,699.0,433.38,433.38,paid,delivered,True,20260903
ORD-0005313-1,ORD-0005313,2026-08-03,娜斯提-日用生活,1,99.0,0.1,9.9,89.1,45.54,45.54,paid,delivered,True,20260903
ORD-0005314-1,ORD-0005314,2026-06-23,纯烬艾雅法拉-日用生活,1,99.0,0.05,4.95,94.05,45.54,45.54,paid,delivered,True,20260903
ORD-0005315-1,ORD-0005315,2026-07-17,真言-手办模玩,1,699.0,0.1,69.9,629.1,433.38,433.38,paid,delivered,True,20260903
ORD-0005316-1,ORD-0005316,2026-07-05,真言-吧唧（徽章）,1,18.0,0.0,0.0,18.0,5.4,5.4,paid,delivered,True,20260903
ORD-0005316-2,ORD-0005316,2026-07-05,凛御银灰-日用生活,1,99.0,0.1,9.9,89.1,45.54,45.54,paid,delivered,True,20260903
ORD-0005317-1,ORD-0005317,2026-08-07,缪尔赛思-手办模玩,1,699.0,0.1,69.9,629.1,433.38,433.38,paid,delivered,True,20260903
ORD-0005318-1,ORD-0005318,2026-06-14,赤刃明霄陈-装饰摆件,1,89.0,0.05,4.45,84.55,37.38,37.38,paid,delivered,True,20260903
ORD-0005319-1,ORD-0005319,2026-06-26,归溟幽灵鲨-亚克力制品,1,48.0,0.0,0.0,48.0,16.8,16.8,paid,delivered,True,20260903
ORD-0005320-1,ORD-0005320,2026-07-26,予愿安洁莉娜-装饰摆件,1,89.0,0.0,0.0,89.0,37.38,37.38,paid,delivered,True,20260903
ORD-0005321-1,ORD-0005321,2026-08-06,娜斯提-吧唧（徽章）,1,18.0,0.0,0.0,18.0,5.4,5.4,paid,delivered,True,20260903
ORD-0005322-1,ORD-0005322,2026-06-08,斩业星熊-毛绒玩偶,1,128.0,0.05,6.4,121.6,61.44,61.44,paid,delivered,True,20260903
ORD-0005323-1,ORD-0005323,2026-06-19,新约能天使-装饰摆件,1,89.0,0.05,4.45,84.55,37.38,37.38,paid,delivered,True,20260903
ORD-0005323-2,ORD-0005323,2026-06-19,娜斯提-吧唧（徽章）,1,18.0,0.05,0.9,17.1,5.4,5.4,paid,delivered,True,20260903
ORD-0005324-1,ORD-0005324,2026-06-22,娜斯提-亚克力制品,1,48.0,0.05,2.4,45.6,16.8,16.8,paid,delivered,True,20260903
ORD-0005324-2,ORD-0005324,2026-06-22,怒潮凛冬-通行证,1,39.0,0.0,0.0,39.0,12.48,12.48,paid,delivered,True,20260903
ORD-0005325-1,ORD-0005325,2026-06-08,真言-毛绒玩偶,2,128.0,0.0,0.0,256.0,61.44,122.88,paid,delivered,True,20260903
ORD-0005326-1,ORD-0005326,2026-06-12,望-手办模玩,1,699.0,0.0,0.0,699.0,433.38,433.38,paid,delivered,True,20260903
ORD-0005327-1,ORD-0005327,2026-06-16,荒芜拉普兰德-日用生活,1,99.0,0.0,0.0,99.0,45.54,45.54,paid,delivered,True,20260903
ORD-0005327-2,ORD-0005327,2026-06-16,予愿安洁莉娜-通行证,1,39.0,0.0,0.0,39.0,12.48,12.48,paid,delivered,True,20260903
ORD-0005328-1,ORD-0005328,2026-08-09,纯烬艾雅法拉-手办模玩,1,699.0,0.05,34.95,664.05,433.38,433.38,paid,delivered,True,20260903
ORD-0005329-1,ORD-0005329,2026-07-27,望-日用生活,2,99.0,0.05,9.9,188.1,45.54,91.08,paid,delivered,True,20260903
ORD-0005330-1,ORD-0005330,2026-06-27,死芒-毛绒玩偶,1,128.0,0.05,6.4,121.6,61.44,61.44,paid,delivered,True,20260903
ORD-0005331-1,ORD-0005331,2026-06-14,赤刃明霄陈-通行证,1,39.0,0.0,0.0,39.0,12.48,12.48,paid,delivered,True,20260903
ORD-0005332-1,ORD-0005332,2026-08-16,死芒-亚克力制品,2,48.0,0.05,4.8,91.2,16.8,33.6,paid,delivered,True,20260903
ORD-0005333-1,ORD-0005333,2026-07-24,真言-毛绒玩偶,1,128.0,0.0,0.0,128.0,61.44,61.44,paid,delivered,True,20260903
ORD-0005334-1,ORD-0005334,2026-06-07,缪尔赛思-吧唧（徽章）,1,18.0,0.0,0.0,18.0,5.4,5.4,paid,delivered,True,20260903
ORD-0005335-1,ORD-0005335,2026-08-16,维娜·维多利亚-手办模玩,1,699.0,0.1,69.9,629.1,433.38,433.38,paid,delivered,True,20260903
ORD-0005336-1,ORD-0005336,2026-08-27,谬因-手办模玩,1,699.0,0.0,0.0,699.0,433.38,433.38,paid,delivered,True,20260903
ORD-0005337-1,ORD-0005337,2026-06-04,怒潮凛冬-通行证,1,39.0,0.05,1.95,37.05,12.48,12.48,paid,delivered,True,20260903
ORD-0005338-1,ORD-0005338,2026-06-05,黍-亚克力制品,1,48.0,0.05,2.4,45.6,16.8,16.8,paid,delivered,True,20260903
ORD-0005339-1,ORD-0005339,2026-08-16,真言-日用生活,1,99.0,0.0,0.0,99.0,45.54,45.54,paid,delivered,True,20260903
ORD-0005340-1,ORD-0005340,2026-08-04,望-亚克力制品,1,48.0,0.05,2.4,45.6,16.8,16.8,paid,delivered,True,20260903
ORD-0005341-1,ORD-0005341,2026-07-15,斩业星熊-通行证,1,39.0,0.0,0.0,39.0,12.48,12.48,paid,delivered,True,20260903
ORD-0005342-1,ORD-0005342,2026-06-25,缇缇-日用生活,1,99.0,0.1,9.9,89.1,45.54,45.54,paid,delivered,True,20260903
ORD-0005343-1,ORD-0005343,2026-07-31,赤刃明霄陈-日用生活,2,99.0,0.0,0.0,198.0,45.54,91.08,paid,delivered,True,20260903
ORD-0005344-1,ORD-0005344,2026-07-14,荒芜拉普兰德-手办模玩,1,699.0,0.0,0.0,699.0,433.38,433.38,paid,delivered,True,20260903
ORD-0005344-2,ORD-0005344,2026-07-14,死芒-通行证,1,39.0,0.1,3.9,35.1,12.48,12.48,paid,delivered,True,20260903
ORD-0005345-1,ORD-0005345,2026-06-18,结城理-吧唧（徽章）,2,18.0,0.0,0.0,36.0,5.4,10.8,paid,delivered,True,20260903
ORD-0005345-2,ORD-0005345,2026-06-18,赤刃明霄陈-亚克力制品,1,48.0,0.1,4.8,43.2,16.8,16.8,paid,delivered,True,20260903
ORD-0005346-1,ORD-0005346,2026-07-11,Mon3tr-亚克力制品,1,48.0,0.0,0.0,48.0,16.8,16.8,paid,delivered,True,20260903
ORD-0005347-1,ORD-0005347,2026-08-24,缄默德克萨斯-毛绒玩偶,1,128.0,0.05,6.4,121.6,61.44,61.44,paid,pending,True,20260903
ORD-0005348-1,ORD-0005348,2026-07-07,Mon3tr-手办模玩,1,699.0,0.0,0.0,699.0,433.38,433.38,paid,delivered,True,20260903
ORD-0005349-1,ORD-0005349,2026-07-23,赤刃明霄陈-毛绒玩偶,1,128.0,0.1,12.8,115.2,61.44,61.44,paid,delivered,True,20260903
ORD-0005350-1,ORD-0005350,2026-06-18,纯烬艾雅法拉-手办模玩,1,699.0,0.05,34.95,664.05,433.38,433.38,paid,delivered,True,20260903
ORD-0005350-2,ORD-0005350,2026-06-18,予愿安洁莉娜-日用生活,1,99.0,0.0,0.0,99.0,45.54,45.54,paid,delivered,True,20260903
ORD-0005351-1,ORD-0005351,2026-08-01,怒潮凛冬-通行证,1,39.0,0.0,0.0,39.0,12.48,12.48,paid,delivered,True,20260903
ORD-0005352-1,ORD-0005352,2026-06-25,结城理-日用生活,1,99.0,0.1,9.9,89.1,45.54,45.54,paid,delivered,True,20260903
ORD-0005353-1,ORD-0005353,2026-06-16,娜斯提-装饰摆件,1,89.0,0.1,8.9,80.1,37.38,37.38,paid,delivered,True,20260903
ORD-0005354-1,ORD-0005354,2026-07-10,缄默德克萨斯-毛绒玩偶,1,128.0,0.0,0.0,128.0,61.44,61.44,paid,delivered,True,20260903
ORD-0005355-1,ORD-0005355,2026-06-08,维娜·维多利亚-日用生活,1,99.0,0.0,0.0,99.0,45.54,45.54,paid,delivered,True,20260903
ORD-0005356-1,ORD-0005356,2026-07-21,纯烬艾雅法拉-吧唧（徽章）,1,18.0,0.1,1.8,16.2,5.4,5.4,paid,delivered,True,20260903
ORD-0005357-1,ORD-0005357,2026-08-15,娜斯提-装饰摆件,1,89.0,0.1,8.9,80.1,37.38,37.38,paid,delivered,True,20260903
ORD-0005357-2,ORD-0005357,2026-08-15,Mon3tr-手办模玩,1,699.0,0.1,69.9,629.1,433.38,433.38,paid,delivered,True,20260903
ORD-0005358-1,ORD-0005358,2026-07-06,望-手办模玩,1,699.0,0.05,34.95,664.05,433.38,433.38,paid,delivered,True,20260903
ORD-0005359-1,ORD-0005359,2026-06-18,纯烬艾雅法拉-通行证,1,39.0,0.05,1.95,37.05,12.48,12.48,paid,delivered,True,20260903
ORD-0005360-1,ORD-0005360,2026-06-07,司霆惊蛰-亚克力制品,2,48.0,0.1,9.6,86.4,16.8,33.6,paid,delivered,True,20260903
ORD-0005361-1,ORD-0005361,2026-08-16,黍-毛绒玩偶,1,128.0,0.0,0.0,128.0,61.44,61.44,paid,delivered,True,20260903
ORD-0005362-1,ORD-0005362,2026-08-03,焰狐龙梓兰-日用生活,2,99.0,0.0,0.0,198.0,45.54,91.08,paid,delivered,True,20260903
ORD-0005362-2,ORD-0005362,2026-08-03,怒潮凛冬-手办模玩,1,699.0,0.0,0.0,699.0,433.38,433.38,paid,delivered,True,20260903
ORD-0005363-1,ORD-0005363,2026-06-15,司霆惊蛰-亚克力制品,1,48.0,0.0,0.0,48.0,16.8,16.8,paid,delivered,True,20260903
ORD-0005363-2,ORD-0005363,2026-06-15,黍-手办模玩,1,699.0,0.0,0.0,699.0,433.38,433.38,paid,delivered,True,20260903
ORD-0005364-1,ORD-0005364,2026-07-24,结城理-日用生活,1,99.0,0.0,0.0,99.0,45.54,45.54,paid,delivered,True,20260903
ORD-0005364-2,ORD-0005364,2026-07-24,赤刃明霄陈-吧唧（徽章）,1,18.0,0.0,0.0,18.0,5.4,5.4,paid,delivered,True,20260903
ORD-0005365-1,ORD-0005365,2026-07-23,凛御银灰-吧唧（徽章）,1,18.0,0.0,0.0,18.0,5.4,5.4,paid,delivered,True,20260903
ORD-0005366-1,ORD-0005366,2026-06-24,凛御银灰-通行证,1,39.0,0.05,1.95,37.05,12.48,12.48,paid,delivered,True,20260903
ORD-0005367-1,ORD-0005367,2026-08-15,真言-亚克力制品,1,48.0,0.0,0.0,48.0,16.8,16.8,paid,delivered,True,20260903
ORD-0005368-1,ORD-0005368,2026-06-26,娜斯提-吧唧（徽章）,1,18.0,0.0,0.0,18.0,5.4,5.4,paid,delivered,True,20260903
ORD-0005369-1,ORD-0005369,2026-06-04,焰狐龙梓兰-手办模玩,1,699.0,0.0,0.0,699.0,433.38,433.38,paid,delivered,True,20260903
ORD-0005369-2,ORD-0005369,2026-06-04,黍-吧唧（徽章）,2,18.0,0.0,0.0,36.0,5.4,10.8,paid,delivered,True,20260903
ORD-0005369-3,ORD-0005369,2026-06-04,新约能天使-通行证,1,39.0,0.0,0.0,39.0,12.48,12.48,paid,delivered,True,20260903
ORD-0005370-1,ORD-0005370,2026-07-22,Mon3tr-通行证,1,39.0,0.0,0.0,39.0,12.48,12.48,paid,delivered,True,20260903
ORD-0005371-1,ORD-0005371,2026-07-25,塑心-日用生活,1,99.0,0.05,4.95,94.05,45.54,45.54,paid,delivered,True,20260903
ORD-0005372-1,ORD-0005372,2026-06-22,Mon3tr-通行证,2,39.0,0.1,7.8,70.2,12.48,24.96,paid,shipped,True,20260903
ORD-0005373-1,ORD-0005373,2026-07-27,真言-通行证,2,39.0,0.1,7.8,70.2,12.48,24.96,paid,delivered,True,20260903
ORD-0005374-1,ORD-0005374,2026-08-29,怒潮凛冬-亚克力制品,1,48.0,0.05,2.4,45.6,16.8,16.8,paid,delivered,True,20260903
ORD-0005374-2,ORD-0005374,2026-08-29,凛御银灰-手办模玩,1,699.0,0.1,69.9,629.1,433.38,433.38,paid,delivered,True,20260903
ORD-0005375-1,ORD-0005375,2026-06-20,维娜·维多利亚-日用生活,1,99.0,0.0,0.0,99.0,45.54,45.54,paid,delivered,True,20260903
ORD-0005375-2,ORD-0005375,2026-06-20,纯烬艾雅法拉-吧唧（徽章）,1,18.0,0.0,0.0,18.0,5.4,5.4,paid,delivered,True,20260903
ORD-0005376-1,ORD-0005376,2026-07-19,凛御银灰-日用生活,1,99.0,0.0,0.0,99.0,45.54,45.54,paid,delivered,True,20260903
ORD-0005377-1,ORD-0005377,2026-06-20,缪尔赛思-手办模玩,1,699.0,0.0,0.0,699.0,433.38,433.38,paid,delivered,True,20260903
ORD-0005378-1,ORD-0005378,2026-06-16,怒潮凛冬-装饰摆件,1,89.0,0.1,8.9,80.1,37.38,37.38,paid,delivered,True,20260903
ORD-0005378-2,ORD-0005378,2026-06-16,斩业星熊-手办模玩,2,699.0,0.1,139.8,1258.2,433.38,866.76,paid,delivered,True,20260903
ORD-0005379-1,ORD-0005379,2026-06-15,维娜·维多利亚-通行证,1,39.0,0.05,1.95,37.05,12.48,12.48,paid,delivered,True,20260903
ORD-0005379-2,ORD-0005379,2026-06-15,望-毛绒玩偶,1,128.0,0.0,0.0,128.0,61.44,61.44,paid,delivered,True,20260903
ORD-0005379-3,ORD-0005379,2026-06-15,怒潮凛冬-通行证,1,39.0,0.05,1.95,37.05,12.48,12.48,paid,delivered,True,20260903
ORD-0005380-1,ORD-0005380,2026-08-01,纯烬艾雅法拉-日用生活,1,99.0,0.0,0.0,99.0,45.54,45.54,paid,delivered,True,20260903
ORD-0005381-1,ORD-0005381,2026-08-13,佩佩-装饰摆件,1,89.0,0.1,8.9,80.1,37.38,37.38,paid,delivered,True,20260903
ORD-0005382-1,ORD-0005382,2026-06-09,重岳-通行证,1,39.0,0.0,0.0,39.0,12.48,12.48,paid,delivered,True,20260903
ORD-0005382-2,ORD-0005382,2026-06-09,真言-吧唧（徽章）,1,18.0,0.0,0.0,18.0,5.4,5.4,paid,delivered,True,20260903
ORD-0005383-1,ORD-0005383,2026-07-05,娜斯提-毛绒玩偶,1,128.0,0.1,12.8,115.2,61.44,61.44,paid,delivered,True,20260903
ORD-0005384-1,ORD-0005384,2026-06-03,新约能天使-亚克力制品,2,48.0,0.05,4.8,91.2,16.8,33.6,paid,delivered,True,20260903
ORD-0005385-1,ORD-0005385,2026-07-22,塑心-吧唧（徽章）,1,18.0,0.1,1.8,16.2,5.4,5.4,paid,delivered,True,20260903
ORD-0005386-1,ORD-0005386,2026-07-17,予愿安洁莉娜-毛绒玩偶,1,128.0,0.0,0.0,128.0,61.44,61.44,paid,delivered,True,20260903
ORD-0005387-1,ORD-0005387,2026-08-22,缇缇-亚克力制品,1,48.0,0.0,0.0,48.0,16.8,16.8,paid,pending,True,20260903
ORD-0005388-1,ORD-0005388,2026-07-04,缄默德克萨斯-装饰摆件,1,89.0,0.0,0.0,89.0,37.38,37.38,paid,delivered,True,20260903
ORD-0005388-2,ORD-0005388,2026-07-04,予愿安洁莉娜-亚克力制品,1,48.0,0.0,0.0,48.0,16.8,16.8,paid,delivered,True,20260903
ORD-0005388-3,ORD-0005388,2026-07-04,结城理-吧唧（徽章）,1,18.0,0.05,0.9,17.1,5.4,5.4,paid,delivered,True,20260903
ORD-0005389-1,ORD-0005389,2026-08-09,荒芜拉普兰德-吧唧（徽章）,1,18.0,0.15,2.7,15.3,5.4,5.4,paid,delivered,True,20260903
ORD-0005390-1,ORD-0005390,2026-06-27,重岳-亚克力制品,1,48.0,0.0,0.0,48.0,16.8,16.8,paid,shipped,True,20260903
ORD-0005391-1,ORD-0005391,2026-08-29,斩业星熊-手办模玩,1,699.0,0.0,0.0,699.0,433.38,433.38,paid,delivered,True,20260903
ORD-0005392-1,ORD-0005392,2026-06-26,真言-吧唧（徽章）,3,18.0,0.15,8.1,45.9,5.4,16.2,paid,delivered,True,20260903
ORD-0005393-1,ORD-0005393,2026-08-28,娜斯提-亚克力制品,1,48.0,0.1,4.8,43.2,16.8,16.8,paid,delivered,True,20260903
ORD-0005394-1,ORD-0005394,2026-06-08,黍-吧唧（徽章）,1,18.0,0.0,0.0,18.0,5.4,5.4,paid,delivered,True,20260903
ORD-0005394-2,ORD-0005394,2026-06-08,缪尔赛思-日用生活,1,99.0,0.05,4.95,94.05,45.54,45.54,paid,delivered,True,20260903
ORD-0005395-1,ORD-0005395,2026-07-07,Mon3tr-日用生活,1,99.0,0.0,0.0,99.0,45.54,45.54,paid,delivered,True,20260903
ORD-0005396-1,ORD-0005396,2026-07-07,新约能天使-毛绒玩偶,1,128.0,0.05,6.4,121.6,61.44,61.44,paid,delivered,True,20260903
ORD-0005397-1,ORD-0005397,2026-08-11,归溟幽灵鲨-装饰摆件,1,89.0,0.1,8.9,80.1,37.38,37.38,paid,delivered,True,20260903
ORD-0005398-1,ORD-0005398,2026-08-27,凛御银灰-亚克力制品,1,48.0,0.15,7.2,40.8,16.8,16.8,paid,delivered,True,20260903
ORD-0005399-1,ORD-0005399,2026-07-01,维娜·维多利亚-亚克力制品,1,48.0,0.1,4.8,43.2,16.8,16.8,paid,delivered,True,20260903
ORD-0005400-1,ORD-0005400,2026-07-12,余-日用生活,2,99.0,0.05,9.9,188.1,45.54,91.08,paid,delivered,True,20260903
ORD-0005401-1,ORD-0005401,2026-07-28,维娜·维多利亚-毛绒玩偶,1,128.0,0.15,19.2,108.8,61.44,61.44,paid,delivered,True,20260903
ORD-0005402-1,ORD-0005402,2026-06-12,怒潮凛冬-通行证,1,39.0,0.15,5.85,33.15,12.48,12.48,paid,delivered,True,20260903
ORD-0005403-1,ORD-0005403,2026-07-26,望-手办模玩,1,699.0,0.0,0.0,699.0,433.38,433.38,paid,delivered,True,20260903
ORD-0005404-1,ORD-0005404,2026-07-26,焰狐龙梓兰-通行证,1,39.0,0.0,0.0,39.0,12.48,12.48,paid,delivered,True,20260903
ORD-0005405-1,ORD-0005405,2026-06-25,焰狐龙梓兰-吧唧（徽章）,1,18.0,0.1,1.8,16.2,5.4,5.4,paid,delivered,True,20260903
ORD-0005405-2,ORD-0005405,2026-06-25,佩佩-毛绒玩偶,1,128.0,0.0,0.0,128.0,61.44,61.44,paid,delivered,True,20260903
ORD-0005406-1,ORD-0005406,2026-07-22,死芒-毛绒玩偶,1,128.0,0.05,6.4,121.6,61.44,61.44,paid,delivered,True,20260903
ORD-0005407-1,ORD-0005407,2026-06-12,余-毛绒玩偶,2,128.0,0.1,25.6,230.4,61.44,122.88,paid,delivered,True,20260903
ORD-0005407-2,ORD-0005407,2026-06-12,凛御银灰-亚克力制品,1,48.0,0.0,0.0,48.0,16.8,16.8,paid,delivered,True,20260903
ORD-0005408-1,ORD-0005408,2026-07-14,贝洛内-通行证,1,39.0,0.15,5.85,33.15,12.48,12.48,paid,delivered,True,20260903
ORD-0005409-1,ORD-0005409,2026-06-16,重岳-亚克力制品,1,48.0,0.05,2.4,45.6,16.8,16.8,paid,delivered,True,20260903
ORD-0005410-1,ORD-0005410,2026-07-13,予愿安洁莉娜-手办模玩,1,699.0,0.0,0.0,699.0,433.38,433.38,paid,delivered,True,20260903
ORD-0005411-1,ORD-0005411,2026-06-27,真言-通行证,1,39.0,0.0,0.0,39.0,12.48,12.48,paid,delivered,True,20260903
ORD-0005411-2,ORD-0005411,2026-06-27,缪尔赛思-手办模玩,1,699.0,0.0,0.0,699.0,433.38,433.38,paid,delivered,True,20260903
ORD-0005412-1,ORD-0005412,2026-07-16,归溟幽灵鲨-日用生活,1,99.0,0.1,9.9,89.1,45.54,45.54,paid,delivered,True,20260903
ORD-0005412-2,ORD-0005412,2026-07-16,望-装饰摆件,1,89.0,0.05,4.45,84.55,37.38,37.38,paid,delivered,True,20260903
ORD-0005413-1,ORD-0005413,2026-08-24,结城理-装饰摆件,1,89.0,0.0,0.0,89.0,37.38,37.38,paid,delivered,True,20260903
ORD-0005414-1,ORD-0005414,2026-06-01,缄默德克萨斯-装饰摆件,1,89.0,0.0,0.0,89.0,37.38,37.38,paid,shipped,True,20260903
ORD-0005415-1,ORD-0005415,2026-06-25,塑心-通行证,1,39.0,0.0,0.0,39.0,12.48,12.48,paid,delivered,True,20260903
ORD-0005416-1,ORD-0005416,2026-08-04,重岳-装饰摆件,1,89.0,0.0,0.0,89.0,37.38,37.38,paid,delivered,True,20260903
ORD-0005417-1,ORD-0005417,2026-07-23,贝洛内-通行证,1,39.0,0.05,1.95,37.05,12.48,12.48,paid,delivered,True,20260903
ORD-0005418-1,ORD-0005418,2026-06-07,怒潮凛冬-手办模玩,1,699.0,0.0,0.0,699.0,433.38,433.38,paid,delivered,True,20260903
ORD-0005418-2,ORD-0005418,2026-06-07,Mon3tr-手办模玩,2,699.0,0.0,0.0,1398.0,433.38,866.76,paid,delivered,True,20260903
ORD-0005419-1,ORD-0005419,2026-06-08,维娜·维多利亚-手办模玩,1,699.0,0.1,69.9,629.1,433.38,433.38,paid,delivered,True,20260903
ORD-0005419-2,ORD-0005419,2026-06-08,Mon3tr-亚克力制品,1,48.0,0.0,0.0,48.0,16.8,16.8,paid,delivered,True,20260903
ORD-0005419-3,ORD-0005419,2026-06-08,凯尔希·思衡托-亚克力制品,1,48.0,0.15,7.2,40.8,16.8,16.8,paid,delivered,True,20260903
ORD-0005420-1,ORD-0005420,2026-08-15,塑心-吧唧（徽章）,1,18.0,0.1,1.8,16.2,5.4,5.4,paid,delivered,True,20260903
ORD-0005421-1,ORD-0005421,2026-08-26,真言-手办模玩,1,699.0,0.1,69.9,629.1,433.38,433.38,cancelled,cancelled,True,20260903
ORD-0005422-1,ORD-0005422,2026-07-19,缄默德克萨斯-亚克力制品,1,48.0,0.0,0.0,48.0,16.8,16.8,paid,delivered,True,20260903
ORD-0005423-1,ORD-0005423,2026-07-04,佩佩-手办模玩,1,699.0,0.0,0.0,699.0,433.38,433.38,paid,delivered,True,20260903
ORD-0005424-1,ORD-0005424,2026-06-19,Mon3tr-通行证,1,39.0,0.1,3.9,35.1,12.48,12.48,paid,delivered,True,20260903
ORD-0005424-2,ORD-0005424,2026-06-19,赤刃明霄陈-手办模玩,2,699.0,0.0,0.0,1398.0,433.38,866.76,paid,delivered,True,20260903
ORD-0005425-1,ORD-0005425,2026-06-17,黍-日用生活,1,99.0,0.05,4.95,94.05,45.54,45.54,paid,delivered,True,20260903
ORD-0005425-2,ORD-0005425,2026-06-17,望-手办模玩,1,699.0,0.15,104.85,594.15,433.38,433.38,paid,delivered,True,20260903
ORD-0005425-3,ORD-0005425,2026-06-17,凯尔希·思衡托-毛绒玩偶,1,128.0,0.0,0.0,128.0,61.44,61.44,paid,delivered,True,20260903
ORD-0005426-1,ORD-0005426,2026-07-24,司霆惊蛰-手办模玩,1,699.0,0.05,34.95,664.05,433.38,433.38,paid,delivered,True,20260903
ORD-0005427-1,ORD-0005427,2026-07-09,新约能天使-手办模玩,1,699.0,0.0,0.0,699.0,433.38,433.38,paid,delivered,True,20260903
ORD-0005427-2,ORD-0005427,2026-07-09,赤刃明霄陈-日用生活,1,99.0,0.0,0.0,99.0,45.54,45.54,paid,delivered,True,20260903
ORD-0005428-1,ORD-0005428,2026-08-24,余-吧唧（徽章）,1,18.0,0.05,0.9,17.1,5.4,5.4,paid,delivered,True,20260903
ORD-0005429-1,ORD-0005429,2026-07-10,重岳-装饰摆件,2,89.0,0.0,0.0,178.0,37.38,74.76,paid,delivered,True,20260903
ORD-0005430-1,ORD-0005430,2026-08-08,重岳-毛绒玩偶,1,128.0,0.0,0.0,128.0,61.44,61.44,paid,delivered,True,20260903
ORD-0005431-1,ORD-0005431,2026-07-04,死芒-日用生活,1,99.0,0.0,0.0,99.0,45.54,45.54,paid,delivered,True,20260903
ORD-0005432-1,ORD-0005432,2026-08-05,纯烬艾雅法拉-日用生活,1,99.0,0.0,0.0,99.0,45.54,45.54,paid,delivered,True,20260903
ORD-0005433-1,ORD-0005433,2026-08-12,荒芜拉普兰德-毛绒玩偶,1,128.0,0.0,0.0,128.0,61.44,61.44,paid,delivered,True,20260903
ORD-0005434-1,ORD-0005434,2026-07-21,荒芜拉普兰德-装饰摆件,1,89.0,0.1,8.9,80.1,37.38,37.38,paid,delivered,True,20260903
ORD-0005435-1,ORD-0005435,2026-06-13,维娜·维多利亚-吧唧（徽章）,1,18.0,0.0,0.0,18.0,5.4,5.4,paid,delivered,True,20260903
ORD-0005436-1,ORD-0005436,2026-07-05,余-吧唧（徽章）,1,18.0,0.05,0.9,17.1,5.4,5.4,paid,delivered,True,20260903
ORD-0005437-1,ORD-0005437,2026-07-25,缪尔赛思-通行证,1,39.0,0.0,0.0,39.0,12.48,12.48,paid,delivered,True,20260903
ORD-0005438-1,ORD-0005438,2026-06-20,予愿安洁莉娜-通行证,1,39.0,0.1,3.9,35.1,12.48,12.48,paid,delivered,True,20260903
ORD-0005438-2,ORD-0005438,2026-06-20,谬因-通行证,2,39.0,0.0,0.0,78.0,12.48,24.96,paid,delivered,True,20260903
ORD-0005439-1,ORD-0005439,2026-06-17,重岳-亚克力制品,1,48.0,0.05,2.4,45.6,16.8,16.8,paid,delivered,True,20260903
ORD-0005440-1,ORD-0005440,2026-06-02,缄默德克萨斯-装饰摆件,2,89.0,0.1,17.8,160.2,37.38,74.76,paid,delivered,True,20260903
ORD-0005440-2,ORD-0005440,2026-06-02,归溟幽灵鲨-毛绒玩偶,1,128.0,0.0,0.0,128.0,61.44,61.44,paid,delivered,True,20260903
ORD-0005440-3,ORD-0005440,2026-06-02,Mon3tr-吧唧（徽章）,1,18.0,0.0,0.0,18.0,5.4,5.4,paid,delivered,True,20260903
ORD-0005441-1,ORD-0005441,2026-07-18,缪尔赛思-日用生活,1,99.0,0.1,9.9,89.1,45.54,45.54,paid,delivered,True,20260903
ORD-0005442-1,ORD-0005442,2026-07-31,归溟幽灵鲨-日用生活,1,99.0,0.0,0.0,99.0,45.54,45.54,paid,delivered,True,20260903
ORD-0005443-1,ORD-0005443,2026-07-26,新约能天使-吧唧（徽章）,1,18.0,0.05,0.9,17.1,5.4,5.4,paid,delivered,True,20260903
ORD-0005444-1,ORD-0005444,2026-06-22,缪尔赛思-亚克力制品,1,48.0,0.05,2.4,45.6,16.8,16.8,paid,delivered,True,20260903
ORD-0005444-2,ORD-0005444,2026-06-22,斩业星熊-亚克力制品,1,48.0,0.05,2.4,45.6,16.8,16.8,paid,delivered,True,20260903
ORD-0005445-1,ORD-0005445,2026-08-23,归溟幽灵鲨-亚克力制品,1,48.0,0.05,2.4,45.6,16.8,16.8,paid,delivered,True,20260903
ORD-0005446-1,ORD-0005446,2026-06-10,新约能天使-手办模玩,1,699.0,0.1,69.9,629.1,433.38,433.38,paid,delivered,True,20260903
ORD-0005446-2,ORD-0005446,2026-06-10,缪尔赛思-通行证,1,39.0,0.0,0.0,39.0,12.48,12.48,paid,delivered,True,20260903
ORD-0005447-1,ORD-0005447,2026-07-09,佩佩-通行证,1,39.0,0.0,0.0,39.0,12.48,12.48,paid,delivered,True,20260903
ORD-0005447-2,ORD-0005447,2026-07-09,望-手办模玩,1,699.0,0.1,69.9,629.1,433.38,433.38,paid,delivered,True,20260903
ORD-0005448-1,ORD-0005448,2026-07-31,怒潮凛冬-通行证,2,39.0,0.0,0.0,78.0,12.48,24.96,paid,delivered,True,20260903
ORD-0005449-1,ORD-0005449,2026-07-26,荒芜拉普兰德-手办模玩,3,699.0,0.0,0.0,2097.0,433.38,1300.14,paid,delivered,True,20260903
ORD-0005450-1,ORD-0005450,2026-06-29,缄默德克萨斯-手办模玩,1,699.0,0.0,0.0,699.0,433.38,433.38,paid,shipped,True,20260903
ORD-0005451-1,ORD-0005451,2026-07-31,新约能天使-通行证,1,39.0,0.0,0.0,39.0,12.48,12.48,paid,delivered,True,20260903
ORD-0005452-1,ORD-0005452,2026-06-01,缄默德克萨斯-亚克力制品,2,48.0,0.1,9.6,86.4,16.8,33.6,paid,delivered,True,20260903
ORD-0005453-1,ORD-0005453,2026-06-08,凯尔希·思衡托-毛绒玩偶,1,128.0,0.0,0.0,128.0,61.44,61.44,paid,delivered,True,20260903
ORD-0005453-2,ORD-0005453,2026-06-08,怒潮凛冬-日用生活,1,99.0,0.0,0.0,99.0,45.54,45.54,paid,delivered,True,20260903
ORD-0005454-1,ORD-0005454,2026-06-20,余-吧唧（徽章）,2,18.0,0.0,0.0,36.0,5.4,10.8,paid,delivered,True,20260903
ORD-0005455-1,ORD-0005455,2026-08-07,缪尔赛思-毛绒玩偶,1,128.0,0.15,19.2,108.8,61.44,61.44,paid,delivered,True,20260903
ORD-0005456-1,ORD-0005456,2026-06-28,凛御银灰-毛绒玩偶,1,128.0,0.15,19.2,108.8,61.44,61.44,paid,delivered,True,20260903
ORD-0005457-1,ORD-0005457,2026-06-14,结城理-日用生活,1,99.0,0.0,0.0,99.0,45.54,45.54,paid,delivered,True,20260903
ORD-0005457-2,ORD-0005457,2026-06-14,缄默德克萨斯-亚克力制品,1,48.0,0.1,4.8,43.2,16.8,16.8,paid,delivered,True,20260903
ORD-0005457-3,ORD-0005457,2026-06-14,焰狐龙梓兰-装饰摆件,1,89.0,0.1,8.9,80.1,37.38,37.38,paid,delivered,True,20260903
ORD-0005458-1,ORD-0005458,2026-06-02,焰狐龙梓兰-日用生活,1,99.0,0.0,0.0,99.0,45.54,45.54,paid,delivered,True,20260903
ORD-0005459-1,ORD-0005459,2026-07-11,死芒-通行证,1,39.0,0.0,0.0,39.0,12.48,12.48,paid,delivered,True,20260903
ORD-0005460-1,ORD-0005460,2026-06-06,凛御银灰-亚克力制品,1,48.0,0.0,0.0,48.0,16.8,16.8,paid,delivered,True,20260903
ORD-0005461-1,ORD-0005461,2026-07-14,归溟幽灵鲨-通行证,1,39.0,0.1,3.9,35.1,12.48,12.48,paid,delivered,True,20260903
ORD-0005461-2,ORD-0005461,2026-07-14,斩业星熊-日用生活,1,99.0,0.1,9.9,89.1,45.54,45.54,paid,delivered,True,20260903
ORD-0005462-1,ORD-0005462,2026-08-04,缪尔赛思-吧唧（徽章）,1,18.0,0.0,0.0,18.0,5.4,5.4,paid,delivered,True,20260903
ORD-0005463-1,ORD-0005463,2026-06-16,凛御银灰-手办模玩,2,699.0,0.0,0.0,1398.0,433.38,866.76,paid,delivered,True,20260903
ORD-0005463-2,ORD-0005463,2026-06-16,荒芜拉普兰德-亚克力制品,1,48.0,0.0,0.0,48.0,16.8,16.8,paid,delivered,True,20260903
ORD-0005464-1,ORD-0005464,2026-07-31,谬因-手办模玩,1,699.0,0.0,0.0,699.0,433.38,433.38,paid,delivered,True,20260903
ORD-0005465-1,ORD-0005465,2026-08-17,缄默德克萨斯-日用生活,1,99.0,0.05,4.95,94.05,45.54,45.54,paid,delivered,True,20260903
ORD-0005466-1,ORD-0005466,2026-07-27,缇缇-吧唧（徽章）,1,18.0,0.0,0.0,18.0,5.4,5.4,paid,delivered,True,20260903
ORD-0005467-1,ORD-0005467,2026-06-08,贝洛内-日用生活,1,99.0,0.05,4.95,94.05,45.54,45.54,paid,delivered,True,20260903
ORD-0005467-2,ORD-0005467,2026-06-08,维娜·维多利亚-手办模玩,1,699.0,0.1,69.9,629.1,433.38,433.38,paid,delivered,True,20260903
ORD-0005468-1,ORD-0005468,2026-06-13,纯烬艾雅法拉-吧唧（徽章）,1,18.0,0.1,1.8,16.2,5.4,5.4,paid,shipped,True,20260903
ORD-0005469-1,ORD-0005469,2026-08-23,归溟幽灵鲨-亚克力制品,1,48.0,0.0,0.0,48.0,16.8,16.8,paid,delivered,True,20260903
ORD-0005469-2,ORD-0005469,2026-08-23,荒芜拉普兰德-吧唧（徽章）,1,18.0,0.05,0.9,17.1,5.4,5.4,paid,delivered,True,20260903
ORD-0005470-1,ORD-0005470,2026-06-22,重岳-毛绒玩偶,1,128.0,0.1,12.8,115.2,61.44,61.44,paid,delivered,True,20260903
ORD-0005470-2,ORD-0005470,2026-06-22,缪尔赛思-装饰摆件,1,89.0,0.05,4.45,84.55,37.38,37.38,paid,delivered,True,20260903
ORD-0005471-1,ORD-0005471,2026-06-13,余-吧唧（徽章）,1,18.0,0.05,0.9,17.1,5.4,5.4,paid,delivered,True,20260903
ORD-0005471-2,ORD-0005471,2026-06-13,娜斯提-亚克力制品,2,48.0,0.05,4.8,91.2,16.8,33.6,paid,delivered,True,20260903
ORD-0005471-3,ORD-0005471,2026-06-13,归溟幽灵鲨-吧唧（徽章）,1,18.0,0.05,0.9,17.1,5.4,5.4,paid,delivered,True,20260903
ORD-0005472-1,ORD-0005472,2026-07-04,凯尔希·思衡托-亚克力制品,1,48.0,0.05,2.4,45.6,16.8,16.8,paid,delivered,True,20260903
ORD-0005473-1,ORD-0005473,2026-06-16,娜斯提-吧唧（徽章）,1,18.0,0.0,0.0,18.0,5.4,5.4,paid,delivered,True,20260903
ORD-0005474-1,ORD-0005474,2026-06-17,Mon3tr-亚克力制品,1,48.0,0.0,0.0,48.0,16.8,16.8,paid,shipped,True,20260903
ORD-0005475-1,ORD-0005475,2026-07-11,予愿安洁莉娜-通行证,1,39.0,0.1,3.9,35.1,12.48,12.48,paid,delivered,True,20260903
ORD-0005476-1,ORD-0005476,2026-08-28,佩佩-日用生活,1,99.0,0.0,0.0,99.0,45.54,45.54,paid,delivered,True,20260903
ORD-0005477-1,ORD-0005477,2026-07-15,望-吧唧（徽章）,1,18.0,0.1,1.8,16.2,5.4,5.4,paid,delivered,True,20260903
ORD-0005478-1,ORD-0005478,2026-06-18,Mon3tr-毛绒玩偶,1,128.0,0.0,0.0,128.0,61.44,61.44,paid,delivered,True,20260903
ORD-0005479-1,ORD-0005479,2026-06-21,塑心-手办模玩,1,699.0,0.1,69.9,629.1,433.38,433.38,paid,delivered,True,20260903
ORD-0005480-1,ORD-0005480,2026-07-23,凯尔希·思衡托-吧唧（徽章）,1,18.0,0.0,0.0,18.0,5.4,5.4,paid,delivered,True,20260903
ORD-0005481-1,ORD-0005481,2026-07-04,塑心-毛绒玩偶,1,128.0,0.0,0.0,128.0,61.44,61.44,paid,delivered,True,20260903
ORD-0005482-1,ORD-0005482,2026-07-31,赤刃明霄陈-日用生活,1,99.0,0.0,0.0,99.0,45.54,45.54,paid,delivered,True,20260903
ORD-0005483-1,ORD-0005483,2026-06-21,娜斯提-吧唧（徽章）,1,18.0,0.05,0.9,17.1,5.4,5.4,paid,delivered,True,20260903
ORD-0005483-2,ORD-0005483,2026-06-21,谬因-毛绒玩偶,2,128.0,0.1,25.6,230.4,61.44,122.88,paid,delivered,True,20260903
ORD-0005484-1,ORD-0005484,2026-07-26,佩佩-装饰摆件,1,89.0,0.05,4.45,84.55,37.38,37.38,cancelled,cancelled,True,20260903
ORD-0005485-1,ORD-0005485,2026-06-12,塑心-手办模玩,1,699.0,0.0,0.0,699.0,433.38,433.38,paid,delivered,True,20260903
ORD-0005486-1,ORD-0005486,2026-06-15,予愿安洁莉娜-装饰摆件,1,89.0,0.0,0.0,89.0,37.38,37.38,paid,delivered,True,20260903
ORD-0005487-1,ORD-0005487,2026-06-27,缪尔赛思-吧唧（徽章）,1,18.0,0.0,0.0,18.0,5.4,5.4,paid,delivered,True,20260903
ORD-0005488-1,ORD-0005488,2026-06-21,赤刃明霄陈-毛绒玩偶,1,128.0,0.1,12.8,115.2,61.44,61.44,paid,delivered,True,20260903
ORD-0005489-1,ORD-0005489,2026-07-11,缇缇-吧唧（徽章）,1,18.0,0.0,0.0,18.0,5.4,5.4,paid,delivered,True,20260903
ORD-0005490-1,ORD-0005490,2026-06-10,贝洛内-亚克力制品,2,48.0,0.05,4.8,91.2,16.8,33.6,paid,delivered,True,20260903
ORD-0005491-1,ORD-0005491,2026-06-28,缇缇-亚克力制品,1,48.0,0.0,0.0,48.0,16.8,16.8,paid,delivered,True,20260903
ORD-0005492-1,ORD-0005492,2026-06-16,谬因-手办模玩,1,699.0,0.0,0.0,699.0,433.38,433.38,paid,delivered,True,20260903
ORD-0005493-1,ORD-0005493,2026-07-28,Mon3tr-手办模玩,1,699.0,0.1,69.9,629.1,433.38,433.38,paid,delivered,True,20260903
ORD-0005494-1,ORD-0005494,2026-07-12,赤刃明霄陈-手办模玩,1,699.0,0.1,69.9,629.1,433.38,433.38,paid,delivered,True,20260903
ORD-0005495-1,ORD-0005495,2026-06-09,纯烬艾雅法拉-装饰摆件,1,89.0,0.0,0.0,89.0,37.38,37.38,paid,delivered,True,20260903
ORD-0005496-1,ORD-0005496,2026-08-11,缪尔赛思-毛绒玩偶,2,128.0,0.0,0.0,256.0,61.44,122.88,paid,delivered,True,20260903
ORD-0005496-2,ORD-0005496,2026-08-11,娜斯提-毛绒玩偶,1,128.0,0.0,0.0,128.0,61.44,61.44,paid,delivered,True,20260903
ORD-0005497-1,ORD-0005497,2026-07-22,酒神-亚克力制品,1,48.0,0.1,4.8,43.2,16.8,16.8,paid,delivered,True,20260903
ORD-0005498-1,ORD-0005498,2026-07-27,Mon3tr-吧唧（徽章）,1,18.0,0.0,0.0,18.0,5.4,5.4,paid,delivered,True,20260903
ORD-0005499-1,ORD-0005499,2026-08-24,望-亚克力制品,1,48.0,0.0,0.0,48.0,16.8,16.8,paid,delivered,True,20260903
ORD-0005500-1,ORD-0005500,2026-07-28,斩业星熊-装饰摆件,1,89.0,0.0,0.0,89.0,37.38,37.38,paid,delivered,True,20260903
ORD-0005501-1,ORD-0005501,2026-07-15,死芒-日用生活,1,99.0,0.05,4.95,94.05,45.54,45.54,paid,delivered,True,20260903
ORD-0005502-1,ORD-0005502,2026-06-06,塑心-吧唧（徽章）,1,18.0,0.0,0.0,18.0,5.4,5.4,paid,delivered,True,20260903
ORD-0005503-1,ORD-0005503,2026-07-26,谬因-手办模玩,1,699.0,0.15,104.85,594.15,433.38,433.38,paid,delivered,True,20260903
ORD-0005504-1,ORD-0005504,2026-08-20,赤刃明霄陈-亚克力制品,1,48.0,0.0,0.0,48.0,16.8,16.8,paid,delivered,True,20260903
ORD-0005505-1,ORD-0005505,2026-06-16,缄默德克萨斯-装饰摆件,1,89.0,0.05,4.45,84.55,37.38,37.38,paid,delivered,True,20260903
ORD-0005506-1,ORD-0005506,2026-08-06,佩佩-装饰摆件,1,89.0,0.0,0.0,89.0,37.38,37.38,paid,delivered,True,20260903
ORD-0005507-1,ORD-0005507,2026-07-23,死芒-装饰摆件,1,89.0,0.0,0.0,89.0,37.38,37.38,paid,delivered,True,20260903
ORD-0005508-1,ORD-0005508,2026-06-14,缇缇-通行证,1,39.0,0.15,5.85,33.15,12.48,12.48,paid,delivered,True,20260903
ORD-0005509-1,ORD-0005509,2026-07-04,纯烬艾雅法拉-通行证,2,39.0,0.0,0.0,78.0,12.48,24.96,cancelled,cancelled,True,20260903
ORD-0005510-1,ORD-0005510,2026-06-17,黍-手办模玩,1,699.0,0.1,69.9,629.1,433.38,433.38,paid,delivered,True,20260903
ORD-0005511-1,ORD-0005511,2026-07-30,维娜·维多利亚-吧唧（徽章）,1,18.0,0.0,0.0,18.0,5.4,5.4,paid,delivered,True,20260903
ORD-0005511-2,ORD-0005511,2026-07-30,斩业星熊-亚克力制品,1,48.0,0.0,0.0,48.0,16.8,16.8,paid,delivered,True,20260903
ORD-0005511-3,ORD-0005511,2026-07-30,维娜·维多利亚-通行证,1,39.0,0.0,0.0,39.0,12.48,12.48,paid,delivered,True,20260903
ORD-0005512-1,ORD-0005512,2026-08-01,纯烬艾雅法拉-通行证,1,39.0,0.05,1.95,37.05,12.48,12.48,paid,delivered,True,20260903
ORD-0005513-1,ORD-0005513,2026-07-01,维娜·维多利亚-吧唧（徽章）,1,18.0,0.1,1.8,16.2,5.4,5.4,paid,delivered,True,20260903
ORD-0005514-1,ORD-0005514,2026-07-18,予愿安洁莉娜-手办模玩,1,699.0,0.0,0.0,699.0,433.38,433.38,paid,delivered,True,20260903
ORD-0005515-1,ORD-0005515,2026-07-28,归溟幽灵鲨-日用生活,1,99.0,0.05,4.95,94.05,45.54,45.54,paid,delivered,True,20260903
ORD-0005516-1,ORD-0005516,2026-07-29,谬因-装饰摆件,1,89.0,0.1,8.9,80.1,37.38,37.38,paid,delivered,True,20260903
ORD-0005516-2,ORD-0005516,2026-07-29,娜斯提-装饰摆件,1,89.0,0.0,0.0,89.0,37.38,37.38,paid,delivered,True,20260903
ORD-0005517-1,ORD-0005517,2026-08-04,归溟幽灵鲨-毛绒玩偶,1,128.0,0.0,0.0,128.0,61.44,61.44,paid,delivered,True,20260903
ORD-0005518-1,ORD-0005518,2026-06-11,予愿安洁莉娜-吧唧（徽章）,1,18.0,0.05,0.9,17.1,5.4,5.4,paid,shipped,True,20260903
ORD-0005518-2,ORD-0005518,2026-06-11,谬因-亚克力制品,1,48.0,0.05,2.4,45.6,16.8,16.8,paid,shipped,True,20260903
ORD-0005519-1,ORD-0005519,2026-08-09,望-吧唧（徽章）,1,18.0,0.1,1.8,16.2,5.4,5.4,paid,shipped,True,20260903
ORD-0005520-1,ORD-0005520,2026-06-23,娜斯提-吧唧（徽章）,1,18.0,0.0,0.0,18.0,5.4,5.4,paid,delivered,True,20260903
ORD-0005521-1,ORD-0005521,2026-06-03,重岳-装饰摆件,1,89.0,0.1,8.9,80.1,37.38,37.38,paid,delivered,True,20260903
ORD-0005521-2,ORD-0005521,2026-06-03,黍-装饰摆件,1,89.0,0.1,8.9,80.1,37.38,37.38,paid,delivered,True,20260903
ORD-0005522-1,ORD-0005522,2026-06-14,赤刃明霄陈-吧唧（徽章）,1,18.0,0.05,0.9,17.1,5.4,5.4,paid,pending,True,20260903
ORD-0005523-1,ORD-0005523,2026-07-16,缄默德克萨斯-手办模玩,1,699.0,0.1,69.9,629.1,433.38,433.38,paid,delivered,True,20260903
ORD-0005524-1,ORD-0005524,2026-07-12,缄默德克萨斯-亚克力制品,1,48.0,0.0,0.0,48.0,16.8,16.8,paid,delivered,True,20260903
ORD-0005525-1,ORD-0005525,2026-07-27,归溟幽灵鲨-通行证,2,39.0,0.0,0.0,78.0,12.48,24.96,paid,delivered,True,20260903
ORD-0005526-1,ORD-0005526,2026-06-19,斩业星熊-通行证,1,39.0,0.0,0.0,39.0,12.48,12.48,paid,delivered,True,20260903
ORD-0005527-1,ORD-0005527,2026-06-24,谬因-毛绒玩偶,1,128.0,0.05,6.4,121.6,61.44,61.44,paid,delivered,True,20260903
ORD-0005528-1,ORD-0005528,2026-06-02,Mon3tr-吧唧（徽章）,1,18.0,0.0,0.0,18.0,5.4,5.4,paid,delivered,True,20260903
ORD-0005529-1,ORD-0005529,2026-08-03,新约能天使-装饰摆件,1,89.0,0.0,0.0,89.0,37.38,37.38,paid,delivered,True,20260903
ORD-0005529-2,ORD-0005529,2026-08-03,Mon3tr-装饰摆件,2,89.0,0.0,0.0,178.0,37.38,74.76,paid,delivered,True,20260903
ORD-0005530-1,ORD-0005530,2026-08-14,塑心-毛绒玩偶,1,128.0,0.0,0.0,128.0,61.44,61.44,paid,delivered,True,20260903
ORD-0005531-1,ORD-0005531,2026-08-11,谬因-毛绒玩偶,1,128.0,0.05,6.4,121.6,61.44,61.44,paid,delivered,True,20260903
ORD-0005532-1,ORD-0005532,2026-07-03,余-毛绒玩偶,1,128.0,0.1,12.8,115.2,61.44,61.44,paid,shipped,True,20260903
ORD-0005533-1,ORD-0005533,2026-07-06,真言-吧唧（徽章）,1,18.0,0.05,0.9,17.1,5.4,5.4,cancelled,cancelled,True,20260903
ORD-0005533-2,ORD-0005533,2026-07-06,凯尔希·思衡托-吧唧（徽章）,3,18.0,0.0,0.0,54.0,5.4,16.2,cancelled,cancelled,True,20260903
ORD-0005534-1,ORD-0005534,2026-06-23,娜斯提-装饰摆件,3,89.0,0.0,0.0,267.0,37.38,112.14,paid,delivered,True,20260903
ORD-0005535-1,ORD-0005535,2026-07-12,Mon3tr-日用生活,1,99.0,0.0,0.0,99.0,45.54,45.54,paid,delivered,True,20260903
ORD-0005535-2,ORD-0005535,2026-07-12,结城理-亚克力制品,2,48.0,0.05,4.8,91.2,16.8,33.6,paid,delivered,True,20260903
ORD-0005536-1,ORD-0005536,2026-08-28,黍-毛绒玩偶,1,128.0,0.15,19.2,108.8,61.44,61.44,paid,delivered,True,20260903
ORD-0005536-2,ORD-0005536,2026-08-28,酒神-吧唧（徽章）,2,18.0,0.05,1.8,34.2,5.4,10.8,paid,delivered,True,20260903
ORD-0005537-1,ORD-0005537,2026-06-11,结城理-毛绒玩偶,1,128.0,0.0,0.0,128.0,61.44,61.44,paid,delivered,True,20260903
ORD-0005538-1,ORD-0005538,2026-06-25,望-通行证,1,39.0,0.05,1.95,37.05,12.48,12.48,paid,shipped,True,20260903
ORD-0005539-1,ORD-0005539,2026-06-22,Mon3tr-日用生活,1,99.0,0.1,9.9,89.1,45.54,45.54,paid,shipped,True,20260903
ORD-0005540-1,ORD-0005540,2026-08-11,重岳-毛绒玩偶,1,128.0,0.0,0.0,128.0,61.44,61.44,paid,delivered,True,20260903
ORD-0005541-1,ORD-0005541,2026-07-21,结城理-毛绒玩偶,1,128.0,0.1,12.8,115.2,61.44,61.44,paid,delivered,True,20260903
ORD-0005542-1,ORD-0005542,2026-08-09,缄默德克萨斯-吧唧（徽章）,1,18.0,0.05,0.9,17.1,5.4,5.4,paid,delivered,True,20260903
ORD-0005543-1,ORD-0005543,2026-07-23,重岳-吧唧（徽章）,1,18.0,0.1,1.8,16.2,5.4,5.4,paid,shipped,True,20260903
ORD-0005544-1,ORD-0005544,2026-08-03,真言-手办模玩,1,699.0,0.0,0.0,699.0,433.38,433.38,paid,delivered,True,20260903
ORD-0005545-1,ORD-0005545,2026-06-22,缄默德克萨斯-亚克力制品,1,48.0,0.05,2.4,45.6,16.8,16.8,paid,delivered,True,20260903
ORD-0005546-1,ORD-0005546,2026-08-12,塑心-通行证,1,39.0,0.0,0.0,39.0,12.48,12.48,paid,delivered,True,20260903
ORD-0005546-2,ORD-0005546,2026-08-12,焰狐龙梓兰-亚克力制品,1,48.0,0.05,2.4,45.6,16.8,16.8,paid,delivered,True,20260903
ORD-0005547-1,ORD-0005547,2026-08-18,黍-通行证,1,39.0,0.15,5.85,33.15,12.48,12.48,paid,delivered,True,20260903
ORD-0005547-2,ORD-0005547,2026-08-18,缪尔赛思-日用生活,1,99.0,0.0,0.0,99.0,45.54,45.54,paid,delivered,True,20260903
ORD-0005547-3,ORD-0005547,2026-08-18,结城理-装饰摆件,1,89.0,0.05,4.45,84.55,37.38,37.38,paid,delivered,True,20260903
ORD-0005548-1,ORD-0005548,2026-08-25,Mon3tr-毛绒玩偶,1,128.0,0.0,0.0,128.0,61.44,61.44,paid,delivered,True,20260903
ORD-0005548-2,ORD-0005548,2026-08-25,娜斯提-装饰摆件,1,89.0,0.0,0.0,89.0,37.38,37.38,paid,delivered,True,20260903
ORD-0005549-1,ORD-0005549,2026-07-20,凛御银灰-毛绒玩偶,1,128.0,0.1,12.8,115.2,61.44,61.44,paid,delivered,True,20260903
ORD-0005550-1,ORD-0005550,2026-07-22,纯烬艾雅法拉-手办模玩,1,699.0,0.1,69.9,629.1,433.38,433.38,paid,delivered,True,20260903
ORD-0005550-2,ORD-0005550,2026-07-22,Mon3tr-亚克力制品,1,48.0,0.0,0.0,48.0,16.8,16.8,paid,delivered,True,20260903
ORD-0005550-3,ORD-0005550,2026-07-22,黍-亚克力制品,1,48.0,0.05,2.4,45.6,16.8,16.8,paid,delivered,True,20260903
ORD-0005551-1,ORD-0005551,2026-07-02,凯尔希·思衡托-手办模玩,1,699.0,0.1,69.9,629.1,433.38,433.38,paid,delivered,True,20260903
ORD-0005552-1,ORD-0005552,2026-07-29,缄默德克萨斯-吧唧（徽章）,1,18.0,0.1,1.8,16.2,5.4,5.4,paid,pending,True,20260903
ORD-0005553-1,ORD-0005553,2026-08-21,新约能天使-亚克力制品,1,48.0,0.1,4.8,43.2,16.8,16.8,paid,delivered,True,20260903
ORD-0005554-1,ORD-0005554,2026-07-10,荒芜拉普兰德-毛绒玩偶,1,128.0,0.05,6.4,121.6,61.44,61.44,paid,delivered,True,20260903
ORD-0005555-1,ORD-0005555,2026-06-19,酒神-装饰摆件,1,89.0,0.0,0.0,89.0,37.38,37.38,paid,delivered,True,20260903
ORD-0005556-1,ORD-0005556,2026-08-01,望-装饰摆件,1,89.0,0.1,8.9,80.1,37.38,37.38,paid,delivered,True,20260903
ORD-0005557-1,ORD-0005557,2026-07-12,真言-吧唧（徽章）,1,18.0,0.0,0.0,18.0,5.4,5.4,paid,delivered,True,20260903
ORD-0005558-1,ORD-0005558,2026-06-05,赤刃明霄陈-手办模玩,1,699.0,0.05,34.95,664.05,433.38,433.38,paid,delivered,True,20260903
ORD-0005558-2,ORD-0005558,2026-06-05,维娜·维多利亚-装饰摆件,1,89.0,0.0,0.0,89.0,37.38,37.38,paid,delivered,True,20260903
ORD-0005559-1,ORD-0005559,2026-08-02,贝洛内-手办模玩,1,699.0,0.1,69.9,629.1,433.38,433.38,cancelled,cancelled,True,20260903
ORD-0005559-2,ORD-0005559,2026-08-02,焰狐龙梓兰-装饰摆件,1,89.0,0.05,4.45,84.55,37.38,37.38,cancelled,cancelled,True,20260903
ORD-0005560-1,ORD-0005560,2026-07-26,凛御银灰-手办模玩,1,699.0,0.0,0.0,699.0,433.38,433.38,paid,delivered,True,20260903
ORD-0005561-1,ORD-0005561,2026-07-19,结城理-毛绒玩偶,1,128.0,0.0,0.0,128.0,61.44,61.44,paid,delivered,True,20260903
ORD-0005562-1,ORD-0005562,2026-07-27,塑心-装饰摆件,2,89.0,0.0,0.0,178.0,37.38,74.76,paid,delivered,True,20260903
ORD-0005563-1,ORD-0005563,2026-06-14,归溟幽灵鲨-手办模玩,2,699.0,0.05,69.9,1328.1,433.38,866.76,paid,delivered,True,20260903
ORD-0005564-1,ORD-0005564,2026-06-17,赤刃明霄陈-吧唧（徽章）,2,18.0,0.0,0.0,36.0,5.4,10.8,paid,delivered,True,20260903
ORD-0005565-1,ORD-0005565,2026-06-02,斩业星熊-通行证,1,39.0,0.0,0.0,39.0,12.48,12.48,paid,shipped,True,20260903
ORD-0005566-1,ORD-0005566,2026-07-19,Mon3tr-装饰摆件,1,89.0,0.05,4.45,84.55,37.38,37.38,paid,delivered,True,20260903
ORD-0005566-2,ORD-0005566,2026-07-19,凯尔希·思衡托-亚克力制品,1,48.0,0.05,2.4,45.6,16.8,16.8,paid,delivered,True,20260903
ORD-0005567-1,ORD-0005567,2026-06-06,予愿安洁莉娜-亚克力制品,1,48.0,0.0,0.0,48.0,16.8,16.8,paid,delivered,True,20260903
ORD-0005567-2,ORD-0005567,2026-06-06,余-通行证,2,39.0,0.1,7.8,70.2,12.48,24.96,paid,delivered,True,20260903
ORD-0005568-1,ORD-0005568,2026-08-02,新约能天使-吧唧（徽章）,1,18.0,0.0,0.0,18.0,5.4,5.4,paid,delivered,True,20260903
ORD-0005569-1,ORD-0005569,2026-06-20,凛御银灰-装饰摆件,1,89.0,0.15,13.35,75.65,37.38,37.38,paid,delivered,True,20260903
ORD-0005570-1,ORD-0005570,2026-07-19,酒神-亚克力制品,1,48.0,0.1,4.8,43.2,16.8,16.8,paid,delivered,True,20260903
ORD-0005571-1,ORD-0005571,2026-07-26,维娜·维多利亚-手办模玩,1,699.0,0.1,69.9,629.1,433.38,433.38,paid,delivered,True,20260903
ORD-0005572-1,ORD-0005572,2026-08-03,归溟幽灵鲨-亚克力制品,1,48.0,0.0,0.0,48.0,16.8,16.8,paid,delivered,True,20260903
ORD-0005573-1,ORD-0005573,2026-07-23,凛御银灰-通行证,2,39.0,0.0,0.0,78.0,12.48,24.96,paid,delivered,True,20260903
ORD-0005574-1,ORD-0005574,2026-07-28,娜斯提-亚克力制品,2,48.0,0.0,0.0,96.0,16.8,33.6,paid,delivered,True,20260903
ORD-0005575-1,ORD-0005575,2026-08-07,新约能天使-亚克力制品,1,48.0,0.0,0.0,48.0,16.8,16.8,paid,delivered,True,20260903
ORD-0005576-1,ORD-0005576,2026-06-02,黍-亚克力制品,1,48.0,0.0,0.0,48.0,16.8,16.8,paid,delivered,True,20260903
ORD-0005577-1,ORD-0005577,2026-08-07,纯烬艾雅法拉-亚克力制品,1,48.0,0.0,0.0,48.0,16.8,16.8,paid,delivered,True,20260903
ORD-0005578-1,ORD-0005578,2026-06-30,维娜·维多利亚-亚克力制品,1,48.0,0.1,4.8,43.2,16.8,16.8,cancelled,cancelled,True,20260903
ORD-0005578-2,ORD-0005578,2026-06-30,斩业星熊-通行证,1,39.0,0.0,0.0,39.0,12.48,12.48,cancelled,cancelled,True,20260903
ORD-0005579-1,ORD-0005579,2026-06-24,黍-日用生活,1,99.0,0.0,0.0,99.0,45.54,45.54,paid,delivered,True,20260903
ORD-0005580-1,ORD-0005580,2026-06-21,怒潮凛冬-日用生活,1,99.0,0.0,0.0,99.0,45.54,45.54,paid,delivered,True,20260903
ORD-0005580-2,ORD-0005580,2026-06-21,司霆惊蛰-毛绒玩偶,2,128.0,0.05,12.8,243.2,61.44,122.88,paid,delivered,True,20260903
ORD-0005580-3,ORD-0005580,2026-06-21,归溟幽灵鲨-日用生活,1,99.0,0.15,14.85,84.15,45.54,45.54,paid,delivered,True,20260903
ORD-0005581-1,ORD-0005581,2026-06-16,望-吧唧（徽章）,1,18.0,0.0,0.0,18.0,5.4,5.4,paid,delivered,True,20260903
ORD-0005582-1,ORD-0005582,2026-06-09,新约能天使-日用生活,1,99.0,0.1,9.9,89.1,45.54,45.54,paid,shipped,True,20260903
ORD-0005583-1,ORD-0005583,2026-08-23,塑心-装饰摆件,1,89.0,0.0,0.0,89.0,37.38,37.38,paid,delivered,True,20260903
ORD-0005583-2,ORD-0005583,2026-08-23,新约能天使-亚克力制品,2,48.0,0.05,4.8,91.2,16.8,33.6,paid,delivered,True,20260903
ORD-0005584-1,ORD-0005584,2026-08-11,真言-吧唧（徽章）,1,18.0,0.1,1.8,16.2,5.4,5.4,paid,delivered,True,20260903
ORD-0005585-1,ORD-0005585,2026-07-18,凯尔希·思衡托-吧唧（徽章）,1,18.0,0.1,1.8,16.2,5.4,5.4,paid,delivered,True,20260903
ORD-0005585-2,ORD-0005585,2026-07-18,斩业星熊-日用生活,1,99.0,0.05,4.95,94.05,45.54,45.54,paid,delivered,True,20260903
ORD-0005586-1,ORD-0005586,2026-06-27,余-日用生活,1,99.0,0.0,0.0,99.0,45.54,45.54,paid,delivered,True,20260903
ORD-0005587-1,ORD-0005587,2026-07-21,死芒-装饰摆件,1,89.0,0.05,4.45,84.55,37.38,37.38,paid,delivered,True,20260903
ORD-0005588-1,ORD-0005588,2026-06-21,Mon3tr-日用生活,1,99.0,0.05,4.95,94.05,45.54,45.54,paid,delivered,True,20260903
ORD-0005589-1,ORD-0005589,2026-07-31,荒芜拉普兰德-手办模玩,1,699.0,0.15,104.85,594.15,433.38,433.38,paid,delivered,True,20260903
ORD-0005589-2,ORD-0005589,2026-07-31,谬因-日用生活,1,99.0,0.05,4.95,94.05,45.54,45.54,paid,delivered,True,20260903
ORD-0005590-1,ORD-0005590,2026-07-14,结城理-吧唧（徽章）,1,18.0,0.0,0.0,18.0,5.4,5.4,paid,delivered,True,20260903
ORD-0005591-1,ORD-0005591,2026-08-13,酒神-装饰摆件,1,89.0,0.0,0.0,89.0,37.38,37.38,paid,delivered,True,20260903
ORD-0005592-1,ORD-0005592,2026-06-02,缄默德克萨斯-装饰摆件,2,89.0,0.05,8.9,169.1,37.38,74.76,paid,delivered,True,20260903
ORD-0005593-1,ORD-0005593,2026-08-17,荒芜拉普兰德-手办模玩,1,699.0,0.05,34.95,664.05,433.38,433.38,paid,delivered,True,20260903
ORD-0005594-1,ORD-0005594,2026-06-20,谬因-毛绒玩偶,1,128.0,0.05,6.4,121.6,61.44,61.44,paid,delivered,True,20260903
ORD-0005595-1,ORD-0005595,2026-07-16,凛御银灰-手办模玩,1,699.0,0.0,0.0,699.0,433.38,433.38,paid,delivered,True,20260903
ORD-0005596-1,ORD-0005596,2026-07-28,谬因-手办模玩,1,699.0,0.0,0.0,699.0,433.38,433.38,paid,delivered,True,20260903
ORD-0005597-1,ORD-0005597,2026-06-30,焰狐龙梓兰-日用生活,1,99.0,0.0,0.0,99.0,45.54,45.54,paid,delivered,True,20260903
ORD-0005598-1,ORD-0005598,2026-07-28,酒神-吧唧（徽章）,1,18.0,0.05,0.9,17.1,5.4,5.4,paid,delivered,True,20260903
ORD-0005599-1,ORD-0005599,2026-08-21,缇缇-日用生活,1,99.0,0.05,4.95,94.05,45.54,45.54,paid,delivered,True,20260903
ORD-0005600-1,ORD-0005600,2026-06-18,Mon3tr-通行证,1,39.0,0.0,0.0,39.0,12.48,12.48,paid,delivered,True,20260903
ORD-0005600-2,ORD-0005600,2026-06-18,司霆惊蛰-手办模玩,1,699.0,0.0,0.0,699.0,433.38,433.38,paid,delivered,True,20260903
ORD-0005601-1,ORD-0005601,2026-06-14,凯尔希·思衡托-亚克力制品,1,48.0,0.05,2.4,45.6,16.8,16.8,paid,pending,True,20260903
ORD-0005601-2,ORD-0005601,2026-06-14,重岳-毛绒玩偶,1,128.0,0.0,0.0,128.0,61.44,61.44,paid,pending,True,20260903
ORD-0005602-1,ORD-0005602,2026-07-04,赤刃明霄陈-手办模玩,1,699.0,0.05,34.95,664.05,433.38,433.38,paid,delivered,True,20260903
ORD-0005602-2,ORD-0005602,2026-07-04,望-吧唧（徽章）,1,18.0,0.0,0.0,18.0,5.4,5.4,paid,delivered,True,20260903
ORD-0005603-1,ORD-0005603,2026-06-18,予愿安洁莉娜-通行证,1,39.0,0.0,0.0,39.0,12.48,12.48,paid,delivered,True,20260903
ORD-0005604-1,ORD-0005604,2026-08-17,新约能天使-毛绒玩偶,1,128.0,0.0,0.0,128.0,61.44,61.44,paid,delivered,True,20260903
ORD-0005605-1,ORD-0005605,2026-06-28,佩佩-吧唧（徽章）,1,18.0,0.0,0.0,18.0,5.4,5.4,paid,delivered,True,20260903
ORD-0005606-1,ORD-0005606,2026-06-04,怒潮凛冬-手办模玩,1,699.0,0.0,0.0,699.0,433.38,433.38,paid,delivered,True,20260903
ORD-0005607-1,ORD-0005607,2026-06-13,重岳-手办模玩,1,699.0,0.0,0.0,699.0,433.38,433.38,paid,delivered,True,20260903
ORD-0005608-1,ORD-0005608,2026-06-19,荒芜拉普兰德-吧唧（徽章）,2,18.0,0.0,0.0,36.0,5.4,10.8,paid,delivered,True,20260903
ORD-0005609-1,ORD-0005609,2026-07-28,结城理-吧唧（徽章）,1,18.0,0.1,1.8,16.2,5.4,5.4,paid,delivered,True,20260903
ORD-0005609-2,ORD-0005609,2026-07-28,纯烬艾雅法拉-通行证,1,39.0,0.1,3.9,35.1,12.48,12.48,paid,delivered,True,20260903
ORD-0005610-1,ORD-0005610,2026-06-20,望-装饰摆件,2,89.0,0.1,17.8,160.2,37.38,74.76,paid,delivered,True,20260903
ORD-0005610-2,ORD-0005610,2026-06-20,怒潮凛冬-吧唧（徽章）,1,18.0,0.0,0.0,18.0,5.4,5.4,paid,delivered,True,20260903
ORD-0005611-1,ORD-0005611,2026-07-24,怒潮凛冬-手办模玩,1,699.0,0.05,34.95,664.05,433.38,433.38,cancelled,cancelled,True,20260903
ORD-0005612-1,ORD-0005612,2026-07-23,酒神-手办模玩,1,699.0,0.0,0.0,699.0,433.38,433.38,paid,delivered,True,20260903
ORD-0005612-2,ORD-0005612,2026-07-23,怒潮凛冬-毛绒玩偶,1,128.0,0.15,19.2,108.8,61.44,61.44,paid,delivered,True,20260903
ORD-0005613-1,ORD-0005613,2026-08-29,凛御银灰-日用生活,1,99.0,0.0,0.0,99.0,45.54,45.54,paid,delivered,True,20260903
ORD-0005614-1,ORD-0005614,2026-08-06,结城理-日用生活,1,99.0,0.0,0.0,99.0,45.54,45.54,cancelled,cancelled,True,20260903
ORD-0005614-2,ORD-0005614,2026-08-06,重岳-通行证,2,39.0,0.05,3.9,74.1,12.48,24.96,cancelled,cancelled,True,20260903
ORD-0005615-1,ORD-0005615,2026-07-17,娜斯提-装饰摆件,1,89.0,0.0,0.0,89.0,37.38,37.38,paid,delivered,True,20260903
ORD-0005616-1,ORD-0005616,2026-06-18,缪尔赛思-毛绒玩偶,1,128.0,0.05,6.4,121.6,61.44,61.44,paid,delivered,True,20260903
ORD-0005617-1,ORD-0005617,2026-07-26,谬因-手办模玩,1,699.0,0.05,34.95,664.05,433.38,433.38,paid,delivered,True,20260903
ORD-0005618-1,ORD-0005618,2026-08-08,维娜·维多利亚-亚克力制品,1,48.0,0.0,0.0,48.0,16.8,16.8,paid,delivered,True,20260903
ORD-0005619-1,ORD-0005619,2026-06-03,凛御银灰-亚克力制品,2,48.0,0.05,4.8,91.2,16.8,33.6,paid,delivered,True,20260903
ORD-0005620-1,ORD-0005620,2026-07-17,缪尔赛思-装饰摆件,1,89.0,0.0,0.0,89.0,37.38,37.38,paid,delivered,True,20260903
ORD-0005621-1,ORD-0005621,2026-07-26,死芒-手办模玩,1,699.0,0.15,104.85,594.15,433.38,433.38,paid,delivered,True,20260903
ORD-0005622-1,ORD-0005622,2026-07-01,怒潮凛冬-日用生活,2,99.0,0.0,0.0,198.0,45.54,91.08,paid,pending,True,20260903
ORD-0005622-2,ORD-0005622,2026-07-01,赤刃明霄陈-装饰摆件,1,89.0,0.1,8.9,80.1,37.38,37.38,paid,pending,True,20260903
ORD-0005622-3,ORD-0005622,2026-07-01,司霆惊蛰-亚克力制品,1,48.0,0.0,0.0,48.0,16.8,16.8,paid,pending,True,20260903
ORD-0005623-1,ORD-0005623,2026-07-30,赤刃明霄陈-日用生活,1,99.0,0.0,0.0,99.0,45.54,45.54,paid,delivered,True,20260903
ORD-0005623-2,ORD-0005623,2026-07-30,贝洛内-吧唧（徽章）,1,18.0,0.0,0.0,18.0,5.4,5.4,paid,delivered,True,20260903
ORD-0005624-1,ORD-0005624,2026-06-07,结城理-装饰摆件,1,89.0,0.05,4.45,84.55,37.38,37.38,paid,delivered,True,20260903
ORD-0005624-2,ORD-0005624,2026-06-07,司霆惊蛰-日用生活,1,99.0,0.0,0.0,99.0,45.54,45.54,paid,delivered,True,20260903
ORD-0005625-1,ORD-0005625,2026-07-23,缪尔赛思-亚克力制品,1,48.0,0.05,2.4,45.6,16.8,16.8,paid,delivered,True,20260903
ORD-0005626-1,ORD-0005626,2026-08-22,贝洛内-亚克力制品,1,48.0,0.1,4.8,43.2,16.8,16.8,paid,delivered,True,20260903
ORD-0005627-1,ORD-0005627,2026-08-27,酒神-毛绒玩偶,1,128.0,0.15,19.2,108.8,61.44,61.44,paid,delivered,True,20260903
ORD-0005628-1,ORD-0005628,2026-08-25,新约能天使-毛绒玩偶,1,128.0,0.1,12.8,115.2,61.44,61.44,paid,delivered,True,20260903
ORD-0005628-2,ORD-0005628,2026-08-25,怒潮凛冬-亚克力制品,1,48.0,0.1,4.8,43.2,16.8,16.8,paid,delivered,True,20260903
ORD-0005629-1,ORD-0005629,2026-07-09,纯烬艾雅法拉-装饰摆件,1,89.0,0.0,0.0,89.0,37.38,37.38,paid,delivered,True,20260903
ORD-0005630-1,ORD-0005630,2026-06-14,荒芜拉普兰德-吧唧（徽章）,1,18.0,0.1,1.8,16.2,5.4,5.4,paid,delivered,True,20260903
ORD-0005630-2,ORD-0005630,2026-06-14,酒神-亚克力制品,1,48.0,0.05,2.4,45.6,16.8,16.8,paid,delivered,True,20260903
ORD-0005630-3,ORD-0005630,2026-06-14,缇缇-通行证,1,39.0,0.15,5.85,33.15,12.48,12.48,paid,delivered,True,20260903
ORD-0005631-1,ORD-0005631,2026-06-06,望-手办模玩,1,699.0,0.0,0.0,699.0,433.38,433.38,paid,delivered,True,20260903
ORD-0005632-1,ORD-0005632,2026-08-26,塑心-吧唧（徽章）,1,18.0,0.05,0.9,17.1,5.4,5.4,paid,delivered,True,20260903
ORD-0005633-1,ORD-0005633,2026-07-19,司霆惊蛰-装饰摆件,1,89.0,0.0,0.0,89.0,37.38,37.38,paid,delivered,True,20260903
ORD-0005634-1,ORD-0005634,2026-06-20,凯尔希·思衡托-手办模玩,1,699.0,0.0,0.0,699.0,433.38,433.38,paid,shipped,True,20260903
ORD-0005635-1,ORD-0005635,2026-08-07,娜斯提-装饰摆件,1,89.0,0.1,8.9,80.1,37.38,37.38,paid,delivered,True,20260903
ORD-0005636-1,ORD-0005636,2026-06-19,真言-吧唧（徽章）,1,18.0,0.1,1.8,16.2,5.4,5.4,paid,delivered,True,20260903
ORD-0005637-1,ORD-0005637,2026-07-23,荒芜拉普兰德-日用生活,1,99.0,0.0,0.0,99.0,45.54,45.54,paid,delivered,True,20260903
ORD-0005638-1,ORD-0005638,2026-06-13,凯尔希·思衡托-通行证,1,39.0,0.0,0.0,39.0,12.48,12.48,paid,delivered,True,20260903
ORD-0005639-1,ORD-0005639,2026-06-11,焰狐龙梓兰-装饰摆件,3,89.0,0.0,0.0,267.0,37.38,112.14,paid,delivered,True,20260903
ORD-0005640-1,ORD-0005640,2026-06-17,归溟幽灵鲨-毛绒玩偶,1,128.0,0.05,6.4,121.6,61.44,61.44,paid,delivered,True,20260903
ORD-0005641-1,ORD-0005641,2026-06-06,真言-吧唧（徽章）,1,18.0,0.0,0.0,18.0,5.4,5.4,paid,delivered,True,20260903
ORD-0005641-2,ORD-0005641,2026-06-06,重岳-日用生活,1,99.0,0.1,9.9,89.1,45.54,45.54,paid,delivered,True,20260903
ORD-0005642-1,ORD-0005642,2026-06-17,望-亚克力制品,1,48.0,0.0,0.0,48.0,16.8,16.8,paid,delivered,True,20260903
ORD-0005642-2,ORD-0005642,2026-06-17,斩业星熊-手办模玩,1,699.0,0.1,69.9,629.1,433.38,433.38,paid,delivered,True,20260903
ORD-0005643-1,ORD-0005643,2026-06-24,维娜·维多利亚-通行证,2,39.0,0.0,0.0,78.0,12.48,24.96,paid,delivered,True,20260903
ORD-0005644-1,ORD-0005644,2026-06-23,赤刃明霄陈-亚克力制品,1,48.0,0.0,0.0,48.0,16.8,16.8,paid,delivered,True,20260903
ORD-0005645-1,ORD-0005645,2026-08-14,真言-手办模玩,1,699.0,0.0,0.0,699.0,433.38,433.38,paid,delivered,True,20260903
ORD-0005645-2,ORD-0005645,2026-08-14,死芒-吧唧（徽章）,2,18.0,0.1,3.6,32.4,5.4,10.8,paid,delivered,True,20260903
ORD-0005646-1,ORD-0005646,2026-06-01,司霆惊蛰-亚克力制品,1,48.0,0.0,0.0,48.0,16.8,16.8,paid,delivered,True,20260903
ORD-0005647-1,ORD-0005647,2026-07-22,予愿安洁莉娜-毛绒玩偶,1,128.0,0.1,12.8,115.2,61.44,61.44,paid,delivered,True,20260903
ORD-0005648-1,ORD-0005648,2026-08-16,娜斯提-吧唧（徽章）,1,18.0,0.0,0.0,18.0,5.4,5.4,paid,shipped,True,20260903
ORD-0005649-1,ORD-0005649,2026-06-01,死芒-手办模玩,1,699.0,0.0,0.0,699.0,433.38,433.38,paid,delivered,True,20260903
ORD-0005650-1,ORD-0005650,2026-08-12,怒潮凛冬-日用生活,2,99.0,0.15,29.7,168.3,45.54,91.08,paid,delivered,True,20260903
ORD-0005650-2,ORD-0005650,2026-08-12,缇缇-装饰摆件,2,89.0,0.05,8.9,169.1,37.38,74.76,paid,delivered,True,20260903
ORD-0005651-1,ORD-0005651,2026-06-21,维娜·维多利亚-装饰摆件,1,89.0,0.0,0.0,89.0,37.38,37.38,paid,pending,True,20260903
ORD-0005652-1,ORD-0005652,2026-07-12,维娜·维多利亚-吧唧（徽章）,1,18.0,0.0,0.0,18.0,5.4,5.4,paid,delivered,True,20260903
ORD-0005653-1,ORD-0005653,2026-07-24,归溟幽灵鲨-手办模玩,2,699.0,0.0,0.0,1398.0,433.38,866.76,paid,shipped,True,20260903
ORD-0005654-1,ORD-0005654,2026-06-17,重岳-装饰摆件,1,89.0,0.0,0.0,89.0,37.38,37.38,paid,delivered,True,20260903
ORD-0005655-1,ORD-0005655,2026-06-12,结城理-日用生活,3,99.0,0.05,14.85,282.15,45.54,136.62,paid,delivered,True,20260903
ORD-0005656-1,ORD-0005656,2026-07-23,焰狐龙梓兰-毛绒玩偶,1,128.0,0.1,12.8,115.2,61.44,61.44,paid,delivered,True,20260903
ORD-0005657-1,ORD-0005657,2026-07-23,死芒-手办模玩,1,699.0,0.0,0.0,699.0,433.38,433.38,paid,delivered,True,20260903
ORD-0005658-1,ORD-0005658,2026-06-06,缪尔赛思-亚克力制品,1,48.0,0.0,0.0,48.0,16.8,16.8,paid,shipped,True,20260903
ORD-0005659-1,ORD-0005659,2026-08-03,缄默德克萨斯-装饰摆件,1,89.0,0.05,4.45,84.55,37.38,37.38,paid,delivered,True,20260903
ORD-0005660-1,ORD-0005660,2026-06-03,望-亚克力制品,1,48.0,0.0,0.0,48.0,16.8,16.8,paid,delivered,True,20260903
ORD-0005660-2,ORD-0005660,2026-06-03,缇缇-日用生活,1,99.0,0.0,0.0,99.0,45.54,45.54,paid,delivered,True,20260903
ORD-0005661-1,ORD-0005661,2026-07-16,谬因-装饰摆件,1,89.0,0.0,0.0,89.0,37.38,37.38,paid,delivered,True,20260903
ORD-0005662-1,ORD-0005662,2026-06-17,斩业星熊-装饰摆件,1,89.0,0.0,0.0,89.0,37.38,37.38,paid,delivered,True,20260903
ORD-0005662-2,ORD-0005662,2026-06-17,娜斯提-日用生活,1,99.0,0.1,9.9,89.1,45.54,45.54,paid,delivered,True,20260903
ORD-0005662-3,ORD-0005662,2026-06-17,凯尔希·思衡托-日用生活,1,99.0,0.05,4.95,94.05,45.54,45.54,paid,delivered,True,20260903
ORD-0005663-1,ORD-0005663,2026-06-22,新约能天使-手办模玩,1,699.0,0.05,34.95,664.05,433.38,433.38,paid,delivered,True,20260903
ORD-0005663-2,ORD-0005663,2026-06-22,酒神-吧唧（徽章）,1,18.0,0.0,0.0,18.0,5.4,5.4,paid,delivered,True,20260903
ORD-0005664-1,ORD-0005664,2026-07-22,Mon3tr-手办模玩,2,699.0,0.1,139.8,1258.2,433.38,866.76,paid,delivered,True,20260903
ORD-0005665-1,ORD-0005665,2026-07-10,归溟幽灵鲨-亚克力制品,1,48.0,0.0,0.0,48.0,16.8,16.8,paid,delivered,True,20260903
ORD-0005666-1,ORD-0005666,2026-07-30,黍-毛绒玩偶,1,128.0,0.0,0.0,128.0,61.44,61.44,paid,delivered,True,20260903
ORD-0005667-1,ORD-0005667,2026-08-06,赤刃明霄陈-亚克力制品,1,48.0,0.1,4.8,43.2,16.8,16.8,paid,delivered,True,20260903
ORD-0005668-1,ORD-0005668,2026-06-20,重岳-毛绒玩偶,1,128.0,0.0,0.0,128.0,61.44,61.44,paid,delivered,True,20260903
ORD-0005669-1,ORD-0005669,2026-07-12,凛御银灰-亚克力制品,1,48.0,0.1,4.8,43.2,16.8,16.8,paid,delivered,True,20260903
ORD-0005669-2,ORD-0005669,2026-07-12,Mon3tr-手办模玩,1,699.0,0.1,69.9,629.1,433.38,433.38,paid,delivered,True,20260903
ORD-0005670-1,ORD-0005670,2026-06-10,余-亚克力制品,1,48.0,0.1,4.8,43.2,16.8,16.8,paid,delivered,True,20260903
ORD-0005671-1,ORD-0005671,2026-07-24,望-手办模玩,1,699.0,0.0,0.0,699.0,433.38,433.38,paid,delivered,True,20260903
ORD-0005671-2,ORD-0005671,2026-07-24,真言-毛绒玩偶,2,128.0,0.05,12.8,243.2,61.44,122.88,paid,delivered,True,20260903
ORD-0005672-1,ORD-0005672,2026-07-24,余-吧唧（徽章）,1,18.0,0.05,0.9,17.1,5.4,5.4,paid,delivered,True,20260903
ORD-0005672-2,ORD-0005672,2026-07-24,维娜·维多利亚-亚克力制品,2,48.0,0.0,0.0,96.0,16.8,33.6,paid,delivered,True,20260903
ORD-0005673-1,ORD-0005673,2026-08-14,荒芜拉普兰德-通行证,1,39.0,0.1,3.9,35.1,12.48,12.48,paid,delivered,True,20260903
ORD-0005673-2,ORD-0005673,2026-08-14,谬因-毛绒玩偶,1,128.0,0.0,0.0,128.0,61.44,61.44,paid,delivered,True,20260903
ORD-0005673-3,ORD-0005673,2026-08-14,缄默德克萨斯-日用生活,1,99.0,0.0,0.0,99.0,45.54,45.54,paid,delivered,True,20260903
ORD-0005674-1,ORD-0005674,2026-07-28,予愿安洁莉娜-装饰摆件,1,89.0,0.15,13.35,75.65,37.38,37.38,paid,delivered,True,20260903
ORD-0005675-1,ORD-0005675,2026-08-19,凯尔希·思衡托-亚克力制品,1,48.0,0.0,0.0,48.0,16.8,16.8,paid,delivered,True,20260903
ORD-0005676-1,ORD-0005676,2026-07-01,荒芜拉普兰德-通行证,1,39.0,0.0,0.0,39.0,12.48,12.48,paid,delivered,True,20260903
ORD-0005676-2,ORD-0005676,2026-07-01,荒芜拉普兰德-毛绒玩偶,1,128.0,0.0,0.0,128.0,61.44,61.44,paid,delivered,True,20260903
ORD-0005677-1,ORD-0005677,2026-06-07,Mon3tr-装饰摆件,1,89.0,0.0,0.0,89.0,37.38,37.38,paid,delivered,True,20260903
ORD-0005678-1,ORD-0005678,2026-06-17,结城理-亚克力制品,1,48.0,0.0,0.0,48.0,16.8,16.8,paid,delivered,True,20260903
ORD-0005679-1,ORD-0005679,2026-06-06,塑心-毛绒玩偶,1,128.0,0.0,0.0,128.0,61.44,61.44,paid,pending,True,20260903
ORD-0005679-2,ORD-0005679,2026-06-06,真言-装饰摆件,1,89.0,0.0,0.0,89.0,37.38,37.38,paid,pending,True,20260903
ORD-0005680-1,ORD-0005680,2026-06-29,司霆惊蛰-吧唧（徽章）,1,18.0,0.0,0.0,18.0,5.4,5.4,paid,delivered,True,20260903
ORD-0005681-1,ORD-0005681,2026-07-28,归溟幽灵鲨-通行证,1,39.0,0.1,3.9,35.1,12.48,12.48,paid,shipped,True,20260903
ORD-0005681-2,ORD-0005681,2026-07-28,凯尔希·思衡托-毛绒玩偶,1,128.0,0.0,0.0,128.0,61.44,61.44,paid,shipped,True,20260903
ORD-0005682-1,ORD-0005682,2026-07-25,缪尔赛思-亚克力制品,1,48.0,0.1,4.8,43.2,16.8,16.8,paid,delivered,True,20260903
ORD-0005683-1,ORD-0005683,2026-08-01,缪尔赛思-通行证,1,39.0,0.05,1.95,37.05,12.48,12.48,paid,shipped,True,20260903
ORD-0005684-1,ORD-0005684,2026-07-21,斩业星熊-手办模玩,1,699.0,0.1,69.9,629.1,433.38,433.38,paid,delivered,True,20260903
ORD-0005684-2,ORD-0005684,2026-07-21,娜斯提-通行证,3,39.0,0.05,5.85,111.15,12.48,37.44,paid,delivered,True,20260903
ORD-0005685-1,ORD-0005685,2026-08-03,塑心-亚克力制品,2,48.0,0.0,0.0,96.0,16.8,33.6,paid,delivered,True,20260903
ORD-0005686-1,ORD-0005686,2026-07-15,焰狐龙梓兰-吧唧（徽章）,1,18.0,0.1,1.8,16.2,5.4,5.4,paid,delivered,True,20260903
ORD-0005687-1,ORD-0005687,2026-08-17,塑心-日用生活,1,99.0,0.1,9.9,89.1,45.54,45.54,paid,delivered,True,20260903
ORD-0005688-1,ORD-0005688,2026-07-27,司霆惊蛰-毛绒玩偶,1,128.0,0.0,0.0,128.0,61.44,61.44,paid,delivered,True,20260903
ORD-0005689-1,ORD-0005689,2026-08-13,缄默德克萨斯-日用生活,1,99.0,0.0,0.0,99.0,45.54,45.54,paid,delivered,True,20260903
ORD-0005690-1,ORD-0005690,2026-06-28,斩业星熊-手办模玩,1,699.0,0.15,104.85,594.15,433.38,433.38,paid,shipped,True,20260903
ORD-0005691-1,ORD-0005691,2026-07-17,重岳-毛绒玩偶,1,128.0,0.0,0.0,128.0,61.44,61.44,cancelled,cancelled,True,20260903
ORD-0005692-1,ORD-0005692,2026-08-11,新约能天使-通行证,1,39.0,0.0,0.0,39.0,12.48,12.48,paid,delivered,True,20260903
ORD-0005693-1,ORD-0005693,2026-07-16,缪尔赛思-亚克力制品,1,48.0,0.0,0.0,48.0,16.8,16.8,paid,delivered,True,20260903
ORD-0005693-2,ORD-0005693,2026-07-16,真言-亚克力制品,1,48.0,0.0,0.0,48.0,16.8,16.8,paid,delivered,True,20260903
ORD-0005694-1,ORD-0005694,2026-07-11,真言-装饰摆件,1,89.0,0.05,4.45,84.55,37.38,37.38,paid,delivered,True,20260903
ORD-0005695-1,ORD-0005695,2026-07-03,缇缇-日用生活,1,99.0,0.05,4.95,94.05,45.54,45.54,paid,delivered,True,20260903
ORD-0005696-1,ORD-0005696,2026-07-08,凯尔希·思衡托-吧唧（徽章）,1,18.0,0.0,0.0,18.0,5.4,5.4,paid,delivered,True,20260903
ORD-0005697-1,ORD-0005697,2026-07-28,维娜·维多利亚-吧唧（徽章）,1,18.0,0.0,0.0,18.0,5.4,5.4,paid,delivered,True,20260903
ORD-0005697-2,ORD-0005697,2026-07-28,Mon3tr-手办模玩,1,699.0,0.0,0.0,699.0,433.38,433.38,paid,delivered,True,20260903
ORD-0005698-1,ORD-0005698,2026-08-22,黍-毛绒玩偶,1,128.0,0.0,0.0,128.0,61.44,61.44,paid,delivered,True,20260903
ORD-0005699-1,ORD-0005699,2026-06-03,凛御银灰-装饰摆件,1,89.0,0.0,0.0,89.0,37.38,37.38,paid,shipped,True,20260903
ORD-0005699-2,ORD-0005699,2026-06-03,塑心-亚克力制品,1,48.0,0.0,0.0,48.0,16.8,16.8,paid,shipped,True,20260903
ORD-0005700-1,ORD-0005700,2026-06-25,结城理-手办模玩,1,699.0,0.0,0.0,699.0,433.38,433.38,paid,delivered,True,20260903
ORD-0005701-1,ORD-0005701,2026-06-14,望-日用生活,1,99.0,0.0,0.0,99.0,45.54,45.54,paid,delivered,True,20260903
ORD-0005702-1,ORD-0005702,2026-08-24,黍-通行证,1,39.0,0.1,3.9,35.1,12.48,12.48,paid,delivered,True,20260903
ORD-0005703-1,ORD-0005703,2026-07-12,重岳-吧唧（徽章）,1,18.0,0.0,0.0,18.0,5.4,5.4,paid,delivered,True,20260903
ORD-0005704-1,ORD-0005704,2026-08-28,怒潮凛冬-装饰摆件,1,89.0,0.0,0.0,89.0,37.38,37.38,paid,delivered,True,20260903
ORD-0005705-1,ORD-0005705,2026-06-03,黍-毛绒玩偶,1,128.0,0.1,12.8,115.2,61.44,61.44,paid,delivered,True,20260903
ORD-0005706-1,ORD-0005706,2026-07-02,死芒-亚克力制品,2,48.0,0.1,9.6,86.4,16.8,33.6,paid,delivered,True,20260903
ORD-0005707-1,ORD-0005707,2026-06-05,死芒-吧唧（徽章）,1,18.0,0.0,0.0,18.0,5.4,5.4,paid,shipped,True,20260903
ORD-0005708-1,ORD-0005708,2026-06-10,赤刃明霄陈-通行证,1,39.0,0.1,3.9,35.1,12.48,12.48,paid,delivered,True,20260903
ORD-0005709-1,ORD-0005709,2026-06-22,维娜·维多利亚-亚克力制品,1,48.0,0.1,4.8,43.2,16.8,16.8,paid,delivered,True,20260903
ORD-0005710-1,ORD-0005710,2026-06-17,纯烬艾雅法拉-日用生活,1,99.0,0.05,4.95,94.05,45.54,45.54,paid,delivered,True,20260903
ORD-0005711-1,ORD-0005711,2026-07-12,维娜·维多利亚-通行证,1,39.0,0.0,0.0,39.0,12.48,12.48,paid,delivered,True,20260903
ORD-0005712-1,ORD-0005712,2026-07-13,凛御银灰-手办模玩,1,699.0,0.05,34.95,664.05,433.38,433.38,paid,delivered,True,20260903
ORD-0005713-1,ORD-0005713,2026-07-06,谬因-通行证,1,39.0,0.05,1.95,37.05,12.48,12.48,paid,delivered,True,20260903
ORD-0005713-2,ORD-0005713,2026-07-06,纯烬艾雅法拉-装饰摆件,1,89.0,0.0,0.0,89.0,37.38,37.38,paid,delivered,True,20260903
ORD-0005713-3,ORD-0005713,2026-07-06,缪尔赛思-吧唧（徽章）,1,18.0,0.0,0.0,18.0,5.4,5.4,paid,delivered,True,20260903
ORD-0005714-1,ORD-0005714,2026-08-08,黍-吧唧（徽章）,1,18.0,0.15,2.7,15.3,5.4,5.4,paid,delivered,True,20260903
ORD-0005715-1,ORD-0005715,2026-08-27,佩佩-装饰摆件,1,89.0,0.0,0.0,89.0,37.38,37.38,paid,delivered,True,20260903
ORD-0005716-1,ORD-0005716,2026-07-06,维娜·维多利亚-亚克力制品,2,48.0,0.0,0.0,96.0,16.8,33.6,paid,delivered,True,20260903
ORD-0005717-1,ORD-0005717,2026-06-24,娜斯提-装饰摆件,1,89.0,0.0,0.0,89.0,37.38,37.38,paid,shipped,True,20260903
ORD-0005718-1,ORD-0005718,2026-08-12,凯尔希·思衡托-毛绒玩偶,2,128.0,0.0,0.0,256.0,61.44,122.88,paid,delivered,True,20260903
ORD-0005718-2,ORD-0005718,2026-08-12,予愿安洁莉娜-亚克力制品,1,48.0,0.1,4.8,43.2,16.8,16.8,paid,delivered,True,20260903
ORD-0005719-1,ORD-0005719,2026-06-11,贝洛内-手办模玩,1,699.0,0.0,0.0,699.0,433.38,433.38,paid,delivered,True,20260903
ORD-0005720-1,ORD-0005720,2026-07-25,Mon3tr-通行证,1,39.0,0.1,3.9,35.1,12.48,12.48,paid,pending,True,20260903
ORD-0005721-1,ORD-0005721,2026-06-22,司霆惊蛰-吧唧（徽章）,1,18.0,0.0,0.0,18.0,5.4,5.4,paid,delivered,True,20260903
ORD-0005722-1,ORD-0005722,2026-08-08,真言-装饰摆件,1,89.0,0.0,0.0,89.0,37.38,37.38,paid,delivered,True,20260903
ORD-0005723-1,ORD-0005723,2026-06-19,维娜·维多利亚-毛绒玩偶,1,128.0,0.0,0.0,128.0,61.44,61.44,paid,delivered,True,20260903
ORD-0005724-1,ORD-0005724,2026-07-24,谬因-装饰摆件,1,89.0,0.05,4.45,84.55,37.38,37.38,paid,delivered,True,20260903
ORD-0005725-1,ORD-0005725,2026-07-27,焰狐龙梓兰-装饰摆件,1,89.0,0.0,0.0,89.0,37.38,37.38,paid,delivered,True,20260903
ORD-0005725-2,ORD-0005725,2026-07-27,余-吧唧（徽章）,1,18.0,0.0,0.0,18.0,5.4,5.4,paid,delivered,True,20260903
ORD-0005726-1,ORD-0005726,2026-08-12,黍-毛绒玩偶,1,128.0,0.0,0.0,128.0,61.44,61.44,paid,delivered,True,20260903
ORD-0005727-1,ORD-0005727,2026-06-27,死芒-通行证,1,39.0,0.0,0.0,39.0,12.48,12.48,paid,delivered,True,20260903
ORD-0005728-1,ORD-0005728,2026-08-10,死芒-毛绒玩偶,1,128.0,0.0,0.0,128.0,61.44,61.44,paid,delivered,True,20260903
ORD-0005728-2,ORD-0005728,2026-08-10,塑心-日用生活,1,99.0,0.0,0.0,99.0,45.54,45.54,paid,delivered,True,20260903
ORD-0005729-1,ORD-0005729,2026-07-29,酒神-亚克力制品,1,48.0,0.1,4.8,43.2,16.8,16.8,paid,delivered,True,20260903
ORD-0005730-1,ORD-0005730,2026-08-02,酒神-日用生活,2,99.0,0.0,0.0,198.0,45.54,91.08,paid,delivered,True,20260903
ORD-0005731-1,ORD-0005731,2026-08-16,斩业星熊-日用生活,1,99.0,0.0,0.0,99.0,45.54,45.54,paid,delivered,True,20260903
ORD-0005732-1,ORD-0005732,2026-07-25,余-亚克力制品,1,48.0,0.0,0.0,48.0,16.8,16.8,paid,delivered,True,20260903
ORD-0005733-1,ORD-0005733,2026-07-06,重岳-装饰摆件,1,89.0,0.0,0.0,89.0,37.38,37.38,paid,delivered,True,20260903
ORD-0005733-2,ORD-0005733,2026-07-06,娜斯提-毛绒玩偶,1,128.0,0.0,0.0,128.0,61.44,61.44,paid,delivered,True,20260903
ORD-0005734-1,ORD-0005734,2026-06-11,斩业星熊-日用生活,1,99.0,0.0,0.0,99.0,45.54,45.54,paid,delivered,True,20260903
ORD-0005735-1,ORD-0005735,2026-08-29,真言-亚克力制品,1,48.0,0.0,0.0,48.0,16.8,16.8,paid,shipped,True,20260903
ORD-0005735-2,ORD-0005735,2026-08-29,Mon3tr-毛绒玩偶,1,128.0,0.05,6.4,121.6,61.44,61.44,paid,shipped,True,20260903
ORD-0005736-1,ORD-0005736,2026-06-07,佩佩-吧唧（徽章）,1,18.0,0.0,0.0,18.0,5.4,5.4,paid,delivered,True,20260903
ORD-0005737-1,ORD-0005737,2026-07-08,新约能天使-毛绒玩偶,1,128.0,0.0,0.0,128.0,61.44,61.44,paid,shipped,True,20260903
ORD-0005738-1,ORD-0005738,2026-08-10,娜斯提-手办模玩,1,699.0,0.05,34.95,664.05,433.38,433.38,paid,pending,True,20260903
ORD-0005739-1,ORD-0005739,2026-08-15,黍-手办模玩,1,699.0,0.05,34.95,664.05,433.38,433.38,paid,delivered,True,20260903
ORD-0005740-1,ORD-0005740,2026-06-01,缇缇-手办模玩,1,699.0,0.1,69.9,629.1,433.38,433.38,paid,delivered,True,20260903
ORD-0005741-1,ORD-0005741,2026-07-04,荒芜拉普兰德-亚克力制品,2,48.0,0.15,14.4,81.6,16.8,33.6,paid,delivered,True,20260903
ORD-0005742-1,ORD-0005742,2026-07-18,缇缇-日用生活,1,99.0,0.15,14.85,84.15,45.54,45.54,paid,delivered,True,20260903
ORD-0005743-1,ORD-0005743,2026-06-27,新约能天使-亚克力制品,1,48.0,0.1,4.8,43.2,16.8,16.8,paid,delivered,True,20260903
ORD-0005744-1,ORD-0005744,2026-08-01,予愿安洁莉娜-毛绒玩偶,1,128.0,0.05,6.4,121.6,61.44,61.44,paid,delivered,True,20260903
ORD-0005745-1,ORD-0005745,2026-08-04,归溟幽灵鲨-日用生活,2,99.0,0.0,0.0,198.0,45.54,91.08,paid,shipped,True,20260903
ORD-0005746-1,ORD-0005746,2026-08-07,望-日用生活,1,99.0,0.05,4.95,94.05,45.54,45.54,paid,delivered,True,20260903
ORD-0005747-1,ORD-0005747,2026-07-24,黍-装饰摆件,1,89.0,0.0,0.0,89.0,37.38,37.38,paid,delivered,True,20260903
ORD-0005748-1,ORD-0005748,2026-06-19,Mon3tr-日用生活,1,99.0,0.1,9.9,89.1,45.54,45.54,paid,delivered,True,20260903
ORD-0005749-1,ORD-0005749,2026-07-06,司霆惊蛰-装饰摆件,1,89.0,0.1,8.9,80.1,37.38,37.38,paid,delivered,True,20260903
ORD-0005749-2,ORD-0005749,2026-07-06,新约能天使-手办模玩,1,699.0,0.0,0.0,699.0,433.38,433.38,paid,delivered,True,20260903
ORD-0005750-1,ORD-0005750,2026-06-19,佩佩-装饰摆件,1,89.0,0.0,0.0,89.0,37.38,37.38,paid,delivered,True,20260903
ORD-0005751-1,ORD-0005751,2026-06-14,缪尔赛思-亚克力制品,1,48.0,0.0,0.0,48.0,16.8,16.8,paid,delivered,True,20260903
ORD-0005752-1,ORD-0005752,2026-08-23,佩佩-毛绒玩偶,1,128.0,0.0,0.0,128.0,61.44,61.44,paid,shipped,True,20260903
ORD-0005752-2,ORD-0005752,2026-08-23,黍-毛绒玩偶,1,128.0,0.0,0.0,128.0,61.44,61.44,paid,shipped,True,20260903
ORD-0005752-3,ORD-0005752,2026-08-23,荒芜拉普兰德-毛绒玩偶,1,128.0,0.1,12.8,115.2,61.44,61.44,paid,shipped,True,20260903
ORD-0005753-1,ORD-0005753,2026-08-03,纯烬艾雅法拉-装饰摆件,1,89.0,0.05,4.45,84.55,37.38,37.38,paid,delivered,True,20260903
ORD-0005753-2,ORD-0005753,2026-08-03,重岳-手办模玩,1,699.0,0.05,34.95,664.05,433.38,433.38,paid,delivered,True,20260903
ORD-0005754-1,ORD-0005754,2026-06-03,结城理-装饰摆件,1,89.0,0.15,13.35,75.65,37.38,37.38,paid,delivered,True,20260903
ORD-0005754-2,ORD-0005754,2026-06-03,凛御银灰-装饰摆件,1,89.0,0.0,0.0,89.0,37.38,37.38,paid,delivered,True,20260903
ORD-0005755-1,ORD-0005755,2026-06-21,望-毛绒玩偶,1,128.0,0.1,12.8,115.2,61.44,61.44,paid,delivered,True,20260903
ORD-0005755-2,ORD-0005755,2026-06-21,酒神-吧唧（徽章）,1,18.0,0.1,1.8,16.2,5.4,5.4,paid,delivered,True,20260903
ORD-0005755-3,ORD-0005755,2026-06-21,缪尔赛思-通行证,1,39.0,0.0,0.0,39.0,12.48,12.48,paid,delivered,True,20260903
ORD-0005756-1,ORD-0005756,2026-07-14,焰狐龙梓兰-吧唧（徽章）,1,18.0,0.05,0.9,17.1,5.4,5.4,paid,delivered,True,20260903
ORD-0005756-2,ORD-0005756,2026-07-14,重岳-毛绒玩偶,1,128.0,0.0,0.0,128.0,61.44,61.44,paid,delivered,True,20260903
ORD-0005757-1,ORD-0005757,2026-08-29,归溟幽灵鲨-手办模玩,1,699.0,0.1,69.9,629.1,433.38,433.38,paid,delivered,True,20260903
ORD-0005758-1,ORD-0005758,2026-07-16,予愿安洁莉娜-毛绒玩偶,2,128.0,0.0,0.0,256.0,61.44,122.88,paid,delivered,True,20260903
ORD-0005759-1,ORD-0005759,2026-06-30,佩佩-吧唧（徽章）,1,18.0,0.0,0.0,18.0,5.4,5.4,paid,delivered,True,20260903
ORD-0005759-2,ORD-0005759,2026-06-30,予愿安洁莉娜-日用生活,1,99.0,0.0,0.0,99.0,45.54,45.54,paid,delivered,True,20260903
ORD-0005760-1,ORD-0005760,2026-06-03,归溟幽灵鲨-通行证,1,39.0,0.0,0.0,39.0,12.48,12.48,paid,delivered,True,20260903
ORD-0005761-1,ORD-0005761,2026-07-17,怒潮凛冬-装饰摆件,1,89.0,0.0,0.0,89.0,37.38,37.38,paid,shipped,True,20260903
ORD-0005762-1,ORD-0005762,2026-08-21,佩佩-装饰摆件,1,89.0,0.05,4.45,84.55,37.38,37.38,paid,delivered,True,20260903
ORD-0005762-2,ORD-0005762,2026-08-21,真言-亚克力制品,1,48.0,0.1,4.8,43.2,16.8,16.8,paid,delivered,True,20260903
ORD-0005762-3,ORD-0005762,2026-08-21,余-毛绒玩偶,1,128.0,0.0,0.0,128.0,61.44,61.44,paid,delivered,True,20260903
ORD-0005763-1,ORD-0005763,2026-08-14,Mon3tr-毛绒玩偶,1,128.0,0.0,0.0,128.0,61.44,61.44,paid,delivered,True,20260903
ORD-0005764-1,ORD-0005764,2026-07-21,黍-吧唧（徽章）,1,18.0,0.1,1.8,16.2,5.4,5.4,paid,delivered,True,20260903
ORD-0005765-1,ORD-0005765,2026-06-23,斩业星熊-日用生活,1,99.0,0.0,0.0,99.0,45.54,45.54,paid,delivered,True,20260903
ORD-0005765-2,ORD-0005765,2026-06-23,怒潮凛冬-手办模玩,1,699.0,0.0,0.0,699.0,433.38,433.38,paid,delivered,True,20260903
ORD-0005766-1,ORD-0005766,2026-08-13,司霆惊蛰-装饰摆件,1,89.0,0.1,8.9,80.1,37.38,37.38,cancelled,cancelled,True,20260903
ORD-0005767-1,ORD-0005767,2026-08-04,焰狐龙梓兰-日用生活,1,99.0,0.0,0.0,99.0,45.54,45.54,paid,delivered,True,20260903
ORD-0005768-1,ORD-0005768,2026-06-17,赤刃明霄陈-毛绒玩偶,1,128.0,0.15,19.2,108.8,61.44,61.44,paid,delivered,True,20260903
ORD-0005769-1,ORD-0005769,2026-07-29,谬因-手办模玩,1,699.0,0.0,0.0,699.0,433.38,433.38,paid,delivered,True,20260903
ORD-0005770-1,ORD-0005770,2026-07-31,凯尔希·思衡托-毛绒玩偶,1,128.0,0.0,0.0,128.0,61.44,61.44,paid,delivered,True,20260903
ORD-0005770-2,ORD-0005770,2026-07-31,重岳-吧唧（徽章）,1,18.0,0.05,0.9,17.1,5.4,5.4,paid,delivered,True,20260903
ORD-0005771-1,ORD-0005771,2026-08-08,焰狐龙梓兰-装饰摆件,1,89.0,0.05,4.45,84.55,37.38,37.38,paid,delivered,True,20260903
ORD-0005772-1,ORD-0005772,2026-07-23,余-手办模玩,1,699.0,0.15,104.85,594.15,433.38,433.38,paid,delivered,True,20260903
ORD-0005773-1,ORD-0005773,2026-08-02,维娜·维多利亚-装饰摆件,1,89.0,0.0,0.0,89.0,37.38,37.38,paid,delivered,True,20260903
ORD-0005774-1,ORD-0005774,2026-08-03,新约能天使-日用生活,1,99.0,0.0,0.0,99.0,45.54,45.54,paid,shipped,True,20260903
ORD-0005775-1,ORD-0005775,2026-06-23,缄默德克萨斯-通行证,1,39.0,0.0,0.0,39.0,12.48,12.48,paid,delivered,True,20260903
ORD-0005776-1,ORD-0005776,2026-06-14,予愿安洁莉娜-毛绒玩偶,1,128.0,0.15,19.2,108.8,61.44,61.44,paid,delivered,True,20260903
ORD-0005777-1,ORD-0005777,2026-07-17,谬因-吧唧（徽章）,1,18.0,0.0,0.0,18.0,5.4,5.4,paid,delivered,True,20260903
ORD-0005777-2,ORD-0005777,2026-07-17,凛御银灰-手办模玩,1,699.0,0.1,69.9,629.1,433.38,433.38,paid,delivered,True,20260903
ORD-0005778-1,ORD-0005778,2026-08-14,真言-通行证,2,39.0,0.05,3.9,74.1,12.48,24.96,paid,delivered,True,20260903
ORD-0005779-1,ORD-0005779,2026-06-20,凯尔希·思衡托-手办模玩,1,699.0,0.05,34.95,664.05,433.38,433.38,paid,delivered,True,20260903
ORD-0005780-1,ORD-0005780,2026-08-10,焰狐龙梓兰-毛绒玩偶,2,128.0,0.0,0.0,256.0,61.44,122.88,paid,delivered,True,20260903
ORD-0005780-2,ORD-0005780,2026-08-10,贝洛内-吧唧（徽章）,1,18.0,0.1,1.8,16.2,5.4,5.4,paid,delivered,True,20260903
ORD-0005781-1,ORD-0005781,2026-06-20,望-通行证,1,39.0,0.0,0.0,39.0,12.48,12.48,paid,delivered,True,20260903
ORD-0005781-2,ORD-0005781,2026-06-20,死芒-手办模玩,1,699.0,0.0,0.0,699.0,433.38,433.38,paid,delivered,True,20260903
ORD-0005782-1,ORD-0005782,2026-08-06,重岳-日用生活,1,99.0,0.05,4.95,94.05,45.54,45.54,paid,delivered,True,20260903
ORD-0005783-1,ORD-0005783,2026-06-13,结城理-毛绒玩偶,1,128.0,0.1,12.8,115.2,61.44,61.44,paid,delivered,True,20260903
ORD-0005783-2,ORD-0005783,2026-06-13,维娜·维多利亚-装饰摆件,1,89.0,0.0,0.0,89.0,37.38,37.38,paid,delivered,True,20260903
ORD-0005784-1,ORD-0005784,2026-06-22,斩业星熊-装饰摆件,1,89.0,0.0,0.0,89.0,37.38,37.38,paid,delivered,True,20260903
ORD-0005784-2,ORD-0005784,2026-06-22,望-装饰摆件,1,89.0,0.0,0.0,89.0,37.38,37.38,paid,delivered,True,20260903
ORD-0005785-1,ORD-0005785,2026-06-17,予愿安洁莉娜-装饰摆件,1,89.0,0.1,8.9,80.1,37.38,37.38,paid,delivered,True,20260903
ORD-0005786-1,ORD-0005786,2026-06-14,新约能天使-日用生活,1,99.0,0.05,4.95,94.05,45.54,45.54,paid,delivered,True,20260903
ORD-0005786-2,ORD-0005786,2026-06-14,怒潮凛冬-亚克力制品,1,48.0,0.0,0.0,48.0,16.8,16.8,paid,delivered,True,20260903
ORD-0005787-1,ORD-0005787,2026-06-13,荒芜拉普兰德-毛绒玩偶,1,128.0,0.0,0.0,128.0,61.44,61.44,paid,delivered,True,20260903
ORD-0005788-1,ORD-0005788,2026-08-03,酒神-亚克力制品,1,48.0,0.0,0.0,48.0,16.8,16.8,cancelled,cancelled,True,20260903
ORD-0005789-1,ORD-0005789,2026-06-16,新约能天使-日用生活,1,99.0,0.05,4.95,94.05,45.54,45.54,paid,delivered,True,20260903
ORD-0005790-1,ORD-0005790,2026-08-28,重岳-亚克力制品,1,48.0,0.05,2.4,45.6,16.8,16.8,paid,delivered,True,20260903
ORD-0005791-1,ORD-0005791,2026-08-12,黍-毛绒玩偶,1,128.0,0.0,0.0,128.0,61.44,61.44,paid,delivered,True,20260903
ORD-0005792-1,ORD-0005792,2026-08-26,佩佩-手办模玩,1,699.0,0.05,34.95,664.05,433.38,433.38,paid,delivered,True,20260903
ORD-0005793-1,ORD-0005793,2026-06-08,凯尔希·思衡托-通行证,1,39.0,0.0,0.0,39.0,12.48,12.48,paid,delivered,True,20260903
ORD-0005793-2,ORD-0005793,2026-06-08,焰狐龙梓兰-通行证,1,39.0,0.0,0.0,39.0,12.48,12.48,paid,delivered,True,20260903
ORD-0005794-1,ORD-0005794,2026-07-12,维娜·维多利亚-通行证,2,39.0,0.1,7.8,70.2,12.48,24.96,paid,delivered,True,20260903
ORD-0005794-2,ORD-0005794,2026-07-12,结城理-亚克力制品,1,48.0,0.05,2.4,45.6,16.8,16.8,paid,delivered,True,20260903
ORD-0005795-1,ORD-0005795,2026-06-24,缄默德克萨斯-通行证,1,39.0,0.0,0.0,39.0,12.48,12.48,paid,delivered,True,20260903
ORD-0005796-1,ORD-0005796,2026-07-09,缪尔赛思-吧唧（徽章）,2,18.0,0.0,0.0,36.0,5.4,10.8,paid,delivered,True,20260903
ORD-0005797-1,ORD-0005797,2026-08-10,维娜·维多利亚-手办模玩,1,699.0,0.15,104.85,594.15,433.38,433.38,paid,delivered,True,20260903
ORD-0005798-1,ORD-0005798,2026-08-28,塑心-手办模玩,1,699.0,0.0,0.0,699.0,433.38,433.38,paid,delivered,True,20260903
ORD-0005799-1,ORD-0005799,2026-07-31,凛御银灰-日用生活,1,99.0,0.05,4.95,94.05,45.54,45.54,paid,delivered,True,20260903
ORD-0005800-1,ORD-0005800,2026-07-30,纯烬艾雅法拉-亚克力制品,1,48.0,0.0,0.0,48.0,16.8,16.8,paid,delivered,True,20260903
ORD-0005801-1,ORD-0005801,2026-07-14,望-手办模玩,1,699.0,0.0,0.0,699.0,433.38,433.38,paid,delivered,True,20260903
ORD-0005801-2,ORD-0005801,2026-07-14,缇缇-手办模玩,1,699.0,0.1,69.9,629.1,433.38,433.38,paid,delivered,True,20260903
ORD-0005802-1,ORD-0005802,2026-07-05,真言-装饰摆件,1,89.0,0.0,0.0,89.0,37.38,37.38,paid,delivered,True,20260903
ORD-0005803-1,ORD-0005803,2026-06-28,凯尔希·思衡托-日用生活,1,99.0,0.15,14.85,84.15,45.54,45.54,paid,delivered,True,20260903
ORD-0005803-2,ORD-0005803,2026-06-28,死芒-手办模玩,1,699.0,0.05,34.95,664.05,433.38,433.38,paid,delivered,True,20260903
ORD-0005804-1,ORD-0005804,2026-06-25,司霆惊蛰-亚克力制品,1,48.0,0.1,4.8,43.2,16.8,16.8,paid,delivered,True,20260903
ORD-0005804-2,ORD-0005804,2026-06-25,Mon3tr-手办模玩,1,699.0,0.0,0.0,699.0,433.38,433.38,paid,delivered,True,20260903
ORD-0005805-1,ORD-0005805,2026-08-22,Mon3tr-日用生活,1,99.0,0.0,0.0,99.0,45.54,45.54,paid,delivered,True,20260903
ORD-0005806-1,ORD-0005806,2026-07-14,缄默德克萨斯-装饰摆件,1,89.0,0.15,13.35,75.65,37.38,37.38,paid,delivered,True,20260903
ORD-0005807-1,ORD-0005807,2026-06-03,重岳-亚克力制品,1,48.0,0.1,4.8,43.2,16.8,16.8,cancelled,cancelled,True,20260903
ORD-0005807-2,ORD-0005807,2026-06-03,酒神-亚克力制品,1,48.0,0.05,2.4,45.6,16.8,16.8,cancelled,cancelled,True,20260903
ORD-0005807-3,ORD-0005807,2026-06-03,归溟幽灵鲨-通行证,1,39.0,0.1,3.9,35.1,12.48,12.48,cancelled,cancelled,True,20260903
ORD-0005808-1,ORD-0005808,2026-06-21,维娜·维多利亚-装饰摆件,1,89.0,0.0,0.0,89.0,37.38,37.38,paid,delivered,True,20260903
ORD-0005809-1,ORD-0005809,2026-06-23,Mon3tr-日用生活,1,99.0,0.05,4.95,94.05,45.54,45.54,paid,delivered,True,20260903
ORD-0005810-1,ORD-0005810,2026-07-30,塑心-日用生活,1,99.0,0.15,14.85,84.15,45.54,45.54,paid,delivered,True,20260903
ORD-0005810-2,ORD-0005810,2026-07-30,死芒-通行证,1,39.0,0.0,0.0,39.0,12.48,12.48,paid,delivered,True,20260903
ORD-0005811-1,ORD-0005811,2026-07-01,贝洛内-亚克力制品,1,48.0,0.05,2.4,45.6,16.8,16.8,paid,delivered,True,20260903
ORD-0005812-1,ORD-0005812,2026-06-29,缇缇-吧唧（徽章）,2,18.0,0.0,0.0,36.0,5.4,10.8,paid,delivered,True,20260903
ORD-0005813-1,ORD-0005813,2026-08-06,赤刃明霄陈-通行证,1,39.0,0.0,0.0,39.0,12.48,12.48,paid,delivered,True,20260903
ORD-0005814-1,ORD-0005814,2026-06-13,望-吧唧（徽章）,1,18.0,0.05,0.9,17.1,5.4,5.4,paid,delivered,True,20260903
ORD-0005814-2,ORD-0005814,2026-06-13,余-手办模玩,1,699.0,0.0,0.0,699.0,433.38,433.38,paid,delivered,True,20260903
ORD-0005815-1,ORD-0005815,2026-07-30,塑心-亚克力制品,1,48.0,0.0,0.0,48.0,16.8,16.8,paid,delivered,True,20260903
ORD-0005816-1,ORD-0005816,2026-07-19,重岳-毛绒玩偶,2,128.0,0.0,0.0,256.0,61.44,122.88,paid,delivered,True,20260903
ORD-0005817-1,ORD-0005817,2026-06-09,娜斯提-毛绒玩偶,1,128.0,0.05,6.4,121.6,61.44,61.44,paid,delivered,True,20260903
ORD-0005818-1,ORD-0005818,2026-07-20,维娜·维多利亚-手办模玩,1,699.0,0.0,0.0,699.0,433.38,433.38,paid,delivered,True,20260903
ORD-0005819-1,ORD-0005819,2026-07-30,缇缇-装饰摆件,1,89.0,0.0,0.0,89.0,37.38,37.38,paid,delivered,True,20260903
ORD-0005820-1,ORD-0005820,2026-06-07,塑心-手办模玩,3,699.0,0.0,0.0,2097.0,433.38,1300.14,paid,delivered,True,20260903
ORD-0005820-2,ORD-0005820,2026-06-07,Mon3tr-毛绒玩偶,1,128.0,0.1,12.8,115.2,61.44,61.44,paid,delivered,True,20260903
ORD-0005820-3,ORD-0005820,2026-06-07,新约能天使-亚克力制品,1,48.0,0.0,0.0,48.0,16.8,16.8,paid,delivered,True,20260903
ORD-0005821-1,ORD-0005821,2026-06-30,缄默德克萨斯-亚克力制品,1,48.0,0.05,2.4,45.6,16.8,16.8,paid,delivered,True,20260903
ORD-0005822-1,ORD-0005822,2026-06-23,塑心-通行证,2,39.0,0.0,0.0,78.0,12.48,24.96,paid,delivered,True,20260903
ORD-0005823-1,ORD-0005823,2026-08-07,赤刃明霄陈-吧唧（徽章）,1,18.0,0.0,0.0,18.0,5.4,5.4,paid,pending,True,20260903
ORD-0005824-1,ORD-0005824,2026-06-07,缄默德克萨斯-毛绒玩偶,1,128.0,0.15,19.2,108.8,61.44,61.44,paid,shipped,True,20260903
ORD-0005825-1,ORD-0005825,2026-08-02,予愿安洁莉娜-毛绒玩偶,1,128.0,0.1,12.8,115.2,61.44,61.44,paid,delivered,True,20260903
ORD-0005825-2,ORD-0005825,2026-08-02,焰狐龙梓兰-亚克力制品,1,48.0,0.0,0.0,48.0,16.8,16.8,paid,delivered,True,20260903
ORD-0005826-1,ORD-0005826,2026-07-21,新约能天使-装饰摆件,1,89.0,0.0,0.0,89.0,37.38,37.38,paid,delivered,True,20260903
ORD-0005826-2,ORD-0005826,2026-07-21,Mon3tr-通行证,1,39.0,0.0,0.0,39.0,12.48,12.48,paid,delivered,True,20260903
ORD-0005827-1,ORD-0005827,2026-07-05,司霆惊蛰-亚克力制品,1,48.0,0.0,0.0,48.0,16.8,16.8,paid,delivered,True,20260903
ORD-0005828-1,ORD-0005828,2026-07-20,纯烬艾雅法拉-吧唧（徽章）,1,18.0,0.1,1.8,16.2,5.4,5.4,paid,delivered,True,20260903
ORD-0005829-1,ORD-0005829,2026-08-17,予愿安洁莉娜-通行证,1,39.0,0.15,5.85,33.15,12.48,12.48,paid,delivered,True,20260903
ORD-0005830-1,ORD-0005830,2026-08-28,酒神-吧唧（徽章）,2,18.0,0.0,0.0,36.0,5.4,10.8,paid,delivered,True,20260903
ORD-0005830-2,ORD-0005830,2026-08-28,斩业星熊-日用生活,1,99.0,0.0,0.0,99.0,45.54,45.54,paid,delivered,True,20260903
ORD-0005831-1,ORD-0005831,2026-08-08,贝洛内-手办模玩,1,699.0,0.0,0.0,699.0,433.38,433.38,paid,delivered,True,20260903
ORD-0005832-1,ORD-0005832,2026-08-11,结城理-亚克力制品,2,48.0,0.0,0.0,96.0,16.8,33.6,paid,delivered,True,20260903
ORD-0005833-1,ORD-0005833,2026-08-16,凛御银灰-手办模玩,1,699.0,0.0,0.0,699.0,433.38,433.38,paid,delivered,True,20260903
ORD-0005834-1,ORD-0005834,2026-08-13,结城理-日用生活,1,99.0,0.05,4.95,94.05,45.54,45.54,paid,delivered,True,20260903
ORD-0005835-1,ORD-0005835,2026-08-15,缄默德克萨斯-毛绒玩偶,1,128.0,0.0,0.0,128.0,61.44,61.44,paid,delivered,True,20260903
ORD-0005836-1,ORD-0005836,2026-07-13,死芒-日用生活,1,99.0,0.05,4.95,94.05,45.54,45.54,paid,delivered,True,20260903
ORD-0005837-1,ORD-0005837,2026-06-14,纯烬艾雅法拉-手办模玩,1,699.0,0.05,34.95,664.05,433.38,433.38,paid,pending,True,20260903
ORD-0005837-2,ORD-0005837,2026-06-14,赤刃明霄陈-通行证,1,39.0,0.0,0.0,39.0,12.48,12.48,paid,pending,True,20260903
ORD-0005838-1,ORD-0005838,2026-07-14,余-毛绒玩偶,1,128.0,0.05,6.4,121.6,61.44,61.44,paid,delivered,True,20260903
ORD-0005838-2,ORD-0005838,2026-07-14,焰狐龙梓兰-日用生活,1,99.0,0.05,4.95,94.05,45.54,45.54,paid,delivered,True,20260903
ORD-0005839-1,ORD-0005839,2026-07-06,缪尔赛思-亚克力制品,2,48.0,0.05,4.8,91.2,16.8,33.6,paid,delivered,True,20260903
ORD-0005840-1,ORD-0005840,2026-08-27,缇缇-装饰摆件,1,89.0,0.05,4.45,84.55,37.38,37.38,paid,delivered,True,20260903
ORD-0005840-2,ORD-0005840,2026-08-27,谬因-装饰摆件,1,89.0,0.0,0.0,89.0,37.38,37.38,paid,delivered,True,20260903
ORD-0005841-1,ORD-0005841,2026-06-28,塑心-装饰摆件,1,89.0,0.05,4.45,84.55,37.38,37.38,paid,delivered,True,20260903
ORD-0005842-1,ORD-0005842,2026-06-07,缪尔赛思-通行证,2,39.0,0.0,0.0,78.0,12.48,24.96,paid,delivered,True,20260903
ORD-0005842-2,ORD-0005842,2026-06-07,凯尔希·思衡托-毛绒玩偶,1,128.0,0.15,19.2,108.8,61.44,61.44,paid,delivered,True,20260903
ORD-0005843-1,ORD-0005843,2026-06-22,结城理-日用生活,1,99.0,0.15,14.85,84.15,45.54,45.54,paid,delivered,True,20260903
ORD-0005844-1,ORD-0005844,2026-08-18,司霆惊蛰-日用生活,1,99.0,0.05,4.95,94.05,45.54,45.54,paid,delivered,True,20260903
ORD-0005845-1,ORD-0005845,2026-06-16,斩业星熊-毛绒玩偶,1,128.0,0.1,12.8,115.2,61.44,61.44,paid,delivered,True,20260903
ORD-0005846-1,ORD-0005846,2026-06-07,缪尔赛思-日用生活,1,99.0,0.1,9.9,89.1,45.54,45.54,paid,delivered,True,20260903
ORD-0005847-1,ORD-0005847,2026-08-16,贝洛内-吧唧（徽章）,2,18.0,0.0,0.0,36.0,5.4,10.8,paid,delivered,True,20260903
ORD-0005848-1,ORD-0005848,2026-06-22,缪尔赛思-手办模玩,1,699.0,0.0,0.0,699.0,433.38,433.38,paid,delivered,True,20260903
ORD-0005849-1,ORD-0005849,2026-08-28,缇缇-毛绒玩偶,1,128.0,0.0,0.0,128.0,61.44,61.44,paid,delivered,True,20260903
ORD-0005850-1,ORD-0005850,2026-08-03,重岳-日用生活,1,99.0,0.1,9.9,89.1,45.54,45.54,paid,delivered,True,20260903
ORD-0005851-1,ORD-0005851,2026-06-23,怒潮凛冬-手办模玩,1,699.0,0.0,0.0,699.0,433.38,433.38,paid,delivered,True,20260903
ORD-0005852-1,ORD-0005852,2026-06-22,塑心-日用生活,1,99.0,0.0,0.0,99.0,45.54,45.54,paid,delivered,True,20260903
ORD-0005852-2,ORD-0005852,2026-06-22,重岳-毛绒玩偶,1,128.0,0.0,0.0,128.0,61.44,61.44,paid,delivered,True,20260903
ORD-0005853-1,ORD-0005853,2026-07-30,佩佩-通行证,1,39.0,0.0,0.0,39.0,12.48,12.48,paid,delivered,True,20260903
ORD-0005854-1,ORD-0005854,2026-07-11,焰狐龙梓兰-毛绒玩偶,2,128.0,0.0,0.0,256.0,61.44,122.88,paid,delivered,True,20260903
ORD-0005855-1,ORD-0005855,2026-08-09,凯尔希·思衡托-装饰摆件,1,89.0,0.1,8.9,80.1,37.38,37.38,paid,delivered,True,20260903
ORD-0005856-1,ORD-0005856,2026-07-26,真言-装饰摆件,1,89.0,0.1,8.9,80.1,37.38,37.38,paid,delivered,True,20260903
ORD-0005857-1,ORD-0005857,2026-08-11,凛御银灰-日用生活,1,99.0,0.0,0.0,99.0,45.54,45.54,paid,delivered,True,20260903
ORD-0005858-1,ORD-0005858,2026-07-20,缄默德克萨斯-亚克力制品,1,48.0,0.0,0.0,48.0,16.8,16.8,paid,delivered,True,20260903
ORD-0005859-1,ORD-0005859,2026-06-23,佩佩-手办模玩,1,699.0,0.0,0.0,699.0,433.38,433.38,paid,delivered,True,20260903
ORD-0005860-1,ORD-0005860,2026-07-08,Mon3tr-日用生活,1,99.0,0.0,0.0,99.0,45.54,45.54,paid,delivered,True,20260903
ORD-0005861-1,ORD-0005861,2026-08-07,司霆惊蛰-手办模玩,1,699.0,0.0,0.0,699.0,433.38,433.38,cancelled,cancelled,True,20260903
ORD-0005861-2,ORD-0005861,2026-08-07,凛御银灰-手办模玩,2,699.0,0.0,0.0,1398.0,433.38,866.76,cancelled,cancelled,True,20260903
ORD-0005862-1,ORD-0005862,2026-06-15,斩业星熊-装饰摆件,1,89.0,0.05,4.45,84.55,37.38,37.38,paid,delivered,True,20260903
ORD-0005863-1,ORD-0005863,2026-07-29,结城理-通行证,1,39.0,0.0,0.0,39.0,12.48,12.48,paid,delivered,True,20260903
ORD-0005864-1,ORD-0005864,2026-06-21,娜斯提-手办模玩,1,699.0,0.0,0.0,699.0,433.38,433.38,paid,delivered,True,20260903
ORD-0005865-1,ORD-0005865,2026-07-16,维娜·维多利亚-装饰摆件,1,89.0,0.0,0.0,89.0,37.38,37.38,paid,delivered,True,20260903
ORD-0005866-1,ORD-0005866,2026-08-28,死芒-手办模玩,1,699.0,0.1,69.9,629.1,433.38,433.38,paid,delivered,True,20260903
ORD-0005867-1,ORD-0005867,2026-08-27,谬因-亚克力制品,1,48.0,0.0,0.0,48.0,16.8,16.8,paid,delivered,True,20260903
ORD-0005867-2,ORD-0005867,2026-08-27,予愿安洁莉娜-亚克力制品,2,48.0,0.0,0.0,96.0,16.8,33.6,paid,delivered,True,20260903
ORD-0005868-1,ORD-0005868,2026-08-24,贝洛内-亚克力制品,1,48.0,0.0,0.0,48.0,16.8,16.8,paid,delivered,True,20260903
ORD-0005869-1,ORD-0005869,2026-06-27,望-毛绒玩偶,1,128.0,0.0,0.0,128.0,61.44,61.44,paid,shipped,True,20260903
ORD-0005869-2,ORD-0005869,2026-06-27,望-亚克力制品,1,48.0,0.0,0.0,48.0,16.8,16.8,paid,shipped,True,20260903
ORD-0005870-1,ORD-0005870,2026-08-08,黍-日用生活,1,99.0,0.1,9.9,89.1,45.54,45.54,paid,delivered,True,20260903
ORD-0005871-1,ORD-0005871,2026-06-16,纯烬艾雅法拉-日用生活,1,99.0,0.0,0.0,99.0,45.54,45.54,paid,delivered,True,20260903
ORD-0005872-1,ORD-0005872,2026-08-18,塑心-日用生活,1,99.0,0.15,14.85,84.15,45.54,45.54,paid,delivered,True,20260903
ORD-0005872-2,ORD-0005872,2026-08-18,贝洛内-手办模玩,1,699.0,0.0,0.0,699.0,433.38,433.38,paid,delivered,True,20260903
ORD-0005873-1,ORD-0005873,2026-08-19,望-毛绒玩偶,1,128.0,0.1,12.8,115.2,61.44,61.44,paid,delivered,True,20260903
ORD-0005873-2,ORD-0005873,2026-08-19,新约能天使-手办模玩,1,699.0,0.1,69.9,629.1,433.38,433.38,paid,delivered,True,20260903
ORD-0005874-1,ORD-0005874,2026-08-29,维娜·维多利亚-吧唧（徽章）,1,18.0,0.0,0.0,18.0,5.4,5.4,paid,delivered,True,20260903
ORD-0005874-2,ORD-0005874,2026-08-29,黍-通行证,1,39.0,0.0,0.0,39.0,12.48,12.48,paid,delivered,True,20260903
ORD-0005875-1,ORD-0005875,2026-07-29,Mon3tr-吧唧（徽章）,1,18.0,0.05,0.9,17.1,5.4,5.4,paid,delivered,True,20260903
ORD-0005876-1,ORD-0005876,2026-06-27,怒潮凛冬-装饰摆件,1,89.0,0.1,8.9,80.1,37.38,37.38,paid,delivered,True,20260903
ORD-0005876-2,ORD-0005876,2026-06-27,余-毛绒玩偶,1,128.0,0.0,0.0,128.0,61.44,61.44,paid,delivered,True,20260903
ORD-0005877-1,ORD-0005877,2026-08-22,维娜·维多利亚-毛绒玩偶,1,128.0,0.1,12.8,115.2,61.44,61.44,cancelled,cancelled,True,20260903
ORD-0005877-2,ORD-0005877,2026-08-22,纯烬艾雅法拉-装饰摆件,1,89.0,0.0,0.0,89.0,37.38,37.38,cancelled,cancelled,True,20260903
ORD-0005877-3,ORD-0005877,2026-08-22,结城理-毛绒玩偶,1,128.0,0.05,6.4,121.6,61.44,61.44,cancelled,cancelled,True,20260903
ORD-0005878-1,ORD-0005878,2026-07-01,斩业星熊-毛绒玩偶,1,128.0,0.0,0.0,128.0,61.44,61.44,paid,delivered,True,20260903
ORD-0005879-1,ORD-0005879,2026-06-07,黍-装饰摆件,1,89.0,0.0,0.0,89.0,37.38,37.38,paid,delivered,True,20260903
ORD-0005879-2,ORD-0005879,2026-06-07,死芒-通行证,1,39.0,0.0,0.0,39.0,12.48,12.48,paid,delivered,True,20260903
ORD-0005880-1,ORD-0005880,2026-07-30,缄默德克萨斯-吧唧（徽章）,1,18.0,0.05,0.9,17.1,5.4,5.4,paid,delivered,True,20260903
ORD-0005881-1,ORD-0005881,2026-06-12,怒潮凛冬-手办模玩,1,699.0,0.1,69.9,629.1,433.38,433.38,paid,delivered,True,20260903
ORD-0005881-2,ORD-0005881,2026-06-12,焰狐龙梓兰-装饰摆件,1,89.0,0.0,0.0,89.0,37.38,37.38,paid,delivered,True,20260903
ORD-0005882-1,ORD-0005882,2026-07-20,缄默德克萨斯-亚克力制品,1,48.0,0.0,0.0,48.0,16.8,16.8,paid,delivered,True,20260903
ORD-0005883-1,ORD-0005883,2026-08-29,予愿安洁莉娜-毛绒玩偶,1,128.0,0.0,0.0,128.0,61.44,61.44,paid,delivered,True,20260903
ORD-0005884-1,ORD-0005884,2026-08-28,予愿安洁莉娜-亚克力制品,1,48.0,0.0,0.0,48.0,16.8,16.8,paid,delivered,True,20260903
ORD-0005885-1,ORD-0005885,2026-06-14,余-装饰摆件,1,89.0,0.0,0.0,89.0,37.38,37.38,paid,delivered,True,20260903
ORD-0005886-1,ORD-0005886,2026-06-18,结城理-亚克力制品,1,48.0,0.15,7.2,40.8,16.8,16.8,paid,delivered,True,20260903
ORD-0005887-1,ORD-0005887,2026-08-05,真言-亚克力制品,1,48.0,0.05,2.4,45.6,16.8,16.8,paid,delivered,True,20260903
ORD-0005888-1,ORD-0005888,2026-08-07,新约能天使-装饰摆件,1,89.0,0.0,0.0,89.0,37.38,37.38,paid,delivered,True,20260903
ORD-0005889-1,ORD-0005889,2026-06-16,娜斯提-亚克力制品,1,48.0,0.05,2.4,45.6,16.8,16.8,paid,delivered,True,20260903
ORD-0005889-2,ORD-0005889,2026-06-16,焰狐龙梓兰-手办模玩,1,699.0,0.0,0.0,699.0,433.38,433.38,paid,delivered,True,20260903
ORD-0005890-1,ORD-0005890,2026-06-20,凯尔希·思衡托-日用生活,1,99.0,0.0,0.0,99.0,45.54,45.54,paid,delivered,True,20260903
ORD-0005891-1,ORD-0005891,2026-08-22,结城理-通行证,1,39.0,0.15,5.85,33.15,12.48,12.48,paid,delivered,True,20260903
ORD-0005891-2,ORD-0005891,2026-08-22,归溟幽灵鲨-亚克力制品,2,48.0,0.0,0.0,96.0,16.8,33.6,paid,delivered,True,20260903
ORD-0005892-1,ORD-0005892,2026-07-29,荒芜拉普兰德-手办模玩,1,699.0,0.05,34.95,664.05,433.38,433.38,paid,delivered,True,20260903
ORD-0005893-1,ORD-0005893,2026-08-21,余-手办模玩,1,699.0,0.1,69.9,629.1,433.38,433.38,paid,delivered,True,20260903
ORD-0005893-2,ORD-0005893,2026-08-21,缄默德克萨斯-毛绒玩偶,1,128.0,0.05,6.4,121.6,61.44,61.44,paid,delivered,True,20260903
ORD-0005894-1,ORD-0005894,2026-07-11,焰狐龙梓兰-日用生活,1,99.0,0.1,9.9,89.1,45.54,45.54,paid,delivered,True,20260903
ORD-0005895-1,ORD-0005895,2026-08-19,黍-日用生活,1,99.0,0.1,9.9,89.1,45.54,45.54,paid,delivered,True,20260903
ORD-0005896-1,ORD-0005896,2026-07-21,结城理-日用生活,1,99.0,0.15,14.85,84.15,45.54,45.54,paid,delivered,True,20260903
ORD-0005896-2,ORD-0005896,2026-07-21,望-毛绒玩偶,1,128.0,0.0,0.0,128.0,61.44,61.44,paid,delivered,True,20260903
ORD-0005897-1,ORD-0005897,2026-08-22,予愿安洁莉娜-通行证,1,39.0,0.0,0.0,39.0,12.48,12.48,paid,delivered,True,20260903
ORD-0005898-1,ORD-0005898,2026-06-09,酒神-日用生活,2,99.0,0.05,9.9,188.1,45.54,91.08,cancelled,cancelled,True,20260903
ORD-0005899-1,ORD-0005899,2026-06-21,缇缇-通行证,1,39.0,0.0,0.0,39.0,12.48,12.48,paid,delivered,True,20260903
ORD-0005900-1,ORD-0005900,2026-08-13,凯尔希·思衡托-毛绒玩偶,1,128.0,0.1,12.8,115.2,61.44,61.44,paid,delivered,True,20260903
ORD-0005901-1,ORD-0005901,2026-06-06,塑心-日用生活,1,99.0,0.0,0.0,99.0,45.54,45.54,paid,delivered,True,20260903
ORD-0005902-1,ORD-0005902,2026-06-10,维娜·维多利亚-装饰摆件,1,89.0,0.05,4.45,84.55,37.38,37.38,paid,delivered,True,20260903
ORD-0005902-2,ORD-0005902,2026-06-10,谬因-吧唧（徽章）,2,18.0,0.05,1.8,34.2,5.4,10.8,paid,delivered,True,20260903
ORD-0005903-1,ORD-0005903,2026-08-07,纯烬艾雅法拉-手办模玩,1,699.0,0.0,0.0,699.0,433.38,433.38,paid,delivered,True,20260903
ORD-0005903-2,ORD-0005903,2026-08-07,凛御银灰-装饰摆件,1,89.0,0.1,8.9,80.1,37.38,37.38,paid,delivered,True,20260903
ORD-0005904-1,ORD-0005904,2026-08-04,怒潮凛冬-通行证,1,39.0,0.0,0.0,39.0,12.48,12.48,cancelled,cancelled,True,20260903
ORD-0005905-1,ORD-0005905,2026-06-14,予愿安洁莉娜-装饰摆件,1,89.0,0.0,0.0,89.0,37.38,37.38,paid,delivered,True,20260903
ORD-0005906-1,ORD-0005906,2026-08-21,予愿安洁莉娜-毛绒玩偶,2,128.0,0.05,12.8,243.2,61.44,122.88,paid,delivered,True,20260903
ORD-0005906-2,ORD-0005906,2026-08-21,结城理-毛绒玩偶,1,128.0,0.0,0.0,128.0,61.44,61.44,paid,delivered,True,20260903
ORD-0005907-1,ORD-0005907,2026-07-20,凯尔希·思衡托-通行证,1,39.0,0.0,0.0,39.0,12.48,12.48,paid,delivered,True,20260903
ORD-0005907-2,ORD-0005907,2026-07-20,予愿安洁莉娜-亚克力制品,1,48.0,0.05,2.4,45.6,16.8,16.8,paid,delivered,True,20260903
ORD-0005908-1,ORD-0005908,2026-07-10,余-装饰摆件,1,89.0,0.0,0.0,89.0,37.38,37.38,paid,delivered,True,20260903
ORD-0005908-2,ORD-0005908,2026-07-10,缄默德克萨斯-装饰摆件,1,89.0,0.0,0.0,89.0,37.38,37.38,paid,delivered,True,20260903
ORD-0005909-1,ORD-0005909,2026-08-23,归溟幽灵鲨-日用生活,2,99.0,0.0,0.0,198.0,45.54,91.08,paid,delivered,True,20260903
ORD-0005910-1,ORD-0005910,2026-07-03,结城理-毛绒玩偶,1,128.0,0.0,0.0,128.0,61.44,61.44,paid,delivered,True,20260903
ORD-0005910-2,ORD-0005910,2026-07-03,真言-通行证,1,39.0,0.0,0.0,39.0,12.48,12.48,paid,delivered,True,20260903
ORD-0005911-1,ORD-0005911,2026-06-26,Mon3tr-亚克力制品,1,48.0,0.05,2.4,45.6,16.8,16.8,paid,delivered,True,20260903
ORD-0005912-1,ORD-0005912,2026-07-13,缪尔赛思-装饰摆件,1,89.0,0.0,0.0,89.0,37.38,37.38,paid,delivered,True,20260903
ORD-0005913-1,ORD-0005913,2026-06-17,缄默德克萨斯-亚克力制品,1,48.0,0.0,0.0,48.0,16.8,16.8,paid,delivered,True,20260903
ORD-0005913-2,ORD-0005913,2026-06-17,娜斯提-手办模玩,1,699.0,0.1,69.9,629.1,433.38,433.38,paid,delivered,True,20260903
ORD-0005914-1,ORD-0005914,2026-07-28,司霆惊蛰-吧唧（徽章）,1,18.0,0.0,0.0,18.0,5.4,5.4,paid,delivered,True,20260903
ORD-0005915-1,ORD-0005915,2026-06-21,司霆惊蛰-吧唧（徽章）,1,18.0,0.1,1.8,16.2,5.4,5.4,paid,delivered,True,20260903
ORD-0005916-1,ORD-0005916,2026-08-22,司霆惊蛰-亚克力制品,1,48.0,0.1,4.8,43.2,16.8,16.8,paid,delivered,True,20260903
ORD-0005917-1,ORD-0005917,2026-06-13,重岳-亚克力制品,2,48.0,0.15,14.4,81.6,16.8,33.6,paid,delivered,True,20260903
ORD-0005918-1,ORD-0005918,2026-06-19,娜斯提-装饰摆件,2,89.0,0.0,0.0,178.0,37.38,74.76,paid,delivered,True,20260903
ORD-0005919-1,ORD-0005919,2026-07-11,结城理-亚克力制品,1,48.0,0.0,0.0,48.0,16.8,16.8,paid,delivered,True,20260903
ORD-0005920-1,ORD-0005920,2026-08-27,凛御银灰-手办模玩,1,699.0,0.0,0.0,699.0,433.38,433.38,paid,delivered,True,20260903
ORD-0005920-2,ORD-0005920,2026-08-27,缄默德克萨斯-吧唧（徽章）,1,18.0,0.1,1.8,16.2,5.4,5.4,paid,delivered,True,20260903
ORD-0005921-1,ORD-0005921,2026-08-24,黍-装饰摆件,1,89.0,0.1,8.9,80.1,37.38,37.38,paid,delivered,True,20260903
ORD-0005922-1,ORD-0005922,2026-07-27,谬因-毛绒玩偶,1,128.0,0.05,6.4,121.6,61.44,61.44,paid,pending,True,20260903
ORD-0005923-1,ORD-0005923,2026-08-03,焰狐龙梓兰-亚克力制品,1,48.0,0.0,0.0,48.0,16.8,16.8,paid,delivered,True,20260903
ORD-0005924-1,ORD-0005924,2026-07-13,真言-毛绒玩偶,1,128.0,0.1,12.8,115.2,61.44,61.44,paid,delivered,True,20260903
ORD-0005924-2,ORD-0005924,2026-07-13,凛御银灰-亚克力制品,1,48.0,0.05,2.4,45.6,16.8,16.8,paid,delivered,True,20260903
ORD-0005925-1,ORD-0005925,2026-07-15,酒神-日用生活,1,99.0,0.0,0.0,99.0,45.54,45.54,paid,delivered,True,20260903
ORD-0005926-1,ORD-0005926,2026-07-31,纯烬艾雅法拉-日用生活,1,99.0,0.0,0.0,99.0,45.54,45.54,paid,delivered,True,20260903
ORD-0005927-1,ORD-0005927,2026-06-27,凛御银灰-日用生活,3,99.0,0.0,0.0,297.0,45.54,136.62,paid,delivered,True,20260903
ORD-0005928-1,ORD-0005928,2026-08-19,维娜·维多利亚-装饰摆件,1,89.0,0.1,8.9,80.1,37.38,37.38,paid,delivered,True,20260903
ORD-0005929-1,ORD-0005929,2026-06-19,缇缇-亚克力制品,1,48.0,0.05,2.4,45.6,16.8,16.8,paid,delivered,True,20260903
ORD-0005930-1,ORD-0005930,2026-08-05,焰狐龙梓兰-吧唧（徽章）,1,18.0,0.0,0.0,18.0,5.4,5.4,paid,delivered,True,20260903
ORD-0005931-1,ORD-0005931,2026-08-12,焰狐龙梓兰-通行证,1,39.0,0.0,0.0,39.0,12.48,12.48,paid,delivered,True,20260903
ORD-0005932-1,ORD-0005932,2026-08-14,予愿安洁莉娜-装饰摆件,1,89.0,0.0,0.0,89.0,37.38,37.38,paid,delivered,True,20260903
ORD-0005933-1,ORD-0005933,2026-08-07,望-吧唧（徽章）,1,18.0,0.0,0.0,18.0,5.4,5.4,paid,delivered,True,20260903
ORD-0005934-1,ORD-0005934,2026-06-14,娜斯提-日用生活,1,99.0,0.0,0.0,99.0,45.54,45.54,paid,delivered,True,20260903
ORD-0005935-1,ORD-0005935,2026-06-17,缄默德克萨斯-手办模玩,2,699.0,0.05,69.9,1328.1,433.38,866.76,cancelled,cancelled,True,20260903
ORD-0005936-1,ORD-0005936,2026-06-24,赤刃明霄陈-毛绒玩偶,1,128.0,0.05,6.4,121.6,61.44,61.44,paid,delivered,True,20260903
ORD-0005937-1,ORD-0005937,2026-07-11,重岳-毛绒玩偶,1,128.0,0.0,0.0,128.0,61.44,61.44,paid,shipped,True,20260903
ORD-0005937-2,ORD-0005937,2026-07-11,黍-亚克力制品,1,48.0,0.0,0.0,48.0,16.8,16.8,paid,shipped,True,20260903
ORD-0005938-1,ORD-0005938,2026-06-22,维娜·维多利亚-毛绒玩偶,1,128.0,0.15,19.2,108.8,61.44,61.44,paid,delivered,True,20260903
ORD-0005939-1,ORD-0005939,2026-08-09,归溟幽灵鲨-通行证,1,39.0,0.0,0.0,39.0,12.48,12.48,paid,delivered,True,20260903
ORD-0005939-2,ORD-0005939,2026-08-09,赤刃明霄陈-日用生活,1,99.0,0.05,4.95,94.05,45.54,45.54,paid,delivered,True,20260903
ORD-0005940-1,ORD-0005940,2026-07-29,Mon3tr-亚克力制品,1,48.0,0.05,2.4,45.6,16.8,16.8,paid,delivered,True,20260903
ORD-0005941-1,ORD-0005941,2026-06-20,缇缇-通行证,1,39.0,0.0,0.0,39.0,12.48,12.48,paid,delivered,True,20260903
ORD-0005942-1,ORD-0005942,2026-08-09,凛御银灰-吧唧（徽章）,2,18.0,0.0,0.0,36.0,5.4,10.8,paid,delivered,True,20260903
ORD-0005943-1,ORD-0005943,2026-07-01,焰狐龙梓兰-毛绒玩偶,1,128.0,0.0,0.0,128.0,61.44,61.44,cancelled,cancelled,True,20260903
ORD-0005943-2,ORD-0005943,2026-07-01,赤刃明霄陈-通行证,1,39.0,0.1,3.9,35.1,12.48,12.48,cancelled,cancelled,True,20260903
ORD-0005944-1,ORD-0005944,2026-06-18,纯烬艾雅法拉-日用生活,1,99.0,0.05,4.95,94.05,45.54,45.54,cancelled,cancelled,True,20260903
ORD-0005944-2,ORD-0005944,2026-06-18,缄默德克萨斯-手办模玩,1,699.0,0.0,0.0,699.0,433.38,433.38,cancelled,cancelled,True,20260903
ORD-0005945-1,ORD-0005945,2026-07-19,Mon3tr-吧唧（徽章）,1,18.0,0.05,0.9,17.1,5.4,5.4,paid,delivered,True,20260903
ORD-0005946-1,ORD-0005946,2026-08-06,怒潮凛冬-亚克力制品,1,48.0,0.0,0.0,48.0,16.8,16.8,paid,delivered,True,20260903
ORD-0005947-1,ORD-0005947,2026-07-25,谬因-通行证,1,39.0,0.0,0.0,39.0,12.48,12.48,cancelled,cancelled,True,20260903
ORD-0005948-1,ORD-0005948,2026-06-21,结城理-吧唧（徽章）,1,18.0,0.0,0.0,18.0,5.4,5.4,paid,delivered,True,20260903
ORD-0005949-1,ORD-0005949,2026-06-15,缄默德克萨斯-装饰摆件,2,89.0,0.05,8.9,169.1,37.38,74.76,paid,delivered,True,20260903
ORD-0005950-1,ORD-0005950,2026-06-12,Mon3tr-亚克力制品,2,48.0,0.05,4.8,91.2,16.8,33.6,paid,delivered,True,20260903
ORD-0005951-1,ORD-0005951,2026-07-23,怒潮凛冬-装饰摆件,2,89.0,0.05,8.9,169.1,37.38,74.76,paid,delivered,True,20260903
ORD-0005952-1,ORD-0005952,2026-06-10,斩业星熊-毛绒玩偶,1,128.0,0.1,12.8,115.2,61.44,61.44,paid,delivered,True,20260903
ORD-0005953-1,ORD-0005953,2026-08-03,赤刃明霄陈-毛绒玩偶,1,128.0,0.05,6.4,121.6,61.44,61.44,paid,delivered,True,20260903
ORD-0005954-1,ORD-0005954,2026-06-16,司霆惊蛰-亚克力制品,1,48.0,0.1,4.8,43.2,16.8,16.8,paid,delivered,True,20260903
ORD-0005955-1,ORD-0005955,2026-07-26,谬因-亚克力制品,1,48.0,0.05,2.4,45.6,16.8,16.8,paid,delivered,True,20260903
ORD-0005956-1,ORD-0005956,2026-08-15,望-装饰摆件,1,89.0,0.0,0.0,89.0,37.38,37.38,paid,shipped,True,20260903
ORD-0005956-2,ORD-0005956,2026-08-15,斩业星熊-亚克力制品,2,48.0,0.0,0.0,96.0,16.8,33.6,paid,shipped,True,20260903
ORD-0005956-3,ORD-0005956,2026-08-15,怒潮凛冬-吧唧（徽章）,1,18.0,0.05,0.9,17.1,5.4,5.4,paid,shipped,True,20260903
ORD-0005957-1,ORD-0005957,2026-08-07,荒芜拉普兰德-通行证,1,39.0,0.1,3.9,35.1,12.48,12.48,paid,delivered,True,20260903
ORD-0005957-2,ORD-0005957,2026-08-07,斩业星熊-毛绒玩偶,1,128.0,0.05,6.4,121.6,61.44,61.44,paid,delivered,True,20260903
ORD-0005958-1,ORD-0005958,2026-08-07,缄默德克萨斯-吧唧（徽章）,2,18.0,0.05,1.8,34.2,5.4,10.8,paid,delivered,True,20260903
ORD-0005959-1,ORD-0005959,2026-06-07,纯烬艾雅法拉-手办模玩,1,699.0,0.0,0.0,699.0,433.38,433.38,paid,delivered,True,20260903
ORD-0005960-1,ORD-0005960,2026-06-25,归溟幽灵鲨-通行证,1,39.0,0.05,1.95,37.05,12.48,12.48,paid,delivered,True,20260903
ORD-0005961-1,ORD-0005961,2026-08-16,真言-装饰摆件,1,89.0,0.0,0.0,89.0,37.38,37.38,paid,shipped,True,20260903
ORD-0005962-1,ORD-0005962,2026-07-13,司霆惊蛰-日用生活,1,99.0,0.0,0.0,99.0,45.54,45.54,paid,delivered,True,20260903
ORD-0005963-1,ORD-0005963,2026-07-25,斩业星熊-通行证,3,39.0,0.0,0.0,117.0,12.48,37.44,paid,delivered,True,20260903
ORD-0005963-2,ORD-0005963,2026-07-25,焰狐龙梓兰-装饰摆件,1,89.0,0.15,13.35,75.65,37.38,37.38,paid,delivered,True,20260903
ORD-0005964-1,ORD-0005964,2026-06-25,凛御银灰-日用生活,1,99.0,0.05,4.95,94.05,45.54,45.54,paid,delivered,True,20260903
ORD-0005965-1,ORD-0005965,2026-08-03,Mon3tr-亚克力制品,1,48.0,0.0,0.0,48.0,16.8,16.8,paid,delivered,True,20260903
ORD-0005966-1,ORD-0005966,2026-06-10,谬因-毛绒玩偶,1,128.0,0.1,12.8,115.2,61.44,61.44,paid,delivered,True,20260903
ORD-0005966-2,ORD-0005966,2026-06-10,佩佩-亚克力制品,1,48.0,0.0,0.0,48.0,16.8,16.8,paid,delivered,True,20260903
ORD-0005967-1,ORD-0005967,2026-07-04,凛御银灰-日用生活,1,99.0,0.15,14.85,84.15,45.54,45.54,paid,delivered,True,20260903
ORD-0005968-1,ORD-0005968,2026-08-02,娜斯提-吧唧（徽章）,1,18.0,0.0,0.0,18.0,5.4,5.4,paid,delivered,True,20260903
ORD-0005969-1,ORD-0005969,2026-07-19,缄默德克萨斯-装饰摆件,1,89.0,0.0,0.0,89.0,37.38,37.38,paid,delivered,True,20260903
ORD-0005970-1,ORD-0005970,2026-08-05,黍-毛绒玩偶,1,128.0,0.0,0.0,128.0,61.44,61.44,paid,delivered,True,20260903
ORD-0005970-2,ORD-0005970,2026-08-05,余-装饰摆件,1,89.0,0.05,4.45,84.55,37.38,37.38,paid,delivered,True,20260903
ORD-0005971-1,ORD-0005971,2026-07-26,新约能天使-装饰摆件,1,89.0,0.1,8.9,80.1,37.38,37.38,paid,delivered,True,20260903
ORD-0005971-2,ORD-0005971,2026-07-26,归溟幽灵鲨-毛绒玩偶,1,128.0,0.0,0.0,128.0,61.44,61.44,paid,delivered,True,20260903
ORD-0005972-1,ORD-0005972,2026-07-24,望-亚克力制品,1,48.0,0.05,2.4,45.6,16.8,16.8,paid,delivered,True,20260903
ORD-0005973-1,ORD-0005973,2026-08-21,缪尔赛思-装饰摆件,1,89.0,0.05,4.45,84.55,37.38,37.38,paid,delivered,True,20260903
ORD-0005973-2,ORD-0005973,2026-08-21,归溟幽灵鲨-手办模玩,3,699.0,0.05,104.85,1992.15,433.38,1300.14,paid,delivered,True,20260903
ORD-0005973-3,ORD-0005973,2026-08-21,死芒-毛绒玩偶,1,128.0,0.15,19.2,108.8,61.44,61.44,paid,delivered,True,20260903
ORD-0005974-1,ORD-0005974,2026-08-12,重岳-吧唧（徽章）,1,18.0,0.1,1.8,16.2,5.4,5.4,paid,delivered,True,20260903
ORD-0005975-1,ORD-0005975,2026-07-22,归溟幽灵鲨-毛绒玩偶,1,128.0,0.0,0.0,128.0,61.44,61.44,paid,delivered,True,20260903
ORD-0005975-2,ORD-0005975,2026-07-22,凯尔希·思衡托-装饰摆件,2,89.0,0.15,26.7,151.3,37.38,74.76,paid,delivered,True,20260903
ORD-0005975-3,ORD-0005975,2026-07-22,缄默德克萨斯-亚克力制品,1,48.0,0.05,2.4,45.6,16.8,16.8,paid,delivered,True,20260903
ORD-0005976-1,ORD-0005976,2026-07-13,塑心-通行证,1,39.0,0.0,0.0,39.0,12.48,12.48,paid,delivered,True,20260903
ORD-0005977-1,ORD-0005977,2026-06-02,怒潮凛冬-手办模玩,1,699.0,0.0,0.0,699.0,433.38,433.38,paid,delivered,True,20260903
ORD-0005977-2,ORD-0005977,2026-06-02,凯尔希·思衡托-亚克力制品,1,48.0,0.1,4.8,43.2,16.8,16.8,paid,delivered,True,20260903
ORD-0005978-1,ORD-0005978,2026-08-20,望-通行证,1,39.0,0.1,3.9,35.1,12.48,12.48,paid,delivered,True,20260903
ORD-0005978-2,ORD-0005978,2026-08-20,黍-毛绒玩偶,1,128.0,0.05,6.4,121.6,61.44,61.44,paid,delivered,True,20260903
ORD-0005979-1,ORD-0005979,2026-08-24,娜斯提-吧唧（徽章）,1,18.0,0.0,0.0,18.0,5.4,5.4,paid,delivered,True,20260903
ORD-0005980-1,ORD-0005980,2026-07-29,缪尔赛思-装饰摆件,1,89.0,0.1,8.9,80.1,37.38,37.38,paid,delivered,True,20260903
ORD-0005981-1,ORD-0005981,2026-07-26,结城理-装饰摆件,1,89.0,0.0,0.0,89.0,37.38,37.38,paid,delivered,True,20260903
ORD-0005982-1,ORD-0005982,2026-07-30,新约能天使-日用生活,1,99.0,0.15,14.85,84.15,45.54,45.54,cancelled,cancelled,True,20260903
ORD-0005983-1,ORD-0005983,2026-06-10,斩业星熊-毛绒玩偶,1,128.0,0.0,0.0,128.0,61.44,61.44,paid,shipped,True,20260903
ORD-0005984-1,ORD-0005984,2026-08-08,真言-日用生活,1,99.0,0.0,0.0,99.0,45.54,45.54,paid,delivered,True,20260903
ORD-0005985-1,ORD-0005985,2026-06-27,维娜·维多利亚-吧唧（徽章）,1,18.0,0.15,2.7,15.3,5.4,5.4,paid,delivered,True,20260903
ORD-0005986-1,ORD-0005986,2026-07-09,娜斯提-装饰摆件,1,89.0,0.0,0.0,89.0,37.38,37.38,paid,delivered,True,20260903
ORD-0005987-1,ORD-0005987,2026-07-28,凯尔希·思衡托-亚克力制品,1,48.0,0.1,4.8,43.2,16.8,16.8,cancelled,cancelled,True,20260903
ORD-0005988-1,ORD-0005988,2026-07-16,缇缇-毛绒玩偶,1,128.0,0.0,0.0,128.0,61.44,61.44,paid,delivered,True,20260903
ORD-0005988-2,ORD-0005988,2026-07-16,酒神-装饰摆件,1,89.0,0.0,0.0,89.0,37.38,37.38,paid,delivered,True,20260903
ORD-0005989-1,ORD-0005989,2026-06-20,新约能天使-日用生活,1,99.0,0.0,0.0,99.0,45.54,45.54,paid,delivered,True,20260903
ORD-0005990-1,ORD-0005990,2026-08-20,司霆惊蛰-装饰摆件,1,89.0,0.0,0.0,89.0,37.38,37.38,paid,delivered,True,20260903
ORD-0005990-2,ORD-0005990,2026-08-20,凯尔希·思衡托-装饰摆件,1,89.0,0.0,0.0,89.0,37.38,37.38,paid,delivered,True,20260903
ORD-0005990-3,ORD-0005990,2026-08-20,纯烬艾雅法拉-毛绒玩偶,1,128.0,0.05,6.4,121.6,61.44,61.44,paid,delivered,True,20260903
ORD-0005991-1,ORD-0005991,2026-07-14,纯烬艾雅法拉-通行证,1,39.0,0.0,0.0,39.0,12.48,12.48,paid,delivered,True,20260903
ORD-0005991-2,ORD-0005991,2026-07-14,余-手办模玩,1,699.0,0.0,0.0,699.0,433.38,433.38,paid,delivered,True,20260903
ORD-0005992-1,ORD-0005992,2026-06-27,凯尔希·思衡托-日用生活,1,99.0,0.15,14.85,84.15,45.54,45.54,paid,delivered,True,20260903
ORD-0005993-1,ORD-0005993,2026-07-06,荒芜拉普兰德-毛绒玩偶,1,128.0,0.0,0.0,128.0,61.44,61.44,paid,shipped,True,20260903
ORD-0005994-1,ORD-0005994,2026-06-18,赤刃明霄陈-通行证,1,39.0,0.0,0.0,39.0,12.48,12.48,paid,delivered,True,20260903
ORD-0005995-1,ORD-0005995,2026-07-08,重岳-亚克力制品,2,48.0,0.1,9.6,86.4,16.8,33.6,cancelled,cancelled,True,20260903
ORD-0005996-1,ORD-0005996,2026-07-22,予愿安洁莉娜-装饰摆件,1,89.0,0.05,4.45,84.55,37.38,37.38,paid,delivered,True,20260903
ORD-0005996-2,ORD-0005996,2026-07-22,司霆惊蛰-毛绒玩偶,1,128.0,0.1,12.8,115.2,61.44,61.44,paid,delivered,True,20260903
ORD-0005997-1,ORD-0005997,2026-07-21,焰狐龙梓兰-手办模玩,1,699.0,0.05,34.95,664.05,433.38,433.38,cancelled,cancelled,True,20260903
ORD-0005998-1,ORD-0005998,2026-08-27,赤刃明霄陈-毛绒玩偶,1,128.0,0.1,12.8,115.2,61.44,61.44,paid,delivered,True,20260903
ORD-0005999-1,ORD-0005999,2026-08-27,贝洛内-亚克力制品,1,48.0,0.0,0.0,48.0,16.8,16.8,paid,delivered,True,20260903
ORD-0006000-1,ORD-0006000,2026-07-02,维娜·维多利亚-吧唧（徽章）,1,18.0,0.05,0.9,17.1,5.4,5.4,paid,delivered,True,20260903
ORD-0006000-2,ORD-0006000,2026-07-02,缄默德克萨斯-吧唧（徽章）,1,18.0,0.1,1.8,16.2,5.4,5.4,paid,delivered,True,20260903
