order_id,order_date,channel,customer_segment,payment_status,fulfillment_status,order_amount,discount_amount,shipping_fee,paid_amount,is_simulated,simulation_seed
ORD-0000001,2026-06-21,官方商城,core_buyer,paid,delivered,89.0,0.0,10.0,99.0,True,20260903
ORD-0000002,2026-07-08,官方商城,potential_buyer,paid,delivered,39.0,0.0,8.0,47.0,True,20260903
ORD-0000003,2026-06-12,官方商城,core_buyer,cancelled,cancelled,128.0,19.2,0.0,0.0,True,20260903
ORD-0000004,2026-06-23,官方商城,potential_buyer,paid,delivered,128.0,0.0,0.0,128.0,True,20260903
ORD-0000005,2026-06-16,二手平台,potential_buyer,paid,delivered,39.0,0.0,10.0,49.0,True,20260903
ORD-0000006,2026-06-17,淘宝/天猫,core_buyer,paid,delivered,48.0,2.4,8.0,53.6,True,20260903
ORD-0000007,2026-08-12,线下展会或快闪店,core_buyer,paid,delivered,128.0,12.8,0.0,115.2,True,20260903
ORD-0000008,2026-07-17,B站会员购,core_buyer,paid,delivered,89.0,4.45,8.0,92.55,True,20260903
ORD-0000009,2026-06-06,官方商城,core_buyer,paid,delivered,75.0,0.0,8.0,83.0,True,20260903
ORD-0000010,2026-06-18,淘宝/天猫,potential_buyer,paid,delivered,78.0,0.0,0.0,78.0,True,20260903
ORD-0000011,2026-08-10,官方商城,potential_buyer,paid,delivered,39.0,0.0,0.0,39.0,True,20260903
ORD-0000012,2026-07-15,淘宝/天猫,core_buyer,cancelled,cancelled,89.0,0.0,12.0,0.0,True,20260903
ORD-0000013,2026-08-24,直播间,occasional_buyer,paid,delivered,18.0,0.9,0.0,17.1,True,20260903
ORD-0000014,2026-06-22,B站会员购,occasional_buyer,paid,delivered,699.0,34.95,0.0,664.05,True,20260903
ORD-0000015,2026-07-20,官方商城,occasional_buyer,paid,delivered,89.0,0.0,10.0,99.0,True,20260903
ORD-0000016,2026-08-23,线下展会或快闪店,potential_buyer,paid,delivered,99.0,0.0,0.0,99.0,True,20260903
ORD-0000017,2026-06-13,官方商城,occasional_buyer,paid,delivered,89.0,0.0,12.0,101.0,True,20260903
ORD-0000018,2026-08-18,官方商城,potential_buyer,paid,delivered,99.0,0.0,0.0,99.0,True,20260903
ORD-0000019,2026-07-19,淘宝/天猫,occasional_buyer,paid,shipped,66.0,0.0,0.0,66.0,True,20260903
ORD-0000020,2026-08-04,B站会员购,occasional_buyer,paid,delivered,99.0,0.0,0.0,99.0,True,20260903
ORD-0000021,2026-08-28,B站会员购,occasional_buyer,paid,delivered,137.0,0.0,0.0,137.0,True,20260903
ORD-0000022,2026-06-07,淘宝/天猫,core_buyer,cancelled,cancelled,18.0,0.0,10.0,0.0,True,20260903
ORD-0000023,2026-07-19,官方商城,potential_buyer,paid,delivered,144.0,9.6,0.0,134.4,True,20260903
ORD-0000024,2026-06-13,淘宝/天猫,occasional_buyer,paid,delivered,89.0,0.0,0.0,89.0,True,20260903
ORD-0000025,2026-08-25,官方商城,occasional_buyer,paid,delivered,48.0,0.0,8.0,56.0,True,20260903
ORD-0000026,2026-08-06,B站会员购,occasional_buyer,paid,delivered,48.0,2.4,8.0,53.6,True,20260903
ORD-0000027,2026-06-13,官方商城,potential_buyer,paid,delivered,96.0,0.0,10.0,106.0,True,20260903
ORD-0000028,2026-06-06,B站会员购,core_buyer,paid,delivered,99.0,4.95,0.0,94.05,True,20260903
ORD-0000029,2026-07-15,B站会员购,occasional_buyer,paid,delivered,735.0,3.6,0.0,731.4,True,20260903
ORD-0000030,2026-07-08,官方商城,core_buyer,paid,delivered,699.0,0.0,0.0,699.0,True,20260903
ORD-0000031,2026-06-11,淘宝/天猫,core_buyer,paid,delivered,717.0,35.85,0.0,681.15,True,20260903
ORD-0000032,2026-06-03,淘宝/天猫,occasional_buyer,paid,delivered,48.0,0.0,8.0,56.0,True,20260903
ORD-0000033,2026-06-15,官方商城,core_buyer,paid,delivered,206.0,6.4,0.0,199.6,True,20260903
ORD-0000034,2026-07-25,B站会员购,occasional_buyer,paid,delivered,699.0,34.95,0.0,664.05,True,20260903
ORD-0000035,2026-08-29,官方商城,occasional_buyer,paid,delivered,699.0,0.0,0.0,699.0,True,20260903
ORD-0000036,2026-07-01,B站会员购,core_buyer,paid,shipped,36.0,3.6,0.0,32.4,True,20260903
ORD-0000037,2026-08-21,B站会员购,core_buyer,paid,delivered,99.0,4.95,0.0,94.05,True,20260903
ORD-0000038,2026-06-22,淘宝/天猫,potential_buyer,paid,delivered,48.0,0.0,0.0,48.0,True,20260903
ORD-0000039,2026-08-08,官方商城,core_buyer,paid,delivered,128.0,12.8,0.0,115.2,True,20260903
ORD-0000040,2026-08-04,线下展会或快闪店,core_buyer,paid,shipped,788.0,69.9,0.0,718.1,True,20260903
ORD-0000041,2026-08-10,二手平台,occasional_buyer,paid,delivered,39.0,0.0,8.0,47.0,True,20260903
ORD-0000042,2026-07-24,B站会员购,core_buyer,paid,delivered,128.0,19.2,0.0,108.8,True,20260903
ORD-0000043,2026-07-06,B站会员购,occasional_buyer,paid,delivered,99.0,0.0,0.0,99.0,True,20260903
ORD-0000044,2026-06-08,线下展会或快闪店,occasional_buyer,paid,delivered,178.0,0.0,0.0,178.0,True,20260903
ORD-0000045,2026-07-21,淘宝/天猫,core_buyer,paid,delivered,36.0,3.6,8.0,40.4,True,20260903
ORD-0000046,2026-07-06,官方商城,occasional_buyer,paid,delivered,36.0,3.6,0.0,32.4,True,20260903
ORD-0000047,2026-07-25,官方商城,occasional_buyer,paid,delivered,18.0,2.7,0.0,15.3,True,20260903
ORD-0000048,2026-08-03,淘宝/天猫,core_buyer,paid,delivered,227.0,16.3,0.0,210.7,True,20260903
ORD-0000049,2026-07-13,线下展会或快闪店,potential_buyer,paid,delivered,99.0,0.0,0.0,99.0,True,20260903
ORD-0000050,2026-08-07,淘宝/天猫,occasional_buyer,paid,delivered,699.0,0.0,0.0,699.0,True,20260903
ORD-0000051,2026-07-01,B站会员购,occasional_buyer,paid,delivered,89.0,0.0,10.0,99.0,True,20260903
ORD-0000052,2026-08-04,官方商城,occasional_buyer,paid,delivered,128.0,6.4,0.0,121.6,True,20260903
ORD-0000053,2026-06-27,淘宝/天猫,occasional_buyer,paid,delivered,99.0,9.9,10.0,99.1,True,20260903
ORD-0000054,2026-08-02,淘宝/天猫,potential_buyer,paid,delivered,433.0,3.9,0.0,429.1,True,20260903
ORD-0000055,2026-08-14,官方商城,core_buyer,paid,delivered,18.0,0.0,0.0,18.0,True,20260903
ORD-0000056,2026-06-23,二手平台,occasional_buyer,paid,delivered,747.0,34.95,0.0,712.05,True,20260903
ORD-0000057,2026-07-30,淘宝/天猫,core_buyer,paid,delivered,117.0,5.85,0.0,111.15,True,20260903
ORD-0000058,2026-07-11,官方商城,occasional_buyer,paid,delivered,48.0,0.0,10.0,58.0,True,20260903
ORD-0000059,2026-07-26,B站会员购,potential_buyer,paid,delivered,128.0,6.4,0.0,121.6,True,20260903
ORD-0000060,2026-08-16,淘宝/天猫,occasional_buyer,paid,delivered,699.0,69.9,0.0,629.1,True,20260903
ORD-0000061,2026-08-01,线下展会或快闪店,core_buyer,paid,delivered,96.0,0.0,0.0,96.0,True,20260903
ORD-0000062,2026-08-24,官方商城,potential_buyer,paid,delivered,48.0,4.8,8.0,51.2,True,20260903
ORD-0000063,2026-07-29,线下展会或快闪店,occasional_buyer,paid,delivered,738.0,34.95,0.0,703.05,True,20260903
ORD-0000064,2026-07-23,淘宝/天猫,core_buyer,paid,delivered,99.0,9.9,0.0,89.1,True,20260903
ORD-0000065,2026-07-25,B站会员购,core_buyer,paid,delivered,99.0,4.95,10.0,104.05,True,20260903
ORD-0000066,2026-08-01,淘宝/天猫,occasional_buyer,paid,delivered,39.0,0.0,8.0,47.0,True,20260903
ORD-0000067,2026-08-20,官方商城,potential_buyer,paid,delivered,99.0,9.9,10.0,99.1,True,20260903
ORD-0000068,2026-08-27,官方商城,potential_buyer,paid,delivered,18.0,0.0,8.0,26.0,True,20260903
ORD-0000069,2026-07-26,淘宝/天猫,potential_buyer,paid,delivered,99.0,4.95,0.0,94.05,True,20260903
ORD-0000070,2026-08-28,淘宝/天猫,core_buyer,paid,delivered,1743.0,139.8,0.0,1603.2,True,20260903
ORD-0000071,2026-06-03,线下展会或快闪店,occasional_buyer,paid,pending,39.0,5.85,0.0,33.15,True,20260903
ORD-0000072,2026-08-02,官方商城,occasional_buyer,cancelled,cancelled,798.0,9.9,0.0,0.0,True,20260903
ORD-0000073,2026-06-13,淘宝/天猫,occasional_buyer,paid,delivered,99.0,9.9,8.0,97.1,True,20260903
ORD-0000074,2026-06-22,淘宝/天猫,core_buyer,paid,delivered,365.0,11.85,0.0,353.15,True,20260903
ORD-0000075,2026-07-21,官方商城,potential_buyer,paid,delivered,39.0,0.0,0.0,39.0,True,20260903
ORD-0000076,2026-06-15,B站会员购,occasional_buyer,paid,delivered,699.0,0.0,0.0,699.0,True,20260903
ORD-0000077,2026-07-05,B站会员购,core_buyer,paid,delivered,99.0,9.9,8.0,97.1,True,20260903
ORD-0000078,2026-07-20,其他,core_buyer,paid,delivered,48.0,4.8,8.0,51.2,True,20260903
ORD-0000079,2026-08-10,淘宝/天猫,core_buyer,paid,delivered,798.0,79.8,0.0,718.2,True,20260903
ORD-0000080,2026-08-14,淘宝/天猫,potential_buyer,paid,delivered,89.0,0.0,12.0,101.0,True,20260903
ORD-0000081,2026-07-04,淘宝/天猫,core_buyer,paid,delivered,48.0,0.0,8.0,56.0,True,20260903
ORD-0000082,2026-06-23,淘宝/天猫,core_buyer,paid,delivered,128.0,0.0,0.0,128.0,True,20260903
ORD-0000083,2026-07-18,淘宝/天猫,occasional_buyer,paid,delivered,18.0,0.9,0.0,17.1,True,20260903
ORD-0000084,2026-07-08,淘宝/天猫,core_buyer,paid,delivered,699.0,104.85,0.0,594.15,True,20260903
ORD-0000085,2026-06-18,二手平台,core_buyer,paid,delivered,99.0,0.0,0.0,99.0,True,20260903
ORD-0000086,2026-06-20,二手平台,core_buyer,paid,delivered,699.0,34.95,0.0,664.05,True,20260903
ORD-0000087,2026-06-22,官方商城,core_buyer,paid,delivered,48.0,4.8,8.0,51.2,True,20260903
ORD-0000088,2026-06-07,二手平台,potential_buyer,paid,delivered,48.0,4.8,12.0,55.2,True,20260903
ORD-0000089,2026-08-20,B站会员购,occasional_buyer,paid,delivered,827.0,47.75,0.0,779.25,True,20260903
ORD-0000090,2026-08-28,淘宝/天猫,potential_buyer,paid,shipped,96.0,2.4,8.0,101.6,True,20260903
ORD-0000091,2026-08-05,B站会员购,core_buyer,cancelled,cancelled,788.0,0.0,0.0,0.0,True,20260903
ORD-0000092,2026-06-04,淘宝/天猫,core_buyer,cancelled,cancelled,99.0,0.0,0.0,0.0,True,20260903
ORD-0000093,2026-07-30,二手平台,core_buyer,paid,delivered,89.0,4.45,8.0,92.55,True,20260903
ORD-0000094,2026-07-20,淘宝/天猫,core_buyer,paid,delivered,1416.0,0.0,0.0,1416.0,True,20260903
ORD-0000095,2026-06-04,B站会员购,occasional_buyer,paid,shipped,48.0,0.0,0.0,48.0,True,20260903
ORD-0000096,2026-08-02,线下展会或快闪店,occasional_buyer,paid,delivered,48.0,0.0,12.0,60.0,True,20260903
ORD-0000097,2026-06-30,B站会员购,occasional_buyer,paid,delivered,48.0,0.0,8.0,56.0,True,20260903
ORD-0000098,2026-06-20,官方商城,occasional_buyer,paid,delivered,99.0,0.0,0.0,99.0,True,20260903
ORD-0000099,2026-06-06,线下展会或快闪店,occasional_buyer,paid,delivered,18.0,0.0,8.0,26.0,True,20260903
ORD-0000100,2026-06-16,线下展会或快闪店,occasional_buyer,paid,delivered,96.0,0.0,10.0,106.0,True,20260903
ORD-0000101,2026-08-25,其他,occasional_buyer,paid,delivered,717.0,0.0,0.0,717.0,True,20260903
ORD-0000102,2026-07-05,淘宝/天猫,core_buyer,paid,delivered,128.0,0.0,0.0,128.0,True,20260903
ORD-0000103,2026-07-01,官方商城,occasional_buyer,paid,delivered,89.0,13.35,8.0,83.65,True,20260903
ORD-0000104,2026-08-06,官方商城,occasional_buyer,paid,delivered,48.0,4.8,10.0,53.2,True,20260903
ORD-0000105,2026-06-26,B站会员购,core_buyer,paid,delivered,99.0,0.0,0.0,99.0,True,20260903
ORD-0000106,2026-06-18,官方商城,occasional_buyer,paid,delivered,39.0,5.85,0.0,33.15,True,20260903
ORD-0000107,2026-07-24,淘宝/天猫,core_buyer,paid,delivered,39.0,0.0,8.0,47.0,True,20260903
ORD-0000108,2026-06-14,淘宝/天猫,occasional_buyer,paid,delivered,48.0,4.8,10.0,53.2,True,20260903
ORD-0000109,2026-06-22,线下展会或快闪店,core_buyer,paid,delivered,213.0,9.75,0.0,203.25,True,20260903
ORD-0000110,2026-06-18,官方商城,occasional_buyer,paid,delivered,39.0,0.0,8.0,47.0,True,20260903
ORD-0000111,2026-06-21,淘宝/天猫,core_buyer,paid,delivered,89.0,0.0,0.0,89.0,True,20260903
ORD-0000112,2026-07-01,线下展会或快闪店,potential_buyer,paid,delivered,36.0,0.0,8.0,44.0,True,20260903
ORD-0000113,2026-08-14,B站会员购,occasional_buyer,paid,delivered,217.0,30.6,0.0,186.4,True,20260903
ORD-0000114,2026-07-10,淘宝/天猫,core_buyer,paid,delivered,128.0,0.0,0.0,128.0,True,20260903
ORD-0000115,2026-08-07,官方商城,core_buyer,paid,delivered,128.0,6.4,0.0,121.6,True,20260903
ORD-0000116,2026-06-13,B站会员购,potential_buyer,paid,delivered,738.0,5.85,0.0,732.15,True,20260903
ORD-0000117,2026-06-09,淘宝/天猫,occasional_buyer,paid,delivered,227.0,9.9,0.0,217.1,True,20260903
ORD-0000118,2026-07-10,B站会员购,core_buyer,paid,delivered,699.0,34.95,0.0,664.05,True,20260903
ORD-0000119,2026-06-27,淘宝/天猫,core_buyer,paid,delivered,128.0,12.8,0.0,115.2,True,20260903
ORD-0000120,2026-07-31,淘宝/天猫,occasional_buyer,paid,delivered,128.0,12.8,0.0,115.2,True,20260903
ORD-0000121,2026-07-12,线下展会或快闪店,occasional_buyer,paid,delivered,18.0,0.0,12.0,30.0,True,20260903
ORD-0000122,2026-07-27,淘宝/天猫,core_buyer,paid,delivered,48.0,0.0,8.0,56.0,True,20260903
ORD-0000123,2026-07-18,B站会员购,core_buyer,paid,delivered,18.0,0.9,0.0,17.1,True,20260903
ORD-0000124,2026-08-05,淘宝/天猫,potential_buyer,paid,shipped,128.0,0.0,0.0,128.0,True,20260903
ORD-0000125,2026-07-11,淘宝/天猫,occasional_buyer,cancelled,cancelled,699.0,0.0,0.0,0.0,True,20260903
ORD-0000126,2026-07-31,二手平台,potential_buyer,paid,delivered,39.0,5.85,0.0,33.15,True,20260903
ORD-0000127,2026-07-24,淘宝/天猫,occasional_buyer,paid,delivered,75.0,3.9,8.0,79.1,True,20260903
ORD-0000128,2026-08-19,线下展会或快闪店,potential_buyer,cancelled,cancelled,18.0,1.8,8.0,0.0,True,20260903
ORD-0000129,2026-08-02,淘宝/天猫,occasional_buyer,paid,delivered,798.0,44.85,0.0,753.15,True,20260903
ORD-0000130,2026-07-28,线下展会或快闪店,occasional_buyer,paid,delivered,48.0,0.0,0.0,48.0,True,20260903
ORD-0000131,2026-08-15,官方商城,occasional_buyer,paid,delivered,18.0,0.0,12.0,30.0,True,20260903
ORD-0000132,2026-08-25,淘宝/天猫,core_buyer,cancelled,cancelled,39.0,0.0,8.0,0.0,True,20260903
ORD-0000133,2026-06-20,其他,potential_buyer,cancelled,cancelled,128.0,12.8,0.0,0.0,True,20260903
ORD-0000134,2026-06-16,淘宝/天猫,occasional_buyer,paid,shipped,39.0,3.9,10.0,45.1,True,20260903
ORD-0000135,2026-07-30,官方商城,occasional_buyer,paid,delivered,18.0,0.0,8.0,26.0,True,20260903
ORD-0000136,2026-06-22,B站会员购,core_buyer,paid,delivered,699.0,34.95,0.0,664.05,True,20260903
ORD-0000137,2026-06-20,官方商城,core_buyer,paid,delivered,48.0,2.4,0.0,45.6,True,20260903
ORD-0000138,2026-06-18,B站会员购,occasional_buyer,paid,delivered,48.0,0.0,0.0,48.0,True,20260903
ORD-0000139,2026-07-11,淘宝/天猫,core_buyer,paid,delivered,128.0,0.0,0.0,128.0,True,20260903
ORD-0000140,2026-06-12,官方商城,occasional_buyer,paid,delivered,738.0,0.0,0.0,738.0,True,20260903
ORD-0000141,2026-07-28,淘宝/天猫,core_buyer,paid,delivered,78.0,0.0,10.0,88.0,True,20260903
ORD-0000142,2026-06-16,B站会员购,occasional_buyer,paid,delivered,128.0,0.0,0.0,128.0,True,20260903
ORD-0000143,2026-08-02,其他,occasional_buyer,paid,delivered,48.0,0.0,8.0,56.0,True,20260903
ORD-0000144,2026-07-14,淘宝/天猫,occasional_buyer,paid,delivered,78.0,7.8,8.0,78.2,True,20260903
ORD-0000145,2026-07-02,B站会员购,occasional_buyer,paid,delivered,18.0,0.9,8.0,25.1,True,20260903
ORD-0000146,2026-07-14,B站会员购,core_buyer,paid,delivered,57.0,2.85,10.0,64.15,True,20260903
ORD-0000147,2026-08-08,官方商城,occasional_buyer,paid,delivered,18.0,0.0,0.0,18.0,True,20260903
ORD-0000148,2026-08-15,淘宝/天猫,occasional_buyer,paid,delivered,178.0,8.9,0.0,169.1,True,20260903
ORD-0000149,2026-06-17,官方商城,potential_buyer,paid,delivered,48.0,0.0,8.0,56.0,True,20260903
ORD-0000150,2026-06-12,线下展会或快闪店,occasional_buyer,paid,delivered,99.0,9.9,8.0,97.1,True,20260903
ORD-0000151,2026-06-27,官方商城,potential_buyer,paid,delivered,699.0,69.9,0.0,629.1,True,20260903
ORD-0000152,2026-08-02,官方商城,occasional_buyer,paid,delivered,48.0,0.0,0.0,48.0,True,20260903
ORD-0000153,2026-07-27,B站会员购,core_buyer,paid,delivered,756.0,0.0,0.0,756.0,True,20260903
ORD-0000154,2026-07-05,线下展会或快闪店,occasional_buyer,paid,delivered,96.0,0.0,12.0,108.0,True,20260903
ORD-0000155,2026-08-03,官方商城,occasional_buyer,paid,delivered,177.0,9.9,0.0,167.1,True,20260903
ORD-0000156,2026-08-19,线下展会或快闪店,core_buyer,paid,delivered,135.0,9.9,0.0,125.1,True,20260903
ORD-0000157,2026-07-25,淘宝/天猫,core_buyer,paid,delivered,99.0,14.85,8.0,92.15,True,20260903
ORD-0000158,2026-08-23,淘宝/天猫,core_buyer,paid,delivered,48.0,7.2,10.0,50.8,True,20260903
ORD-0000159,2026-07-28,直播间,core_buyer,paid,delivered,78.0,0.0,12.0,90.0,True,20260903
ORD-0000160,2026-08-12,淘宝/天猫,core_buyer,paid,delivered,788.0,13.35,0.0,774.65,True,20260903
ORD-0000161,2026-08-15,二手平台,potential_buyer,paid,delivered,39.0,3.9,8.0,43.1,True,20260903
ORD-0000162,2026-07-27,官方商城,core_buyer,paid,delivered,297.0,0.0,0.0,297.0,True,20260903
ORD-0000163,2026-08-28,官方商城,core_buyer,paid,delivered,1398.0,139.8,0.0,1258.2,True,20260903
ORD-0000164,2026-07-30,淘宝/天猫,occasional_buyer,paid,delivered,48.0,0.0,0.0,48.0,True,20260903
ORD-0000165,2026-08-01,线下展会或快闪店,occasional_buyer,paid,delivered,48.0,2.4,10.0,55.6,True,20260903
ORD-0000166,2026-06-13,淘宝/天猫,potential_buyer,paid,delivered,99.0,0.0,0.0,99.0,True,20260903
ORD-0000167,2026-06-24,线下展会或快闪店,occasional_buyer,paid,delivered,1437.0,3.9,0.0,1433.1,True,20260903
ORD-0000168,2026-08-23,B站会员购,occasional_buyer,paid,delivered,18.0,0.0,10.0,28.0,True,20260903
ORD-0000169,2026-07-02,淘宝/天猫,core_buyer,paid,delivered,89.0,4.45,0.0,84.55,True,20260903
ORD-0000170,2026-08-09,二手平台,occasional_buyer,paid,delivered,226.0,17.8,0.0,208.2,True,20260903
ORD-0000171,2026-06-23,淘宝/天猫,occasional_buyer,paid,delivered,178.0,0.0,0.0,178.0,True,20260903
ORD-0000172,2026-07-05,B站会员购,occasional_buyer,paid,delivered,48.0,0.0,0.0,48.0,True,20260903
ORD-0000173,2026-07-20,淘宝/天猫,potential_buyer,paid,delivered,18.0,0.9,0.0,17.1,True,20260903
ORD-0000174,2026-07-28,B站会员购,potential_buyer,paid,delivered,39.0,0.0,10.0,49.0,True,20260903
ORD-0000175,2026-06-15,B站会员购,occasional_buyer,paid,delivered,96.0,12.0,8.0,92.0,True,20260903
ORD-0000176,2026-06-12,官方商城,occasional_buyer,paid,delivered,18.0,0.0,8.0,26.0,True,20260903
ORD-0000177,2026-08-23,官方商城,occasional_buyer,paid,delivered,48.0,0.0,0.0,48.0,True,20260903
ORD-0000178,2026-06-06,淘宝/天猫,occasional_buyer,paid,delivered,89.0,8.9,8.0,88.1,True,20260903
ORD-0000179,2026-07-12,线下展会或快闪店,occasional_buyer,paid,delivered,747.0,37.35,0.0,709.65,True,20260903
ORD-0000180,2026-08-01,B站会员购,core_buyer,paid,delivered,699.0,0.0,0.0,699.0,True,20260903
ORD-0000181,2026-07-31,其他,occasional_buyer,paid,delivered,128.0,12.8,0.0,115.2,True,20260903
ORD-0000182,2026-06-15,线下展会或快闪店,occasional_buyer,paid,delivered,99.0,0.0,0.0,99.0,True,20260903
ORD-0000183,2026-07-08,淘宝/天猫,core_buyer,paid,delivered,1596.0,9.9,0.0,1586.1,True,20260903
ORD-0000184,2026-08-18,B站会员购,potential_buyer,paid,delivered,128.0,6.4,0.0,121.6,True,20260903
ORD-0000185,2026-06-29,淘宝/天猫,occasional_buyer,paid,delivered,89.0,4.45,0.0,84.55,True,20260903
ORD-0000186,2026-07-28,线下展会或快闪店,core_buyer,paid,delivered,128.0,6.4,0.0,121.6,True,20260903
ORD-0000187,2026-07-04,官方商城,occasional_buyer,paid,delivered,89.0,4.45,0.0,84.55,True,20260903
ORD-0000188,2026-06-13,线下展会或快闪店,occasional_buyer,paid,shipped,39.0,0.0,8.0,47.0,True,20260903
ORD-0000189,2026-06-11,官方商城,occasional_buyer,paid,delivered,96.0,4.8,10.0,101.2,True,20260903
ORD-0000190,2026-08-28,其他,core_buyer,paid,delivered,18.0,1.8,0.0,16.2,True,20260903
ORD-0000191,2026-07-20,B站会员购,core_buyer,paid,delivered,128.0,12.8,0.0,115.2,True,20260903
ORD-0000192,2026-08-15,官方商城,occasional_buyer,paid,shipped,99.0,0.0,0.0,99.0,True,20260903
ORD-0000193,2026-06-14,淘宝/天猫,core_buyer,paid,delivered,887.0,44.85,0.0,842.15,True,20260903
ORD-0000194,2026-08-18,B站会员购,occasional_buyer,paid,delivered,128.0,12.8,0.0,115.2,True,20260903
ORD-0000195,2026-08-25,淘宝/天猫,occasional_buyer,paid,delivered,89.0,4.45,8.0,92.55,True,20260903
ORD-0000196,2026-07-07,直播间,occasional_buyer,paid,pending,699.0,0.0,0.0,699.0,True,20260903
ORD-0000197,2026-06-16,B站会员购,occasional_buyer,paid,delivered,233.0,7.2,0.0,225.8,True,20260903
ORD-0000198,2026-07-21,淘宝/天猫,core_buyer,paid,delivered,89.0,8.9,12.0,92.1,True,20260903
ORD-0000199,2026-07-06,淘宝/天猫,potential_buyer,paid,delivered,39.0,1.95,0.0,37.05,True,20260903
ORD-0000200,2026-07-04,其他,core_buyer,paid,delivered,48.0,0.0,8.0,56.0,True,20260903
ORD-0000201,2026-07-27,淘宝/天猫,core_buyer,paid,delivered,128.0,0.0,0.0,128.0,True,20260903
ORD-0000202,2026-07-05,官方商城,core_buyer,paid,shipped,1398.0,0.0,0.0,1398.0,True,20260903
ORD-0000203,2026-08-13,B站会员购,core_buyer,paid,delivered,147.0,4.8,0.0,142.2,True,20260903
ORD-0000204,2026-08-20,线下展会或快闪店,core_buyer,paid,delivered,144.0,14.4,0.0,129.6,True,20260903
ORD-0000205,2026-07-06,淘宝/天猫,occasional_buyer,paid,delivered,89.0,0.0,0.0,89.0,True,20260903
ORD-0000206,2026-08-22,B站会员购,occasional_buyer,paid,delivered,176.0,8.8,0.0,167.2,True,20260903
ORD-0000207,2026-08-15,淘宝/天猫,core_buyer,paid,delivered,89.0,8.9,8.0,88.1,True,20260903
ORD-0000208,2026-07-06,淘宝/天猫,occasional_buyer,cancelled,cancelled,89.0,0.0,8.0,0.0,True,20260903
ORD-0000209,2026-07-16,淘宝/天猫,potential_buyer,paid,delivered,48.0,0.0,8.0,56.0,True,20260903
ORD-0000210,2026-07-15,淘宝/天猫,occasional_buyer,paid,delivered,48.0,2.4,10.0,55.6,True,20260903
ORD-0000211,2026-07-15,直播间,occasional_buyer,paid,delivered,267.0,0.0,0.0,267.0,True,20260903
ORD-0000212,2026-07-17,其他,core_buyer,paid,delivered,699.0,69.9,0.0,629.1,True,20260903
ORD-0000213,2026-06-01,B站会员购,occasional_buyer,paid,delivered,99.0,0.0,0.0,99.0,True,20260903
ORD-0000214,2026-07-19,淘宝/天猫,occasional_buyer,paid,delivered,18.0,0.0,8.0,26.0,True,20260903
ORD-0000215,2026-08-29,线下展会或快闪店,occasional_buyer,paid,shipped,18.0,0.9,0.0,17.1,True,20260903
ORD-0000216,2026-07-04,官方商城,potential_buyer,paid,delivered,48.0,4.8,10.0,53.2,True,20260903
ORD-0000217,2026-06-20,官方商城,occasional_buyer,paid,delivered,138.0,4.95,0.0,133.05,True,20260903
ORD-0000218,2026-06-28,淘宝/天猫,occasional_buyer,paid,delivered,89.0,8.9,8.0,88.1,True,20260903
ORD-0000219,2026-07-24,官方商城,occasional_buyer,paid,delivered,87.0,8.7,8.0,86.3,True,20260903
ORD-0000220,2026-06-21,淘宝/天猫,occasional_buyer,paid,delivered,78.0,0.0,10.0,88.0,True,20260903
ORD-0000221,2026-08-25,淘宝/天猫,occasional_buyer,paid,delivered,459.0,3.6,0.0,455.4,True,20260903
ORD-0000222,2026-06-21,官方商城,core_buyer,paid,delivered,39.0,3.9,0.0,35.1,True,20260903
ORD-0000223,2026-08-05,线下展会或快闪店,occasional_buyer,cancelled,cancelled,48.0,4.8,0.0,0.0,True,20260903
ORD-0000224,2026-07-18,淘宝/天猫,core_buyer,paid,delivered,78.0,3.9,0.0,74.1,True,20260903
ORD-0000225,2026-08-08,淘宝/天猫,occasional_buyer,paid,delivered,1398.0,0.0,0.0,1398.0,True,20260903
ORD-0000226,2026-07-25,官方商城,potential_buyer,paid,delivered,89.0,4.45,8.0,92.55,True,20260903
ORD-0000227,2026-08-09,官方商城,occasional_buyer,paid,delivered,89.0,0.0,10.0,99.0,True,20260903
ORD-0000228,2026-06-10,淘宝/天猫,core_buyer,paid,delivered,18.0,0.9,8.0,25.1,True,20260903
ORD-0000229,2026-07-22,淘宝/天猫,occasional_buyer,paid,delivered,57.0,1.95,8.0,63.05,True,20260903
ORD-0000230,2026-08-28,直播间,occasional_buyer,paid,delivered,699.0,0.0,0.0,699.0,True,20260903
ORD-0000231,2026-06-20,淘宝/天猫,occasional_buyer,paid,delivered,18.0,0.0,8.0,26.0,True,20260903
ORD-0000232,2026-06-20,B站会员购,core_buyer,paid,delivered,39.0,1.95,12.0,49.05,True,20260903
ORD-0000233,2026-06-11,B站会员购,core_buyer,paid,delivered,48.0,0.0,0.0,48.0,True,20260903
ORD-0000234,2026-08-06,二手平台,occasional_buyer,paid,delivered,99.0,0.0,0.0,99.0,True,20260903
ORD-0000235,2026-07-26,二手平台,occasional_buyer,paid,delivered,128.0,0.0,0.0,128.0,True,20260903
ORD-0000236,2026-08-19,淘宝/天猫,core_buyer,paid,delivered,916.0,21.7,0.0,894.3,True,20260903
ORD-0000237,2026-06-21,其他,occasional_buyer,paid,delivered,147.0,4.95,0.0,142.05,True,20260903
ORD-0000238,2026-08-13,官方商城,core_buyer,paid,delivered,699.0,0.0,0.0,699.0,True,20260903
ORD-0000239,2026-07-31,官方商城,occasional_buyer,cancelled,cancelled,798.0,74.85,0.0,0.0,True,20260903
ORD-0000240,2026-06-28,B站会员购,occasional_buyer,paid,delivered,89.0,4.45,8.0,92.55,True,20260903
ORD-0000241,2026-06-29,官方商城,potential_buyer,paid,delivered,48.0,0.0,12.0,60.0,True,20260903
ORD-0000242,2026-06-25,B站会员购,core_buyer,paid,delivered,89.0,4.45,0.0,84.55,True,20260903
ORD-0000243,2026-07-13,淘宝/天猫,occasional_buyer,paid,delivered,699.0,34.95,0.0,664.05,True,20260903
ORD-0000244,2026-08-02,B站会员购,occasional_buyer,paid,delivered,699.0,0.0,0.0,699.0,True,20260903
ORD-0000245,2026-06-04,其他,core_buyer,paid,delivered,137.0,0.0,0.0,137.0,True,20260903
ORD-0000246,2026-07-14,官方商城,core_buyer,paid,delivered,36.0,0.0,10.0,46.0,True,20260903
ORD-0000247,2026-06-18,B站会员购,occasional_buyer,paid,delivered,89.0,8.9,12.0,92.1,True,20260903
ORD-0000248,2026-08-15,淘宝/天猫,occasional_buyer,paid,delivered,128.0,8.9,0.0,119.1,True,20260903
ORD-0000249,2026-07-27,线下展会或快闪店,potential_buyer,paid,delivered,89.0,0.0,0.0,89.0,True,20260903
ORD-0000250,2026-07-28,淘宝/天猫,occasional_buyer,paid,shipped,48.0,0.0,10.0,58.0,True,20260903
ORD-0000251,2026-06-12,B站会员购,core_buyer,paid,delivered,227.0,22.7,0.0,204.3,True,20260903
ORD-0000252,2026-08-15,B站会员购,occasional_buyer,paid,delivered,78.0,0.0,8.0,86.0,True,20260903
ORD-0000253,2026-06-22,B站会员购,core_buyer,paid,delivered,699.0,0.0,0.0,699.0,True,20260903
ORD-0000254,2026-06-29,其他,potential_buyer,paid,delivered,128.0,12.8,0.0,115.2,True,20260903
ORD-0000255,2026-07-08,B站会员购,core_buyer,paid,delivered,178.0,22.25,0.0,155.75,True,20260903
ORD-0000256,2026-06-03,B站会员购,core_buyer,paid,delivered,178.0,0.0,0.0,178.0,True,20260903
ORD-0000257,2026-06-06,官方商城,occasional_buyer,paid,shipped,48.0,0.0,0.0,48.0,True,20260903
ORD-0000258,2026-08-15,淘宝/天猫,core_buyer,paid,delivered,18.0,0.0,12.0,30.0,True,20260903
ORD-0000259,2026-08-29,官方商城,core_buyer,paid,delivered,99.0,4.95,8.0,102.05,True,20260903
ORD-0000260,2026-06-29,淘宝/天猫,occasional_buyer,paid,delivered,39.0,0.0,12.0,51.0,True,20260903
ORD-0000261,2026-07-03,B站会员购,occasional_buyer,paid,delivered,18.0,0.0,8.0,26.0,True,20260903
ORD-0000262,2026-08-12,线下展会或快闪店,core_buyer,paid,delivered,1398.0,0.0,0.0,1398.0,True,20260903
ORD-0000263,2026-08-15,B站会员购,core_buyer,paid,delivered,1398.0,0.0,0.0,1398.0,True,20260903
ORD-0000264,2026-07-07,线下展会或快闪店,occasional_buyer,paid,delivered,18.0,0.0,0.0,18.0,True,20260903
ORD-0000265,2026-06-09,B站会员购,potential_buyer,paid,delivered,99.0,9.9,10.0,99.1,True,20260903
ORD-0000266,2026-07-14,B站会员购,core_buyer,paid,delivered,89.0,0.0,8.0,97.0,True,20260903
ORD-0000267,2026-06-11,官方商城,occasional_buyer,paid,delivered,89.0,0.0,8.0,97.0,True,20260903
ORD-0000268,2026-07-09,二手平台,potential_buyer,paid,delivered,137.0,8.9,0.0,128.1,True,20260903
ORD-0000269,2026-06-20,官方商城,occasional_buyer,paid,delivered,99.0,4.95,8.0,102.05,True,20260903
ORD-0000270,2026-06-03,B站会员购,potential_buyer,paid,delivered,699.0,34.95,0.0,664.05,True,20260903
ORD-0000271,2026-06-20,淘宝/天猫,occasional_buyer,paid,delivered,699.0,0.0,0.0,699.0,True,20260903
ORD-0000272,2026-06-28,淘宝/天猫,occasional_buyer,paid,delivered,48.0,2.4,8.0,53.6,True,20260903
ORD-0000273,2026-06-23,淘宝/天猫,core_buyer,paid,delivered,89.0,0.0,0.0,89.0,True,20260903
ORD-0000274,2026-06-27,淘宝/天猫,occasional_buyer,paid,delivered,18.0,0.0,0.0,18.0,True,20260903
ORD-0000275,2026-06-30,二手平台,core_buyer,paid,delivered,48.0,2.4,0.0,45.6,True,20260903
ORD-0000276,2026-07-31,B站会员购,occasional_buyer,paid,delivered,699.0,69.9,0.0,629.1,True,20260903
ORD-0000277,2026-06-21,淘宝/天猫,core_buyer,paid,pending,48.0,2.4,0.0,45.6,True,20260903
ORD-0000278,2026-07-18,官方商城,core_buyer,paid,delivered,99.0,0.0,0.0,99.0,True,20260903
ORD-0000279,2026-08-06,线下展会或快闪店,potential_buyer,paid,delivered,176.0,0.0,0.0,176.0,True,20260903
ORD-0000280,2026-07-13,淘宝/天猫,core_buyer,paid,delivered,89.0,0.0,10.0,99.0,True,20260903
ORD-0000281,2026-08-05,线下展会或快闪店,core_buyer,paid,delivered,48.0,7.2,10.0,50.8,True,20260903
ORD-0000282,2026-06-01,淘宝/天猫,core_buyer,paid,delivered,18.0,1.8,12.0,28.2,True,20260903
ORD-0000283,2026-07-20,官方商城,occasional_buyer,paid,delivered,39.0,0.0,10.0,49.0,True,20260903
ORD-0000284,2026-06-19,淘宝/天猫,occasional_buyer,paid,delivered,178.0,8.9,0.0,169.1,True,20260903
ORD-0000285,2026-08-08,官方商城,potential_buyer,paid,delivered,48.0,2.4,12.0,57.6,True,20260903
ORD-0000286,2026-06-16,B站会员购,core_buyer,paid,delivered,1497.0,9.9,0.0,1487.1,True,20260903
ORD-0000287,2026-07-31,线下展会或快闪店,occasional_buyer,paid,delivered,89.0,8.9,10.0,90.1,True,20260903
ORD-0000288,2026-08-26,直播间,occasional_buyer,paid,delivered,699.0,69.9,0.0,629.1,True,20260903
ORD-0000289,2026-08-20,淘宝/天猫,core_buyer,paid,delivered,128.0,0.0,0.0,128.0,True,20260903
ORD-0000290,2026-06-23,淘宝/天猫,core_buyer,paid,delivered,99.0,9.9,0.0,89.1,True,20260903
ORD-0000291,2026-07-30,官方商城,occasional_buyer,paid,delivered,99.0,0.0,0.0,99.0,True,20260903
ORD-0000292,2026-08-08,官方商城,core_buyer,paid,delivered,18.0,0.0,8.0,26.0,True,20260903
ORD-0000293,2026-07-18,B站会员购,core_buyer,paid,pending,747.0,34.95,0.0,712.05,True,20260903
ORD-0000294,2026-07-31,官方商城,occasional_buyer,paid,delivered,128.0,0.0,0.0,128.0,True,20260903
ORD-0000295,2026-07-27,二手平台,core_buyer,cancelled,cancelled,18.0,0.0,8.0,0.0,True,20260903
ORD-0000296,2026-06-14,B站会员购,core_buyer,paid,delivered,185.0,4.8,0.0,180.2,True,20260903
ORD-0000297,2026-07-29,淘宝/天猫,core_buyer,paid,delivered,99.0,9.9,0.0,89.1,True,20260903
ORD-0000298,2026-07-19,官方商城,occasional_buyer,paid,delivered,128.0,0.0,0.0,128.0,True,20260903
ORD-0000299,2026-06-21,B站会员购,occasional_buyer,paid,pending,1398.0,139.8,0.0,1258.2,True,20260903
ORD-0000300,2026-08-19,官方商城,core_buyer,paid,delivered,738.0,3.9,0.0,734.1,True,20260903
ORD-0000301,2026-08-05,淘宝/天猫,core_buyer,paid,delivered,89.0,8.9,0.0,80.1,True,20260903
ORD-0000302,2026-08-13,官方商城,occasional_buyer,paid,delivered,18.0,0.0,8.0,26.0,True,20260903
ORD-0000303,2026-06-27,官方商城,potential_buyer,paid,delivered,699.0,0.0,0.0,699.0,True,20260903
ORD-0000304,2026-06-28,淘宝/天猫,potential_buyer,paid,delivered,237.0,21.75,0.0,215.25,True,20260903
ORD-0000305,2026-06-01,淘宝/天猫,potential_buyer,paid,delivered,18.0,0.9,0.0,17.1,True,20260903
ORD-0000306,2026-08-25,官方商城,core_buyer,paid,delivered,48.0,0.0,8.0,56.0,True,20260903
ORD-0000307,2026-08-16,淘宝/天猫,occasional_buyer,cancelled,cancelled,178.0,0.0,0.0,0.0,True,20260903
ORD-0000308,2026-07-22,淘宝/天猫,occasional_buyer,paid,delivered,198.0,19.8,0.0,178.2,True,20260903
ORD-0000309,2026-06-11,线下展会或快闪店,occasional_buyer,paid,delivered,39.0,0.0,0.0,39.0,True,20260903
ORD-0000310,2026-06-07,线下展会或快闪店,occasional_buyer,cancelled,cancelled,128.0,0.0,0.0,0.0,True,20260903
ORD-0000311,2026-06-13,B站会员购,occasional_buyer,paid,delivered,107.0,0.0,0.0,107.0,True,20260903
ORD-0000312,2026-08-16,淘宝/天猫,occasional_buyer,paid,delivered,198.0,0.0,0.0,198.0,True,20260903
ORD-0000313,2026-06-15,B站会员购,core_buyer,paid,delivered,128.0,3.9,0.0,124.1,True,20260903
ORD-0000314,2026-08-21,线下展会或快闪店,occasional_buyer,paid,delivered,256.0,25.6,0.0,230.4,True,20260903
ORD-0000315,2026-07-05,官方商城,occasional_buyer,paid,delivered,18.0,1.8,8.0,24.2,True,20260903
ORD-0000316,2026-08-05,官方商城,core_buyer,paid,delivered,138.0,9.9,0.0,128.1,True,20260903
ORD-0000317,2026-06-21,B站会员购,occasional_buyer,paid,delivered,36.0,1.8,12.0,46.2,True,20260903
ORD-0000318,2026-08-10,B站会员购,core_buyer,paid,delivered,128.0,0.0,0.0,128.0,True,20260903
ORD-0000319,2026-08-02,淘宝/天猫,occasional_buyer,paid,delivered,48.0,2.4,0.0,45.6,True,20260903
ORD-0000320,2026-08-06,官方商城,core_buyer,paid,delivered,738.0,1.95,0.0,736.05,True,20260903
ORD-0000321,2026-06-09,官方商城,core_buyer,paid,delivered,89.0,0.0,0.0,89.0,True,20260903
ORD-0000322,2026-07-01,官方商城,occasional_buyer,paid,delivered,699.0,0.0,0.0,699.0,True,20260903
ORD-0000323,2026-08-02,淘宝/天猫,core_buyer,paid,delivered,39.0,3.9,12.0,47.1,True,20260903
ORD-0000324,2026-06-20,线下展会或快闪店,core_buyer,paid,delivered,99.0,9.9,8.0,97.1,True,20260903
ORD-0000325,2026-08-05,B站会员购,potential_buyer,paid,delivered,48.0,0.0,0.0,48.0,True,20260903
ORD-0000326,2026-08-29,官方商城,core_buyer,paid,delivered,48.0,0.0,10.0,58.0,True,20260903
ORD-0000327,2026-08-16,官方商城,occasional_buyer,paid,delivered,99.0,0.0,0.0,99.0,True,20260903
ORD-0000328,2026-07-31,B站会员购,core_buyer,paid,delivered,18.0,0.0,8.0,26.0,True,20260903
ORD-0000329,2026-08-11,B站会员购,core_buyer,paid,delivered,178.0,0.0,0.0,178.0,True,20260903
ORD-0000330,2026-06-18,淘宝/天猫,core_buyer,paid,delivered,89.0,0.0,10.0,99.0,True,20260903
ORD-0000331,2026-06-14,淘宝/天猫,core_buyer,paid,delivered,788.0,4.45,0.0,783.55,True,20260903
ORD-0000332,2026-07-05,线下展会或快闪店,core_buyer,paid,delivered,99.0,0.0,0.0,99.0,True,20260903
ORD-0000333,2026-07-19,二手平台,occasional_buyer,paid,delivered,18.0,0.9,10.0,27.1,True,20260903
ORD-0000334,2026-08-11,B站会员购,occasional_buyer,paid,delivered,87.0,2.4,8.0,92.6,True,20260903
ORD-0000335,2026-08-16,官方商城,potential_buyer,paid,delivered,699.0,104.85,0.0,594.15,True,20260903
ORD-0000336,2026-07-10,淘宝/天猫,potential_buyer,paid,delivered,99.0,0.0,0.0,99.0,True,20260903
ORD-0000337,2026-07-05,淘宝/天猫,occasional_buyer,paid,delivered,699.0,0.0,0.0,699.0,True,20260903
ORD-0000338,2026-06-19,二手平台,potential_buyer,paid,delivered,217.0,12.8,0.0,204.2,True,20260903
ORD-0000339,2026-06-13,二手平台,core_buyer,paid,delivered,128.0,0.0,0.0,128.0,True,20260903
ORD-0000340,2026-08-03,官方商城,core_buyer,paid,delivered,304.0,32.8,0.0,271.2,True,20260903
ORD-0000341,2026-07-21,直播间,core_buyer,paid,delivered,128.0,0.0,0.0,128.0,True,20260903
ORD-0000342,2026-06-22,其他,core_buyer,paid,delivered,384.0,38.4,0.0,345.6,True,20260903
ORD-0000343,2026-07-23,线下展会或快闪店,occasional_buyer,paid,delivered,188.0,0.0,0.0,188.0,True,20260903
ORD-0000344,2026-08-26,二手平台,occasional_buyer,cancelled,cancelled,99.0,4.95,12.0,0.0,True,20260903
ORD-0000345,2026-07-07,B站会员购,core_buyer,paid,delivered,217.0,10.85,0.0,206.15,True,20260903
ORD-0000346,2026-07-06,官方商城,occasional_buyer,paid,delivered,39.0,0.0,0.0,39.0,True,20260903
ORD-0000347,2026-07-28,B站会员购,core_buyer,paid,delivered,243.0,17.1,0.0,225.9,True,20260903
ORD-0000348,2026-06-19,淘宝/天猫,core_buyer,paid,delivered,217.0,12.8,0.0,204.2,True,20260903
ORD-0000349,2026-06-28,线下展会或快闪店,occasional_buyer,paid,delivered,99.0,9.9,8.0,97.1,True,20260903
ORD-0000350,2026-06-12,淘宝/天猫,occasional_buyer,paid,delivered,1398.0,0.0,0.0,1398.0,True,20260903
ORD-0000351,2026-08-04,淘宝/天猫,occasional_buyer,paid,delivered,128.0,0.0,0.0,128.0,True,20260903
ORD-0000352,2026-07-12,B站会员购,potential_buyer,cancelled,cancelled,39.0,0.0,10.0,0.0,True,20260903
ORD-0000353,2026-06-07,B站会员购,occasional_buyer,paid,shipped,39.0,0.0,0.0,39.0,True,20260903
ORD-0000354,2026-07-24,B站会员购,occasional_buyer,paid,delivered,48.0,4.8,0.0,43.2,True,20260903
ORD-0000355,2026-06-17,淘宝/天猫,occasional_buyer,paid,delivered,128.0,0.0,0.0,128.0,True,20260903
ORD-0000356,2026-07-19,淘宝/天猫,occasional_buyer,paid,delivered,89.0,0.0,10.0,99.0,True,20260903
ORD-0000357,2026-06-18,直播间,potential_buyer,paid,delivered,128.0,12.8,0.0,115.2,True,20260903
ORD-0000358,2026-07-13,线下展会或快闪店,core_buyer,paid,delivered,217.0,0.0,0.0,217.0,True,20260903
ORD-0000359,2026-08-18,B站会员购,occasional_buyer,paid,delivered,512.0,25.6,0.0,486.4,True,20260903
ORD-0000360,2026-07-08,淘宝/天猫,core_buyer,paid,delivered,128.0,0.0,0.0,128.0,True,20260903
ORD-0000361,2026-07-30,官方商城,occasional_buyer,paid,delivered,717.0,107.55,0.0,609.45,True,20260903
ORD-0000362,2026-06-19,线下展会或快闪店,occasional_buyer,paid,delivered,87.0,4.8,10.0,92.2,True,20260903
ORD-0000363,2026-06-18,淘宝/天猫,core_buyer,paid,delivered,178.0,0.0,0.0,178.0,True,20260903
ORD-0000364,2026-07-25,淘宝/天猫,core_buyer,paid,delivered,699.0,69.9,0.0,629.1,True,20260903
ORD-0000365,2026-07-18,官方商城,core_buyer,paid,delivered,304.0,15.2,0.0,288.8,True,20260903
ORD-0000366,2026-08-15,官方商城,occasional_buyer,paid,delivered,99.0,0.0,0.0,99.0,True,20260903
ORD-0000367,2026-06-15,线下展会或快闪店,potential_buyer,paid,delivered,877.0,34.95,0.0,842.05,True,20260903
ORD-0000368,2026-08-14,淘宝/天猫,core_buyer,paid,delivered,48.0,0.0,8.0,56.0,True,20260903
ORD-0000369,2026-07-21,淘宝/天猫,occasional_buyer,paid,delivered,48.0,0.0,0.0,48.0,True,20260903
ORD-0000370,2026-07-26,B站会员购,core_buyer,paid,delivered,96.0,9.6,0.0,86.4,True,20260903
ORD-0000371,2026-07-01,B站会员购,core_buyer,paid,delivered,99.0,9.9,8.0,97.1,True,20260903
ORD-0000372,2026-08-03,线下展会或快闪店,occasional_buyer,cancelled,cancelled,137.0,13.35,0.0,0.0,True,20260903
ORD-0000373,2026-08-25,淘宝/天猫,occasional_buyer,paid,delivered,188.0,9.9,0.0,178.1,True,20260903
ORD-0000374,2026-07-31,淘宝/天猫,core_buyer,paid,pending,178.0,8.9,0.0,169.1,True,20260903
ORD-0000375,2026-08-24,B站会员购,occasional_buyer,paid,delivered,18.0,0.9,8.0,25.1,True,20260903
ORD-0000376,2026-06-16,淘宝/天猫,core_buyer,paid,delivered,128.0,0.0,0.0,128.0,True,20260903
ORD-0000377,2026-06-23,B站会员购,core_buyer,paid,delivered,96.0,0.0,0.0,96.0,True,20260903
ORD-0000378,2026-06-21,线下展会或快闪店,core_buyer,paid,delivered,48.0,0.0,0.0,48.0,True,20260903
ORD-0000379,2026-07-08,二手平台,occasional_buyer,paid,delivered,99.0,0.0,0.0,99.0,True,20260903
ORD-0000380,2026-08-11,线下展会或快闪店,occasional_buyer,paid,delivered,89.0,4.45,8.0,92.55,True,20260903
ORD-0000381,2026-08-15,淘宝/天猫,occasional_buyer,paid,delivered,99.0,4.95,10.0,104.05,True,20260903
ORD-0000382,2026-06-25,官方商城,potential_buyer,paid,delivered,699.0,69.9,0.0,629.1,True,20260903
ORD-0000383,2026-06-20,淘宝/天猫,core_buyer,paid,delivered,137.0,0.0,0.0,137.0,True,20260903
ORD-0000384,2026-06-13,淘宝/天猫,potential_buyer,paid,shipped,699.0,69.9,0.0,629.1,True,20260903
ORD-0000385,2026-06-29,B站会员购,core_buyer,paid,delivered,699.0,69.9,0.0,629.1,True,20260903
ORD-0000386,2026-06-05,官方商城,core_buyer,paid,delivered,39.0,3.9,12.0,47.1,True,20260903
ORD-0000387,2026-07-28,二手平台,occasional_buyer,paid,delivered,178.0,17.8,0.0,160.2,True,20260903
ORD-0000388,2026-06-22,B站会员购,core_buyer,paid,delivered,267.0,0.0,0.0,267.0,True,20260903
ORD-0000389,2026-07-26,官方商城,occasional_buyer,paid,delivered,39.0,3.9,0.0,35.1,True,20260903
ORD-0000390,2026-08-16,淘宝/天猫,potential_buyer,paid,delivered,699.0,34.95,0.0,664.05,True,20260903
ORD-0000391,2026-06-20,线下展会或快闪店,core_buyer,paid,delivered,48.0,0.0,10.0,58.0,True,20260903
ORD-0000392,2026-07-03,淘宝/天猫,occasional_buyer,paid,delivered,699.0,0.0,0.0,699.0,True,20260903
ORD-0000393,2026-07-29,B站会员购,core_buyer,paid,delivered,99.0,9.9,10.0,99.1,True,20260903
ORD-0000394,2026-07-26,淘宝/天猫,occasional_buyer,paid,delivered,36.0,0.0,8.0,44.0,True,20260903
ORD-0000395,2026-06-06,官方商城,core_buyer,paid,delivered,36.0,0.0,0.0,36.0,True,20260903
ORD-0000396,2026-06-19,官方商城,potential_buyer,paid,delivered,1487.0,0.0,0.0,1487.0,True,20260903
ORD-0000397,2026-07-17,B站会员购,core_buyer,paid,delivered,699.0,0.0,0.0,699.0,True,20260903
ORD-0000398,2026-08-22,官方商城,occasional_buyer,paid,delivered,798.0,9.9,0.0,788.1,True,20260903
ORD-0000399,2026-08-18,官方商城,core_buyer,paid,delivered,96.0,0.0,8.0,104.0,True,20260903
ORD-0000400,2026-08-26,官方商城,core_buyer,paid,delivered,99.0,0.0,0.0,99.0,True,20260903
ORD-0000401,2026-07-30,淘宝/天猫,occasional_buyer,paid,delivered,128.0,0.0,0.0,128.0,True,20260903
ORD-0000402,2026-07-02,官方商城,occasional_buyer,paid,delivered,138.0,6.9,0.0,131.1,True,20260903
ORD-0000403,2026-08-06,线下展会或快闪店,core_buyer,paid,delivered,117.0,0.0,0.0,117.0,True,20260903
ORD-0000404,2026-06-30,官方商城,core_buyer,paid,delivered,384.0,0.0,0.0,384.0,True,20260903
ORD-0000405,2026-06-12,B站会员购,occasional_buyer,paid,shipped,48.0,0.0,0.0,48.0,True,20260903
ORD-0000406,2026-06-27,其他,core_buyer,paid,delivered,36.0,1.8,8.0,42.2,True,20260903
ORD-0000407,2026-07-09,官方商城,occasional_buyer,paid,delivered,738.0,0.0,0.0,738.0,True,20260903
ORD-0000408,2026-08-09,二手平台,occasional_buyer,paid,delivered,39.0,5.85,12.0,45.15,True,20260903
ORD-0000409,2026-07-01,官方商城,core_buyer,paid,delivered,188.0,8.9,0.0,179.1,True,20260903
ORD-0000410,2026-07-29,线下展会或快闪店,core_buyer,paid,delivered,18.0,0.9,0.0,17.1,True,20260903
ORD-0000411,2026-08-01,线下展会或快闪店,occasional_buyer,paid,delivered,1398.0,0.0,0.0,1398.0,True,20260903
ORD-0000412,2026-06-22,官方商城,core_buyer,paid,delivered,699.0,0.0,0.0,699.0,True,20260903
ORD-0000413,2026-07-22,官方商城,occasional_buyer,cancelled,cancelled,89.0,0.0,8.0,0.0,True,20260903
ORD-0000414,2026-06-04,其他,core_buyer,paid,delivered,128.0,0.0,0.0,128.0,True,20260903
ORD-0000415,2026-08-09,官方商城,potential_buyer,paid,delivered,699.0,0.0,0.0,699.0,True,20260903
ORD-0000416,2026-06-28,线下展会或快闪店,core_buyer,paid,delivered,717.0,0.9,0.0,716.1,True,20260903
ORD-0000417,2026-08-20,线下展会或快闪店,potential_buyer,paid,delivered,48.0,2.4,8.0,53.6,True,20260903
ORD-0000418,2026-07-29,淘宝/天猫,core_buyer,paid,delivered,39.0,0.0,10.0,49.0,True,20260903
ORD-0000419,2026-07-30,B站会员购,potential_buyer,paid,delivered,274.0,13.7,0.0,260.3,True,20260903
ORD-0000420,2026-06-25,淘宝/天猫,core_buyer,paid,delivered,36.0,0.0,10.0,46.0,True,20260903
ORD-0000421,2026-06-19,官方商城,core_buyer,cancelled,cancelled,39.0,0.0,10.0,0.0,True,20260903
ORD-0000422,2026-06-06,官方商城,core_buyer,paid,delivered,738.0,0.0,0.0,738.0,True,20260903
ORD-0000423,2026-08-18,官方商城,occasional_buyer,paid,delivered,699.0,0.0,0.0,699.0,True,20260903
ORD-0000424,2026-07-28,线下展会或快闪店,core_buyer,paid,delivered,57.0,0.0,8.0,65.0,True,20260903
ORD-0000425,2026-08-01,淘宝/天猫,core_buyer,cancelled,cancelled,699.0,34.95,0.0,0.0,True,20260903
ORD-0000426,2026-06-25,B站会员购,potential_buyer,paid,shipped,146.0,0.0,0.0,146.0,True,20260903
ORD-0000427,2026-06-07,线下展会或快闪店,occasional_buyer,paid,shipped,1446.0,0.0,0.0,1446.0,True,20260903
ORD-0000428,2026-07-15,线下展会或快闪店,core_buyer,paid,delivered,18.0,0.9,12.0,29.1,True,20260903
ORD-0000429,2026-08-12,淘宝/天猫,occasional_buyer,paid,delivered,18.0,0.0,8.0,26.0,True,20260903
ORD-0000430,2026-07-31,直播间,core_buyer,paid,delivered,128.0,12.8,0.0,115.2,True,20260903
ORD-0000431,2026-06-25,官方商城,potential_buyer,paid,delivered,89.0,0.0,8.0,97.0,True,20260903
ORD-0000432,2026-07-10,淘宝/天猫,core_buyer,paid,delivered,99.0,0.0,0.0,99.0,True,20260903
ORD-0000433,2026-07-27,B站会员购,occasional_buyer,paid,delivered,99.0,0.0,0.0,99.0,True,20260903
ORD-0000434,2026-06-26,淘宝/天猫,occasional_buyer,paid,delivered,39.0,1.95,0.0,37.05,True,20260903
ORD-0000435,2026-08-01,淘宝/天猫,occasional_buyer,paid,delivered,99.0,4.95,10.0,104.05,True,20260903
ORD-0000436,2026-08-06,二手平台,core_buyer,paid,delivered,39.0,3.9,8.0,43.1,True,20260903
ORD-0000437,2026-08-02,线下展会或快闪店,core_buyer,paid,shipped,195.0,13.65,0.0,181.35,True,20260903
ORD-0000438,2026-08-03,B站会员购,occasional_buyer,paid,delivered,227.0,6.4,0.0,220.6,True,20260903
ORD-0000439,2026-08-15,淘宝/天猫,potential_buyer,paid,delivered,18.0,0.9,10.0,27.1,True,20260903
ORD-0000440,2026-07-05,B站会员购,occasional_buyer,paid,delivered,99.0,4.95,8.0,102.05,True,20260903
ORD-0000441,2026-07-08,淘宝/天猫,potential_buyer,paid,delivered,355.0,0.0,0.0,355.0,True,20260903
ORD-0000442,2026-06-27,官方商城,core_buyer,paid,delivered,699.0,0.0,0.0,699.0,True,20260903
ORD-0000443,2026-07-08,二手平台,occasional_buyer,paid,delivered,48.0,4.8,10.0,53.2,True,20260903
ORD-0000444,2026-08-04,淘宝/天猫,core_buyer,paid,delivered,99.0,9.9,8.0,97.1,True,20260903
ORD-0000445,2026-08-01,淘宝/天猫,occasional_buyer,paid,delivered,99.0,4.95,8.0,102.05,True,20260903
ORD-0000446,2026-07-15,淘宝/天猫,occasional_buyer,paid,delivered,138.0,0.0,0.0,138.0,True,20260903
ORD-0000447,2026-06-19,其他,occasional_buyer,paid,delivered,99.0,4.95,10.0,104.05,True,20260903
ORD-0000448,2026-08-08,官方商城,occasional_buyer,paid,delivered,18.0,0.9,8.0,25.1,True,20260903
ORD-0000449,2026-08-11,其他,core_buyer,paid,delivered,89.0,8.9,10.0,90.1,True,20260903
ORD-0000450,2026-06-24,官方商城,occasional_buyer,paid,delivered,217.0,0.0,0.0,217.0,True,20260903
ORD-0000451,2026-07-27,官方商城,occasional_buyer,paid,delivered,99.0,0.0,0.0,99.0,True,20260903
ORD-0000452,2026-08-09,线下展会或快闪店,occasional_buyer,paid,delivered,48.0,7.2,8.0,48.8,True,20260903
ORD-0000453,2026-08-15,淘宝/天猫,potential_buyer,paid,delivered,48.0,4.8,8.0,51.2,True,20260903
ORD-0000454,2026-06-23,官方商城,core_buyer,paid,delivered,167.0,1.95,0.0,165.05,True,20260903
ORD-0000455,2026-06-27,线下展会或快闪店,core_buyer,paid,delivered,48.0,0.0,0.0,48.0,True,20260903
ORD-0000456,2026-08-23,淘宝/天猫,occasional_buyer,paid,delivered,699.0,0.0,0.0,699.0,True,20260903
ORD-0000457,2026-06-17,B站会员购,occasional_buyer,paid,delivered,36.0,5.4,0.0,30.6,True,20260903
ORD-0000458,2026-07-22,淘宝/天猫,occasional_buyer,paid,delivered,57.0,5.7,8.0,59.3,True,20260903
ORD-0000459,2026-07-22,淘宝/天猫,potential_buyer,paid,shipped,18.0,0.9,10.0,27.1,True,20260903
ORD-0000460,2026-07-01,直播间,occasional_buyer,paid,delivered,89.0,0.0,0.0,89.0,True,20260903
ORD-0000461,2026-07-03,淘宝/天猫,core_buyer,paid,delivered,48.0,2.4,0.0,45.6,True,20260903
ORD-0000462,2026-07-23,淘宝/天猫,core_buyer,paid,delivered,198.0,0.0,0.0,198.0,True,20260903
ORD-0000463,2026-07-25,官方商城,core_buyer,paid,delivered,788.0,8.9,0.0,779.1,True,20260903
ORD-0000464,2026-07-02,B站会员购,core_buyer,paid,delivered,48.0,0.0,0.0,48.0,True,20260903
ORD-0000465,2026-08-10,官方商城,core_buyer,paid,delivered,48.0,2.4,10.0,55.6,True,20260903
ORD-0000466,2026-06-09,淘宝/天猫,occasional_buyer,paid,delivered,99.0,9.9,0.0,89.1,True,20260903
ORD-0000467,2026-07-16,线下展会或快闪店,core_buyer,paid,delivered,99.0,4.95,8.0,102.05,True,20260903
ORD-0000468,2026-08-12,线下展会或快闪店,occasional_buyer,paid,delivered,18.0,0.0,8.0,26.0,True,20260903
ORD-0000469,2026-07-11,线下展会或快闪店,core_buyer,paid,delivered,866.0,84.65,0.0,781.35,True,20260903
ORD-0000470,2026-06-22,官方商城,occasional_buyer,paid,delivered,137.0,11.3,0.0,125.7,True,20260903
ORD-0000471,2026-08-28,线下展会或快闪店,core_buyer,paid,delivered,39.0,0.0,0.0,39.0,True,20260903
ORD-0000472,2026-08-26,B站会员购,potential_buyer,paid,delivered,137.0,8.9,0.0,128.1,True,20260903
ORD-0000473,2026-08-12,线下展会或快闪店,core_buyer,paid,delivered,128.0,6.4,0.0,121.6,True,20260903
ORD-0000474,2026-07-23,淘宝/天猫,core_buyer,paid,delivered,96.0,0.0,8.0,104.0,True,20260903
ORD-0000475,2026-07-11,淘宝/天猫,core_buyer,paid,delivered,128.0,3.9,0.0,124.1,True,20260903
ORD-0000476,2026-07-17,淘宝/天猫,occasional_buyer,paid,delivered,18.0,0.9,10.0,27.1,True,20260903
ORD-0000477,2026-07-28,B站会员购,core_buyer,paid,delivered,699.0,0.0,0.0,699.0,True,20260903
ORD-0000478,2026-06-21,B站会员购,core_buyer,paid,delivered,717.0,0.0,0.0,717.0,True,20260903
ORD-0000479,2026-08-01,淘宝/天猫,occasional_buyer,paid,delivered,128.0,6.4,0.0,121.6,True,20260903
ORD-0000480,2026-08-25,线下展会或快闪店,core_buyer,paid,delivered,178.0,0.0,0.0,178.0,True,20260903
ORD-0000481,2026-06-22,官方商城,core_buyer,paid,delivered,89.0,0.0,10.0,99.0,True,20260903
ORD-0000482,2026-06-21,官方商城,core_buyer,paid,delivered,699.0,69.9,0.0,629.1,True,20260903
ORD-0000483,2026-08-17,线下展会或快闪店,occasional_buyer,paid,delivered,39.0,1.95,10.0,47.05,True,20260903
ORD-0000484,2026-08-21,线下展会或快闪店,core_buyer,paid,delivered,699.0,0.0,0.0,699.0,True,20260903
ORD-0000485,2026-07-11,淘宝/天猫,occasional_buyer,paid,delivered,89.0,0.0,0.0,89.0,True,20260903
ORD-0000486,2026-07-27,B站会员购,potential_buyer,paid,delivered,267.0,0.0,0.0,267.0,True,20260903
ORD-0000487,2026-06-24,官方商城,potential_buyer,paid,delivered,128.0,6.4,0.0,121.6,True,20260903
ORD-0000488,2026-06-05,线下展会或快闪店,core_buyer,paid,delivered,18.0,0.0,10.0,28.0,True,20260903
ORD-0000489,2026-06-06,B站会员购,potential_buyer,paid,delivered,128.0,6.4,0.0,121.6,True,20260903
ORD-0000490,2026-07-13,B站会员购,core_buyer,paid,delivered,39.0,3.9,0.0,35.1,True,20260903
ORD-0000491,2026-06-01,官方商城,occasional_buyer,paid,delivered,48.0,0.0,8.0,56.0,True,20260903
ORD-0000492,2026-07-29,淘宝/天猫,potential_buyer,paid,delivered,227.0,4.95,0.0,222.05,True,20260903
ORD-0000493,2026-07-25,线下展会或快闪店,core_buyer,paid,delivered,128.0,6.4,0.0,121.6,True,20260903
ORD-0000494,2026-06-18,官方商城,core_buyer,paid,delivered,128.0,0.0,0.0,128.0,True,20260903
ORD-0000495,2026-07-10,官方商城,core_buyer,paid,delivered,48.0,0.0,10.0,58.0,True,20260903
ORD-0000496,2026-07-24,B站会员购,occasional_buyer,paid,delivered,287.0,8.9,0.0,278.1,True,20260903
ORD-0000497,2026-07-12,官方商城,occasional_buyer,paid,delivered,128.0,0.0,0.0,128.0,True,20260903
ORD-0000498,2026-06-23,直播间,occasional_buyer,paid,pending,227.0,22.7,0.0,204.3,True,20260903
ORD-0000499,2026-08-29,官方商城,occasional_buyer,paid,delivered,18.0,1.8,0.0,16.2,True,20260903
ORD-0000500,2026-07-14,官方商城,core_buyer,paid,delivered,39.0,0.0,0.0,39.0,True,20260903
ORD-0000501,2026-06-22,官方商城,core_buyer,paid,delivered,89.0,4.45,8.0,92.55,True,20260903
ORD-0000502,2026-08-23,B站会员购,core_buyer,paid,delivered,178.0,0.0,0.0,178.0,True,20260903
ORD-0000503,2026-08-18,官方商城,core_buyer,paid,delivered,99.0,0.0,0.0,99.0,True,20260903
ORD-0000504,2026-07-13,官方商城,occasional_buyer,paid,delivered,128.0,0.0,0.0,128.0,True,20260903
ORD-0000505,2026-08-27,淘宝/天猫,occasional_buyer,paid,delivered,198.0,0.0,0.0,198.0,True,20260903
ORD-0000506,2026-07-22,二手平台,occasional_buyer,paid,shipped,699.0,34.95,0.0,664.05,True,20260903
ORD-0000507,2026-08-11,淘宝/天猫,occasional_buyer,paid,delivered,126.0,0.0,0.0,126.0,True,20260903
ORD-0000508,2026-08-23,淘宝/天猫,occasional_buyer,paid,delivered,96.0,0.0,8.0,104.0,True,20260903
ORD-0000509,2026-07-31,B站会员购,core_buyer,paid,delivered,48.0,0.0,10.0,58.0,True,20260903
ORD-0000510,2026-08-02,官方商城,core_buyer,paid,delivered,146.0,0.0,0.0,146.0,True,20260903
ORD-0000511,2026-06-27,直播间,occasional_buyer,paid,delivered,198.0,0.0,0.0,198.0,True,20260903
ORD-0000512,2026-06-19,B站会员购,core_buyer,cancelled,cancelled,747.0,0.0,0.0,0.0,True,20260903
ORD-0000513,2026-06-07,B站会员购,occasional_buyer,paid,delivered,96.0,9.6,8.0,94.4,True,20260903
ORD-0000514,2026-06-03,官方商城,core_buyer,paid,delivered,99.0,0.0,0.0,99.0,True,20260903
ORD-0000515,2026-07-24,官方商城,occasional_buyer,paid,delivered,198.0,0.0,0.0,198.0,True,20260903
ORD-0000516,2026-06-29,官方商城,core_buyer,paid,delivered,84.0,1.8,8.0,90.2,True,20260903
ORD-0000517,2026-08-27,官方商城,core_buyer,paid,delivered,57.0,3.9,12.0,65.1,True,20260903
ORD-0000518,2026-07-08,官方商城,occasional_buyer,paid,delivered,99.0,9.9,0.0,89.1,True,20260903
ORD-0000519,2026-07-26,淘宝/天猫,core_buyer,paid,delivered,36.0,5.4,8.0,38.6,True,20260903
ORD-0000520,2026-07-27,官方商城,core_buyer,paid,delivered,18.0,0.9,0.0,17.1,True,20260903
ORD-0000521,2026-06-25,官方商城,occasional_buyer,paid,delivered,89.0,4.45,12.0,96.55,True,20260903
ORD-0000522,2026-06-27,官方商城,potential_buyer,paid,shipped,89.0,0.0,10.0,99.0,True,20260903
ORD-0000523,2026-08-27,淘宝/天猫,occasional_buyer,paid,delivered,786.0,34.95,0.0,751.05,True,20260903
ORD-0000524,2026-07-21,线下展会或快闪店,occasional_buyer,paid,delivered,18.0,0.0,0.0,18.0,True,20260903
ORD-0000525,2026-08-09,淘宝/天猫,potential_buyer,paid,delivered,699.0,34.95,0.0,664.05,True,20260903
ORD-0000526,2026-07-11,淘宝/天猫,core_buyer,paid,delivered,99.0,0.0,0.0,99.0,True,20260903
ORD-0000527,2026-08-19,线下展会或快闪店,potential_buyer,paid,delivered,256.0,12.8,0.0,243.2,True,20260903
ORD-0000528,2026-07-29,官方商城,core_buyer,paid,delivered,217.0,0.0,0.0,217.0,True,20260903
ORD-0000529,2026-07-16,B站会员购,occasional_buyer,paid,delivered,36.0,1.8,8.0,42.2,True,20260903
ORD-0000530,2026-08-27,B站会员购,occasional_buyer,paid,delivered,114.0,10.5,0.0,103.5,True,20260903
ORD-0000531,2026-08-04,B站会员购,occasional_buyer,cancelled,cancelled,128.0,0.0,0.0,0.0,True,20260903
ORD-0000532,2026-06-01,其他,core_buyer,paid,delivered,89.0,0.0,8.0,97.0,True,20260903
ORD-0000533,2026-07-04,淘宝/天猫,occasional_buyer,paid,delivered,99.0,0.0,0.0,99.0,True,20260903
ORD-0000534,2026-07-03,B站会员购,occasional_buyer,paid,delivered,137.0,0.0,0.0,137.0,True,20260903
ORD-0000535,2026-06-13,官方商城,occasional_buyer,paid,delivered,39.0,0.0,0.0,39.0,True,20260903
ORD-0000536,2026-07-18,淘宝/天猫,occasional_buyer,paid,delivered,18.0,0.0,10.0,28.0,True,20260903
ORD-0000537,2026-06-21,淘宝/天猫,core_buyer,cancelled,cancelled,99.0,0.0,0.0,0.0,True,20260903
ORD-0000538,2026-07-25,线下展会或快闪店,core_buyer,paid,delivered,188.0,9.4,0.0,178.6,True,20260903
ORD-0000539,2026-07-29,淘宝/天猫,occasional_buyer,paid,delivered,89.0,0.0,8.0,97.0,True,20260903
ORD-0000540,2026-06-30,B站会员购,occasional_buyer,paid,delivered,1398.0,0.0,0.0,1398.0,True,20260903
ORD-0000541,2026-08-29,B站会员购,occasional_buyer,paid,delivered,99.0,0.0,0.0,99.0,True,20260903
ORD-0000542,2026-07-09,二手平台,core_buyer,paid,delivered,18.0,1.8,0.0,16.2,True,20260903
ORD-0000543,2026-08-16,线下展会或快闪店,occasional_buyer,paid,delivered,89.0,4.45,0.0,84.55,True,20260903
ORD-0000544,2026-06-21,淘宝/天猫,core_buyer,paid,delivered,128.0,0.0,0.0,128.0,True,20260903
ORD-0000545,2026-07-08,B站会员购,core_buyer,paid,delivered,99.0,0.0,0.0,99.0,True,20260903
ORD-0000546,2026-07-08,官方商城,potential_buyer,paid,delivered,99.0,0.0,0.0,99.0,True,20260903
ORD-0000547,2026-07-19,其他,core_buyer,paid,delivered,699.0,34.95,0.0,664.05,True,20260903
ORD-0000548,2026-07-26,淘宝/天猫,occasional_buyer,paid,delivered,699.0,69.9,0.0,629.1,True,20260903
ORD-0000549,2026-06-16,B站会员购,occasional_buyer,paid,delivered,48.0,0.0,8.0,56.0,True,20260903
ORD-0000550,2026-06-23,淘宝/天猫,potential_buyer,paid,delivered,256.0,0.0,0.0,256.0,True,20260903
ORD-0000551,2026-07-12,淘宝/天猫,core_buyer,paid,delivered,138.0,0.0,0.0,138.0,True,20260903
ORD-0000552,2026-07-05,二手平台,core_buyer,paid,pending,99.0,0.0,0.0,99.0,True,20260903
ORD-0000553,2026-07-25,淘宝/天猫,potential_buyer,paid,delivered,256.0,0.0,0.0,256.0,True,20260903
ORD-0000554,2026-08-26,官方商城,occasional_buyer,paid,delivered,99.0,0.0,0.0,99.0,True,20260903
ORD-0000555,2026-07-04,B站会员购,core_buyer,paid,delivered,48.0,0.0,0.0,48.0,True,20260903
ORD-0000556,2026-08-25,其他,core_buyer,paid,delivered,18.0,0.9,10.0,27.1,True,20260903
ORD-0000557,2026-07-28,淘宝/天猫,occasional_buyer,paid,delivered,18.0,0.0,8.0,26.0,True,20260903
ORD-0000558,2026-06-20,二手平台,occasional_buyer,paid,delivered,48.0,0.0,0.0,48.0,True,20260903
ORD-0000559,2026-06-05,B站会员购,core_buyer,paid,delivered,39.0,0.0,8.0,47.0,True,20260903
ORD-0000560,2026-08-01,B站会员购,core_buyer,paid,delivered,89.0,4.45,0.0,84.55,True,20260903
ORD-0000561,2026-07-30,官方商城,occasional_buyer,paid,delivered,198.0,0.0,0.0,198.0,True,20260903
ORD-0000562,2026-06-11,B站会员购,core_buyer,paid,delivered,128.0,6.4,0.0,121.6,True,20260903
ORD-0000563,2026-08-07,线下展会或快闪店,occasional_buyer,paid,delivered,39.0,0.0,8.0,47.0,True,20260903
ORD-0000564,2026-07-18,官方商城,core_buyer,paid,delivered,198.0,0.0,0.0,198.0,True,20260903
ORD-0000565,2026-07-05,官方商城,core_buyer,paid,delivered,48.0,0.0,0.0,48.0,True,20260903
ORD-0000566,2026-06-19,二手平台,occasional_buyer,paid,delivered,99.0,0.0,0.0,99.0,True,20260903
ORD-0000567,2026-07-15,线下展会或快闪店,potential_buyer,paid,delivered,146.0,12.8,0.0,133.2,True,20260903
ORD-0000568,2026-08-26,官方商城,core_buyer,paid,delivered,39.0,0.0,12.0,51.0,True,20260903
ORD-0000569,2026-06-19,B站会员购,potential_buyer,paid,shipped,18.0,0.0,10.0,28.0,True,20260903
ORD-0000570,2026-08-24,线下展会或快闪店,core_buyer,paid,delivered,89.0,8.9,10.0,90.1,True,20260903
ORD-0000571,2026-06-14,二手平台,core_buyer,paid,delivered,178.0,8.9,0.0,169.1,True,20260903
ORD-0000572,2026-06-07,官方商城,occasional_buyer,paid,shipped,1416.0,0.0,0.0,1416.0,True,20260903
ORD-0000573,2026-08-02,B站会员购,occasional_buyer,paid,delivered,198.0,9.9,0.0,188.1,True,20260903
ORD-0000574,2026-07-16,官方商城,core_buyer,paid,delivered,18.0,0.0,8.0,26.0,True,20260903
ORD-0000575,2026-07-31,B站会员购,core_buyer,paid,delivered,39.0,0.0,10.0,49.0,True,20260903
ORD-0000576,2026-08-10,官方商城,potential_buyer,paid,delivered,1398.0,139.8,0.0,1258.2,True,20260903
ORD-0000577,2026-08-24,线下展会或快闪店,potential_buyer,cancelled,cancelled,699.0,104.85,0.0,0.0,True,20260903
ORD-0000578,2026-06-19,官方商城,core_buyer,paid,delivered,297.0,0.0,0.0,297.0,True,20260903
ORD-0000579,2026-07-17,官方商城,potential_buyer,paid,delivered,39.0,0.0,0.0,39.0,True,20260903
ORD-0000580,2026-06-19,淘宝/天猫,core_buyer,cancelled,cancelled,48.0,0.0,0.0,0.0,True,20260903
ORD-0000581,2026-08-05,B站会员购,occasional_buyer,paid,delivered,798.0,9.9,0.0,788.1,True,20260903
ORD-0000582,2026-08-02,淘宝/天猫,core_buyer,paid,delivered,267.0,0.0,0.0,267.0,True,20260903
ORD-0000583,2026-07-26,B站会员购,potential_buyer,paid,delivered,895.0,0.0,0.0,895.0,True,20260903
ORD-0000584,2026-06-17,B站会员购,occasional_buyer,paid,delivered,699.0,34.95,0.0,664.05,True,20260903
ORD-0000585,2026-07-06,B站会员购,core_buyer,paid,delivered,39.0,0.0,8.0,47.0,True,20260903
ORD-0000586,2026-07-08,线下展会或快闪店,occasional_buyer,paid,delivered,137.0,8.9,0.0,128.1,True,20260903
ORD-0000587,2026-07-30,官方商城,core_buyer,paid,delivered,96.0,4.8,0.0,91.2,True,20260903
ORD-0000588,2026-07-16,官方商城,core_buyer,cancelled,cancelled,155.0,17.9,0.0,0.0,True,20260903
ORD-0000589,2026-07-15,B站会员购,core_buyer,paid,delivered,39.0,1.95,10.0,47.05,True,20260903
ORD-0000590,2026-06-18,淘宝/天猫,occasional_buyer,paid,delivered,843.0,34.95,0.0,808.05,True,20260903
ORD-0000591,2026-06-24,B站会员购,occasional_buyer,paid,delivered,195.0,9.6,0.0,185.4,True,20260903
ORD-0000592,2026-07-21,线下展会或快闪店,core_buyer,paid,delivered,39.0,0.0,10.0,49.0,True,20260903
ORD-0000593,2026-08-07,其他,core_buyer,paid,delivered,699.0,0.0,0.0,699.0,True,20260903
ORD-0000594,2026-08-03,线下展会或快闪店,potential_buyer,paid,shipped,128.0,6.4,0.0,121.6,True,20260903
ORD-0000595,2026-08-02,线下展会或快闪店,core_buyer,paid,delivered,114.0,0.0,0.0,114.0,True,20260903
ORD-0000596,2026-07-22,二手平台,occasional_buyer,paid,delivered,256.0,12.8,0.0,243.2,True,20260903
ORD-0000597,2026-06-29,直播间,core_buyer,paid,delivered,128.0,0.0,0.0,128.0,True,20260903
ORD-0000598,2026-08-05,B站会员购,occasional_buyer,paid,delivered,18.0,0.0,0.0,18.0,True,20260903
ORD-0000599,2026-07-21,官方商城,core_buyer,paid,delivered,48.0,0.0,8.0,56.0,True,20260903
ORD-0000600,2026-07-30,淘宝/天猫,potential_buyer,paid,delivered,699.0,69.9,0.0,629.1,True,20260903
ORD-0000601,2026-07-27,其他,occasional_buyer,paid,delivered,99.0,9.9,10.0,99.1,True,20260903
ORD-0000602,2026-08-06,淘宝/天猫,core_buyer,paid,delivered,18.0,2.7,8.0,23.3,True,20260903
ORD-0000603,2026-06-25,淘宝/天猫,occasional_buyer,cancelled,cancelled,117.0,11.7,0.0,0.0,True,20260903
ORD-0000604,2026-08-18,淘宝/天猫,occasional_buyer,paid,delivered,18.0,0.9,12.0,29.1,True,20260903
ORD-0000605,2026-07-29,淘宝/天猫,potential_buyer,paid,delivered,39.0,0.0,0.0,39.0,True,20260903
ORD-0000606,2026-08-10,线下展会或快闪店,occasional_buyer,paid,delivered,96.0,4.8,0.0,91.2,True,20260903
ORD-0000607,2026-06-13,二手平台,occasional_buyer,paid,delivered,48.0,2.4,0.0,45.6,True,20260903
ORD-0000608,2026-07-25,线下展会或快闪店,core_buyer,paid,delivered,36.0,0.0,0.0,36.0,True,20260903
ORD-0000609,2026-07-05,淘宝/天猫,core_buyer,paid,delivered,78.0,0.0,12.0,90.0,True,20260903
ORD-0000610,2026-06-09,官方商城,potential_buyer,paid,delivered,128.0,12.8,0.0,115.2,True,20260903
ORD-0000611,2026-08-01,线下展会或快闪店,occasional_buyer,paid,delivered,1535.0,8.9,0.0,1526.1,True,20260903
ORD-0000612,2026-07-30,B站会员购,occasional_buyer,paid,delivered,48.0,0.0,8.0,56.0,True,20260903
ORD-0000613,2026-06-22,线下展会或快闪店,occasional_buyer,paid,delivered,48.0,4.8,8.0,51.2,True,20260903
ORD-0000614,2026-07-10,线下展会或快闪店,occasional_buyer,paid,shipped,845.0,0.0,0.0,845.0,True,20260903
ORD-0000615,2026-07-14,官方商城,occasional_buyer,paid,delivered,699.0,0.0,0.0,699.0,True,20260903
ORD-0000616,2026-06-20,二手平台,core_buyer,paid,delivered,39.0,0.0,8.0,47.0,True,20260903
ORD-0000617,2026-07-21,线下展会或快闪店,core_buyer,paid,delivered,99.0,4.95,0.0,94.05,True,20260903
ORD-0000618,2026-07-31,官方商城,occasional_buyer,paid,delivered,89.0,4.45,10.0,94.55,True,20260903
ORD-0000619,2026-07-02,淘宝/天猫,core_buyer,paid,delivered,18.0,1.8,0.0,16.2,True,20260903
ORD-0000620,2026-06-30,淘宝/天猫,occasional_buyer,paid,delivered,36.0,0.0,8.0,44.0,True,20260903
ORD-0000621,2026-08-09,淘宝/天猫,occasional_buyer,paid,delivered,217.0,0.0,0.0,217.0,True,20260903
ORD-0000622,2026-08-02,B站会员购,occasional_buyer,paid,delivered,128.0,0.0,0.0,128.0,True,20260903
ORD-0000623,2026-06-20,淘宝/天猫,occasional_buyer,paid,delivered,128.0,6.4,0.0,121.6,True,20260903
ORD-0000624,2026-08-04,淘宝/天猫,occasional_buyer,paid,delivered,48.0,0.0,0.0,48.0,True,20260903
ORD-0000625,2026-07-02,淘宝/天猫,occasional_buyer,paid,delivered,699.0,0.0,0.0,699.0,True,20260903
ORD-0000626,2026-06-23,线下展会或快闪店,core_buyer,paid,delivered,178.0,0.0,0.0,178.0,True,20260903
ORD-0000627,2026-06-07,官方商城,core_buyer,paid,delivered,96.0,9.6,0.0,86.4,True,20260903
ORD-0000628,2026-07-25,淘宝/天猫,core_buyer,paid,shipped,18.0,1.8,0.0,16.2,True,20260903
ORD-0000629,2026-06-22,线下展会或快闪店,core_buyer,paid,delivered,48.0,4.8,8.0,51.2,True,20260903
ORD-0000630,2026-06-23,官方商城,occasional_buyer,paid,delivered,48.0,2.4,12.0,57.6,True,20260903
ORD-0000631,2026-06-07,线下展会或快闪店,potential_buyer,paid,delivered,18.0,0.0,8.0,26.0,True,20260903
ORD-0000632,2026-06-22,B站会员购,core_buyer,paid,delivered,78.0,7.8,8.0,78.2,True,20260903
ORD-0000633,2026-08-15,官方商城,potential_buyer,cancelled,cancelled,699.0,0.0,0.0,0.0,True,20260903
ORD-0000634,2026-07-20,淘宝/天猫,occasional_buyer,paid,delivered,39.0,0.0,0.0,39.0,True,20260903
ORD-0000635,2026-06-06,B站会员购,potential_buyer,paid,delivered,39.0,3.9,12.0,47.1,True,20260903
ORD-0000636,2026-07-10,直播间,core_buyer,paid,delivered,96.0,0.0,0.0,96.0,True,20260903
ORD-0000637,2026-06-01,线下展会或快闪店,occasional_buyer,paid,delivered,89.0,13.35,8.0,83.65,True,20260903
ORD-0000638,2026-06-17,B站会员购,occasional_buyer,paid,delivered,198.0,9.9,0.0,188.1,True,20260903
ORD-0000639,2026-07-24,B站会员购,core_buyer,paid,delivered,18.0,0.0,10.0,28.0,True,20260903
ORD-0000640,2026-08-21,二手平台,core_buyer,paid,delivered,18.0,1.8,0.0,16.2,True,20260903
ORD-0000641,2026-08-11,淘宝/天猫,core_buyer,paid,delivered,48.0,0.0,0.0,48.0,True,20260903
ORD-0000642,2026-08-16,线下展会或快闪店,potential_buyer,paid,delivered,99.0,9.9,8.0,97.1,True,20260903
ORD-0000643,2026-08-22,B站会员购,occasional_buyer,paid,delivered,738.0,3.9,0.0,734.1,True,20260903
ORD-0000644,2026-08-01,官方商城,occasional_buyer,paid,delivered,99.0,0.0,0.0,99.0,True,20260903
ORD-0000645,2026-08-19,淘宝/天猫,core_buyer,paid,delivered,48.0,0.0,0.0,48.0,True,20260903
ORD-0000646,2026-06-20,官方商城,occasional_buyer,paid,delivered,18.0,0.0,10.0,28.0,True,20260903
ORD-0000647,2026-06-27,二手平台,core_buyer,paid,delivered,99.0,9.9,8.0,97.1,True,20260903
ORD-0000648,2026-06-12,淘宝/天猫,core_buyer,paid,delivered,147.0,0.0,0.0,147.0,True,20260903
ORD-0000649,2026-07-22,B站会员购,occasional_buyer,paid,delivered,138.0,11.85,0.0,126.15,True,20260903
ORD-0000650,2026-07-15,淘宝/天猫,core_buyer,paid,delivered,36.0,0.0,10.0,46.0,True,20260903
ORD-0000651,2026-06-25,线下展会或快闪店,core_buyer,paid,delivered,99.0,14.85,8.0,92.15,True,20260903
ORD-0000652,2026-07-24,B站会员购,core_buyer,paid,delivered,198.0,29.7,0.0,168.3,True,20260903
ORD-0000653,2026-07-31,B站会员购,core_buyer,paid,delivered,48.0,4.8,8.0,51.2,True,20260903
ORD-0000654,2026-08-24,官方商城,occasional_buyer,paid,shipped,48.0,2.4,0.0,45.6,True,20260903
ORD-0000655,2026-07-11,其他,potential_buyer,paid,delivered,128.0,0.0,0.0,128.0,True,20260903
ORD-0000656,2026-08-14,淘宝/天猫,occasional_buyer,paid,delivered,48.0,4.8,12.0,55.2,True,20260903
ORD-0000657,2026-07-31,官方商城,potential_buyer,paid,delivered,39.0,3.9,10.0,45.1,True,20260903
ORD-0000658,2026-06-21,淘宝/天猫,occasional_buyer,paid,delivered,89.0,4.45,0.0,84.55,True,20260903
ORD-0000659,2026-08-09,线下展会或快闪店,core_buyer,cancelled,cancelled,99.0,0.0,0.0,0.0,True,20260903
ORD-0000660,2026-08-03,淘宝/天猫,occasional_buyer,paid,delivered,87.0,0.0,0.0,87.0,True,20260903
ORD-0000661,2026-07-10,淘宝/天猫,occasional_buyer,paid,delivered,39.0,1.95,10.0,47.05,True,20260903
ORD-0000662,2026-08-08,B站会员购,core_buyer,paid,delivered,89.0,8.9,0.0,80.1,True,20260903
ORD-0000663,2026-06-02,官方商城,core_buyer,paid,delivered,39.0,1.95,10.0,47.05,True,20260903
ORD-0000664,2026-06-14,其他,core_buyer,paid,delivered,78.0,0.0,8.0,86.0,True,20260903
ORD-0000665,2026-06-13,官方商城,occasional_buyer,paid,delivered,198.0,0.0,0.0,198.0,True,20260903
ORD-0000666,2026-06-26,线下展会或快闪店,occasional_buyer,paid,delivered,198.0,4.95,0.0,193.05,True,20260903
ORD-0000667,2026-07-22,线下展会或快闪店,occasional_buyer,paid,delivered,99.0,14.85,8.0,92.15,True,20260903
ORD-0000668,2026-08-09,线下展会或快闪店,potential_buyer,paid,delivered,48.0,0.0,0.0,48.0,True,20260903
ORD-0000669,2026-06-28,淘宝/天猫,potential_buyer,paid,delivered,89.0,8.9,8.0,88.1,True,20260903
ORD-0000670,2026-07-31,官方商城,core_buyer,paid,delivered,89.0,4.45,10.0,94.55,True,20260903
ORD-0000671,2026-06-07,官方商城,occasional_buyer,paid,delivered,89.0,0.0,0.0,89.0,True,20260903
ORD-0000672,2026-07-03,淘宝/天猫,core_buyer,paid,delivered,39.0,0.0,8.0,47.0,True,20260903
ORD-0000673,2026-08-24,淘宝/天猫,core_buyer,paid,delivered,18.0,0.9,8.0,25.1,True,20260903
ORD-0000674,2026-06-06,其他,occasional_buyer,cancelled,cancelled,39.0,3.9,10.0,0.0,True,20260903
ORD-0000675,2026-06-18,B站会员购,core_buyer,paid,delivered,699.0,34.95,0.0,664.05,True,20260903
ORD-0000676,2026-06-26,二手平台,occasional_buyer,paid,delivered,48.0,4.8,8.0,51.2,True,20260903
ORD-0000677,2026-08-18,淘宝/天猫,core_buyer,paid,delivered,128.0,0.0,0.0,128.0,True,20260903
ORD-0000678,2026-07-25,二手平台,potential_buyer,paid,delivered,89.0,8.9,8.0,88.1,True,20260903
ORD-0000679,2026-08-18,官方商城,core_buyer,paid,delivered,48.0,2.4,8.0,53.6,True,20260903
ORD-0000680,2026-07-02,B站会员购,core_buyer,paid,delivered,1398.0,0.0,0.0,1398.0,True,20260903
ORD-0000681,2026-08-23,线下展会或快闪店,occasional_buyer,paid,delivered,117.0,11.7,0.0,105.3,True,20260903
ORD-0000682,2026-07-30,官方商城,occasional_buyer,paid,delivered,18.0,0.9,8.0,25.1,True,20260903
ORD-0000683,2026-08-23,线下展会或快闪店,occasional_buyer,paid,delivered,48.0,0.0,10.0,58.0,True,20260903
ORD-0000684,2026-06-14,B站会员购,occasional_buyer,paid,delivered,423.0,29.5,0.0,393.5,True,20260903
ORD-0000685,2026-06-11,淘宝/天猫,occasional_buyer,paid,delivered,89.0,8.9,0.0,80.1,True,20260903
ORD-0000686,2026-08-14,官方商城,occasional_buyer,paid,delivered,48.0,0.0,0.0,48.0,True,20260903
ORD-0000687,2026-08-28,淘宝/天猫,core_buyer,paid,delivered,48.0,0.0,8.0,56.0,True,20260903
ORD-0000688,2026-07-29,二手平台,potential_buyer,paid,delivered,198.0,9.9,0.0,188.1,True,20260903
ORD-0000689,2026-07-24,淘宝/天猫,core_buyer,paid,delivered,99.0,0.0,0.0,99.0,True,20260903
ORD-0000690,2026-06-27,官方商城,occasional_buyer,paid,delivered,39.0,0.0,0.0,39.0,True,20260903
ORD-0000691,2026-08-14,淘宝/天猫,core_buyer,paid,delivered,178.0,0.0,0.0,178.0,True,20260903
ORD-0000692,2026-07-25,线下展会或快闪店,potential_buyer,paid,delivered,128.0,0.0,0.0,128.0,True,20260903
ORD-0000693,2026-08-02,淘宝/天猫,occasional_buyer,paid,delivered,866.0,75.75,0.0,790.25,True,20260903
ORD-0000694,2026-07-29,官方商城,occasional_buyer,paid,delivered,48.0,0.0,8.0,56.0,True,20260903
ORD-0000695,2026-07-18,线下展会或快闪店,occasional_buyer,paid,delivered,188.0,13.85,0.0,174.15,True,20260903
ORD-0000696,2026-07-24,B站会员购,core_buyer,paid,delivered,827.0,0.0,0.0,827.0,True,20260903
ORD-0000697,2026-08-21,线下展会或快闪店,occasional_buyer,paid,delivered,699.0,0.0,0.0,699.0,True,20260903
ORD-0000698,2026-07-28,线下展会或快闪店,core_buyer,paid,delivered,167.0,0.0,0.0,167.0,True,20260903
ORD-0000699,2026-06-13,线下展会或快闪店,occasional_buyer,cancelled,cancelled,48.0,2.4,12.0,0.0,True,20260903
ORD-0000700,2026-06-30,官方商城,core_buyer,paid,delivered,99.0,0.0,0.0,99.0,True,20260903
ORD-0000701,2026-08-12,官方商城,occasional_buyer,paid,delivered,48.0,2.4,12.0,57.6,True,20260903
ORD-0000702,2026-06-07,官方商城,core_buyer,paid,delivered,89.0,0.0,8.0,97.0,True,20260903
ORD-0000703,2026-07-31,淘宝/天猫,core_buyer,paid,delivered,89.0,0.0,8.0,97.0,True,20260903
ORD-0000704,2026-07-05,淘宝/天猫,core_buyer,paid,delivered,99.0,9.9,0.0,89.1,True,20260903
ORD-0000705,2026-08-21,官方商城,occasional_buyer,paid,delivered,137.0,4.45,0.0,132.55,True,20260903
ORD-0000706,2026-06-23,B站会员购,core_buyer,paid,delivered,128.0,0.0,0.0,128.0,True,20260903
ORD-0000707,2026-08-16,B站会员购,core_buyer,paid,delivered,99.0,14.85,0.0,84.15,True,20260903
ORD-0000708,2026-06-23,线下展会或快闪店,occasional_buyer,paid,shipped,147.0,9.9,0.0,137.1,True,20260903
ORD-0000709,2026-06-27,官方商城,occasional_buyer,paid,shipped,425.0,14.85,0.0,410.15,True,20260903
ORD-0000710,2026-07-29,淘宝/天猫,core_buyer,paid,delivered,48.0,2.4,10.0,55.6,True,20260903
ORD-0000711,2026-08-28,B站会员购,occasional_buyer,paid,delivered,146.0,14.6,0.0,131.4,True,20260903
ORD-0000712,2026-07-28,二手平台,core_buyer,paid,delivered,699.0,0.0,0.0,699.0,True,20260903
ORD-0000713,2026-07-25,B站会员购,occasional_buyer,paid,delivered,827.0,76.3,0.0,750.7,True,20260903
ORD-0000714,2026-06-03,淘宝/天猫,occasional_buyer,paid,delivered,699.0,0.0,0.0,699.0,True,20260903
ORD-0000715,2026-07-25,B站会员购,potential_buyer,paid,delivered,39.0,0.0,8.0,47.0,True,20260903
ORD-0000716,2026-06-19,直播间,occasional_buyer,paid,delivered,217.0,0.0,0.0,217.0,True,20260903
ORD-0000717,2026-07-06,淘宝/天猫,core_buyer,paid,delivered,99.0,9.9,8.0,97.1,True,20260903
ORD-0000718,2026-07-07,淘宝/天猫,core_buyer,paid,delivered,827.0,69.9,0.0,757.1,True,20260903
ORD-0000719,2026-07-29,官方商城,core_buyer,paid,delivered,89.0,4.45,12.0,96.55,True,20260903
ORD-0000720,2026-06-27,B站会员购,potential_buyer,paid,delivered,48.0,2.4,8.0,53.6,True,20260903
ORD-0000721,2026-06-17,官方商城,potential_buyer,paid,delivered,99.0,9.9,12.0,101.1,True,20260903
ORD-0000722,2026-08-02,B站会员购,occasional_buyer,paid,delivered,39.0,1.95,8.0,45.05,True,20260903
ORD-0000723,2026-07-31,B站会员购,occasional_buyer,paid,delivered,699.0,0.0,0.0,699.0,True,20260903
ORD-0000724,2026-07-28,线下展会或快闪店,potential_buyer,paid,shipped,39.0,0.0,0.0,39.0,True,20260903
ORD-0000725,2026-08-11,淘宝/天猫,occasional_buyer,paid,shipped,39.0,0.0,0.0,39.0,True,20260903
ORD-0000726,2026-08-04,官方商城,core_buyer,paid,delivered,128.0,6.4,0.0,121.6,True,20260903
ORD-0000727,2026-06-16,官方商城,core_buyer,paid,delivered,99.0,4.95,8.0,102.05,True,20260903
ORD-0000728,2026-07-10,淘宝/天猫,occasional_buyer,paid,delivered,699.0,0.0,0.0,699.0,True,20260903
ORD-0000729,2026-07-31,淘宝/天猫,core_buyer,paid,shipped,18.0,0.0,10.0,28.0,True,20260903
ORD-0000730,2026-08-01,B站会员购,occasional_buyer,paid,delivered,18.0,0.0,10.0,28.0,True,20260903
ORD-0000731,2026-07-30,淘宝/天猫,core_buyer,paid,delivered,699.0,0.0,0.0,699.0,True,20260903
ORD-0000732,2026-06-27,淘宝/天猫,core_buyer,paid,delivered,39.0,0.0,0.0,39.0,True,20260903
ORD-0000733,2026-06-13,官方商城,occasional_buyer,paid,delivered,699.0,0.0,0.0,699.0,True,20260903
ORD-0000734,2026-06-21,官方商城,occasional_buyer,paid,delivered,1565.0,0.0,0.0,1565.0,True,20260903
ORD-0000735,2026-07-27,官方商城,core_buyer,paid,delivered,107.0,4.45,0.0,102.55,True,20260903
ORD-0000736,2026-07-23,官方商城,occasional_buyer,paid,delivered,266.0,3.9,0.0,262.1,True,20260903
ORD-0000737,2026-07-29,官方商城,occasional_buyer,paid,delivered,48.0,0.0,0.0,48.0,True,20260903
ORD-0000738,2026-07-31,官方商城,core_buyer,paid,delivered,128.0,0.0,0.0,128.0,True,20260903
ORD-0000739,2026-08-26,官方商城,occasional_buyer,paid,delivered,18.0,0.9,12.0,29.1,True,20260903
ORD-0000740,2026-06-20,官方商城,core_buyer,cancelled,cancelled,699.0,0.0,0.0,0.0,True,20260903
ORD-0000741,2026-07-23,淘宝/天猫,occasional_buyer,cancelled,cancelled,78.0,7.8,8.0,0.0,True,20260903
ORD-0000742,2026-08-09,淘宝/天猫,core_buyer,paid,delivered,128.0,0.0,0.0,128.0,True,20260903
ORD-0000743,2026-06-21,淘宝/天猫,potential_buyer,paid,delivered,699.0,69.9,0.0,629.1,True,20260903
ORD-0000744,2026-06-18,官方商城,core_buyer,paid,delivered,89.0,0.0,10.0,99.0,True,20260903
ORD-0000745,2026-07-05,官方商城,potential_buyer,paid,delivered,128.0,0.0,0.0,128.0,True,20260903
ORD-0000746,2026-06-05,B站会员购,core_buyer,paid,delivered,48.0,4.8,8.0,51.2,True,20260903
ORD-0000747,2026-07-01,淘宝/天猫,core_buyer,paid,delivered,699.0,34.95,0.0,664.05,True,20260903
ORD-0000748,2026-06-25,淘宝/天猫,occasional_buyer,paid,shipped,39.0,0.0,10.0,49.0,True,20260903
ORD-0000749,2026-07-12,淘宝/天猫,occasional_buyer,paid,delivered,128.0,6.4,0.0,121.6,True,20260903
ORD-0000750,2026-08-16,二手平台,occasional_buyer,paid,pending,99.0,0.0,0.0,99.0,True,20260903
ORD-0000751,2026-08-02,线下展会或快闪店,core_buyer,paid,delivered,1398.0,0.0,0.0,1398.0,True,20260903
ORD-0000752,2026-08-20,淘宝/天猫,occasional_buyer,paid,delivered,137.0,2.4,0.0,134.6,True,20260903
ORD-0000753,2026-07-30,B站会员购,occasional_buyer,paid,delivered,128.0,0.0,0.0,128.0,True,20260903
ORD-0000754,2026-07-06,B站会员购,potential_buyer,paid,delivered,18.0,0.0,10.0,28.0,True,20260903
ORD-0000755,2026-07-18,线下展会或快闪店,core_buyer,paid,shipped,89.0,0.0,10.0,99.0,True,20260903
ORD-0000756,2026-08-15,线下展会或快闪店,occasional_buyer,paid,delivered,48.0,2.4,8.0,53.6,True,20260903
ORD-0000757,2026-08-18,B站会员购,core_buyer,paid,delivered,256.0,12.8,0.0,243.2,True,20260903
ORD-0000758,2026-06-14,淘宝/天猫,core_buyer,paid,delivered,699.0,34.95,0.0,664.05,True,20260903
ORD-0000759,2026-06-29,B站会员购,occasional_buyer,paid,shipped,89.0,0.0,10.0,99.0,True,20260903
ORD-0000760,2026-07-14,B站会员购,core_buyer,paid,shipped,39.0,1.95,0.0,37.05,True,20260903
ORD-0000761,2026-07-10,B站会员购,core_buyer,paid,delivered,128.0,0.0,0.0,128.0,True,20260903
ORD-0000762,2026-08-08,B站会员购,occasional_buyer,paid,delivered,48.0,4.8,0.0,43.2,True,20260903
ORD-0000763,2026-06-20,淘宝/天猫,occasional_buyer,paid,delivered,99.0,14.85,12.0,96.15,True,20260903
ORD-0000764,2026-06-27,官方商城,core_buyer,paid,delivered,66.0,0.0,10.0,76.0,True,20260903
ORD-0000765,2026-06-18,官方商城,core_buyer,paid,delivered,128.0,6.4,0.0,121.6,True,20260903
ORD-0000766,2026-08-23,官方商城,core_buyer,paid,delivered,48.0,4.8,8.0,51.2,True,20260903
ORD-0000767,2026-08-22,淘宝/天猫,occasional_buyer,paid,delivered,39.0,0.0,8.0,47.0,True,20260903
ORD-0000768,2026-06-23,官方商城,occasional_buyer,paid,shipped,89.0,0.0,8.0,97.0,True,20260903
ORD-0000769,2026-08-08,淘宝/天猫,core_buyer,paid,delivered,699.0,69.9,0.0,629.1,True,20260903
ORD-0000770,2026-08-28,官方商城,occasional_buyer,paid,delivered,747.0,0.0,0.0,747.0,True,20260903
ORD-0000771,2026-08-26,二手平台,core_buyer,paid,delivered,96.0,7.65,8.0,96.35,True,20260903
ORD-0000772,2026-06-14,线下展会或快闪店,core_buyer,paid,delivered,128.0,0.0,0.0,128.0,True,20260903
ORD-0000773,2026-07-19,官方商城,potential_buyer,paid,delivered,128.0,0.0,0.0,128.0,True,20260903
ORD-0000774,2026-06-27,线下展会或快闪店,occasional_buyer,cancelled,cancelled,89.0,8.9,10.0,0.0,True,20260903
ORD-0000775,2026-07-26,B站会员购,core_buyer,paid,delivered,39.0,0.0,12.0,51.0,True,20260903
ORD-0000776,2026-08-28,直播间,core_buyer,paid,delivered,18.0,0.9,8.0,25.1,True,20260903
ORD-0000777,2026-08-25,淘宝/天猫,core_buyer,paid,delivered,18.0,1.8,0.0,16.2,True,20260903
ORD-0000778,2026-06-14,淘宝/天猫,core_buyer,paid,pending,306.0,12.8,0.0,293.2,True,20260903
ORD-0000779,2026-07-30,官方商城,core_buyer,paid,delivered,1398.0,139.8,0.0,1258.2,True,20260903
ORD-0000780,2026-06-22,淘宝/天猫,core_buyer,paid,delivered,128.0,6.4,0.0,121.6,True,20260903
ORD-0000781,2026-06-24,官方商城,core_buyer,paid,delivered,39.0,3.9,8.0,43.1,True,20260903
ORD-0000782,2026-07-26,官方商城,core_buyer,paid,delivered,39.0,0.0,8.0,47.0,True,20260903
ORD-0000783,2026-08-04,淘宝/天猫,occasional_buyer,paid,delivered,188.0,0.0,0.0,188.0,True,20260903
ORD-0000784,2026-06-14,淘宝/天猫,occasional_buyer,paid,delivered,146.0,7.3,0.0,138.7,True,20260903
ORD-0000785,2026-06-22,B站会员购,potential_buyer,paid,delivered,128.0,4.45,0.0,123.55,True,20260903
ORD-0000786,2026-06-21,二手平台,potential_buyer,paid,shipped,48.0,0.0,0.0,48.0,True,20260903
ORD-0000787,2026-06-19,线下展会或快闪店,potential_buyer,paid,pending,699.0,34.95,0.0,664.05,True,20260903
ORD-0000788,2026-08-06,官方商城,core_buyer,paid,delivered,99.0,9.9,8.0,97.1,True,20260903
ORD-0000789,2026-06-11,淘宝/天猫,occasional_buyer,paid,delivered,206.0,7.8,0.0,198.2,True,20260903
ORD-0000790,2026-07-27,官方商城,potential_buyer,paid,delivered,699.0,69.9,0.0,629.1,True,20260903
ORD-0000791,2026-06-13,B站会员购,occasional_buyer,paid,delivered,128.0,0.0,0.0,128.0,True,20260903
ORD-0000792,2026-07-14,淘宝/天猫,core_buyer,paid,delivered,178.0,17.8,0.0,160.2,True,20260903
ORD-0000793,2026-06-28,淘宝/天猫,core_buyer,cancelled,cancelled,18.0,0.0,8.0,0.0,True,20260903
ORD-0000794,2026-08-07,官方商城,core_buyer,paid,delivered,99.0,4.95,8.0,102.05,True,20260903
ORD-0000795,2026-06-19,B站会员购,core_buyer,paid,delivered,48.0,2.4,10.0,55.6,True,20260903
ORD-0000796,2026-06-08,其他,occasional_buyer,paid,delivered,48.0,4.8,10.0,53.2,True,20260903
ORD-0000797,2026-06-18,B站会员购,core_buyer,paid,delivered,128.0,19.2,0.0,108.8,True,20260903
ORD-0000798,2026-06-24,官方商城,potential_buyer,paid,delivered,18.0,0.0,10.0,28.0,True,20260903
ORD-0000799,2026-06-10,线下展会或快闪店,occasional_buyer,paid,delivered,48.0,0.0,0.0,48.0,True,20260903
ORD-0000800,2026-08-04,官方商城,potential_buyer,paid,delivered,89.0,0.0,10.0,99.0,True,20260903
ORD-0000801,2026-06-27,线下展会或快闪店,occasional_buyer,paid,delivered,18.0,0.0,8.0,26.0,True,20260903
ORD-0000802,2026-06-22,官方商城,core_buyer,paid,delivered,699.0,0.0,0.0,699.0,True,20260903
ORD-0000803,2026-07-30,官方商城,core_buyer,paid,delivered,18.0,2.7,8.0,23.3,True,20260903
ORD-0000804,2026-08-29,淘宝/天猫,occasional_buyer,paid,delivered,699.0,69.9,0.0,629.1,True,20260903
ORD-0000805,2026-07-29,官方商城,occasional_buyer,paid,delivered,178.0,0.0,0.0,178.0,True,20260903
ORD-0000806,2026-06-30,淘宝/天猫,potential_buyer,paid,delivered,198.0,0.0,0.0,198.0,True,20260903
ORD-0000807,2026-07-26,官方商城,core_buyer,paid,shipped,48.0,0.0,0.0,48.0,True,20260903
ORD-0000808,2026-07-17,淘宝/天猫,potential_buyer,paid,delivered,39.0,0.0,10.0,49.0,True,20260903
ORD-0000809,2026-06-20,线下展会或快闪店,occasional_buyer,paid,delivered,39.0,3.9,0.0,35.1,True,20260903
ORD-0000810,2026-06-23,官方商城,potential_buyer,paid,delivered,36.0,1.8,12.0,46.2,True,20260903
ORD-0000811,2026-06-11,官方商城,core_buyer,paid,delivered,48.0,0.0,8.0,56.0,True,20260903
ORD-0000812,2026-06-12,B站会员购,core_buyer,paid,delivered,39.0,0.0,0.0,39.0,True,20260903
ORD-0000813,2026-08-28,官方商城,occasional_buyer,paid,delivered,128.0,19.2,0.0,108.8,True,20260903
ORD-0000814,2026-06-19,淘宝/天猫,core_buyer,paid,delivered,78.0,3.9,8.0,82.1,True,20260903
ORD-0000815,2026-06-22,官方商城,potential_buyer,paid,delivered,18.0,0.0,8.0,26.0,True,20260903
ORD-0000816,2026-06-10,B站会员购,core_buyer,paid,shipped,128.0,6.4,0.0,121.6,True,20260903
ORD-0000817,2026-07-05,淘宝/天猫,occasional_buyer,paid,delivered,89.0,8.9,0.0,80.1,True,20260903
ORD-0000818,2026-06-20,B站会员购,core_buyer,paid,delivered,897.0,0.0,0.0,897.0,True,20260903
ORD-0000819,2026-07-12,官方商城,core_buyer,paid,delivered,99.0,0.0,0.0,99.0,True,20260903
ORD-0000820,2026-08-01,B站会员购,occasional_buyer,paid,delivered,99.0,4.95,10.0,104.05,True,20260903
ORD-0000821,2026-06-20,淘宝/天猫,occasional_buyer,paid,delivered,128.0,6.4,0.0,121.6,True,20260903
ORD-0000822,2026-07-06,线下展会或快闪店,occasional_buyer,paid,delivered,48.0,4.8,10.0,53.2,True,20260903
ORD-0000823,2026-06-17,淘宝/天猫,occasional_buyer,cancelled,cancelled,39.0,0.0,0.0,0.0,True,20260903
ORD-0000824,2026-06-03,官方商城,core_buyer,paid,delivered,48.0,4.8,8.0,51.2,True,20260903
ORD-0000825,2026-06-14,官方商城,core_buyer,paid,delivered,39.0,3.9,0.0,35.1,True,20260903
ORD-0000826,2026-07-21,淘宝/天猫,occasional_buyer,paid,delivered,18.0,2.7,8.0,23.3,True,20260903
ORD-0000827,2026-06-23,淘宝/天猫,core_buyer,cancelled,cancelled,699.0,34.95,0.0,0.0,True,20260903
ORD-0000828,2026-07-12,官方商城,core_buyer,paid,delivered,1398.0,69.9,0.0,1328.1,True,20260903
ORD-0000829,2026-08-01,线下展会或快闪店,core_buyer,paid,delivered,827.0,12.8,0.0,814.2,True,20260903
ORD-0000830,2026-07-04,二手平台,potential_buyer,paid,pending,96.0,9.6,10.0,96.4,True,20260903
ORD-0000831,2026-06-28,官方商城,occasional_buyer,paid,delivered,48.0,0.0,8.0,56.0,True,20260903
ORD-0000832,2026-08-21,淘宝/天猫,core_buyer,paid,delivered,96.0,3.9,10.0,102.1,True,20260903
ORD-0000833,2026-08-12,淘宝/天猫,occasional_buyer,paid,delivered,256.0,0.0,0.0,256.0,True,20260903
ORD-0000834,2026-07-04,淘宝/天猫,potential_buyer,paid,delivered,39.0,0.0,0.0,39.0,True,20260903
ORD-0000835,2026-06-17,线下展会或快闪店,occasional_buyer,paid,shipped,48.0,4.8,10.0,53.2,True,20260903
ORD-0000836,2026-07-21,官方商城,potential_buyer,paid,delivered,39.0,5.85,0.0,33.15,True,20260903
ORD-0000837,2026-06-18,官方商城,occasional_buyer,paid,delivered,227.0,0.0,0.0,227.0,True,20260903
ORD-0000838,2026-07-30,官方商城,core_buyer,paid,delivered,89.0,8.9,0.0,80.1,True,20260903
ORD-0000839,2026-07-19,官方商城,core_buyer,paid,delivered,699.0,34.95,0.0,664.05,True,20260903
ORD-0000840,2026-06-05,淘宝/天猫,core_buyer,paid,delivered,18.0,0.9,8.0,25.1,True,20260903
ORD-0000841,2026-07-10,B站会员购,occasional_buyer,paid,delivered,699.0,0.0,0.0,699.0,True,20260903
ORD-0000842,2026-06-17,B站会员购,occasional_buyer,paid,delivered,699.0,0.0,0.0,699.0,True,20260903
ORD-0000843,2026-07-02,淘宝/天猫,occasional_buyer,paid,delivered,39.0,0.0,8.0,47.0,True,20260903
ORD-0000844,2026-07-27,B站会员购,potential_buyer,paid,delivered,128.0,12.8,0.0,115.2,True,20260903
ORD-0000845,2026-07-23,淘宝/天猫,potential_buyer,paid,delivered,699.0,0.0,0.0,699.0,True,20260903
ORD-0000846,2026-06-04,官方商城,core_buyer,paid,delivered,128.0,0.0,0.0,128.0,True,20260903
ORD-0000847,2026-07-09,淘宝/天猫,occasional_buyer,paid,delivered,128.0,0.0,0.0,128.0,True,20260903
ORD-0000848,2026-08-03,线下展会或快闪店,potential_buyer,paid,delivered,18.0,0.0,10.0,28.0,True,20260903
ORD-0000849,2026-07-16,官方商城,core_buyer,paid,delivered,18.0,0.0,10.0,28.0,True,20260903
ORD-0000850,2026-07-02,线下展会或快闪店,core_buyer,paid,delivered,99.0,4.95,8.0,102.05,True,20260903
ORD-0000851,2026-08-12,B站会员购,occasional_buyer,paid,delivered,39.0,1.95,0.0,37.05,True,20260903
ORD-0000852,2026-08-13,B站会员购,occasional_buyer,paid,delivered,256.0,0.0,0.0,256.0,True,20260903
ORD-0000853,2026-08-05,淘宝/天猫,core_buyer,paid,delivered,198.0,9.9,0.0,188.1,True,20260903
ORD-0000854,2026-07-25,B站会员购,occasional_buyer,paid,delivered,48.0,0.0,0.0,48.0,True,20260903
ORD-0000855,2026-06-15,淘宝/天猫,occasional_buyer,paid,delivered,99.0,9.9,12.0,101.1,True,20260903
ORD-0000856,2026-07-30,B站会员购,core_buyer,paid,delivered,1398.0,104.85,0.0,1293.15,True,20260903
ORD-0000857,2026-08-16,B站会员购,occasional_buyer,paid,delivered,128.0,0.0,0.0,128.0,True,20260903
ORD-0000858,2026-06-16,其他,core_buyer,paid,delivered,846.0,44.85,0.0,801.15,True,20260903
ORD-0000859,2026-07-06,线下展会或快闪店,occasional_buyer,paid,delivered,699.0,69.9,0.0,629.1,True,20260903
ORD-0000860,2026-08-28,官方商城,core_buyer,paid,delivered,699.0,69.9,0.0,629.1,True,20260903
ORD-0000861,2026-08-16,B站会员购,occasional_buyer,paid,delivered,128.0,19.2,0.0,108.8,True,20260903
ORD-0000862,2026-08-18,线下展会或快闪店,potential_buyer,paid,delivered,178.0,0.0,0.0,178.0,True,20260903
ORD-0000863,2026-06-01,淘宝/天猫,occasional_buyer,paid,delivered,96.0,0.0,8.0,104.0,True,20260903
ORD-0000864,2026-08-27,淘宝/天猫,occasional_buyer,paid,delivered,48.0,4.8,8.0,51.2,True,20260903
ORD-0000865,2026-07-25,官方商城,occasional_buyer,paid,delivered,87.0,6.3,10.0,90.7,True,20260903
ORD-0000866,2026-07-28,淘宝/天猫,occasional_buyer,paid,delivered,18.0,1.8,0.0,16.2,True,20260903
ORD-0000867,2026-06-30,B站会员购,potential_buyer,paid,delivered,39.0,0.0,8.0,47.0,True,20260903
ORD-0000868,2026-06-17,B站会员购,occasional_buyer,paid,delivered,39.0,1.95,8.0,45.05,True,20260903
ORD-0000869,2026-06-23,其他,core_buyer,paid,pending,89.0,0.0,8.0,97.0,True,20260903
ORD-0000870,2026-07-17,官方商城,potential_buyer,paid,delivered,39.0,5.85,10.0,43.15,True,20260903
ORD-0000871,2026-07-29,官方商城,occasional_buyer,paid,delivered,18.0,0.9,10.0,27.1,True,20260903
ORD-0000872,2026-06-10,淘宝/天猫,occasional_buyer,paid,delivered,89.0,0.0,8.0,97.0,True,20260903
ORD-0000873,2026-07-23,B站会员购,core_buyer,paid,shipped,699.0,0.0,0.0,699.0,True,20260903
ORD-0000874,2026-08-10,淘宝/天猫,core_buyer,paid,delivered,39.0,3.9,12.0,47.1,True,20260903
ORD-0000875,2026-08-03,其他,occasional_buyer,paid,delivered,227.0,12.8,0.0,214.2,True,20260903
ORD-0000876,2026-06-22,官方商城,potential_buyer,paid,delivered,48.0,0.0,0.0,48.0,True,20260903
ORD-0000877,2026-08-28,淘宝/天猫,core_buyer,paid,delivered,18.0,2.7,10.0,25.3,True,20260903
ORD-0000878,2026-07-11,淘宝/天猫,core_buyer,paid,delivered,89.0,0.0,8.0,97.0,True,20260903
ORD-0000879,2026-08-07,淘宝/天猫,core_buyer,paid,delivered,18.0,1.8,10.0,26.2,True,20260903
ORD-0000880,2026-07-27,B站会员购,occasional_buyer,paid,delivered,128.0,0.0,0.0,128.0,True,20260903
ORD-0000881,2026-06-07,线下展会或快闪店,core_buyer,paid,shipped,48.0,0.0,0.0,48.0,True,20260903
ORD-0000882,2026-08-10,官方商城,potential_buyer,paid,delivered,39.0,1.95,0.0,37.05,True,20260903
ORD-0000883,2026-08-17,官方商城,core_buyer,paid,delivered,1398.0,139.8,0.0,1258.2,True,20260903
ORD-0000884,2026-08-20,官方商城,occasional_buyer,paid,delivered,198.0,19.8,0.0,178.2,True,20260903
ORD-0000885,2026-06-12,B站会员购,potential_buyer,paid,delivered,256.0,0.0,0.0,256.0,True,20260903
ORD-0000886,2026-07-23,直播间,core_buyer,paid,delivered,99.0,4.95,0.0,94.05,True,20260903
ORD-0000887,2026-08-03,线下展会或快闪店,core_buyer,paid,delivered,128.0,0.0,0.0,128.0,True,20260903
ORD-0000888,2026-08-19,B站会员购,core_buyer,paid,delivered,18.0,0.0,0.0,18.0,True,20260903
ORD-0000889,2026-06-22,B站会员购,occasional_buyer,paid,delivered,48.0,4.8,12.0,55.2,True,20260903
ORD-0000890,2026-08-28,淘宝/天猫,occasional_buyer,paid,delivered,99.0,0.0,0.0,99.0,True,20260903
ORD-0000891,2026-07-18,B站会员购,occasional_buyer,paid,delivered,89.0,4.45,10.0,94.55,True,20260903
ORD-0000892,2026-06-03,淘宝/天猫,potential_buyer,paid,delivered,827.0,0.0,0.0,827.0,True,20260903
ORD-0000893,2026-08-07,淘宝/天猫,core_buyer,paid,delivered,176.0,13.6,0.0,162.4,True,20260903
ORD-0000894,2026-07-30,淘宝/天猫,core_buyer,paid,delivered,217.0,6.4,0.0,210.6,True,20260903
ORD-0000895,2026-06-24,淘宝/天猫,core_buyer,paid,delivered,699.0,34.95,0.0,664.05,True,20260903
ORD-0000896,2026-07-24,淘宝/天猫,occasional_buyer,paid,delivered,18.0,0.0,12.0,30.0,True,20260903
ORD-0000897,2026-08-08,淘宝/天猫,occasional_buyer,paid,delivered,48.0,0.0,0.0,48.0,True,20260903
ORD-0000898,2026-06-01,线下展会或快闪店,occasional_buyer,paid,shipped,48.0,0.0,0.0,48.0,True,20260903
ORD-0000899,2026-06-25,淘宝/天猫,core_buyer,paid,delivered,167.0,10.3,0.0,156.7,True,20260903
ORD-0000900,2026-08-16,线下展会或快闪店,core_buyer,paid,delivered,48.0,2.4,10.0,55.6,True,20260903
ORD-0000901,2026-07-31,淘宝/天猫,core_buyer,paid,delivered,699.0,34.95,0.0,664.05,True,20260903
ORD-0000902,2026-07-24,淘宝/天猫,potential_buyer,paid,delivered,48.0,0.0,12.0,60.0,True,20260903
ORD-0000903,2026-07-17,B站会员购,core_buyer,paid,delivered,99.0,0.0,0.0,99.0,True,20260903
ORD-0000904,2026-06-17,线下展会或快闪店,core_buyer,paid,delivered,188.0,13.85,0.0,174.15,True,20260903
ORD-0000905,2026-08-26,淘宝/天猫,occasional_buyer,paid,delivered,48.0,0.0,8.0,56.0,True,20260903
ORD-0000906,2026-08-03,B站会员购,core_buyer,paid,delivered,256.0,0.0,0.0,256.0,True,20260903
ORD-0000907,2026-08-20,官方商城,core_buyer,paid,delivered,128.0,0.0,0.0,128.0,True,20260903
ORD-0000908,2026-06-07,官方商城,occasional_buyer,paid,pending,138.0,0.0,0.0,138.0,True,20260903
ORD-0000909,2026-06-21,直播间,occasional_buyer,paid,delivered,128.0,6.4,0.0,121.6,True,20260903
ORD-0000910,2026-08-05,B站会员购,occasional_buyer,paid,delivered,217.0,8.9,0.0,208.1,True,20260903
ORD-0000911,2026-07-27,B站会员购,core_buyer,paid,delivered,99.0,0.0,0.0,99.0,True,20260903
ORD-0000912,2026-07-08,淘宝/天猫,core_buyer,paid,delivered,699.0,104.85,0.0,594.15,True,20260903
ORD-0000913,2026-08-13,直播间,occasional_buyer,paid,delivered,48.0,0.0,10.0,58.0,True,20260903
ORD-0000914,2026-07-26,B站会员购,occasional_buyer,paid,delivered,128.0,6.4,0.0,121.6,True,20260903
ORD-0000915,2026-08-29,淘宝/天猫,core_buyer,paid,delivered,699.0,69.9,0.0,629.1,True,20260903
ORD-0000916,2026-06-25,线下展会或快闪店,occasional_buyer,paid,delivered,128.0,0.0,0.0,128.0,True,20260903
ORD-0000917,2026-07-02,淘宝/天猫,occasional_buyer,paid,delivered,699.0,34.95,0.0,664.05,True,20260903
ORD-0000918,2026-06-13,B站会员购,occasional_buyer,paid,delivered,188.0,0.0,0.0,188.0,True,20260903
ORD-0000919,2026-07-16,官方商城,potential_buyer,paid,delivered,18.0,1.8,8.0,24.2,True,20260903
ORD-0000920,2026-08-11,B站会员购,core_buyer,paid,shipped,99.0,9.9,8.0,97.1,True,20260903
ORD-0000921,2026-08-08,官方商城,core_buyer,paid,delivered,128.0,6.4,0.0,121.6,True,20260903
ORD-0000922,2026-06-22,二手平台,core_buyer,paid,delivered,36.0,0.0,0.0,36.0,True,20260903
ORD-0000923,2026-07-06,线下展会或快闪店,potential_buyer,paid,delivered,99.0,4.95,0.0,94.05,True,20260903
ORD-0000924,2026-06-04,官方商城,core_buyer,paid,delivered,128.0,19.2,0.0,108.8,True,20260903
ORD-0000925,2026-06-18,线下展会或快闪店,occasional_buyer,paid,delivered,128.0,6.4,0.0,121.6,True,20260903
ORD-0000926,2026-08-15,官方商城,core_buyer,paid,delivered,699.0,0.0,0.0,699.0,True,20260903
ORD-0000927,2026-06-07,B站会员购,potential_buyer,paid,delivered,788.0,78.8,0.0,709.2,True,20260903
ORD-0000928,2026-08-01,B站会员购,core_buyer,paid,delivered,128.0,12.8,0.0,115.2,True,20260903
ORD-0000929,2026-06-20,B站会员购,occasional_buyer,paid,delivered,99.0,9.9,8.0,97.1,True,20260903
ORD-0000930,2026-06-21,B站会员购,occasional_buyer,paid,delivered,128.0,0.0,0.0,128.0,True,20260903
ORD-0000931,2026-08-07,线下展会或快闪店,core_buyer,paid,delivered,18.0,0.0,8.0,26.0,True,20260903
ORD-0000932,2026-08-04,B站会员购,potential_buyer,paid,delivered,128.0,1.95,0.0,126.05,True,20260903
ORD-0000933,2026-07-09,B站会员购,core_buyer,paid,delivered,128.0,6.4,0.0,121.6,True,20260903
ORD-0000934,2026-06-17,B站会员购,core_buyer,paid,delivered,99.0,0.0,0.0,99.0,True,20260903
ORD-0000935,2026-07-18,官方商城,occasional_buyer,paid,delivered,198.0,19.8,0.0,178.2,True,20260903
ORD-0000936,2026-06-02,线下展会或快闪店,potential_buyer,paid,delivered,345.0,21.7,0.0,323.3,True,20260903
ORD-0000937,2026-08-09,淘宝/天猫,core_buyer,paid,delivered,128.0,6.4,0.0,121.6,True,20260903
ORD-0000938,2026-07-13,其他,occasional_buyer,paid,delivered,18.0,0.0,10.0,28.0,True,20260903
ORD-0000939,2026-06-20,直播间,occasional_buyer,paid,delivered,39.0,0.0,8.0,47.0,True,20260903
ORD-0000940,2026-07-26,淘宝/天猫,core_buyer,paid,delivered,699.0,69.9,0.0,629.1,True,20260903
ORD-0000941,2026-07-16,线下展会或快闪店,occasional_buyer,paid,delivered,89.0,0.0,0.0,89.0,True,20260903
ORD-0000942,2026-06-30,B站会员购,potential_buyer,paid,delivered,89.0,8.9,8.0,88.1,True,20260903
ORD-0000943,2026-06-09,淘宝/天猫,occasional_buyer,cancelled,cancelled,99.0,0.0,0.0,0.0,True,20260903
ORD-0000944,2026-07-07,官方商城,core_buyer,paid,delivered,96.0,9.6,8.0,94.4,True,20260903
ORD-0000945,2026-08-22,淘宝/天猫,core_buyer,paid,delivered,89.0,0.0,0.0,89.0,True,20260903
ORD-0000946,2026-07-09,淘宝/天猫,occasional_buyer,paid,delivered,699.0,104.85,0.0,594.15,True,20260903
ORD-0000947,2026-06-02,官方商城,occasional_buyer,paid,delivered,138.0,0.0,0.0,138.0,True,20260903
ORD-0000948,2026-07-31,官方商城,potential_buyer,paid,delivered,89.0,8.9,0.0,80.1,True,20260903
ORD-0000949,2026-07-16,线下展会或快闪店,potential_buyer,paid,delivered,217.0,0.0,0.0,217.0,True,20260903
ORD-0000950,2026-07-06,官方商城,core_buyer,paid,delivered,48.0,0.0,10.0,58.0,True,20260903
ORD-0000951,2026-08-09,直播间,occasional_buyer,paid,delivered,99.0,9.9,0.0,89.1,True,20260903
ORD-0000952,2026-06-15,淘宝/天猫,occasional_buyer,paid,delivered,89.0,0.0,12.0,101.0,True,20260903
ORD-0000953,2026-07-25,官方商城,core_buyer,paid,delivered,89.0,8.9,0.0,80.1,True,20260903
ORD-0000954,2026-07-25,B站会员购,core_buyer,paid,delivered,89.0,0.0,0.0,89.0,True,20260903
ORD-0000955,2026-06-30,官方商城,core_buyer,paid,delivered,99.0,0.0,0.0,99.0,True,20260903
ORD-0000956,2026-06-13,B站会员购,core_buyer,paid,delivered,128.0,12.8,0.0,115.2,True,20260903
ORD-0000957,2026-08-01,B站会员购,occasional_buyer,paid,delivered,48.0,4.8,10.0,53.2,True,20260903
ORD-0000958,2026-06-24,淘宝/天猫,occasional_buyer,paid,delivered,18.0,0.9,12.0,29.1,True,20260903
ORD-0000959,2026-06-29,官方商城,core_buyer,paid,delivered,89.0,0.0,0.0,89.0,True,20260903
ORD-0000960,2026-07-12,B站会员购,occasional_buyer,paid,delivered,39.0,1.95,8.0,45.05,True,20260903
ORD-0000961,2026-07-24,线下展会或快闪店,potential_buyer,paid,shipped,1398.0,0.0,0.0,1398.0,True,20260903
ORD-0000962,2026-06-18,二手平台,core_buyer,paid,delivered,699.0,34.95,0.0,664.05,True,20260903
ORD-0000963,2026-07-20,其他,core_buyer,paid,shipped,699.0,0.0,0.0,699.0,True,20260903
ORD-0000964,2026-06-21,官方商城,core_buyer,paid,delivered,128.0,12.8,0.0,115.2,True,20260903
ORD-0000965,2026-06-20,线下展会或快闪店,core_buyer,paid,delivered,18.0,0.0,8.0,26.0,True,20260903
ORD-0000966,2026-06-28,官方商城,core_buyer,paid,delivered,178.0,0.0,0.0,178.0,True,20260903
ORD-0000967,2026-08-08,直播间,potential_buyer,paid,delivered,89.0,8.9,10.0,90.1,True,20260903
ORD-0000968,2026-08-19,淘宝/天猫,occasional_buyer,paid,delivered,89.0,8.9,0.0,80.1,True,20260903
ORD-0000969,2026-06-26,官方商城,core_buyer,paid,pending,217.0,8.9,0.0,208.1,True,20260903
ORD-0000970,2026-08-22,B站会员购,potential_buyer,paid,delivered,18.0,0.0,8.0,26.0,True,20260903
ORD-0000971,2026-07-05,B站会员购,core_buyer,paid,shipped,287.0,8.9,0.0,278.1,True,20260903
ORD-0000972,2026-08-26,二手平台,core_buyer,paid,delivered,128.0,0.0,0.0,128.0,True,20260903
ORD-0000973,2026-07-21,官方商城,occasional_buyer,paid,delivered,699.0,0.0,0.0,699.0,True,20260903
ORD-0000974,2026-08-06,线下展会或快闪店,potential_buyer,paid,delivered,48.0,0.0,0.0,48.0,True,20260903
ORD-0000975,2026-07-21,淘宝/天猫,potential_buyer,paid,delivered,699.0,69.9,0.0,629.1,True,20260903
ORD-0000976,2026-07-21,淘宝/天猫,occasional_buyer,paid,delivered,128.0,6.4,0.0,121.6,True,20260903
ORD-0000977,2026-07-28,淘宝/天猫,core_buyer,paid,delivered,18.0,0.0,0.0,18.0,True,20260903
ORD-0000978,2026-06-24,B站会员购,core_buyer,paid,shipped,39.0,0.0,8.0,47.0,True,20260903
ORD-0000979,2026-06-12,淘宝/天猫,occasional_buyer,paid,delivered,717.0,0.0,0.0,717.0,True,20260903
ORD-0000980,2026-08-28,官方商城,core_buyer,paid,shipped,89.0,8.9,8.0,88.1,True,20260903
ORD-0000981,2026-08-02,淘宝/天猫,occasional_buyer,paid,delivered,36.0,0.0,10.0,46.0,True,20260903
ORD-0000982,2026-07-18,淘宝/天猫,potential_buyer,paid,delivered,699.0,69.9,0.0,629.1,True,20260903
ORD-0000983,2026-07-27,官方商城,occasional_buyer,cancelled,cancelled,178.0,13.35,0.0,0.0,True,20260903
ORD-0000984,2026-08-05,淘宝/天猫,occasional_buyer,paid,pending,39.0,3.9,10.0,45.1,True,20260903
ORD-0000985,2026-06-18,淘宝/天猫,core_buyer,paid,delivered,188.0,0.0,0.0,188.0,True,20260903
ORD-0000986,2026-07-23,淘宝/天猫,occasional_buyer,paid,delivered,1398.0,0.0,0.0,1398.0,True,20260903
ORD-0000987,2026-07-27,线下展会或快闪店,potential_buyer,paid,delivered,18.0,1.8,0.0,16.2,True,20260903
ORD-0000988,2026-08-29,B站会员购,occasional_buyer,paid,delivered,138.0,3.9,0.0,134.1,True,20260903
ORD-0000989,2026-08-14,官方商城,occasional_buyer,paid,delivered,89.0,8.9,0.0,80.1,True,20260903
ORD-0000990,2026-06-07,官方商城,occasional_buyer,paid,delivered,18.0,1.8,10.0,26.2,True,20260903
ORD-0000991,2026-06-22,淘宝/天猫,occasional_buyer,paid,delivered,699.0,0.0,0.0,699.0,True,20260903
ORD-0000992,2026-06-23,二手平台,core_buyer,paid,delivered,699.0,34.95,0.0,664.05,True,20260903
ORD-0000993,2026-06-27,淘宝/天猫,core_buyer,paid,delivered,48.0,2.4,10.0,55.6,True,20260903
ORD-0000994,2026-07-29,B站会员购,occasional_buyer,paid,delivered,48.0,4.8,0.0,43.2,True,20260903
ORD-0000995,2026-07-12,官方商城,occasional_buyer,paid,delivered,295.0,0.0,0.0,295.0,True,20260903
ORD-0000996,2026-07-30,淘宝/天猫,core_buyer,paid,delivered,699.0,104.85,0.0,594.15,True,20260903
ORD-0000997,2026-07-03,B站会员购,core_buyer,paid,delivered,99.0,9.9,8.0,97.1,True,20260903
ORD-0000998,2026-08-09,淘宝/天猫,occasional_buyer,paid,delivered,699.0,34.95,0.0,664.05,True,20260903
ORD-0000999,2026-06-16,线下展会或快闪店,core_buyer,paid,delivered,18.0,0.0,12.0,30.0,True,20260903
ORD-0001000,2026-06-08,B站会员购,occasional_buyer,paid,shipped,798.0,0.0,0.0,798.0,True,20260903
ORD-0001001,2026-07-18,B站会员购,occasional_buyer,paid,delivered,18.0,1.8,8.0,24.2,True,20260903
ORD-0001002,2026-06-29,B站会员购,potential_buyer,paid,delivered,128.0,0.0,0.0,128.0,True,20260903
ORD-0001003,2026-08-11,二手平台,core_buyer,paid,delivered,18.0,0.9,8.0,25.1,True,20260903
ORD-0001004,2026-06-23,线下展会或快闪店,occasional_buyer,paid,delivered,48.0,0.0,10.0,58.0,True,20260903
ORD-0001005,2026-08-09,官方商城,occasional_buyer,paid,delivered,48.0,4.8,0.0,43.2,True,20260903
ORD-0001006,2026-07-02,其他,core_buyer,paid,delivered,39.0,1.95,0.0,37.05,True,20260903
ORD-0001007,2026-07-11,线下展会或快闪店,core_buyer,paid,shipped,96.0,4.8,0.0,91.2,True,20260903
ORD-0001008,2026-07-23,线下展会或快闪店,occasional_buyer,paid,delivered,48.0,2.4,0.0,45.6,True,20260903
ORD-0001009,2026-07-26,淘宝/天猫,occasional_buyer,paid,delivered,18.0,0.0,0.0,18.0,True,20260903
ORD-0001010,2026-07-16,淘宝/天猫,core_buyer,paid,delivered,78.0,0.0,12.0,90.0,True,20260903
ORD-0001011,2026-08-01,直播间,core_buyer,paid,delivered,128.0,0.0,0.0,128.0,True,20260903
ORD-0001012,2026-07-11,B站会员购,core_buyer,paid,delivered,18.0,0.0,0.0,18.0,True,20260903
ORD-0001013,2026-06-11,官方商城,core_buyer,paid,delivered,99.0,0.0,0.0,99.0,True,20260903
ORD-0001014,2026-08-09,淘宝/天猫,core_buyer,paid,delivered,48.0,4.8,0.0,43.2,True,20260903
ORD-0001015,2026-07-01,线下展会或快闪店,occasional_buyer,paid,delivered,699.0,0.0,0.0,699.0,True,20260903
ORD-0001016,2026-06-21,B站会员购,core_buyer,paid,shipped,36.0,0.0,0.0,36.0,True,20260903
ORD-0001017,2026-06-22,淘宝/天猫,core_buyer,paid,delivered,99.0,0.0,0.0,99.0,True,20260903
ORD-0001018,2026-07-10,二手平台,core_buyer,paid,delivered,96.0,9.6,8.0,94.4,True,20260903
ORD-0001019,2026-06-20,淘宝/天猫,core_buyer,paid,delivered,48.0,7.2,8.0,48.8,True,20260903
ORD-0001020,2026-07-19,B站会员购,potential_buyer,paid,delivered,699.0,104.85,0.0,594.15,True,20260903
ORD-0001021,2026-08-16,B站会员购,potential_buyer,paid,shipped,198.0,0.0,0.0,198.0,True,20260903
ORD-0001022,2026-07-17,淘宝/天猫,occasional_buyer,paid,delivered,96.0,14.4,0.0,81.6,True,20260903
ORD-0001023,2026-07-14,线下展会或快闪店,occasional_buyer,paid,delivered,99.0,9.9,0.0,89.1,True,20260903
ORD-0001024,2026-06-05,B站会员购,core_buyer,paid,delivered,99.0,9.9,10.0,99.1,True,20260903
ORD-0001025,2026-07-06,B站会员购,potential_buyer,paid,delivered,96.0,0.0,10.0,106.0,True,20260903
ORD-0001026,2026-08-06,B站会员购,potential_buyer,paid,delivered,147.0,9.9,0.0,137.1,True,20260903
ORD-0001027,2026-06-30,官方商城,occasional_buyer,paid,delivered,699.0,34.95,0.0,664.05,True,20260903
ORD-0001028,2026-07-31,官方商城,potential_buyer,paid,delivered,217.0,8.9,0.0,208.1,True,20260903
ORD-0001029,2026-06-19,官方商城,core_buyer,paid,delivered,89.0,0.0,8.0,97.0,True,20260903
ORD-0001030,2026-07-30,其他,potential_buyer,paid,delivered,699.0,0.0,0.0,699.0,True,20260903
ORD-0001031,2026-07-17,线下展会或快闪店,occasional_buyer,paid,delivered,39.0,5.85,10.0,43.15,True,20260903
ORD-0001032,2026-07-22,官方商城,core_buyer,paid,shipped,48.0,0.0,0.0,48.0,True,20260903
ORD-0001033,2026-07-05,淘宝/天猫,potential_buyer,paid,delivered,287.0,14.35,0.0,272.65,True,20260903
ORD-0001034,2026-07-26,淘宝/天猫,occasional_buyer,paid,delivered,99.0,0.0,0.0,99.0,True,20260903
ORD-0001035,2026-08-18,官方商城,occasional_buyer,paid,delivered,89.0,0.0,8.0,97.0,True,20260903
ORD-0001036,2026-06-25,官方商城,core_buyer,paid,delivered,1398.0,34.95,0.0,1363.05,True,20260903
ORD-0001037,2026-06-22,官方商城,core_buyer,paid,delivered,48.0,4.8,8.0,51.2,True,20260903
ORD-0001038,2026-07-18,淘宝/天猫,core_buyer,paid,shipped,39.0,3.9,8.0,43.1,True,20260903
ORD-0001039,2026-08-22,线下展会或快闪店,potential_buyer,paid,delivered,256.0,0.0,0.0,256.0,True,20260903
ORD-0001040,2026-08-10,官方商城,occasional_buyer,paid,delivered,117.0,1.8,0.0,115.2,True,20260903
ORD-0001041,2026-08-27,官方商城,potential_buyer,paid,delivered,99.0,0.0,0.0,99.0,True,20260903
ORD-0001042,2026-06-06,官方商城,occasional_buyer,paid,delivered,99.0,0.0,0.0,99.0,True,20260903
ORD-0001043,2026-07-10,B站会员购,occasional_buyer,paid,delivered,788.0,48.3,0.0,739.7,True,20260903
ORD-0001044,2026-06-18,官方商城,occasional_buyer,paid,delivered,699.0,34.95,0.0,664.05,True,20260903
ORD-0001045,2026-06-16,官方商城,occasional_buyer,paid,delivered,99.0,0.0,0.0,99.0,True,20260903
ORD-0001046,2026-07-20,官方商城,occasional_buyer,paid,delivered,198.0,9.9,0.0,188.1,True,20260903
ORD-0001047,2026-08-12,淘宝/天猫,core_buyer,paid,delivered,39.0,1.95,0.0,37.05,True,20260903
ORD-0001048,2026-06-20,B站会员购,occasional_buyer,paid,delivered,39.0,3.9,0.0,35.1,True,20260903
ORD-0001049,2026-06-30,淘宝/天猫,occasional_buyer,paid,delivered,699.0,34.95,0.0,664.05,True,20260903
ORD-0001050,2026-07-13,官方商城,core_buyer,paid,delivered,256.0,0.0,0.0,256.0,True,20260903
ORD-0001051,2026-07-04,B站会员购,core_buyer,paid,delivered,89.0,0.0,10.0,99.0,True,20260903
ORD-0001052,2026-07-29,B站会员购,occasional_buyer,paid,delivered,18.0,0.0,8.0,26.0,True,20260903
ORD-0001053,2026-08-19,淘宝/天猫,core_buyer,paid,delivered,89.0,8.9,10.0,90.1,True,20260903
ORD-0001054,2026-06-30,B站会员购,occasional_buyer,paid,delivered,99.0,0.0,0.0,99.0,True,20260903
ORD-0001055,2026-07-05,直播间,occasional_buyer,paid,delivered,99.0,4.95,0.0,94.05,True,20260903
ORD-0001056,2026-06-10,二手平台,core_buyer,paid,delivered,99.0,0.0,0.0,99.0,True,20260903
ORD-0001057,2026-06-26,淘宝/天猫,core_buyer,paid,delivered,315.0,4.8,0.0,310.2,True,20260903
ORD-0001058,2026-07-19,淘宝/天猫,core_buyer,paid,delivered,89.0,0.0,12.0,101.0,True,20260903
ORD-0001059,2026-07-01,官方商城,occasional_buyer,paid,delivered,128.0,6.4,0.0,121.6,True,20260903
ORD-0001060,2026-07-20,淘宝/天猫,occasional_buyer,paid,delivered,117.0,10.8,0.0,106.2,True,20260903
ORD-0001061,2026-08-15,淘宝/天猫,occasional_buyer,paid,delivered,39.0,0.0,10.0,49.0,True,20260903
ORD-0001062,2026-07-21,淘宝/天猫,occasional_buyer,paid,pending,699.0,0.0,0.0,699.0,True,20260903
ORD-0001063,2026-07-04,线下展会或快闪店,occasional_buyer,paid,delivered,227.0,16.3,0.0,210.7,True,20260903
ORD-0001064,2026-08-16,淘宝/天猫,core_buyer,paid,delivered,747.0,0.0,0.0,747.0,True,20260903
ORD-0001065,2026-08-13,B站会员购,occasional_buyer,paid,delivered,699.0,69.9,0.0,629.1,True,20260903
ORD-0001066,2026-06-11,淘宝/天猫,potential_buyer,paid,delivered,99.0,4.95,0.0,94.05,True,20260903
ORD-0001067,2026-06-30,其他,core_buyer,paid,delivered,48.0,4.8,0.0,43.2,True,20260903
ORD-0001068,2026-06-09,淘宝/天猫,core_buyer,paid,delivered,89.0,0.0,8.0,97.0,True,20260903
ORD-0001069,2026-08-11,淘宝/天猫,occasional_buyer,paid,delivered,699.0,0.0,0.0,699.0,True,20260903
ORD-0001070,2026-08-03,B站会员购,potential_buyer,paid,delivered,99.0,0.0,0.0,99.0,True,20260903
ORD-0001071,2026-08-14,线下展会或快闪店,occasional_buyer,paid,delivered,48.0,0.0,0.0,48.0,True,20260903
ORD-0001072,2026-06-09,淘宝/天猫,core_buyer,paid,delivered,176.0,6.4,0.0,169.6,True,20260903
ORD-0001073,2026-06-30,官方商城,occasional_buyer,paid,delivered,89.0,0.0,12.0,101.0,True,20260903
ORD-0001074,2026-08-23,线下展会或快闪店,core_buyer,paid,delivered,18.0,0.0,10.0,28.0,True,20260903
ORD-0001075,2026-07-01,淘宝/天猫,occasional_buyer,paid,delivered,18.0,0.9,8.0,25.1,True,20260903
ORD-0001076,2026-07-25,B站会员购,potential_buyer,paid,delivered,78.0,0.0,8.0,86.0,True,20260903
ORD-0001077,2026-06-27,官方商城,occasional_buyer,paid,delivered,128.0,12.8,0.0,115.2,True,20260903
ORD-0001078,2026-08-12,淘宝/天猫,core_buyer,paid,delivered,717.0,72.6,0.0,644.4,True,20260903
ORD-0001079,2026-06-14,线下展会或快闪店,potential_buyer,paid,delivered,699.0,69.9,0.0,629.1,True,20260903
ORD-0001080,2026-08-05,淘宝/天猫,occasional_buyer,paid,delivered,89.0,8.9,8.0,88.1,True,20260903
ORD-0001081,2026-06-22,B站会员购,core_buyer,paid,delivered,117.0,11.7,0.0,105.3,True,20260903
ORD-0001082,2026-06-19,官方商城,core_buyer,paid,delivered,18.0,0.9,8.0,25.1,True,20260903
ORD-0001083,2026-07-08,线下展会或快闪店,potential_buyer,cancelled,cancelled,96.0,9.6,0.0,0.0,True,20260903
ORD-0001084,2026-06-18,淘宝/天猫,occasional_buyer,paid,delivered,198.0,4.95,0.0,193.05,True,20260903
ORD-0001085,2026-06-15,淘宝/天猫,core_buyer,paid,delivered,89.0,4.45,0.0,84.55,True,20260903
ORD-0001086,2026-06-23,官方商城,occasional_buyer,paid,delivered,89.0,8.9,0.0,80.1,True,20260903
ORD-0001087,2026-07-26,官方商城,core_buyer,paid,shipped,48.0,2.4,12.0,57.6,True,20260903
ORD-0001088,2026-06-26,线下展会或快闪店,core_buyer,paid,delivered,699.0,69.9,0.0,629.1,True,20260903
ORD-0001089,2026-06-25,官方商城,occasional_buyer,paid,delivered,176.0,7.2,0.0,168.8,True,20260903
ORD-0001090,2026-07-25,淘宝/天猫,core_buyer,paid,delivered,226.0,2.4,0.0,223.6,True,20260903
ORD-0001091,2026-07-04,B站会员购,core_buyer,paid,delivered,188.0,4.95,0.0,183.05,True,20260903
ORD-0001092,2026-07-24,淘宝/天猫,core_buyer,paid,delivered,39.0,0.0,0.0,39.0,True,20260903
ORD-0001093,2026-07-11,淘宝/天猫,core_buyer,paid,delivered,96.0,0.0,0.0,96.0,True,20260903
ORD-0001094,2026-07-05,淘宝/天猫,occasional_buyer,paid,delivered,39.0,0.0,0.0,39.0,True,20260903
ORD-0001095,2026-07-05,淘宝/天猫,core_buyer,paid,delivered,18.0,0.0,8.0,26.0,True,20260903
ORD-0001096,2026-06-23,B站会员购,core_buyer,paid,delivered,192.0,0.0,0.0,192.0,True,20260903
ORD-0001097,2026-06-06,其他,occasional_buyer,paid,delivered,1416.0,0.9,0.0,1415.1,True,20260903
ORD-0001098,2026-06-02,官方商城,core_buyer,paid,delivered,48.0,0.0,8.0,56.0,True,20260903
ORD-0001099,2026-06-21,淘宝/天猫,occasional_buyer,paid,delivered,39.0,0.0,8.0,47.0,True,20260903
ORD-0001100,2026-06-29,淘宝/天猫,core_buyer,paid,delivered,1398.0,69.9,0.0,1328.1,True,20260903
ORD-0001101,2026-06-26,淘宝/天猫,core_buyer,paid,delivered,176.0,4.8,0.0,171.2,True,20260903
ORD-0001102,2026-07-25,淘宝/天猫,occasional_buyer,paid,delivered,57.0,0.0,0.0,57.0,True,20260903
ORD-0001103,2026-08-01,官方商城,occasional_buyer,paid,delivered,128.0,12.8,0.0,115.2,True,20260903
ORD-0001104,2026-08-27,淘宝/天猫,core_buyer,paid,shipped,99.0,9.9,8.0,97.1,True,20260903
ORD-0001105,2026-07-25,线下展会或快闪店,occasional_buyer,paid,delivered,217.0,13.35,0.0,203.65,True,20260903
ORD-0001106,2026-08-08,线下展会或快闪店,core_buyer,paid,delivered,48.0,0.0,0.0,48.0,True,20260903
ORD-0001107,2026-07-31,淘宝/天猫,occasional_buyer,paid,shipped,777.0,3.9,0.0,773.1,True,20260903
ORD-0001108,2026-08-04,官方商城,occasional_buyer,cancelled,cancelled,128.0,6.4,0.0,0.0,True,20260903
ORD-0001109,2026-07-28,官方商城,occasional_buyer,paid,delivered,128.0,0.0,0.0,128.0,True,20260903
ORD-0001110,2026-07-02,淘宝/天猫,core_buyer,paid,shipped,256.0,12.8,0.0,243.2,True,20260903
ORD-0001111,2026-08-10,官方商城,core_buyer,paid,delivered,99.0,0.0,0.0,99.0,True,20260903
ORD-0001112,2026-07-20,B站会员购,core_buyer,paid,delivered,89.0,0.0,8.0,97.0,True,20260903
ORD-0001113,2026-06-16,淘宝/天猫,occasional_buyer,paid,delivered,99.0,4.95,8.0,102.05,True,20260903
ORD-0001114,2026-08-23,淘宝/天猫,occasional_buyer,paid,delivered,217.0,6.4,0.0,210.6,True,20260903
ORD-0001115,2026-07-07,官方商城,core_buyer,paid,delivered,138.0,0.0,0.0,138.0,True,20260903
ORD-0001116,2026-08-10,官方商城,core_buyer,paid,delivered,96.0,0.0,10.0,106.0,True,20260903
ORD-0001117,2026-06-18,二手平台,core_buyer,paid,delivered,39.0,0.0,0.0,39.0,True,20260903
ORD-0001118,2026-08-04,其他,core_buyer,paid,delivered,18.0,1.8,8.0,24.2,True,20260903
ORD-0001119,2026-08-24,官方商城,potential_buyer,paid,delivered,256.0,0.0,0.0,256.0,True,20260903
ORD-0001120,2026-07-07,淘宝/天猫,core_buyer,paid,delivered,39.0,3.9,8.0,43.1,True,20260903
ORD-0001121,2026-08-02,淘宝/天猫,potential_buyer,paid,delivered,36.0,0.0,0.0,36.0,True,20260903
ORD-0001122,2026-07-30,淘宝/天猫,occasional_buyer,paid,delivered,99.0,0.0,0.0,99.0,True,20260903
ORD-0001123,2026-08-16,其他,potential_buyer,paid,delivered,1398.0,69.9,0.0,1328.1,True,20260903
ORD-0001124,2026-08-01,官方商城,core_buyer,paid,delivered,18.0,2.7,8.0,23.3,True,20260903
ORD-0001125,2026-06-06,官方商城,occasional_buyer,paid,delivered,18.0,0.0,8.0,26.0,True,20260903
ORD-0001126,2026-07-12,B站会员购,occasional_buyer,paid,delivered,39.0,5.85,0.0,33.15,True,20260903
ORD-0001127,2026-06-22,淘宝/天猫,core_buyer,paid,delivered,48.0,0.0,0.0,48.0,True,20260903
ORD-0001128,2026-08-05,B站会员购,occasional_buyer,paid,delivered,198.0,0.0,0.0,198.0,True,20260903
ORD-0001129,2026-06-17,线下展会或快闪店,core_buyer,paid,delivered,128.0,0.0,0.0,128.0,True,20260903
ORD-0001130,2026-07-09,淘宝/天猫,core_buyer,paid,delivered,39.0,0.0,12.0,51.0,True,20260903
ORD-0001131,2026-08-09,线下展会或快闪店,core_buyer,paid,delivered,48.0,0.0,8.0,56.0,True,20260903
ORD-0001132,2026-07-14,B站会员购,core_buyer,paid,delivered,699.0,69.9,0.0,629.1,True,20260903
ORD-0001133,2026-06-07,直播间,core_buyer,paid,delivered,699.0,0.0,0.0,699.0,True,20260903
ORD-0001134,2026-07-12,官方商城,potential_buyer,paid,delivered,78.0,0.0,10.0,88.0,True,20260903
ORD-0001135,2026-07-31,淘宝/天猫,core_buyer,paid,delivered,48.0,0.0,0.0,48.0,True,20260903
ORD-0001136,2026-06-15,线下展会或快闪店,occasional_buyer,paid,delivered,48.0,4.8,8.0,51.2,True,20260903
ORD-0001137,2026-06-06,淘宝/天猫,occasional_buyer,paid,delivered,444.0,0.0,0.0,444.0,True,20260903
ORD-0001138,2026-06-17,淘宝/天猫,potential_buyer,paid,delivered,36.0,3.6,8.0,40.4,True,20260903
ORD-0001139,2026-08-21,官方商城,core_buyer,paid,delivered,699.0,0.0,0.0,699.0,True,20260903
ORD-0001140,2026-08-06,线下展会或快闪店,occasional_buyer,paid,delivered,256.0,38.4,0.0,217.6,True,20260903
ORD-0001141,2026-06-23,官方商城,occasional_buyer,paid,shipped,128.0,0.0,0.0,128.0,True,20260903
ORD-0001142,2026-07-28,官方商城,core_buyer,paid,delivered,788.0,34.95,0.0,753.05,True,20260903
ORD-0001143,2026-06-26,淘宝/天猫,potential_buyer,paid,delivered,48.0,2.4,8.0,53.6,True,20260903
ORD-0001144,2026-07-02,线下展会或快闪店,occasional_buyer,paid,delivered,699.0,0.0,0.0,699.0,True,20260903
ORD-0001145,2026-08-06,淘宝/天猫,occasional_buyer,paid,delivered,699.0,0.0,0.0,699.0,True,20260903
ORD-0001146,2026-07-07,官方商城,occasional_buyer,paid,delivered,845.0,1.8,0.0,843.2,True,20260903
ORD-0001147,2026-06-26,B站会员购,potential_buyer,paid,pending,128.0,6.4,0.0,121.6,True,20260903
ORD-0001148,2026-07-09,淘宝/天猫,core_buyer,paid,delivered,128.0,0.0,0.0,128.0,True,20260903
ORD-0001149,2026-07-12,B站会员购,occasional_buyer,paid,delivered,138.0,3.9,0.0,134.1,True,20260903
ORD-0001150,2026-08-06,官方商城,occasional_buyer,paid,shipped,128.0,0.0,0.0,128.0,True,20260903
ORD-0001151,2026-08-11,淘宝/天猫,potential_buyer,paid,delivered,277.0,17.8,0.0,259.2,True,20260903
ORD-0001152,2026-08-16,官方商城,potential_buyer,paid,delivered,117.0,0.9,0.0,116.1,True,20260903
ORD-0001153,2026-06-21,淘宝/天猫,core_buyer,cancelled,cancelled,39.0,0.0,10.0,0.0,True,20260903
ORD-0001154,2026-08-16,线下展会或快闪店,core_buyer,paid,delivered,185.0,0.0,0.0,185.0,True,20260903
ORD-0001155,2026-08-03,淘宝/天猫,core_buyer,paid,delivered,39.0,0.0,0.0,39.0,True,20260903
ORD-0001156,2026-07-30,淘宝/天猫,occasional_buyer,paid,delivered,18.0,0.9,0.0,17.1,True,20260903
ORD-0001157,2026-08-07,官方商城,core_buyer,paid,delivered,18.0,0.9,12.0,29.1,True,20260903
ORD-0001158,2026-06-21,B站会员购,occasional_buyer,paid,pending,87.0,4.35,0.0,82.65,True,20260903
ORD-0001159,2026-08-14,其他,core_buyer,paid,delivered,66.0,0.9,10.0,75.1,True,20260903
ORD-0001160,2026-08-05,淘宝/天猫,occasional_buyer,paid,delivered,18.0,2.7,0.0,15.3,True,20260903
ORD-0001161,2026-08-02,B站会员购,core_buyer,paid,delivered,39.0,1.95,10.0,47.05,True,20260903
ORD-0001162,2026-08-02,B站会员购,core_buyer,cancelled,cancelled,39.0,3.9,10.0,0.0,True,20260903
ORD-0001163,2026-08-21,线下展会或快闪店,core_buyer,paid,delivered,18.0,1.8,0.0,16.2,True,20260903
ORD-0001164,2026-06-09,淘宝/天猫,occasional_buyer,paid,delivered,39.0,0.0,8.0,47.0,True,20260903
ORD-0001165,2026-07-09,淘宝/天猫,core_buyer,paid,delivered,39.0,1.95,8.0,45.05,True,20260903
ORD-0001166,2026-07-01,官方商城,potential_buyer,paid,delivered,128.0,0.0,0.0,128.0,True,20260903
ORD-0001167,2026-06-18,淘宝/天猫,occasional_buyer,paid,delivered,48.0,0.0,8.0,56.0,True,20260903
ORD-0001168,2026-08-18,淘宝/天猫,occasional_buyer,paid,delivered,89.0,0.0,0.0,89.0,True,20260903
ORD-0001169,2026-07-13,线下展会或快闪店,core_buyer,paid,delivered,48.0,0.0,10.0,58.0,True,20260903
ORD-0001170,2026-07-29,官方商城,core_buyer,paid,delivered,128.0,3.9,0.0,124.1,True,20260903
ORD-0001171,2026-07-27,B站会员购,core_buyer,cancelled,cancelled,699.0,69.9,0.0,0.0,True,20260903
ORD-0001172,2026-08-05,B站会员购,occasional_buyer,paid,delivered,39.0,0.0,8.0,47.0,True,20260903
ORD-0001173,2026-06-18,官方商城,core_buyer,paid,shipped,18.0,0.0,8.0,26.0,True,20260903
ORD-0001174,2026-07-23,淘宝/天猫,occasional_buyer,paid,delivered,128.0,0.0,0.0,128.0,True,20260903
ORD-0001175,2026-06-20,B站会员购,occasional_buyer,paid,delivered,1487.0,144.25,0.0,1342.75,True,20260903
ORD-0001176,2026-07-31,B站会员购,core_buyer,paid,delivered,89.0,0.0,8.0,97.0,True,20260903
ORD-0001177,2026-06-18,淘宝/天猫,core_buyer,paid,delivered,18.0,0.9,8.0,25.1,True,20260903
ORD-0001178,2026-08-24,官方商城,core_buyer,paid,delivered,48.0,0.0,8.0,56.0,True,20260903
ORD-0001179,2026-07-14,线下展会或快闪店,occasional_buyer,paid,delivered,1398.0,69.9,0.0,1328.1,True,20260903
ORD-0001180,2026-06-29,淘宝/天猫,core_buyer,paid,delivered,128.0,12.8,0.0,115.2,True,20260903
ORD-0001181,2026-07-18,线下展会或快闪店,core_buyer,paid,delivered,788.0,8.9,0.0,779.1,True,20260903
ORD-0001182,2026-06-21,官方商城,occasional_buyer,paid,delivered,48.0,0.0,0.0,48.0,True,20260903
ORD-0001183,2026-08-24,官方商城,core_buyer,paid,delivered,48.0,2.4,0.0,45.6,True,20260903
ORD-0001184,2026-07-14,B站会员购,core_buyer,paid,delivered,89.0,0.0,0.0,89.0,True,20260903
ORD-0001185,2026-08-24,官方商城,occasional_buyer,paid,delivered,89.0,0.0,8.0,97.0,True,20260903
ORD-0001186,2026-08-03,淘宝/天猫,core_buyer,paid,pending,699.0,0.0,0.0,699.0,True,20260903
ORD-0001187,2026-08-07,线下展会或快闪店,potential_buyer,paid,delivered,128.0,12.8,0.0,115.2,True,20260903
ORD-0001188,2026-07-13,B站会员购,occasional_buyer,cancelled,cancelled,96.0,0.0,0.0,0.0,True,20260903
ORD-0001189,2026-08-29,淘宝/天猫,occasional_buyer,paid,delivered,699.0,0.0,0.0,699.0,True,20260903
ORD-0001190,2026-07-15,淘宝/天猫,occasional_buyer,paid,delivered,788.0,104.85,0.0,683.15,True,20260903
ORD-0001191,2026-07-06,B站会员购,core_buyer,paid,delivered,89.0,0.0,8.0,97.0,True,20260903
ORD-0001192,2026-07-09,官方商城,core_buyer,paid,delivered,699.0,0.0,0.0,699.0,True,20260903
ORD-0001193,2026-06-23,官方商城,potential_buyer,paid,delivered,18.0,0.9,8.0,25.1,True,20260903
ORD-0001194,2026-07-14,B站会员购,core_buyer,paid,delivered,699.0,69.9,0.0,629.1,True,20260903
ORD-0001195,2026-07-01,B站会员购,occasional_buyer,paid,delivered,39.0,3.9,10.0,45.1,True,20260903
ORD-0001196,2026-08-08,官方商城,core_buyer,paid,delivered,39.0,1.95,0.0,37.05,True,20260903
ORD-0001197,2026-06-15,线下展会或快闪店,occasional_buyer,paid,delivered,144.0,7.2,0.0,136.8,True,20260903
ORD-0001198,2026-07-19,淘宝/天猫,occasional_buyer,paid,delivered,99.0,0.0,0.0,99.0,True,20260903
ORD-0001199,2026-08-22,官方商城,core_buyer,paid,delivered,99.0,4.95,10.0,104.05,True,20260903
ORD-0001200,2026-07-04,淘宝/天猫,core_buyer,paid,delivered,128.0,0.0,0.0,128.0,True,20260903
ORD-0001201,2026-06-24,线下展会或快闪店,occasional_buyer,paid,delivered,89.0,0.0,0.0,89.0,True,20260903
ORD-0001202,2026-08-03,官方商城,core_buyer,paid,delivered,99.0,0.0,0.0,99.0,True,20260903
ORD-0001203,2026-07-13,淘宝/天猫,core_buyer,paid,delivered,89.0,0.0,8.0,97.0,True,20260903
ORD-0001204,2026-07-05,官方商城,potential_buyer,paid,delivered,128.0,0.0,0.0,128.0,True,20260903
ORD-0001205,2026-06-18,淘宝/天猫,occasional_buyer,paid,delivered,18.0,0.0,12.0,30.0,True,20260903
ORD-0001206,2026-06-05,官方商城,occasional_buyer,paid,delivered,39.0,0.0,8.0,47.0,True,20260903
ORD-0001207,2026-07-12,线下展会或快闪店,potential_buyer,paid,delivered,128.0,0.0,0.0,128.0,True,20260903
ORD-0001208,2026-08-13,淘宝/天猫,core_buyer,paid,delivered,89.0,0.0,8.0,97.0,True,20260903
ORD-0001209,2026-07-04,线下展会或快闪店,core_buyer,paid,delivered,99.0,0.0,0.0,99.0,True,20260903
ORD-0001210,2026-07-25,淘宝/天猫,occasional_buyer,paid,delivered,48.0,4.8,8.0,51.2,True,20260903
ORD-0001211,2026-06-19,线下展会或快闪店,core_buyer,paid,delivered,18.0,2.7,0.0,15.3,True,20260903
ORD-0001212,2026-08-03,淘宝/天猫,potential_buyer,paid,delivered,89.0,8.9,0.0,80.1,True,20260903
ORD-0001213,2026-07-03,B站会员购,occasional_buyer,paid,delivered,18.0,0.0,10.0,28.0,True,20260903
ORD-0001214,2026-08-04,线下展会或快闪店,core_buyer,paid,delivered,128.0,12.8,0.0,115.2,True,20260903
ORD-0001215,2026-08-29,淘宝/天猫,occasional_buyer,paid,delivered,99.0,9.9,8.0,97.1,True,20260903
ORD-0001216,2026-08-26,线下展会或快闪店,core_buyer,paid,delivered,39.0,0.0,12.0,51.0,True,20260903
ORD-0001217,2026-06-16,淘宝/天猫,potential_buyer,paid,delivered,18.0,0.0,10.0,28.0,True,20260903
ORD-0001218,2026-08-07,B站会员购,core_buyer,paid,delivered,128.0,6.4,0.0,121.6,True,20260903
ORD-0001219,2026-07-10,B站会员购,core_buyer,paid,delivered,89.0,13.35,12.0,87.65,True,20260903
ORD-0001220,2026-08-08,二手平台,core_buyer,paid,delivered,18.0,0.9,8.0,25.1,True,20260903
ORD-0001221,2026-07-10,线下展会或快闪店,core_buyer,paid,delivered,216.0,0.0,0.0,216.0,True,20260903
ORD-0001222,2026-08-09,B站会员购,occasional_buyer,paid,delivered,128.0,0.0,0.0,128.0,True,20260903
ORD-0001223,2026-07-30,线下展会或快闪店,occasional_buyer,paid,delivered,99.0,0.0,0.0,99.0,True,20260903
ORD-0001224,2026-07-14,淘宝/天猫,core_buyer,paid,delivered,96.0,0.0,8.0,104.0,True,20260903
ORD-0001225,2026-06-17,淘宝/天猫,occasional_buyer,paid,delivered,128.0,0.0,0.0,128.0,True,20260903
ORD-0001226,2026-08-16,B站会员购,core_buyer,paid,delivered,39.0,0.0,0.0,39.0,True,20260903
ORD-0001227,2026-07-16,淘宝/天猫,occasional_buyer,paid,delivered,39.0,1.95,0.0,37.05,True,20260903
ORD-0001228,2026-07-19,淘宝/天猫,potential_buyer,paid,delivered,36.0,0.0,8.0,44.0,True,20260903
ORD-0001229,2026-07-17,其他,occasional_buyer,paid,delivered,39.0,0.0,10.0,49.0,True,20260903
ORD-0001230,2026-08-24,B站会员购,core_buyer,paid,delivered,699.0,69.9,0.0,629.1,True,20260903
ORD-0001231,2026-06-23,B站会员购,potential_buyer,paid,pending,146.0,0.0,0.0,146.0,True,20260903
ORD-0001232,2026-07-12,B站会员购,core_buyer,paid,delivered,188.0,0.0,0.0,188.0,True,20260903
ORD-0001233,2026-06-22,官方商城,occasional_buyer,paid,delivered,39.0,0.0,8.0,47.0,True,20260903
ORD-0001234,2026-06-20,其他,occasional_buyer,paid,delivered,167.0,21.15,0.0,145.85,True,20260903
ORD-0001235,2026-07-26,淘宝/天猫,occasional_buyer,paid,delivered,699.0,0.0,0.0,699.0,True,20260903
ORD-0001236,2026-07-15,淘宝/天猫,core_buyer,paid,delivered,48.0,7.2,8.0,48.8,True,20260903
ORD-0001237,2026-07-16,官方商城,core_buyer,paid,delivered,48.0,2.4,8.0,53.6,True,20260903
ORD-0001238,2026-07-11,淘宝/天猫,occasional_buyer,paid,delivered,135.0,7.2,0.0,127.8,True,20260903
ORD-0001239,2026-07-17,淘宝/天猫,core_buyer,paid,delivered,18.0,0.0,8.0,26.0,True,20260903
ORD-0001240,2026-08-04,B站会员购,potential_buyer,paid,delivered,99.0,4.95,8.0,102.05,True,20260903
ORD-0001241,2026-07-16,B站会员购,core_buyer,paid,delivered,48.0,0.0,8.0,56.0,True,20260903
ORD-0001242,2026-07-19,淘宝/天猫,occasional_buyer,paid,delivered,48.0,4.8,0.0,43.2,True,20260903
ORD-0001243,2026-06-21,官方商城,potential_buyer,paid,delivered,48.0,0.0,0.0,48.0,True,20260903
ORD-0001244,2026-08-08,淘宝/天猫,core_buyer,paid,delivered,99.0,9.9,10.0,99.1,True,20260903
ORD-0001245,2026-08-24,官方商城,core_buyer,paid,delivered,2895.0,69.9,0.0,2825.1,True,20260903
ORD-0001246,2026-06-19,淘宝/天猫,occasional_buyer,paid,shipped,48.0,2.4,8.0,53.6,True,20260903
ORD-0001247,2026-07-06,B站会员购,core_buyer,paid,delivered,176.0,0.0,0.0,176.0,True,20260903
ORD-0001248,2026-06-12,淘宝/天猫,occasional_buyer,paid,delivered,128.0,12.8,0.0,115.2,True,20260903
ORD-0001249,2026-08-23,官方商城,occasional_buyer,cancelled,cancelled,717.0,72.6,0.0,0.0,True,20260903
ORD-0001250,2026-06-16,淘宝/天猫,occasional_buyer,paid,delivered,717.0,0.0,0.0,717.0,True,20260903
ORD-0001251,2026-08-11,官方商城,potential_buyer,paid,delivered,294.0,4.95,0.0,289.05,True,20260903
ORD-0001252,2026-07-09,淘宝/天猫,occasional_buyer,paid,delivered,78.0,3.9,0.0,74.1,True,20260903
ORD-0001253,2026-08-29,线下展会或快闪店,occasional_buyer,paid,delivered,39.0,1.95,0.0,37.05,True,20260903
ORD-0001254,2026-07-07,B站会员购,core_buyer,paid,delivered,137.0,2.4,0.0,134.6,True,20260903
ORD-0001255,2026-07-23,官方商城,occasional_buyer,paid,delivered,147.0,22.05,0.0,124.95,True,20260903
ORD-0001256,2026-06-21,淘宝/天猫,core_buyer,paid,delivered,48.0,0.0,12.0,60.0,True,20260903
ORD-0001257,2026-07-13,淘宝/天猫,core_buyer,paid,delivered,128.0,0.0,0.0,128.0,True,20260903
ORD-0001258,2026-06-26,淘宝/天猫,core_buyer,paid,delivered,699.0,0.0,0.0,699.0,True,20260903
ORD-0001259,2026-07-24,B站会员购,potential_buyer,paid,delivered,48.0,4.8,8.0,51.2,True,20260903
ORD-0001260,2026-06-21,B站会员购,potential_buyer,paid,delivered,99.0,4.95,0.0,94.05,True,20260903
ORD-0001261,2026-06-21,淘宝/天猫,occasional_buyer,paid,delivered,48.0,0.0,10.0,58.0,True,20260903
ORD-0001262,2026-08-15,淘宝/天猫,potential_buyer,paid,delivered,48.0,7.2,8.0,48.8,True,20260903
ORD-0001263,2026-06-03,淘宝/天猫,core_buyer,paid,delivered,128.0,0.0,0.0,128.0,True,20260903
ORD-0001264,2026-08-09,淘宝/天猫,core_buyer,paid,delivered,48.0,2.4,0.0,45.6,True,20260903
ORD-0001265,2026-06-07,直播间,potential_buyer,paid,shipped,89.0,4.45,8.0,92.55,True,20260903
ORD-0001266,2026-07-18,B站会员购,occasional_buyer,paid,delivered,18.0,1.8,8.0,24.2,True,20260903
ORD-0001267,2026-06-05,直播间,occasional_buyer,paid,delivered,699.0,0.0,0.0,699.0,True,20260903
ORD-0001268,2026-06-30,淘宝/天猫,occasional_buyer,paid,delivered,738.0,1.95,0.0,736.05,True,20260903
ORD-0001269,2026-08-15,淘宝/天猫,core_buyer,paid,delivered,99.0,0.0,0.0,99.0,True,20260903
ORD-0001270,2026-06-20,二手平台,core_buyer,paid,delivered,107.0,1.8,0.0,105.2,True,20260903
ORD-0001271,2026-08-25,线下展会或快闪店,core_buyer,paid,delivered,195.0,0.0,0.0,195.0,True,20260903
ORD-0001272,2026-08-07,B站会员购,occasional_buyer,paid,delivered,18.0,0.0,10.0,28.0,True,20260903
ORD-0001273,2026-06-04,淘宝/天猫,occasional_buyer,paid,shipped,699.0,0.0,0.0,699.0,True,20260903
ORD-0001274,2026-07-20,官方商城,potential_buyer,paid,delivered,198.0,0.0,0.0,198.0,True,20260903
ORD-0001275,2026-06-12,官方商城,occasional_buyer,paid,delivered,128.0,6.4,0.0,121.6,True,20260903
ORD-0001276,2026-06-13,淘宝/天猫,occasional_buyer,cancelled,cancelled,147.0,4.8,0.0,0.0,True,20260903
ORD-0001277,2026-08-27,淘宝/天猫,occasional_buyer,paid,delivered,2796.0,139.8,0.0,2656.2,True,20260903
ORD-0001278,2026-06-22,线下展会或快闪店,occasional_buyer,paid,delivered,39.0,0.0,0.0,39.0,True,20260903
ORD-0001279,2026-08-03,官方商城,occasional_buyer,paid,delivered,699.0,0.0,0.0,699.0,True,20260903
ORD-0001280,2026-06-09,淘宝/天猫,core_buyer,paid,delivered,1398.0,0.0,0.0,1398.0,True,20260903
ORD-0001281,2026-06-18,B站会员购,core_buyer,paid,delivered,39.0,0.0,0.0,39.0,True,20260903
ORD-0001282,2026-07-06,B站会员购,potential_buyer,paid,delivered,66.0,4.8,8.0,69.2,True,20260903
ORD-0001283,2026-08-09,淘宝/天猫,core_buyer,paid,delivered,699.0,69.9,0.0,629.1,True,20260903
ORD-0001284,2026-06-23,B站会员购,potential_buyer,paid,delivered,89.0,0.0,8.0,97.0,True,20260903
ORD-0001285,2026-07-20,B站会员购,occasional_buyer,paid,delivered,89.0,0.0,8.0,97.0,True,20260903
ORD-0001286,2026-07-31,官方商城,core_buyer,paid,delivered,699.0,69.9,0.0,629.1,True,20260903
ORD-0001287,2026-06-04,淘宝/天猫,core_buyer,paid,delivered,54.0,0.0,0.0,54.0,True,20260903
ORD-0001288,2026-08-19,B站会员购,occasional_buyer,paid,delivered,798.0,0.0,0.0,798.0,True,20260903
ORD-0001289,2026-07-16,官方商城,occasional_buyer,paid,delivered,138.0,0.0,0.0,138.0,True,20260903
ORD-0001290,2026-07-04,线下展会或快闪店,core_buyer,paid,delivered,99.0,9.9,0.0,89.1,True,20260903
ORD-0001291,2026-06-20,B站会员购,core_buyer,paid,delivered,48.0,0.0,10.0,58.0,True,20260903
ORD-0001292,2026-06-20,B站会员购,occasional_buyer,paid,delivered,89.0,0.0,8.0,97.0,True,20260903
ORD-0001293,2026-06-10,B站会员购,potential_buyer,paid,delivered,217.0,12.8,0.0,204.2,True,20260903
ORD-0001294,2026-07-19,官方商城,occasional_buyer,paid,delivered,54.0,5.4,10.0,58.6,True,20260903
ORD-0001295,2026-06-20,官方商城,core_buyer,paid,delivered,18.0,0.0,8.0,26.0,True,20260903
ORD-0001296,2026-06-06,直播间,core_buyer,paid,delivered,39.0,0.0,0.0,39.0,True,20260903
ORD-0001297,2026-06-22,官方商城,core_buyer,paid,delivered,877.0,74.35,0.0,802.65,True,20260903
ORD-0001298,2026-06-22,官方商城,occasional_buyer,paid,delivered,198.0,19.8,0.0,178.2,True,20260903
ORD-0001299,2026-07-09,官方商城,core_buyer,paid,delivered,99.0,0.0,0.0,99.0,True,20260903
ORD-0001300,2026-08-20,官方商城,occasional_buyer,paid,delivered,99.0,14.85,10.0,94.15,True,20260903
ORD-0001301,2026-06-29,线下展会或快闪店,core_buyer,cancelled,cancelled,48.0,4.8,0.0,0.0,True,20260903
ORD-0001302,2026-08-12,直播间,occasional_buyer,paid,delivered,48.0,0.0,8.0,56.0,True,20260903
ORD-0001303,2026-06-20,淘宝/天猫,occasional_buyer,paid,delivered,788.0,4.45,0.0,783.55,True,20260903
ORD-0001304,2026-07-15,B站会员购,occasional_buyer,paid,delivered,39.0,3.9,10.0,45.1,True,20260903
ORD-0001305,2026-07-25,B站会员购,potential_buyer,paid,delivered,783.0,73.5,0.0,709.5,True,20260903
ORD-0001306,2026-08-01,线下展会或快闪店,occasional_buyer,paid,delivered,146.0,0.9,0.0,145.1,True,20260903
ORD-0001307,2026-07-28,淘宝/天猫,core_buyer,cancelled,cancelled,39.0,0.0,8.0,0.0,True,20260903
ORD-0001308,2026-06-03,B站会员购,core_buyer,paid,delivered,39.0,0.0,8.0,47.0,True,20260903
ORD-0001309,2026-08-03,线下展会或快闪店,potential_buyer,cancelled,cancelled,699.0,34.95,0.0,0.0,True,20260903
ORD-0001310,2026-08-10,二手平台,core_buyer,paid,delivered,699.0,0.0,0.0,699.0,True,20260903
ORD-0001311,2026-07-07,线下展会或快闪店,occasional_buyer,paid,delivered,48.0,0.0,8.0,56.0,True,20260903
ORD-0001312,2026-06-26,官方商城,potential_buyer,paid,delivered,18.0,0.0,8.0,26.0,True,20260903
ORD-0001313,2026-06-27,线下展会或快闪店,occasional_buyer,paid,delivered,89.0,0.0,10.0,99.0,True,20260903
ORD-0001314,2026-06-17,淘宝/天猫,core_buyer,paid,pending,48.0,2.4,10.0,55.6,True,20260903
ORD-0001315,2026-06-11,线下展会或快闪店,core_buyer,paid,delivered,39.0,1.95,10.0,47.05,True,20260903
ORD-0001316,2026-07-14,淘宝/天猫,potential_buyer,paid,delivered,48.0,0.0,8.0,56.0,True,20260903
ORD-0001317,2026-08-13,官方商城,occasional_buyer,paid,delivered,128.0,0.0,0.0,128.0,True,20260903
ORD-0001318,2026-08-20,淘宝/天猫,core_buyer,paid,delivered,107.0,5.35,0.0,101.65,True,20260903
ORD-0001319,2026-08-24,B站会员购,core_buyer,paid,delivered,1398.0,69.9,0.0,1328.1,True,20260903
ORD-0001320,2026-07-12,直播间,core_buyer,paid,delivered,99.0,0.0,0.0,99.0,True,20260903
ORD-0001321,2026-06-19,线下展会或快闪店,core_buyer,paid,delivered,39.0,3.9,8.0,43.1,True,20260903
ORD-0001322,2026-06-19,B站会员购,potential_buyer,paid,delivered,39.0,0.0,8.0,47.0,True,20260903
ORD-0001323,2026-06-02,二手平台,core_buyer,paid,delivered,99.0,4.95,8.0,102.05,True,20260903
ORD-0001324,2026-06-22,淘宝/天猫,core_buyer,paid,delivered,48.0,4.8,0.0,43.2,True,20260903
ORD-0001325,2026-06-16,其他,occasional_buyer,cancelled,cancelled,54.0,6.3,0.0,0.0,True,20260903
ORD-0001326,2026-08-29,淘宝/天猫,core_buyer,paid,delivered,18.0,0.0,0.0,18.0,True,20260903
ORD-0001327,2026-08-07,淘宝/天猫,core_buyer,paid,delivered,48.0,4.8,8.0,51.2,True,20260903
ORD-0001328,2026-06-16,官方商城,core_buyer,paid,delivered,224.0,12.8,0.0,211.2,True,20260903
ORD-0001329,2026-06-13,淘宝/天猫,core_buyer,paid,delivered,89.0,0.0,0.0,89.0,True,20260903
ORD-0001330,2026-08-28,官方商城,occasional_buyer,paid,delivered,771.0,70.8,0.0,700.2,True,20260903
ORD-0001331,2026-07-31,线下展会或快闪店,core_buyer,paid,delivered,2097.0,209.7,0.0,1887.3,True,20260903
ORD-0001332,2026-06-23,B站会员购,potential_buyer,paid,delivered,39.0,0.0,0.0,39.0,True,20260903
ORD-0001333,2026-08-06,线下展会或快闪店,occasional_buyer,paid,delivered,48.0,2.4,12.0,57.6,True,20260903
ORD-0001334,2026-08-07,B站会员购,core_buyer,paid,delivered,48.0,0.0,10.0,58.0,True,20260903
ORD-0001335,2026-06-28,官方商城,occasional_buyer,paid,delivered,89.0,8.9,0.0,80.1,True,20260903
ORD-0001336,2026-08-11,官方商城,core_buyer,paid,pending,89.0,0.0,8.0,97.0,True,20260903
ORD-0001337,2026-06-02,B站会员购,occasional_buyer,paid,delivered,128.0,0.0,0.0,128.0,True,20260903
ORD-0001338,2026-08-01,官方商城,potential_buyer,paid,delivered,454.0,12.8,0.0,441.2,True,20260903
ORD-0001339,2026-07-13,官方商城,occasional_buyer,paid,delivered,48.0,2.4,8.0,53.6,True,20260903
ORD-0001340,2026-06-13,官方商城,occasional_buyer,paid,delivered,198.0,19.8,0.0,178.2,True,20260903
ORD-0001341,2026-08-26,淘宝/天猫,core_buyer,paid,delivered,876.0,34.95,0.0,841.05,True,20260903
ORD-0001342,2026-08-07,官方商城,occasional_buyer,paid,delivered,36.0,1.8,12.0,46.2,True,20260903
ORD-0001343,2026-07-28,二手平台,core_buyer,paid,delivered,256.0,19.2,0.0,236.8,True,20260903
ORD-0001344,2026-08-16,B站会员购,occasional_buyer,paid,delivered,36.0,3.6,0.0,32.4,True,20260903
ORD-0001345,2026-06-21,B站会员购,occasional_buyer,paid,delivered,788.0,69.9,0.0,718.1,True,20260903
ORD-0001346,2026-07-04,官方商城,core_buyer,paid,delivered,99.0,4.95,0.0,94.05,True,20260903
ORD-0001347,2026-07-18,官方商城,occasional_buyer,paid,delivered,128.0,0.0,0.0,128.0,True,20260903
ORD-0001348,2026-07-24,淘宝/天猫,occasional_buyer,paid,delivered,48.0,0.0,8.0,56.0,True,20260903
ORD-0001349,2026-07-11,B站会员购,core_buyer,paid,delivered,89.0,0.0,0.0,89.0,True,20260903
ORD-0001350,2026-08-09,淘宝/天猫,occasional_buyer,paid,delivered,128.0,6.4,0.0,121.6,True,20260903
ORD-0001351,2026-08-19,官方商城,core_buyer,paid,delivered,1398.0,0.0,0.0,1398.0,True,20260903
ORD-0001352,2026-06-21,官方商城,occasional_buyer,paid,delivered,128.0,6.4,0.0,121.6,True,20260903
ORD-0001353,2026-06-26,线下展会或快闪店,potential_buyer,paid,delivered,39.0,0.0,8.0,47.0,True,20260903
ORD-0001354,2026-07-25,线下展会或快闪店,potential_buyer,paid,delivered,128.0,0.0,0.0,128.0,True,20260903
ORD-0001355,2026-06-30,淘宝/天猫,core_buyer,paid,delivered,18.0,0.0,8.0,26.0,True,20260903
ORD-0001356,2026-08-07,淘宝/天猫,core_buyer,paid,delivered,699.0,69.9,0.0,629.1,True,20260903
ORD-0001357,2026-07-21,B站会员购,core_buyer,paid,delivered,137.0,8.9,0.0,128.1,True,20260903
ORD-0001358,2026-07-31,官方商城,core_buyer,paid,delivered,699.0,0.0,0.0,699.0,True,20260903
ORD-0001359,2026-08-06,线下展会或快闪店,core_buyer,paid,delivered,48.0,4.8,0.0,43.2,True,20260903
ORD-0001360,2026-06-27,官方商城,core_buyer,paid,delivered,227.0,4.95,0.0,222.05,True,20260903
ORD-0001361,2026-06-18,官方商城,potential_buyer,paid,delivered,18.0,0.0,0.0,18.0,True,20260903
ORD-0001362,2026-06-27,淘宝/天猫,core_buyer,paid,delivered,699.0,34.95,0.0,664.05,True,20260903
ORD-0001363,2026-06-17,淘宝/天猫,core_buyer,paid,delivered,39.0,0.0,12.0,51.0,True,20260903
ORD-0001364,2026-06-25,官方商城,occasional_buyer,paid,delivered,128.0,0.0,0.0,128.0,True,20260903
ORD-0001365,2026-08-07,淘宝/天猫,occasional_buyer,paid,delivered,39.0,1.95,10.0,47.05,True,20260903
ORD-0001366,2026-07-01,其他,core_buyer,paid,delivered,827.0,6.4,0.0,820.6,True,20260903
ORD-0001367,2026-06-13,淘宝/天猫,occasional_buyer,paid,delivered,128.0,0.0,0.0,128.0,True,20260903
ORD-0001368,2026-07-17,官方商城,core_buyer,paid,delivered,66.0,0.9,0.0,65.1,True,20260903
ORD-0001369,2026-07-07,线下展会或快闪店,core_buyer,cancelled,cancelled,699.0,0.0,0.0,0.0,True,20260903
ORD-0001370,2026-06-10,直播间,core_buyer,paid,delivered,146.0,7.3,0.0,138.7,True,20260903
ORD-0001371,2026-08-03,线下展会或快闪店,core_buyer,paid,delivered,89.0,8.9,10.0,90.1,True,20260903
ORD-0001372,2026-07-30,B站会员购,core_buyer,paid,shipped,18.0,2.7,0.0,15.3,True,20260903
ORD-0001373,2026-08-22,B站会员购,core_buyer,paid,delivered,18.0,0.0,12.0,30.0,True,20260903
ORD-0001374,2026-07-06,线下展会或快闪店,potential_buyer,paid,delivered,128.0,12.8,0.0,115.2,True,20260903
ORD-0001375,2026-07-28,淘宝/天猫,core_buyer,paid,delivered,788.0,4.45,0.0,783.55,True,20260903
ORD-0001376,2026-06-24,B站会员购,core_buyer,paid,delivered,99.0,0.0,0.0,99.0,True,20260903
ORD-0001377,2026-06-09,B站会员购,potential_buyer,paid,delivered,188.0,4.95,0.0,183.05,True,20260903
ORD-0001378,2026-07-19,官方商城,occasional_buyer,paid,delivered,48.0,0.0,8.0,56.0,True,20260903
ORD-0001379,2026-08-04,B站会员购,occasional_buyer,paid,delivered,699.0,34.95,0.0,664.05,True,20260903
ORD-0001380,2026-07-25,其他,core_buyer,paid,delivered,235.0,0.0,0.0,235.0,True,20260903
ORD-0001381,2026-06-30,官方商城,core_buyer,paid,delivered,87.0,4.35,0.0,82.65,True,20260903
ORD-0001382,2026-08-05,二手平台,potential_buyer,paid,delivered,99.0,9.9,0.0,89.1,True,20260903
ORD-0001383,2026-07-01,淘宝/天猫,potential_buyer,paid,delivered,345.0,13.35,0.0,331.65,True,20260903
ORD-0001384,2026-07-09,淘宝/天猫,occasional_buyer,cancelled,cancelled,48.0,7.2,0.0,0.0,True,20260903
ORD-0001385,2026-08-02,B站会员购,occasional_buyer,paid,pending,256.0,0.0,0.0,256.0,True,20260903
ORD-0001386,2026-06-20,B站会员购,occasional_buyer,paid,delivered,798.0,4.95,0.0,793.05,True,20260903
ORD-0001387,2026-06-17,官方商城,potential_buyer,paid,delivered,717.0,69.9,0.0,647.1,True,20260903
ORD-0001388,2026-08-01,官方商城,potential_buyer,paid,delivered,57.0,0.0,0.0,57.0,True,20260903
ORD-0001389,2026-06-22,官方商城,occasional_buyer,paid,delivered,277.0,18.8,0.0,258.2,True,20260903
ORD-0001390,2026-08-01,B站会员购,occasional_buyer,paid,delivered,1398.0,0.0,0.0,1398.0,True,20260903
ORD-0001391,2026-08-27,淘宝/天猫,potential_buyer,paid,delivered,57.0,0.0,0.0,57.0,True,20260903
ORD-0001392,2026-06-03,B站会员购,occasional_buyer,paid,delivered,99.0,0.0,0.0,99.0,True,20260903
ORD-0001393,2026-08-02,官方商城,core_buyer,paid,delivered,18.0,2.7,8.0,23.3,True,20260903
ORD-0001394,2026-08-04,B站会员购,core_buyer,paid,delivered,39.0,3.9,10.0,45.1,True,20260903
ORD-0001395,2026-08-01,淘宝/天猫,occasional_buyer,paid,delivered,89.0,4.45,8.0,92.55,True,20260903
ORD-0001396,2026-08-13,B站会员购,occasional_buyer,paid,delivered,699.0,0.0,0.0,699.0,True,20260903
ORD-0001397,2026-08-21,淘宝/天猫,core_buyer,paid,delivered,39.0,0.0,8.0,47.0,True,20260903
ORD-0001398,2026-06-05,淘宝/天猫,potential_buyer,paid,delivered,39.0,0.0,0.0,39.0,True,20260903
ORD-0001399,2026-06-16,二手平台,occasional_buyer,cancelled,cancelled,66.0,1.8,0.0,0.0,True,20260903
ORD-0001400,2026-08-12,淘宝/天猫,occasional_buyer,paid,delivered,699.0,0.0,0.0,699.0,True,20260903
ORD-0001401,2026-06-15,官方商城,occasional_buyer,paid,delivered,167.0,1.95,0.0,165.05,True,20260903
ORD-0001402,2026-06-11,官方商城,potential_buyer,paid,delivered,89.0,0.0,10.0,99.0,True,20260903
ORD-0001403,2026-06-21,淘宝/天猫,occasional_buyer,paid,delivered,699.0,0.0,0.0,699.0,True,20260903
ORD-0001404,2026-07-09,淘宝/天猫,core_buyer,paid,delivered,99.0,0.0,0.0,99.0,True,20260903
ORD-0001405,2026-07-10,直播间,occasional_buyer,paid,delivered,198.0,19.8,0.0,178.2,True,20260903
ORD-0001406,2026-07-31,淘宝/天猫,potential_buyer,paid,delivered,699.0,0.0,0.0,699.0,True,20260903
ORD-0001407,2026-06-11,淘宝/天猫,core_buyer,paid,delivered,137.0,9.25,0.0,127.75,True,20260903
ORD-0001408,2026-08-22,B站会员购,core_buyer,paid,delivered,699.0,0.0,0.0,699.0,True,20260903
ORD-0001409,2026-07-21,淘宝/天猫,occasional_buyer,paid,delivered,48.0,7.2,10.0,50.8,True,20260903
ORD-0001410,2026-06-19,官方商城,occasional_buyer,paid,delivered,167.0,12.8,0.0,154.2,True,20260903
ORD-0001411,2026-06-17,B站会员购,potential_buyer,cancelled,cancelled,99.0,0.0,0.0,0.0,True,20260903
ORD-0001412,2026-06-19,官方商城,core_buyer,paid,delivered,798.0,34.95,0.0,763.05,True,20260903
ORD-0001413,2026-06-04,淘宝/天猫,core_buyer,paid,delivered,48.0,2.4,10.0,55.6,True,20260903
ORD-0001414,2026-08-13,线下展会或快闪店,core_buyer,paid,delivered,188.0,4.95,0.0,183.05,True,20260903
ORD-0001415,2026-08-28,直播间,potential_buyer,paid,delivered,39.0,0.0,10.0,49.0,True,20260903
ORD-0001416,2026-08-15,线下展会或快闪店,occasional_buyer,paid,delivered,39.0,3.9,12.0,47.1,True,20260903
ORD-0001417,2026-07-11,B站会员购,occasional_buyer,cancelled,cancelled,128.0,0.0,0.0,0.0,True,20260903
ORD-0001418,2026-06-28,淘宝/天猫,occasional_buyer,paid,delivered,89.0,0.0,8.0,97.0,True,20260903
ORD-0001419,2026-07-19,其他,core_buyer,paid,delivered,36.0,1.8,0.0,34.2,True,20260903
ORD-0001420,2026-08-03,B站会员购,occasional_buyer,paid,delivered,89.0,0.0,0.0,89.0,True,20260903
ORD-0001421,2026-08-19,淘宝/天猫,occasional_buyer,paid,delivered,107.0,1.8,0.0,105.2,True,20260903
ORD-0001422,2026-06-02,B站会员购,core_buyer,paid,delivered,96.0,0.0,12.0,108.0,True,20260903
ORD-0001423,2026-07-13,B站会员购,potential_buyer,paid,delivered,18.0,0.0,12.0,30.0,True,20260903
ORD-0001424,2026-08-27,线下展会或快闪店,core_buyer,paid,delivered,738.0,38.85,0.0,699.15,True,20260903
ORD-0001425,2026-08-05,B站会员购,occasional_buyer,paid,delivered,39.0,1.95,8.0,45.05,True,20260903
ORD-0001426,2026-07-13,B站会员购,core_buyer,paid,delivered,48.0,4.8,8.0,51.2,True,20260903
ORD-0001427,2026-07-24,其他,core_buyer,paid,delivered,128.0,12.8,0.0,115.2,True,20260903
ORD-0001428,2026-07-26,B站会员购,occasional_buyer,paid,delivered,89.0,0.0,8.0,97.0,True,20260903
ORD-0001429,2026-06-21,淘宝/天猫,occasional_buyer,paid,delivered,256.0,0.0,0.0,256.0,True,20260903
ORD-0001430,2026-06-21,淘宝/天猫,occasional_buyer,paid,delivered,36.0,1.8,0.0,34.2,True,20260903
ORD-0001431,2026-07-27,淘宝/天猫,core_buyer,paid,delivered,18.0,0.0,0.0,18.0,True,20260903
ORD-0001432,2026-06-06,B站会员购,occasional_buyer,paid,delivered,699.0,69.9,0.0,629.1,True,20260903
ORD-0001433,2026-06-30,官方商城,occasional_buyer,paid,delivered,39.0,1.95,0.0,37.05,True,20260903
ORD-0001434,2026-08-08,直播间,core_buyer,paid,delivered,227.0,21.25,0.0,205.75,True,20260903
ORD-0001435,2026-07-06,官方商城,occasional_buyer,paid,delivered,699.0,69.9,0.0,629.1,True,20260903
ORD-0001436,2026-06-03,淘宝/天猫,occasional_buyer,paid,delivered,99.0,0.0,0.0,99.0,True,20260903
ORD-0001437,2026-08-01,其他,occasional_buyer,paid,delivered,89.0,0.0,8.0,97.0,True,20260903
ORD-0001438,2026-08-20,直播间,occasional_buyer,paid,delivered,128.0,6.4,0.0,121.6,True,20260903
ORD-0001439,2026-07-28,官方商城,core_buyer,cancelled,cancelled,114.0,0.0,0.0,0.0,True,20260903
ORD-0001440,2026-07-28,官方商城,occasional_buyer,paid,delivered,89.0,4.45,0.0,84.55,True,20260903
ORD-0001441,2026-07-20,线下展会或快闪店,occasional_buyer,cancelled,cancelled,107.0,5.35,0.0,0.0,True,20260903
ORD-0001442,2026-06-02,二手平台,core_buyer,paid,delivered,18.0,0.0,10.0,28.0,True,20260903
ORD-0001443,2026-06-24,B站会员购,core_buyer,paid,delivered,89.0,8.9,0.0,80.1,True,20260903
ORD-0001444,2026-06-30,官方商城,core_buyer,paid,delivered,18.0,0.0,8.0,26.0,True,20260903
ORD-0001445,2026-08-05,B站会员购,occasional_buyer,paid,delivered,128.0,6.4,0.0,121.6,True,20260903
ORD-0001446,2026-06-12,B站会员购,potential_buyer,paid,delivered,1437.0,71.85,0.0,1365.15,True,20260903
ORD-0001447,2026-08-09,官方商城,occasional_buyer,paid,shipped,99.0,0.0,0.0,99.0,True,20260903
ORD-0001448,2026-07-30,线下展会或快闪店,occasional_buyer,paid,delivered,39.0,0.0,0.0,39.0,True,20260903
ORD-0001449,2026-07-09,直播间,occasional_buyer,paid,delivered,699.0,0.0,0.0,699.0,True,20260903
ORD-0001450,2026-06-20,官方商城,potential_buyer,paid,delivered,96.0,4.8,10.0,101.2,True,20260903
ORD-0001451,2026-07-01,淘宝/天猫,occasional_buyer,paid,delivered,36.0,0.0,0.0,36.0,True,20260903
ORD-0001452,2026-06-21,B站会员购,potential_buyer,paid,delivered,99.0,9.9,0.0,89.1,True,20260903
ORD-0001453,2026-06-25,淘宝/天猫,core_buyer,paid,delivered,99.0,14.85,10.0,94.15,True,20260903
ORD-0001454,2026-07-11,B站会员购,core_buyer,paid,delivered,99.0,0.0,0.0,99.0,True,20260903
ORD-0001455,2026-06-19,淘宝/天猫,core_buyer,paid,delivered,48.0,4.8,8.0,51.2,True,20260903
ORD-0001456,2026-07-28,其他,core_buyer,paid,shipped,699.0,0.0,0.0,699.0,True,20260903
ORD-0001457,2026-07-29,淘宝/天猫,occasional_buyer,paid,delivered,89.0,0.0,8.0,97.0,True,20260903
ORD-0001458,2026-08-28,淘宝/天猫,occasional_buyer,paid,delivered,48.0,2.4,0.0,45.6,True,20260903
ORD-0001459,2026-07-13,B站会员购,core_buyer,paid,delivered,36.0,1.8,0.0,34.2,True,20260903
ORD-0001460,2026-07-23,B站会员购,core_buyer,paid,delivered,99.0,4.95,0.0,94.05,True,20260903
ORD-0001461,2026-07-11,B站会员购,core_buyer,paid,delivered,89.0,0.0,0.0,89.0,True,20260903
ORD-0001462,2026-06-18,B站会员购,occasional_buyer,paid,delivered,178.0,4.45,0.0,173.55,True,20260903
ORD-0001463,2026-08-01,B站会员购,core_buyer,paid,delivered,99.0,4.95,8.0,102.05,True,20260903
ORD-0001464,2026-06-17,B站会员购,core_buyer,paid,delivered,18.0,0.0,0.0,18.0,True,20260903
ORD-0001465,2026-08-01,线下展会或快闪店,potential_buyer,paid,delivered,128.0,6.4,0.0,121.6,True,20260903
ORD-0001466,2026-06-17,B站会员购,core_buyer,paid,delivered,2097.0,34.95,0.0,2062.05,True,20260903
ORD-0001467,2026-08-22,官方商城,core_buyer,paid,delivered,128.0,0.0,0.0,128.0,True,20260903
ORD-0001468,2026-06-06,官方商城,occasional_buyer,paid,pending,1542.0,154.2,0.0,1387.8,True,20260903
ORD-0001469,2026-08-09,线下展会或快闪店,occasional_buyer,paid,delivered,48.0,4.8,8.0,51.2,True,20260903
ORD-0001470,2026-08-10,B站会员购,potential_buyer,paid,delivered,699.0,0.0,0.0,699.0,True,20260903
ORD-0001471,2026-06-28,B站会员购,core_buyer,paid,delivered,48.0,0.0,0.0,48.0,True,20260903
ORD-0001472,2026-06-17,线下展会或快闪店,potential_buyer,paid,delivered,128.0,6.4,0.0,121.6,True,20260903
ORD-0001473,2026-08-02,官方商城,core_buyer,paid,delivered,99.0,4.95,0.0,94.05,True,20260903
ORD-0001474,2026-07-16,官方商城,core_buyer,paid,delivered,99.0,0.0,0.0,99.0,True,20260903
ORD-0001475,2026-08-02,B站会员购,occasional_buyer,paid,delivered,699.0,0.0,0.0,699.0,True,20260903
ORD-0001476,2026-07-02,线下展会或快闪店,occasional_buyer,paid,delivered,699.0,104.85,0.0,594.15,True,20260903
ORD-0001477,2026-06-18,线下展会或快闪店,core_buyer,paid,delivered,147.0,0.0,0.0,147.0,True,20260903
ORD-0001478,2026-07-15,线下展会或快闪店,core_buyer,paid,delivered,89.0,8.9,10.0,90.1,True,20260903
ORD-0001479,2026-06-19,线下展会或快闪店,core_buyer,paid,delivered,128.0,6.4,0.0,121.6,True,20260903
ORD-0001480,2026-07-18,官方商城,potential_buyer,paid,delivered,48.0,0.0,10.0,58.0,True,20260903
ORD-0001481,2026-06-18,淘宝/天猫,occasional_buyer,paid,delivered,99.0,9.9,10.0,99.1,True,20260903
ORD-0001482,2026-08-05,淘宝/天猫,occasional_buyer,cancelled,cancelled,1398.0,139.8,0.0,0.0,True,20260903
ORD-0001483,2026-08-19,其他,occasional_buyer,paid,delivered,18.0,1.8,0.0,16.2,True,20260903
ORD-0001484,2026-06-02,B站会员购,occasional_buyer,paid,delivered,18.0,2.7,0.0,15.3,True,20260903
ORD-0001485,2026-07-02,淘宝/天猫,occasional_buyer,paid,delivered,128.0,12.8,0.0,115.2,True,20260903
ORD-0001486,2026-06-10,线下展会或快闪店,core_buyer,cancelled,cancelled,89.0,0.0,8.0,0.0,True,20260903
ORD-0001487,2026-06-21,线下展会或快闪店,core_buyer,paid,delivered,99.0,0.0,0.0,99.0,True,20260903
ORD-0001488,2026-06-30,淘宝/天猫,core_buyer,paid,delivered,89.0,0.0,0.0,89.0,True,20260903
ORD-0001489,2026-08-09,官方商城,core_buyer,paid,shipped,66.0,2.4,10.0,73.6,True,20260903
ORD-0001490,2026-08-03,B站会员购,core_buyer,paid,delivered,18.0,0.0,8.0,26.0,True,20260903
ORD-0001491,2026-08-12,B站会员购,core_buyer,paid,delivered,48.0,2.4,8.0,53.6,True,20260903
ORD-0001492,2026-07-12,B站会员购,potential_buyer,paid,shipped,146.0,0.0,0.0,146.0,True,20260903
ORD-0001493,2026-06-30,淘宝/天猫,core_buyer,paid,delivered,89.0,4.45,0.0,84.55,True,20260903
ORD-0001494,2026-06-23,B站会员购,core_buyer,paid,delivered,816.0,104.85,0.0,711.15,True,20260903
ORD-0001495,2026-08-27,B站会员购,core_buyer,paid,shipped,18.0,0.0,8.0,26.0,True,20260903
ORD-0001496,2026-08-13,淘宝/天猫,core_buyer,paid,delivered,699.0,34.95,0.0,664.05,True,20260903
ORD-0001497,2026-07-31,B站会员购,core_buyer,paid,delivered,699.0,0.0,0.0,699.0,True,20260903
ORD-0001498,2026-08-16,官方商城,core_buyer,paid,delivered,18.0,0.0,12.0,30.0,True,20260903
ORD-0001499,2026-06-07,B站会员购,core_buyer,paid,delivered,217.0,12.8,0.0,204.2,True,20260903
ORD-0001500,2026-08-08,淘宝/天猫,core_buyer,paid,delivered,178.0,0.0,0.0,178.0,True,20260903
ORD-0001501,2026-08-08,官方商城,core_buyer,paid,shipped,39.0,0.0,8.0,47.0,True,20260903
ORD-0001502,2026-07-25,线下展会或快闪店,occasional_buyer,paid,delivered,48.0,0.0,0.0,48.0,True,20260903
ORD-0001503,2026-06-19,淘宝/天猫,potential_buyer,paid,delivered,1172.0,34.95,0.0,1137.05,True,20260903
ORD-0001504,2026-07-03,B站会员购,occasional_buyer,paid,delivered,295.0,0.0,0.0,295.0,True,20260903
ORD-0001505,2026-08-03,淘宝/天猫,core_buyer,paid,pending,39.0,1.95,0.0,37.05,True,20260903
ORD-0001506,2026-07-12,线下展会或快闪店,core_buyer,paid,delivered,48.0,4.8,0.0,43.2,True,20260903
ORD-0001507,2026-07-12,淘宝/天猫,occasional_buyer,paid,delivered,89.0,0.0,0.0,89.0,True,20260903
ORD-0001508,2026-07-08,线下展会或快闪店,occasional_buyer,paid,delivered,48.0,0.0,8.0,56.0,True,20260903
ORD-0001509,2026-06-20,淘宝/天猫,occasional_buyer,paid,delivered,48.0,0.0,10.0,58.0,True,20260903
ORD-0001510,2026-07-08,淘宝/天猫,occasional_buyer,paid,delivered,1398.0,69.9,0.0,1328.1,True,20260903
ORD-0001511,2026-06-13,官方商城,occasional_buyer,paid,shipped,96.0,0.0,12.0,108.0,True,20260903
ORD-0001512,2026-07-25,线下展会或快闪店,occasional_buyer,paid,delivered,99.0,0.0,0.0,99.0,True,20260903
ORD-0001513,2026-07-30,官方商城,potential_buyer,paid,delivered,99.0,0.0,0.0,99.0,True,20260903
ORD-0001514,2026-08-02,官方商城,potential_buyer,paid,delivered,798.0,39.9,0.0,758.1,True,20260903
ORD-0001515,2026-08-27,官方商城,occasional_buyer,paid,delivered,178.0,8.9,0.0,169.1,True,20260903
ORD-0001516,2026-08-27,淘宝/天猫,core_buyer,paid,delivered,176.0,8.9,0.0,167.1,True,20260903
ORD-0001517,2026-07-19,淘宝/天猫,core_buyer,paid,delivered,18.0,1.8,8.0,24.2,True,20260903
ORD-0001518,2026-07-23,线下展会或快闪店,occasional_buyer,paid,delivered,167.0,6.4,0.0,160.6,True,20260903
ORD-0001519,2026-07-22,线下展会或快闪店,core_buyer,paid,delivered,128.0,6.4,0.0,121.6,True,20260903
ORD-0001520,2026-07-02,官方商城,occasional_buyer,paid,delivered,48.0,2.4,8.0,53.6,True,20260903
ORD-0001521,2026-07-01,官方商城,occasional_buyer,paid,delivered,48.0,0.0,10.0,58.0,True,20260903
ORD-0001522,2026-06-15,官方商城,core_buyer,paid,delivered,384.0,0.0,0.0,384.0,True,20260903
ORD-0001523,2026-06-22,线下展会或快闪店,occasional_buyer,paid,delivered,128.0,19.2,0.0,108.8,True,20260903
ORD-0001524,2026-06-04,直播间,occasional_buyer,paid,delivered,178.0,8.9,0.0,169.1,True,20260903
ORD-0001525,2026-06-07,淘宝/天猫,occasional_buyer,paid,delivered,176.0,15.2,0.0,160.8,True,20260903
ORD-0001526,2026-08-12,其他,core_buyer,paid,delivered,178.0,0.0,0.0,178.0,True,20260903
ORD-0001527,2026-08-19,直播间,occasional_buyer,paid,delivered,89.0,0.0,8.0,97.0,True,20260903
ORD-0001528,2026-06-02,B站会员购,occasional_buyer,paid,delivered,99.0,0.0,0.0,99.0,True,20260903
ORD-0001529,2026-07-28,官方商城,core_buyer,paid,delivered,36.0,0.9,12.0,47.1,True,20260903
ORD-0001530,2026-06-13,B站会员购,occasional_buyer,paid,delivered,78.0,0.0,0.0,78.0,True,20260903
ORD-0001531,2026-06-17,B站会员购,potential_buyer,paid,delivered,48.0,2.4,0.0,45.6,True,20260903
ORD-0001532,2026-06-29,淘宝/天猫,core_buyer,paid,delivered,18.0,0.9,8.0,25.1,True,20260903
ORD-0001533,2026-06-04,淘宝/天猫,core_buyer,paid,delivered,48.0,0.0,0.0,48.0,True,20260903
ORD-0001534,2026-06-17,淘宝/天猫,occasional_buyer,paid,delivered,18.0,0.0,0.0,18.0,True,20260903
ORD-0001535,2026-06-09,直播间,occasional_buyer,paid,delivered,48.0,2.4,10.0,55.6,True,20260903
ORD-0001536,2026-08-11,B站会员购,occasional_buyer,paid,delivered,167.0,1.95,0.0,165.05,True,20260903
ORD-0001537,2026-08-27,官方商城,occasional_buyer,paid,delivered,48.0,0.0,8.0,56.0,True,20260903
ORD-0001538,2026-07-25,淘宝/天猫,occasional_buyer,paid,delivered,99.0,0.0,0.0,99.0,True,20260903
ORD-0001539,2026-07-29,线下展会或快闪店,occasional_buyer,paid,delivered,107.0,0.9,0.0,106.1,True,20260903
ORD-0001540,2026-06-21,淘宝/天猫,occasional_buyer,paid,delivered,18.0,0.0,0.0,18.0,True,20260903
ORD-0001541,2026-08-02,官方商城,potential_buyer,paid,delivered,176.0,11.2,0.0,164.8,True,20260903
ORD-0001542,2026-06-18,线下展会或快闪店,core_buyer,paid,delivered,699.0,69.9,0.0,629.1,True,20260903
ORD-0001543,2026-07-27,淘宝/天猫,occasional_buyer,paid,delivered,99.0,0.0,0.0,99.0,True,20260903
ORD-0001544,2026-08-06,B站会员购,potential_buyer,paid,delivered,89.0,4.45,12.0,96.55,True,20260903
ORD-0001545,2026-07-01,官方商城,potential_buyer,paid,delivered,18.0,0.0,10.0,28.0,True,20260903
ORD-0001546,2026-06-22,淘宝/天猫,occasional_buyer,paid,delivered,717.0,105.75,0.0,611.25,True,20260903
ORD-0001547,2026-06-19,官方商城,potential_buyer,paid,delivered,48.0,0.0,0.0,48.0,True,20260903
ORD-0001548,2026-08-27,B站会员购,core_buyer,paid,delivered,48.0,4.8,8.0,51.2,True,20260903
ORD-0001549,2026-06-09,官方商城,core_buyer,paid,delivered,39.0,0.0,0.0,39.0,True,20260903
ORD-0001550,2026-07-09,B站会员购,occasional_buyer,paid,delivered,256.0,0.0,0.0,256.0,True,20260903
ORD-0001551,2026-08-02,淘宝/天猫,occasional_buyer,paid,delivered,128.0,0.0,0.0,128.0,True,20260903
ORD-0001552,2026-07-27,淘宝/天猫,potential_buyer,paid,delivered,198.0,0.0,0.0,198.0,True,20260903
ORD-0001553,2026-07-11,官方商城,occasional_buyer,paid,delivered,89.0,8.9,12.0,92.1,True,20260903
ORD-0001554,2026-07-08,淘宝/天猫,occasional_buyer,paid,delivered,99.0,4.95,0.0,94.05,True,20260903
ORD-0001555,2026-06-20,二手平台,potential_buyer,paid,delivered,39.0,0.0,0.0,39.0,True,20260903
ORD-0001556,2026-07-16,淘宝/天猫,occasional_buyer,paid,delivered,99.0,0.0,0.0,99.0,True,20260903
ORD-0001557,2026-06-21,官方商城,core_buyer,cancelled,cancelled,89.0,0.0,8.0,0.0,True,20260903
ORD-0001558,2026-06-03,B站会员购,occasional_buyer,paid,delivered,89.0,13.35,8.0,83.65,True,20260903
ORD-0001559,2026-06-21,官方商城,occasional_buyer,paid,delivered,18.0,0.0,8.0,26.0,True,20260903
ORD-0001560,2026-08-22,B站会员购,core_buyer,paid,delivered,256.0,0.0,0.0,256.0,True,20260903
ORD-0001561,2026-07-29,淘宝/天猫,core_buyer,paid,delivered,99.0,4.95,8.0,102.05,True,20260903
ORD-0001562,2026-06-04,B站会员购,potential_buyer,paid,delivered,89.0,0.0,8.0,97.0,True,20260903
ORD-0001563,2026-06-28,官方商城,occasional_buyer,paid,delivered,107.0,1.8,0.0,105.2,True,20260903
ORD-0001564,2026-07-02,B站会员购,core_buyer,paid,delivered,236.0,4.95,0.0,231.05,True,20260903
ORD-0001565,2026-07-09,官方商城,potential_buyer,paid,delivered,89.0,0.0,12.0,101.0,True,20260903
ORD-0001566,2026-06-03,官方商城,occasional_buyer,paid,delivered,99.0,0.0,0.0,99.0,True,20260903
ORD-0001567,2026-07-28,B站会员购,core_buyer,paid,delivered,89.0,0.0,10.0,99.0,True,20260903
ORD-0001568,2026-06-14,官方商城,core_buyer,paid,delivered,39.0,3.9,10.0,45.1,True,20260903
ORD-0001569,2026-08-20,B站会员购,core_buyer,paid,delivered,128.0,0.0,0.0,128.0,True,20260903
ORD-0001570,2026-07-26,其他,core_buyer,cancelled,cancelled,1398.0,209.7,0.0,0.0,True,20260903
ORD-0001571,2026-08-10,淘宝/天猫,occasional_buyer,paid,delivered,89.0,8.9,8.0,88.1,True,20260903
ORD-0001572,2026-07-05,淘宝/天猫,occasional_buyer,paid,delivered,39.0,1.95,10.0,47.05,True,20260903
ORD-0001573,2026-08-24,线下展会或快闪店,potential_buyer,paid,delivered,128.0,0.0,0.0,128.0,True,20260903
ORD-0001574,2026-07-27,B站会员购,core_buyer,paid,delivered,48.0,0.0,0.0,48.0,True,20260903
ORD-0001575,2026-08-21,淘宝/天猫,occasional_buyer,paid,delivered,188.0,0.0,0.0,188.0,True,20260903
ORD-0001576,2026-07-04,官方商城,core_buyer,paid,delivered,89.0,8.9,8.0,88.1,True,20260903
ORD-0001577,2026-07-29,B站会员购,core_buyer,paid,delivered,99.0,0.0,0.0,99.0,True,20260903
ORD-0001578,2026-07-24,线下展会或快闪店,occasional_buyer,paid,delivered,699.0,0.0,0.0,699.0,True,20260903
ORD-0001579,2026-08-19,淘宝/天猫,potential_buyer,cancelled,cancelled,738.0,0.0,0.0,0.0,True,20260903
ORD-0001580,2026-06-11,官方商城,occasional_buyer,paid,delivered,877.0,0.0,0.0,877.0,True,20260903
ORD-0001581,2026-08-03,官方商城,occasional_buyer,paid,delivered,176.0,8.8,0.0,167.2,True,20260903
ORD-0001582,2026-06-13,其他,core_buyer,paid,delivered,699.0,104.85,0.0,594.15,True,20260903
ORD-0001583,2026-07-20,B站会员购,occasional_buyer,paid,delivered,99.0,0.0,0.0,99.0,True,20260903
ORD-0001584,2026-07-29,淘宝/天猫,occasional_buyer,paid,delivered,1398.0,0.0,0.0,1398.0,True,20260903
ORD-0001585,2026-06-23,淘宝/天猫,core_buyer,paid,delivered,128.0,12.8,0.0,115.2,True,20260903
ORD-0001586,2026-06-22,淘宝/天猫,core_buyer,paid,delivered,1526.0,12.8,0.0,1513.2,True,20260903
ORD-0001587,2026-06-09,淘宝/天猫,core_buyer,paid,delivered,128.0,12.8,0.0,115.2,True,20260903
ORD-0001588,2026-08-04,线下展会或快闪店,core_buyer,paid,delivered,137.0,0.0,0.0,137.0,True,20260903
ORD-0001589,2026-08-28,淘宝/天猫,core_buyer,paid,delivered,699.0,69.9,0.0,629.1,True,20260903
ORD-0001590,2026-06-15,线下展会或快闪店,potential_buyer,paid,delivered,798.0,34.95,0.0,763.05,True,20260903
ORD-0001591,2026-06-25,B站会员购,core_buyer,paid,delivered,39.0,3.9,12.0,47.1,True,20260903
ORD-0001592,2026-06-06,线下展会或快闪店,potential_buyer,paid,delivered,39.0,0.0,0.0,39.0,True,20260903
ORD-0001593,2026-06-14,直播间,core_buyer,paid,delivered,89.0,8.9,10.0,90.1,True,20260903
ORD-0001594,2026-07-23,淘宝/天猫,potential_buyer,paid,delivered,214.0,8.9,0.0,205.1,True,20260903
ORD-0001595,2026-07-09,B站会员购,occasional_buyer,paid,delivered,18.0,0.0,8.0,26.0,True,20260903
ORD-0001596,2026-06-15,官方商城,occasional_buyer,paid,delivered,699.0,69.9,0.0,629.1,True,20260903
ORD-0001597,2026-08-28,线下展会或快闪店,potential_buyer,paid,delivered,89.0,0.0,12.0,101.0,True,20260903
ORD-0001598,2026-07-28,淘宝/天猫,core_buyer,paid,delivered,39.0,1.95,10.0,47.05,True,20260903
ORD-0001599,2026-07-07,B站会员购,occasional_buyer,cancelled,cancelled,786.0,109.65,0.0,0.0,True,20260903
ORD-0001600,2026-08-03,淘宝/天猫,core_buyer,paid,delivered,89.0,0.0,0.0,89.0,True,20260903
ORD-0001601,2026-06-05,B站会员购,occasional_buyer,paid,delivered,699.0,0.0,0.0,699.0,True,20260903
ORD-0001602,2026-07-22,淘宝/天猫,core_buyer,paid,delivered,178.0,0.0,0.0,178.0,True,20260903
ORD-0001603,2026-06-01,官方商城,occasional_buyer,paid,delivered,128.0,12.8,0.0,115.2,True,20260903
ORD-0001604,2026-07-20,官方商城,core_buyer,paid,delivered,99.0,4.95,10.0,104.05,True,20260903
ORD-0001605,2026-08-11,淘宝/天猫,occasional_buyer,paid,delivered,699.0,34.95,0.0,664.05,True,20260903
ORD-0001606,2026-08-22,淘宝/天猫,occasional_buyer,paid,delivered,99.0,0.0,0.0,99.0,True,20260903
ORD-0001607,2026-06-05,官方商城,potential_buyer,paid,delivered,137.0,7.2,0.0,129.8,True,20260903
ORD-0001608,2026-08-08,直播间,core_buyer,paid,delivered,699.0,69.9,0.0,629.1,True,20260903
ORD-0001609,2026-07-28,淘宝/天猫,core_buyer,paid,delivered,128.0,0.0,0.0,128.0,True,20260903
ORD-0001610,2026-07-25,线下展会或快闪店,core_buyer,paid,delivered,66.0,4.8,8.0,69.2,True,20260903
ORD-0001611,2026-08-03,官方商城,occasional_buyer,paid,delivered,18.0,0.0,0.0,18.0,True,20260903
ORD-0001612,2026-06-20,淘宝/天猫,core_buyer,cancelled,cancelled,128.0,6.4,0.0,0.0,True,20260903
ORD-0001613,2026-07-20,二手平台,core_buyer,paid,delivered,48.0,0.0,8.0,56.0,True,20260903
ORD-0001614,2026-08-03,官方商城,occasional_buyer,paid,delivered,18.0,1.8,0.0,16.2,True,20260903
ORD-0001615,2026-06-19,淘宝/天猫,core_buyer,paid,delivered,99.0,0.0,0.0,99.0,True,20260903
ORD-0001616,2026-07-25,官方商城,potential_buyer,paid,shipped,48.0,0.0,10.0,58.0,True,20260903
ORD-0001617,2026-07-31,线下展会或快闪店,core_buyer,paid,delivered,89.0,8.9,0.0,80.1,True,20260903
ORD-0001618,2026-08-11,直播间,core_buyer,paid,delivered,738.0,0.0,0.0,738.0,True,20260903
ORD-0001619,2026-08-03,官方商城,occasional_buyer,paid,delivered,89.0,0.0,8.0,97.0,True,20260903
ORD-0001620,2026-08-21,官方商城,potential_buyer,paid,delivered,39.0,0.0,8.0,47.0,True,20260903
ORD-0001621,2026-08-01,官方商城,potential_buyer,paid,delivered,18.0,0.0,8.0,26.0,True,20260903
ORD-0001622,2026-08-17,线下展会或快闪店,occasional_buyer,paid,shipped,99.0,0.0,0.0,99.0,True,20260903
ORD-0001623,2026-07-19,官方商城,occasional_buyer,paid,delivered,178.0,17.8,0.0,160.2,True,20260903
ORD-0001624,2026-07-20,B站会员购,occasional_buyer,paid,delivered,699.0,69.9,0.0,629.1,True,20260903
ORD-0001625,2026-07-10,线下展会或快闪店,core_buyer,paid,delivered,89.0,0.0,8.0,97.0,True,20260903
ORD-0001626,2026-07-15,淘宝/天猫,occasional_buyer,paid,delivered,147.0,0.0,0.0,147.0,True,20260903
ORD-0001627,2026-07-06,官方商城,occasional_buyer,paid,delivered,128.0,19.2,0.0,108.8,True,20260903
ORD-0001628,2026-07-31,B站会员购,occasional_buyer,paid,delivered,256.0,0.0,0.0,256.0,True,20260903
ORD-0001629,2026-06-28,官方商城,potential_buyer,paid,delivered,128.0,6.4,0.0,121.6,True,20260903
ORD-0001630,2026-08-26,二手平台,core_buyer,paid,delivered,128.0,0.0,0.0,128.0,True,20260903
ORD-0001631,2026-06-05,淘宝/天猫,core_buyer,paid,delivered,135.0,0.0,0.0,135.0,True,20260903
ORD-0001632,2026-07-04,线下展会或快闪店,core_buyer,paid,delivered,128.0,0.0,0.0,128.0,True,20260903
ORD-0001633,2026-07-20,官方商城,core_buyer,paid,delivered,188.0,18.8,0.0,169.2,True,20260903
ORD-0001634,2026-07-26,B站会员购,core_buyer,paid,shipped,178.0,17.8,0.0,160.2,True,20260903
ORD-0001635,2026-08-07,淘宝/天猫,core_buyer,paid,delivered,237.0,14.85,0.0,222.15,True,20260903
ORD-0001636,2026-07-19,官方商城,occasional_buyer,paid,delivered,89.0,0.0,12.0,101.0,True,20260903
ORD-0001637,2026-06-23,线下展会或快闪店,core_buyer,paid,delivered,699.0,34.95,0.0,664.05,True,20260903
ORD-0001638,2026-08-17,官方商城,core_buyer,paid,delivered,699.0,0.0,0.0,699.0,True,20260903
ORD-0001639,2026-06-16,官方商城,potential_buyer,paid,delivered,78.0,7.8,0.0,70.2,True,20260903
ORD-0001640,2026-07-30,B站会员购,occasional_buyer,paid,delivered,699.0,34.95,0.0,664.05,True,20260903
ORD-0001641,2026-06-07,淘宝/天猫,core_buyer,paid,delivered,39.0,0.0,10.0,49.0,True,20260903
ORD-0001642,2026-06-16,淘宝/天猫,occasional_buyer,paid,delivered,39.0,0.0,12.0,51.0,True,20260903
ORD-0001643,2026-08-02,淘宝/天猫,occasional_buyer,paid,delivered,18.0,1.8,8.0,24.2,True,20260903
ORD-0001644,2026-08-09,官方商城,core_buyer,paid,delivered,99.0,0.0,0.0,99.0,True,20260903
ORD-0001645,2026-06-21,其他,core_buyer,paid,delivered,512.0,38.4,0.0,473.6,True,20260903
ORD-0001646,2026-06-19,淘宝/天猫,core_buyer,paid,delivered,39.0,1.95,12.0,49.05,True,20260903
ORD-0001647,2026-08-12,二手平台,core_buyer,paid,delivered,99.0,0.0,0.0,99.0,True,20260903
ORD-0001648,2026-07-21,B站会员购,core_buyer,cancelled,cancelled,48.0,2.4,10.0,0.0,True,20260903
ORD-0001649,2026-06-27,淘宝/天猫,core_buyer,paid,delivered,277.0,17.8,0.0,259.2,True,20260903
ORD-0001650,2026-07-13,淘宝/天猫,core_buyer,paid,delivered,147.0,17.25,0.0,129.75,True,20260903
ORD-0001651,2026-08-23,B站会员购,core_buyer,paid,shipped,99.0,9.9,12.0,101.1,True,20260903
ORD-0001652,2026-06-30,B站会员购,potential_buyer,paid,delivered,256.0,19.2,0.0,236.8,True,20260903
ORD-0001653,2026-07-02,官方商城,occasional_buyer,paid,delivered,256.0,0.0,0.0,256.0,True,20260903
ORD-0001654,2026-06-16,B站会员购,core_buyer,paid,delivered,89.0,0.0,10.0,99.0,True,20260903
ORD-0001655,2026-06-12,官方商城,occasional_buyer,paid,delivered,18.0,0.9,8.0,25.1,True,20260903
ORD-0001656,2026-07-14,B站会员购,occasional_buyer,paid,shipped,138.0,6.9,0.0,131.1,True,20260903
ORD-0001657,2026-07-23,官方商城,occasional_buyer,paid,delivered,128.0,6.4,0.0,121.6,True,20260903
ORD-0001658,2026-07-27,线下展会或快闪店,occasional_buyer,paid,delivered,89.0,0.0,12.0,101.0,True,20260903
ORD-0001659,2026-08-01,淘宝/天猫,potential_buyer,paid,delivered,128.0,0.0,0.0,128.0,True,20260903
ORD-0001660,2026-07-12,淘宝/天猫,occasional_buyer,paid,delivered,128.0,0.0,0.0,128.0,True,20260903
ORD-0001661,2026-06-21,直播间,core_buyer,paid,delivered,89.0,0.0,12.0,101.0,True,20260903
ORD-0001662,2026-08-15,线下展会或快闪店,occasional_buyer,paid,delivered,18.0,0.0,8.0,26.0,True,20260903
ORD-0001663,2026-06-18,官方商城,core_buyer,paid,pending,89.0,8.9,10.0,90.1,True,20260903
ORD-0001664,2026-08-01,官方商城,occasional_buyer,paid,delivered,99.0,4.95,12.0,106.05,True,20260903
ORD-0001665,2026-06-18,B站会员购,occasional_buyer,paid,delivered,48.0,2.4,8.0,53.6,True,20260903
ORD-0001666,2026-07-26,官方商城,occasional_buyer,paid,delivered,827.0,34.95,0.0,792.05,True,20260903
ORD-0001667,2026-07-07,淘宝/天猫,occasional_buyer,paid,delivered,99.0,4.95,0.0,94.05,True,20260903
ORD-0001668,2026-06-23,淘宝/天猫,occasional_buyer,paid,delivered,39.0,1.95,0.0,37.05,True,20260903
ORD-0001669,2026-07-28,线下展会或快闪店,occasional_buyer,paid,delivered,48.0,0.0,10.0,58.0,True,20260903
ORD-0001670,2026-08-11,其他,occasional_buyer,paid,delivered,699.0,0.0,0.0,699.0,True,20260903
ORD-0001671,2026-07-19,直播间,occasional_buyer,paid,delivered,89.0,0.0,0.0,89.0,True,20260903
ORD-0001672,2026-07-12,淘宝/天猫,core_buyer,paid,delivered,99.0,4.95,10.0,104.05,True,20260903
ORD-0001673,2026-06-29,其他,core_buyer,paid,shipped,48.0,0.0,10.0,58.0,True,20260903
ORD-0001674,2026-08-22,官方商城,potential_buyer,paid,delivered,256.0,6.4,0.0,249.6,True,20260903
ORD-0001675,2026-06-13,淘宝/天猫,potential_buyer,paid,delivered,54.0,0.0,10.0,64.0,True,20260903
ORD-0001676,2026-07-29,线下展会或快闪店,potential_buyer,paid,delivered,198.0,0.0,0.0,198.0,True,20260903
ORD-0001677,2026-07-18,B站会员购,potential_buyer,paid,delivered,128.0,0.0,0.0,128.0,True,20260903
ORD-0001678,2026-07-26,B站会员购,occasional_buyer,paid,delivered,747.0,4.8,0.0,742.2,True,20260903
ORD-0001679,2026-07-26,官方商城,occasional_buyer,paid,delivered,89.0,4.45,0.0,84.55,True,20260903
ORD-0001680,2026-08-04,官方商城,core_buyer,paid,delivered,39.0,0.0,10.0,49.0,True,20260903
ORD-0001681,2026-06-12,淘宝/天猫,core_buyer,paid,delivered,699.0,34.95,0.0,664.05,True,20260903
ORD-0001682,2026-06-25,线下展会或快闪店,occasional_buyer,paid,delivered,48.0,0.0,0.0,48.0,True,20260903
ORD-0001683,2026-07-30,淘宝/天猫,occasional_buyer,paid,delivered,827.0,0.0,0.0,827.0,True,20260903
ORD-0001684,2026-06-24,淘宝/天猫,core_buyer,paid,delivered,699.0,0.0,0.0,699.0,True,20260903
ORD-0001685,2026-08-11,线下展会或快闪店,occasional_buyer,paid,delivered,39.0,0.0,0.0,39.0,True,20260903
ORD-0001686,2026-08-22,线下展会或快闪店,occasional_buyer,paid,delivered,99.0,9.9,0.0,89.1,True,20260903
ORD-0001687,2026-08-10,线下展会或快闪店,core_buyer,paid,delivered,128.0,6.4,0.0,121.6,True,20260903
ORD-0001688,2026-07-27,其他,core_buyer,paid,delivered,128.0,0.0,0.0,128.0,True,20260903
ORD-0001689,2026-06-04,淘宝/天猫,core_buyer,paid,delivered,89.0,0.0,10.0,99.0,True,20260903
ORD-0001690,2026-07-29,线下展会或快闪店,occasional_buyer,paid,delivered,128.0,6.4,0.0,121.6,True,20260903
ORD-0001691,2026-07-05,官方商城,occasional_buyer,paid,delivered,48.0,2.4,8.0,53.6,True,20260903
ORD-0001692,2026-06-29,B站会员购,core_buyer,paid,delivered,18.0,1.8,8.0,24.2,True,20260903
ORD-0001693,2026-07-12,淘宝/天猫,occasional_buyer,paid,delivered,39.0,0.0,0.0,39.0,True,20260903
ORD-0001694,2026-08-02,淘宝/天猫,occasional_buyer,paid,delivered,39.0,0.0,10.0,49.0,True,20260903
ORD-0001695,2026-07-28,淘宝/天猫,core_buyer,paid,delivered,78.0,3.9,12.0,86.1,True,20260903
ORD-0001696,2026-06-07,官方商城,core_buyer,paid,delivered,128.0,0.0,0.0,128.0,True,20260903
ORD-0001697,2026-08-02,二手平台,potential_buyer,paid,delivered,96.0,0.0,8.0,104.0,True,20260903
ORD-0001698,2026-06-03,B站会员购,core_buyer,paid,shipped,89.0,4.45,0.0,84.55,True,20260903
ORD-0001699,2026-08-08,官方商城,occasional_buyer,paid,delivered,89.0,4.45,0.0,84.55,True,20260903
ORD-0001700,2026-07-21,淘宝/天猫,potential_buyer,paid,delivered,18.0,1.8,12.0,28.2,True,20260903
ORD-0001701,2026-06-18,官方商城,core_buyer,paid,delivered,107.0,2.7,0.0,104.3,True,20260903
ORD-0001702,2026-07-04,B站会员购,occasional_buyer,cancelled,cancelled,39.0,0.0,8.0,0.0,True,20260903
ORD-0001703,2026-06-22,线下展会或快闪店,core_buyer,paid,delivered,738.0,40.8,0.0,697.2,True,20260903
ORD-0001704,2026-06-23,其他,occasional_buyer,paid,delivered,39.0,0.0,8.0,47.0,True,20260903
ORD-0001705,2026-07-22,官方商城,occasional_buyer,cancelled,cancelled,54.0,8.1,10.0,0.0,True,20260903
ORD-0001706,2026-08-02,B站会员购,occasional_buyer,paid,delivered,89.0,4.45,0.0,84.55,True,20260903
ORD-0001707,2026-06-29,线下展会或快闪店,core_buyer,paid,delivered,699.0,0.0,0.0,699.0,True,20260903
ORD-0001708,2026-06-20,官方商城,occasional_buyer,paid,delivered,976.0,4.95,0.0,971.05,True,20260903
ORD-0001709,2026-06-17,淘宝/天猫,occasional_buyer,paid,delivered,18.0,0.0,12.0,30.0,True,20260903
ORD-0001710,2026-06-21,B站会员购,occasional_buyer,paid,delivered,107.0,5.35,0.0,101.65,True,20260903
ORD-0001711,2026-08-06,官方商城,potential_buyer,paid,delivered,89.0,0.0,8.0,97.0,True,20260903
ORD-0001712,2026-06-05,淘宝/天猫,occasional_buyer,paid,delivered,89.0,0.0,10.0,99.0,True,20260903
ORD-0001713,2026-06-18,淘宝/天猫,core_buyer,cancelled,cancelled,699.0,34.95,0.0,0.0,True,20260903
ORD-0001714,2026-06-10,二手平台,core_buyer,paid,delivered,256.0,0.0,0.0,256.0,True,20260903
ORD-0001715,2026-07-19,淘宝/天猫,core_buyer,paid,pending,128.0,0.0,0.0,128.0,True,20260903
ORD-0001716,2026-06-05,淘宝/天猫,occasional_buyer,paid,delivered,48.0,0.0,10.0,58.0,True,20260903
ORD-0001717,2026-07-24,淘宝/天猫,potential_buyer,paid,shipped,48.0,0.0,0.0,48.0,True,20260903
ORD-0001718,2026-08-03,淘宝/天猫,core_buyer,paid,delivered,699.0,104.85,0.0,594.15,True,20260903
ORD-0001719,2026-06-20,官方商城,core_buyer,paid,delivered,18.0,0.0,0.0,18.0,True,20260903
ORD-0001720,2026-07-26,B站会员购,occasional_buyer,paid,delivered,99.0,9.9,10.0,99.1,True,20260903
ORD-0001721,2026-08-09,淘宝/天猫,occasional_buyer,paid,delivered,48.0,4.8,0.0,43.2,True,20260903
ORD-0001722,2026-08-17,官方商城,occasional_buyer,paid,delivered,99.0,4.95,0.0,94.05,True,20260903
ORD-0001723,2026-06-24,B站会员购,occasional_buyer,paid,delivered,128.0,12.8,0.0,115.2,True,20260903
ORD-0001724,2026-08-19,淘宝/天猫,core_buyer,paid,delivered,699.0,0.0,0.0,699.0,True,20260903
ORD-0001725,2026-08-22,B站会员购,occasional_buyer,paid,delivered,128.0,0.0,0.0,128.0,True,20260903
ORD-0001726,2026-06-15,B站会员购,occasional_buyer,paid,delivered,18.0,0.0,12.0,30.0,True,20260903
ORD-0001727,2026-07-30,官方商城,core_buyer,paid,delivered,699.0,0.0,0.0,699.0,True,20260903
ORD-0001728,2026-08-12,B站会员购,occasional_buyer,paid,delivered,798.0,0.0,0.0,798.0,True,20260903
ORD-0001729,2026-08-06,线下展会或快闪店,occasional_buyer,paid,delivered,1398.0,139.8,0.0,1258.2,True,20260903
ORD-0001730,2026-06-26,淘宝/天猫,potential_buyer,paid,shipped,18.0,1.8,10.0,26.2,True,20260903
ORD-0001731,2026-07-03,B站会员购,core_buyer,paid,shipped,198.0,0.0,0.0,198.0,True,20260903
ORD-0001732,2026-06-29,淘宝/天猫,potential_buyer,paid,delivered,99.0,0.0,0.0,99.0,True,20260903
ORD-0001733,2026-06-15,直播间,core_buyer,paid,delivered,128.0,0.0,0.0,128.0,True,20260903
ORD-0001734,2026-08-27,淘宝/天猫,core_buyer,paid,delivered,39.0,0.0,8.0,47.0,True,20260903
ORD-0001735,2026-06-18,官方商城,occasional_buyer,paid,delivered,18.0,0.9,8.0,25.1,True,20260903
ORD-0001736,2026-06-28,B站会员购,core_buyer,paid,shipped,227.0,24.15,0.0,202.85,True,20260903
ORD-0001737,2026-07-15,B站会员购,occasional_buyer,paid,shipped,89.0,8.9,8.0,88.1,True,20260903
ORD-0001738,2026-07-22,二手平台,occasional_buyer,paid,delivered,99.0,0.0,0.0,99.0,True,20260903
ORD-0001739,2026-07-28,线下展会或快闪店,potential_buyer,paid,delivered,178.0,8.9,0.0,169.1,True,20260903
ORD-0001740,2026-07-22,线下展会或快闪店,occasional_buyer,paid,delivered,48.0,2.4,8.0,53.6,True,20260903
ORD-0001741,2026-08-15,二手平台,potential_buyer,paid,delivered,699.0,34.95,0.0,664.05,True,20260903
ORD-0001742,2026-07-08,B站会员购,core_buyer,paid,delivered,89.0,8.9,0.0,80.1,True,20260903
ORD-0001743,2026-07-26,官方商城,occasional_buyer,paid,delivered,39.0,5.85,10.0,43.15,True,20260903
ORD-0001744,2026-07-25,淘宝/天猫,occasional_buyer,paid,delivered,128.0,0.0,0.0,128.0,True,20260903
ORD-0001745,2026-07-22,B站会员购,occasional_buyer,paid,delivered,188.0,0.0,0.0,188.0,True,20260903
ORD-0001746,2026-07-13,淘宝/天猫,core_buyer,paid,delivered,48.0,0.0,10.0,58.0,True,20260903
ORD-0001747,2026-07-12,淘宝/天猫,core_buyer,paid,delivered,147.0,9.9,0.0,137.1,True,20260903
ORD-0001748,2026-07-17,B站会员购,occasional_buyer,paid,delivered,99.0,9.9,10.0,99.1,True,20260903
ORD-0001749,2026-06-13,官方商城,occasional_buyer,paid,delivered,188.0,0.0,0.0,188.0,True,20260903
ORD-0001750,2026-08-06,B站会员购,core_buyer,paid,delivered,18.0,0.9,8.0,25.1,True,20260903
ORD-0001751,2026-07-27,官方商城,occasional_buyer,paid,delivered,788.0,34.95,0.0,753.05,True,20260903
ORD-0001752,2026-07-31,线下展会或快闪店,occasional_buyer,paid,delivered,18.0,1.8,0.0,16.2,True,20260903
ORD-0001753,2026-06-13,B站会员购,core_buyer,paid,delivered,167.0,0.0,0.0,167.0,True,20260903
ORD-0001754,2026-08-05,B站会员购,core_buyer,paid,delivered,99.0,14.85,12.0,96.15,True,20260903
ORD-0001755,2026-08-02,B站会员购,potential_buyer,paid,delivered,48.0,2.4,8.0,53.6,True,20260903
ORD-0001756,2026-06-30,其他,core_buyer,paid,delivered,176.0,0.0,0.0,176.0,True,20260903
ORD-0001757,2026-07-31,B站会员购,potential_buyer,paid,delivered,99.0,0.0,0.0,99.0,True,20260903
ORD-0001758,2026-08-17,淘宝/天猫,occasional_buyer,paid,delivered,89.0,8.9,0.0,80.1,True,20260903
ORD-0001759,2026-07-08,线下展会或快闪店,occasional_buyer,paid,delivered,256.0,12.8,0.0,243.2,True,20260903
ORD-0001760,2026-06-22,B站会员购,potential_buyer,paid,delivered,176.0,2.4,0.0,173.6,True,20260903
ORD-0001761,2026-07-18,官方商城,occasional_buyer,paid,delivered,66.0,6.6,10.0,69.4,True,20260903
ORD-0001762,2026-08-24,官方商城,core_buyer,paid,delivered,48.0,4.8,8.0,51.2,True,20260903
ORD-0001763,2026-06-16,官方商城,occasional_buyer,paid,delivered,99.0,4.95,10.0,104.05,True,20260903
ORD-0001764,2026-07-17,官方商城,core_buyer,paid,delivered,1398.0,34.95,0.0,1363.05,True,20260903
ORD-0001765,2026-08-01,官方商城,core_buyer,paid,delivered,89.0,8.9,12.0,92.1,True,20260903
ORD-0001766,2026-07-29,淘宝/天猫,occasional_buyer,cancelled,cancelled,39.0,0.0,0.0,0.0,True,20260903
ORD-0001767,2026-07-24,官方商城,core_buyer,paid,delivered,89.0,8.9,8.0,88.1,True,20260903
ORD-0001768,2026-07-31,淘宝/天猫,occasional_buyer,paid,delivered,39.0,3.9,8.0,43.1,True,20260903
ORD-0001769,2026-06-16,官方商城,potential_buyer,paid,delivered,699.0,0.0,0.0,699.0,True,20260903
ORD-0001770,2026-07-19,官方商城,occasional_buyer,paid,delivered,996.0,34.95,0.0,961.05,True,20260903
ORD-0001771,2026-07-08,淘宝/天猫,core_buyer,paid,shipped,128.0,3.9,0.0,124.1,True,20260903
ORD-0001772,2026-06-19,淘宝/天猫,core_buyer,paid,delivered,99.0,0.0,0.0,99.0,True,20260903
ORD-0001773,2026-08-12,B站会员购,potential_buyer,paid,delivered,39.0,0.0,8.0,47.0,True,20260903
ORD-0001774,2026-07-04,线下展会或快闪店,occasional_buyer,paid,delivered,176.0,6.4,0.0,169.6,True,20260903
ORD-0001775,2026-08-25,B站会员购,potential_buyer,paid,delivered,198.0,0.0,0.0,198.0,True,20260903
ORD-0001776,2026-06-01,淘宝/天猫,core_buyer,paid,delivered,128.0,6.4,0.0,121.6,True,20260903
ORD-0001777,2026-07-27,B站会员购,potential_buyer,paid,delivered,117.0,0.0,0.0,117.0,True,20260903
ORD-0001778,2026-08-04,官方商城,core_buyer,paid,delivered,699.0,0.0,0.0,699.0,True,20260903
ORD-0001779,2026-08-11,B站会员购,occasional_buyer,paid,delivered,256.0,0.0,0.0,256.0,True,20260903
ORD-0001780,2026-08-12,B站会员购,occasional_buyer,cancelled,cancelled,18.0,0.0,8.0,0.0,True,20260903
ORD-0001781,2026-06-13,线下展会或快闪店,occasional_buyer,paid,delivered,99.0,14.85,0.0,84.15,True,20260903
ORD-0001782,2026-07-11,淘宝/天猫,core_buyer,paid,delivered,99.0,0.0,0.0,99.0,True,20260903
ORD-0001783,2026-08-17,其他,core_buyer,paid,delivered,39.0,0.0,8.0,47.0,True,20260903
ORD-0001784,2026-07-01,B站会员购,core_buyer,paid,delivered,699.0,34.95,0.0,664.05,True,20260903
ORD-0001785,2026-08-01,B站会员购,potential_buyer,paid,delivered,18.0,0.0,10.0,28.0,True,20260903
ORD-0001786,2026-07-04,淘宝/天猫,core_buyer,paid,delivered,48.0,7.2,0.0,40.8,True,20260903
ORD-0001787,2026-06-12,B站会员购,core_buyer,paid,delivered,39.0,0.0,0.0,39.0,True,20260903
ORD-0001788,2026-06-12,官方商城,occasional_buyer,paid,delivered,78.0,3.9,10.0,84.1,True,20260903
ORD-0001789,2026-06-19,二手平台,core_buyer,paid,shipped,99.0,4.95,12.0,106.05,True,20260903
ORD-0001790,2026-07-19,B站会员购,core_buyer,paid,delivered,48.0,2.4,10.0,55.6,True,20260903
ORD-0001791,2026-07-08,官方商城,potential_buyer,paid,delivered,128.0,6.4,0.0,121.6,True,20260903
ORD-0001792,2026-08-27,B站会员购,occasional_buyer,paid,delivered,699.0,69.9,0.0,629.1,True,20260903
ORD-0001793,2026-06-21,官方商城,potential_buyer,paid,delivered,816.0,0.9,0.0,815.1,True,20260903
ORD-0001794,2026-08-03,官方商城,core_buyer,paid,delivered,99.0,9.9,0.0,89.1,True,20260903
ORD-0001795,2026-07-26,淘宝/天猫,potential_buyer,paid,delivered,423.0,19.2,0.0,403.8,True,20260903
ORD-0001796,2026-07-01,淘宝/天猫,occasional_buyer,paid,delivered,256.0,25.6,0.0,230.4,True,20260903
ORD-0001797,2026-06-30,其他,occasional_buyer,paid,delivered,147.0,14.7,0.0,132.3,True,20260903
ORD-0001798,2026-08-23,二手平台,potential_buyer,paid,delivered,699.0,104.85,0.0,594.15,True,20260903
ORD-0001799,2026-07-25,B站会员购,core_buyer,paid,delivered,48.0,0.0,8.0,56.0,True,20260903
ORD-0001800,2026-08-13,淘宝/天猫,core_buyer,paid,delivered,1398.0,139.8,0.0,1258.2,True,20260903
ORD-0001801,2026-07-24,线下展会或快闪店,core_buyer,paid,delivered,277.0,0.0,0.0,277.0,True,20260903
ORD-0001802,2026-06-20,其他,potential_buyer,paid,delivered,167.0,10.3,0.0,156.7,True,20260903
ORD-0001803,2026-07-09,淘宝/天猫,core_buyer,paid,delivered,128.0,0.0,0.0,128.0,True,20260903
ORD-0001804,2026-07-21,B站会员购,core_buyer,paid,delivered,48.0,0.0,8.0,56.0,True,20260903
ORD-0001805,2026-06-28,淘宝/天猫,core_buyer,paid,delivered,306.0,19.2,0.0,286.8,True,20260903
ORD-0001806,2026-06-16,淘宝/天猫,occasional_buyer,paid,delivered,48.0,2.4,8.0,53.6,True,20260903
ORD-0001807,2026-08-26,淘宝/天猫,occasional_buyer,paid,delivered,128.0,6.4,0.0,121.6,True,20260903
ORD-0001808,2026-08-20,直播间,potential_buyer,paid,delivered,99.0,4.95,10.0,104.05,True,20260903
ORD-0001809,2026-07-28,B站会员购,occasional_buyer,paid,delivered,18.0,0.0,0.0,18.0,True,20260903
ORD-0001810,2026-08-28,官方商城,occasional_buyer,paid,delivered,99.0,9.9,10.0,99.1,True,20260903
ORD-0001811,2026-07-05,官方商城,occasional_buyer,paid,delivered,18.0,0.0,0.0,18.0,True,20260903
ORD-0001812,2026-06-11,官方商城,core_buyer,paid,delivered,256.0,12.8,0.0,243.2,True,20260903
ORD-0001813,2026-07-21,二手平台,occasional_buyer,paid,delivered,345.0,25.6,0.0,319.4,True,20260903
ORD-0001814,2026-07-29,淘宝/天猫,core_buyer,paid,delivered,66.0,2.7,8.0,71.3,True,20260903
ORD-0001815,2026-06-19,官方商城,core_buyer,paid,delivered,128.0,0.0,0.0,128.0,True,20260903
ORD-0001816,2026-07-30,淘宝/天猫,occasional_buyer,paid,delivered,246.0,9.9,0.0,236.1,True,20260903
ORD-0001817,2026-07-25,官方商城,core_buyer,paid,shipped,18.0,0.0,0.0,18.0,True,20260903
ORD-0001818,2026-07-07,二手平台,occasional_buyer,paid,delivered,99.0,14.85,10.0,94.15,True,20260903
ORD-0001819,2026-06-15,其他,occasional_buyer,paid,shipped,36.0,0.0,8.0,44.0,True,20260903
ORD-0001820,2026-07-23,B站会员购,core_buyer,paid,delivered,99.0,14.85,8.0,92.15,True,20260903
ORD-0001821,2026-06-19,淘宝/天猫,core_buyer,paid,delivered,128.0,0.0,0.0,128.0,True,20260903
ORD-0001822,2026-06-05,官方商城,core_buyer,paid,delivered,128.0,12.8,0.0,115.2,True,20260903
ORD-0001823,2026-08-25,官方商城,potential_buyer,paid,delivered,798.0,34.95,0.0,763.05,True,20260903
ORD-0001824,2026-07-18,二手平台,core_buyer,paid,delivered,128.0,6.4,0.0,121.6,True,20260903
ORD-0001825,2026-06-21,淘宝/天猫,occasional_buyer,paid,delivered,18.0,0.0,12.0,30.0,True,20260903
ORD-0001826,2026-06-14,官方商城,occasional_buyer,paid,delivered,39.0,3.9,8.0,43.1,True,20260903
ORD-0001827,2026-06-23,线下展会或快闪店,occasional_buyer,paid,delivered,96.0,0.0,0.0,96.0,True,20260903
ORD-0001828,2026-07-31,直播间,occasional_buyer,paid,delivered,89.0,4.45,10.0,94.55,True,20260903
ORD-0001829,2026-06-21,B站会员购,core_buyer,paid,delivered,39.0,1.95,0.0,37.05,True,20260903
ORD-0001830,2026-08-15,官方商城,potential_buyer,paid,delivered,89.0,4.45,0.0,84.55,True,20260903
ORD-0001831,2026-07-25,淘宝/天猫,occasional_buyer,paid,delivered,99.0,0.0,0.0,99.0,True,20260903
ORD-0001832,2026-08-28,淘宝/天猫,occasional_buyer,paid,delivered,48.0,2.4,10.0,55.6,True,20260903
ORD-0001833,2026-08-15,淘宝/天猫,occasional_buyer,paid,delivered,48.0,2.4,8.0,53.6,True,20260903
ORD-0001834,2026-07-06,淘宝/天猫,occasional_buyer,cancelled,cancelled,99.0,14.85,8.0,0.0,True,20260903
ORD-0001835,2026-06-28,B站会员购,occasional_buyer,paid,delivered,99.0,0.0,0.0,99.0,True,20260903
ORD-0001836,2026-07-25,官方商城,core_buyer,paid,delivered,144.0,7.2,0.0,136.8,True,20260903
ORD-0001837,2026-07-26,官方商城,potential_buyer,paid,delivered,895.0,8.9,0.0,886.1,True,20260903
ORD-0001838,2026-06-28,淘宝/天猫,occasional_buyer,paid,delivered,699.0,0.0,0.0,699.0,True,20260903
ORD-0001839,2026-06-16,官方商城,occasional_buyer,paid,delivered,99.0,9.9,8.0,97.1,True,20260903
ORD-0001840,2026-08-18,线下展会或快闪店,core_buyer,paid,delivered,89.0,8.9,8.0,88.1,True,20260903
ORD-0001841,2026-06-13,线下展会或快闪店,core_buyer,paid,delivered,18.0,0.0,8.0,26.0,True,20260903
ORD-0001842,2026-06-01,官方商城,occasional_buyer,paid,delivered,128.0,0.0,0.0,128.0,True,20260903
ORD-0001843,2026-08-05,B站会员购,potential_buyer,paid,delivered,699.0,34.95,0.0,664.05,True,20260903
ORD-0001844,2026-06-24,淘宝/天猫,core_buyer,paid,delivered,48.0,0.0,0.0,48.0,True,20260903
ORD-0001845,2026-08-21,线下展会或快闪店,occasional_buyer,paid,delivered,138.0,9.9,0.0,128.1,True,20260903
ORD-0001846,2026-08-22,淘宝/天猫,core_buyer,paid,delivered,89.0,0.0,8.0,97.0,True,20260903
ORD-0001847,2026-06-19,淘宝/天猫,core_buyer,paid,delivered,128.0,0.0,0.0,128.0,True,20260903
ORD-0001848,2026-06-19,官方商城,core_buyer,paid,delivered,297.0,29.7,0.0,267.3,True,20260903
ORD-0001849,2026-07-15,官方商城,occasional_buyer,paid,delivered,107.0,0.0,0.0,107.0,True,20260903
ORD-0001850,2026-07-16,淘宝/天猫,occasional_buyer,paid,delivered,846.0,4.8,0.0,841.2,True,20260903
ORD-0001851,2026-08-01,官方商城,occasional_buyer,paid,delivered,48.0,0.0,0.0,48.0,True,20260903
ORD-0001852,2026-08-06,二手平台,occasional_buyer,paid,delivered,128.0,0.0,0.0,128.0,True,20260903
ORD-0001853,2026-07-22,官方商城,occasional_buyer,paid,shipped,128.0,19.2,0.0,108.8,True,20260903
ORD-0001854,2026-07-16,B站会员购,occasional_buyer,paid,delivered,89.0,8.9,8.0,88.1,True,20260903
ORD-0001855,2026-06-03,B站会员购,potential_buyer,paid,delivered,798.0,0.0,0.0,798.0,True,20260903
ORD-0001856,2026-07-24,线下展会或快闪店,occasional_buyer,paid,delivered,167.0,1.95,0.0,165.05,True,20260903
ORD-0001857,2026-07-26,B站会员购,occasional_buyer,paid,delivered,747.0,74.7,0.0,672.3,True,20260903
ORD-0001858,2026-08-02,官方商城,core_buyer,cancelled,cancelled,267.0,4.45,0.0,0.0,True,20260903
ORD-0001859,2026-06-01,官方商城,occasional_buyer,paid,delivered,18.0,2.7,12.0,27.3,True,20260903
ORD-0001860,2026-06-18,淘宝/天猫,core_buyer,paid,delivered,99.0,9.9,8.0,97.1,True,20260903
ORD-0001861,2026-06-22,官方商城,occasional_buyer,paid,delivered,747.0,2.4,0.0,744.6,True,20260903
ORD-0001862,2026-08-18,线下展会或快闪店,core_buyer,paid,delivered,198.0,9.9,0.0,188.1,True,20260903
ORD-0001863,2026-06-17,线下展会或快闪店,potential_buyer,paid,delivered,89.0,0.0,8.0,97.0,True,20260903
ORD-0001864,2026-06-19,淘宝/天猫,potential_buyer,paid,delivered,167.0,6.4,0.0,160.6,True,20260903
ORD-0001865,2026-08-27,官方商城,occasional_buyer,paid,delivered,39.0,0.0,0.0,39.0,True,20260903
ORD-0001866,2026-07-28,淘宝/天猫,potential_buyer,paid,delivered,788.0,69.9,0.0,718.1,True,20260903
ORD-0001867,2026-07-08,官方商城,core_buyer,paid,delivered,117.0,9.9,0.0,107.1,True,20260903
ORD-0001868,2026-07-25,线下展会或快闪店,potential_buyer,paid,delivered,144.0,0.0,0.0,144.0,True,20260903
ORD-0001869,2026-07-26,淘宝/天猫,potential_buyer,paid,shipped,18.0,0.9,8.0,25.1,True,20260903
ORD-0001870,2026-07-04,二手平台,core_buyer,paid,delivered,128.0,0.0,0.0,128.0,True,20260903
ORD-0001871,2026-08-13,B站会员购,occasional_buyer,paid,delivered,39.0,0.0,10.0,49.0,True,20260903
ORD-0001872,2026-08-22,淘宝/天猫,occasional_buyer,paid,delivered,18.0,0.0,0.0,18.0,True,20260903
ORD-0001873,2026-06-17,官方商城,occasional_buyer,paid,delivered,48.0,0.0,12.0,60.0,True,20260903
ORD-0001874,2026-06-10,淘宝/天猫,core_buyer,paid,delivered,89.0,0.0,8.0,97.0,True,20260903
ORD-0001875,2026-06-27,B站会员购,occasional_buyer,paid,delivered,256.0,12.8,0.0,243.2,True,20260903
ORD-0001876,2026-08-22,B站会员购,core_buyer,paid,delivered,96.0,0.0,8.0,104.0,True,20260903
ORD-0001877,2026-08-13,官方商城,occasional_buyer,paid,delivered,146.0,0.0,0.0,146.0,True,20260903
ORD-0001878,2026-06-24,淘宝/天猫,occasional_buyer,paid,delivered,99.0,4.95,10.0,104.05,True,20260903
ORD-0001879,2026-07-10,线下展会或快闪店,potential_buyer,paid,delivered,137.0,8.9,0.0,128.1,True,20260903
ORD-0001880,2026-06-17,B站会员购,potential_buyer,paid,delivered,18.0,0.0,0.0,18.0,True,20260903
ORD-0001881,2026-07-11,二手平台,core_buyer,paid,delivered,89.0,0.0,0.0,89.0,True,20260903
ORD-0001882,2026-06-22,B站会员购,core_buyer,paid,delivered,39.0,1.95,0.0,37.05,True,20260903
ORD-0001883,2026-08-15,淘宝/天猫,potential_buyer,paid,delivered,89.0,0.0,12.0,101.0,True,20260903
ORD-0001884,2026-06-12,B站会员购,core_buyer,paid,delivered,99.0,0.0,0.0,99.0,True,20260903
ORD-0001885,2026-07-09,B站会员购,occasional_buyer,paid,delivered,89.0,0.0,0.0,89.0,True,20260903
ORD-0001886,2026-07-26,淘宝/天猫,potential_buyer,paid,delivered,48.0,7.2,10.0,50.8,True,20260903
ORD-0001887,2026-07-10,官方商城,core_buyer,paid,delivered,128.0,0.0,0.0,128.0,True,20260903
ORD-0001888,2026-06-21,官方商城,occasional_buyer,paid,delivered,18.0,2.7,12.0,27.3,True,20260903
ORD-0001889,2026-07-01,线下展会或快闪店,core_buyer,paid,delivered,256.0,0.0,0.0,256.0,True,20260903
ORD-0001890,2026-06-29,淘宝/天猫,potential_buyer,paid,delivered,827.0,47.75,0.0,779.25,True,20260903
ORD-0001891,2026-08-04,淘宝/天猫,occasional_buyer,paid,delivered,699.0,0.0,0.0,699.0,True,20260903
ORD-0001892,2026-07-22,线下展会或快闪店,occasional_buyer,paid,delivered,96.0,3.9,0.0,92.1,True,20260903
ORD-0001893,2026-06-28,线下展会或快闪店,core_buyer,paid,delivered,295.0,0.0,0.0,295.0,True,20260903
ORD-0001894,2026-06-26,淘宝/天猫,occasional_buyer,paid,delivered,99.0,0.0,0.0,99.0,True,20260903
ORD-0001895,2026-08-09,淘宝/天猫,potential_buyer,paid,delivered,48.0,7.2,8.0,48.8,True,20260903
ORD-0001896,2026-06-27,线下展会或快闪店,occasional_buyer,cancelled,cancelled,99.0,4.95,8.0,0.0,True,20260903
ORD-0001897,2026-07-16,官方商城,core_buyer,paid,delivered,2796.0,104.85,0.0,2691.15,True,20260903
ORD-0001898,2026-08-09,淘宝/天猫,occasional_buyer,paid,delivered,227.0,0.0,0.0,227.0,True,20260903
ORD-0001899,2026-07-28,线下展会或快闪店,occasional_buyer,paid,delivered,738.0,0.0,0.0,738.0,True,20260903
ORD-0001900,2026-07-29,官方商城,occasional_buyer,paid,delivered,18.0,0.0,0.0,18.0,True,20260903
ORD-0001901,2026-08-04,B站会员购,core_buyer,paid,delivered,39.0,0.0,8.0,47.0,True,20260903
ORD-0001902,2026-08-22,二手平台,occasional_buyer,paid,delivered,18.0,1.8,12.0,28.2,True,20260903
ORD-0001903,2026-07-10,其他,core_buyer,paid,delivered,89.0,8.9,0.0,80.1,True,20260903
ORD-0001904,2026-06-04,B站会员购,occasional_buyer,paid,delivered,798.0,39.9,0.0,758.1,True,20260903
ORD-0001905,2026-06-13,线下展会或快闪店,core_buyer,paid,delivered,128.0,12.8,0.0,115.2,True,20260903
ORD-0001906,2026-07-03,B站会员购,potential_buyer,paid,delivered,167.0,18.65,0.0,148.35,True,20260903
ORD-0001907,2026-06-23,直播间,potential_buyer,paid,delivered,699.0,0.0,0.0,699.0,True,20260903
ORD-0001908,2026-06-24,官方商城,occasional_buyer,paid,delivered,39.0,0.0,8.0,47.0,True,20260903
ORD-0001909,2026-08-26,官方商城,occasional_buyer,paid,delivered,128.0,0.0,0.0,128.0,True,20260903
ORD-0001910,2026-06-16,淘宝/天猫,core_buyer,paid,delivered,89.0,4.45,0.0,84.55,True,20260903
ORD-0001911,2026-08-10,淘宝/天猫,core_buyer,paid,delivered,87.0,1.95,12.0,97.05,True,20260903
ORD-0001912,2026-07-10,淘宝/天猫,occasional_buyer,paid,delivered,717.0,0.0,0.0,717.0,True,20260903
ORD-0001913,2026-06-30,其他,core_buyer,paid,delivered,128.0,0.0,0.0,128.0,True,20260903
ORD-0001914,2026-08-28,线下展会或快闪店,occasional_buyer,paid,delivered,48.0,7.2,8.0,48.8,True,20260903
ORD-0001915,2026-07-26,B站会员购,occasional_buyer,paid,delivered,699.0,34.95,0.0,664.05,True,20260903
ORD-0001916,2026-07-27,官方商城,occasional_buyer,paid,delivered,699.0,0.0,0.0,699.0,True,20260903
ORD-0001917,2026-07-13,B站会员购,potential_buyer,paid,delivered,125.0,0.0,0.0,125.0,True,20260903
ORD-0001918,2026-07-11,二手平台,core_buyer,paid,delivered,1487.0,4.45,0.0,1482.55,True,20260903
ORD-0001919,2026-07-04,B站会员购,occasional_buyer,paid,delivered,128.0,6.4,0.0,121.6,True,20260903
ORD-0001920,2026-07-31,B站会员购,occasional_buyer,paid,delivered,18.0,0.0,8.0,26.0,True,20260903
ORD-0001921,2026-07-05,其他,occasional_buyer,paid,delivered,39.0,3.9,10.0,45.1,True,20260903
ORD-0001922,2026-06-19,B站会员购,occasional_buyer,paid,delivered,699.0,0.0,0.0,699.0,True,20260903
ORD-0001923,2026-08-09,淘宝/天猫,core_buyer,paid,delivered,18.0,0.0,8.0,26.0,True,20260903
ORD-0001924,2026-06-29,B站会员购,core_buyer,paid,delivered,128.0,0.0,0.0,128.0,True,20260903
ORD-0001925,2026-06-06,B站会员购,core_buyer,paid,delivered,96.0,4.8,0.0,91.2,True,20260903
ORD-0001926,2026-08-13,淘宝/天猫,occasional_buyer,paid,delivered,235.0,21.0,0.0,214.0,True,20260903
ORD-0001927,2026-07-26,线下展会或快闪店,core_buyer,paid,shipped,128.0,19.2,0.0,108.8,True,20260903
ORD-0001928,2026-06-15,官方商城,core_buyer,paid,delivered,217.0,12.8,0.0,204.2,True,20260903
ORD-0001929,2026-07-28,线下展会或快闪店,occasional_buyer,paid,delivered,117.0,4.95,0.0,112.05,True,20260903
ORD-0001930,2026-07-24,淘宝/天猫,occasional_buyer,paid,delivered,18.0,0.0,0.0,18.0,True,20260903
ORD-0001931,2026-07-03,淘宝/天猫,occasional_buyer,paid,delivered,48.0,4.8,12.0,55.2,True,20260903
ORD-0001932,2026-06-13,官方商城,potential_buyer,paid,delivered,99.0,0.0,0.0,99.0,True,20260903
ORD-0001933,2026-06-25,淘宝/天猫,occasional_buyer,paid,delivered,48.0,2.4,8.0,53.6,True,20260903
ORD-0001934,2026-06-28,淘宝/天猫,core_buyer,paid,delivered,89.0,0.0,10.0,99.0,True,20260903
ORD-0001935,2026-06-26,B站会员购,core_buyer,paid,delivered,39.0,0.0,8.0,47.0,True,20260903
ORD-0001936,2026-08-02,官方商城,core_buyer,paid,delivered,39.0,0.0,8.0,47.0,True,20260903
ORD-0001937,2026-08-07,B站会员购,potential_buyer,paid,delivered,36.0,3.6,10.0,42.4,True,20260903
ORD-0001938,2026-06-09,官方商城,occasional_buyer,paid,delivered,39.0,1.95,12.0,49.05,True,20260903
ORD-0001939,2026-06-21,官方商城,occasional_buyer,paid,delivered,99.0,0.0,0.0,99.0,True,20260903
ORD-0001940,2026-06-17,线下展会或快闪店,core_buyer,paid,delivered,256.0,0.0,0.0,256.0,True,20260903
ORD-0001941,2026-08-18,淘宝/天猫,core_buyer,paid,delivered,128.0,0.0,0.0,128.0,True,20260903
ORD-0001942,2026-06-21,官方商城,occasional_buyer,paid,delivered,48.0,0.0,0.0,48.0,True,20260903
ORD-0001943,2026-08-01,淘宝/天猫,core_buyer,paid,delivered,699.0,34.95,0.0,664.05,True,20260903
ORD-0001944,2026-06-23,淘宝/天猫,occasional_buyer,paid,delivered,99.0,0.0,0.0,99.0,True,20260903
ORD-0001945,2026-06-06,官方商城,core_buyer,paid,delivered,89.0,0.0,0.0,89.0,True,20260903
ORD-0001946,2026-06-15,官方商城,core_buyer,paid,delivered,699.0,0.0,0.0,699.0,True,20260903
ORD-0001947,2026-06-25,官方商城,core_buyer,paid,shipped,699.0,69.9,0.0,629.1,True,20260903
ORD-0001948,2026-07-25,二手平台,occasional_buyer,paid,delivered,18.0,0.0,8.0,26.0,True,20260903
ORD-0001949,2026-07-25,淘宝/天猫,occasional_buyer,paid,delivered,96.0,4.8,0.0,91.2,True,20260903
ORD-0001950,2026-08-25,B站会员购,occasional_buyer,paid,delivered,48.0,0.0,0.0,48.0,True,20260903
ORD-0001951,2026-06-10,官方商城,occasional_buyer,paid,delivered,78.0,9.75,8.0,76.25,True,20260903
ORD-0001952,2026-07-27,官方商城,core_buyer,paid,delivered,18.0,1.8,0.0,16.2,True,20260903
ORD-0001953,2026-08-24,官方商城,occasional_buyer,paid,delivered,256.0,25.6,0.0,230.4,True,20260903
ORD-0001954,2026-08-10,其他,core_buyer,paid,delivered,99.0,9.9,12.0,101.1,True,20260903
ORD-0001955,2026-07-05,淘宝/天猫,occasional_buyer,paid,delivered,135.0,14.85,0.0,120.15,True,20260903
ORD-0001956,2026-06-13,B站会员购,core_buyer,paid,delivered,699.0,34.95,0.0,664.05,True,20260903
ORD-0001957,2026-08-25,淘宝/天猫,occasional_buyer,paid,delivered,39.0,0.0,10.0,49.0,True,20260903
ORD-0001958,2026-06-02,淘宝/天猫,occasional_buyer,paid,delivered,89.0,0.0,8.0,97.0,True,20260903
ORD-0001959,2026-07-09,线下展会或快闪店,occasional_buyer,paid,delivered,89.0,0.0,0.0,89.0,True,20260903
ORD-0001960,2026-06-07,淘宝/天猫,occasional_buyer,paid,delivered,167.0,3.9,0.0,163.1,True,20260903
ORD-0001961,2026-06-28,B站会员购,occasional_buyer,paid,delivered,39.0,0.0,0.0,39.0,True,20260903
ORD-0001962,2026-06-10,B站会员购,core_buyer,paid,delivered,99.0,0.0,0.0,99.0,True,20260903
ORD-0001963,2026-06-23,淘宝/天猫,potential_buyer,paid,delivered,89.0,0.0,8.0,97.0,True,20260903
ORD-0001964,2026-08-02,淘宝/天猫,occasional_buyer,paid,delivered,699.0,0.0,0.0,699.0,True,20260903
ORD-0001965,2026-07-14,B站会员购,core_buyer,cancelled,cancelled,699.0,0.0,0.0,0.0,True,20260903
ORD-0001966,2026-07-03,官方商城,core_buyer,cancelled,cancelled,198.0,0.0,0.0,0.0,True,20260903
ORD-0001967,2026-06-04,B站会员购,potential_buyer,paid,delivered,89.0,0.0,8.0,97.0,True,20260903
ORD-0001968,2026-08-03,官方商城,core_buyer,paid,delivered,128.0,6.4,0.0,121.6,True,20260903
ORD-0001969,2026-08-13,其他,potential_buyer,paid,pending,99.0,0.0,0.0,99.0,True,20260903
ORD-0001970,2026-08-04,淘宝/天猫,potential_buyer,paid,delivered,96.0,2.4,0.0,93.6,True,20260903
ORD-0001971,2026-07-29,B站会员购,core_buyer,paid,delivered,89.0,4.45,12.0,96.55,True,20260903
ORD-0001972,2026-08-15,官方商城,occasional_buyer,paid,delivered,18.0,0.9,8.0,25.1,True,20260903
ORD-0001973,2026-07-25,B站会员购,core_buyer,paid,delivered,313.0,5.7,0.0,307.3,True,20260903
ORD-0001974,2026-07-13,B站会员购,occasional_buyer,paid,delivered,39.0,0.0,0.0,39.0,True,20260903
ORD-0001975,2026-06-30,淘宝/天猫,potential_buyer,paid,delivered,18.0,0.0,8.0,26.0,True,20260903
ORD-0001976,2026-07-13,官方商城,core_buyer,paid,delivered,36.0,2.7,0.0,33.3,True,20260903
ORD-0001977,2026-06-25,官方商城,occasional_buyer,paid,delivered,1446.0,4.8,0.0,1441.2,True,20260903
ORD-0001978,2026-06-24,官方商城,potential_buyer,paid,delivered,699.0,0.0,0.0,699.0,True,20260903
ORD-0001979,2026-07-21,淘宝/天猫,core_buyer,paid,delivered,39.0,5.85,0.0,33.15,True,20260903
ORD-0001980,2026-08-16,二手平台,core_buyer,paid,delivered,256.0,0.0,0.0,256.0,True,20260903
ORD-0001981,2026-07-16,二手平台,occasional_buyer,paid,delivered,18.0,0.0,10.0,28.0,True,20260903
ORD-0001982,2026-06-30,淘宝/天猫,potential_buyer,paid,delivered,18.0,1.8,0.0,16.2,True,20260903
ORD-0001983,2026-07-08,淘宝/天猫,potential_buyer,paid,delivered,39.0,0.0,8.0,47.0,True,20260903
ORD-0001984,2026-07-06,淘宝/天猫,core_buyer,paid,delivered,195.0,19.5,0.0,175.5,True,20260903
ORD-0001985,2026-08-20,官方商城,potential_buyer,paid,delivered,384.0,0.0,0.0,384.0,True,20260903
ORD-0001986,2026-08-11,官方商城,occasional_buyer,paid,delivered,48.0,7.2,8.0,48.8,True,20260903
ORD-0001987,2026-08-03,B站会员购,core_buyer,paid,delivered,99.0,0.0,0.0,99.0,True,20260903
ORD-0001988,2026-07-06,淘宝/天猫,occasional_buyer,paid,delivered,99.0,4.95,0.0,94.05,True,20260903
ORD-0001989,2026-07-27,线下展会或快闪店,occasional_buyer,paid,delivered,39.0,3.9,10.0,45.1,True,20260903
ORD-0001990,2026-06-07,二手平台,occasional_buyer,paid,delivered,78.0,5.85,0.0,72.15,True,20260903
ORD-0001991,2026-07-04,线下展会或快闪店,core_buyer,paid,delivered,48.0,4.8,0.0,43.2,True,20260903
ORD-0001992,2026-08-06,B站会员购,potential_buyer,paid,delivered,48.0,0.0,0.0,48.0,True,20260903
ORD-0001993,2026-08-22,B站会员购,potential_buyer,paid,delivered,788.0,8.9,0.0,779.1,True,20260903
ORD-0001994,2026-06-19,官方商城,occasional_buyer,paid,delivered,18.0,0.9,0.0,17.1,True,20260903
ORD-0001995,2026-08-01,淘宝/天猫,occasional_buyer,paid,delivered,18.0,0.0,8.0,26.0,True,20260903
ORD-0001996,2026-07-18,B站会员购,occasional_buyer,cancelled,cancelled,717.0,0.9,0.0,0.0,True,20260903
ORD-0001997,2026-08-13,淘宝/天猫,potential_buyer,paid,delivered,99.0,0.0,0.0,99.0,True,20260903
ORD-0001998,2026-06-24,二手平台,core_buyer,cancelled,cancelled,699.0,104.85,0.0,0.0,True,20260903
ORD-0001999,2026-08-06,淘宝/天猫,occasional_buyer,paid,delivered,18.0,0.9,0.0,17.1,True,20260903
ORD-0002000,2026-07-31,其他,core_buyer,paid,delivered,18.0,0.0,10.0,28.0,True,20260903
ORD-0002001,2026-06-23,官方商城,core_buyer,paid,delivered,827.0,47.75,0.0,779.25,True,20260903
ORD-0002002,2026-08-17,官方商城,core_buyer,paid,delivered,39.0,0.0,8.0,47.0,True,20260903
ORD-0002003,2026-08-01,官方商城,core_buyer,paid,delivered,18.0,0.0,8.0,26.0,True,20260903
ORD-0002004,2026-06-16,淘宝/天猫,core_buyer,paid,delivered,48.0,4.8,8.0,51.2,True,20260903
ORD-0002005,2026-07-18,淘宝/天猫,core_buyer,paid,delivered,39.0,0.0,12.0,51.0,True,20260903
ORD-0002006,2026-07-20,官方商城,core_buyer,paid,delivered,18.0,0.0,10.0,28.0,True,20260903
ORD-0002007,2026-06-20,官方商城,core_buyer,paid,delivered,128.0,6.4,0.0,121.6,True,20260903
ORD-0002008,2026-06-17,官方商城,occasional_buyer,paid,delivered,699.0,0.0,0.0,699.0,True,20260903
ORD-0002009,2026-08-28,官方商城,occasional_buyer,paid,delivered,178.0,0.0,0.0,178.0,True,20260903
ORD-0002010,2026-06-19,淘宝/天猫,core_buyer,paid,delivered,699.0,69.9,0.0,629.1,True,20260903
ORD-0002011,2026-06-07,淘宝/天猫,occasional_buyer,paid,delivered,699.0,0.0,0.0,699.0,True,20260903
ORD-0002012,2026-08-01,淘宝/天猫,occasional_buyer,paid,shipped,39.0,0.0,0.0,39.0,True,20260903
ORD-0002013,2026-06-07,淘宝/天猫,occasional_buyer,paid,delivered,89.0,0.0,8.0,97.0,True,20260903
ORD-0002014,2026-08-26,官方商城,occasional_buyer,paid,delivered,18.0,0.0,8.0,26.0,True,20260903
ORD-0002015,2026-06-17,B站会员购,potential_buyer,paid,delivered,798.0,34.95,0.0,763.05,True,20260903
ORD-0002016,2026-07-31,线下展会或快闪店,core_buyer,paid,delivered,699.0,34.95,0.0,664.05,True,20260903
ORD-0002017,2026-07-29,B站会员购,occasional_buyer,paid,delivered,1055.0,35.6,0.0,1019.4,True,20260903
ORD-0002018,2026-06-28,B站会员购,core_buyer,paid,delivered,99.0,0.0,0.0,99.0,True,20260903
ORD-0002019,2026-06-14,淘宝/天猫,potential_buyer,paid,delivered,128.0,12.8,0.0,115.2,True,20260903
ORD-0002020,2026-07-15,B站会员购,potential_buyer,paid,delivered,138.0,3.9,0.0,134.1,True,20260903
ORD-0002021,2026-08-05,淘宝/天猫,core_buyer,paid,delivered,699.0,34.95,0.0,664.05,True,20260903
ORD-0002022,2026-06-15,官方商城,potential_buyer,paid,delivered,99.0,14.85,0.0,84.15,True,20260903
ORD-0002023,2026-08-27,B站会员购,core_buyer,paid,delivered,89.0,0.0,10.0,99.0,True,20260903
ORD-0002024,2026-06-19,二手平台,occasional_buyer,paid,delivered,89.0,0.0,8.0,97.0,True,20260903
ORD-0002025,2026-08-02,淘宝/天猫,core_buyer,paid,delivered,147.0,2.4,0.0,144.6,True,20260903
ORD-0002026,2026-07-12,淘宝/天猫,core_buyer,paid,delivered,188.0,0.0,0.0,188.0,True,20260903
ORD-0002027,2026-07-08,官方商城,core_buyer,paid,delivered,99.0,9.9,0.0,89.1,True,20260903
ORD-0002028,2026-07-20,B站会员购,core_buyer,paid,delivered,89.0,0.0,8.0,97.0,True,20260903
ORD-0002029,2026-08-19,B站会员购,core_buyer,paid,delivered,128.0,3.9,0.0,124.1,True,20260903
ORD-0002030,2026-07-03,B站会员购,core_buyer,paid,delivered,128.0,0.0,0.0,128.0,True,20260903
ORD-0002031,2026-07-20,官方商城,occasional_buyer,paid,shipped,99.0,0.0,0.0,99.0,True,20260903
ORD-0002032,2026-06-26,官方商城,potential_buyer,paid,delivered,237.0,8.85,0.0,228.15,True,20260903
ORD-0002033,2026-08-11,B站会员购,core_buyer,paid,delivered,699.0,0.0,0.0,699.0,True,20260903
ORD-0002034,2026-08-03,线下展会或快闪店,core_buyer,paid,delivered,178.0,8.9,0.0,169.1,True,20260903
ORD-0002035,2026-07-23,B站会员购,core_buyer,paid,delivered,39.0,3.9,12.0,47.1,True,20260903
ORD-0002036,2026-06-13,淘宝/天猫,occasional_buyer,paid,delivered,48.0,2.4,0.0,45.6,True,20260903
ORD-0002037,2026-07-29,B站会员购,occasional_buyer,paid,delivered,18.0,1.8,10.0,26.2,True,20260903
ORD-0002038,2026-08-09,淘宝/天猫,occasional_buyer,cancelled,cancelled,128.0,0.0,0.0,0.0,True,20260903
ORD-0002039,2026-07-17,直播间,core_buyer,cancelled,cancelled,99.0,0.0,0.0,0.0,True,20260903
ORD-0002040,2026-06-17,淘宝/天猫,occasional_buyer,paid,delivered,48.0,0.0,0.0,48.0,True,20260903
ORD-0002041,2026-08-15,淘宝/天猫,core_buyer,paid,delivered,89.0,4.45,8.0,92.55,True,20260903
ORD-0002042,2026-06-16,官方商城,core_buyer,paid,delivered,699.0,0.0,0.0,699.0,True,20260903
ORD-0002043,2026-08-25,淘宝/天猫,occasional_buyer,paid,delivered,39.0,0.0,0.0,39.0,True,20260903
ORD-0002044,2026-06-21,淘宝/天猫,core_buyer,paid,shipped,18.0,0.9,0.0,17.1,True,20260903
ORD-0002045,2026-07-29,官方商城,potential_buyer,paid,delivered,48.0,0.0,0.0,48.0,True,20260903
ORD-0002046,2026-07-21,淘宝/天猫,core_buyer,paid,delivered,18.0,0.0,8.0,26.0,True,20260903
ORD-0002047,2026-06-21,淘宝/天猫,occasional_buyer,paid,delivered,128.0,0.0,0.0,128.0,True,20260903
ORD-0002048,2026-06-05,淘宝/天猫,core_buyer,paid,delivered,48.0,2.4,0.0,45.6,True,20260903
ORD-0002049,2026-06-15,官方商城,core_buyer,cancelled,cancelled,699.0,0.0,0.0,0.0,True,20260903
ORD-0002050,2026-07-23,官方商城,core_buyer,paid,delivered,96.0,9.6,0.0,86.4,True,20260903
ORD-0002051,2026-06-05,B站会员购,occasional_buyer,paid,delivered,48.0,0.0,10.0,58.0,True,20260903
ORD-0002052,2026-06-09,B站会员购,core_buyer,paid,delivered,128.0,12.8,0.0,115.2,True,20260903
ORD-0002053,2026-06-25,线下展会或快闪店,core_buyer,cancelled,cancelled,89.0,4.45,0.0,0.0,True,20260903
ORD-0002054,2026-06-21,官方商城,occasional_buyer,paid,delivered,39.0,0.0,0.0,39.0,True,20260903
ORD-0002055,2026-06-15,官方商城,core_buyer,paid,delivered,99.0,9.9,0.0,89.1,True,20260903
ORD-0002056,2026-07-14,其他,potential_buyer,paid,delivered,699.0,0.0,0.0,699.0,True,20260903
ORD-0002057,2026-06-03,淘宝/天猫,occasional_buyer,paid,delivered,48.0,0.0,0.0,48.0,True,20260903
ORD-0002058,2026-08-25,淘宝/天猫,core_buyer,paid,shipped,48.0,0.0,0.0,48.0,True,20260903
ORD-0002059,2026-07-04,淘宝/天猫,occasional_buyer,paid,delivered,99.0,0.0,0.0,99.0,True,20260903
ORD-0002060,2026-07-03,官方商城,core_buyer,paid,pending,66.0,2.4,10.0,73.6,True,20260903
ORD-0002061,2026-08-18,B站会员购,occasional_buyer,paid,delivered,227.0,11.35,0.0,215.65,True,20260903
ORD-0002062,2026-07-06,官方商城,core_buyer,paid,delivered,128.0,12.8,0.0,115.2,True,20260903
ORD-0002063,2026-06-04,淘宝/天猫,core_buyer,paid,delivered,89.0,0.0,0.0,89.0,True,20260903
ORD-0002064,2026-08-04,淘宝/天猫,core_buyer,paid,delivered,39.0,0.0,8.0,47.0,True,20260903
ORD-0002065,2026-06-16,B站会员购,potential_buyer,paid,delivered,18.0,0.0,8.0,26.0,True,20260903
ORD-0002066,2026-07-23,淘宝/天猫,core_buyer,paid,delivered,126.0,3.9,0.0,122.1,True,20260903
ORD-0002067,2026-08-01,官方商城,occasional_buyer,paid,delivered,167.0,3.9,0.0,163.1,True,20260903
ORD-0002068,2026-06-01,其他,occasional_buyer,paid,delivered,1398.0,139.8,0.0,1258.2,True,20260903
ORD-0002069,2026-07-29,淘宝/天猫,core_buyer,paid,delivered,48.0,4.8,10.0,53.2,True,20260903
ORD-0002070,2026-08-04,B站会员购,core_buyer,paid,delivered,96.0,0.0,8.0,104.0,True,20260903
ORD-0002071,2026-06-02,官方商城,occasional_buyer,paid,delivered,18.0,1.8,0.0,16.2,True,20260903
ORD-0002072,2026-06-20,B站会员购,core_buyer,paid,delivered,128.0,6.4,0.0,121.6,True,20260903
ORD-0002073,2026-07-03,淘宝/天猫,occasional_buyer,paid,delivered,326.0,12.8,0.0,313.2,True,20260903
ORD-0002074,2026-07-17,淘宝/天猫,core_buyer,paid,delivered,717.0,0.0,0.0,717.0,True,20260903
ORD-0002075,2026-07-12,淘宝/天猫,occasional_buyer,paid,delivered,699.0,34.95,0.0,664.05,True,20260903
ORD-0002076,2026-06-17,淘宝/天猫,core_buyer,paid,delivered,99.0,0.0,0.0,99.0,True,20260903
ORD-0002077,2026-07-06,官方商城,core_buyer,paid,delivered,117.0,0.0,0.0,117.0,True,20260903
ORD-0002078,2026-08-07,B站会员购,core_buyer,paid,shipped,99.0,0.0,0.0,99.0,True,20260903
ORD-0002079,2026-07-13,淘宝/天猫,potential_buyer,paid,delivered,99.0,0.0,0.0,99.0,True,20260903
ORD-0002080,2026-07-18,淘宝/天猫,core_buyer,paid,delivered,48.0,4.8,8.0,51.2,True,20260903
ORD-0002081,2026-06-28,淘宝/天猫,core_buyer,paid,delivered,48.0,4.8,10.0,53.2,True,20260903
ORD-0002082,2026-07-13,B站会员购,core_buyer,paid,delivered,99.0,0.0,0.0,99.0,True,20260903
ORD-0002083,2026-08-15,官方商城,occasional_buyer,paid,delivered,99.0,9.9,0.0,89.1,True,20260903
ORD-0002084,2026-08-28,B站会员购,core_buyer,paid,delivered,99.0,0.0,0.0,99.0,True,20260903
ORD-0002085,2026-07-28,线下展会或快闪店,occasional_buyer,paid,delivered,18.0,0.0,0.0,18.0,True,20260903
ORD-0002086,2026-08-22,线下展会或快闪店,potential_buyer,paid,delivered,99.0,4.95,8.0,102.05,True,20260903
ORD-0002087,2026-07-12,官方商城,occasional_buyer,paid,delivered,699.0,0.0,0.0,699.0,True,20260903
ORD-0002088,2026-06-20,B站会员购,occasional_buyer,paid,delivered,147.0,12.3,0.0,134.7,True,20260903
ORD-0002089,2026-08-10,官方商城,occasional_buyer,paid,delivered,48.0,0.0,10.0,58.0,True,20260903
ORD-0002090,2026-06-15,B站会员购,occasional_buyer,paid,delivered,39.0,5.85,10.0,43.15,True,20260903
ORD-0002091,2026-06-19,淘宝/天猫,occasional_buyer,paid,delivered,699.0,0.0,0.0,699.0,True,20260903
ORD-0002092,2026-06-28,B站会员购,core_buyer,paid,delivered,735.0,69.9,0.0,665.1,True,20260903
ORD-0002093,2026-08-26,官方商城,occasional_buyer,paid,delivered,146.0,0.0,0.0,146.0,True,20260903
ORD-0002094,2026-08-02,B站会员购,core_buyer,paid,delivered,48.0,0.0,8.0,56.0,True,20260903
ORD-0002095,2026-06-21,B站会员购,core_buyer,paid,delivered,18.0,0.0,10.0,28.0,True,20260903
ORD-0002096,2026-07-16,官方商城,core_buyer,paid,delivered,36.0,0.0,8.0,44.0,True,20260903
ORD-0002097,2026-07-10,淘宝/天猫,occasional_buyer,paid,delivered,99.0,0.0,0.0,99.0,True,20260903
ORD-0002098,2026-07-17,淘宝/天猫,core_buyer,paid,delivered,18.0,1.8,8.0,24.2,True,20260903
ORD-0002099,2026-08-05,其他,core_buyer,paid,delivered,128.0,0.0,0.0,128.0,True,20260903
ORD-0002100,2026-06-30,淘宝/天猫,core_buyer,paid,delivered,99.0,0.0,0.0,99.0,True,20260903
ORD-0002101,2026-07-18,官方商城,occasional_buyer,paid,delivered,48.0,4.8,8.0,51.2,True,20260903
ORD-0002102,2026-07-26,B站会员购,core_buyer,paid,delivered,89.0,4.45,10.0,94.55,True,20260903
ORD-0002103,2026-06-16,线下展会或快闪店,core_buyer,paid,delivered,48.0,4.8,0.0,43.2,True,20260903
ORD-0002104,2026-07-25,官方商城,potential_buyer,paid,delivered,137.0,6.85,0.0,130.15,True,20260903
ORD-0002105,2026-07-02,线下展会或快闪店,potential_buyer,paid,delivered,128.0,0.0,0.0,128.0,True,20260903
ORD-0002106,2026-08-22,官方商城,core_buyer,paid,delivered,48.0,0.0,0.0,48.0,True,20260903
ORD-0002107,2026-08-15,官方商城,core_buyer,paid,delivered,217.0,0.0,0.0,217.0,True,20260903
ORD-0002108,2026-06-19,淘宝/天猫,core_buyer,paid,delivered,18.0,0.0,8.0,26.0,True,20260903
ORD-0002109,2026-07-05,B站会员购,core_buyer,paid,delivered,39.0,1.95,10.0,47.05,True,20260903
ORD-0002110,2026-08-01,二手平台,core_buyer,cancelled,cancelled,188.0,4.45,0.0,0.0,True,20260903
ORD-0002111,2026-07-23,淘宝/天猫,core_buyer,paid,delivered,99.0,0.0,0.0,99.0,True,20260903
ORD-0002112,2026-06-23,淘宝/天猫,core_buyer,paid,delivered,699.0,0.0,0.0,699.0,True,20260903
ORD-0002113,2026-08-25,二手平台,occasional_buyer,paid,delivered,48.0,4.8,0.0,43.2,True,20260903
ORD-0002114,2026-07-26,B站会员购,core_buyer,paid,delivered,128.0,0.0,0.0,128.0,True,20260903
ORD-0002115,2026-08-06,官方商城,occasional_buyer,paid,delivered,18.0,0.9,12.0,29.1,True,20260903
ORD-0002116,2026-08-25,二手平台,occasional_buyer,paid,delivered,87.0,0.0,0.0,87.0,True,20260903
ORD-0002117,2026-06-21,淘宝/天猫,occasional_buyer,paid,delivered,297.0,14.85,0.0,282.15,True,20260903
ORD-0002118,2026-08-21,官方商城,core_buyer,paid,delivered,117.0,0.9,0.0,116.1,True,20260903
ORD-0002119,2026-08-13,淘宝/天猫,potential_buyer,paid,shipped,48.0,0.0,10.0,58.0,True,20260903
ORD-0002120,2026-06-17,B站会员购,core_buyer,paid,delivered,18.0,1.8,8.0,24.2,True,20260903
ORD-0002121,2026-08-27,B站会员购,occasional_buyer,paid,delivered,117.0,0.0,0.0,117.0,True,20260903
ORD-0002122,2026-07-22,官方商城,potential_buyer,paid,delivered,89.0,8.9,10.0,90.1,True,20260903
ORD-0002123,2026-06-18,线下展会或快闪店,occasional_buyer,paid,delivered,99.0,0.0,0.0,99.0,True,20260903
ORD-0002124,2026-07-22,官方商城,occasional_buyer,paid,delivered,295.0,14.75,0.0,280.25,True,20260903
ORD-0002125,2026-08-04,官方商城,core_buyer,paid,delivered,36.0,0.0,0.0,36.0,True,20260903
ORD-0002126,2026-08-29,淘宝/天猫,occasional_buyer,paid,delivered,128.0,6.4,0.0,121.6,True,20260903
ORD-0002127,2026-07-04,淘宝/天猫,occasional_buyer,paid,delivered,128.0,0.0,0.0,128.0,True,20260903
ORD-0002128,2026-08-01,官方商城,core_buyer,paid,delivered,99.0,0.0,0.0,99.0,True,20260903
ORD-0002129,2026-06-17,官方商城,occasional_buyer,paid,delivered,89.0,13.35,8.0,83.65,True,20260903
ORD-0002130,2026-06-03,线下展会或快闪店,occasional_buyer,paid,delivered,36.0,0.0,10.0,46.0,True,20260903
ORD-0002131,2026-07-20,其他,potential_buyer,paid,delivered,384.0,12.8,0.0,371.2,True,20260903
ORD-0002132,2026-06-16,淘宝/天猫,occasional_buyer,paid,delivered,256.0,25.6,0.0,230.4,True,20260903
ORD-0002133,2026-07-28,官方商城,core_buyer,paid,delivered,48.0,0.0,8.0,56.0,True,20260903
ORD-0002134,2026-08-13,线下展会或快闪店,occasional_buyer,paid,delivered,48.0,0.0,8.0,56.0,True,20260903
ORD-0002135,2026-06-20,直播间,occasional_buyer,paid,delivered,18.0,0.0,0.0,18.0,True,20260903
ORD-0002136,2026-07-12,淘宝/天猫,potential_buyer,paid,delivered,89.0,0.0,10.0,99.0,True,20260903
ORD-0002137,2026-06-15,淘宝/天猫,potential_buyer,paid,delivered,699.0,69.9,0.0,629.1,True,20260903
ORD-0002138,2026-08-01,官方商城,occasional_buyer,paid,delivered,99.0,0.0,0.0,99.0,True,20260903
ORD-0002139,2026-06-18,官方商城,occasional_buyer,paid,delivered,138.0,9.9,0.0,128.1,True,20260903
ORD-0002140,2026-06-16,淘宝/天猫,occasional_buyer,paid,delivered,18.0,0.9,0.0,17.1,True,20260903
ORD-0002141,2026-06-08,官方商城,core_buyer,paid,shipped,89.0,0.0,10.0,99.0,True,20260903
ORD-0002142,2026-07-25,淘宝/天猫,occasional_buyer,paid,delivered,89.0,4.45,10.0,94.55,True,20260903
ORD-0002143,2026-07-27,直播间,core_buyer,paid,delivered,18.0,0.9,12.0,29.1,True,20260903
ORD-0002144,2026-08-12,B站会员购,occasional_buyer,paid,delivered,178.0,17.8,0.0,160.2,True,20260903
ORD-0002145,2026-07-01,淘宝/天猫,core_buyer,paid,delivered,39.0,0.0,12.0,51.0,True,20260903
ORD-0002146,2026-08-04,B站会员购,core_buyer,paid,delivered,39.0,5.85,0.0,33.15,True,20260903
ORD-0002147,2026-06-10,淘宝/天猫,core_buyer,paid,delivered,36.0,1.8,8.0,42.2,True,20260903
ORD-0002148,2026-06-13,淘宝/天猫,occasional_buyer,paid,delivered,699.0,69.9,0.0,629.1,True,20260903
ORD-0002149,2026-07-30,淘宝/天猫,potential_buyer,paid,delivered,89.0,0.0,10.0,99.0,True,20260903
ORD-0002150,2026-07-18,B站会员购,core_buyer,paid,delivered,18.0,0.0,0.0,18.0,True,20260903
ORD-0002151,2026-07-28,官方商城,core_buyer,paid,delivered,128.0,0.0,0.0,128.0,True,20260903
ORD-0002152,2026-07-11,官方商城,occasional_buyer,paid,delivered,89.0,8.9,10.0,90.1,True,20260903
ORD-0002153,2026-08-13,淘宝/天猫,potential_buyer,paid,delivered,36.0,0.0,8.0,44.0,True,20260903
ORD-0002154,2026-07-19,淘宝/天猫,core_buyer,paid,delivered,18.0,0.9,0.0,17.1,True,20260903
ORD-0002155,2026-07-29,线下展会或快闪店,core_buyer,paid,delivered,215.0,7.2,0.0,207.8,True,20260903
ORD-0002156,2026-07-01,B站会员购,occasional_buyer,paid,delivered,256.0,25.6,0.0,230.4,True,20260903
ORD-0002157,2026-06-20,B站会员购,core_buyer,paid,delivered,167.0,1.95,0.0,165.05,True,20260903
ORD-0002158,2026-06-14,B站会员购,potential_buyer,paid,delivered,66.0,2.4,10.0,73.6,True,20260903
ORD-0002159,2026-06-04,线下展会或快闪店,occasional_buyer,paid,delivered,99.0,0.0,0.0,99.0,True,20260903
ORD-0002160,2026-07-23,官方商城,occasional_buyer,paid,delivered,717.0,0.9,0.0,716.1,True,20260903
ORD-0002161,2026-08-21,官方商城,potential_buyer,paid,delivered,164.0,1.8,0.0,162.2,True,20260903
ORD-0002162,2026-07-15,官方商城,core_buyer,paid,delivered,78.0,3.9,8.0,82.1,True,20260903
ORD-0002163,2026-06-20,线下展会或快闪店,potential_buyer,paid,delivered,18.0,2.7,8.0,23.3,True,20260903
ORD-0002164,2026-08-06,B站会员购,occasional_buyer,paid,delivered,99.0,9.9,10.0,99.1,True,20260903
ORD-0002165,2026-06-13,官方商城,occasional_buyer,paid,delivered,135.0,0.0,0.0,135.0,True,20260903
ORD-0002166,2026-06-19,官方商城,core_buyer,paid,delivered,89.0,8.9,0.0,80.1,True,20260903
ORD-0002167,2026-07-27,其他,core_buyer,paid,delivered,798.0,44.85,0.0,753.15,True,20260903
ORD-0002168,2026-06-17,B站会员购,core_buyer,paid,delivered,699.0,69.9,0.0,629.1,True,20260903
ORD-0002169,2026-08-07,官方商城,occasional_buyer,paid,delivered,178.0,8.9,0.0,169.1,True,20260903
ORD-0002170,2026-07-01,官方商城,occasional_buyer,paid,delivered,128.0,0.0,0.0,128.0,True,20260903
ORD-0002171,2026-07-14,B站会员购,occasional_buyer,paid,delivered,146.0,5.85,0.0,140.15,True,20260903
ORD-0002172,2026-08-16,淘宝/天猫,occasional_buyer,paid,delivered,1494.0,139.8,0.0,1354.2,True,20260903
ORD-0002173,2026-06-07,二手平台,occasional_buyer,paid,delivered,128.0,6.4,0.0,121.6,True,20260903
ORD-0002174,2026-08-24,直播间,occasional_buyer,paid,delivered,54.0,2.7,10.0,61.3,True,20260903
ORD-0002175,2026-08-25,B站会员购,core_buyer,paid,delivered,128.0,0.0,0.0,128.0,True,20260903
ORD-0002176,2026-07-08,官方商城,core_buyer,paid,delivered,48.0,7.2,8.0,48.8,True,20260903
ORD-0002177,2026-06-23,二手平台,occasional_buyer,paid,delivered,198.0,0.0,0.0,198.0,True,20260903
ORD-0002178,2026-07-27,B站会员购,core_buyer,paid,delivered,699.0,0.0,0.0,699.0,True,20260903
ORD-0002179,2026-08-03,官方商城,occasional_buyer,paid,delivered,48.0,4.8,8.0,51.2,True,20260903
ORD-0002180,2026-06-30,B站会员购,occasional_buyer,paid,delivered,39.0,0.0,8.0,47.0,True,20260903
ORD-0002181,2026-06-18,B站会员购,core_buyer,paid,delivered,699.0,0.0,0.0,699.0,True,20260903
ORD-0002182,2026-08-13,线下展会或快闪店,core_buyer,paid,delivered,237.0,9.9,0.0,227.1,True,20260903
ORD-0002183,2026-08-04,二手平台,core_buyer,paid,delivered,18.0,0.0,10.0,28.0,True,20260903
ORD-0002184,2026-07-14,淘宝/天猫,occasional_buyer,paid,delivered,699.0,0.0,0.0,699.0,True,20260903
ORD-0002185,2026-08-15,官方商城,occasional_buyer,paid,delivered,48.0,4.8,8.0,51.2,True,20260903
ORD-0002186,2026-07-30,淘宝/天猫,potential_buyer,paid,delivered,89.0,0.0,8.0,97.0,True,20260903
ORD-0002187,2026-07-02,官方商城,core_buyer,paid,delivered,36.0,3.6,8.0,40.4,True,20260903
ORD-0002188,2026-06-02,B站会员购,occasional_buyer,paid,delivered,105.0,2.4,0.0,102.6,True,20260903
ORD-0002189,2026-07-10,线下展会或快闪店,core_buyer,paid,delivered,48.0,2.4,0.0,45.6,True,20260903
ORD-0002190,2026-06-06,官方商城,occasional_buyer,paid,delivered,89.0,4.45,10.0,94.55,True,20260903
ORD-0002191,2026-06-15,淘宝/天猫,core_buyer,paid,delivered,18.0,0.0,10.0,28.0,True,20260903
ORD-0002192,2026-06-16,B站会员购,core_buyer,paid,delivered,57.0,1.95,10.0,65.05,True,20260903
ORD-0002193,2026-06-22,官方商城,occasional_buyer,paid,shipped,99.0,0.0,0.0,99.0,True,20260903
ORD-0002194,2026-06-30,线下展会或快闪店,core_buyer,cancelled,cancelled,18.0,0.0,8.0,0.0,True,20260903
ORD-0002195,2026-08-01,B站会员购,occasional_buyer,paid,delivered,699.0,34.95,0.0,664.05,True,20260903
ORD-0002196,2026-07-30,线下展会或快闪店,occasional_buyer,paid,pending,78.0,7.8,0.0,70.2,True,20260903
ORD-0002197,2026-06-08,淘宝/天猫,core_buyer,paid,delivered,699.0,0.0,0.0,699.0,True,20260903
ORD-0002198,2026-07-22,B站会员购,potential_buyer,paid,delivered,256.0,12.8,0.0,243.2,True,20260903
ORD-0002199,2026-08-19,淘宝/天猫,occasional_buyer,paid,delivered,128.0,0.0,0.0,128.0,True,20260903
ORD-0002200,2026-08-11,B站会员购,core_buyer,paid,delivered,1398.0,0.0,0.0,1398.0,True,20260903
ORD-0002201,2026-06-15,线下展会或快闪店,occasional_buyer,paid,delivered,128.0,0.0,0.0,128.0,True,20260903
ORD-0002202,2026-07-27,线下展会或快闪店,potential_buyer,paid,delivered,376.0,8.9,0.0,367.1,True,20260903
ORD-0002203,2026-06-11,淘宝/天猫,core_buyer,paid,delivered,227.0,4.95,0.0,222.05,True,20260903
ORD-0002204,2026-06-12,官方商城,core_buyer,paid,delivered,384.0,38.4,0.0,345.6,True,20260903
ORD-0002205,2026-07-31,线下展会或快闪店,core_buyer,paid,delivered,128.0,19.2,0.0,108.8,True,20260903
ORD-0002206,2026-06-03,淘宝/天猫,occasional_buyer,paid,delivered,89.0,0.0,8.0,97.0,True,20260903
ORD-0002207,2026-07-18,淘宝/天猫,potential_buyer,paid,pending,48.0,2.4,0.0,45.6,True,20260903
ORD-0002208,2026-06-12,淘宝/天猫,occasional_buyer,paid,delivered,99.0,0.0,0.0,99.0,True,20260903
ORD-0002209,2026-06-05,淘宝/天猫,core_buyer,paid,delivered,699.0,0.0,0.0,699.0,True,20260903
ORD-0002210,2026-07-07,官方商城,core_buyer,paid,delivered,99.0,9.9,10.0,99.1,True,20260903
ORD-0002211,2026-06-04,二手平台,core_buyer,paid,delivered,1416.0,0.0,0.0,1416.0,True,20260903
ORD-0002212,2026-07-05,B站会员购,occasional_buyer,paid,delivered,99.0,0.0,0.0,99.0,True,20260903
ORD-0002213,2026-07-28,官方商城,core_buyer,paid,delivered,99.0,0.0,0.0,99.0,True,20260903
ORD-0002214,2026-07-29,线下展会或快闪店,potential_buyer,paid,delivered,18.0,0.0,10.0,28.0,True,20260903
ORD-0002215,2026-07-17,官方商城,potential_buyer,paid,delivered,99.0,9.9,8.0,97.1,True,20260903
ORD-0002216,2026-07-24,线下展会或快闪店,occasional_buyer,paid,delivered,99.0,0.0,0.0,99.0,True,20260903
ORD-0002217,2026-08-26,官方商城,occasional_buyer,paid,delivered,128.0,19.2,0.0,108.8,True,20260903
ORD-0002218,2026-08-23,线下展会或快闪店,occasional_buyer,cancelled,cancelled,99.0,0.0,0.0,0.0,True,20260903
ORD-0002219,2026-08-25,官方商城,core_buyer,paid,delivered,48.0,0.0,8.0,56.0,True,20260903
ORD-0002220,2026-07-07,官方商城,potential_buyer,paid,delivered,128.0,0.0,0.0,128.0,True,20260903
ORD-0002221,2026-07-29,线下展会或快闪店,core_buyer,paid,delivered,66.0,0.0,10.0,76.0,True,20260903
ORD-0002222,2026-06-30,B站会员购,core_buyer,paid,delivered,66.0,3.3,0.0,62.7,True,20260903
ORD-0002223,2026-07-16,线下展会或快闪店,occasional_buyer,paid,delivered,1398.0,69.9,0.0,1328.1,True,20260903
ORD-0002224,2026-06-19,官方商城,occasional_buyer,cancelled,cancelled,144.0,7.2,0.0,0.0,True,20260903
ORD-0002225,2026-06-22,B站会员购,core_buyer,paid,delivered,735.0,3.6,0.0,731.4,True,20260903
ORD-0002226,2026-08-11,官方商城,occasional_buyer,paid,delivered,48.0,0.0,8.0,56.0,True,20260903
ORD-0002227,2026-07-21,官方商城,core_buyer,paid,delivered,699.0,0.0,0.0,699.0,True,20260903
ORD-0002228,2026-08-06,线下展会或快闪店,core_buyer,paid,delivered,57.0,0.0,0.0,57.0,True,20260903
ORD-0002229,2026-07-12,B站会员购,potential_buyer,cancelled,cancelled,89.0,0.0,10.0,0.0,True,20260903
ORD-0002230,2026-06-26,淘宝/天猫,core_buyer,paid,delivered,18.0,0.0,8.0,26.0,True,20260903
ORD-0002231,2026-06-24,淘宝/天猫,occasional_buyer,paid,delivered,36.0,3.6,0.0,32.4,True,20260903
ORD-0002232,2026-07-28,线下展会或快闪店,core_buyer,paid,delivered,99.0,4.95,10.0,104.05,True,20260903
ORD-0002233,2026-07-19,官方商城,core_buyer,paid,delivered,89.0,0.0,0.0,89.0,True,20260903
ORD-0002234,2026-08-02,B站会员购,occasional_buyer,paid,delivered,18.0,0.9,0.0,17.1,True,20260903
ORD-0002235,2026-08-22,官方商城,core_buyer,cancelled,cancelled,18.0,0.0,0.0,0.0,True,20260903
ORD-0002236,2026-06-01,B站会员购,potential_buyer,paid,delivered,356.0,17.8,0.0,338.2,True,20260903
ORD-0002237,2026-07-28,B站会员购,occasional_buyer,paid,delivered,48.0,0.0,0.0,48.0,True,20260903
ORD-0002238,2026-07-25,官方商城,core_buyer,paid,delivered,89.0,0.0,0.0,89.0,True,20260903
ORD-0002239,2026-08-03,B站会员购,potential_buyer,paid,delivered,99.0,0.0,0.0,99.0,True,20260903
ORD-0002240,2026-06-19,线下展会或快闪店,potential_buyer,paid,delivered,699.0,0.0,0.0,699.0,True,20260903
ORD-0002241,2026-06-25,淘宝/天猫,potential_buyer,paid,delivered,738.0,34.95,0.0,703.05,True,20260903
ORD-0002242,2026-06-15,B站会员购,occasional_buyer,paid,delivered,465.0,9.9,0.0,455.1,True,20260903
ORD-0002243,2026-06-13,线下展会或快闪店,potential_buyer,paid,delivered,89.0,0.0,8.0,97.0,True,20260903
ORD-0002244,2026-06-04,线下展会或快闪店,occasional_buyer,paid,delivered,39.0,1.95,8.0,45.05,True,20260903
ORD-0002245,2026-06-08,官方商城,core_buyer,paid,delivered,18.0,0.0,12.0,30.0,True,20260903
ORD-0002246,2026-06-22,其他,occasional_buyer,paid,shipped,48.0,2.4,8.0,53.6,True,20260903
ORD-0002247,2026-07-15,二手平台,core_buyer,paid,delivered,89.0,0.0,0.0,89.0,True,20260903
ORD-0002248,2026-07-19,官方商城,core_buyer,paid,delivered,39.0,0.0,0.0,39.0,True,20260903
ORD-0002249,2026-06-20,线下展会或快闪店,core_buyer,paid,delivered,39.0,1.95,0.0,37.05,True,20260903
ORD-0002250,2026-08-24,淘宝/天猫,occasional_buyer,paid,delivered,99.0,0.0,0.0,99.0,True,20260903
ORD-0002251,2026-06-07,B站会员购,occasional_buyer,paid,delivered,96.0,4.8,0.0,91.2,True,20260903
ORD-0002252,2026-07-09,淘宝/天猫,potential_buyer,paid,delivered,128.0,0.0,0.0,128.0,True,20260903
ORD-0002253,2026-08-11,B站会员购,occasional_buyer,paid,delivered,699.0,69.9,0.0,629.1,True,20260903
ORD-0002254,2026-08-10,B站会员购,core_buyer,paid,delivered,699.0,69.9,0.0,629.1,True,20260903
ORD-0002255,2026-06-21,淘宝/天猫,core_buyer,paid,delivered,89.0,0.0,10.0,99.0,True,20260903
ORD-0002256,2026-08-24,淘宝/天猫,core_buyer,paid,delivered,36.0,0.0,8.0,44.0,True,20260903
ORD-0002257,2026-08-01,官方商城,core_buyer,paid,delivered,48.0,4.8,8.0,51.2,True,20260903
ORD-0002258,2026-08-27,二手平台,core_buyer,paid,delivered,699.0,0.0,0.0,699.0,True,20260903
ORD-0002259,2026-08-19,官方商城,core_buyer,paid,delivered,107.0,6.25,0.0,100.75,True,20260903
ORD-0002260,2026-08-17,线下展会或快闪店,occasional_buyer,paid,delivered,96.0,0.0,8.0,104.0,True,20260903
ORD-0002261,2026-06-09,淘宝/天猫,core_buyer,paid,delivered,297.0,0.0,0.0,297.0,True,20260903
ORD-0002262,2026-07-03,B站会员购,core_buyer,cancelled,cancelled,128.0,0.0,0.0,0.0,True,20260903
ORD-0002263,2026-08-02,淘宝/天猫,core_buyer,paid,delivered,128.0,12.8,0.0,115.2,True,20260903
ORD-0002264,2026-08-01,B站会员购,occasional_buyer,paid,delivered,99.0,4.95,8.0,102.05,True,20260903
ORD-0002265,2026-08-02,B站会员购,occasional_buyer,paid,delivered,128.0,0.0,0.0,128.0,True,20260903
ORD-0002266,2026-08-22,线下展会或快闪店,occasional_buyer,paid,delivered,267.0,13.35,0.0,253.65,True,20260903
ORD-0002267,2026-06-14,B站会员购,occasional_buyer,paid,delivered,128.0,12.8,0.0,115.2,True,20260903
ORD-0002268,2026-08-03,B站会员购,core_buyer,paid,delivered,128.0,0.0,0.0,128.0,True,20260903
ORD-0002269,2026-07-07,淘宝/天猫,occasional_buyer,paid,pending,89.0,0.0,8.0,97.0,True,20260903
ORD-0002270,2026-06-24,官方商城,core_buyer,paid,delivered,96.0,9.6,0.0,86.4,True,20260903
ORD-0002271,2026-06-14,B站会员购,core_buyer,paid,delivered,1398.0,139.8,0.0,1258.2,True,20260903
ORD-0002272,2026-06-29,线下展会或快闪店,core_buyer,paid,delivered,89.0,0.0,0.0,89.0,True,20260903
ORD-0002273,2026-06-05,线下展会或快闪店,core_buyer,paid,delivered,18.0,1.8,8.0,24.2,True,20260903
ORD-0002274,2026-06-20,淘宝/天猫,occasional_buyer,paid,delivered,699.0,34.95,0.0,664.05,True,20260903
ORD-0002275,2026-06-17,官方商城,core_buyer,paid,shipped,39.0,0.0,10.0,49.0,True,20260903
ORD-0002276,2026-06-22,线下展会或快闪店,occasional_buyer,paid,delivered,89.0,8.9,8.0,88.1,True,20260903
ORD-0002277,2026-06-06,B站会员购,occasional_buyer,paid,delivered,128.0,0.0,0.0,128.0,True,20260903
ORD-0002278,2026-08-26,官方商城,occasional_buyer,paid,delivered,267.0,0.0,0.0,267.0,True,20260903
ORD-0002279,2026-06-29,其他,occasional_buyer,paid,delivered,96.0,2.4,12.0,105.6,True,20260903
ORD-0002280,2026-06-30,线下展会或快闪店,potential_buyer,paid,delivered,699.0,34.95,0.0,664.05,True,20260903
ORD-0002281,2026-06-19,官方商城,potential_buyer,paid,delivered,128.0,0.0,0.0,128.0,True,20260903
ORD-0002282,2026-06-02,线下展会或快闪店,core_buyer,paid,delivered,196.0,2.7,0.0,193.3,True,20260903
ORD-0002283,2026-06-28,线下展会或快闪店,occasional_buyer,paid,delivered,699.0,0.0,0.0,699.0,True,20260903
ORD-0002284,2026-07-26,淘宝/天猫,potential_buyer,paid,delivered,699.0,0.0,0.0,699.0,True,20260903
ORD-0002285,2026-08-01,淘宝/天猫,core_buyer,paid,delivered,18.0,0.0,0.0,18.0,True,20260903
ORD-0002286,2026-06-19,B站会员购,potential_buyer,paid,delivered,128.0,6.4,0.0,121.6,True,20260903
ORD-0002287,2026-07-17,线下展会或快闪店,core_buyer,paid,shipped,699.0,0.0,0.0,699.0,True,20260903
ORD-0002288,2026-07-28,二手平台,core_buyer,paid,delivered,123.0,0.0,0.0,123.0,True,20260903
ORD-0002289,2026-06-19,官方商城,core_buyer,paid,delivered,48.0,0.0,8.0,56.0,True,20260903
ORD-0002290,2026-08-10,直播间,core_buyer,paid,delivered,798.0,14.85,0.0,783.15,True,20260903
ORD-0002291,2026-06-22,官方商城,occasional_buyer,paid,delivered,57.0,0.0,10.0,67.0,True,20260903
ORD-0002292,2026-06-24,其他,core_buyer,paid,delivered,256.0,12.8,0.0,243.2,True,20260903
ORD-0002293,2026-07-08,B站会员购,occasional_buyer,paid,delivered,747.0,69.9,0.0,677.1,True,20260903
ORD-0002294,2026-08-29,直播间,core_buyer,paid,delivered,1398.0,139.8,0.0,1258.2,True,20260903
ORD-0002295,2026-08-08,二手平台,potential_buyer,paid,delivered,99.0,9.9,10.0,99.1,True,20260903
ORD-0002296,2026-07-01,官方商城,occasional_buyer,paid,delivered,89.0,13.35,10.0,85.65,True,20260903
ORD-0002297,2026-07-29,淘宝/天猫,occasional_buyer,paid,delivered,18.0,1.8,0.0,16.2,True,20260903
ORD-0002298,2026-06-25,B站会员购,core_buyer,paid,delivered,39.0,1.95,8.0,45.05,True,20260903
ORD-0002299,2026-07-27,其他,occasional_buyer,paid,shipped,99.0,0.0,0.0,99.0,True,20260903
ORD-0002300,2026-07-17,其他,occasional_buyer,paid,delivered,178.0,0.0,0.0,178.0,True,20260903
ORD-0002301,2026-06-10,官方商城,potential_buyer,paid,delivered,18.0,0.0,0.0,18.0,True,20260903
ORD-0002302,2026-06-23,线下展会或快闪店,potential_buyer,paid,delivered,236.0,8.9,0.0,227.1,True,20260903
ORD-0002303,2026-06-18,官方商城,occasional_buyer,paid,delivered,699.0,0.0,0.0,699.0,True,20260903
ORD-0002304,2026-08-15,淘宝/天猫,core_buyer,paid,delivered,48.0,0.0,0.0,48.0,True,20260903
ORD-0002305,2026-07-19,线下展会或快闪店,core_buyer,paid,delivered,1398.0,0.0,0.0,1398.0,True,20260903
ORD-0002306,2026-07-06,B站会员购,core_buyer,paid,delivered,128.0,6.4,0.0,121.6,True,20260903
ORD-0002307,2026-08-06,官方商城,potential_buyer,paid,delivered,48.0,4.8,0.0,43.2,True,20260903
ORD-0002308,2026-08-02,淘宝/天猫,potential_buyer,paid,delivered,89.0,0.0,8.0,97.0,True,20260903
ORD-0002309,2026-08-05,淘宝/天猫,potential_buyer,paid,delivered,66.0,3.3,8.0,70.7,True,20260903
ORD-0002310,2026-07-23,淘宝/天猫,core_buyer,paid,delivered,99.0,14.85,8.0,92.15,True,20260903
ORD-0002311,2026-07-08,淘宝/天猫,occasional_buyer,paid,delivered,128.0,12.8,0.0,115.2,True,20260903
ORD-0002312,2026-08-17,B站会员购,occasional_buyer,paid,delivered,39.0,3.9,0.0,35.1,True,20260903
ORD-0002313,2026-07-23,直播间,potential_buyer,paid,delivered,188.0,13.85,0.0,174.15,True,20260903
ORD-0002314,2026-07-28,官方商城,occasional_buyer,paid,delivered,99.0,0.0,0.0,99.0,True,20260903
ORD-0002315,2026-07-12,淘宝/天猫,core_buyer,paid,delivered,99.0,0.0,0.0,99.0,True,20260903
ORD-0002316,2026-08-05,官方商城,occasional_buyer,paid,delivered,66.0,1.8,0.0,64.2,True,20260903
ORD-0002317,2026-06-01,B站会员购,occasional_buyer,paid,delivered,699.0,34.95,0.0,664.05,True,20260903
ORD-0002318,2026-07-17,淘宝/天猫,core_buyer,paid,delivered,18.0,0.0,0.0,18.0,True,20260903
ORD-0002319,2026-08-07,线下展会或快闪店,potential_buyer,paid,delivered,99.0,0.0,0.0,99.0,True,20260903
ORD-0002320,2026-07-28,淘宝/天猫,core_buyer,paid,delivered,48.0,4.8,8.0,51.2,True,20260903
ORD-0002321,2026-07-19,淘宝/天猫,occasional_buyer,paid,delivered,48.0,0.0,0.0,48.0,True,20260903
ORD-0002322,2026-08-05,淘宝/天猫,occasional_buyer,paid,delivered,39.0,0.0,8.0,47.0,True,20260903
ORD-0002323,2026-06-17,B站会员购,core_buyer,paid,delivered,699.0,0.0,0.0,699.0,True,20260903
ORD-0002324,2026-06-17,官方商城,core_buyer,paid,delivered,195.0,4.8,0.0,190.2,True,20260903
ORD-0002325,2026-08-14,官方商城,occasional_buyer,paid,delivered,747.0,4.8,0.0,742.2,True,20260903
ORD-0002326,2026-08-20,官方商城,occasional_buyer,paid,delivered,39.0,0.0,8.0,47.0,True,20260903
ORD-0002327,2026-07-18,淘宝/天猫,core_buyer,paid,delivered,99.0,0.0,0.0,99.0,True,20260903
ORD-0002328,2026-07-17,淘宝/天猫,potential_buyer,paid,delivered,48.0,0.0,10.0,58.0,True,20260903
ORD-0002329,2026-07-13,官方商城,occasional_buyer,paid,delivered,48.0,0.0,0.0,48.0,True,20260903
ORD-0002330,2026-08-22,淘宝/天猫,occasional_buyer,paid,delivered,99.0,0.0,0.0,99.0,True,20260903
ORD-0002331,2026-08-22,官方商城,core_buyer,paid,delivered,48.0,0.0,12.0,60.0,True,20260903
ORD-0002332,2026-06-04,B站会员购,potential_buyer,paid,delivered,89.0,4.45,0.0,84.55,True,20260903
ORD-0002333,2026-07-31,B站会员购,core_buyer,paid,delivered,99.0,0.0,0.0,99.0,True,20260903
ORD-0002334,2026-06-29,线下展会或快闪店,occasional_buyer,paid,delivered,48.0,0.0,8.0,56.0,True,20260903
ORD-0002335,2026-06-30,淘宝/天猫,potential_buyer,paid,delivered,89.0,8.9,0.0,80.1,True,20260903
ORD-0002336,2026-06-07,B站会员购,potential_buyer,paid,delivered,297.0,29.7,0.0,267.3,True,20260903
ORD-0002337,2026-07-22,官方商城,potential_buyer,paid,delivered,165.0,0.9,0.0,164.1,True,20260903
ORD-0002338,2026-08-29,淘宝/天猫,potential_buyer,paid,delivered,699.0,34.95,0.0,664.05,True,20260903
ORD-0002339,2026-06-04,淘宝/天猫,potential_buyer,paid,delivered,18.0,0.9,10.0,27.1,True,20260903
ORD-0002340,2026-07-10,B站会员购,occasional_buyer,paid,delivered,18.0,0.0,12.0,30.0,True,20260903
ORD-0002341,2026-06-01,淘宝/天猫,occasional_buyer,paid,delivered,18.0,0.9,12.0,29.1,True,20260903
ORD-0002342,2026-08-20,B站会员购,occasional_buyer,paid,delivered,48.0,4.8,10.0,53.2,True,20260903
ORD-0002343,2026-08-12,官方商城,occasional_buyer,paid,delivered,89.0,0.0,10.0,99.0,True,20260903
ORD-0002344,2026-08-10,淘宝/天猫,potential_buyer,paid,delivered,699.0,34.95,0.0,664.05,True,20260903
ORD-0002345,2026-07-21,官方商城,occasional_buyer,cancelled,cancelled,206.0,12.8,0.0,0.0,True,20260903
ORD-0002346,2026-06-21,淘宝/天猫,occasional_buyer,paid,delivered,128.0,17.25,0.0,110.75,True,20260903
ORD-0002347,2026-06-11,官方商城,core_buyer,paid,delivered,78.0,0.0,8.0,86.0,True,20260903
ORD-0002348,2026-08-14,淘宝/天猫,occasional_buyer,cancelled,cancelled,117.0,0.0,0.0,0.0,True,20260903
ORD-0002349,2026-08-16,淘宝/天猫,core_buyer,paid,delivered,217.0,12.8,0.0,204.2,True,20260903
ORD-0002350,2026-06-22,线下展会或快闪店,occasional_buyer,paid,shipped,699.0,0.0,0.0,699.0,True,20260903
ORD-0002351,2026-07-17,淘宝/天猫,occasional_buyer,paid,delivered,827.0,0.0,0.0,827.0,True,20260903
ORD-0002352,2026-07-07,其他,potential_buyer,paid,delivered,89.0,8.9,10.0,90.1,True,20260903
ORD-0002353,2026-06-24,B站会员购,core_buyer,paid,delivered,887.0,69.9,0.0,817.1,True,20260903
ORD-0002354,2026-06-23,B站会员购,occasional_buyer,paid,delivered,89.0,0.0,8.0,97.0,True,20260903
ORD-0002355,2026-08-24,淘宝/天猫,potential_buyer,paid,delivered,267.0,40.05,0.0,226.95,True,20260903
ORD-0002356,2026-06-28,淘宝/天猫,core_buyer,paid,delivered,717.0,0.0,0.0,717.0,True,20260903
ORD-0002357,2026-08-18,线下展会或快闪店,core_buyer,paid,delivered,87.0,10.65,12.0,88.35,True,20260903
ORD-0002358,2026-07-06,官方商城,core_buyer,paid,delivered,96.0,0.0,0.0,96.0,True,20260903
ORD-0002359,2026-08-29,淘宝/天猫,occasional_buyer,paid,delivered,96.0,4.8,10.0,101.2,True,20260903
ORD-0002360,2026-08-28,官方商城,core_buyer,paid,delivered,89.0,0.0,10.0,99.0,True,20260903
ORD-0002361,2026-08-01,B站会员购,occasional_buyer,paid,delivered,256.0,25.6,0.0,230.4,True,20260903
ORD-0002362,2026-07-30,线下展会或快闪店,occasional_buyer,paid,delivered,48.0,0.0,10.0,58.0,True,20260903
ORD-0002363,2026-08-02,淘宝/天猫,occasional_buyer,paid,delivered,99.0,9.9,8.0,97.1,True,20260903
ORD-0002364,2026-06-22,官方商城,occasional_buyer,paid,delivered,39.0,0.0,8.0,47.0,True,20260903
ORD-0002365,2026-06-21,线下展会或快闪店,potential_buyer,paid,delivered,128.0,6.4,0.0,121.6,True,20260903
ORD-0002366,2026-07-10,线下展会或快闪店,core_buyer,paid,delivered,699.0,34.95,0.0,664.05,True,20260903
ORD-0002367,2026-06-19,淘宝/天猫,potential_buyer,paid,delivered,1526.0,69.9,0.0,1456.1,True,20260903
ORD-0002368,2026-08-07,线下展会或快闪店,core_buyer,paid,delivered,1025.0,69.9,0.0,955.1,True,20260903
ORD-0002369,2026-08-27,官方商城,core_buyer,paid,delivered,128.0,0.0,0.0,128.0,True,20260903
ORD-0002370,2026-06-02,淘宝/天猫,occasional_buyer,paid,delivered,827.0,69.9,0.0,757.1,True,20260903
ORD-0002371,2026-06-21,官方商城,core_buyer,paid,delivered,1398.0,139.8,0.0,1258.2,True,20260903
ORD-0002372,2026-08-17,淘宝/天猫,potential_buyer,paid,delivered,128.0,6.4,0.0,121.6,True,20260903
ORD-0002373,2026-06-24,B站会员购,occasional_buyer,paid,delivered,18.0,0.0,8.0,26.0,True,20260903
ORD-0002374,2026-06-25,线下展会或快闪店,occasional_buyer,paid,delivered,48.0,0.0,8.0,56.0,True,20260903
ORD-0002375,2026-08-09,官方商城,core_buyer,paid,delivered,18.0,0.9,0.0,17.1,True,20260903
ORD-0002376,2026-06-19,淘宝/天猫,occasional_buyer,paid,delivered,18.0,0.9,10.0,27.1,True,20260903
ORD-0002377,2026-08-07,线下展会或快闪店,potential_buyer,paid,delivered,36.0,3.6,8.0,40.4,True,20260903
ORD-0002378,2026-07-28,淘宝/天猫,potential_buyer,paid,delivered,89.0,13.35,10.0,85.65,True,20260903
ORD-0002379,2026-06-30,B站会员购,core_buyer,cancelled,cancelled,57.0,3.75,8.0,0.0,True,20260903
ORD-0002380,2026-06-03,其他,potential_buyer,paid,delivered,57.0,0.0,0.0,57.0,True,20260903
ORD-0002381,2026-07-24,二手平台,core_buyer,paid,delivered,128.0,0.0,0.0,128.0,True,20260903
ORD-0002382,2026-07-31,淘宝/天猫,occasional_buyer,paid,shipped,699.0,69.9,0.0,629.1,True,20260903
ORD-0002383,2026-06-21,B站会员购,core_buyer,paid,delivered,846.0,109.65,0.0,736.35,True,20260903
ORD-0002384,2026-07-07,淘宝/天猫,occasional_buyer,paid,shipped,99.0,0.0,0.0,99.0,True,20260903
ORD-0002385,2026-08-22,B站会员购,core_buyer,paid,delivered,699.0,69.9,0.0,629.1,True,20260903
ORD-0002386,2026-08-04,官方商城,core_buyer,paid,delivered,128.0,19.2,0.0,108.8,True,20260903
ORD-0002387,2026-06-28,淘宝/天猫,core_buyer,paid,delivered,48.0,0.0,10.0,58.0,True,20260903
ORD-0002388,2026-06-04,线下展会或快闪店,core_buyer,paid,delivered,120.0,2.4,0.0,117.6,True,20260903
ORD-0002389,2026-08-01,二手平台,occasional_buyer,paid,pending,99.0,9.9,8.0,97.1,True,20260903
ORD-0002390,2026-07-15,B站会员购,occasional_buyer,paid,delivered,18.0,0.0,8.0,26.0,True,20260903
ORD-0002391,2026-07-03,线下展会或快闪店,potential_buyer,paid,delivered,18.0,0.9,12.0,29.1,True,20260903
ORD-0002392,2026-08-28,淘宝/天猫,occasional_buyer,paid,delivered,48.0,4.8,0.0,43.2,True,20260903
ORD-0002393,2026-06-04,官方商城,core_buyer,paid,delivered,39.0,0.0,8.0,47.0,True,20260903
ORD-0002394,2026-07-13,B站会员购,potential_buyer,paid,delivered,48.0,4.8,0.0,43.2,True,20260903
ORD-0002395,2026-06-21,线下展会或快闪店,occasional_buyer,paid,delivered,96.0,7.2,10.0,98.8,True,20260903
ORD-0002396,2026-06-19,官方商城,occasional_buyer,paid,delivered,227.0,19.2,0.0,207.8,True,20260903
ORD-0002397,2026-06-08,淘宝/天猫,potential_buyer,paid,delivered,699.0,0.0,0.0,699.0,True,20260903
ORD-0002398,2026-06-18,官方商城,core_buyer,paid,delivered,699.0,0.0,0.0,699.0,True,20260903
ORD-0002399,2026-06-21,二手平台,potential_buyer,paid,delivered,265.0,4.45,0.0,260.55,True,20260903
ORD-0002400,2026-06-19,线下展会或快闪店,occasional_buyer,paid,shipped,128.0,12.8,0.0,115.2,True,20260903
ORD-0002401,2026-06-17,线下展会或快闪店,potential_buyer,paid,delivered,237.0,9.9,0.0,227.1,True,20260903
ORD-0002402,2026-07-14,淘宝/天猫,core_buyer,paid,delivered,18.0,0.0,8.0,26.0,True,20260903
ORD-0002403,2026-07-21,官方商城,occasional_buyer,paid,delivered,18.0,0.9,10.0,27.1,True,20260903
ORD-0002404,2026-07-25,淘宝/天猫,occasional_buyer,paid,delivered,99.0,4.95,0.0,94.05,True,20260903
ORD-0002405,2026-06-28,线下展会或快闪店,core_buyer,paid,delivered,146.0,6.4,0.0,139.6,True,20260903
ORD-0002406,2026-08-26,淘宝/天猫,core_buyer,paid,delivered,18.0,0.9,10.0,27.1,True,20260903
ORD-0002407,2026-07-01,官方商城,occasional_buyer,paid,delivered,99.0,0.0,0.0,99.0,True,20260903
ORD-0002408,2026-07-18,B站会员购,core_buyer,paid,delivered,99.0,14.85,8.0,92.15,True,20260903
ORD-0002409,2026-06-11,淘宝/天猫,core_buyer,paid,delivered,256.0,0.0,0.0,256.0,True,20260903
ORD-0002410,2026-08-11,线下展会或快闪店,core_buyer,paid,pending,352.0,6.4,0.0,345.6,True,20260903
ORD-0002411,2026-07-05,线下展会或快闪店,core_buyer,paid,delivered,198.0,0.0,0.0,198.0,True,20260903
ORD-0002412,2026-08-13,直播间,occasional_buyer,paid,delivered,39.0,3.9,8.0,43.1,True,20260903
ORD-0002413,2026-07-16,官方商城,core_buyer,paid,delivered,96.0,4.8,0.0,91.2,True,20260903
ORD-0002414,2026-06-17,淘宝/天猫,potential_buyer,paid,delivered,89.0,0.0,12.0,101.0,True,20260903
ORD-0002415,2026-08-13,淘宝/天猫,occasional_buyer,paid,delivered,699.0,0.0,0.0,699.0,True,20260903
ORD-0002416,2026-06-17,B站会员购,core_buyer,paid,delivered,18.0,0.0,8.0,26.0,True,20260903
ORD-0002417,2026-06-17,淘宝/天猫,occasional_buyer,paid,delivered,48.0,2.4,8.0,53.6,True,20260903
ORD-0002418,2026-06-26,淘宝/天猫,occasional_buyer,paid,delivered,274.0,26.5,0.0,247.5,True,20260903
ORD-0002419,2026-07-23,二手平台,occasional_buyer,paid,delivered,89.0,0.0,8.0,97.0,True,20260903
ORD-0002420,2026-06-08,线下展会或快闪店,core_buyer,paid,delivered,18.0,1.8,12.0,28.2,True,20260903
ORD-0002421,2026-06-12,淘宝/天猫,occasional_buyer,paid,delivered,48.0,2.4,8.0,53.6,True,20260903
ORD-0002422,2026-06-18,官方商城,occasional_buyer,paid,shipped,99.0,9.9,8.0,97.1,True,20260903
ORD-0002423,2026-06-09,淘宝/天猫,core_buyer,paid,delivered,48.0,4.8,8.0,51.2,True,20260903
ORD-0002424,2026-06-23,B站会员购,occasional_buyer,paid,delivered,48.0,0.0,0.0,48.0,True,20260903
ORD-0002425,2026-06-23,淘宝/天猫,potential_buyer,paid,delivered,128.0,6.4,0.0,121.6,True,20260903
ORD-0002426,2026-08-08,官方商城,potential_buyer,paid,delivered,747.0,0.0,0.0,747.0,True,20260903
ORD-0002427,2026-07-09,官方商城,occasional_buyer,paid,delivered,717.0,1.8,0.0,715.2,True,20260903
ORD-0002428,2026-06-02,B站会员购,occasional_buyer,paid,delivered,128.0,0.0,0.0,128.0,True,20260903
ORD-0002429,2026-08-05,淘宝/天猫,core_buyer,paid,delivered,18.0,2.7,8.0,23.3,True,20260903
ORD-0002430,2026-07-05,官方商城,core_buyer,paid,delivered,699.0,0.0,0.0,699.0,True,20260903
ORD-0002431,2026-07-02,淘宝/天猫,potential_buyer,paid,delivered,198.0,0.0,0.0,198.0,True,20260903
ORD-0002432,2026-08-23,淘宝/天猫,core_buyer,paid,pending,167.0,0.0,0.0,167.0,True,20260903
ORD-0002433,2026-06-14,淘宝/天猫,core_buyer,paid,delivered,178.0,0.0,0.0,178.0,True,20260903
ORD-0002434,2026-08-03,淘宝/天猫,occasional_buyer,paid,delivered,18.0,0.0,8.0,26.0,True,20260903
ORD-0002435,2026-06-17,官方商城,core_buyer,paid,delivered,72.0,0.9,8.0,79.1,True,20260903
ORD-0002436,2026-07-04,B站会员购,core_buyer,paid,delivered,99.0,9.9,0.0,89.1,True,20260903
ORD-0002437,2026-06-27,B站会员购,occasional_buyer,cancelled,cancelled,48.0,2.4,0.0,0.0,True,20260903
ORD-0002438,2026-08-15,二手平台,potential_buyer,cancelled,cancelled,1398.0,69.9,0.0,0.0,True,20260903
ORD-0002439,2026-07-05,B站会员购,potential_buyer,cancelled,cancelled,18.0,0.9,10.0,0.0,True,20260903
ORD-0002440,2026-08-02,官方商城,core_buyer,paid,delivered,877.0,0.0,0.0,877.0,True,20260903
ORD-0002441,2026-07-07,官方商城,occasional_buyer,paid,delivered,89.0,8.9,0.0,80.1,True,20260903
ORD-0002442,2026-07-15,官方商城,occasional_buyer,paid,delivered,89.0,0.0,12.0,101.0,True,20260903
ORD-0002443,2026-08-03,淘宝/天猫,occasional_buyer,paid,delivered,18.0,0.9,0.0,17.1,True,20260903
ORD-0002444,2026-07-05,B站会员购,occasional_buyer,paid,delivered,18.0,0.0,0.0,18.0,True,20260903
ORD-0002445,2026-07-25,淘宝/天猫,occasional_buyer,paid,delivered,198.0,9.9,0.0,188.1,True,20260903
ORD-0002446,2026-06-02,淘宝/天猫,core_buyer,paid,delivered,117.0,0.9,0.0,116.1,True,20260903
ORD-0002447,2026-08-05,淘宝/天猫,occasional_buyer,paid,delivered,128.0,6.4,0.0,121.6,True,20260903
ORD-0002448,2026-08-26,淘宝/天猫,occasional_buyer,paid,delivered,198.0,0.0,0.0,198.0,True,20260903
ORD-0002449,2026-06-19,B站会员购,core_buyer,paid,delivered,39.0,0.0,8.0,47.0,True,20260903
ORD-0002450,2026-06-19,淘宝/天猫,occasional_buyer,paid,delivered,48.0,0.0,12.0,60.0,True,20260903
ORD-0002451,2026-07-29,B站会员购,occasional_buyer,paid,delivered,699.0,0.0,0.0,699.0,True,20260903
ORD-0002452,2026-07-28,官方商城,occasional_buyer,paid,delivered,89.0,0.0,0.0,89.0,True,20260903
ORD-0002453,2026-07-06,直播间,occasional_buyer,paid,delivered,1398.0,0.0,0.0,1398.0,True,20260903
ORD-0002454,2026-06-20,淘宝/天猫,occasional_buyer,paid,delivered,699.0,0.0,0.0,699.0,True,20260903
ORD-0002455,2026-06-09,官方商城,occasional_buyer,paid,delivered,18.0,0.0,10.0,28.0,True,20260903
ORD-0002456,2026-07-13,直播间,occasional_buyer,paid,delivered,146.0,0.0,0.0,146.0,True,20260903
ORD-0002457,2026-06-18,B站会员购,core_buyer,paid,delivered,48.0,4.8,8.0,51.2,True,20260903
ORD-0002458,2026-07-28,线下展会或快闪店,occasional_buyer,paid,delivered,89.0,0.0,8.0,97.0,True,20260903
ORD-0002459,2026-08-16,官方商城,occasional_buyer,paid,delivered,99.0,0.0,0.0,99.0,True,20260903
ORD-0002460,2026-06-01,B站会员购,potential_buyer,paid,delivered,18.0,1.8,8.0,24.2,True,20260903
ORD-0002461,2026-07-24,官方商城,occasional_buyer,paid,delivered,18.0,0.9,8.0,25.1,True,20260903
ORD-0002462,2026-07-17,官方商城,potential_buyer,paid,delivered,816.0,86.55,0.0,729.45,True,20260903
ORD-0002463,2026-07-01,官方商城,core_buyer,paid,delivered,39.0,0.0,0.0,39.0,True,20260903
ORD-0002464,2026-08-01,B站会员购,core_buyer,paid,delivered,188.0,4.45,0.0,183.55,True,20260903
ORD-0002465,2026-08-15,线下展会或快闪店,core_buyer,paid,delivered,36.0,1.8,0.0,34.2,True,20260903
ORD-0002466,2026-07-20,B站会员购,potential_buyer,paid,delivered,48.0,4.8,8.0,51.2,True,20260903
ORD-0002467,2026-08-04,官方商城,potential_buyer,paid,delivered,78.0,0.0,12.0,90.0,True,20260903
ORD-0002468,2026-06-23,官方商城,occasional_buyer,paid,delivered,198.0,4.95,0.0,193.05,True,20260903
ORD-0002469,2026-06-18,线下展会或快闪店,occasional_buyer,paid,delivered,226.0,16.1,0.0,209.9,True,20260903
ORD-0002470,2026-07-07,淘宝/天猫,occasional_buyer,paid,delivered,96.0,0.0,10.0,106.0,True,20260903
ORD-0002471,2026-08-11,线下展会或快闪店,occasional_buyer,paid,delivered,89.0,8.9,12.0,92.1,True,20260903
ORD-0002472,2026-08-02,官方商城,occasional_buyer,paid,delivered,48.0,0.0,8.0,56.0,True,20260903
ORD-0002473,2026-07-09,官方商城,core_buyer,paid,delivered,36.0,1.8,8.0,42.2,True,20260903
ORD-0002474,2026-06-25,其他,occasional_buyer,paid,delivered,18.0,0.0,8.0,26.0,True,20260903
ORD-0002475,2026-06-25,线下展会或快闪店,occasional_buyer,paid,delivered,137.0,8.9,0.0,128.1,True,20260903
ORD-0002476,2026-07-06,淘宝/天猫,core_buyer,paid,delivered,48.0,4.8,0.0,43.2,True,20260903
ORD-0002477,2026-06-27,官方商城,core_buyer,paid,delivered,699.0,69.9,0.0,629.1,True,20260903
ORD-0002478,2026-07-24,官方商城,occasional_buyer,paid,delivered,89.0,0.0,10.0,99.0,True,20260903
ORD-0002479,2026-08-22,B站会员购,occasional_buyer,cancelled,cancelled,48.0,0.0,12.0,0.0,True,20260903
ORD-0002480,2026-06-01,其他,occasional_buyer,paid,delivered,483.0,0.0,0.0,483.0,True,20260903
ORD-0002481,2026-07-06,线下展会或快闪店,occasional_buyer,paid,delivered,96.0,0.0,0.0,96.0,True,20260903
ORD-0002482,2026-07-02,官方商城,occasional_buyer,paid,delivered,48.0,4.8,8.0,51.2,True,20260903
ORD-0002483,2026-07-02,淘宝/天猫,occasional_buyer,paid,delivered,99.0,4.95,0.0,94.05,True,20260903
ORD-0002484,2026-06-26,B站会员购,occasional_buyer,paid,delivered,39.0,0.0,0.0,39.0,True,20260903
ORD-0002485,2026-07-23,其他,core_buyer,paid,delivered,128.0,12.8,0.0,115.2,True,20260903
ORD-0002486,2026-06-21,B站会员购,occasional_buyer,paid,delivered,89.0,0.0,8.0,97.0,True,20260903
ORD-0002487,2026-07-25,淘宝/天猫,occasional_buyer,paid,delivered,18.0,1.8,10.0,26.2,True,20260903
ORD-0002488,2026-07-03,淘宝/天猫,core_buyer,paid,delivered,99.0,9.9,10.0,99.1,True,20260903
ORD-0002489,2026-08-03,直播间,potential_buyer,paid,delivered,89.0,4.45,8.0,92.55,True,20260903
ORD-0002490,2026-06-15,官方商城,occasional_buyer,paid,delivered,277.0,22.25,0.0,254.75,True,20260903
ORD-0002491,2026-08-01,淘宝/天猫,core_buyer,paid,delivered,178.0,0.0,0.0,178.0,True,20260903
ORD-0002492,2026-06-20,淘宝/天猫,occasional_buyer,paid,pending,699.0,0.0,0.0,699.0,True,20260903
ORD-0002493,2026-06-04,B站会员购,occasional_buyer,paid,delivered,107.0,1.8,0.0,105.2,True,20260903
ORD-0002494,2026-06-23,淘宝/天猫,core_buyer,paid,delivered,178.0,17.8,0.0,160.2,True,20260903
ORD-0002495,2026-06-28,官方商城,core_buyer,paid,delivered,128.0,19.2,0.0,108.8,True,20260903
ORD-0002496,2026-06-19,B站会员购,core_buyer,paid,delivered,128.0,0.0,0.0,128.0,True,20260903
ORD-0002497,2026-07-28,B站会员购,occasional_buyer,cancelled,cancelled,89.0,0.0,0.0,0.0,True,20260903
ORD-0002498,2026-06-14,官方商城,core_buyer,paid,pending,89.0,0.0,8.0,97.0,True,20260903
ORD-0002499,2026-07-06,淘宝/天猫,occasional_buyer,paid,delivered,306.0,12.8,0.0,293.2,True,20260903
ORD-0002500,2026-07-30,官方商城,occasional_buyer,paid,delivered,18.0,0.0,0.0,18.0,True,20260903
ORD-0002501,2026-06-20,直播间,core_buyer,paid,delivered,89.0,13.35,10.0,85.65,True,20260903
ORD-0002502,2026-07-02,B站会员购,occasional_buyer,paid,delivered,128.0,12.8,0.0,115.2,True,20260903
ORD-0002503,2026-08-14,官方商城,occasional_buyer,paid,delivered,1487.0,218.6,0.0,1268.4,True,20260903
ORD-0002504,2026-08-05,淘宝/天猫,occasional_buyer,paid,delivered,699.0,0.0,0.0,699.0,True,20260903
ORD-0002505,2026-07-14,B站会员购,occasional_buyer,paid,delivered,699.0,0.0,0.0,699.0,True,20260903
ORD-0002506,2026-06-17,官方商城,occasional_buyer,paid,delivered,99.0,0.0,0.0,99.0,True,20260903
ORD-0002507,2026-07-24,B站会员购,occasional_buyer,paid,delivered,176.0,4.35,0.0,171.65,True,20260903
ORD-0002508,2026-07-23,官方商城,core_buyer,paid,delivered,89.0,13.35,8.0,83.65,True,20260903
ORD-0002509,2026-07-04,线下展会或快闪店,core_buyer,paid,delivered,89.0,4.45,10.0,94.55,True,20260903
ORD-0002510,2026-06-28,官方商城,occasional_buyer,paid,delivered,128.0,12.8,0.0,115.2,True,20260903
ORD-0002511,2026-07-24,B站会员购,core_buyer,paid,delivered,39.0,0.0,0.0,39.0,True,20260903
ORD-0002512,2026-06-15,官方商城,core_buyer,paid,delivered,177.0,0.0,0.0,177.0,True,20260903
ORD-0002513,2026-08-25,B站会员购,occasional_buyer,paid,delivered,99.0,0.0,0.0,99.0,True,20260903
ORD-0002514,2026-06-27,淘宝/天猫,potential_buyer,paid,delivered,89.0,8.9,12.0,92.1,True,20260903
ORD-0002515,2026-06-02,B站会员购,potential_buyer,paid,delivered,48.0,0.0,0.0,48.0,True,20260903
ORD-0002516,2026-06-10,官方商城,occasional_buyer,paid,delivered,39.0,0.0,8.0,47.0,True,20260903
ORD-0002517,2026-06-22,淘宝/天猫,core_buyer,paid,pending,18.0,0.0,8.0,26.0,True,20260903
ORD-0002518,2026-06-02,官方商城,occasional_buyer,paid,delivered,699.0,34.95,0.0,664.05,True,20260903
ORD-0002519,2026-08-28,B站会员购,potential_buyer,paid,delivered,89.0,8.9,8.0,88.1,True,20260903
ORD-0002520,2026-07-12,B站会员购,potential_buyer,paid,delivered,48.0,0.0,0.0,48.0,True,20260903
ORD-0002521,2026-06-19,淘宝/天猫,occasional_buyer,paid,delivered,89.0,8.9,8.0,88.1,True,20260903
ORD-0002522,2026-06-01,B站会员购,core_buyer,paid,delivered,128.0,0.0,0.0,128.0,True,20260903
ORD-0002523,2026-07-04,B站会员购,core_buyer,paid,delivered,36.0,0.0,0.0,36.0,True,20260903
ORD-0002524,2026-08-18,淘宝/天猫,core_buyer,paid,delivered,89.0,0.0,0.0,89.0,True,20260903
ORD-0002525,2026-07-28,B站会员购,occasional_buyer,paid,delivered,78.0,7.8,10.0,80.2,True,20260903
ORD-0002526,2026-08-01,官方商城,occasional_buyer,paid,delivered,48.0,4.8,8.0,51.2,True,20260903
ORD-0002527,2026-08-01,淘宝/天猫,potential_buyer,paid,delivered,89.0,0.0,0.0,89.0,True,20260903
ORD-0002528,2026-08-02,B站会员购,occasional_buyer,paid,delivered,48.0,4.8,0.0,43.2,True,20260903
ORD-0002529,2026-07-16,官方商城,occasional_buyer,paid,delivered,747.0,72.3,0.0,674.7,True,20260903
ORD-0002530,2026-06-11,直播间,occasional_buyer,paid,delivered,128.0,0.0,0.0,128.0,True,20260903
ORD-0002531,2026-06-30,淘宝/天猫,core_buyer,paid,delivered,117.0,9.9,0.0,107.1,True,20260903
ORD-0002532,2026-07-19,二手平台,occasional_buyer,paid,delivered,99.0,9.9,10.0,99.1,True,20260903
ORD-0002533,2026-07-20,官方商城,occasional_buyer,paid,delivered,99.0,9.9,0.0,89.1,True,20260903
ORD-0002534,2026-08-13,B站会员购,occasional_buyer,paid,delivered,99.0,9.9,8.0,97.1,True,20260903
ORD-0002535,2026-07-28,二手平台,occasional_buyer,paid,delivered,18.0,0.0,0.0,18.0,True,20260903
ORD-0002536,2026-08-02,线下展会或快闪店,core_buyer,paid,delivered,188.0,4.95,0.0,183.05,True,20260903
ORD-0002537,2026-06-27,淘宝/天猫,occasional_buyer,paid,delivered,48.0,0.0,10.0,58.0,True,20260903
ORD-0002538,2026-06-23,淘宝/天猫,occasional_buyer,paid,shipped,128.0,0.0,0.0,128.0,True,20260903
ORD-0002539,2026-07-30,淘宝/天猫,potential_buyer,paid,delivered,128.0,0.0,0.0,128.0,True,20260903
ORD-0002540,2026-07-16,B站会员购,core_buyer,paid,delivered,137.0,0.0,0.0,137.0,True,20260903
ORD-0002541,2026-06-23,淘宝/天猫,occasional_buyer,paid,delivered,167.0,18.65,0.0,148.35,True,20260903
ORD-0002542,2026-06-15,官方商城,core_buyer,paid,delivered,18.0,0.0,10.0,28.0,True,20260903
ORD-0002543,2026-07-16,B站会员购,occasional_buyer,paid,delivered,89.0,8.9,0.0,80.1,True,20260903
ORD-0002544,2026-06-29,淘宝/天猫,occasional_buyer,paid,delivered,128.0,0.0,0.0,128.0,True,20260903
ORD-0002545,2026-08-01,官方商城,occasional_buyer,paid,delivered,135.0,0.0,0.0,135.0,True,20260903
ORD-0002546,2026-07-22,B站会员购,core_buyer,paid,delivered,99.0,0.0,0.0,99.0,True,20260903
ORD-0002547,2026-06-10,其他,core_buyer,paid,delivered,824.0,8.9,0.0,815.1,True,20260903
ORD-0002548,2026-06-17,淘宝/天猫,occasional_buyer,paid,delivered,117.0,0.0,0.0,117.0,True,20260903
ORD-0002549,2026-07-12,官方商城,core_buyer,paid,delivered,36.0,3.6,8.0,40.4,True,20260903
ORD-0002550,2026-08-18,官方商城,core_buyer,paid,delivered,137.0,2.4,0.0,134.6,True,20260903
ORD-0002551,2026-08-04,淘宝/天猫,potential_buyer,paid,pending,48.0,7.2,8.0,48.8,True,20260903
ORD-0002552,2026-07-01,官方商城,occasional_buyer,paid,delivered,18.0,0.0,0.0,18.0,True,20260903
ORD-0002553,2026-08-29,线下展会或快闪店,core_buyer,paid,delivered,39.0,0.0,0.0,39.0,True,20260903
ORD-0002554,2026-06-09,淘宝/天猫,occasional_buyer,paid,delivered,39.0,3.9,0.0,35.1,True,20260903
ORD-0002555,2026-06-14,淘宝/天猫,occasional_buyer,paid,delivered,699.0,69.9,0.0,629.1,True,20260903
ORD-0002556,2026-06-16,B站会员购,occasional_buyer,paid,delivered,99.0,0.0,0.0,99.0,True,20260903
ORD-0002557,2026-06-27,二手平台,core_buyer,paid,delivered,756.0,3.9,0.0,752.1,True,20260903
ORD-0002558,2026-08-28,淘宝/天猫,occasional_buyer,paid,delivered,99.0,0.0,0.0,99.0,True,20260903
ORD-0002559,2026-06-21,官方商城,occasional_buyer,paid,delivered,138.0,0.0,0.0,138.0,True,20260903
ORD-0002560,2026-08-17,淘宝/天猫,occasional_buyer,paid,delivered,89.0,0.0,0.0,89.0,True,20260903
ORD-0002561,2026-07-25,官方商城,potential_buyer,paid,delivered,48.0,0.0,0.0,48.0,True,20260903
ORD-0002562,2026-06-02,淘宝/天猫,core_buyer,paid,delivered,128.0,0.0,0.0,128.0,True,20260903
ORD-0002563,2026-08-17,B站会员购,core_buyer,paid,delivered,39.0,3.9,10.0,45.1,True,20260903
ORD-0002564,2026-06-18,B站会员购,occasional_buyer,paid,shipped,87.0,5.85,0.0,81.15,True,20260903
ORD-0002565,2026-08-02,B站会员购,core_buyer,paid,delivered,788.0,43.85,0.0,744.15,True,20260903
ORD-0002566,2026-06-09,其他,potential_buyer,paid,delivered,227.0,6.4,0.0,220.6,True,20260903
ORD-0002567,2026-06-20,B站会员购,occasional_buyer,paid,delivered,128.0,0.0,0.0,128.0,True,20260903
ORD-0002568,2026-07-15,官方商城,occasional_buyer,paid,delivered,48.0,2.4,10.0,55.6,True,20260903
ORD-0002569,2026-07-17,官方商城,potential_buyer,paid,delivered,39.0,0.0,0.0,39.0,True,20260903
ORD-0002570,2026-08-06,官方商城,occasional_buyer,paid,delivered,128.0,0.0,0.0,128.0,True,20260903
ORD-0002571,2026-07-09,官方商城,core_buyer,paid,delivered,39.0,0.0,0.0,39.0,True,20260903
ORD-0002572,2026-06-07,淘宝/天猫,occasional_buyer,paid,delivered,699.0,0.0,0.0,699.0,True,20260903
ORD-0002573,2026-08-26,淘宝/天猫,occasional_buyer,paid,shipped,699.0,0.0,0.0,699.0,True,20260903
ORD-0002574,2026-06-07,B站会员购,potential_buyer,paid,delivered,39.0,1.95,0.0,37.05,True,20260903
ORD-0002575,2026-08-16,官方商城,occasional_buyer,paid,delivered,198.0,0.0,0.0,198.0,True,20260903
ORD-0002576,2026-06-28,线下展会或快闪店,core_buyer,paid,delivered,798.0,14.85,0.0,783.15,True,20260903
ORD-0002577,2026-06-08,淘宝/天猫,occasional_buyer,paid,delivered,99.0,0.0,0.0,99.0,True,20260903
ORD-0002578,2026-07-08,线下展会或快闪店,core_buyer,paid,delivered,39.0,0.0,8.0,47.0,True,20260903
ORD-0002579,2026-06-21,官方商城,occasional_buyer,paid,delivered,735.0,0.0,0.0,735.0,True,20260903
ORD-0002580,2026-08-24,官方商城,occasional_buyer,paid,delivered,138.0,11.85,0.0,126.15,True,20260903
ORD-0002581,2026-07-24,B站会员购,core_buyer,paid,delivered,89.0,4.45,8.0,92.55,True,20260903
ORD-0002582,2026-08-11,官方商城,core_buyer,paid,delivered,18.0,1.8,10.0,26.2,True,20260903
ORD-0002583,2026-07-08,二手平台,potential_buyer,paid,delivered,57.0,1.95,8.0,63.05,True,20260903
ORD-0002584,2026-06-02,淘宝/天猫,occasional_buyer,paid,delivered,48.0,4.8,10.0,53.2,True,20260903
ORD-0002585,2026-08-04,B站会员购,core_buyer,paid,delivered,128.0,12.8,0.0,115.2,True,20260903
ORD-0002586,2026-07-22,官方商城,core_buyer,paid,delivered,89.0,0.0,8.0,97.0,True,20260903
ORD-0002587,2026-07-10,淘宝/天猫,potential_buyer,paid,delivered,1005.0,6.4,0.0,998.6,True,20260903
ORD-0002588,2026-08-08,官方商城,occasional_buyer,paid,delivered,99.0,9.9,10.0,99.1,True,20260903
ORD-0002589,2026-07-02,淘宝/天猫,occasional_buyer,paid,delivered,89.0,0.0,0.0,89.0,True,20260903
ORD-0002590,2026-06-18,B站会员购,potential_buyer,paid,delivered,48.0,0.0,0.0,48.0,True,20260903
ORD-0002591,2026-07-30,官方商城,core_buyer,paid,delivered,176.0,0.0,0.0,176.0,True,20260903
ORD-0002592,2026-06-30,官方商城,occasional_buyer,paid,delivered,48.0,0.0,0.0,48.0,True,20260903
ORD-0002593,2026-07-22,B站会员购,core_buyer,paid,shipped,699.0,0.0,0.0,699.0,True,20260903
ORD-0002594,2026-06-09,官方商城,core_buyer,paid,delivered,99.0,9.9,8.0,97.1,True,20260903
ORD-0002595,2026-07-12,官方商城,core_buyer,paid,delivered,99.0,4.95,10.0,104.05,True,20260903
ORD-0002596,2026-07-17,官方商城,occasional_buyer,paid,delivered,48.0,4.8,12.0,55.2,True,20260903
ORD-0002597,2026-07-10,淘宝/天猫,core_buyer,paid,delivered,39.0,1.95,10.0,47.05,True,20260903
ORD-0002598,2026-06-21,官方商城,occasional_buyer,paid,delivered,48.0,0.0,8.0,56.0,True,20260903
ORD-0002599,2026-07-24,二手平台,occasional_buyer,paid,delivered,89.0,4.45,0.0,84.55,True,20260903
ORD-0002600,2026-08-04,线下展会或快闪店,core_buyer,paid,delivered,39.0,0.0,0.0,39.0,True,20260903
ORD-0002601,2026-06-20,B站会员购,occasional_buyer,paid,pending,297.0,4.95,0.0,292.05,True,20260903
ORD-0002602,2026-07-25,直播间,core_buyer,paid,delivered,89.0,0.0,0.0,89.0,True,20260903
ORD-0002603,2026-06-06,淘宝/天猫,occasional_buyer,paid,delivered,99.0,4.95,8.0,102.05,True,20260903
ORD-0002604,2026-06-24,淘宝/天猫,occasional_buyer,paid,delivered,39.0,0.0,8.0,47.0,True,20260903
ORD-0002605,2026-06-12,官方商城,occasional_buyer,paid,delivered,39.0,0.0,10.0,49.0,True,20260903
ORD-0002606,2026-08-13,官方商城,occasional_buyer,paid,delivered,89.0,0.0,8.0,97.0,True,20260903
ORD-0002607,2026-07-01,B站会员购,occasional_buyer,paid,delivered,345.0,26.15,0.0,318.85,True,20260903
ORD-0002608,2026-06-16,淘宝/天猫,core_buyer,paid,delivered,128.0,12.8,0.0,115.2,True,20260903
ORD-0002609,2026-07-24,淘宝/天猫,core_buyer,paid,delivered,699.0,0.0,0.0,699.0,True,20260903
ORD-0002610,2026-06-11,官方商城,core_buyer,paid,delivered,178.0,0.0,0.0,178.0,True,20260903
ORD-0002611,2026-07-28,淘宝/天猫,occasional_buyer,paid,delivered,39.0,3.9,10.0,45.1,True,20260903
ORD-0002612,2026-06-26,B站会员购,occasional_buyer,paid,delivered,99.0,0.0,0.0,99.0,True,20260903
ORD-0002613,2026-06-26,淘宝/天猫,core_buyer,paid,delivered,235.0,0.0,0.0,235.0,True,20260903
ORD-0002614,2026-07-25,淘宝/天猫,occasional_buyer,paid,delivered,1398.0,0.0,0.0,1398.0,True,20260903
ORD-0002615,2026-07-30,官方商城,occasional_buyer,paid,delivered,735.0,104.85,0.0,630.15,True,20260903
ORD-0002616,2026-06-18,官方商城,occasional_buyer,paid,delivered,39.0,3.9,0.0,35.1,True,20260903
ORD-0002617,2026-06-26,B站会员购,occasional_buyer,paid,delivered,48.0,0.0,8.0,56.0,True,20260903
ORD-0002618,2026-07-17,淘宝/天猫,core_buyer,paid,delivered,1398.0,104.85,0.0,1293.15,True,20260903
ORD-0002619,2026-06-26,官方商城,core_buyer,paid,delivered,39.0,1.95,0.0,37.05,True,20260903
ORD-0002620,2026-07-26,淘宝/天猫,occasional_buyer,paid,delivered,128.0,0.0,0.0,128.0,True,20260903
ORD-0002621,2026-08-03,二手平台,occasional_buyer,paid,delivered,99.0,0.0,0.0,99.0,True,20260903
ORD-0002622,2026-08-23,官方商城,potential_buyer,paid,delivered,128.0,6.4,0.0,121.6,True,20260903
ORD-0002623,2026-07-21,B站会员购,potential_buyer,paid,delivered,128.0,12.8,0.0,115.2,True,20260903
ORD-0002624,2026-08-19,淘宝/天猫,core_buyer,paid,delivered,798.0,9.9,0.0,788.1,True,20260903
ORD-0002625,2026-06-12,淘宝/天猫,core_buyer,paid,delivered,36.0,0.0,12.0,48.0,True,20260903
ORD-0002626,2026-08-20,官方商城,occasional_buyer,paid,shipped,66.0,4.2,8.0,69.8,True,20260903
ORD-0002627,2026-07-28,淘宝/天猫,occasional_buyer,paid,delivered,128.0,0.0,0.0,128.0,True,20260903
ORD-0002628,2026-08-28,B站会员购,potential_buyer,paid,delivered,827.0,0.0,0.0,827.0,True,20260903
ORD-0002629,2026-06-02,线下展会或快闪店,occasional_buyer,paid,delivered,699.0,69.9,0.0,629.1,True,20260903
ORD-0002630,2026-08-02,B站会员购,potential_buyer,paid,delivered,96.0,2.4,0.0,93.6,True,20260903
ORD-0002631,2026-06-09,直播间,occasional_buyer,paid,delivered,322.0,20.2,0.0,301.8,True,20260903
ORD-0002632,2026-06-17,官方商城,core_buyer,paid,delivered,178.0,26.7,0.0,151.3,True,20260903
ORD-0002633,2026-06-24,B站会员购,core_buyer,paid,delivered,1398.0,139.8,0.0,1258.2,True,20260903
ORD-0002634,2026-07-31,淘宝/天猫,occasional_buyer,paid,shipped,246.0,0.0,0.0,246.0,True,20260903
ORD-0002635,2026-07-02,淘宝/天猫,occasional_buyer,paid,delivered,48.0,2.4,10.0,55.6,True,20260903
ORD-0002636,2026-07-20,淘宝/天猫,core_buyer,paid,delivered,48.0,4.8,0.0,43.2,True,20260903
ORD-0002637,2026-08-04,淘宝/天猫,core_buyer,paid,delivered,178.0,0.0,0.0,178.0,True,20260903
ORD-0002638,2026-07-07,淘宝/天猫,potential_buyer,paid,delivered,128.0,0.0,0.0,128.0,True,20260903
ORD-0002639,2026-06-20,官方商城,occasional_buyer,paid,shipped,39.0,0.0,8.0,47.0,True,20260903
ORD-0002640,2026-06-26,官方商城,occasional_buyer,paid,delivered,18.0,2.7,8.0,23.3,True,20260903
ORD-0002641,2026-07-23,淘宝/天猫,core_buyer,paid,delivered,89.0,0.0,8.0,97.0,True,20260903
ORD-0002642,2026-08-12,官方商城,core_buyer,paid,delivered,89.0,0.0,0.0,89.0,True,20260903
ORD-0002643,2026-06-20,淘宝/天猫,occasional_buyer,paid,delivered,128.0,0.0,0.0,128.0,True,20260903
ORD-0002644,2026-07-03,淘宝/天猫,potential_buyer,paid,delivered,699.0,0.0,0.0,699.0,True,20260903
ORD-0002645,2026-06-21,其他,potential_buyer,paid,delivered,227.0,12.8,0.0,214.2,True,20260903
ORD-0002646,2026-07-15,线下展会或快闪店,potential_buyer,paid,delivered,18.0,0.9,10.0,27.1,True,20260903
ORD-0002647,2026-06-21,二手平台,core_buyer,paid,delivered,128.0,6.4,0.0,121.6,True,20260903
ORD-0002648,2026-06-23,B站会员购,occasional_buyer,paid,delivered,107.0,4.45,0.0,102.55,True,20260903
ORD-0002649,2026-06-28,官方商城,occasional_buyer,paid,delivered,39.0,3.9,8.0,43.1,True,20260903
ORD-0002650,2026-08-14,B站会员购,occasional_buyer,paid,delivered,96.0,9.6,12.0,98.4,True,20260903
ORD-0002651,2026-06-10,淘宝/天猫,core_buyer,paid,delivered,18.0,0.0,12.0,30.0,True,20260903
ORD-0002652,2026-08-25,淘宝/天猫,potential_buyer,paid,delivered,48.0,0.0,0.0,48.0,True,20260903
ORD-0002653,2026-08-21,淘宝/天猫,occasional_buyer,paid,delivered,78.0,7.8,0.0,70.2,True,20260903
ORD-0002654,2026-07-19,二手平台,core_buyer,paid,delivered,48.0,0.0,0.0,48.0,True,20260903
ORD-0002655,2026-07-09,官方商城,core_buyer,paid,delivered,128.0,0.0,0.0,128.0,True,20260903
ORD-0002656,2026-07-17,线下展会或快闪店,occasional_buyer,paid,delivered,99.0,14.85,0.0,84.15,True,20260903
ORD-0002657,2026-06-25,B站会员购,core_buyer,paid,delivered,926.0,0.0,0.0,926.0,True,20260903
ORD-0002658,2026-07-10,B站会员购,potential_buyer,paid,delivered,87.0,3.9,0.0,83.1,True,20260903
ORD-0002659,2026-08-11,淘宝/天猫,potential_buyer,paid,delivered,699.0,0.0,0.0,699.0,True,20260903
ORD-0002660,2026-08-16,B站会员购,core_buyer,paid,delivered,99.0,4.95,8.0,102.05,True,20260903
ORD-0002661,2026-06-04,淘宝/天猫,potential_buyer,paid,delivered,798.0,79.8,0.0,718.2,True,20260903
ORD-0002662,2026-07-20,官方商城,core_buyer,paid,delivered,117.0,5.85,0.0,111.15,True,20260903
ORD-0002663,2026-08-04,官方商城,core_buyer,paid,delivered,699.0,0.0,0.0,699.0,True,20260903
ORD-0002664,2026-07-28,淘宝/天猫,core_buyer,paid,delivered,48.0,0.0,10.0,58.0,True,20260903
ORD-0002665,2026-08-01,官方商城,occasional_buyer,paid,delivered,48.0,4.8,0.0,43.2,True,20260903
ORD-0002666,2026-08-07,二手平台,core_buyer,paid,delivered,39.0,0.0,10.0,49.0,True,20260903
ORD-0002667,2026-07-29,线下展会或快闪店,occasional_buyer,paid,delivered,144.0,7.2,0.0,136.8,True,20260903
ORD-0002668,2026-06-14,B站会员购,occasional_buyer,paid,delivered,747.0,69.9,0.0,677.1,True,20260903
ORD-0002669,2026-08-21,二手平台,potential_buyer,paid,delivered,738.0,36.9,0.0,701.1,True,20260903
ORD-0002670,2026-08-16,线下展会或快闪店,core_buyer,paid,delivered,137.0,6.85,0.0,130.15,True,20260903
ORD-0002671,2026-06-13,淘宝/天猫,core_buyer,paid,delivered,788.0,0.0,0.0,788.0,True,20260903
ORD-0002672,2026-07-31,线下展会或快闪店,core_buyer,paid,delivered,178.0,13.35,0.0,164.65,True,20260903
ORD-0002673,2026-07-23,B站会员购,occasional_buyer,paid,delivered,78.0,3.9,8.0,82.1,True,20260903
ORD-0002674,2026-07-06,官方商城,core_buyer,paid,delivered,66.0,4.2,8.0,69.8,True,20260903
ORD-0002675,2026-06-28,官方商城,occasional_buyer,paid,delivered,39.0,0.0,12.0,51.0,True,20260903
ORD-0002676,2026-07-13,淘宝/天猫,occasional_buyer,paid,delivered,297.0,0.0,0.0,297.0,True,20260903
ORD-0002677,2026-06-23,官方商城,occasional_buyer,cancelled,cancelled,1398.0,69.9,0.0,0.0,True,20260903
ORD-0002678,2026-06-12,其他,core_buyer,paid,delivered,89.0,0.0,0.0,89.0,True,20260903
ORD-0002679,2026-06-21,淘宝/天猫,occasional_buyer,paid,delivered,48.0,0.0,10.0,58.0,True,20260903
ORD-0002680,2026-07-28,B站会员购,potential_buyer,paid,delivered,99.0,0.0,0.0,99.0,True,20260903
ORD-0002681,2026-07-07,官方商城,occasional_buyer,paid,delivered,89.0,0.0,10.0,99.0,True,20260903
ORD-0002682,2026-08-08,淘宝/天猫,core_buyer,paid,delivered,18.0,0.0,0.0,18.0,True,20260903
ORD-0002683,2026-06-13,淘宝/天猫,core_buyer,paid,delivered,1487.0,69.9,0.0,1417.1,True,20260903
ORD-0002684,2026-07-15,官方商城,occasional_buyer,paid,delivered,48.0,0.0,0.0,48.0,True,20260903
ORD-0002685,2026-08-27,二手平台,potential_buyer,paid,delivered,699.0,0.0,0.0,699.0,True,20260903
ORD-0002686,2026-07-07,B站会员购,core_buyer,paid,delivered,89.0,8.9,0.0,80.1,True,20260903
ORD-0002687,2026-06-22,淘宝/天猫,core_buyer,paid,delivered,36.0,0.0,8.0,44.0,True,20260903
ORD-0002688,2026-06-27,线下展会或快闪店,core_buyer,paid,delivered,144.0,7.2,0.0,136.8,True,20260903
ORD-0002689,2026-08-10,B站会员购,occasional_buyer,paid,delivered,48.0,2.4,8.0,53.6,True,20260903
ORD-0002690,2026-06-06,官方商城,core_buyer,paid,delivered,39.0,3.9,10.0,45.1,True,20260903
ORD-0002691,2026-06-09,其他,core_buyer,paid,delivered,267.0,13.35,0.0,253.65,True,20260903
ORD-0002692,2026-06-24,官方商城,core_buyer,paid,delivered,107.0,0.0,0.0,107.0,True,20260903
ORD-0002693,2026-06-11,官方商城,core_buyer,paid,delivered,18.0,0.0,8.0,26.0,True,20260903
ORD-0002694,2026-07-22,淘宝/天猫,core_buyer,paid,delivered,99.0,4.95,8.0,102.05,True,20260903
ORD-0002695,2026-08-24,B站会员购,potential_buyer,paid,delivered,48.0,2.4,12.0,57.6,True,20260903
ORD-0002696,2026-07-08,B站会员购,core_buyer,paid,delivered,699.0,0.0,0.0,699.0,True,20260903
ORD-0002697,2026-06-22,官方商城,occasional_buyer,paid,delivered,99.0,0.0,0.0,99.0,True,20260903
ORD-0002698,2026-08-22,二手平台,occasional_buyer,paid,delivered,717.0,71.7,0.0,645.3,True,20260903
ORD-0002699,2026-07-21,二手平台,occasional_buyer,paid,delivered,128.0,0.0,0.0,128.0,True,20260903
ORD-0002700,2026-06-14,官方商城,occasional_buyer,paid,delivered,256.0,0.0,0.0,256.0,True,20260903
ORD-0002701,2026-08-26,淘宝/天猫,core_buyer,paid,delivered,99.0,0.0,0.0,99.0,True,20260903
ORD-0002702,2026-06-15,官方商城,core_buyer,paid,pending,48.0,0.0,0.0,48.0,True,20260903
ORD-0002703,2026-07-03,线下展会或快闪店,occasional_buyer,paid,delivered,256.0,25.6,0.0,230.4,True,20260903
ORD-0002704,2026-08-05,淘宝/天猫,core_buyer,paid,delivered,2097.0,0.0,0.0,2097.0,True,20260903
ORD-0002705,2026-06-10,淘宝/天猫,occasional_buyer,paid,delivered,48.0,0.0,0.0,48.0,True,20260903
ORD-0002706,2026-07-22,线下展会或快闪店,occasional_buyer,paid,delivered,57.0,1.8,0.0,55.2,True,20260903
ORD-0002707,2026-08-23,官方商城,occasional_buyer,paid,delivered,117.0,0.9,0.0,116.1,True,20260903
ORD-0002708,2026-07-23,官方商城,occasional_buyer,paid,delivered,128.0,0.0,0.0,128.0,True,20260903
ORD-0002709,2026-06-09,淘宝/天猫,core_buyer,paid,shipped,39.0,0.0,0.0,39.0,True,20260903
ORD-0002710,2026-08-27,淘宝/天猫,occasional_buyer,paid,delivered,39.0,1.95,12.0,49.05,True,20260903
ORD-0002711,2026-07-30,线下展会或快闪店,potential_buyer,cancelled,cancelled,128.0,0.0,0.0,0.0,True,20260903
ORD-0002712,2026-08-07,线下展会或快闪店,occasional_buyer,paid,delivered,699.0,0.0,0.0,699.0,True,20260903
ORD-0002713,2026-06-17,官方商城,core_buyer,paid,delivered,18.0,1.8,0.0,16.2,True,20260903
ORD-0002714,2026-07-28,官方商城,core_buyer,paid,delivered,18.0,0.0,0.0,18.0,True,20260903
ORD-0002715,2026-06-21,淘宝/天猫,occasional_buyer,paid,delivered,699.0,69.9,0.0,629.1,True,20260903
ORD-0002716,2026-06-06,淘宝/天猫,core_buyer,paid,delivered,89.0,4.45,8.0,92.55,True,20260903
ORD-0002717,2026-07-13,淘宝/天猫,core_buyer,paid,delivered,57.0,3.9,8.0,61.1,True,20260903
ORD-0002718,2026-06-17,官方商城,occasional_buyer,paid,delivered,126.0,0.0,0.0,126.0,True,20260903
ORD-0002719,2026-08-11,淘宝/天猫,occasional_buyer,paid,delivered,48.0,2.4,0.0,45.6,True,20260903
ORD-0002720,2026-06-25,淘宝/天猫,occasional_buyer,paid,delivered,99.0,4.95,10.0,104.05,True,20260903
ORD-0002721,2026-08-05,官方商城,occasional_buyer,paid,delivered,48.0,2.4,10.0,55.6,True,20260903
ORD-0002722,2026-07-22,B站会员购,core_buyer,paid,delivered,1497.0,69.9,0.0,1427.1,True,20260903
ORD-0002723,2026-06-21,直播间,core_buyer,paid,delivered,89.0,0.0,12.0,101.0,True,20260903
ORD-0002724,2026-07-29,其他,core_buyer,paid,delivered,89.0,4.45,0.0,84.55,True,20260903
ORD-0002725,2026-07-30,淘宝/天猫,core_buyer,paid,delivered,384.0,19.2,0.0,364.8,True,20260903
ORD-0002726,2026-07-20,其他,core_buyer,paid,delivered,18.0,0.0,12.0,30.0,True,20260903
ORD-0002727,2026-06-05,淘宝/天猫,core_buyer,paid,delivered,146.0,6.4,0.0,139.6,True,20260903
ORD-0002728,2026-07-13,淘宝/天猫,core_buyer,paid,delivered,99.0,0.0,0.0,99.0,True,20260903
ORD-0002729,2026-08-15,淘宝/天猫,occasional_buyer,paid,shipped,89.0,4.45,10.0,94.55,True,20260903
ORD-0002730,2026-07-18,官方商城,occasional_buyer,paid,delivered,89.0,0.0,12.0,101.0,True,20260903
ORD-0002731,2026-07-06,其他,core_buyer,paid,delivered,178.0,0.0,0.0,178.0,True,20260903
ORD-0002732,2026-06-20,线下展会或快闪店,potential_buyer,paid,delivered,138.0,0.0,0.0,138.0,True,20260903
ORD-0002733,2026-07-04,淘宝/天猫,occasional_buyer,paid,shipped,897.0,34.95,0.0,862.05,True,20260903
ORD-0002734,2026-06-29,线下展会或快闪店,core_buyer,paid,delivered,395.0,4.45,0.0,390.55,True,20260903
ORD-0002735,2026-08-03,直播间,occasional_buyer,paid,delivered,18.0,0.9,8.0,25.1,True,20260903
ORD-0002736,2026-07-12,官方商城,occasional_buyer,paid,delivered,99.0,4.95,8.0,102.05,True,20260903
ORD-0002737,2026-06-27,线下展会或快闪店,occasional_buyer,paid,delivered,699.0,34.95,0.0,664.05,True,20260903
ORD-0002738,2026-06-13,线下展会或快闪店,core_buyer,paid,delivered,827.0,69.9,0.0,757.1,True,20260903
ORD-0002739,2026-06-01,官方商城,occasional_buyer,paid,delivered,699.0,0.0,0.0,699.0,True,20260903
ORD-0002740,2026-07-07,淘宝/天猫,occasional_buyer,paid,delivered,137.0,2.4,0.0,134.6,True,20260903
ORD-0002741,2026-07-13,线下展会或快闪店,core_buyer,paid,delivered,117.0,0.9,0.0,116.1,True,20260903
ORD-0002742,2026-06-07,B站会员购,core_buyer,paid,delivered,48.0,0.0,10.0,58.0,True,20260903
ORD-0002743,2026-06-18,直播间,occasional_buyer,paid,delivered,226.0,2.4,0.0,223.6,True,20260903
ORD-0002744,2026-07-04,淘宝/天猫,occasional_buyer,paid,delivered,57.0,4.8,10.0,62.2,True,20260903
ORD-0002745,2026-08-02,官方商城,core_buyer,paid,delivered,176.0,0.0,0.0,176.0,True,20260903
ORD-0002746,2026-08-11,淘宝/天猫,occasional_buyer,paid,delivered,256.0,0.0,0.0,256.0,True,20260903
ORD-0002747,2026-07-25,官方商城,occasional_buyer,paid,delivered,39.0,0.0,0.0,39.0,True,20260903
ORD-0002748,2026-08-01,线下展会或快闪店,occasional_buyer,paid,delivered,827.0,0.0,0.0,827.0,True,20260903
ORD-0002749,2026-06-25,官方商城,potential_buyer,paid,delivered,146.0,1.8,0.0,144.2,True,20260903
ORD-0002750,2026-06-22,官方商城,occasional_buyer,paid,delivered,1182.0,0.0,0.0,1182.0,True,20260903
ORD-0002751,2026-06-20,B站会员购,potential_buyer,paid,shipped,89.0,8.9,10.0,90.1,True,20260903
ORD-0002752,2026-08-11,淘宝/天猫,occasional_buyer,paid,delivered,128.0,0.0,0.0,128.0,True,20260903
ORD-0002753,2026-06-12,官方商城,potential_buyer,paid,delivered,126.0,6.3,0.0,119.7,True,20260903
ORD-0002754,2026-08-16,淘宝/天猫,core_buyer,paid,delivered,99.0,4.95,8.0,102.05,True,20260903
ORD-0002755,2026-06-19,官方商城,core_buyer,paid,delivered,738.0,69.9,0.0,668.1,True,20260903
ORD-0002756,2026-08-15,B站会员购,core_buyer,paid,delivered,178.0,0.0,0.0,178.0,True,20260903
ORD-0002757,2026-06-22,B站会员购,occasional_buyer,paid,delivered,198.0,9.9,0.0,188.1,True,20260903
ORD-0002758,2026-06-19,官方商城,core_buyer,paid,shipped,1434.0,1.8,0.0,1432.2,True,20260903
ORD-0002759,2026-06-15,官方商城,potential_buyer,paid,delivered,355.0,32.65,0.0,322.35,True,20260903
ORD-0002760,2026-07-04,淘宝/天猫,core_buyer,cancelled,cancelled,366.0,14.85,0.0,0.0,True,20260903
ORD-0002761,2026-07-20,线下展会或快闪店,core_buyer,paid,delivered,39.0,0.0,10.0,49.0,True,20260903
ORD-0002762,2026-07-22,线下展会或快闪店,potential_buyer,paid,delivered,39.0,0.0,0.0,39.0,True,20260903
ORD-0002763,2026-08-24,B站会员购,potential_buyer,paid,delivered,699.0,69.9,0.0,629.1,True,20260903
ORD-0002764,2026-06-25,淘宝/天猫,occasional_buyer,paid,delivered,213.0,10.8,0.0,202.2,True,20260903
ORD-0002765,2026-08-26,B站会员购,core_buyer,paid,delivered,146.0,1.8,0.0,144.2,True,20260903
ORD-0002766,2026-06-20,线下展会或快闪店,core_buyer,paid,delivered,1437.0,143.7,0.0,1293.3,True,20260903
ORD-0002767,2026-06-06,线下展会或快闪店,potential_buyer,paid,delivered,48.0,2.4,8.0,53.6,True,20260903
ORD-0002768,2026-08-14,淘宝/天猫,occasional_buyer,paid,delivered,99.0,0.0,0.0,99.0,True,20260903
ORD-0002769,2026-06-28,官方商城,occasional_buyer,paid,delivered,699.0,0.0,0.0,699.0,True,20260903
ORD-0002770,2026-06-29,官方商城,occasional_buyer,paid,delivered,48.0,0.0,8.0,56.0,True,20260903
ORD-0002771,2026-07-21,官方商城,core_buyer,paid,delivered,128.0,0.0,0.0,128.0,True,20260903
ORD-0002772,2026-07-15,淘宝/天猫,core_buyer,paid,delivered,89.0,0.0,10.0,99.0,True,20260903
ORD-0002773,2026-07-26,官方商城,occasional_buyer,paid,delivered,128.0,0.0,0.0,128.0,True,20260903
ORD-0002774,2026-06-03,B站会员购,core_buyer,paid,delivered,156.0,9.75,0.0,146.25,True,20260903
ORD-0002775,2026-08-16,B站会员购,core_buyer,paid,delivered,18.0,0.0,8.0,26.0,True,20260903
ORD-0002776,2026-08-20,二手平台,core_buyer,paid,delivered,699.0,69.9,0.0,629.1,True,20260903
ORD-0002777,2026-07-15,淘宝/天猫,core_buyer,paid,delivered,39.0,3.9,0.0,35.1,True,20260903
ORD-0002778,2026-08-26,官方商城,core_buyer,paid,delivered,89.0,0.0,0.0,89.0,True,20260903
ORD-0002779,2026-08-08,线下展会或快闪店,occasional_buyer,paid,delivered,87.0,9.15,8.0,85.85,True,20260903
ORD-0002780,2026-06-03,官方商城,potential_buyer,paid,delivered,89.0,0.0,10.0,99.0,True,20260903
ORD-0002781,2026-06-27,淘宝/天猫,core_buyer,paid,delivered,138.0,1.95,0.0,136.05,True,20260903
ORD-0002782,2026-06-25,其他,core_buyer,paid,delivered,128.0,0.0,0.0,128.0,True,20260903
ORD-0002783,2026-08-06,官方商城,core_buyer,paid,delivered,99.0,4.95,8.0,102.05,True,20260903
ORD-0002784,2026-07-18,线下展会或快闪店,core_buyer,paid,delivered,926.0,27.65,0.0,898.35,True,20260903
ORD-0002785,2026-06-25,官方商城,potential_buyer,paid,delivered,48.0,2.4,8.0,53.6,True,20260903
ORD-0002786,2026-07-16,其他,core_buyer,paid,delivered,699.0,0.0,0.0,699.0,True,20260903
ORD-0002787,2026-06-04,官方商城,occasional_buyer,paid,delivered,39.0,0.0,10.0,49.0,True,20260903
ORD-0002788,2026-08-02,官方商城,occasional_buyer,paid,delivered,128.0,6.4,0.0,121.6,True,20260903
ORD-0002789,2026-07-15,其他,occasional_buyer,paid,delivered,827.0,12.8,0.0,814.2,True,20260903
ORD-0002790,2026-07-09,B站会员购,potential_buyer,paid,delivered,246.0,2.4,0.0,243.6,True,20260903
ORD-0002791,2026-06-16,B站会员购,core_buyer,paid,delivered,877.0,17.8,0.0,859.2,True,20260903
ORD-0002792,2026-06-28,官方商城,core_buyer,paid,delivered,18.0,2.7,10.0,25.3,True,20260903
ORD-0002793,2026-06-19,淘宝/天猫,core_buyer,paid,delivered,99.0,4.95,12.0,106.05,True,20260903
ORD-0002794,2026-08-11,官方商城,occasional_buyer,paid,delivered,176.0,6.4,0.0,169.6,True,20260903
ORD-0002795,2026-08-23,官方商城,occasional_buyer,paid,delivered,265.0,4.45,0.0,260.55,True,20260903
ORD-0002796,2026-07-03,淘宝/天猫,core_buyer,paid,delivered,99.0,9.9,10.0,99.1,True,20260903
ORD-0002797,2026-08-02,淘宝/天猫,core_buyer,paid,delivered,128.0,0.0,0.0,128.0,True,20260903
ORD-0002798,2026-08-13,B站会员购,core_buyer,paid,delivered,1398.0,209.7,0.0,1188.3,True,20260903
ORD-0002799,2026-07-13,B站会员购,potential_buyer,paid,delivered,128.0,0.0,0.0,128.0,True,20260903
ORD-0002800,2026-07-18,线下展会或快闪店,occasional_buyer,paid,delivered,217.0,0.0,0.0,217.0,True,20260903
ORD-0002801,2026-06-23,淘宝/天猫,occasional_buyer,paid,delivered,827.0,6.4,0.0,820.6,True,20260903
ORD-0002802,2026-07-27,淘宝/天猫,occasional_buyer,paid,delivered,18.0,1.8,8.0,24.2,True,20260903
ORD-0002803,2026-07-21,B站会员购,occasional_buyer,paid,delivered,18.0,0.0,8.0,26.0,True,20260903
ORD-0002804,2026-08-17,其他,core_buyer,paid,delivered,735.0,0.0,0.0,735.0,True,20260903
ORD-0002805,2026-08-12,淘宝/天猫,occasional_buyer,paid,delivered,57.0,2.85,0.0,54.15,True,20260903
ORD-0002806,2026-06-09,线下展会或快闪店,occasional_buyer,paid,delivered,39.0,0.0,0.0,39.0,True,20260903
ORD-0002807,2026-06-01,官方商城,core_buyer,paid,delivered,89.0,8.9,0.0,80.1,True,20260903
ORD-0002808,2026-07-27,淘宝/天猫,occasional_buyer,paid,delivered,165.0,11.7,0.0,153.3,True,20260903
ORD-0002809,2026-07-02,线下展会或快闪店,occasional_buyer,paid,delivered,99.0,9.9,8.0,97.1,True,20260903
ORD-0002810,2026-08-01,B站会员购,core_buyer,paid,delivered,78.0,3.9,8.0,82.1,True,20260903
ORD-0002811,2026-07-30,淘宝/天猫,potential_buyer,paid,delivered,84.0,10.8,0.0,73.2,True,20260903
ORD-0002812,2026-08-01,淘宝/天猫,potential_buyer,paid,delivered,99.0,0.0,0.0,99.0,True,20260903
ORD-0002813,2026-08-19,官方商城,potential_buyer,paid,delivered,99.0,0.0,0.0,99.0,True,20260903
ORD-0002814,2026-07-04,线下展会或快闪店,core_buyer,paid,delivered,96.0,0.0,0.0,96.0,True,20260903
ORD-0002815,2026-08-17,淘宝/天猫,occasional_buyer,paid,delivered,798.0,9.9,0.0,788.1,True,20260903
ORD-0002816,2026-06-17,B站会员购,core_buyer,paid,delivered,188.0,4.45,0.0,183.55,True,20260903
ORD-0002817,2026-06-28,淘宝/天猫,occasional_buyer,paid,delivered,89.0,8.9,0.0,80.1,True,20260903
ORD-0002818,2026-08-24,二手平台,core_buyer,paid,delivered,99.0,0.0,0.0,99.0,True,20260903
ORD-0002819,2026-08-18,淘宝/天猫,potential_buyer,paid,delivered,18.0,0.0,8.0,26.0,True,20260903
ORD-0002820,2026-07-16,淘宝/天猫,core_buyer,paid,delivered,96.0,0.0,8.0,104.0,True,20260903
ORD-0002821,2026-07-05,官方商城,core_buyer,paid,delivered,128.0,13.35,0.0,114.65,True,20260903
ORD-0002822,2026-07-27,B站会员购,core_buyer,paid,delivered,1398.0,0.0,0.0,1398.0,True,20260903
ORD-0002823,2026-06-23,官方商城,occasional_buyer,paid,delivered,99.0,9.9,12.0,101.1,True,20260903
ORD-0002824,2026-07-05,淘宝/天猫,potential_buyer,paid,delivered,89.0,13.35,12.0,87.65,True,20260903
ORD-0002825,2026-06-15,官方商城,occasional_buyer,paid,delivered,176.0,6.4,0.0,169.6,True,20260903
ORD-0002826,2026-06-10,线下展会或快闪店,occasional_buyer,paid,delivered,137.0,0.0,0.0,137.0,True,20260903
ORD-0002827,2026-07-12,B站会员购,occasional_buyer,paid,delivered,699.0,69.9,0.0,629.1,True,20260903
ORD-0002828,2026-08-09,官方商城,occasional_buyer,paid,delivered,96.0,0.0,0.0,96.0,True,20260903
ORD-0002829,2026-08-05,B站会员购,core_buyer,paid,delivered,89.0,4.45,10.0,94.55,True,20260903
ORD-0002830,2026-07-04,淘宝/天猫,potential_buyer,paid,delivered,128.0,12.8,0.0,115.2,True,20260903
ORD-0002831,2026-06-15,官方商城,core_buyer,paid,delivered,48.0,4.8,8.0,51.2,True,20260903
ORD-0002832,2026-06-21,官方商城,core_buyer,paid,delivered,294.0,29.7,0.0,264.3,True,20260903
ORD-0002833,2026-07-16,官方商城,core_buyer,paid,delivered,78.0,1.95,0.0,76.05,True,20260903
ORD-0002834,2026-08-11,二手平台,core_buyer,paid,delivered,138.0,1.95,0.0,136.05,True,20260903
ORD-0002835,2026-07-01,B站会员购,occasional_buyer,paid,delivered,48.0,4.8,0.0,43.2,True,20260903
ORD-0002836,2026-08-12,线下展会或快闪店,core_buyer,paid,delivered,36.0,0.0,0.0,36.0,True,20260903
ORD-0002837,2026-07-29,淘宝/天猫,core_buyer,paid,delivered,176.0,11.2,0.0,164.8,True,20260903
ORD-0002838,2026-08-14,官方商城,core_buyer,paid,delivered,699.0,34.95,0.0,664.05,True,20260903
ORD-0002839,2026-06-14,B站会员购,occasional_buyer,paid,delivered,39.0,3.9,8.0,43.1,True,20260903
ORD-0002840,2026-06-19,官方商城,core_buyer,paid,delivered,128.0,0.0,0.0,128.0,True,20260903
ORD-0002841,2026-06-22,官方商城,occasional_buyer,paid,delivered,36.0,1.8,12.0,46.2,True,20260903
ORD-0002842,2026-06-26,二手平台,core_buyer,paid,delivered,89.0,0.0,8.0,97.0,True,20260903
ORD-0002843,2026-06-20,官方商城,potential_buyer,paid,delivered,39.0,3.9,8.0,43.1,True,20260903
ORD-0002844,2026-08-14,官方商城,core_buyer,paid,delivered,699.0,34.95,0.0,664.05,True,20260903
ORD-0002845,2026-08-08,淘宝/天猫,core_buyer,paid,delivered,128.0,0.0,0.0,128.0,True,20260903
ORD-0002846,2026-08-09,B站会员购,core_buyer,paid,delivered,845.0,35.85,0.0,809.15,True,20260903
ORD-0002847,2026-08-07,淘宝/天猫,core_buyer,paid,delivered,176.0,8.8,0.0,167.2,True,20260903
ORD-0002848,2026-08-15,淘宝/天猫,occasional_buyer,paid,delivered,99.0,4.95,0.0,94.05,True,20260903
ORD-0002849,2026-06-20,官方商城,core_buyer,paid,delivered,18.0,1.8,0.0,16.2,True,20260903
ORD-0002850,2026-08-05,淘宝/天猫,core_buyer,paid,delivered,178.0,17.8,0.0,160.2,True,20260903
ORD-0002851,2026-08-24,官方商城,occasional_buyer,paid,delivered,48.0,0.0,0.0,48.0,True,20260903
ORD-0002852,2026-06-21,B站会员购,potential_buyer,paid,delivered,89.0,4.45,10.0,94.55,True,20260903
ORD-0002853,2026-08-27,线下展会或快闪店,occasional_buyer,paid,delivered,125.0,0.0,0.0,125.0,True,20260903
ORD-0002854,2026-08-17,官方商城,occasional_buyer,paid,delivered,128.0,0.0,0.0,128.0,True,20260903
ORD-0002855,2026-07-01,官方商城,occasional_buyer,paid,delivered,777.0,0.0,0.0,777.0,True,20260903
ORD-0002856,2026-07-07,二手平台,occasional_buyer,paid,delivered,227.0,12.8,0.0,214.2,True,20260903
ORD-0002857,2026-07-26,线下展会或快闪店,occasional_buyer,paid,delivered,89.0,13.35,12.0,87.65,True,20260903
ORD-0002858,2026-08-20,淘宝/天猫,occasional_buyer,paid,delivered,99.0,0.0,0.0,99.0,True,20260903
ORD-0002859,2026-06-03,淘宝/天猫,core_buyer,paid,delivered,128.0,12.8,0.0,115.2,True,20260903
ORD-0002860,2026-07-26,二手平台,occasional_buyer,paid,delivered,738.0,73.8,0.0,664.2,True,20260903
ORD-0002861,2026-08-12,淘宝/天猫,core_buyer,paid,delivered,78.0,0.0,10.0,88.0,True,20260903
ORD-0002862,2026-06-18,线下展会或快闪店,core_buyer,paid,delivered,89.0,8.9,8.0,88.1,True,20260903
ORD-0002863,2026-07-03,官方商城,core_buyer,paid,delivered,224.0,4.8,0.0,219.2,True,20260903
ORD-0002864,2026-06-27,B站会员购,occasional_buyer,paid,delivered,99.0,0.0,0.0,99.0,True,20260903
ORD-0002865,2026-07-29,线下展会或快闪店,core_buyer,paid,delivered,48.0,7.2,10.0,50.8,True,20260903
ORD-0002866,2026-06-15,官方商城,occasional_buyer,paid,delivered,747.0,2.4,0.0,744.6,True,20260903
ORD-0002867,2026-06-01,线下展会或快闪店,occasional_buyer,paid,delivered,699.0,0.0,0.0,699.0,True,20260903
ORD-0002868,2026-08-05,B站会员购,occasional_buyer,paid,delivered,18.0,0.0,8.0,26.0,True,20260903
ORD-0002869,2026-06-06,线下展会或快闪店,occasional_buyer,paid,delivered,147.0,4.95,0.0,142.05,True,20260903
ORD-0002870,2026-06-27,官方商城,core_buyer,paid,delivered,699.0,0.0,0.0,699.0,True,20260903
ORD-0002871,2026-08-04,淘宝/天猫,occasional_buyer,paid,shipped,185.0,8.9,0.0,176.1,True,20260903
ORD-0002872,2026-07-31,淘宝/天猫,occasional_buyer,paid,delivered,89.0,13.35,0.0,75.65,True,20260903
ORD-0002873,2026-08-09,B站会员购,core_buyer,paid,delivered,1005.0,0.0,0.0,1005.0,True,20260903
ORD-0002874,2026-07-09,线下展会或快闪店,core_buyer,paid,delivered,39.0,0.0,0.0,39.0,True,20260903
ORD-0002875,2026-06-23,淘宝/天猫,occasional_buyer,paid,delivered,99.0,0.0,0.0,99.0,True,20260903
ORD-0002876,2026-06-28,直播间,occasional_buyer,paid,delivered,267.0,22.25,0.0,244.75,True,20260903
ORD-0002877,2026-08-15,淘宝/天猫,core_buyer,paid,delivered,89.0,4.45,0.0,84.55,True,20260903
ORD-0002878,2026-06-10,官方商城,core_buyer,paid,delivered,699.0,34.95,0.0,664.05,True,20260903
ORD-0002879,2026-06-25,B站会员购,occasional_buyer,paid,delivered,48.0,0.0,8.0,56.0,True,20260903
ORD-0002880,2026-06-18,淘宝/天猫,occasional_buyer,paid,delivered,99.0,0.0,0.0,99.0,True,20260903
ORD-0002881,2026-06-15,B站会员购,core_buyer,paid,delivered,18.0,1.8,0.0,16.2,True,20260903
ORD-0002882,2026-07-22,淘宝/天猫,occasional_buyer,paid,delivered,128.0,0.0,0.0,128.0,True,20260903
ORD-0002883,2026-08-26,官方商城,occasional_buyer,paid,delivered,89.0,13.35,0.0,75.65,True,20260903
ORD-0002884,2026-08-14,官方商城,occasional_buyer,paid,shipped,48.0,0.0,10.0,58.0,True,20260903
ORD-0002885,2026-08-04,官方商城,potential_buyer,paid,delivered,89.0,0.0,12.0,101.0,True,20260903
ORD-0002886,2026-07-24,官方商城,potential_buyer,paid,delivered,99.0,4.95,8.0,102.05,True,20260903
ORD-0002887,2026-06-21,淘宝/天猫,potential_buyer,paid,delivered,18.0,0.0,0.0,18.0,True,20260903
ORD-0002888,2026-06-07,淘宝/天猫,potential_buyer,paid,delivered,89.0,0.0,8.0,97.0,True,20260903
ORD-0002889,2026-06-26,淘宝/天猫,occasional_buyer,paid,delivered,96.0,0.0,8.0,104.0,True,20260903
ORD-0002890,2026-06-29,线下展会或快闪店,core_buyer,paid,delivered,217.0,15.3,0.0,201.7,True,20260903
ORD-0002891,2026-06-11,官方商城,occasional_buyer,paid,delivered,699.0,0.0,0.0,699.0,True,20260903
ORD-0002892,2026-06-17,官方商城,core_buyer,paid,delivered,217.0,0.0,0.0,217.0,True,20260903
ORD-0002893,2026-06-19,官方商城,potential_buyer,paid,delivered,99.0,4.95,8.0,102.05,True,20260903
ORD-0002894,2026-08-10,直播间,core_buyer,paid,delivered,292.0,25.6,0.0,266.4,True,20260903
ORD-0002895,2026-07-24,淘宝/天猫,occasional_buyer,paid,delivered,48.0,0.0,8.0,56.0,True,20260903
ORD-0002896,2026-06-20,B站会员购,core_buyer,paid,delivered,18.0,0.9,0.0,17.1,True,20260903
ORD-0002897,2026-06-21,淘宝/天猫,core_buyer,paid,delivered,48.0,2.4,8.0,53.6,True,20260903
ORD-0002898,2026-08-27,二手平台,occasional_buyer,paid,delivered,699.0,69.9,0.0,629.1,True,20260903
ORD-0002899,2026-06-28,官方商城,potential_buyer,paid,delivered,39.0,1.95,0.0,37.05,True,20260903
ORD-0002900,2026-07-29,淘宝/天猫,potential_buyer,paid,pending,87.0,4.8,10.0,92.2,True,20260903
ORD-0002901,2026-06-24,淘宝/天猫,potential_buyer,paid,delivered,699.0,0.0,0.0,699.0,True,20260903
ORD-0002902,2026-06-12,官方商城,occasional_buyer,paid,delivered,128.0,6.4,0.0,121.6,True,20260903
ORD-0002903,2026-07-26,B站会员购,core_buyer,paid,delivered,198.0,19.8,0.0,178.2,True,20260903
ORD-0002904,2026-06-06,官方商城,core_buyer,paid,delivered,117.0,4.95,0.0,112.05,True,20260903
ORD-0002905,2026-06-29,淘宝/天猫,core_buyer,paid,shipped,18.0,0.0,10.0,28.0,True,20260903
ORD-0002906,2026-06-10,官方商城,core_buyer,paid,delivered,699.0,0.0,0.0,699.0,True,20260903
ORD-0002907,2026-08-16,淘宝/天猫,occasional_buyer,paid,shipped,89.0,0.0,10.0,99.0,True,20260903
ORD-0002908,2026-06-01,B站会员购,occasional_buyer,paid,delivered,176.0,19.2,0.0,156.8,True,20260903
ORD-0002909,2026-08-24,官方商城,core_buyer,paid,delivered,87.0,4.8,8.0,90.2,True,20260903
ORD-0002910,2026-06-27,淘宝/天猫,occasional_buyer,paid,delivered,137.0,2.4,0.0,134.6,True,20260903
ORD-0002911,2026-06-21,B站会员购,potential_buyer,paid,shipped,48.0,0.0,8.0,56.0,True,20260903
ORD-0002912,2026-06-16,线下展会或快闪店,core_buyer,paid,delivered,89.0,0.0,10.0,99.0,True,20260903
ORD-0002913,2026-08-05,官方商城,core_buyer,paid,delivered,738.0,69.9,0.0,668.1,True,20260903
ORD-0002914,2026-06-28,线下展会或快闪店,core_buyer,paid,delivered,2097.0,69.9,0.0,2027.1,True,20260903
ORD-0002915,2026-06-08,淘宝/天猫,potential_buyer,paid,delivered,18.0,1.8,8.0,24.2,True,20260903
ORD-0002916,2026-07-14,直播间,core_buyer,paid,delivered,747.0,7.2,0.0,739.8,True,20260903
ORD-0002917,2026-08-17,线下展会或快闪店,occasional_buyer,paid,delivered,107.0,0.9,0.0,106.1,True,20260903
ORD-0002918,2026-08-07,官方商城,occasional_buyer,paid,delivered,128.0,12.8,0.0,115.2,True,20260903
ORD-0002919,2026-07-27,B站会员购,occasional_buyer,paid,delivered,747.0,4.8,0.0,742.2,True,20260903
ORD-0002920,2026-08-29,其他,occasional_buyer,paid,delivered,18.0,0.0,0.0,18.0,True,20260903
ORD-0002921,2026-06-17,B站会员购,occasional_buyer,paid,delivered,128.0,6.4,0.0,121.6,True,20260903
ORD-0002922,2026-06-07,直播间,potential_buyer,paid,delivered,99.0,0.0,0.0,99.0,True,20260903
ORD-0002923,2026-06-02,官方商城,occasional_buyer,paid,delivered,48.0,0.0,8.0,56.0,True,20260903
ORD-0002924,2026-08-09,B站会员购,core_buyer,paid,delivered,738.0,3.9,0.0,734.1,True,20260903
ORD-0002925,2026-06-16,官方商城,occasional_buyer,paid,delivered,99.0,4.95,0.0,94.05,True,20260903
ORD-0002926,2026-07-31,线下展会或快闪店,core_buyer,paid,delivered,99.0,0.0,0.0,99.0,True,20260903
ORD-0002927,2026-06-23,直播间,core_buyer,paid,delivered,128.0,0.0,0.0,128.0,True,20260903
ORD-0002928,2026-08-04,B站会员购,core_buyer,paid,delivered,198.0,9.9,0.0,188.1,True,20260903
ORD-0002929,2026-08-24,线下展会或快闪店,occasional_buyer,paid,delivered,48.0,4.8,12.0,55.2,True,20260903
ORD-0002930,2026-07-27,官方商城,occasional_buyer,paid,delivered,89.0,8.9,8.0,88.1,True,20260903
ORD-0002931,2026-07-27,淘宝/天猫,potential_buyer,paid,delivered,39.0,0.0,10.0,49.0,True,20260903
ORD-0002932,2026-07-23,淘宝/天猫,core_buyer,paid,delivered,217.0,8.9,0.0,208.1,True,20260903
ORD-0002933,2026-07-04,B站会员购,potential_buyer,paid,delivered,89.0,4.45,8.0,92.55,True,20260903
ORD-0002934,2026-06-16,二手平台,occasional_buyer,paid,delivered,89.0,0.0,10.0,99.0,True,20260903
ORD-0002935,2026-07-20,淘宝/天猫,core_buyer,paid,delivered,788.0,69.9,0.0,718.1,True,20260903
ORD-0002936,2026-06-30,官方商城,potential_buyer,cancelled,cancelled,128.0,0.0,0.0,0.0,True,20260903
ORD-0002937,2026-06-01,官方商城,occasional_buyer,paid,delivered,39.0,0.0,8.0,47.0,True,20260903
ORD-0002938,2026-08-05,官方商城,occasional_buyer,paid,shipped,224.0,0.0,0.0,224.0,True,20260903
ORD-0002939,2026-06-28,线下展会或快闪店,core_buyer,paid,delivered,39.0,0.0,8.0,47.0,True,20260903
ORD-0002940,2026-06-21,官方商城,occasional_buyer,paid,delivered,738.0,5.85,0.0,732.15,True,20260903
ORD-0002941,2026-08-20,淘宝/天猫,occasional_buyer,paid,delivered,483.0,11.35,0.0,471.65,True,20260903
ORD-0002942,2026-07-10,线下展会或快闪店,core_buyer,paid,delivered,107.0,9.8,8.0,105.2,True,20260903
ORD-0002943,2026-06-15,B站会员购,occasional_buyer,paid,delivered,699.0,0.0,0.0,699.0,True,20260903
ORD-0002944,2026-07-25,淘宝/天猫,potential_buyer,paid,delivered,89.0,4.45,0.0,84.55,True,20260903
ORD-0002945,2026-06-27,淘宝/天猫,potential_buyer,paid,delivered,699.0,0.0,0.0,699.0,True,20260903
ORD-0002946,2026-07-24,淘宝/天猫,occasional_buyer,paid,delivered,99.0,4.95,10.0,104.05,True,20260903
ORD-0002947,2026-08-13,线下展会或快闪店,occasional_buyer,paid,delivered,126.0,0.0,0.0,126.0,True,20260903
ORD-0002948,2026-06-12,官方商城,potential_buyer,paid,delivered,699.0,0.0,0.0,699.0,True,20260903
ORD-0002949,2026-07-28,线下展会或快闪店,occasional_buyer,paid,shipped,699.0,0.0,0.0,699.0,True,20260903
ORD-0002950,2026-08-29,直播间,potential_buyer,cancelled,cancelled,39.0,1.95,0.0,0.0,True,20260903
ORD-0002951,2026-07-04,淘宝/天猫,occasional_buyer,paid,delivered,99.0,4.95,12.0,106.05,True,20260903
ORD-0002952,2026-06-22,线下展会或快闪店,core_buyer,paid,delivered,48.0,2.4,10.0,55.6,True,20260903
ORD-0002953,2026-06-18,淘宝/天猫,occasional_buyer,paid,delivered,699.0,69.9,0.0,629.1,True,20260903
ORD-0002954,2026-06-16,线下展会或快闪店,occasional_buyer,paid,delivered,376.0,37.6,0.0,338.4,True,20260903
ORD-0002955,2026-06-17,官方商城,core_buyer,paid,delivered,128.0,12.8,0.0,115.2,True,20260903
ORD-0002956,2026-08-29,B站会员购,occasional_buyer,paid,delivered,18.0,1.8,8.0,24.2,True,20260903
ORD-0002957,2026-08-11,官方商城,potential_buyer,paid,delivered,39.0,1.95,12.0,49.05,True,20260903
ORD-0002958,2026-08-01,淘宝/天猫,occasional_buyer,paid,delivered,96.0,0.0,0.0,96.0,True,20260903
ORD-0002959,2026-07-08,官方商城,occasional_buyer,paid,delivered,89.0,0.0,8.0,97.0,True,20260903
ORD-0002960,2026-08-13,其他,core_buyer,paid,delivered,36.0,0.0,8.0,44.0,True,20260903
ORD-0002961,2026-06-08,官方商城,occasional_buyer,paid,delivered,89.0,0.0,0.0,89.0,True,20260903
ORD-0002962,2026-07-23,二手平台,potential_buyer,paid,delivered,99.0,9.9,8.0,97.1,True,20260903
ORD-0002963,2026-06-16,B站会员购,core_buyer,paid,delivered,18.0,1.8,8.0,24.2,True,20260903
ORD-0002964,2026-07-22,B站会员购,core_buyer,paid,delivered,699.0,0.0,0.0,699.0,True,20260903
ORD-0002965,2026-06-19,B站会员购,core_buyer,paid,delivered,144.0,14.4,0.0,129.6,True,20260903
ORD-0002966,2026-08-05,淘宝/天猫,core_buyer,paid,delivered,699.0,0.0,0.0,699.0,True,20260903
ORD-0002967,2026-06-18,B站会员购,occasional_buyer,paid,delivered,96.0,4.8,8.0,99.2,True,20260903
ORD-0002968,2026-06-20,淘宝/天猫,occasional_buyer,paid,delivered,747.0,2.4,0.0,744.6,True,20260903
ORD-0002969,2026-08-21,官方商城,occasional_buyer,paid,delivered,36.0,0.0,10.0,46.0,True,20260903
ORD-0002970,2026-08-25,淘宝/天猫,core_buyer,paid,delivered,699.0,69.9,0.0,629.1,True,20260903
ORD-0002971,2026-07-16,淘宝/天猫,core_buyer,paid,delivered,89.0,0.0,8.0,97.0,True,20260903
ORD-0002972,2026-08-25,淘宝/天猫,core_buyer,paid,delivered,138.0,4.95,0.0,133.05,True,20260903
ORD-0002973,2026-07-28,淘宝/天猫,core_buyer,paid,delivered,48.0,4.8,12.0,55.2,True,20260903
ORD-0002974,2026-07-25,B站会员购,occasional_buyer,cancelled,cancelled,146.0,8.2,0.0,0.0,True,20260903
ORD-0002975,2026-07-31,线下展会或快闪店,potential_buyer,paid,delivered,217.0,19.2,0.0,197.8,True,20260903
ORD-0002976,2026-08-21,B站会员购,occasional_buyer,paid,delivered,217.0,19.75,0.0,197.25,True,20260903
ORD-0002977,2026-07-01,淘宝/天猫,core_buyer,paid,delivered,39.0,0.0,12.0,51.0,True,20260903
ORD-0002978,2026-08-24,淘宝/天猫,potential_buyer,paid,delivered,198.0,0.0,0.0,198.0,True,20260903
ORD-0002979,2026-07-25,官方商城,occasional_buyer,paid,delivered,48.0,0.0,10.0,58.0,True,20260903
ORD-0002980,2026-06-15,官方商城,core_buyer,paid,delivered,128.0,0.0,0.0,128.0,True,20260903
ORD-0002981,2026-07-04,线下展会或快闪店,core_buyer,paid,delivered,747.0,0.0,0.0,747.0,True,20260903
ORD-0002982,2026-07-18,直播间,potential_buyer,paid,delivered,217.0,0.0,0.0,217.0,True,20260903
ORD-0002983,2026-06-10,官方商城,occasional_buyer,paid,delivered,128.0,0.0,0.0,128.0,True,20260903
ORD-0002984,2026-08-10,官方商城,core_buyer,paid,delivered,1398.0,69.9,0.0,1328.1,True,20260903
ORD-0002985,2026-07-15,淘宝/天猫,core_buyer,paid,delivered,256.0,12.8,0.0,243.2,True,20260903
ORD-0002986,2026-06-21,官方商城,core_buyer,paid,delivered,699.0,34.95,0.0,664.05,True,20260903
ORD-0002987,2026-07-14,线下展会或快闪店,occasional_buyer,paid,delivered,178.0,26.7,0.0,151.3,True,20260903
ORD-0002988,2026-08-02,淘宝/天猫,core_buyer,paid,delivered,39.0,3.9,10.0,45.1,True,20260903
ORD-0002989,2026-06-05,二手平台,occasional_buyer,paid,delivered,837.0,34.95,0.0,802.05,True,20260903
ORD-0002990,2026-08-01,淘宝/天猫,occasional_buyer,paid,delivered,89.0,0.0,8.0,97.0,True,20260903
ORD-0002991,2026-08-07,淘宝/天猫,occasional_buyer,paid,delivered,48.0,2.4,8.0,53.6,True,20260903
ORD-0002992,2026-06-09,线下展会或快闪店,occasional_buyer,paid,delivered,89.0,0.0,0.0,89.0,True,20260903
ORD-0002993,2026-08-06,淘宝/天猫,core_buyer,paid,delivered,188.0,4.95,0.0,183.05,True,20260903
ORD-0002994,2026-07-01,淘宝/天猫,occasional_buyer,paid,delivered,18.0,0.9,0.0,17.1,True,20260903
ORD-0002995,2026-08-15,淘宝/天猫,core_buyer,paid,delivered,798.0,4.95,0.0,793.05,True,20260903
ORD-0002996,2026-06-03,线下展会或快闪店,core_buyer,paid,delivered,798.0,69.9,0.0,728.1,True,20260903
ORD-0002997,2026-08-05,官方商城,potential_buyer,cancelled,cancelled,39.0,3.9,0.0,0.0,True,20260903
ORD-0002998,2026-06-18,官方商城,core_buyer,paid,delivered,48.0,0.0,10.0,58.0,True,20260903
ORD-0002999,2026-08-18,B站会员购,core_buyer,paid,delivered,798.0,34.95,0.0,763.05,True,20260903
ORD-0003000,2026-08-05,淘宝/天猫,core_buyer,paid,delivered,128.0,0.0,0.0,128.0,True,20260903
ORD-0003001,2026-08-04,淘宝/天猫,core_buyer,paid,delivered,57.0,4.8,8.0,60.2,True,20260903
ORD-0003002,2026-06-11,官方商城,core_buyer,paid,delivered,128.0,0.0,0.0,128.0,True,20260903
ORD-0003003,2026-06-07,线下展会或快闪店,core_buyer,paid,delivered,99.0,4.95,0.0,94.05,True,20260903
ORD-0003004,2026-07-02,线下展会或快闪店,core_buyer,paid,delivered,128.0,6.4,0.0,121.6,True,20260903
ORD-0003005,2026-07-28,官方商城,occasional_buyer,paid,delivered,99.0,0.0,0.0,99.0,True,20260903
ORD-0003006,2026-08-02,淘宝/天猫,core_buyer,cancelled,cancelled,137.0,2.4,0.0,0.0,True,20260903
ORD-0003007,2026-08-18,B站会员购,potential_buyer,paid,delivered,699.0,0.0,0.0,699.0,True,20260903
ORD-0003008,2026-08-01,B站会员购,potential_buyer,paid,delivered,39.0,1.95,0.0,37.05,True,20260903
ORD-0003009,2026-08-01,线下展会或快闪店,occasional_buyer,paid,delivered,48.0,0.0,0.0,48.0,True,20260903
ORD-0003010,2026-06-03,线下展会或快闪店,core_buyer,paid,delivered,48.0,0.0,8.0,56.0,True,20260903
ORD-0003011,2026-07-10,官方商城,occasional_buyer,paid,delivered,699.0,0.0,0.0,699.0,True,20260903
ORD-0003012,2026-07-28,其他,core_buyer,paid,delivered,236.0,13.35,0.0,222.65,True,20260903
ORD-0003013,2026-07-20,淘宝/天猫,potential_buyer,paid,delivered,198.0,19.8,0.0,178.2,True,20260903
ORD-0003014,2026-06-21,淘宝/天猫,core_buyer,paid,delivered,1437.0,0.0,0.0,1437.0,True,20260903
ORD-0003015,2026-06-20,线下展会或快闪店,potential_buyer,paid,delivered,18.0,0.9,0.0,17.1,True,20260903
ORD-0003016,2026-06-24,其他,core_buyer,paid,delivered,256.0,38.4,0.0,217.6,True,20260903
ORD-0003017,2026-06-19,淘宝/天猫,core_buyer,paid,delivered,128.0,0.0,0.0,128.0,True,20260903
ORD-0003018,2026-07-07,线下展会或快闪店,core_buyer,paid,delivered,48.0,0.0,12.0,60.0,True,20260903
ORD-0003019,2026-06-28,官方商城,core_buyer,paid,delivered,48.0,0.0,0.0,48.0,True,20260903
ORD-0003020,2026-07-09,二手平台,core_buyer,paid,delivered,185.0,13.7,0.0,171.3,True,20260903
ORD-0003021,2026-06-21,淘宝/天猫,occasional_buyer,paid,delivered,89.0,8.9,10.0,90.1,True,20260903
ORD-0003022,2026-08-07,B站会员购,occasional_buyer,paid,delivered,99.0,0.0,0.0,99.0,True,20260903
ORD-0003023,2026-06-28,官方商城,potential_buyer,paid,delivered,699.0,0.0,0.0,699.0,True,20260903
ORD-0003024,2026-07-16,二手平台,potential_buyer,paid,delivered,167.0,0.0,0.0,167.0,True,20260903
ORD-0003025,2026-06-14,官方商城,potential_buyer,paid,delivered,699.0,69.9,0.0,629.1,True,20260903
ORD-0003026,2026-08-01,淘宝/天猫,occasional_buyer,paid,delivered,699.0,0.0,0.0,699.0,True,20260903
ORD-0003027,2026-06-26,官方商城,occasional_buyer,paid,delivered,699.0,0.0,0.0,699.0,True,20260903
ORD-0003028,2026-07-23,官方商城,occasional_buyer,paid,shipped,1526.0,222.5,0.0,1303.5,True,20260903
ORD-0003029,2026-06-06,B站会员购,occasional_buyer,paid,delivered,178.0,8.9,0.0,169.1,True,20260903
ORD-0003030,2026-08-24,官方商城,occasional_buyer,paid,delivered,96.0,9.6,12.0,98.4,True,20260903
ORD-0003031,2026-08-08,线下展会或快闪店,occasional_buyer,paid,delivered,99.0,4.95,12.0,106.05,True,20260903
ORD-0003032,2026-07-31,B站会员购,core_buyer,paid,delivered,128.0,12.8,0.0,115.2,True,20260903
ORD-0003033,2026-08-01,官方商城,occasional_buyer,paid,delivered,39.0,1.95,8.0,45.05,True,20260903
ORD-0003034,2026-08-02,官方商城,occasional_buyer,paid,delivered,224.0,12.8,0.0,211.2,True,20260903
ORD-0003035,2026-08-18,官方商城,core_buyer,paid,delivered,798.0,0.0,0.0,798.0,True,20260903
ORD-0003036,2026-08-02,淘宝/天猫,core_buyer,paid,delivered,89.0,0.0,10.0,99.0,True,20260903
ORD-0003037,2026-08-20,淘宝/天猫,occasional_buyer,paid,delivered,128.0,0.0,0.0,128.0,True,20260903
ORD-0003038,2026-08-07,B站会员购,occasional_buyer,paid,delivered,48.0,0.0,8.0,56.0,True,20260903
ORD-0003039,2026-06-17,淘宝/天猫,occasional_buyer,paid,delivered,128.0,6.4,0.0,121.6,True,20260903
ORD-0003040,2026-07-27,淘宝/天猫,core_buyer,paid,delivered,48.0,2.4,12.0,57.6,True,20260903
ORD-0003041,2026-07-15,B站会员购,occasional_buyer,paid,delivered,39.0,3.9,0.0,35.1,True,20260903
ORD-0003042,2026-08-15,淘宝/天猫,occasional_buyer,paid,delivered,386.0,4.45,0.0,381.55,True,20260903
ORD-0003043,2026-08-16,淘宝/天猫,occasional_buyer,paid,delivered,18.0,0.0,10.0,28.0,True,20260903
ORD-0003044,2026-08-04,二手平台,core_buyer,paid,delivered,78.0,3.9,12.0,86.1,True,20260903
ORD-0003045,2026-08-23,淘宝/天猫,core_buyer,paid,delivered,39.0,3.9,0.0,35.1,True,20260903
ORD-0003046,2026-07-26,B站会员购,potential_buyer,paid,delivered,117.0,4.95,0.0,112.05,True,20260903
ORD-0003047,2026-07-16,线下展会或快闪店,potential_buyer,paid,delivered,39.0,1.95,0.0,37.05,True,20260903
ORD-0003048,2026-08-17,官方商城,occasional_buyer,paid,delivered,128.0,6.4,0.0,121.6,True,20260903
ORD-0003049,2026-06-23,其他,occasional_buyer,paid,delivered,89.0,0.0,8.0,97.0,True,20260903
ORD-0003050,2026-08-07,淘宝/天猫,occasional_buyer,paid,delivered,89.0,0.0,8.0,97.0,True,20260903
ORD-0003051,2026-06-25,淘宝/天猫,potential_buyer,paid,shipped,176.0,11.2,0.0,164.8,True,20260903
ORD-0003052,2026-08-16,官方商城,core_buyer,paid,delivered,39.0,0.0,8.0,47.0,True,20260903
ORD-0003053,2026-08-23,二手平台,occasional_buyer,paid,delivered,198.0,9.9,0.0,188.1,True,20260903
ORD-0003054,2026-06-20,二手平台,core_buyer,paid,delivered,39.0,3.9,10.0,45.1,True,20260903
ORD-0003055,2026-07-29,官方商城,core_buyer,paid,delivered,699.0,0.0,0.0,699.0,True,20260903
ORD-0003056,2026-06-30,二手平台,core_buyer,paid,delivered,39.0,3.9,0.0,35.1,True,20260903
ORD-0003057,2026-06-19,官方商城,core_buyer,paid,delivered,738.0,0.0,0.0,738.0,True,20260903
ORD-0003058,2026-08-24,淘宝/天猫,core_buyer,paid,delivered,89.0,8.9,0.0,80.1,True,20260903
ORD-0003059,2026-07-24,线下展会或快闪店,potential_buyer,paid,delivered,48.0,2.4,0.0,45.6,True,20260903
ORD-0003060,2026-06-18,B站会员购,occasional_buyer,paid,delivered,18.0,0.9,8.0,25.1,True,20260903
ORD-0003061,2026-08-11,B站会员购,core_buyer,paid,delivered,39.0,3.9,0.0,35.1,True,20260903
ORD-0003062,2026-08-03,淘宝/天猫,occasional_buyer,paid,delivered,128.0,6.4,0.0,121.6,True,20260903
ORD-0003063,2026-07-05,B站会员购,core_buyer,paid,shipped,699.0,0.0,0.0,699.0,True,20260903
ORD-0003064,2026-07-21,官方商城,occasional_buyer,paid,shipped,256.0,12.8,0.0,243.2,True,20260903
ORD-0003065,2026-06-25,淘宝/天猫,occasional_buyer,paid,delivered,1398.0,69.9,0.0,1328.1,True,20260903
ORD-0003066,2026-07-23,线下展会或快闪店,potential_buyer,cancelled,cancelled,99.0,0.0,0.0,0.0,True,20260903
ORD-0003067,2026-08-03,官方商城,core_buyer,paid,delivered,217.0,28.1,0.0,188.9,True,20260903
ORD-0003068,2026-07-14,官方商城,occasional_buyer,paid,delivered,18.0,0.0,0.0,18.0,True,20260903
ORD-0003069,2026-07-12,B站会员购,core_buyer,paid,delivered,699.0,69.9,0.0,629.1,True,20260903
ORD-0003070,2026-07-05,淘宝/天猫,potential_buyer,cancelled,cancelled,99.0,9.9,8.0,0.0,True,20260903
ORD-0003071,2026-06-20,淘宝/天猫,occasional_buyer,cancelled,cancelled,128.0,3.9,0.0,0.0,True,20260903
ORD-0003072,2026-08-29,B站会员购,occasional_buyer,paid,delivered,48.0,4.8,10.0,53.2,True,20260903
ORD-0003073,2026-06-09,直播间,occasional_buyer,paid,delivered,48.0,7.2,10.0,50.8,True,20260903
ORD-0003074,2026-08-29,淘宝/天猫,occasional_buyer,paid,delivered,99.0,0.0,0.0,99.0,True,20260903
ORD-0003075,2026-06-25,淘宝/天猫,potential_buyer,paid,delivered,18.0,0.0,10.0,28.0,True,20260903
ORD-0003076,2026-08-07,淘宝/天猫,potential_buyer,paid,delivered,1398.0,0.0,0.0,1398.0,True,20260903
ORD-0003077,2026-07-20,淘宝/天猫,core_buyer,paid,delivered,89.0,0.0,0.0,89.0,True,20260903
ORD-0003078,2026-06-17,线下展会或快闪店,core_buyer,paid,delivered,178.0,0.0,0.0,178.0,True,20260903
ORD-0003079,2026-06-18,二手平台,core_buyer,paid,delivered,128.0,0.0,0.0,128.0,True,20260903
ORD-0003080,2026-06-04,线下展会或快闪店,potential_buyer,paid,delivered,48.0,2.4,8.0,53.6,True,20260903
ORD-0003081,2026-06-04,淘宝/天猫,occasional_buyer,paid,delivered,18.0,1.8,0.0,16.2,True,20260903
ORD-0003082,2026-06-23,官方商城,occasional_buyer,paid,delivered,128.0,0.0,0.0,128.0,True,20260903
ORD-0003083,2026-06-12,B站会员购,potential_buyer,paid,shipped,89.0,8.9,8.0,88.1,True,20260903
ORD-0003084,2026-06-10,B站会员购,occasional_buyer,paid,delivered,699.0,0.0,0.0,699.0,True,20260903
ORD-0003085,2026-08-12,线下展会或快闪店,core_buyer,paid,delivered,99.0,0.0,0.0,99.0,True,20260903
ORD-0003086,2026-07-24,淘宝/天猫,occasional_buyer,paid,delivered,128.0,13.35,0.0,114.65,True,20260903
ORD-0003087,2026-07-05,直播间,occasional_buyer,paid,delivered,128.0,0.0,0.0,128.0,True,20260903
ORD-0003088,2026-08-29,线下展会或快闪店,potential_buyer,paid,delivered,39.0,0.0,0.0,39.0,True,20260903
ORD-0003089,2026-06-20,B站会员购,occasional_buyer,paid,delivered,36.0,3.6,8.0,40.4,True,20260903
ORD-0003090,2026-06-10,线下展会或快闪店,occasional_buyer,paid,delivered,89.0,0.0,12.0,101.0,True,20260903
ORD-0003091,2026-08-29,二手平台,core_buyer,paid,delivered,48.0,4.8,10.0,53.2,True,20260903
ORD-0003092,2026-07-01,淘宝/天猫,core_buyer,paid,delivered,96.0,0.0,8.0,104.0,True,20260903
ORD-0003093,2026-06-19,线下展会或快闪店,occasional_buyer,paid,shipped,99.0,9.9,8.0,97.1,True,20260903
ORD-0003094,2026-07-30,淘宝/天猫,core_buyer,paid,delivered,39.0,0.0,8.0,47.0,True,20260903
ORD-0003095,2026-07-04,B站会员购,occasional_buyer,cancelled,cancelled,99.0,0.0,0.0,0.0,True,20260903
ORD-0003096,2026-07-03,线下展会或快闪店,core_buyer,paid,delivered,99.0,9.9,8.0,97.1,True,20260903
ORD-0003097,2026-06-11,B站会员购,core_buyer,paid,delivered,39.0,0.0,8.0,47.0,True,20260903
ORD-0003098,2026-08-12,官方商城,occasional_buyer,paid,delivered,128.0,6.4,0.0,121.6,True,20260903
ORD-0003099,2026-08-18,淘宝/天猫,occasional_buyer,paid,delivered,798.0,79.8,0.0,718.2,True,20260903
ORD-0003100,2026-06-09,淘宝/天猫,core_buyer,paid,delivered,89.0,0.0,12.0,101.0,True,20260903
ORD-0003101,2026-06-13,淘宝/天猫,occasional_buyer,paid,delivered,188.0,0.0,0.0,188.0,True,20260903
ORD-0003102,2026-07-16,官方商城,occasional_buyer,paid,delivered,48.0,2.4,10.0,55.6,True,20260903
ORD-0003103,2026-07-21,淘宝/天猫,occasional_buyer,paid,delivered,89.0,0.0,12.0,101.0,True,20260903
ORD-0003104,2026-07-27,其他,potential_buyer,paid,delivered,128.0,0.0,0.0,128.0,True,20260903
ORD-0003105,2026-08-05,线下展会或快闪店,occasional_buyer,paid,delivered,699.0,69.9,0.0,629.1,True,20260903
ORD-0003106,2026-06-25,淘宝/天猫,core_buyer,paid,delivered,18.0,0.0,12.0,30.0,True,20260903
ORD-0003107,2026-06-03,线下展会或快闪店,potential_buyer,paid,delivered,99.0,0.0,0.0,99.0,True,20260903
ORD-0003108,2026-06-07,官方商城,core_buyer,paid,delivered,48.0,4.8,10.0,53.2,True,20260903
ORD-0003109,2026-06-11,官方商城,core_buyer,paid,delivered,87.0,6.3,12.0,92.7,True,20260903
ORD-0003110,2026-06-21,官方商城,core_buyer,paid,delivered,128.0,0.0,0.0,128.0,True,20260903
ORD-0003111,2026-06-28,淘宝/天猫,occasional_buyer,paid,delivered,178.0,0.0,0.0,178.0,True,20260903
ORD-0003112,2026-06-18,B站会员购,core_buyer,paid,delivered,167.0,0.0,0.0,167.0,True,20260903
ORD-0003113,2026-06-19,官方商城,potential_buyer,paid,delivered,99.0,14.85,0.0,84.15,True,20260903
ORD-0003114,2026-07-19,淘宝/天猫,core_buyer,paid,delivered,89.0,0.0,10.0,99.0,True,20260903
ORD-0003115,2026-07-18,B站会员购,potential_buyer,cancelled,cancelled,699.0,0.0,0.0,0.0,True,20260903
ORD-0003116,2026-06-12,淘宝/天猫,core_buyer,paid,delivered,178.0,0.0,0.0,178.0,True,20260903
ORD-0003117,2026-06-11,线下展会或快闪店,occasional_buyer,paid,delivered,352.0,0.0,0.0,352.0,True,20260903
ORD-0003118,2026-07-28,线下展会或快闪店,occasional_buyer,paid,delivered,99.0,9.9,0.0,89.1,True,20260903
ORD-0003119,2026-07-05,线下展会或快闪店,occasional_buyer,paid,delivered,699.0,34.95,0.0,664.05,True,20260903
ORD-0003120,2026-07-29,B站会员购,potential_buyer,cancelled,cancelled,99.0,9.9,10.0,0.0,True,20260903
ORD-0003121,2026-07-15,淘宝/天猫,occasional_buyer,paid,delivered,846.0,4.95,0.0,841.05,True,20260903
ORD-0003122,2026-07-28,线下展会或快闪店,occasional_buyer,paid,delivered,99.0,0.0,0.0,99.0,True,20260903
ORD-0003123,2026-07-27,B站会员购,occasional_buyer,paid,delivered,306.0,0.0,0.0,306.0,True,20260903
ORD-0003124,2026-06-17,官方商城,core_buyer,paid,delivered,123.0,3.9,0.0,119.1,True,20260903
ORD-0003125,2026-08-11,官方商城,occasional_buyer,paid,delivered,18.0,0.0,0.0,18.0,True,20260903
ORD-0003126,2026-07-18,淘宝/天猫,occasional_buyer,paid,delivered,99.0,9.9,10.0,99.1,True,20260903
ORD-0003127,2026-07-25,官方商城,core_buyer,paid,delivered,1398.0,139.8,0.0,1258.2,True,20260903
ORD-0003128,2026-08-08,官方商城,occasional_buyer,paid,delivered,39.0,3.9,12.0,47.1,True,20260903
ORD-0003129,2026-06-23,B站会员购,potential_buyer,paid,delivered,48.0,4.8,8.0,51.2,True,20260903
ORD-0003130,2026-08-23,官方商城,occasional_buyer,paid,delivered,89.0,4.45,8.0,92.55,True,20260903
ORD-0003131,2026-06-29,淘宝/天猫,occasional_buyer,paid,delivered,99.0,0.0,0.0,99.0,True,20260903
ORD-0003132,2026-07-24,官方商城,potential_buyer,paid,delivered,167.0,12.8,0.0,154.2,True,20260903
ORD-0003133,2026-06-19,B站会员购,core_buyer,paid,delivered,217.0,26.15,0.0,190.85,True,20260903
ORD-0003134,2026-06-16,其他,core_buyer,paid,delivered,18.0,0.9,12.0,29.1,True,20260903
ORD-0003135,2026-08-29,线下展会或快闪店,core_buyer,paid,delivered,48.0,2.4,8.0,53.6,True,20260903
ORD-0003136,2026-08-11,其他,core_buyer,paid,delivered,2097.0,314.55,0.0,1782.45,True,20260903
ORD-0003137,2026-07-15,官方商城,core_buyer,paid,shipped,699.0,34.95,0.0,664.05,True,20260903
ORD-0003138,2026-06-21,官方商城,occasional_buyer,paid,delivered,99.0,0.0,0.0,99.0,True,20260903
ORD-0003139,2026-08-12,线下展会或快闪店,occasional_buyer,paid,delivered,217.0,8.9,0.0,208.1,True,20260903
ORD-0003140,2026-08-02,淘宝/天猫,occasional_buyer,paid,delivered,48.0,0.0,8.0,56.0,True,20260903
ORD-0003141,2026-06-28,官方商城,core_buyer,paid,delivered,48.0,0.0,8.0,56.0,True,20260903
ORD-0003142,2026-06-26,其他,occasional_buyer,paid,delivered,144.0,7.2,0.0,136.8,True,20260903
ORD-0003143,2026-07-27,B站会员购,occasional_buyer,paid,delivered,275.0,12.3,0.0,262.7,True,20260903
ORD-0003144,2026-06-18,线下展会或快闪店,potential_buyer,paid,delivered,89.0,0.0,10.0,99.0,True,20260903
ORD-0003145,2026-06-20,淘宝/天猫,occasional_buyer,paid,delivered,89.0,0.0,8.0,97.0,True,20260903
ORD-0003146,2026-06-16,二手平台,occasional_buyer,paid,delivered,18.0,0.9,10.0,27.1,True,20260903
ORD-0003147,2026-08-10,淘宝/天猫,core_buyer,paid,delivered,107.0,10.7,0.0,96.3,True,20260903
ORD-0003148,2026-06-19,淘宝/天猫,occasional_buyer,paid,delivered,128.0,8.9,0.0,119.1,True,20260903
ORD-0003149,2026-07-31,官方商城,core_buyer,paid,delivered,227.0,0.0,0.0,227.0,True,20260903
ORD-0003150,2026-08-08,淘宝/天猫,core_buyer,paid,delivered,78.0,3.9,8.0,82.1,True,20260903
ORD-0003151,2026-07-15,线下展会或快闪店,potential_buyer,paid,delivered,36.0,5.4,10.0,40.6,True,20260903
ORD-0003152,2026-07-26,淘宝/天猫,core_buyer,paid,delivered,99.0,9.9,8.0,97.1,True,20260903
ORD-0003153,2026-06-08,官方商城,occasional_buyer,paid,delivered,295.0,18.65,0.0,276.35,True,20260903
ORD-0003154,2026-08-20,淘宝/天猫,potential_buyer,paid,delivered,18.0,0.0,0.0,18.0,True,20260903
ORD-0003155,2026-08-07,淘宝/天猫,potential_buyer,paid,delivered,234.0,0.9,0.0,233.1,True,20260903
ORD-0003156,2026-08-24,淘宝/天猫,potential_buyer,paid,delivered,39.0,0.0,8.0,47.0,True,20260903
ORD-0003157,2026-07-15,线下展会或快闪店,core_buyer,paid,delivered,89.0,0.0,0.0,89.0,True,20260903
ORD-0003158,2026-08-18,B站会员购,potential_buyer,paid,shipped,1398.0,0.0,0.0,1398.0,True,20260903
ORD-0003159,2026-07-11,线下展会或快闪店,core_buyer,paid,shipped,99.0,4.95,0.0,94.05,True,20260903
ORD-0003160,2026-06-19,其他,occasional_buyer,paid,shipped,89.0,0.0,0.0,89.0,True,20260903
ORD-0003161,2026-08-04,官方商城,occasional_buyer,paid,delivered,107.0,8.9,10.0,108.1,True,20260903
ORD-0003162,2026-07-22,淘宝/天猫,core_buyer,paid,delivered,147.0,9.9,0.0,137.1,True,20260903
ORD-0003163,2026-07-04,淘宝/天猫,potential_buyer,paid,delivered,87.0,4.8,8.0,90.2,True,20260903
ORD-0003164,2026-07-30,官方商城,core_buyer,paid,delivered,297.0,29.7,0.0,267.3,True,20260903
ORD-0003165,2026-08-10,淘宝/天猫,occasional_buyer,paid,delivered,128.0,6.4,0.0,121.6,True,20260903
ORD-0003166,2026-08-15,官方商城,core_buyer,paid,delivered,875.0,0.0,0.0,875.0,True,20260903
ORD-0003167,2026-07-19,淘宝/天猫,occasional_buyer,paid,delivered,326.0,0.0,0.0,326.0,True,20260903
ORD-0003168,2026-06-10,淘宝/天猫,occasional_buyer,paid,delivered,48.0,0.0,10.0,58.0,True,20260903
ORD-0003169,2026-06-18,淘宝/天猫,potential_buyer,paid,delivered,48.0,0.0,0.0,48.0,True,20260903
ORD-0003170,2026-07-16,淘宝/天猫,occasional_buyer,paid,delivered,137.0,9.25,0.0,127.75,True,20260903
ORD-0003171,2026-08-05,淘宝/天猫,core_buyer,paid,delivered,128.0,12.8,0.0,115.2,True,20260903
ORD-0003172,2026-08-24,淘宝/天猫,occasional_buyer,paid,delivered,192.0,0.0,0.0,192.0,True,20260903
ORD-0003173,2026-07-01,线下展会或快闪店,core_buyer,paid,delivered,18.0,1.8,0.0,16.2,True,20260903
ORD-0003174,2026-07-23,B站会员购,occasional_buyer,paid,shipped,128.0,12.8,0.0,115.2,True,20260903
ORD-0003175,2026-08-06,线下展会或快闪店,core_buyer,paid,delivered,128.0,19.2,0.0,108.8,True,20260903
ORD-0003176,2026-07-18,淘宝/天猫,occasional_buyer,cancelled,cancelled,186.0,11.1,0.0,0.0,True,20260903
ORD-0003177,2026-06-24,淘宝/天猫,core_buyer,paid,pending,48.0,0.0,8.0,56.0,True,20260903
ORD-0003178,2026-06-20,二手平台,potential_buyer,paid,delivered,256.0,0.0,0.0,256.0,True,20260903
ORD-0003179,2026-08-06,官方商城,core_buyer,paid,shipped,699.0,69.9,0.0,629.1,True,20260903
ORD-0003180,2026-06-22,其他,core_buyer,paid,delivered,99.0,0.0,0.0,99.0,True,20260903
ORD-0003181,2026-06-24,淘宝/天猫,occasional_buyer,paid,shipped,39.0,1.95,8.0,45.05,True,20260903
ORD-0003182,2026-08-06,B站会员购,occasional_buyer,paid,shipped,188.0,4.45,0.0,183.55,True,20260903
ORD-0003183,2026-08-21,B站会员购,occasional_buyer,paid,delivered,99.0,14.85,8.0,92.15,True,20260903
ORD-0003184,2026-06-18,淘宝/天猫,potential_buyer,paid,delivered,66.0,0.9,0.0,65.1,True,20260903
ORD-0003185,2026-06-21,二手平台,potential_buyer,paid,delivered,128.0,6.4,0.0,121.6,True,20260903
ORD-0003186,2026-08-29,B站会员购,occasional_buyer,paid,delivered,194.0,2.4,0.0,191.6,True,20260903
ORD-0003187,2026-06-08,二手平台,core_buyer,paid,delivered,717.0,36.75,0.0,680.25,True,20260903
ORD-0003188,2026-06-20,线下展会或快闪店,potential_buyer,paid,delivered,699.0,69.9,0.0,629.1,True,20260903
ORD-0003189,2026-08-19,B站会员购,occasional_buyer,paid,shipped,99.0,0.0,0.0,99.0,True,20260903
ORD-0003190,2026-06-06,淘宝/天猫,core_buyer,paid,delivered,39.0,1.95,0.0,37.05,True,20260903
ORD-0003191,2026-06-25,官方商城,occasional_buyer,paid,pending,99.0,9.9,12.0,101.1,True,20260903
ORD-0003192,2026-06-09,淘宝/天猫,core_buyer,paid,delivered,699.0,0.0,0.0,699.0,True,20260903
ORD-0003193,2026-08-03,线下展会或快闪店,occasional_buyer,paid,delivered,138.0,5.85,0.0,132.15,True,20260903
ORD-0003194,2026-07-15,淘宝/天猫,occasional_buyer,paid,delivered,699.0,0.0,0.0,699.0,True,20260903
ORD-0003195,2026-06-12,官方商城,occasional_buyer,cancelled,cancelled,913.0,71.7,0.0,0.0,True,20260903
ORD-0003196,2026-08-20,淘宝/天猫,core_buyer,paid,delivered,138.0,1.95,0.0,136.05,True,20260903
ORD-0003197,2026-06-12,官方商城,core_buyer,paid,delivered,87.0,1.95,8.0,93.05,True,20260903
ORD-0003198,2026-08-21,淘宝/天猫,occasional_buyer,paid,delivered,96.0,4.8,8.0,99.2,True,20260903
ORD-0003199,2026-08-19,线下展会或快闪店,potential_buyer,paid,delivered,788.0,0.0,0.0,788.0,True,20260903
ORD-0003200,2026-07-14,B站会员购,occasional_buyer,paid,delivered,39.0,3.9,0.0,35.1,True,20260903
ORD-0003201,2026-06-27,淘宝/天猫,occasional_buyer,paid,delivered,48.0,4.8,8.0,51.2,True,20260903
ORD-0003202,2026-06-12,二手平台,core_buyer,paid,delivered,39.0,0.0,8.0,47.0,True,20260903
ORD-0003203,2026-07-30,淘宝/天猫,occasional_buyer,paid,delivered,39.0,1.95,10.0,47.05,True,20260903
ORD-0003204,2026-07-16,官方商城,potential_buyer,paid,delivered,176.0,0.0,0.0,176.0,True,20260903
ORD-0003205,2026-07-08,二手平台,occasional_buyer,paid,shipped,699.0,0.0,0.0,699.0,True,20260903
ORD-0003206,2026-06-20,官方商城,potential_buyer,paid,delivered,699.0,0.0,0.0,699.0,True,20260903
ORD-0003207,2026-06-04,淘宝/天猫,core_buyer,cancelled,cancelled,99.0,0.0,0.0,0.0,True,20260903
ORD-0003208,2026-06-06,其他,core_buyer,paid,delivered,188.0,18.8,0.0,169.2,True,20260903
ORD-0003209,2026-07-28,官方商城,occasional_buyer,paid,delivered,99.0,4.95,8.0,102.05,True,20260903
ORD-0003210,2026-06-29,官方商城,occasional_buyer,paid,delivered,89.0,0.0,10.0,99.0,True,20260903
ORD-0003211,2026-06-12,B站会员购,core_buyer,paid,delivered,39.0,0.0,8.0,47.0,True,20260903
ORD-0003212,2026-08-22,线下展会或快闪店,occasional_buyer,paid,delivered,198.0,9.9,0.0,188.1,True,20260903
ORD-0003213,2026-07-25,B站会员购,core_buyer,paid,delivered,699.0,0.0,0.0,699.0,True,20260903
ORD-0003214,2026-06-18,官方商城,occasional_buyer,paid,delivered,89.0,0.0,12.0,101.0,True,20260903
ORD-0003215,2026-06-13,官方商城,occasional_buyer,paid,delivered,18.0,1.8,0.0,16.2,True,20260903
ORD-0003216,2026-06-03,淘宝/天猫,occasional_buyer,paid,delivered,198.0,9.9,0.0,188.1,True,20260903
ORD-0003217,2026-08-24,淘宝/天猫,core_buyer,paid,delivered,128.0,12.8,0.0,115.2,True,20260903
ORD-0003218,2026-06-17,B站会员购,potential_buyer,paid,delivered,699.0,69.9,0.0,629.1,True,20260903
ORD-0003219,2026-08-29,其他,potential_buyer,paid,delivered,39.0,0.0,0.0,39.0,True,20260903
ORD-0003220,2026-07-25,官方商城,occasional_buyer,paid,delivered,48.0,2.4,0.0,45.6,True,20260903
ORD-0003221,2026-08-21,淘宝/天猫,core_buyer,cancelled,cancelled,1398.0,0.0,0.0,0.0,True,20260903
ORD-0003222,2026-08-10,B站会员购,core_buyer,paid,delivered,384.0,19.2,0.0,364.8,True,20260903
ORD-0003223,2026-07-19,B站会员购,occasional_buyer,paid,delivered,99.0,4.95,0.0,94.05,True,20260903
ORD-0003224,2026-08-19,B站会员购,occasional_buyer,paid,delivered,89.0,0.0,12.0,101.0,True,20260903
ORD-0003225,2026-07-07,二手平台,core_buyer,paid,delivered,99.0,0.0,0.0,99.0,True,20260903
ORD-0003226,2026-06-17,淘宝/天猫,core_buyer,paid,delivered,699.0,34.95,0.0,664.05,True,20260903
ORD-0003227,2026-06-10,淘宝/天猫,occasional_buyer,paid,delivered,144.0,0.0,0.0,144.0,True,20260903
ORD-0003228,2026-06-20,B站会员购,potential_buyer,paid,delivered,699.0,0.0,0.0,699.0,True,20260903
ORD-0003229,2026-07-30,官方商城,occasional_buyer,paid,delivered,48.0,0.0,8.0,56.0,True,20260903
ORD-0003230,2026-06-18,B站会员购,occasional_buyer,paid,delivered,39.0,1.95,12.0,49.05,True,20260903
ORD-0003231,2026-06-23,淘宝/天猫,core_buyer,paid,delivered,738.0,0.0,0.0,738.0,True,20260903
ORD-0003232,2026-07-11,线下展会或快闪店,occasional_buyer,paid,delivered,18.0,0.9,12.0,29.1,True,20260903
ORD-0003233,2026-07-21,线下展会或快闪店,core_buyer,paid,delivered,128.0,6.4,0.0,121.6,True,20260903
ORD-0003234,2026-07-09,淘宝/天猫,occasional_buyer,paid,shipped,89.0,0.0,0.0,89.0,True,20260903
ORD-0003235,2026-07-16,淘宝/天猫,core_buyer,paid,delivered,78.0,7.8,12.0,82.2,True,20260903
ORD-0003236,2026-08-29,B站会员购,occasional_buyer,paid,delivered,699.0,69.9,0.0,629.1,True,20260903
ORD-0003237,2026-07-24,线下展会或快闪店,core_buyer,paid,delivered,18.0,0.0,8.0,26.0,True,20260903
ORD-0003238,2026-08-03,B站会员购,occasional_buyer,paid,delivered,198.0,9.9,0.0,188.1,True,20260903
ORD-0003239,2026-06-20,淘宝/天猫,core_buyer,paid,delivered,117.0,0.9,0.0,116.1,True,20260903
ORD-0003240,2026-06-23,B站会员购,potential_buyer,paid,delivered,48.0,4.8,8.0,51.2,True,20260903
ORD-0003241,2026-08-25,淘宝/天猫,core_buyer,paid,delivered,176.0,0.0,0.0,176.0,True,20260903
ORD-0003242,2026-08-23,官方商城,occasional_buyer,paid,delivered,196.0,0.0,0.0,196.0,True,20260903
ORD-0003243,2026-06-01,二手平台,occasional_buyer,paid,delivered,18.0,1.8,8.0,24.2,True,20260903
ORD-0003244,2026-07-11,二手平台,core_buyer,paid,delivered,138.0,0.0,0.0,138.0,True,20260903
ORD-0003245,2026-07-19,淘宝/天猫,core_buyer,paid,delivered,128.0,0.0,0.0,128.0,True,20260903
ORD-0003246,2026-08-23,B站会员购,core_buyer,cancelled,cancelled,39.0,0.0,10.0,0.0,True,20260903
ORD-0003247,2026-08-03,B站会员购,occasional_buyer,paid,delivered,89.0,0.0,8.0,97.0,True,20260903
ORD-0003248,2026-07-07,官方商城,core_buyer,paid,delivered,128.0,0.0,0.0,128.0,True,20260903
ORD-0003249,2026-06-06,线下展会或快闪店,core_buyer,paid,delivered,699.0,34.95,0.0,664.05,True,20260903
ORD-0003250,2026-07-21,官方商城,occasional_buyer,paid,delivered,316.0,4.95,0.0,311.05,True,20260903
ORD-0003251,2026-08-21,线下展会或快闪店,occasional_buyer,paid,delivered,128.0,12.8,0.0,115.2,True,20260903
ORD-0003252,2026-06-13,B站会员购,occasional_buyer,paid,delivered,297.0,0.0,0.0,297.0,True,20260903
ORD-0003253,2026-06-07,淘宝/天猫,occasional_buyer,paid,delivered,99.0,4.95,8.0,102.05,True,20260903
ORD-0003254,2026-06-24,官方商城,occasional_buyer,paid,delivered,176.0,6.4,0.0,169.6,True,20260903
ORD-0003255,2026-06-10,淘宝/天猫,core_buyer,paid,delivered,747.0,4.8,0.0,742.2,True,20260903
ORD-0003256,2026-07-04,淘宝/天猫,core_buyer,paid,delivered,128.0,0.0,0.0,128.0,True,20260903
ORD-0003257,2026-06-16,其他,potential_buyer,cancelled,cancelled,36.0,3.6,8.0,0.0,True,20260903
ORD-0003258,2026-07-13,B站会员购,occasional_buyer,paid,delivered,18.0,2.7,10.0,25.3,True,20260903
ORD-0003259,2026-07-31,B站会员购,core_buyer,paid,delivered,48.0,0.0,0.0,48.0,True,20260903
ORD-0003260,2026-08-27,官方商城,core_buyer,paid,delivered,99.0,0.0,0.0,99.0,True,20260903
ORD-0003261,2026-06-10,线下展会或快闪店,core_buyer,paid,delivered,48.0,0.0,8.0,56.0,True,20260903
ORD-0003262,2026-06-18,线下展会或快闪店,occasional_buyer,paid,delivered,89.0,4.45,0.0,84.55,True,20260903
ORD-0003263,2026-07-27,淘宝/天猫,core_buyer,paid,delivered,48.0,7.2,0.0,40.8,True,20260903
ORD-0003264,2026-07-25,淘宝/天猫,core_buyer,paid,delivered,217.0,0.0,0.0,217.0,True,20260903
ORD-0003265,2026-07-15,淘宝/天猫,occasional_buyer,paid,delivered,167.0,21.15,0.0,145.85,True,20260903
ORD-0003266,2026-07-18,B站会员购,core_buyer,paid,delivered,89.0,8.9,8.0,88.1,True,20260903
ORD-0003267,2026-07-14,官方商城,occasional_buyer,paid,delivered,39.0,0.0,8.0,47.0,True,20260903
ORD-0003268,2026-06-20,官方商城,occasional_buyer,paid,delivered,78.0,0.0,10.0,88.0,True,20260903
ORD-0003269,2026-06-14,线下展会或快闪店,potential_buyer,paid,delivered,18.0,0.0,0.0,18.0,True,20260903
ORD-0003270,2026-07-23,线下展会或快闪店,occasional_buyer,paid,delivered,39.0,3.9,0.0,35.1,True,20260903
ORD-0003271,2026-06-24,淘宝/天猫,occasional_buyer,paid,delivered,99.0,4.95,8.0,102.05,True,20260903
ORD-0003272,2026-08-27,B站会员购,occasional_buyer,paid,delivered,99.0,0.0,0.0,99.0,True,20260903
ORD-0003273,2026-07-07,官方商城,potential_buyer,paid,delivered,96.0,0.0,8.0,104.0,True,20260903
ORD-0003274,2026-07-02,B站会员购,occasional_buyer,cancelled,cancelled,99.0,9.9,10.0,0.0,True,20260903
ORD-0003275,2026-07-23,淘宝/天猫,occasional_buyer,paid,delivered,99.0,0.0,0.0,99.0,True,20260903
ORD-0003276,2026-07-29,二手平台,core_buyer,paid,delivered,827.0,47.75,0.0,779.25,True,20260903
ORD-0003277,2026-08-06,官方商城,potential_buyer,paid,delivered,1476.0,3.9,0.0,1472.1,True,20260903
ORD-0003278,2026-07-03,二手平台,core_buyer,paid,delivered,18.0,1.8,8.0,24.2,True,20260903
ORD-0003279,2026-07-08,官方商城,occasional_buyer,paid,delivered,99.0,0.0,0.0,99.0,True,20260903
ORD-0003280,2026-08-26,淘宝/天猫,potential_buyer,paid,delivered,185.0,13.7,0.0,171.3,True,20260903
ORD-0003281,2026-08-01,线下展会或快闪店,potential_buyer,paid,delivered,57.0,4.8,10.0,62.2,True,20260903
ORD-0003282,2026-07-21,官方商城,occasional_buyer,paid,delivered,99.0,0.0,0.0,99.0,True,20260903
ORD-0003283,2026-07-24,B站会员购,core_buyer,paid,delivered,89.0,0.0,10.0,99.0,True,20260903
ORD-0003284,2026-07-19,官方商城,core_buyer,paid,delivered,48.0,2.4,12.0,57.6,True,20260903
ORD-0003285,2026-06-13,官方商城,potential_buyer,paid,delivered,48.0,4.8,8.0,51.2,True,20260903
ORD-0003286,2026-07-13,B站会员购,occasional_buyer,paid,delivered,48.0,0.0,8.0,56.0,True,20260903
ORD-0003287,2026-08-23,淘宝/天猫,occasional_buyer,paid,delivered,18.0,0.0,0.0,18.0,True,20260903
ORD-0003288,2026-06-08,淘宝/天猫,core_buyer,paid,delivered,48.0,0.0,0.0,48.0,True,20260903
ORD-0003289,2026-06-16,淘宝/天猫,core_buyer,paid,delivered,18.0,0.0,8.0,26.0,True,20260903
ORD-0003290,2026-06-22,官方商城,core_buyer,paid,delivered,89.0,0.0,10.0,99.0,True,20260903
ORD-0003291,2026-06-17,线下展会或快闪店,core_buyer,paid,delivered,699.0,34.95,0.0,664.05,True,20260903
ORD-0003292,2026-06-05,淘宝/天猫,core_buyer,paid,delivered,89.0,0.0,0.0,89.0,True,20260903
ORD-0003293,2026-08-27,淘宝/天猫,core_buyer,paid,delivered,89.0,13.35,0.0,75.65,True,20260903
ORD-0003294,2026-08-16,官方商城,occasional_buyer,paid,delivered,48.0,0.0,0.0,48.0,True,20260903
ORD-0003295,2026-08-17,直播间,occasional_buyer,paid,delivered,128.0,12.8,0.0,115.2,True,20260903
ORD-0003296,2026-08-09,B站会员购,potential_buyer,paid,delivered,99.0,9.9,0.0,89.1,True,20260903
ORD-0003297,2026-08-18,淘宝/天猫,occasional_buyer,paid,delivered,198.0,0.0,0.0,198.0,True,20260903
ORD-0003298,2026-06-20,淘宝/天猫,core_buyer,paid,delivered,99.0,0.0,0.0,99.0,True,20260903
ORD-0003299,2026-07-18,B站会员购,occasional_buyer,paid,delivered,48.0,2.4,8.0,53.6,True,20260903
ORD-0003300,2026-08-02,官方商城,occasional_buyer,paid,delivered,48.0,4.8,12.0,55.2,True,20260903
ORD-0003301,2026-06-27,官方商城,core_buyer,paid,delivered,432.0,21.6,0.0,410.4,True,20260903
ORD-0003302,2026-06-25,淘宝/天猫,occasional_buyer,paid,delivered,188.0,9.4,0.0,178.6,True,20260903
ORD-0003303,2026-06-27,线下展会或快闪店,core_buyer,paid,delivered,99.0,0.0,0.0,99.0,True,20260903
ORD-0003304,2026-06-12,其他,core_buyer,paid,delivered,18.0,0.0,10.0,28.0,True,20260903
ORD-0003305,2026-08-01,淘宝/天猫,core_buyer,paid,delivered,48.0,2.4,8.0,53.6,True,20260903
ORD-0003306,2026-06-01,淘宝/天猫,core_buyer,paid,delivered,18.0,0.0,12.0,30.0,True,20260903
ORD-0003307,2026-06-24,淘宝/天猫,occasional_buyer,paid,delivered,267.0,26.7,0.0,240.3,True,20260903
ORD-0003308,2026-07-17,官方商城,occasional_buyer,cancelled,cancelled,798.0,0.0,0.0,0.0,True,20260903
ORD-0003309,2026-07-19,官方商城,potential_buyer,paid,delivered,89.0,0.0,8.0,97.0,True,20260903
ORD-0003310,2026-08-15,官方商城,potential_buyer,paid,shipped,18.0,1.8,0.0,16.2,True,20260903
ORD-0003311,2026-08-10,淘宝/天猫,occasional_buyer,paid,delivered,128.0,6.4,0.0,121.6,True,20260903
ORD-0003312,2026-07-30,B站会员购,core_buyer,paid,delivered,78.0,7.8,0.0,70.2,True,20260903
ORD-0003313,2026-06-17,线下展会或快闪店,potential_buyer,paid,delivered,699.0,34.95,0.0,664.05,True,20260903
ORD-0003314,2026-06-21,官方商城,core_buyer,paid,delivered,39.0,5.85,0.0,33.15,True,20260903
ORD-0003315,2026-08-04,B站会员购,core_buyer,paid,delivered,89.0,0.0,10.0,99.0,True,20260903
ORD-0003316,2026-06-08,B站会员购,core_buyer,paid,delivered,107.0,0.0,0.0,107.0,True,20260903
ORD-0003317,2026-08-02,淘宝/天猫,occasional_buyer,paid,delivered,99.0,0.0,0.0,99.0,True,20260903
ORD-0003318,2026-06-21,淘宝/天猫,occasional_buyer,paid,delivered,99.0,0.0,0.0,99.0,True,20260903
ORD-0003319,2026-07-13,B站会员购,core_buyer,paid,delivered,699.0,104.85,0.0,594.15,True,20260903
ORD-0003320,2026-08-15,淘宝/天猫,occasional_buyer,paid,delivered,913.0,3.6,0.0,909.4,True,20260903
ORD-0003321,2026-08-02,淘宝/天猫,occasional_buyer,paid,delivered,827.0,12.8,0.0,814.2,True,20260903
ORD-0003322,2026-08-23,线下展会或快闪店,core_buyer,paid,delivered,128.0,0.0,0.0,128.0,True,20260903
ORD-0003323,2026-07-28,线下展会或快闪店,core_buyer,paid,delivered,99.0,9.9,0.0,89.1,True,20260903
ORD-0003324,2026-06-26,线下展会或快闪店,core_buyer,paid,delivered,48.0,0.0,10.0,58.0,True,20260903
ORD-0003325,2026-08-19,其他,core_buyer,paid,delivered,89.0,0.0,12.0,101.0,True,20260903
ORD-0003326,2026-08-22,淘宝/天猫,potential_buyer,paid,delivered,138.0,1.95,0.0,136.05,True,20260903
ORD-0003327,2026-06-23,官方商城,occasional_buyer,paid,delivered,99.0,0.0,0.0,99.0,True,20260903
ORD-0003328,2026-07-31,B站会员购,core_buyer,paid,delivered,128.0,6.4,0.0,121.6,True,20260903
ORD-0003329,2026-08-12,线下展会或快闪店,core_buyer,paid,delivered,48.0,0.0,10.0,58.0,True,20260903
ORD-0003330,2026-06-22,二手平台,core_buyer,paid,delivered,18.0,0.9,8.0,25.1,True,20260903
ORD-0003331,2026-06-04,淘宝/天猫,core_buyer,paid,delivered,39.0,0.0,8.0,47.0,True,20260903
ORD-0003332,2026-07-07,官方商城,occasional_buyer,paid,delivered,66.0,0.9,12.0,77.1,True,20260903
ORD-0003333,2026-08-20,淘宝/天猫,potential_buyer,paid,delivered,99.0,0.0,0.0,99.0,True,20260903
ORD-0003334,2026-08-08,淘宝/天猫,occasional_buyer,paid,delivered,48.0,2.4,10.0,55.6,True,20260903
ORD-0003335,2026-08-02,官方商城,occasional_buyer,paid,delivered,96.0,0.0,8.0,104.0,True,20260903
ORD-0003336,2026-08-07,B站会员购,core_buyer,paid,delivered,66.0,5.7,0.0,60.3,True,20260903
ORD-0003337,2026-06-18,二手平台,core_buyer,paid,delivered,48.0,4.8,12.0,55.2,True,20260903
ORD-0003338,2026-08-20,淘宝/天猫,occasional_buyer,paid,delivered,99.0,0.0,0.0,99.0,True,20260903
ORD-0003339,2026-08-29,线下展会或快闪店,potential_buyer,paid,delivered,89.0,8.9,10.0,90.1,True,20260903
ORD-0003340,2026-08-19,淘宝/天猫,occasional_buyer,paid,delivered,128.0,0.0,0.0,128.0,True,20260903
ORD-0003341,2026-07-20,淘宝/天猫,occasional_buyer,paid,delivered,699.0,69.9,0.0,629.1,True,20260903
ORD-0003342,2026-08-10,线下展会或快闪店,core_buyer,paid,shipped,128.0,12.8,0.0,115.2,True,20260903
ORD-0003343,2026-06-26,淘宝/天猫,occasional_buyer,paid,delivered,1437.0,5.85,0.0,1431.15,True,20260903
ORD-0003344,2026-07-11,其他,occasional_buyer,paid,delivered,18.0,0.0,12.0,30.0,True,20260903
ORD-0003345,2026-06-10,B站会员购,core_buyer,paid,delivered,48.0,2.4,0.0,45.6,True,20260903
ORD-0003346,2026-06-14,淘宝/天猫,occasional_buyer,paid,delivered,99.0,0.0,0.0,99.0,True,20260903
ORD-0003347,2026-06-15,其他,occasional_buyer,paid,delivered,48.0,0.0,10.0,58.0,True,20260903
ORD-0003348,2026-06-11,淘宝/天猫,occasional_buyer,paid,delivered,89.0,0.0,8.0,97.0,True,20260903
ORD-0003349,2026-08-01,淘宝/天猫,occasional_buyer,paid,delivered,48.0,4.8,0.0,43.2,True,20260903
ORD-0003350,2026-07-29,线下展会或快闪店,potential_buyer,paid,delivered,188.0,4.45,0.0,183.55,True,20260903
ORD-0003351,2026-08-21,线下展会或快闪店,core_buyer,paid,delivered,99.0,9.9,0.0,89.1,True,20260903
ORD-0003352,2026-06-12,直播间,potential_buyer,paid,delivered,99.0,9.9,8.0,97.1,True,20260903
ORD-0003353,2026-07-23,淘宝/天猫,core_buyer,paid,delivered,356.0,17.8,0.0,338.2,True,20260903
ORD-0003354,2026-07-16,B站会员购,potential_buyer,paid,delivered,699.0,0.0,0.0,699.0,True,20260903
ORD-0003355,2026-06-12,官方商城,occasional_buyer,paid,delivered,699.0,34.95,0.0,664.05,True,20260903
ORD-0003356,2026-07-27,官方商城,occasional_buyer,paid,delivered,699.0,0.0,0.0,699.0,True,20260903
ORD-0003357,2026-07-20,B站会员购,occasional_buyer,paid,delivered,89.0,0.0,0.0,89.0,True,20260903
ORD-0003358,2026-06-23,直播间,core_buyer,cancelled,cancelled,18.0,1.8,8.0,0.0,True,20260903
ORD-0003359,2026-08-08,B站会员购,occasional_buyer,paid,delivered,89.0,0.0,8.0,97.0,True,20260903
ORD-0003360,2026-08-03,其他,occasional_buyer,paid,delivered,699.0,69.9,0.0,629.1,True,20260903
ORD-0003361,2026-08-14,直播间,occasional_buyer,cancelled,cancelled,798.0,44.85,0.0,0.0,True,20260903
ORD-0003362,2026-07-08,B站会员购,core_buyer,paid,delivered,18.0,0.0,8.0,26.0,True,20260903
ORD-0003363,2026-06-05,官方商城,core_buyer,paid,delivered,39.0,1.95,8.0,45.05,True,20260903
ORD-0003364,2026-06-05,B站会员购,core_buyer,paid,delivered,48.0,0.0,12.0,60.0,True,20260903
ORD-0003365,2026-06-17,淘宝/天猫,core_buyer,paid,delivered,275.0,4.95,0.0,270.05,True,20260903
ORD-0003366,2026-07-30,淘宝/天猫,core_buyer,paid,delivered,99.0,0.0,0.0,99.0,True,20260903
ORD-0003367,2026-06-17,线下展会或快闪店,potential_buyer,cancelled,cancelled,48.0,0.0,12.0,0.0,True,20260903
ORD-0003368,2026-06-14,线下展会或快闪店,core_buyer,paid,delivered,39.0,0.0,0.0,39.0,True,20260903
ORD-0003369,2026-07-27,B站会员购,occasional_buyer,paid,delivered,717.0,69.9,0.0,647.1,True,20260903
ORD-0003370,2026-08-06,官方商城,potential_buyer,paid,shipped,96.0,9.6,8.0,94.4,True,20260903
ORD-0003371,2026-06-07,官方商城,potential_buyer,paid,delivered,788.0,0.0,0.0,788.0,True,20260903
ORD-0003372,2026-06-05,淘宝/天猫,potential_buyer,paid,delivered,84.0,3.6,8.0,88.4,True,20260903
ORD-0003373,2026-08-11,B站会员购,core_buyer,paid,delivered,227.0,12.8,0.0,214.2,True,20260903
ORD-0003374,2026-07-03,淘宝/天猫,core_buyer,paid,delivered,48.0,0.0,8.0,56.0,True,20260903
ORD-0003375,2026-08-02,淘宝/天猫,occasional_buyer,paid,delivered,39.0,0.0,0.0,39.0,True,20260903
ORD-0003376,2026-07-23,其他,core_buyer,cancelled,cancelled,99.0,0.0,0.0,0.0,True,20260903
ORD-0003377,2026-08-25,官方商城,potential_buyer,paid,delivered,89.0,0.0,12.0,101.0,True,20260903
ORD-0003378,2026-07-04,二手平台,occasional_buyer,paid,delivered,128.0,12.8,0.0,115.2,True,20260903
ORD-0003379,2026-06-23,官方商城,core_buyer,paid,delivered,147.0,4.8,0.0,142.2,True,20260903
ORD-0003380,2026-08-15,线下展会或快闪店,core_buyer,paid,delivered,128.0,19.2,0.0,108.8,True,20260903
ORD-0003381,2026-06-21,二手平台,core_buyer,paid,delivered,176.0,6.4,0.0,169.6,True,20260903
ORD-0003382,2026-07-11,二手平台,occasional_buyer,paid,shipped,89.0,0.0,10.0,99.0,True,20260903
ORD-0003383,2026-07-21,官方商城,core_buyer,paid,delivered,48.0,4.8,8.0,51.2,True,20260903
ORD-0003384,2026-07-31,官方商城,core_buyer,paid,delivered,1398.0,69.9,0.0,1328.1,True,20260903
ORD-0003385,2026-08-19,其他,core_buyer,paid,delivered,786.0,2.4,0.0,783.6,True,20260903
ORD-0003386,2026-06-11,B站会员购,core_buyer,paid,delivered,798.0,69.9,0.0,728.1,True,20260903
ORD-0003387,2026-08-02,淘宝/天猫,core_buyer,paid,delivered,128.0,0.0,0.0,128.0,True,20260903
ORD-0003388,2026-06-20,淘宝/天猫,core_buyer,paid,delivered,39.0,0.0,12.0,51.0,True,20260903
ORD-0003389,2026-07-02,淘宝/天猫,occasional_buyer,paid,delivered,164.0,16.4,0.0,147.6,True,20260903
ORD-0003390,2026-08-16,淘宝/天猫,occasional_buyer,paid,delivered,18.0,0.9,0.0,17.1,True,20260903
ORD-0003391,2026-07-19,线下展会或快闪店,core_buyer,paid,delivered,135.0,15.9,0.0,119.1,True,20260903
ORD-0003392,2026-07-22,直播间,core_buyer,paid,delivered,256.0,0.0,0.0,256.0,True,20260903
ORD-0003393,2026-06-03,官方商城,occasional_buyer,paid,delivered,18.0,0.0,8.0,26.0,True,20260903
ORD-0003394,2026-07-24,淘宝/天猫,occasional_buyer,paid,delivered,18.0,1.8,12.0,28.2,True,20260903
ORD-0003395,2026-08-20,B站会员购,core_buyer,paid,delivered,18.0,0.0,8.0,26.0,True,20260903
ORD-0003396,2026-07-28,B站会员购,occasional_buyer,paid,delivered,89.0,0.0,8.0,97.0,True,20260903
ORD-0003397,2026-07-19,B站会员购,core_buyer,paid,delivered,18.0,1.8,0.0,16.2,True,20260903
ORD-0003398,2026-07-13,B站会员购,core_buyer,paid,delivered,99.0,9.9,0.0,89.1,True,20260903
ORD-0003399,2026-06-23,二手平台,occasional_buyer,paid,delivered,176.0,12.8,0.0,163.2,True,20260903
ORD-0003400,2026-08-08,线下展会或快闪店,occasional_buyer,paid,delivered,99.0,0.0,0.0,99.0,True,20260903
ORD-0003401,2026-08-27,官方商城,occasional_buyer,paid,shipped,96.0,4.8,0.0,91.2,True,20260903
ORD-0003402,2026-08-20,官方商城,core_buyer,paid,delivered,48.0,4.8,8.0,51.2,True,20260903
ORD-0003403,2026-06-23,淘宝/天猫,core_buyer,paid,delivered,717.0,69.9,0.0,647.1,True,20260903
ORD-0003404,2026-07-10,B站会员购,occasional_buyer,paid,delivered,54.0,0.0,8.0,62.0,True,20260903
ORD-0003405,2026-08-27,其他,occasional_buyer,paid,delivered,146.0,12.8,0.0,133.2,True,20260903
ORD-0003406,2026-07-13,线下展会或快闪店,occasional_buyer,paid,delivered,798.0,69.9,0.0,728.1,True,20260903
ORD-0003407,2026-06-09,官方商城,core_buyer,paid,delivered,699.0,0.0,0.0,699.0,True,20260903
ORD-0003408,2026-06-23,官方商城,core_buyer,paid,shipped,18.0,1.8,10.0,26.2,True,20260903
ORD-0003409,2026-08-14,淘宝/天猫,occasional_buyer,paid,delivered,99.0,0.0,0.0,99.0,True,20260903
ORD-0003410,2026-06-14,淘宝/天猫,core_buyer,paid,delivered,125.0,4.45,0.0,120.55,True,20260903
ORD-0003411,2026-07-19,线下展会或快闪店,core_buyer,paid,delivered,699.0,69.9,0.0,629.1,True,20260903
ORD-0003412,2026-06-07,B站会员购,occasional_buyer,paid,delivered,89.0,4.45,8.0,92.55,True,20260903
ORD-0003413,2026-07-29,官方商城,core_buyer,paid,delivered,18.0,1.8,10.0,26.2,True,20260903
ORD-0003414,2026-06-25,B站会员购,occasional_buyer,paid,delivered,89.0,0.0,8.0,97.0,True,20260903
ORD-0003415,2026-06-20,二手平台,core_buyer,paid,delivered,107.0,0.9,0.0,106.1,True,20260903
ORD-0003416,2026-06-03,淘宝/天猫,core_buyer,paid,shipped,48.0,2.4,8.0,53.6,True,20260903
ORD-0003417,2026-06-15,淘宝/天猫,core_buyer,paid,delivered,138.0,5.85,0.0,132.15,True,20260903
ORD-0003418,2026-08-15,其他,occasional_buyer,paid,delivered,128.0,0.0,0.0,128.0,True,20260903
ORD-0003419,2026-07-29,B站会员购,occasional_buyer,paid,delivered,89.0,0.0,0.0,89.0,True,20260903
ORD-0003420,2026-06-26,淘宝/天猫,occasional_buyer,paid,delivered,217.0,12.8,0.0,204.2,True,20260903
ORD-0003421,2026-06-25,淘宝/天猫,core_buyer,paid,delivered,188.0,4.95,0.0,183.05,True,20260903
ORD-0003422,2026-06-10,线下展会或快闪店,occasional_buyer,cancelled,cancelled,178.0,0.0,0.0,0.0,True,20260903
ORD-0003423,2026-06-14,B站会员购,core_buyer,paid,delivered,99.0,4.95,8.0,102.05,True,20260903
ORD-0003424,2026-06-29,官方商城,core_buyer,paid,delivered,128.0,6.4,0.0,121.6,True,20260903
ORD-0003425,2026-06-03,官方商城,occasional_buyer,paid,delivered,39.0,0.0,12.0,51.0,True,20260903
ORD-0003426,2026-08-09,二手平台,occasional_buyer,paid,delivered,39.0,3.9,12.0,47.1,True,20260903
ORD-0003427,2026-07-11,淘宝/天猫,core_buyer,paid,delivered,128.0,6.4,0.0,121.6,True,20260903
ORD-0003428,2026-08-05,官方商城,core_buyer,paid,delivered,18.0,0.9,8.0,25.1,True,20260903
ORD-0003429,2026-08-15,直播间,core_buyer,paid,delivered,798.0,9.9,0.0,788.1,True,20260903
ORD-0003430,2026-08-29,官方商城,potential_buyer,paid,delivered,96.0,9.6,0.0,86.4,True,20260903
ORD-0003431,2026-07-09,B站会员购,potential_buyer,paid,delivered,66.0,0.0,10.0,76.0,True,20260903
ORD-0003432,2026-07-18,线下展会或快闪店,occasional_buyer,paid,delivered,18.0,0.0,12.0,30.0,True,20260903
ORD-0003433,2026-07-27,淘宝/天猫,core_buyer,paid,delivered,99.0,0.0,0.0,99.0,True,20260903
ORD-0003434,2026-07-23,官方商城,occasional_buyer,paid,delivered,89.0,4.45,10.0,94.55,True,20260903
ORD-0003435,2026-07-29,淘宝/天猫,potential_buyer,paid,shipped,18.0,1.8,0.0,16.2,True,20260903
ORD-0003436,2026-07-26,B站会员购,occasional_buyer,paid,delivered,99.0,0.0,0.0,99.0,True,20260903
ORD-0003437,2026-08-04,淘宝/天猫,core_buyer,paid,shipped,48.0,0.0,0.0,48.0,True,20260903
ORD-0003438,2026-06-14,B站会员购,core_buyer,paid,delivered,188.0,18.8,0.0,169.2,True,20260903
ORD-0003439,2026-08-15,B站会员购,occasional_buyer,paid,delivered,128.0,6.4,0.0,121.6,True,20260903
ORD-0003440,2026-08-03,官方商城,core_buyer,paid,delivered,89.0,4.45,12.0,96.55,True,20260903
ORD-0003441,2026-07-29,淘宝/天猫,occasional_buyer,paid,delivered,176.0,0.0,0.0,176.0,True,20260903
ORD-0003442,2026-07-27,二手平台,potential_buyer,paid,delivered,128.0,0.0,0.0,128.0,True,20260903
ORD-0003443,2026-07-26,B站会员购,occasional_buyer,paid,delivered,48.0,2.4,8.0,53.6,True,20260903
ORD-0003444,2026-06-20,官方商城,core_buyer,paid,delivered,128.0,0.0,0.0,128.0,True,20260903
ORD-0003445,2026-06-23,淘宝/天猫,occasional_buyer,paid,delivered,48.0,0.0,0.0,48.0,True,20260903
ORD-0003446,2026-07-10,直播间,core_buyer,paid,delivered,128.0,0.0,0.0,128.0,True,20260903
ORD-0003447,2026-07-02,其他,occasional_buyer,paid,delivered,18.0,0.0,10.0,28.0,True,20260903
ORD-0003448,2026-07-27,直播间,occasional_buyer,paid,delivered,1398.0,69.9,0.0,1328.1,True,20260903
ORD-0003449,2026-08-14,B站会员购,potential_buyer,paid,delivered,36.0,3.6,0.0,32.4,True,20260903
ORD-0003450,2026-07-27,官方商城,core_buyer,paid,delivered,18.0,0.0,10.0,28.0,True,20260903
ORD-0003451,2026-08-07,线下展会或快闪店,potential_buyer,paid,delivered,39.0,1.95,10.0,47.05,True,20260903
ORD-0003452,2026-06-19,淘宝/天猫,core_buyer,paid,delivered,216.0,0.0,0.0,216.0,True,20260903
ORD-0003453,2026-06-10,直播间,occasional_buyer,paid,delivered,699.0,69.9,0.0,629.1,True,20260903
ORD-0003454,2026-06-23,B站会员购,core_buyer,paid,delivered,788.0,8.9,0.0,779.1,True,20260903
ORD-0003455,2026-08-20,直播间,core_buyer,paid,delivered,699.0,0.0,0.0,699.0,True,20260903
ORD-0003456,2026-08-20,B站会员购,potential_buyer,paid,shipped,39.0,1.95,8.0,45.05,True,20260903
ORD-0003457,2026-06-24,B站会员购,occasional_buyer,paid,delivered,699.0,0.0,0.0,699.0,True,20260903
ORD-0003458,2026-06-08,线下展会或快闪店,occasional_buyer,paid,delivered,699.0,69.9,0.0,629.1,True,20260903
ORD-0003459,2026-07-14,官方商城,occasional_buyer,paid,delivered,128.0,0.0,0.0,128.0,True,20260903
ORD-0003460,2026-06-24,线下展会或快闪店,occasional_buyer,paid,delivered,99.0,0.0,0.0,99.0,True,20260903
ORD-0003461,2026-07-26,其他,potential_buyer,paid,delivered,18.0,0.0,12.0,30.0,True,20260903
ORD-0003462,2026-06-02,淘宝/天猫,occasional_buyer,paid,delivered,48.0,0.0,8.0,56.0,True,20260903
ORD-0003463,2026-07-10,线下展会或快闪店,occasional_buyer,paid,delivered,128.0,0.0,0.0,128.0,True,20260903
ORD-0003464,2026-06-28,淘宝/天猫,core_buyer,paid,delivered,699.0,0.0,0.0,699.0,True,20260903
ORD-0003465,2026-07-08,淘宝/天猫,core_buyer,paid,delivered,48.0,2.4,8.0,53.6,True,20260903
ORD-0003466,2026-06-12,线下展会或快闪店,occasional_buyer,paid,delivered,18.0,0.0,8.0,26.0,True,20260903
ORD-0003467,2026-08-06,官方商城,occasional_buyer,paid,delivered,1398.0,69.9,0.0,1328.1,True,20260903
ORD-0003468,2026-07-22,线下展会或快闪店,potential_buyer,paid,shipped,699.0,0.0,0.0,699.0,True,20260903
ORD-0003469,2026-07-01,线下展会或快闪店,occasional_buyer,paid,delivered,57.0,0.0,0.0,57.0,True,20260903
ORD-0003470,2026-08-26,线下展会或快闪店,core_buyer,paid,delivered,699.0,0.0,0.0,699.0,True,20260903
ORD-0003471,2026-07-03,线下展会或快闪店,occasional_buyer,paid,delivered,48.0,2.4,10.0,55.6,True,20260903
ORD-0003472,2026-07-29,官方商城,core_buyer,paid,delivered,128.0,12.8,0.0,115.2,True,20260903
ORD-0003473,2026-07-10,淘宝/天猫,occasional_buyer,paid,delivered,198.0,0.0,0.0,198.0,True,20260903
ORD-0003474,2026-07-30,官方商城,occasional_buyer,paid,delivered,107.0,8.9,12.0,110.1,True,20260903
ORD-0003475,2026-08-01,线下展会或快闪店,potential_buyer,paid,delivered,48.0,0.0,8.0,56.0,True,20260903
ORD-0003476,2026-08-17,官方商城,core_buyer,paid,delivered,89.0,0.0,0.0,89.0,True,20260903
ORD-0003477,2026-08-12,官方商城,core_buyer,paid,delivered,48.0,4.8,0.0,43.2,True,20260903
ORD-0003478,2026-07-16,淘宝/天猫,occasional_buyer,paid,delivered,128.0,0.0,0.0,128.0,True,20260903
ORD-0003479,2026-08-20,B站会员购,occasional_buyer,paid,delivered,699.0,34.95,0.0,664.05,True,20260903
ORD-0003480,2026-07-06,淘宝/天猫,core_buyer,paid,delivered,128.0,0.0,0.0,128.0,True,20260903
ORD-0003481,2026-07-14,二手平台,core_buyer,paid,delivered,1398.0,209.7,0.0,1188.3,True,20260903
ORD-0003482,2026-07-28,官方商城,core_buyer,paid,delivered,48.0,2.4,0.0,45.6,True,20260903
ORD-0003483,2026-08-09,线下展会或快闪店,core_buyer,paid,delivered,48.0,4.8,0.0,43.2,True,20260903
ORD-0003484,2026-07-22,官方商城,potential_buyer,paid,delivered,48.0,0.0,0.0,48.0,True,20260903
ORD-0003485,2026-06-18,淘宝/天猫,potential_buyer,paid,delivered,128.0,6.4,0.0,121.6,True,20260903
ORD-0003486,2026-06-30,淘宝/天猫,core_buyer,paid,delivered,89.0,0.0,8.0,97.0,True,20260903
ORD-0003487,2026-06-16,B站会员购,core_buyer,paid,delivered,128.0,4.45,0.0,123.55,True,20260903
ORD-0003488,2026-08-14,官方商城,core_buyer,paid,delivered,128.0,0.0,0.0,128.0,True,20260903
ORD-0003489,2026-08-13,直播间,potential_buyer,paid,delivered,89.0,4.45,0.0,84.55,True,20260903
ORD-0003490,2026-06-10,B站会员购,core_buyer,paid,delivered,699.0,0.0,0.0,699.0,True,20260903
ORD-0003491,2026-06-28,线下展会或快闪店,occasional_buyer,paid,delivered,39.0,3.9,0.0,35.1,True,20260903
ORD-0003492,2026-08-09,线下展会或快闪店,core_buyer,paid,delivered,1398.0,0.0,0.0,1398.0,True,20260903
ORD-0003493,2026-06-29,官方商城,potential_buyer,paid,delivered,48.0,4.8,12.0,55.2,True,20260903
ORD-0003494,2026-07-30,淘宝/天猫,core_buyer,paid,delivered,1487.0,0.0,0.0,1487.0,True,20260903
ORD-0003495,2026-08-24,线下展会或快闪店,occasional_buyer,paid,delivered,147.0,4.95,0.0,142.05,True,20260903
ORD-0003496,2026-07-02,淘宝/天猫,potential_buyer,paid,delivered,99.0,9.9,8.0,97.1,True,20260903
ORD-0003497,2026-07-16,官方商城,potential_buyer,paid,delivered,39.0,0.0,0.0,39.0,True,20260903
ORD-0003498,2026-06-17,其他,potential_buyer,paid,delivered,699.0,69.9,0.0,629.1,True,20260903
ORD-0003499,2026-06-20,官方商城,core_buyer,paid,delivered,48.0,0.0,10.0,58.0,True,20260903
ORD-0003500,2026-07-25,淘宝/天猫,core_buyer,paid,delivered,18.0,1.8,8.0,24.2,True,20260903
ORD-0003501,2026-08-10,二手平台,core_buyer,paid,shipped,78.0,0.0,8.0,86.0,True,20260903
ORD-0003502,2026-08-27,淘宝/天猫,occasional_buyer,paid,delivered,699.0,34.95,0.0,664.05,True,20260903
ORD-0003503,2026-06-06,淘宝/天猫,occasional_buyer,paid,delivered,699.0,0.0,0.0,699.0,True,20260903
ORD-0003504,2026-08-10,B站会员购,occasional_buyer,paid,delivered,198.0,9.9,0.0,188.1,True,20260903
ORD-0003505,2026-07-27,官方商城,core_buyer,paid,delivered,99.0,0.0,0.0,99.0,True,20260903
ORD-0003506,2026-07-26,淘宝/天猫,occasional_buyer,paid,delivered,39.0,3.9,0.0,35.1,True,20260903
ORD-0003507,2026-08-04,二手平台,core_buyer,paid,delivered,1398.0,0.0,0.0,1398.0,True,20260903
ORD-0003508,2026-07-13,官方商城,occasional_buyer,paid,delivered,99.0,14.85,8.0,92.15,True,20260903
ORD-0003509,2026-08-27,淘宝/天猫,potential_buyer,paid,delivered,99.0,0.0,0.0,99.0,True,20260903
ORD-0003510,2026-06-28,淘宝/天猫,occasional_buyer,paid,delivered,36.0,0.9,8.0,43.1,True,20260903
ORD-0003511,2026-06-15,淘宝/天猫,core_buyer,paid,delivered,48.0,0.0,8.0,56.0,True,20260903
ORD-0003512,2026-07-23,官方商城,occasional_buyer,paid,delivered,57.0,0.9,8.0,64.1,True,20260903
ORD-0003513,2026-08-05,直播间,core_buyer,paid,delivered,18.0,1.8,8.0,24.2,True,20260903
ORD-0003514,2026-07-07,淘宝/天猫,potential_buyer,paid,delivered,18.0,0.0,8.0,26.0,True,20260903
ORD-0003515,2026-08-01,官方商城,core_buyer,paid,delivered,747.0,34.95,0.0,712.05,True,20260903
ORD-0003516,2026-07-31,淘宝/天猫,core_buyer,paid,delivered,99.0,0.0,0.0,99.0,True,20260903
ORD-0003517,2026-07-25,线下展会或快闪店,occasional_buyer,paid,delivered,99.0,9.9,8.0,97.1,True,20260903
ORD-0003518,2026-07-06,淘宝/天猫,occasional_buyer,paid,delivered,96.0,0.0,10.0,106.0,True,20260903
ORD-0003519,2026-08-12,官方商城,occasional_buyer,paid,delivered,699.0,0.0,0.0,699.0,True,20260903
ORD-0003520,2026-08-04,B站会员购,potential_buyer,paid,delivered,18.0,0.0,12.0,30.0,True,20260903
ORD-0003521,2026-07-25,直播间,occasional_buyer,paid,delivered,699.0,0.0,0.0,699.0,True,20260903
ORD-0003522,2026-06-16,官方商城,occasional_buyer,paid,delivered,89.0,0.0,0.0,89.0,True,20260903
ORD-0003523,2026-07-30,官方商城,core_buyer,paid,delivered,89.0,0.0,10.0,99.0,True,20260903
ORD-0003524,2026-08-14,官方商城,occasional_buyer,cancelled,cancelled,699.0,34.95,0.0,0.0,True,20260903
ORD-0003525,2026-06-13,官方商城,potential_buyer,paid,shipped,699.0,104.85,0.0,594.15,True,20260903
ORD-0003526,2026-06-21,淘宝/天猫,potential_buyer,paid,delivered,48.0,0.0,8.0,56.0,True,20260903
ORD-0003527,2026-06-25,官方商城,occasional_buyer,cancelled,cancelled,48.0,0.0,8.0,0.0,True,20260903
ORD-0003528,2026-06-10,淘宝/天猫,core_buyer,cancelled,cancelled,89.0,0.0,0.0,0.0,True,20260903
ORD-0003529,2026-06-16,B站会员购,potential_buyer,paid,delivered,66.0,6.6,0.0,59.4,True,20260903
ORD-0003530,2026-08-23,线下展会或快闪店,core_buyer,paid,delivered,39.0,3.9,0.0,35.1,True,20260903
ORD-0003531,2026-08-02,官方商城,occasional_buyer,paid,delivered,128.0,6.4,0.0,121.6,True,20260903
ORD-0003532,2026-07-05,淘宝/天猫,core_buyer,paid,delivered,699.0,69.9,0.0,629.1,True,20260903
ORD-0003533,2026-08-11,线下展会或快闪店,occasional_buyer,paid,delivered,1398.0,0.0,0.0,1398.0,True,20260903
ORD-0003534,2026-06-17,淘宝/天猫,core_buyer,paid,delivered,89.0,8.9,10.0,90.1,True,20260903
ORD-0003535,2026-06-13,直播间,occasional_buyer,paid,delivered,18.0,0.0,0.0,18.0,True,20260903
ORD-0003536,2026-07-27,B站会员购,occasional_buyer,paid,delivered,89.0,0.0,10.0,99.0,True,20260903
ORD-0003537,2026-06-30,淘宝/天猫,potential_buyer,paid,delivered,78.0,0.0,10.0,88.0,True,20260903
ORD-0003538,2026-08-01,官方商城,potential_buyer,paid,delivered,1398.0,0.0,0.0,1398.0,True,20260903
ORD-0003539,2026-07-27,二手平台,core_buyer,paid,delivered,89.0,4.45,0.0,84.55,True,20260903
ORD-0003540,2026-06-19,其他,occasional_buyer,paid,delivered,699.0,69.9,0.0,629.1,True,20260903
ORD-0003541,2026-08-20,官方商城,potential_buyer,paid,delivered,147.0,4.8,0.0,142.2,True,20260903
ORD-0003542,2026-06-29,B站会员购,potential_buyer,paid,delivered,18.0,0.0,8.0,26.0,True,20260903
ORD-0003543,2026-07-06,B站会员购,core_buyer,paid,delivered,128.0,0.0,0.0,128.0,True,20260903
ORD-0003544,2026-08-12,二手平台,potential_buyer,paid,delivered,18.0,0.9,8.0,25.1,True,20260903
ORD-0003545,2026-06-25,官方商城,core_buyer,paid,delivered,66.0,0.0,8.0,74.0,True,20260903
ORD-0003546,2026-06-19,官方商城,occasional_buyer,paid,delivered,18.0,0.0,10.0,28.0,True,20260903
ORD-0003547,2026-08-08,B站会员购,core_buyer,paid,delivered,144.0,14.4,0.0,129.6,True,20260903
ORD-0003548,2026-07-07,官方商城,occasional_buyer,paid,delivered,146.0,12.8,0.0,133.2,True,20260903
ORD-0003549,2026-06-13,淘宝/天猫,potential_buyer,paid,delivered,18.0,2.7,8.0,23.3,True,20260903
ORD-0003550,2026-08-06,淘宝/天猫,occasional_buyer,paid,delivered,48.0,2.4,10.0,55.6,True,20260903
ORD-0003551,2026-08-25,官方商城,potential_buyer,paid,delivered,216.0,11.7,0.0,204.3,True,20260903
ORD-0003552,2026-08-29,淘宝/天猫,core_buyer,paid,delivered,99.0,0.0,0.0,99.0,True,20260903
ORD-0003553,2026-07-25,淘宝/天猫,core_buyer,paid,delivered,89.0,0.0,0.0,89.0,True,20260903
ORD-0003554,2026-08-11,淘宝/天猫,occasional_buyer,paid,delivered,99.0,0.0,0.0,99.0,True,20260903
ORD-0003555,2026-07-03,线下展会或快闪店,occasional_buyer,paid,delivered,137.0,4.45,0.0,132.55,True,20260903
ORD-0003556,2026-08-28,淘宝/天猫,potential_buyer,paid,delivered,256.0,0.0,0.0,256.0,True,20260903
ORD-0003557,2026-08-12,淘宝/天猫,core_buyer,paid,delivered,48.0,4.8,8.0,51.2,True,20260903
ORD-0003558,2026-06-18,B站会员购,potential_buyer,paid,delivered,18.0,0.0,0.0,18.0,True,20260903
ORD-0003559,2026-07-28,淘宝/天猫,occasional_buyer,paid,delivered,89.0,4.45,10.0,94.55,True,20260903
ORD-0003560,2026-06-25,二手平台,core_buyer,paid,delivered,18.0,0.0,10.0,28.0,True,20260903
ORD-0003561,2026-07-28,淘宝/天猫,potential_buyer,paid,delivered,96.0,0.0,10.0,106.0,True,20260903
ORD-0003562,2026-08-08,淘宝/天猫,occasional_buyer,paid,delivered,217.0,17.8,0.0,199.2,True,20260903
ORD-0003563,2026-06-07,淘宝/天猫,core_buyer,paid,pending,18.0,0.0,0.0,18.0,True,20260903
ORD-0003564,2026-07-29,二手平台,occasional_buyer,paid,delivered,99.0,0.0,0.0,99.0,True,20260903
ORD-0003565,2026-08-12,官方商城,core_buyer,paid,delivered,89.0,0.0,8.0,97.0,True,20260903
ORD-0003566,2026-06-30,官方商城,occasional_buyer,paid,delivered,738.0,3.9,0.0,734.1,True,20260903
ORD-0003567,2026-06-09,淘宝/天猫,core_buyer,paid,shipped,2225.0,0.0,0.0,2225.0,True,20260903
ORD-0003568,2026-08-13,官方商城,potential_buyer,paid,delivered,227.0,0.0,0.0,227.0,True,20260903
ORD-0003569,2026-07-29,淘宝/天猫,core_buyer,paid,delivered,18.0,0.0,0.0,18.0,True,20260903
ORD-0003570,2026-07-21,淘宝/天猫,occasional_buyer,paid,delivered,827.0,19.2,0.0,807.8,True,20260903
ORD-0003571,2026-08-29,线下展会或快闪店,occasional_buyer,paid,delivered,18.0,0.9,8.0,25.1,True,20260903
ORD-0003572,2026-07-13,淘宝/天猫,core_buyer,paid,delivered,128.0,6.4,0.0,121.6,True,20260903
ORD-0003573,2026-06-29,淘宝/天猫,core_buyer,paid,delivered,36.0,0.0,0.0,36.0,True,20260903
ORD-0003574,2026-06-01,直播间,occasional_buyer,paid,shipped,217.0,28.1,0.0,188.9,True,20260903
ORD-0003575,2026-07-27,线下展会或快闪店,core_buyer,paid,delivered,217.0,13.35,0.0,203.65,True,20260903
ORD-0003576,2026-08-02,淘宝/天猫,occasional_buyer,cancelled,cancelled,699.0,0.0,0.0,0.0,True,20260903
ORD-0003577,2026-08-16,官方商城,core_buyer,paid,delivered,699.0,34.95,0.0,664.05,True,20260903
ORD-0003578,2026-08-14,二手平台,occasional_buyer,paid,delivered,128.0,0.0,0.0,128.0,True,20260903
ORD-0003579,2026-06-23,官方商城,core_buyer,paid,delivered,39.0,0.0,12.0,51.0,True,20260903
ORD-0003580,2026-07-12,B站会员购,potential_buyer,paid,delivered,99.0,0.0,0.0,99.0,True,20260903
ORD-0003581,2026-07-08,官方商城,core_buyer,cancelled,cancelled,39.0,0.0,8.0,0.0,True,20260903
ORD-0003582,2026-07-20,线下展会或快闪店,core_buyer,paid,delivered,128.0,6.4,0.0,121.6,True,20260903
ORD-0003583,2026-06-15,淘宝/天猫,core_buyer,paid,delivered,39.0,0.0,0.0,39.0,True,20260903
ORD-0003584,2026-08-03,淘宝/天猫,core_buyer,paid,delivered,699.0,34.95,0.0,664.05,True,20260903
ORD-0003585,2026-08-16,线下展会或快闪店,core_buyer,paid,delivered,36.0,3.6,10.0,42.4,True,20260903
ORD-0003586,2026-07-26,淘宝/天猫,core_buyer,paid,delivered,128.0,0.0,0.0,128.0,True,20260903
ORD-0003587,2026-07-27,线下展会或快闪店,potential_buyer,paid,delivered,99.0,0.0,0.0,99.0,True,20260903
ORD-0003588,2026-06-23,淘宝/天猫,occasional_buyer,paid,delivered,699.0,0.0,0.0,699.0,True,20260903
ORD-0003589,2026-06-25,淘宝/天猫,core_buyer,paid,delivered,99.0,0.0,0.0,99.0,True,20260903
ORD-0003590,2026-06-03,淘宝/天猫,occasional_buyer,paid,delivered,18.0,0.9,10.0,27.1,True,20260903
ORD-0003591,2026-06-08,其他,core_buyer,paid,delivered,48.0,7.2,0.0,40.8,True,20260903
ORD-0003592,2026-06-11,官方商城,occasional_buyer,paid,shipped,699.0,34.95,0.0,664.05,True,20260903
ORD-0003593,2026-06-16,淘宝/天猫,occasional_buyer,paid,delivered,699.0,0.0,0.0,699.0,True,20260903
ORD-0003594,2026-08-15,淘宝/天猫,occasional_buyer,paid,delivered,99.0,0.0,0.0,99.0,True,20260903
ORD-0003595,2026-07-21,线下展会或快闪店,occasional_buyer,paid,delivered,699.0,0.0,0.0,699.0,True,20260903
ORD-0003596,2026-07-06,B站会员购,potential_buyer,paid,delivered,256.0,0.0,0.0,256.0,True,20260903
ORD-0003597,2026-06-08,二手平台,occasional_buyer,paid,delivered,89.0,4.45,0.0,84.55,True,20260903
ORD-0003598,2026-07-22,线下展会或快闪店,potential_buyer,paid,delivered,39.0,3.9,8.0,43.1,True,20260903
ORD-0003599,2026-07-22,淘宝/天猫,core_buyer,paid,delivered,99.0,9.9,0.0,89.1,True,20260903
ORD-0003600,2026-06-21,官方商城,occasional_buyer,paid,delivered,128.0,0.0,0.0,128.0,True,20260903
ORD-0003601,2026-06-14,淘宝/天猫,occasional_buyer,paid,delivered,155.0,0.0,0.0,155.0,True,20260903
ORD-0003602,2026-06-11,线下展会或快闪店,occasional_buyer,paid,delivered,99.0,0.0,0.0,99.0,True,20260903
ORD-0003603,2026-07-13,官方商城,core_buyer,paid,delivered,107.0,0.9,0.0,106.1,True,20260903
ORD-0003604,2026-06-27,B站会员购,potential_buyer,paid,delivered,48.0,0.0,0.0,48.0,True,20260903
ORD-0003605,2026-07-11,官方商城,occasional_buyer,paid,delivered,699.0,0.0,0.0,699.0,True,20260903
ORD-0003606,2026-08-02,官方商城,occasional_buyer,paid,delivered,89.0,8.9,0.0,80.1,True,20260903
ORD-0003607,2026-06-22,官方商城,occasional_buyer,paid,delivered,198.0,14.85,0.0,183.15,True,20260903
ORD-0003608,2026-08-14,淘宝/天猫,core_buyer,paid,delivered,48.0,0.0,8.0,56.0,True,20260903
ORD-0003609,2026-06-29,官方商城,potential_buyer,paid,delivered,18.0,0.9,10.0,27.1,True,20260903
ORD-0003610,2026-08-14,线下展会或快闪店,core_buyer,paid,delivered,185.0,2.7,0.0,182.3,True,20260903
ORD-0003611,2026-08-12,淘宝/天猫,occasional_buyer,paid,delivered,36.0,0.0,8.0,44.0,True,20260903
ORD-0003612,2026-07-13,官方商城,occasional_buyer,paid,delivered,39.0,3.9,0.0,35.1,True,20260903
ORD-0003613,2026-07-04,淘宝/天猫,occasional_buyer,cancelled,cancelled,57.0,1.8,8.0,0.0,True,20260903
ORD-0003614,2026-06-26,线下展会或快闪店,occasional_buyer,paid,delivered,48.0,0.0,0.0,48.0,True,20260903
ORD-0003615,2026-06-14,淘宝/天猫,occasional_buyer,paid,delivered,875.0,34.95,0.0,840.05,True,20260903
ORD-0003616,2026-08-28,淘宝/天猫,core_buyer,paid,delivered,107.0,9.8,0.0,97.2,True,20260903
ORD-0003617,2026-06-20,B站会员购,occasional_buyer,paid,delivered,747.0,0.0,0.0,747.0,True,20260903
ORD-0003618,2026-06-29,官方商城,core_buyer,paid,delivered,699.0,34.95,0.0,664.05,True,20260903
ORD-0003619,2026-08-14,B站会员购,core_buyer,paid,delivered,87.0,11.1,8.0,83.9,True,20260903
ORD-0003620,2026-06-24,B站会员购,core_buyer,paid,delivered,18.0,0.0,8.0,26.0,True,20260903
ORD-0003621,2026-07-25,淘宝/天猫,core_buyer,paid,delivered,798.0,0.0,0.0,798.0,True,20260903
ORD-0003622,2026-08-10,官方商城,core_buyer,paid,pending,198.0,0.0,0.0,198.0,True,20260903
ORD-0003623,2026-06-29,官方商城,occasional_buyer,paid,delivered,798.0,4.95,0.0,793.05,True,20260903
ORD-0003624,2026-07-01,官方商城,potential_buyer,paid,delivered,89.0,0.0,8.0,97.0,True,20260903
ORD-0003625,2026-07-09,淘宝/天猫,potential_buyer,paid,delivered,48.0,4.8,8.0,51.2,True,20260903
ORD-0003626,2026-06-15,官方商城,occasional_buyer,paid,delivered,167.0,12.8,0.0,154.2,True,20260903
ORD-0003627,2026-08-15,官方商城,core_buyer,paid,delivered,699.0,34.95,0.0,664.05,True,20260903
ORD-0003628,2026-08-22,官方商城,occasional_buyer,paid,delivered,99.0,0.0,0.0,99.0,True,20260903
ORD-0003629,2026-06-12,官方商城,potential_buyer,paid,delivered,99.0,4.95,8.0,102.05,True,20260903
ORD-0003630,2026-07-13,淘宝/天猫,occasional_buyer,paid,delivered,36.0,5.4,0.0,30.6,True,20260903
ORD-0003631,2026-07-31,淘宝/天猫,occasional_buyer,paid,delivered,48.0,0.0,12.0,60.0,True,20260903
ORD-0003632,2026-08-15,官方商城,occasional_buyer,paid,delivered,39.0,1.95,10.0,47.05,True,20260903
ORD-0003633,2026-08-07,官方商城,occasional_buyer,cancelled,cancelled,128.0,6.4,0.0,0.0,True,20260903
ORD-0003634,2026-08-06,官方商城,core_buyer,paid,delivered,18.0,2.7,0.0,15.3,True,20260903
ORD-0003635,2026-07-18,官方商城,potential_buyer,paid,delivered,699.0,0.0,0.0,699.0,True,20260903
ORD-0003636,2026-06-16,淘宝/天猫,occasional_buyer,paid,delivered,48.0,0.0,8.0,56.0,True,20260903
ORD-0003637,2026-08-16,官方商城,potential_buyer,paid,delivered,78.0,0.0,8.0,86.0,True,20260903
ORD-0003638,2026-06-21,官方商城,core_buyer,paid,delivered,185.0,8.9,0.0,176.1,True,20260903
ORD-0003639,2026-08-21,官方商城,core_buyer,paid,delivered,99.0,4.95,10.0,104.05,True,20260903
ORD-0003640,2026-07-26,淘宝/天猫,core_buyer,paid,delivered,355.0,0.0,0.0,355.0,True,20260903
ORD-0003641,2026-07-03,B站会员购,occasional_buyer,paid,delivered,699.0,0.0,0.0,699.0,True,20260903
ORD-0003642,2026-08-17,B站会员购,potential_buyer,paid,delivered,39.0,1.95,10.0,47.05,True,20260903
ORD-0003643,2026-08-22,二手平台,core_buyer,paid,delivered,36.0,0.0,10.0,46.0,True,20260903
ORD-0003644,2026-06-24,淘宝/天猫,core_buyer,paid,delivered,699.0,104.85,0.0,594.15,True,20260903
ORD-0003645,2026-06-19,官方商城,core_buyer,paid,delivered,18.0,0.0,12.0,30.0,True,20260903
ORD-0003646,2026-07-30,淘宝/天猫,core_buyer,paid,delivered,877.0,69.9,0.0,807.1,True,20260903
ORD-0003647,2026-08-26,淘宝/天猫,occasional_buyer,paid,pending,1398.0,0.0,0.0,1398.0,True,20260903
ORD-0003648,2026-07-16,官方商城,core_buyer,paid,delivered,699.0,0.0,0.0,699.0,True,20260903
ORD-0003649,2026-06-30,淘宝/天猫,occasional_buyer,paid,delivered,699.0,34.95,0.0,664.05,True,20260903
ORD-0003650,2026-07-12,线下展会或快闪店,potential_buyer,paid,delivered,39.0,3.9,10.0,45.1,True,20260903
ORD-0003651,2026-07-14,B站会员购,occasional_buyer,paid,delivered,167.0,12.8,0.0,154.2,True,20260903
ORD-0003652,2026-06-14,淘宝/天猫,core_buyer,paid,delivered,89.0,0.0,8.0,97.0,True,20260903
ORD-0003653,2026-06-19,官方商城,occasional_buyer,paid,delivered,256.0,12.8,0.0,243.2,True,20260903
ORD-0003654,2026-06-19,线下展会或快闪店,potential_buyer,paid,delivered,99.0,4.95,0.0,94.05,True,20260903
ORD-0003655,2026-08-10,官方商城,potential_buyer,paid,delivered,18.0,1.8,8.0,24.2,True,20260903
ORD-0003656,2026-07-14,淘宝/天猫,core_buyer,paid,delivered,18.0,0.9,12.0,29.1,True,20260903
ORD-0003657,2026-06-16,淘宝/天猫,core_buyer,paid,shipped,178.0,17.8,0.0,160.2,True,20260903
ORD-0003658,2026-08-16,官方商城,occasional_buyer,cancelled,cancelled,306.0,24.2,0.0,0.0,True,20260903
ORD-0003659,2026-06-01,淘宝/天猫,occasional_buyer,paid,delivered,198.0,9.9,0.0,188.1,True,20260903
ORD-0003660,2026-08-13,淘宝/天猫,occasional_buyer,paid,delivered,256.0,0.0,0.0,256.0,True,20260903
ORD-0003661,2026-06-21,二手平台,core_buyer,paid,delivered,39.0,0.0,10.0,49.0,True,20260903
ORD-0003662,2026-08-17,官方商城,core_buyer,paid,delivered,345.0,25.6,0.0,319.4,True,20260903
ORD-0003663,2026-07-13,官方商城,potential_buyer,paid,delivered,18.0,0.0,12.0,30.0,True,20260903
ORD-0003664,2026-08-14,官方商城,core_buyer,paid,delivered,178.0,17.8,0.0,160.2,True,20260903
ORD-0003665,2026-08-20,官方商城,core_buyer,paid,delivered,89.0,8.9,0.0,80.1,True,20260903
ORD-0003666,2026-07-21,官方商城,core_buyer,paid,delivered,39.0,0.0,0.0,39.0,True,20260903
ORD-0003667,2026-06-25,线下展会或快闪店,core_buyer,paid,delivered,128.0,0.0,0.0,128.0,True,20260903
ORD-0003668,2026-06-15,线下展会或快闪店,occasional_buyer,paid,delivered,99.0,4.95,0.0,94.05,True,20260903
ORD-0003669,2026-07-04,淘宝/天猫,potential_buyer,paid,delivered,18.0,0.0,10.0,28.0,True,20260903
ORD-0003670,2026-06-27,B站会员购,occasional_buyer,paid,delivered,18.0,0.0,8.0,26.0,True,20260903
ORD-0003671,2026-07-18,B站会员购,core_buyer,paid,delivered,765.0,71.7,0.0,693.3,True,20260903
ORD-0003672,2026-08-04,淘宝/天猫,core_buyer,paid,delivered,48.0,0.0,0.0,48.0,True,20260903
ORD-0003673,2026-06-17,直播间,potential_buyer,paid,delivered,48.0,2.4,8.0,53.6,True,20260903
ORD-0003674,2026-08-04,线下展会或快闪店,core_buyer,paid,delivered,717.0,36.75,0.0,680.25,True,20260903
ORD-0003675,2026-07-29,线下展会或快闪店,occasional_buyer,paid,delivered,176.0,0.0,0.0,176.0,True,20260903
ORD-0003676,2026-08-29,官方商城,potential_buyer,paid,delivered,198.0,9.9,0.0,188.1,True,20260903
ORD-0003677,2026-07-30,淘宝/天猫,core_buyer,paid,delivered,99.0,9.9,10.0,99.1,True,20260903
ORD-0003678,2026-08-05,B站会员购,core_buyer,paid,delivered,99.0,0.0,0.0,99.0,True,20260903
ORD-0003679,2026-06-12,二手平台,core_buyer,paid,delivered,99.0,0.0,0.0,99.0,True,20260903
ORD-0003680,2026-08-14,其他,potential_buyer,paid,delivered,699.0,34.95,0.0,664.05,True,20260903
ORD-0003681,2026-06-21,B站会员购,potential_buyer,paid,delivered,178.0,0.0,0.0,178.0,True,20260903
ORD-0003682,2026-06-25,线下展会或快闪店,core_buyer,paid,delivered,128.0,0.0,0.0,128.0,True,20260903
ORD-0003683,2026-06-20,线下展会或快闪店,occasional_buyer,paid,delivered,146.0,1.8,0.0,144.2,True,20260903
ORD-0003684,2026-07-26,B站会员购,core_buyer,paid,delivered,128.0,3.9,0.0,124.1,True,20260903
ORD-0003685,2026-06-22,淘宝/天猫,occasional_buyer,paid,delivered,89.0,0.0,10.0,99.0,True,20260903
ORD-0003686,2026-08-08,官方商城,occasional_buyer,paid,delivered,89.0,4.45,0.0,84.55,True,20260903
ORD-0003687,2026-06-26,官方商城,potential_buyer,paid,delivered,89.0,13.35,8.0,83.65,True,20260903
ORD-0003688,2026-07-20,淘宝/天猫,core_buyer,paid,delivered,99.0,0.0,0.0,99.0,True,20260903
ORD-0003689,2026-08-19,直播间,occasional_buyer,paid,delivered,107.0,0.0,0.0,107.0,True,20260903
ORD-0003690,2026-06-26,B站会员购,occasional_buyer,paid,delivered,99.0,0.0,0.0,99.0,True,20260903
ORD-0003691,2026-07-15,淘宝/天猫,core_buyer,paid,delivered,128.0,0.0,0.0,128.0,True,20260903
ORD-0003692,2026-06-21,官方商城,potential_buyer,paid,delivered,48.0,0.0,8.0,56.0,True,20260903
ORD-0003693,2026-07-22,淘宝/天猫,occasional_buyer,paid,delivered,99.0,0.0,0.0,99.0,True,20260903
ORD-0003694,2026-07-27,淘宝/天猫,core_buyer,paid,delivered,699.0,69.9,0.0,629.1,True,20260903
ORD-0003695,2026-07-22,淘宝/天猫,potential_buyer,paid,shipped,287.0,19.8,0.0,267.2,True,20260903
ORD-0003696,2026-08-28,淘宝/天猫,core_buyer,paid,delivered,89.0,0.0,8.0,97.0,True,20260903
ORD-0003697,2026-06-12,B站会员购,core_buyer,paid,delivered,96.0,4.8,8.0,99.2,True,20260903
ORD-0003698,2026-07-09,官方商城,core_buyer,paid,delivered,146.0,0.0,0.0,146.0,True,20260903
ORD-0003699,2026-07-25,B站会员购,core_buyer,paid,delivered,39.0,0.0,10.0,49.0,True,20260903
ORD-0003700,2026-07-11,官方商城,occasional_buyer,paid,delivered,89.0,0.0,0.0,89.0,True,20260903
ORD-0003701,2026-06-23,淘宝/天猫,potential_buyer,paid,delivered,167.0,10.3,0.0,156.7,True,20260903
ORD-0003702,2026-08-27,淘宝/天猫,occasional_buyer,paid,delivered,699.0,34.95,0.0,664.05,True,20260903
ORD-0003703,2026-07-31,直播间,occasional_buyer,paid,delivered,18.0,0.9,10.0,27.1,True,20260903
ORD-0003704,2026-08-15,淘宝/天猫,occasional_buyer,paid,delivered,99.0,0.0,0.0,99.0,True,20260903
ORD-0003705,2026-06-14,二手平台,core_buyer,paid,delivered,18.0,0.0,0.0,18.0,True,20260903
ORD-0003706,2026-07-02,淘宝/天猫,core_buyer,paid,delivered,39.0,0.0,10.0,49.0,True,20260903
ORD-0003707,2026-06-21,淘宝/天猫,core_buyer,paid,delivered,297.0,14.85,0.0,282.15,True,20260903
ORD-0003708,2026-07-22,淘宝/天猫,occasional_buyer,paid,delivered,128.0,0.0,0.0,128.0,True,20260903
ORD-0003709,2026-06-18,官方商城,occasional_buyer,paid,delivered,138.0,0.0,0.0,138.0,True,20260903
ORD-0003710,2026-08-09,其他,core_buyer,paid,delivered,699.0,0.0,0.0,699.0,True,20260903
ORD-0003711,2026-07-17,淘宝/天猫,potential_buyer,paid,delivered,699.0,34.95,0.0,664.05,True,20260903
ORD-0003712,2026-06-19,官方商城,occasional_buyer,paid,delivered,87.0,1.95,10.0,95.05,True,20260903
ORD-0003713,2026-08-02,官方商城,occasional_buyer,paid,delivered,99.0,0.0,0.0,99.0,True,20260903
ORD-0003714,2026-06-18,线下展会或快闪店,occasional_buyer,paid,delivered,18.0,0.0,8.0,26.0,True,20260903
ORD-0003715,2026-06-09,官方商城,occasional_buyer,paid,delivered,146.0,6.4,0.0,139.6,True,20260903
ORD-0003716,2026-08-22,线下展会或快闪店,core_buyer,paid,pending,747.0,69.9,0.0,677.1,True,20260903
ORD-0003717,2026-07-29,淘宝/天猫,occasional_buyer,paid,delivered,137.0,9.25,0.0,127.75,True,20260903
ORD-0003718,2026-07-03,淘宝/天猫,core_buyer,paid,delivered,48.0,2.4,0.0,45.6,True,20260903
ORD-0003719,2026-07-02,B站会员购,potential_buyer,paid,delivered,99.0,9.9,0.0,89.1,True,20260903
ORD-0003720,2026-08-14,官方商城,core_buyer,paid,delivered,144.0,0.0,0.0,144.0,True,20260903
ORD-0003721,2026-08-08,官方商城,potential_buyer,paid,delivered,39.0,0.0,8.0,47.0,True,20260903
ORD-0003722,2026-07-03,淘宝/天猫,occasional_buyer,paid,delivered,99.0,0.0,0.0,99.0,True,20260903
ORD-0003723,2026-06-10,二手平台,core_buyer,paid,delivered,114.0,0.0,0.0,114.0,True,20260903
ORD-0003724,2026-06-17,淘宝/天猫,core_buyer,paid,delivered,198.0,0.0,0.0,198.0,True,20260903
ORD-0003725,2026-06-23,其他,core_buyer,paid,delivered,699.0,69.9,0.0,629.1,True,20260903
ORD-0003726,2026-06-22,官方商城,potential_buyer,paid,delivered,39.0,3.9,8.0,43.1,True,20260903
ORD-0003727,2026-08-21,线下展会或快闪店,occasional_buyer,paid,delivered,128.0,6.4,0.0,121.6,True,20260903
ORD-0003728,2026-07-07,淘宝/天猫,occasional_buyer,paid,delivered,66.0,4.8,0.0,61.2,True,20260903
ORD-0003729,2026-06-02,官方商城,potential_buyer,paid,shipped,699.0,0.0,0.0,699.0,True,20260903
ORD-0003730,2026-08-02,官方商城,core_buyer,paid,delivered,48.0,0.0,0.0,48.0,True,20260903
ORD-0003731,2026-06-27,线下展会或快闪店,occasional_buyer,paid,delivered,48.0,0.0,10.0,58.0,True,20260903
ORD-0003732,2026-07-31,官方商城,occasional_buyer,paid,delivered,36.0,3.6,8.0,40.4,True,20260903
ORD-0003733,2026-06-04,B站会员购,occasional_buyer,paid,delivered,18.0,0.0,8.0,26.0,True,20260903
ORD-0003734,2026-08-19,淘宝/天猫,occasional_buyer,paid,delivered,128.0,12.8,0.0,115.2,True,20260903
ORD-0003735,2026-06-05,线下展会或快闪店,core_buyer,paid,delivered,272.0,0.0,0.0,272.0,True,20260903
ORD-0003736,2026-07-06,B站会员购,core_buyer,paid,delivered,147.0,17.25,0.0,129.75,True,20260903
ORD-0003737,2026-07-24,官方商城,occasional_buyer,paid,delivered,48.0,0.0,0.0,48.0,True,20260903
ORD-0003738,2026-07-25,淘宝/天猫,occasional_buyer,paid,delivered,18.0,0.0,8.0,26.0,True,20260903
ORD-0003739,2026-07-22,官方商城,occasional_buyer,paid,delivered,206.0,8.9,0.0,197.1,True,20260903
ORD-0003740,2026-06-17,B站会员购,core_buyer,paid,delivered,699.0,0.0,0.0,699.0,True,20260903
ORD-0003741,2026-08-19,官方商城,occasional_buyer,paid,delivered,89.0,0.0,8.0,97.0,True,20260903
ORD-0003742,2026-06-19,官方商城,potential_buyer,paid,delivered,304.0,15.2,0.0,288.8,True,20260903
ORD-0003743,2026-07-04,B站会员购,occasional_buyer,paid,delivered,128.0,6.4,0.0,121.6,True,20260903
ORD-0003744,2026-06-08,官方商城,occasional_buyer,paid,shipped,99.0,4.95,10.0,104.05,True,20260903
ORD-0003745,2026-06-18,官方商城,occasional_buyer,paid,delivered,128.0,0.0,0.0,128.0,True,20260903
ORD-0003746,2026-08-24,B站会员购,core_buyer,paid,delivered,18.0,1.8,8.0,24.2,True,20260903
ORD-0003747,2026-06-21,二手平台,core_buyer,paid,delivered,99.0,0.0,0.0,99.0,True,20260903
ORD-0003748,2026-07-21,B站会员购,core_buyer,paid,delivered,798.0,9.9,0.0,788.1,True,20260903
ORD-0003749,2026-06-22,官方商城,potential_buyer,paid,pending,89.0,0.0,0.0,89.0,True,20260903
ORD-0003750,2026-06-20,B站会员购,potential_buyer,paid,delivered,48.0,0.0,0.0,48.0,True,20260903
ORD-0003751,2026-06-18,B站会员购,potential_buyer,paid,delivered,233.0,4.8,0.0,228.2,True,20260903
ORD-0003752,2026-06-13,官方商城,occasional_buyer,paid,delivered,48.0,0.0,0.0,48.0,True,20260903
ORD-0003753,2026-08-15,B站会员购,occasional_buyer,paid,delivered,128.0,0.0,0.0,128.0,True,20260903
ORD-0003754,2026-06-19,淘宝/天猫,occasional_buyer,paid,delivered,18.0,0.0,8.0,26.0,True,20260903
ORD-0003755,2026-07-16,官方商城,core_buyer,paid,delivered,39.0,1.95,8.0,45.05,True,20260903
ORD-0003756,2026-06-28,线下展会或快闪店,occasional_buyer,paid,delivered,39.0,1.95,8.0,45.05,True,20260903
ORD-0003757,2026-07-21,二手平台,occasional_buyer,paid,delivered,699.0,0.0,0.0,699.0,True,20260903
ORD-0003758,2026-06-23,淘宝/天猫,core_buyer,paid,delivered,699.0,0.0,0.0,699.0,True,20260903
ORD-0003759,2026-07-25,官方商城,occasional_buyer,paid,delivered,96.0,0.0,8.0,104.0,True,20260903
ORD-0003760,2026-08-18,淘宝/天猫,core_buyer,paid,delivered,128.0,0.0,0.0,128.0,True,20260903
ORD-0003761,2026-08-15,淘宝/天猫,core_buyer,paid,delivered,99.0,0.0,0.0,99.0,True,20260903
ORD-0003762,2026-06-05,线下展会或快闪店,core_buyer,paid,delivered,128.0,0.0,0.0,128.0,True,20260903
ORD-0003763,2026-08-07,线下展会或快闪店,occasional_buyer,cancelled,cancelled,89.0,0.0,8.0,0.0,True,20260903
ORD-0003764,2026-06-11,淘宝/天猫,core_buyer,paid,delivered,78.0,0.0,0.0,78.0,True,20260903
ORD-0003765,2026-06-30,B站会员购,core_buyer,paid,delivered,39.0,0.0,8.0,47.0,True,20260903
ORD-0003766,2026-06-15,线下展会或快闪店,core_buyer,paid,delivered,57.0,0.0,0.0,57.0,True,20260903
ORD-0003767,2026-06-18,B站会员购,occasional_buyer,paid,delivered,128.0,0.0,0.0,128.0,True,20260903
ORD-0003768,2026-06-20,B站会员购,occasional_buyer,paid,delivered,89.0,0.0,8.0,97.0,True,20260903
ORD-0003769,2026-08-04,官方商城,core_buyer,paid,delivered,89.0,0.0,0.0,89.0,True,20260903
ORD-0003770,2026-08-05,线下展会或快闪店,core_buyer,paid,delivered,48.0,2.4,0.0,45.6,True,20260903
ORD-0003771,2026-06-17,官方商城,occasional_buyer,paid,delivered,48.0,0.0,0.0,48.0,True,20260903
ORD-0003772,2026-08-07,直播间,occasional_buyer,paid,delivered,39.0,3.9,8.0,43.1,True,20260903
ORD-0003773,2026-07-04,淘宝/天猫,occasional_buyer,paid,delivered,144.0,14.4,0.0,129.6,True,20260903
ORD-0003774,2026-08-29,淘宝/天猫,occasional_buyer,paid,delivered,178.0,8.9,0.0,169.1,True,20260903
ORD-0003775,2026-06-28,官方商城,core_buyer,paid,delivered,48.0,2.4,8.0,53.6,True,20260903
ORD-0003776,2026-08-01,淘宝/天猫,core_buyer,paid,delivered,48.0,0.0,8.0,56.0,True,20260903
ORD-0003777,2026-07-02,二手平台,core_buyer,paid,delivered,107.0,4.45,0.0,102.55,True,20260903
ORD-0003778,2026-06-30,B站会员购,core_buyer,paid,delivered,48.0,2.4,12.0,57.6,True,20260903
ORD-0003779,2026-06-07,淘宝/天猫,occasional_buyer,paid,delivered,1437.0,0.0,0.0,1437.0,True,20260903
ORD-0003780,2026-06-18,淘宝/天猫,core_buyer,paid,delivered,1398.0,69.9,0.0,1328.1,True,20260903
ORD-0003781,2026-08-08,线下展会或快闪店,potential_buyer,paid,delivered,128.0,0.0,0.0,128.0,True,20260903
ORD-0003782,2026-07-29,官方商城,core_buyer,paid,delivered,48.0,0.0,8.0,56.0,True,20260903
ORD-0003783,2026-07-19,官方商城,core_buyer,paid,delivered,66.0,1.8,0.0,64.2,True,20260903
ORD-0003784,2026-08-18,线下展会或快闪店,core_buyer,cancelled,cancelled,99.0,0.0,0.0,0.0,True,20260903
ORD-0003785,2026-08-01,官方商城,core_buyer,paid,delivered,89.0,0.0,0.0,89.0,True,20260903
ORD-0003786,2026-08-04,官方商城,occasional_buyer,paid,delivered,48.0,4.8,8.0,51.2,True,20260903
ORD-0003787,2026-07-29,B站会员购,core_buyer,paid,delivered,89.0,0.0,8.0,97.0,True,20260903
ORD-0003788,2026-06-13,线下展会或快闪店,potential_buyer,cancelled,cancelled,256.0,0.0,0.0,0.0,True,20260903
ORD-0003789,2026-06-29,官方商城,occasional_buyer,paid,delivered,89.0,8.9,8.0,88.1,True,20260903
ORD-0003790,2026-06-28,二手平台,core_buyer,paid,delivered,128.0,0.0,0.0,128.0,True,20260903
ORD-0003791,2026-07-04,B站会员购,occasional_buyer,paid,delivered,128.0,0.0,0.0,128.0,True,20260903
ORD-0003792,2026-07-31,淘宝/天猫,core_buyer,paid,delivered,39.0,0.0,8.0,47.0,True,20260903
ORD-0003793,2026-07-01,淘宝/天猫,core_buyer,paid,delivered,147.0,9.9,0.0,137.1,True,20260903
ORD-0003794,2026-06-20,B站会员购,potential_buyer,paid,delivered,188.0,8.9,0.0,179.1,True,20260903
ORD-0003795,2026-08-20,B站会员购,occasional_buyer,paid,delivered,128.0,6.4,0.0,121.6,True,20260903
ORD-0003796,2026-07-21,淘宝/天猫,core_buyer,cancelled,cancelled,717.0,34.95,0.0,0.0,True,20260903
ORD-0003797,2026-07-02,官方商城,core_buyer,paid,delivered,48.0,0.0,0.0,48.0,True,20260903
ORD-0003798,2026-07-29,官方商城,occasional_buyer,paid,delivered,128.0,0.0,0.0,128.0,True,20260903
ORD-0003799,2026-08-08,淘宝/天猫,potential_buyer,paid,delivered,128.0,12.8,0.0,115.2,True,20260903
ORD-0003800,2026-08-24,淘宝/天猫,occasional_buyer,paid,delivered,384.0,0.0,0.0,384.0,True,20260903
ORD-0003801,2026-06-15,淘宝/天猫,core_buyer,paid,delivered,39.0,3.9,0.0,35.1,True,20260903
ORD-0003802,2026-06-15,淘宝/天猫,potential_buyer,paid,delivered,788.0,34.95,0.0,753.05,True,20260903
ORD-0003803,2026-08-01,线下展会或快闪店,core_buyer,paid,delivered,167.0,0.0,0.0,167.0,True,20260903
ORD-0003804,2026-08-06,淘宝/天猫,occasional_buyer,paid,shipped,699.0,34.95,0.0,664.05,True,20260903
ORD-0003805,2026-07-20,B站会员购,occasional_buyer,paid,delivered,18.0,0.0,8.0,26.0,True,20260903
ORD-0003806,2026-06-18,淘宝/天猫,core_buyer,paid,delivered,96.0,0.0,8.0,104.0,True,20260903
ORD-0003807,2026-08-04,淘宝/天猫,potential_buyer,paid,delivered,18.0,0.0,8.0,26.0,True,20260903
ORD-0003808,2026-08-13,B站会员购,core_buyer,paid,delivered,99.0,0.0,0.0,99.0,True,20260903
ORD-0003809,2026-06-12,淘宝/天猫,occasional_buyer,paid,delivered,39.0,0.0,0.0,39.0,True,20260903
ORD-0003810,2026-06-25,线下展会或快闪店,occasional_buyer,paid,delivered,894.0,14.85,0.0,879.15,True,20260903
ORD-0003811,2026-06-04,官方商城,occasional_buyer,paid,pending,18.0,0.9,0.0,17.1,True,20260903
ORD-0003812,2026-07-19,官方商城,occasional_buyer,cancelled,cancelled,89.0,4.45,8.0,0.0,True,20260903
ORD-0003813,2026-08-15,官方商城,occasional_buyer,paid,delivered,18.0,0.0,10.0,28.0,True,20260903
ORD-0003814,2026-07-20,官方商城,occasional_buyer,paid,delivered,18.0,2.7,10.0,25.3,True,20260903
ORD-0003815,2026-07-30,B站会员购,occasional_buyer,paid,delivered,128.0,12.8,0.0,115.2,True,20260903
ORD-0003816,2026-07-09,二手平台,occasional_buyer,paid,delivered,48.0,0.0,8.0,56.0,True,20260903
ORD-0003817,2026-08-15,官方商城,core_buyer,cancelled,cancelled,39.0,0.0,0.0,0.0,True,20260903
ORD-0003818,2026-08-01,其他,core_buyer,paid,shipped,89.0,0.0,8.0,97.0,True,20260903
ORD-0003819,2026-06-18,线下展会或快闪店,occasional_buyer,paid,delivered,89.0,4.45,8.0,92.55,True,20260903
ORD-0003820,2026-08-18,淘宝/天猫,core_buyer,paid,delivered,39.0,0.0,8.0,47.0,True,20260903
ORD-0003821,2026-07-25,二手平台,core_buyer,paid,delivered,304.0,12.8,0.0,291.2,True,20260903
ORD-0003822,2026-08-08,线下展会或快闪店,occasional_buyer,paid,delivered,89.0,8.9,8.0,88.1,True,20260903
ORD-0003823,2026-06-16,B站会员购,core_buyer,paid,delivered,699.0,0.0,0.0,699.0,True,20260903
ORD-0003824,2026-06-16,淘宝/天猫,occasional_buyer,paid,delivered,89.0,0.0,12.0,101.0,True,20260903
ORD-0003825,2026-06-12,淘宝/天猫,potential_buyer,paid,delivered,699.0,69.9,0.0,629.1,True,20260903
ORD-0003826,2026-06-21,淘宝/天猫,occasional_buyer,paid,delivered,54.0,0.0,0.0,54.0,True,20260903
ORD-0003827,2026-08-11,淘宝/天猫,core_buyer,paid,delivered,128.0,19.2,0.0,108.8,True,20260903
ORD-0003828,2026-08-20,淘宝/天猫,core_buyer,paid,delivered,795.0,0.0,0.0,795.0,True,20260903
ORD-0003829,2026-06-19,官方商城,occasional_buyer,paid,delivered,39.0,0.0,0.0,39.0,True,20260903
ORD-0003830,2026-08-22,线下展会或快闪店,occasional_buyer,paid,delivered,827.0,34.95,0.0,792.05,True,20260903
ORD-0003831,2026-06-23,淘宝/天猫,core_buyer,paid,delivered,198.0,0.0,0.0,198.0,True,20260903
ORD-0003832,2026-06-21,B站会员购,core_buyer,paid,delivered,48.0,4.8,8.0,51.2,True,20260903
ORD-0003833,2026-06-06,官方商城,occasional_buyer,paid,delivered,36.0,1.8,8.0,42.2,True,20260903
ORD-0003834,2026-06-26,淘宝/天猫,core_buyer,paid,delivered,128.0,6.4,0.0,121.6,True,20260903
ORD-0003835,2026-08-19,B站会员购,occasional_buyer,paid,delivered,99.0,9.9,0.0,89.1,True,20260903
ORD-0003836,2026-06-28,二手平台,core_buyer,paid,delivered,89.0,0.0,8.0,97.0,True,20260903
ORD-0003837,2026-08-11,官方商城,occasional_buyer,paid,shipped,96.0,0.0,0.0,96.0,True,20260903
ORD-0003838,2026-07-27,淘宝/天猫,occasional_buyer,paid,pending,128.0,6.4,0.0,121.6,True,20260903
ORD-0003839,2026-06-11,淘宝/天猫,core_buyer,paid,delivered,36.0,0.0,10.0,46.0,True,20260903
ORD-0003840,2026-06-16,线下展会或快闪店,occasional_buyer,paid,delivered,48.0,0.0,0.0,48.0,True,20260903
ORD-0003841,2026-06-16,官方商城,core_buyer,paid,delivered,18.0,0.9,12.0,29.1,True,20260903
ORD-0003842,2026-07-26,淘宝/天猫,occasional_buyer,paid,delivered,48.0,0.0,8.0,56.0,True,20260903
ORD-0003843,2026-07-12,B站会员购,core_buyer,paid,delivered,196.0,26.7,0.0,169.3,True,20260903
ORD-0003844,2026-06-15,官方商城,potential_buyer,paid,delivered,39.0,0.0,12.0,51.0,True,20260903
ORD-0003845,2026-06-11,B站会员购,occasional_buyer,paid,delivered,99.0,0.0,0.0,99.0,True,20260903
ORD-0003846,2026-07-03,淘宝/天猫,core_buyer,paid,delivered,48.0,2.4,10.0,55.6,True,20260903
ORD-0003847,2026-08-09,直播间,occasional_buyer,paid,delivered,18.0,1.8,0.0,16.2,True,20260903
ORD-0003848,2026-08-23,淘宝/天猫,potential_buyer,paid,delivered,39.0,3.9,8.0,43.1,True,20260903
ORD-0003849,2026-06-30,官方商城,core_buyer,paid,delivered,137.0,6.85,0.0,130.15,True,20260903
ORD-0003850,2026-08-23,官方商城,core_buyer,paid,delivered,128.0,0.0,0.0,128.0,True,20260903
ORD-0003851,2026-06-21,官方商城,occasional_buyer,paid,delivered,128.0,6.4,0.0,121.6,True,20260903
ORD-0003852,2026-06-20,线下展会或快闪店,occasional_buyer,paid,delivered,738.0,36.9,0.0,701.1,True,20260903
ORD-0003853,2026-07-09,线下展会或快闪店,occasional_buyer,paid,delivered,128.0,0.0,0.0,128.0,True,20260903
ORD-0003854,2026-07-29,淘宝/天猫,core_buyer,paid,delivered,114.0,11.4,0.0,102.6,True,20260903
ORD-0003855,2026-08-06,二手平台,core_buyer,paid,delivered,57.0,0.0,0.0,57.0,True,20260903
ORD-0003856,2026-08-03,官方商城,potential_buyer,paid,delivered,99.0,0.0,0.0,99.0,True,20260903
ORD-0003857,2026-07-08,官方商城,occasional_buyer,paid,delivered,18.0,2.7,8.0,23.3,True,20260903
ORD-0003858,2026-06-30,B站会员购,potential_buyer,paid,delivered,99.0,9.9,0.0,89.1,True,20260903
ORD-0003859,2026-07-10,淘宝/天猫,core_buyer,paid,delivered,699.0,0.0,0.0,699.0,True,20260903
ORD-0003860,2026-06-25,淘宝/天猫,core_buyer,paid,delivered,99.0,4.95,0.0,94.05,True,20260903
ORD-0003861,2026-08-02,官方商城,core_buyer,paid,delivered,18.0,0.0,8.0,26.0,True,20260903
ORD-0003862,2026-07-23,线下展会或快闪店,core_buyer,paid,delivered,89.0,0.0,8.0,97.0,True,20260903
ORD-0003863,2026-08-28,淘宝/天猫,occasional_buyer,paid,delivered,699.0,34.95,0.0,664.05,True,20260903
ORD-0003864,2026-07-02,淘宝/天猫,core_buyer,paid,delivered,699.0,0.0,0.0,699.0,True,20260903
ORD-0003865,2026-08-08,直播间,occasional_buyer,paid,delivered,356.0,8.9,0.0,347.1,True,20260903
ORD-0003866,2026-07-13,淘宝/天猫,occasional_buyer,paid,delivered,48.0,0.0,12.0,60.0,True,20260903
ORD-0003867,2026-08-01,淘宝/天猫,occasional_buyer,paid,delivered,226.0,4.8,0.0,221.2,True,20260903
ORD-0003868,2026-07-26,B站会员购,core_buyer,paid,shipped,48.0,0.0,0.0,48.0,True,20260903
ORD-0003869,2026-07-29,官方商城,core_buyer,paid,delivered,178.0,17.8,0.0,160.2,True,20260903
ORD-0003870,2026-06-08,直播间,core_buyer,paid,delivered,39.0,0.0,8.0,47.0,True,20260903
ORD-0003871,2026-06-18,淘宝/天猫,potential_buyer,paid,delivered,128.0,19.2,0.0,108.8,True,20260903
ORD-0003872,2026-07-12,官方商城,core_buyer,paid,delivered,256.0,0.0,0.0,256.0,True,20260903
ORD-0003873,2026-06-23,淘宝/天猫,core_buyer,paid,delivered,39.0,3.9,10.0,45.1,True,20260903
ORD-0003874,2026-06-30,B站会员购,core_buyer,paid,delivered,18.0,0.0,0.0,18.0,True,20260903
ORD-0003875,2026-07-30,官方商城,occasional_buyer,paid,delivered,717.0,71.7,0.0,645.3,True,20260903
ORD-0003876,2026-06-21,淘宝/天猫,occasional_buyer,paid,delivered,256.0,6.4,0.0,249.6,True,20260903
ORD-0003877,2026-07-28,淘宝/天猫,potential_buyer,paid,delivered,827.0,0.0,0.0,827.0,True,20260903
ORD-0003878,2026-07-29,淘宝/天猫,potential_buyer,paid,delivered,39.0,0.0,0.0,39.0,True,20260903
ORD-0003879,2026-07-06,B站会员购,core_buyer,paid,delivered,128.0,12.8,0.0,115.2,True,20260903
ORD-0003880,2026-06-09,线下展会或快闪店,core_buyer,paid,delivered,99.0,4.95,8.0,102.05,True,20260903
ORD-0003881,2026-06-10,B站会员购,core_buyer,paid,delivered,78.0,0.0,10.0,88.0,True,20260903
ORD-0003882,2026-06-06,官方商城,potential_buyer,paid,delivered,99.0,0.0,0.0,99.0,True,20260903
ORD-0003883,2026-07-28,淘宝/天猫,core_buyer,paid,delivered,89.0,0.0,0.0,89.0,True,20260903
ORD-0003884,2026-06-18,淘宝/天猫,occasional_buyer,paid,delivered,18.0,0.0,8.0,26.0,True,20260903
ORD-0003885,2026-08-11,B站会员购,potential_buyer,paid,delivered,198.0,19.8,0.0,178.2,True,20260903
ORD-0003886,2026-07-01,淘宝/天猫,occasional_buyer,paid,delivered,198.0,0.0,0.0,198.0,True,20260903
ORD-0003887,2026-07-15,线下展会或快闪店,core_buyer,paid,delivered,188.0,0.0,0.0,188.0,True,20260903
ORD-0003888,2026-07-28,淘宝/天猫,occasional_buyer,paid,delivered,128.0,12.8,0.0,115.2,True,20260903
ORD-0003889,2026-08-23,线下展会或快闪店,occasional_buyer,paid,delivered,48.0,2.4,0.0,45.6,True,20260903
ORD-0003890,2026-08-26,官方商城,core_buyer,paid,delivered,128.0,19.2,0.0,108.8,True,20260903
ORD-0003891,2026-08-05,淘宝/天猫,occasional_buyer,paid,delivered,39.0,1.95,8.0,45.05,True,20260903
ORD-0003892,2026-07-24,B站会员购,core_buyer,paid,delivered,48.0,2.4,0.0,45.6,True,20260903
ORD-0003893,2026-06-12,直播间,occasional_buyer,paid,delivered,89.0,0.0,0.0,89.0,True,20260903
ORD-0003894,2026-07-31,二手平台,occasional_buyer,paid,delivered,54.0,2.7,0.0,51.3,True,20260903
ORD-0003895,2026-06-12,淘宝/天猫,potential_buyer,paid,shipped,699.0,0.0,0.0,699.0,True,20260903
ORD-0003896,2026-07-23,淘宝/天猫,potential_buyer,paid,delivered,99.0,4.95,8.0,102.05,True,20260903
ORD-0003897,2026-07-16,B站会员购,potential_buyer,paid,delivered,89.0,13.35,0.0,75.65,True,20260903
ORD-0003898,2026-08-29,淘宝/天猫,occasional_buyer,paid,delivered,117.0,0.9,0.0,116.1,True,20260903
ORD-0003899,2026-08-02,直播间,core_buyer,paid,delivered,48.0,0.0,8.0,56.0,True,20260903
ORD-0003900,2026-06-19,官方商城,core_buyer,paid,delivered,227.0,12.8,0.0,214.2,True,20260903
ORD-0003901,2026-06-15,官方商城,occasional_buyer,paid,delivered,699.0,0.0,0.0,699.0,True,20260903
ORD-0003902,2026-08-29,淘宝/天猫,core_buyer,paid,delivered,48.0,4.8,8.0,51.2,True,20260903
ORD-0003903,2026-07-25,淘宝/天猫,core_buyer,paid,delivered,114.0,6.6,0.0,107.4,True,20260903
ORD-0003904,2026-08-01,B站会员购,potential_buyer,paid,delivered,699.0,0.0,0.0,699.0,True,20260903
ORD-0003905,2026-07-12,线下展会或快闪店,core_buyer,paid,delivered,128.0,12.8,0.0,115.2,True,20260903
ORD-0003906,2026-08-02,B站会员购,core_buyer,paid,delivered,39.0,0.0,12.0,51.0,True,20260903
ORD-0003907,2026-06-25,线下展会或快闪店,occasional_buyer,paid,delivered,89.0,8.9,0.0,80.1,True,20260903
ORD-0003908,2026-08-01,B站会员购,core_buyer,paid,delivered,304.0,25.6,0.0,278.4,True,20260903
ORD-0003909,2026-07-15,官方商城,potential_buyer,paid,delivered,717.0,0.0,0.0,717.0,True,20260903
ORD-0003910,2026-06-16,淘宝/天猫,core_buyer,paid,delivered,18.0,2.7,8.0,23.3,True,20260903
ORD-0003911,2026-07-31,其他,occasional_buyer,paid,delivered,1542.0,0.0,0.0,1542.0,True,20260903
ORD-0003912,2026-06-01,淘宝/天猫,occasional_buyer,paid,delivered,48.0,0.0,8.0,56.0,True,20260903
ORD-0003913,2026-07-04,官方商城,occasional_buyer,paid,delivered,107.0,0.0,0.0,107.0,True,20260903
ORD-0003914,2026-06-15,淘宝/天猫,occasional_buyer,paid,delivered,78.0,1.95,12.0,88.05,True,20260903
ORD-0003915,2026-07-31,二手平台,occasional_buyer,paid,delivered,48.0,0.0,8.0,56.0,True,20260903
ORD-0003916,2026-07-17,B站会员购,potential_buyer,paid,delivered,48.0,4.8,12.0,55.2,True,20260903
ORD-0003917,2026-08-22,直播间,occasional_buyer,paid,delivered,99.0,9.9,0.0,89.1,True,20260903
ORD-0003918,2026-06-28,淘宝/天猫,potential_buyer,paid,delivered,18.0,0.9,0.0,17.1,True,20260903
ORD-0003919,2026-08-02,淘宝/天猫,occasional_buyer,paid,delivered,78.0,3.9,10.0,84.1,True,20260903
ORD-0003920,2026-08-03,B站会员购,core_buyer,paid,delivered,128.0,0.0,0.0,128.0,True,20260903
ORD-0003921,2026-06-23,B站会员购,occasional_buyer,paid,delivered,18.0,0.0,0.0,18.0,True,20260903
ORD-0003922,2026-06-29,淘宝/天猫,core_buyer,paid,delivered,1398.0,0.0,0.0,1398.0,True,20260903
ORD-0003923,2026-06-24,淘宝/天猫,occasional_buyer,paid,delivered,99.0,0.0,0.0,99.0,True,20260903
ORD-0003924,2026-07-28,二手平台,occasional_buyer,paid,delivered,128.0,0.0,0.0,128.0,True,20260903
ORD-0003925,2026-06-29,官方商城,core_buyer,paid,delivered,18.0,0.0,8.0,26.0,True,20260903
ORD-0003926,2026-07-25,官方商城,occasional_buyer,paid,delivered,18.0,0.0,10.0,28.0,True,20260903
ORD-0003927,2026-08-22,线下展会或快闪店,potential_buyer,paid,delivered,18.0,0.0,0.0,18.0,True,20260903
ORD-0003928,2026-07-26,线下展会或快闪店,core_buyer,paid,delivered,39.0,0.0,0.0,39.0,True,20260903
ORD-0003929,2026-07-29,淘宝/天猫,core_buyer,paid,delivered,89.0,0.0,0.0,89.0,True,20260903
ORD-0003930,2026-06-13,官方商城,core_buyer,paid,delivered,18.0,1.8,0.0,16.2,True,20260903
ORD-0003931,2026-07-15,官方商城,occasional_buyer,paid,delivered,146.0,19.2,0.0,126.8,True,20260903
ORD-0003932,2026-06-07,二手平台,occasional_buyer,paid,delivered,39.0,3.9,12.0,47.1,True,20260903
ORD-0003933,2026-08-25,B站会员购,potential_buyer,paid,delivered,39.0,3.9,8.0,43.1,True,20260903
ORD-0003934,2026-07-23,线下展会或快闪店,potential_buyer,paid,delivered,99.0,0.0,0.0,99.0,True,20260903
ORD-0003935,2026-08-11,淘宝/天猫,core_buyer,paid,delivered,1526.0,0.0,0.0,1526.0,True,20260903
ORD-0003936,2026-07-28,淘宝/天猫,occasional_buyer,paid,delivered,99.0,4.95,10.0,104.05,True,20260903
ORD-0003937,2026-07-28,官方商城,occasional_buyer,paid,delivered,99.0,0.0,0.0,99.0,True,20260903
ORD-0003938,2026-08-23,线下展会或快闪店,core_buyer,paid,delivered,699.0,34.95,0.0,664.05,True,20260903
ORD-0003939,2026-06-11,淘宝/天猫,core_buyer,paid,delivered,699.0,0.0,0.0,699.0,True,20260903
ORD-0003940,2026-08-03,线下展会或快闪店,occasional_buyer,paid,delivered,128.0,0.0,0.0,128.0,True,20260903
ORD-0003941,2026-06-24,二手平台,occasional_buyer,paid,delivered,89.0,4.45,8.0,92.55,True,20260903
ORD-0003942,2026-06-14,淘宝/天猫,core_buyer,paid,delivered,215.0,8.7,0.0,206.3,True,20260903
ORD-0003943,2026-06-11,官方商城,core_buyer,paid,delivered,138.0,9.9,0.0,128.1,True,20260903
ORD-0003944,2026-07-25,B站会员购,occasional_buyer,paid,delivered,18.0,1.8,8.0,24.2,True,20260903
ORD-0003945,2026-07-07,淘宝/天猫,occasional_buyer,paid,shipped,89.0,0.0,8.0,97.0,True,20260903
ORD-0003946,2026-08-19,官方商城,occasional_buyer,paid,delivered,39.0,0.0,8.0,47.0,True,20260903
ORD-0003947,2026-07-02,B站会员购,core_buyer,paid,delivered,18.0,1.8,12.0,28.2,True,20260903
ORD-0003948,2026-07-26,淘宝/天猫,occasional_buyer,paid,delivered,256.0,0.0,0.0,256.0,True,20260903
ORD-0003949,2026-06-03,B站会员购,core_buyer,paid,delivered,18.0,2.7,8.0,23.3,True,20260903
ORD-0003950,2026-06-22,淘宝/天猫,occasional_buyer,paid,delivered,48.0,2.4,10.0,55.6,True,20260903
ORD-0003951,2026-07-12,线下展会或快闪店,occasional_buyer,paid,delivered,89.0,0.0,10.0,99.0,True,20260903
ORD-0003952,2026-07-23,B站会员购,core_buyer,paid,delivered,237.0,9.9,0.0,227.1,True,20260903
ORD-0003953,2026-07-27,B站会员购,occasional_buyer,paid,delivered,18.0,1.8,12.0,28.2,True,20260903
ORD-0003954,2026-07-02,淘宝/天猫,occasional_buyer,paid,delivered,48.0,0.0,8.0,56.0,True,20260903
ORD-0003955,2026-07-14,B站会员购,occasional_buyer,paid,delivered,39.0,0.0,0.0,39.0,True,20260903
ORD-0003956,2026-06-18,淘宝/天猫,potential_buyer,paid,pending,155.0,10.7,0.0,144.3,True,20260903
ORD-0003957,2026-08-10,官方商城,core_buyer,paid,delivered,147.0,4.95,0.0,142.05,True,20260903
ORD-0003958,2026-08-12,B站会员购,potential_buyer,paid,shipped,128.0,12.8,0.0,115.2,True,20260903
ORD-0003959,2026-07-31,淘宝/天猫,core_buyer,paid,delivered,39.0,0.0,8.0,47.0,True,20260903
ORD-0003960,2026-08-12,淘宝/天猫,occasional_buyer,paid,delivered,99.0,0.0,0.0,99.0,True,20260903
ORD-0003961,2026-08-04,B站会员购,occasional_buyer,paid,delivered,1398.0,0.0,0.0,1398.0,True,20260903
ORD-0003962,2026-06-16,线下展会或快闪店,occasional_buyer,paid,shipped,128.0,0.0,0.0,128.0,True,20260903
ORD-0003963,2026-07-17,B站会员购,core_buyer,paid,delivered,89.0,8.9,0.0,80.1,True,20260903
ORD-0003964,2026-06-19,B站会员购,core_buyer,paid,delivered,39.0,0.0,8.0,47.0,True,20260903
ORD-0003965,2026-08-06,B站会员购,potential_buyer,paid,delivered,48.0,2.4,8.0,53.6,True,20260903
ORD-0003966,2026-07-16,淘宝/天猫,occasional_buyer,paid,delivered,147.0,2.4,0.0,144.6,True,20260903
ORD-0003967,2026-07-10,B站会员购,core_buyer,paid,delivered,89.0,0.0,10.0,99.0,True,20260903
ORD-0003968,2026-06-22,淘宝/天猫,occasional_buyer,paid,delivered,89.0,0.0,10.0,99.0,True,20260903
ORD-0003969,2026-07-07,官方商城,occasional_buyer,paid,shipped,99.0,4.95,10.0,104.05,True,20260903
ORD-0003970,2026-08-18,线下展会或快闪店,core_buyer,paid,delivered,99.0,0.0,0.0,99.0,True,20260903
ORD-0003971,2026-07-10,线下展会或快闪店,core_buyer,paid,pending,48.0,0.0,10.0,58.0,True,20260903
ORD-0003972,2026-07-02,官方商城,occasional_buyer,paid,delivered,99.0,0.0,0.0,99.0,True,20260903
ORD-0003973,2026-07-31,其他,core_buyer,paid,delivered,195.0,14.85,0.0,180.15,True,20260903
ORD-0003974,2026-06-19,淘宝/天猫,occasional_buyer,paid,delivered,18.0,1.8,8.0,24.2,True,20260903
ORD-0003975,2026-08-21,官方商城,occasional_buyer,paid,delivered,18.0,0.0,0.0,18.0,True,20260903
ORD-0003976,2026-06-15,淘宝/天猫,occasional_buyer,paid,delivered,699.0,0.0,0.0,699.0,True,20260903
ORD-0003977,2026-08-04,B站会员购,core_buyer,paid,delivered,128.0,12.8,0.0,115.2,True,20260903
ORD-0003978,2026-06-18,二手平台,potential_buyer,paid,delivered,99.0,4.95,0.0,94.05,True,20260903
ORD-0003979,2026-07-10,二手平台,occasional_buyer,paid,delivered,107.0,8.9,10.0,108.1,True,20260903
ORD-0003980,2026-06-19,淘宝/天猫,occasional_buyer,paid,delivered,39.0,0.0,0.0,39.0,True,20260903
ORD-0003981,2026-07-22,线下展会或快闪店,core_buyer,paid,delivered,128.0,6.4,0.0,121.6,True,20260903
ORD-0003982,2026-06-23,官方商城,occasional_buyer,paid,delivered,798.0,4.95,0.0,793.05,True,20260903
ORD-0003983,2026-06-18,官方商城,occasional_buyer,paid,delivered,128.0,6.4,0.0,121.6,True,20260903
ORD-0003984,2026-08-20,淘宝/天猫,core_buyer,paid,delivered,89.0,4.45,0.0,84.55,True,20260903
ORD-0003985,2026-06-18,淘宝/天猫,core_buyer,paid,delivered,699.0,0.0,0.0,699.0,True,20260903
ORD-0003986,2026-08-01,淘宝/天猫,occasional_buyer,paid,delivered,138.0,0.0,0.0,138.0,True,20260903
ORD-0003987,2026-06-02,官方商城,occasional_buyer,paid,delivered,206.0,0.0,0.0,206.0,True,20260903
ORD-0003988,2026-06-16,线下展会或快闪店,occasional_buyer,paid,delivered,699.0,69.9,0.0,629.1,True,20260903
ORD-0003989,2026-07-25,官方商城,core_buyer,paid,delivered,99.0,0.0,0.0,99.0,True,20260903
ORD-0003990,2026-06-06,其他,core_buyer,paid,delivered,128.0,12.8,0.0,115.2,True,20260903
ORD-0003991,2026-06-14,官方商城,occasional_buyer,paid,delivered,89.0,0.0,8.0,97.0,True,20260903
ORD-0003992,2026-07-26,官方商城,occasional_buyer,paid,delivered,39.0,1.95,0.0,37.05,True,20260903
ORD-0003993,2026-08-08,淘宝/天猫,potential_buyer,paid,delivered,107.0,6.25,0.0,100.75,True,20260903
ORD-0003994,2026-08-23,淘宝/天猫,core_buyer,paid,delivered,128.0,0.0,0.0,128.0,True,20260903
ORD-0003995,2026-06-16,线下展会或快闪店,core_buyer,paid,delivered,48.0,2.4,10.0,55.6,True,20260903
ORD-0003996,2026-07-31,B站会员购,occasional_buyer,paid,delivered,89.0,0.0,12.0,101.0,True,20260903
ORD-0003997,2026-07-09,官方商城,potential_buyer,paid,delivered,39.0,3.9,0.0,35.1,True,20260903
ORD-0003998,2026-08-20,淘宝/天猫,core_buyer,paid,delivered,699.0,0.0,0.0,699.0,True,20260903
ORD-0003999,2026-08-07,线下展会或快闪店,core_buyer,paid,delivered,89.0,4.45,8.0,92.55,True,20260903
ORD-0004000,2026-08-15,B站会员购,occasional_buyer,paid,delivered,1398.0,139.8,0.0,1258.2,True,20260903
ORD-0004001,2026-08-29,官方商城,core_buyer,paid,delivered,99.0,0.0,0.0,99.0,True,20260903
ORD-0004002,2026-07-27,B站会员购,core_buyer,cancelled,cancelled,99.0,0.0,0.0,0.0,True,20260903
ORD-0004003,2026-06-30,官方商城,occasional_buyer,paid,shipped,99.0,14.85,8.0,92.15,True,20260903
ORD-0004004,2026-06-21,淘宝/天猫,occasional_buyer,paid,delivered,699.0,104.85,0.0,594.15,True,20260903
ORD-0004005,2026-07-31,B站会员购,core_buyer,paid,delivered,99.0,9.9,12.0,101.1,True,20260903
ORD-0004006,2026-06-03,线下展会或快闪店,potential_buyer,paid,shipped,66.0,4.8,10.0,71.2,True,20260903
ORD-0004007,2026-08-27,官方商城,core_buyer,paid,delivered,48.0,2.4,0.0,45.6,True,20260903
ORD-0004008,2026-06-14,淘宝/天猫,core_buyer,paid,delivered,217.0,3.9,0.0,213.1,True,20260903
ORD-0004009,2026-08-14,淘宝/天猫,occasional_buyer,paid,delivered,96.0,0.0,10.0,106.0,True,20260903
ORD-0004010,2026-08-02,二手平台,core_buyer,paid,delivered,699.0,0.0,0.0,699.0,True,20260903
ORD-0004011,2026-07-26,官方商城,occasional_buyer,paid,delivered,18.0,0.0,0.0,18.0,True,20260903
ORD-0004012,2026-07-11,B站会员购,potential_buyer,paid,delivered,699.0,0.0,0.0,699.0,True,20260903
ORD-0004013,2026-08-17,淘宝/天猫,occasional_buyer,paid,delivered,99.0,0.0,0.0,99.0,True,20260903
ORD-0004014,2026-08-21,线下展会或快闪店,occasional_buyer,paid,delivered,198.0,19.8,0.0,178.2,True,20260903
ORD-0004015,2026-06-22,二手平台,core_buyer,paid,delivered,18.0,2.7,0.0,15.3,True,20260903
ORD-0004016,2026-07-26,B站会员购,potential_buyer,paid,delivered,48.0,0.0,8.0,56.0,True,20260903
ORD-0004017,2026-08-27,官方商城,occasional_buyer,paid,delivered,117.0,1.8,0.0,115.2,True,20260903
ORD-0004018,2026-06-14,B站会员购,core_buyer,paid,delivered,99.0,4.95,10.0,104.05,True,20260903
ORD-0004019,2026-06-19,淘宝/天猫,occasional_buyer,paid,delivered,206.0,0.0,0.0,206.0,True,20260903
ORD-0004020,2026-07-01,B站会员购,core_buyer,paid,delivered,99.0,9.9,0.0,89.1,True,20260903
ORD-0004021,2026-07-11,B站会员购,occasional_buyer,paid,delivered,128.0,0.0,0.0,128.0,True,20260903
ORD-0004022,2026-07-28,B站会员购,occasional_buyer,paid,delivered,164.0,3.6,0.0,160.4,True,20260903
ORD-0004023,2026-08-10,B站会员购,core_buyer,paid,delivered,699.0,0.0,0.0,699.0,True,20260903
ORD-0004024,2026-08-02,淘宝/天猫,potential_buyer,paid,pending,117.0,7.8,0.0,109.2,True,20260903
ORD-0004025,2026-07-06,淘宝/天猫,occasional_buyer,paid,delivered,699.0,0.0,0.0,699.0,True,20260903
ORD-0004026,2026-06-21,直播间,potential_buyer,paid,shipped,89.0,0.0,8.0,97.0,True,20260903
ORD-0004027,2026-07-22,官方商城,core_buyer,paid,delivered,699.0,69.9,0.0,629.1,True,20260903
ORD-0004028,2026-07-20,官方商城,core_buyer,paid,delivered,147.0,4.95,0.0,142.05,True,20260903
ORD-0004029,2026-06-06,二手平台,potential_buyer,paid,delivered,18.0,1.8,0.0,16.2,True,20260903
ORD-0004030,2026-06-16,淘宝/天猫,core_buyer,paid,delivered,89.0,0.0,12.0,101.0,True,20260903
ORD-0004031,2026-06-14,官方商城,potential_buyer,paid,pending,128.0,12.8,0.0,115.2,True,20260903
ORD-0004032,2026-07-25,淘宝/天猫,core_buyer,paid,delivered,198.0,0.0,0.0,198.0,True,20260903
ORD-0004033,2026-07-24,B站会员购,core_buyer,paid,delivered,128.0,0.0,0.0,128.0,True,20260903
ORD-0004034,2026-06-18,淘宝/天猫,occasional_buyer,paid,delivered,18.0,0.0,0.0,18.0,True,20260903
ORD-0004035,2026-08-17,官方商城,potential_buyer,paid,delivered,128.0,12.8,0.0,115.2,True,20260903
ORD-0004036,2026-08-08,淘宝/天猫,core_buyer,paid,delivered,39.0,0.0,8.0,47.0,True,20260903
ORD-0004037,2026-08-23,官方商城,core_buyer,paid,delivered,39.0,1.95,0.0,37.05,True,20260903
ORD-0004038,2026-07-08,淘宝/天猫,occasional_buyer,paid,delivered,176.0,4.8,0.0,171.2,True,20260903
ORD-0004039,2026-07-30,官方商城,core_buyer,paid,delivered,699.0,104.85,0.0,594.15,True,20260903
ORD-0004040,2026-06-22,淘宝/天猫,occasional_buyer,paid,delivered,147.0,0.0,0.0,147.0,True,20260903
ORD-0004041,2026-06-07,官方商城,occasional_buyer,paid,delivered,18.0,0.0,0.0,18.0,True,20260903
ORD-0004042,2026-07-10,B站会员购,occasional_buyer,paid,pending,36.0,0.0,8.0,44.0,True,20260903
ORD-0004043,2026-06-05,官方商城,core_buyer,paid,delivered,178.0,8.9,0.0,169.1,True,20260903
ORD-0004044,2026-06-25,淘宝/天猫,occasional_buyer,paid,delivered,89.0,0.0,12.0,101.0,True,20260903
ORD-0004045,2026-07-19,官方商城,occasional_buyer,paid,delivered,18.0,0.0,10.0,28.0,True,20260903
ORD-0004046,2026-06-18,B站会员购,occasional_buyer,paid,delivered,699.0,0.0,0.0,699.0,True,20260903
ORD-0004047,2026-06-15,官方商城,occasional_buyer,paid,delivered,699.0,69.9,0.0,629.1,True,20260903
ORD-0004048,2026-08-29,B站会员购,potential_buyer,paid,delivered,699.0,69.9,0.0,629.1,True,20260903
ORD-0004049,2026-08-28,直播间,core_buyer,paid,delivered,99.0,4.95,12.0,106.05,True,20260903
ORD-0004050,2026-06-28,淘宝/天猫,core_buyer,paid,delivered,198.0,19.8,0.0,178.2,True,20260903
ORD-0004051,2026-06-03,淘宝/天猫,core_buyer,paid,delivered,735.0,69.9,0.0,665.1,True,20260903
ORD-0004052,2026-07-22,淘宝/天猫,core_buyer,paid,delivered,78.0,0.0,12.0,90.0,True,20260903
ORD-0004053,2026-08-09,官方商城,occasional_buyer,cancelled,cancelled,48.0,0.0,0.0,0.0,True,20260903
ORD-0004054,2026-08-12,官方商城,potential_buyer,paid,delivered,227.0,9.9,0.0,217.1,True,20260903
ORD-0004055,2026-06-24,官方商城,potential_buyer,paid,delivered,699.0,0.0,0.0,699.0,True,20260903
ORD-0004056,2026-07-19,线下展会或快闪店,potential_buyer,cancelled,cancelled,434.0,4.45,0.0,0.0,True,20260903
ORD-0004057,2026-06-16,B站会员购,occasional_buyer,paid,delivered,99.0,0.0,0.0,99.0,True,20260903
ORD-0004058,2026-06-03,淘宝/天猫,potential_buyer,paid,delivered,36.0,0.0,8.0,44.0,True,20260903
ORD-0004059,2026-08-22,淘宝/天猫,core_buyer,paid,delivered,18.0,1.8,0.0,16.2,True,20260903
ORD-0004060,2026-08-15,淘宝/天猫,core_buyer,paid,delivered,89.0,0.0,8.0,97.0,True,20260903
ORD-0004061,2026-06-27,B站会员购,core_buyer,paid,delivered,89.0,0.0,10.0,99.0,True,20260903
ORD-0004062,2026-06-11,淘宝/天猫,core_buyer,paid,delivered,1398.0,209.7,0.0,1188.3,True,20260903
ORD-0004063,2026-07-02,B站会员购,occasional_buyer,paid,delivered,18.0,0.0,0.0,18.0,True,20260903
ORD-0004064,2026-08-19,淘宝/天猫,occasional_buyer,paid,delivered,78.0,0.0,0.0,78.0,True,20260903
ORD-0004065,2026-08-17,直播间,occasional_buyer,paid,shipped,128.0,12.8,0.0,115.2,True,20260903
ORD-0004066,2026-07-12,官方商城,core_buyer,paid,delivered,99.0,4.95,8.0,102.05,True,20260903
ORD-0004067,2026-06-05,淘宝/天猫,core_buyer,paid,delivered,99.0,0.0,0.0,99.0,True,20260903
ORD-0004068,2026-08-13,淘宝/天猫,potential_buyer,paid,delivered,227.0,11.35,0.0,215.65,True,20260903
ORD-0004069,2026-07-20,线下展会或快闪店,core_buyer,paid,delivered,287.0,8.9,0.0,278.1,True,20260903
ORD-0004070,2026-06-21,B站会员购,occasional_buyer,paid,delivered,18.0,0.0,0.0,18.0,True,20260903
ORD-0004071,2026-08-24,官方商城,occasional_buyer,paid,delivered,39.0,1.95,8.0,45.05,True,20260903
ORD-0004072,2026-07-09,淘宝/天猫,occasional_buyer,paid,delivered,747.0,0.0,0.0,747.0,True,20260903
ORD-0004073,2026-06-03,淘宝/天猫,occasional_buyer,cancelled,cancelled,176.0,2.4,0.0,0.0,True,20260903
ORD-0004074,2026-08-04,线下展会或快闪店,core_buyer,paid,delivered,699.0,0.0,0.0,699.0,True,20260903
ORD-0004075,2026-06-23,线下展会或快闪店,occasional_buyer,paid,delivered,756.0,1.95,0.0,754.05,True,20260903
ORD-0004076,2026-08-03,淘宝/天猫,occasional_buyer,paid,delivered,89.0,13.35,12.0,87.65,True,20260903
ORD-0004077,2026-08-01,淘宝/天猫,occasional_buyer,paid,delivered,128.0,19.2,0.0,108.8,True,20260903
ORD-0004078,2026-07-22,官方商城,occasional_buyer,paid,delivered,57.0,0.0,8.0,65.0,True,20260903
ORD-0004079,2026-08-28,官方商城,core_buyer,paid,delivered,128.0,6.4,0.0,121.6,True,20260903
ORD-0004080,2026-06-22,线下展会或快闪店,occasional_buyer,paid,delivered,747.0,109.65,0.0,637.35,True,20260903
ORD-0004081,2026-06-18,淘宝/天猫,core_buyer,paid,delivered,147.0,9.9,0.0,137.1,True,20260903
ORD-0004082,2026-08-03,二手平台,core_buyer,paid,delivered,128.0,0.0,0.0,128.0,True,20260903
ORD-0004083,2026-06-16,淘宝/天猫,core_buyer,paid,delivered,39.0,3.9,0.0,35.1,True,20260903
ORD-0004084,2026-07-25,官方商城,core_buyer,paid,delivered,18.0,0.0,10.0,28.0,True,20260903
ORD-0004085,2026-06-17,线下展会或快闪店,core_buyer,cancelled,cancelled,66.0,3.3,12.0,0.0,True,20260903
ORD-0004086,2026-06-16,B站会员购,potential_buyer,paid,delivered,48.0,0.0,10.0,58.0,True,20260903
ORD-0004087,2026-06-25,官方商城,occasional_buyer,paid,delivered,827.0,76.3,0.0,750.7,True,20260903
ORD-0004088,2026-07-27,官方商城,occasional_buyer,paid,delivered,36.0,0.0,8.0,44.0,True,20260903
ORD-0004089,2026-06-21,官方商城,occasional_buyer,paid,delivered,146.0,0.0,0.0,146.0,True,20260903
ORD-0004090,2026-06-18,直播间,core_buyer,paid,delivered,89.0,0.0,8.0,97.0,True,20260903
ORD-0004091,2026-06-22,二手平台,potential_buyer,paid,delivered,89.0,8.9,0.0,80.1,True,20260903
ORD-0004092,2026-07-10,线下展会或快闪店,core_buyer,paid,delivered,128.0,0.0,0.0,128.0,True,20260903
ORD-0004093,2026-07-22,B站会员购,core_buyer,paid,delivered,128.0,0.0,0.0,128.0,True,20260903
ORD-0004094,2026-06-22,B站会员购,potential_buyer,paid,delivered,39.0,0.0,8.0,47.0,True,20260903
ORD-0004095,2026-07-24,淘宝/天猫,occasional_buyer,paid,delivered,18.0,0.0,8.0,26.0,True,20260903
ORD-0004096,2026-06-16,官方商城,core_buyer,paid,delivered,48.0,7.2,12.0,52.8,True,20260903
ORD-0004097,2026-08-26,淘宝/天猫,core_buyer,paid,delivered,146.0,6.4,0.0,139.6,True,20260903
ORD-0004098,2026-07-26,B站会员购,occasional_buyer,paid,shipped,245.0,0.0,0.0,245.0,True,20260903
ORD-0004099,2026-06-17,线下展会或快闪店,core_buyer,paid,delivered,48.0,0.0,0.0,48.0,True,20260903
ORD-0004100,2026-08-04,二手平台,occasional_buyer,paid,delivered,395.0,26.7,0.0,368.3,True,20260903
ORD-0004101,2026-06-19,官方商城,occasional_buyer,paid,delivered,178.0,17.8,0.0,160.2,True,20260903
ORD-0004102,2026-06-13,淘宝/天猫,occasional_buyer,paid,delivered,48.0,0.0,8.0,56.0,True,20260903
ORD-0004103,2026-08-20,B站会员购,core_buyer,paid,delivered,89.0,4.45,0.0,84.55,True,20260903
ORD-0004104,2026-08-25,淘宝/天猫,core_buyer,paid,delivered,39.0,3.9,8.0,43.1,True,20260903
ORD-0004105,2026-08-04,官方商城,occasional_buyer,paid,delivered,105.0,3.75,0.0,101.25,True,20260903
ORD-0004106,2026-08-07,线下展会或快闪店,occasional_buyer,paid,delivered,128.0,12.8,0.0,115.2,True,20260903
ORD-0004107,2026-08-04,线下展会或快闪店,potential_buyer,paid,delivered,39.0,0.0,10.0,49.0,True,20260903
ORD-0004108,2026-07-17,B站会员购,occasional_buyer,paid,delivered,128.0,0.0,0.0,128.0,True,20260903
ORD-0004109,2026-06-13,淘宝/天猫,core_buyer,paid,delivered,178.0,8.9,0.0,169.1,True,20260903
ORD-0004110,2026-07-15,B站会员购,core_buyer,paid,delivered,89.0,0.0,0.0,89.0,True,20260903
ORD-0004111,2026-06-19,直播间,potential_buyer,paid,delivered,18.0,1.8,10.0,26.2,True,20260903
ORD-0004112,2026-08-17,官方商城,occasional_buyer,paid,pending,128.0,0.0,0.0,128.0,True,20260903
ORD-0004113,2026-07-02,官方商城,occasional_buyer,cancelled,cancelled,39.0,0.0,0.0,0.0,True,20260903
ORD-0004114,2026-06-19,B站会员购,core_buyer,paid,delivered,36.0,0.0,0.0,36.0,True,20260903
ORD-0004115,2026-06-20,B站会员购,core_buyer,paid,delivered,227.0,4.95,0.0,222.05,True,20260903
ORD-0004116,2026-07-31,线下展会或快闪店,occasional_buyer,paid,delivered,1437.0,0.0,0.0,1437.0,True,20260903
ORD-0004117,2026-08-11,线下展会或快闪店,occasional_buyer,paid,delivered,99.0,0.0,0.0,99.0,True,20260903
ORD-0004118,2026-08-04,B站会员购,core_buyer,paid,delivered,699.0,0.0,0.0,699.0,True,20260903
ORD-0004119,2026-08-02,线下展会或快闪店,occasional_buyer,paid,delivered,36.0,3.6,12.0,44.4,True,20260903
ORD-0004120,2026-07-08,线下展会或快闪店,occasional_buyer,paid,shipped,699.0,34.95,0.0,664.05,True,20260903
ORD-0004121,2026-08-13,官方商城,core_buyer,paid,delivered,18.0,1.8,10.0,26.2,True,20260903
ORD-0004122,2026-08-01,官方商城,occasional_buyer,paid,delivered,48.0,0.0,12.0,60.0,True,20260903
ORD-0004123,2026-06-13,淘宝/天猫,occasional_buyer,paid,delivered,128.0,6.4,0.0,121.6,True,20260903
ORD-0004124,2026-07-02,B站会员购,occasional_buyer,paid,delivered,18.0,0.0,0.0,18.0,True,20260903
ORD-0004125,2026-07-30,官方商城,occasional_buyer,paid,delivered,99.0,0.0,0.0,99.0,True,20260903
ORD-0004126,2026-08-06,线下展会或快闪店,potential_buyer,paid,delivered,99.0,0.0,0.0,99.0,True,20260903
ORD-0004127,2026-06-05,B站会员购,core_buyer,paid,delivered,227.0,12.8,0.0,214.2,True,20260903
ORD-0004128,2026-08-03,淘宝/天猫,potential_buyer,paid,delivered,87.0,0.0,8.0,95.0,True,20260903
ORD-0004129,2026-06-01,淘宝/天猫,potential_buyer,cancelled,cancelled,18.0,0.0,8.0,0.0,True,20260903
ORD-0004130,2026-06-15,淘宝/天猫,core_buyer,paid,delivered,99.0,0.0,0.0,99.0,True,20260903
ORD-0004131,2026-08-04,线下展会或快闪店,potential_buyer,paid,delivered,39.0,3.9,0.0,35.1,True,20260903
ORD-0004132,2026-08-24,二手平台,occasional_buyer,paid,delivered,256.0,25.6,0.0,230.4,True,20260903
ORD-0004133,2026-07-14,淘宝/天猫,core_buyer,paid,delivered,275.0,16.3,0.0,258.7,True,20260903
ORD-0004134,2026-08-07,淘宝/天猫,occasional_buyer,paid,delivered,36.0,0.0,8.0,44.0,True,20260903
ORD-0004135,2026-08-06,B站会员购,potential_buyer,paid,delivered,96.0,0.0,0.0,96.0,True,20260903
ORD-0004136,2026-08-05,官方商城,core_buyer,paid,delivered,699.0,0.0,0.0,699.0,True,20260903
ORD-0004137,2026-08-22,淘宝/天猫,core_buyer,paid,delivered,99.0,9.9,12.0,101.1,True,20260903
ORD-0004138,2026-08-16,线下展会或快闪店,core_buyer,paid,delivered,89.0,0.0,10.0,99.0,True,20260903
ORD-0004139,2026-06-19,线下展会或快闪店,potential_buyer,paid,delivered,48.0,4.8,10.0,53.2,True,20260903
ORD-0004140,2026-08-17,二手平台,core_buyer,paid,delivered,699.0,34.95,0.0,664.05,True,20260903
ORD-0004141,2026-06-17,官方商城,core_buyer,paid,delivered,128.0,0.0,0.0,128.0,True,20260903
ORD-0004142,2026-06-16,B站会员购,occasional_buyer,paid,delivered,39.0,0.0,8.0,47.0,True,20260903
ORD-0004143,2026-06-15,B站会员购,core_buyer,paid,delivered,99.0,4.95,8.0,102.05,True,20260903
ORD-0004144,2026-08-23,官方商城,core_buyer,paid,delivered,89.0,0.0,10.0,99.0,True,20260903
ORD-0004145,2026-08-03,淘宝/天猫,occasional_buyer,cancelled,cancelled,699.0,0.0,0.0,0.0,True,20260903
ORD-0004146,2026-06-18,B站会员购,occasional_buyer,paid,delivered,96.0,4.8,8.0,99.2,True,20260903
ORD-0004147,2026-07-06,二手平台,occasional_buyer,paid,delivered,128.0,6.4,0.0,121.6,True,20260903
ORD-0004148,2026-06-19,B站会员购,occasional_buyer,paid,delivered,99.0,0.0,0.0,99.0,True,20260903
ORD-0004149,2026-08-15,淘宝/天猫,potential_buyer,paid,delivered,699.0,34.95,0.0,664.05,True,20260903
ORD-0004150,2026-06-27,官方商城,occasional_buyer,paid,delivered,78.0,0.0,8.0,86.0,True,20260903
ORD-0004151,2026-08-04,官方商城,occasional_buyer,paid,delivered,128.0,0.0,0.0,128.0,True,20260903
ORD-0004152,2026-08-02,B站会员购,occasional_buyer,paid,delivered,99.0,4.95,8.0,102.05,True,20260903
ORD-0004153,2026-08-08,官方商城,occasional_buyer,paid,delivered,39.0,1.95,8.0,45.05,True,20260903
ORD-0004154,2026-06-24,官方商城,potential_buyer,paid,delivered,877.0,8.9,0.0,868.1,True,20260903
ORD-0004155,2026-06-14,B站会员购,core_buyer,paid,delivered,99.0,0.0,0.0,99.0,True,20260903
ORD-0004156,2026-06-03,B站会员购,potential_buyer,paid,delivered,39.0,3.9,8.0,43.1,True,20260903
ORD-0004157,2026-06-26,官方商城,core_buyer,paid,delivered,227.0,9.9,0.0,217.1,True,20260903
ORD-0004158,2026-06-17,B站会员购,occasional_buyer,paid,delivered,89.0,0.0,10.0,99.0,True,20260903
ORD-0004159,2026-07-05,淘宝/天猫,core_buyer,paid,delivered,78.0,0.0,0.0,78.0,True,20260903
ORD-0004160,2026-06-17,官方商城,potential_buyer,paid,delivered,78.0,3.9,8.0,82.1,True,20260903
ORD-0004161,2026-07-23,淘宝/天猫,occasional_buyer,paid,delivered,699.0,34.95,0.0,664.05,True,20260903
ORD-0004162,2026-07-16,淘宝/天猫,occasional_buyer,paid,delivered,89.0,8.9,8.0,88.1,True,20260903
ORD-0004163,2026-07-27,B站会员购,core_buyer,paid,delivered,128.0,6.4,0.0,121.6,True,20260903
ORD-0004164,2026-07-20,淘宝/天猫,core_buyer,paid,delivered,216.0,0.0,0.0,216.0,True,20260903
ORD-0004165,2026-08-04,官方商城,core_buyer,paid,delivered,827.0,6.4,0.0,820.6,True,20260903
ORD-0004166,2026-06-26,线下展会或快闪店,core_buyer,paid,delivered,128.0,8.9,0.0,119.1,True,20260903
ORD-0004167,2026-06-13,线下展会或快闪店,core_buyer,cancelled,cancelled,48.0,2.4,10.0,0.0,True,20260903
ORD-0004168,2026-07-02,线下展会或快闪店,core_buyer,paid,delivered,89.0,0.0,0.0,89.0,True,20260903
ORD-0004169,2026-06-24,淘宝/天猫,occasional_buyer,paid,delivered,89.0,0.0,0.0,89.0,True,20260903
ORD-0004170,2026-07-15,B站会员购,core_buyer,paid,delivered,198.0,0.0,0.0,198.0,True,20260903
ORD-0004171,2026-06-20,线下展会或快闪店,occasional_buyer,paid,delivered,827.0,0.0,0.0,827.0,True,20260903
ORD-0004172,2026-06-10,B站会员购,occasional_buyer,paid,pending,788.0,34.95,0.0,753.05,True,20260903
ORD-0004173,2026-08-02,官方商城,core_buyer,paid,delivered,128.0,0.0,0.0,128.0,True,20260903
ORD-0004174,2026-07-04,淘宝/天猫,core_buyer,paid,delivered,277.0,4.95,0.0,272.05,True,20260903
ORD-0004175,2026-07-23,官方商城,core_buyer,paid,delivered,128.0,6.4,0.0,121.6,True,20260903
ORD-0004176,2026-08-01,B站会员购,occasional_buyer,paid,delivered,699.0,104.85,0.0,594.15,True,20260903
ORD-0004177,2026-06-06,淘宝/天猫,core_buyer,paid,delivered,39.0,0.0,8.0,47.0,True,20260903
ORD-0004178,2026-06-15,官方商城,core_buyer,paid,delivered,48.0,0.0,8.0,56.0,True,20260903
ORD-0004179,2026-08-06,B站会员购,occasional_buyer,paid,delivered,39.0,0.0,0.0,39.0,True,20260903
ORD-0004180,2026-06-27,淘宝/天猫,occasional_buyer,paid,delivered,18.0,1.8,0.0,16.2,True,20260903
ORD-0004181,2026-07-01,官方商城,occasional_buyer,paid,delivered,699.0,34.95,0.0,664.05,True,20260903
ORD-0004182,2026-06-17,其他,occasional_buyer,paid,delivered,147.0,4.8,0.0,142.2,True,20260903
ORD-0004183,2026-08-10,官方商城,core_buyer,paid,delivered,1398.0,0.0,0.0,1398.0,True,20260903
ORD-0004184,2026-06-10,B站会员购,core_buyer,paid,pending,48.0,0.0,0.0,48.0,True,20260903
ORD-0004185,2026-06-08,直播间,core_buyer,paid,delivered,128.0,12.8,0.0,115.2,True,20260903
ORD-0004186,2026-07-01,淘宝/天猫,core_buyer,paid,delivered,89.0,8.9,8.0,88.1,True,20260903
ORD-0004187,2026-07-19,淘宝/天猫,occasional_buyer,paid,pending,96.0,0.0,10.0,106.0,True,20260903
ORD-0004188,2026-07-04,淘宝/天猫,core_buyer,paid,delivered,48.0,4.8,8.0,51.2,True,20260903
ORD-0004189,2026-06-22,淘宝/天猫,core_buyer,paid,delivered,18.0,0.0,10.0,28.0,True,20260903
ORD-0004190,2026-08-26,官方商城,potential_buyer,paid,delivered,99.0,0.0,0.0,99.0,True,20260903
ORD-0004191,2026-07-06,直播间,core_buyer,paid,delivered,128.0,0.0,0.0,128.0,True,20260903
ORD-0004192,2026-06-02,线下展会或快闪店,occasional_buyer,paid,delivered,717.0,0.9,0.0,716.1,True,20260903
ORD-0004193,2026-06-13,淘宝/天猫,potential_buyer,paid,delivered,66.0,0.9,8.0,73.1,True,20260903
ORD-0004194,2026-07-08,线下展会或快闪店,occasional_buyer,paid,delivered,89.0,4.45,0.0,84.55,True,20260903
ORD-0004195,2026-08-08,淘宝/天猫,occasional_buyer,paid,delivered,39.0,5.85,0.0,33.15,True,20260903
ORD-0004196,2026-06-25,线下展会或快闪店,core_buyer,paid,delivered,48.0,2.4,10.0,55.6,True,20260903
ORD-0004197,2026-06-04,B站会员购,core_buyer,paid,delivered,117.0,11.7,0.0,105.3,True,20260903
ORD-0004198,2026-06-23,淘宝/天猫,core_buyer,paid,delivered,699.0,0.0,0.0,699.0,True,20260903
ORD-0004199,2026-06-18,淘宝/天猫,occasional_buyer,paid,delivered,176.0,8.35,0.0,167.65,True,20260903
ORD-0004200,2026-06-24,淘宝/天猫,potential_buyer,paid,delivered,99.0,0.0,0.0,99.0,True,20260903
ORD-0004201,2026-07-06,线下展会或快闪店,potential_buyer,paid,shipped,48.0,2.4,10.0,55.6,True,20260903
ORD-0004202,2026-07-28,淘宝/天猫,core_buyer,paid,delivered,99.0,0.0,0.0,99.0,True,20260903
ORD-0004203,2026-06-21,线下展会或快闪店,core_buyer,paid,delivered,117.0,0.0,0.0,117.0,True,20260903
ORD-0004204,2026-07-11,淘宝/天猫,occasional_buyer,paid,delivered,795.0,0.0,0.0,795.0,True,20260903
ORD-0004205,2026-06-12,官方商城,core_buyer,paid,delivered,699.0,34.95,0.0,664.05,True,20260903
ORD-0004206,2026-06-28,B站会员购,occasional_buyer,paid,delivered,117.0,0.9,0.0,116.1,True,20260903
ORD-0004207,2026-06-24,淘宝/天猫,potential_buyer,paid,delivered,54.0,0.0,0.0,54.0,True,20260903
ORD-0004208,2026-06-04,淘宝/天猫,potential_buyer,paid,delivered,699.0,34.95,0.0,664.05,True,20260903
ORD-0004209,2026-06-09,淘宝/天猫,potential_buyer,paid,delivered,99.0,4.95,0.0,94.05,True,20260903
ORD-0004210,2026-08-03,线下展会或快闪店,core_buyer,paid,delivered,217.0,0.0,0.0,217.0,True,20260903
ORD-0004211,2026-08-04,官方商城,occasional_buyer,paid,delivered,18.0,0.9,0.0,17.1,True,20260903
ORD-0004212,2026-07-02,B站会员购,occasional_buyer,paid,delivered,89.0,0.0,10.0,99.0,True,20260903
ORD-0004213,2026-07-24,线下展会或快闪店,potential_buyer,paid,delivered,18.0,0.0,12.0,30.0,True,20260903
ORD-0004214,2026-08-08,淘宝/天猫,core_buyer,paid,delivered,89.0,0.0,12.0,101.0,True,20260903
ORD-0004215,2026-07-23,淘宝/天猫,potential_buyer,paid,delivered,89.0,0.0,8.0,97.0,True,20260903
ORD-0004216,2026-07-16,淘宝/天猫,occasional_buyer,paid,delivered,1398.0,0.0,0.0,1398.0,True,20260903
ORD-0004217,2026-07-31,淘宝/天猫,occasional_buyer,paid,delivered,89.0,4.45,8.0,92.55,True,20260903
ORD-0004218,2026-08-06,官方商城,occasional_buyer,paid,delivered,18.0,0.0,12.0,30.0,True,20260903
ORD-0004219,2026-06-13,淘宝/天猫,occasional_buyer,paid,delivered,89.0,8.9,8.0,88.1,True,20260903
ORD-0004220,2026-06-22,其他,occasional_buyer,paid,delivered,89.0,0.0,0.0,89.0,True,20260903
ORD-0004221,2026-08-06,官方商城,occasional_buyer,paid,delivered,699.0,69.9,0.0,629.1,True,20260903
ORD-0004222,2026-06-21,官方商城,core_buyer,paid,delivered,48.0,0.0,8.0,56.0,True,20260903
ORD-0004223,2026-07-25,B站会员购,occasional_buyer,paid,delivered,128.0,0.0,0.0,128.0,True,20260903
ORD-0004224,2026-07-03,淘宝/天猫,occasional_buyer,paid,delivered,146.0,0.0,0.0,146.0,True,20260903
ORD-0004225,2026-07-25,淘宝/天猫,core_buyer,paid,delivered,18.0,1.8,0.0,16.2,True,20260903
ORD-0004226,2026-08-20,B站会员购,occasional_buyer,paid,delivered,18.0,0.0,8.0,26.0,True,20260903
ORD-0004227,2026-08-25,淘宝/天猫,potential_buyer,paid,delivered,39.0,1.95,8.0,45.05,True,20260903
ORD-0004228,2026-06-08,其他,core_buyer,paid,delivered,146.0,0.0,0.0,146.0,True,20260903
ORD-0004229,2026-06-14,淘宝/天猫,occasional_buyer,paid,delivered,18.0,0.0,8.0,26.0,True,20260903
ORD-0004230,2026-07-17,官方商城,occasional_buyer,paid,shipped,99.0,0.0,0.0,99.0,True,20260903
ORD-0004231,2026-07-04,B站会员购,core_buyer,paid,delivered,156.0,1.95,0.0,154.05,True,20260903
ORD-0004232,2026-06-05,直播间,occasional_buyer,paid,delivered,99.0,4.95,8.0,102.05,True,20260903
ORD-0004233,2026-08-11,B站会员购,occasional_buyer,paid,delivered,188.0,0.0,0.0,188.0,True,20260903
ORD-0004234,2026-07-23,官方商城,core_buyer,paid,shipped,48.0,0.0,8.0,56.0,True,20260903
ORD-0004235,2026-06-12,B站会员购,core_buyer,paid,delivered,48.0,2.4,0.0,45.6,True,20260903
ORD-0004236,2026-06-20,官方商城,core_buyer,paid,delivered,798.0,69.9,0.0,728.1,True,20260903
ORD-0004237,2026-08-17,淘宝/天猫,occasional_buyer,paid,delivered,99.0,0.0,0.0,99.0,True,20260903
ORD-0004238,2026-07-03,淘宝/天猫,core_buyer,paid,delivered,738.0,0.0,0.0,738.0,True,20260903
ORD-0004239,2026-07-19,B站会员购,core_buyer,cancelled,cancelled,128.0,6.4,0.0,0.0,True,20260903
ORD-0004240,2026-07-01,淘宝/天猫,core_buyer,paid,delivered,99.0,0.0,0.0,99.0,True,20260903
ORD-0004241,2026-06-27,线下展会或快闪店,core_buyer,paid,delivered,36.0,3.6,10.0,42.4,True,20260903
ORD-0004242,2026-08-25,淘宝/天猫,occasional_buyer,paid,delivered,89.0,4.45,0.0,84.55,True,20260903
ORD-0004243,2026-06-29,B站会员购,core_buyer,paid,delivered,89.0,0.0,0.0,89.0,True,20260903
ORD-0004244,2026-08-23,淘宝/天猫,occasional_buyer,paid,delivered,198.0,0.0,0.0,198.0,True,20260903
ORD-0004245,2026-07-16,B站会员购,core_buyer,paid,delivered,89.0,0.0,12.0,101.0,True,20260903
ORD-0004246,2026-08-12,B站会员购,occasional_buyer,paid,delivered,198.0,19.8,0.0,178.2,True,20260903
ORD-0004247,2026-07-27,官方商城,occasional_buyer,paid,shipped,137.0,4.45,0.0,132.55,True,20260903
ORD-0004248,2026-06-16,官方商城,occasional_buyer,paid,delivered,138.0,0.0,0.0,138.0,True,20260903
ORD-0004249,2026-06-03,官方商城,core_buyer,paid,delivered,89.0,13.35,10.0,85.65,True,20260903
ORD-0004250,2026-06-20,B站会员购,potential_buyer,paid,delivered,48.0,0.0,8.0,56.0,True,20260903
ORD-0004251,2026-07-28,淘宝/天猫,potential_buyer,paid,delivered,227.0,6.4,0.0,220.6,True,20260903
ORD-0004252,2026-06-22,官方商城,occasional_buyer,paid,delivered,107.0,0.0,0.0,107.0,True,20260903
ORD-0004253,2026-08-09,淘宝/天猫,potential_buyer,paid,delivered,89.0,0.0,10.0,99.0,True,20260903
ORD-0004254,2026-06-26,官方商城,occasional_buyer,paid,delivered,48.0,2.4,10.0,55.6,True,20260903
ORD-0004255,2026-06-13,淘宝/天猫,occasional_buyer,paid,pending,39.0,0.0,10.0,49.0,True,20260903
ORD-0004256,2026-08-19,B站会员购,core_buyer,paid,delivered,18.0,0.9,12.0,29.1,True,20260903
ORD-0004257,2026-06-19,淘宝/天猫,occasional_buyer,paid,delivered,226.0,0.0,0.0,226.0,True,20260903
ORD-0004258,2026-06-19,淘宝/天猫,occasional_buyer,paid,delivered,48.0,0.0,12.0,60.0,True,20260903
ORD-0004259,2026-08-09,B站会员购,occasional_buyer,paid,delivered,89.0,0.0,0.0,89.0,True,20260903
ORD-0004260,2026-06-28,淘宝/天猫,occasional_buyer,paid,shipped,264.0,4.8,0.0,259.2,True,20260903
ORD-0004261,2026-07-10,淘宝/天猫,core_buyer,paid,delivered,48.0,7.2,8.0,48.8,True,20260903
ORD-0004262,2026-06-05,官方商城,occasional_buyer,paid,delivered,128.0,0.0,0.0,128.0,True,20260903
ORD-0004263,2026-07-10,直播间,potential_buyer,paid,delivered,39.0,0.0,10.0,49.0,True,20260903
ORD-0004264,2026-08-16,B站会员购,core_buyer,paid,delivered,18.0,0.0,8.0,26.0,True,20260903
ORD-0004265,2026-07-25,淘宝/天猫,potential_buyer,paid,delivered,48.0,0.0,0.0,48.0,True,20260903
ORD-0004266,2026-07-25,淘宝/天猫,occasional_buyer,paid,delivered,39.0,0.0,0.0,39.0,True,20260903
ORD-0004267,2026-06-21,官方商城,core_buyer,paid,delivered,128.0,6.4,0.0,121.6,True,20260903
ORD-0004268,2026-07-19,B站会员购,core_buyer,paid,delivered,699.0,0.0,0.0,699.0,True,20260903
ORD-0004269,2026-06-28,淘宝/天猫,occasional_buyer,paid,delivered,89.0,8.9,12.0,92.1,True,20260903
ORD-0004270,2026-06-19,官方商城,core_buyer,paid,delivered,18.0,0.0,10.0,28.0,True,20260903
ORD-0004271,2026-06-04,官方商城,occasional_buyer,paid,delivered,735.0,71.7,0.0,663.3,True,20260903
ORD-0004272,2026-08-14,B站会员购,core_buyer,paid,delivered,89.0,0.0,8.0,97.0,True,20260903
ORD-0004273,2026-07-24,二手平台,core_buyer,paid,delivered,57.0,0.0,8.0,65.0,True,20260903
ORD-0004274,2026-06-04,淘宝/天猫,potential_buyer,cancelled,cancelled,304.0,30.4,0.0,0.0,True,20260903
ORD-0004275,2026-08-08,淘宝/天猫,core_buyer,paid,delivered,128.0,6.4,0.0,121.6,True,20260903
ORD-0004276,2026-07-22,淘宝/天猫,occasional_buyer,paid,delivered,66.0,0.9,8.0,73.1,True,20260903
ORD-0004277,2026-06-23,官方商城,core_buyer,cancelled,cancelled,99.0,0.0,0.0,0.0,True,20260903
ORD-0004278,2026-06-26,B站会员购,occasional_buyer,paid,delivered,167.0,0.0,0.0,167.0,True,20260903
ORD-0004279,2026-07-18,其他,occasional_buyer,paid,delivered,114.0,0.0,0.0,114.0,True,20260903
ORD-0004280,2026-08-13,官方商城,occasional_buyer,paid,delivered,777.0,69.9,0.0,707.1,True,20260903
ORD-0004281,2026-07-10,线下展会或快闪店,core_buyer,paid,delivered,18.0,1.8,0.0,16.2,True,20260903
ORD-0004282,2026-06-16,淘宝/天猫,core_buyer,paid,delivered,128.0,0.0,0.0,128.0,True,20260903
ORD-0004283,2026-06-10,线下展会或快闪店,potential_buyer,paid,delivered,18.0,1.8,12.0,28.2,True,20260903
ORD-0004284,2026-08-06,B站会员购,core_buyer,paid,delivered,717.0,70.8,0.0,646.2,True,20260903
ORD-0004285,2026-06-17,淘宝/天猫,core_buyer,paid,delivered,188.0,4.45,0.0,183.55,True,20260903
ORD-0004286,2026-06-29,其他,core_buyer,paid,delivered,267.0,0.0,0.0,267.0,True,20260903
ORD-0004287,2026-07-05,官方商城,occasional_buyer,paid,shipped,89.0,0.0,8.0,97.0,True,20260903
ORD-0004288,2026-06-19,B站会员购,occasional_buyer,paid,delivered,128.0,1.95,0.0,126.05,True,20260903
ORD-0004289,2026-07-27,官方商城,core_buyer,paid,delivered,128.0,0.0,0.0,128.0,True,20260903
ORD-0004290,2026-07-31,其他,occasional_buyer,paid,delivered,48.0,4.8,8.0,51.2,True,20260903
ORD-0004291,2026-06-19,淘宝/天猫,occasional_buyer,paid,delivered,89.0,0.0,10.0,99.0,True,20260903
ORD-0004292,2026-07-18,淘宝/天猫,occasional_buyer,paid,delivered,798.0,4.95,0.0,793.05,True,20260903
ORD-0004293,2026-06-06,B站会员购,potential_buyer,paid,delivered,89.0,0.0,0.0,89.0,True,20260903
ORD-0004294,2026-07-28,B站会员购,core_buyer,cancelled,cancelled,48.0,0.0,10.0,0.0,True,20260903
ORD-0004295,2026-06-14,淘宝/天猫,occasional_buyer,paid,shipped,89.0,0.0,0.0,89.0,True,20260903
ORD-0004296,2026-08-12,二手平台,occasional_buyer,paid,delivered,699.0,0.0,0.0,699.0,True,20260903
ORD-0004297,2026-07-03,线下展会或快闪店,occasional_buyer,paid,delivered,99.0,9.9,8.0,97.1,True,20260903
ORD-0004298,2026-07-27,官方商城,occasional_buyer,paid,delivered,48.0,2.4,10.0,55.6,True,20260903
ORD-0004299,2026-06-18,其他,occasional_buyer,paid,delivered,48.0,2.4,0.0,45.6,True,20260903
ORD-0004300,2026-08-20,官方商城,occasional_buyer,paid,delivered,99.0,9.9,12.0,101.1,True,20260903
ORD-0004301,2026-07-28,官方商城,occasional_buyer,paid,delivered,89.0,0.0,0.0,89.0,True,20260903
ORD-0004302,2026-08-12,淘宝/天猫,core_buyer,paid,delivered,48.0,0.0,8.0,56.0,True,20260903
ORD-0004303,2026-06-10,官方商城,occasional_buyer,paid,delivered,699.0,69.9,0.0,629.1,True,20260903
ORD-0004304,2026-06-15,B站会员购,potential_buyer,paid,delivered,39.0,0.0,12.0,51.0,True,20260903
ORD-0004305,2026-06-23,淘宝/天猫,core_buyer,paid,delivered,89.0,0.0,8.0,97.0,True,20260903
ORD-0004306,2026-07-30,B站会员购,core_buyer,paid,delivered,198.0,9.9,0.0,188.1,True,20260903
ORD-0004307,2026-07-30,官方商城,core_buyer,paid,delivered,18.0,0.9,0.0,17.1,True,20260903
ORD-0004308,2026-06-16,官方商城,occasional_buyer,paid,delivered,18.0,0.0,0.0,18.0,True,20260903
ORD-0004309,2026-08-13,官方商城,core_buyer,cancelled,cancelled,188.0,18.8,0.0,0.0,True,20260903
ORD-0004310,2026-08-07,淘宝/天猫,occasional_buyer,paid,delivered,48.0,0.0,0.0,48.0,True,20260903
ORD-0004311,2026-08-17,B站会员购,potential_buyer,paid,delivered,137.0,8.9,0.0,128.1,True,20260903
ORD-0004312,2026-07-10,B站会员购,occasional_buyer,paid,shipped,827.0,34.95,0.0,792.05,True,20260903
ORD-0004313,2026-06-21,线下展会或快闪店,occasional_buyer,paid,delivered,48.0,4.8,8.0,51.2,True,20260903
ORD-0004314,2026-08-05,线下展会或快闪店,potential_buyer,paid,delivered,99.0,4.95,0.0,94.05,True,20260903
ORD-0004315,2026-08-12,线下展会或快闪店,core_buyer,paid,delivered,89.0,0.0,10.0,99.0,True,20260903
ORD-0004316,2026-07-23,淘宝/天猫,occasional_buyer,paid,delivered,256.0,0.0,0.0,256.0,True,20260903
ORD-0004317,2026-07-20,线下展会或快闪店,occasional_buyer,paid,delivered,99.0,0.0,0.0,99.0,True,20260903
ORD-0004318,2026-07-22,官方商城,core_buyer,paid,delivered,99.0,4.95,0.0,94.05,True,20260903
ORD-0004319,2026-08-14,淘宝/天猫,potential_buyer,paid,delivered,89.0,13.35,10.0,85.65,True,20260903
ORD-0004320,2026-06-18,淘宝/天猫,core_buyer,paid,delivered,96.0,0.0,8.0,104.0,True,20260903
ORD-0004321,2026-06-17,淘宝/天猫,core_buyer,paid,delivered,99.0,0.0,0.0,99.0,True,20260903
ORD-0004322,2026-07-28,官方商城,potential_buyer,paid,delivered,198.0,0.0,0.0,198.0,True,20260903
ORD-0004323,2026-07-11,淘宝/天猫,core_buyer,paid,delivered,147.0,0.0,0.0,147.0,True,20260903
ORD-0004324,2026-06-20,线下展会或快闪店,occasional_buyer,paid,delivered,167.0,0.0,0.0,167.0,True,20260903
ORD-0004325,2026-06-17,线下展会或快闪店,potential_buyer,paid,delivered,18.0,0.0,8.0,26.0,True,20260903
ORD-0004326,2026-06-20,淘宝/天猫,occasional_buyer,paid,delivered,256.0,0.0,0.0,256.0,True,20260903
ORD-0004327,2026-06-24,B站会员购,core_buyer,paid,delivered,699.0,0.0,0.0,699.0,True,20260903
ORD-0004328,2026-06-20,B站会员购,occasional_buyer,paid,shipped,297.0,0.0,0.0,297.0,True,20260903
ORD-0004329,2026-08-27,B站会员购,core_buyer,paid,delivered,89.0,0.0,0.0,89.0,True,20260903
ORD-0004330,2026-07-18,B站会员购,potential_buyer,paid,delivered,18.0,1.8,0.0,16.2,True,20260903
ORD-0004331,2026-06-01,线下展会或快闪店,core_buyer,paid,delivered,99.0,0.0,0.0,99.0,True,20260903
ORD-0004332,2026-06-20,官方商城,core_buyer,cancelled,cancelled,99.0,0.0,0.0,0.0,True,20260903
ORD-0004333,2026-07-25,线下展会或快闪店,core_buyer,paid,delivered,188.0,23.75,0.0,164.25,True,20260903
ORD-0004334,2026-07-15,二手平台,occasional_buyer,paid,delivered,78.0,0.0,8.0,86.0,True,20260903
ORD-0004335,2026-06-27,官方商城,occasional_buyer,paid,delivered,146.0,7.3,0.0,138.7,True,20260903
ORD-0004336,2026-06-29,官方商城,core_buyer,paid,delivered,198.0,19.8,0.0,178.2,True,20260903
ORD-0004337,2026-06-27,淘宝/天猫,core_buyer,paid,delivered,99.0,4.95,0.0,94.05,True,20260903
ORD-0004338,2026-07-18,官方商城,potential_buyer,paid,delivered,18.0,1.8,0.0,16.2,True,20260903
ORD-0004339,2026-06-30,官方商城,core_buyer,paid,shipped,89.0,0.0,0.0,89.0,True,20260903
ORD-0004340,2026-07-28,官方商城,potential_buyer,paid,delivered,178.0,0.0,0.0,178.0,True,20260903
ORD-0004341,2026-08-26,淘宝/天猫,occasional_buyer,paid,delivered,128.0,0.0,0.0,128.0,True,20260903
ORD-0004342,2026-07-23,淘宝/天猫,core_buyer,paid,delivered,146.0,0.0,0.0,146.0,True,20260903
ORD-0004343,2026-07-14,线下展会或快闪店,occasional_buyer,paid,delivered,178.0,8.9,0.0,169.1,True,20260903
ORD-0004344,2026-07-19,淘宝/天猫,core_buyer,paid,delivered,99.0,9.9,12.0,101.1,True,20260903
ORD-0004345,2026-06-14,B站会员购,occasional_buyer,paid,delivered,1398.0,0.0,0.0,1398.0,True,20260903
ORD-0004346,2026-07-18,线下展会或快闪店,core_buyer,paid,delivered,89.0,8.9,0.0,80.1,True,20260903
ORD-0004347,2026-07-20,淘宝/天猫,core_buyer,paid,delivered,18.0,0.0,8.0,26.0,True,20260903
ORD-0004348,2026-07-28,二手平台,core_buyer,paid,delivered,297.0,14.85,0.0,282.15,True,20260903
ORD-0004349,2026-07-04,线下展会或快闪店,occasional_buyer,paid,delivered,99.0,9.9,10.0,99.1,True,20260903
ORD-0004350,2026-07-28,淘宝/天猫,occasional_buyer,paid,delivered,128.0,6.4,0.0,121.6,True,20260903
ORD-0004351,2026-07-30,淘宝/天猫,occasional_buyer,paid,delivered,39.0,1.95,8.0,45.05,True,20260903
ORD-0004352,2026-07-22,官方商城,core_buyer,paid,delivered,699.0,104.85,0.0,594.15,True,20260903
ORD-0004353,2026-08-08,官方商城,occasional_buyer,paid,delivered,39.0,1.95,0.0,37.05,True,20260903
ORD-0004354,2026-08-17,线下展会或快闪店,occasional_buyer,paid,delivered,36.0,1.8,10.0,44.2,True,20260903
ORD-0004355,2026-08-09,官方商城,occasional_buyer,paid,delivered,295.0,12.8,0.0,282.2,True,20260903
ORD-0004356,2026-08-05,淘宝/天猫,occasional_buyer,paid,delivered,176.0,8.8,0.0,167.2,True,20260903
ORD-0004357,2026-07-12,淘宝/天猫,core_buyer,paid,delivered,18.0,0.9,8.0,25.1,True,20260903
ORD-0004358,2026-07-27,官方商城,core_buyer,paid,delivered,176.0,17.6,0.0,158.4,True,20260903
ORD-0004359,2026-06-02,B站会员购,potential_buyer,paid,delivered,39.0,0.0,12.0,51.0,True,20260903
ORD-0004360,2026-08-08,淘宝/天猫,occasional_buyer,paid,delivered,78.0,7.8,12.0,82.2,True,20260903
ORD-0004361,2026-07-04,B站会员购,core_buyer,paid,delivered,178.0,0.0,0.0,178.0,True,20260903
ORD-0004362,2026-06-17,官方商城,occasional_buyer,paid,delivered,198.0,14.85,0.0,183.15,True,20260903
ORD-0004363,2026-06-09,淘宝/天猫,occasional_buyer,paid,delivered,128.0,0.0,0.0,128.0,True,20260903
ORD-0004364,2026-08-14,淘宝/天猫,core_buyer,paid,delivered,99.0,9.9,12.0,101.1,True,20260903
ORD-0004365,2026-08-10,淘宝/天猫,occasional_buyer,paid,delivered,89.0,8.9,8.0,88.1,True,20260903
ORD-0004366,2026-06-20,淘宝/天猫,occasional_buyer,paid,delivered,48.0,0.0,8.0,56.0,True,20260903
ORD-0004367,2026-07-05,淘宝/天猫,core_buyer,paid,delivered,99.0,0.0,0.0,99.0,True,20260903
ORD-0004368,2026-06-16,官方商城,core_buyer,paid,delivered,39.0,0.0,0.0,39.0,True,20260903
ORD-0004369,2026-07-10,B站会员购,occasional_buyer,paid,delivered,39.0,0.0,0.0,39.0,True,20260903
ORD-0004370,2026-06-06,官方商城,occasional_buyer,paid,delivered,99.0,0.0,0.0,99.0,True,20260903
ORD-0004371,2026-07-25,官方商城,core_buyer,paid,delivered,699.0,0.0,0.0,699.0,True,20260903
ORD-0004372,2026-07-28,B站会员购,occasional_buyer,paid,delivered,18.0,0.9,8.0,25.1,True,20260903
ORD-0004373,2026-08-07,淘宝/天猫,core_buyer,paid,delivered,128.0,0.0,0.0,128.0,True,20260903
ORD-0004374,2026-06-07,淘宝/天猫,core_buyer,paid,delivered,128.0,12.8,0.0,115.2,True,20260903
ORD-0004375,2026-08-05,二手平台,potential_buyer,paid,delivered,99.0,0.0,0.0,99.0,True,20260903
ORD-0004376,2026-07-03,二手平台,potential_buyer,paid,delivered,128.0,0.0,0.0,128.0,True,20260903
ORD-0004377,2026-07-22,线下展会或快闪店,potential_buyer,cancelled,cancelled,39.0,1.95,0.0,0.0,True,20260903
ORD-0004378,2026-06-07,官方商城,occasional_buyer,paid,delivered,87.0,0.0,8.0,95.0,True,20260903
ORD-0004379,2026-06-03,淘宝/天猫,core_buyer,paid,shipped,89.0,0.0,12.0,101.0,True,20260903
ORD-0004380,2026-07-30,线下展会或快闪店,occasional_buyer,paid,delivered,326.0,19.8,0.0,306.2,True,20260903
ORD-0004381,2026-07-02,二手平台,core_buyer,paid,delivered,18.0,0.9,0.0,17.1,True,20260903
ORD-0004382,2026-08-25,线下展会或快闪店,core_buyer,paid,delivered,99.0,4.95,0.0,94.05,True,20260903
ORD-0004383,2026-06-18,官方商城,occasional_buyer,paid,delivered,87.0,2.4,8.0,92.6,True,20260903
ORD-0004384,2026-07-04,B站会员购,occasional_buyer,paid,delivered,246.0,2.4,0.0,243.6,True,20260903
ORD-0004385,2026-08-03,B站会员购,core_buyer,paid,delivered,128.0,6.4,0.0,121.6,True,20260903
ORD-0004386,2026-07-11,官方商城,occasional_buyer,paid,delivered,18.0,0.0,8.0,26.0,True,20260903
ORD-0004387,2026-06-06,线下展会或快闪店,core_buyer,paid,delivered,87.0,6.75,0.0,80.25,True,20260903
ORD-0004388,2026-08-07,线下展会或快闪店,occasional_buyer,paid,delivered,18.0,0.0,12.0,30.0,True,20260903
ORD-0004389,2026-07-21,线下展会或快闪店,occasional_buyer,paid,delivered,146.0,0.9,0.0,145.1,True,20260903
ORD-0004390,2026-06-11,淘宝/天猫,core_buyer,paid,delivered,36.0,0.0,0.0,36.0,True,20260903
ORD-0004391,2026-07-23,线下展会或快闪店,occasional_buyer,paid,delivered,102.0,0.0,0.0,102.0,True,20260903
ORD-0004392,2026-07-15,线下展会或快闪店,core_buyer,paid,delivered,128.0,0.0,0.0,128.0,True,20260903
ORD-0004393,2026-06-16,淘宝/天猫,occasional_buyer,paid,delivered,699.0,34.95,0.0,664.05,True,20260903
ORD-0004394,2026-06-04,其他,occasional_buyer,paid,delivered,89.0,0.0,0.0,89.0,True,20260903
ORD-0004395,2026-07-18,其他,potential_buyer,paid,delivered,89.0,8.9,8.0,88.1,True,20260903
ORD-0004396,2026-07-06,线下展会或快闪店,potential_buyer,paid,delivered,18.0,0.0,12.0,30.0,True,20260903
ORD-0004397,2026-07-30,淘宝/天猫,core_buyer,paid,delivered,125.0,8.9,0.0,116.1,True,20260903
ORD-0004398,2026-06-11,线下展会或快闪店,occasional_buyer,paid,delivered,18.0,0.0,0.0,18.0,True,20260903
ORD-0004399,2026-06-24,线下展会或快闪店,core_buyer,paid,delivered,699.0,0.0,0.0,699.0,True,20260903
ORD-0004400,2026-07-22,淘宝/天猫,potential_buyer,paid,delivered,39.0,0.0,8.0,47.0,True,20260903
ORD-0004401,2026-07-23,二手平台,potential_buyer,paid,delivered,798.0,0.0,0.0,798.0,True,20260903
ORD-0004402,2026-08-15,线下展会或快闪店,core_buyer,paid,delivered,48.0,2.4,10.0,55.6,True,20260903
ORD-0004403,2026-08-21,线下展会或快闪店,core_buyer,paid,delivered,798.0,69.9,0.0,728.1,True,20260903
ORD-0004404,2026-08-08,官方商城,occasional_buyer,paid,delivered,39.0,3.9,12.0,47.1,True,20260903
ORD-0004405,2026-07-19,直播间,occasional_buyer,paid,delivered,1437.0,5.85,0.0,1431.15,True,20260903
ORD-0004406,2026-08-21,淘宝/天猫,occasional_buyer,paid,delivered,267.0,0.0,0.0,267.0,True,20260903
ORD-0004407,2026-06-26,线下展会或快闪店,core_buyer,paid,delivered,128.0,0.0,0.0,128.0,True,20260903
ORD-0004408,2026-07-08,淘宝/天猫,occasional_buyer,paid,delivered,48.0,0.0,12.0,60.0,True,20260903
ORD-0004409,2026-07-02,官方商城,core_buyer,paid,shipped,128.0,6.4,0.0,121.6,True,20260903
ORD-0004410,2026-08-01,B站会员购,potential_buyer,paid,delivered,99.0,4.95,0.0,94.05,True,20260903
ORD-0004411,2026-08-04,官方商城,core_buyer,paid,delivered,354.0,11.3,0.0,342.7,True,20260903
ORD-0004412,2026-06-10,淘宝/天猫,core_buyer,paid,delivered,99.0,0.0,0.0,99.0,True,20260903
ORD-0004413,2026-07-10,淘宝/天猫,core_buyer,paid,delivered,89.0,4.45,0.0,84.55,True,20260903
ORD-0004414,2026-06-17,B站会员购,core_buyer,paid,delivered,144.0,0.0,0.0,144.0,True,20260903
ORD-0004415,2026-07-30,线下展会或快闪店,core_buyer,paid,delivered,146.0,2.7,0.0,143.3,True,20260903
ORD-0004416,2026-07-30,官方商城,core_buyer,paid,delivered,128.0,12.8,0.0,115.2,True,20260903
ORD-0004417,2026-08-02,淘宝/天猫,core_buyer,paid,delivered,18.0,1.8,0.0,16.2,True,20260903
ORD-0004418,2026-08-17,官方商城,occasional_buyer,paid,delivered,89.0,8.9,0.0,80.1,True,20260903
ORD-0004419,2026-07-12,淘宝/天猫,occasional_buyer,paid,delivered,99.0,0.0,0.0,99.0,True,20260903
ORD-0004420,2026-07-22,B站会员购,occasional_buyer,paid,delivered,699.0,0.0,0.0,699.0,True,20260903
ORD-0004421,2026-07-29,直播间,core_buyer,cancelled,cancelled,89.0,0.0,10.0,0.0,True,20260903
ORD-0004422,2026-07-13,淘宝/天猫,potential_buyer,paid,delivered,699.0,34.95,0.0,664.05,True,20260903
ORD-0004423,2026-07-21,淘宝/天猫,core_buyer,paid,delivered,89.0,0.0,12.0,101.0,True,20260903
ORD-0004424,2026-07-30,淘宝/天猫,core_buyer,paid,delivered,699.0,0.0,0.0,699.0,True,20260903
ORD-0004425,2026-07-30,B站会员购,occasional_buyer,paid,delivered,39.0,0.0,10.0,49.0,True,20260903
ORD-0004426,2026-06-21,B站会员购,occasional_buyer,paid,delivered,128.0,12.8,0.0,115.2,True,20260903
ORD-0004427,2026-08-02,淘宝/天猫,occasional_buyer,paid,delivered,18.0,0.0,10.0,28.0,True,20260903
ORD-0004428,2026-08-11,直播间,occasional_buyer,paid,delivered,39.0,1.95,8.0,45.05,True,20260903
ORD-0004429,2026-07-03,直播间,core_buyer,paid,delivered,178.0,0.0,0.0,178.0,True,20260903
ORD-0004430,2026-06-26,B站会员购,occasional_buyer,paid,delivered,827.0,0.0,0.0,827.0,True,20260903
ORD-0004431,2026-06-01,淘宝/天猫,occasional_buyer,paid,shipped,128.0,3.9,0.0,124.1,True,20260903
ORD-0004432,2026-06-17,淘宝/天猫,core_buyer,paid,delivered,99.0,0.0,0.0,99.0,True,20260903
ORD-0004433,2026-08-01,B站会员购,core_buyer,paid,delivered,89.0,8.9,0.0,80.1,True,20260903
ORD-0004434,2026-06-22,淘宝/天猫,occasional_buyer,paid,delivered,39.0,0.0,8.0,47.0,True,20260903
ORD-0004435,2026-06-17,B站会员购,occasional_buyer,paid,delivered,89.0,4.45,0.0,84.55,True,20260903
ORD-0004436,2026-07-30,其他,occasional_buyer,paid,shipped,39.0,5.85,0.0,33.15,True,20260903
ORD-0004437,2026-06-22,淘宝/天猫,occasional_buyer,paid,delivered,89.0,0.0,8.0,97.0,True,20260903
ORD-0004438,2026-08-07,B站会员购,occasional_buyer,paid,delivered,699.0,0.0,0.0,699.0,True,20260903
ORD-0004439,2026-06-03,B站会员购,core_buyer,paid,delivered,48.0,4.8,8.0,51.2,True,20260903
ORD-0004440,2026-07-20,官方商城,occasional_buyer,paid,delivered,827.0,12.8,0.0,814.2,True,20260903
ORD-0004441,2026-06-07,淘宝/天猫,core_buyer,paid,delivered,699.0,34.95,0.0,664.05,True,20260903
ORD-0004442,2026-06-10,官方商城,occasional_buyer,paid,delivered,128.0,0.0,0.0,128.0,True,20260903
ORD-0004443,2026-07-07,淘宝/天猫,potential_buyer,paid,delivered,48.0,0.0,0.0,48.0,True,20260903
ORD-0004444,2026-06-30,B站会员购,core_buyer,paid,delivered,89.0,0.0,0.0,89.0,True,20260903
ORD-0004445,2026-06-11,线下展会或快闪店,occasional_buyer,paid,delivered,96.0,4.8,0.0,91.2,True,20260903
ORD-0004446,2026-08-16,官方商城,occasional_buyer,paid,delivered,1398.0,0.0,0.0,1398.0,True,20260903
ORD-0004447,2026-08-02,官方商城,occasional_buyer,paid,delivered,699.0,0.0,0.0,699.0,True,20260903
ORD-0004448,2026-06-28,线下展会或快闪店,core_buyer,paid,delivered,138.0,0.0,0.0,138.0,True,20260903
ORD-0004449,2026-07-05,官方商城,potential_buyer,paid,delivered,198.0,0.0,0.0,198.0,True,20260903
ORD-0004450,2026-06-04,官方商城,occasional_buyer,paid,delivered,89.0,8.9,8.0,88.1,True,20260903
ORD-0004451,2026-06-17,二手平台,potential_buyer,paid,delivered,36.0,3.6,8.0,40.4,True,20260903
ORD-0004452,2026-06-22,淘宝/天猫,occasional_buyer,paid,delivered,39.0,1.95,8.0,45.05,True,20260903
ORD-0004453,2026-07-05,官方商城,potential_buyer,paid,delivered,18.0,0.0,8.0,26.0,True,20260903
ORD-0004454,2026-08-22,线下展会或快闪店,occasional_buyer,paid,delivered,36.0,0.0,12.0,48.0,True,20260903
ORD-0004455,2026-06-23,B站会员购,core_buyer,paid,delivered,178.0,8.9,0.0,169.1,True,20260903
ORD-0004456,2026-08-27,二手平台,occasional_buyer,paid,delivered,846.0,4.8,0.0,841.2,True,20260903
ORD-0004457,2026-08-25,淘宝/天猫,occasional_buyer,paid,delivered,128.0,12.8,0.0,115.2,True,20260903
ORD-0004458,2026-08-28,淘宝/天猫,occasional_buyer,paid,delivered,816.0,104.85,0.0,711.15,True,20260903
ORD-0004459,2026-07-29,官方商城,occasional_buyer,paid,delivered,128.0,0.0,0.0,128.0,True,20260903
ORD-0004460,2026-07-29,直播间,potential_buyer,paid,delivered,699.0,0.0,0.0,699.0,True,20260903
ORD-0004461,2026-06-19,B站会员购,core_buyer,paid,delivered,128.0,0.0,0.0,128.0,True,20260903
ORD-0004462,2026-06-20,淘宝/天猫,occasional_buyer,paid,delivered,18.0,0.0,8.0,26.0,True,20260903
ORD-0004463,2026-07-27,线下展会或快闪店,core_buyer,paid,delivered,846.0,77.1,0.0,768.9,True,20260903
ORD-0004464,2026-08-22,淘宝/天猫,core_buyer,paid,shipped,39.0,1.95,0.0,37.05,True,20260903
ORD-0004465,2026-07-27,直播间,potential_buyer,paid,delivered,2097.0,0.0,0.0,2097.0,True,20260903
ORD-0004466,2026-08-08,其他,occasional_buyer,paid,delivered,39.0,0.0,8.0,47.0,True,20260903
ORD-0004467,2026-08-22,二手平台,occasional_buyer,paid,delivered,128.0,0.0,0.0,128.0,True,20260903
ORD-0004468,2026-07-27,淘宝/天猫,occasional_buyer,paid,delivered,89.0,0.0,8.0,97.0,True,20260903
ORD-0004469,2026-07-29,B站会员购,occasional_buyer,paid,delivered,128.0,8.9,0.0,119.1,True,20260903
ORD-0004470,2026-08-03,B站会员购,core_buyer,paid,delivered,788.0,0.0,0.0,788.0,True,20260903
ORD-0004471,2026-08-29,线下展会或快闪店,core_buyer,paid,delivered,138.0,3.9,0.0,134.1,True,20260903
ORD-0004472,2026-06-14,线下展会或快闪店,occasional_buyer,paid,delivered,128.0,0.0,0.0,128.0,True,20260903
ORD-0004473,2026-06-30,线下展会或快闪店,core_buyer,paid,delivered,699.0,34.95,0.0,664.05,True,20260903
ORD-0004474,2026-06-24,淘宝/天猫,occasional_buyer,paid,delivered,1487.0,104.85,0.0,1382.15,True,20260903
ORD-0004475,2026-08-06,其他,core_buyer,paid,delivered,176.0,0.0,0.0,176.0,True,20260903
ORD-0004476,2026-07-10,淘宝/天猫,occasional_buyer,paid,delivered,699.0,0.0,0.0,699.0,True,20260903
ORD-0004477,2026-06-08,官方商城,occasional_buyer,paid,delivered,224.0,14.4,0.0,209.6,True,20260903
ORD-0004478,2026-07-28,线下展会或快闪店,core_buyer,paid,delivered,48.0,0.0,0.0,48.0,True,20260903
ORD-0004479,2026-07-26,官方商城,occasional_buyer,paid,delivered,164.0,0.0,0.0,164.0,True,20260903
ORD-0004480,2026-08-22,B站会员购,occasional_buyer,paid,delivered,18.0,0.0,8.0,26.0,True,20260903
ORD-0004481,2026-06-22,B站会员购,potential_buyer,paid,delivered,89.0,0.0,0.0,89.0,True,20260903
ORD-0004482,2026-06-23,官方商城,core_buyer,paid,delivered,39.0,1.95,8.0,45.05,True,20260903
ORD-0004483,2026-07-31,官方商城,occasional_buyer,paid,delivered,48.0,4.8,0.0,43.2,True,20260903
ORD-0004484,2026-06-20,官方商城,occasional_buyer,paid,delivered,699.0,34.95,0.0,664.05,True,20260903
ORD-0004485,2026-07-12,B站会员购,occasional_buyer,paid,delivered,117.0,0.0,0.0,117.0,True,20260903
ORD-0004486,2026-06-09,官方商城,occasional_buyer,paid,delivered,39.0,0.0,8.0,47.0,True,20260903
ORD-0004487,2026-07-02,官方商城,occasional_buyer,paid,delivered,185.0,4.45,0.0,180.55,True,20260903
ORD-0004488,2026-07-07,官方商城,core_buyer,paid,delivered,39.0,0.0,0.0,39.0,True,20260903
ORD-0004489,2026-06-23,淘宝/天猫,occasional_buyer,paid,delivered,138.0,9.9,0.0,128.1,True,20260903
ORD-0004490,2026-07-21,官方商城,occasional_buyer,paid,delivered,99.0,0.0,0.0,99.0,True,20260903
ORD-0004491,2026-08-08,二手平台,core_buyer,paid,delivered,322.0,0.0,0.0,322.0,True,20260903
ORD-0004492,2026-07-07,淘宝/天猫,core_buyer,paid,delivered,128.0,12.8,0.0,115.2,True,20260903
ORD-0004493,2026-06-07,淘宝/天猫,core_buyer,paid,delivered,48.0,0.0,10.0,58.0,True,20260903
ORD-0004494,2026-08-10,淘宝/天猫,core_buyer,paid,delivered,176.0,2.4,0.0,173.6,True,20260903
ORD-0004495,2026-08-24,B站会员购,occasional_buyer,paid,delivered,2115.0,315.45,0.0,1799.55,True,20260903
ORD-0004496,2026-08-03,淘宝/天猫,occasional_buyer,paid,shipped,39.0,0.0,0.0,39.0,True,20260903
ORD-0004497,2026-06-22,官方商城,core_buyer,paid,delivered,89.0,4.45,0.0,84.55,True,20260903
ORD-0004498,2026-07-22,B站会员购,occasional_buyer,paid,delivered,36.0,0.0,8.0,44.0,True,20260903
ORD-0004499,2026-07-19,B站会员购,potential_buyer,paid,delivered,18.0,0.9,10.0,27.1,True,20260903
ORD-0004500,2026-08-17,线下展会或快闪店,core_buyer,paid,delivered,699.0,0.0,0.0,699.0,True,20260903
ORD-0004501,2026-07-26,B站会员购,core_buyer,paid,delivered,39.0,0.0,8.0,47.0,True,20260903
ORD-0004502,2026-06-16,淘宝/天猫,core_buyer,paid,delivered,99.0,0.0,0.0,99.0,True,20260903
ORD-0004503,2026-06-11,淘宝/天猫,potential_buyer,paid,delivered,99.0,4.95,8.0,102.05,True,20260903
ORD-0004504,2026-07-25,淘宝/天猫,potential_buyer,paid,delivered,89.0,0.0,0.0,89.0,True,20260903
ORD-0004505,2026-06-21,淘宝/天猫,core_buyer,paid,delivered,48.0,4.8,8.0,51.2,True,20260903
ORD-0004506,2026-07-05,官方商城,potential_buyer,paid,delivered,99.0,0.0,0.0,99.0,True,20260903
ORD-0004507,2026-06-16,B站会员购,occasional_buyer,paid,delivered,128.0,0.0,0.0,128.0,True,20260903
ORD-0004508,2026-06-10,淘宝/天猫,core_buyer,paid,delivered,699.0,69.9,0.0,629.1,True,20260903
ORD-0004509,2026-06-21,B站会员购,core_buyer,paid,delivered,167.0,6.4,0.0,160.6,True,20260903
ORD-0004510,2026-08-26,官方商城,core_buyer,paid,delivered,18.0,0.0,10.0,28.0,True,20260903
ORD-0004511,2026-07-21,淘宝/天猫,potential_buyer,paid,delivered,18.0,0.0,8.0,26.0,True,20260903
ORD-0004512,2026-08-19,官方商城,occasional_buyer,paid,delivered,699.0,69.9,0.0,629.1,True,20260903
ORD-0004513,2026-06-24,官方商城,occasional_buyer,paid,delivered,128.0,0.0,0.0,128.0,True,20260903
ORD-0004514,2026-08-16,其他,occasional_buyer,paid,shipped,699.0,0.0,0.0,699.0,True,20260903
ORD-0004515,2026-08-23,淘宝/天猫,occasional_buyer,paid,delivered,185.0,7.2,0.0,177.8,True,20260903
ORD-0004516,2026-08-19,淘宝/天猫,occasional_buyer,paid,shipped,128.0,6.4,0.0,121.6,True,20260903
ORD-0004517,2026-07-02,线下展会或快闪店,occasional_buyer,paid,delivered,89.0,8.9,0.0,80.1,True,20260903
ORD-0004518,2026-07-28,淘宝/天猫,core_buyer,paid,delivered,18.0,0.0,8.0,26.0,True,20260903
ORD-0004519,2026-06-14,淘宝/天猫,occasional_buyer,paid,delivered,128.0,6.4,0.0,121.6,True,20260903
ORD-0004520,2026-06-10,B站会员购,core_buyer,paid,delivered,128.0,0.0,0.0,128.0,True,20260903
ORD-0004521,2026-08-02,淘宝/天猫,potential_buyer,paid,delivered,128.0,0.0,0.0,128.0,True,20260903
ORD-0004522,2026-07-24,线下展会或快闪店,core_buyer,paid,delivered,788.0,0.0,0.0,788.0,True,20260903
ORD-0004523,2026-07-21,B站会员购,core_buyer,paid,delivered,1398.0,0.0,0.0,1398.0,True,20260903
ORD-0004524,2026-08-06,其他,occasional_buyer,paid,delivered,89.0,0.0,10.0,99.0,True,20260903
ORD-0004525,2026-08-14,线下展会或快闪店,core_buyer,paid,delivered,99.0,0.0,0.0,99.0,True,20260903
ORD-0004526,2026-06-18,淘宝/天猫,occasional_buyer,paid,delivered,36.0,0.0,8.0,44.0,True,20260903
ORD-0004527,2026-07-25,B站会员购,core_buyer,paid,delivered,89.0,4.45,10.0,94.55,True,20260903
ORD-0004528,2026-07-24,B站会员购,core_buyer,paid,delivered,117.0,4.95,0.0,112.05,True,20260903
ORD-0004529,2026-08-22,淘宝/天猫,core_buyer,paid,delivered,89.0,8.9,10.0,90.1,True,20260903
ORD-0004530,2026-06-26,淘宝/天猫,core_buyer,paid,pending,39.0,3.9,10.0,45.1,True,20260903
ORD-0004531,2026-08-23,B站会员购,potential_buyer,paid,delivered,747.0,69.9,0.0,677.1,True,20260903
ORD-0004532,2026-06-04,淘宝/天猫,core_buyer,paid,delivered,128.0,0.0,0.0,128.0,True,20260903
ORD-0004533,2026-07-26,B站会员购,occasional_buyer,paid,delivered,138.0,3.9,0.0,134.1,True,20260903
ORD-0004534,2026-07-01,线下展会或快闪店,potential_buyer,paid,delivered,128.0,8.9,0.0,119.1,True,20260903
ORD-0004535,2026-06-09,官方商城,occasional_buyer,paid,delivered,66.0,7.2,10.0,68.8,True,20260903
ORD-0004536,2026-07-10,官方商城,occasional_buyer,paid,delivered,137.0,0.0,0.0,137.0,True,20260903
ORD-0004537,2026-07-22,淘宝/天猫,core_buyer,paid,delivered,39.0,1.95,8.0,45.05,True,20260903
ORD-0004538,2026-06-09,二手平台,occasional_buyer,paid,delivered,1398.0,0.0,0.0,1398.0,True,20260903
ORD-0004539,2026-07-28,淘宝/天猫,occasional_buyer,paid,delivered,18.0,0.9,0.0,17.1,True,20260903
ORD-0004540,2026-06-18,官方商城,core_buyer,paid,delivered,48.0,0.0,8.0,56.0,True,20260903
ORD-0004541,2026-06-09,直播间,occasional_buyer,paid,delivered,345.0,0.0,0.0,345.0,True,20260903
ORD-0004542,2026-08-08,B站会员购,core_buyer,paid,delivered,178.0,0.0,0.0,178.0,True,20260903
ORD-0004543,2026-06-06,淘宝/天猫,occasional_buyer,cancelled,cancelled,99.0,0.0,0.0,0.0,True,20260903
ORD-0004544,2026-06-28,官方商城,core_buyer,paid,delivered,699.0,34.95,0.0,664.05,True,20260903
ORD-0004545,2026-06-16,直播间,core_buyer,paid,delivered,18.0,1.8,12.0,28.2,True,20260903
ORD-0004546,2026-06-28,官方商城,occasional_buyer,paid,delivered,36.0,0.0,10.0,46.0,True,20260903
ORD-0004547,2026-06-17,官方商城,occasional_buyer,paid,delivered,39.0,0.0,0.0,39.0,True,20260903
ORD-0004548,2026-07-17,淘宝/天猫,occasional_buyer,paid,delivered,128.0,4.45,0.0,123.55,True,20260903
ORD-0004549,2026-06-17,线下展会或快闪店,core_buyer,paid,delivered,96.0,0.0,8.0,104.0,True,20260903
ORD-0004550,2026-06-25,官方商城,core_buyer,paid,delivered,215.0,2.4,0.0,212.6,True,20260903
ORD-0004551,2026-08-01,二手平台,occasional_buyer,paid,delivered,78.0,0.0,0.0,78.0,True,20260903
ORD-0004552,2026-06-15,官方商城,potential_buyer,paid,delivered,89.0,0.0,8.0,97.0,True,20260903
ORD-0004553,2026-07-24,官方商城,occasional_buyer,paid,delivered,48.0,4.8,0.0,43.2,True,20260903
ORD-0004554,2026-06-06,淘宝/天猫,core_buyer,paid,delivered,99.0,0.0,0.0,99.0,True,20260903
ORD-0004555,2026-07-08,B站会员购,core_buyer,paid,delivered,18.0,0.0,0.0,18.0,True,20260903
ORD-0004556,2026-08-08,官方商城,core_buyer,paid,delivered,178.0,26.7,0.0,151.3,True,20260903
ORD-0004557,2026-06-22,B站会员购,occasional_buyer,paid,delivered,147.0,4.95,0.0,142.05,True,20260903
ORD-0004558,2026-08-02,官方商城,core_buyer,paid,delivered,18.0,1.8,0.0,16.2,True,20260903
ORD-0004559,2026-08-01,官方商城,core_buyer,paid,delivered,18.0,1.8,8.0,24.2,True,20260903
ORD-0004560,2026-06-10,线下展会或快闪店,core_buyer,paid,delivered,18.0,0.0,8.0,26.0,True,20260903
ORD-0004561,2026-07-03,B站会员购,core_buyer,paid,delivered,18.0,0.0,10.0,28.0,True,20260903
ORD-0004562,2026-07-27,官方商城,core_buyer,paid,delivered,39.0,0.0,0.0,39.0,True,20260903
ORD-0004563,2026-07-14,其他,occasional_buyer,paid,delivered,87.0,0.0,8.0,95.0,True,20260903
ORD-0004564,2026-06-26,淘宝/天猫,potential_buyer,paid,shipped,18.0,0.0,10.0,28.0,True,20260903
ORD-0004565,2026-06-16,官方商城,core_buyer,paid,delivered,128.0,19.2,0.0,108.8,True,20260903
ORD-0004566,2026-08-24,B站会员购,core_buyer,paid,delivered,717.0,104.85,0.0,612.15,True,20260903
ORD-0004567,2026-08-18,B站会员购,core_buyer,paid,delivered,89.0,13.35,10.0,85.65,True,20260903
ORD-0004568,2026-08-01,官方商城,core_buyer,paid,delivered,89.0,4.45,0.0,84.55,True,20260903
ORD-0004569,2026-07-23,线下展会或快闪店,core_buyer,paid,delivered,798.0,0.0,0.0,798.0,True,20260903
ORD-0004570,2026-07-11,B站会员购,core_buyer,paid,delivered,146.0,0.9,0.0,145.1,True,20260903
ORD-0004571,2026-08-07,线下展会或快闪店,occasional_buyer,paid,delivered,39.0,0.0,12.0,51.0,True,20260903
ORD-0004572,2026-06-14,官方商城,occasional_buyer,paid,delivered,217.0,21.7,0.0,195.3,True,20260903
ORD-0004573,2026-06-13,B站会员购,core_buyer,paid,delivered,87.0,2.4,10.0,94.6,True,20260903
ORD-0004574,2026-06-18,B站会员购,occasional_buyer,paid,delivered,699.0,0.0,0.0,699.0,True,20260903
ORD-0004575,2026-06-13,B站会员购,occasional_buyer,paid,delivered,87.0,11.1,12.0,87.9,True,20260903
ORD-0004576,2026-06-27,官方商城,occasional_buyer,paid,delivered,89.0,0.0,0.0,89.0,True,20260903
ORD-0004577,2026-08-01,官方商城,core_buyer,paid,delivered,39.0,1.95,10.0,47.05,True,20260903
ORD-0004578,2026-06-13,线下展会或快闪店,core_buyer,paid,delivered,89.0,0.0,0.0,89.0,True,20260903
ORD-0004579,2026-08-14,B站会员购,occasional_buyer,paid,delivered,178.0,0.0,0.0,178.0,True,20260903
ORD-0004580,2026-07-24,B站会员购,occasional_buyer,paid,delivered,18.0,1.8,10.0,26.2,True,20260903
ORD-0004581,2026-07-01,淘宝/天猫,core_buyer,paid,delivered,89.0,4.45,8.0,92.55,True,20260903
ORD-0004582,2026-07-23,B站会员购,potential_buyer,paid,delivered,18.0,1.8,10.0,26.2,True,20260903
ORD-0004583,2026-08-03,线下展会或快闪店,core_buyer,paid,delivered,18.0,0.9,12.0,29.1,True,20260903
ORD-0004584,2026-08-04,B站会员购,potential_buyer,paid,delivered,99.0,4.95,8.0,102.05,True,20260903
ORD-0004585,2026-08-08,淘宝/天猫,occasional_buyer,paid,delivered,39.0,0.0,10.0,49.0,True,20260903
ORD-0004586,2026-06-15,B站会员购,occasional_buyer,paid,delivered,699.0,0.0,0.0,699.0,True,20260903
ORD-0004587,2026-08-03,官方商城,occasional_buyer,paid,delivered,198.0,0.0,0.0,198.0,True,20260903
ORD-0004588,2026-07-16,线下展会或快闪店,occasional_buyer,paid,delivered,48.0,0.0,8.0,56.0,True,20260903
ORD-0004589,2026-07-10,官方商城,core_buyer,paid,pending,99.0,0.0,0.0,99.0,True,20260903
ORD-0004590,2026-07-02,线下展会或快闪店,occasional_buyer,paid,delivered,256.0,12.8,0.0,243.2,True,20260903
ORD-0004591,2026-07-07,B站会员购,occasional_buyer,paid,delivered,699.0,69.9,0.0,629.1,True,20260903
ORD-0004592,2026-06-18,淘宝/天猫,core_buyer,paid,delivered,48.0,0.0,0.0,48.0,True,20260903
ORD-0004593,2026-06-14,直播间,occasional_buyer,paid,delivered,198.0,0.0,0.0,198.0,True,20260903
ORD-0004594,2026-06-23,淘宝/天猫,core_buyer,paid,delivered,18.0,0.0,10.0,28.0,True,20260903
ORD-0004595,2026-07-23,官方商城,occasional_buyer,paid,delivered,128.0,19.2,0.0,108.8,True,20260903
ORD-0004596,2026-08-23,B站会员购,occasional_buyer,paid,delivered,699.0,34.95,0.0,664.05,True,20260903
ORD-0004597,2026-06-23,B站会员购,occasional_buyer,paid,delivered,36.0,0.0,10.0,46.0,True,20260903
ORD-0004598,2026-07-26,淘宝/天猫,occasional_buyer,paid,delivered,39.0,0.0,10.0,49.0,True,20260903
ORD-0004599,2026-06-18,官方商城,core_buyer,paid,delivered,18.0,2.7,0.0,15.3,True,20260903
ORD-0004600,2026-07-01,淘宝/天猫,core_buyer,paid,delivered,128.0,6.4,0.0,121.6,True,20260903
ORD-0004601,2026-06-25,淘宝/天猫,core_buyer,paid,delivered,99.0,0.0,0.0,99.0,True,20260903
ORD-0004602,2026-08-02,官方商城,core_buyer,paid,shipped,117.0,0.0,0.0,117.0,True,20260903
ORD-0004603,2026-08-22,淘宝/天猫,occasional_buyer,paid,delivered,99.0,0.0,0.0,99.0,True,20260903
ORD-0004604,2026-07-02,线下展会或快闪店,occasional_buyer,paid,delivered,18.0,0.0,12.0,30.0,True,20260903
ORD-0004605,2026-08-12,淘宝/天猫,core_buyer,paid,delivered,89.0,0.0,0.0,89.0,True,20260903
ORD-0004606,2026-06-18,B站会员购,core_buyer,paid,shipped,99.0,0.0,0.0,99.0,True,20260903
ORD-0004607,2026-07-25,线下展会或快闪店,potential_buyer,paid,delivered,738.0,0.0,0.0,738.0,True,20260903
ORD-0004608,2026-06-17,其他,potential_buyer,paid,delivered,57.0,0.0,0.0,57.0,True,20260903
ORD-0004609,2026-06-13,淘宝/天猫,occasional_buyer,paid,delivered,39.0,0.0,8.0,47.0,True,20260903
ORD-0004610,2026-07-29,二手平台,core_buyer,paid,delivered,89.0,13.35,0.0,75.65,True,20260903
ORD-0004611,2026-06-19,官方商城,occasional_buyer,paid,delivered,66.0,2.7,0.0,63.3,True,20260903
ORD-0004612,2026-07-26,B站会员购,core_buyer,paid,delivered,39.0,0.0,12.0,51.0,True,20260903
ORD-0004613,2026-07-19,线下展会或快闪店,potential_buyer,paid,delivered,48.0,4.8,10.0,53.2,True,20260903
ORD-0004614,2026-06-19,官方商城,occasional_buyer,paid,delivered,699.0,0.0,0.0,699.0,True,20260903
ORD-0004615,2026-08-17,B站会员购,potential_buyer,paid,delivered,39.0,1.95,0.0,37.05,True,20260903
ORD-0004616,2026-07-30,线下展会或快闪店,core_buyer,paid,delivered,18.0,0.0,8.0,26.0,True,20260903
ORD-0004617,2026-08-05,线下展会或快闪店,core_buyer,paid,delivered,99.0,4.95,8.0,102.05,True,20260903
ORD-0004618,2026-08-21,线下展会或快闪店,potential_buyer,paid,delivered,699.0,0.0,0.0,699.0,True,20260903
ORD-0004619,2026-08-03,线下展会或快闪店,core_buyer,paid,delivered,48.0,0.0,0.0,48.0,True,20260903
ORD-0004620,2026-06-17,淘宝/天猫,potential_buyer,paid,delivered,128.0,0.0,0.0,128.0,True,20260903
ORD-0004621,2026-08-22,淘宝/天猫,potential_buyer,paid,delivered,89.0,0.0,8.0,97.0,True,20260903
ORD-0004622,2026-07-06,淘宝/天猫,potential_buyer,paid,delivered,178.0,0.0,0.0,178.0,True,20260903
ORD-0004623,2026-07-05,淘宝/天猫,core_buyer,paid,delivered,128.0,0.0,0.0,128.0,True,20260903
ORD-0004624,2026-06-03,B站会员购,occasional_buyer,paid,delivered,256.0,25.6,0.0,230.4,True,20260903
ORD-0004625,2026-06-05,淘宝/天猫,occasional_buyer,paid,delivered,699.0,104.85,0.0,594.15,True,20260903
ORD-0004626,2026-06-25,B站会员购,core_buyer,paid,delivered,99.0,0.0,0.0,99.0,True,20260903
ORD-0004627,2026-06-21,直播间,occasional_buyer,paid,delivered,99.0,0.0,0.0,99.0,True,20260903
ORD-0004628,2026-08-27,淘宝/天猫,potential_buyer,paid,delivered,107.0,8.9,10.0,108.1,True,20260903
ORD-0004629,2026-08-05,淘宝/天猫,occasional_buyer,paid,delivered,827.0,0.0,0.0,827.0,True,20260903
ORD-0004630,2026-07-26,线下展会或快闪店,core_buyer,paid,delivered,227.0,0.0,0.0,227.0,True,20260903
ORD-0004631,2026-07-23,淘宝/天猫,occasional_buyer,paid,delivered,866.0,40.8,0.0,825.2,True,20260903
ORD-0004632,2026-07-04,淘宝/天猫,potential_buyer,paid,delivered,96.0,2.7,10.0,103.3,True,20260903
ORD-0004633,2026-06-25,线下展会或快闪店,core_buyer,paid,delivered,128.0,6.4,0.0,121.6,True,20260903
ORD-0004634,2026-08-27,淘宝/天猫,core_buyer,paid,delivered,48.0,0.0,8.0,56.0,True,20260903
ORD-0004635,2026-06-17,官方商城,occasional_buyer,paid,delivered,48.0,2.4,10.0,55.6,True,20260903
ORD-0004636,2026-08-21,其他,occasional_buyer,paid,delivered,39.0,0.0,8.0,47.0,True,20260903
ORD-0004637,2026-06-09,B站会员购,occasional_buyer,paid,delivered,699.0,0.0,0.0,699.0,True,20260903
ORD-0004638,2026-08-21,线下展会或快闪店,core_buyer,paid,pending,89.0,0.0,0.0,89.0,True,20260903
ORD-0004639,2026-07-13,二手平台,core_buyer,paid,delivered,48.0,2.4,10.0,55.6,True,20260903
ORD-0004640,2026-08-22,淘宝/天猫,occasional_buyer,paid,delivered,217.0,10.85,0.0,206.15,True,20260903
ORD-0004641,2026-07-16,官方商城,occasional_buyer,paid,delivered,699.0,0.0,0.0,699.0,True,20260903
ORD-0004642,2026-08-01,B站会员购,occasional_buyer,paid,delivered,216.0,9.9,0.0,206.1,True,20260903
ORD-0004643,2026-08-18,官方商城,core_buyer,paid,delivered,699.0,34.95,0.0,664.05,True,20260903
ORD-0004644,2026-08-05,官方商城,occasional_buyer,paid,delivered,167.0,0.0,0.0,167.0,True,20260903
ORD-0004645,2026-07-30,官方商城,occasional_buyer,cancelled,cancelled,1398.0,0.0,0.0,0.0,True,20260903
ORD-0004646,2026-07-25,二手平台,core_buyer,paid,shipped,699.0,34.95,0.0,664.05,True,20260903
ORD-0004647,2026-08-01,其他,core_buyer,paid,delivered,96.0,0.0,0.0,96.0,True,20260903
ORD-0004648,2026-07-19,B站会员购,core_buyer,paid,delivered,344.0,1.8,0.0,342.2,True,20260903
ORD-0004649,2026-06-10,淘宝/天猫,core_buyer,paid,delivered,128.0,0.0,0.0,128.0,True,20260903
ORD-0004650,2026-07-13,其他,core_buyer,paid,delivered,89.0,0.0,8.0,97.0,True,20260903
ORD-0004651,2026-08-01,官方商城,core_buyer,paid,delivered,39.0,0.0,10.0,49.0,True,20260903
ORD-0004652,2026-07-09,B站会员购,occasional_buyer,paid,delivered,699.0,0.0,0.0,699.0,True,20260903
ORD-0004653,2026-06-09,官方商城,occasional_buyer,paid,delivered,18.0,0.0,8.0,26.0,True,20260903
ORD-0004654,2026-07-05,B站会员购,occasional_buyer,paid,delivered,48.0,0.0,10.0,58.0,True,20260903
ORD-0004655,2026-07-05,线下展会或快闪店,core_buyer,paid,delivered,128.0,0.0,0.0,128.0,True,20260903
ORD-0004656,2026-07-19,B站会员购,core_buyer,paid,pending,99.0,0.0,0.0,99.0,True,20260903
ORD-0004657,2026-07-25,官方商城,occasional_buyer,paid,pending,39.0,0.0,10.0,49.0,True,20260903
ORD-0004658,2026-08-20,B站会员购,potential_buyer,paid,delivered,18.0,0.0,10.0,28.0,True,20260903
ORD-0004659,2026-07-04,官方商城,occasional_buyer,paid,delivered,99.0,0.0,0.0,99.0,True,20260903
ORD-0004660,2026-06-23,淘宝/天猫,core_buyer,paid,delivered,39.0,0.0,8.0,47.0,True,20260903
ORD-0004661,2026-06-22,淘宝/天猫,potential_buyer,paid,delivered,99.0,9.9,10.0,99.1,True,20260903
ORD-0004662,2026-06-08,线下展会或快闪店,core_buyer,paid,delivered,798.0,74.85,0.0,723.15,True,20260903
ORD-0004663,2026-07-15,官方商城,occasional_buyer,paid,delivered,699.0,69.9,0.0,629.1,True,20260903
ORD-0004664,2026-06-25,线下展会或快闪店,occasional_buyer,paid,delivered,96.0,7.2,0.0,88.8,True,20260903
ORD-0004665,2026-06-14,淘宝/天猫,potential_buyer,paid,delivered,99.0,0.0,0.0,99.0,True,20260903
ORD-0004666,2026-08-05,直播间,occasional_buyer,paid,delivered,18.0,1.8,0.0,16.2,True,20260903
ORD-0004667,2026-07-23,二手平台,core_buyer,paid,delivered,96.0,9.6,10.0,96.4,True,20260903
ORD-0004668,2026-06-17,淘宝/天猫,occasional_buyer,paid,delivered,18.0,0.0,8.0,26.0,True,20260903
ORD-0004669,2026-06-10,淘宝/天猫,core_buyer,paid,delivered,798.0,0.0,0.0,798.0,True,20260903
ORD-0004670,2026-06-19,线下展会或快闪店,occasional_buyer,paid,delivered,89.0,4.45,0.0,84.55,True,20260903
ORD-0004671,2026-07-16,B站会员购,occasional_buyer,paid,delivered,48.0,0.0,0.0,48.0,True,20260903
ORD-0004672,2026-08-03,淘宝/天猫,occasional_buyer,paid,delivered,48.0,0.0,8.0,56.0,True,20260903
ORD-0004673,2026-08-22,淘宝/天猫,occasional_buyer,paid,delivered,482.0,44.1,0.0,437.9,True,20260903
ORD-0004674,2026-08-24,其他,occasional_buyer,paid,delivered,18.0,0.0,0.0,18.0,True,20260903
ORD-0004675,2026-06-20,线下展会或快闪店,occasional_buyer,paid,delivered,788.0,34.95,0.0,753.05,True,20260903
ORD-0004676,2026-06-09,二手平台,core_buyer,paid,delivered,66.0,1.8,12.0,76.2,True,20260903
ORD-0004677,2026-08-04,线下展会或快闪店,potential_buyer,paid,delivered,99.0,0.0,0.0,99.0,True,20260903
ORD-0004678,2026-06-28,官方商城,occasional_buyer,paid,delivered,48.0,0.0,8.0,56.0,True,20260903
ORD-0004679,2026-08-08,线下展会或快闪店,core_buyer,paid,delivered,39.0,0.0,8.0,47.0,True,20260903
ORD-0004680,2026-07-15,淘宝/天猫,core_buyer,paid,delivered,198.0,0.0,0.0,198.0,True,20260903
ORD-0004681,2026-07-30,官方商城,occasional_buyer,paid,delivered,178.0,17.8,0.0,160.2,True,20260903
ORD-0004682,2026-08-01,其他,occasional_buyer,paid,delivered,89.0,13.35,10.0,85.65,True,20260903
ORD-0004683,2026-08-28,淘宝/天猫,occasional_buyer,paid,delivered,99.0,0.0,0.0,99.0,True,20260903
ORD-0004684,2026-06-27,淘宝/天猫,core_buyer,paid,delivered,66.0,5.7,10.0,70.3,True,20260903
ORD-0004685,2026-07-30,官方商城,potential_buyer,paid,delivered,18.0,1.8,8.0,24.2,True,20260903
ORD-0004686,2026-07-31,官方商城,occasional_buyer,paid,delivered,277.0,0.0,0.0,277.0,True,20260903
ORD-0004687,2026-06-21,淘宝/天猫,potential_buyer,paid,delivered,699.0,34.95,0.0,664.05,True,20260903
ORD-0004688,2026-06-29,官方商城,core_buyer,paid,pending,699.0,0.0,0.0,699.0,True,20260903
ORD-0004689,2026-06-05,淘宝/天猫,potential_buyer,paid,delivered,128.0,0.0,0.0,128.0,True,20260903
ORD-0004690,2026-07-12,线下展会或快闪店,potential_buyer,paid,delivered,128.0,0.0,0.0,128.0,True,20260903
ORD-0004691,2026-06-02,淘宝/天猫,core_buyer,paid,delivered,18.0,2.7,8.0,23.3,True,20260903
ORD-0004692,2026-08-15,其他,core_buyer,paid,delivered,89.0,0.0,10.0,99.0,True,20260903
ORD-0004693,2026-06-20,淘宝/天猫,potential_buyer,paid,delivered,1565.0,139.8,0.0,1425.2,True,20260903
ORD-0004694,2026-07-31,淘宝/天猫,potential_buyer,paid,delivered,99.0,0.0,0.0,99.0,True,20260903
ORD-0004695,2026-06-08,官方商城,occasional_buyer,paid,delivered,128.0,6.4,0.0,121.6,True,20260903
ORD-0004696,2026-07-12,其他,potential_buyer,paid,delivered,39.0,3.9,12.0,47.1,True,20260903
ORD-0004697,2026-08-06,淘宝/天猫,core_buyer,paid,delivered,926.0,0.0,0.0,926.0,True,20260903
ORD-0004698,2026-08-19,官方商城,occasional_buyer,paid,delivered,89.0,0.0,0.0,89.0,True,20260903
ORD-0004699,2026-08-22,线下展会或快闪店,core_buyer,paid,delivered,699.0,104.85,0.0,594.15,True,20260903
ORD-0004700,2026-07-26,淘宝/天猫,core_buyer,paid,delivered,18.0,0.0,0.0,18.0,True,20260903
ORD-0004701,2026-08-15,线下展会或快闪店,core_buyer,paid,delivered,256.0,0.0,0.0,256.0,True,20260903
ORD-0004702,2026-08-26,淘宝/天猫,core_buyer,paid,delivered,89.0,0.0,8.0,97.0,True,20260903
ORD-0004703,2026-08-05,淘宝/天猫,occasional_buyer,paid,delivered,36.0,3.6,0.0,32.4,True,20260903
ORD-0004704,2026-06-10,淘宝/天猫,occasional_buyer,paid,delivered,137.0,6.85,0.0,130.15,True,20260903
ORD-0004705,2026-07-08,淘宝/天猫,core_buyer,paid,delivered,99.0,0.0,0.0,99.0,True,20260903
ORD-0004706,2026-06-22,B站会员购,occasional_buyer,paid,delivered,178.0,8.9,0.0,169.1,True,20260903
ORD-0004707,2026-06-18,其他,occasional_buyer,paid,delivered,48.0,0.0,8.0,56.0,True,20260903
ORD-0004708,2026-08-02,官方商城,occasional_buyer,paid,delivered,699.0,0.0,0.0,699.0,True,20260903
ORD-0004709,2026-06-14,官方商城,potential_buyer,paid,shipped,39.0,1.95,10.0,47.05,True,20260903
ORD-0004710,2026-08-17,官方商城,core_buyer,paid,delivered,99.0,9.9,10.0,99.1,True,20260903
ORD-0004711,2026-07-25,B站会员购,occasional_buyer,paid,delivered,48.0,0.0,8.0,56.0,True,20260903
ORD-0004712,2026-07-05,B站会员购,occasional_buyer,paid,delivered,18.0,1.8,8.0,24.2,True,20260903
ORD-0004713,2026-07-08,官方商城,occasional_buyer,paid,delivered,99.0,0.0,0.0,99.0,True,20260903
ORD-0004714,2026-07-22,官方商城,occasional_buyer,paid,delivered,48.0,0.0,10.0,58.0,True,20260903
ORD-0004715,2026-08-10,其他,potential_buyer,paid,delivered,747.0,39.75,0.0,707.25,True,20260903
ORD-0004716,2026-06-28,二手平台,core_buyer,paid,delivered,1398.0,0.0,0.0,1398.0,True,20260903
ORD-0004717,2026-06-21,B站会员购,core_buyer,paid,delivered,48.0,4.8,10.0,53.2,True,20260903
ORD-0004718,2026-07-21,淘宝/天猫,occasional_buyer,paid,delivered,89.0,8.9,0.0,80.1,True,20260903
ORD-0004719,2026-07-06,二手平台,occasional_buyer,paid,delivered,39.0,1.95,0.0,37.05,True,20260903
ORD-0004720,2026-06-19,线下展会或快闪店,occasional_buyer,cancelled,cancelled,39.0,0.0,0.0,0.0,True,20260903
ORD-0004721,2026-08-22,淘宝/天猫,potential_buyer,paid,delivered,39.0,0.0,0.0,39.0,True,20260903
ORD-0004722,2026-07-30,线下展会或快闪店,potential_buyer,paid,delivered,146.0,6.4,0.0,139.6,True,20260903
ORD-0004723,2026-07-07,其他,occasional_buyer,paid,delivered,128.0,12.8,0.0,115.2,True,20260903
ORD-0004724,2026-06-20,淘宝/天猫,core_buyer,paid,delivered,128.0,12.8,0.0,115.2,True,20260903
ORD-0004725,2026-07-20,淘宝/天猫,core_buyer,paid,delivered,699.0,34.95,0.0,664.05,True,20260903
ORD-0004726,2026-08-07,淘宝/天猫,occasional_buyer,paid,delivered,107.0,9.8,8.0,105.2,True,20260903
ORD-0004727,2026-07-25,B站会员购,occasional_buyer,cancelled,cancelled,18.0,0.9,8.0,0.0,True,20260903
ORD-0004728,2026-08-21,B站会员购,occasional_buyer,paid,delivered,128.0,0.0,0.0,128.0,True,20260903
ORD-0004729,2026-06-24,淘宝/天猫,core_buyer,cancelled,cancelled,57.0,2.85,8.0,0.0,True,20260903
ORD-0004730,2026-07-25,B站会员购,core_buyer,paid,delivered,798.0,34.95,0.0,763.05,True,20260903
ORD-0004731,2026-07-16,其他,core_buyer,paid,delivered,699.0,104.85,0.0,594.15,True,20260903
ORD-0004732,2026-06-13,官方商城,occasional_buyer,paid,delivered,99.0,9.9,0.0,89.1,True,20260903
ORD-0004733,2026-08-06,官方商城,potential_buyer,paid,delivered,735.0,71.7,0.0,663.3,True,20260903
ORD-0004734,2026-07-29,官方商城,occasional_buyer,paid,delivered,18.0,1.8,0.0,16.2,True,20260903
ORD-0004735,2026-08-10,B站会员购,occasional_buyer,paid,delivered,699.0,34.95,0.0,664.05,True,20260903
ORD-0004736,2026-08-08,线下展会或快闪店,occasional_buyer,paid,delivered,99.0,0.0,0.0,99.0,True,20260903
ORD-0004737,2026-07-22,淘宝/天猫,core_buyer,paid,delivered,699.0,69.9,0.0,629.1,True,20260903
ORD-0004738,2026-06-23,官方商城,core_buyer,paid,delivered,39.0,1.95,10.0,47.05,True,20260903
ORD-0004739,2026-06-17,线下展会或快闪店,core_buyer,paid,delivered,18.0,0.0,8.0,26.0,True,20260903
ORD-0004740,2026-06-16,淘宝/天猫,occasional_buyer,paid,delivered,48.0,0.0,0.0,48.0,True,20260903
ORD-0004741,2026-06-28,官方商城,occasional_buyer,paid,delivered,89.0,4.45,10.0,94.55,True,20260903
ORD-0004742,2026-06-20,直播间,core_buyer,paid,shipped,48.0,0.0,8.0,56.0,True,20260903
ORD-0004743,2026-06-17,官方商城,core_buyer,paid,delivered,895.0,34.95,0.0,860.05,True,20260903
ORD-0004744,2026-07-14,淘宝/天猫,core_buyer,paid,delivered,39.0,3.9,0.0,35.1,True,20260903
ORD-0004745,2026-07-14,淘宝/天猫,core_buyer,paid,delivered,128.0,0.0,0.0,128.0,True,20260903
ORD-0004746,2026-06-18,淘宝/天猫,occasional_buyer,paid,shipped,89.0,0.0,10.0,99.0,True,20260903
ORD-0004747,2026-06-26,B站会员购,core_buyer,paid,delivered,216.0,0.0,0.0,216.0,True,20260903
ORD-0004748,2026-08-04,淘宝/天猫,core_buyer,paid,delivered,99.0,4.95,10.0,104.05,True,20260903
ORD-0004749,2026-06-21,淘宝/天猫,potential_buyer,paid,delivered,99.0,9.9,8.0,97.1,True,20260903
ORD-0004750,2026-07-01,直播间,occasional_buyer,paid,delivered,125.0,3.6,0.0,121.4,True,20260903
ORD-0004751,2026-08-01,淘宝/天猫,core_buyer,paid,delivered,326.0,9.9,0.0,316.1,True,20260903
ORD-0004752,2026-07-25,线下展会或快闪店,occasional_buyer,paid,delivered,18.0,0.0,8.0,26.0,True,20260903
ORD-0004753,2026-08-24,B站会员购,core_buyer,paid,delivered,128.0,0.0,0.0,128.0,True,20260903
ORD-0004754,2026-08-11,B站会员购,core_buyer,paid,delivered,48.0,2.4,0.0,45.6,True,20260903
ORD-0004755,2026-07-27,二手平台,core_buyer,paid,delivered,48.0,2.4,8.0,53.6,True,20260903
ORD-0004756,2026-06-15,线下展会或快闪店,occasional_buyer,paid,delivered,18.0,1.8,0.0,16.2,True,20260903
ORD-0004757,2026-08-18,直播间,core_buyer,paid,delivered,147.0,4.95,0.0,142.05,True,20260903
ORD-0004758,2026-06-19,线下展会或快闪店,occasional_buyer,paid,delivered,128.0,6.4,0.0,121.6,True,20260903
ORD-0004759,2026-08-11,淘宝/天猫,occasional_buyer,paid,delivered,167.0,12.8,0.0,154.2,True,20260903
ORD-0004760,2026-06-18,B站会员购,core_buyer,paid,delivered,256.0,0.0,0.0,256.0,True,20260903
ORD-0004761,2026-07-25,直播间,core_buyer,paid,delivered,699.0,0.0,0.0,699.0,True,20260903
ORD-0004762,2026-07-27,淘宝/天猫,core_buyer,paid,delivered,48.0,0.0,10.0,58.0,True,20260903
ORD-0004763,2026-07-16,官方商城,occasional_buyer,paid,delivered,57.0,2.85,8.0,62.15,True,20260903
ORD-0004764,2026-07-06,二手平台,occasional_buyer,paid,delivered,256.0,0.0,0.0,256.0,True,20260903
ORD-0004765,2026-06-08,直播间,occasional_buyer,cancelled,cancelled,18.0,0.0,0.0,0.0,True,20260903
ORD-0004766,2026-07-25,官方商城,potential_buyer,paid,delivered,138.0,9.9,0.0,128.1,True,20260903
ORD-0004767,2026-08-07,淘宝/天猫,occasional_buyer,paid,delivered,89.0,0.0,0.0,89.0,True,20260903
ORD-0004768,2026-07-18,B站会员购,core_buyer,paid,delivered,99.0,4.95,8.0,102.05,True,20260903
ORD-0004769,2026-06-21,淘宝/天猫,occasional_buyer,paid,delivered,48.0,0.0,0.0,48.0,True,20260903
ORD-0004770,2026-08-11,淘宝/天猫,core_buyer,paid,delivered,99.0,4.95,12.0,106.05,True,20260903
ORD-0004771,2026-06-21,官方商城,core_buyer,paid,delivered,96.0,0.0,8.0,104.0,True,20260903
ORD-0004772,2026-08-06,二手平台,occasional_buyer,paid,delivered,128.0,0.0,0.0,128.0,True,20260903
ORD-0004773,2026-08-21,官方商城,potential_buyer,paid,delivered,89.0,4.45,8.0,92.55,True,20260903
ORD-0004774,2026-07-12,淘宝/天猫,core_buyer,paid,delivered,89.0,8.9,10.0,90.1,True,20260903
ORD-0004775,2026-06-18,淘宝/天猫,occasional_buyer,paid,delivered,128.0,6.4,0.0,121.6,True,20260903
ORD-0004776,2026-08-09,官方商城,core_buyer,paid,delivered,107.0,0.0,0.0,107.0,True,20260903
ORD-0004777,2026-08-15,官方商城,core_buyer,paid,delivered,18.0,0.0,8.0,26.0,True,20260903
ORD-0004778,2026-08-19,官方商城,core_buyer,paid,shipped,89.0,0.0,8.0,97.0,True,20260903
ORD-0004779,2026-08-20,官方商城,occasional_buyer,paid,delivered,39.0,1.95,0.0,37.05,True,20260903
ORD-0004780,2026-06-05,淘宝/天猫,occasional_buyer,paid,delivered,128.0,12.8,0.0,115.2,True,20260903
ORD-0004781,2026-07-18,二手平台,occasional_buyer,paid,delivered,146.0,6.4,0.0,139.6,True,20260903
ORD-0004782,2026-06-02,线下展会或快闪店,potential_buyer,paid,delivered,699.0,34.95,0.0,664.05,True,20260903
ORD-0004783,2026-07-04,淘宝/天猫,occasional_buyer,paid,delivered,99.0,9.9,8.0,97.1,True,20260903
ORD-0004784,2026-07-11,官方商城,occasional_buyer,paid,delivered,138.0,3.9,0.0,134.1,True,20260903
ORD-0004785,2026-06-28,官方商城,occasional_buyer,paid,delivered,39.0,0.0,10.0,49.0,True,20260903
ORD-0004786,2026-06-16,官方商城,occasional_buyer,paid,delivered,48.0,0.0,0.0,48.0,True,20260903
ORD-0004787,2026-07-10,其他,core_buyer,paid,delivered,717.0,105.75,0.0,611.25,True,20260903
ORD-0004788,2026-08-27,二手平台,occasional_buyer,paid,delivered,198.0,9.9,0.0,188.1,True,20260903
ORD-0004789,2026-08-05,线下展会或快闪店,core_buyer,paid,delivered,54.0,2.7,8.0,59.3,True,20260903
ORD-0004790,2026-08-11,线下展会或快闪店,core_buyer,paid,delivered,96.0,0.0,8.0,104.0,True,20260903
ORD-0004791,2026-08-07,官方商城,core_buyer,paid,delivered,699.0,34.95,0.0,664.05,True,20260903
ORD-0004792,2026-07-26,二手平台,core_buyer,paid,delivered,699.0,104.85,0.0,594.15,True,20260903
ORD-0004793,2026-08-04,直播间,occasional_buyer,paid,delivered,48.0,4.8,10.0,53.2,True,20260903
ORD-0004794,2026-08-15,淘宝/天猫,occasional_buyer,paid,delivered,18.0,1.8,8.0,24.2,True,20260903
ORD-0004795,2026-07-21,淘宝/天猫,core_buyer,paid,delivered,128.0,0.0,0.0,128.0,True,20260903
ORD-0004796,2026-08-21,线下展会或快闪店,core_buyer,paid,delivered,128.0,6.4,0.0,121.6,True,20260903
ORD-0004797,2026-06-23,淘宝/天猫,potential_buyer,paid,delivered,18.0,0.0,10.0,28.0,True,20260903
ORD-0004798,2026-08-02,官方商城,core_buyer,paid,delivered,89.0,0.0,8.0,97.0,True,20260903
ORD-0004799,2026-08-03,线下展会或快闪店,core_buyer,paid,delivered,18.0,0.0,8.0,26.0,True,20260903
ORD-0004800,2026-07-13,淘宝/天猫,occasional_buyer,paid,delivered,843.0,49.35,0.0,793.65,True,20260903
ORD-0004801,2026-06-20,B站会员购,occasional_buyer,paid,delivered,48.0,0.0,0.0,48.0,True,20260903
ORD-0004802,2026-08-11,二手平台,occasional_buyer,paid,delivered,128.0,6.4,0.0,121.6,True,20260903
ORD-0004803,2026-06-21,官方商城,occasional_buyer,paid,delivered,89.0,0.0,0.0,89.0,True,20260903
ORD-0004804,2026-06-15,线下展会或快闪店,core_buyer,paid,delivered,39.0,5.85,0.0,33.15,True,20260903
ORD-0004805,2026-06-27,线下展会或快闪店,occasional_buyer,paid,delivered,128.0,0.0,0.0,128.0,True,20260903
ORD-0004806,2026-08-05,淘宝/天猫,occasional_buyer,paid,delivered,36.0,3.6,8.0,40.4,True,20260903
ORD-0004807,2026-06-20,官方商城,occasional_buyer,paid,delivered,198.0,9.9,0.0,188.1,True,20260903
ORD-0004808,2026-07-09,官方商城,potential_buyer,paid,delivered,699.0,34.95,0.0,664.05,True,20260903
ORD-0004809,2026-08-15,淘宝/天猫,core_buyer,paid,delivered,57.0,3.9,10.0,63.1,True,20260903
ORD-0004810,2026-07-27,淘宝/天猫,occasional_buyer,paid,delivered,128.0,0.0,0.0,128.0,True,20260903
ORD-0004811,2026-07-05,官方商城,occasional_buyer,paid,delivered,699.0,34.95,0.0,664.05,True,20260903
ORD-0004812,2026-08-28,线下展会或快闪店,occasional_buyer,paid,delivered,188.0,18.8,0.0,169.2,True,20260903
ORD-0004813,2026-07-27,B站会员购,occasional_buyer,paid,delivered,198.0,14.85,0.0,183.15,True,20260903
ORD-0004814,2026-08-14,B站会员购,core_buyer,paid,delivered,89.0,0.0,12.0,101.0,True,20260903
ORD-0004815,2026-06-16,B站会员购,potential_buyer,paid,delivered,39.0,0.0,10.0,49.0,True,20260903
ORD-0004816,2026-06-23,淘宝/天猫,occasional_buyer,paid,delivered,89.0,4.45,8.0,92.55,True,20260903
ORD-0004817,2026-06-07,官方商城,core_buyer,paid,delivered,89.0,4.45,0.0,84.55,True,20260903
ORD-0004818,2026-06-21,官方商城,core_buyer,paid,delivered,128.0,0.0,0.0,128.0,True,20260903
ORD-0004819,2026-06-07,淘宝/天猫,core_buyer,paid,delivered,99.0,4.95,8.0,102.05,True,20260903
ORD-0004820,2026-07-21,淘宝/天猫,core_buyer,cancelled,cancelled,48.0,0.0,12.0,0.0,True,20260903
ORD-0004821,2026-06-15,淘宝/天猫,occasional_buyer,paid,delivered,89.0,0.0,8.0,97.0,True,20260903
ORD-0004822,2026-07-27,官方商城,potential_buyer,paid,delivered,39.0,1.95,8.0,45.05,True,20260903
ORD-0004823,2026-06-15,淘宝/天猫,core_buyer,paid,delivered,48.0,0.0,0.0,48.0,True,20260903
ORD-0004824,2026-07-20,淘宝/天猫,occasional_buyer,paid,delivered,89.0,8.9,0.0,80.1,True,20260903
ORD-0004825,2026-07-07,直播间,core_buyer,paid,delivered,39.0,1.95,8.0,45.05,True,20260903
ORD-0004826,2026-07-30,线下展会或快闪店,occasional_buyer,paid,delivered,256.0,25.6,0.0,230.4,True,20260903
ORD-0004827,2026-06-29,线下展会或快闪店,occasional_buyer,paid,delivered,48.0,4.8,0.0,43.2,True,20260903
ORD-0004828,2026-08-20,官方商城,potential_buyer,paid,delivered,227.0,6.4,0.0,220.6,True,20260903
ORD-0004829,2026-06-05,其他,core_buyer,paid,delivered,128.0,0.0,0.0,128.0,True,20260903
ORD-0004830,2026-08-09,二手平台,occasional_buyer,paid,delivered,66.0,0.0,8.0,74.0,True,20260903
ORD-0004831,2026-08-20,淘宝/天猫,occasional_buyer,paid,delivered,39.0,1.95,0.0,37.05,True,20260903
ORD-0004832,2026-07-30,B站会员购,occasional_buyer,paid,delivered,48.0,0.0,0.0,48.0,True,20260903
ORD-0004833,2026-06-24,官方商城,core_buyer,paid,delivered,99.0,0.0,0.0,99.0,True,20260903
ORD-0004834,2026-06-29,官方商城,core_buyer,paid,delivered,99.0,0.0,0.0,99.0,True,20260903
ORD-0004835,2026-06-17,淘宝/天猫,core_buyer,paid,delivered,167.0,6.4,0.0,160.6,True,20260903
ORD-0004836,2026-08-03,官方商城,core_buyer,paid,delivered,227.0,14.85,0.0,212.15,True,20260903
ORD-0004837,2026-06-20,B站会员购,core_buyer,paid,delivered,18.0,0.0,8.0,26.0,True,20260903
ORD-0004838,2026-07-09,官方商城,occasional_buyer,paid,delivered,39.0,3.9,8.0,43.1,True,20260903
ORD-0004839,2026-07-28,二手平台,occasional_buyer,paid,delivered,99.0,0.0,0.0,99.0,True,20260903
ORD-0004840,2026-06-15,二手平台,core_buyer,paid,delivered,89.0,4.45,8.0,92.55,True,20260903
ORD-0004841,2026-06-28,官方商城,occasional_buyer,paid,delivered,128.0,12.8,0.0,115.2,True,20260903
ORD-0004842,2026-06-10,B站会员购,core_buyer,paid,delivered,48.0,0.0,8.0,56.0,True,20260903
ORD-0004843,2026-06-13,淘宝/天猫,core_buyer,paid,delivered,39.0,0.0,8.0,47.0,True,20260903
ORD-0004844,2026-06-24,官方商城,core_buyer,paid,delivered,798.0,0.0,0.0,798.0,True,20260903
ORD-0004845,2026-06-18,淘宝/天猫,occasional_buyer,paid,delivered,1398.0,104.85,0.0,1293.15,True,20260903
ORD-0004846,2026-07-28,淘宝/天猫,occasional_buyer,paid,delivered,39.0,0.0,8.0,47.0,True,20260903
ORD-0004847,2026-08-19,直播间,core_buyer,paid,delivered,89.0,0.0,0.0,89.0,True,20260903
ORD-0004848,2026-06-03,官方商城,core_buyer,paid,delivered,48.0,2.4,0.0,45.6,True,20260903
ORD-0004849,2026-07-27,线下展会或快闪店,core_buyer,paid,delivered,738.0,0.0,0.0,738.0,True,20260903
ORD-0004850,2026-07-16,淘宝/天猫,occasional_buyer,paid,delivered,18.0,0.0,10.0,28.0,True,20260903
ORD-0004851,2026-07-20,B站会员购,potential_buyer,paid,delivered,39.0,3.9,8.0,43.1,True,20260903
ORD-0004852,2026-07-24,淘宝/天猫,core_buyer,paid,delivered,89.0,0.0,10.0,99.0,True,20260903
ORD-0004853,2026-08-08,官方商城,core_buyer,paid,delivered,89.0,0.0,12.0,101.0,True,20260903
ORD-0004854,2026-08-13,官方商城,core_buyer,paid,delivered,798.0,69.9,0.0,728.1,True,20260903
ORD-0004855,2026-08-18,淘宝/天猫,core_buyer,paid,delivered,99.0,0.0,0.0,99.0,True,20260903
ORD-0004856,2026-07-07,官方商城,occasional_buyer,paid,delivered,699.0,69.9,0.0,629.1,True,20260903
ORD-0004857,2026-07-14,其他,potential_buyer,paid,delivered,1398.0,139.8,0.0,1258.2,True,20260903
ORD-0004858,2026-08-06,淘宝/天猫,core_buyer,cancelled,cancelled,99.0,9.9,12.0,0.0,True,20260903
ORD-0004859,2026-07-31,B站会员购,occasional_buyer,paid,delivered,39.0,0.0,12.0,51.0,True,20260903
ORD-0004860,2026-07-18,淘宝/天猫,occasional_buyer,paid,delivered,777.0,42.75,0.0,734.25,True,20260903
ORD-0004861,2026-07-11,线下展会或快闪店,core_buyer,paid,delivered,99.0,0.0,0.0,99.0,True,20260903
ORD-0004862,2026-08-19,B站会员购,occasional_buyer,paid,delivered,39.0,0.0,12.0,51.0,True,20260903
ORD-0004863,2026-07-04,淘宝/天猫,core_buyer,paid,delivered,78.0,0.0,0.0,78.0,True,20260903
ORD-0004864,2026-07-10,官方商城,occasional_buyer,paid,delivered,735.0,71.7,0.0,663.3,True,20260903
ORD-0004865,2026-07-31,淘宝/天猫,core_buyer,paid,delivered,48.0,0.0,12.0,60.0,True,20260903
ORD-0004866,2026-06-08,线下展会或快闪店,core_buyer,paid,delivered,18.0,1.8,10.0,26.2,True,20260903
ORD-0004867,2026-06-25,线下展会或快闪店,core_buyer,paid,delivered,256.0,12.8,0.0,243.2,True,20260903
ORD-0004868,2026-07-26,官方商城,occasional_buyer,paid,delivered,128.0,0.0,0.0,128.0,True,20260903
ORD-0004869,2026-06-23,其他,core_buyer,paid,delivered,89.0,0.0,12.0,101.0,True,20260903
ORD-0004870,2026-07-30,B站会员购,potential_buyer,paid,delivered,699.0,0.0,0.0,699.0,True,20260903
ORD-0004871,2026-06-18,官方商城,core_buyer,paid,delivered,738.0,34.95,0.0,703.05,True,20260903
ORD-0004872,2026-06-12,淘宝/天猫,occasional_buyer,paid,delivered,39.0,3.9,8.0,43.1,True,20260903
ORD-0004873,2026-06-22,二手平台,occasional_buyer,paid,delivered,18.0,0.9,12.0,29.1,True,20260903
ORD-0004874,2026-08-17,B站会员购,occasional_buyer,paid,delivered,146.0,6.4,0.0,139.6,True,20260903
ORD-0004875,2026-06-13,淘宝/天猫,core_buyer,paid,delivered,798.0,69.9,0.0,728.1,True,20260903
ORD-0004876,2026-07-05,淘宝/天猫,potential_buyer,paid,delivered,48.0,4.8,0.0,43.2,True,20260903
ORD-0004877,2026-06-26,线下展会或快闪店,core_buyer,paid,delivered,89.0,0.0,0.0,89.0,True,20260903
ORD-0004878,2026-08-15,线下展会或快闪店,core_buyer,paid,delivered,147.0,0.0,0.0,147.0,True,20260903
ORD-0004879,2026-08-08,淘宝/天猫,core_buyer,paid,delivered,18.0,2.7,8.0,23.3,True,20260903
ORD-0004880,2026-08-13,官方商城,occasional_buyer,paid,delivered,89.0,8.9,12.0,92.1,True,20260903
ORD-0004881,2026-08-22,直播间,core_buyer,paid,delivered,897.0,19.8,0.0,877.2,True,20260903
ORD-0004882,2026-07-22,淘宝/天猫,core_buyer,paid,delivered,39.0,1.95,8.0,45.05,True,20260903
ORD-0004883,2026-08-26,B站会员购,occasional_buyer,paid,shipped,182.0,6.4,0.0,175.6,True,20260903
ORD-0004884,2026-06-04,官方商城,occasional_buyer,paid,shipped,738.0,69.9,0.0,668.1,True,20260903
ORD-0004885,2026-06-19,官方商城,occasional_buyer,paid,delivered,274.0,12.8,0.0,261.2,True,20260903
ORD-0004886,2026-06-19,二手平台,core_buyer,paid,delivered,18.0,0.0,0.0,18.0,True,20260903
ORD-0004887,2026-08-04,淘宝/天猫,core_buyer,paid,delivered,243.0,9.9,0.0,233.1,True,20260903
ORD-0004888,2026-07-11,二手平台,core_buyer,paid,delivered,128.0,12.8,0.0,115.2,True,20260903
ORD-0004889,2026-08-17,淘宝/天猫,core_buyer,paid,delivered,1398.0,104.85,0.0,1293.15,True,20260903
ORD-0004890,2026-07-03,线下展会或快闪店,occasional_buyer,paid,delivered,18.0,2.7,0.0,15.3,True,20260903
ORD-0004891,2026-07-26,官方商城,occasional_buyer,paid,delivered,96.0,0.0,8.0,104.0,True,20260903
ORD-0004892,2026-06-07,线下展会或快闪店,core_buyer,paid,delivered,18.0,0.0,0.0,18.0,True,20260903
ORD-0004893,2026-06-26,淘宝/天猫,potential_buyer,paid,delivered,39.0,0.0,0.0,39.0,True,20260903
ORD-0004894,2026-06-22,官方商城,core_buyer,paid,delivered,48.0,0.0,0.0,48.0,True,20260903
ORD-0004895,2026-06-02,B站会员购,potential_buyer,paid,delivered,99.0,4.95,12.0,106.05,True,20260903
ORD-0004896,2026-08-03,官方商城,core_buyer,paid,delivered,39.0,3.9,12.0,47.1,True,20260903
ORD-0004897,2026-08-11,二手平台,occasional_buyer,paid,delivered,39.0,0.0,8.0,47.0,True,20260903
ORD-0004898,2026-08-21,官方商城,occasional_buyer,paid,delivered,1526.0,76.3,0.0,1449.7,True,20260903
ORD-0004899,2026-07-23,二手平台,core_buyer,paid,delivered,699.0,0.0,0.0,699.0,True,20260903
ORD-0004900,2026-06-08,淘宝/天猫,potential_buyer,paid,delivered,18.0,0.0,0.0,18.0,True,20260903
ORD-0004901,2026-06-27,官方商城,occasional_buyer,paid,delivered,137.0,2.4,0.0,134.6,True,20260903
ORD-0004902,2026-06-23,官方商城,potential_buyer,paid,delivered,18.0,0.0,10.0,28.0,True,20260903
ORD-0004903,2026-07-07,淘宝/天猫,core_buyer,paid,delivered,128.0,12.8,0.0,115.2,True,20260903
ORD-0004904,2026-07-05,淘宝/天猫,potential_buyer,paid,delivered,78.0,0.0,0.0,78.0,True,20260903
ORD-0004905,2026-08-29,二手平台,occasional_buyer,paid,pending,699.0,104.85,0.0,594.15,True,20260903
ORD-0004906,2026-06-16,线下展会或快闪店,potential_buyer,paid,delivered,89.0,4.45,0.0,84.55,True,20260903
ORD-0004907,2026-07-14,线下展会或快闪店,potential_buyer,paid,delivered,78.0,3.9,10.0,84.1,True,20260903
ORD-0004908,2026-07-07,官方商城,occasional_buyer,paid,delivered,89.0,8.9,0.0,80.1,True,20260903
ORD-0004909,2026-06-19,淘宝/天猫,occasional_buyer,paid,delivered,176.0,5.85,0.0,170.15,True,20260903
ORD-0004910,2026-08-10,线下展会或快闪店,core_buyer,paid,delivered,48.0,7.2,12.0,52.8,True,20260903
ORD-0004911,2026-08-03,官方商城,core_buyer,cancelled,cancelled,217.0,6.4,0.0,0.0,True,20260903
ORD-0004912,2026-07-31,官方商城,occasional_buyer,paid,delivered,128.0,0.0,0.0,128.0,True,20260903
ORD-0004913,2026-07-24,B站会员购,occasional_buyer,paid,delivered,48.0,0.0,10.0,58.0,True,20260903
ORD-0004914,2026-08-15,淘宝/天猫,core_buyer,paid,delivered,39.0,0.0,12.0,51.0,True,20260903
ORD-0004915,2026-07-30,线下展会或快闪店,core_buyer,paid,shipped,87.0,1.95,0.0,85.05,True,20260903
ORD-0004916,2026-07-12,淘宝/天猫,occasional_buyer,paid,delivered,699.0,0.0,0.0,699.0,True,20260903
ORD-0004917,2026-06-24,其他,occasional_buyer,paid,delivered,39.0,3.9,10.0,45.1,True,20260903
ORD-0004918,2026-08-20,淘宝/天猫,occasional_buyer,paid,delivered,99.0,9.9,0.0,89.1,True,20260903
ORD-0004919,2026-07-29,官方商城,core_buyer,paid,delivered,89.0,8.9,0.0,80.1,True,20260903
ORD-0004920,2026-07-09,官方商城,occasional_buyer,paid,delivered,117.0,0.9,0.0,116.1,True,20260903
ORD-0004921,2026-07-28,淘宝/天猫,potential_buyer,paid,delivered,39.0,0.0,10.0,49.0,True,20260903
ORD-0004922,2026-07-28,B站会员购,potential_buyer,paid,delivered,89.0,0.0,10.0,99.0,True,20260903
ORD-0004923,2026-08-09,B站会员购,core_buyer,paid,delivered,48.0,2.4,0.0,45.6,True,20260903
ORD-0004924,2026-06-28,淘宝/天猫,potential_buyer,paid,delivered,48.0,0.0,8.0,56.0,True,20260903
ORD-0004925,2026-07-09,B站会员购,core_buyer,paid,shipped,117.0,0.9,0.0,116.1,True,20260903
ORD-0004926,2026-08-21,B站会员购,occasional_buyer,paid,delivered,699.0,34.95,0.0,664.05,True,20260903
ORD-0004927,2026-08-13,线下展会或快闪店,occasional_buyer,paid,delivered,699.0,0.0,0.0,699.0,True,20260903
ORD-0004928,2026-07-04,淘宝/天猫,occasional_buyer,paid,delivered,227.0,17.75,0.0,209.25,True,20260903
ORD-0004929,2026-06-28,线下展会或快闪店,potential_buyer,paid,shipped,48.0,4.8,12.0,55.2,True,20260903
ORD-0004930,2026-06-29,淘宝/天猫,core_buyer,paid,delivered,846.0,7.35,0.0,838.65,True,20260903
ORD-0004931,2026-06-11,B站会员购,core_buyer,paid,delivered,699.0,0.0,0.0,699.0,True,20260903
ORD-0004932,2026-07-27,淘宝/天猫,core_buyer,paid,delivered,99.0,9.9,10.0,99.1,True,20260903
ORD-0004933,2026-07-01,B站会员购,occasional_buyer,paid,delivered,96.0,2.4,10.0,103.6,True,20260903
ORD-0004934,2026-06-07,官方商城,occasional_buyer,paid,delivered,39.0,3.9,0.0,35.1,True,20260903
ORD-0004935,2026-07-30,官方商城,potential_buyer,paid,delivered,89.0,8.9,0.0,80.1,True,20260903
ORD-0004936,2026-07-23,B站会员购,potential_buyer,paid,delivered,128.0,0.0,0.0,128.0,True,20260903
ORD-0004937,2026-07-26,官方商城,occasional_buyer,paid,delivered,18.0,0.0,8.0,26.0,True,20260903
ORD-0004938,2026-08-19,二手平台,core_buyer,paid,delivered,176.0,4.45,0.0,171.55,True,20260903
ORD-0004939,2026-07-20,官方商城,potential_buyer,cancelled,cancelled,147.0,0.0,0.0,0.0,True,20260903
ORD-0004940,2026-07-06,官方商城,occasional_buyer,paid,delivered,128.0,0.0,0.0,128.0,True,20260903
ORD-0004941,2026-06-09,淘宝/天猫,potential_buyer,paid,delivered,89.0,0.0,0.0,89.0,True,20260903
ORD-0004942,2026-06-17,淘宝/天猫,occasional_buyer,cancelled,cancelled,699.0,104.85,0.0,0.0,True,20260903
ORD-0004943,2026-07-10,淘宝/天猫,occasional_buyer,paid,delivered,96.0,0.0,10.0,106.0,True,20260903
ORD-0004944,2026-08-25,淘宝/天猫,core_buyer,paid,delivered,227.0,4.95,0.0,222.05,True,20260903
ORD-0004945,2026-06-26,B站会员购,occasional_buyer,paid,delivered,699.0,0.0,0.0,699.0,True,20260903
ORD-0004946,2026-07-15,淘宝/天猫,occasional_buyer,paid,delivered,699.0,0.0,0.0,699.0,True,20260903
ORD-0004947,2026-08-22,官方商城,occasional_buyer,paid,delivered,99.0,0.0,0.0,99.0,True,20260903
ORD-0004948,2026-07-25,淘宝/天猫,occasional_buyer,paid,delivered,89.0,0.0,12.0,101.0,True,20260903
ORD-0004949,2026-07-23,淘宝/天猫,core_buyer,paid,delivered,167.0,1.95,0.0,165.05,True,20260903
ORD-0004950,2026-07-11,B站会员购,occasional_buyer,paid,delivered,747.0,0.0,0.0,747.0,True,20260903
ORD-0004951,2026-06-02,直播间,core_buyer,paid,delivered,18.0,0.9,0.0,17.1,True,20260903
ORD-0004952,2026-08-08,淘宝/天猫,core_buyer,paid,delivered,128.0,6.4,0.0,121.6,True,20260903
ORD-0004953,2026-08-02,直播间,core_buyer,paid,delivered,128.0,0.0,0.0,128.0,True,20260903
ORD-0004954,2026-06-28,其他,occasional_buyer,paid,delivered,18.0,0.9,10.0,27.1,True,20260903
ORD-0004955,2026-06-18,淘宝/天猫,occasional_buyer,paid,delivered,48.0,2.4,10.0,55.6,True,20260903
ORD-0004956,2026-07-10,B站会员购,potential_buyer,paid,delivered,89.0,8.9,12.0,92.1,True,20260903
ORD-0004957,2026-08-10,淘宝/天猫,occasional_buyer,paid,delivered,99.0,0.0,0.0,99.0,True,20260903
ORD-0004958,2026-07-09,淘宝/天猫,occasional_buyer,paid,delivered,194.0,1.8,0.0,192.2,True,20260903
ORD-0004959,2026-07-27,官方商城,core_buyer,paid,delivered,146.0,12.8,0.0,133.2,True,20260903
ORD-0004960,2026-08-15,B站会员购,core_buyer,paid,delivered,198.0,0.0,0.0,198.0,True,20260903
ORD-0004961,2026-08-29,线下展会或快闪店,core_buyer,paid,delivered,99.0,9.9,0.0,89.1,True,20260903
ORD-0004962,2026-07-04,淘宝/天猫,occasional_buyer,paid,delivered,18.0,0.0,0.0,18.0,True,20260903
ORD-0004963,2026-07-31,淘宝/天猫,core_buyer,paid,delivered,66.0,2.4,8.0,71.6,True,20260903
ORD-0004964,2026-08-05,线下展会或快闪店,occasional_buyer,paid,delivered,39.0,0.0,10.0,49.0,True,20260903
ORD-0004965,2026-08-26,线下展会或快闪店,occasional_buyer,paid,pending,39.0,0.0,0.0,39.0,True,20260903
ORD-0004966,2026-08-09,淘宝/天猫,core_buyer,paid,delivered,146.0,12.8,0.0,133.2,True,20260903
ORD-0004967,2026-06-06,淘宝/天猫,core_buyer,paid,delivered,747.0,0.0,0.0,747.0,True,20260903
ORD-0004968,2026-06-22,淘宝/天猫,occasional_buyer,cancelled,cancelled,128.0,0.0,0.0,0.0,True,20260903
ORD-0004969,2026-07-01,二手平台,core_buyer,paid,delivered,699.0,0.0,0.0,699.0,True,20260903
ORD-0004970,2026-08-19,淘宝/天猫,occasional_buyer,cancelled,cancelled,128.0,0.0,0.0,0.0,True,20260903
ORD-0004971,2026-08-02,B站会员购,core_buyer,paid,delivered,39.0,5.85,0.0,33.15,True,20260903
ORD-0004972,2026-07-22,淘宝/天猫,potential_buyer,paid,delivered,128.0,4.45,0.0,123.55,True,20260903
ORD-0004973,2026-07-03,官方商城,core_buyer,paid,delivered,135.0,2.4,0.0,132.6,True,20260903
ORD-0004974,2026-06-19,官方商城,core_buyer,paid,delivered,216.0,0.0,0.0,216.0,True,20260903
ORD-0004975,2026-06-24,线下展会或快闪店,core_buyer,paid,delivered,18.0,0.0,10.0,28.0,True,20260903
ORD-0004976,2026-07-24,官方商城,occasional_buyer,paid,delivered,48.0,4.8,8.0,51.2,True,20260903
ORD-0004977,2026-06-19,淘宝/天猫,potential_buyer,paid,delivered,89.0,0.0,0.0,89.0,True,20260903
ORD-0004978,2026-07-10,淘宝/天猫,core_buyer,paid,delivered,128.0,12.8,0.0,115.2,True,20260903
ORD-0004979,2026-08-08,官方商城,core_buyer,paid,delivered,128.0,5.85,0.0,122.15,True,20260903
ORD-0004980,2026-08-17,官方商城,potential_buyer,paid,delivered,89.0,4.45,0.0,84.55,True,20260903
ORD-0004981,2026-08-22,淘宝/天猫,occasional_buyer,paid,delivered,99.0,0.0,0.0,99.0,True,20260903
ORD-0004982,2026-08-23,二手平台,core_buyer,paid,delivered,256.0,32.0,0.0,224.0,True,20260903
ORD-0004983,2026-07-18,线下展会或快闪店,core_buyer,paid,delivered,699.0,0.0,0.0,699.0,True,20260903
ORD-0004984,2026-07-31,B站会员购,occasional_buyer,paid,delivered,89.0,13.35,10.0,85.65,True,20260903
ORD-0004985,2026-08-16,官方商城,occasional_buyer,paid,delivered,128.0,12.8,0.0,115.2,True,20260903
ORD-0004986,2026-06-24,官方商城,core_buyer,paid,delivered,699.0,69.9,0.0,629.1,True,20260903
ORD-0004987,2026-06-25,淘宝/天猫,occasional_buyer,paid,delivered,226.0,2.4,0.0,223.6,True,20260903
ORD-0004988,2026-06-21,线下展会或快闪店,core_buyer,paid,delivered,128.0,0.0,0.0,128.0,True,20260903
ORD-0004989,2026-07-18,线下展会或快闪店,occasional_buyer,paid,delivered,18.0,0.0,10.0,28.0,True,20260903
ORD-0004990,2026-08-17,B站会员购,core_buyer,paid,delivered,89.0,13.35,8.0,83.65,True,20260903
ORD-0004991,2026-08-04,淘宝/天猫,occasional_buyer,paid,delivered,48.0,0.0,8.0,56.0,True,20260903
ORD-0004992,2026-06-16,B站会员购,occasional_buyer,paid,delivered,78.0,3.9,0.0,74.1,True,20260903
ORD-0004993,2026-08-22,官方商城,occasional_buyer,paid,delivered,128.0,0.0,0.0,128.0,True,20260903
ORD-0004994,2026-07-23,官方商城,core_buyer,paid,shipped,36.0,0.0,0.0,36.0,True,20260903
ORD-0004995,2026-07-22,淘宝/天猫,core_buyer,paid,delivered,128.0,12.8,0.0,115.2,True,20260903
ORD-0004996,2026-07-18,二手平台,occasional_buyer,paid,delivered,36.0,2.7,0.0,33.3,True,20260903
ORD-0004997,2026-08-02,官方商城,core_buyer,paid,delivered,89.0,0.0,0.0,89.0,True,20260903
ORD-0004998,2026-08-13,线下展会或快闪店,core_buyer,paid,delivered,89.0,8.9,10.0,90.1,True,20260903
ORD-0004999,2026-06-12,淘宝/天猫,core_buyer,paid,delivered,39.0,0.0,8.0,47.0,True,20260903
ORD-0005000,2026-07-22,官方商城,occasional_buyer,paid,delivered,39.0,0.0,8.0,47.0,True,20260903
ORD-0005001,2026-06-17,淘宝/天猫,core_buyer,paid,delivered,135.0,1.95,0.0,133.05,True,20260903
ORD-0005002,2026-08-08,线下展会或快闪店,potential_buyer,paid,delivered,738.0,34.95,0.0,703.05,True,20260903
ORD-0005003,2026-07-07,官方商城,occasional_buyer,paid,delivered,246.0,2.4,0.0,243.6,True,20260903
ORD-0005004,2026-07-02,淘宝/天猫,core_buyer,paid,delivered,99.0,4.95,8.0,102.05,True,20260903
ORD-0005005,2026-06-20,B站会员购,core_buyer,paid,delivered,747.0,72.3,0.0,674.7,True,20260903
ORD-0005006,2026-06-27,淘宝/天猫,core_buyer,paid,delivered,217.0,8.9,0.0,208.1,True,20260903
ORD-0005007,2026-08-02,B站会员购,core_buyer,paid,delivered,227.0,0.0,0.0,227.0,True,20260903
ORD-0005008,2026-06-05,官方商城,core_buyer,paid,delivered,18.0,0.0,0.0,18.0,True,20260903
ORD-0005009,2026-07-30,淘宝/天猫,core_buyer,paid,delivered,138.0,0.0,0.0,138.0,True,20260903
ORD-0005010,2026-08-06,官方商城,core_buyer,paid,delivered,188.0,23.25,0.0,164.75,True,20260903
ORD-0005011,2026-08-08,B站会员购,core_buyer,paid,delivered,699.0,0.0,0.0,699.0,True,20260903
ORD-0005012,2026-06-14,淘宝/天猫,occasional_buyer,paid,delivered,18.0,0.0,10.0,28.0,True,20260903
ORD-0005013,2026-07-23,淘宝/天猫,occasional_buyer,paid,delivered,18.0,0.0,8.0,26.0,True,20260903
ORD-0005014,2026-06-16,淘宝/天猫,occasional_buyer,paid,delivered,89.0,13.35,0.0,75.65,True,20260903
ORD-0005015,2026-08-03,线下展会或快闪店,occasional_buyer,paid,delivered,699.0,0.0,0.0,699.0,True,20260903
ORD-0005016,2026-08-10,B站会员购,potential_buyer,paid,delivered,827.0,1.95,0.0,825.05,True,20260903
ORD-0005017,2026-06-21,官方商城,core_buyer,paid,delivered,89.0,0.0,10.0,99.0,True,20260903
ORD-0005018,2026-06-04,官方商城,occasional_buyer,paid,delivered,48.0,2.4,8.0,53.6,True,20260903
ORD-0005019,2026-07-12,淘宝/天猫,occasional_buyer,paid,delivered,699.0,0.0,0.0,699.0,True,20260903
ORD-0005020,2026-06-19,B站会员购,occasional_buyer,paid,delivered,18.0,0.0,8.0,26.0,True,20260903
ORD-0005021,2026-06-27,淘宝/天猫,occasional_buyer,paid,delivered,699.0,69.9,0.0,629.1,True,20260903
ORD-0005022,2026-08-17,直播间,occasional_buyer,paid,delivered,717.0,71.7,0.0,645.3,True,20260903
ORD-0005023,2026-07-15,B站会员购,occasional_buyer,paid,pending,48.0,0.0,0.0,48.0,True,20260903
ORD-0005024,2026-06-27,淘宝/天猫,occasional_buyer,paid,delivered,107.0,0.9,0.0,106.1,True,20260903
ORD-0005025,2026-06-11,官方商城,core_buyer,paid,delivered,39.0,0.0,8.0,47.0,True,20260903
ORD-0005026,2026-08-24,淘宝/天猫,occasional_buyer,paid,delivered,18.0,0.0,10.0,28.0,True,20260903
ORD-0005027,2026-07-08,B站会员购,occasional_buyer,paid,delivered,128.0,0.0,0.0,128.0,True,20260903
ORD-0005028,2026-08-03,官方商城,core_buyer,paid,delivered,48.0,2.4,8.0,53.6,True,20260903
ORD-0005029,2026-08-11,B站会员购,core_buyer,cancelled,cancelled,217.0,21.7,0.0,0.0,True,20260903
ORD-0005030,2026-07-25,淘宝/天猫,occasional_buyer,paid,delivered,1398.0,139.8,0.0,1258.2,True,20260903
ORD-0005031,2026-08-01,淘宝/天猫,occasional_buyer,cancelled,cancelled,128.0,12.8,0.0,0.0,True,20260903
ORD-0005032,2026-08-17,淘宝/天猫,core_buyer,paid,delivered,128.0,6.4,0.0,121.6,True,20260903
ORD-0005033,2026-06-19,官方商城,occasional_buyer,paid,delivered,198.0,9.9,0.0,188.1,True,20260903
ORD-0005034,2026-07-15,淘宝/天猫,occasional_buyer,paid,shipped,18.0,2.7,0.0,15.3,True,20260903
ORD-0005035,2026-07-20,二手平台,potential_buyer,paid,delivered,128.0,6.4,0.0,121.6,True,20260903
ORD-0005036,2026-08-22,线下展会或快闪店,core_buyer,paid,delivered,178.0,8.9,0.0,169.1,True,20260903
ORD-0005037,2026-06-17,B站会员购,occasional_buyer,paid,delivered,39.0,0.0,0.0,39.0,True,20260903
ORD-0005038,2026-07-25,官方商城,core_buyer,paid,delivered,66.0,1.8,8.0,72.2,True,20260903
ORD-0005039,2026-06-10,淘宝/天猫,occasional_buyer,paid,delivered,48.0,4.8,10.0,53.2,True,20260903
ORD-0005040,2026-08-29,官方商城,core_buyer,paid,delivered,39.0,3.9,0.0,35.1,True,20260903
ORD-0005041,2026-07-21,B站会员购,occasional_buyer,paid,shipped,198.0,0.0,0.0,198.0,True,20260903
ORD-0005042,2026-06-15,淘宝/天猫,core_buyer,paid,delivered,99.0,0.0,0.0,99.0,True,20260903
ORD-0005043,2026-07-21,线下展会或快闪店,potential_buyer,paid,delivered,99.0,0.0,0.0,99.0,True,20260903
ORD-0005044,2026-06-18,线下展会或快闪店,potential_buyer,paid,delivered,747.0,69.9,0.0,677.1,True,20260903
ORD-0005045,2026-07-08,二手平台,potential_buyer,paid,delivered,18.0,0.9,10.0,27.1,True,20260903
ORD-0005046,2026-07-08,官方商城,core_buyer,paid,delivered,89.0,13.35,8.0,83.65,True,20260903
ORD-0005047,2026-07-07,淘宝/天猫,occasional_buyer,paid,delivered,274.0,27.4,0.0,246.6,True,20260903
ORD-0005048,2026-07-25,B站会员购,core_buyer,paid,delivered,138.0,9.9,0.0,128.1,True,20260903
ORD-0005049,2026-08-28,淘宝/天猫,occasional_buyer,paid,delivered,699.0,0.0,0.0,699.0,True,20260903
ORD-0005050,2026-08-03,B站会员购,occasional_buyer,paid,delivered,99.0,0.0,0.0,99.0,True,20260903
ORD-0005051,2026-06-19,官方商城,core_buyer,paid,delivered,128.0,0.0,0.0,128.0,True,20260903
ORD-0005052,2026-06-23,二手平台,potential_buyer,paid,delivered,48.0,0.0,0.0,48.0,True,20260903
ORD-0005053,2026-08-16,淘宝/天猫,core_buyer,paid,delivered,18.0,0.9,0.0,17.1,True,20260903
ORD-0005054,2026-07-01,官方商城,core_buyer,paid,delivered,18.0,0.0,8.0,26.0,True,20260903
ORD-0005055,2026-08-02,B站会员购,occasional_buyer,paid,delivered,993.0,19.8,0.0,973.2,True,20260903
ORD-0005056,2026-08-12,官方商城,potential_buyer,paid,delivered,18.0,0.9,10.0,27.1,True,20260903
ORD-0005057,2026-06-24,官方商城,core_buyer,paid,shipped,699.0,34.95,0.0,664.05,True,20260903
ORD-0005058,2026-07-01,线下展会或快闪店,occasional_buyer,paid,delivered,699.0,0.0,0.0,699.0,True,20260903
ORD-0005059,2026-06-01,二手平台,occasional_buyer,paid,delivered,89.0,0.0,0.0,89.0,True,20260903
ORD-0005060,2026-08-05,官方商城,core_buyer,paid,delivered,18.0,0.0,8.0,26.0,True,20260903
ORD-0005061,2026-07-29,B站会员购,occasional_buyer,paid,delivered,89.0,0.0,8.0,97.0,True,20260903
ORD-0005062,2026-08-06,淘宝/天猫,occasional_buyer,paid,delivered,39.0,0.0,0.0,39.0,True,20260903
ORD-0005063,2026-07-31,淘宝/天猫,occasional_buyer,paid,delivered,315.0,14.85,0.0,300.15,True,20260903
ORD-0005064,2026-08-04,线下展会或快闪店,occasional_buyer,paid,delivered,699.0,0.0,0.0,699.0,True,20260903
ORD-0005065,2026-08-29,二手平台,occasional_buyer,paid,delivered,798.0,0.0,0.0,798.0,True,20260903
ORD-0005066,2026-08-17,官方商城,potential_buyer,paid,delivered,1526.0,146.2,0.0,1379.8,True,20260903
ORD-0005067,2026-07-26,淘宝/天猫,potential_buyer,cancelled,cancelled,48.0,0.0,8.0,0.0,True,20260903
ORD-0005068,2026-06-11,淘宝/天猫,occasional_buyer,paid,shipped,226.0,7.2,0.0,218.8,True,20260903
ORD-0005069,2026-08-12,官方商城,core_buyer,paid,delivered,99.0,0.0,0.0,99.0,True,20260903
ORD-0005070,2026-07-31,B站会员购,potential_buyer,paid,delivered,99.0,0.0,0.0,99.0,True,20260903
ORD-0005071,2026-06-21,B站会员购,core_buyer,paid,delivered,297.0,24.75,0.0,272.25,True,20260903
ORD-0005072,2026-06-19,官方商城,core_buyer,paid,delivered,99.0,0.0,0.0,99.0,True,20260903
ORD-0005073,2026-06-19,淘宝/天猫,occasional_buyer,paid,delivered,699.0,0.0,0.0,699.0,True,20260903
ORD-0005074,2026-06-04,淘宝/天猫,occasional_buyer,paid,delivered,128.0,8.35,0.0,119.65,True,20260903
ORD-0005075,2026-07-30,淘宝/天猫,potential_buyer,paid,delivered,39.0,0.0,0.0,39.0,True,20260903
ORD-0005076,2026-06-20,B站会员购,occasional_buyer,paid,delivered,18.0,2.7,8.0,23.3,True,20260903
ORD-0005077,2026-08-13,官方商城,core_buyer,paid,delivered,137.0,13.7,0.0,123.3,True,20260903
ORD-0005078,2026-06-24,二手平台,core_buyer,paid,delivered,128.0,0.0,0.0,128.0,True,20260903
ORD-0005079,2026-07-26,B站会员购,core_buyer,paid,delivered,18.0,0.0,0.0,18.0,True,20260903
ORD-0005080,2026-08-18,线下展会或快闪店,core_buyer,paid,pending,138.0,0.0,0.0,138.0,True,20260903
ORD-0005081,2026-07-31,B站会员购,occasional_buyer,paid,delivered,78.0,3.9,0.0,74.1,True,20260903
ORD-0005082,2026-08-11,官方商城,core_buyer,paid,delivered,2196.0,104.85,0.0,2091.15,True,20260903
ORD-0005083,2026-06-13,B站会员购,occasional_buyer,cancelled,cancelled,18.0,1.8,10.0,0.0,True,20260903
ORD-0005084,2026-06-15,淘宝/天猫,core_buyer,paid,delivered,1398.0,34.95,0.0,1363.05,True,20260903
ORD-0005085,2026-07-06,二手平台,core_buyer,paid,delivered,48.0,4.8,0.0,43.2,True,20260903
ORD-0005086,2026-06-10,淘宝/天猫,core_buyer,paid,delivered,825.0,34.95,0.0,790.05,True,20260903
ORD-0005087,2026-06-27,线下展会或快闪店,occasional_buyer,paid,delivered,66.0,5.7,0.0,60.3,True,20260903
ORD-0005088,2026-07-17,线下展会或快闪店,occasional_buyer,paid,delivered,99.0,0.0,0.0,99.0,True,20260903
ORD-0005089,2026-08-16,淘宝/天猫,core_buyer,paid,delivered,48.0,0.0,8.0,56.0,True,20260903
ORD-0005090,2026-07-09,官方商城,core_buyer,paid,delivered,699.0,0.0,0.0,699.0,True,20260903
ORD-0005091,2026-08-07,B站会员购,core_buyer,paid,delivered,39.0,0.0,8.0,47.0,True,20260903
ORD-0005092,2026-07-28,官方商城,core_buyer,paid,shipped,18.0,0.9,10.0,27.1,True,20260903
ORD-0005093,2026-06-07,其他,core_buyer,paid,delivered,99.0,14.85,10.0,94.15,True,20260903
ORD-0005094,2026-08-07,官方商城,potential_buyer,paid,delivered,48.0,0.0,12.0,60.0,True,20260903
ORD-0005095,2026-08-09,官方商城,occasional_buyer,paid,delivered,198.0,19.8,0.0,178.2,True,20260903
ORD-0005096,2026-08-14,官方商城,occasional_buyer,paid,delivered,48.0,0.0,12.0,60.0,True,20260903
ORD-0005097,2026-07-05,B站会员购,potential_buyer,paid,delivered,699.0,69.9,0.0,629.1,True,20260903
ORD-0005098,2026-06-11,B站会员购,occasional_buyer,paid,delivered,699.0,0.0,0.0,699.0,True,20260903
ORD-0005099,2026-07-21,淘宝/天猫,core_buyer,paid,delivered,747.0,69.9,0.0,677.1,True,20260903
ORD-0005100,2026-06-22,淘宝/天猫,core_buyer,paid,delivered,177.0,7.8,0.0,169.2,True,20260903
ORD-0005101,2026-07-01,线下展会或快闪店,occasional_buyer,paid,shipped,48.0,7.2,8.0,48.8,True,20260903
ORD-0005102,2026-07-19,淘宝/天猫,occasional_buyer,paid,delivered,39.0,0.0,0.0,39.0,True,20260903
ORD-0005103,2026-06-16,官方商城,occasional_buyer,paid,shipped,99.0,0.0,0.0,99.0,True,20260903
ORD-0005104,2026-07-12,官方商城,potential_buyer,paid,delivered,107.0,1.8,0.0,105.2,True,20260903
ORD-0005105,2026-07-29,淘宝/天猫,potential_buyer,paid,delivered,18.0,0.0,8.0,26.0,True,20260903
ORD-0005106,2026-06-23,淘宝/天猫,occasional_buyer,paid,delivered,699.0,0.0,0.0,699.0,True,20260903
ORD-0005107,2026-07-11,淘宝/天猫,core_buyer,paid,delivered,117.0,11.7,0.0,105.3,True,20260903
ORD-0005108,2026-07-17,B站会员购,occasional_buyer,paid,delivered,128.0,0.0,0.0,128.0,True,20260903
ORD-0005109,2026-08-01,淘宝/天猫,core_buyer,paid,delivered,326.0,9.9,0.0,316.1,True,20260903
ORD-0005110,2026-07-01,淘宝/天猫,occasional_buyer,paid,delivered,178.0,17.8,0.0,160.2,True,20260903
ORD-0005111,2026-06-26,淘宝/天猫,occasional_buyer,paid,delivered,137.0,11.3,0.0,125.7,True,20260903
ORD-0005112,2026-07-25,淘宝/天猫,potential_buyer,paid,delivered,48.0,0.0,10.0,58.0,True,20260903
ORD-0005113,2026-06-14,线下展会或快闪店,core_buyer,paid,delivered,198.0,19.8,0.0,178.2,True,20260903
ORD-0005114,2026-08-01,B站会员购,occasional_buyer,paid,delivered,18.0,0.9,0.0,17.1,True,20260903
ORD-0005115,2026-08-09,淘宝/天猫,occasional_buyer,paid,delivered,18.0,0.0,0.0,18.0,True,20260903
ORD-0005116,2026-07-19,线下展会或快闪店,occasional_buyer,paid,delivered,198.0,9.9,0.0,188.1,True,20260903
ORD-0005117,2026-07-28,官方商城,potential_buyer,paid,delivered,18.0,0.0,8.0,26.0,True,20260903
ORD-0005118,2026-06-15,官方商城,occasional_buyer,paid,delivered,89.0,0.0,8.0,97.0,True,20260903
ORD-0005119,2026-07-25,官方商城,occasional_buyer,paid,delivered,128.0,0.0,0.0,128.0,True,20260903
ORD-0005120,2026-08-03,淘宝/天猫,potential_buyer,paid,delivered,137.0,8.9,0.0,128.1,True,20260903
ORD-0005121,2026-07-03,官方商城,potential_buyer,paid,delivered,89.0,13.35,0.0,75.65,True,20260903
ORD-0005122,2026-07-28,官方商城,core_buyer,paid,delivered,144.0,0.0,0.0,144.0,True,20260903
ORD-0005123,2026-07-05,淘宝/天猫,potential_buyer,paid,delivered,18.0,1.8,8.0,24.2,True,20260903
ORD-0005124,2026-08-05,线下展会或快闪店,core_buyer,cancelled,cancelled,36.0,5.4,10.0,0.0,True,20260903
ORD-0005125,2026-06-21,B站会员购,core_buyer,paid,delivered,128.0,6.4,0.0,121.6,True,20260903
ORD-0005126,2026-07-18,淘宝/天猫,occasional_buyer,paid,delivered,188.0,0.0,0.0,188.0,True,20260903
ORD-0005127,2026-07-22,淘宝/天猫,occasional_buyer,paid,delivered,89.0,0.0,8.0,97.0,True,20260903
ORD-0005128,2026-07-28,B站会员购,occasional_buyer,paid,delivered,18.0,0.0,0.0,18.0,True,20260903
ORD-0005129,2026-08-07,二手平台,potential_buyer,paid,delivered,39.0,3.9,8.0,43.1,True,20260903
ORD-0005130,2026-08-23,线下展会或快闪店,occasional_buyer,paid,shipped,128.0,6.4,0.0,121.6,True,20260903
ORD-0005131,2026-07-07,官方商城,potential_buyer,paid,delivered,128.0,0.0,0.0,128.0,True,20260903
ORD-0005132,2026-07-04,二手平台,core_buyer,paid,delivered,178.0,0.0,0.0,178.0,True,20260903
ORD-0005133,2026-06-18,淘宝/天猫,potential_buyer,paid,delivered,352.0,0.0,0.0,352.0,True,20260903
ORD-0005134,2026-08-29,淘宝/天猫,core_buyer,paid,delivered,226.0,13.35,0.0,212.65,True,20260903
ORD-0005135,2026-08-22,二手平台,core_buyer,paid,shipped,36.0,0.0,8.0,44.0,True,20260903
ORD-0005136,2026-06-29,官方商城,core_buyer,paid,delivered,1398.0,0.0,0.0,1398.0,True,20260903
ORD-0005137,2026-08-27,线下展会或快闪店,potential_buyer,paid,delivered,39.0,0.0,10.0,49.0,True,20260903
ORD-0005138,2026-06-17,官方商城,core_buyer,paid,delivered,699.0,34.95,0.0,664.05,True,20260903
ORD-0005139,2026-08-20,淘宝/天猫,potential_buyer,paid,delivered,117.0,0.0,0.0,117.0,True,20260903
ORD-0005140,2026-07-02,二手平台,occasional_buyer,paid,delivered,99.0,0.0,0.0,99.0,True,20260903
ORD-0005141,2026-06-24,二手平台,occasional_buyer,paid,delivered,699.0,0.0,0.0,699.0,True,20260903
ORD-0005142,2026-08-11,线下展会或快闪店,core_buyer,cancelled,cancelled,89.0,8.9,0.0,0.0,True,20260903
ORD-0005143,2026-08-09,淘宝/天猫,occasional_buyer,paid,delivered,48.0,4.8,10.0,53.2,True,20260903
ORD-0005144,2026-08-22,B站会员购,potential_buyer,paid,shipped,699.0,0.0,0.0,699.0,True,20260903
ORD-0005145,2026-06-16,淘宝/天猫,occasional_buyer,paid,shipped,128.0,6.4,0.0,121.6,True,20260903
ORD-0005146,2026-06-23,淘宝/天猫,core_buyer,paid,delivered,99.0,9.9,8.0,97.1,True,20260903
ORD-0005147,2026-06-04,官方商城,occasional_buyer,paid,delivered,99.0,0.0,0.0,99.0,True,20260903
ORD-0005148,2026-06-11,淘宝/天猫,occasional_buyer,paid,delivered,39.0,0.0,10.0,49.0,True,20260903
ORD-0005149,2026-08-25,线下展会或快闪店,occasional_buyer,paid,delivered,18.0,0.0,8.0,26.0,True,20260903
ORD-0005150,2026-06-12,线下展会或快闪店,core_buyer,paid,delivered,747.0,74.7,0.0,672.3,True,20260903
ORD-0005151,2026-08-15,官方商城,occasional_buyer,paid,delivered,89.0,13.35,0.0,75.65,True,20260903
ORD-0005152,2026-07-29,淘宝/天猫,occasional_buyer,paid,delivered,198.0,29.7,0.0,168.3,True,20260903
ORD-0005153,2026-07-29,官方商城,occasional_buyer,paid,delivered,89.0,0.0,0.0,89.0,True,20260903
ORD-0005154,2026-08-02,淘宝/天猫,potential_buyer,paid,delivered,1083.0,6.4,0.0,1076.6,True,20260903
ORD-0005155,2026-06-13,官方商城,core_buyer,paid,delivered,699.0,69.9,0.0,629.1,True,20260903
ORD-0005156,2026-08-08,B站会员购,potential_buyer,paid,delivered,99.0,0.0,0.0,99.0,True,20260903
ORD-0005157,2026-06-19,官方商城,occasional_buyer,paid,delivered,99.0,0.0,0.0,99.0,True,20260903
ORD-0005158,2026-06-17,线下展会或快闪店,core_buyer,paid,delivered,89.0,4.45,8.0,92.55,True,20260903
ORD-0005159,2026-06-25,淘宝/天猫,core_buyer,paid,delivered,699.0,0.0,0.0,699.0,True,20260903
ORD-0005160,2026-06-24,直播间,occasional_buyer,paid,delivered,99.0,9.9,0.0,89.1,True,20260903
ORD-0005161,2026-07-27,B站会员购,core_buyer,paid,delivered,747.0,34.95,0.0,712.05,True,20260903
ORD-0005162,2026-06-21,B站会员购,occasional_buyer,paid,delivered,99.0,9.9,8.0,97.1,True,20260903
ORD-0005163,2026-06-10,淘宝/天猫,occasional_buyer,paid,delivered,147.0,2.4,0.0,144.6,True,20260903
ORD-0005164,2026-08-03,官方商城,potential_buyer,paid,delivered,99.0,4.95,10.0,104.05,True,20260903
ORD-0005165,2026-08-01,B站会员购,potential_buyer,paid,delivered,39.0,3.9,8.0,43.1,True,20260903
ORD-0005166,2026-08-02,官方商城,potential_buyer,paid,delivered,99.0,14.85,0.0,84.15,True,20260903
ORD-0005167,2026-06-28,B站会员购,core_buyer,paid,delivered,48.0,4.8,0.0,43.2,True,20260903
ORD-0005168,2026-06-19,淘宝/天猫,core_buyer,paid,delivered,117.0,1.8,0.0,115.2,True,20260903
ORD-0005169,2026-06-02,淘宝/天猫,core_buyer,paid,pending,39.0,0.0,0.0,39.0,True,20260903
ORD-0005170,2026-06-28,直播间,core_buyer,paid,delivered,128.0,0.0,0.0,128.0,True,20260903
ORD-0005171,2026-07-26,淘宝/天猫,core_buyer,paid,delivered,99.0,0.0,0.0,99.0,True,20260903
ORD-0005172,2026-08-04,B站会员购,occasional_buyer,paid,delivered,256.0,0.0,0.0,256.0,True,20260903
ORD-0005173,2026-06-30,B站会员购,core_buyer,paid,delivered,128.0,0.0,0.0,128.0,True,20260903
ORD-0005174,2026-07-16,官方商城,occasional_buyer,paid,delivered,39.0,1.95,10.0,47.05,True,20260903
ORD-0005175,2026-06-19,官方商城,occasional_buyer,paid,delivered,36.0,3.6,0.0,32.4,True,20260903
ORD-0005176,2026-07-20,其他,occasional_buyer,paid,delivered,699.0,69.9,0.0,629.1,True,20260903
ORD-0005177,2026-07-10,官方商城,core_buyer,paid,delivered,87.0,0.0,8.0,95.0,True,20260903
ORD-0005178,2026-07-20,其他,core_buyer,paid,delivered,18.0,0.0,0.0,18.0,True,20260903
ORD-0005179,2026-07-13,官方商城,core_buyer,paid,delivered,18.0,0.0,8.0,26.0,True,20260903
ORD-0005180,2026-06-29,淘宝/天猫,potential_buyer,paid,delivered,39.0,0.0,8.0,47.0,True,20260903
ORD-0005181,2026-08-16,线下展会或快闪店,occasional_buyer,paid,delivered,87.0,4.8,8.0,90.2,True,20260903
ORD-0005182,2026-07-25,官方商城,core_buyer,paid,delivered,137.0,8.9,0.0,128.1,True,20260903
ORD-0005183,2026-08-27,淘宝/天猫,occasional_buyer,paid,delivered,18.0,0.0,0.0,18.0,True,20260903
ORD-0005184,2026-08-15,直播间,core_buyer,paid,delivered,39.0,0.0,0.0,39.0,True,20260903
ORD-0005185,2026-06-09,二手平台,core_buyer,paid,delivered,39.0,3.9,0.0,35.1,True,20260903
ORD-0005186,2026-06-26,B站会员购,core_buyer,paid,delivered,39.0,0.0,0.0,39.0,True,20260903
ORD-0005187,2026-06-03,淘宝/天猫,occasional_buyer,paid,delivered,128.0,6.4,0.0,121.6,True,20260903
ORD-0005188,2026-06-18,B站会员购,core_buyer,paid,delivered,18.0,0.0,8.0,26.0,True,20260903
ORD-0005189,2026-07-03,淘宝/天猫,core_buyer,paid,delivered,99.0,0.0,0.0,99.0,True,20260903
ORD-0005190,2026-07-21,淘宝/天猫,core_buyer,paid,delivered,128.0,6.4,0.0,121.6,True,20260903
ORD-0005191,2026-06-18,官方商城,occasional_buyer,paid,delivered,738.0,40.8,0.0,697.2,True,20260903
ORD-0005192,2026-06-15,B站会员购,core_buyer,paid,delivered,48.0,2.4,0.0,45.6,True,20260903
ORD-0005193,2026-07-03,官方商城,occasional_buyer,paid,delivered,87.0,0.0,0.0,87.0,True,20260903
ORD-0005194,2026-06-28,线下展会或快闪店,core_buyer,paid,delivered,18.0,0.0,0.0,18.0,True,20260903
ORD-0005195,2026-07-23,官方商城,occasional_buyer,paid,delivered,167.0,12.8,0.0,154.2,True,20260903
ORD-0005196,2026-08-09,官方商城,potential_buyer,paid,delivered,188.0,4.95,0.0,183.05,True,20260903
ORD-0005197,2026-06-21,二手平台,core_buyer,paid,delivered,128.0,0.0,0.0,128.0,True,20260903
ORD-0005198,2026-08-09,官方商城,occasional_buyer,paid,shipped,48.0,7.2,0.0,40.8,True,20260903
ORD-0005199,2026-07-20,官方商城,occasional_buyer,paid,delivered,99.0,0.0,0.0,99.0,True,20260903
ORD-0005200,2026-08-17,B站会员购,core_buyer,paid,delivered,39.0,0.0,12.0,51.0,True,20260903
ORD-0005201,2026-06-20,B站会员购,occasional_buyer,paid,delivered,66.0,2.4,0.0,63.6,True,20260903
ORD-0005202,2026-06-20,二手平台,occasional_buyer,paid,delivered,89.0,8.9,0.0,80.1,True,20260903
ORD-0005203,2026-06-19,B站会员购,core_buyer,paid,delivered,99.0,0.0,0.0,99.0,True,20260903
ORD-0005204,2026-08-28,官方商城,occasional_buyer,paid,delivered,48.0,0.0,12.0,60.0,True,20260903
ORD-0005205,2026-07-28,其他,occasional_buyer,cancelled,cancelled,699.0,0.0,0.0,0.0,True,20260903
ORD-0005206,2026-07-31,B站会员购,core_buyer,paid,delivered,788.0,69.9,0.0,718.1,True,20260903
ORD-0005207,2026-06-15,淘宝/天猫,occasional_buyer,paid,delivered,48.0,0.0,8.0,56.0,True,20260903
ORD-0005208,2026-06-06,官方商城,core_buyer,paid,delivered,89.0,0.0,12.0,101.0,True,20260903
ORD-0005209,2026-07-11,线下展会或快闪店,potential_buyer,paid,delivered,297.0,29.7,0.0,267.3,True,20260903
ORD-0005210,2026-07-22,线下展会或快闪店,potential_buyer,paid,delivered,384.0,0.0,0.0,384.0,True,20260903
ORD-0005211,2026-06-17,线下展会或快闪店,core_buyer,cancelled,cancelled,256.0,12.8,0.0,0.0,True,20260903
ORD-0005212,2026-07-19,其他,core_buyer,paid,delivered,217.0,8.9,0.0,208.1,True,20260903
ORD-0005213,2026-06-01,官方商城,core_buyer,cancelled,cancelled,18.0,1.8,8.0,0.0,True,20260903
ORD-0005214,2026-06-21,淘宝/天猫,occasional_buyer,paid,pending,57.0,5.7,10.0,61.3,True,20260903
ORD-0005215,2026-07-04,其他,occasional_buyer,paid,delivered,699.0,0.0,0.0,699.0,True,20260903
ORD-0005216,2026-08-18,淘宝/天猫,occasional_buyer,paid,delivered,256.0,0.0,0.0,256.0,True,20260903
ORD-0005217,2026-06-21,官方商城,occasional_buyer,paid,delivered,99.0,9.9,10.0,99.1,True,20260903
ORD-0005218,2026-08-17,官方商城,core_buyer,paid,delivered,699.0,69.9,0.0,629.1,True,20260903
ORD-0005219,2026-06-16,B站会员购,occasional_buyer,paid,shipped,39.0,5.85,8.0,41.15,True,20260903
ORD-0005220,2026-07-13,官方商城,occasional_buyer,paid,delivered,128.0,12.8,0.0,115.2,True,20260903
ORD-0005221,2026-06-23,官方商城,core_buyer,paid,delivered,89.0,8.9,0.0,80.1,True,20260903
ORD-0005222,2026-07-16,二手平台,core_buyer,paid,delivered,99.0,9.9,0.0,89.1,True,20260903
ORD-0005223,2026-06-22,官方商城,occasional_buyer,paid,delivered,117.0,0.0,0.0,117.0,True,20260903
ORD-0005224,2026-08-02,B站会员购,core_buyer,paid,delivered,39.0,1.95,8.0,45.05,True,20260903
ORD-0005225,2026-06-01,淘宝/天猫,core_buyer,paid,delivered,297.0,0.0,0.0,297.0,True,20260903
ORD-0005226,2026-08-09,线下展会或快闪店,core_buyer,paid,delivered,156.0,1.8,0.0,154.2,True,20260903
ORD-0005227,2026-06-17,线下展会或快闪店,core_buyer,paid,delivered,188.0,0.0,0.0,188.0,True,20260903
ORD-0005228,2026-06-24,线下展会或快闪店,core_buyer,paid,delivered,699.0,0.0,0.0,699.0,True,20260903
ORD-0005229,2026-06-16,官方商城,potential_buyer,paid,delivered,36.0,3.6,10.0,42.4,True,20260903
ORD-0005230,2026-06-30,淘宝/天猫,core_buyer,paid,delivered,39.0,3.9,10.0,45.1,True,20260903
ORD-0005231,2026-08-03,淘宝/天猫,core_buyer,paid,delivered,18.0,0.0,0.0,18.0,True,20260903
ORD-0005232,2026-08-22,线下展会或快闪店,core_buyer,paid,delivered,128.0,12.8,0.0,115.2,True,20260903
ORD-0005233,2026-07-08,官方商城,core_buyer,paid,pending,18.0,0.9,8.0,25.1,True,20260903
ORD-0005234,2026-07-15,线下展会或快闪店,potential_buyer,paid,delivered,78.0,1.95,10.0,86.05,True,20260903
ORD-0005235,2026-06-16,官方商城,potential_buyer,paid,delivered,18.0,0.0,12.0,30.0,True,20260903
ORD-0005236,2026-08-15,B站会员购,core_buyer,paid,delivered,99.0,0.0,0.0,99.0,True,20260903
ORD-0005237,2026-06-20,官方商城,occasional_buyer,paid,delivered,256.0,0.0,0.0,256.0,True,20260903
ORD-0005238,2026-08-01,淘宝/天猫,occasional_buyer,paid,delivered,128.0,0.0,0.0,128.0,True,20260903
ORD-0005239,2026-08-21,B站会员购,core_buyer,paid,delivered,99.0,0.0,0.0,99.0,True,20260903
ORD-0005240,2026-06-06,B站会员购,core_buyer,paid,delivered,128.0,0.0,0.0,128.0,True,20260903
ORD-0005241,2026-06-15,官方商城,occasional_buyer,paid,delivered,99.0,0.0,0.0,99.0,True,20260903
ORD-0005242,2026-08-03,官方商城,occasional_buyer,paid,delivered,699.0,0.0,0.0,699.0,True,20260903
ORD-0005243,2026-08-02,官方商城,potential_buyer,paid,delivered,227.0,6.4,0.0,220.6,True,20260903
ORD-0005244,2026-08-01,淘宝/天猫,core_buyer,paid,delivered,345.0,12.8,0.0,332.2,True,20260903
ORD-0005245,2026-07-26,直播间,occasional_buyer,cancelled,cancelled,18.0,1.8,8.0,0.0,True,20260903
ORD-0005246,2026-07-25,B站会员购,potential_buyer,paid,delivered,738.0,1.95,0.0,736.05,True,20260903
ORD-0005247,2026-07-27,淘宝/天猫,occasional_buyer,paid,delivered,89.0,0.0,8.0,97.0,True,20260903
ORD-0005248,2026-08-29,B站会员购,core_buyer,paid,delivered,128.0,6.4,0.0,121.6,True,20260903
ORD-0005249,2026-08-06,官方商城,occasional_buyer,paid,delivered,125.0,8.9,0.0,116.1,True,20260903
ORD-0005250,2026-07-20,淘宝/天猫,potential_buyer,paid,delivered,128.0,6.4,0.0,121.6,True,20260903
ORD-0005251,2026-06-11,B站会员购,core_buyer,paid,delivered,48.0,0.0,10.0,58.0,True,20260903
ORD-0005252,2026-06-07,淘宝/天猫,occasional_buyer,paid,delivered,178.0,17.8,0.0,160.2,True,20260903
ORD-0005253,2026-08-08,官方商城,occasional_buyer,paid,delivered,215.0,12.8,0.0,202.2,True,20260903
ORD-0005254,2026-07-27,淘宝/天猫,occasional_buyer,paid,delivered,48.0,2.4,0.0,45.6,True,20260903
ORD-0005255,2026-07-10,二手平台,core_buyer,paid,shipped,18.0,0.9,0.0,17.1,True,20260903
ORD-0005256,2026-07-13,淘宝/天猫,core_buyer,paid,delivered,699.0,104.85,0.0,594.15,True,20260903
ORD-0005257,2026-06-21,淘宝/天猫,core_buyer,paid,delivered,128.0,19.2,0.0,108.8,True,20260903
ORD-0005258,2026-07-03,官方商城,core_buyer,paid,delivered,699.0,69.9,0.0,629.1,True,20260903
ORD-0005259,2026-07-18,线下展会或快闪店,core_buyer,paid,delivered,128.0,12.8,0.0,115.2,True,20260903
ORD-0005260,2026-07-27,B站会员购,potential_buyer,paid,delivered,89.0,0.0,0.0,89.0,True,20260903
ORD-0005261,2026-07-24,线下展会或快闪店,core_buyer,paid,delivered,384.0,6.4,0.0,377.6,True,20260903
ORD-0005262,2026-06-14,线下展会或快闪店,core_buyer,paid,delivered,117.0,0.9,0.0,116.1,True,20260903
ORD-0005263,2026-06-21,线下展会或快闪店,core_buyer,paid,delivered,89.0,0.0,10.0,99.0,True,20260903
ORD-0005264,2026-07-02,淘宝/天猫,core_buyer,paid,delivered,206.0,8.9,0.0,197.1,True,20260903
ORD-0005265,2026-07-25,官方商城,occasional_buyer,paid,delivered,99.0,4.95,8.0,102.05,True,20260903
ORD-0005266,2026-06-16,B站会员购,core_buyer,paid,delivered,39.0,5.85,10.0,43.15,True,20260903
ORD-0005267,2026-06-15,淘宝/天猫,core_buyer,paid,delivered,39.0,1.95,8.0,45.05,True,20260903
ORD-0005268,2026-07-28,直播间,potential_buyer,paid,delivered,87.0,0.0,8.0,95.0,True,20260903
ORD-0005269,2026-08-03,B站会员购,core_buyer,paid,delivered,304.0,4.8,0.0,299.2,True,20260903
ORD-0005270,2026-08-12,官方商城,potential_buyer,paid,delivered,48.0,4.8,12.0,55.2,True,20260903
ORD-0005271,2026-08-20,官方商城,occasional_buyer,paid,delivered,699.0,0.0,0.0,699.0,True,20260903
ORD-0005272,2026-08-13,B站会员购,occasional_buyer,paid,delivered,128.0,12.8,0.0,115.2,True,20260903
ORD-0005273,2026-06-23,淘宝/天猫,occasional_buyer,paid,delivered,128.0,19.2,0.0,108.8,True,20260903
ORD-0005274,2026-06-18,B站会员购,core_buyer,paid,delivered,699.0,69.9,0.0,629.1,True,20260903
ORD-0005275,2026-06-12,淘宝/天猫,occasional_buyer,paid,delivered,89.0,0.0,10.0,99.0,True,20260903
ORD-0005276,2026-08-08,淘宝/天猫,core_buyer,paid,delivered,699.0,34.95,0.0,664.05,True,20260903
ORD-0005277,2026-07-29,官方商城,core_buyer,cancelled,cancelled,217.0,0.0,0.0,0.0,True,20260903
ORD-0005278,2026-06-02,B站会员购,core_buyer,paid,delivered,18.0,1.8,8.0,24.2,True,20260903
ORD-0005279,2026-07-29,淘宝/天猫,occasional_buyer,paid,delivered,18.0,1.8,0.0,16.2,True,20260903
ORD-0005280,2026-06-03,官方商城,occasional_buyer,paid,delivered,89.0,4.45,10.0,94.55,True,20260903
ORD-0005281,2026-07-16,官方商城,potential_buyer,paid,pending,39.0,3.9,0.0,35.1,True,20260903
ORD-0005282,2026-08-01,淘宝/天猫,potential_buyer,paid,delivered,144.0,14.4,0.0,129.6,True,20260903
ORD-0005283,2026-06-17,淘宝/天猫,core_buyer,paid,shipped,128.0,6.4,0.0,121.6,True,20260903
ORD-0005284,2026-08-08,二手平台,potential_buyer,paid,delivered,827.0,34.95,0.0,792.05,True,20260903
ORD-0005285,2026-07-29,淘宝/天猫,occasional_buyer,paid,delivered,89.0,4.45,8.0,92.55,True,20260903
ORD-0005286,2026-08-04,淘宝/天猫,potential_buyer,paid,delivered,39.0,1.95,10.0,47.05,True,20260903
ORD-0005287,2026-06-16,B站会员购,occasional_buyer,paid,delivered,18.0,0.0,0.0,18.0,True,20260903
ORD-0005288,2026-08-19,线下展会或快闪店,core_buyer,paid,delivered,89.0,0.0,12.0,101.0,True,20260903
ORD-0005289,2026-08-03,官方商城,occasional_buyer,paid,delivered,89.0,4.45,8.0,92.55,True,20260903
ORD-0005290,2026-06-11,直播间,core_buyer,cancelled,cancelled,96.0,0.0,8.0,0.0,True,20260903
ORD-0005291,2026-06-14,官方商城,core_buyer,paid,shipped,48.0,0.0,0.0,48.0,True,20260903
ORD-0005292,2026-06-17,官方商城,core_buyer,paid,delivered,99.0,9.9,0.0,89.1,True,20260903
ORD-0005293,2026-06-01,线下展会或快闪店,occasional_buyer,paid,delivered,738.0,3.9,0.0,734.1,True,20260903
ORD-0005294,2026-07-30,官方商城,core_buyer,paid,delivered,256.0,25.6,0.0,230.4,True,20260903
ORD-0005295,2026-08-14,线下展会或快闪店,core_buyer,paid,delivered,147.0,0.0,0.0,147.0,True,20260903
ORD-0005296,2026-07-03,二手平台,potential_buyer,paid,delivered,128.0,0.0,0.0,128.0,True,20260903
ORD-0005297,2026-08-08,官方商城,core_buyer,paid,delivered,39.0,1.95,8.0,45.05,True,20260903
ORD-0005298,2026-07-14,直播间,core_buyer,cancelled,cancelled,89.0,0.0,0.0,0.0,True,20260903
ORD-0005299,2026-07-15,淘宝/天猫,core_buyer,paid,delivered,177.0,13.8,0.0,163.2,True,20260903
ORD-0005300,2026-07-11,二手平台,core_buyer,paid,delivered,18.0,0.0,0.0,18.0,True,20260903
ORD-0005301,2026-07-09,淘宝/天猫,occasional_buyer,paid,delivered,36.0,0.0,0.0,36.0,True,20260903
ORD-0005302,2026-08-23,直播间,occasional_buyer,paid,delivered,146.0,1.8,0.0,144.2,True,20260903
ORD-0005303,2026-07-10,淘宝/天猫,potential_buyer,paid,delivered,117.0,15.75,0.0,101.25,True,20260903
ORD-0005304,2026-08-24,B站会员购,core_buyer,paid,delivered,48.0,0.0,12.0,60.0,True,20260903
ORD-0005305,2026-08-02,B站会员购,occasional_buyer,paid,delivered,18.0,0.0,0.0,18.0,True,20260903
ORD-0005306,2026-07-27,官方商城,core_buyer,paid,delivered,1003.0,100.3,0.0,902.7,True,20260903
ORD-0005307,2026-08-01,B站会员购,occasional_buyer,paid,delivered,747.0,0.0,0.0,747.0,True,20260903
ORD-0005308,2026-08-02,其他,core_buyer,paid,delivered,36.0,3.6,10.0,42.4,True,20260903
ORD-0005309,2026-06-10,其他,core_buyer,paid,delivered,363.0,0.0,0.0,363.0,True,20260903
ORD-0005310,2026-06-18,官方商城,occasional_buyer,paid,delivered,147.0,2.4,0.0,144.6,True,20260903
ORD-0005311,2026-06-22,其他,core_buyer,paid,delivered,699.0,0.0,0.0,699.0,True,20260903
ORD-0005312,2026-06-21,官方商城,occasional_buyer,paid,delivered,699.0,0.0,0.0,699.0,True,20260903
ORD-0005313,2026-08-03,官方商城,occasional_buyer,paid,delivered,99.0,9.9,0.0,89.1,True,20260903
ORD-0005314,2026-06-23,官方商城,core_buyer,paid,delivered,99.0,4.95,10.0,104.05,True,20260903
ORD-0005315,2026-07-17,淘宝/天猫,potential_buyer,paid,delivered,699.0,69.9,0.0,629.1,True,20260903
ORD-0005316,2026-07-05,官方商城,core_buyer,paid,delivered,117.0,9.9,0.0,107.1,True,20260903
ORD-0005317,2026-08-07,线下展会或快闪店,core_buyer,paid,delivered,699.0,69.9,0.0,629.1,True,20260903
ORD-0005318,2026-06-14,淘宝/天猫,occasional_buyer,paid,delivered,89.0,4.45,8.0,92.55,True,20260903
ORD-0005319,2026-06-26,B站会员购,core_buyer,paid,delivered,48.0,0.0,8.0,56.0,True,20260903
ORD-0005320,2026-07-26,官方商城,occasional_buyer,paid,delivered,89.0,0.0,0.0,89.0,True,20260903
ORD-0005321,2026-08-06,淘宝/天猫,potential_buyer,paid,delivered,18.0,0.0,0.0,18.0,True,20260903
ORD-0005322,2026-06-08,淘宝/天猫,occasional_buyer,paid,delivered,128.0,6.4,0.0,121.6,True,20260903
ORD-0005323,2026-06-19,淘宝/天猫,core_buyer,paid,delivered,107.0,5.35,0.0,101.65,True,20260903
ORD-0005324,2026-06-22,淘宝/天猫,potential_buyer,paid,delivered,87.0,2.4,0.0,84.6,True,20260903
ORD-0005325,2026-06-08,线下展会或快闪店,potential_buyer,paid,delivered,256.0,0.0,0.0,256.0,True,20260903
ORD-0005326,2026-06-12,淘宝/天猫,occasional_buyer,paid,delivered,699.0,0.0,0.0,699.0,True,20260903
ORD-0005327,2026-06-16,线下展会或快闪店,potential_buyer,paid,delivered,138.0,0.0,0.0,138.0,True,20260903
ORD-0005328,2026-08-09,官方商城,core_buyer,paid,delivered,699.0,34.95,0.0,664.05,True,20260903
ORD-0005329,2026-07-27,淘宝/天猫,occasional_buyer,paid,delivered,198.0,9.9,0.0,188.1,True,20260903
ORD-0005330,2026-06-27,淘宝/天猫,core_buyer,paid,delivered,128.0,6.4,0.0,121.6,True,20260903
ORD-0005331,2026-06-14,淘宝/天猫,potential_buyer,paid,delivered,39.0,0.0,0.0,39.0,True,20260903
ORD-0005332,2026-08-16,淘宝/天猫,occasional_buyer,paid,delivered,96.0,4.8,12.0,103.2,True,20260903
ORD-0005333,2026-07-24,B站会员购,core_buyer,paid,delivered,128.0,0.0,0.0,128.0,True,20260903
ORD-0005334,2026-06-07,淘宝/天猫,core_buyer,paid,delivered,18.0,0.0,0.0,18.0,True,20260903
ORD-0005335,2026-08-16,线下展会或快闪店,potential_buyer,paid,delivered,699.0,69.9,0.0,629.1,True,20260903
ORD-0005336,2026-08-27,官方商城,core_buyer,paid,delivered,699.0,0.0,0.0,699.0,True,20260903
ORD-0005337,2026-06-04,线下展会或快闪店,occasional_buyer,paid,delivered,39.0,1.95,12.0,49.05,True,20260903
ORD-0005338,2026-06-05,淘宝/天猫,occasional_buyer,paid,delivered,48.0,2.4,10.0,55.6,True,20260903
ORD-0005339,2026-08-16,淘宝/天猫,core_buyer,paid,delivered,99.0,0.0,0.0,99.0,True,20260903
ORD-0005340,2026-08-04,淘宝/天猫,potential_buyer,paid,delivered,48.0,2.4,0.0,45.6,True,20260903
ORD-0005341,2026-07-15,官方商城,core_buyer,paid,delivered,39.0,0.0,0.0,39.0,True,20260903
ORD-0005342,2026-06-25,B站会员购,core_buyer,paid,delivered,99.0,9.9,0.0,89.1,True,20260903
ORD-0005343,2026-07-31,B站会员购,occasional_buyer,paid,delivered,198.0,0.0,0.0,198.0,True,20260903
ORD-0005344,2026-07-14,淘宝/天猫,occasional_buyer,paid,delivered,738.0,3.9,0.0,734.1,True,20260903
ORD-0005345,2026-06-18,官方商城,core_buyer,paid,delivered,84.0,4.8,10.0,89.2,True,20260903
ORD-0005346,2026-07-11,官方商城,core_buyer,paid,delivered,48.0,0.0,10.0,58.0,True,20260903
ORD-0005347,2026-08-24,直播间,core_buyer,paid,pending,128.0,6.4,0.0,121.6,True,20260903
ORD-0005348,2026-07-07,官方商城,core_buyer,paid,delivered,699.0,0.0,0.0,699.0,True,20260903
ORD-0005349,2026-07-23,线下展会或快闪店,occasional_buyer,paid,delivered,128.0,12.8,0.0,115.2,True,20260903
ORD-0005350,2026-06-18,B站会员购,core_buyer,paid,delivered,798.0,34.95,0.0,763.05,True,20260903
ORD-0005351,2026-08-01,官方商城,potential_buyer,paid,delivered,39.0,0.0,0.0,39.0,True,20260903
ORD-0005352,2026-06-25,B站会员购,occasional_buyer,paid,delivered,99.0,9.9,10.0,99.1,True,20260903
ORD-0005353,2026-06-16,其他,occasional_buyer,paid,delivered,89.0,8.9,10.0,90.1,True,20260903
ORD-0005354,2026-07-10,淘宝/天猫,occasional_buyer,paid,delivered,128.0,0.0,0.0,128.0,True,20260903
ORD-0005355,2026-06-08,官方商城,core_buyer,paid,delivered,99.0,0.0,0.0,99.0,True,20260903
ORD-0005356,2026-07-21,线下展会或快闪店,core_buyer,paid,delivered,18.0,1.8,8.0,24.2,True,20260903
ORD-0005357,2026-08-15,B站会员购,core_buyer,paid,delivered,788.0,78.8,0.0,709.2,True,20260903
ORD-0005358,2026-07-06,官方商城,core_buyer,paid,delivered,699.0,34.95,0.0,664.05,True,20260903
ORD-0005359,2026-06-18,官方商城,occasional_buyer,paid,delivered,39.0,1.95,8.0,45.05,True,20260903
ORD-0005360,2026-06-07,官方商城,potential_buyer,paid,delivered,96.0,9.6,0.0,86.4,True,20260903
ORD-0005361,2026-08-16,官方商城,core_buyer,paid,delivered,128.0,0.0,0.0,128.0,True,20260903
ORD-0005362,2026-08-03,B站会员购,occasional_buyer,paid,delivered,897.0,0.0,0.0,897.0,True,20260903
ORD-0005363,2026-06-15,淘宝/天猫,occasional_buyer,paid,delivered,747.0,0.0,0.0,747.0,True,20260903
ORD-0005364,2026-07-24,官方商城,core_buyer,paid,delivered,117.0,0.0,0.0,117.0,True,20260903
ORD-0005365,2026-07-23,线下展会或快闪店,occasional_buyer,paid,delivered,18.0,0.0,8.0,26.0,True,20260903
ORD-0005366,2026-06-24,线下展会或快闪店,occasional_buyer,paid,delivered,39.0,1.95,0.0,37.05,True,20260903
ORD-0005367,2026-08-15,B站会员购,core_buyer,paid,delivered,48.0,0.0,0.0,48.0,True,20260903
ORD-0005368,2026-06-26,淘宝/天猫,occasional_buyer,paid,delivered,18.0,0.0,0.0,18.0,True,20260903
ORD-0005369,2026-06-04,直播间,core_buyer,paid,delivered,774.0,0.0,0.0,774.0,True,20260903
ORD-0005370,2026-07-22,B站会员购,occasional_buyer,paid,delivered,39.0,0.0,0.0,39.0,True,20260903
ORD-0005371,2026-07-25,B站会员购,occasional_buyer,paid,delivered,99.0,4.95,12.0,106.05,True,20260903
ORD-0005372,2026-06-22,淘宝/天猫,occasional_buyer,paid,shipped,78.0,7.8,10.0,80.2,True,20260903
ORD-0005373,2026-07-27,B站会员购,occasional_buyer,paid,delivered,78.0,7.8,10.0,80.2,True,20260903
ORD-0005374,2026-08-29,淘宝/天猫,occasional_buyer,paid,delivered,747.0,72.3,0.0,674.7,True,20260903
ORD-0005375,2026-06-20,B站会员购,potential_buyer,paid,delivered,117.0,0.0,0.0,117.0,True,20260903
ORD-0005376,2026-07-19,B站会员购,occasional_buyer,paid,delivered,99.0,0.0,0.0,99.0,True,20260903
ORD-0005377,2026-06-20,官方商城,core_buyer,paid,delivered,699.0,0.0,0.0,699.0,True,20260903
ORD-0005378,2026-06-16,官方商城,occasional_buyer,paid,delivered,1487.0,148.7,0.0,1338.3,True,20260903
ORD-0005379,2026-06-15,淘宝/天猫,core_buyer,paid,delivered,206.0,3.9,0.0,202.1,True,20260903
ORD-0005380,2026-08-01,淘宝/天猫,occasional_buyer,paid,delivered,99.0,0.0,0.0,99.0,True,20260903
ORD-0005381,2026-08-13,B站会员购,occasional_buyer,paid,delivered,89.0,8.9,8.0,88.1,True,20260903
ORD-0005382,2026-06-09,淘宝/天猫,core_buyer,paid,delivered,57.0,0.0,0.0,57.0,True,20260903
ORD-0005383,2026-07-05,直播间,core_buyer,paid,delivered,128.0,12.8,0.0,115.2,True,20260903
ORD-0005384,2026-06-03,淘宝/天猫,occasional_buyer,paid,delivered,96.0,4.8,0.0,91.2,True,20260903
ORD-0005385,2026-07-22,线下展会或快闪店,occasional_buyer,paid,delivered,18.0,1.8,0.0,16.2,True,20260903
ORD-0005386,2026-07-17,直播间,core_buyer,paid,delivered,128.0,0.0,0.0,128.0,True,20260903
ORD-0005387,2026-08-22,淘宝/天猫,occasional_buyer,paid,pending,48.0,0.0,0.0,48.0,True,20260903
ORD-0005388,2026-07-04,官方商城,core_buyer,paid,delivered,155.0,0.9,0.0,154.1,True,20260903
ORD-0005389,2026-08-09,官方商城,potential_buyer,paid,delivered,18.0,2.7,0.0,15.3,True,20260903
ORD-0005390,2026-06-27,淘宝/天猫,potential_buyer,paid,shipped,48.0,0.0,0.0,48.0,True,20260903
ORD-0005391,2026-08-29,线下展会或快闪店,core_buyer,paid,delivered,699.0,0.0,0.0,699.0,True,20260903
ORD-0005392,2026-06-26,二手平台,core_buyer,paid,delivered,54.0,8.1,0.0,45.9,True,20260903
ORD-0005393,2026-08-28,B站会员购,core_buyer,paid,delivered,48.0,4.8,8.0,51.2,True,20260903
ORD-0005394,2026-06-08,官方商城,occasional_buyer,paid,delivered,117.0,4.95,0.0,112.05,True,20260903
ORD-0005395,2026-07-07,淘宝/天猫,core_buyer,paid,delivered,99.0,0.0,0.0,99.0,True,20260903
ORD-0005396,2026-07-07,淘宝/天猫,core_buyer,paid,delivered,128.0,6.4,0.0,121.6,True,20260903
ORD-0005397,2026-08-11,淘宝/天猫,core_buyer,paid,delivered,89.0,8.9,0.0,80.1,True,20260903
ORD-0005398,2026-08-27,线下展会或快闪店,core_buyer,paid,delivered,48.0,7.2,0.0,40.8,True,20260903
ORD-0005399,2026-07-01,淘宝/天猫,potential_buyer,paid,delivered,48.0,4.8,0.0,43.2,True,20260903
ORD-0005400,2026-07-12,B站会员购,occasional_buyer,paid,delivered,198.0,9.9,0.0,188.1,True,20260903
ORD-0005401,2026-07-28,线下展会或快闪店,occasional_buyer,paid,delivered,128.0,19.2,0.0,108.8,True,20260903
ORD-0005402,2026-06-12,淘宝/天猫,occasional_buyer,paid,delivered,39.0,5.85,12.0,45.15,True,20260903
ORD-0005403,2026-07-26,淘宝/天猫,core_buyer,paid,delivered,699.0,0.0,0.0,699.0,True,20260903
ORD-0005404,2026-07-26,线下展会或快闪店,occasional_buyer,paid,delivered,39.0,0.0,10.0,49.0,True,20260903
ORD-0005405,2026-06-25,B站会员购,occasional_buyer,paid,delivered,146.0,1.8,0.0,144.2,True,20260903
ORD-0005406,2026-07-22,官方商城,core_buyer,paid,delivered,128.0,6.4,0.0,121.6,True,20260903
ORD-0005407,2026-06-12,线下展会或快闪店,occasional_buyer,paid,delivered,304.0,25.6,0.0,278.4,True,20260903
ORD-0005408,2026-07-14,官方商城,core_buyer,paid,delivered,39.0,5.85,0.0,33.15,True,20260903
ORD-0005409,2026-06-16,淘宝/天猫,occasional_buyer,paid,delivered,48.0,2.4,0.0,45.6,True,20260903
ORD-0005410,2026-07-13,官方商城,potential_buyer,paid,delivered,699.0,0.0,0.0,699.0,True,20260903
ORD-0005411,2026-06-27,官方商城,potential_buyer,paid,delivered,738.0,0.0,0.0,738.0,True,20260903
ORD-0005412,2026-07-16,线下展会或快闪店,occasional_buyer,paid,delivered,188.0,14.35,0.0,173.65,True,20260903
ORD-0005413,2026-08-24,B站会员购,occasional_buyer,paid,delivered,89.0,0.0,8.0,97.0,True,20260903
ORD-0005414,2026-06-01,B站会员购,potential_buyer,paid,shipped,89.0,0.0,0.0,89.0,True,20260903
ORD-0005415,2026-06-25,官方商城,core_buyer,paid,delivered,39.0,0.0,10.0,49.0,True,20260903
ORD-0005416,2026-08-04,二手平台,occasional_buyer,paid,delivered,89.0,0.0,0.0,89.0,True,20260903
ORD-0005417,2026-07-23,线下展会或快闪店,core_buyer,paid,delivered,39.0,1.95,12.0,49.05,True,20260903
ORD-0005418,2026-06-07,直播间,occasional_buyer,paid,delivered,2097.0,0.0,0.0,2097.0,True,20260903
ORD-0005419,2026-06-08,线下展会或快闪店,potential_buyer,paid,delivered,795.0,77.1,0.0,717.9,True,20260903
ORD-0005420,2026-08-15,官方商城,core_buyer,paid,delivered,18.0,1.8,8.0,24.2,True,20260903
ORD-0005421,2026-08-26,淘宝/天猫,core_buyer,cancelled,cancelled,699.0,69.9,0.0,0.0,True,20260903
ORD-0005422,2026-07-19,B站会员购,core_buyer,paid,delivered,48.0,0.0,10.0,58.0,True,20260903
ORD-0005423,2026-07-04,官方商城,core_buyer,paid,delivered,699.0,0.0,0.0,699.0,True,20260903
ORD-0005424,2026-06-19,淘宝/天猫,occasional_buyer,paid,delivered,1437.0,3.9,0.0,1433.1,True,20260903
ORD-0005425,2026-06-17,官方商城,core_buyer,paid,delivered,926.0,109.8,0.0,816.2,True,20260903
ORD-0005426,2026-07-24,官方商城,core_buyer,paid,delivered,699.0,34.95,0.0,664.05,True,20260903
ORD-0005427,2026-07-09,淘宝/天猫,core_buyer,paid,delivered,798.0,0.0,0.0,798.0,True,20260903
ORD-0005428,2026-08-24,线下展会或快闪店,occasional_buyer,paid,delivered,18.0,0.9,0.0,17.1,True,20260903
ORD-0005429,2026-07-10,官方商城,core_buyer,paid,delivered,178.0,0.0,0.0,178.0,True,20260903
ORD-0005430,2026-08-08,线下展会或快闪店,occasional_buyer,paid,delivered,128.0,0.0,0.0,128.0,True,20260903
ORD-0005431,2026-07-04,线下展会或快闪店,core_buyer,paid,delivered,99.0,0.0,0.0,99.0,True,20260903
ORD-0005432,2026-08-05,淘宝/天猫,occasional_buyer,paid,delivered,99.0,0.0,0.0,99.0,True,20260903
ORD-0005433,2026-08-12,B站会员购,core_buyer,paid,delivered,128.0,0.0,0.0,128.0,True,20260903
ORD-0005434,2026-07-21,二手平台,occasional_buyer,paid,delivered,89.0,8.9,12.0,92.1,True,20260903
ORD-0005435,2026-06-13,线下展会或快闪店,potential_buyer,paid,delivered,18.0,0.0,8.0,26.0,True,20260903
ORD-0005436,2026-07-05,淘宝/天猫,occasional_buyer,paid,delivered,18.0,0.9,0.0,17.1,True,20260903
ORD-0005437,2026-07-25,其他,core_buyer,paid,delivered,39.0,0.0,8.0,47.0,True,20260903
ORD-0005438,2026-06-20,B站会员购,core_buyer,paid,delivered,117.0,3.9,0.0,113.1,True,20260903
ORD-0005439,2026-06-17,淘宝/天猫,potential_buyer,paid,delivered,48.0,2.4,0.0,45.6,True,20260903
ORD-0005440,2026-06-02,淘宝/天猫,core_buyer,paid,delivered,324.0,17.8,0.0,306.2,True,20260903
ORD-0005441,2026-07-18,二手平台,core_buyer,paid,delivered,99.0,9.9,8.0,97.1,True,20260903
ORD-0005442,2026-07-31,其他,potential_buyer,paid,delivered,99.0,0.0,0.0,99.0,True,20260903
ORD-0005443,2026-07-26,B站会员购,core_buyer,paid,delivered,18.0,0.9,8.0,25.1,True,20260903
ORD-0005444,2026-06-22,官方商城,occasional_buyer,paid,delivered,96.0,4.8,8.0,99.2,True,20260903
ORD-0005445,2026-08-23,线下展会或快闪店,potential_buyer,paid,delivered,48.0,2.4,10.0,55.6,True,20260903
ORD-0005446,2026-06-10,二手平台,occasional_buyer,paid,delivered,738.0,69.9,0.0,668.1,True,20260903
ORD-0005447,2026-07-09,二手平台,occasional_buyer,paid,delivered,738.0,69.9,0.0,668.1,True,20260903
ORD-0005448,2026-07-31,二手平台,potential_buyer,paid,delivered,78.0,0.0,12.0,90.0,True,20260903
ORD-0005449,2026-07-26,官方商城,occasional_buyer,paid,delivered,2097.0,0.0,0.0,2097.0,True,20260903
ORD-0005450,2026-06-29,B站会员购,potential_buyer,paid,shipped,699.0,0.0,0.0,699.0,True,20260903
ORD-0005451,2026-07-31,直播间,occasional_buyer,paid,delivered,39.0,0.0,12.0,51.0,True,20260903
ORD-0005452,2026-06-01,B站会员购,occasional_buyer,paid,delivered,96.0,9.6,12.0,98.4,True,20260903
ORD-0005453,2026-06-08,B站会员购,core_buyer,paid,delivered,227.0,0.0,0.0,227.0,True,20260903
ORD-0005454,2026-06-20,B站会员购,occasional_buyer,paid,delivered,36.0,0.0,0.0,36.0,True,20260903
ORD-0005455,2026-08-07,淘宝/天猫,occasional_buyer,paid,delivered,128.0,19.2,0.0,108.8,True,20260903
ORD-0005456,2026-06-28,官方商城,occasional_buyer,paid,delivered,128.0,19.2,0.0,108.8,True,20260903
ORD-0005457,2026-06-14,淘宝/天猫,core_buyer,paid,delivered,236.0,13.7,0.0,222.3,True,20260903
ORD-0005458,2026-06-02,官方商城,occasional_buyer,paid,delivered,99.0,0.0,0.0,99.0,True,20260903
ORD-0005459,2026-07-11,线下展会或快闪店,occasional_buyer,paid,delivered,39.0,0.0,8.0,47.0,True,20260903
ORD-0005460,2026-06-06,官方商城,core_buyer,paid,delivered,48.0,0.0,0.0,48.0,True,20260903
ORD-0005461,2026-07-14,其他,occasional_buyer,paid,delivered,138.0,13.8,0.0,124.2,True,20260903
ORD-0005462,2026-08-04,二手平台,occasional_buyer,paid,delivered,18.0,0.0,8.0,26.0,True,20260903
ORD-0005463,2026-06-16,淘宝/天猫,core_buyer,paid,delivered,1446.0,0.0,0.0,1446.0,True,20260903
ORD-0005464,2026-07-31,淘宝/天猫,occasional_buyer,paid,delivered,699.0,0.0,0.0,699.0,True,20260903
ORD-0005465,2026-08-17,淘宝/天猫,occasional_buyer,paid,delivered,99.0,4.95,0.0,94.05,True,20260903
ORD-0005466,2026-07-27,淘宝/天猫,core_buyer,paid,delivered,18.0,0.0,8.0,26.0,True,20260903
ORD-0005467,2026-06-08,B站会员购,potential_buyer,paid,delivered,798.0,74.85,0.0,723.15,True,20260903
ORD-0005468,2026-06-13,B站会员购,potential_buyer,paid,shipped,18.0,1.8,10.0,26.2,True,20260903
ORD-0005469,2026-08-23,线下展会或快闪店,occasional_buyer,paid,delivered,66.0,0.9,10.0,75.1,True,20260903
ORD-0005470,2026-06-22,直播间,potential_buyer,paid,delivered,217.0,17.25,0.0,199.75,True,20260903
ORD-0005471,2026-06-13,二手平台,potential_buyer,paid,delivered,132.0,6.6,0.0,125.4,True,20260903
ORD-0005472,2026-07-04,B站会员购,core_buyer,paid,delivered,48.0,2.4,8.0,53.6,True,20260903
ORD-0005473,2026-06-16,官方商城,occasional_buyer,paid,delivered,18.0,0.0,8.0,26.0,True,20260903
ORD-0005474,2026-06-17,官方商城,occasional_buyer,paid,shipped,48.0,0.0,0.0,48.0,True,20260903
ORD-0005475,2026-07-11,官方商城,core_buyer,paid,delivered,39.0,3.9,8.0,43.1,True,20260903
ORD-0005476,2026-08-28,淘宝/天猫,occasional_buyer,paid,delivered,99.0,0.0,0.0,99.0,True,20260903
ORD-0005477,2026-07-15,线下展会或快闪店,potential_buyer,paid,delivered,18.0,1.8,8.0,24.2,True,20260903
ORD-0005478,2026-06-18,官方商城,core_buyer,paid,delivered,128.0,0.0,0.0,128.0,True,20260903
ORD-0005479,2026-06-21,B站会员购,core_buyer,paid,delivered,699.0,69.9,0.0,629.1,True,20260903
ORD-0005480,2026-07-23,直播间,occasional_buyer,paid,delivered,18.0,0.0,0.0,18.0,True,20260903
ORD-0005481,2026-07-04,淘宝/天猫,core_buyer,paid,delivered,128.0,0.0,0.0,128.0,True,20260903
ORD-0005482,2026-07-31,淘宝/天猫,occasional_buyer,paid,delivered,99.0,0.0,0.0,99.0,True,20260903
ORD-0005483,2026-06-21,线下展会或快闪店,occasional_buyer,paid,delivered,274.0,26.5,0.0,247.5,True,20260903
ORD-0005484,2026-07-26,B站会员购,core_buyer,cancelled,cancelled,89.0,4.45,0.0,0.0,True,20260903
ORD-0005485,2026-06-12,B站会员购,occasional_buyer,paid,delivered,699.0,0.0,0.0,699.0,True,20260903
ORD-0005486,2026-06-15,淘宝/天猫,core_buyer,paid,delivered,89.0,0.0,0.0,89.0,True,20260903
ORD-0005487,2026-06-27,官方商城,occasional_buyer,paid,delivered,18.0,0.0,8.0,26.0,True,20260903
ORD-0005488,2026-06-21,淘宝/天猫,core_buyer,paid,delivered,128.0,12.8,0.0,115.2,True,20260903
ORD-0005489,2026-07-11,淘宝/天猫,core_buyer,paid,delivered,18.0,0.0,10.0,28.0,True,20260903
ORD-0005490,2026-06-10,线下展会或快闪店,occasional_buyer,paid,delivered,96.0,4.8,12.0,103.2,True,20260903
ORD-0005491,2026-06-28,B站会员购,potential_buyer,paid,delivered,48.0,0.0,10.0,58.0,True,20260903
ORD-0005492,2026-06-16,线下展会或快闪店,occasional_buyer,paid,delivered,699.0,0.0,0.0,699.0,True,20260903
ORD-0005493,2026-07-28,B站会员购,occasional_buyer,paid,delivered,699.0,69.9,0.0,629.1,True,20260903
ORD-0005494,2026-07-12,B站会员购,potential_buyer,paid,delivered,699.0,69.9,0.0,629.1,True,20260903
ORD-0005495,2026-06-09,淘宝/天猫,occasional_buyer,paid,delivered,89.0,0.0,8.0,97.0,True,20260903
ORD-0005496,2026-08-11,官方商城,occasional_buyer,paid,delivered,384.0,0.0,0.0,384.0,True,20260903
ORD-0005497,2026-07-22,B站会员购,core_buyer,paid,delivered,48.0,4.8,12.0,55.2,True,20260903
ORD-0005498,2026-07-27,淘宝/天猫,occasional_buyer,paid,delivered,18.0,0.0,8.0,26.0,True,20260903
ORD-0005499,2026-08-24,官方商城,occasional_buyer,paid,delivered,48.0,0.0,0.0,48.0,True,20260903
ORD-0005500,2026-07-28,淘宝/天猫,occasional_buyer,paid,delivered,89.0,0.0,8.0,97.0,True,20260903
ORD-0005501,2026-07-15,线下展会或快闪店,core_buyer,paid,delivered,99.0,4.95,0.0,94.05,True,20260903
ORD-0005502,2026-06-06,淘宝/天猫,occasional_buyer,paid,delivered,18.0,0.0,10.0,28.0,True,20260903
ORD-0005503,2026-07-26,官方商城,core_buyer,paid,delivered,699.0,104.85,0.0,594.15,True,20260903
ORD-0005504,2026-08-20,二手平台,occasional_buyer,paid,delivered,48.0,0.0,0.0,48.0,True,20260903
ORD-0005505,2026-06-16,B站会员购,potential_buyer,paid,delivered,89.0,4.45,8.0,92.55,True,20260903
ORD-0005506,2026-08-06,线下展会或快闪店,core_buyer,paid,delivered,89.0,0.0,8.0,97.0,True,20260903
ORD-0005507,2026-07-23,B站会员购,core_buyer,paid,delivered,89.0,0.0,10.0,99.0,True,20260903
ORD-0005508,2026-06-14,B站会员购,core_buyer,paid,delivered,39.0,5.85,0.0,33.15,True,20260903
ORD-0005509,2026-07-04,B站会员购,core_buyer,cancelled,cancelled,78.0,0.0,12.0,0.0,True,20260903
ORD-0005510,2026-06-17,线下展会或快闪店,occasional_buyer,paid,delivered,699.0,69.9,0.0,629.1,True,20260903
ORD-0005511,2026-07-30,官方商城,core_buyer,paid,delivered,105.0,0.0,0.0,105.0,True,20260903
ORD-0005512,2026-08-01,淘宝/天猫,occasional_buyer,paid,delivered,39.0,1.95,10.0,47.05,True,20260903
ORD-0005513,2026-07-01,淘宝/天猫,potential_buyer,paid,delivered,18.0,1.8,8.0,24.2,True,20260903
ORD-0005514,2026-07-18,淘宝/天猫,core_buyer,paid,delivered,699.0,0.0,0.0,699.0,True,20260903
ORD-0005515,2026-07-28,B站会员购,occasional_buyer,paid,delivered,99.0,4.95,0.0,94.05,True,20260903
ORD-0005516,2026-07-29,二手平台,occasional_buyer,paid,delivered,178.0,8.9,0.0,169.1,True,20260903
ORD-0005517,2026-08-04,B站会员购,occasional_buyer,paid,delivered,128.0,0.0,0.0,128.0,True,20260903
ORD-0005518,2026-06-11,官方商城,occasional_buyer,paid,shipped,66.0,3.3,10.0,72.7,True,20260903
ORD-0005519,2026-08-09,官方商城,core_buyer,paid,shipped,18.0,1.8,12.0,28.2,True,20260903
ORD-0005520,2026-06-23,官方商城,core_buyer,paid,delivered,18.0,0.0,0.0,18.0,True,20260903
ORD-0005521,2026-06-03,线下展会或快闪店,occasional_buyer,paid,delivered,178.0,17.8,0.0,160.2,True,20260903
ORD-0005522,2026-06-14,淘宝/天猫,occasional_buyer,paid,pending,18.0,0.9,0.0,17.1,True,20260903
ORD-0005523,2026-07-16,线下展会或快闪店,potential_buyer,paid,delivered,699.0,69.9,0.0,629.1,True,20260903
ORD-0005524,2026-07-12,淘宝/天猫,occasional_buyer,paid,delivered,48.0,0.0,0.0,48.0,True,20260903
ORD-0005525,2026-07-27,淘宝/天猫,occasional_buyer,paid,delivered,78.0,0.0,10.0,88.0,True,20260903
ORD-0005526,2026-06-19,淘宝/天猫,core_buyer,paid,delivered,39.0,0.0,0.0,39.0,True,20260903
ORD-0005527,2026-06-24,B站会员购,occasional_buyer,paid,delivered,128.0,6.4,0.0,121.6,True,20260903
ORD-0005528,2026-06-02,B站会员购,core_buyer,paid,delivered,18.0,0.0,8.0,26.0,True,20260903
ORD-0005529,2026-08-03,淘宝/天猫,occasional_buyer,paid,delivered,267.0,0.0,0.0,267.0,True,20260903
ORD-0005530,2026-08-14,淘宝/天猫,occasional_buyer,paid,delivered,128.0,0.0,0.0,128.0,True,20260903
ORD-0005531,2026-08-11,淘宝/天猫,occasional_buyer,paid,delivered,128.0,6.4,0.0,121.6,True,20260903
ORD-0005532,2026-07-03,线下展会或快闪店,core_buyer,paid,shipped,128.0,12.8,0.0,115.2,True,20260903
ORD-0005533,2026-07-06,淘宝/天猫,core_buyer,cancelled,cancelled,72.0,0.9,10.0,0.0,True,20260903
ORD-0005534,2026-06-23,淘宝/天猫,occasional_buyer,paid,delivered,267.0,0.0,0.0,267.0,True,20260903
ORD-0005535,2026-07-12,线下展会或快闪店,core_buyer,paid,delivered,195.0,4.8,0.0,190.2,True,20260903
ORD-0005536,2026-08-28,B站会员购,occasional_buyer,paid,delivered,164.0,21.0,0.0,143.0,True,20260903
ORD-0005537,2026-06-11,线下展会或快闪店,core_buyer,paid,delivered,128.0,0.0,0.0,128.0,True,20260903
ORD-0005538,2026-06-25,线下展会或快闪店,core_buyer,paid,shipped,39.0,1.95,0.0,37.05,True,20260903
ORD-0005539,2026-06-22,官方商城,core_buyer,paid,shipped,99.0,9.9,0.0,89.1,True,20260903
ORD-0005540,2026-08-11,其他,core_buyer,paid,delivered,128.0,0.0,0.0,128.0,True,20260903
ORD-0005541,2026-07-21,官方商城,core_buyer,paid,delivered,128.0,12.8,0.0,115.2,True,20260903
ORD-0005542,2026-08-09,B站会员购,core_buyer,paid,delivered,18.0,0.9,12.0,29.1,True,20260903
ORD-0005543,2026-07-23,淘宝/天猫,core_buyer,paid,shipped,18.0,1.8,0.0,16.2,True,20260903
ORD-0005544,2026-08-03,淘宝/天猫,occasional_buyer,paid,delivered,699.0,0.0,0.0,699.0,True,20260903
ORD-0005545,2026-06-22,淘宝/天猫,occasional_buyer,paid,delivered,48.0,2.4,8.0,53.6,True,20260903
ORD-0005546,2026-08-12,淘宝/天猫,occasional_buyer,paid,delivered,87.0,2.4,10.0,94.6,True,20260903
ORD-0005547,2026-08-18,B站会员购,occasional_buyer,paid,delivered,227.0,10.3,0.0,216.7,True,20260903
ORD-0005548,2026-08-25,B站会员购,potential_buyer,paid,delivered,217.0,0.0,0.0,217.0,True,20260903
ORD-0005549,2026-07-20,线下展会或快闪店,occasional_buyer,paid,delivered,128.0,12.8,0.0,115.2,True,20260903
ORD-0005550,2026-07-22,官方商城,core_buyer,paid,delivered,795.0,72.3,0.0,722.7,True,20260903
ORD-0005551,2026-07-02,淘宝/天猫,occasional_buyer,paid,delivered,699.0,69.9,0.0,629.1,True,20260903
ORD-0005552,2026-07-29,二手平台,occasional_buyer,paid,pending,18.0,1.8,8.0,24.2,True,20260903
ORD-0005553,2026-08-21,其他,occasional_buyer,paid,delivered,48.0,4.8,12.0,55.2,True,20260903
ORD-0005554,2026-07-10,官方商城,occasional_buyer,paid,delivered,128.0,6.4,0.0,121.6,True,20260903
ORD-0005555,2026-06-19,官方商城,potential_buyer,paid,delivered,89.0,0.0,8.0,97.0,True,20260903
ORD-0005556,2026-08-01,B站会员购,potential_buyer,paid,delivered,89.0,8.9,8.0,88.1,True,20260903
ORD-0005557,2026-07-12,B站会员购,occasional_buyer,paid,delivered,18.0,0.0,8.0,26.0,True,20260903
ORD-0005558,2026-06-05,线下展会或快闪店,core_buyer,paid,delivered,788.0,34.95,0.0,753.05,True,20260903
ORD-0005559,2026-08-02,淘宝/天猫,potential_buyer,cancelled,cancelled,788.0,74.35,0.0,0.0,True,20260903
ORD-0005560,2026-07-26,官方商城,core_buyer,paid,delivered,699.0,0.0,0.0,699.0,True,20260903
ORD-0005561,2026-07-19,官方商城,potential_buyer,paid,delivered,128.0,0.0,0.0,128.0,True,20260903
ORD-0005562,2026-07-27,官方商城,potential_buyer,paid,delivered,178.0,0.0,0.0,178.0,True,20260903
ORD-0005563,2026-06-14,官方商城,occasional_buyer,paid,delivered,1398.0,69.9,0.0,1328.1,True,20260903
ORD-0005564,2026-06-17,官方商城,potential_buyer,paid,delivered,36.0,0.0,8.0,44.0,True,20260903
ORD-0005565,2026-06-02,淘宝/天猫,core_buyer,paid,shipped,39.0,0.0,0.0,39.0,True,20260903
ORD-0005566,2026-07-19,官方商城,occasional_buyer,paid,delivered,137.0,6.85,0.0,130.15,True,20260903
ORD-0005567,2026-06-06,淘宝/天猫,core_buyer,paid,delivered,126.0,7.8,0.0,118.2,True,20260903
ORD-0005568,2026-08-02,官方商城,core_buyer,paid,delivered,18.0,0.0,8.0,26.0,True,20260903
ORD-0005569,2026-06-20,官方商城,potential_buyer,paid,delivered,89.0,13.35,8.0,83.65,True,20260903
ORD-0005570,2026-07-19,官方商城,occasional_buyer,paid,delivered,48.0,4.8,8.0,51.2,True,20260903
ORD-0005571,2026-07-26,官方商城,occasional_buyer,paid,delivered,699.0,69.9,0.0,629.1,True,20260903
ORD-0005572,2026-08-03,B站会员购,core_buyer,paid,delivered,48.0,0.0,12.0,60.0,True,20260903
ORD-0005573,2026-07-23,其他,occasional_buyer,paid,delivered,78.0,0.0,0.0,78.0,True,20260903
ORD-0005574,2026-07-28,淘宝/天猫,core_buyer,paid,delivered,96.0,0.0,8.0,104.0,True,20260903
ORD-0005575,2026-08-07,官方商城,core_buyer,paid,delivered,48.0,0.0,10.0,58.0,True,20260903
ORD-0005576,2026-06-02,二手平台,occasional_buyer,paid,delivered,48.0,0.0,0.0,48.0,True,20260903
ORD-0005577,2026-08-07,淘宝/天猫,occasional_buyer,paid,delivered,48.0,0.0,10.0,58.0,True,20260903
ORD-0005578,2026-06-30,淘宝/天猫,occasional_buyer,cancelled,cancelled,87.0,4.8,8.0,0.0,True,20260903
ORD-0005579,2026-06-24,二手平台,occasional_buyer,paid,delivered,99.0,0.0,0.0,99.0,True,20260903
ORD-0005580,2026-06-21,B站会员购,occasional_buyer,paid,delivered,454.0,27.65,0.0,426.35,True,20260903
ORD-0005581,2026-06-16,线下展会或快闪店,core_buyer,paid,delivered,18.0,0.0,0.0,18.0,True,20260903
ORD-0005582,2026-06-09,线下展会或快闪店,occasional_buyer,paid,shipped,99.0,9.9,0.0,89.1,True,20260903
ORD-0005583,2026-08-23,官方商城,core_buyer,paid,delivered,185.0,4.8,0.0,180.2,True,20260903
ORD-0005584,2026-08-11,线下展会或快闪店,potential_buyer,paid,delivered,18.0,1.8,0.0,16.2,True,20260903
ORD-0005585,2026-07-18,二手平台,core_buyer,paid,delivered,117.0,6.75,0.0,110.25,True,20260903
ORD-0005586,2026-06-27,二手平台,core_buyer,paid,delivered,99.0,0.0,0.0,99.0,True,20260903
ORD-0005587,2026-07-21,淘宝/天猫,occasional_buyer,paid,delivered,89.0,4.45,8.0,92.55,True,20260903
ORD-0005588,2026-06-21,淘宝/天猫,occasional_buyer,paid,delivered,99.0,4.95,0.0,94.05,True,20260903
ORD-0005589,2026-07-31,线下展会或快闪店,occasional_buyer,paid,delivered,798.0,109.8,0.0,688.2,True,20260903
ORD-0005590,2026-07-14,B站会员购,core_buyer,paid,delivered,18.0,0.0,8.0,26.0,True,20260903
ORD-0005591,2026-08-13,二手平台,potential_buyer,paid,delivered,89.0,0.0,10.0,99.0,True,20260903
ORD-0005592,2026-06-02,线下展会或快闪店,potential_buyer,paid,delivered,178.0,8.9,0.0,169.1,True,20260903
ORD-0005593,2026-08-17,淘宝/天猫,potential_buyer,paid,delivered,699.0,34.95,0.0,664.05,True,20260903
ORD-0005594,2026-06-20,二手平台,core_buyer,paid,delivered,128.0,6.4,0.0,121.6,True,20260903
ORD-0005595,2026-07-16,淘宝/天猫,occasional_buyer,paid,delivered,699.0,0.0,0.0,699.0,True,20260903
ORD-0005596,2026-07-28,淘宝/天猫,occasional_buyer,paid,delivered,699.0,0.0,0.0,699.0,True,20260903
ORD-0005597,2026-06-30,线下展会或快闪店,core_buyer,paid,delivered,99.0,0.0,0.0,99.0,True,20260903
ORD-0005598,2026-07-28,B站会员购,occasional_buyer,paid,delivered,18.0,0.9,10.0,27.1,True,20260903
ORD-0005599,2026-08-21,官方商城,potential_buyer,paid,delivered,99.0,4.95,8.0,102.05,True,20260903
ORD-0005600,2026-06-18,官方商城,potential_buyer,paid,delivered,738.0,0.0,0.0,738.0,True,20260903
ORD-0005601,2026-06-14,淘宝/天猫,occasional_buyer,paid,pending,176.0,2.4,0.0,173.6,True,20260903
ORD-0005602,2026-07-04,淘宝/天猫,core_buyer,paid,delivered,717.0,34.95,0.0,682.05,True,20260903
ORD-0005603,2026-06-18,其他,occasional_buyer,paid,delivered,39.0,0.0,0.0,39.0,True,20260903
ORD-0005604,2026-08-17,线下展会或快闪店,occasional_buyer,paid,delivered,128.0,0.0,0.0,128.0,True,20260903
ORD-0005605,2026-06-28,官方商城,core_buyer,paid,delivered,18.0,0.0,8.0,26.0,True,20260903
ORD-0005606,2026-06-04,官方商城,occasional_buyer,paid,delivered,699.0,0.0,0.0,699.0,True,20260903
ORD-0005607,2026-06-13,官方商城,core_buyer,paid,delivered,699.0,0.0,0.0,699.0,True,20260903
ORD-0005608,2026-06-19,B站会员购,occasional_buyer,paid,delivered,36.0,0.0,8.0,44.0,True,20260903
ORD-0005609,2026-07-28,B站会员购,core_buyer,paid,delivered,57.0,5.7,10.0,61.3,True,20260903
ORD-0005610,2026-06-20,淘宝/天猫,occasional_buyer,paid,delivered,196.0,17.8,0.0,178.2,True,20260903
ORD-0005611,2026-07-24,淘宝/天猫,occasional_buyer,cancelled,cancelled,699.0,34.95,0.0,0.0,True,20260903
ORD-0005612,2026-07-23,官方商城,potential_buyer,paid,delivered,827.0,19.2,0.0,807.8,True,20260903
ORD-0005613,2026-08-29,B站会员购,core_buyer,paid,delivered,99.0,0.0,0.0,99.0,True,20260903
ORD-0005614,2026-08-06,官方商城,core_buyer,cancelled,cancelled,177.0,3.9,0.0,0.0,True,20260903
ORD-0005615,2026-07-17,线下展会或快闪店,core_buyer,paid,delivered,89.0,0.0,10.0,99.0,True,20260903
ORD-0005616,2026-06-18,B站会员购,occasional_buyer,paid,delivered,128.0,6.4,0.0,121.6,True,20260903
ORD-0005617,2026-07-26,淘宝/天猫,occasional_buyer,paid,delivered,699.0,34.95,0.0,664.05,True,20260903
ORD-0005618,2026-08-08,B站会员购,potential_buyer,paid,delivered,48.0,0.0,8.0,56.0,True,20260903
ORD-0005619,2026-06-03,官方商城,occasional_buyer,paid,delivered,96.0,4.8,8.0,99.2,True,20260903
ORD-0005620,2026-07-17,官方商城,core_buyer,paid,delivered,89.0,0.0,8.0,97.0,True,20260903
ORD-0005621,2026-07-26,B站会员购,core_buyer,paid,delivered,699.0,104.85,0.0,594.15,True,20260903
ORD-0005622,2026-07-01,淘宝/天猫,core_buyer,paid,pending,335.0,8.9,0.0,326.1,True,20260903
ORD-0005623,2026-07-30,官方商城,potential_buyer,paid,delivered,117.0,0.0,0.0,117.0,True,20260903
ORD-0005624,2026-06-07,B站会员购,occasional_buyer,paid,delivered,188.0,4.45,0.0,183.55,True,20260903
ORD-0005625,2026-07-23,淘宝/天猫,potential_buyer,paid,delivered,48.0,2.4,8.0,53.6,True,20260903
ORD-0005626,2026-08-22,淘宝/天猫,occasional_buyer,paid,delivered,48.0,4.8,10.0,53.2,True,20260903
ORD-0005627,2026-08-27,线下展会或快闪店,core_buyer,paid,delivered,128.0,19.2,0.0,108.8,True,20260903
ORD-0005628,2026-08-25,官方商城,core_buyer,paid,delivered,176.0,17.6,0.0,158.4,True,20260903
ORD-0005629,2026-07-09,线下展会或快闪店,core_buyer,paid,delivered,89.0,0.0,8.0,97.0,True,20260903
ORD-0005630,2026-06-14,淘宝/天猫,potential_buyer,paid,delivered,105.0,10.05,0.0,94.95,True,20260903
ORD-0005631,2026-06-06,淘宝/天猫,potential_buyer,paid,delivered,699.0,0.0,0.0,699.0,True,20260903
ORD-0005632,2026-08-26,官方商城,occasional_buyer,paid,delivered,18.0,0.9,0.0,17.1,True,20260903
ORD-0005633,2026-07-19,线下展会或快闪店,occasional_buyer,paid,delivered,89.0,0.0,12.0,101.0,True,20260903
ORD-0005634,2026-06-20,淘宝/天猫,core_buyer,paid,shipped,699.0,0.0,0.0,699.0,True,20260903
ORD-0005635,2026-08-07,线下展会或快闪店,core_buyer,paid,delivered,89.0,8.9,12.0,92.1,True,20260903
ORD-0005636,2026-06-19,B站会员购,potential_buyer,paid,delivered,18.0,1.8,10.0,26.2,True,20260903
ORD-0005637,2026-07-23,B站会员购,occasional_buyer,paid,delivered,99.0,0.0,0.0,99.0,True,20260903
ORD-0005638,2026-06-13,B站会员购,occasional_buyer,paid,delivered,39.0,0.0,0.0,39.0,True,20260903
ORD-0005639,2026-06-11,官方商城,occasional_buyer,paid,delivered,267.0,0.0,0.0,267.0,True,20260903
ORD-0005640,2026-06-17,线下展会或快闪店,core_buyer,paid,delivered,128.0,6.4,0.0,121.6,True,20260903
ORD-0005641,2026-06-06,官方商城,occasional_buyer,paid,delivered,117.0,9.9,0.0,107.1,True,20260903
ORD-0005642,2026-06-17,B站会员购,occasional_buyer,paid,delivered,747.0,69.9,0.0,677.1,True,20260903
ORD-0005643,2026-06-24,线下展会或快闪店,occasional_buyer,paid,delivered,78.0,0.0,0.0,78.0,True,20260903
ORD-0005644,2026-06-23,官方商城,core_buyer,paid,delivered,48.0,0.0,8.0,56.0,True,20260903
ORD-0005645,2026-08-14,B站会员购,core_buyer,paid,delivered,735.0,3.6,0.0,731.4,True,20260903
ORD-0005646,2026-06-01,其他,core_buyer,paid,delivered,48.0,0.0,10.0,58.0,True,20260903
ORD-0005647,2026-07-22,淘宝/天猫,core_buyer,paid,delivered,128.0,12.8,0.0,115.2,True,20260903
ORD-0005648,2026-08-16,B站会员购,core_buyer,paid,shipped,18.0,0.0,10.0,28.0,True,20260903
ORD-0005649,2026-06-01,线下展会或快闪店,occasional_buyer,paid,delivered,699.0,0.0,0.0,699.0,True,20260903
ORD-0005650,2026-08-12,淘宝/天猫,core_buyer,paid,delivered,376.0,38.6,0.0,337.4,True,20260903
ORD-0005651,2026-06-21,二手平台,occasional_buyer,paid,pending,89.0,0.0,0.0,89.0,True,20260903
ORD-0005652,2026-07-12,淘宝/天猫,core_buyer,paid,delivered,18.0,0.0,10.0,28.0,True,20260903
ORD-0005653,2026-07-24,B站会员购,potential_buyer,paid,shipped,1398.0,0.0,0.0,1398.0,True,20260903
ORD-0005654,2026-06-17,官方商城,occasional_buyer,paid,delivered,89.0,0.0,8.0,97.0,True,20260903
ORD-0005655,2026-06-12,官方商城,core_buyer,paid,delivered,297.0,14.85,0.0,282.15,True,20260903
ORD-0005656,2026-07-23,官方商城,occasional_buyer,paid,delivered,128.0,12.8,0.0,115.2,True,20260903
ORD-0005657,2026-07-23,官方商城,core_buyer,paid,delivered,699.0,0.0,0.0,699.0,True,20260903
ORD-0005658,2026-06-06,淘宝/天猫,core_buyer,paid,shipped,48.0,0.0,12.0,60.0,True,20260903
ORD-0005659,2026-08-03,淘宝/天猫,occasional_buyer,paid,delivered,89.0,4.45,8.0,92.55,True,20260903
ORD-0005660,2026-06-03,线下展会或快闪店,occasional_buyer,paid,delivered,147.0,0.0,0.0,147.0,True,20260903
ORD-0005661,2026-07-16,线下展会或快闪店,potential_buyer,paid,delivered,89.0,0.0,10.0,99.0,True,20260903
ORD-0005662,2026-06-17,线下展会或快闪店,potential_buyer,paid,delivered,287.0,14.85,0.0,272.15,True,20260903
ORD-0005663,2026-06-22,淘宝/天猫,occasional_buyer,paid,delivered,717.0,34.95,0.0,682.05,True,20260903
ORD-0005664,2026-07-22,淘宝/天猫,occasional_buyer,paid,delivered,1398.0,139.8,0.0,1258.2,True,20260903
ORD-0005665,2026-07-10,B站会员购,occasional_buyer,paid,delivered,48.0,0.0,12.0,60.0,True,20260903
ORD-0005666,2026-07-30,淘宝/天猫,occasional_buyer,paid,delivered,128.0,0.0,0.0,128.0,True,20260903
ORD-0005667,2026-08-06,淘宝/天猫,core_buyer,paid,delivered,48.0,4.8,12.0,55.2,True,20260903
ORD-0005668,2026-06-20,B站会员购,occasional_buyer,paid,delivered,128.0,0.0,0.0,128.0,True,20260903
ORD-0005669,2026-07-12,线下展会或快闪店,core_buyer,paid,delivered,747.0,74.7,0.0,672.3,True,20260903
ORD-0005670,2026-06-10,淘宝/天猫,occasional_buyer,paid,delivered,48.0,4.8,10.0,53.2,True,20260903
ORD-0005671,2026-07-24,线下展会或快闪店,occasional_buyer,paid,delivered,955.0,12.8,0.0,942.2,True,20260903
ORD-0005672,2026-07-24,淘宝/天猫,core_buyer,paid,delivered,114.0,0.9,0.0,113.1,True,20260903
ORD-0005673,2026-08-14,B站会员购,core_buyer,paid,delivered,266.0,3.9,0.0,262.1,True,20260903
ORD-0005674,2026-07-28,官方商城,occasional_buyer,paid,delivered,89.0,13.35,8.0,83.65,True,20260903
ORD-0005675,2026-08-19,淘宝/天猫,occasional_buyer,paid,delivered,48.0,0.0,0.0,48.0,True,20260903
ORD-0005676,2026-07-01,淘宝/天猫,core_buyer,paid,delivered,167.0,0.0,0.0,167.0,True,20260903
ORD-0005677,2026-06-07,淘宝/天猫,core_buyer,paid,delivered,89.0,0.0,8.0,97.0,True,20260903
ORD-0005678,2026-06-17,B站会员购,occasional_buyer,paid,delivered,48.0,0.0,12.0,60.0,True,20260903
ORD-0005679,2026-06-06,B站会员购,core_buyer,paid,pending,217.0,0.0,0.0,217.0,True,20260903
ORD-0005680,2026-06-29,线下展会或快闪店,core_buyer,paid,delivered,18.0,0.0,8.0,26.0,True,20260903
ORD-0005681,2026-07-28,B站会员购,occasional_buyer,paid,shipped,167.0,3.9,0.0,163.1,True,20260903
ORD-0005682,2026-07-25,线下展会或快闪店,potential_buyer,paid,delivered,48.0,4.8,12.0,55.2,True,20260903
ORD-0005683,2026-08-01,淘宝/天猫,core_buyer,paid,shipped,39.0,1.95,0.0,37.05,True,20260903
ORD-0005684,2026-07-21,B站会员购,occasional_buyer,paid,delivered,816.0,75.75,0.0,740.25,True,20260903
ORD-0005685,2026-08-03,淘宝/天猫,occasional_buyer,paid,delivered,96.0,0.0,0.0,96.0,True,20260903
ORD-0005686,2026-07-15,二手平台,core_buyer,paid,delivered,18.0,1.8,10.0,26.2,True,20260903
ORD-0005687,2026-08-17,官方商城,core_buyer,paid,delivered,99.0,9.9,8.0,97.1,True,20260903
ORD-0005688,2026-07-27,淘宝/天猫,occasional_buyer,paid,delivered,128.0,0.0,0.0,128.0,True,20260903
ORD-0005689,2026-08-13,线下展会或快闪店,occasional_buyer,paid,delivered,99.0,0.0,0.0,99.0,True,20260903
ORD-0005690,2026-06-28,线下展会或快闪店,potential_buyer,paid,shipped,699.0,104.85,0.0,594.15,True,20260903
ORD-0005691,2026-07-17,二手平台,occasional_buyer,cancelled,cancelled,128.0,0.0,0.0,0.0,True,20260903
ORD-0005692,2026-08-11,官方商城,occasional_buyer,paid,delivered,39.0,0.0,0.0,39.0,True,20260903
ORD-0005693,2026-07-16,B站会员购,core_buyer,paid,delivered,96.0,0.0,12.0,108.0,True,20260903
ORD-0005694,2026-07-11,B站会员购,occasional_buyer,paid,delivered,89.0,4.45,12.0,96.55,True,20260903
ORD-0005695,2026-07-03,淘宝/天猫,occasional_buyer,paid,delivered,99.0,4.95,8.0,102.05,True,20260903
ORD-0005696,2026-07-08,官方商城,occasional_buyer,paid,delivered,18.0,0.0,0.0,18.0,True,20260903
ORD-0005697,2026-07-28,B站会员购,occasional_buyer,paid,delivered,717.0,0.0,0.0,717.0,True,20260903
ORD-0005698,2026-08-22,官方商城,occasional_buyer,paid,delivered,128.0,0.0,0.0,128.0,True,20260903
ORD-0005699,2026-06-03,B站会员购,core_buyer,paid,shipped,137.0,0.0,0.0,137.0,True,20260903
ORD-0005700,2026-06-25,淘宝/天猫,core_buyer,paid,delivered,699.0,0.0,0.0,699.0,True,20260903
ORD-0005701,2026-06-14,淘宝/天猫,occasional_buyer,paid,delivered,99.0,0.0,0.0,99.0,True,20260903
ORD-0005702,2026-08-24,官方商城,occasional_buyer,paid,delivered,39.0,3.9,8.0,43.1,True,20260903
ORD-0005703,2026-07-12,B站会员购,core_buyer,paid,delivered,18.0,0.0,12.0,30.0,True,20260903
ORD-0005704,2026-08-28,线下展会或快闪店,core_buyer,paid,delivered,89.0,0.0,0.0,89.0,True,20260903
ORD-0005705,2026-06-03,官方商城,occasional_buyer,paid,delivered,128.0,12.8,0.0,115.2,True,20260903
ORD-0005706,2026-07-02,B站会员购,core_buyer,paid,delivered,96.0,9.6,10.0,96.4,True,20260903
ORD-0005707,2026-06-05,线下展会或快闪店,core_buyer,paid,shipped,18.0,0.0,8.0,26.0,True,20260903
ORD-0005708,2026-06-10,B站会员购,core_buyer,paid,delivered,39.0,3.9,0.0,35.1,True,20260903
ORD-0005709,2026-06-22,其他,core_buyer,paid,delivered,48.0,4.8,10.0,53.2,True,20260903
ORD-0005710,2026-06-17,淘宝/天猫,potential_buyer,paid,delivered,99.0,4.95,10.0,104.05,True,20260903
ORD-0005711,2026-07-12,官方商城,occasional_buyer,paid,delivered,39.0,0.0,8.0,47.0,True,20260903
ORD-0005712,2026-07-13,淘宝/天猫,occasional_buyer,paid,delivered,699.0,34.95,0.0,664.05,True,20260903
ORD-0005713,2026-07-06,其他,occasional_buyer,paid,delivered,146.0,1.95,0.0,144.05,True,20260903
ORD-0005714,2026-08-08,淘宝/天猫,occasional_buyer,paid,delivered,18.0,2.7,0.0,15.3,True,20260903
ORD-0005715,2026-08-27,淘宝/天猫,core_buyer,paid,delivered,89.0,0.0,8.0,97.0,True,20260903
ORD-0005716,2026-07-06,线下展会或快闪店,potential_buyer,paid,delivered,96.0,0.0,0.0,96.0,True,20260903
ORD-0005717,2026-06-24,官方商城,occasional_buyer,paid,shipped,89.0,0.0,8.0,97.0,True,20260903
ORD-0005718,2026-08-12,B站会员购,occasional_buyer,paid,delivered,304.0,4.8,0.0,299.2,True,20260903
ORD-0005719,2026-06-11,官方商城,occasional_buyer,paid,delivered,699.0,0.0,0.0,699.0,True,20260903
ORD-0005720,2026-07-25,官方商城,occasional_buyer,paid,pending,39.0,3.9,10.0,45.1,True,20260903
ORD-0005721,2026-06-22,淘宝/天猫,occasional_buyer,paid,delivered,18.0,0.0,8.0,26.0,True,20260903
ORD-0005722,2026-08-08,B站会员购,potential_buyer,paid,delivered,89.0,0.0,8.0,97.0,True,20260903
ORD-0005723,2026-06-19,淘宝/天猫,occasional_buyer,paid,delivered,128.0,0.0,0.0,128.0,True,20260903
ORD-0005724,2026-07-24,淘宝/天猫,occasional_buyer,paid,delivered,89.0,4.45,0.0,84.55,True,20260903
ORD-0005725,2026-07-27,淘宝/天猫,core_buyer,paid,delivered,107.0,0.0,0.0,107.0,True,20260903
ORD-0005726,2026-08-12,官方商城,occasional_buyer,paid,delivered,128.0,0.0,0.0,128.0,True,20260903
ORD-0005727,2026-06-27,二手平台,core_buyer,paid,delivered,39.0,0.0,8.0,47.0,True,20260903
ORD-0005728,2026-08-10,B站会员购,core_buyer,paid,delivered,227.0,0.0,0.0,227.0,True,20260903
ORD-0005729,2026-07-29,官方商城,occasional_buyer,paid,delivered,48.0,4.8,8.0,51.2,True,20260903
ORD-0005730,2026-08-02,B站会员购,occasional_buyer,paid,delivered,198.0,0.0,0.0,198.0,True,20260903
ORD-0005731,2026-08-16,其他,core_buyer,paid,delivered,99.0,0.0,0.0,99.0,True,20260903
ORD-0005732,2026-07-25,官方商城,potential_buyer,paid,delivered,48.0,0.0,0.0,48.0,True,20260903
ORD-0005733,2026-07-06,B站会员购,core_buyer,paid,delivered,217.0,0.0,0.0,217.0,True,20260903
ORD-0005734,2026-06-11,B站会员购,occasional_buyer,paid,delivered,99.0,0.0,0.0,99.0,True,20260903
ORD-0005735,2026-08-29,淘宝/天猫,occasional_buyer,paid,shipped,176.0,6.4,0.0,169.6,True,20260903
ORD-0005736,2026-06-07,淘宝/天猫,potential_buyer,paid,delivered,18.0,0.0,0.0,18.0,True,20260903
ORD-0005737,2026-07-08,淘宝/天猫,occasional_buyer,paid,shipped,128.0,0.0,0.0,128.0,True,20260903
ORD-0005738,2026-08-10,B站会员购,core_buyer,paid,pending,699.0,34.95,0.0,664.05,True,20260903
ORD-0005739,2026-08-15,淘宝/天猫,occasional_buyer,paid,delivered,699.0,34.95,0.0,664.05,True,20260903
ORD-0005740,2026-06-01,二手平台,potential_buyer,paid,delivered,699.0,69.9,0.0,629.1,True,20260903
ORD-0005741,2026-07-04,淘宝/天猫,occasional_buyer,paid,delivered,96.0,14.4,8.0,89.6,True,20260903
ORD-0005742,2026-07-18,直播间,occasional_buyer,paid,delivered,99.0,14.85,8.0,92.15,True,20260903
ORD-0005743,2026-06-27,线下展会或快闪店,occasional_buyer,paid,delivered,48.0,4.8,0.0,43.2,True,20260903
ORD-0005744,2026-08-01,淘宝/天猫,core_buyer,paid,delivered,128.0,6.4,0.0,121.6,True,20260903
ORD-0005745,2026-08-04,线下展会或快闪店,core_buyer,paid,shipped,198.0,0.0,0.0,198.0,True,20260903
ORD-0005746,2026-08-07,淘宝/天猫,core_buyer,paid,delivered,99.0,4.95,12.0,106.05,True,20260903
ORD-0005747,2026-07-24,淘宝/天猫,occasional_buyer,paid,delivered,89.0,0.0,8.0,97.0,True,20260903
ORD-0005748,2026-06-19,官方商城,potential_buyer,paid,delivered,99.0,9.9,8.0,97.1,True,20260903
ORD-0005749,2026-07-06,淘宝/天猫,core_buyer,paid,delivered,788.0,8.9,0.0,779.1,True,20260903
ORD-0005750,2026-06-19,官方商城,occasional_buyer,paid,delivered,89.0,0.0,0.0,89.0,True,20260903
ORD-0005751,2026-06-14,直播间,occasional_buyer,paid,delivered,48.0,0.0,10.0,58.0,True,20260903
ORD-0005752,2026-08-23,B站会员购,occasional_buyer,paid,shipped,384.0,12.8,0.0,371.2,True,20260903
ORD-0005753,2026-08-03,淘宝/天猫,potential_buyer,paid,delivered,788.0,39.4,0.0,748.6,True,20260903
ORD-0005754,2026-06-03,淘宝/天猫,occasional_buyer,paid,delivered,178.0,13.35,0.0,164.65,True,20260903
ORD-0005755,2026-06-21,B站会员购,core_buyer,paid,delivered,185.0,14.6,0.0,170.4,True,20260903
ORD-0005756,2026-07-14,B站会员购,core_buyer,paid,delivered,146.0,0.9,0.0,145.1,True,20260903
ORD-0005757,2026-08-29,官方商城,occasional_buyer,paid,delivered,699.0,69.9,0.0,629.1,True,20260903
ORD-0005758,2026-07-16,淘宝/天猫,core_buyer,paid,delivered,256.0,0.0,0.0,256.0,True,20260903
ORD-0005759,2026-06-30,淘宝/天猫,occasional_buyer,paid,delivered,117.0,0.0,0.0,117.0,True,20260903
ORD-0005760,2026-06-03,B站会员购,core_buyer,paid,delivered,39.0,0.0,10.0,49.0,True,20260903
ORD-0005761,2026-07-17,二手平台,core_buyer,paid,shipped,89.0,0.0,10.0,99.0,True,20260903
ORD-0005762,2026-08-21,淘宝/天猫,core_buyer,paid,delivered,265.0,9.25,0.0,255.75,True,20260903
ORD-0005763,2026-08-14,官方商城,occasional_buyer,paid,delivered,128.0,0.0,0.0,128.0,True,20260903
ORD-0005764,2026-07-21,B站会员购,core_buyer,paid,delivered,18.0,1.8,12.0,28.2,True,20260903
ORD-0005765,2026-06-23,淘宝/天猫,potential_buyer,paid,delivered,798.0,0.0,0.0,798.0,True,20260903
ORD-0005766,2026-08-13,淘宝/天猫,potential_buyer,cancelled,cancelled,89.0,8.9,10.0,0.0,True,20260903
ORD-0005767,2026-08-04,官方商城,occasional_buyer,paid,delivered,99.0,0.0,0.0,99.0,True,20260903
ORD-0005768,2026-06-17,其他,occasional_buyer,paid,delivered,128.0,19.2,0.0,108.8,True,20260903
ORD-0005769,2026-07-29,B站会员购,occasional_buyer,paid,delivered,699.0,0.0,0.0,699.0,True,20260903
ORD-0005770,2026-07-31,淘宝/天猫,core_buyer,paid,delivered,146.0,0.9,0.0,145.1,True,20260903
ORD-0005771,2026-08-08,二手平台,occasional_buyer,paid,delivered,89.0,4.45,0.0,84.55,True,20260903
ORD-0005772,2026-07-23,淘宝/天猫,core_buyer,paid,delivered,699.0,104.85,0.0,594.15,True,20260903
ORD-0005773,2026-08-02,官方商城,core_buyer,paid,delivered,89.0,0.0,10.0,99.0,True,20260903
ORD-0005774,2026-08-03,B站会员购,occasional_buyer,paid,shipped,99.0,0.0,0.0,99.0,True,20260903
ORD-0005775,2026-06-23,淘宝/天猫,potential_buyer,paid,delivered,39.0,0.0,10.0,49.0,True,20260903
ORD-0005776,2026-06-14,淘宝/天猫,occasional_buyer,paid,delivered,128.0,19.2,0.0,108.8,True,20260903
ORD-0005777,2026-07-17,官方商城,core_buyer,paid,delivered,717.0,69.9,0.0,647.1,True,20260903
ORD-0005778,2026-08-14,B站会员购,occasional_buyer,paid,delivered,78.0,3.9,0.0,74.1,True,20260903
ORD-0005779,2026-06-20,淘宝/天猫,core_buyer,paid,delivered,699.0,34.95,0.0,664.05,True,20260903
ORD-0005780,2026-08-10,二手平台,core_buyer,paid,delivered,274.0,1.8,0.0,272.2,True,20260903
ORD-0005781,2026-06-20,B站会员购,occasional_buyer,paid,delivered,738.0,0.0,0.0,738.0,True,20260903
ORD-0005782,2026-08-06,官方商城,potential_buyer,paid,delivered,99.0,4.95,10.0,104.05,True,20260903
ORD-0005783,2026-06-13,官方商城,core_buyer,paid,delivered,217.0,12.8,0.0,204.2,True,20260903
ORD-0005784,2026-06-22,官方商城,potential_buyer,paid,delivered,178.0,0.0,0.0,178.0,True,20260903
ORD-0005785,2026-06-17,淘宝/天猫,potential_buyer,paid,delivered,89.0,8.9,10.0,90.1,True,20260903
ORD-0005786,2026-06-14,线下展会或快闪店,core_buyer,paid,delivered,147.0,4.95,0.0,142.05,True,20260903
ORD-0005787,2026-06-13,淘宝/天猫,core_buyer,paid,delivered,128.0,0.0,0.0,128.0,True,20260903
ORD-0005788,2026-08-03,淘宝/天猫,core_buyer,cancelled,cancelled,48.0,0.0,8.0,0.0,True,20260903
ORD-0005789,2026-06-16,淘宝/天猫,occasional_buyer,paid,delivered,99.0,4.95,12.0,106.05,True,20260903
ORD-0005790,2026-08-28,其他,core_buyer,paid,delivered,48.0,2.4,0.0,45.6,True,20260903
ORD-0005791,2026-08-12,官方商城,core_buyer,paid,delivered,128.0,0.0,0.0,128.0,True,20260903
ORD-0005792,2026-08-26,官方商城,occasional_buyer,paid,delivered,699.0,34.95,0.0,664.05,True,20260903
ORD-0005793,2026-06-08,淘宝/天猫,potential_buyer,paid,delivered,78.0,0.0,0.0,78.0,True,20260903
ORD-0005794,2026-07-12,淘宝/天猫,occasional_buyer,paid,delivered,126.0,10.2,0.0,115.8,True,20260903
ORD-0005795,2026-06-24,官方商城,occasional_buyer,paid,delivered,39.0,0.0,0.0,39.0,True,20260903
ORD-0005796,2026-07-09,官方商城,occasional_buyer,paid,delivered,36.0,0.0,8.0,44.0,True,20260903
ORD-0005797,2026-08-10,淘宝/天猫,occasional_buyer,paid,delivered,699.0,104.85,0.0,594.15,True,20260903
ORD-0005798,2026-08-28,淘宝/天猫,occasional_buyer,paid,delivered,699.0,0.0,0.0,699.0,True,20260903
ORD-0005799,2026-07-31,淘宝/天猫,occasional_buyer,paid,delivered,99.0,4.95,0.0,94.05,True,20260903
ORD-0005800,2026-07-30,淘宝/天猫,occasional_buyer,paid,delivered,48.0,0.0,0.0,48.0,True,20260903
ORD-0005801,2026-07-14,官方商城,core_buyer,paid,delivered,1398.0,69.9,0.0,1328.1,True,20260903
ORD-0005802,2026-07-05,B站会员购,core_buyer,paid,delivered,89.0,0.0,8.0,97.0,True,20260903
ORD-0005803,2026-06-28,二手平台,core_buyer,paid,delivered,798.0,49.8,0.0,748.2,True,20260903
ORD-0005804,2026-06-25,淘宝/天猫,occasional_buyer,paid,delivered,747.0,4.8,0.0,742.2,True,20260903
ORD-0005805,2026-08-22,官方商城,occasional_buyer,paid,delivered,99.0,0.0,0.0,99.0,True,20260903
ORD-0005806,2026-07-14,淘宝/天猫,occasional_buyer,paid,delivered,89.0,13.35,10.0,85.65,True,20260903
ORD-0005807,2026-06-03,淘宝/天猫,occasional_buyer,cancelled,cancelled,135.0,11.1,0.0,0.0,True,20260903
ORD-0005808,2026-06-21,官方商城,core_buyer,paid,delivered,89.0,0.0,10.0,99.0,True,20260903
ORD-0005809,2026-06-23,淘宝/天猫,occasional_buyer,paid,delivered,99.0,4.95,0.0,94.05,True,20260903
ORD-0005810,2026-07-30,淘宝/天猫,occasional_buyer,paid,delivered,138.0,14.85,0.0,123.15,True,20260903
ORD-0005811,2026-07-01,淘宝/天猫,core_buyer,paid,delivered,48.0,2.4,8.0,53.6,True,20260903
ORD-0005812,2026-06-29,淘宝/天猫,occasional_buyer,paid,delivered,36.0,0.0,8.0,44.0,True,20260903
ORD-0005813,2026-08-06,B站会员购,core_buyer,paid,delivered,39.0,0.0,10.0,49.0,True,20260903
ORD-0005814,2026-06-13,B站会员购,occasional_buyer,paid,delivered,717.0,0.9,0.0,716.1,True,20260903
ORD-0005815,2026-07-30,B站会员购,occasional_buyer,paid,delivered,48.0,0.0,12.0,60.0,True,20260903
ORD-0005816,2026-07-19,官方商城,potential_buyer,paid,delivered,256.0,0.0,0.0,256.0,True,20260903
ORD-0005817,2026-06-09,B站会员购,potential_buyer,paid,delivered,128.0,6.4,0.0,121.6,True,20260903
ORD-0005818,2026-07-20,线下展会或快闪店,core_buyer,paid,delivered,699.0,0.0,0.0,699.0,True,20260903
ORD-0005819,2026-07-30,二手平台,core_buyer,paid,delivered,89.0,0.0,0.0,89.0,True,20260903
ORD-0005820,2026-06-07,淘宝/天猫,occasional_buyer,paid,delivered,2273.0,12.8,0.0,2260.2,True,20260903
ORD-0005821,2026-06-30,B站会员购,core_buyer,paid,delivered,48.0,2.4,8.0,53.6,True,20260903
ORD-0005822,2026-06-23,官方商城,occasional_buyer,paid,delivered,78.0,0.0,12.0,90.0,True,20260903
ORD-0005823,2026-08-07,线下展会或快闪店,core_buyer,paid,pending,18.0,0.0,0.0,18.0,True,20260903
ORD-0005824,2026-06-07,官方商城,core_buyer,paid,shipped,128.0,19.2,0.0,108.8,True,20260903
ORD-0005825,2026-08-02,B站会员购,core_buyer,paid,delivered,176.0,12.8,0.0,163.2,True,20260903
ORD-0005826,2026-07-21,官方商城,core_buyer,paid,delivered,128.0,0.0,0.0,128.0,True,20260903
ORD-0005827,2026-07-05,官方商城,core_buyer,paid,delivered,48.0,0.0,0.0,48.0,True,20260903
ORD-0005828,2026-07-20,官方商城,occasional_buyer,paid,delivered,18.0,1.8,10.0,26.2,True,20260903
ORD-0005829,2026-08-17,官方商城,occasional_buyer,paid,delivered,39.0,5.85,10.0,43.15,True,20260903
ORD-0005830,2026-08-28,淘宝/天猫,occasional_buyer,paid,delivered,135.0,0.0,0.0,135.0,True,20260903
ORD-0005831,2026-08-08,官方商城,occasional_buyer,paid,delivered,699.0,0.0,0.0,699.0,True,20260903
ORD-0005832,2026-08-11,淘宝/天猫,core_buyer,paid,delivered,96.0,0.0,8.0,104.0,True,20260903
ORD-0005833,2026-08-16,其他,occasional_buyer,paid,delivered,699.0,0.0,0.0,699.0,True,20260903
ORD-0005834,2026-08-13,淘宝/天猫,potential_buyer,paid,delivered,99.0,4.95,0.0,94.05,True,20260903
ORD-0005835,2026-08-15,官方商城,core_buyer,paid,delivered,128.0,0.0,0.0,128.0,True,20260903
ORD-0005836,2026-07-13,官方商城,potential_buyer,paid,delivered,99.0,4.95,10.0,104.05,True,20260903
ORD-0005837,2026-06-14,线下展会或快闪店,potential_buyer,paid,pending,738.0,34.95,0.0,703.05,True,20260903
ORD-0005838,2026-07-14,官方商城,core_buyer,paid,delivered,227.0,11.35,0.0,215.65,True,20260903
ORD-0005839,2026-07-06,淘宝/天猫,occasional_buyer,paid,delivered,96.0,4.8,10.0,101.2,True,20260903
ORD-0005840,2026-08-27,B站会员购,core_buyer,paid,delivered,178.0,4.45,0.0,173.55,True,20260903
ORD-0005841,2026-06-28,淘宝/天猫,occasional_buyer,paid,delivered,89.0,4.45,8.0,92.55,True,20260903
ORD-0005842,2026-06-07,B站会员购,core_buyer,paid,delivered,206.0,19.2,0.0,186.8,True,20260903
ORD-0005843,2026-06-22,淘宝/天猫,core_buyer,paid,delivered,99.0,14.85,10.0,94.15,True,20260903
ORD-0005844,2026-08-18,淘宝/天猫,occasional_buyer,paid,delivered,99.0,4.95,0.0,94.05,True,20260903
ORD-0005845,2026-06-16,二手平台,core_buyer,paid,delivered,128.0,12.8,0.0,115.2,True,20260903
ORD-0005846,2026-06-07,官方商城,potential_buyer,paid,delivered,99.0,9.9,12.0,101.1,True,20260903
ORD-0005847,2026-08-16,B站会员购,core_buyer,paid,delivered,36.0,0.0,8.0,44.0,True,20260903
ORD-0005848,2026-06-22,官方商城,core_buyer,paid,delivered,699.0,0.0,0.0,699.0,True,20260903
ORD-0005849,2026-08-28,淘宝/天猫,potential_buyer,paid,delivered,128.0,0.0,0.0,128.0,True,20260903
ORD-0005850,2026-08-03,淘宝/天猫,occasional_buyer,paid,delivered,99.0,9.9,12.0,101.1,True,20260903
ORD-0005851,2026-06-23,淘宝/天猫,occasional_buyer,paid,delivered,699.0,0.0,0.0,699.0,True,20260903
ORD-0005852,2026-06-22,官方商城,core_buyer,paid,delivered,227.0,0.0,0.0,227.0,True,20260903
ORD-0005853,2026-07-30,官方商城,core_buyer,paid,delivered,39.0,0.0,8.0,47.0,True,20260903
ORD-0005854,2026-07-11,淘宝/天猫,core_buyer,paid,delivered,256.0,0.0,0.0,256.0,True,20260903
ORD-0005855,2026-08-09,官方商城,occasional_buyer,paid,delivered,89.0,8.9,8.0,88.1,True,20260903
ORD-0005856,2026-07-26,线下展会或快闪店,core_buyer,paid,delivered,89.0,8.9,8.0,88.1,True,20260903
ORD-0005857,2026-08-11,淘宝/天猫,occasional_buyer,paid,delivered,99.0,0.0,0.0,99.0,True,20260903
ORD-0005858,2026-07-20,淘宝/天猫,core_buyer,paid,delivered,48.0,0.0,8.0,56.0,True,20260903
ORD-0005859,2026-06-23,二手平台,occasional_buyer,paid,delivered,699.0,0.0,0.0,699.0,True,20260903
ORD-0005860,2026-07-08,淘宝/天猫,core_buyer,paid,delivered,99.0,0.0,0.0,99.0,True,20260903
ORD-0005861,2026-08-07,线下展会或快闪店,core_buyer,cancelled,cancelled,2097.0,0.0,0.0,0.0,True,20260903
ORD-0005862,2026-06-15,B站会员购,occasional_buyer,paid,delivered,89.0,4.45,12.0,96.55,True,20260903
ORD-0005863,2026-07-29,二手平台,occasional_buyer,paid,delivered,39.0,0.0,0.0,39.0,True,20260903
ORD-0005864,2026-06-21,淘宝/天猫,occasional_buyer,paid,delivered,699.0,0.0,0.0,699.0,True,20260903
ORD-0005865,2026-07-16,官方商城,core_buyer,paid,delivered,89.0,0.0,8.0,97.0,True,20260903
ORD-0005866,2026-08-28,二手平台,occasional_buyer,paid,delivered,699.0,69.9,0.0,629.1,True,20260903
ORD-0005867,2026-08-27,二手平台,occasional_buyer,paid,delivered,144.0,0.0,0.0,144.0,True,20260903
ORD-0005868,2026-08-24,淘宝/天猫,core_buyer,paid,delivered,48.0,0.0,8.0,56.0,True,20260903
ORD-0005869,2026-06-27,B站会员购,potential_buyer,paid,shipped,176.0,0.0,0.0,176.0,True,20260903
ORD-0005870,2026-08-08,官方商城,core_buyer,paid,delivered,99.0,9.9,10.0,99.1,True,20260903
ORD-0005871,2026-06-16,淘宝/天猫,core_buyer,paid,delivered,99.0,0.0,0.0,99.0,True,20260903
ORD-0005872,2026-08-18,官方商城,potential_buyer,paid,delivered,798.0,14.85,0.0,783.15,True,20260903
ORD-0005873,2026-08-19,B站会员购,potential_buyer,paid,delivered,827.0,82.7,0.0,744.3,True,20260903
ORD-0005874,2026-08-29,B站会员购,potential_buyer,paid,delivered,57.0,0.0,0.0,57.0,True,20260903
ORD-0005875,2026-07-29,B站会员购,core_buyer,paid,delivered,18.0,0.9,8.0,25.1,True,20260903
ORD-0005876,2026-06-27,淘宝/天猫,occasional_buyer,paid,delivered,217.0,8.9,0.0,208.1,True,20260903
ORD-0005877,2026-08-22,淘宝/天猫,core_buyer,cancelled,cancelled,345.0,19.2,0.0,0.0,True,20260903
ORD-0005878,2026-07-01,B站会员购,core_buyer,paid,delivered,128.0,0.0,0.0,128.0,True,20260903
ORD-0005879,2026-06-07,淘宝/天猫,potential_buyer,paid,delivered,128.0,0.0,0.0,128.0,True,20260903
ORD-0005880,2026-07-30,二手平台,occasional_buyer,paid,delivered,18.0,0.9,10.0,27.1,True,20260903
ORD-0005881,2026-06-12,线下展会或快闪店,occasional_buyer,paid,delivered,788.0,69.9,0.0,718.1,True,20260903
ORD-0005882,2026-07-20,B站会员购,core_buyer,paid,delivered,48.0,0.0,8.0,56.0,True,20260903
ORD-0005883,2026-08-29,淘宝/天猫,core_buyer,paid,delivered,128.0,0.0,0.0,128.0,True,20260903
ORD-0005884,2026-08-28,官方商城,occasional_buyer,paid,delivered,48.0,0.0,8.0,56.0,True,20260903
ORD-0005885,2026-06-14,线下展会或快闪店,occasional_buyer,paid,delivered,89.0,0.0,0.0,89.0,True,20260903
ORD-0005886,2026-06-18,B站会员购,occasional_buyer,paid,delivered,48.0,7.2,10.0,50.8,True,20260903
ORD-0005887,2026-08-05,官方商城,core_buyer,paid,delivered,48.0,2.4,8.0,53.6,True,20260903
ORD-0005888,2026-08-07,淘宝/天猫,core_buyer,paid,delivered,89.0,0.0,8.0,97.0,True,20260903
ORD-0005889,2026-06-16,线下展会或快闪店,potential_buyer,paid,delivered,747.0,2.4,0.0,744.6,True,20260903
ORD-0005890,2026-06-20,B站会员购,occasional_buyer,paid,delivered,99.0,0.0,0.0,99.0,True,20260903
ORD-0005891,2026-08-22,官方商城,occasional_buyer,paid,delivered,135.0,5.85,0.0,129.15,True,20260903
ORD-0005892,2026-07-29,淘宝/天猫,occasional_buyer,paid,delivered,699.0,34.95,0.0,664.05,True,20260903
ORD-0005893,2026-08-21,官方商城,core_buyer,paid,delivered,827.0,76.3,0.0,750.7,True,20260903
ORD-0005894,2026-07-11,线下展会或快闪店,core_buyer,paid,delivered,99.0,9.9,12.0,101.1,True,20260903
ORD-0005895,2026-08-19,B站会员购,core_buyer,paid,delivered,99.0,9.9,0.0,89.1,True,20260903
ORD-0005896,2026-07-21,其他,potential_buyer,paid,delivered,227.0,14.85,0.0,212.15,True,20260903
ORD-0005897,2026-08-22,B站会员购,occasional_buyer,paid,delivered,39.0,0.0,0.0,39.0,True,20260903
ORD-0005898,2026-06-09,淘宝/天猫,potential_buyer,cancelled,cancelled,198.0,9.9,0.0,0.0,True,20260903
ORD-0005899,2026-06-21,淘宝/天猫,occasional_buyer,paid,delivered,39.0,0.0,8.0,47.0,True,20260903
ORD-0005900,2026-08-13,直播间,occasional_buyer,paid,delivered,128.0,12.8,0.0,115.2,True,20260903
ORD-0005901,2026-06-06,官方商城,core_buyer,paid,delivered,99.0,0.0,0.0,99.0,True,20260903
ORD-0005902,2026-06-10,其他,core_buyer,paid,delivered,125.0,6.25,0.0,118.75,True,20260903
ORD-0005903,2026-08-07,淘宝/天猫,occasional_buyer,paid,delivered,788.0,8.9,0.0,779.1,True,20260903
ORD-0005904,2026-08-04,官方商城,core_buyer,cancelled,cancelled,39.0,0.0,0.0,0.0,True,20260903
ORD-0005905,2026-06-14,淘宝/天猫,core_buyer,paid,delivered,89.0,0.0,12.0,101.0,True,20260903
ORD-0005906,2026-08-21,官方商城,core_buyer,paid,delivered,384.0,12.8,0.0,371.2,True,20260903
ORD-0005907,2026-07-20,官方商城,occasional_buyer,paid,delivered,87.0,2.4,0.0,84.6,True,20260903
ORD-0005908,2026-07-10,其他,potential_buyer,paid,delivered,178.0,0.0,0.0,178.0,True,20260903
ORD-0005909,2026-08-23,二手平台,occasional_buyer,paid,delivered,198.0,0.0,0.0,198.0,True,20260903
ORD-0005910,2026-07-03,线下展会或快闪店,core_buyer,paid,delivered,167.0,0.0,0.0,167.0,True,20260903
ORD-0005911,2026-06-26,二手平台,occasional_buyer,paid,delivered,48.0,2.4,8.0,53.6,True,20260903
ORD-0005912,2026-07-13,淘宝/天猫,core_buyer,paid,delivered,89.0,0.0,10.0,99.0,True,20260903
ORD-0005913,2026-06-17,线下展会或快闪店,potential_buyer,paid,delivered,747.0,69.9,0.0,677.1,True,20260903
ORD-0005914,2026-07-28,B站会员购,potential_buyer,paid,delivered,18.0,0.0,0.0,18.0,True,20260903
ORD-0005915,2026-06-21,淘宝/天猫,core_buyer,paid,delivered,18.0,1.8,0.0,16.2,True,20260903
ORD-0005916,2026-08-22,淘宝/天猫,core_buyer,paid,delivered,48.0,4.8,0.0,43.2,True,20260903
ORD-0005917,2026-06-13,官方商城,core_buyer,paid,delivered,96.0,14.4,8.0,89.6,True,20260903
ORD-0005918,2026-06-19,淘宝/天猫,core_buyer,paid,delivered,178.0,0.0,0.0,178.0,True,20260903
ORD-0005919,2026-07-11,B站会员购,occasional_buyer,paid,delivered,48.0,0.0,8.0,56.0,True,20260903
ORD-0005920,2026-08-27,B站会员购,occasional_buyer,paid,delivered,717.0,1.8,0.0,715.2,True,20260903
ORD-0005921,2026-08-24,淘宝/天猫,core_buyer,paid,delivered,89.0,8.9,0.0,80.1,True,20260903
ORD-0005922,2026-07-27,淘宝/天猫,core_buyer,paid,pending,128.0,6.4,0.0,121.6,True,20260903
ORD-0005923,2026-08-03,淘宝/天猫,occasional_buyer,paid,delivered,48.0,0.0,10.0,58.0,True,20260903
ORD-0005924,2026-07-13,B站会员购,occasional_buyer,paid,delivered,176.0,15.2,0.0,160.8,True,20260903
ORD-0005925,2026-07-15,其他,core_buyer,paid,delivered,99.0,0.0,0.0,99.0,True,20260903
ORD-0005926,2026-07-31,B站会员购,core_buyer,paid,delivered,99.0,0.0,0.0,99.0,True,20260903
ORD-0005927,2026-06-27,其他,potential_buyer,paid,delivered,297.0,0.0,0.0,297.0,True,20260903
ORD-0005928,2026-08-19,官方商城,potential_buyer,paid,delivered,89.0,8.9,10.0,90.1,True,20260903
ORD-0005929,2026-06-19,淘宝/天猫,core_buyer,paid,delivered,48.0,2.4,8.0,53.6,True,20260903
ORD-0005930,2026-08-05,官方商城,occasional_buyer,paid,delivered,18.0,0.0,10.0,28.0,True,20260903
ORD-0005931,2026-08-12,淘宝/天猫,core_buyer,paid,delivered,39.0,0.0,10.0,49.0,True,20260903
ORD-0005932,2026-08-14,官方商城,core_buyer,paid,delivered,89.0,0.0,0.0,89.0,True,20260903
ORD-0005933,2026-08-07,淘宝/天猫,occasional_buyer,paid,delivered,18.0,0.0,12.0,30.0,True,20260903
ORD-0005934,2026-06-14,官方商城,occasional_buyer,paid,delivered,99.0,0.0,0.0,99.0,True,20260903
ORD-0005935,2026-06-17,淘宝/天猫,occasional_buyer,cancelled,cancelled,1398.0,69.9,0.0,0.0,True,20260903
ORD-0005936,2026-06-24,B站会员购,core_buyer,paid,delivered,128.0,6.4,0.0,121.6,True,20260903
ORD-0005937,2026-07-11,B站会员购,occasional_buyer,paid,shipped,176.0,0.0,0.0,176.0,True,20260903
ORD-0005938,2026-06-22,B站会员购,core_buyer,paid,delivered,128.0,19.2,0.0,108.8,True,20260903
ORD-0005939,2026-08-09,淘宝/天猫,occasional_buyer,paid,delivered,138.0,4.95,0.0,133.05,True,20260903
ORD-0005940,2026-07-29,B站会员购,potential_buyer,paid,delivered,48.0,2.4,8.0,53.6,True,20260903
ORD-0005941,2026-06-20,官方商城,occasional_buyer,paid,delivered,39.0,0.0,8.0,47.0,True,20260903
ORD-0005942,2026-08-09,官方商城,potential_buyer,paid,delivered,36.0,0.0,0.0,36.0,True,20260903
ORD-0005943,2026-07-01,B站会员购,core_buyer,cancelled,cancelled,167.0,3.9,0.0,0.0,True,20260903
ORD-0005944,2026-06-18,淘宝/天猫,core_buyer,cancelled,cancelled,798.0,4.95,0.0,0.0,True,20260903
ORD-0005945,2026-07-19,淘宝/天猫,core_buyer,paid,delivered,18.0,0.9,10.0,27.1,True,20260903
ORD-0005946,2026-08-06,B站会员购,potential_buyer,paid,delivered,48.0,0.0,8.0,56.0,True,20260903
ORD-0005947,2026-07-25,官方商城,core_buyer,cancelled,cancelled,39.0,0.0,8.0,0.0,True,20260903
ORD-0005948,2026-06-21,线下展会或快闪店,occasional_buyer,paid,delivered,18.0,0.0,8.0,26.0,True,20260903
ORD-0005949,2026-06-15,淘宝/天猫,occasional_buyer,paid,delivered,178.0,8.9,0.0,169.1,True,20260903
ORD-0005950,2026-06-12,淘宝/天猫,occasional_buyer,paid,delivered,96.0,4.8,10.0,101.2,True,20260903
ORD-0005951,2026-07-23,官方商城,occasional_buyer,paid,delivered,178.0,8.9,0.0,169.1,True,20260903
ORD-0005952,2026-06-10,线下展会或快闪店,core_buyer,paid,delivered,128.0,12.8,0.0,115.2,True,20260903
ORD-0005953,2026-08-03,线下展会或快闪店,core_buyer,paid,delivered,128.0,6.4,0.0,121.6,True,20260903
ORD-0005954,2026-06-16,淘宝/天猫,core_buyer,paid,delivered,48.0,4.8,10.0,53.2,True,20260903
ORD-0005955,2026-07-26,淘宝/天猫,core_buyer,paid,delivered,48.0,2.4,0.0,45.6,True,20260903
ORD-0005956,2026-08-15,B站会员购,occasional_buyer,paid,shipped,203.0,0.9,0.0,202.1,True,20260903
ORD-0005957,2026-08-07,官方商城,occasional_buyer,paid,delivered,167.0,10.3,0.0,156.7,True,20260903
ORD-0005958,2026-08-07,淘宝/天猫,core_buyer,paid,delivered,36.0,1.8,8.0,42.2,True,20260903
ORD-0005959,2026-06-07,淘宝/天猫,core_buyer,paid,delivered,699.0,0.0,0.0,699.0,True,20260903
ORD-0005960,2026-06-25,官方商城,core_buyer,paid,delivered,39.0,1.95,0.0,37.05,True,20260903
ORD-0005961,2026-08-16,官方商城,core_buyer,paid,shipped,89.0,0.0,10.0,99.0,True,20260903
ORD-0005962,2026-07-13,其他,core_buyer,paid,delivered,99.0,0.0,0.0,99.0,True,20260903
ORD-0005963,2026-07-25,B站会员购,occasional_buyer,paid,delivered,206.0,13.35,0.0,192.65,True,20260903
ORD-0005964,2026-06-25,官方商城,potential_buyer,paid,delivered,99.0,4.95,0.0,94.05,True,20260903
ORD-0005965,2026-08-03,直播间,potential_buyer,paid,delivered,48.0,0.0,0.0,48.0,True,20260903
ORD-0005966,2026-06-10,官方商城,potential_buyer,paid,delivered,176.0,12.8,0.0,163.2,True,20260903
ORD-0005967,2026-07-04,淘宝/天猫,occasional_buyer,paid,delivered,99.0,14.85,8.0,92.15,True,20260903
ORD-0005968,2026-08-02,官方商城,occasional_buyer,paid,delivered,18.0,0.0,10.0,28.0,True,20260903
ORD-0005969,2026-07-19,官方商城,core_buyer,paid,delivered,89.0,0.0,0.0,89.0,True,20260903
ORD-0005970,2026-08-05,官方商城,potential_buyer,paid,delivered,217.0,4.45,0.0,212.55,True,20260903
ORD-0005971,2026-07-26,淘宝/天猫,occasional_buyer,paid,delivered,217.0,8.9,0.0,208.1,True,20260903
ORD-0005972,2026-07-24,线下展会或快闪店,core_buyer,paid,delivered,48.0,2.4,0.0,45.6,True,20260903
ORD-0005973,2026-08-21,B站会员购,occasional_buyer,paid,delivered,2314.0,128.5,0.0,2185.5,True,20260903
ORD-0005974,2026-08-12,B站会员购,occasional_buyer,paid,delivered,18.0,1.8,8.0,24.2,True,20260903
ORD-0005975,2026-07-22,直播间,occasional_buyer,paid,delivered,354.0,29.1,0.0,324.9,True,20260903
ORD-0005976,2026-07-13,官方商城,core_buyer,paid,delivered,39.0,0.0,0.0,39.0,True,20260903
ORD-0005977,2026-06-02,B站会员购,core_buyer,paid,delivered,747.0,4.8,0.0,742.2,True,20260903
ORD-0005978,2026-08-20,淘宝/天猫,potential_buyer,paid,delivered,167.0,10.3,0.0,156.7,True,20260903
ORD-0005979,2026-08-24,官方商城,core_buyer,paid,delivered,18.0,0.0,0.0,18.0,True,20260903
ORD-0005980,2026-07-29,淘宝/天猫,occasional_buyer,paid,delivered,89.0,8.9,10.0,90.1,True,20260903
ORD-0005981,2026-07-26,官方商城,occasional_buyer,paid,delivered,89.0,0.0,0.0,89.0,True,20260903
ORD-0005982,2026-07-30,二手平台,core_buyer,cancelled,cancelled,99.0,14.85,0.0,0.0,True,20260903
ORD-0005983,2026-06-10,官方商城,occasional_buyer,paid,shipped,128.0,0.0,0.0,128.0,True,20260903
ORD-0005984,2026-08-08,淘宝/天猫,occasional_buyer,paid,delivered,99.0,0.0,0.0,99.0,True,20260903
ORD-0005985,2026-06-27,二手平台,potential_buyer,paid,delivered,18.0,2.7,8.0,23.3,True,20260903
ORD-0005986,2026-07-09,淘宝/天猫,core_buyer,paid,delivered,89.0,0.0,10.0,99.0,True,20260903
ORD-0005987,2026-07-28,淘宝/天猫,core_buyer,cancelled,cancelled,48.0,4.8,10.0,0.0,True,20260903
ORD-0005988,2026-07-16,官方商城,occasional_buyer,paid,delivered,217.0,0.0,0.0,217.0,True,20260903
ORD-0005989,2026-06-20,淘宝/天猫,core_buyer,paid,delivered,99.0,0.0,0.0,99.0,True,20260903
ORD-0005990,2026-08-20,二手平台,occasional_buyer,paid,delivered,306.0,6.4,0.0,299.6,True,20260903
ORD-0005991,2026-07-14,淘宝/天猫,occasional_buyer,paid,delivered,738.0,0.0,0.0,738.0,True,20260903
ORD-0005992,2026-06-27,B站会员购,occasional_buyer,paid,delivered,99.0,14.85,0.0,84.15,True,20260903
ORD-0005993,2026-07-06,淘宝/天猫,core_buyer,paid,shipped,128.0,0.0,0.0,128.0,True,20260903
ORD-0005994,2026-06-18,官方商城,occasional_buyer,paid,delivered,39.0,0.0,8.0,47.0,True,20260903
ORD-0005995,2026-07-08,官方商城,core_buyer,cancelled,cancelled,96.0,9.6,0.0,0.0,True,20260903
ORD-0005996,2026-07-22,淘宝/天猫,core_buyer,paid,delivered,217.0,17.25,0.0,199.75,True,20260903
ORD-0005997,2026-07-21,官方商城,occasional_buyer,cancelled,cancelled,699.0,34.95,0.0,0.0,True,20260903
ORD-0005998,2026-08-27,官方商城,core_buyer,paid,delivered,128.0,12.8,0.0,115.2,True,20260903
ORD-0005999,2026-08-27,B站会员购,core_buyer,paid,delivered,48.0,0.0,0.0,48.0,True,20260903
ORD-0006000,2026-07-02,淘宝/天猫,core_buyer,paid,delivered,36.0,2.7,0.0,33.3,True,20260903
