response_id,category,price_band,price_lower_bound,price_upper_bound,price_midpoint_proxy,is_simulated
REAL-ARK-SURVEY-20260903-001,吧唧（徽章）,15元内,15.0,15.0,15.0,False
REAL-ARK-SURVEY-20260903-001,通行证,20元内,20.0,20.0,20.0,False
REAL-ARK-SURVEY-20260903-001,亚克力制品,30元内,30.0,30.0,30.0,False
REAL-ARK-SURVEY-20260903-001,毛绒玩偶,250元以上,250.0,,312.5,False
REAL-ARK-SURVEY-20260903-001,手办模玩,201～500元,201.0,500.0,350.5,False
REAL-ARK-SURVEY-20260903-001,装饰摆件,50元内,50.0,50.0,50.0,False
REAL-ARK-SURVEY-20260903-001,日用生活,50元内,50.0,50.0,50.0,False
REAL-ARK-SURVEY-20260903-002,吧唧（徽章）,16～25元,16.0,25.0,20.5,False
REAL-ARK-SURVEY-20260903-002,通行证,20元内,20.0,20.0,20.0,False
REAL-ARK-SURVEY-20260903-002,亚克力制品,31～50元,31.0,50.0,40.5,False
REAL-ARK-SURVEY-20260903-002,毛绒玩偶,250元以上,250.0,,312.5,False
REAL-ARK-SURVEY-20260903-002,手办模玩,501～1000元,501.0,1000.0,750.5,False
REAL-ARK-SURVEY-20260903-002,装饰摆件,101～200元,101.0,200.0,150.5,False
REAL-ARK-SURVEY-20260903-002,日用生活,101～200元,101.0,200.0,150.5,False
REAL-ARK-SURVEY-20260903-003,吧唧（徽章）,15元内,15.0,15.0,15.0,False
REAL-ARK-SURVEY-20260903-003,通行证,20元内,20.0,20.0,20.0,False
REAL-ARK-SURVEY-20260903-003,亚克力制品,30元内,30.0,30.0,30.0,False
REAL-ARK-SURVEY-20260903-003,毛绒玩偶,80元内,80.0,80.0,80.0,False
REAL-ARK-SURVEY-20260903-003,手办模玩,501～1000元,501.0,1000.0,750.5,False
REAL-ARK-SURVEY-20260903-003,装饰摆件,50元内,50.0,50.0,50.0,False
REAL-ARK-SURVEY-20260903-003,日用生活,101～200元,101.0,200.0,150.5,False
REAL-ARK-SURVEY-20260903-004,吧唧（徽章）,16～25元,16.0,25.0,20.5,False
REAL-ARK-SURVEY-20260903-004,通行证,60元以上,60.0,,75.0,False
REAL-ARK-SURVEY-20260903-004,亚克力制品,31～50元,31.0,50.0,40.5,False
REAL-ARK-SURVEY-20260903-004,毛绒玩偶,81～150元,81.0,150.0,115.5,False
REAL-ARK-SURVEY-20260903-004,手办模玩,201～500元,201.0,500.0,350.5,False
REAL-ARK-SURVEY-20260903-004,装饰摆件,50元内,50.0,50.0,50.0,False
REAL-ARK-SURVEY-20260903-004,日用生活,101～200元,101.0,200.0,150.5,False
REAL-ARK-SURVEY-20260903-005,吧唧（徽章）,15元内,15.0,15.0,15.0,False
REAL-ARK-SURVEY-20260903-005,通行证,41～60元,41.0,60.0,50.5,False
REAL-ARK-SURVEY-20260903-005,亚克力制品,51～80元,51.0,80.0,65.5,False
REAL-ARK-SURVEY-20260903-005,毛绒玩偶,81～150元,81.0,150.0,115.5,False
REAL-ARK-SURVEY-20260903-005,手办模玩,501～1000元,501.0,1000.0,750.5,False
REAL-ARK-SURVEY-20260903-005,装饰摆件,51～100元,51.0,100.0,75.5,False
REAL-ARK-SURVEY-20260903-005,日用生活,50元内,50.0,50.0,50.0,False
REAL-ARK-SURVEY-20260903-006,吧唧（徽章）,16～25元,16.0,25.0,20.5,False
REAL-ARK-SURVEY-20260903-006,通行证,41～60元,41.0,60.0,50.5,False
REAL-ARK-SURVEY-20260903-006,亚克力制品,31～50元,31.0,50.0,40.5,False
REAL-ARK-SURVEY-20260903-006,毛绒玩偶,80元内,80.0,80.0,80.0,False
REAL-ARK-SURVEY-20260903-006,手办模玩,501～1000元,501.0,1000.0,750.5,False
REAL-ARK-SURVEY-20260903-006,装饰摆件,200元以上,200.0,,250.0,False
REAL-ARK-SURVEY-20260903-006,日用生活,51～100元,51.0,100.0,75.5,False
REAL-ARK-SURVEY-20260903-007,吧唧（徽章）,15元内,15.0,15.0,15.0,False
REAL-ARK-SURVEY-20260903-007,通行证,21～40元,21.0,40.0,30.5,False
REAL-ARK-SURVEY-20260903-007,亚克力制品,30元内,30.0,30.0,30.0,False
REAL-ARK-SURVEY-20260903-007,毛绒玩偶,81～150元,81.0,150.0,115.5,False
REAL-ARK-SURVEY-20260903-007,手办模玩,201～500元,201.0,500.0,350.5,False
REAL-ARK-SURVEY-20260903-007,装饰摆件,51～100元,51.0,100.0,75.5,False
REAL-ARK-SURVEY-20260903-007,日用生活,101～200元,101.0,200.0,150.5,False
REAL-ARK-SURVEY-20260903-008,吧唧（徽章）,15元内,15.0,15.0,15.0,False
REAL-ARK-SURVEY-20260903-008,通行证,20元内,20.0,20.0,20.0,False
REAL-ARK-SURVEY-20260903-008,亚克力制品,30元内,30.0,30.0,30.0,False
REAL-ARK-SURVEY-20260903-008,毛绒玩偶,80元内,80.0,80.0,80.0,False
REAL-ARK-SURVEY-20260903-008,手办模玩,201～500元,201.0,500.0,350.5,False
REAL-ARK-SURVEY-20260903-008,装饰摆件,50元内,50.0,50.0,50.0,False
REAL-ARK-SURVEY-20260903-008,日用生活,51～100元,51.0,100.0,75.5,False
REAL-ARK-SURVEY-20260903-009,吧唧（徽章）,15元内,15.0,15.0,15.0,False
REAL-ARK-SURVEY-20260903-009,通行证,20元内,20.0,20.0,20.0,False
REAL-ARK-SURVEY-20260903-009,亚克力制品,31～50元,31.0,50.0,40.5,False
REAL-ARK-SURVEY-20260903-009,毛绒玩偶,81～150元,81.0,150.0,115.5,False
REAL-ARK-SURVEY-20260903-009,手办模玩,201～500元,201.0,500.0,350.5,False
REAL-ARK-SURVEY-20260903-009,装饰摆件,51～100元,51.0,100.0,75.5,False
REAL-ARK-SURVEY-20260903-009,日用生活,51～100元,51.0,100.0,75.5,False
REAL-ARK-SURVEY-20260903-010,吧唧（徽章）,16～25元,16.0,25.0,20.5,False
REAL-ARK-SURVEY-20260903-010,通行证,41～60元,41.0,60.0,50.5,False
REAL-ARK-SURVEY-20260903-010,亚克力制品,31～50元,31.0,50.0,40.5,False
REAL-ARK-SURVEY-20260903-010,毛绒玩偶,81～150元,81.0,150.0,115.5,False
REAL-ARK-SURVEY-20260903-010,手办模玩,501～1000元,501.0,1000.0,750.5,False
REAL-ARK-SURVEY-20260903-010,装饰摆件,51～100元,51.0,100.0,75.5,False
REAL-ARK-SURVEY-20260903-010,日用生活,200元以上,200.0,,250.0,False
REAL-ARK-SURVEY-20260903-011,吧唧（徽章）,15元内,15.0,15.0,15.0,False
REAL-ARK-SURVEY-20260903-011,通行证,21～40元,21.0,40.0,30.5,False
REAL-ARK-SURVEY-20260903-011,亚克力制品,31～50元,31.0,50.0,40.5,False
REAL-ARK-SURVEY-20260903-011,毛绒玩偶,80元内,80.0,80.0,80.0,False
REAL-ARK-SURVEY-20260903-011,手办模玩,201～500元,201.0,500.0,350.5,False
REAL-ARK-SURVEY-20260903-011,装饰摆件,51～100元,51.0,100.0,75.5,False
REAL-ARK-SURVEY-20260903-011,日用生活,51～100元,51.0,100.0,75.5,False
REAL-ARK-SURVEY-20260903-012,吧唧（徽章）,26～35元,26.0,35.0,30.5,False
REAL-ARK-SURVEY-20260903-012,通行证,21～40元,21.0,40.0,30.5,False
REAL-ARK-SURVEY-20260903-012,亚克力制品,51～80元,51.0,80.0,65.5,False
REAL-ARK-SURVEY-20260903-012,毛绒玩偶,151～250元,151.0,250.0,200.5,False
REAL-ARK-SURVEY-20260903-012,手办模玩,201～500元,201.0,500.0,350.5,False
REAL-ARK-SURVEY-20260903-012,装饰摆件,51～100元,51.0,100.0,75.5,False
REAL-ARK-SURVEY-20260903-012,日用生活,51～100元,51.0,100.0,75.5,False
REAL-ARK-SURVEY-20260903-013,吧唧（徽章）,15元内,15.0,15.0,15.0,False
REAL-ARK-SURVEY-20260903-013,通行证,20元内,20.0,20.0,20.0,False
REAL-ARK-SURVEY-20260903-013,亚克力制品,51～80元,51.0,80.0,65.5,False
REAL-ARK-SURVEY-20260903-013,毛绒玩偶,151～250元,151.0,250.0,200.5,False
REAL-ARK-SURVEY-20260903-013,手办模玩,201～500元,201.0,500.0,350.5,False
REAL-ARK-SURVEY-20260903-013,装饰摆件,51～100元,51.0,100.0,75.5,False
REAL-ARK-SURVEY-20260903-013,日用生活,51～100元,51.0,100.0,75.5,False
REAL-ARK-SURVEY-20260903-014,吧唧（徽章）,26～35元,26.0,35.0,30.5,False
REAL-ARK-SURVEY-20260903-014,通行证,21～40元,21.0,40.0,30.5,False
REAL-ARK-SURVEY-20260903-014,亚克力制品,30元内,30.0,30.0,30.0,False
REAL-ARK-SURVEY-20260903-014,毛绒玩偶,80元内,80.0,80.0,80.0,False
REAL-ARK-SURVEY-20260903-014,手办模玩,201～500元,201.0,500.0,350.5,False
REAL-ARK-SURVEY-20260903-014,装饰摆件,101～200元,101.0,200.0,150.5,False
REAL-ARK-SURVEY-20260903-014,日用生活,51～100元,51.0,100.0,75.5,False
REAL-ARK-SURVEY-20260903-015,吧唧（徽章）,26～35元,26.0,35.0,30.5,False
REAL-ARK-SURVEY-20260903-015,通行证,20元内,20.0,20.0,20.0,False
REAL-ARK-SURVEY-20260903-015,亚克力制品,51～80元,51.0,80.0,65.5,False
REAL-ARK-SURVEY-20260903-015,毛绒玩偶,80元内,80.0,80.0,80.0,False
REAL-ARK-SURVEY-20260903-015,手办模玩,200元内,200.0,200.0,200.0,False
REAL-ARK-SURVEY-20260903-015,装饰摆件,51～100元,51.0,100.0,75.5,False
REAL-ARK-SURVEY-20260903-015,日用生活,50元内,50.0,50.0,50.0,False
REAL-ARK-SURVEY-20260903-016,吧唧（徽章）,15元内,15.0,15.0,15.0,False
REAL-ARK-SURVEY-20260903-016,通行证,21～40元,21.0,40.0,30.5,False
REAL-ARK-SURVEY-20260903-016,亚克力制品,51～80元,51.0,80.0,65.5,False
REAL-ARK-SURVEY-20260903-016,毛绒玩偶,81～150元,81.0,150.0,115.5,False
REAL-ARK-SURVEY-20260903-016,手办模玩,201～500元,201.0,500.0,350.5,False
REAL-ARK-SURVEY-20260903-016,装饰摆件,51～100元,51.0,100.0,75.5,False
REAL-ARK-SURVEY-20260903-016,日用生活,51～100元,51.0,100.0,75.5,False
REAL-ARK-SURVEY-20260903-017,吧唧（徽章）,16～25元,16.0,25.0,20.5,False
REAL-ARK-SURVEY-20260903-017,通行证,21～40元,21.0,40.0,30.5,False
REAL-ARK-SURVEY-20260903-017,亚克力制品,51～80元,51.0,80.0,65.5,False
REAL-ARK-SURVEY-20260903-017,毛绒玩偶,80元内,80.0,80.0,80.0,False
REAL-ARK-SURVEY-20260903-017,手办模玩,200元内,200.0,200.0,200.0,False
REAL-ARK-SURVEY-20260903-017,装饰摆件,50元内,50.0,50.0,50.0,False
REAL-ARK-SURVEY-20260903-017,日用生活,51～100元,51.0,100.0,75.5,False
REAL-ARK-SURVEY-20260903-018,吧唧（徽章）,16～25元,16.0,25.0,20.5,False
REAL-ARK-SURVEY-20260903-018,通行证,60元以上,60.0,,75.0,False
REAL-ARK-SURVEY-20260903-018,亚克力制品,51～80元,51.0,80.0,65.5,False
REAL-ARK-SURVEY-20260903-018,毛绒玩偶,151～250元,151.0,250.0,200.5,False
REAL-ARK-SURVEY-20260903-018,手办模玩,501～1000元,501.0,1000.0,750.5,False
REAL-ARK-SURVEY-20260903-018,装饰摆件,51～100元,51.0,100.0,75.5,False
REAL-ARK-SURVEY-20260903-018,日用生活,51～100元,51.0,100.0,75.5,False
REAL-ARK-SURVEY-20260903-019,吧唧（徽章）,15元内,15.0,15.0,15.0,False
REAL-ARK-SURVEY-20260903-019,通行证,20元内,20.0,20.0,20.0,False
REAL-ARK-SURVEY-20260903-019,亚克力制品,30元内,30.0,30.0,30.0,False
REAL-ARK-SURVEY-20260903-019,毛绒玩偶,151～250元,151.0,250.0,200.5,False
REAL-ARK-SURVEY-20260903-019,手办模玩,200元内,200.0,200.0,200.0,False
REAL-ARK-SURVEY-20260903-019,装饰摆件,51～100元,51.0,100.0,75.5,False
REAL-ARK-SURVEY-20260903-019,日用生活,51～100元,51.0,100.0,75.5,False
REAL-ARK-SURVEY-20260903-020,吧唧（徽章）,26～35元,26.0,35.0,30.5,False
REAL-ARK-SURVEY-20260903-020,通行证,41～60元,41.0,60.0,50.5,False
REAL-ARK-SURVEY-20260903-020,亚克力制品,31～50元,31.0,50.0,40.5,False
REAL-ARK-SURVEY-20260903-020,毛绒玩偶,151～250元,151.0,250.0,200.5,False
REAL-ARK-SURVEY-20260903-020,手办模玩,501～1000元,501.0,1000.0,750.5,False
REAL-ARK-SURVEY-20260903-020,装饰摆件,51～100元,51.0,100.0,75.5,False
REAL-ARK-SURVEY-20260903-020,日用生活,101～200元,101.0,200.0,150.5,False
REAL-ARK-SURVEY-20260903-021,吧唧（徽章）,26～35元,26.0,35.0,30.5,False
REAL-ARK-SURVEY-20260903-021,通行证,21～40元,21.0,40.0,30.5,False
REAL-ARK-SURVEY-20260903-021,亚克力制品,31～50元,31.0,50.0,40.5,False
REAL-ARK-SURVEY-20260903-021,毛绒玩偶,151～250元,151.0,250.0,200.5,False
REAL-ARK-SURVEY-20260903-021,手办模玩,201～500元,201.0,500.0,350.5,False
REAL-ARK-SURVEY-20260903-021,装饰摆件,50元内,50.0,50.0,50.0,False
REAL-ARK-SURVEY-20260903-021,日用生活,50元内,50.0,50.0,50.0,False
REAL-ARK-SURVEY-20260903-022,吧唧（徽章）,26～35元,26.0,35.0,30.5,False
REAL-ARK-SURVEY-20260903-022,通行证,21～40元,21.0,40.0,30.5,False
REAL-ARK-SURVEY-20260903-022,亚克力制品,31～50元,31.0,50.0,40.5,False
REAL-ARK-SURVEY-20260903-022,毛绒玩偶,81～150元,81.0,150.0,115.5,False
REAL-ARK-SURVEY-20260903-022,手办模玩,501～1000元,501.0,1000.0,750.5,False
REAL-ARK-SURVEY-20260903-022,装饰摆件,50元内,50.0,50.0,50.0,False
REAL-ARK-SURVEY-20260903-022,日用生活,51～100元,51.0,100.0,75.5,False
REAL-ARK-SURVEY-20260903-023,吧唧（徽章）,15元内,15.0,15.0,15.0,False
REAL-ARK-SURVEY-20260903-023,通行证,60元以上,60.0,,75.0,False
REAL-ARK-SURVEY-20260903-023,亚克力制品,31～50元,31.0,50.0,40.5,False
REAL-ARK-SURVEY-20260903-023,毛绒玩偶,81～150元,81.0,150.0,115.5,False
REAL-ARK-SURVEY-20260903-023,手办模玩,201～500元,201.0,500.0,350.5,False
REAL-ARK-SURVEY-20260903-023,装饰摆件,200元以上,200.0,,250.0,False
REAL-ARK-SURVEY-20260903-023,日用生活,101～200元,101.0,200.0,150.5,False
REAL-ARK-SURVEY-20260903-024,吧唧（徽章）,15元内,15.0,15.0,15.0,False
REAL-ARK-SURVEY-20260903-024,通行证,21～40元,21.0,40.0,30.5,False
REAL-ARK-SURVEY-20260903-024,亚克力制品,51～80元,51.0,80.0,65.5,False
REAL-ARK-SURVEY-20260903-024,毛绒玩偶,81～150元,81.0,150.0,115.5,False
REAL-ARK-SURVEY-20260903-024,手办模玩,201～500元,201.0,500.0,350.5,False
REAL-ARK-SURVEY-20260903-024,装饰摆件,50元内,50.0,50.0,50.0,False
REAL-ARK-SURVEY-20260903-024,日用生活,51～100元,51.0,100.0,75.5,False
REAL-ARK-SURVEY-20260903-025,吧唧（徽章）,16～25元,16.0,25.0,20.5,False
REAL-ARK-SURVEY-20260903-025,通行证,41～60元,41.0,60.0,50.5,False
REAL-ARK-SURVEY-20260903-025,亚克力制品,30元内,30.0,30.0,30.0,False
REAL-ARK-SURVEY-20260903-025,毛绒玩偶,81～150元,81.0,150.0,115.5,False
REAL-ARK-SURVEY-20260903-025,手办模玩,1000元以上,1000.0,,1250.0,False
REAL-ARK-SURVEY-20260903-025,装饰摆件,101～200元,101.0,200.0,150.5,False
REAL-ARK-SURVEY-20260903-025,日用生活,50元内,50.0,50.0,50.0,False
REAL-ARK-SURVEY-20260903-026,吧唧（徽章）,15元内,15.0,15.0,15.0,False
REAL-ARK-SURVEY-20260903-026,通行证,41～60元,41.0,60.0,50.5,False
REAL-ARK-SURVEY-20260903-026,亚克力制品,30元内,30.0,30.0,30.0,False
REAL-ARK-SURVEY-20260903-026,毛绒玩偶,80元内,80.0,80.0,80.0,False
REAL-ARK-SURVEY-20260903-026,手办模玩,201～500元,201.0,500.0,350.5,False
REAL-ARK-SURVEY-20260903-026,装饰摆件,101～200元,101.0,200.0,150.5,False
REAL-ARK-SURVEY-20260903-026,日用生活,50元内,50.0,50.0,50.0,False
REAL-ARK-SURVEY-20260903-027,吧唧（徽章）,15元内,15.0,15.0,15.0,False
REAL-ARK-SURVEY-20260903-027,通行证,20元内,20.0,20.0,20.0,False
REAL-ARK-SURVEY-20260903-027,亚克力制品,51～80元,51.0,80.0,65.5,False
REAL-ARK-SURVEY-20260903-027,毛绒玩偶,80元内,80.0,80.0,80.0,False
REAL-ARK-SURVEY-20260903-027,手办模玩,200元内,200.0,200.0,200.0,False
REAL-ARK-SURVEY-20260903-027,装饰摆件,200元以上,200.0,,250.0,False
REAL-ARK-SURVEY-20260903-027,日用生活,51～100元,51.0,100.0,75.5,False
REAL-ARK-SURVEY-20260903-028,吧唧（徽章）,15元内,15.0,15.0,15.0,False
REAL-ARK-SURVEY-20260903-028,通行证,20元内,20.0,20.0,20.0,False
REAL-ARK-SURVEY-20260903-028,亚克力制品,31～50元,31.0,50.0,40.5,False
REAL-ARK-SURVEY-20260903-028,毛绒玩偶,80元内,80.0,80.0,80.0,False
REAL-ARK-SURVEY-20260903-028,手办模玩,201～500元,201.0,500.0,350.5,False
REAL-ARK-SURVEY-20260903-028,装饰摆件,50元内,50.0,50.0,50.0,False
REAL-ARK-SURVEY-20260903-028,日用生活,101～200元,101.0,200.0,150.5,False
REAL-ARK-SURVEY-20260903-029,吧唧（徽章）,15元内,15.0,15.0,15.0,False
REAL-ARK-SURVEY-20260903-029,通行证,41～60元,41.0,60.0,50.5,False
REAL-ARK-SURVEY-20260903-029,亚克力制品,31～50元,31.0,50.0,40.5,False
REAL-ARK-SURVEY-20260903-029,毛绒玩偶,81～150元,81.0,150.0,115.5,False
REAL-ARK-SURVEY-20260903-029,手办模玩,201～500元,201.0,500.0,350.5,False
REAL-ARK-SURVEY-20260903-029,装饰摆件,101～200元,101.0,200.0,150.5,False
REAL-ARK-SURVEY-20260903-029,日用生活,51～100元,51.0,100.0,75.5,False
REAL-ARK-SURVEY-20260903-030,吧唧（徽章）,26～35元,26.0,35.0,30.5,False
REAL-ARK-SURVEY-20260903-030,通行证,60元以上,60.0,,75.0,False
REAL-ARK-SURVEY-20260903-030,亚克力制品,51～80元,51.0,80.0,65.5,False
REAL-ARK-SURVEY-20260903-030,毛绒玩偶,80元内,80.0,80.0,80.0,False
REAL-ARK-SURVEY-20260903-030,手办模玩,501～1000元,501.0,1000.0,750.5,False
REAL-ARK-SURVEY-20260903-030,装饰摆件,51～100元,51.0,100.0,75.5,False
REAL-ARK-SURVEY-20260903-030,日用生活,50元内,50.0,50.0,50.0,False
REAL-ARK-SURVEY-20260903-031,吧唧（徽章）,15元内,15.0,15.0,15.0,False
REAL-ARK-SURVEY-20260903-031,通行证,20元内,20.0,20.0,20.0,False
REAL-ARK-SURVEY-20260903-031,亚克力制品,51～80元,51.0,80.0,65.5,False
REAL-ARK-SURVEY-20260903-031,毛绒玩偶,81～150元,81.0,150.0,115.5,False
REAL-ARK-SURVEY-20260903-031,手办模玩,201～500元,201.0,500.0,350.5,False
REAL-ARK-SURVEY-20260903-031,装饰摆件,50元内,50.0,50.0,50.0,False
REAL-ARK-SURVEY-20260903-031,日用生活,51～100元,51.0,100.0,75.5,False
REAL-ARK-SURVEY-20260903-032,吧唧（徽章）,15元内,15.0,15.0,15.0,False
REAL-ARK-SURVEY-20260903-032,通行证,20元内,20.0,20.0,20.0,False
REAL-ARK-SURVEY-20260903-032,亚克力制品,51～80元,51.0,80.0,65.5,False
REAL-ARK-SURVEY-20260903-032,毛绒玩偶,151～250元,151.0,250.0,200.5,False
REAL-ARK-SURVEY-20260903-032,手办模玩,201～500元,201.0,500.0,350.5,False
REAL-ARK-SURVEY-20260903-032,装饰摆件,51～100元,51.0,100.0,75.5,False
REAL-ARK-SURVEY-20260903-032,日用生活,51～100元,51.0,100.0,75.5,False
REAL-ARK-SURVEY-20260903-033,吧唧（徽章）,36元以上,36.0,,45.0,False
REAL-ARK-SURVEY-20260903-033,通行证,21～40元,21.0,40.0,30.5,False
REAL-ARK-SURVEY-20260903-033,亚克力制品,31～50元,31.0,50.0,40.5,False
REAL-ARK-SURVEY-20260903-033,毛绒玩偶,250元以上,250.0,,312.5,False
REAL-ARK-SURVEY-20260903-033,手办模玩,201～500元,201.0,500.0,350.5,False
REAL-ARK-SURVEY-20260903-033,装饰摆件,51～100元,51.0,100.0,75.5,False
REAL-ARK-SURVEY-20260903-033,日用生活,101～200元,101.0,200.0,150.5,False
REAL-ARK-SURVEY-20260903-034,吧唧（徽章）,15元内,15.0,15.0,15.0,False
REAL-ARK-SURVEY-20260903-034,通行证,20元内,20.0,20.0,20.0,False
REAL-ARK-SURVEY-20260903-034,亚克力制品,30元内,30.0,30.0,30.0,False
REAL-ARK-SURVEY-20260903-034,毛绒玩偶,81～150元,81.0,150.0,115.5,False
REAL-ARK-SURVEY-20260903-034,手办模玩,501～1000元,501.0,1000.0,750.5,False
REAL-ARK-SURVEY-20260903-034,装饰摆件,51～100元,51.0,100.0,75.5,False
REAL-ARK-SURVEY-20260903-034,日用生活,50元内,50.0,50.0,50.0,False
REAL-ARK-SURVEY-20260903-035,吧唧（徽章）,26～35元,26.0,35.0,30.5,False
REAL-ARK-SURVEY-20260903-035,通行证,60元以上,60.0,,75.0,False
REAL-ARK-SURVEY-20260903-035,亚克力制品,30元内,30.0,30.0,30.0,False
REAL-ARK-SURVEY-20260903-035,毛绒玩偶,81～150元,81.0,150.0,115.5,False
REAL-ARK-SURVEY-20260903-035,手办模玩,201～500元,201.0,500.0,350.5,False
REAL-ARK-SURVEY-20260903-035,装饰摆件,101～200元,101.0,200.0,150.5,False
REAL-ARK-SURVEY-20260903-035,日用生活,51～100元,51.0,100.0,75.5,False
REAL-ARK-SURVEY-20260903-036,吧唧（徽章）,16～25元,16.0,25.0,20.5,False
REAL-ARK-SURVEY-20260903-036,通行证,20元内,20.0,20.0,20.0,False
REAL-ARK-SURVEY-20260903-036,亚克力制品,51～80元,51.0,80.0,65.5,False
REAL-ARK-SURVEY-20260903-036,毛绒玩偶,80元内,80.0,80.0,80.0,False
REAL-ARK-SURVEY-20260903-036,手办模玩,201～500元,201.0,500.0,350.5,False
REAL-ARK-SURVEY-20260903-036,装饰摆件,50元内,50.0,50.0,50.0,False
REAL-ARK-SURVEY-20260903-036,日用生活,200元以上,200.0,,250.0,False
REAL-ARK-SURVEY-20260903-037,吧唧（徽章）,15元内,15.0,15.0,15.0,False
REAL-ARK-SURVEY-20260903-037,通行证,21～40元,21.0,40.0,30.5,False
REAL-ARK-SURVEY-20260903-037,亚克力制品,30元内,30.0,30.0,30.0,False
REAL-ARK-SURVEY-20260903-037,毛绒玩偶,151～250元,151.0,250.0,200.5,False
REAL-ARK-SURVEY-20260903-037,手办模玩,200元内,200.0,200.0,200.0,False
REAL-ARK-SURVEY-20260903-037,装饰摆件,51～100元,51.0,100.0,75.5,False
REAL-ARK-SURVEY-20260903-037,日用生活,50元内,50.0,50.0,50.0,False
REAL-ARK-SURVEY-20260903-038,吧唧（徽章）,16～25元,16.0,25.0,20.5,False
REAL-ARK-SURVEY-20260903-038,通行证,21～40元,21.0,40.0,30.5,False
REAL-ARK-SURVEY-20260903-038,亚克力制品,51～80元,51.0,80.0,65.5,False
REAL-ARK-SURVEY-20260903-038,毛绒玩偶,250元以上,250.0,,312.5,False
REAL-ARK-SURVEY-20260903-038,手办模玩,201～500元,201.0,500.0,350.5,False
REAL-ARK-SURVEY-20260903-038,装饰摆件,200元以上,200.0,,250.0,False
REAL-ARK-SURVEY-20260903-038,日用生活,51～100元,51.0,100.0,75.5,False
REAL-ARK-SURVEY-20260903-039,吧唧（徽章）,16～25元,16.0,25.0,20.5,False
REAL-ARK-SURVEY-20260903-039,通行证,41～60元,41.0,60.0,50.5,False
REAL-ARK-SURVEY-20260903-039,亚克力制品,31～50元,31.0,50.0,40.5,False
REAL-ARK-SURVEY-20260903-039,毛绒玩偶,81～150元,81.0,150.0,115.5,False
REAL-ARK-SURVEY-20260903-039,手办模玩,201～500元,201.0,500.0,350.5,False
REAL-ARK-SURVEY-20260903-039,装饰摆件,51～100元,51.0,100.0,75.5,False
REAL-ARK-SURVEY-20260903-039,日用生活,101～200元,101.0,200.0,150.5,False
REAL-ARK-SURVEY-20260903-040,吧唧（徽章）,16～25元,16.0,25.0,20.5,False
REAL-ARK-SURVEY-20260903-040,通行证,20元内,20.0,20.0,20.0,False
REAL-ARK-SURVEY-20260903-040,亚克力制品,31～50元,31.0,50.0,40.5,False
REAL-ARK-SURVEY-20260903-040,毛绒玩偶,81～150元,81.0,150.0,115.5,False
REAL-ARK-SURVEY-20260903-040,手办模玩,501～1000元,501.0,1000.0,750.5,False
REAL-ARK-SURVEY-20260903-040,装饰摆件,51～100元,51.0,100.0,75.5,False
REAL-ARK-SURVEY-20260903-040,日用生活,51～100元,51.0,100.0,75.5,False
REAL-ARK-SURVEY-20260903-041,吧唧（徽章）,16～25元,16.0,25.0,20.5,False
REAL-ARK-SURVEY-20260903-041,通行证,20元内,20.0,20.0,20.0,False
REAL-ARK-SURVEY-20260903-041,亚克力制品,31～50元,31.0,50.0,40.5,False
REAL-ARK-SURVEY-20260903-041,毛绒玩偶,80元内,80.0,80.0,80.0,False
REAL-ARK-SURVEY-20260903-041,手办模玩,201～500元,201.0,500.0,350.5,False
REAL-ARK-SURVEY-20260903-041,装饰摆件,51～100元,51.0,100.0,75.5,False
REAL-ARK-SURVEY-20260903-041,日用生活,50元内,50.0,50.0,50.0,False
REAL-ARK-SURVEY-20260903-042,吧唧（徽章）,16～25元,16.0,25.0,20.5,False
REAL-ARK-SURVEY-20260903-042,通行证,21～40元,21.0,40.0,30.5,False
REAL-ARK-SURVEY-20260903-042,亚克力制品,51～80元,51.0,80.0,65.5,False
REAL-ARK-SURVEY-20260903-042,毛绒玩偶,80元内,80.0,80.0,80.0,False
REAL-ARK-SURVEY-20260903-042,手办模玩,201～500元,201.0,500.0,350.5,False
REAL-ARK-SURVEY-20260903-042,装饰摆件,50元内,50.0,50.0,50.0,False
REAL-ARK-SURVEY-20260903-042,日用生活,51～100元,51.0,100.0,75.5,False
REAL-ARK-SURVEY-20260903-043,吧唧（徽章）,36元以上,36.0,,45.0,False
REAL-ARK-SURVEY-20260903-043,通行证,60元以上,60.0,,75.0,False
REAL-ARK-SURVEY-20260903-043,亚克力制品,31～50元,31.0,50.0,40.5,False
REAL-ARK-SURVEY-20260903-043,毛绒玩偶,81～150元,81.0,150.0,115.5,False
REAL-ARK-SURVEY-20260903-043,手办模玩,200元内,200.0,200.0,200.0,False
REAL-ARK-SURVEY-20260903-043,装饰摆件,101～200元,101.0,200.0,150.5,False
REAL-ARK-SURVEY-20260903-043,日用生活,51～100元,51.0,100.0,75.5,False
REAL-ARK-SURVEY-20260903-044,吧唧（徽章）,26～35元,26.0,35.0,30.5,False
REAL-ARK-SURVEY-20260903-044,通行证,21～40元,21.0,40.0,30.5,False
REAL-ARK-SURVEY-20260903-044,亚克力制品,31～50元,31.0,50.0,40.5,False
REAL-ARK-SURVEY-20260903-044,毛绒玩偶,151～250元,151.0,250.0,200.5,False
REAL-ARK-SURVEY-20260903-044,手办模玩,201～500元,201.0,500.0,350.5,False
REAL-ARK-SURVEY-20260903-044,装饰摆件,51～100元,51.0,100.0,75.5,False
REAL-ARK-SURVEY-20260903-044,日用生活,200元以上,200.0,,250.0,False
REAL-ARK-SURVEY-20260903-045,吧唧（徽章）,16～25元,16.0,25.0,20.5,False
REAL-ARK-SURVEY-20260903-045,通行证,21～40元,21.0,40.0,30.5,False
REAL-ARK-SURVEY-20260903-045,亚克力制品,31～50元,31.0,50.0,40.5,False
REAL-ARK-SURVEY-20260903-045,毛绒玩偶,81～150元,81.0,150.0,115.5,False
REAL-ARK-SURVEY-20260903-045,手办模玩,200元内,200.0,200.0,200.0,False
REAL-ARK-SURVEY-20260903-045,装饰摆件,50元内,50.0,50.0,50.0,False
REAL-ARK-SURVEY-20260903-045,日用生活,51～100元,51.0,100.0,75.5,False
REAL-ARK-SURVEY-20260903-046,吧唧（徽章）,16～25元,16.0,25.0,20.5,False
REAL-ARK-SURVEY-20260903-046,通行证,21～40元,21.0,40.0,30.5,False
REAL-ARK-SURVEY-20260903-046,亚克力制品,31～50元,31.0,50.0,40.5,False
REAL-ARK-SURVEY-20260903-046,毛绒玩偶,81～150元,81.0,150.0,115.5,False
REAL-ARK-SURVEY-20260903-046,手办模玩,501～1000元,501.0,1000.0,750.5,False
REAL-ARK-SURVEY-20260903-046,装饰摆件,51～100元,51.0,100.0,75.5,False
REAL-ARK-SURVEY-20260903-046,日用生活,50元内,50.0,50.0,50.0,False
REAL-ARK-SURVEY-20260903-047,吧唧（徽章）,16～25元,16.0,25.0,20.5,False
REAL-ARK-SURVEY-20260903-047,通行证,41～60元,41.0,60.0,50.5,False
REAL-ARK-SURVEY-20260903-047,亚克力制品,31～50元,31.0,50.0,40.5,False
REAL-ARK-SURVEY-20260903-047,毛绒玩偶,81～150元,81.0,150.0,115.5,False
REAL-ARK-SURVEY-20260903-047,手办模玩,501～1000元,501.0,1000.0,750.5,False
REAL-ARK-SURVEY-20260903-047,装饰摆件,51～100元,51.0,100.0,75.5,False
REAL-ARK-SURVEY-20260903-047,日用生活,51～100元,51.0,100.0,75.5,False
REAL-ARK-SURVEY-20260903-048,吧唧（徽章）,26～35元,26.0,35.0,30.5,False
REAL-ARK-SURVEY-20260903-048,通行证,41～60元,41.0,60.0,50.5,False
REAL-ARK-SURVEY-20260903-048,亚克力制品,51～80元,51.0,80.0,65.5,False
REAL-ARK-SURVEY-20260903-048,毛绒玩偶,250元以上,250.0,,312.5,False
REAL-ARK-SURVEY-20260903-048,手办模玩,1000元以上,1000.0,,1250.0,False
REAL-ARK-SURVEY-20260903-048,装饰摆件,101～200元,101.0,200.0,150.5,False
REAL-ARK-SURVEY-20260903-048,日用生活,50元内,50.0,50.0,50.0,False
REAL-ARK-SURVEY-20260903-049,吧唧（徽章）,16～25元,16.0,25.0,20.5,False
REAL-ARK-SURVEY-20260903-049,通行证,20元内,20.0,20.0,20.0,False
REAL-ARK-SURVEY-20260903-049,亚克力制品,51～80元,51.0,80.0,65.5,False
REAL-ARK-SURVEY-20260903-049,毛绒玩偶,250元以上,250.0,,312.5,False
REAL-ARK-SURVEY-20260903-049,手办模玩,201～500元,201.0,500.0,350.5,False
REAL-ARK-SURVEY-20260903-049,装饰摆件,50元内,50.0,50.0,50.0,False
REAL-ARK-SURVEY-20260903-049,日用生活,101～200元,101.0,200.0,150.5,False
REAL-ARK-SURVEY-20260903-050,吧唧（徽章）,26～35元,26.0,35.0,30.5,False
REAL-ARK-SURVEY-20260903-050,通行证,21～40元,21.0,40.0,30.5,False
REAL-ARK-SURVEY-20260903-050,亚克力制品,30元内,30.0,30.0,30.0,False
REAL-ARK-SURVEY-20260903-050,毛绒玩偶,81～150元,81.0,150.0,115.5,False
REAL-ARK-SURVEY-20260903-050,手办模玩,200元内,200.0,200.0,200.0,False
REAL-ARK-SURVEY-20260903-050,装饰摆件,51～100元,51.0,100.0,75.5,False
REAL-ARK-SURVEY-20260903-050,日用生活,51～100元,51.0,100.0,75.5,False
REAL-ARK-SURVEY-20260903-051,吧唧（徽章）,26～35元,26.0,35.0,30.5,False
REAL-ARK-SURVEY-20260903-051,通行证,41～60元,41.0,60.0,50.5,False
REAL-ARK-SURVEY-20260903-051,亚克力制品,31～50元,31.0,50.0,40.5,False
REAL-ARK-SURVEY-20260903-051,毛绒玩偶,81～150元,81.0,150.0,115.5,False
REAL-ARK-SURVEY-20260903-051,手办模玩,201～500元,201.0,500.0,350.5,False
REAL-ARK-SURVEY-20260903-051,装饰摆件,51～100元,51.0,100.0,75.5,False
REAL-ARK-SURVEY-20260903-051,日用生活,200元以上,200.0,,250.0,False
REAL-ARK-SURVEY-20260903-052,吧唧（徽章）,16～25元,16.0,25.0,20.5,False
REAL-ARK-SURVEY-20260903-052,通行证,21～40元,21.0,40.0,30.5,False
REAL-ARK-SURVEY-20260903-052,亚克力制品,30元内,30.0,30.0,30.0,False
REAL-ARK-SURVEY-20260903-052,毛绒玩偶,81～150元,81.0,150.0,115.5,False
REAL-ARK-SURVEY-20260903-052,手办模玩,201～500元,201.0,500.0,350.5,False
REAL-ARK-SURVEY-20260903-052,装饰摆件,50元内,50.0,50.0,50.0,False
REAL-ARK-SURVEY-20260903-052,日用生活,50元内,50.0,50.0,50.0,False
REAL-ARK-SURVEY-20260903-053,吧唧（徽章）,16～25元,16.0,25.0,20.5,False
REAL-ARK-SURVEY-20260903-053,通行证,20元内,20.0,20.0,20.0,False
REAL-ARK-SURVEY-20260903-053,亚克力制品,30元内,30.0,30.0,30.0,False
REAL-ARK-SURVEY-20260903-053,毛绒玩偶,81～150元,81.0,150.0,115.5,False
REAL-ARK-SURVEY-20260903-053,手办模玩,200元内,200.0,200.0,200.0,False
REAL-ARK-SURVEY-20260903-053,装饰摆件,101～200元,101.0,200.0,150.5,False
REAL-ARK-SURVEY-20260903-053,日用生活,51～100元,51.0,100.0,75.5,False
REAL-ARK-SURVEY-20260903-054,吧唧（徽章）,16～25元,16.0,25.0,20.5,False
REAL-ARK-SURVEY-20260903-054,通行证,21～40元,21.0,40.0,30.5,False
REAL-ARK-SURVEY-20260903-054,亚克力制品,80元以上,80.0,,100.0,False
REAL-ARK-SURVEY-20260903-054,毛绒玩偶,81～150元,81.0,150.0,115.5,False
REAL-ARK-SURVEY-20260903-054,手办模玩,501～1000元,501.0,1000.0,750.5,False
REAL-ARK-SURVEY-20260903-054,装饰摆件,51～100元,51.0,100.0,75.5,False
REAL-ARK-SURVEY-20260903-054,日用生活,51～100元,51.0,100.0,75.5,False
REAL-ARK-SURVEY-20260903-055,吧唧（徽章）,16～25元,16.0,25.0,20.5,False
REAL-ARK-SURVEY-20260903-055,通行证,21～40元,21.0,40.0,30.5,False
REAL-ARK-SURVEY-20260903-055,亚克力制品,31～50元,31.0,50.0,40.5,False
REAL-ARK-SURVEY-20260903-055,毛绒玩偶,81～150元,81.0,150.0,115.5,False
REAL-ARK-SURVEY-20260903-055,手办模玩,1000元以上,1000.0,,1250.0,False
REAL-ARK-SURVEY-20260903-055,装饰摆件,51～100元,51.0,100.0,75.5,False
REAL-ARK-SURVEY-20260903-055,日用生活,50元内,50.0,50.0,50.0,False
REAL-ARK-SURVEY-20260903-056,吧唧（徽章）,16～25元,16.0,25.0,20.5,False
REAL-ARK-SURVEY-20260903-056,通行证,20元内,20.0,20.0,20.0,False
REAL-ARK-SURVEY-20260903-056,亚克力制品,31～50元,31.0,50.0,40.5,False
REAL-ARK-SURVEY-20260903-056,毛绒玩偶,80元内,80.0,80.0,80.0,False
REAL-ARK-SURVEY-20260903-056,手办模玩,200元内,200.0,200.0,200.0,False
REAL-ARK-SURVEY-20260903-056,装饰摆件,50元内,50.0,50.0,50.0,False
REAL-ARK-SURVEY-20260903-056,日用生活,50元内,50.0,50.0,50.0,False
REAL-ARK-SURVEY-20260903-057,吧唧（徽章）,15元内,15.0,15.0,15.0,False
REAL-ARK-SURVEY-20260903-057,通行证,20元内,20.0,20.0,20.0,False
REAL-ARK-SURVEY-20260903-057,亚克力制品,30元内,30.0,30.0,30.0,False
REAL-ARK-SURVEY-20260903-057,毛绒玩偶,80元内,80.0,80.0,80.0,False
REAL-ARK-SURVEY-20260903-057,手办模玩,201～500元,201.0,500.0,350.5,False
REAL-ARK-SURVEY-20260903-057,装饰摆件,50元内,50.0,50.0,50.0,False
REAL-ARK-SURVEY-20260903-057,日用生活,51～100元,51.0,100.0,75.5,False
REAL-ARK-SURVEY-20260903-058,吧唧（徽章）,16～25元,16.0,25.0,20.5,False
REAL-ARK-SURVEY-20260903-058,通行证,20元内,20.0,20.0,20.0,False
REAL-ARK-SURVEY-20260903-058,亚克力制品,51～80元,51.0,80.0,65.5,False
REAL-ARK-SURVEY-20260903-058,毛绒玩偶,151～250元,151.0,250.0,200.5,False
REAL-ARK-SURVEY-20260903-058,手办模玩,201～500元,201.0,500.0,350.5,False
REAL-ARK-SURVEY-20260903-058,装饰摆件,51～100元,51.0,100.0,75.5,False
REAL-ARK-SURVEY-20260903-058,日用生活,101～200元,101.0,200.0,150.5,False
REAL-ARK-SURVEY-20260903-059,吧唧（徽章）,15元内,15.0,15.0,15.0,False
REAL-ARK-SURVEY-20260903-059,通行证,41～60元,41.0,60.0,50.5,False
REAL-ARK-SURVEY-20260903-059,亚克力制品,51～80元,51.0,80.0,65.5,False
REAL-ARK-SURVEY-20260903-059,毛绒玩偶,81～150元,81.0,150.0,115.5,False
REAL-ARK-SURVEY-20260903-059,手办模玩,201～500元,201.0,500.0,350.5,False
REAL-ARK-SURVEY-20260903-059,装饰摆件,101～200元,101.0,200.0,150.5,False
REAL-ARK-SURVEY-20260903-059,日用生活,51～100元,51.0,100.0,75.5,False
REAL-ARK-SURVEY-20260903-060,吧唧（徽章）,16～25元,16.0,25.0,20.5,False
REAL-ARK-SURVEY-20260903-060,通行证,20元内,20.0,20.0,20.0,False
REAL-ARK-SURVEY-20260903-060,亚克力制品,31～50元,31.0,50.0,40.5,False
REAL-ARK-SURVEY-20260903-060,毛绒玩偶,81～150元,81.0,150.0,115.5,False
REAL-ARK-SURVEY-20260903-060,手办模玩,201～500元,201.0,500.0,350.5,False
REAL-ARK-SURVEY-20260903-060,装饰摆件,51～100元,51.0,100.0,75.5,False
REAL-ARK-SURVEY-20260903-060,日用生活,50元内,50.0,50.0,50.0,False
REAL-ARK-SURVEY-20260903-061,吧唧（徽章）,15元内,15.0,15.0,15.0,False
REAL-ARK-SURVEY-20260903-061,通行证,21～40元,21.0,40.0,30.5,False
REAL-ARK-SURVEY-20260903-061,亚克力制品,51～80元,51.0,80.0,65.5,False
REAL-ARK-SURVEY-20260903-061,毛绒玩偶,81～150元,81.0,150.0,115.5,False
REAL-ARK-SURVEY-20260903-061,手办模玩,200元内,200.0,200.0,200.0,False
REAL-ARK-SURVEY-20260903-061,装饰摆件,51～100元,51.0,100.0,75.5,False
REAL-ARK-SURVEY-20260903-061,日用生活,51～100元,51.0,100.0,75.5,False
REAL-ARK-SURVEY-20260903-062,吧唧（徽章）,16～25元,16.0,25.0,20.5,False
REAL-ARK-SURVEY-20260903-062,通行证,21～40元,21.0,40.0,30.5,False
REAL-ARK-SURVEY-20260903-062,亚克力制品,31～50元,31.0,50.0,40.5,False
REAL-ARK-SURVEY-20260903-062,毛绒玩偶,80元内,80.0,80.0,80.0,False
REAL-ARK-SURVEY-20260903-062,手办模玩,501～1000元,501.0,1000.0,750.5,False
REAL-ARK-SURVEY-20260903-062,装饰摆件,51～100元,51.0,100.0,75.5,False
REAL-ARK-SURVEY-20260903-062,日用生活,50元内,50.0,50.0,50.0,False
REAL-ARK-SURVEY-20260903-063,吧唧（徽章）,16～25元,16.0,25.0,20.5,False
REAL-ARK-SURVEY-20260903-063,通行证,21～40元,21.0,40.0,30.5,False
REAL-ARK-SURVEY-20260903-063,亚克力制品,31～50元,31.0,50.0,40.5,False
REAL-ARK-SURVEY-20260903-063,毛绒玩偶,151～250元,151.0,250.0,200.5,False
REAL-ARK-SURVEY-20260903-063,手办模玩,201～500元,201.0,500.0,350.5,False
REAL-ARK-SURVEY-20260903-063,装饰摆件,50元内,50.0,50.0,50.0,False
REAL-ARK-SURVEY-20260903-063,日用生活,101～200元,101.0,200.0,150.5,False
REAL-ARK-SURVEY-20260903-064,吧唧（徽章）,36元以上,36.0,,45.0,False
REAL-ARK-SURVEY-20260903-064,通行证,41～60元,41.0,60.0,50.5,False
REAL-ARK-SURVEY-20260903-064,亚克力制品,30元内,30.0,30.0,30.0,False
REAL-ARK-SURVEY-20260903-064,毛绒玩偶,151～250元,151.0,250.0,200.5,False
REAL-ARK-SURVEY-20260903-064,手办模玩,501～1000元,501.0,1000.0,750.5,False
REAL-ARK-SURVEY-20260903-064,装饰摆件,200元以上,200.0,,250.0,False
REAL-ARK-SURVEY-20260903-064,日用生活,51～100元,51.0,100.0,75.5,False
REAL-ARK-SURVEY-20260903-065,吧唧（徽章）,15元内,15.0,15.0,15.0,False
REAL-ARK-SURVEY-20260903-065,通行证,21～40元,21.0,40.0,30.5,False
REAL-ARK-SURVEY-20260903-065,亚克力制品,30元内,30.0,30.0,30.0,False
REAL-ARK-SURVEY-20260903-065,毛绒玩偶,81～150元,81.0,150.0,115.5,False
REAL-ARK-SURVEY-20260903-065,手办模玩,201～500元,201.0,500.0,350.5,False
REAL-ARK-SURVEY-20260903-065,装饰摆件,51～100元,51.0,100.0,75.5,False
REAL-ARK-SURVEY-20260903-065,日用生活,50元内,50.0,50.0,50.0,False
REAL-ARK-SURVEY-20260903-066,吧唧（徽章）,15元内,15.0,15.0,15.0,False
REAL-ARK-SURVEY-20260903-066,通行证,41～60元,41.0,60.0,50.5,False
REAL-ARK-SURVEY-20260903-066,亚克力制品,30元内,30.0,30.0,30.0,False
REAL-ARK-SURVEY-20260903-066,毛绒玩偶,80元内,80.0,80.0,80.0,False
REAL-ARK-SURVEY-20260903-066,手办模玩,501～1000元,501.0,1000.0,750.5,False
REAL-ARK-SURVEY-20260903-066,装饰摆件,101～200元,101.0,200.0,150.5,False
REAL-ARK-SURVEY-20260903-066,日用生活,51～100元,51.0,100.0,75.5,False
REAL-ARK-SURVEY-20260903-067,吧唧（徽章）,16～25元,16.0,25.0,20.5,False
REAL-ARK-SURVEY-20260903-067,通行证,41～60元,41.0,60.0,50.5,False
REAL-ARK-SURVEY-20260903-067,亚克力制品,30元内,30.0,30.0,30.0,False
REAL-ARK-SURVEY-20260903-067,毛绒玩偶,81～150元,81.0,150.0,115.5,False
REAL-ARK-SURVEY-20260903-067,手办模玩,201～500元,201.0,500.0,350.5,False
REAL-ARK-SURVEY-20260903-067,装饰摆件,50元内,50.0,50.0,50.0,False
REAL-ARK-SURVEY-20260903-067,日用生活,51～100元,51.0,100.0,75.5,False
REAL-ARK-SURVEY-20260903-068,吧唧（徽章）,16～25元,16.0,25.0,20.5,False
REAL-ARK-SURVEY-20260903-068,通行证,21～40元,21.0,40.0,30.5,False
REAL-ARK-SURVEY-20260903-068,亚克力制品,31～50元,31.0,50.0,40.5,False
REAL-ARK-SURVEY-20260903-068,毛绒玩偶,151～250元,151.0,250.0,200.5,False
REAL-ARK-SURVEY-20260903-068,手办模玩,501～1000元,501.0,1000.0,750.5,False
REAL-ARK-SURVEY-20260903-068,装饰摆件,50元内,50.0,50.0,50.0,False
REAL-ARK-SURVEY-20260903-068,日用生活,101～200元,101.0,200.0,150.5,False
REAL-ARK-SURVEY-20260903-069,吧唧（徽章）,15元内,15.0,15.0,15.0,False
REAL-ARK-SURVEY-20260903-069,通行证,41～60元,41.0,60.0,50.5,False
REAL-ARK-SURVEY-20260903-069,亚克力制品,30元内,30.0,30.0,30.0,False
REAL-ARK-SURVEY-20260903-069,毛绒玩偶,151～250元,151.0,250.0,200.5,False
REAL-ARK-SURVEY-20260903-069,手办模玩,201～500元,201.0,500.0,350.5,False
REAL-ARK-SURVEY-20260903-069,装饰摆件,51～100元,51.0,100.0,75.5,False
REAL-ARK-SURVEY-20260903-069,日用生活,101～200元,101.0,200.0,150.5,False
REAL-ARK-SURVEY-20260903-070,吧唧（徽章）,15元内,15.0,15.0,15.0,False
REAL-ARK-SURVEY-20260903-070,通行证,20元内,20.0,20.0,20.0,False
REAL-ARK-SURVEY-20260903-070,亚克力制品,31～50元,31.0,50.0,40.5,False
REAL-ARK-SURVEY-20260903-070,毛绒玩偶,80元内,80.0,80.0,80.0,False
REAL-ARK-SURVEY-20260903-070,手办模玩,200元内,200.0,200.0,200.0,False
REAL-ARK-SURVEY-20260903-070,装饰摆件,101～200元,101.0,200.0,150.5,False
REAL-ARK-SURVEY-20260903-070,日用生活,51～100元,51.0,100.0,75.5,False
REAL-ARK-SURVEY-20260903-071,吧唧（徽章）,16～25元,16.0,25.0,20.5,False
REAL-ARK-SURVEY-20260903-071,通行证,41～60元,41.0,60.0,50.5,False
REAL-ARK-SURVEY-20260903-071,亚克力制品,31～50元,31.0,50.0,40.5,False
REAL-ARK-SURVEY-20260903-071,毛绒玩偶,80元内,80.0,80.0,80.0,False
REAL-ARK-SURVEY-20260903-071,手办模玩,201～500元,201.0,500.0,350.5,False
REAL-ARK-SURVEY-20260903-071,装饰摆件,51～100元,51.0,100.0,75.5,False
REAL-ARK-SURVEY-20260903-071,日用生活,50元内,50.0,50.0,50.0,False
REAL-ARK-SURVEY-20260903-072,吧唧（徽章）,26～35元,26.0,35.0,30.5,False
REAL-ARK-SURVEY-20260903-072,通行证,20元内,20.0,20.0,20.0,False
REAL-ARK-SURVEY-20260903-072,亚克力制品,51～80元,51.0,80.0,65.5,False
REAL-ARK-SURVEY-20260903-072,毛绒玩偶,81～150元,81.0,150.0,115.5,False
REAL-ARK-SURVEY-20260903-072,手办模玩,200元内,200.0,200.0,200.0,False
REAL-ARK-SURVEY-20260903-072,装饰摆件,51～100元,51.0,100.0,75.5,False
REAL-ARK-SURVEY-20260903-072,日用生活,101～200元,101.0,200.0,150.5,False
REAL-ARK-SURVEY-20260903-073,吧唧（徽章）,16～25元,16.0,25.0,20.5,False
REAL-ARK-SURVEY-20260903-073,通行证,60元以上,60.0,,75.0,False
REAL-ARK-SURVEY-20260903-073,亚克力制品,31～50元,31.0,50.0,40.5,False
REAL-ARK-SURVEY-20260903-073,毛绒玩偶,80元内,80.0,80.0,80.0,False
REAL-ARK-SURVEY-20260903-073,手办模玩,501～1000元,501.0,1000.0,750.5,False
REAL-ARK-SURVEY-20260903-073,装饰摆件,50元内,50.0,50.0,50.0,False
REAL-ARK-SURVEY-20260903-073,日用生活,51～100元,51.0,100.0,75.5,False
REAL-ARK-SURVEY-20260903-074,吧唧（徽章）,15元内,15.0,15.0,15.0,False
REAL-ARK-SURVEY-20260903-074,通行证,20元内,20.0,20.0,20.0,False
REAL-ARK-SURVEY-20260903-074,亚克力制品,31～50元,31.0,50.0,40.5,False
REAL-ARK-SURVEY-20260903-074,毛绒玩偶,81～150元,81.0,150.0,115.5,False
REAL-ARK-SURVEY-20260903-074,手办模玩,501～1000元,501.0,1000.0,750.5,False
REAL-ARK-SURVEY-20260903-074,装饰摆件,51～100元,51.0,100.0,75.5,False
REAL-ARK-SURVEY-20260903-074,日用生活,50元内,50.0,50.0,50.0,False
REAL-ARK-SURVEY-20260903-075,吧唧（徽章）,16～25元,16.0,25.0,20.5,False
REAL-ARK-SURVEY-20260903-075,通行证,21～40元,21.0,40.0,30.5,False
REAL-ARK-SURVEY-20260903-075,亚克力制品,80元以上,80.0,,100.0,False
REAL-ARK-SURVEY-20260903-075,毛绒玩偶,151～250元,151.0,250.0,200.5,False
REAL-ARK-SURVEY-20260903-075,手办模玩,501～1000元,501.0,1000.0,750.5,False
REAL-ARK-SURVEY-20260903-075,装饰摆件,200元以上,200.0,,250.0,False
REAL-ARK-SURVEY-20260903-075,日用生活,51～100元,51.0,100.0,75.5,False
REAL-ARK-SURVEY-20260903-076,吧唧（徽章）,16～25元,16.0,25.0,20.5,False
REAL-ARK-SURVEY-20260903-076,通行证,21～40元,21.0,40.0,30.5,False
REAL-ARK-SURVEY-20260903-076,亚克力制品,31～50元,31.0,50.0,40.5,False
REAL-ARK-SURVEY-20260903-076,毛绒玩偶,81～150元,81.0,150.0,115.5,False
REAL-ARK-SURVEY-20260903-076,手办模玩,201～500元,201.0,500.0,350.5,False
REAL-ARK-SURVEY-20260903-076,装饰摆件,50元内,50.0,50.0,50.0,False
REAL-ARK-SURVEY-20260903-076,日用生活,51～100元,51.0,100.0,75.5,False
REAL-ARK-SURVEY-20260903-077,吧唧（徽章）,26～35元,26.0,35.0,30.5,False
REAL-ARK-SURVEY-20260903-077,通行证,60元以上,60.0,,75.0,False
REAL-ARK-SURVEY-20260903-077,亚克力制品,80元以上,80.0,,100.0,False
REAL-ARK-SURVEY-20260903-077,毛绒玩偶,151～250元,151.0,250.0,200.5,False
REAL-ARK-SURVEY-20260903-077,手办模玩,501～1000元,501.0,1000.0,750.5,False
REAL-ARK-SURVEY-20260903-077,装饰摆件,50元内,50.0,50.0,50.0,False
REAL-ARK-SURVEY-20260903-077,日用生活,50元内,50.0,50.0,50.0,False
REAL-ARK-SURVEY-20260903-078,吧唧（徽章）,16～25元,16.0,25.0,20.5,False
REAL-ARK-SURVEY-20260903-078,通行证,60元以上,60.0,,75.0,False
REAL-ARK-SURVEY-20260903-078,亚克力制品,31～50元,31.0,50.0,40.5,False
REAL-ARK-SURVEY-20260903-078,毛绒玩偶,81～150元,81.0,150.0,115.5,False
REAL-ARK-SURVEY-20260903-078,手办模玩,501～1000元,501.0,1000.0,750.5,False
REAL-ARK-SURVEY-20260903-078,装饰摆件,101～200元,101.0,200.0,150.5,False
REAL-ARK-SURVEY-20260903-078,日用生活,51～100元,51.0,100.0,75.5,False
REAL-ARK-SURVEY-20260903-079,吧唧（徽章）,16～25元,16.0,25.0,20.5,False
REAL-ARK-SURVEY-20260903-079,通行证,20元内,20.0,20.0,20.0,False
REAL-ARK-SURVEY-20260903-079,亚克力制品,31～50元,31.0,50.0,40.5,False
REAL-ARK-SURVEY-20260903-079,毛绒玩偶,80元内,80.0,80.0,80.0,False
REAL-ARK-SURVEY-20260903-079,手办模玩,201～500元,201.0,500.0,350.5,False
REAL-ARK-SURVEY-20260903-079,装饰摆件,50元内,50.0,50.0,50.0,False
REAL-ARK-SURVEY-20260903-079,日用生活,50元内,50.0,50.0,50.0,False
REAL-ARK-SURVEY-20260903-080,吧唧（徽章）,15元内,15.0,15.0,15.0,False
REAL-ARK-SURVEY-20260903-080,通行证,21～40元,21.0,40.0,30.5,False
REAL-ARK-SURVEY-20260903-080,亚克力制品,31～50元,31.0,50.0,40.5,False
REAL-ARK-SURVEY-20260903-080,毛绒玩偶,81～150元,81.0,150.0,115.5,False
REAL-ARK-SURVEY-20260903-080,手办模玩,1000元以上,1000.0,,1250.0,False
REAL-ARK-SURVEY-20260903-080,装饰摆件,50元内,50.0,50.0,50.0,False
REAL-ARK-SURVEY-20260903-080,日用生活,51～100元,51.0,100.0,75.5,False
REAL-ARK-SURVEY-20260903-081,吧唧（徽章）,16～25元,16.0,25.0,20.5,False
REAL-ARK-SURVEY-20260903-081,通行证,20元内,20.0,20.0,20.0,False
REAL-ARK-SURVEY-20260903-081,亚克力制品,31～50元,31.0,50.0,40.5,False
REAL-ARK-SURVEY-20260903-081,毛绒玩偶,151～250元,151.0,250.0,200.5,False
REAL-ARK-SURVEY-20260903-081,手办模玩,201～500元,201.0,500.0,350.5,False
REAL-ARK-SURVEY-20260903-081,装饰摆件,101～200元,101.0,200.0,150.5,False
REAL-ARK-SURVEY-20260903-081,日用生活,51～100元,51.0,100.0,75.5,False
REAL-ARK-SURVEY-20260903-082,吧唧（徽章）,16～25元,16.0,25.0,20.5,False
REAL-ARK-SURVEY-20260903-082,通行证,21～40元,21.0,40.0,30.5,False
REAL-ARK-SURVEY-20260903-082,亚克力制品,30元内,30.0,30.0,30.0,False
REAL-ARK-SURVEY-20260903-082,毛绒玩偶,81～150元,81.0,150.0,115.5,False
REAL-ARK-SURVEY-20260903-082,手办模玩,200元内,200.0,200.0,200.0,False
REAL-ARK-SURVEY-20260903-082,装饰摆件,101～200元,101.0,200.0,150.5,False
REAL-ARK-SURVEY-20260903-082,日用生活,50元内,50.0,50.0,50.0,False
REAL-ARK-SURVEY-20260903-083,吧唧（徽章）,16～25元,16.0,25.0,20.5,False
REAL-ARK-SURVEY-20260903-083,通行证,20元内,20.0,20.0,20.0,False
REAL-ARK-SURVEY-20260903-083,亚克力制品,51～80元,51.0,80.0,65.5,False
REAL-ARK-SURVEY-20260903-083,毛绒玩偶,80元内,80.0,80.0,80.0,False
REAL-ARK-SURVEY-20260903-083,手办模玩,201～500元,201.0,500.0,350.5,False
REAL-ARK-SURVEY-20260903-083,装饰摆件,51～100元,51.0,100.0,75.5,False
REAL-ARK-SURVEY-20260903-083,日用生活,101～200元,101.0,200.0,150.5,False
REAL-ARK-SURVEY-20260903-084,吧唧（徽章）,16～25元,16.0,25.0,20.5,False
REAL-ARK-SURVEY-20260903-084,通行证,21～40元,21.0,40.0,30.5,False
REAL-ARK-SURVEY-20260903-084,亚克力制品,31～50元,31.0,50.0,40.5,False
REAL-ARK-SURVEY-20260903-084,毛绒玩偶,81～150元,81.0,150.0,115.5,False
REAL-ARK-SURVEY-20260903-084,手办模玩,1000元以上,1000.0,,1250.0,False
REAL-ARK-SURVEY-20260903-084,装饰摆件,51～100元,51.0,100.0,75.5,False
REAL-ARK-SURVEY-20260903-084,日用生活,101～200元,101.0,200.0,150.5,False
REAL-ARK-SURVEY-20260903-085,吧唧（徽章）,16～25元,16.0,25.0,20.5,False
REAL-ARK-SURVEY-20260903-085,通行证,21～40元,21.0,40.0,30.5,False
REAL-ARK-SURVEY-20260903-085,亚克力制品,51～80元,51.0,80.0,65.5,False
REAL-ARK-SURVEY-20260903-085,毛绒玩偶,81～150元,81.0,150.0,115.5,False
REAL-ARK-SURVEY-20260903-085,手办模玩,501～1000元,501.0,1000.0,750.5,False
REAL-ARK-SURVEY-20260903-085,装饰摆件,101～200元,101.0,200.0,150.5,False
REAL-ARK-SURVEY-20260903-085,日用生活,101～200元,101.0,200.0,150.5,False
REAL-ARK-SURVEY-20260903-086,吧唧（徽章）,26～35元,26.0,35.0,30.5,False
REAL-ARK-SURVEY-20260903-086,通行证,21～40元,21.0,40.0,30.5,False
REAL-ARK-SURVEY-20260903-086,亚克力制品,51～80元,51.0,80.0,65.5,False
REAL-ARK-SURVEY-20260903-086,毛绒玩偶,80元内,80.0,80.0,80.0,False
REAL-ARK-SURVEY-20260903-086,手办模玩,501～1000元,501.0,1000.0,750.5,False
REAL-ARK-SURVEY-20260903-086,装饰摆件,51～100元,51.0,100.0,75.5,False
REAL-ARK-SURVEY-20260903-086,日用生活,50元内,50.0,50.0,50.0,False
REAL-ARK-SURVEY-20260903-087,吧唧（徽章）,26～35元,26.0,35.0,30.5,False
REAL-ARK-SURVEY-20260903-087,通行证,21～40元,21.0,40.0,30.5,False
REAL-ARK-SURVEY-20260903-087,亚克力制品,31～50元,31.0,50.0,40.5,False
REAL-ARK-SURVEY-20260903-087,毛绒玩偶,80元内,80.0,80.0,80.0,False
REAL-ARK-SURVEY-20260903-087,手办模玩,501～1000元,501.0,1000.0,750.5,False
REAL-ARK-SURVEY-20260903-087,装饰摆件,51～100元,51.0,100.0,75.5,False
REAL-ARK-SURVEY-20260903-087,日用生活,51～100元,51.0,100.0,75.5,False
REAL-ARK-SURVEY-20260903-088,吧唧（徽章）,15元内,15.0,15.0,15.0,False
REAL-ARK-SURVEY-20260903-088,通行证,41～60元,41.0,60.0,50.5,False
REAL-ARK-SURVEY-20260903-088,亚克力制品,30元内,30.0,30.0,30.0,False
REAL-ARK-SURVEY-20260903-088,毛绒玩偶,80元内,80.0,80.0,80.0,False
REAL-ARK-SURVEY-20260903-088,手办模玩,501～1000元,501.0,1000.0,750.5,False
REAL-ARK-SURVEY-20260903-088,装饰摆件,101～200元,101.0,200.0,150.5,False
REAL-ARK-SURVEY-20260903-088,日用生活,101～200元,101.0,200.0,150.5,False
REAL-ARK-SURVEY-20260903-089,吧唧（徽章）,26～35元,26.0,35.0,30.5,False
REAL-ARK-SURVEY-20260903-089,通行证,41～60元,41.0,60.0,50.5,False
REAL-ARK-SURVEY-20260903-089,亚克力制品,31～50元,31.0,50.0,40.5,False
REAL-ARK-SURVEY-20260903-089,毛绒玩偶,250元以上,250.0,,312.5,False
REAL-ARK-SURVEY-20260903-089,手办模玩,201～500元,201.0,500.0,350.5,False
REAL-ARK-SURVEY-20260903-089,装饰摆件,200元以上,200.0,,250.0,False
REAL-ARK-SURVEY-20260903-089,日用生活,51～100元,51.0,100.0,75.5,False
REAL-ARK-SURVEY-20260903-090,吧唧（徽章）,16～25元,16.0,25.0,20.5,False
REAL-ARK-SURVEY-20260903-090,通行证,21～40元,21.0,40.0,30.5,False
REAL-ARK-SURVEY-20260903-090,亚克力制品,31～50元,31.0,50.0,40.5,False
REAL-ARK-SURVEY-20260903-090,毛绒玩偶,81～150元,81.0,150.0,115.5,False
REAL-ARK-SURVEY-20260903-090,手办模玩,501～1000元,501.0,1000.0,750.5,False
REAL-ARK-SURVEY-20260903-090,装饰摆件,200元以上,200.0,,250.0,False
REAL-ARK-SURVEY-20260903-090,日用生活,51～100元,51.0,100.0,75.5,False
REAL-ARK-SURVEY-20260903-091,吧唧（徽章）,26～35元,26.0,35.0,30.5,False
REAL-ARK-SURVEY-20260903-091,通行证,21～40元,21.0,40.0,30.5,False
REAL-ARK-SURVEY-20260903-091,亚克力制品,31～50元,31.0,50.0,40.5,False
REAL-ARK-SURVEY-20260903-091,毛绒玩偶,81～150元,81.0,150.0,115.5,False
REAL-ARK-SURVEY-20260903-091,手办模玩,201～500元,201.0,500.0,350.5,False
REAL-ARK-SURVEY-20260903-091,装饰摆件,51～100元,51.0,100.0,75.5,False
REAL-ARK-SURVEY-20260903-091,日用生活,51～100元,51.0,100.0,75.5,False
REAL-ARK-SURVEY-20260903-092,吧唧（徽章）,26～35元,26.0,35.0,30.5,False
REAL-ARK-SURVEY-20260903-092,通行证,20元内,20.0,20.0,20.0,False
REAL-ARK-SURVEY-20260903-092,亚克力制品,30元内,30.0,30.0,30.0,False
REAL-ARK-SURVEY-20260903-092,毛绒玩偶,81～150元,81.0,150.0,115.5,False
REAL-ARK-SURVEY-20260903-092,手办模玩,201～500元,201.0,500.0,350.5,False
REAL-ARK-SURVEY-20260903-092,装饰摆件,50元内,50.0,50.0,50.0,False
REAL-ARK-SURVEY-20260903-092,日用生活,51～100元,51.0,100.0,75.5,False
REAL-ARK-SURVEY-20260903-093,吧唧（徽章）,16～25元,16.0,25.0,20.5,False
REAL-ARK-SURVEY-20260903-093,通行证,20元内,20.0,20.0,20.0,False
REAL-ARK-SURVEY-20260903-093,亚克力制品,31～50元,31.0,50.0,40.5,False
REAL-ARK-SURVEY-20260903-093,毛绒玩偶,81～150元,81.0,150.0,115.5,False
REAL-ARK-SURVEY-20260903-093,手办模玩,201～500元,201.0,500.0,350.5,False
REAL-ARK-SURVEY-20260903-093,装饰摆件,51～100元,51.0,100.0,75.5,False
REAL-ARK-SURVEY-20260903-093,日用生活,101～200元,101.0,200.0,150.5,False
REAL-ARK-SURVEY-20260903-094,吧唧（徽章）,16～25元,16.0,25.0,20.5,False
REAL-ARK-SURVEY-20260903-094,通行证,20元内,20.0,20.0,20.0,False
REAL-ARK-SURVEY-20260903-094,亚克力制品,30元内,30.0,30.0,30.0,False
REAL-ARK-SURVEY-20260903-094,毛绒玩偶,80元内,80.0,80.0,80.0,False
REAL-ARK-SURVEY-20260903-094,手办模玩,200元内,200.0,200.0,200.0,False
REAL-ARK-SURVEY-20260903-094,装饰摆件,101～200元,101.0,200.0,150.5,False
REAL-ARK-SURVEY-20260903-094,日用生活,51～100元,51.0,100.0,75.5,False
REAL-ARK-SURVEY-20260903-095,吧唧（徽章）,26～35元,26.0,35.0,30.5,False
REAL-ARK-SURVEY-20260903-095,通行证,21～40元,21.0,40.0,30.5,False
REAL-ARK-SURVEY-20260903-095,亚克力制品,31～50元,31.0,50.0,40.5,False
REAL-ARK-SURVEY-20260903-095,毛绒玩偶,81～150元,81.0,150.0,115.5,False
REAL-ARK-SURVEY-20260903-095,手办模玩,201～500元,201.0,500.0,350.5,False
REAL-ARK-SURVEY-20260903-095,装饰摆件,51～100元,51.0,100.0,75.5,False
REAL-ARK-SURVEY-20260903-095,日用生活,51～100元,51.0,100.0,75.5,False
REAL-ARK-SURVEY-20260903-096,吧唧（徽章）,16～25元,16.0,25.0,20.5,False
REAL-ARK-SURVEY-20260903-096,通行证,41～60元,41.0,60.0,50.5,False
REAL-ARK-SURVEY-20260903-096,亚克力制品,31～50元,31.0,50.0,40.5,False
REAL-ARK-SURVEY-20260903-096,毛绒玩偶,81～150元,81.0,150.0,115.5,False
REAL-ARK-SURVEY-20260903-096,手办模玩,501～1000元,501.0,1000.0,750.5,False
REAL-ARK-SURVEY-20260903-096,装饰摆件,51～100元,51.0,100.0,75.5,False
REAL-ARK-SURVEY-20260903-096,日用生活,101～200元,101.0,200.0,150.5,False
REAL-ARK-SURVEY-20260903-097,吧唧（徽章）,16～25元,16.0,25.0,20.5,False
REAL-ARK-SURVEY-20260903-097,通行证,21～40元,21.0,40.0,30.5,False
REAL-ARK-SURVEY-20260903-097,亚克力制品,31～50元,31.0,50.0,40.5,False
REAL-ARK-SURVEY-20260903-097,毛绒玩偶,151～250元,151.0,250.0,200.5,False
REAL-ARK-SURVEY-20260903-097,手办模玩,201～500元,201.0,500.0,350.5,False
REAL-ARK-SURVEY-20260903-097,装饰摆件,200元以上,200.0,,250.0,False
REAL-ARK-SURVEY-20260903-097,日用生活,51～100元,51.0,100.0,75.5,False
REAL-ARK-SURVEY-20260903-098,吧唧（徽章）,15元内,15.0,15.0,15.0,False
REAL-ARK-SURVEY-20260903-098,通行证,21～40元,21.0,40.0,30.5,False
REAL-ARK-SURVEY-20260903-098,亚克力制品,31～50元,31.0,50.0,40.5,False
REAL-ARK-SURVEY-20260903-098,毛绒玩偶,80元内,80.0,80.0,80.0,False
REAL-ARK-SURVEY-20260903-098,手办模玩,201～500元,201.0,500.0,350.5,False
REAL-ARK-SURVEY-20260903-098,装饰摆件,51～100元,51.0,100.0,75.5,False
REAL-ARK-SURVEY-20260903-098,日用生活,50元内,50.0,50.0,50.0,False
REAL-ARK-SURVEY-20260903-099,吧唧（徽章）,15元内,15.0,15.0,15.0,False
REAL-ARK-SURVEY-20260903-099,通行证,41～60元,41.0,60.0,50.5,False
REAL-ARK-SURVEY-20260903-099,亚克力制品,30元内,30.0,30.0,30.0,False
REAL-ARK-SURVEY-20260903-099,毛绒玩偶,80元内,80.0,80.0,80.0,False
REAL-ARK-SURVEY-20260903-099,手办模玩,201～500元,201.0,500.0,350.5,False
REAL-ARK-SURVEY-20260903-099,装饰摆件,51～100元,51.0,100.0,75.5,False
REAL-ARK-SURVEY-20260903-099,日用生活,101～200元,101.0,200.0,150.5,False
REAL-ARK-SURVEY-20260903-100,吧唧（徽章）,16～25元,16.0,25.0,20.5,False
REAL-ARK-SURVEY-20260903-100,通行证,21～40元,21.0,40.0,30.5,False
REAL-ARK-SURVEY-20260903-100,亚克力制品,31～50元,31.0,50.0,40.5,False
REAL-ARK-SURVEY-20260903-100,毛绒玩偶,81～150元,81.0,150.0,115.5,False
REAL-ARK-SURVEY-20260903-100,手办模玩,200元内,200.0,200.0,200.0,False
REAL-ARK-SURVEY-20260903-100,装饰摆件,51～100元,51.0,100.0,75.5,False
REAL-ARK-SURVEY-20260903-100,日用生活,51～100元,51.0,100.0,75.5,False
REAL-ARK-SURVEY-20260903-101,吧唧（徽章）,16～25元,16.0,25.0,20.5,False
REAL-ARK-SURVEY-20260903-101,通行证,21～40元,21.0,40.0,30.5,False
REAL-ARK-SURVEY-20260903-101,亚克力制品,31～50元,31.0,50.0,40.5,False
REAL-ARK-SURVEY-20260903-101,毛绒玩偶,80元内,80.0,80.0,80.0,False
REAL-ARK-SURVEY-20260903-101,手办模玩,201～500元,201.0,500.0,350.5,False
REAL-ARK-SURVEY-20260903-101,装饰摆件,50元内,50.0,50.0,50.0,False
REAL-ARK-SURVEY-20260903-101,日用生活,51～100元,51.0,100.0,75.5,False
REAL-ARK-SURVEY-20260903-102,吧唧（徽章）,16～25元,16.0,25.0,20.5,False
REAL-ARK-SURVEY-20260903-102,通行证,21～40元,21.0,40.0,30.5,False
REAL-ARK-SURVEY-20260903-102,亚克力制品,31～50元,31.0,50.0,40.5,False
REAL-ARK-SURVEY-20260903-102,毛绒玩偶,151～250元,151.0,250.0,200.5,False
REAL-ARK-SURVEY-20260903-102,手办模玩,201～500元,201.0,500.0,350.5,False
REAL-ARK-SURVEY-20260903-102,装饰摆件,50元内,50.0,50.0,50.0,False
REAL-ARK-SURVEY-20260903-102,日用生活,101～200元,101.0,200.0,150.5,False
REAL-ARK-SURVEY-20260903-103,吧唧（徽章）,16～25元,16.0,25.0,20.5,False
REAL-ARK-SURVEY-20260903-103,通行证,21～40元,21.0,40.0,30.5,False
REAL-ARK-SURVEY-20260903-103,亚克力制品,51～80元,51.0,80.0,65.5,False
REAL-ARK-SURVEY-20260903-103,毛绒玩偶,151～250元,151.0,250.0,200.5,False
REAL-ARK-SURVEY-20260903-103,手办模玩,201～500元,201.0,500.0,350.5,False
REAL-ARK-SURVEY-20260903-103,装饰摆件,50元内,50.0,50.0,50.0,False
REAL-ARK-SURVEY-20260903-103,日用生活,101～200元,101.0,200.0,150.5,False
REAL-ARK-SURVEY-20260903-104,吧唧（徽章）,15元内,15.0,15.0,15.0,False
REAL-ARK-SURVEY-20260903-104,通行证,41～60元,41.0,60.0,50.5,False
REAL-ARK-SURVEY-20260903-104,亚克力制品,31～50元,31.0,50.0,40.5,False
REAL-ARK-SURVEY-20260903-104,毛绒玩偶,81～150元,81.0,150.0,115.5,False
REAL-ARK-SURVEY-20260903-104,手办模玩,1000元以上,1000.0,,1250.0,False
REAL-ARK-SURVEY-20260903-104,装饰摆件,51～100元,51.0,100.0,75.5,False
REAL-ARK-SURVEY-20260903-104,日用生活,50元内,50.0,50.0,50.0,False
REAL-ARK-SURVEY-20260903-105,吧唧（徽章）,16～25元,16.0,25.0,20.5,False
REAL-ARK-SURVEY-20260903-105,通行证,21～40元,21.0,40.0,30.5,False
REAL-ARK-SURVEY-20260903-105,亚克力制品,80元以上,80.0,,100.0,False
REAL-ARK-SURVEY-20260903-105,毛绒玩偶,81～150元,81.0,150.0,115.5,False
REAL-ARK-SURVEY-20260903-105,手办模玩,501～1000元,501.0,1000.0,750.5,False
REAL-ARK-SURVEY-20260903-105,装饰摆件,51～100元,51.0,100.0,75.5,False
REAL-ARK-SURVEY-20260903-105,日用生活,50元内,50.0,50.0,50.0,False
REAL-ARK-SURVEY-20260903-106,吧唧（徽章）,16～25元,16.0,25.0,20.5,False
REAL-ARK-SURVEY-20260903-106,通行证,20元内,20.0,20.0,20.0,False
REAL-ARK-SURVEY-20260903-106,亚克力制品,31～50元,31.0,50.0,40.5,False
REAL-ARK-SURVEY-20260903-106,毛绒玩偶,151～250元,151.0,250.0,200.5,False
REAL-ARK-SURVEY-20260903-106,手办模玩,201～500元,201.0,500.0,350.5,False
REAL-ARK-SURVEY-20260903-106,装饰摆件,51～100元,51.0,100.0,75.5,False
REAL-ARK-SURVEY-20260903-106,日用生活,51～100元,51.0,100.0,75.5,False
REAL-ARK-SURVEY-20260903-107,吧唧（徽章）,16～25元,16.0,25.0,20.5,False
REAL-ARK-SURVEY-20260903-107,通行证,41～60元,41.0,60.0,50.5,False
REAL-ARK-SURVEY-20260903-107,亚克力制品,30元内,30.0,30.0,30.0,False
REAL-ARK-SURVEY-20260903-107,毛绒玩偶,81～150元,81.0,150.0,115.5,False
REAL-ARK-SURVEY-20260903-107,手办模玩,1000元以上,1000.0,,1250.0,False
REAL-ARK-SURVEY-20260903-107,装饰摆件,200元以上,200.0,,250.0,False
REAL-ARK-SURVEY-20260903-107,日用生活,101～200元,101.0,200.0,150.5,False
REAL-ARK-SURVEY-20260903-108,吧唧（徽章）,26～35元,26.0,35.0,30.5,False
REAL-ARK-SURVEY-20260903-108,通行证,20元内,20.0,20.0,20.0,False
REAL-ARK-SURVEY-20260903-108,亚克力制品,80元以上,80.0,,100.0,False
REAL-ARK-SURVEY-20260903-108,毛绒玩偶,151～250元,151.0,250.0,200.5,False
REAL-ARK-SURVEY-20260903-108,手办模玩,501～1000元,501.0,1000.0,750.5,False
REAL-ARK-SURVEY-20260903-108,装饰摆件,101～200元,101.0,200.0,150.5,False
REAL-ARK-SURVEY-20260903-108,日用生活,51～100元,51.0,100.0,75.5,False
REAL-ARK-SURVEY-20260903-109,吧唧（徽章）,15元内,15.0,15.0,15.0,False
REAL-ARK-SURVEY-20260903-109,通行证,60元以上,60.0,,75.0,False
REAL-ARK-SURVEY-20260903-109,亚克力制品,30元内,30.0,30.0,30.0,False
REAL-ARK-SURVEY-20260903-109,毛绒玩偶,81～150元,81.0,150.0,115.5,False
REAL-ARK-SURVEY-20260903-109,手办模玩,201～500元,201.0,500.0,350.5,False
REAL-ARK-SURVEY-20260903-109,装饰摆件,101～200元,101.0,200.0,150.5,False
REAL-ARK-SURVEY-20260903-109,日用生活,101～200元,101.0,200.0,150.5,False
REAL-ARK-SURVEY-20260903-110,吧唧（徽章）,15元内,15.0,15.0,15.0,False
REAL-ARK-SURVEY-20260903-110,通行证,20元内,20.0,20.0,20.0,False
REAL-ARK-SURVEY-20260903-110,亚克力制品,31～50元,31.0,50.0,40.5,False
REAL-ARK-SURVEY-20260903-110,毛绒玩偶,80元内,80.0,80.0,80.0,False
REAL-ARK-SURVEY-20260903-110,手办模玩,200元内,200.0,200.0,200.0,False
REAL-ARK-SURVEY-20260903-110,装饰摆件,51～100元,51.0,100.0,75.5,False
REAL-ARK-SURVEY-20260903-110,日用生活,51～100元,51.0,100.0,75.5,False
REAL-ARK-SURVEY-20260903-111,吧唧（徽章）,16～25元,16.0,25.0,20.5,False
REAL-ARK-SURVEY-20260903-111,通行证,21～40元,21.0,40.0,30.5,False
REAL-ARK-SURVEY-20260903-111,亚克力制品,31～50元,31.0,50.0,40.5,False
REAL-ARK-SURVEY-20260903-111,毛绒玩偶,81～150元,81.0,150.0,115.5,False
REAL-ARK-SURVEY-20260903-111,手办模玩,200元内,200.0,200.0,200.0,False
REAL-ARK-SURVEY-20260903-111,装饰摆件,50元内,50.0,50.0,50.0,False
REAL-ARK-SURVEY-20260903-111,日用生活,101～200元,101.0,200.0,150.5,False
REAL-ARK-SURVEY-20260903-112,吧唧（徽章）,16～25元,16.0,25.0,20.5,False
REAL-ARK-SURVEY-20260903-112,通行证,21～40元,21.0,40.0,30.5,False
REAL-ARK-SURVEY-20260903-112,亚克力制品,31～50元,31.0,50.0,40.5,False
REAL-ARK-SURVEY-20260903-112,毛绒玩偶,80元内,80.0,80.0,80.0,False
REAL-ARK-SURVEY-20260903-112,手办模玩,200元内,200.0,200.0,200.0,False
REAL-ARK-SURVEY-20260903-112,装饰摆件,51～100元,51.0,100.0,75.5,False
REAL-ARK-SURVEY-20260903-112,日用生活,51～100元,51.0,100.0,75.5,False
REAL-ARK-SURVEY-20260903-113,吧唧（徽章）,16～25元,16.0,25.0,20.5,False
REAL-ARK-SURVEY-20260903-113,通行证,20元内,20.0,20.0,20.0,False
REAL-ARK-SURVEY-20260903-113,亚克力制品,31～50元,31.0,50.0,40.5,False
REAL-ARK-SURVEY-20260903-113,毛绒玩偶,81～150元,81.0,150.0,115.5,False
REAL-ARK-SURVEY-20260903-113,手办模玩,201～500元,201.0,500.0,350.5,False
REAL-ARK-SURVEY-20260903-113,装饰摆件,51～100元,51.0,100.0,75.5,False
REAL-ARK-SURVEY-20260903-113,日用生活,51～100元,51.0,100.0,75.5,False
REAL-ARK-SURVEY-20260903-114,吧唧（徽章）,15元内,15.0,15.0,15.0,False
REAL-ARK-SURVEY-20260903-114,通行证,21～40元,21.0,40.0,30.5,False
REAL-ARK-SURVEY-20260903-114,亚克力制品,31～50元,31.0,50.0,40.5,False
REAL-ARK-SURVEY-20260903-114,毛绒玩偶,81～150元,81.0,150.0,115.5,False
REAL-ARK-SURVEY-20260903-114,手办模玩,201～500元,201.0,500.0,350.5,False
REAL-ARK-SURVEY-20260903-114,装饰摆件,51～100元,51.0,100.0,75.5,False
REAL-ARK-SURVEY-20260903-114,日用生活,51～100元,51.0,100.0,75.5,False
REAL-ARK-SURVEY-20260903-115,吧唧（徽章）,16～25元,16.0,25.0,20.5,False
REAL-ARK-SURVEY-20260903-115,通行证,21～40元,21.0,40.0,30.5,False
REAL-ARK-SURVEY-20260903-115,亚克力制品,31～50元,31.0,50.0,40.5,False
REAL-ARK-SURVEY-20260903-115,毛绒玩偶,81～150元,81.0,150.0,115.5,False
REAL-ARK-SURVEY-20260903-115,手办模玩,501～1000元,501.0,1000.0,750.5,False
REAL-ARK-SURVEY-20260903-115,装饰摆件,51～100元,51.0,100.0,75.5,False
REAL-ARK-SURVEY-20260903-115,日用生活,51～100元,51.0,100.0,75.5,False
REAL-ARK-SURVEY-20260903-116,吧唧（徽章）,15元内,15.0,15.0,15.0,False
REAL-ARK-SURVEY-20260903-116,通行证,41～60元,41.0,60.0,50.5,False
REAL-ARK-SURVEY-20260903-116,亚克力制品,30元内,30.0,30.0,30.0,False
REAL-ARK-SURVEY-20260903-116,毛绒玩偶,80元内,80.0,80.0,80.0,False
REAL-ARK-SURVEY-20260903-116,手办模玩,200元内,200.0,200.0,200.0,False
REAL-ARK-SURVEY-20260903-116,装饰摆件,101～200元,101.0,200.0,150.5,False
REAL-ARK-SURVEY-20260903-116,日用生活,101～200元,101.0,200.0,150.5,False
REAL-ARK-SURVEY-20260903-117,吧唧（徽章）,15元内,15.0,15.0,15.0,False
REAL-ARK-SURVEY-20260903-117,通行证,21～40元,21.0,40.0,30.5,False
REAL-ARK-SURVEY-20260903-117,亚克力制品,51～80元,51.0,80.0,65.5,False
REAL-ARK-SURVEY-20260903-117,毛绒玩偶,80元内,80.0,80.0,80.0,False
REAL-ARK-SURVEY-20260903-117,手办模玩,501～1000元,501.0,1000.0,750.5,False
REAL-ARK-SURVEY-20260903-117,装饰摆件,51～100元,51.0,100.0,75.5,False
REAL-ARK-SURVEY-20260903-117,日用生活,101～200元,101.0,200.0,150.5,False
REAL-ARK-SURVEY-20260903-118,吧唧（徽章）,26～35元,26.0,35.0,30.5,False
REAL-ARK-SURVEY-20260903-118,通行证,41～60元,41.0,60.0,50.5,False
REAL-ARK-SURVEY-20260903-118,亚克力制品,51～80元,51.0,80.0,65.5,False
REAL-ARK-SURVEY-20260903-118,毛绒玩偶,81～150元,81.0,150.0,115.5,False
REAL-ARK-SURVEY-20260903-118,手办模玩,201～500元,201.0,500.0,350.5,False
REAL-ARK-SURVEY-20260903-118,装饰摆件,50元内,50.0,50.0,50.0,False
REAL-ARK-SURVEY-20260903-118,日用生活,51～100元,51.0,100.0,75.5,False
REAL-ARK-SURVEY-20260903-119,吧唧（徽章）,36元以上,36.0,,45.0,False
REAL-ARK-SURVEY-20260903-119,通行证,21～40元,21.0,40.0,30.5,False
REAL-ARK-SURVEY-20260903-119,亚克力制品,31～50元,31.0,50.0,40.5,False
REAL-ARK-SURVEY-20260903-119,毛绒玩偶,151～250元,151.0,250.0,200.5,False
REAL-ARK-SURVEY-20260903-119,手办模玩,1000元以上,1000.0,,1250.0,False
REAL-ARK-SURVEY-20260903-119,装饰摆件,51～100元,51.0,100.0,75.5,False
REAL-ARK-SURVEY-20260903-119,日用生活,50元内,50.0,50.0,50.0,False
REAL-ARK-SURVEY-20260903-120,吧唧（徽章）,26～35元,26.0,35.0,30.5,False
REAL-ARK-SURVEY-20260903-120,通行证,41～60元,41.0,60.0,50.5,False
REAL-ARK-SURVEY-20260903-120,亚克力制品,31～50元,31.0,50.0,40.5,False
REAL-ARK-SURVEY-20260903-120,毛绒玩偶,151～250元,151.0,250.0,200.5,False
REAL-ARK-SURVEY-20260903-120,手办模玩,201～500元,201.0,500.0,350.5,False
REAL-ARK-SURVEY-20260903-120,装饰摆件,51～100元,51.0,100.0,75.5,False
REAL-ARK-SURVEY-20260903-120,日用生活,101～200元,101.0,200.0,150.5,False
REAL-ARK-SURVEY-20260903-121,吧唧（徽章）,16～25元,16.0,25.0,20.5,False
REAL-ARK-SURVEY-20260903-121,通行证,20元内,20.0,20.0,20.0,False
REAL-ARK-SURVEY-20260903-121,亚克力制品,31～50元,31.0,50.0,40.5,False
REAL-ARK-SURVEY-20260903-121,毛绒玩偶,81～150元,81.0,150.0,115.5,False
REAL-ARK-SURVEY-20260903-121,手办模玩,200元内,200.0,200.0,200.0,False
REAL-ARK-SURVEY-20260903-121,装饰摆件,101～200元,101.0,200.0,150.5,False
REAL-ARK-SURVEY-20260903-121,日用生活,51～100元,51.0,100.0,75.5,False
REAL-ARK-SURVEY-20260903-122,吧唧（徽章）,26～35元,26.0,35.0,30.5,False
REAL-ARK-SURVEY-20260903-122,通行证,20元内,20.0,20.0,20.0,False
REAL-ARK-SURVEY-20260903-122,亚克力制品,31～50元,31.0,50.0,40.5,False
REAL-ARK-SURVEY-20260903-122,毛绒玩偶,80元内,80.0,80.0,80.0,False
REAL-ARK-SURVEY-20260903-122,手办模玩,201～500元,201.0,500.0,350.5,False
REAL-ARK-SURVEY-20260903-122,装饰摆件,51～100元,51.0,100.0,75.5,False
REAL-ARK-SURVEY-20260903-122,日用生活,51～100元,51.0,100.0,75.5,False
REAL-ARK-SURVEY-20260903-123,吧唧（徽章）,26～35元,26.0,35.0,30.5,False
REAL-ARK-SURVEY-20260903-123,通行证,20元内,20.0,20.0,20.0,False
REAL-ARK-SURVEY-20260903-123,亚克力制品,31～50元,31.0,50.0,40.5,False
REAL-ARK-SURVEY-20260903-123,毛绒玩偶,151～250元,151.0,250.0,200.5,False
REAL-ARK-SURVEY-20260903-123,手办模玩,201～500元,201.0,500.0,350.5,False
REAL-ARK-SURVEY-20260903-123,装饰摆件,51～100元,51.0,100.0,75.5,False
REAL-ARK-SURVEY-20260903-123,日用生活,101～200元,101.0,200.0,150.5,False
REAL-ARK-SURVEY-20260903-124,吧唧（徽章）,16～25元,16.0,25.0,20.5,False
REAL-ARK-SURVEY-20260903-124,通行证,41～60元,41.0,60.0,50.5,False
REAL-ARK-SURVEY-20260903-124,亚克力制品,31～50元,31.0,50.0,40.5,False
REAL-ARK-SURVEY-20260903-124,毛绒玩偶,80元内,80.0,80.0,80.0,False
REAL-ARK-SURVEY-20260903-124,手办模玩,201～500元,201.0,500.0,350.5,False
REAL-ARK-SURVEY-20260903-124,装饰摆件,50元内,50.0,50.0,50.0,False
REAL-ARK-SURVEY-20260903-124,日用生活,51～100元,51.0,100.0,75.5,False
REAL-ARK-SURVEY-20260903-125,吧唧（徽章）,16～25元,16.0,25.0,20.5,False
REAL-ARK-SURVEY-20260903-125,通行证,20元内,20.0,20.0,20.0,False
REAL-ARK-SURVEY-20260903-125,亚克力制品,31～50元,31.0,50.0,40.5,False
REAL-ARK-SURVEY-20260903-125,毛绒玩偶,81～150元,81.0,150.0,115.5,False
REAL-ARK-SURVEY-20260903-125,手办模玩,201～500元,201.0,500.0,350.5,False
REAL-ARK-SURVEY-20260903-125,装饰摆件,51～100元,51.0,100.0,75.5,False
REAL-ARK-SURVEY-20260903-125,日用生活,101～200元,101.0,200.0,150.5,False
REAL-ARK-SURVEY-20260903-126,吧唧（徽章）,16～25元,16.0,25.0,20.5,False
REAL-ARK-SURVEY-20260903-126,通行证,41～60元,41.0,60.0,50.5,False
REAL-ARK-SURVEY-20260903-126,亚克力制品,31～50元,31.0,50.0,40.5,False
REAL-ARK-SURVEY-20260903-126,毛绒玩偶,250元以上,250.0,,312.5,False
REAL-ARK-SURVEY-20260903-126,手办模玩,501～1000元,501.0,1000.0,750.5,False
REAL-ARK-SURVEY-20260903-126,装饰摆件,50元内,50.0,50.0,50.0,False
REAL-ARK-SURVEY-20260903-126,日用生活,50元内,50.0,50.0,50.0,False
REAL-ARK-SURVEY-20260903-127,吧唧（徽章）,16～25元,16.0,25.0,20.5,False
REAL-ARK-SURVEY-20260903-127,通行证,41～60元,41.0,60.0,50.5,False
REAL-ARK-SURVEY-20260903-127,亚克力制品,31～50元,31.0,50.0,40.5,False
REAL-ARK-SURVEY-20260903-127,毛绒玩偶,80元内,80.0,80.0,80.0,False
REAL-ARK-SURVEY-20260903-127,手办模玩,200元内,200.0,200.0,200.0,False
REAL-ARK-SURVEY-20260903-127,装饰摆件,50元内,50.0,50.0,50.0,False
REAL-ARK-SURVEY-20260903-127,日用生活,51～100元,51.0,100.0,75.5,False
REAL-ARK-SURVEY-20260903-128,吧唧（徽章）,26～35元,26.0,35.0,30.5,False
REAL-ARK-SURVEY-20260903-128,通行证,20元内,20.0,20.0,20.0,False
REAL-ARK-SURVEY-20260903-128,亚克力制品,80元以上,80.0,,100.0,False
REAL-ARK-SURVEY-20260903-128,毛绒玩偶,81～150元,81.0,150.0,115.5,False
REAL-ARK-SURVEY-20260903-128,手办模玩,201～500元,201.0,500.0,350.5,False
REAL-ARK-SURVEY-20260903-128,装饰摆件,51～100元,51.0,100.0,75.5,False
REAL-ARK-SURVEY-20260903-128,日用生活,51～100元,51.0,100.0,75.5,False
REAL-ARK-SURVEY-20260903-129,吧唧（徽章）,15元内,15.0,15.0,15.0,False
REAL-ARK-SURVEY-20260903-129,通行证,21～40元,21.0,40.0,30.5,False
REAL-ARK-SURVEY-20260903-129,亚克力制品,30元内,30.0,30.0,30.0,False
REAL-ARK-SURVEY-20260903-129,毛绒玩偶,80元内,80.0,80.0,80.0,False
REAL-ARK-SURVEY-20260903-129,手办模玩,501～1000元,501.0,1000.0,750.5,False
REAL-ARK-SURVEY-20260903-129,装饰摆件,51～100元,51.0,100.0,75.5,False
REAL-ARK-SURVEY-20260903-129,日用生活,101～200元,101.0,200.0,150.5,False
REAL-ARK-SURVEY-20260903-130,吧唧（徽章）,15元内,15.0,15.0,15.0,False
REAL-ARK-SURVEY-20260903-130,通行证,41～60元,41.0,60.0,50.5,False
REAL-ARK-SURVEY-20260903-130,亚克力制品,30元内,30.0,30.0,30.0,False
REAL-ARK-SURVEY-20260903-130,毛绒玩偶,250元以上,250.0,,312.5,False
REAL-ARK-SURVEY-20260903-130,手办模玩,200元内,200.0,200.0,200.0,False
REAL-ARK-SURVEY-20260903-130,装饰摆件,101～200元,101.0,200.0,150.5,False
REAL-ARK-SURVEY-20260903-130,日用生活,101～200元,101.0,200.0,150.5,False
REAL-ARK-SURVEY-20260903-131,吧唧（徽章）,16～25元,16.0,25.0,20.5,False
REAL-ARK-SURVEY-20260903-131,通行证,41～60元,41.0,60.0,50.5,False
REAL-ARK-SURVEY-20260903-131,亚克力制品,30元内,30.0,30.0,30.0,False
REAL-ARK-SURVEY-20260903-131,毛绒玩偶,80元内,80.0,80.0,80.0,False
REAL-ARK-SURVEY-20260903-131,手办模玩,200元内,200.0,200.0,200.0,False
REAL-ARK-SURVEY-20260903-131,装饰摆件,51～100元,51.0,100.0,75.5,False
REAL-ARK-SURVEY-20260903-131,日用生活,51～100元,51.0,100.0,75.5,False
REAL-ARK-SURVEY-20260903-132,吧唧（徽章）,15元内,15.0,15.0,15.0,False
REAL-ARK-SURVEY-20260903-132,通行证,21～40元,21.0,40.0,30.5,False
REAL-ARK-SURVEY-20260903-132,亚克力制品,30元内,30.0,30.0,30.0,False
REAL-ARK-SURVEY-20260903-132,毛绒玩偶,80元内,80.0,80.0,80.0,False
REAL-ARK-SURVEY-20260903-132,手办模玩,201～500元,201.0,500.0,350.5,False
REAL-ARK-SURVEY-20260903-132,装饰摆件,50元内,50.0,50.0,50.0,False
REAL-ARK-SURVEY-20260903-132,日用生活,50元内,50.0,50.0,50.0,False
REAL-ARK-SURVEY-20260903-133,吧唧（徽章）,15元内,15.0,15.0,15.0,False
REAL-ARK-SURVEY-20260903-133,通行证,21～40元,21.0,40.0,30.5,False
REAL-ARK-SURVEY-20260903-133,亚克力制品,30元内,30.0,30.0,30.0,False
REAL-ARK-SURVEY-20260903-133,毛绒玩偶,81～150元,81.0,150.0,115.5,False
REAL-ARK-SURVEY-20260903-133,手办模玩,501～1000元,501.0,1000.0,750.5,False
REAL-ARK-SURVEY-20260903-133,装饰摆件,50元内,50.0,50.0,50.0,False
REAL-ARK-SURVEY-20260903-133,日用生活,50元内,50.0,50.0,50.0,False
REAL-ARK-SURVEY-20260903-134,吧唧（徽章）,16～25元,16.0,25.0,20.5,False
REAL-ARK-SURVEY-20260903-134,通行证,41～60元,41.0,60.0,50.5,False
REAL-ARK-SURVEY-20260903-134,亚克力制品,51～80元,51.0,80.0,65.5,False
REAL-ARK-SURVEY-20260903-134,毛绒玩偶,81～150元,81.0,150.0,115.5,False
REAL-ARK-SURVEY-20260903-134,手办模玩,201～500元,201.0,500.0,350.5,False
REAL-ARK-SURVEY-20260903-134,装饰摆件,51～100元,51.0,100.0,75.5,False
REAL-ARK-SURVEY-20260903-134,日用生活,50元内,50.0,50.0,50.0,False
REAL-ARK-SURVEY-20260903-135,吧唧（徽章）,15元内,15.0,15.0,15.0,False
REAL-ARK-SURVEY-20260903-135,通行证,21～40元,21.0,40.0,30.5,False
REAL-ARK-SURVEY-20260903-135,亚克力制品,51～80元,51.0,80.0,65.5,False
REAL-ARK-SURVEY-20260903-135,毛绒玩偶,80元内,80.0,80.0,80.0,False
REAL-ARK-SURVEY-20260903-135,手办模玩,201～500元,201.0,500.0,350.5,False
REAL-ARK-SURVEY-20260903-135,装饰摆件,51～100元,51.0,100.0,75.5,False
REAL-ARK-SURVEY-20260903-135,日用生活,101～200元,101.0,200.0,150.5,False
REAL-ARK-SURVEY-20260903-136,吧唧（徽章）,16～25元,16.0,25.0,20.5,False
REAL-ARK-SURVEY-20260903-136,通行证,41～60元,41.0,60.0,50.5,False
REAL-ARK-SURVEY-20260903-136,亚克力制品,31～50元,31.0,50.0,40.5,False
REAL-ARK-SURVEY-20260903-136,毛绒玩偶,81～150元,81.0,150.0,115.5,False
REAL-ARK-SURVEY-20260903-136,手办模玩,200元内,200.0,200.0,200.0,False
REAL-ARK-SURVEY-20260903-136,装饰摆件,200元以上,200.0,,250.0,False
REAL-ARK-SURVEY-20260903-136,日用生活,51～100元,51.0,100.0,75.5,False
REAL-ARK-SURVEY-20260903-137,吧唧（徽章）,16～25元,16.0,25.0,20.5,False
REAL-ARK-SURVEY-20260903-137,通行证,41～60元,41.0,60.0,50.5,False
REAL-ARK-SURVEY-20260903-137,亚克力制品,30元内,30.0,30.0,30.0,False
REAL-ARK-SURVEY-20260903-137,毛绒玩偶,80元内,80.0,80.0,80.0,False
REAL-ARK-SURVEY-20260903-137,手办模玩,201～500元,201.0,500.0,350.5,False
REAL-ARK-SURVEY-20260903-137,装饰摆件,51～100元,51.0,100.0,75.5,False
REAL-ARK-SURVEY-20260903-137,日用生活,51～100元,51.0,100.0,75.5,False
REAL-ARK-SURVEY-20260903-138,吧唧（徽章）,15元内,15.0,15.0,15.0,False
REAL-ARK-SURVEY-20260903-138,通行证,20元内,20.0,20.0,20.0,False
REAL-ARK-SURVEY-20260903-138,亚克力制品,30元内,30.0,30.0,30.0,False
REAL-ARK-SURVEY-20260903-138,毛绒玩偶,81～150元,81.0,150.0,115.5,False
REAL-ARK-SURVEY-20260903-138,手办模玩,200元内,200.0,200.0,200.0,False
REAL-ARK-SURVEY-20260903-138,装饰摆件,51～100元,51.0,100.0,75.5,False
REAL-ARK-SURVEY-20260903-138,日用生活,50元内,50.0,50.0,50.0,False
REAL-ARK-SURVEY-20260903-139,吧唧（徽章）,26～35元,26.0,35.0,30.5,False
REAL-ARK-SURVEY-20260903-139,通行证,21～40元,21.0,40.0,30.5,False
REAL-ARK-SURVEY-20260903-139,亚克力制品,51～80元,51.0,80.0,65.5,False
REAL-ARK-SURVEY-20260903-139,毛绒玩偶,250元以上,250.0,,312.5,False
REAL-ARK-SURVEY-20260903-139,手办模玩,501～1000元,501.0,1000.0,750.5,False
REAL-ARK-SURVEY-20260903-139,装饰摆件,50元内,50.0,50.0,50.0,False
REAL-ARK-SURVEY-20260903-139,日用生活,51～100元,51.0,100.0,75.5,False
REAL-ARK-SURVEY-20260903-140,吧唧（徽章）,16～25元,16.0,25.0,20.5,False
REAL-ARK-SURVEY-20260903-140,通行证,20元内,20.0,20.0,20.0,False
REAL-ARK-SURVEY-20260903-140,亚克力制品,30元内,30.0,30.0,30.0,False
REAL-ARK-SURVEY-20260903-140,毛绒玩偶,81～150元,81.0,150.0,115.5,False
REAL-ARK-SURVEY-20260903-140,手办模玩,200元内,200.0,200.0,200.0,False
REAL-ARK-SURVEY-20260903-140,装饰摆件,51～100元,51.0,100.0,75.5,False
REAL-ARK-SURVEY-20260903-140,日用生活,51～100元,51.0,100.0,75.5,False
REAL-ARK-SURVEY-20260903-141,吧唧（徽章）,15元内,15.0,15.0,15.0,False
REAL-ARK-SURVEY-20260903-141,通行证,20元内,20.0,20.0,20.0,False
REAL-ARK-SURVEY-20260903-141,亚克力制品,31～50元,31.0,50.0,40.5,False
REAL-ARK-SURVEY-20260903-141,毛绒玩偶,81～150元,81.0,150.0,115.5,False
REAL-ARK-SURVEY-20260903-141,手办模玩,201～500元,201.0,500.0,350.5,False
REAL-ARK-SURVEY-20260903-141,装饰摆件,50元内,50.0,50.0,50.0,False
REAL-ARK-SURVEY-20260903-141,日用生活,51～100元,51.0,100.0,75.5,False
REAL-ARK-SURVEY-20260903-142,吧唧（徽章）,16～25元,16.0,25.0,20.5,False
REAL-ARK-SURVEY-20260903-142,通行证,41～60元,41.0,60.0,50.5,False
REAL-ARK-SURVEY-20260903-142,亚克力制品,31～50元,31.0,50.0,40.5,False
REAL-ARK-SURVEY-20260903-142,毛绒玩偶,151～250元,151.0,250.0,200.5,False
REAL-ARK-SURVEY-20260903-142,手办模玩,201～500元,201.0,500.0,350.5,False
REAL-ARK-SURVEY-20260903-142,装饰摆件,50元内,50.0,50.0,50.0,False
REAL-ARK-SURVEY-20260903-142,日用生活,50元内,50.0,50.0,50.0,False
REAL-ARK-SURVEY-20260903-143,吧唧（徽章）,15元内,15.0,15.0,15.0,False
REAL-ARK-SURVEY-20260903-143,通行证,21～40元,21.0,40.0,30.5,False
REAL-ARK-SURVEY-20260903-143,亚克力制品,31～50元,31.0,50.0,40.5,False
REAL-ARK-SURVEY-20260903-143,毛绒玩偶,81～150元,81.0,150.0,115.5,False
REAL-ARK-SURVEY-20260903-143,手办模玩,501～1000元,501.0,1000.0,750.5,False
REAL-ARK-SURVEY-20260903-143,装饰摆件,51～100元,51.0,100.0,75.5,False
REAL-ARK-SURVEY-20260903-143,日用生活,51～100元,51.0,100.0,75.5,False
REAL-ARK-SURVEY-20260903-144,吧唧（徽章）,15元内,15.0,15.0,15.0,False
REAL-ARK-SURVEY-20260903-144,通行证,21～40元,21.0,40.0,30.5,False
REAL-ARK-SURVEY-20260903-144,亚克力制品,31～50元,31.0,50.0,40.5,False
REAL-ARK-SURVEY-20260903-144,毛绒玩偶,80元内,80.0,80.0,80.0,False
REAL-ARK-SURVEY-20260903-144,手办模玩,501～1000元,501.0,1000.0,750.5,False
REAL-ARK-SURVEY-20260903-144,装饰摆件,51～100元,51.0,100.0,75.5,False
REAL-ARK-SURVEY-20260903-144,日用生活,50元内,50.0,50.0,50.0,False
REAL-ARK-SURVEY-20260903-145,吧唧（徽章）,15元内,15.0,15.0,15.0,False
REAL-ARK-SURVEY-20260903-145,通行证,21～40元,21.0,40.0,30.5,False
REAL-ARK-SURVEY-20260903-145,亚克力制品,30元内,30.0,30.0,30.0,False
REAL-ARK-SURVEY-20260903-145,毛绒玩偶,250元以上,250.0,,312.5,False
REAL-ARK-SURVEY-20260903-145,手办模玩,201～500元,201.0,500.0,350.5,False
REAL-ARK-SURVEY-20260903-145,装饰摆件,101～200元,101.0,200.0,150.5,False
REAL-ARK-SURVEY-20260903-145,日用生活,101～200元,101.0,200.0,150.5,False
REAL-ARK-SURVEY-20260903-146,吧唧（徽章）,15元内,15.0,15.0,15.0,False
REAL-ARK-SURVEY-20260903-146,通行证,20元内,20.0,20.0,20.0,False
REAL-ARK-SURVEY-20260903-146,亚克力制品,30元内,30.0,30.0,30.0,False
REAL-ARK-SURVEY-20260903-146,毛绒玩偶,80元内,80.0,80.0,80.0,False
REAL-ARK-SURVEY-20260903-146,手办模玩,201～500元,201.0,500.0,350.5,False
REAL-ARK-SURVEY-20260903-146,装饰摆件,50元内,50.0,50.0,50.0,False
REAL-ARK-SURVEY-20260903-146,日用生活,101～200元,101.0,200.0,150.5,False
REAL-ARK-SURVEY-20260903-147,吧唧（徽章）,36元以上,36.0,,45.0,False
REAL-ARK-SURVEY-20260903-147,通行证,20元内,20.0,20.0,20.0,False
REAL-ARK-SURVEY-20260903-147,亚克力制品,31～50元,31.0,50.0,40.5,False
REAL-ARK-SURVEY-20260903-147,毛绒玩偶,81～150元,81.0,150.0,115.5,False
REAL-ARK-SURVEY-20260903-147,手办模玩,501～1000元,501.0,1000.0,750.5,False
REAL-ARK-SURVEY-20260903-147,装饰摆件,101～200元,101.0,200.0,150.5,False
REAL-ARK-SURVEY-20260903-147,日用生活,50元内,50.0,50.0,50.0,False
REAL-ARK-SURVEY-20260903-148,吧唧（徽章）,26～35元,26.0,35.0,30.5,False
REAL-ARK-SURVEY-20260903-148,通行证,21～40元,21.0,40.0,30.5,False
REAL-ARK-SURVEY-20260903-148,亚克力制品,31～50元,31.0,50.0,40.5,False
REAL-ARK-SURVEY-20260903-148,毛绒玩偶,81～150元,81.0,150.0,115.5,False
REAL-ARK-SURVEY-20260903-148,手办模玩,501～1000元,501.0,1000.0,750.5,False
REAL-ARK-SURVEY-20260903-148,装饰摆件,51～100元,51.0,100.0,75.5,False
REAL-ARK-SURVEY-20260903-148,日用生活,51～100元,51.0,100.0,75.5,False
REAL-ARK-SURVEY-20260903-149,吧唧（徽章）,16～25元,16.0,25.0,20.5,False
REAL-ARK-SURVEY-20260903-149,通行证,21～40元,21.0,40.0,30.5,False
REAL-ARK-SURVEY-20260903-149,亚克力制品,31～50元,31.0,50.0,40.5,False
REAL-ARK-SURVEY-20260903-149,毛绒玩偶,81～150元,81.0,150.0,115.5,False
REAL-ARK-SURVEY-20260903-149,手办模玩,201～500元,201.0,500.0,350.5,False
REAL-ARK-SURVEY-20260903-149,装饰摆件,50元内,50.0,50.0,50.0,False
REAL-ARK-SURVEY-20260903-149,日用生活,51～100元,51.0,100.0,75.5,False
REAL-ARK-SURVEY-20260903-150,吧唧（徽章）,16～25元,16.0,25.0,20.5,False
REAL-ARK-SURVEY-20260903-150,通行证,21～40元,21.0,40.0,30.5,False
REAL-ARK-SURVEY-20260903-150,亚克力制品,80元以上,80.0,,100.0,False
REAL-ARK-SURVEY-20260903-150,毛绒玩偶,81～150元,81.0,150.0,115.5,False
REAL-ARK-SURVEY-20260903-150,手办模玩,201～500元,201.0,500.0,350.5,False
REAL-ARK-SURVEY-20260903-150,装饰摆件,51～100元,51.0,100.0,75.5,False
REAL-ARK-SURVEY-20260903-150,日用生活,51～100元,51.0,100.0,75.5,False
REAL-ARK-SURVEY-20260903-151,吧唧（徽章）,15元内,15.0,15.0,15.0,False
REAL-ARK-SURVEY-20260903-151,通行证,41～60元,41.0,60.0,50.5,False
REAL-ARK-SURVEY-20260903-151,亚克力制品,51～80元,51.0,80.0,65.5,False
REAL-ARK-SURVEY-20260903-151,毛绒玩偶,250元以上,250.0,,312.5,False
REAL-ARK-SURVEY-20260903-151,手办模玩,201～500元,201.0,500.0,350.5,False
REAL-ARK-SURVEY-20260903-151,装饰摆件,51～100元,51.0,100.0,75.5,False
REAL-ARK-SURVEY-20260903-151,日用生活,50元内,50.0,50.0,50.0,False
REAL-ARK-SURVEY-20260903-152,吧唧（徽章）,26～35元,26.0,35.0,30.5,False
REAL-ARK-SURVEY-20260903-152,通行证,21～40元,21.0,40.0,30.5,False
REAL-ARK-SURVEY-20260903-152,亚克力制品,30元内,30.0,30.0,30.0,False
REAL-ARK-SURVEY-20260903-152,毛绒玩偶,80元内,80.0,80.0,80.0,False
REAL-ARK-SURVEY-20260903-152,手办模玩,200元内,200.0,200.0,200.0,False
REAL-ARK-SURVEY-20260903-152,装饰摆件,200元以上,200.0,,250.0,False
REAL-ARK-SURVEY-20260903-152,日用生活,51～100元,51.0,100.0,75.5,False
REAL-ARK-SURVEY-20260903-153,吧唧（徽章）,15元内,15.0,15.0,15.0,False
REAL-ARK-SURVEY-20260903-153,通行证,41～60元,41.0,60.0,50.5,False
REAL-ARK-SURVEY-20260903-153,亚克力制品,31～50元,31.0,50.0,40.5,False
REAL-ARK-SURVEY-20260903-153,毛绒玩偶,151～250元,151.0,250.0,200.5,False
REAL-ARK-SURVEY-20260903-153,手办模玩,501～1000元,501.0,1000.0,750.5,False
REAL-ARK-SURVEY-20260903-153,装饰摆件,101～200元,101.0,200.0,150.5,False
REAL-ARK-SURVEY-20260903-153,日用生活,51～100元,51.0,100.0,75.5,False
REAL-ARK-SURVEY-20260903-154,吧唧（徽章）,16～25元,16.0,25.0,20.5,False
REAL-ARK-SURVEY-20260903-154,通行证,41～60元,41.0,60.0,50.5,False
REAL-ARK-SURVEY-20260903-154,亚克力制品,51～80元,51.0,80.0,65.5,False
REAL-ARK-SURVEY-20260903-154,毛绒玩偶,80元内,80.0,80.0,80.0,False
REAL-ARK-SURVEY-20260903-154,手办模玩,501～1000元,501.0,1000.0,750.5,False
REAL-ARK-SURVEY-20260903-154,装饰摆件,51～100元,51.0,100.0,75.5,False
REAL-ARK-SURVEY-20260903-154,日用生活,51～100元,51.0,100.0,75.5,False
REAL-ARK-SURVEY-20260903-155,吧唧（徽章）,16～25元,16.0,25.0,20.5,False
REAL-ARK-SURVEY-20260903-155,通行证,21～40元,21.0,40.0,30.5,False
REAL-ARK-SURVEY-20260903-155,亚克力制品,31～50元,31.0,50.0,40.5,False
REAL-ARK-SURVEY-20260903-155,毛绒玩偶,151～250元,151.0,250.0,200.5,False
REAL-ARK-SURVEY-20260903-155,手办模玩,200元内,200.0,200.0,200.0,False
REAL-ARK-SURVEY-20260903-155,装饰摆件,51～100元,51.0,100.0,75.5,False
REAL-ARK-SURVEY-20260903-155,日用生活,51～100元,51.0,100.0,75.5,False
REAL-ARK-SURVEY-20260903-156,吧唧（徽章）,16～25元,16.0,25.0,20.5,False
REAL-ARK-SURVEY-20260903-156,通行证,21～40元,21.0,40.0,30.5,False
REAL-ARK-SURVEY-20260903-156,亚克力制品,31～50元,31.0,50.0,40.5,False
REAL-ARK-SURVEY-20260903-156,毛绒玩偶,81～150元,81.0,150.0,115.5,False
REAL-ARK-SURVEY-20260903-156,手办模玩,201～500元,201.0,500.0,350.5,False
REAL-ARK-SURVEY-20260903-156,装饰摆件,51～100元,51.0,100.0,75.5,False
REAL-ARK-SURVEY-20260903-156,日用生活,51～100元,51.0,100.0,75.5,False
REAL-ARK-SURVEY-20260903-157,吧唧（徽章）,26～35元,26.0,35.0,30.5,False
REAL-ARK-SURVEY-20260903-157,通行证,41～60元,41.0,60.0,50.5,False
REAL-ARK-SURVEY-20260903-157,亚克力制品,31～50元,31.0,50.0,40.5,False
REAL-ARK-SURVEY-20260903-157,毛绒玩偶,151～250元,151.0,250.0,200.5,False
REAL-ARK-SURVEY-20260903-157,手办模玩,201～500元,201.0,500.0,350.5,False
REAL-ARK-SURVEY-20260903-157,装饰摆件,50元内,50.0,50.0,50.0,False
REAL-ARK-SURVEY-20260903-157,日用生活,50元内,50.0,50.0,50.0,False
REAL-ARK-SURVEY-20260903-158,吧唧（徽章）,15元内,15.0,15.0,15.0,False
REAL-ARK-SURVEY-20260903-158,通行证,21～40元,21.0,40.0,30.5,False
REAL-ARK-SURVEY-20260903-158,亚克力制品,30元内,30.0,30.0,30.0,False
REAL-ARK-SURVEY-20260903-158,毛绒玩偶,81～150元,81.0,150.0,115.5,False
REAL-ARK-SURVEY-20260903-158,手办模玩,200元内,200.0,200.0,200.0,False
REAL-ARK-SURVEY-20260903-158,装饰摆件,51～100元,51.0,100.0,75.5,False
REAL-ARK-SURVEY-20260903-158,日用生活,51～100元,51.0,100.0,75.5,False
REAL-ARK-SURVEY-20260903-159,吧唧（徽章）,16～25元,16.0,25.0,20.5,False
REAL-ARK-SURVEY-20260903-159,通行证,20元内,20.0,20.0,20.0,False
REAL-ARK-SURVEY-20260903-159,亚克力制品,51～80元,51.0,80.0,65.5,False
REAL-ARK-SURVEY-20260903-159,毛绒玩偶,81～150元,81.0,150.0,115.5,False
REAL-ARK-SURVEY-20260903-159,手办模玩,501～1000元,501.0,1000.0,750.5,False
REAL-ARK-SURVEY-20260903-159,装饰摆件,51～100元,51.0,100.0,75.5,False
REAL-ARK-SURVEY-20260903-159,日用生活,51～100元,51.0,100.0,75.5,False
REAL-ARK-SURVEY-20260903-160,吧唧（徽章）,16～25元,16.0,25.0,20.5,False
REAL-ARK-SURVEY-20260903-160,通行证,21～40元,21.0,40.0,30.5,False
REAL-ARK-SURVEY-20260903-160,亚克力制品,30元内,30.0,30.0,30.0,False
REAL-ARK-SURVEY-20260903-160,毛绒玩偶,80元内,80.0,80.0,80.0,False
REAL-ARK-SURVEY-20260903-160,手办模玩,201～500元,201.0,500.0,350.5,False
REAL-ARK-SURVEY-20260903-160,装饰摆件,51～100元,51.0,100.0,75.5,False
REAL-ARK-SURVEY-20260903-160,日用生活,50元内,50.0,50.0,50.0,False
REAL-ARK-SURVEY-20260903-161,吧唧（徽章）,15元内,15.0,15.0,15.0,False
REAL-ARK-SURVEY-20260903-161,通行证,20元内,20.0,20.0,20.0,False
REAL-ARK-SURVEY-20260903-161,亚克力制品,30元内,30.0,30.0,30.0,False
REAL-ARK-SURVEY-20260903-161,毛绒玩偶,81～150元,81.0,150.0,115.5,False
REAL-ARK-SURVEY-20260903-161,手办模玩,501～1000元,501.0,1000.0,750.5,False
REAL-ARK-SURVEY-20260903-161,装饰摆件,51～100元,51.0,100.0,75.5,False
REAL-ARK-SURVEY-20260903-161,日用生活,51～100元,51.0,100.0,75.5,False
REAL-ARK-SURVEY-20260903-162,吧唧（徽章）,16～25元,16.0,25.0,20.5,False
REAL-ARK-SURVEY-20260903-162,通行证,20元内,20.0,20.0,20.0,False
REAL-ARK-SURVEY-20260903-162,亚克力制品,30元内,30.0,30.0,30.0,False
REAL-ARK-SURVEY-20260903-162,毛绒玩偶,151～250元,151.0,250.0,200.5,False
REAL-ARK-SURVEY-20260903-162,手办模玩,201～500元,201.0,500.0,350.5,False
REAL-ARK-SURVEY-20260903-162,装饰摆件,101～200元,101.0,200.0,150.5,False
REAL-ARK-SURVEY-20260903-162,日用生活,50元内,50.0,50.0,50.0,False
REAL-ARK-SURVEY-20260903-163,吧唧（徽章）,26～35元,26.0,35.0,30.5,False
REAL-ARK-SURVEY-20260903-163,通行证,21～40元,21.0,40.0,30.5,False
REAL-ARK-SURVEY-20260903-163,亚克力制品,80元以上,80.0,,100.0,False
REAL-ARK-SURVEY-20260903-163,毛绒玩偶,151～250元,151.0,250.0,200.5,False
REAL-ARK-SURVEY-20260903-163,手办模玩,501～1000元,501.0,1000.0,750.5,False
REAL-ARK-SURVEY-20260903-163,装饰摆件,50元内,50.0,50.0,50.0,False
REAL-ARK-SURVEY-20260903-163,日用生活,51～100元,51.0,100.0,75.5,False
REAL-ARK-SURVEY-20260903-164,吧唧（徽章）,15元内,15.0,15.0,15.0,False
REAL-ARK-SURVEY-20260903-164,通行证,41～60元,41.0,60.0,50.5,False
REAL-ARK-SURVEY-20260903-164,亚克力制品,31～50元,31.0,50.0,40.5,False
REAL-ARK-SURVEY-20260903-164,毛绒玩偶,151～250元,151.0,250.0,200.5,False
REAL-ARK-SURVEY-20260903-164,手办模玩,201～500元,201.0,500.0,350.5,False
REAL-ARK-SURVEY-20260903-164,装饰摆件,50元内,50.0,50.0,50.0,False
REAL-ARK-SURVEY-20260903-164,日用生活,101～200元,101.0,200.0,150.5,False
REAL-ARK-SURVEY-20260903-165,吧唧（徽章）,26～35元,26.0,35.0,30.5,False
REAL-ARK-SURVEY-20260903-165,通行证,41～60元,41.0,60.0,50.5,False
REAL-ARK-SURVEY-20260903-165,亚克力制品,80元以上,80.0,,100.0,False
REAL-ARK-SURVEY-20260903-165,毛绒玩偶,80元内,80.0,80.0,80.0,False
REAL-ARK-SURVEY-20260903-165,手办模玩,200元内,200.0,200.0,200.0,False
REAL-ARK-SURVEY-20260903-165,装饰摆件,50元内,50.0,50.0,50.0,False
REAL-ARK-SURVEY-20260903-165,日用生活,50元内,50.0,50.0,50.0,False
REAL-ARK-SURVEY-20260903-166,吧唧（徽章）,15元内,15.0,15.0,15.0,False
REAL-ARK-SURVEY-20260903-166,通行证,21～40元,21.0,40.0,30.5,False
REAL-ARK-SURVEY-20260903-166,亚克力制品,31～50元,31.0,50.0,40.5,False
REAL-ARK-SURVEY-20260903-166,毛绒玩偶,80元内,80.0,80.0,80.0,False
REAL-ARK-SURVEY-20260903-166,手办模玩,501～1000元,501.0,1000.0,750.5,False
REAL-ARK-SURVEY-20260903-166,装饰摆件,51～100元,51.0,100.0,75.5,False
REAL-ARK-SURVEY-20260903-166,日用生活,51～100元,51.0,100.0,75.5,False
REAL-ARK-SURVEY-20260903-167,吧唧（徽章）,26～35元,26.0,35.0,30.5,False
REAL-ARK-SURVEY-20260903-167,通行证,20元内,20.0,20.0,20.0,False
REAL-ARK-SURVEY-20260903-167,亚克力制品,31～50元,31.0,50.0,40.5,False
REAL-ARK-SURVEY-20260903-167,毛绒玩偶,81～150元,81.0,150.0,115.5,False
REAL-ARK-SURVEY-20260903-167,手办模玩,501～1000元,501.0,1000.0,750.5,False
REAL-ARK-SURVEY-20260903-167,装饰摆件,51～100元,51.0,100.0,75.5,False
REAL-ARK-SURVEY-20260903-167,日用生活,50元内,50.0,50.0,50.0,False
REAL-ARK-SURVEY-20260903-168,吧唧（徽章）,16～25元,16.0,25.0,20.5,False
REAL-ARK-SURVEY-20260903-168,通行证,21～40元,21.0,40.0,30.5,False
REAL-ARK-SURVEY-20260903-168,亚克力制品,51～80元,51.0,80.0,65.5,False
REAL-ARK-SURVEY-20260903-168,毛绒玩偶,81～150元,81.0,150.0,115.5,False
REAL-ARK-SURVEY-20260903-168,手办模玩,501～1000元,501.0,1000.0,750.5,False
REAL-ARK-SURVEY-20260903-168,装饰摆件,101～200元,101.0,200.0,150.5,False
REAL-ARK-SURVEY-20260903-168,日用生活,51～100元,51.0,100.0,75.5,False
REAL-ARK-SURVEY-20260903-169,吧唧（徽章）,16～25元,16.0,25.0,20.5,False
REAL-ARK-SURVEY-20260903-169,通行证,21～40元,21.0,40.0,30.5,False
REAL-ARK-SURVEY-20260903-169,亚克力制品,31～50元,31.0,50.0,40.5,False
REAL-ARK-SURVEY-20260903-169,毛绒玩偶,81～150元,81.0,150.0,115.5,False
REAL-ARK-SURVEY-20260903-169,手办模玩,201～500元,201.0,500.0,350.5,False
REAL-ARK-SURVEY-20260903-169,装饰摆件,101～200元,101.0,200.0,150.5,False
REAL-ARK-SURVEY-20260903-169,日用生活,101～200元,101.0,200.0,150.5,False
REAL-ARK-SURVEY-20260903-170,吧唧（徽章）,16～25元,16.0,25.0,20.5,False
REAL-ARK-SURVEY-20260903-170,通行证,60元以上,60.0,,75.0,False
REAL-ARK-SURVEY-20260903-170,亚克力制品,51～80元,51.0,80.0,65.5,False
REAL-ARK-SURVEY-20260903-170,毛绒玩偶,81～150元,81.0,150.0,115.5,False
REAL-ARK-SURVEY-20260903-170,手办模玩,501～1000元,501.0,1000.0,750.5,False
REAL-ARK-SURVEY-20260903-170,装饰摆件,101～200元,101.0,200.0,150.5,False
REAL-ARK-SURVEY-20260903-170,日用生活,51～100元,51.0,100.0,75.5,False
REAL-ARK-SURVEY-20260903-171,吧唧（徽章）,15元内,15.0,15.0,15.0,False
REAL-ARK-SURVEY-20260903-171,通行证,21～40元,21.0,40.0,30.5,False
REAL-ARK-SURVEY-20260903-171,亚克力制品,31～50元,31.0,50.0,40.5,False
REAL-ARK-SURVEY-20260903-171,毛绒玩偶,81～150元,81.0,150.0,115.5,False
REAL-ARK-SURVEY-20260903-171,手办模玩,201～500元,201.0,500.0,350.5,False
REAL-ARK-SURVEY-20260903-171,装饰摆件,51～100元,51.0,100.0,75.5,False
REAL-ARK-SURVEY-20260903-171,日用生活,51～100元,51.0,100.0,75.5,False
REAL-ARK-SURVEY-20260903-172,吧唧（徽章）,16～25元,16.0,25.0,20.5,False
REAL-ARK-SURVEY-20260903-172,通行证,21～40元,21.0,40.0,30.5,False
REAL-ARK-SURVEY-20260903-172,亚克力制品,30元内,30.0,30.0,30.0,False
REAL-ARK-SURVEY-20260903-172,毛绒玩偶,81～150元,81.0,150.0,115.5,False
REAL-ARK-SURVEY-20260903-172,手办模玩,501～1000元,501.0,1000.0,750.5,False
REAL-ARK-SURVEY-20260903-172,装饰摆件,101～200元,101.0,200.0,150.5,False
REAL-ARK-SURVEY-20260903-172,日用生活,101～200元,101.0,200.0,150.5,False
REAL-ARK-SURVEY-20260903-173,吧唧（徽章）,15元内,15.0,15.0,15.0,False
REAL-ARK-SURVEY-20260903-173,通行证,41～60元,41.0,60.0,50.5,False
REAL-ARK-SURVEY-20260903-173,亚克力制品,51～80元,51.0,80.0,65.5,False
REAL-ARK-SURVEY-20260903-173,毛绒玩偶,151～250元,151.0,250.0,200.5,False
REAL-ARK-SURVEY-20260903-173,手办模玩,1000元以上,1000.0,,1250.0,False
REAL-ARK-SURVEY-20260903-173,装饰摆件,50元内,50.0,50.0,50.0,False
REAL-ARK-SURVEY-20260903-173,日用生活,51～100元,51.0,100.0,75.5,False
REAL-ARK-SURVEY-20260903-174,吧唧（徽章）,15元内,15.0,15.0,15.0,False
REAL-ARK-SURVEY-20260903-174,通行证,20元内,20.0,20.0,20.0,False
REAL-ARK-SURVEY-20260903-174,亚克力制品,51～80元,51.0,80.0,65.5,False
REAL-ARK-SURVEY-20260903-174,毛绒玩偶,81～150元,81.0,150.0,115.5,False
REAL-ARK-SURVEY-20260903-174,手办模玩,501～1000元,501.0,1000.0,750.5,False
REAL-ARK-SURVEY-20260903-174,装饰摆件,101～200元,101.0,200.0,150.5,False
REAL-ARK-SURVEY-20260903-174,日用生活,50元内,50.0,50.0,50.0,False
REAL-ARK-SURVEY-20260903-175,吧唧（徽章）,15元内,15.0,15.0,15.0,False
REAL-ARK-SURVEY-20260903-175,通行证,41～60元,41.0,60.0,50.5,False
REAL-ARK-SURVEY-20260903-175,亚克力制品,31～50元,31.0,50.0,40.5,False
REAL-ARK-SURVEY-20260903-175,毛绒玩偶,81～150元,81.0,150.0,115.5,False
REAL-ARK-SURVEY-20260903-175,手办模玩,201～500元,201.0,500.0,350.5,False
REAL-ARK-SURVEY-20260903-175,装饰摆件,101～200元,101.0,200.0,150.5,False
REAL-ARK-SURVEY-20260903-175,日用生活,50元内,50.0,50.0,50.0,False
REAL-ARK-SURVEY-20260903-176,吧唧（徽章）,16～25元,16.0,25.0,20.5,False
REAL-ARK-SURVEY-20260903-176,通行证,41～60元,41.0,60.0,50.5,False
REAL-ARK-SURVEY-20260903-176,亚克力制品,31～50元,31.0,50.0,40.5,False
REAL-ARK-SURVEY-20260903-176,毛绒玩偶,250元以上,250.0,,312.5,False
REAL-ARK-SURVEY-20260903-176,手办模玩,201～500元,201.0,500.0,350.5,False
REAL-ARK-SURVEY-20260903-176,装饰摆件,101～200元,101.0,200.0,150.5,False
REAL-ARK-SURVEY-20260903-176,日用生活,51～100元,51.0,100.0,75.5,False
REAL-ARK-SURVEY-20260903-177,吧唧（徽章）,16～25元,16.0,25.0,20.5,False
REAL-ARK-SURVEY-20260903-177,通行证,21～40元,21.0,40.0,30.5,False
REAL-ARK-SURVEY-20260903-177,亚克力制品,31～50元,31.0,50.0,40.5,False
REAL-ARK-SURVEY-20260903-177,毛绒玩偶,81～150元,81.0,150.0,115.5,False
REAL-ARK-SURVEY-20260903-177,手办模玩,201～500元,201.0,500.0,350.5,False
REAL-ARK-SURVEY-20260903-177,装饰摆件,50元内,50.0,50.0,50.0,False
REAL-ARK-SURVEY-20260903-177,日用生活,50元内,50.0,50.0,50.0,False
REAL-ARK-SURVEY-20260903-178,吧唧（徽章）,15元内,15.0,15.0,15.0,False
REAL-ARK-SURVEY-20260903-178,通行证,41～60元,41.0,60.0,50.5,False
REAL-ARK-SURVEY-20260903-178,亚克力制品,30元内,30.0,30.0,30.0,False
REAL-ARK-SURVEY-20260903-178,毛绒玩偶,81～150元,81.0,150.0,115.5,False
REAL-ARK-SURVEY-20260903-178,手办模玩,201～500元,201.0,500.0,350.5,False
REAL-ARK-SURVEY-20260903-178,装饰摆件,50元内,50.0,50.0,50.0,False
REAL-ARK-SURVEY-20260903-178,日用生活,50元内,50.0,50.0,50.0,False
REAL-ARK-SURVEY-20260903-179,吧唧（徽章）,16～25元,16.0,25.0,20.5,False
REAL-ARK-SURVEY-20260903-179,通行证,60元以上,60.0,,75.0,False
REAL-ARK-SURVEY-20260903-179,亚克力制品,31～50元,31.0,50.0,40.5,False
REAL-ARK-SURVEY-20260903-179,毛绒玩偶,81～150元,81.0,150.0,115.5,False
REAL-ARK-SURVEY-20260903-179,手办模玩,200元内,200.0,200.0,200.0,False
REAL-ARK-SURVEY-20260903-179,装饰摆件,51～100元,51.0,100.0,75.5,False
REAL-ARK-SURVEY-20260903-179,日用生活,101～200元,101.0,200.0,150.5,False
REAL-ARK-SURVEY-20260903-180,吧唧（徽章）,16～25元,16.0,25.0,20.5,False
REAL-ARK-SURVEY-20260903-180,通行证,21～40元,21.0,40.0,30.5,False
REAL-ARK-SURVEY-20260903-180,亚克力制品,30元内,30.0,30.0,30.0,False
REAL-ARK-SURVEY-20260903-180,毛绒玩偶,250元以上,250.0,,312.5,False
REAL-ARK-SURVEY-20260903-180,手办模玩,201～500元,201.0,500.0,350.5,False
REAL-ARK-SURVEY-20260903-180,装饰摆件,51～100元,51.0,100.0,75.5,False
REAL-ARK-SURVEY-20260903-180,日用生活,50元内,50.0,50.0,50.0,False
REAL-ARK-SURVEY-20260903-181,吧唧（徽章）,26～35元,26.0,35.0,30.5,False
REAL-ARK-SURVEY-20260903-181,通行证,21～40元,21.0,40.0,30.5,False
REAL-ARK-SURVEY-20260903-181,亚克力制品,31～50元,31.0,50.0,40.5,False
REAL-ARK-SURVEY-20260903-181,毛绒玩偶,250元以上,250.0,,312.5,False
REAL-ARK-SURVEY-20260903-181,手办模玩,501～1000元,501.0,1000.0,750.5,False
REAL-ARK-SURVEY-20260903-181,装饰摆件,51～100元,51.0,100.0,75.5,False
REAL-ARK-SURVEY-20260903-181,日用生活,50元内,50.0,50.0,50.0,False
REAL-ARK-SURVEY-20260903-182,吧唧（徽章）,16～25元,16.0,25.0,20.5,False
REAL-ARK-SURVEY-20260903-182,通行证,21～40元,21.0,40.0,30.5,False
REAL-ARK-SURVEY-20260903-182,亚克力制品,30元内,30.0,30.0,30.0,False
REAL-ARK-SURVEY-20260903-182,毛绒玩偶,81～150元,81.0,150.0,115.5,False
REAL-ARK-SURVEY-20260903-182,手办模玩,201～500元,201.0,500.0,350.5,False
REAL-ARK-SURVEY-20260903-182,装饰摆件,51～100元,51.0,100.0,75.5,False
REAL-ARK-SURVEY-20260903-182,日用生活,51～100元,51.0,100.0,75.5,False
REAL-ARK-SURVEY-20260903-183,吧唧（徽章）,26～35元,26.0,35.0,30.5,False
REAL-ARK-SURVEY-20260903-183,通行证,60元以上,60.0,,75.0,False
REAL-ARK-SURVEY-20260903-183,亚克力制品,31～50元,31.0,50.0,40.5,False
REAL-ARK-SURVEY-20260903-183,毛绒玩偶,151～250元,151.0,250.0,200.5,False
REAL-ARK-SURVEY-20260903-183,手办模玩,501～1000元,501.0,1000.0,750.5,False
REAL-ARK-SURVEY-20260903-183,装饰摆件,101～200元,101.0,200.0,150.5,False
REAL-ARK-SURVEY-20260903-183,日用生活,51～100元,51.0,100.0,75.5,False
REAL-ARK-SURVEY-20260903-184,吧唧（徽章）,15元内,15.0,15.0,15.0,False
REAL-ARK-SURVEY-20260903-184,通行证,20元内,20.0,20.0,20.0,False
REAL-ARK-SURVEY-20260903-184,亚克力制品,31～50元,31.0,50.0,40.5,False
REAL-ARK-SURVEY-20260903-184,毛绒玩偶,81～150元,81.0,150.0,115.5,False
REAL-ARK-SURVEY-20260903-184,手办模玩,201～500元,201.0,500.0,350.5,False
REAL-ARK-SURVEY-20260903-184,装饰摆件,50元内,50.0,50.0,50.0,False
REAL-ARK-SURVEY-20260903-184,日用生活,50元内,50.0,50.0,50.0,False
REAL-ARK-SURVEY-20260903-185,吧唧（徽章）,26～35元,26.0,35.0,30.5,False
REAL-ARK-SURVEY-20260903-185,通行证,21～40元,21.0,40.0,30.5,False
REAL-ARK-SURVEY-20260903-185,亚克力制品,31～50元,31.0,50.0,40.5,False
REAL-ARK-SURVEY-20260903-185,毛绒玩偶,81～150元,81.0,150.0,115.5,False
REAL-ARK-SURVEY-20260903-185,手办模玩,1000元以上,1000.0,,1250.0,False
REAL-ARK-SURVEY-20260903-185,装饰摆件,101～200元,101.0,200.0,150.5,False
REAL-ARK-SURVEY-20260903-185,日用生活,200元以上,200.0,,250.0,False
REAL-ARK-SURVEY-20260903-186,吧唧（徽章）,26～35元,26.0,35.0,30.5,False
REAL-ARK-SURVEY-20260903-186,通行证,60元以上,60.0,,75.0,False
REAL-ARK-SURVEY-20260903-186,亚克力制品,51～80元,51.0,80.0,65.5,False
REAL-ARK-SURVEY-20260903-186,毛绒玩偶,80元内,80.0,80.0,80.0,False
REAL-ARK-SURVEY-20260903-186,手办模玩,201～500元,201.0,500.0,350.5,False
REAL-ARK-SURVEY-20260903-186,装饰摆件,101～200元,101.0,200.0,150.5,False
REAL-ARK-SURVEY-20260903-186,日用生活,101～200元,101.0,200.0,150.5,False
REAL-ARK-SURVEY-20260903-187,吧唧（徽章）,16～25元,16.0,25.0,20.5,False
REAL-ARK-SURVEY-20260903-187,通行证,21～40元,21.0,40.0,30.5,False
REAL-ARK-SURVEY-20260903-187,亚克力制品,31～50元,31.0,50.0,40.5,False
REAL-ARK-SURVEY-20260903-187,毛绒玩偶,81～150元,81.0,150.0,115.5,False
REAL-ARK-SURVEY-20260903-187,手办模玩,501～1000元,501.0,1000.0,750.5,False
REAL-ARK-SURVEY-20260903-187,装饰摆件,51～100元,51.0,100.0,75.5,False
REAL-ARK-SURVEY-20260903-187,日用生活,101～200元,101.0,200.0,150.5,False
REAL-ARK-SURVEY-20260903-188,吧唧（徽章）,16～25元,16.0,25.0,20.5,False
REAL-ARK-SURVEY-20260903-188,通行证,21～40元,21.0,40.0,30.5,False
REAL-ARK-SURVEY-20260903-188,亚克力制品,31～50元,31.0,50.0,40.5,False
REAL-ARK-SURVEY-20260903-188,毛绒玩偶,81～150元,81.0,150.0,115.5,False
REAL-ARK-SURVEY-20260903-188,手办模玩,1000元以上,1000.0,,1250.0,False
REAL-ARK-SURVEY-20260903-188,装饰摆件,101～200元,101.0,200.0,150.5,False
REAL-ARK-SURVEY-20260903-188,日用生活,51～100元,51.0,100.0,75.5,False
REAL-ARK-SURVEY-20260903-189,吧唧（徽章）,26～35元,26.0,35.0,30.5,False
REAL-ARK-SURVEY-20260903-189,通行证,60元以上,60.0,,75.0,False
REAL-ARK-SURVEY-20260903-189,亚克力制品,51～80元,51.0,80.0,65.5,False
REAL-ARK-SURVEY-20260903-189,毛绒玩偶,81～150元,81.0,150.0,115.5,False
REAL-ARK-SURVEY-20260903-189,手办模玩,501～1000元,501.0,1000.0,750.5,False
REAL-ARK-SURVEY-20260903-189,装饰摆件,50元内,50.0,50.0,50.0,False
REAL-ARK-SURVEY-20260903-189,日用生活,101～200元,101.0,200.0,150.5,False
REAL-ARK-SURVEY-20260903-190,吧唧（徽章）,26～35元,26.0,35.0,30.5,False
REAL-ARK-SURVEY-20260903-190,通行证,21～40元,21.0,40.0,30.5,False
REAL-ARK-SURVEY-20260903-190,亚克力制品,31～50元,31.0,50.0,40.5,False
REAL-ARK-SURVEY-20260903-190,毛绒玩偶,81～150元,81.0,150.0,115.5,False
REAL-ARK-SURVEY-20260903-190,手办模玩,501～1000元,501.0,1000.0,750.5,False
REAL-ARK-SURVEY-20260903-190,装饰摆件,101～200元,101.0,200.0,150.5,False
REAL-ARK-SURVEY-20260903-190,日用生活,50元内,50.0,50.0,50.0,False
REAL-ARK-SURVEY-20260903-191,吧唧（徽章）,16～25元,16.0,25.0,20.5,False
REAL-ARK-SURVEY-20260903-191,通行证,41～60元,41.0,60.0,50.5,False
REAL-ARK-SURVEY-20260903-191,亚克力制品,30元内,30.0,30.0,30.0,False
REAL-ARK-SURVEY-20260903-191,毛绒玩偶,80元内,80.0,80.0,80.0,False
REAL-ARK-SURVEY-20260903-191,手办模玩,201～500元,201.0,500.0,350.5,False
REAL-ARK-SURVEY-20260903-191,装饰摆件,50元内,50.0,50.0,50.0,False
REAL-ARK-SURVEY-20260903-191,日用生活,50元内,50.0,50.0,50.0,False
REAL-ARK-SURVEY-20260903-192,吧唧（徽章）,16～25元,16.0,25.0,20.5,False
REAL-ARK-SURVEY-20260903-192,通行证,41～60元,41.0,60.0,50.5,False
REAL-ARK-SURVEY-20260903-192,亚克力制品,51～80元,51.0,80.0,65.5,False
REAL-ARK-SURVEY-20260903-192,毛绒玩偶,80元内,80.0,80.0,80.0,False
REAL-ARK-SURVEY-20260903-192,手办模玩,501～1000元,501.0,1000.0,750.5,False
REAL-ARK-SURVEY-20260903-192,装饰摆件,50元内,50.0,50.0,50.0,False
REAL-ARK-SURVEY-20260903-192,日用生活,50元内,50.0,50.0,50.0,False
REAL-ARK-SURVEY-20260903-193,吧唧（徽章）,26～35元,26.0,35.0,30.5,False
REAL-ARK-SURVEY-20260903-193,通行证,20元内,20.0,20.0,20.0,False
REAL-ARK-SURVEY-20260903-193,亚克力制品,31～50元,31.0,50.0,40.5,False
REAL-ARK-SURVEY-20260903-193,毛绒玩偶,81～150元,81.0,150.0,115.5,False
REAL-ARK-SURVEY-20260903-193,手办模玩,201～500元,201.0,500.0,350.5,False
REAL-ARK-SURVEY-20260903-193,装饰摆件,51～100元,51.0,100.0,75.5,False
REAL-ARK-SURVEY-20260903-193,日用生活,51～100元,51.0,100.0,75.5,False
REAL-ARK-SURVEY-20260903-194,吧唧（徽章）,16～25元,16.0,25.0,20.5,False
REAL-ARK-SURVEY-20260903-194,通行证,41～60元,41.0,60.0,50.5,False
REAL-ARK-SURVEY-20260903-194,亚克力制品,51～80元,51.0,80.0,65.5,False
REAL-ARK-SURVEY-20260903-194,毛绒玩偶,81～150元,81.0,150.0,115.5,False
REAL-ARK-SURVEY-20260903-194,手办模玩,501～1000元,501.0,1000.0,750.5,False
REAL-ARK-SURVEY-20260903-194,装饰摆件,101～200元,101.0,200.0,150.5,False
REAL-ARK-SURVEY-20260903-194,日用生活,50元内,50.0,50.0,50.0,False
REAL-ARK-SURVEY-20260903-195,吧唧（徽章）,36元以上,36.0,,45.0,False
REAL-ARK-SURVEY-20260903-195,通行证,21～40元,21.0,40.0,30.5,False
REAL-ARK-SURVEY-20260903-195,亚克力制品,31～50元,31.0,50.0,40.5,False
REAL-ARK-SURVEY-20260903-195,毛绒玩偶,81～150元,81.0,150.0,115.5,False
REAL-ARK-SURVEY-20260903-195,手办模玩,200元内,200.0,200.0,200.0,False
REAL-ARK-SURVEY-20260903-195,装饰摆件,101～200元,101.0,200.0,150.5,False
REAL-ARK-SURVEY-20260903-195,日用生活,51～100元,51.0,100.0,75.5,False
REAL-ARK-SURVEY-20260903-196,吧唧（徽章）,26～35元,26.0,35.0,30.5,False
REAL-ARK-SURVEY-20260903-196,通行证,21～40元,21.0,40.0,30.5,False
REAL-ARK-SURVEY-20260903-196,亚克力制品,31～50元,31.0,50.0,40.5,False
REAL-ARK-SURVEY-20260903-196,毛绒玩偶,81～150元,81.0,150.0,115.5,False
REAL-ARK-SURVEY-20260903-196,手办模玩,201～500元,201.0,500.0,350.5,False
REAL-ARK-SURVEY-20260903-196,装饰摆件,101～200元,101.0,200.0,150.5,False
REAL-ARK-SURVEY-20260903-196,日用生活,101～200元,101.0,200.0,150.5,False
REAL-ARK-SURVEY-20260903-197,吧唧（徽章）,16～25元,16.0,25.0,20.5,False
REAL-ARK-SURVEY-20260903-197,通行证,20元内,20.0,20.0,20.0,False
REAL-ARK-SURVEY-20260903-197,亚克力制品,30元内,30.0,30.0,30.0,False
REAL-ARK-SURVEY-20260903-197,毛绒玩偶,81～150元,81.0,150.0,115.5,False
REAL-ARK-SURVEY-20260903-197,手办模玩,1000元以上,1000.0,,1250.0,False
REAL-ARK-SURVEY-20260903-197,装饰摆件,51～100元,51.0,100.0,75.5,False
REAL-ARK-SURVEY-20260903-197,日用生活,51～100元,51.0,100.0,75.5,False
REAL-ARK-SURVEY-20260903-198,吧唧（徽章）,16～25元,16.0,25.0,20.5,False
REAL-ARK-SURVEY-20260903-198,通行证,21～40元,21.0,40.0,30.5,False
REAL-ARK-SURVEY-20260903-198,亚克力制品,31～50元,31.0,50.0,40.5,False
REAL-ARK-SURVEY-20260903-198,毛绒玩偶,81～150元,81.0,150.0,115.5,False
REAL-ARK-SURVEY-20260903-198,手办模玩,501～1000元,501.0,1000.0,750.5,False
REAL-ARK-SURVEY-20260903-198,装饰摆件,101～200元,101.0,200.0,150.5,False
REAL-ARK-SURVEY-20260903-198,日用生活,101～200元,101.0,200.0,150.5,False
REAL-ARK-SURVEY-20260903-199,吧唧（徽章）,16～25元,16.0,25.0,20.5,False
REAL-ARK-SURVEY-20260903-199,通行证,21～40元,21.0,40.0,30.5,False
REAL-ARK-SURVEY-20260903-199,亚克力制品,30元内,30.0,30.0,30.0,False
REAL-ARK-SURVEY-20260903-199,毛绒玩偶,81～150元,81.0,150.0,115.5,False
REAL-ARK-SURVEY-20260903-199,手办模玩,501～1000元,501.0,1000.0,750.5,False
REAL-ARK-SURVEY-20260903-199,装饰摆件,51～100元,51.0,100.0,75.5,False
REAL-ARK-SURVEY-20260903-199,日用生活,200元以上,200.0,,250.0,False
REAL-ARK-SURVEY-20260903-200,吧唧（徽章）,15元内,15.0,15.0,15.0,False
REAL-ARK-SURVEY-20260903-200,通行证,21～40元,21.0,40.0,30.5,False
REAL-ARK-SURVEY-20260903-200,亚克力制品,31～50元,31.0,50.0,40.5,False
REAL-ARK-SURVEY-20260903-200,毛绒玩偶,81～150元,81.0,150.0,115.5,False
REAL-ARK-SURVEY-20260903-200,手办模玩,501～1000元,501.0,1000.0,750.5,False
REAL-ARK-SURVEY-20260903-200,装饰摆件,50元内,50.0,50.0,50.0,False
REAL-ARK-SURVEY-20260903-200,日用生活,51～100元,51.0,100.0,75.5,False
REAL-ARK-SURVEY-20260903-201,吧唧（徽章）,26～35元,26.0,35.0,30.5,False
REAL-ARK-SURVEY-20260903-201,通行证,21～40元,21.0,40.0,30.5,False
REAL-ARK-SURVEY-20260903-201,亚克力制品,30元内,30.0,30.0,30.0,False
REAL-ARK-SURVEY-20260903-201,毛绒玩偶,81～150元,81.0,150.0,115.5,False
REAL-ARK-SURVEY-20260903-201,手办模玩,501～1000元,501.0,1000.0,750.5,False
REAL-ARK-SURVEY-20260903-201,装饰摆件,51～100元,51.0,100.0,75.5,False
REAL-ARK-SURVEY-20260903-201,日用生活,101～200元,101.0,200.0,150.5,False
REAL-ARK-SURVEY-20260903-202,吧唧（徽章）,15元内,15.0,15.0,15.0,False
REAL-ARK-SURVEY-20260903-202,通行证,21～40元,21.0,40.0,30.5,False
REAL-ARK-SURVEY-20260903-202,亚克力制品,51～80元,51.0,80.0,65.5,False
REAL-ARK-SURVEY-20260903-202,毛绒玩偶,80元内,80.0,80.0,80.0,False
REAL-ARK-SURVEY-20260903-202,手办模玩,1000元以上,1000.0,,1250.0,False
REAL-ARK-SURVEY-20260903-202,装饰摆件,51～100元,51.0,100.0,75.5,False
REAL-ARK-SURVEY-20260903-202,日用生活,101～200元,101.0,200.0,150.5,False
REAL-ARK-SURVEY-20260903-203,吧唧（徽章）,15元内,15.0,15.0,15.0,False
REAL-ARK-SURVEY-20260903-203,通行证,41～60元,41.0,60.0,50.5,False
REAL-ARK-SURVEY-20260903-203,亚克力制品,31～50元,31.0,50.0,40.5,False
REAL-ARK-SURVEY-20260903-203,毛绒玩偶,151～250元,151.0,250.0,200.5,False
REAL-ARK-SURVEY-20260903-203,手办模玩,201～500元,201.0,500.0,350.5,False
REAL-ARK-SURVEY-20260903-203,装饰摆件,200元以上,200.0,,250.0,False
REAL-ARK-SURVEY-20260903-203,日用生活,51～100元,51.0,100.0,75.5,False
REAL-ARK-SURVEY-20260903-204,吧唧（徽章）,26～35元,26.0,35.0,30.5,False
REAL-ARK-SURVEY-20260903-204,通行证,41～60元,41.0,60.0,50.5,False
REAL-ARK-SURVEY-20260903-204,亚克力制品,80元以上,80.0,,100.0,False
REAL-ARK-SURVEY-20260903-204,毛绒玩偶,81～150元,81.0,150.0,115.5,False
REAL-ARK-SURVEY-20260903-204,手办模玩,201～500元,201.0,500.0,350.5,False
REAL-ARK-SURVEY-20260903-204,装饰摆件,51～100元,51.0,100.0,75.5,False
REAL-ARK-SURVEY-20260903-204,日用生活,51～100元,51.0,100.0,75.5,False
REAL-ARK-SURVEY-20260903-205,吧唧（徽章）,15元内,15.0,15.0,15.0,False
REAL-ARK-SURVEY-20260903-205,通行证,21～40元,21.0,40.0,30.5,False
REAL-ARK-SURVEY-20260903-205,亚克力制品,31～50元,31.0,50.0,40.5,False
REAL-ARK-SURVEY-20260903-205,毛绒玩偶,81～150元,81.0,150.0,115.5,False
REAL-ARK-SURVEY-20260903-205,手办模玩,200元内,200.0,200.0,200.0,False
REAL-ARK-SURVEY-20260903-205,装饰摆件,51～100元,51.0,100.0,75.5,False
REAL-ARK-SURVEY-20260903-205,日用生活,51～100元,51.0,100.0,75.5,False
REAL-ARK-SURVEY-20260903-206,吧唧（徽章）,15元内,15.0,15.0,15.0,False
REAL-ARK-SURVEY-20260903-206,通行证,21～40元,21.0,40.0,30.5,False
REAL-ARK-SURVEY-20260903-206,亚克力制品,30元内,30.0,30.0,30.0,False
REAL-ARK-SURVEY-20260903-206,毛绒玩偶,80元内,80.0,80.0,80.0,False
REAL-ARK-SURVEY-20260903-206,手办模玩,200元内,200.0,200.0,200.0,False
REAL-ARK-SURVEY-20260903-206,装饰摆件,50元内,50.0,50.0,50.0,False
REAL-ARK-SURVEY-20260903-206,日用生活,101～200元,101.0,200.0,150.5,False
REAL-ARK-SURVEY-20260903-207,吧唧（徽章）,16～25元,16.0,25.0,20.5,False
REAL-ARK-SURVEY-20260903-207,通行证,21～40元,21.0,40.0,30.5,False
REAL-ARK-SURVEY-20260903-207,亚克力制品,30元内,30.0,30.0,30.0,False
REAL-ARK-SURVEY-20260903-207,毛绒玩偶,80元内,80.0,80.0,80.0,False
REAL-ARK-SURVEY-20260903-207,手办模玩,201～500元,201.0,500.0,350.5,False
REAL-ARK-SURVEY-20260903-207,装饰摆件,51～100元,51.0,100.0,75.5,False
REAL-ARK-SURVEY-20260903-207,日用生活,50元内,50.0,50.0,50.0,False
REAL-ARK-SURVEY-20260903-208,吧唧（徽章）,16～25元,16.0,25.0,20.5,False
REAL-ARK-SURVEY-20260903-208,通行证,21～40元,21.0,40.0,30.5,False
REAL-ARK-SURVEY-20260903-208,亚克力制品,51～80元,51.0,80.0,65.5,False
REAL-ARK-SURVEY-20260903-208,毛绒玩偶,80元内,80.0,80.0,80.0,False
REAL-ARK-SURVEY-20260903-208,手办模玩,501～1000元,501.0,1000.0,750.5,False
REAL-ARK-SURVEY-20260903-208,装饰摆件,50元内,50.0,50.0,50.0,False
REAL-ARK-SURVEY-20260903-208,日用生活,51～100元,51.0,100.0,75.5,False
REAL-ARK-SURVEY-20260903-209,吧唧（徽章）,15元内,15.0,15.0,15.0,False
REAL-ARK-SURVEY-20260903-209,通行证,60元以上,60.0,,75.0,False
REAL-ARK-SURVEY-20260903-209,亚克力制品,30元内,30.0,30.0,30.0,False
REAL-ARK-SURVEY-20260903-209,毛绒玩偶,151～250元,151.0,250.0,200.5,False
REAL-ARK-SURVEY-20260903-209,手办模玩,201～500元,201.0,500.0,350.5,False
REAL-ARK-SURVEY-20260903-209,装饰摆件,51～100元,51.0,100.0,75.5,False
REAL-ARK-SURVEY-20260903-209,日用生活,50元内,50.0,50.0,50.0,False
REAL-ARK-SURVEY-20260903-210,吧唧（徽章）,26～35元,26.0,35.0,30.5,False
REAL-ARK-SURVEY-20260903-210,通行证,21～40元,21.0,40.0,30.5,False
REAL-ARK-SURVEY-20260903-210,亚克力制品,31～50元,31.0,50.0,40.5,False
REAL-ARK-SURVEY-20260903-210,毛绒玩偶,81～150元,81.0,150.0,115.5,False
REAL-ARK-SURVEY-20260903-210,手办模玩,201～500元,201.0,500.0,350.5,False
REAL-ARK-SURVEY-20260903-210,装饰摆件,101～200元,101.0,200.0,150.5,False
REAL-ARK-SURVEY-20260903-210,日用生活,51～100元,51.0,100.0,75.5,False
REAL-ARK-SURVEY-20260903-211,吧唧（徽章）,16～25元,16.0,25.0,20.5,False
REAL-ARK-SURVEY-20260903-211,通行证,60元以上,60.0,,75.0,False
REAL-ARK-SURVEY-20260903-211,亚克力制品,51～80元,51.0,80.0,65.5,False
REAL-ARK-SURVEY-20260903-211,毛绒玩偶,151～250元,151.0,250.0,200.5,False
REAL-ARK-SURVEY-20260903-211,手办模玩,501～1000元,501.0,1000.0,750.5,False
REAL-ARK-SURVEY-20260903-211,装饰摆件,101～200元,101.0,200.0,150.5,False
REAL-ARK-SURVEY-20260903-211,日用生活,200元以上,200.0,,250.0,False
REAL-ARK-SURVEY-20260903-212,吧唧（徽章）,36元以上,36.0,,45.0,False
REAL-ARK-SURVEY-20260903-212,通行证,60元以上,60.0,,75.0,False
REAL-ARK-SURVEY-20260903-212,亚克力制品,31～50元,31.0,50.0,40.5,False
REAL-ARK-SURVEY-20260903-212,毛绒玩偶,80元内,80.0,80.0,80.0,False
REAL-ARK-SURVEY-20260903-212,手办模玩,501～1000元,501.0,1000.0,750.5,False
REAL-ARK-SURVEY-20260903-212,装饰摆件,101～200元,101.0,200.0,150.5,False
REAL-ARK-SURVEY-20260903-212,日用生活,51～100元,51.0,100.0,75.5,False
REAL-ARK-SURVEY-20260903-213,吧唧（徽章）,15元内,15.0,15.0,15.0,False
REAL-ARK-SURVEY-20260903-213,通行证,21～40元,21.0,40.0,30.5,False
REAL-ARK-SURVEY-20260903-213,亚克力制品,31～50元,31.0,50.0,40.5,False
REAL-ARK-SURVEY-20260903-213,毛绒玩偶,151～250元,151.0,250.0,200.5,False
REAL-ARK-SURVEY-20260903-213,手办模玩,201～500元,201.0,500.0,350.5,False
REAL-ARK-SURVEY-20260903-213,装饰摆件,50元内,50.0,50.0,50.0,False
REAL-ARK-SURVEY-20260903-213,日用生活,101～200元,101.0,200.0,150.5,False
REAL-ARK-SURVEY-20260903-214,吧唧（徽章）,26～35元,26.0,35.0,30.5,False
REAL-ARK-SURVEY-20260903-214,通行证,41～60元,41.0,60.0,50.5,False
REAL-ARK-SURVEY-20260903-214,亚克力制品,31～50元,31.0,50.0,40.5,False
REAL-ARK-SURVEY-20260903-214,毛绒玩偶,80元内,80.0,80.0,80.0,False
REAL-ARK-SURVEY-20260903-214,手办模玩,201～500元,201.0,500.0,350.5,False
REAL-ARK-SURVEY-20260903-214,装饰摆件,50元内,50.0,50.0,50.0,False
REAL-ARK-SURVEY-20260903-214,日用生活,50元内,50.0,50.0,50.0,False
REAL-ARK-SURVEY-20260903-215,吧唧（徽章）,16～25元,16.0,25.0,20.5,False
REAL-ARK-SURVEY-20260903-215,通行证,20元内,20.0,20.0,20.0,False
REAL-ARK-SURVEY-20260903-215,亚克力制品,30元内,30.0,30.0,30.0,False
REAL-ARK-SURVEY-20260903-215,毛绒玩偶,81～150元,81.0,150.0,115.5,False
REAL-ARK-SURVEY-20260903-215,手办模玩,201～500元,201.0,500.0,350.5,False
REAL-ARK-SURVEY-20260903-215,装饰摆件,101～200元,101.0,200.0,150.5,False
REAL-ARK-SURVEY-20260903-215,日用生活,50元内,50.0,50.0,50.0,False
REAL-ARK-SURVEY-20260903-216,吧唧（徽章）,15元内,15.0,15.0,15.0,False
REAL-ARK-SURVEY-20260903-216,通行证,21～40元,21.0,40.0,30.5,False
REAL-ARK-SURVEY-20260903-216,亚克力制品,30元内,30.0,30.0,30.0,False
REAL-ARK-SURVEY-20260903-216,毛绒玩偶,250元以上,250.0,,312.5,False
REAL-ARK-SURVEY-20260903-216,手办模玩,201～500元,201.0,500.0,350.5,False
REAL-ARK-SURVEY-20260903-216,装饰摆件,51～100元,51.0,100.0,75.5,False
REAL-ARK-SURVEY-20260903-216,日用生活,51～100元,51.0,100.0,75.5,False
REAL-ARK-SURVEY-20260903-217,吧唧（徽章）,16～25元,16.0,25.0,20.5,False
REAL-ARK-SURVEY-20260903-217,通行证,21～40元,21.0,40.0,30.5,False
REAL-ARK-SURVEY-20260903-217,亚克力制品,30元内,30.0,30.0,30.0,False
REAL-ARK-SURVEY-20260903-217,毛绒玩偶,81～150元,81.0,150.0,115.5,False
REAL-ARK-SURVEY-20260903-217,手办模玩,201～500元,201.0,500.0,350.5,False
REAL-ARK-SURVEY-20260903-217,装饰摆件,51～100元,51.0,100.0,75.5,False
REAL-ARK-SURVEY-20260903-217,日用生活,50元内,50.0,50.0,50.0,False
REAL-ARK-SURVEY-20260903-218,吧唧（徽章）,16～25元,16.0,25.0,20.5,False
REAL-ARK-SURVEY-20260903-218,通行证,21～40元,21.0,40.0,30.5,False
REAL-ARK-SURVEY-20260903-218,亚克力制品,31～50元,31.0,50.0,40.5,False
REAL-ARK-SURVEY-20260903-218,毛绒玩偶,81～150元,81.0,150.0,115.5,False
REAL-ARK-SURVEY-20260903-218,手办模玩,201～500元,201.0,500.0,350.5,False
REAL-ARK-SURVEY-20260903-218,装饰摆件,51～100元,51.0,100.0,75.5,False
REAL-ARK-SURVEY-20260903-218,日用生活,51～100元,51.0,100.0,75.5,False
REAL-ARK-SURVEY-20260903-219,吧唧（徽章）,26～35元,26.0,35.0,30.5,False
REAL-ARK-SURVEY-20260903-219,通行证,20元内,20.0,20.0,20.0,False
REAL-ARK-SURVEY-20260903-219,亚克力制品,30元内,30.0,30.0,30.0,False
REAL-ARK-SURVEY-20260903-219,毛绒玩偶,151～250元,151.0,250.0,200.5,False
REAL-ARK-SURVEY-20260903-219,手办模玩,501～1000元,501.0,1000.0,750.5,False
REAL-ARK-SURVEY-20260903-219,装饰摆件,51～100元,51.0,100.0,75.5,False
REAL-ARK-SURVEY-20260903-219,日用生活,51～100元,51.0,100.0,75.5,False
REAL-ARK-SURVEY-20260903-220,吧唧（徽章）,26～35元,26.0,35.0,30.5,False
REAL-ARK-SURVEY-20260903-220,通行证,21～40元,21.0,40.0,30.5,False
REAL-ARK-SURVEY-20260903-220,亚克力制品,51～80元,51.0,80.0,65.5,False
REAL-ARK-SURVEY-20260903-220,毛绒玩偶,80元内,80.0,80.0,80.0,False
REAL-ARK-SURVEY-20260903-220,手办模玩,201～500元,201.0,500.0,350.5,False
REAL-ARK-SURVEY-20260903-220,装饰摆件,101～200元,101.0,200.0,150.5,False
REAL-ARK-SURVEY-20260903-220,日用生活,50元内,50.0,50.0,50.0,False
REAL-ARK-SURVEY-20260903-221,吧唧（徽章）,26～35元,26.0,35.0,30.5,False
REAL-ARK-SURVEY-20260903-221,通行证,41～60元,41.0,60.0,50.5,False
REAL-ARK-SURVEY-20260903-221,亚克力制品,80元以上,80.0,,100.0,False
REAL-ARK-SURVEY-20260903-221,毛绒玩偶,81～150元,81.0,150.0,115.5,False
REAL-ARK-SURVEY-20260903-221,手办模玩,501～1000元,501.0,1000.0,750.5,False
REAL-ARK-SURVEY-20260903-221,装饰摆件,51～100元,51.0,100.0,75.5,False
REAL-ARK-SURVEY-20260903-221,日用生活,200元以上,200.0,,250.0,False
REAL-ARK-SURVEY-20260903-222,吧唧（徽章）,16～25元,16.0,25.0,20.5,False
REAL-ARK-SURVEY-20260903-222,通行证,21～40元,21.0,40.0,30.5,False
REAL-ARK-SURVEY-20260903-222,亚克力制品,80元以上,80.0,,100.0,False
REAL-ARK-SURVEY-20260903-222,毛绒玩偶,80元内,80.0,80.0,80.0,False
REAL-ARK-SURVEY-20260903-222,手办模玩,501～1000元,501.0,1000.0,750.5,False
REAL-ARK-SURVEY-20260903-222,装饰摆件,51～100元,51.0,100.0,75.5,False
REAL-ARK-SURVEY-20260903-222,日用生活,101～200元,101.0,200.0,150.5,False
REAL-ARK-SURVEY-20260903-223,吧唧（徽章）,15元内,15.0,15.0,15.0,False
REAL-ARK-SURVEY-20260903-223,通行证,21～40元,21.0,40.0,30.5,False
REAL-ARK-SURVEY-20260903-223,亚克力制品,31～50元,31.0,50.0,40.5,False
REAL-ARK-SURVEY-20260903-223,毛绒玩偶,81～150元,81.0,150.0,115.5,False
REAL-ARK-SURVEY-20260903-223,手办模玩,501～1000元,501.0,1000.0,750.5,False
REAL-ARK-SURVEY-20260903-223,装饰摆件,50元内,50.0,50.0,50.0,False
REAL-ARK-SURVEY-20260903-223,日用生活,51～100元,51.0,100.0,75.5,False
REAL-ARK-SURVEY-20260903-224,吧唧（徽章）,16～25元,16.0,25.0,20.5,False
REAL-ARK-SURVEY-20260903-224,通行证,21～40元,21.0,40.0,30.5,False
REAL-ARK-SURVEY-20260903-224,亚克力制品,30元内,30.0,30.0,30.0,False
REAL-ARK-SURVEY-20260903-224,毛绒玩偶,80元内,80.0,80.0,80.0,False
REAL-ARK-SURVEY-20260903-224,手办模玩,501～1000元,501.0,1000.0,750.5,False
REAL-ARK-SURVEY-20260903-224,装饰摆件,50元内,50.0,50.0,50.0,False
REAL-ARK-SURVEY-20260903-224,日用生活,101～200元,101.0,200.0,150.5,False
REAL-ARK-SURVEY-20260903-225,吧唧（徽章）,15元内,15.0,15.0,15.0,False
REAL-ARK-SURVEY-20260903-225,通行证,21～40元,21.0,40.0,30.5,False
REAL-ARK-SURVEY-20260903-225,亚克力制品,31～50元,31.0,50.0,40.5,False
REAL-ARK-SURVEY-20260903-225,毛绒玩偶,80元内,80.0,80.0,80.0,False
REAL-ARK-SURVEY-20260903-225,手办模玩,201～500元,201.0,500.0,350.5,False
REAL-ARK-SURVEY-20260903-225,装饰摆件,51～100元,51.0,100.0,75.5,False
REAL-ARK-SURVEY-20260903-225,日用生活,51～100元,51.0,100.0,75.5,False
REAL-ARK-SURVEY-20260903-226,吧唧（徽章）,15元内,15.0,15.0,15.0,False
REAL-ARK-SURVEY-20260903-226,通行证,21～40元,21.0,40.0,30.5,False
REAL-ARK-SURVEY-20260903-226,亚克力制品,31～50元,31.0,50.0,40.5,False
REAL-ARK-SURVEY-20260903-226,毛绒玩偶,80元内,80.0,80.0,80.0,False
REAL-ARK-SURVEY-20260903-226,手办模玩,201～500元,201.0,500.0,350.5,False
REAL-ARK-SURVEY-20260903-226,装饰摆件,101～200元,101.0,200.0,150.5,False
REAL-ARK-SURVEY-20260903-226,日用生活,51～100元,51.0,100.0,75.5,False
REAL-ARK-SURVEY-20260903-227,吧唧（徽章）,16～25元,16.0,25.0,20.5,False
REAL-ARK-SURVEY-20260903-227,通行证,21～40元,21.0,40.0,30.5,False
REAL-ARK-SURVEY-20260903-227,亚克力制品,30元内,30.0,30.0,30.0,False
REAL-ARK-SURVEY-20260903-227,毛绒玩偶,80元内,80.0,80.0,80.0,False
REAL-ARK-SURVEY-20260903-227,手办模玩,201～500元,201.0,500.0,350.5,False
REAL-ARK-SURVEY-20260903-227,装饰摆件,50元内,50.0,50.0,50.0,False
REAL-ARK-SURVEY-20260903-227,日用生活,51～100元,51.0,100.0,75.5,False
REAL-ARK-SURVEY-20260903-228,吧唧（徽章）,36元以上,36.0,,45.0,False
REAL-ARK-SURVEY-20260903-228,通行证,21～40元,21.0,40.0,30.5,False
REAL-ARK-SURVEY-20260903-228,亚克力制品,31～50元,31.0,50.0,40.5,False
REAL-ARK-SURVEY-20260903-228,毛绒玩偶,151～250元,151.0,250.0,200.5,False
REAL-ARK-SURVEY-20260903-228,手办模玩,201～500元,201.0,500.0,350.5,False
REAL-ARK-SURVEY-20260903-228,装饰摆件,51～100元,51.0,100.0,75.5,False
REAL-ARK-SURVEY-20260903-228,日用生活,51～100元,51.0,100.0,75.5,False
REAL-ARK-SURVEY-20260903-229,吧唧（徽章）,16～25元,16.0,25.0,20.5,False
REAL-ARK-SURVEY-20260903-229,通行证,20元内,20.0,20.0,20.0,False
REAL-ARK-SURVEY-20260903-229,亚克力制品,31～50元,31.0,50.0,40.5,False
REAL-ARK-SURVEY-20260903-229,毛绒玩偶,80元内,80.0,80.0,80.0,False
REAL-ARK-SURVEY-20260903-229,手办模玩,201～500元,201.0,500.0,350.5,False
REAL-ARK-SURVEY-20260903-229,装饰摆件,51～100元,51.0,100.0,75.5,False
REAL-ARK-SURVEY-20260903-229,日用生活,50元内,50.0,50.0,50.0,False
REAL-ARK-SURVEY-20260903-230,吧唧（徽章）,26～35元,26.0,35.0,30.5,False
REAL-ARK-SURVEY-20260903-230,通行证,21～40元,21.0,40.0,30.5,False
REAL-ARK-SURVEY-20260903-230,亚克力制品,31～50元,31.0,50.0,40.5,False
REAL-ARK-SURVEY-20260903-230,毛绒玩偶,81～150元,81.0,150.0,115.5,False
REAL-ARK-SURVEY-20260903-230,手办模玩,201～500元,201.0,500.0,350.5,False
REAL-ARK-SURVEY-20260903-230,装饰摆件,51～100元,51.0,100.0,75.5,False
REAL-ARK-SURVEY-20260903-230,日用生活,51～100元,51.0,100.0,75.5,False
REAL-ARK-SURVEY-20260903-231,吧唧（徽章）,16～25元,16.0,25.0,20.5,False
REAL-ARK-SURVEY-20260903-231,通行证,20元内,20.0,20.0,20.0,False
REAL-ARK-SURVEY-20260903-231,亚克力制品,31～50元,31.0,50.0,40.5,False
REAL-ARK-SURVEY-20260903-231,毛绒玩偶,80元内,80.0,80.0,80.0,False
REAL-ARK-SURVEY-20260903-231,手办模玩,201～500元,201.0,500.0,350.5,False
REAL-ARK-SURVEY-20260903-231,装饰摆件,51～100元,51.0,100.0,75.5,False
REAL-ARK-SURVEY-20260903-231,日用生活,51～100元,51.0,100.0,75.5,False
REAL-ARK-SURVEY-20260903-232,吧唧（徽章）,16～25元,16.0,25.0,20.5,False
REAL-ARK-SURVEY-20260903-232,通行证,21～40元,21.0,40.0,30.5,False
REAL-ARK-SURVEY-20260903-232,亚克力制品,31～50元,31.0,50.0,40.5,False
REAL-ARK-SURVEY-20260903-232,毛绒玩偶,81～150元,81.0,150.0,115.5,False
REAL-ARK-SURVEY-20260903-232,手办模玩,201～500元,201.0,500.0,350.5,False
REAL-ARK-SURVEY-20260903-232,装饰摆件,51～100元,51.0,100.0,75.5,False
REAL-ARK-SURVEY-20260903-232,日用生活,51～100元,51.0,100.0,75.5,False
REAL-ARK-SURVEY-20260903-233,吧唧（徽章）,15元内,15.0,15.0,15.0,False
REAL-ARK-SURVEY-20260903-233,通行证,20元内,20.0,20.0,20.0,False
REAL-ARK-SURVEY-20260903-233,亚克力制品,30元内,30.0,30.0,30.0,False
REAL-ARK-SURVEY-20260903-233,毛绒玩偶,80元内,80.0,80.0,80.0,False
REAL-ARK-SURVEY-20260903-233,手办模玩,200元内,200.0,200.0,200.0,False
REAL-ARK-SURVEY-20260903-233,装饰摆件,51～100元,51.0,100.0,75.5,False
REAL-ARK-SURVEY-20260903-233,日用生活,51～100元,51.0,100.0,75.5,False
REAL-ARK-SURVEY-20260903-234,吧唧（徽章）,16～25元,16.0,25.0,20.5,False
REAL-ARK-SURVEY-20260903-234,通行证,20元内,20.0,20.0,20.0,False
REAL-ARK-SURVEY-20260903-234,亚克力制品,30元内,30.0,30.0,30.0,False
REAL-ARK-SURVEY-20260903-234,毛绒玩偶,81～150元,81.0,150.0,115.5,False
REAL-ARK-SURVEY-20260903-234,手办模玩,501～1000元,501.0,1000.0,750.5,False
REAL-ARK-SURVEY-20260903-234,装饰摆件,101～200元,101.0,200.0,150.5,False
REAL-ARK-SURVEY-20260903-234,日用生活,101～200元,101.0,200.0,150.5,False
REAL-ARK-SURVEY-20260903-235,吧唧（徽章）,16～25元,16.0,25.0,20.5,False
REAL-ARK-SURVEY-20260903-235,通行证,21～40元,21.0,40.0,30.5,False
REAL-ARK-SURVEY-20260903-235,亚克力制品,31～50元,31.0,50.0,40.5,False
REAL-ARK-SURVEY-20260903-235,毛绒玩偶,80元内,80.0,80.0,80.0,False
REAL-ARK-SURVEY-20260903-235,手办模玩,200元内,200.0,200.0,200.0,False
REAL-ARK-SURVEY-20260903-235,装饰摆件,51～100元,51.0,100.0,75.5,False
REAL-ARK-SURVEY-20260903-235,日用生活,101～200元,101.0,200.0,150.5,False
REAL-ARK-SURVEY-20260903-236,吧唧（徽章）,16～25元,16.0,25.0,20.5,False
REAL-ARK-SURVEY-20260903-236,通行证,41～60元,41.0,60.0,50.5,False
REAL-ARK-SURVEY-20260903-236,亚克力制品,51～80元,51.0,80.0,65.5,False
REAL-ARK-SURVEY-20260903-236,毛绒玩偶,151～250元,151.0,250.0,200.5,False
REAL-ARK-SURVEY-20260903-236,手办模玩,501～1000元,501.0,1000.0,750.5,False
REAL-ARK-SURVEY-20260903-236,装饰摆件,51～100元,51.0,100.0,75.5,False
REAL-ARK-SURVEY-20260903-236,日用生活,101～200元,101.0,200.0,150.5,False
REAL-ARK-SURVEY-20260903-237,吧唧（徽章）,16～25元,16.0,25.0,20.5,False
REAL-ARK-SURVEY-20260903-237,通行证,21～40元,21.0,40.0,30.5,False
REAL-ARK-SURVEY-20260903-237,亚克力制品,31～50元,31.0,50.0,40.5,False
REAL-ARK-SURVEY-20260903-237,毛绒玩偶,81～150元,81.0,150.0,115.5,False
REAL-ARK-SURVEY-20260903-237,手办模玩,201～500元,201.0,500.0,350.5,False
REAL-ARK-SURVEY-20260903-237,装饰摆件,51～100元,51.0,100.0,75.5,False
REAL-ARK-SURVEY-20260903-237,日用生活,50元内,50.0,50.0,50.0,False
REAL-ARK-SURVEY-20260903-238,吧唧（徽章）,26～35元,26.0,35.0,30.5,False
REAL-ARK-SURVEY-20260903-238,通行证,20元内,20.0,20.0,20.0,False
REAL-ARK-SURVEY-20260903-238,亚克力制品,31～50元,31.0,50.0,40.5,False
REAL-ARK-SURVEY-20260903-238,毛绒玩偶,81～150元,81.0,150.0,115.5,False
REAL-ARK-SURVEY-20260903-238,手办模玩,200元内,200.0,200.0,200.0,False
REAL-ARK-SURVEY-20260903-238,装饰摆件,50元内,50.0,50.0,50.0,False
REAL-ARK-SURVEY-20260903-238,日用生活,51～100元,51.0,100.0,75.5,False
REAL-ARK-SURVEY-20260903-239,吧唧（徽章）,15元内,15.0,15.0,15.0,False
REAL-ARK-SURVEY-20260903-239,通行证,20元内,20.0,20.0,20.0,False
REAL-ARK-SURVEY-20260903-239,亚克力制品,31～50元,31.0,50.0,40.5,False
REAL-ARK-SURVEY-20260903-239,毛绒玩偶,81～150元,81.0,150.0,115.5,False
REAL-ARK-SURVEY-20260903-239,手办模玩,501～1000元,501.0,1000.0,750.5,False
REAL-ARK-SURVEY-20260903-239,装饰摆件,51～100元,51.0,100.0,75.5,False
REAL-ARK-SURVEY-20260903-239,日用生活,51～100元,51.0,100.0,75.5,False
REAL-ARK-SURVEY-20260903-240,吧唧（徽章）,15元内,15.0,15.0,15.0,False
REAL-ARK-SURVEY-20260903-240,通行证,21～40元,21.0,40.0,30.5,False
REAL-ARK-SURVEY-20260903-240,亚克力制品,30元内,30.0,30.0,30.0,False
REAL-ARK-SURVEY-20260903-240,毛绒玩偶,80元内,80.0,80.0,80.0,False
REAL-ARK-SURVEY-20260903-240,手办模玩,201～500元,201.0,500.0,350.5,False
REAL-ARK-SURVEY-20260903-240,装饰摆件,50元内,50.0,50.0,50.0,False
REAL-ARK-SURVEY-20260903-240,日用生活,50元内,50.0,50.0,50.0,False
REAL-ARK-SURVEY-20260903-241,吧唧（徽章）,16～25元,16.0,25.0,20.5,False
REAL-ARK-SURVEY-20260903-241,通行证,21～40元,21.0,40.0,30.5,False
REAL-ARK-SURVEY-20260903-241,亚克力制品,51～80元,51.0,80.0,65.5,False
REAL-ARK-SURVEY-20260903-241,毛绒玩偶,80元内,80.0,80.0,80.0,False
REAL-ARK-SURVEY-20260903-241,手办模玩,201～500元,201.0,500.0,350.5,False
REAL-ARK-SURVEY-20260903-241,装饰摆件,51～100元,51.0,100.0,75.5,False
REAL-ARK-SURVEY-20260903-241,日用生活,51～100元,51.0,100.0,75.5,False
REAL-ARK-SURVEY-20260903-242,吧唧（徽章）,16～25元,16.0,25.0,20.5,False
REAL-ARK-SURVEY-20260903-242,通行证,21～40元,21.0,40.0,30.5,False
REAL-ARK-SURVEY-20260903-242,亚克力制品,30元内,30.0,30.0,30.0,False
REAL-ARK-SURVEY-20260903-242,毛绒玩偶,81～150元,81.0,150.0,115.5,False
REAL-ARK-SURVEY-20260903-242,手办模玩,201～500元,201.0,500.0,350.5,False
REAL-ARK-SURVEY-20260903-242,装饰摆件,101～200元,101.0,200.0,150.5,False
REAL-ARK-SURVEY-20260903-242,日用生活,50元内,50.0,50.0,50.0,False
REAL-ARK-SURVEY-20260903-243,吧唧（徽章）,15元内,15.0,15.0,15.0,False
REAL-ARK-SURVEY-20260903-243,通行证,41～60元,41.0,60.0,50.5,False
REAL-ARK-SURVEY-20260903-243,亚克力制品,31～50元,31.0,50.0,40.5,False
REAL-ARK-SURVEY-20260903-243,毛绒玩偶,81～150元,81.0,150.0,115.5,False
REAL-ARK-SURVEY-20260903-243,手办模玩,501～1000元,501.0,1000.0,750.5,False
REAL-ARK-SURVEY-20260903-243,装饰摆件,101～200元,101.0,200.0,150.5,False
REAL-ARK-SURVEY-20260903-243,日用生活,101～200元,101.0,200.0,150.5,False
