response_id,respondent_id,submitted_at,consent,consent_source,response_source,validation_profile,completion_seconds,questionnaire_version,randomization_group,age_band,activity_days_30d,player_tenure_months,player_status,monthly_merch_budget,has_purchased_merch,purchase_history,annual_merch_spend,purchase_frequency_12m,preferred_operator_1,preferred_operator_2,preferred_operator_3,operator,category,purchase_intent,acceptable_price,channel,limited_preference,purchase_motivation,purchase_barrier,promotion_preference,preorder_tolerance_days,price_good_value,concept_appeal,concept_strength,concept_concern,concept_variant,attribute_priority,product_improvement,open_feedback,is_simulated,is_real_survey_response,data_type,source_batch_id,source_note
REAL-ARK-SURVEY-20260903-001,REAL-ARK-SURVEY-20260903-001,,True,batch_owner_attestation,anonymous_questionnaire_batch,anonymous_batch_without_timing,,v2.2-paper-batch,A,18～22岁,6,84.0,玩过《明日方舟》,50.0,False,还没有买过正版周边,0.0,0,伊芙利特,夕,令,伊芙利特,通行证,4,80.0,B站会员购,4,材质和做工让人放心｜价格合适,价格比预期高｜运费太高｜发货进度不透明,包邮,75.0,20.0,4,角色选择｜收藏价值｜配件或玩法,实物图和细节｜材质和工艺｜具体尺寸,更喜欢A款,角色和画面设计=2｜材质与做工=1｜正版授权=4｜实用性=6｜价格=3｜限定或收藏价值=5,希望减少容易刮花的材质,-,False,True,real_anonymous_survey_user_attested,ARK-SURVEY-20260903,Batch owner confirmed real responses; source TXT header was mislabeled.
REAL-ARK-SURVEY-20260903-002,REAL-ARK-SURVEY-20260903-002,,True,batch_owner_attestation,anonymous_questionnaire_batch,anonymous_batch_without_timing,,v2.2-paper-batch,B,23～26岁,2,48.0,玩过《明日方舟》,400.0,True,买过《明日方舟》官方或正版授权周边,3500.0,8,维什戴尔,锏,陈,维什戴尔,亚克力制品,3,120.0,淘宝/天猫,4,画面或造型设计很好看｜材质和做工让人放心｜很喜欢这个角色,运费太高｜价格比预期高｜发货进度不透明,直接降价,135.0,40.5,3,角色选择｜材质与工艺,售后规则｜实物图和细节,更喜欢B款,角色和画面设计=4｜材质与做工=3｜正版授权=1｜实用性=2｜价格=6｜限定或收藏价值=5,-,希望包装在保护商品的同时不要过度增加体积和运费。,False,True,real_anonymous_survey_user_attested,ARK-SURVEY-20260903,Batch owner confirmed real responses; source TXT header was mislabeled.
REAL-ARK-SURVEY-20260903-003,REAL-ARK-SURVEY-20260903-003,,True,batch_owner_attestation,anonymous_questionnaire_batch,anonymous_batch_without_timing,,v2.2-paper-batch,A,18～22岁,6,48.0,玩过《明日方舟》,200.0,True,买过《明日方舟》官方或正版授权周边,350.0,2,幽灵鲨,铃兰,玛恩纳,幽灵鲨,装饰摆件,3,100.0,官方商城,4,材质和做工让人放心｜是限定、联名或活动纪念款｜价格合适,设计不太喜欢｜价格比预期高,包邮,30.0,50.0,3,角色选择｜配色｜尺寸,是否容易缺货或限量｜是否为正版授权｜最终价格,更喜欢A款,角色和画面设计=1｜材质与做工=5｜正版授权=4｜实用性=6｜价格=2｜限定或收藏价值=3,-,想看到更多阵营主题、干员小队主题的组合周边。,False,True,real_anonymous_survey_user_attested,ARK-SURVEY-20260903,Batch owner confirmed real responses; source TXT header was mislabeled.
REAL-ARK-SURVEY-20260903-004,REAL-ARK-SURVEY-20260903-004,,True,batch_owner_attestation,anonymous_questionnaire_batch,anonymous_batch_without_timing,,v2.2-paper-batch,B,23～26岁,28,48.0,玩过《明日方舟》,400.0,False,没买过方舟正版周边，但买过其他ACG正版周边,750.0,4,温蒂,史尔特尔,斯卡蒂,温蒂,毛绒玩偶,4,250.0,B站会员购,5,材质和做工让人放心｜平时真的能用到｜画面或造型设计很好看,设计不太喜欢｜运费太高,包邮,30.0,115.5,4,材质与工艺｜角色选择,最终价格｜是否为正版授权｜实物图和细节,更喜欢B款,角色和画面设计=5｜材质与做工=3｜正版授权=6｜实用性=4｜价格=2｜限定或收藏价值=1,希望售后规则更明确,-,False,True,real_anonymous_survey_user_attested,ARK-SURVEY-20260903,Batch owner confirmed real responses; source TXT header was mislabeled.
REAL-ARK-SURVEY-20260903-005,REAL-ARK-SURVEY-20260903-005,,True,batch_owner_attestation,anonymous_questionnaire_batch,anonymous_batch_without_timing,,v2.2-paper-batch,B,18～22岁,16,84.0,玩过《明日方舟》,200.0,True,买过《明日方舟》官方或正版授权周边,350.0,4,史尔特尔,德克萨斯,维什戴尔,史尔特尔,亚克力制品,3,150.0,其他：线下谷店,5,有收藏或凑套装的价值｜很喜欢这个角色,运费太高｜发货进度不透明,直接降价,135.0,65.5,1,暂时没有特别吸引我的地方,是否为正版授权｜售后规则｜最终价格,更喜欢B款,角色和画面设计=2｜材质与做工=1｜正版授权=6｜实用性=5｜价格=3｜限定或收藏价值=4,希望尺寸标注更清楚,希望同一角色能做统一主题套装，方便收藏。,False,True,real_anonymous_survey_user_attested,ARK-SURVEY-20260903,Batch owner confirmed real responses; source TXT header was mislabeled.
REAL-ARK-SURVEY-20260903-006,REAL-ARK-SURVEY-20260903-006,,True,batch_owner_attestation,anonymous_questionnaire_batch,anonymous_batch_without_timing,,v2.2-paper-batch,B,23～26岁,28,48.0,玩过《明日方舟》,200.0,False,没买过方舟正版周边，但买过其他ACG正版周边,350.0,2,令,德克萨斯,浊心斯卡蒂,令,毛绒玩偶,5,150.0,B站会员购,3,很喜欢这个角色｜有收藏或凑套装的价值｜价格合适,售后或退换不方便｜材质、尺寸或实物效果说不清楚,角色套装更优惠,30.0,80.0,5,配件或玩法｜画面或造型｜收藏价值,最终价格｜是否为正版授权｜实物图和细节,更喜欢B款,角色和画面设计=5｜材质与做工=2｜正版授权=1｜实用性=3｜价格=4｜限定或收藏价值=6,-,希望多出一些冷门角色的周边，不要总集中在少数热门角色。,False,True,real_anonymous_survey_user_attested,ARK-SURVEY-20260903,Batch owner confirmed real responses; source TXT header was mislabeled.
REAL-ARK-SURVEY-20260903-007,REAL-ARK-SURVEY-20260903-007,,True,batch_owner_attestation,anonymous_questionnaire_batch,anonymous_batch_without_timing,,v2.2-paper-batch,tie,18～22岁,28,84.0,玩过《明日方舟》,50.0,True,买过《明日方舟》官方或正版授权周边,350.0,8,维什戴尔,逻各斯,银灰,维什戴尔,亚克力制品,4,100.0,官方商城,4,很喜欢这个角色｜平时真的能用到｜想支持作品或官方,已经有很多同类周边｜售后或退换不方便｜发货进度不透明,直接降价,0.0,30.0,4,收藏价值｜角色选择｜画面或造型,材质和工艺,两款都可以,角色和画面设计=1｜材质与做工=3｜正版授权=4｜实用性=6｜价格=2｜限定或收藏价值=5,-,可以接受联名，但希望不要为了限定把价格抬得太高。,False,True,real_anonymous_survey_user_attested,ARK-SURVEY-20260903,Batch owner confirmed real responses; source TXT header was mislabeled.
REAL-ARK-SURVEY-20260903-008,REAL-ARK-SURVEY-20260903-008,,True,batch_owner_attestation,anonymous_questionnaire_batch,anonymous_batch_without_timing,,v2.2-paper-batch,A,18～22岁,2,24.0,玩过《明日方舟》,50.0,False,还没有买过正版周边,0.0,0,浊心斯卡蒂,棘刺,W,浊心斯卡蒂,装饰摆件,4,300.0,官方商城,4,画面或造型设计很好看｜是限定、联名或活动纪念款｜价格合适,已经有很多同类周边｜运费太高｜担心不是正版,直接降价,45.0,50.0,3,角色选择｜收藏价值,具体尺寸｜发货时间,更喜欢A款,角色和画面设计=3｜材质与做工=5｜正版授权=1｜实用性=6｜价格=4｜限定或收藏价值=2,希望材质和做工更扎实,没有特别建议，主要还是看角色和成品质量。,False,True,real_anonymous_survey_user_attested,ARK-SURVEY-20260903,Batch owner confirmed real responses; source TXT header was mislabeled.
REAL-ARK-SURVEY-20260903-009,REAL-ARK-SURVEY-20260903-009,,True,batch_owner_attestation,anonymous_questionnaire_batch,anonymous_batch_without_timing,,v2.2-paper-batch,B,18～22岁,0,0.0,没玩过《明日方舟》,50.0,False,没买过方舟正版周边，但买过其他ACG正版周边,100.0,2,令,德克萨斯,W,令,装饰摆件,2,200.0,淘宝/天猫,4,价格合适｜朋友推荐或社区评价很好｜画面或造型设计很好看,设计不太喜欢｜价格比预期高｜材质、尺寸或实物效果说不清楚,包邮,0.0,75.5,2,暂时没有特别吸引我的地方,实物图和细节｜是否为正版授权,更喜欢B款,角色和画面设计=2｜材质与做工=1｜正版授权=4｜实用性=3｜价格=5｜限定或收藏价值=6,希望尺寸标注更清楚,希望包装在保护商品的同时不要过度增加体积和运费。,False,True,real_anonymous_survey_user_attested,ARK-SURVEY-20260903,Batch owner confirmed real responses; source TXT header was mislabeled.
REAL-ARK-SURVEY-20260903-010,REAL-ARK-SURVEY-20260903-010,,True,batch_owner_attestation,anonymous_questionnaire_batch,anonymous_batch_without_timing,,v2.2-paper-batch,A,18～22岁,2,84.0,玩过《明日方舟》,200.0,True,买过《明日方舟》官方或正版授权周边,2000.0,8,诗怀雅,夕,凯尔希,诗怀雅,手办模玩,3,2000.0,官方商城,4,是限定、联名或活动纪念款,运费太高｜设计不太喜欢｜材质、尺寸或实物效果说不清楚,角色套装更优惠,75.0,750.5,3,实用性｜画面或造型,实物图和细节,更喜欢A款,角色和画面设计=2｜材质与做工=1｜正版授权=4｜实用性=5｜价格=3｜限定或收藏价值=6,-,没有特别建议，主要还是看角色和成品质量。,False,True,real_anonymous_survey_user_attested,ARK-SURVEY-20260903,Batch owner confirmed real responses; source TXT header was mislabeled.
REAL-ARK-SURVEY-20260903-011,REAL-ARK-SURVEY-20260903-011,,True,batch_owner_attestation,anonymous_questionnaire_batch,anonymous_batch_without_timing,,v2.2-paper-batch,tie,18～22岁,28,24.0,玩过《明日方舟》,50.0,False,没买过方舟正版周边，但买过其他ACG正版周边,100.0,4,史尔特尔,黍,幽灵鲨,史尔特尔,日用生活,3,150.0,B站会员购,5,想支持作品或官方｜材质和做工让人放心,价格比预期高｜运费太高｜不确定买回来怎么摆或怎么用,预售特典,45.0,75.5,3,画面或造型｜配色｜材质与工艺,具体尺寸｜实物图和细节｜最终价格,两款都可以,角色和画面设计=2｜材质与做工=3｜正版授权=1｜实用性=4｜价格=5｜限定或收藏价值=6,希望材质和做工更扎实,希望同一角色能做统一主题套装，方便收藏。,False,True,real_anonymous_survey_user_attested,ARK-SURVEY-20260903,Batch owner confirmed real responses; source TXT header was mislabeled.
REAL-ARK-SURVEY-20260903-012,REAL-ARK-SURVEY-20260903-012,,True,batch_owner_attestation,anonymous_questionnaire_batch,anonymous_batch_without_timing,,v2.2-paper-batch,B,18～22岁,16,24.0,玩过《明日方舟》,400.0,True,买过《明日方舟》官方或正版授权周边,2000.0,8,煌,幽灵鲨,能天使,煌,日用生活,5,,官方商城,4,价格合适｜很喜欢这个角色｜朋友推荐或社区评价很好,设计不太喜欢｜已经有很多同类周边｜价格比预期高,直接降价,75.0,75.5,1,实用性｜角色选择,最终价格｜材质和工艺｜实物图和细节,更喜欢B款,角色和画面设计=2｜材质与做工=1｜正版授权=4｜实用性=3｜价格=5｜限定或收藏价值=6,-,想要更多能日常使用的周边，比如包、杯子、文具和服饰。,False,True,real_anonymous_survey_user_attested,ARK-SURVEY-20260903,Batch owner confirmed real responses; source TXT header was mislabeled.
REAL-ARK-SURVEY-20260903-013,REAL-ARK-SURVEY-20260903-013,,True,batch_owner_attestation,anonymous_questionnaire_batch,anonymous_batch_without_timing,,v2.2-paper-batch,tie,18～22岁,16,48.0,玩过《明日方舟》,200.0,True,买过《明日方舟》官方或正版授权周边,350.0,2,幽灵鲨,浊心斯卡蒂,阿米娅,幽灵鲨,毛绒玩偶,5,150.0,淘宝/天猫,5,价格合适,发货进度不透明｜价格比预期高｜预售时间太长,不太在意促销，更看重商品本身,45.0,200.5,4,画面或造型｜尺寸｜材质与工艺,发货时间｜是否容易缺货或限量｜实物图和细节,两款都可以,角色和画面设计=1｜材质与做工=3｜正版授权=5｜实用性=6｜价格=2｜限定或收藏价值=4,希望价格再友好一点,没有特别建议，主要还是看角色和成品质量。,False,True,real_anonymous_survey_user_attested,ARK-SURVEY-20260903,Batch owner confirmed real responses; source TXT header was mislabeled.
REAL-ARK-SURVEY-20260903-014,REAL-ARK-SURVEY-20260903-014,,True,batch_owner_attestation,anonymous_questionnaire_batch,anonymous_batch_without_timing,,v2.2-paper-batch,tie,18～22岁,16,84.0,玩过《明日方舟》,200.0,False,没买过方舟正版周边，但买过其他ACG正版周边,350.0,4,德克萨斯,W,浊心斯卡蒂,德克萨斯,亚克力制品,2,100.0,其他：线下谷店,4,画面或造型设计很好看｜有收藏或凑套装的价值｜朋友推荐或社区评价很好,担心不是正版｜设计不太喜欢,包邮,75.0,30.0,2,暂时没有特别吸引我的地方,是否容易缺货或限量｜材质和工艺｜最终价格,两款都可以,角色和画面设计=1｜材质与做工=2｜正版授权=5｜实用性=6｜价格=3｜限定或收藏价值=4,希望增加可替换配件或玩法,-,False,True,real_anonymous_survey_user_attested,ARK-SURVEY-20260903,Batch owner confirmed real responses; source TXT header was mislabeled.
REAL-ARK-SURVEY-20260903-015,REAL-ARK-SURVEY-20260903-015,,True,batch_owner_attestation,anonymous_questionnaire_batch,anonymous_batch_without_timing,,v2.2-paper-batch,tie,23～26岁,16,48.0,玩过《明日方舟》,50.0,False,没买过方舟正版周边，但买过其他ACG正版周边,100.0,2,能天使,维什戴尔,诗怀雅,能天使,通行证,3,50.0,淘宝/天猫,4,有收藏或凑套装的价值｜很喜欢这个角色｜价格合适,预售时间太长｜已经有很多同类周边｜价格比预期高,直接降价,45.0,20.0,4,画面或造型,是否为正版授权｜材质和工艺｜发货时间,两款都可以,角色和画面设计=1｜材质与做工=2｜正版授权=5｜实用性=4｜价格=3｜限定或收藏价值=6,希望实物图和细节展示更充分,希望包装在保护商品的同时不要过度增加体积和运费。,False,True,real_anonymous_survey_user_attested,ARK-SURVEY-20260903,Batch owner confirmed real responses; source TXT header was mislabeled.
REAL-ARK-SURVEY-20260903-016,REAL-ARK-SURVEY-20260903-016,,True,batch_owner_attestation,anonymous_questionnaire_batch,anonymous_batch_without_timing,,v2.2-paper-batch,tie,23～26岁,6,24.0,玩过《明日方舟》,200.0,True,买过《明日方舟》官方或正版授权周边,350.0,8,锏,幽灵鲨,浊心斯卡蒂,锏,手办模玩,3,1500.0,B站会员购,4,有收藏或凑套装的价值｜是限定、联名或活动纪念款｜画面或造型设计很好看,不确定买回来怎么摆或怎么用｜设计不太喜欢｜价格比预期高,不太在意促销，更看重商品本身,30.0,350.5,2,暂时没有特别吸引我的地方,是否为正版授权｜实物图和细节｜材质和工艺,两款都不太喜欢,角色和画面设计=2｜材质与做工=1｜正版授权=5｜实用性=4｜价格=3｜限定或收藏价值=6,-,-,False,True,real_anonymous_survey_user_attested,ARK-SURVEY-20260903,Batch owner confirmed real responses; source TXT header was mislabeled.
REAL-ARK-SURVEY-20260903-017,REAL-ARK-SURVEY-20260903-017,,True,batch_owner_attestation,anonymous_questionnaire_batch,anonymous_batch_without_timing,,v2.2-paper-batch,B,18～22岁,16,48.0,玩过《明日方舟》,400.0,False,没买过方舟正版周边，但买过其他ACG正版周边,350.0,2,缪尔赛思,泥岩,凯尔希,缪尔赛思,吧唧（徽章）,4,40.0,线下展会或快闪店,4,画面或造型设计很好看｜价格合适｜很喜欢这个角色,发货进度不透明｜材质、尺寸或实物效果说不清楚｜不确定买回来怎么摆或怎么用,直接降价,30.0,20.5,4,画面或造型,发货时间｜具体尺寸,更喜欢B款,角色和画面设计=3｜材质与做工=1｜正版授权=4｜实用性=6｜价格=5｜限定或收藏价值=2,-,-,False,True,real_anonymous_survey_user_attested,ARK-SURVEY-20260903,Batch owner confirmed real responses; source TXT header was mislabeled.
REAL-ARK-SURVEY-20260903-018,REAL-ARK-SURVEY-20260903-018,,True,batch_owner_attestation,anonymous_questionnaire_batch,anonymous_batch_without_timing,,v2.2-paper-batch,B,18～22岁,28,24.0,玩过《明日方舟》,1200.0,True,买过《明日方舟》官方或正版授权周边,2000.0,8,锏,塞雷娅,艾雅法拉,锏,手办模玩,4,1500.0,官方商城,4,很喜欢这个角色｜材质和做工让人放心｜价格合适,不确定买回来怎么摆或怎么用｜售后或退换不方便,包邮,75.0,750.5,5,实用性,材质和工艺｜最终价格,更喜欢B款,角色和画面设计=1｜材质与做工=5｜正版授权=4｜实用性=6｜价格=2｜限定或收藏价值=3,希望材质和做工更扎实,没有特别建议，主要还是看角色和成品质量。,False,True,real_anonymous_survey_user_attested,ARK-SURVEY-20260903,Batch owner confirmed real responses; source TXT header was mislabeled.
REAL-ARK-SURVEY-20260903-019,REAL-ARK-SURVEY-20260903-019,,True,batch_owner_attestation,anonymous_questionnaire_batch,anonymous_batch_without_timing,,v2.2-paper-batch,B,18～22岁,2,0.0,没玩过《明日方舟》,200.0,False,还没有买过正版周边,0.0,0,能天使,维什戴尔,凯尔希,能天使,装饰摆件,3,150.0,B站会员购,3,画面或造型设计很好看｜很喜欢这个角色｜想支持作品或官方,价格比预期高,预售特典,135.0,75.5,3,材质与工艺｜实用性,发货时间｜实物图和细节｜最终价格,更喜欢B款,角色和画面设计=3｜材质与做工=2｜正版授权=5｜实用性=6｜价格=1｜限定或收藏价值=4,-,-,False,True,real_anonymous_survey_user_attested,ARK-SURVEY-20260903,Batch owner confirmed real responses; source TXT header was mislabeled.
REAL-ARK-SURVEY-20260903-020,REAL-ARK-SURVEY-20260903-020,,True,batch_owner_attestation,anonymous_questionnaire_batch,anonymous_batch_without_timing,,v2.2-paper-batch,A,18～22岁,28,,玩过《明日方舟》,200.0,True,买过《明日方舟》官方或正版授权周边,350.0,4,诗怀雅,银灰,铃兰,诗怀雅,吧唧（徽章）,4,50.0,官方商城,4,画面或造型设计很好看｜价格合适｜是限定、联名或活动纪念款,材质、尺寸或实物效果说不清楚｜发货进度不透明｜价格比预期高,包邮,45.0,30.5,5,画面或造型｜实用性｜角色选择,售后规则｜具体尺寸｜实物图和细节,更喜欢A款,角色和画面设计=2｜材质与做工=1｜正版授权=3｜实用性=4｜价格=5｜限定或收藏价值=6,希望减少容易刮花的材质,如果有长期补货机制会更愿意购买，不喜欢抢限量。,False,True,real_anonymous_survey_user_attested,ARK-SURVEY-20260903,Batch owner confirmed real responses; source TXT header was mislabeled.
REAL-ARK-SURVEY-20260903-021,REAL-ARK-SURVEY-20260903-021,,True,batch_owner_attestation,anonymous_questionnaire_batch,anonymous_batch_without_timing,,v2.2-paper-batch,A,23～26岁,16,24.0,玩过《明日方舟》,750.0,False,没买过方舟正版周边，但买过其他ACG正版周边,,2,史尔特尔,银灰,能天使,史尔特尔,吧唧（徽章）,4,50.0,淘宝/天猫,4,画面或造型设计很好看｜平时真的能用到｜价格合适,预售时间太长｜运费太高｜价格比预期高,不太在意促销，更看重商品本身,0.0,30.5,5,收藏价值｜角色选择｜材质与工艺,材质和工艺,更喜欢A款,角色和画面设计=2｜材质与做工=5｜正版授权=3｜实用性=4｜价格=1｜限定或收藏价值=6,希望减少容易刮花的材质,-,False,True,real_anonymous_survey_user_attested,ARK-SURVEY-20260903,Batch owner confirmed real responses; source TXT header was mislabeled.
REAL-ARK-SURVEY-20260903-022,REAL-ARK-SURVEY-20260903-022,,True,batch_owner_attestation,anonymous_questionnaire_batch,anonymous_batch_without_timing,,v2.2-paper-batch,A,18～22岁,28,24.0,玩过《明日方舟》,200.0,True,买过《明日方舟》官方或正版授权周边,350.0,8,斯卡蒂,黍,幽灵鲨,斯卡蒂,毛绒玩偶,3,250.0,官方商城,1,平时真的能用到｜很喜欢这个角色｜画面或造型设计很好看,不确定买回来怎么摆或怎么用,直接降价,0.0,115.5,3,尺寸｜画面或造型,发货时间｜实物图和细节｜是否为正版授权,更喜欢A款,角色和画面设计=1｜材质与做工=2｜正版授权=3｜实用性=6｜价格=4｜限定或收藏价值=5,希望缩短预售和发货周期,可以接受联名，但希望不要为了限定把价格抬得太高。,False,True,real_anonymous_survey_user_attested,ARK-SURVEY-20260903,Batch owner confirmed real responses; source TXT header was mislabeled.
REAL-ARK-SURVEY-20260903-023,REAL-ARK-SURVEY-20260903-023,,True,batch_owner_attestation,anonymous_questionnaire_batch,anonymous_batch_without_timing,,v2.2-paper-batch,B,18～22岁,6,84.0,玩过《明日方舟》,750.0,True,买过《明日方舟》官方或正版授权周边,2000.0,8,夕,能天使,泥岩,夕,吧唧（徽章）,3,40.0,其他：线下谷店,4,价格合适｜画面或造型设计很好看｜想支持作品或官方,已经有很多同类周边｜预售时间太长,直接降价,0.0,15.0,4,配件或玩法｜收藏价值｜画面或造型,具体尺寸｜实物图和细节｜售后规则,更喜欢B款,角色和画面设计=3｜材质与做工=1｜正版授权=5｜实用性=6｜价格=2｜限定或收藏价值=4,希望增加可替换配件或玩法,可以接受联名，但希望不要为了限定把价格抬得太高。,False,True,real_anonymous_survey_user_attested,ARK-SURVEY-20260903,Batch owner confirmed real responses; source TXT header was mislabeled.
REAL-ARK-SURVEY-20260903-024,REAL-ARK-SURVEY-20260903-024,,True,batch_owner_attestation,anonymous_questionnaire_batch,anonymous_batch_without_timing,,v2.2-paper-batch,B,18～22岁,6,84.0,玩过《明日方舟》,200.0,True,买过《明日方舟》官方或正版授权周边,750.0,4,缪尔赛思,霍尔海雅,史尔特尔,缪尔赛思,装饰摆件,3,150.0,B站会员购,4,价格合适｜想支持作品或官方｜平时真的能用到,价格比预期高｜设计不太喜欢｜售后或退换不方便,满额赠品,75.0,50.0,3,画面或造型｜实用性｜配件或玩法,最终价格｜实物图和细节,更喜欢B款,角色和画面设计=1｜材质与做工=3｜正版授权=4｜实用性=6｜价格=2｜限定或收藏价值=5,希望限定数量不要太少,-,False,True,real_anonymous_survey_user_attested,ARK-SURVEY-20260903,Batch owner confirmed real responses; source TXT header was mislabeled.
REAL-ARK-SURVEY-20260903-025,REAL-ARK-SURVEY-20260903-025,,True,batch_owner_attestation,anonymous_questionnaire_batch,anonymous_batch_without_timing,,v2.2-paper-batch,tie,18～22岁,2,0.0,没玩过《明日方舟》,400.0,False,没买过方舟正版周边，但买过其他ACG正版周边,750.0,2,塞雷娅,泥岩,斯卡蒂,塞雷娅,通行证,4,100.0,淘宝/天猫,4,画面或造型设计很好看｜很喜欢这个角色｜朋友推荐或社区评价很好,担心不是正版｜材质、尺寸或实物效果说不清楚｜不确定买回来怎么摆或怎么用,满额赠品,45.0,50.5,4,画面或造型｜尺寸｜实用性,发货时间｜最终价格｜实物图和细节,两款都不太喜欢,角色和画面设计=6｜材质与做工=1｜正版授权=4｜实用性=2｜价格=3｜限定或收藏价值=5,-,希望线下快闪和线上商城的库存分配更合理。,False,True,real_anonymous_survey_user_attested,ARK-SURVEY-20260903,Batch owner confirmed real responses; source TXT header was mislabeled.
REAL-ARK-SURVEY-20260903-026,REAL-ARK-SURVEY-20260903-026,,True,batch_owner_attestation,anonymous_questionnaire_batch,anonymous_batch_without_timing,,v2.2-paper-batch,tie,23～26岁,16,0.0,没玩过《明日方舟》,200.0,False,没买过方舟正版周边，但买过其他ACG正版周边,350.0,4,浊心斯卡蒂,史尔特尔,阿米娅,浊心斯卡蒂,亚克力制品,3,60.0,B站会员购,5,画面或造型设计很好看｜有收藏或凑套装的价值｜价格合适,发货进度不透明,直接降价,0.0,30.0,3,画面或造型｜收藏价值｜配件或玩法,是否容易缺货或限量｜是否为正版授权｜具体尺寸,两款都可以,角色和画面设计=5｜材质与做工=1｜正版授权=2｜实用性=4｜价格=3｜限定或收藏价值=6,希望价格再友好一点,没有特别建议，主要还是看角色和成品质量。,False,True,real_anonymous_survey_user_attested,ARK-SURVEY-20260903,Batch owner confirmed real responses; source TXT header was mislabeled.
REAL-ARK-SURVEY-20260903-027,REAL-ARK-SURVEY-20260903-027,,True,batch_owner_attestation,anonymous_questionnaire_batch,anonymous_batch_without_timing,,v2.2-paper-batch,A,23～26岁,28,84.0,玩过《明日方舟》,200.0,True,买过《明日方舟》官方或正版授权周边,750.0,4,史尔特尔,缪尔赛思,夜莺,史尔特尔,毛绒玩偶,3,300.0,B站会员购,4,平时真的能用到,已经有很多同类周边｜不确定买回来怎么摆或怎么用,不太在意促销，更看重商品本身,135.0,80.0,3,画面或造型｜收藏价值｜配色,实物图和细节｜发货时间｜材质和工艺,更喜欢A款,角色和画面设计=1｜材质与做工=2｜正版授权=6｜实用性=5｜价格=3｜限定或收藏价值=4,-,想要更多能日常使用的周边，比如包、杯子、文具和服饰。,False,True,real_anonymous_survey_user_attested,ARK-SURVEY-20260903,Batch owner confirmed real responses; source TXT header was mislabeled.
REAL-ARK-SURVEY-20260903-028,REAL-ARK-SURVEY-20260903-028,,True,batch_owner_attestation,anonymous_questionnaire_batch,anonymous_batch_without_timing,,v2.2-paper-batch,A,18～22岁,2,0.0,没玩过《明日方舟》,200.0,False,还没有买过正版周边,0.0,0,能天使,陈,W,能天使,装饰摆件,1,100.0,官方商城,4,价格合适｜朋友推荐或社区评价很好,设计不太喜欢｜运费太高,积分或会员权益,135.0,50.0,1,暂时没有特别吸引我的地方,实物图和细节｜材质和工艺｜发货时间,更喜欢A款,角色和画面设计=1｜材质与做工=4｜正版授权=3｜实用性=5｜价格=2｜限定或收藏价值=6,-,希望包装在保护商品的同时不要过度增加体积和运费。,False,True,real_anonymous_survey_user_attested,ARK-SURVEY-20260903,Batch owner confirmed real responses; source TXT header was mislabeled.
REAL-ARK-SURVEY-20260903-029,REAL-ARK-SURVEY-20260903-029,,True,batch_owner_attestation,anonymous_questionnaire_batch,anonymous_batch_without_timing,,v2.2-paper-batch,A,18～22岁,16,24.0,玩过《明日方舟》,200.0,False,没买过方舟正版周边，但买过其他ACG正版周边,350.0,2,煌,德克萨斯,缪尔赛思,煌,通行证,4,50.0,淘宝/天猫,4,是限定、联名或活动纪念款｜很喜欢这个角色｜想支持作品或官方,不确定买回来怎么摆或怎么用｜材质、尺寸或实物效果说不清楚｜已经有很多同类周边,直接降价,,50.5,4,收藏价值｜画面或造型｜角色选择,材质和工艺｜具体尺寸｜是否为正版授权,更喜欢A款,角色和画面设计=1｜材质与做工=3｜正版授权=2｜实用性=6｜价格=4｜限定或收藏价值=5,-,希望同一角色能做统一主题套装，方便收藏。,False,True,real_anonymous_survey_user_attested,ARK-SURVEY-20260903,Batch owner confirmed real responses; source TXT header was mislabeled.
REAL-ARK-SURVEY-20260903-030,REAL-ARK-SURVEY-20260903-030,,True,batch_owner_attestation,anonymous_questionnaire_batch,anonymous_batch_without_timing,,v2.2-paper-batch,B,23～26岁,16,84.0,玩过《明日方舟》,750.0,False,没买过方舟正版周边，但买过其他ACG正版周边,350.0,8,温蒂,德克萨斯,幽灵鲨,温蒂,手办模玩,3,500.0,淘宝/天猫,5,价格合适｜平时真的能用到｜材质和做工让人放心,不确定买回来怎么摆或怎么用｜设计不太喜欢,包邮,75.0,750.5,3,角色选择｜收藏价值｜画面或造型,材质和工艺｜是否容易缺货或限量｜具体尺寸,更喜欢B款,角色和画面设计=1｜材质与做工=2｜正版授权=3｜实用性=5｜价格=4｜限定或收藏价值=6,希望减少容易刮花的材质,希望官方把预售周期和发货进度写得更透明。,False,True,real_anonymous_survey_user_attested,ARK-SURVEY-20260903,Batch owner confirmed real responses; source TXT header was mislabeled.
REAL-ARK-SURVEY-20260903-031,REAL-ARK-SURVEY-20260903-031,,True,batch_owner_attestation,anonymous_questionnaire_batch,anonymous_batch_without_timing,,v2.2-paper-batch,tie,18～22岁,6,0.0,没玩过《明日方舟》,50.0,False,没买过方舟正版周边，但买过其他ACG正版周边,100.0,2,温蒂,维什戴尔,凯尔希,温蒂,毛绒玩偶,1,400.0,官方商城,3,是限定、联名或活动纪念款｜有收藏或凑套装的价值｜平时真的能用到,不确定买回来怎么摆或怎么用｜价格比预期高｜担心不是正版,角色套装更优惠,75.0,115.5,2,暂时没有特别吸引我的地方,售后规则｜实物图和细节｜是否为正版授权,两款都可以,角色和画面设计=2｜材质与做工=1｜正版授权=5｜实用性=3｜价格=4｜限定或收藏价值=6,-,想要更多能日常使用的周边，比如包、杯子、文具和服饰。,False,True,real_anonymous_survey_user_attested,ARK-SURVEY-20260903,Batch owner confirmed real responses; source TXT header was mislabeled.
REAL-ARK-SURVEY-20260903-032,REAL-ARK-SURVEY-20260903-032,,True,batch_owner_attestation,anonymous_questionnaire_batch,anonymous_batch_without_timing,,v2.2-paper-batch,A,18～22岁,6,24.0,玩过《明日方舟》,50.0,False,还没有买过正版周边,0.0,0,拉普兰德,夕,斯卡蒂,拉普兰德,通行证,4,50.0,品牌直播间,3,画面或造型设计很好看｜价格合适,材质、尺寸或实物效果说不清楚｜不确定买回来怎么摆或怎么用｜售后或退换不方便,角色套装更优惠,,20.0,4,画面或造型｜实用性｜角色选择,实物图和细节｜售后规则｜材质和工艺,更喜欢A款,角色和画面设计=1｜材质与做工=3｜正版授权=2｜实用性=6｜价格=4｜限定或收藏价值=5,希望减少容易刮花的材质,希望多做毛绒和桌面摆件，少一点重复款吧唧。,False,True,real_anonymous_survey_user_attested,ARK-SURVEY-20260903,Batch owner confirmed real responses; source TXT header was mislabeled.
REAL-ARK-SURVEY-20260903-033,REAL-ARK-SURVEY-20260903-033,,True,batch_owner_attestation,anonymous_questionnaire_batch,anonymous_batch_without_timing,,v2.2-paper-batch,A,27～30岁,0,0.0,没玩过《明日方舟》,750.0,False,没买过方舟正版周边，但买过其他ACG正版周边,3500.0,8,德克萨斯,维什戴尔,史尔特尔,德克萨斯,亚克力制品,3,100.0,线下展会或快闪店,4,很喜欢这个角色｜价格合适｜想支持作品或官方,运费太高｜担心不是正版｜材质、尺寸或实物效果说不清楚,积分或会员权益,45.0,40.5,5,收藏价值｜实用性｜尺寸,是否容易缺货或限量｜最终价格｜实物图和细节,更喜欢A款,角色和画面设计=4｜材质与做工=1｜正版授权=3｜实用性=5｜价格=2｜限定或收藏价值=6,希望提升日常实用性,-,False,True,real_anonymous_survey_user_attested,ARK-SURVEY-20260903,Batch owner confirmed real responses; source TXT header was mislabeled.
REAL-ARK-SURVEY-20260903-034,REAL-ARK-SURVEY-20260903-034,,True,batch_owner_attestation,anonymous_questionnaire_batch,anonymous_batch_without_timing,,v2.2-paper-batch,B,18～22岁,2,84.0,玩过《明日方舟》,50.0,True,买过《明日方舟》官方或正版授权周边,100.0,2,凯尔希,维什戴尔,史尔特尔,凯尔希,毛绒玩偶,3,200.0,淘宝/天猫,4,平时真的能用到｜有收藏或凑套装的价值｜是限定、联名或活动纪念款,不确定买回来怎么摆或怎么用｜材质、尺寸或实物效果说不清楚｜已经有很多同类周边,包邮,0.0,115.5,4,画面或造型｜配件或玩法｜配色,实物图和细节｜发货时间｜具体尺寸,更喜欢B款,角色和画面设计=4｜材质与做工=3｜正版授权=1｜实用性=5｜价格=2｜限定或收藏价值=6,-,想要更多能日常使用的周边，比如包、杯子、文具和服饰。,False,True,real_anonymous_survey_user_attested,ARK-SURVEY-20260903,Batch owner confirmed real responses; source TXT header was mislabeled.
REAL-ARK-SURVEY-20260903-035,REAL-ARK-SURVEY-20260903-035,,True,batch_owner_attestation,anonymous_questionnaire_batch,anonymous_batch_without_timing,,v2.2-paper-batch,A,18～22岁,0,84.0,玩过《明日方舟》,750.0,True,买过《明日方舟》官方或正版授权周边,2000.0,4,维什戴尔,拉普兰德,阿米娅,维什戴尔,毛绒玩偶,4,250.0,官方商城,4,是限定、联名或活动纪念款｜很喜欢这个角色,已经有很多同类周边｜不确定买回来怎么摆或怎么用｜预售时间太长,预售特典,75.0,115.5,4,材质与工艺｜配色｜画面或造型,实物图和细节｜具体尺寸｜是否为正版授权,更喜欢A款,角色和画面设计=1｜材质与做工=2｜正版授权=4｜实用性=6｜价格=5｜限定或收藏价值=3,希望包装更适合收藏,-,False,True,real_anonymous_survey_user_attested,ARK-SURVEY-20260903,Batch owner confirmed real responses; source TXT header was mislabeled.
REAL-ARK-SURVEY-20260903-036,REAL-ARK-SURVEY-20260903-036,,True,batch_owner_attestation,anonymous_questionnaire_batch,anonymous_batch_without_timing,,v2.2-paper-batch,tie,23～26岁,2,0.0,没玩过《明日方舟》,200.0,False,没买过方舟正版周边，但买过其他ACG正版周边,750.0,8,浊心斯卡蒂,幽灵鲨,塞雷娅,浊心斯卡蒂,手办模玩,2,2000.0,官方商城,5,很喜欢这个角色｜朋友推荐或社区评价很好｜想支持作品或官方,价格比预期高｜预售时间太长｜材质、尺寸或实物效果说不清楚,直接降价,0.0,350.5,3,收藏价值｜角色选择｜画面或造型,是否为正版授权｜实物图和细节｜售后规则,两款都可以,角色和画面设计=6｜材质与做工=1｜正版授权=4｜实用性=2｜价格=5｜限定或收藏价值=3,希望材质和做工更扎实,想要更多能日常使用的周边，比如包、杯子、文具和服饰。,False,True,real_anonymous_survey_user_attested,ARK-SURVEY-20260903,Batch owner confirmed real responses; source TXT header was mislabeled.
REAL-ARK-SURVEY-20260903-037,REAL-ARK-SURVEY-20260903-037,,True,batch_owner_attestation,anonymous_questionnaire_batch,anonymous_batch_without_timing,,v2.2-paper-batch,A,18～22岁,6,2.0,玩过《明日方舟》,,False,还没有买过正版周边,0.0,0,德克萨斯,能天使,浊心斯卡蒂,德克萨斯,吧唧（徽章）,5,40.0,官方商城,4,价格合适｜画面或造型设计很好看｜想支持作品或官方,运费太高｜设计不太喜欢,直接降价,75.0,15.0,4,配色｜配件或玩法,是否为正版授权｜实物图和细节｜最终价格,更喜欢A款,角色和画面设计=1｜材质与做工=5｜正版授权=2｜实用性=6｜价格=3｜限定或收藏价值=4,希望增加可替换配件或玩法,希望商品详情页提供更多实拍、尺寸对比和材质说明。,False,True,real_anonymous_survey_user_attested,ARK-SURVEY-20260903,Batch owner confirmed real responses; source TXT header was mislabeled.
REAL-ARK-SURVEY-20260903-038,REAL-ARK-SURVEY-20260903-038,,True,batch_owner_attestation,anonymous_questionnaire_batch,anonymous_batch_without_timing,,v2.2-paper-batch,B,18～22岁,16,84.0,玩过《明日方舟》,750.0,False,没买过方舟正版周边，但买过其他ACG正版周边,750.0,2,煌,诗怀雅,史尔特尔,煌,毛绒玩偶,4,150.0,品牌直播间,4,价格合适｜很喜欢这个角色｜材质和做工让人放心,材质、尺寸或实物效果说不清楚｜设计不太喜欢｜不确定买回来怎么摆或怎么用,积分或会员权益,45.0,312.5,5,配件或玩法｜材质与工艺｜收藏价值,发货时间｜最终价格｜具体尺寸,更喜欢B款,角色和画面设计=2｜材质与做工=3｜正版授权=4｜实用性=5｜价格=1｜限定或收藏价值=6,希望缩短预售和发货周期,希望多做毛绒和桌面摆件，少一点重复款吧唧。,False,True,real_anonymous_survey_user_attested,ARK-SURVEY-20260903,Batch owner confirmed real responses; source TXT header was mislabeled.
REAL-ARK-SURVEY-20260903-039,REAL-ARK-SURVEY-20260903-039,,True,batch_owner_attestation,anonymous_questionnaire_batch,anonymous_batch_without_timing,,v2.2-paper-batch,B,18～22岁,2,,玩过《明日方舟》,400.0,False,没买过方舟正版周边，但买过其他ACG正版周边,350.0,2,维什戴尔,凯尔希,温蒂,维什戴尔,吧唧（徽章）,5,40.0,B站会员购,1,朋友推荐或社区评价很好｜价格合适,担心不是正版｜运费太高｜预售时间太长,直接降价,75.0,20.5,5,画面或造型｜收藏价值,具体尺寸｜是否为正版授权｜发货时间,更喜欢B款,角色和画面设计=4｜材质与做工=2｜正版授权=1｜实用性=5｜价格=3｜限定或收藏价值=6,希望增加可替换配件或玩法,-,False,True,real_anonymous_survey_user_attested,ARK-SURVEY-20260903,Batch owner confirmed real responses; source TXT header was mislabeled.
REAL-ARK-SURVEY-20260903-040,REAL-ARK-SURVEY-20260903-040,,True,batch_owner_attestation,anonymous_questionnaire_batch,anonymous_batch_without_timing,,v2.2-paper-batch,tie,18～22岁,28,48.0,玩过《明日方舟》,50.0,True,买过《明日方舟》官方或正版授权周边,750.0,12,阿米娅,泥岩,斯卡蒂,阿米娅,手办模玩,2,1500.0,B站会员购,3,画面或造型设计很好看｜价格合适,发货进度不透明｜预售时间太长｜价格比预期高,直接降价,45.0,750.5,3,画面或造型｜配色｜角色选择,实物图和细节｜售后规则｜最终价格,两款都可以,角色和画面设计=2｜材质与做工=1｜正版授权=4｜实用性=6｜价格=3｜限定或收藏价值=5,-,-,False,True,real_anonymous_survey_user_attested,ARK-SURVEY-20260903,Batch owner confirmed real responses; source TXT header was mislabeled.
REAL-ARK-SURVEY-20260903-041,REAL-ARK-SURVEY-20260903-041,,True,batch_owner_attestation,anonymous_questionnaire_batch,anonymous_batch_without_timing,,v2.2-paper-batch,tie,27～30岁,16,24.0,玩过《明日方舟》,50.0,False,还没有买过正版周边,0.0,0,史尔特尔,夕,令,史尔特尔,装饰摆件,3,300.0,官方商城,3,画面或造型设计很好看｜平时真的能用到,材质、尺寸或实物效果说不清楚｜运费太高｜价格比预期高,预售特典,75.0,75.5,4,画面或造型｜收藏价值｜角色选择,材质和工艺,两款都不太喜欢,角色和画面设计=1｜材质与做工=2｜正版授权=5｜实用性=6｜价格=3｜限定或收藏价值=4,希望提升日常实用性,没有特别建议，主要还是看角色和成品质量。,False,True,real_anonymous_survey_user_attested,ARK-SURVEY-20260903,Batch owner confirmed real responses; source TXT header was mislabeled.
REAL-ARK-SURVEY-20260903-042,REAL-ARK-SURVEY-20260903-042,,True,batch_owner_attestation,anonymous_questionnaire_batch,anonymous_batch_without_timing,,v2.2-paper-batch,A,18～22岁,2,0.0,没玩过《明日方舟》,,False,还没有买过正版周边,0.0,0,德克萨斯,缪尔赛思,凯尔希,德克萨斯,亚克力制品,1,80.0,淘宝/天猫,1,价格合适｜画面或造型设计很好看｜很喜欢这个角色,不确定买回来怎么摆或怎么用｜售后或退换不方便｜设计不太喜欢,不太在意促销，更看重商品本身,75.0,65.5,1,暂时没有特别吸引我的地方,发货时间｜实物图和细节｜最终价格,更喜欢A款,角色和画面设计=1｜材质与做工=3｜正版授权=4｜实用性=6｜价格=2｜限定或收藏价值=5,希望包装更适合收藏,-,False,True,real_anonymous_survey_user_attested,ARK-SURVEY-20260903,Batch owner confirmed real responses; source TXT header was mislabeled.
REAL-ARK-SURVEY-20260903-043,REAL-ARK-SURVEY-20260903-043,,True,batch_owner_attestation,anonymous_questionnaire_batch,anonymous_batch_without_timing,,v2.2-paper-batch,B,18～22岁,28,84.0,玩过《明日方舟》,200.0,False,没买过方舟正版周边，但买过其他ACG正版周边,2000.0,2,拉普兰德,浊心斯卡蒂,斯卡蒂,拉普兰德,装饰摆件,3,300.0,淘宝/天猫,4,材质和做工让人放心｜有收藏或凑套装的价值,设计不太喜欢｜运费太高｜材质、尺寸或实物效果说不清楚,满额赠品,45.0,150.5,4,实用性｜画面或造型,实物图和细节｜最终价格,更喜欢B款,角色和画面设计=4｜材质与做工=1｜正版授权=3｜实用性=5｜价格=2｜限定或收藏价值=6,希望提升日常实用性,如果有长期补货机制会更愿意购买，不喜欢抢限量。,False,True,real_anonymous_survey_user_attested,ARK-SURVEY-20260903,Batch owner confirmed real responses; source TXT header was mislabeled.
REAL-ARK-SURVEY-20260903-044,REAL-ARK-SURVEY-20260903-044,,True,batch_owner_attestation,anonymous_questionnaire_batch,anonymous_batch_without_timing,,v2.2-paper-batch,tie,23～26岁,2,84.0,玩过《明日方舟》,200.0,True,买过《明日方舟》官方或正版授权周边,3500.0,12,霍尔海雅,夕,凯尔希,霍尔海雅,通行证,4,80.0,线下展会或快闪店,4,材质和做工让人放心｜价格合适｜平时真的能用到,已经有很多同类周边｜材质、尺寸或实物效果说不清楚,满额赠品,135.0,30.5,5,材质与工艺｜画面或造型｜角色选择,最终价格｜发货时间｜是否为正版授权,两款都可以,角色和画面设计=1｜材质与做工=2｜正版授权=6｜实用性=5｜价格=4｜限定或收藏价值=3,-,希望商品详情页提供更多实拍、尺寸对比和材质说明。,False,True,real_anonymous_survey_user_attested,ARK-SURVEY-20260903,Batch owner confirmed real responses; source TXT header was mislabeled.
REAL-ARK-SURVEY-20260903-045,REAL-ARK-SURVEY-20260903-045,,True,batch_owner_attestation,anonymous_questionnaire_batch,anonymous_batch_without_timing,,v2.2-paper-batch,A,23～26岁,0,48.0,玩过《明日方舟》,200.0,False,还没有买过正版周边,0.0,0,能天使,幽灵鲨,锏,能天使,吧唧（徽章）,4,40.0,B站会员购,4,朋友推荐或社区评价很好｜有收藏或凑套装的价值｜价格合适,设计不太喜欢｜材质、尺寸或实物效果说不清楚｜担心不是正版,角色套装更优惠,135.0,20.5,4,尺寸｜材质与工艺｜实用性,具体尺寸｜是否为正版授权｜最终价格,更喜欢A款,角色和画面设计=1｜材质与做工=4｜正版授权=3｜实用性=6｜价格=2｜限定或收藏价值=5,希望缩短预售和发货周期,-,False,True,real_anonymous_survey_user_attested,ARK-SURVEY-20260903,Batch owner confirmed real responses; source TXT header was mislabeled.
REAL-ARK-SURVEY-20260903-046,REAL-ARK-SURVEY-20260903-046,,True,batch_owner_attestation,anonymous_questionnaire_batch,anonymous_batch_without_timing,,v2.2-paper-batch,tie,18～22岁,0,,玩过《明日方舟》,200.0,False,没买过方舟正版周边，但买过其他ACG正版周边,350.0,2,逻各斯,拉普兰德,银灰,逻各斯,日用生活,4,300.0,二手平台,5,价格合适｜朋友推荐或社区评价很好｜有收藏或凑套装的价值,不确定买回来怎么摆或怎么用｜设计不太喜欢｜担心不是正版,包邮,30.0,50.0,4,实用性｜配件或玩法｜尺寸,最终价格｜实物图和细节,两款都不太喜欢,角色和画面设计=1｜材质与做工=2｜正版授权=5｜实用性=6｜价格=3｜限定或收藏价值=4,-,希望包装在保护商品的同时不要过度增加体积和运费。,False,True,real_anonymous_survey_user_attested,ARK-SURVEY-20260903,Batch owner confirmed real responses; source TXT header was mislabeled.
REAL-ARK-SURVEY-20260903-047,REAL-ARK-SURVEY-20260903-047,,True,batch_owner_attestation,anonymous_questionnaire_batch,anonymous_batch_without_timing,,v2.2-paper-batch,B,23～26岁,6,48.0,玩过《明日方舟》,,False,没买过方舟正版周边，但买过其他ACG正版周边,350.0,2,夕,拉普兰德,缪尔赛思,夕,吧唧（徽章）,5,50.0,官方商城,5,很喜欢这个角色,价格比预期高｜发货进度不透明｜设计不太喜欢,直接降价,75.0,20.5,5,角色选择｜收藏价值｜材质与工艺,材质和工艺｜是否容易缺货或限量｜具体尺寸,更喜欢B款,角色和画面设计=1｜材质与做工=5｜正版授权=2｜实用性=4｜价格=3｜限定或收藏价值=6,希望价格再友好一点,-,False,True,real_anonymous_survey_user_attested,ARK-SURVEY-20260903,Batch owner confirmed real responses; source TXT header was mislabeled.
REAL-ARK-SURVEY-20260903-048,REAL-ARK-SURVEY-20260903-048,,True,batch_owner_attestation,anonymous_questionnaire_batch,anonymous_batch_without_timing,,v2.2-paper-batch,tie,18～22岁,0,48.0,玩过《明日方舟》,400.0,True,买过《明日方舟》官方或正版授权周边,2000.0,4,逻各斯,黍,年,逻各斯,手办模玩,1,1000.0,淘宝/天猫,1,价格合适｜想支持作品或官方｜画面或造型设计很好看,不确定买回来怎么摆或怎么用｜担心不是正版,预售特典,75.0,1250.0,4,配件或玩法｜尺寸,实物图和细节｜材质和工艺,两款都可以,角色和画面设计=1｜材质与做工=3｜正版授权=2｜实用性=4｜价格=5｜限定或收藏价值=6,希望包装更适合收藏,希望多出一些冷门角色的周边，不要总集中在少数热门角色。,False,True,real_anonymous_survey_user_attested,ARK-SURVEY-20260903,Batch owner confirmed real responses; source TXT header was mislabeled.
REAL-ARK-SURVEY-20260903-049,REAL-ARK-SURVEY-20260903-049,,True,batch_owner_attestation,anonymous_questionnaire_batch,anonymous_batch_without_timing,,v2.2-paper-batch,tie,18～22岁,6,48.0,玩过《明日方舟》,750.0,False,没买过方舟正版周边，但买过其他ACG正版周边,350.0,12,煌,铃兰,温蒂,煌,亚克力制品,3,100.0,淘宝/天猫,5,价格合适｜很喜欢这个角色｜材质和做工让人放心,发货进度不透明｜不确定买回来怎么摆或怎么用｜价格比预期高,直接降价,0.0,65.5,3,收藏价值｜画面或造型｜实用性,材质和工艺｜发货时间,两款都可以,角色和画面设计=1｜材质与做工=2｜正版授权=5｜实用性=4｜价格=3｜限定或收藏价值=6,希望限定数量不要太少,-,False,True,real_anonymous_survey_user_attested,ARK-SURVEY-20260903,Batch owner confirmed real responses; source TXT header was mislabeled.
REAL-ARK-SURVEY-20260903-050,REAL-ARK-SURVEY-20260903-050,,True,batch_owner_attestation,anonymous_questionnaire_batch,anonymous_batch_without_timing,,v2.2-paper-batch,A,18～22岁,6,48.0,玩过《明日方舟》,50.0,False,还没有买过正版周边,0.0,0,令,艾雅法拉,浊心斯卡蒂,令,亚克力制品,3,60.0,B站会员购,4,有收藏或凑套装的价值｜很喜欢这个角色｜画面或造型设计很好看,价格比预期高｜运费太高｜发货进度不透明,满额赠品,75.0,30.0,4,角色选择｜尺寸｜实用性,实物图和细节｜材质和工艺｜最终价格,更喜欢A款,角色和画面设计=1｜材质与做工=2｜正版授权=3｜实用性=6｜价格=4｜限定或收藏价值=5,-,-,False,True,real_anonymous_survey_user_attested,ARK-SURVEY-20260903,Batch owner confirmed real responses; source TXT header was mislabeled.
REAL-ARK-SURVEY-20260903-051,REAL-ARK-SURVEY-20260903-051,,True,batch_owner_attestation,anonymous_questionnaire_batch,anonymous_batch_without_timing,,v2.2-paper-batch,A,18～22岁,28,48.0,玩过《明日方舟》,750.0,False,没买过方舟正版周边，但买过其他ACG正版周边,3500.0,4,塞雷娅,夕,铃兰,塞雷娅,日用生活,3,300.0,淘宝/天猫,3,很喜欢这个角色｜朋友推荐或社区评价很好,担心不是正版｜设计不太喜欢｜材质、尺寸或实物效果说不清楚,包邮,75.0,250.0,3,配色｜画面或造型｜尺寸,是否为正版授权｜具体尺寸｜最终价格,更喜欢A款,角色和画面设计=2｜材质与做工=1｜正版授权=4｜实用性=6｜价格=5｜限定或收藏价值=3,希望减少容易刮花的材质,想要更多能日常使用的周边，比如包、杯子、文具和服饰。,False,True,real_anonymous_survey_user_attested,ARK-SURVEY-20260903,Batch owner confirmed real responses; source TXT header was mislabeled.
REAL-ARK-SURVEY-20260903-052,REAL-ARK-SURVEY-20260903-052,,True,batch_owner_attestation,anonymous_questionnaire_batch,anonymous_batch_without_timing,,v2.2-paper-batch,tie,18～22岁,6,24.0,玩过《明日方舟》,50.0,False,没买过方舟正版周边，但买过其他ACG正版周边,100.0,2,温蒂,泥岩,能天使,温蒂,装饰摆件,4,400.0,B站会员购,4,价格合适｜有收藏或凑套装的价值｜平时真的能用到,售后或退换不方便｜已经有很多同类周边,不太在意促销，更看重商品本身,75.0,50.0,5,画面或造型｜收藏价值,最终价格｜是否为正版授权,两款都可以,角色和画面设计=1｜材质与做工=3｜正版授权=4｜实用性=2｜价格=5｜限定或收藏价值=6,希望尺寸标注更清楚,-,False,True,real_anonymous_survey_user_attested,ARK-SURVEY-20260903,Batch owner confirmed real responses; source TXT header was mislabeled.
REAL-ARK-SURVEY-20260903-053,REAL-ARK-SURVEY-20260903-053,,True,batch_owner_attestation,anonymous_questionnaire_batch,anonymous_batch_without_timing,,v2.2-paper-batch,A,18～22岁,2,24.0,玩过《明日方舟》,0.0,False,没买过方舟正版周边，但买过其他ACG正版周边,100.0,2,能天使,夕,令,能天使,日用生活,2,300.0,淘宝/天猫,5,价格合适｜是限定、联名或活动纪念款｜有收藏或凑套装的价值,价格比预期高｜发货进度不透明｜不确定买回来怎么摆或怎么用,满额赠品,45.0,75.5,2,暂时没有特别吸引我的地方,最终价格｜实物图和细节｜材质和工艺,更喜欢A款,角色和画面设计=1｜材质与做工=2｜正版授权=4｜实用性=6｜价格=3｜限定或收藏价值=5,希望尺寸标注更清楚,没有特别建议，主要还是看角色和成品质量。,False,True,real_anonymous_survey_user_attested,ARK-SURVEY-20260903,Batch owner confirmed real responses; source TXT header was mislabeled.
REAL-ARK-SURVEY-20260903-054,REAL-ARK-SURVEY-20260903-054,,True,batch_owner_attestation,anonymous_questionnaire_batch,anonymous_batch_without_timing,,v2.2-paper-batch,A,18～22岁,28,48.0,玩过《明日方舟》,50.0,False,没买过方舟正版周边，但买过其他ACG正版周边,350.0,2,塞雷娅,德克萨斯,霍尔海雅,塞雷娅,亚克力制品,3,120.0,淘宝/天猫,3,很喜欢这个角色｜想支持作品或官方｜画面或造型设计很好看,预售时间太长｜售后或退换不方便｜担心不是正版,包邮,45.0,100.0,4,角色选择｜材质与工艺｜收藏价值,材质和工艺｜实物图和细节｜是否为正版授权,更喜欢A款,角色和画面设计=2｜材质与做工=1｜正版授权=3｜实用性=6｜价格=5｜限定或收藏价值=4,希望限定数量不要太少,希望线下快闪和线上商城的库存分配更合理。,False,True,real_anonymous_survey_user_attested,ARK-SURVEY-20260903,Batch owner confirmed real responses; source TXT header was mislabeled.
REAL-ARK-SURVEY-20260903-055,REAL-ARK-SURVEY-20260903-055,,True,batch_owner_attestation,anonymous_questionnaire_batch,anonymous_batch_without_timing,,v2.2-paper-batch,B,18～22岁,16,48.0,玩过《明日方舟》,200.0,False,没买过方舟正版周边，但买过其他ACG正版周边,750.0,2,逻各斯,伊芙利特,煌,逻各斯,手办模玩,4,800.0,线下展会或快闪店,4,有收藏或凑套装的价值｜是限定、联名或活动纪念款,设计不太喜欢｜材质、尺寸或实物效果说不清楚｜担心不是正版,不太在意促销，更看重商品本身,135.0,1250.0,5,角色选择｜收藏价值｜画面或造型,最终价格｜是否为正版授权｜实物图和细节,更喜欢B款,角色和画面设计=1｜材质与做工=3｜正版授权=5｜实用性=4｜价格=2｜限定或收藏价值=6,希望提升日常实用性,可以接受联名，但希望不要为了限定把价格抬得太高。,False,True,real_anonymous_survey_user_attested,ARK-SURVEY-20260903,Batch owner confirmed real responses; source TXT header was mislabeled.
REAL-ARK-SURVEY-20260903-056,REAL-ARK-SURVEY-20260903-056,,True,batch_owner_attestation,anonymous_questionnaire_batch,anonymous_batch_without_timing,,v2.2-paper-batch,A,18～22岁,0,0.0,没玩过《明日方舟》,50.0,False,没买过方舟正版周边，但买过其他ACG正版周边,100.0,2,棘刺,泥岩,W,棘刺,手办模玩,3,1500.0,官方商城,3,是限定、联名或活动纪念款｜有收藏或凑套装的价值,运费太高｜不确定买回来怎么摆或怎么用｜价格比预期高,预售特典,45.0,200.0,2,暂时没有特别吸引我的地方,具体尺寸｜发货时间,更喜欢A款,角色和画面设计=1｜材质与做工=4｜正版授权=3｜实用性=5｜价格=2｜限定或收藏价值=6,希望缩短预售和发货周期,-,False,True,real_anonymous_survey_user_attested,ARK-SURVEY-20260903,Batch owner confirmed real responses; source TXT header was mislabeled.
REAL-ARK-SURVEY-20260903-057,REAL-ARK-SURVEY-20260903-057,,True,batch_owner_attestation,anonymous_questionnaire_batch,anonymous_batch_without_timing,,v2.2-paper-batch,B,18～22岁,16,24.0,玩过《明日方舟》,50.0,False,还没有买过正版周边,0.0,0,年,煌,玛恩纳,年,手办模玩,3,1500.0,B站会员购,3,有收藏或凑套装的价值｜价格合适,不确定买回来怎么摆或怎么用｜设计不太喜欢｜发货进度不透明,预售特典,75.0,350.5,3,尺寸｜配件或玩法｜收藏价值,是否容易缺货或限量｜是否为正版授权｜最终价格,更喜欢B款,角色和画面设计=1｜材质与做工=4｜正版授权=3｜实用性=5｜价格=2｜限定或收藏价值=6,-,没有特别建议，主要还是看角色和成品质量。,False,True,real_anonymous_survey_user_attested,ARK-SURVEY-20260903,Batch owner confirmed real responses; source TXT header was mislabeled.
REAL-ARK-SURVEY-20260903-058,REAL-ARK-SURVEY-20260903-058,,True,batch_owner_attestation,anonymous_questionnaire_batch,anonymous_batch_without_timing,,v2.2-paper-batch,A,18～22岁,16,48.0,玩过《明日方舟》,50.0,False,没买过方舟正版周边，但买过其他ACG正版周边,350.0,2,阿米娅,玛恩纳,维什戴尔,阿米娅,通行证,4,50.0,淘宝/天猫,5,材质和做工让人放心｜是限定、联名或活动纪念款｜很喜欢这个角色,运费太高｜预售时间太长｜材质、尺寸或实物效果说不清楚,直接降价,45.0,20.0,3,画面或造型,材质和工艺,更喜欢A款,角色和画面设计=5｜材质与做工=1｜正版授权=4｜实用性=3｜价格=6｜限定或收藏价值=2,希望配色更贴近角色原设,希望同一角色能做统一主题套装，方便收藏。,False,True,real_anonymous_survey_user_attested,ARK-SURVEY-20260903,Batch owner confirmed real responses; source TXT header was mislabeled.
REAL-ARK-SURVEY-20260903-059,REAL-ARK-SURVEY-20260903-059,,True,batch_owner_attestation,anonymous_questionnaire_batch,anonymous_batch_without_timing,,v2.2-paper-batch,B,18～22岁,6,,玩过《明日方舟》,50.0,True,买过《明日方舟》官方或正版授权周边,2000.0,12,幽灵鲨,拉普兰德,阿米娅,幽灵鲨,毛绒玩偶,4,,淘宝/天猫,4,朋友推荐或社区评价很好,发货进度不透明｜价格比预期高,预售特典,75.0,115.5,4,材质与工艺｜画面或造型,最终价格｜实物图和细节,更喜欢B款,角色和画面设计=3｜材质与做工=1｜正版授权=2｜实用性=5｜价格=4｜限定或收藏价值=6,-,没有特别建议，主要还是看角色和成品质量。,False,True,real_anonymous_survey_user_attested,ARK-SURVEY-20260903,Batch owner confirmed real responses; source TXT header was mislabeled.
REAL-ARK-SURVEY-20260903-060,REAL-ARK-SURVEY-20260903-060,,True,batch_owner_attestation,anonymous_questionnaire_batch,anonymous_batch_without_timing,,v2.2-paper-batch,B,18～22岁,28,48.0,玩过《明日方舟》,400.0,True,买过《明日方舟》官方或正版授权周边,100.0,8,维什戴尔,拉普兰德,煌,维什戴尔,日用生活,5,300.0,官方商城,4,价格合适｜是限定、联名或活动纪念款｜朋友推荐或社区评价很好,价格比预期高｜设计不太喜欢｜预售时间太长,角色套装更优惠,75.0,50.0,3,画面或造型｜角色选择｜配件或玩法,最终价格｜实物图和细节｜售后规则,更喜欢B款,角色和画面设计=1｜材质与做工=2｜正版授权=4｜实用性=5｜价格=3｜限定或收藏价值=6,希望价格再友好一点,-,False,True,real_anonymous_survey_user_attested,ARK-SURVEY-20260903,Batch owner confirmed real responses; source TXT header was mislabeled.
REAL-ARK-SURVEY-20260903-061,REAL-ARK-SURVEY-20260903-061,,True,batch_owner_attestation,anonymous_questionnaire_batch,anonymous_batch_without_timing,,v2.2-paper-batch,tie,18～22岁,28,2.0,玩过《明日方舟》,750.0,True,买过《明日方舟》官方或正版授权周边,750.0,8,浊心斯卡蒂,夜莺,能天使,浊心斯卡蒂,装饰摆件,2,100.0,品牌直播间,5,朋友推荐或社区评价很好｜想支持作品或官方,不确定买回来怎么摆或怎么用｜设计不太喜欢｜价格比预期高,直接降价,,75.5,2,暂时没有特别吸引我的地方,材质和工艺｜发货时间,两款都可以,角色和画面设计=1｜材质与做工=2｜正版授权=4｜实用性=3｜价格=6｜限定或收藏价值=5,希望提升日常实用性,-,False,True,real_anonymous_survey_user_attested,ARK-SURVEY-20260903,Batch owner confirmed real responses; source TXT header was mislabeled.
REAL-ARK-SURVEY-20260903-062,REAL-ARK-SURVEY-20260903-062,,True,batch_owner_attestation,anonymous_questionnaire_batch,anonymous_batch_without_timing,,v2.2-paper-batch,B,18～22岁,16,84.0,玩过《明日方舟》,1200.0,True,买过《明日方舟》官方或正版授权周边,100.0,2,斯卡蒂,玛恩纳,年,斯卡蒂,手办模玩,4,500.0,淘宝/天猫,3,很喜欢这个角色｜价格合适,不确定买回来怎么摆或怎么用｜运费太高｜设计不太喜欢,满额赠品,45.0,750.5,4,材质与工艺｜实用性｜配件或玩法,实物图和细节｜材质和工艺｜具体尺寸,更喜欢B款,角色和画面设计=1｜材质与做工=3｜正版授权=6｜实用性=5｜价格=2｜限定或收藏价值=4,-,没有特别建议，主要还是看角色和成品质量。,False,True,real_anonymous_survey_user_attested,ARK-SURVEY-20260903,Batch owner confirmed real responses; source TXT header was mislabeled.
REAL-ARK-SURVEY-20260903-063,REAL-ARK-SURVEY-20260903-063,,True,batch_owner_attestation,anonymous_questionnaire_batch,anonymous_batch_without_timing,,v2.2-paper-batch,tie,23～26岁,2,48.0,玩过《明日方舟》,400.0,False,没买过方舟正版周边，但买过其他ACG正版周边,100.0,2,温蒂,玛恩纳,伊芙利特,温蒂,手办模玩,3,1000.0,官方商城,5,平时真的能用到｜想支持作品或官方｜很喜欢这个角色,材质、尺寸或实物效果说不清楚｜价格比预期高｜设计不太喜欢,满额赠品,30.0,350.5,4,画面或造型｜收藏价值｜材质与工艺,实物图和细节｜具体尺寸｜是否容易缺货或限量,两款都可以,角色和画面设计=1｜材质与做工=3｜正版授权=4｜实用性=5｜价格=2｜限定或收藏价值=6,希望减少容易刮花的材质,希望多出一些冷门角色的周边，不要总集中在少数热门角色。,False,True,real_anonymous_survey_user_attested,ARK-SURVEY-20260903,Batch owner confirmed real responses; source TXT header was mislabeled.
REAL-ARK-SURVEY-20260903-064,REAL-ARK-SURVEY-20260903-064,,True,batch_owner_attestation,anonymous_questionnaire_batch,anonymous_batch_without_timing,,v2.2-paper-batch,B,18～22岁,16,24.0,玩过《明日方舟》,400.0,True,买过《明日方舟》官方或正版授权周边,2000.0,12,维什戴尔,塞雷娅,浊心斯卡蒂,维什戴尔,亚克力制品,4,150.0,线下展会或快闪店,5,是限定、联名或活动纪念款｜很喜欢这个角色,设计不太喜欢｜价格比预期高｜发货进度不透明,预售特典,30.0,30.0,3,尺寸｜配色｜画面或造型,材质和工艺｜具体尺寸｜实物图和细节,更喜欢B款,角色和画面设计=2｜材质与做工=1｜正版授权=3｜实用性=4｜价格=6｜限定或收藏价值=5,-,希望同一角色能做统一主题套装，方便收藏。,False,True,real_anonymous_survey_user_attested,ARK-SURVEY-20260903,Batch owner confirmed real responses; source TXT header was mislabeled.
REAL-ARK-SURVEY-20260903-065,REAL-ARK-SURVEY-20260903-065,,True,batch_owner_attestation,anonymous_questionnaire_batch,anonymous_batch_without_timing,,v2.2-paper-batch,B,18～22岁,2,0.0,没玩过《明日方舟》,400.0,False,没买过方舟正版周边，但买过其他ACG正版周边,750.0,4,幽灵鲨,年,史尔特尔,幽灵鲨,吧唧（徽章）,3,60.0,官方商城,5,很喜欢这个角色｜画面或造型设计很好看,售后或退换不方便｜预售时间太长｜不确定买回来怎么摆或怎么用,不太在意促销，更看重商品本身,30.0,15.0,3,配色｜角色选择｜配件或玩法,材质和工艺｜是否为正版授权｜发货时间,更喜欢B款,角色和画面设计=3｜材质与做工=4｜正版授权=2｜实用性=5｜价格=1｜限定或收藏价值=6,希望增加可替换配件或玩法,希望官方把预售周期和发货进度写得更透明。,False,True,real_anonymous_survey_user_attested,ARK-SURVEY-20260903,Batch owner confirmed real responses; source TXT header was mislabeled.
REAL-ARK-SURVEY-20260903-066,REAL-ARK-SURVEY-20260903-066,,True,batch_owner_attestation,anonymous_questionnaire_batch,anonymous_batch_without_timing,,v2.2-paper-batch,tie,18～22岁,2,0.0,没玩过《明日方舟》,,False,没买过方舟正版周边，但买过其他ACG正版周边,750.0,2,史尔特尔,缪尔赛思,令,史尔特尔,亚克力制品,2,80.0,线下展会或快闪店,3,有收藏或凑套装的价值｜很喜欢这个角色｜朋友推荐或社区评价很好,价格比预期高｜发货进度不透明｜已经有很多同类周边,不太在意促销，更看重商品本身,30.0,30.0,1,暂时没有特别吸引我的地方,是否容易缺货或限量｜实物图和细节｜是否为正版授权,两款都可以,角色和画面设计=4｜材质与做工=5｜正版授权=2｜实用性=3｜价格=1｜限定或收藏价值=6,-,希望多出一些冷门角色的周边，不要总集中在少数热门角色。,False,True,real_anonymous_survey_user_attested,ARK-SURVEY-20260903,Batch owner confirmed real responses; source TXT header was mislabeled.
REAL-ARK-SURVEY-20260903-067,REAL-ARK-SURVEY-20260903-067,,True,batch_owner_attestation,anonymous_questionnaire_batch,anonymous_batch_without_timing,,v2.2-paper-batch,tie,18～22岁,2,0.0,没玩过《明日方舟》,,False,没买过方舟正版周边，但买过其他ACG正版周边,100.0,2,泥岩,塞雷娅,霍尔海雅,泥岩,手办模玩,3,800.0,B站会员购,4,画面或造型设计很好看｜是限定、联名或活动纪念款｜材质和做工让人放心,已经有很多同类周边｜价格比预期高,积分或会员权益,0.0,350.5,3,画面或造型｜收藏价值｜实用性,发货时间,两款都可以,角色和画面设计=1｜材质与做工=3｜正版授权=4｜实用性=6｜价格=2｜限定或收藏价值=5,希望缩短预售和发货周期,-,False,True,real_anonymous_survey_user_attested,ARK-SURVEY-20260903,Batch owner confirmed real responses; source TXT header was mislabeled.
REAL-ARK-SURVEY-20260903-068,REAL-ARK-SURVEY-20260903-068,,True,batch_owner_attestation,anonymous_questionnaire_batch,anonymous_batch_without_timing,,v2.2-paper-batch,A,23～26岁,2,24.0,玩过《明日方舟》,200.0,True,买过《明日方舟》官方或正版授权周边,750.0,8,史尔特尔,凯尔希,W,史尔特尔,手办模玩,2,800.0,官方商城,1,有收藏或凑套装的价值｜价格合适｜画面或造型设计很好看,设计不太喜欢｜已经有很多同类周边｜运费太高,不太在意促销，更看重商品本身,135.0,750.5,3,配色｜收藏价值｜配件或玩法,发货时间｜具体尺寸｜最终价格,更喜欢A款,角色和画面设计=1｜材质与做工=3｜正版授权=4｜实用性=2｜价格=5｜限定或收藏价值=6,希望限定数量不要太少,想要更多能日常使用的周边，比如包、杯子、文具和服饰。,False,True,real_anonymous_survey_user_attested,ARK-SURVEY-20260903,Batch owner confirmed real responses; source TXT header was mislabeled.
REAL-ARK-SURVEY-20260903-069,REAL-ARK-SURVEY-20260903-069,,True,batch_owner_attestation,anonymous_questionnaire_batch,anonymous_batch_without_timing,,v2.2-paper-batch,tie,18～22岁,16,24.0,玩过《明日方舟》,400.0,True,买过《明日方舟》官方或正版授权周边,100.0,4,浊心斯卡蒂,阿米娅,拉普兰德,浊心斯卡蒂,日用生活,4,200.0,淘宝/天猫,4,价格合适｜有收藏或凑套装的价值｜想支持作品或官方,售后或退换不方便｜不确定买回来怎么摆或怎么用｜材质、尺寸或实物效果说不清楚,包邮,,150.5,5,实用性｜画面或造型｜角色选择,材质和工艺｜最终价格｜发货时间,两款都可以,角色和画面设计=1｜材质与做工=2｜正版授权=4｜实用性=5｜价格=3｜限定或收藏价值=6,-,希望商品详情页提供更多实拍、尺寸对比和材质说明。,False,True,real_anonymous_survey_user_attested,ARK-SURVEY-20260903,Batch owner confirmed real responses; source TXT header was mislabeled.
REAL-ARK-SURVEY-20260903-070,REAL-ARK-SURVEY-20260903-070,,True,batch_owner_attestation,anonymous_questionnaire_batch,anonymous_batch_without_timing,,v2.2-paper-batch,A,23～26岁,6,84.0,玩过《明日方舟》,400.0,False,没买过方舟正版周边，但买过其他ACG正版周边,,12,霍尔海雅,令,凯尔希,霍尔海雅,亚克力制品,4,60.0,淘宝/天猫,5,想支持作品或官方｜画面或造型设计很好看｜是限定、联名或活动纪念款,价格比预期高｜发货进度不透明｜预售时间太长,包邮,75.0,40.5,4,角色选择｜画面或造型｜配件或玩法,具体尺寸｜最终价格｜售后规则,更喜欢A款,角色和画面设计=1｜材质与做工=4｜正版授权=5｜实用性=3｜价格=6｜限定或收藏价值=2,-,希望多出一些冷门角色的周边，不要总集中在少数热门角色。,False,True,real_anonymous_survey_user_attested,ARK-SURVEY-20260903,Batch owner confirmed real responses; source TXT header was mislabeled.
REAL-ARK-SURVEY-20260903-071,REAL-ARK-SURVEY-20260903-071,,True,batch_owner_attestation,anonymous_questionnaire_batch,anonymous_batch_without_timing,,v2.2-paper-batch,B,18～22岁,0,0.0,没玩过《明日方舟》,50.0,False,没买过方舟正版周边，但买过其他ACG正版周边,100.0,2,史尔特尔,能天使,逻各斯,史尔特尔,亚克力制品,2,80.0,二手平台,4,画面或造型设计很好看｜是限定、联名或活动纪念款｜价格合适,不确定买回来怎么摆或怎么用｜发货进度不透明｜担心不是正版,积分或会员权益,45.0,40.5,3,画面或造型｜配色｜实用性,最终价格｜材质和工艺,更喜欢B款,角色和画面设计=3｜材质与做工=6｜正版授权=4｜实用性=1｜价格=2｜限定或收藏价值=5,希望材质和做工更扎实,希望商品详情页提供更多实拍、尺寸对比和材质说明。,False,True,real_anonymous_survey_user_attested,ARK-SURVEY-20260903,Batch owner confirmed real responses; source TXT header was mislabeled.
REAL-ARK-SURVEY-20260903-072,REAL-ARK-SURVEY-20260903-072,,True,batch_owner_attestation,anonymous_questionnaire_batch,anonymous_batch_without_timing,,v2.2-paper-batch,A,18～22岁,2,0.0,没玩过《明日方舟》,200.0,False,没买过方舟正版周边，但买过其他ACG正版周边,100.0,2,塞雷娅,银灰,夜莺,塞雷娅,毛绒玩偶,3,200.0,淘宝/天猫,3,平时真的能用到｜想支持作品或官方｜很喜欢这个角色,担心不是正版｜预售时间太长,不太在意促销，更看重商品本身,,115.5,3,画面或造型｜材质与工艺｜角色选择,是否容易缺货或限量,更喜欢A款,角色和画面设计=1｜材质与做工=3｜正版授权=4｜实用性=5｜价格=2｜限定或收藏价值=6,-,想要更多能日常使用的周边，比如包、杯子、文具和服饰。,False,True,real_anonymous_survey_user_attested,ARK-SURVEY-20260903,Batch owner confirmed real responses; source TXT header was mislabeled.
REAL-ARK-SURVEY-20260903-073,REAL-ARK-SURVEY-20260903-073,,True,batch_owner_attestation,anonymous_questionnaire_batch,anonymous_batch_without_timing,,v2.2-paper-batch,B,18～22岁,28,,玩过《明日方舟》,400.0,False,没买过方舟正版周边，但买过其他ACG正版周边,350.0,4,艾雅法拉,陈,维什戴尔,艾雅法拉,装饰摆件,3,400.0,B站会员购,4,想支持作品或官方｜材质和做工让人放心｜画面或造型设计很好看,担心不是正版｜发货进度不透明,满额赠品,0.0,50.0,4,角色选择｜画面或造型,发货时间｜最终价格,更喜欢B款,角色和画面设计=4｜材质与做工=1｜正版授权=3｜实用性=6｜价格=2｜限定或收藏价值=5,-,没有特别建议，主要还是看角色和成品质量。,False,True,real_anonymous_survey_user_attested,ARK-SURVEY-20260903,Batch owner confirmed real responses; source TXT header was mislabeled.
REAL-ARK-SURVEY-20260903-074,REAL-ARK-SURVEY-20260903-074,,True,batch_owner_attestation,anonymous_questionnaire_batch,anonymous_batch_without_timing,,v2.2-paper-batch,tie,18～22岁,16,48.0,玩过《明日方舟》,0.0,False,还没有买过正版周边,0.0,0,凯尔希,煌,斯卡蒂,凯尔希,通行证,3,80.0,品牌直播间,1,画面或造型设计很好看,运费太高｜设计不太喜欢｜价格比预期高,直接降价,75.0,20.0,5,配件或玩法｜实用性｜画面或造型,最终价格｜是否容易缺货或限量｜是否为正版授权,两款都可以,角色和画面设计=1｜材质与做工=4｜正版授权=2｜实用性=6｜价格=5｜限定或收藏价值=3,希望限定数量不要太少,没有特别建议，主要还是看角色和成品质量。,False,True,real_anonymous_survey_user_attested,ARK-SURVEY-20260903,Batch owner confirmed real responses; source TXT header was mislabeled.
REAL-ARK-SURVEY-20260903-075,REAL-ARK-SURVEY-20260903-075,,True,batch_owner_attestation,anonymous_questionnaire_batch,anonymous_batch_without_timing,,v2.2-paper-batch,B,18～22岁,16,,玩过《明日方舟》,400.0,True,买过《明日方舟》官方或正版授权周边,350.0,8,幽灵鲨,德克萨斯,陈,幽灵鲨,手办模玩,4,1000.0,B站会员购,4,材质和做工让人放心｜有收藏或凑套装的价值,材质、尺寸或实物效果说不清楚｜价格比预期高,预售特典,30.0,750.5,4,尺寸,实物图和细节｜材质和工艺｜发货时间,更喜欢B款,角色和画面设计=1｜材质与做工=3｜正版授权=6｜实用性=4｜价格=2｜限定或收藏价值=5,希望限定数量不要太少,希望多做毛绒和桌面摆件，少一点重复款吧唧。,False,True,real_anonymous_survey_user_attested,ARK-SURVEY-20260903,Batch owner confirmed real responses; source TXT header was mislabeled.
REAL-ARK-SURVEY-20260903-076,REAL-ARK-SURVEY-20260903-076,,True,batch_owner_attestation,anonymous_questionnaire_batch,anonymous_batch_without_timing,,v2.2-paper-batch,A,18～22岁,28,24.0,玩过《明日方舟》,0.0,False,还没有买过正版周边,0.0,0,年,维什戴尔,黍,年,亚克力制品,4,80.0,B站会员购,5,画面或造型设计很好看｜是限定、联名或活动纪念款,不确定买回来怎么摆或怎么用｜价格比预期高,满额赠品,30.0,40.5,4,收藏价值｜尺寸｜实用性,发货时间｜最终价格｜实物图和细节,更喜欢A款,角色和画面设计=1｜材质与做工=3｜正版授权=5｜实用性=4｜价格=2｜限定或收藏价值=6,希望提升日常实用性,-,False,True,real_anonymous_survey_user_attested,ARK-SURVEY-20260903,Batch owner confirmed real responses; source TXT header was mislabeled.
REAL-ARK-SURVEY-20260903-077,REAL-ARK-SURVEY-20260903-077,,True,batch_owner_attestation,anonymous_questionnaire_batch,anonymous_batch_without_timing,,v2.2-paper-batch,tie,18～22岁,6,24.0,玩过《明日方舟》,400.0,True,买过《明日方舟》官方或正版授权周边,350.0,8,维什戴尔,煌,令,维什戴尔,手办模玩,4,1000.0,淘宝/天猫,3,想支持作品或官方｜材质和做工让人放心,价格比预期高｜售后或退换不方便｜材质、尺寸或实物效果说不清楚,预售特典,75.0,750.5,2,暂时没有特别吸引我的地方,最终价格｜具体尺寸,两款都可以,角色和画面设计=1｜材质与做工=2｜正版授权=5｜实用性=6｜价格=3｜限定或收藏价值=4,希望包装更适合收藏,希望同一角色能做统一主题套装，方便收藏。,False,True,real_anonymous_survey_user_attested,ARK-SURVEY-20260903,Batch owner confirmed real responses; source TXT header was mislabeled.
REAL-ARK-SURVEY-20260903-078,REAL-ARK-SURVEY-20260903-078,,True,batch_owner_attestation,anonymous_questionnaire_batch,anonymous_batch_without_timing,,v2.2-paper-batch,A,18～22岁,28,,玩过《明日方舟》,1200.0,True,买过《明日方舟》官方或正版授权周边,2000.0,4,煌,黍,维什戴尔,煌,日用生活,3,500.0,淘宝/天猫,5,很喜欢这个角色｜有收藏或凑套装的价值｜画面或造型设计很好看,售后或退换不方便｜材质、尺寸或实物效果说不清楚｜发货进度不透明,满额赠品,45.0,75.5,1,收藏价值,最终价格｜实物图和细节｜发货时间,更喜欢A款,角色和画面设计=1｜材质与做工=2｜正版授权=5｜实用性=4｜价格=3｜限定或收藏价值=6,希望尺寸标注更清楚,可以接受联名，但希望不要为了限定把价格抬得太高。,False,True,real_anonymous_survey_user_attested,ARK-SURVEY-20260903,Batch owner confirmed real responses; source TXT header was mislabeled.
REAL-ARK-SURVEY-20260903-079,REAL-ARK-SURVEY-20260903-079,,True,batch_owner_attestation,anonymous_questionnaire_batch,anonymous_batch_without_timing,,v2.2-paper-batch,B,18～22岁,6,0.0,没玩过《明日方舟》,0.0,False,没买过方舟正版周边，但买过其他ACG正版周边,100.0,2,塞雷娅,浊心斯卡蒂,霍尔海雅,塞雷娅,毛绒玩偶,4,250.0,线下展会或快闪店,5,材质和做工让人放心｜朋友推荐或社区评价很好｜有收藏或凑套装的价值,售后或退换不方便｜担心不是正版,角色套装更优惠,45.0,80.0,3,配色｜实用性,材质和工艺｜最终价格｜是否容易缺货或限量,更喜欢B款,角色和画面设计=1｜材质与做工=5｜正版授权=2｜实用性=6｜价格=3｜限定或收藏价值=4,希望减少容易刮花的材质,没有特别建议，主要还是看角色和成品质量。,False,True,real_anonymous_survey_user_attested,ARK-SURVEY-20260903,Batch owner confirmed real responses; source TXT header was mislabeled.
REAL-ARK-SURVEY-20260903-080,REAL-ARK-SURVEY-20260903-080,,True,batch_owner_attestation,anonymous_questionnaire_batch,anonymous_batch_without_timing,,v2.2-paper-batch,B,18～22岁,6,84.0,玩过《明日方舟》,400.0,False,没买过方舟正版周边，但买过其他ACG正版周边,750.0,4,浊心斯卡蒂,逻各斯,幽灵鲨,浊心斯卡蒂,亚克力制品,3,120.0,官方商城,4,朋友推荐或社区评价很好,不确定买回来怎么摆或怎么用｜运费太高｜发货进度不透明,直接降价,30.0,40.5,2,实用性,具体尺寸｜材质和工艺,更喜欢B款,角色和画面设计=1｜材质与做工=5｜正版授权=4｜实用性=6｜价格=2｜限定或收藏价值=3,-,-,False,True,real_anonymous_survey_user_attested,ARK-SURVEY-20260903,Batch owner confirmed real responses; source TXT header was mislabeled.
REAL-ARK-SURVEY-20260903-081,REAL-ARK-SURVEY-20260903-081,,True,batch_owner_attestation,anonymous_questionnaire_batch,anonymous_batch_without_timing,,v2.2-paper-batch,A,18～22岁,28,,玩过《明日方舟》,200.0,False,没买过方舟正版周边，但买过其他ACG正版周边,100.0,2,凯尔希,夜莺,陈,凯尔希,亚克力制品,2,60.0,线下展会或快闪店,3,朋友推荐或社区评价很好｜材质和做工让人放心｜很喜欢这个角色,运费太高｜材质、尺寸或实物效果说不清楚｜已经有很多同类周边,不太在意促销，更看重商品本身,75.0,40.5,3,收藏价值｜角色选择｜实用性,具体尺寸｜实物图和细节,更喜欢A款,角色和画面设计=3｜材质与做工=1｜正版授权=4｜实用性=6｜价格=2｜限定或收藏价值=5,-,可以接受联名，但希望不要为了限定把价格抬得太高。,False,True,real_anonymous_survey_user_attested,ARK-SURVEY-20260903,Batch owner confirmed real responses; source TXT header was mislabeled.
REAL-ARK-SURVEY-20260903-082,REAL-ARK-SURVEY-20260903-082,,True,batch_owner_attestation,anonymous_questionnaire_batch,anonymous_batch_without_timing,,v2.2-paper-batch,A,18～22岁,16,2.0,玩过《明日方舟》,50.0,False,没买过方舟正版周边，但买过其他ACG正版周边,350.0,2,玛恩纳,W,拉普兰德,玛恩纳,装饰摆件,3,100.0,淘宝/天猫,3,朋友推荐或社区评价很好｜画面或造型设计很好看｜很喜欢这个角色,设计不太喜欢｜材质、尺寸或实物效果说不清楚｜预售时间太长,包邮,0.0,150.5,3,角色选择｜配色,是否为正版授权｜发货时间｜实物图和细节,更喜欢A款,角色和画面设计=3｜材质与做工=5｜正版授权=4｜实用性=6｜价格=2｜限定或收藏价值=1,希望包装更适合收藏,-,False,True,real_anonymous_survey_user_attested,ARK-SURVEY-20260903,Batch owner confirmed real responses; source TXT header was mislabeled.
REAL-ARK-SURVEY-20260903-083,REAL-ARK-SURVEY-20260903-083,,True,batch_owner_attestation,anonymous_questionnaire_batch,anonymous_batch_without_timing,,v2.2-paper-batch,A,18～22岁,28,84.0,玩过《明日方舟》,0.0,True,买过《明日方舟》官方或正版授权周边,350.0,4,幽灵鲨,年,棘刺,幽灵鲨,毛绒玩偶,4,200.0,官方商城,5,有收藏或凑套装的价值｜价格合适｜画面或造型设计很好看,设计不太喜欢｜运费太高,直接降价,,80.0,3,材质与工艺｜角色选择,材质和工艺｜是否为正版授权｜具体尺寸,更喜欢A款,角色和画面设计=2｜材质与做工=4｜正版授权=1｜实用性=5｜价格=3｜限定或收藏价值=6,希望增加可替换配件或玩法,-,False,True,real_anonymous_survey_user_attested,ARK-SURVEY-20260903,Batch owner confirmed real responses; source TXT header was mislabeled.
REAL-ARK-SURVEY-20260903-084,REAL-ARK-SURVEY-20260903-084,,True,batch_owner_attestation,anonymous_questionnaire_batch,anonymous_batch_without_timing,,v2.2-paper-batch,A,18～22岁,6,0.0,没玩过《明日方舟》,50.0,False,没买过方舟正版周边，但买过其他ACG正版周边,350.0,4,棘刺,维什戴尔,阿米娅,棘刺,装饰摆件,2,100.0,B站会员购,4,材质和做工让人放心｜想支持作品或官方,担心不是正版｜发货进度不透明｜运费太高,预售特典,0.0,75.5,3,尺寸｜材质与工艺,具体尺寸｜是否为正版授权｜发货时间,更喜欢A款,角色和画面设计=2｜材质与做工=1｜正版授权=5｜实用性=3｜价格=4｜限定或收藏价值=6,-,想要更多能日常使用的周边，比如包、杯子、文具和服饰。,False,True,real_anonymous_survey_user_attested,ARK-SURVEY-20260903,Batch owner confirmed real responses; source TXT header was mislabeled.
REAL-ARK-SURVEY-20260903-085,REAL-ARK-SURVEY-20260903-085,,True,batch_owner_attestation,anonymous_questionnaire_batch,anonymous_batch_without_timing,,v2.2-paper-batch,A,18～22岁,28,84.0,玩过《明日方舟》,400.0,True,买过《明日方舟》官方或正版授权周边,3500.0,12,浊心斯卡蒂,德克萨斯,史尔特尔,浊心斯卡蒂,亚克力制品,4,80.0,官方商城,4,很喜欢这个角色｜有收藏或凑套装的价值｜朋友推荐或社区评价很好,材质、尺寸或实物效果说不清楚｜已经有很多同类周边｜预售时间太长,不太在意促销，更看重商品本身,75.0,65.5,5,画面或造型｜收藏价值,具体尺寸｜实物图和细节｜最终价格,更喜欢A款,角色和画面设计=1｜材质与做工=2｜正版授权=4｜实用性=6｜价格=3｜限定或收藏价值=5,希望增加可替换配件或玩法,没有特别建议，主要还是看角色和成品质量。,False,True,real_anonymous_survey_user_attested,ARK-SURVEY-20260903,Batch owner confirmed real responses; source TXT header was mislabeled.
REAL-ARK-SURVEY-20260903-086,REAL-ARK-SURVEY-20260903-086,,True,batch_owner_attestation,anonymous_questionnaire_batch,anonymous_batch_without_timing,,v2.2-paper-batch,A,18～22岁,16,48.0,玩过《明日方舟》,200.0,False,没买过方舟正版周边，但买过其他ACG正版周边,350.0,8,缪尔赛思,幽灵鲨,铃兰,缪尔赛思,装饰摆件,3,100.0,B站会员购,4,平时真的能用到｜有收藏或凑套装的价值｜材质和做工让人放心,价格比预期高｜设计不太喜欢,角色套装更优惠,45.0,75.5,3,材质与工艺｜画面或造型｜配色,售后规则｜是否容易缺货或限量｜材质和工艺,更喜欢A款,角色和画面设计=4｜材质与做工=3｜正版授权=2｜实用性=1｜价格=6｜限定或收藏价值=5,希望实物图和细节展示更充分,-,False,True,real_anonymous_survey_user_attested,ARK-SURVEY-20260903,Batch owner confirmed real responses; source TXT header was mislabeled.
REAL-ARK-SURVEY-20260903-087,REAL-ARK-SURVEY-20260903-087,,True,batch_owner_attestation,anonymous_questionnaire_batch,anonymous_batch_without_timing,,v2.2-paper-batch,B,18～22岁,16,24.0,玩过《明日方舟》,400.0,False,没买过方舟正版周边，但买过其他ACG正版周边,750.0,4,玛恩纳,史尔特尔,伊芙利特,玛恩纳,亚克力制品,2,120.0,淘宝/天猫,3,很喜欢这个角色｜画面或造型设计很好看,材质、尺寸或实物效果说不清楚｜价格比预期高｜设计不太喜欢,不太在意促销，更看重商品本身,0.0,40.5,2,收藏价值,是否容易缺货或限量｜发货时间｜最终价格,更喜欢B款,角色和画面设计=1｜材质与做工=2｜正版授权=5｜实用性=6｜价格=4｜限定或收藏价值=3,-,-,False,True,real_anonymous_survey_user_attested,ARK-SURVEY-20260903,Batch owner confirmed real responses; source TXT header was mislabeled.
REAL-ARK-SURVEY-20260903-088,REAL-ARK-SURVEY-20260903-088,,True,batch_owner_attestation,anonymous_questionnaire_batch,anonymous_batch_without_timing,,v2.2-paper-batch,A,23～26岁,2,24.0,玩过《明日方舟》,50.0,False,没买过方舟正版周边，但买过其他ACG正版周边,350.0,4,棘刺,玛恩纳,逻各斯,棘刺,亚克力制品,5,60.0,线下展会或快闪店,3,想支持作品或官方｜平时真的能用到,设计不太喜欢｜发货进度不透明,不太在意促销，更看重商品本身,45.0,30.0,4,画面或造型｜实用性｜尺寸,材质和工艺｜最终价格,更喜欢A款,角色和画面设计=5｜材质与做工=1｜正版授权=4｜实用性=6｜价格=3｜限定或收藏价值=2,-,想看到更多阵营主题、干员小队主题的组合周边。,False,True,real_anonymous_survey_user_attested,ARK-SURVEY-20260903,Batch owner confirmed real responses; source TXT header was mislabeled.
REAL-ARK-SURVEY-20260903-089,REAL-ARK-SURVEY-20260903-089,,True,batch_owner_attestation,anonymous_questionnaire_batch,anonymous_batch_without_timing,,v2.2-paper-batch,B,18～22岁,16,48.0,玩过《明日方舟》,50.0,False,没买过方舟正版周边，但买过其他ACG正版周边,750.0,4,拉普兰德,逻各斯,德克萨斯,拉普兰德,通行证,3,50.0,其他：线下谷店,5,很喜欢这个角色,材质、尺寸或实物效果说不清楚｜售后或退换不方便｜价格比预期高,不太在意促销，更看重商品本身,75.0,50.5,4,配件或玩法｜角色选择｜画面或造型,实物图和细节｜材质和工艺｜最终价格,更喜欢B款,角色和画面设计=3｜材质与做工=1｜正版授权=4｜实用性=6｜价格=2｜限定或收藏价值=5,-,-,False,True,real_anonymous_survey_user_attested,ARK-SURVEY-20260903,Batch owner confirmed real responses; source TXT header was mislabeled.
REAL-ARK-SURVEY-20260903-090,REAL-ARK-SURVEY-20260903-090,,True,batch_owner_attestation,anonymous_questionnaire_batch,anonymous_batch_without_timing,,v2.2-paper-batch,B,18～22岁,2,48.0,玩过《明日方舟》,0.0,False,没买过方舟正版周边，但买过其他ACG正版周边,350.0,2,年,泥岩,玛恩纳,年,亚克力制品,1,120.0,官方商城,4,有收藏或凑套装的价值,运费太高｜材质、尺寸或实物效果说不清楚,不太在意促销，更看重商品本身,30.0,40.5,1,材质与工艺,最终价格｜具体尺寸｜售后规则,更喜欢B款,角色和画面设计=2｜材质与做工=1｜正版授权=3｜实用性=5｜价格=4｜限定或收藏价值=6,-,没有特别建议，主要还是看角色和成品质量。,False,True,real_anonymous_survey_user_attested,ARK-SURVEY-20260903,Batch owner confirmed real responses; source TXT header was mislabeled.
REAL-ARK-SURVEY-20260903-091,REAL-ARK-SURVEY-20260903-091,,True,batch_owner_attestation,anonymous_questionnaire_batch,anonymous_batch_without_timing,,v2.2-paper-batch,A,18～22岁,16,24.0,玩过《明日方舟》,200.0,True,买过《明日方舟》官方或正版授权周边,350.0,4,夜莺,W,艾雅法拉,夜莺,亚克力制品,5,100.0,官方商城,4,平时真的能用到｜画面或造型设计很好看,价格比预期高｜已经有很多同类周边｜预售时间太长,直接降价,,40.5,5,角色选择｜收藏价值｜画面或造型,材质和工艺｜是否为正版授权｜是否容易缺货或限量,更喜欢A款,角色和画面设计=1｜材质与做工=2｜正版授权=4｜实用性=5｜价格=3｜限定或收藏价值=6,希望增加可替换配件或玩法,-,False,True,real_anonymous_survey_user_attested,ARK-SURVEY-20260903,Batch owner confirmed real responses; source TXT header was mislabeled.
REAL-ARK-SURVEY-20260903-092,REAL-ARK-SURVEY-20260903-092,,True,batch_owner_attestation,anonymous_questionnaire_batch,anonymous_batch_without_timing,,v2.2-paper-batch,A,18～22岁,2,0.0,没玩过《明日方舟》,750.0,False,没买过方舟正版周边，但买过其他ACG正版周边,750.0,4,德克萨斯,幽灵鲨,陈,德克萨斯,亚克力制品,2,100.0,淘宝/天猫,4,材质和做工让人放心｜很喜欢这个角色,售后或退换不方便｜不确定买回来怎么摆或怎么用,直接降价,75.0,30.0,3,画面或造型｜尺寸｜配色,最终价格｜发货时间,更喜欢A款,角色和画面设计=3｜材质与做工=1｜正版授权=5｜实用性=4｜价格=2｜限定或收藏价值=6,希望缩短预售和发货周期,-,False,True,real_anonymous_survey_user_attested,ARK-SURVEY-20260903,Batch owner confirmed real responses; source TXT header was mislabeled.
REAL-ARK-SURVEY-20260903-093,REAL-ARK-SURVEY-20260903-093,,True,batch_owner_attestation,anonymous_questionnaire_batch,anonymous_batch_without_timing,,v2.2-paper-batch,tie,18～22岁,6,24.0,玩过《明日方舟》,200.0,True,买过《明日方舟》官方或正版授权周边,2000.0,8,艾雅法拉,锏,夕,艾雅法拉,毛绒玩偶,3,300.0,线下展会或快闪店,5,价格合适｜是限定、联名或活动纪念款｜很喜欢这个角色,价格比预期高｜不确定买回来怎么摆或怎么用｜材质、尺寸或实物效果说不清楚,角色套装更优惠,75.0,115.5,2,画面或造型｜收藏价值,是否为正版授权｜是否容易缺货或限量｜材质和工艺,两款都可以,角色和画面设计=3｜材质与做工=2｜正版授权=5｜实用性=6｜价格=4｜限定或收藏价值=1,-,希望官方把预售周期和发货进度写得更透明。,False,True,real_anonymous_survey_user_attested,ARK-SURVEY-20260903,Batch owner confirmed real responses; source TXT header was mislabeled.
REAL-ARK-SURVEY-20260903-094,REAL-ARK-SURVEY-20260903-094,,True,batch_owner_attestation,anonymous_questionnaire_batch,anonymous_batch_without_timing,,v2.2-paper-batch,B,18～22岁,28,48.0,玩过《明日方舟》,,True,买过《明日方舟》官方或正版授权周边,350.0,8,斯卡蒂,幽灵鲨,阿米娅,斯卡蒂,吧唧（徽章）,4,60.0,淘宝/天猫,5,很喜欢这个角色｜价格合适,已经有很多同类周边｜售后或退换不方便｜设计不太喜欢,包邮,45.0,20.5,4,角色选择｜配件或玩法｜收藏价值,是否容易缺货或限量｜具体尺寸｜材质和工艺,更喜欢B款,角色和画面设计=1｜材质与做工=2｜正版授权=4｜实用性=6｜价格=3｜限定或收藏价值=5,希望减少容易刮花的材质,想看到更多阵营主题、干员小队主题的组合周边。,False,True,real_anonymous_survey_user_attested,ARK-SURVEY-20260903,Batch owner confirmed real responses; source TXT header was mislabeled.
REAL-ARK-SURVEY-20260903-095,REAL-ARK-SURVEY-20260903-095,,True,batch_owner_attestation,anonymous_questionnaire_batch,anonymous_batch_without_timing,,v2.2-paper-batch,B,18～22岁,16,24.0,玩过《明日方舟》,0.0,True,买过《明日方舟》官方或正版授权周边,,4,史尔特尔,霍尔海雅,塞雷娅,史尔特尔,手办模玩,2,1500.0,B站会员购,4,价格合适｜有收藏或凑套装的价值,设计不太喜欢｜价格比预期高,包邮,45.0,350.5,1,角色选择,实物图和细节｜最终价格,更喜欢B款,角色和画面设计=1｜材质与做工=4｜正版授权=2｜实用性=6｜价格=3｜限定或收藏价值=5,-,希望包装在保护商品的同时不要过度增加体积和运费。,False,True,real_anonymous_survey_user_attested,ARK-SURVEY-20260903,Batch owner confirmed real responses; source TXT header was mislabeled.
REAL-ARK-SURVEY-20260903-096,REAL-ARK-SURVEY-20260903-096,,True,batch_owner_attestation,anonymous_questionnaire_batch,anonymous_batch_without_timing,,v2.2-paper-batch,A,18～22岁,0,,玩过《明日方舟》,400.0,True,买过《明日方舟》官方或正版授权周边,2000.0,12,维什戴尔,令,能天使,维什戴尔,日用生活,5,,品牌直播间,5,价格合适｜朋友推荐或社区评价很好｜材质和做工让人放心,运费太高｜预售时间太长,包邮,135.0,150.5,4,尺寸｜画面或造型｜配色,具体尺寸｜售后规则｜材质和工艺,更喜欢A款,角色和画面设计=4｜材质与做工=3｜正版授权=2｜实用性=5｜价格=1｜限定或收藏价值=6,希望增加可替换配件或玩法,如果有长期补货机制会更愿意购买，不喜欢抢限量。,False,True,real_anonymous_survey_user_attested,ARK-SURVEY-20260903,Batch owner confirmed real responses; source TXT header was mislabeled.
REAL-ARK-SURVEY-20260903-097,REAL-ARK-SURVEY-20260903-097,,True,batch_owner_attestation,anonymous_questionnaire_batch,anonymous_batch_without_timing,,v2.2-paper-batch,A,27～30岁,0,48.0,玩过《明日方舟》,200.0,False,没买过方舟正版周边，但买过其他ACG正版周边,350.0,4,能天使,维什戴尔,幽灵鲨,能天使,毛绒玩偶,4,150.0,淘宝/天猫,4,价格合适｜很喜欢这个角色｜画面或造型设计很好看,设计不太喜欢｜价格比预期高｜预售时间太长,不太在意促销，更看重商品本身,30.0,200.5,4,实用性｜材质与工艺｜配色,实物图和细节｜最终价格｜是否为正版授权,更喜欢A款,角色和画面设计=2｜材质与做工=1｜正版授权=3｜实用性=5｜价格=6｜限定或收藏价值=4,希望减少容易刮花的材质,-,False,True,real_anonymous_survey_user_attested,ARK-SURVEY-20260903,Batch owner confirmed real responses; source TXT header was mislabeled.
REAL-ARK-SURVEY-20260903-098,REAL-ARK-SURVEY-20260903-098,,True,batch_owner_attestation,anonymous_questionnaire_batch,anonymous_batch_without_timing,,v2.2-paper-batch,A,18～22岁,28,2.0,玩过《明日方舟》,200.0,True,买过《明日方舟》官方或正版授权周边,750.0,4,艾雅法拉,浊心斯卡蒂,诗怀雅,艾雅法拉,日用生活,3,150.0,官方商城,3,朋友推荐或社区评价很好｜材质和做工让人放心｜是限定、联名或活动纪念款,设计不太喜欢｜材质、尺寸或实物效果说不清楚,直接降价,45.0,50.0,4,配色｜画面或造型｜收藏价值,最终价格｜实物图和细节｜发货时间,更喜欢A款,角色和画面设计=2｜材质与做工=1｜正版授权=3｜实用性=5｜价格=4｜限定或收藏价值=6,希望限定数量不要太少,没有特别建议，主要还是看角色和成品质量。,False,True,real_anonymous_survey_user_attested,ARK-SURVEY-20260903,Batch owner confirmed real responses; source TXT header was mislabeled.
REAL-ARK-SURVEY-20260903-099,REAL-ARK-SURVEY-20260903-099,,True,batch_owner_attestation,anonymous_questionnaire_batch,anonymous_batch_without_timing,,v2.2-paper-batch,tie,23～26岁,2,24.0,玩过《明日方舟》,200.0,False,没买过方舟正版周边，但买过其他ACG正版周边,350.0,2,艾雅法拉,塞雷娅,棘刺,艾雅法拉,手办模玩,3,800.0,淘宝/天猫,5,想支持作品或官方｜材质和做工让人放心｜价格合适,设计不太喜欢｜发货进度不透明｜担心不是正版,包邮,30.0,350.5,4,材质与工艺,实物图和细节｜最终价格｜是否容易缺货或限量,两款都可以,角色和画面设计=1｜材质与做工=2｜正版授权=3｜实用性=6｜价格=4｜限定或收藏价值=5,希望缩短预售和发货周期,想看到更多阵营主题、干员小队主题的组合周边。,False,True,real_anonymous_survey_user_attested,ARK-SURVEY-20260903,Batch owner confirmed real responses; source TXT header was mislabeled.
REAL-ARK-SURVEY-20260903-100,REAL-ARK-SURVEY-20260903-100,,True,batch_owner_attestation,anonymous_questionnaire_batch,anonymous_batch_without_timing,,v2.2-paper-batch,B,18～22岁,16,48.0,玩过《明日方舟》,1200.0,False,还没有买过正版周边,0.0,0,德克萨斯,塞雷娅,铃兰,德克萨斯,手办模玩,2,800.0,淘宝/天猫,4,很喜欢这个角色｜画面或造型设计很好看,材质、尺寸或实物效果说不清楚｜担心不是正版,预售特典,0.0,200.0,2,配色,最终价格｜材质和工艺,更喜欢B款,角色和画面设计=1｜材质与做工=2｜正版授权=5｜实用性=6｜价格=3｜限定或收藏价值=4,-,希望包装在保护商品的同时不要过度增加体积和运费。,False,True,real_anonymous_survey_user_attested,ARK-SURVEY-20260903,Batch owner confirmed real responses; source TXT header was mislabeled.
REAL-ARK-SURVEY-20260903-101,REAL-ARK-SURVEY-20260903-101,,True,batch_owner_attestation,anonymous_questionnaire_batch,anonymous_batch_without_timing,,v2.2-paper-batch,tie,27～30岁,6,24.0,玩过《明日方舟》,,True,买过《明日方舟》官方或正版授权周边,100.0,4,能天使,斯卡蒂,令,能天使,亚克力制品,2,60.0,B站会员购,4,有收藏或凑套装的价值｜很喜欢这个角色,预售时间太长｜材质、尺寸或实物效果说不清楚,满额赠品,0.0,40.5,3,配色｜收藏价值｜尺寸,实物图和细节｜材质和工艺｜具体尺寸,两款都不太喜欢,角色和画面设计=2｜材质与做工=3｜正版授权=5｜实用性=6｜价格=1｜限定或收藏价值=4,希望限定数量不要太少,希望包装在保护商品的同时不要过度增加体积和运费。,False,True,real_anonymous_survey_user_attested,ARK-SURVEY-20260903,Batch owner confirmed real responses; source TXT header was mislabeled.
REAL-ARK-SURVEY-20260903-102,REAL-ARK-SURVEY-20260903-102,,True,batch_owner_attestation,anonymous_questionnaire_batch,anonymous_batch_without_timing,,v2.2-paper-batch,tie,23～26岁,16,0.0,没玩过《明日方舟》,200.0,False,没买过方舟正版周边，但买过其他ACG正版周边,350.0,8,缪尔赛思,能天使,阿米娅,缪尔赛思,装饰摆件,2,400.0,官方商城,3,材质和做工让人放心｜朋友推荐或社区评价很好,设计不太喜欢｜售后或退换不方便,直接降价,75.0,50.0,2,暂时没有特别吸引我的地方,发货时间｜材质和工艺｜实物图和细节,两款都不太喜欢,角色和画面设计=1｜材质与做工=2｜正版授权=5｜实用性=4｜价格=3｜限定或收藏价值=6,希望售后规则更明确,希望线下快闪和线上商城的库存分配更合理。,False,True,real_anonymous_survey_user_attested,ARK-SURVEY-20260903,Batch owner confirmed real responses; source TXT header was mislabeled.
REAL-ARK-SURVEY-20260903-103,REAL-ARK-SURVEY-20260903-103,,True,batch_owner_attestation,anonymous_questionnaire_batch,anonymous_batch_without_timing,,v2.2-paper-batch,A,18～22岁,2,0.0,没玩过《明日方舟》,200.0,True,买过《明日方舟》官方或正版授权周边,750.0,8,锏,塞雷娅,令,锏,手办模玩,3,2000.0,官方商城,3,很喜欢这个角色｜朋友推荐或社区评价很好,价格比预期高｜发货进度不透明｜运费太高,角色套装更优惠,30.0,350.5,4,画面或造型,是否为正版授权｜发货时间｜最终价格,更喜欢A款,角色和画面设计=5｜材质与做工=1｜正版授权=6｜实用性=3｜价格=2｜限定或收藏价值=4,-,想看到更多阵营主题、干员小队主题的组合周边。,False,True,real_anonymous_survey_user_attested,ARK-SURVEY-20260903,Batch owner confirmed real responses; source TXT header was mislabeled.
REAL-ARK-SURVEY-20260903-104,REAL-ARK-SURVEY-20260903-104,,True,batch_owner_attestation,anonymous_questionnaire_batch,anonymous_batch_without_timing,,v2.2-paper-batch,A,27～30岁,0,24.0,玩过《明日方舟》,50.0,False,没买过方舟正版周边，但买过其他ACG正版周边,350.0,2,幽灵鲨,银灰,黍,幽灵鲨,装饰摆件,2,100.0,淘宝/天猫,4,平时真的能用到｜价格合适｜有收藏或凑套装的价值,价格比预期高｜不确定买回来怎么摆或怎么用｜材质、尺寸或实物效果说不清楚,包邮,135.0,75.5,4,角色选择｜材质与工艺,实物图和细节｜是否为正版授权｜发货时间,更喜欢A款,角色和画面设计=2｜材质与做工=1｜正版授权=3｜实用性=6｜价格=4｜限定或收藏价值=5,希望实物图和细节展示更充分,希望包装在保护商品的同时不要过度增加体积和运费。,False,True,real_anonymous_survey_user_attested,ARK-SURVEY-20260903,Batch owner confirmed real responses; source TXT header was mislabeled.
REAL-ARK-SURVEY-20260903-105,REAL-ARK-SURVEY-20260903-105,,True,batch_owner_attestation,anonymous_questionnaire_batch,anonymous_batch_without_timing,,v2.2-paper-batch,B,27～30岁,28,48.0,玩过《明日方舟》,0.0,True,买过《明日方舟》官方或正版授权周边,350.0,4,W,凯尔希,温蒂,W,亚克力制品,5,120.0,线下展会或快闪店,5,想支持作品或官方｜是限定、联名或活动纪念款｜朋友推荐或社区评价很好,预售时间太长｜不确定买回来怎么摆或怎么用｜运费太高,直接降价,30.0,100.0,5,实用性｜配色｜材质与工艺,材质和工艺｜最终价格｜实物图和细节,更喜欢B款,角色和画面设计=2｜材质与做工=3｜正版授权=1｜实用性=5｜价格=4｜限定或收藏价值=6,-,-,False,True,real_anonymous_survey_user_attested,ARK-SURVEY-20260903,Batch owner confirmed real responses; source TXT header was mislabeled.
REAL-ARK-SURVEY-20260903-106,REAL-ARK-SURVEY-20260903-106,,True,batch_owner_attestation,anonymous_questionnaire_batch,anonymous_batch_without_timing,,v2.2-paper-batch,B,18～22岁,16,48.0,玩过《明日方舟》,200.0,True,买过《明日方舟》官方或正版授权周边,750.0,4,铃兰,逻各斯,能天使,铃兰,亚克力制品,3,80.0,官方商城,4,画面或造型设计很好看｜朋友推荐或社区评价很好｜是限定、联名或活动纪念款,担心不是正版｜价格比预期高,不太在意促销，更看重商品本身,0.0,40.5,3,画面或造型｜角色选择｜材质与工艺,发货时间,更喜欢B款,角色和画面设计=2｜材质与做工=3｜正版授权=1｜实用性=6｜价格=4｜限定或收藏价值=5,希望增加可替换配件或玩法,希望包装在保护商品的同时不要过度增加体积和运费。,False,True,real_anonymous_survey_user_attested,ARK-SURVEY-20260903,Batch owner confirmed real responses; source TXT header was mislabeled.
REAL-ARK-SURVEY-20260903-107,REAL-ARK-SURVEY-20260903-107,,True,batch_owner_attestation,anonymous_questionnaire_batch,anonymous_batch_without_timing,,v2.2-paper-batch,A,18～22岁,28,,玩过《明日方舟》,400.0,True,买过《明日方舟》官方或正版授权周边,2000.0,8,陈,史尔特尔,黍,陈,毛绒玩偶,5,300.0,淘宝/天猫,4,很喜欢这个角色｜画面或造型设计很好看｜是限定、联名或活动纪念款,材质、尺寸或实物效果说不清楚｜运费太高｜售后或退换不方便,包邮,30.0,115.5,5,画面或造型｜材质与工艺,具体尺寸｜实物图和细节｜最终价格,更喜欢A款,角色和画面设计=1｜材质与做工=2｜正版授权=3｜实用性=4｜价格=6｜限定或收藏价值=5,希望尺寸标注更清楚,-,False,True,real_anonymous_survey_user_attested,ARK-SURVEY-20260903,Batch owner confirmed real responses; source TXT header was mislabeled.
REAL-ARK-SURVEY-20260903-108,REAL-ARK-SURVEY-20260903-108,,True,batch_owner_attestation,anonymous_questionnaire_batch,anonymous_batch_without_timing,,v2.2-paper-batch,tie,18～22岁,2,84.0,玩过《明日方舟》,750.0,False,没买过方舟正版周边，但买过其他ACG正版周边,2000.0,8,棘刺,逻各斯,锏,棘刺,吧唧（徽章）,3,50.0,线下展会或快闪店,5,有收藏或凑套装的价值｜很喜欢这个角色,设计不太喜欢｜不确定买回来怎么摆或怎么用｜价格比预期高,角色套装更优惠,75.0,30.5,4,收藏价值｜角色选择｜画面或造型,售后规则｜发货时间｜最终价格,两款都可以,角色和画面设计=4｜材质与做工=1｜正版授权=2｜实用性=6｜价格=3｜限定或收藏价值=5,希望增加可替换配件或玩法,-,False,True,real_anonymous_survey_user_attested,ARK-SURVEY-20260903,Batch owner confirmed real responses; source TXT header was mislabeled.
REAL-ARK-SURVEY-20260903-109,REAL-ARK-SURVEY-20260903-109,,True,batch_owner_attestation,anonymous_questionnaire_batch,anonymous_batch_without_timing,,v2.2-paper-batch,B,23～26岁,16,2.0,玩过《明日方舟》,400.0,True,买过《明日方舟》官方或正版授权周边,750.0,8,阿米娅,铃兰,温蒂,阿米娅,装饰摆件,4,300.0,官方商城,5,很喜欢这个角色｜画面或造型设计很好看｜价格合适,预售时间太长｜价格比预期高,直接降价,75.0,150.5,3,角色选择｜画面或造型｜配色,具体尺寸,更喜欢B款,角色和画面设计=2｜材质与做工=1｜正版授权=4｜实用性=6｜价格=3｜限定或收藏价值=5,希望减少容易刮花的材质,如果有长期补货机制会更愿意购买，不喜欢抢限量。,False,True,real_anonymous_survey_user_attested,ARK-SURVEY-20260903,Batch owner confirmed real responses; source TXT header was mislabeled.
REAL-ARK-SURVEY-20260903-110,REAL-ARK-SURVEY-20260903-110,,True,batch_owner_attestation,anonymous_questionnaire_batch,anonymous_batch_without_timing,,v2.2-paper-batch,A,23～26岁,28,48.0,玩过《明日方舟》,50.0,False,没买过方舟正版周边，但买过其他ACG正版周边,100.0,2,W,陈,凯尔希,W,装饰摆件,3,150.0,线下展会或快闪店,5,是限定、联名或活动纪念款｜价格合适｜朋友推荐或社区评价很好,担心不是正版｜价格比预期高｜发货进度不透明,预售特典,75.0,75.5,3,配色｜角色选择｜材质与工艺,售后规则｜发货时间｜是否为正版授权,更喜欢A款,角色和画面设计=2｜材质与做工=3｜正版授权=5｜实用性=6｜价格=1｜限定或收藏价值=4,希望增加可替换配件或玩法,希望包装在保护商品的同时不要过度增加体积和运费。,False,True,real_anonymous_survey_user_attested,ARK-SURVEY-20260903,Batch owner confirmed real responses; source TXT header was mislabeled.
REAL-ARK-SURVEY-20260903-111,REAL-ARK-SURVEY-20260903-111,,True,batch_owner_attestation,anonymous_questionnaire_batch,anonymous_batch_without_timing,,v2.2-paper-batch,tie,18～22岁,16,84.0,玩过《明日方舟》,,True,买过《明日方舟》官方或正版授权周边,350.0,2,维什戴尔,玛恩纳,拉普兰德,维什戴尔,吧唧（徽章）,3,40.0,B站会员购,1,价格合适｜很喜欢这个角色｜想支持作品或官方,售后或退换不方便｜预售时间太长｜发货进度不透明,角色套装更优惠,45.0,20.5,5,角色选择｜配色｜画面或造型,材质和工艺｜最终价格｜售后规则,两款都可以,角色和画面设计=2｜材质与做工=1｜正版授权=5｜实用性=4｜价格=3｜限定或收藏价值=6,希望售后规则更明确,-,False,True,real_anonymous_survey_user_attested,ARK-SURVEY-20260903,Batch owner confirmed real responses; source TXT header was mislabeled.
REAL-ARK-SURVEY-20260903-112,REAL-ARK-SURVEY-20260903-112,,True,batch_owner_attestation,anonymous_questionnaire_batch,anonymous_batch_without_timing,,v2.2-paper-batch,tie,18～22岁,2,0.0,没玩过《明日方舟》,0.0,False,没买过方舟正版周边，但买过其他ACG正版周边,100.0,2,维什戴尔,拉普兰德,温蒂,维什戴尔,装饰摆件,3,150.0,官方商城,3,想支持作品或官方｜是限定、联名或活动纪念款｜很喜欢这个角色,发货进度不透明｜担心不是正版,直接降价,75.0,75.5,2,暂时没有特别吸引我的地方,材质和工艺｜是否为正版授权｜发货时间,两款都可以,角色和画面设计=5｜材质与做工=4｜正版授权=2｜实用性=3｜价格=1｜限定或收藏价值=6,-,想看到更多阵营主题、干员小队主题的组合周边。,False,True,real_anonymous_survey_user_attested,ARK-SURVEY-20260903,Batch owner confirmed real responses; source TXT header was mislabeled.
REAL-ARK-SURVEY-20260903-113,REAL-ARK-SURVEY-20260903-113,,True,batch_owner_attestation,anonymous_questionnaire_batch,anonymous_batch_without_timing,,v2.2-paper-batch,B,18～22岁,16,48.0,玩过《明日方舟》,,True,买过《明日方舟》官方或正版授权周边,350.0,8,史尔特尔,拉普兰德,德克萨斯,史尔特尔,日用生活,3,200.0,官方商城,4,想支持作品或官方｜很喜欢这个角色｜价格合适,担心不是正版｜不确定买回来怎么摆或怎么用｜售后或退换不方便,角色套装更优惠,45.0,75.5,4,配色｜角色选择｜配件或玩法,售后规则｜实物图和细节｜材质和工艺,更喜欢B款,角色和画面设计=1｜材质与做工=4｜正版授权=2｜实用性=5｜价格=3｜限定或收藏价值=6,希望售后规则更明确,-,False,True,real_anonymous_survey_user_attested,ARK-SURVEY-20260903,Batch owner confirmed real responses; source TXT header was mislabeled.
REAL-ARK-SURVEY-20260903-114,REAL-ARK-SURVEY-20260903-114,,True,batch_owner_attestation,anonymous_questionnaire_batch,anonymous_batch_without_timing,,v2.2-paper-batch,tie,18～22岁,6,24.0,玩过《明日方舟》,50.0,False,还没有买过正版周边,0.0,0,玛恩纳,阿米娅,W,玛恩纳,亚克力制品,2,60.0,淘宝/天猫,4,画面或造型设计很好看,材质、尺寸或实物效果说不清楚｜运费太高｜已经有很多同类周边,直接降价,45.0,40.5,2,角色选择,是否为正版授权｜最终价格｜实物图和细节,两款都不太喜欢,角色和画面设计=1｜材质与做工=2｜正版授权=3｜实用性=5｜价格=4｜限定或收藏价值=6,-,-,False,True,real_anonymous_survey_user_attested,ARK-SURVEY-20260903,Batch owner confirmed real responses; source TXT header was mislabeled.
REAL-ARK-SURVEY-20260903-115,REAL-ARK-SURVEY-20260903-115,,True,batch_owner_attestation,anonymous_questionnaire_batch,anonymous_batch_without_timing,,v2.2-paper-batch,B,18～22岁,16,24.0,玩过《明日方舟》,400.0,True,买过《明日方舟》官方或正版授权周边,750.0,4,玛恩纳,塞雷娅,阿米娅,玛恩纳,手办模玩,5,1000.0,线下展会或快闪店,3,想支持作品或官方｜材质和做工让人放心｜画面或造型设计很好看,售后或退换不方便｜已经有很多同类周边｜预售时间太长,角色套装更优惠,45.0,750.5,4,收藏价值｜画面或造型,是否为正版授权｜最终价格｜售后规则,更喜欢B款,角色和画面设计=1｜材质与做工=2｜正版授权=4｜实用性=5｜价格=3｜限定或收藏价值=6,希望配色更贴近角色原设,想要更多能日常使用的周边，比如包、杯子、文具和服饰。,False,True,real_anonymous_survey_user_attested,ARK-SURVEY-20260903,Batch owner confirmed real responses; source TXT header was mislabeled.
REAL-ARK-SURVEY-20260903-116,REAL-ARK-SURVEY-20260903-116,,True,batch_owner_attestation,anonymous_questionnaire_batch,anonymous_batch_without_timing,,v2.2-paper-batch,B,23～26岁,2,48.0,玩过《明日方舟》,1200.0,False,没买过方舟正版周边，但买过其他ACG正版周边,750.0,8,德克萨斯,锏,W,德克萨斯,日用生活,4,300.0,淘宝/天猫,5,材质和做工让人放心｜很喜欢这个角色｜有收藏或凑套装的价值,发货进度不透明｜不确定买回来怎么摆或怎么用,直接降价,45.0,150.5,5,材质与工艺｜配色,材质和工艺｜售后规则,更喜欢B款,角色和画面设计=1｜材质与做工=5｜正版授权=2｜实用性=3｜价格=4｜限定或收藏价值=6,希望实物图和细节展示更充分,希望商品详情页提供更多实拍、尺寸对比和材质说明。,False,True,real_anonymous_survey_user_attested,ARK-SURVEY-20260903,Batch owner confirmed real responses; source TXT header was mislabeled.
REAL-ARK-SURVEY-20260903-117,REAL-ARK-SURVEY-20260903-117,,True,batch_owner_attestation,anonymous_questionnaire_batch,anonymous_batch_without_timing,,v2.2-paper-batch,B,18～22岁,6,0.0,没玩过《明日方舟》,200.0,False,没买过方舟正版周边，但买过其他ACG正版周边,750.0,4,德克萨斯,逻各斯,浊心斯卡蒂,德克萨斯,手办模玩,3,800.0,淘宝/天猫,5,价格合适｜是限定、联名或活动纪念款,设计不太喜欢｜售后或退换不方便｜发货进度不透明,不太在意促销，更看重商品本身,45.0,750.5,2,收藏价值｜画面或造型,是否为正版授权｜发货时间｜是否容易缺货或限量,更喜欢B款,角色和画面设计=3｜材质与做工=2｜正版授权=4｜实用性=5｜价格=1｜限定或收藏价值=6,-,希望商品详情页提供更多实拍、尺寸对比和材质说明。,False,True,real_anonymous_survey_user_attested,ARK-SURVEY-20260903,Batch owner confirmed real responses; source TXT header was mislabeled.
REAL-ARK-SURVEY-20260903-118,REAL-ARK-SURVEY-20260903-118,,True,batch_owner_attestation,anonymous_questionnaire_batch,anonymous_batch_without_timing,,v2.2-paper-batch,B,18～22岁,16,24.0,玩过《明日方舟》,,True,买过《明日方舟》官方或正版授权周边,2000.0,12,幽灵鲨,维什戴尔,逻各斯,幽灵鲨,手办模玩,3,2000.0,官方商城,3,朋友推荐或社区评价很好｜价格合适｜很喜欢这个角色,设计不太喜欢｜担心不是正版｜预售时间太长,不太在意促销，更看重商品本身,45.0,350.5,4,材质与工艺｜实用性,是否为正版授权｜最终价格｜是否容易缺货或限量,更喜欢B款,角色和画面设计=2｜材质与做工=1｜正版授权=6｜实用性=5｜价格=3｜限定或收藏价值=4,希望实物图和细节展示更充分,希望同一角色能做统一主题套装，方便收藏。,False,True,real_anonymous_survey_user_attested,ARK-SURVEY-20260903,Batch owner confirmed real responses; source TXT header was mislabeled.
REAL-ARK-SURVEY-20260903-119,REAL-ARK-SURVEY-20260903-119,,True,batch_owner_attestation,anonymous_questionnaire_batch,anonymous_batch_without_timing,,v2.2-paper-batch,A,23～26岁,28,84.0,玩过《明日方舟》,,True,买过《明日方舟》官方或正版授权周边,750.0,4,煌,艾雅法拉,铃兰,煌,吧唧（徽章）,5,40.0,淘宝/天猫,4,价格合适｜画面或造型设计很好看｜想支持作品或官方,材质、尺寸或实物效果说不清楚｜设计不太喜欢｜售后或退换不方便,不太在意促销，更看重商品本身,45.0,45.0,4,角色选择｜收藏价值｜配色,实物图和细节,更喜欢A款,角色和画面设计=3｜材质与做工=1｜正版授权=2｜实用性=4｜价格=5｜限定或收藏价值=6,-,-,False,True,real_anonymous_survey_user_attested,ARK-SURVEY-20260903,Batch owner confirmed real responses; source TXT header was mislabeled.
REAL-ARK-SURVEY-20260903-120,REAL-ARK-SURVEY-20260903-120,,True,batch_owner_attestation,anonymous_questionnaire_batch,anonymous_batch_without_timing,,v2.2-paper-batch,A,23～26岁,16,,玩过《明日方舟》,750.0,True,买过《明日方舟》官方或正版授权周边,750.0,4,斯卡蒂,德克萨斯,令,斯卡蒂,毛绒玩偶,2,150.0,线下展会或快闪店,4,价格合适,设计不太喜欢,预售特典,45.0,200.5,2,暂时没有特别吸引我的地方,实物图和细节｜发货时间｜具体尺寸,更喜欢A款,角色和画面设计=1｜材质与做工=3｜正版授权=4｜实用性=2｜价格=5｜限定或收藏价值=6,希望减少容易刮花的材质,如果有长期补货机制会更愿意购买，不喜欢抢限量。,False,True,real_anonymous_survey_user_attested,ARK-SURVEY-20260903,Batch owner confirmed real responses; source TXT header was mislabeled.
REAL-ARK-SURVEY-20260903-121,REAL-ARK-SURVEY-20260903-121,,True,batch_owner_attestation,anonymous_questionnaire_batch,anonymous_batch_without_timing,,v2.2-paper-batch,A,27～30岁,2,48.0,玩过《明日方舟》,400.0,True,买过《明日方舟》官方或正版授权周边,350.0,4,斯卡蒂,W,令,斯卡蒂,手办模玩,3,1000.0,淘宝/天猫,4,很喜欢这个角色｜价格合适,设计不太喜欢｜价格比预期高｜不确定买回来怎么摆或怎么用,包邮,135.0,200.0,2,暂时没有特别吸引我的地方,最终价格｜售后规则,更喜欢A款,角色和画面设计=1｜材质与做工=2｜正版授权=4｜实用性=5｜价格=3｜限定或收藏价值=6,希望包装更适合收藏,-,False,True,real_anonymous_survey_user_attested,ARK-SURVEY-20260903,Batch owner confirmed real responses; source TXT header was mislabeled.
REAL-ARK-SURVEY-20260903-122,REAL-ARK-SURVEY-20260903-122,,True,batch_owner_attestation,anonymous_questionnaire_batch,anonymous_batch_without_timing,,v2.2-paper-batch,A,23～26岁,6,48.0,玩过《明日方舟》,50.0,True,买过《明日方舟》官方或正版授权周边,750.0,4,史尔特尔,令,逻各斯,史尔特尔,手办模玩,4,800.0,淘宝/天猫,4,想支持作品或官方｜画面或造型设计很好看｜很喜欢这个角色,已经有很多同类周边｜发货进度不透明｜担心不是正版,角色套装更优惠,75.0,350.5,4,画面或造型｜角色选择,最终价格｜材质和工艺｜是否为正版授权,更喜欢A款,角色和画面设计=1｜材质与做工=4｜正版授权=2｜实用性=6｜价格=3｜限定或收藏价值=5,希望缩短预售和发货周期,希望商品详情页提供更多实拍、尺寸对比和材质说明。,False,True,real_anonymous_survey_user_attested,ARK-SURVEY-20260903,Batch owner confirmed real responses; source TXT header was mislabeled.
REAL-ARK-SURVEY-20260903-123,REAL-ARK-SURVEY-20260903-123,,True,batch_owner_attestation,anonymous_questionnaire_batch,anonymous_batch_without_timing,,v2.2-paper-batch,A,23～26岁,28,48.0,玩过《明日方舟》,400.0,True,买过《明日方舟》官方或正版授权周边,350.0,2,德克萨斯,令,W,德克萨斯,通行证,4,80.0,B站会员购,3,很喜欢这个角色｜是限定、联名或活动纪念款,设计不太喜欢｜材质、尺寸或实物效果说不清楚｜发货进度不透明,预售特典,45.0,20.0,4,材质与工艺｜尺寸｜配件或玩法,最终价格｜具体尺寸｜材质和工艺,更喜欢A款,角色和画面设计=2｜材质与做工=5｜正版授权=1｜实用性=4｜价格=3｜限定或收藏价值=6,希望减少容易刮花的材质,可以接受联名，但希望不要为了限定把价格抬得太高。,False,True,real_anonymous_survey_user_attested,ARK-SURVEY-20260903,Batch owner confirmed real responses; source TXT header was mislabeled.
REAL-ARK-SURVEY-20260903-124,REAL-ARK-SURVEY-20260903-124,,True,batch_owner_attestation,anonymous_questionnaire_batch,anonymous_batch_without_timing,,v2.2-paper-batch,A,18～22岁,28,48.0,玩过《明日方舟》,200.0,True,买过《明日方舟》官方或正版授权周边,750.0,4,维什戴尔,陈,凯尔希,维什戴尔,吧唧（徽章）,3,30.0,B站会员购,5,很喜欢这个角色｜材质和做工让人放心｜想支持作品或官方,运费太高｜已经有很多同类周边｜设计不太喜欢,角色套装更优惠,30.0,20.5,2,暂时没有特别吸引我的地方,售后规则｜具体尺寸,更喜欢A款,角色和画面设计=4｜材质与做工=1｜正版授权=3｜实用性=6｜价格=2｜限定或收藏价值=5,-,希望官方把预售周期和发货进度写得更透明。,False,True,real_anonymous_survey_user_attested,ARK-SURVEY-20260903,Batch owner confirmed real responses; source TXT header was mislabeled.
REAL-ARK-SURVEY-20260903-125,REAL-ARK-SURVEY-20260903-125,,True,batch_owner_attestation,anonymous_questionnaire_batch,anonymous_batch_without_timing,,v2.2-paper-batch,A,18～22岁,6,,玩过《明日方舟》,400.0,True,买过《明日方舟》官方或正版授权周边,750.0,8,令,玛恩纳,铃兰,令,装饰摆件,5,150.0,二手平台,3,平时真的能用到｜材质和做工让人放心｜朋友推荐或社区评价很好,预售时间太长｜已经有很多同类周边,直接降价,30.0,75.5,4,收藏价值,最终价格,更喜欢A款,角色和画面设计=1｜材质与做工=3｜正版授权=4｜实用性=2｜价格=5｜限定或收藏价值=6,希望限定数量不要太少,想要更多能日常使用的周边，比如包、杯子、文具和服饰。,False,True,real_anonymous_survey_user_attested,ARK-SURVEY-20260903,Batch owner confirmed real responses; source TXT header was mislabeled.
REAL-ARK-SURVEY-20260903-126,REAL-ARK-SURVEY-20260903-126,,True,batch_owner_attestation,anonymous_questionnaire_batch,anonymous_batch_without_timing,,v2.2-paper-batch,tie,18～22岁,2,0.0,没玩过《明日方舟》,750.0,False,没买过方舟正版周边，但买过其他ACG正版周边,3500.0,8,缪尔赛思,逻各斯,诗怀雅,缪尔赛思,吧唧（徽章）,3,60.0,官方商城,4,很喜欢这个角色｜有收藏或凑套装的价值｜材质和做工让人放心,运费太高｜担心不是正版｜材质、尺寸或实物效果说不清楚,直接降价,45.0,20.5,2,画面或造型,实物图和细节,两款都可以,角色和画面设计=5｜材质与做工=1｜正版授权=2｜实用性=4｜价格=3｜限定或收藏价值=6,希望价格再友好一点,希望线下快闪和线上商城的库存分配更合理。,False,True,real_anonymous_survey_user_attested,ARK-SURVEY-20260903,Batch owner confirmed real responses; source TXT header was mislabeled.
REAL-ARK-SURVEY-20260903-127,REAL-ARK-SURVEY-20260903-127,,True,batch_owner_attestation,anonymous_questionnaire_batch,anonymous_batch_without_timing,,v2.2-paper-batch,tie,18～22岁,6,0.0,没玩过《明日方舟》,50.0,False,没买过方舟正版周边，但买过其他ACG正版周边,100.0,2,阿米娅,德克萨斯,伊芙利特,阿米娅,亚克力制品,3,100.0,B站会员购,3,很喜欢这个角色｜想支持作品或官方,已经有很多同类周边｜价格比预期高｜不确定买回来怎么摆或怎么用,直接降价,45.0,40.5,5,角色选择｜画面或造型｜尺寸,是否容易缺货或限量｜发货时间｜实物图和细节,两款都可以,角色和画面设计=2｜材质与做工=4｜正版授权=3｜实用性=6｜价格=1｜限定或收藏价值=5,希望实物图和细节展示更充分,希望多出一些冷门角色的周边，不要总集中在少数热门角色。,False,True,real_anonymous_survey_user_attested,ARK-SURVEY-20260903,Batch owner confirmed real responses; source TXT header was mislabeled.
REAL-ARK-SURVEY-20260903-128,REAL-ARK-SURVEY-20260903-128,,True,batch_owner_attestation,anonymous_questionnaire_batch,anonymous_batch_without_timing,,v2.2-paper-batch,tie,18～22岁,2,24.0,玩过《明日方舟》,1200.0,True,买过《明日方舟》官方或正版授权周边,3500.0,8,斯卡蒂,浊心斯卡蒂,逻各斯,斯卡蒂,亚克力制品,4,120.0,淘宝/天猫,3,画面或造型设计很好看｜有收藏或凑套装的价值｜很喜欢这个角色,预售时间太长｜担心不是正版｜设计不太喜欢,满额赠品,75.0,100.0,1,画面或造型,发货时间｜是否为正版授权,两款都可以,角色和画面设计=1｜材质与做工=2｜正版授权=5｜实用性=6｜价格=4｜限定或收藏价值=3,-,-,False,True,real_anonymous_survey_user_attested,ARK-SURVEY-20260903,Batch owner confirmed real responses; source TXT header was mislabeled.
REAL-ARK-SURVEY-20260903-129,REAL-ARK-SURVEY-20260903-129,,True,batch_owner_attestation,anonymous_questionnaire_batch,anonymous_batch_without_timing,,v2.2-paper-batch,B,18～22岁,16,24.0,玩过《明日方舟》,750.0,True,买过《明日方舟》官方或正版授权周边,2000.0,4,塞雷娅,令,银灰,塞雷娅,装饰摆件,4,150.0,淘宝/天猫,4,想支持作品或官方｜平时真的能用到,担心不是正版｜预售时间太长｜价格比预期高,直接降价,30.0,75.5,4,尺寸｜角色选择｜画面或造型,最终价格｜具体尺寸｜是否为正版授权,更喜欢B款,角色和画面设计=3｜材质与做工=4｜正版授权=1｜实用性=6｜价格=5｜限定或收藏价值=2,希望增加可替换配件或玩法,希望线下快闪和线上商城的库存分配更合理。,False,True,real_anonymous_survey_user_attested,ARK-SURVEY-20260903,Batch owner confirmed real responses; source TXT header was mislabeled.
REAL-ARK-SURVEY-20260903-130,REAL-ARK-SURVEY-20260903-130,,True,batch_owner_attestation,anonymous_questionnaire_batch,anonymous_batch_without_timing,,v2.2-paper-batch,tie,23～26岁,28,24.0,玩过《明日方舟》,50.0,False,没买过方舟正版周边，但买过其他ACG正版周边,350.0,4,德克萨斯,陈,逻各斯,德克萨斯,装饰摆件,4,200.0,B站会员购,3,画面或造型设计很好看｜有收藏或凑套装的价值,售后或退换不方便｜价格比预期高｜运费太高,直接降价,75.0,150.5,5,画面或造型｜收藏价值,售后规则｜材质和工艺｜是否容易缺货或限量,两款都可以,角色和画面设计=5｜材质与做工=3｜正版授权=2｜实用性=6｜价格=4｜限定或收藏价值=1,希望实物图和细节展示更充分,-,False,True,real_anonymous_survey_user_attested,ARK-SURVEY-20260903,Batch owner confirmed real responses; source TXT header was mislabeled.
REAL-ARK-SURVEY-20260903-131,REAL-ARK-SURVEY-20260903-131,,True,batch_owner_attestation,anonymous_questionnaire_batch,anonymous_batch_without_timing,,v2.2-paper-batch,B,18～22岁,16,48.0,玩过《明日方舟》,200.0,False,没买过方舟正版周边，但买过其他ACG正版周边,100.0,4,伊芙利特,维什戴尔,棘刺,伊芙利特,亚克力制品,3,100.0,官方商城,4,价格合适｜画面或造型设计很好看｜很喜欢这个角色,担心不是正版｜设计不太喜欢｜发货进度不透明,预售特典,135.0,30.0,3,收藏价值｜画面或造型｜尺寸,材质和工艺｜最终价格｜是否为正版授权,更喜欢B款,角色和画面设计=1｜材质与做工=2｜正版授权=5｜实用性=6｜价格=3｜限定或收藏价值=4,希望材质和做工更扎实,希望多做毛绒和桌面摆件，少一点重复款吧唧。,False,True,real_anonymous_survey_user_attested,ARK-SURVEY-20260903,Batch owner confirmed real responses; source TXT header was mislabeled.
REAL-ARK-SURVEY-20260903-132,REAL-ARK-SURVEY-20260903-132,,True,batch_owner_attestation,anonymous_questionnaire_batch,anonymous_batch_without_timing,,v2.2-paper-batch,B,23～26岁,16,84.0,玩过《明日方舟》,200.0,True,买过《明日方舟》官方或正版授权周边,350.0,4,逻各斯,能天使,拉普兰德,逻各斯,手办模玩,4,500.0,官方商城,4,有收藏或凑套装的价值｜画面或造型设计很好看,运费太高｜价格比预期高｜担心不是正版,不太在意促销，更看重商品本身,30.0,350.5,3,实用性｜配色,最终价格｜售后规则｜发货时间,更喜欢B款,角色和画面设计=3｜材质与做工=2｜正版授权=1｜实用性=5｜价格=4｜限定或收藏价值=6,-,希望官方把预售周期和发货进度写得更透明。,False,True,real_anonymous_survey_user_attested,ARK-SURVEY-20260903,Batch owner confirmed real responses; source TXT header was mislabeled.
REAL-ARK-SURVEY-20260903-133,REAL-ARK-SURVEY-20260903-133,,True,batch_owner_attestation,anonymous_questionnaire_batch,anonymous_batch_without_timing,,v2.2-paper-batch,B,18～22岁,28,84.0,玩过《明日方舟》,50.0,False,没买过方舟正版周边，但买过其他ACG正版周边,100.0,2,煌,W,维什戴尔,煌,通行证,3,60.0,淘宝/天猫,5,有收藏或凑套装的价值｜很喜欢这个角色,设计不太喜欢｜发货进度不透明｜材质、尺寸或实物效果说不清楚,直接降价,45.0,30.5,4,材质与工艺｜画面或造型｜收藏价值,具体尺寸｜最终价格｜发货时间,更喜欢B款,角色和画面设计=2｜材质与做工=1｜正版授权=4｜实用性=6｜价格=5｜限定或收藏价值=3,-,可以接受联名，但希望不要为了限定把价格抬得太高。,False,True,real_anonymous_survey_user_attested,ARK-SURVEY-20260903,Batch owner confirmed real responses; source TXT header was mislabeled.
REAL-ARK-SURVEY-20260903-134,REAL-ARK-SURVEY-20260903-134,,True,batch_owner_attestation,anonymous_questionnaire_batch,anonymous_batch_without_timing,,v2.2-paper-batch,A,27～30岁,16,2.0,玩过《明日方舟》,1200.0,True,买过《明日方舟》官方或正版授权周边,3500.0,12,诗怀雅,塞雷娅,拉普兰德,诗怀雅,毛绒玩偶,4,250.0,淘宝/天猫,4,很喜欢这个角色｜有收藏或凑套装的价值｜材质和做工让人放心,材质、尺寸或实物效果说不清楚｜已经有很多同类周边,预售特典,75.0,115.5,4,画面或造型｜实用性｜收藏价值,材质和工艺｜发货时间｜是否容易缺货或限量,更喜欢A款,角色和画面设计=1｜材质与做工=2｜正版授权=5｜实用性=6｜价格=4｜限定或收藏价值=3,-,-,False,True,real_anonymous_survey_user_attested,ARK-SURVEY-20260903,Batch owner confirmed real responses; source TXT header was mislabeled.
REAL-ARK-SURVEY-20260903-135,REAL-ARK-SURVEY-20260903-135,,True,batch_owner_attestation,anonymous_questionnaire_batch,anonymous_batch_without_timing,,v2.2-paper-batch,A,18～22岁,16,48.0,玩过《明日方舟》,50.0,True,买过《明日方舟》官方或正版授权周边,350.0,2,逻各斯,温蒂,维什戴尔,逻各斯,日用生活,4,150.0,淘宝/天猫,4,很喜欢这个角色｜是限定、联名或活动纪念款｜画面或造型设计很好看,材质、尺寸或实物效果说不清楚,不太在意促销，更看重商品本身,0.0,150.5,4,角色选择｜实用性,具体尺寸｜材质和工艺,更喜欢A款,角色和画面设计=2｜材质与做工=3｜正版授权=4｜实用性=5｜价格=1｜限定或收藏价值=6,希望减少容易刮花的材质,希望线下快闪和线上商城的库存分配更合理。,False,True,real_anonymous_survey_user_attested,ARK-SURVEY-20260903,Batch owner confirmed real responses; source TXT header was mislabeled.
REAL-ARK-SURVEY-20260903-136,REAL-ARK-SURVEY-20260903-136,,True,batch_owner_attestation,anonymous_questionnaire_batch,anonymous_batch_without_timing,,v2.2-paper-batch,tie,18～22岁,16,,玩过《明日方舟》,400.0,True,买过《明日方舟》官方或正版授权周边,3500.0,12,黍,能天使,凯尔希,黍,装饰摆件,3,400.0,B站会员购,5,价格合适｜很喜欢这个角色｜材质和做工让人放心,运费太高｜售后或退换不方便,直接降价,30.0,250.0,3,收藏价值｜画面或造型｜角色选择,最终价格｜是否容易缺货或限量｜具体尺寸,两款都可以,角色和画面设计=4｜材质与做工=1｜正版授权=5｜实用性=2｜价格=3｜限定或收藏价值=6,-,希望线下快闪和线上商城的库存分配更合理。,False,True,real_anonymous_survey_user_attested,ARK-SURVEY-20260903,Batch owner confirmed real responses; source TXT header was mislabeled.
REAL-ARK-SURVEY-20260903-137,REAL-ARK-SURVEY-20260903-137,,True,batch_owner_attestation,anonymous_questionnaire_batch,anonymous_batch_without_timing,,v2.2-paper-batch,A,23～26岁,2,0.0,没玩过《明日方舟》,50.0,False,还没有买过正版周边,0.0,0,玛恩纳,浊心斯卡蒂,霍尔海雅,玛恩纳,日用生活,1,200.0,淘宝/天猫,3,是限定、联名或活动纪念款｜有收藏或凑套装的价值｜想支持作品或官方,价格比预期高｜预售时间太长｜运费太高,不太在意促销，更看重商品本身,30.0,75.5,2,暂时没有特别吸引我的地方,材质和工艺｜是否容易缺货或限量,更喜欢A款,角色和画面设计=2｜材质与做工=4｜正版授权=5｜实用性=3｜价格=1｜限定或收藏价值=6,希望实物图和细节展示更充分,想看到更多阵营主题、干员小队主题的组合周边。,False,True,real_anonymous_survey_user_attested,ARK-SURVEY-20260903,Batch owner confirmed real responses; source TXT header was mislabeled.
REAL-ARK-SURVEY-20260903-138,REAL-ARK-SURVEY-20260903-138,,True,batch_owner_attestation,anonymous_questionnaire_batch,anonymous_batch_without_timing,,v2.2-paper-batch,tie,18～22岁,2,84.0,玩过《明日方舟》,400.0,True,买过《明日方舟》官方或正版授权周边,750.0,4,诗怀雅,凯尔希,锏,诗怀雅,毛绒玩偶,4,150.0,B站会员购,4,朋友推荐或社区评价很好｜很喜欢这个角色,设计不太喜欢｜不确定买回来怎么摆或怎么用｜售后或退换不方便,满额赠品,45.0,115.5,4,材质与工艺｜角色选择｜尺寸,售后规则｜最终价格｜是否为正版授权,两款都可以,角色和画面设计=2｜材质与做工=3｜正版授权=4｜实用性=5｜价格=1｜限定或收藏价值=6,希望缩短预售和发货周期,想看到更多阵营主题、干员小队主题的组合周边。,False,True,real_anonymous_survey_user_attested,ARK-SURVEY-20260903,Batch owner confirmed real responses; source TXT header was mislabeled.
REAL-ARK-SURVEY-20260903-139,REAL-ARK-SURVEY-20260903-139,,True,batch_owner_attestation,anonymous_questionnaire_batch,anonymous_batch_without_timing,,v2.2-paper-batch,tie,23～26岁,28,48.0,玩过《明日方舟》,400.0,True,买过《明日方舟》官方或正版授权周边,2000.0,8,阿米娅,霍尔海雅,史尔特尔,阿米娅,亚克力制品,4,150.0,B站会员购,3,想支持作品或官方｜有收藏或凑套装的价值｜画面或造型设计很好看,设计不太喜欢,不太在意促销，更看重商品本身,45.0,65.5,2,暂时没有特别吸引我的地方,实物图和细节｜最终价格｜材质和工艺,两款都可以,角色和画面设计=3｜材质与做工=2｜正版授权=4｜实用性=6｜价格=1｜限定或收藏价值=5,希望减少容易刮花的材质,希望官方把预售周期和发货进度写得更透明。,False,True,real_anonymous_survey_user_attested,ARK-SURVEY-20260903,Batch owner confirmed real responses; source TXT header was mislabeled.
REAL-ARK-SURVEY-20260903-140,REAL-ARK-SURVEY-20260903-140,,True,batch_owner_attestation,anonymous_questionnaire_batch,anonymous_batch_without_timing,,v2.2-paper-batch,tie,18～22岁,2,0.0,没玩过《明日方舟》,,False,还没有买过正版周边,0.0,0,阿米娅,逻各斯,斯卡蒂,阿米娅,手办模玩,3,800.0,淘宝/天猫,4,朋友推荐或社区评价很好｜有收藏或凑套装的价值｜价格合适,价格比预期高｜售后或退换不方便,直接降价,30.0,200.0,3,收藏价值｜实用性｜材质与工艺,发货时间｜是否容易缺货或限量｜最终价格,两款都不太喜欢,角色和画面设计=2｜材质与做工=3｜正版授权=1｜实用性=4｜价格=6｜限定或收藏价值=5,希望限定数量不要太少,-,False,True,real_anonymous_survey_user_attested,ARK-SURVEY-20260903,Batch owner confirmed real responses; source TXT header was mislabeled.
REAL-ARK-SURVEY-20260903-141,REAL-ARK-SURVEY-20260903-141,,True,batch_owner_attestation,anonymous_questionnaire_batch,anonymous_batch_without_timing,,v2.2-paper-batch,B,18～22岁,16,84.0,玩过《明日方舟》,0.0,True,买过《明日方舟》官方或正版授权周边,100.0,4,陈,诗怀雅,黍,陈,手办模玩,4,800.0,官方商城,3,朋友推荐或社区评价很好｜价格合适,预售时间太长｜设计不太喜欢｜材质、尺寸或实物效果说不清楚,直接降价,75.0,350.5,3,配件或玩法,材质和工艺｜最终价格｜售后规则,更喜欢B款,角色和画面设计=1｜材质与做工=4｜正版授权=3｜实用性=5｜价格=2｜限定或收藏价值=6,希望减少容易刮花的材质,如果有长期补货机制会更愿意购买，不喜欢抢限量。,False,True,real_anonymous_survey_user_attested,ARK-SURVEY-20260903,Batch owner confirmed real responses; source TXT header was mislabeled.
REAL-ARK-SURVEY-20260903-142,REAL-ARK-SURVEY-20260903-142,,True,batch_owner_attestation,anonymous_questionnaire_batch,anonymous_batch_without_timing,,v2.2-paper-batch,B,18～22岁,28,,玩过《明日方舟》,,True,买过《明日方舟》官方或正版授权周边,350.0,2,德克萨斯,温蒂,夕,德克萨斯,毛绒玩偶,4,200.0,二手平台,3,是限定、联名或活动纪念款｜画面或造型设计很好看｜价格合适,材质、尺寸或实物效果说不清楚｜预售时间太长｜设计不太喜欢,不太在意促销，更看重商品本身,75.0,200.5,4,角色选择｜收藏价值｜实用性,发货时间｜材质和工艺｜是否为正版授权,更喜欢B款,角色和画面设计=2｜材质与做工=5｜正版授权=1｜实用性=4｜价格=3｜限定或收藏价值=6,-,-,False,True,real_anonymous_survey_user_attested,ARK-SURVEY-20260903,Batch owner confirmed real responses; source TXT header was mislabeled.
REAL-ARK-SURVEY-20260903-143,REAL-ARK-SURVEY-20260903-143,,True,batch_owner_attestation,anonymous_questionnaire_batch,anonymous_batch_without_timing,,v2.2-paper-batch,A,18～22岁,2,,玩过《明日方舟》,0.0,False,还没有买过正版周边,0.0,0,阿米娅,温蒂,史尔特尔,阿米娅,毛绒玩偶,3,300.0,淘宝/天猫,4,材质和做工让人放心｜平时真的能用到｜很喜欢这个角色,材质、尺寸或实物效果说不清楚｜不确定买回来怎么摆或怎么用,预售特典,75.0,115.5,2,暂时没有特别吸引我的地方,材质和工艺｜发货时间｜实物图和细节,更喜欢A款,角色和画面设计=2｜材质与做工=1｜正版授权=3｜实用性=6｜价格=4｜限定或收藏价值=5,希望价格再友好一点,希望商品详情页提供更多实拍、尺寸对比和材质说明。,False,True,real_anonymous_survey_user_attested,ARK-SURVEY-20260903,Batch owner confirmed real responses; source TXT header was mislabeled.
REAL-ARK-SURVEY-20260903-144,REAL-ARK-SURVEY-20260903-144,,True,batch_owner_attestation,anonymous_questionnaire_batch,anonymous_batch_without_timing,,v2.2-paper-batch,B,18～22岁,16,48.0,玩过《明日方舟》,400.0,True,买过《明日方舟》官方或正版授权周边,750.0,4,棘刺,银灰,玛恩纳,棘刺,吧唧（徽章）,3,40.0,官方商城,3,价格合适｜有收藏或凑套装的价值｜平时真的能用到,运费太高｜预售时间太长｜价格比预期高,直接降价,0.0,15.0,3,材质与工艺｜角色选择｜画面或造型,发货时间｜具体尺寸｜是否容易缺货或限量,更喜欢B款,角色和画面设计=2｜材质与做工=6｜正版授权=5｜实用性=4｜价格=1｜限定或收藏价值=3,希望增加可替换配件或玩法,-,False,True,real_anonymous_survey_user_attested,ARK-SURVEY-20260903,Batch owner confirmed real responses; source TXT header was mislabeled.
REAL-ARK-SURVEY-20260903-145,REAL-ARK-SURVEY-20260903-145,,True,batch_owner_attestation,anonymous_questionnaire_batch,anonymous_batch_without_timing,,v2.2-paper-batch,A,18～22岁,16,24.0,玩过《明日方舟》,0.0,True,买过《明日方舟》官方或正版授权周边,350.0,4,逻各斯,黍,维什戴尔,逻各斯,手办模玩,4,800.0,线下展会或快闪店,5,很喜欢这个角色｜价格合适｜画面或造型设计很好看,价格比预期高｜设计不太喜欢｜发货进度不透明,预售特典,30.0,350.5,4,实用性｜配件或玩法,具体尺寸｜最终价格｜实物图和细节,更喜欢A款,角色和画面设计=1｜材质与做工=3｜正版授权=2｜实用性=4｜价格=5｜限定或收藏价值=6,-,-,False,True,real_anonymous_survey_user_attested,ARK-SURVEY-20260903,Batch owner confirmed real responses; source TXT header was mislabeled.
REAL-ARK-SURVEY-20260903-146,REAL-ARK-SURVEY-20260903-146,,True,batch_owner_attestation,anonymous_questionnaire_batch,anonymous_batch_without_timing,,v2.2-paper-batch,B,18～22岁,6,84.0,玩过《明日方舟》,200.0,False,没买过方舟正版周边，但买过其他ACG正版周边,100.0,2,温蒂,阿米娅,玛恩纳,温蒂,日用生活,4,100.0,官方商城,4,价格合适｜平时真的能用到｜有收藏或凑套装的价值,发货进度不透明｜设计不太喜欢｜价格比预期高,满额赠品,30.0,150.5,3,收藏价值｜角色选择｜材质与工艺,最终价格｜实物图和细节｜是否为正版授权,更喜欢B款,角色和画面设计=1｜材质与做工=2｜正版授权=6｜实用性=5｜价格=3｜限定或收藏价值=4,希望提升日常实用性,希望包装在保护商品的同时不要过度增加体积和运费。,False,True,real_anonymous_survey_user_attested,ARK-SURVEY-20260903,Batch owner confirmed real responses; source TXT header was mislabeled.
REAL-ARK-SURVEY-20260903-147,REAL-ARK-SURVEY-20260903-147,,True,batch_owner_attestation,anonymous_questionnaire_batch,anonymous_batch_without_timing,,v2.2-paper-batch,B,23～26岁,16,2.0,玩过《明日方舟》,750.0,True,买过《明日方舟》官方或正版授权周边,2000.0,8,温蒂,黍,伊芙利特,温蒂,通行证,4,60.0,二手平台,3,画面或造型设计很好看｜平时真的能用到｜有收藏或凑套装的价值,发货进度不透明｜预售时间太长｜售后或退换不方便,不太在意促销，更看重商品本身,135.0,20.0,3,实用性｜画面或造型｜收藏价值,是否为正版授权｜实物图和细节｜发货时间,更喜欢B款,角色和画面设计=2｜材质与做工=1｜正版授权=5｜实用性=6｜价格=4｜限定或收藏价值=3,希望提升日常实用性,想看到更多阵营主题、干员小队主题的组合周边。,False,True,real_anonymous_survey_user_attested,ARK-SURVEY-20260903,Batch owner confirmed real responses; source TXT header was mislabeled.
REAL-ARK-SURVEY-20260903-148,REAL-ARK-SURVEY-20260903-148,,True,batch_owner_attestation,anonymous_questionnaire_batch,anonymous_batch_without_timing,,v2.2-paper-batch,tie,18～22岁,0,0.0,没玩过《明日方舟》,200.0,False,没买过方舟正版周边，但买过其他ACG正版周边,350.0,8,阿米娅,维什戴尔,W,阿米娅,吧唧（徽章）,1,60.0,淘宝/天猫,3,平时真的能用到,价格比预期高｜材质、尺寸或实物效果说不清楚｜售后或退换不方便,角色套装更优惠,45.0,30.5,3,角色选择｜画面或造型｜实用性,最终价格,两款都不太喜欢,角色和画面设计=1｜材质与做工=3｜正版授权=2｜实用性=5｜价格=4｜限定或收藏价值=6,-,希望官方把预售周期和发货进度写得更透明。,False,True,real_anonymous_survey_user_attested,ARK-SURVEY-20260903,Batch owner confirmed real responses; source TXT header was mislabeled.
REAL-ARK-SURVEY-20260903-149,REAL-ARK-SURVEY-20260903-149,,True,batch_owner_attestation,anonymous_questionnaire_batch,anonymous_batch_without_timing,,v2.2-paper-batch,B,23～26岁,28,24.0,玩过《明日方舟》,200.0,True,买过《明日方舟》官方或正版授权周边,,2,霍尔海雅,泥岩,煌,霍尔海雅,装饰摆件,3,100.0,二手平台,4,有收藏或凑套装的价值｜材质和做工让人放心｜平时真的能用到,材质、尺寸或实物效果说不清楚｜不确定买回来怎么摆或怎么用｜已经有很多同类周边,直接降价,45.0,50.0,4,角色选择｜材质与工艺｜实用性,是否容易缺货或限量｜实物图和细节｜具体尺寸,更喜欢B款,角色和画面设计=1｜材质与做工=5｜正版授权=3｜实用性=6｜价格=2｜限定或收藏价值=4,希望包装更适合收藏,希望多出一些冷门角色的周边，不要总集中在少数热门角色。,False,True,real_anonymous_survey_user_attested,ARK-SURVEY-20260903,Batch owner confirmed real responses; source TXT header was mislabeled.
REAL-ARK-SURVEY-20260903-150,REAL-ARK-SURVEY-20260903-150,,True,batch_owner_attestation,anonymous_questionnaire_batch,anonymous_batch_without_timing,,v2.2-paper-batch,B,18～22岁,6,0.0,没玩过《明日方舟》,200.0,False,没买过方舟正版周边，但买过其他ACG正版周边,350.0,2,诗怀雅,夜莺,塞雷娅,诗怀雅,手办模玩,5,800.0,线下展会或快闪店,4,是限定、联名或活动纪念款｜画面或造型设计很好看,预售时间太长｜设计不太喜欢｜运费太高,包邮,135.0,350.5,5,画面或造型｜实用性｜配件或玩法,发货时间｜是否容易缺货或限量｜最终价格,更喜欢B款,角色和画面设计=3｜材质与做工=2｜正版授权=1｜实用性=6｜价格=4｜限定或收藏价值=5,-,-,False,True,real_anonymous_survey_user_attested,ARK-SURVEY-20260903,Batch owner confirmed real responses; source TXT header was mislabeled.
REAL-ARK-SURVEY-20260903-151,REAL-ARK-SURVEY-20260903-151,,True,batch_owner_attestation,anonymous_questionnaire_batch,anonymous_batch_without_timing,,v2.2-paper-batch,A,18～22岁,16,,玩过《明日方舟》,200.0,True,买过《明日方舟》官方或正版授权周边,350.0,8,泥岩,凯尔希,史尔特尔,泥岩,日用生活,3,150.0,线下展会或快闪店,1,价格合适｜朋友推荐或社区评价很好,价格比预期高｜担心不是正版｜已经有很多同类周边,包邮,75.0,50.0,4,配色｜画面或造型｜实用性,实物图和细节｜售后规则,更喜欢A款,角色和画面设计=1｜材质与做工=4｜正版授权=2｜实用性=6｜价格=3｜限定或收藏价值=5,希望增加可替换配件或玩法,如果有长期补货机制会更愿意购买，不喜欢抢限量。,False,True,real_anonymous_survey_user_attested,ARK-SURVEY-20260903,Batch owner confirmed real responses; source TXT header was mislabeled.
REAL-ARK-SURVEY-20260903-152,REAL-ARK-SURVEY-20260903-152,,True,batch_owner_attestation,anonymous_questionnaire_batch,anonymous_batch_without_timing,,v2.2-paper-batch,A,23～26岁,16,48.0,玩过《明日方舟》,400.0,False,没买过方舟正版周边，但买过其他ACG正版周边,750.0,4,温蒂,维什戴尔,塞雷娅,温蒂,亚克力制品,5,100.0,B站会员购,4,很喜欢这个角色｜朋友推荐或社区评价很好｜平时真的能用到,价格比预期高｜发货进度不透明,包邮,75.0,30.0,4,画面或造型｜材质与工艺,是否为正版授权｜售后规则｜是否容易缺货或限量,更喜欢A款,角色和画面设计=1｜材质与做工=3｜正版授权=2｜实用性=4｜价格=6｜限定或收藏价值=5,-,希望商品详情页提供更多实拍、尺寸对比和材质说明。,False,True,real_anonymous_survey_user_attested,ARK-SURVEY-20260903,Batch owner confirmed real responses; source TXT header was mislabeled.
REAL-ARK-SURVEY-20260903-153,REAL-ARK-SURVEY-20260903-153,,True,batch_owner_attestation,anonymous_questionnaire_batch,anonymous_batch_without_timing,,v2.2-paper-batch,A,23～26岁,28,24.0,玩过《明日方舟》,50.0,True,买过《明日方舟》官方或正版授权周边,350.0,2,幽灵鲨,维什戴尔,斯卡蒂,幽灵鲨,毛绒玩偶,3,250.0,官方商城,5,有收藏或凑套装的价值｜想支持作品或官方｜材质和做工让人放心,材质、尺寸或实物效果说不清楚｜发货进度不透明｜运费太高,预售特典,30.0,200.5,3,角色选择｜收藏价值｜画面或造型,材质和工艺｜是否容易缺货或限量｜具体尺寸,更喜欢A款,角色和画面设计=1｜材质与做工=4｜正版授权=3｜实用性=2｜价格=6｜限定或收藏价值=5,-,希望包装在保护商品的同时不要过度增加体积和运费。,False,True,real_anonymous_survey_user_attested,ARK-SURVEY-20260903,Batch owner confirmed real responses; source TXT header was mislabeled.
REAL-ARK-SURVEY-20260903-154,REAL-ARK-SURVEY-20260903-154,,True,batch_owner_attestation,anonymous_questionnaire_batch,anonymous_batch_without_timing,,v2.2-paper-batch,tie,18～22岁,28,24.0,玩过《明日方舟》,1200.0,True,买过《明日方舟》官方或正版授权周边,750.0,4,史尔特尔,德克萨斯,锏,史尔特尔,亚克力制品,4,80.0,线下展会或快闪店,5,画面或造型设计很好看｜朋友推荐或社区评价很好,价格比预期高｜运费太高,积分或会员权益,30.0,65.5,4,配色｜画面或造型｜角色选择,材质和工艺｜发货时间｜实物图和细节,两款都不太喜欢,角色和画面设计=1｜材质与做工=3｜正版授权=4｜实用性=2｜价格=5｜限定或收藏价值=6,-,-,False,True,real_anonymous_survey_user_attested,ARK-SURVEY-20260903,Batch owner confirmed real responses; source TXT header was mislabeled.
REAL-ARK-SURVEY-20260903-155,REAL-ARK-SURVEY-20260903-155,,True,batch_owner_attestation,anonymous_questionnaire_batch,anonymous_batch_without_timing,,v2.2-paper-batch,tie,23～26岁,0,0.0,没玩过《明日方舟》,0.0,False,还没有买过正版周边,0.0,0,德克萨斯,泥岩,能天使,德克萨斯,亚克力制品,2,80.0,其他：线下谷店,4,材质和做工让人放心｜很喜欢这个角色｜有收藏或凑套装的价值,价格比预期高｜设计不太喜欢｜售后或退换不方便,预售特典,135.0,40.5,3,角色选择｜配件或玩法｜画面或造型,实物图和细节｜是否容易缺货或限量｜是否为正版授权,两款都可以,角色和画面设计=5｜材质与做工=1｜正版授权=4｜实用性=3｜价格=2｜限定或收藏价值=6,-,可以接受联名，但希望不要为了限定把价格抬得太高。,False,True,real_anonymous_survey_user_attested,ARK-SURVEY-20260903,Batch owner confirmed real responses; source TXT header was mislabeled.
REAL-ARK-SURVEY-20260903-156,REAL-ARK-SURVEY-20260903-156,,True,batch_owner_attestation,anonymous_questionnaire_batch,anonymous_batch_without_timing,,v2.2-paper-batch,tie,23～26岁,6,24.0,玩过《明日方舟》,50.0,False,还没有买过正版周边,0.0,0,浊心斯卡蒂,能天使,斯卡蒂,浊心斯卡蒂,毛绒玩偶,3,150.0,B站会员购,4,材质和做工让人放心｜平时真的能用到｜价格合适,已经有很多同类周边｜预售时间太长｜售后或退换不方便,预售特典,0.0,115.5,4,材质与工艺｜画面或造型,售后规则｜最终价格｜材质和工艺,两款都不太喜欢,角色和画面设计=2｜材质与做工=4｜正版授权=6｜实用性=5｜价格=1｜限定或收藏价值=3,-,没有特别建议，主要还是看角色和成品质量。,False,True,real_anonymous_survey_user_attested,ARK-SURVEY-20260903,Batch owner confirmed real responses; source TXT header was mislabeled.
REAL-ARK-SURVEY-20260903-157,REAL-ARK-SURVEY-20260903-157,,True,batch_owner_attestation,anonymous_questionnaire_batch,anonymous_batch_without_timing,,v2.2-paper-batch,A,18～22岁,16,,玩过《明日方舟》,400.0,True,买过《明日方舟》官方或正版授权周边,750.0,8,锏,凯尔希,逻各斯,锏,装饰摆件,4,200.0,B站会员购,4,有收藏或凑套装的价值｜是限定、联名或活动纪念款｜材质和做工让人放心,设计不太喜欢｜担心不是正版｜价格比预期高,直接降价,30.0,50.0,3,收藏价值｜角色选择｜材质与工艺,实物图和细节｜是否容易缺货或限量｜最终价格,更喜欢A款,角色和画面设计=5｜材质与做工=2｜正版授权=3｜实用性=6｜价格=4｜限定或收藏价值=1,希望减少容易刮花的材质,想要更多能日常使用的周边，比如包、杯子、文具和服饰。,False,True,real_anonymous_survey_user_attested,ARK-SURVEY-20260903,Batch owner confirmed real responses; source TXT header was mislabeled.
REAL-ARK-SURVEY-20260903-158,REAL-ARK-SURVEY-20260903-158,,True,batch_owner_attestation,anonymous_questionnaire_batch,anonymous_batch_without_timing,,v2.2-paper-batch,A,23～26岁,2,0.0,没玩过《明日方舟》,400.0,False,没买过方舟正版周边，但买过其他ACG正版周边,100.0,8,银灰,阿米娅,煌,银灰,日用生活,5,100.0,淘宝/天猫,5,想支持作品或官方｜很喜欢这个角色｜平时真的能用到,已经有很多同类周边｜预售时间太长｜不确定买回来怎么摆或怎么用,角色套装更优惠,75.0,75.5,4,配色｜实用性｜配件或玩法,材质和工艺｜最终价格｜是否为正版授权,更喜欢A款,角色和画面设计=2｜材质与做工=5｜正版授权=6｜实用性=4｜价格=1｜限定或收藏价值=3,希望尺寸标注更清楚,没有特别建议，主要还是看角色和成品质量。,False,True,real_anonymous_survey_user_attested,ARK-SURVEY-20260903,Batch owner confirmed real responses; source TXT header was mislabeled.
REAL-ARK-SURVEY-20260903-159,REAL-ARK-SURVEY-20260903-159,,True,batch_owner_attestation,anonymous_questionnaire_batch,anonymous_batch_without_timing,,v2.2-paper-batch,A,18～22岁,0,0.0,没玩过《明日方舟》,50.0,False,没买过方舟正版周边，但买过其他ACG正版周边,100.0,2,泥岩,拉普兰德,斯卡蒂,泥岩,亚克力制品,2,60.0,其他：线下谷店,5,价格合适｜朋友推荐或社区评价很好,价格比预期高｜材质、尺寸或实物效果说不清楚｜预售时间太长,预售特典,135.0,65.5,3,材质与工艺｜配件或玩法｜角色选择,最终价格,更喜欢A款,角色和画面设计=4｜材质与做工=2｜正版授权=5｜实用性=3｜价格=1｜限定或收藏价值=6,-,没有特别建议，主要还是看角色和成品质量。,False,True,real_anonymous_survey_user_attested,ARK-SURVEY-20260903,Batch owner confirmed real responses; source TXT header was mislabeled.
REAL-ARK-SURVEY-20260903-160,REAL-ARK-SURVEY-20260903-160,,True,batch_owner_attestation,anonymous_questionnaire_batch,anonymous_batch_without_timing,,v2.2-paper-batch,A,18～22岁,16,48.0,玩过《明日方舟》,50.0,True,买过《明日方舟》官方或正版授权周边,100.0,2,维什戴尔,泥岩,拉普兰德,维什戴尔,亚克力制品,5,150.0,官方商城,3,价格合适｜是限定、联名或活动纪念款｜有收藏或凑套装的价值,运费太高｜设计不太喜欢｜已经有很多同类周边,角色套装更优惠,,30.0,4,尺寸｜实用性｜材质与工艺,实物图和细节｜是否容易缺货或限量｜材质和工艺,更喜欢A款,角色和画面设计=3｜材质与做工=5｜正版授权=1｜实用性=4｜价格=2｜限定或收藏价值=6,希望缩短预售和发货周期,想看到更多阵营主题、干员小队主题的组合周边。,False,True,real_anonymous_survey_user_attested,ARK-SURVEY-20260903,Batch owner confirmed real responses; source TXT header was mislabeled.
REAL-ARK-SURVEY-20260903-161,REAL-ARK-SURVEY-20260903-161,,True,batch_owner_attestation,anonymous_questionnaire_batch,anonymous_batch_without_timing,,v2.2-paper-batch,tie,18～22岁,6,48.0,玩过《明日方舟》,50.0,True,买过《明日方舟》官方或正版授权周边,100.0,2,泥岩,夕,凯尔希,泥岩,装饰摆件,3,100.0,B站会员购,4,画面或造型设计很好看｜有收藏或凑套装的价值｜很喜欢这个角色,设计不太喜欢｜发货进度不透明｜材质、尺寸或实物效果说不清楚,预售特典,45.0,75.5,3,配件或玩法｜材质与工艺｜画面或造型,最终价格｜材质和工艺｜实物图和细节,两款都可以,角色和画面设计=1｜材质与做工=3｜正版授权=4｜实用性=6｜价格=2｜限定或收藏价值=5,希望缩短预售和发货周期,-,False,True,real_anonymous_survey_user_attested,ARK-SURVEY-20260903,Batch owner confirmed real responses; source TXT header was mislabeled.
REAL-ARK-SURVEY-20260903-162,REAL-ARK-SURVEY-20260903-162,,True,batch_owner_attestation,anonymous_questionnaire_batch,anonymous_batch_without_timing,,v2.2-paper-batch,tie,18～22岁,2,84.0,玩过《明日方舟》,400.0,True,买过《明日方舟》官方或正版授权周边,750.0,2,浊心斯卡蒂,拉普兰德,泥岩,浊心斯卡蒂,亚克力制品,3,100.0,淘宝/天猫,4,是限定、联名或活动纪念款｜价格合适｜材质和做工让人放心,价格比预期高｜材质、尺寸或实物效果说不清楚｜预售时间太长,预售特典,75.0,30.0,5,角色选择｜材质与工艺｜实用性,最终价格,两款都不太喜欢,角色和画面设计=1｜材质与做工=2｜正版授权=3｜实用性=5｜价格=4｜限定或收藏价值=6,-,-,False,True,real_anonymous_survey_user_attested,ARK-SURVEY-20260903,Batch owner confirmed real responses; source TXT header was mislabeled.
REAL-ARK-SURVEY-20260903-163,REAL-ARK-SURVEY-20260903-163,,True,batch_owner_attestation,anonymous_questionnaire_batch,anonymous_batch_without_timing,,v2.2-paper-batch,A,23～26岁,6,48.0,玩过《明日方舟》,200.0,True,买过《明日方舟》官方或正版授权周边,3500.0,12,维什戴尔,夜莺,温蒂,维什戴尔,吧唧（徽章）,4,60.0,淘宝/天猫,4,画面或造型设计很好看,材质、尺寸或实物效果说不清楚｜价格比预期高｜担心不是正版,包邮,135.0,30.5,4,收藏价值｜尺寸,最终价格｜售后规则,更喜欢A款,角色和画面设计=1｜材质与做工=2｜正版授权=3｜实用性=6｜价格=4｜限定或收藏价值=5,希望增加可替换配件或玩法,希望多做毛绒和桌面摆件，少一点重复款吧唧。,False,True,real_anonymous_survey_user_attested,ARK-SURVEY-20260903,Batch owner confirmed real responses; source TXT header was mislabeled.
REAL-ARK-SURVEY-20260903-164,REAL-ARK-SURVEY-20260903-164,,True,batch_owner_attestation,anonymous_questionnaire_batch,anonymous_batch_without_timing,,v2.2-paper-batch,B,18～22岁,0,0.0,没玩过《明日方舟》,0.0,False,还没有买过正版周边,0.0,0,温蒂,德克萨斯,陈,温蒂,通行证,2,100.0,B站会员购,4,朋友推荐或社区评价很好｜画面或造型设计很好看｜很喜欢这个角色,价格比预期高｜售后或退换不方便｜材质、尺寸或实物效果说不清楚,满额赠品,75.0,50.5,1,暂时没有特别吸引我的地方,材质和工艺｜最终价格｜是否为正版授权,更喜欢B款,角色和画面设计=4｜材质与做工=2｜正版授权=5｜实用性=3｜价格=1｜限定或收藏价值=6,希望实物图和细节展示更充分,-,False,True,real_anonymous_survey_user_attested,ARK-SURVEY-20260903,Batch owner confirmed real responses; source TXT header was mislabeled.
REAL-ARK-SURVEY-20260903-165,REAL-ARK-SURVEY-20260903-165,,True,batch_owner_attestation,anonymous_questionnaire_batch,anonymous_batch_without_timing,,v2.2-paper-batch,B,18～22岁,0,0.0,没玩过《明日方舟》,1200.0,False,没买过方舟正版周边，但买过其他ACG正版周边,750.0,4,玛恩纳,能天使,史尔特尔,玛恩纳,吧唧（徽章）,4,40.0,淘宝/天猫,1,很喜欢这个角色｜朋友推荐或社区评价很好｜是限定、联名或活动纪念款,发货进度不透明｜材质、尺寸或实物效果说不清楚｜售后或退换不方便,预售特典,75.0,30.5,5,画面或造型｜角色选择｜材质与工艺,实物图和细节｜是否容易缺货或限量｜材质和工艺,更喜欢B款,角色和画面设计=2｜材质与做工=3｜正版授权=1｜实用性=4｜价格=5｜限定或收藏价值=6,-,希望多做毛绒和桌面摆件，少一点重复款吧唧。,False,True,real_anonymous_survey_user_attested,ARK-SURVEY-20260903,Batch owner confirmed real responses; source TXT header was mislabeled.
REAL-ARK-SURVEY-20260903-166,REAL-ARK-SURVEY-20260903-166,,True,batch_owner_attestation,anonymous_questionnaire_batch,anonymous_batch_without_timing,,v2.2-paper-batch,A,23～26岁,28,24.0,玩过《明日方舟》,50.0,False,还没有买过正版周边,0.0,0,塞雷娅,维什戴尔,煌,塞雷娅,日用生活,2,300.0,淘宝/天猫,1,材质和做工让人放心｜是限定、联名或活动纪念款｜画面或造型设计很好看,担心不是正版｜材质、尺寸或实物效果说不清楚｜已经有很多同类周边,直接降价,45.0,75.5,1,暂时没有特别吸引我的地方,实物图和细节｜最终价格｜材质和工艺,更喜欢A款,角色和画面设计=1｜材质与做工=3｜正版授权=5｜实用性=4｜价格=2｜限定或收藏价值=6,希望价格再友好一点,-,False,True,real_anonymous_survey_user_attested,ARK-SURVEY-20260903,Batch owner confirmed real responses; source TXT header was mislabeled.
REAL-ARK-SURVEY-20260903-167,REAL-ARK-SURVEY-20260903-167,,True,batch_owner_attestation,anonymous_questionnaire_batch,anonymous_batch_without_timing,,v2.2-paper-batch,B,18～22岁,28,84.0,玩过《明日方舟》,50.0,False,还没有买过正版周边,0.0,0,浊心斯卡蒂,阿米娅,逻各斯,浊心斯卡蒂,亚克力制品,4,80.0,淘宝/天猫,4,很喜欢这个角色｜有收藏或凑套装的价值,发货进度不透明｜价格比预期高｜设计不太喜欢,角色套装更优惠,75.0,40.5,4,配色,具体尺寸｜材质和工艺,更喜欢B款,角色和画面设计=1｜材质与做工=2｜正版授权=5｜实用性=4｜价格=3｜限定或收藏价值=6,希望实物图和细节展示更充分,希望同一角色能做统一主题套装，方便收藏。,False,True,real_anonymous_survey_user_attested,ARK-SURVEY-20260903,Batch owner confirmed real responses; source TXT header was mislabeled.
REAL-ARK-SURVEY-20260903-168,REAL-ARK-SURVEY-20260903-168,,True,batch_owner_attestation,anonymous_questionnaire_batch,anonymous_batch_without_timing,,v2.2-paper-batch,tie,23～26岁,16,48.0,玩过《明日方舟》,1200.0,True,买过《明日方舟》官方或正版授权周边,750.0,8,德克萨斯,W,缪尔赛思,德克萨斯,装饰摆件,4,150.0,B站会员购,4,很喜欢这个角色｜画面或造型设计很好看｜是限定、联名或活动纪念款,担心不是正版｜发货进度不透明｜设计不太喜欢,角色套装更优惠,135.0,150.5,3,画面或造型,最终价格｜材质和工艺｜实物图和细节,两款都不太喜欢,角色和画面设计=4｜材质与做工=3｜正版授权=2｜实用性=6｜价格=1｜限定或收藏价值=5,希望增加可替换配件或玩法,-,False,True,real_anonymous_survey_user_attested,ARK-SURVEY-20260903,Batch owner confirmed real responses; source TXT header was mislabeled.
REAL-ARK-SURVEY-20260903-169,REAL-ARK-SURVEY-20260903-169,,True,batch_owner_attestation,anonymous_questionnaire_batch,anonymous_batch_without_timing,,v2.2-paper-batch,A,18～22岁,16,0.0,没玩过《明日方舟》,400.0,False,没买过方舟正版周边，但买过其他ACG正版周边,2000.0,12,温蒂,能天使,银灰,温蒂,吧唧（徽章）,3,30.0,二手平台,1,朋友推荐或社区评价很好｜很喜欢这个角色｜想支持作品或官方,发货进度不透明｜设计不太喜欢｜材质、尺寸或实物效果说不清楚,不太在意促销，更看重商品本身,30.0,20.5,2,材质与工艺｜画面或造型,材质和工艺｜售后规则,更喜欢A款,角色和画面设计=1｜材质与做工=3｜正版授权=2｜实用性=5｜价格=4｜限定或收藏价值=6,希望限定数量不要太少,-,False,True,real_anonymous_survey_user_attested,ARK-SURVEY-20260903,Batch owner confirmed real responses; source TXT header was mislabeled.
REAL-ARK-SURVEY-20260903-170,REAL-ARK-SURVEY-20260903-170,,True,batch_owner_attestation,anonymous_questionnaire_batch,anonymous_batch_without_timing,,v2.2-paper-batch,tie,23～26岁,6,84.0,玩过《明日方舟》,200.0,False,没买过方舟正版周边，但买过其他ACG正版周边,750.0,8,史尔特尔,艾雅法拉,W,史尔特尔,日用生活,3,200.0,淘宝/天猫,4,有收藏或凑套装的价值｜很喜欢这个角色,预售时间太长｜不确定买回来怎么摆或怎么用｜发货进度不透明,直接降价,30.0,75.5,3,画面或造型｜材质与工艺,最终价格｜具体尺寸｜是否容易缺货或限量,两款都可以,角色和画面设计=4｜材质与做工=2｜正版授权=5｜实用性=1｜价格=3｜限定或收藏价值=6,-,-,False,True,real_anonymous_survey_user_attested,ARK-SURVEY-20260903,Batch owner confirmed real responses; source TXT header was mislabeled.
REAL-ARK-SURVEY-20260903-171,REAL-ARK-SURVEY-20260903-171,,True,batch_owner_attestation,anonymous_questionnaire_batch,anonymous_batch_without_timing,,v2.2-paper-batch,A,18～22岁,2,84.0,玩过《明日方舟》,200.0,False,还没有买过正版周边,0.0,0,夕,煌,斯卡蒂,夕,日用生活,3,100.0,二手平台,1,材质和做工让人放心｜平时真的能用到,运费太高｜设计不太喜欢｜已经有很多同类周边,积分或会员权益,,75.5,3,材质与工艺｜配色｜角色选择,是否容易缺货或限量｜材质和工艺｜实物图和细节,更喜欢A款,角色和画面设计=1｜材质与做工=4｜正版授权=2｜实用性=5｜价格=3｜限定或收藏价值=6,希望增加可替换配件或玩法,希望同一角色能做统一主题套装，方便收藏。,False,True,real_anonymous_survey_user_attested,ARK-SURVEY-20260903,Batch owner confirmed real responses; source TXT header was mislabeled.
REAL-ARK-SURVEY-20260903-172,REAL-ARK-SURVEY-20260903-172,,True,batch_owner_attestation,anonymous_questionnaire_batch,anonymous_batch_without_timing,,v2.2-paper-batch,B,18～22岁,2,2.0,玩过《明日方舟》,50.0,True,买过《明日方舟》官方或正版授权周边,350.0,12,缪尔赛思,阿米娅,能天使,缪尔赛思,装饰摆件,3,300.0,B站会员购,1,画面或造型设计很好看｜是限定、联名或活动纪念款｜材质和做工让人放心,设计不太喜欢｜售后或退换不方便,包邮,75.0,150.5,1,画面或造型｜收藏价值,最终价格｜是否容易缺货或限量｜是否为正版授权,更喜欢B款,角色和画面设计=1｜材质与做工=3｜正版授权=2｜实用性=5｜价格=4｜限定或收藏价值=6,希望实物图和细节展示更充分,想看到更多阵营主题、干员小队主题的组合周边。,False,True,real_anonymous_survey_user_attested,ARK-SURVEY-20260903,Batch owner confirmed real responses; source TXT header was mislabeled.
REAL-ARK-SURVEY-20260903-173,REAL-ARK-SURVEY-20260903-173,,True,batch_owner_attestation,anonymous_questionnaire_batch,anonymous_batch_without_timing,,v2.2-paper-batch,A,18～22岁,6,24.0,玩过《明日方舟》,200.0,False,没买过方舟正版周边，但买过其他ACG正版周边,750.0,4,玛恩纳,铃兰,浊心斯卡蒂,玛恩纳,吧唧（徽章）,2,50.0,B站会员购,4,画面或造型设计很好看,运费太高｜售后或退换不方便｜设计不太喜欢,满额赠品,75.0,15.0,2,角色选择,售后规则｜材质和工艺,更喜欢A款,角色和画面设计=4｜材质与做工=1｜正版授权=3｜实用性=6｜价格=2｜限定或收藏价值=5,-,-,False,True,real_anonymous_survey_user_attested,ARK-SURVEY-20260903,Batch owner confirmed real responses; source TXT header was mislabeled.
REAL-ARK-SURVEY-20260903-174,REAL-ARK-SURVEY-20260903-174,,True,batch_owner_attestation,anonymous_questionnaire_batch,anonymous_batch_without_timing,,v2.2-paper-batch,tie,18～22岁,6,48.0,玩过《明日方舟》,200.0,False,没买过方舟正版周边，但买过其他ACG正版周边,350.0,4,令,锏,能天使,令,吧唧（徽章）,4,30.0,线下展会或快闪店,3,材质和做工让人放心｜很喜欢这个角色｜有收藏或凑套装的价值,已经有很多同类周边｜材质、尺寸或实物效果说不清楚,直接降价,75.0,15.0,4,画面或造型｜收藏价值｜配件或玩法,最终价格｜售后规则｜实物图和细节,两款都可以,角色和画面设计=1｜材质与做工=3｜正版授权=6｜实用性=4｜价格=2｜限定或收藏价值=5,希望材质和做工更扎实,想看到更多阵营主题、干员小队主题的组合周边。,False,True,real_anonymous_survey_user_attested,ARK-SURVEY-20260903,Batch owner confirmed real responses; source TXT header was mislabeled.
REAL-ARK-SURVEY-20260903-175,REAL-ARK-SURVEY-20260903-175,,True,batch_owner_attestation,anonymous_questionnaire_batch,anonymous_batch_without_timing,,v2.2-paper-batch,tie,18～22岁,6,24.0,玩过《明日方舟》,400.0,False,没买过方舟正版周边，但买过其他ACG正版周边,350.0,8,W,浊心斯卡蒂,史尔特尔,W,装饰摆件,5,200.0,线下展会或快闪店,3,是限定、联名或活动纪念款｜价格合适｜朋友推荐或社区评价很好,材质、尺寸或实物效果说不清楚｜售后或退换不方便｜不确定买回来怎么摆或怎么用,不太在意促销，更看重商品本身,75.0,150.5,5,画面或造型｜配件或玩法,最终价格｜售后规则｜发货时间,两款都不太喜欢,角色和画面设计=1｜材质与做工=3｜正版授权=2｜实用性=6｜价格=4｜限定或收藏价值=5,希望尺寸标注更清楚,-,False,True,real_anonymous_survey_user_attested,ARK-SURVEY-20260903,Batch owner confirmed real responses; source TXT header was mislabeled.
REAL-ARK-SURVEY-20260903-176,REAL-ARK-SURVEY-20260903-176,,True,batch_owner_attestation,anonymous_questionnaire_batch,anonymous_batch_without_timing,,v2.2-paper-batch,A,18～22岁,28,84.0,玩过《明日方舟》,50.0,True,买过《明日方舟》官方或正版授权周边,350.0,2,黍,塞雷娅,德克萨斯,黍,毛绒玩偶,5,250.0,B站会员购,1,很喜欢这个角色｜材质和做工让人放心｜平时真的能用到,已经有很多同类周边｜预售时间太长｜运费太高,直接降价,75.0,312.5,5,收藏价值｜尺寸｜材质与工艺,实物图和细节｜具体尺寸,更喜欢A款,角色和画面设计=1｜材质与做工=2｜正版授权=6｜实用性=3｜价格=5｜限定或收藏价值=4,-,想要更多能日常使用的周边，比如包、杯子、文具和服饰。,False,True,real_anonymous_survey_user_attested,ARK-SURVEY-20260903,Batch owner confirmed real responses; source TXT header was mislabeled.
REAL-ARK-SURVEY-20260903-177,REAL-ARK-SURVEY-20260903-177,,True,batch_owner_attestation,anonymous_questionnaire_batch,anonymous_batch_without_timing,,v2.2-paper-batch,tie,23～26岁,28,48.0,玩过《明日方舟》,200.0,True,买过《明日方舟》官方或正版授权周边,100.0,4,斯卡蒂,德克萨斯,塞雷娅,斯卡蒂,装饰摆件,4,150.0,淘宝/天猫,5,画面或造型设计很好看｜价格合适｜朋友推荐或社区评价很好,担心不是正版｜运费太高,预售特典,75.0,50.0,5,角色选择｜尺寸｜材质与工艺,最终价格｜是否容易缺货或限量｜实物图和细节,两款都可以,角色和画面设计=1｜材质与做工=4｜正版授权=3｜实用性=5｜价格=2｜限定或收藏价值=6,希望缩短预售和发货周期,-,False,True,real_anonymous_survey_user_attested,ARK-SURVEY-20260903,Batch owner confirmed real responses; source TXT header was mislabeled.
REAL-ARK-SURVEY-20260903-178,REAL-ARK-SURVEY-20260903-178,,True,batch_owner_attestation,anonymous_questionnaire_batch,anonymous_batch_without_timing,,v2.2-paper-batch,A,23～26岁,0,48.0,玩过《明日方舟》,400.0,True,买过《明日方舟》官方或正版授权周边,100.0,4,德克萨斯,逻各斯,维什戴尔,德克萨斯,亚克力制品,3,100.0,官方商城,4,平时真的能用到｜很喜欢这个角色,售后或退换不方便｜价格比预期高｜担心不是正版,不太在意促销，更看重商品本身,45.0,30.0,1,角色选择,最终价格,更喜欢A款,角色和画面设计=2｜材质与做工=1｜正版授权=3｜实用性=5｜价格=4｜限定或收藏价值=6,-,-,False,True,real_anonymous_survey_user_attested,ARK-SURVEY-20260903,Batch owner confirmed real responses; source TXT header was mislabeled.
REAL-ARK-SURVEY-20260903-179,REAL-ARK-SURVEY-20260903-179,,True,batch_owner_attestation,anonymous_questionnaire_batch,anonymous_batch_without_timing,,v2.2-paper-batch,A,18～22岁,2,84.0,玩过《明日方舟》,750.0,True,买过《明日方舟》官方或正版授权周边,3500.0,2,维什戴尔,锏,霍尔海雅,维什戴尔,手办模玩,3,1500.0,官方商城,4,画面或造型设计很好看｜有收藏或凑套装的价值｜想支持作品或官方,材质、尺寸或实物效果说不清楚,不太在意促销，更看重商品本身,135.0,200.0,3,画面或造型,发货时间｜材质和工艺｜具体尺寸,更喜欢A款,角色和画面设计=1｜材质与做工=2｜正版授权=4｜实用性=6｜价格=5｜限定或收藏价值=3,希望包装更适合收藏,希望多做毛绒和桌面摆件，少一点重复款吧唧。,False,True,real_anonymous_survey_user_attested,ARK-SURVEY-20260903,Batch owner confirmed real responses; source TXT header was mislabeled.
REAL-ARK-SURVEY-20260903-180,REAL-ARK-SURVEY-20260903-180,,True,batch_owner_attestation,anonymous_questionnaire_batch,anonymous_batch_without_timing,,v2.2-paper-batch,A,18～22岁,6,,玩过《明日方舟》,,True,买过《明日方舟》官方或正版授权周边,350.0,2,W,令,黍,W,毛绒玩偶,3,250.0,线下展会或快闪店,1,材质和做工让人放心｜平时真的能用到｜很喜欢这个角色,价格比预期高｜预售时间太长｜设计不太喜欢,积分或会员权益,45.0,312.5,4,材质与工艺,是否为正版授权｜材质和工艺,更喜欢A款,角色和画面设计=1｜材质与做工=3｜正版授权=4｜实用性=5｜价格=2｜限定或收藏价值=6,-,-,False,True,real_anonymous_survey_user_attested,ARK-SURVEY-20260903,Batch owner confirmed real responses; source TXT header was mislabeled.
REAL-ARK-SURVEY-20260903-181,REAL-ARK-SURVEY-20260903-181,,True,batch_owner_attestation,anonymous_questionnaire_batch,anonymous_batch_without_timing,,v2.2-paper-batch,A,18～22岁,6,84.0,玩过《明日方舟》,200.0,True,买过《明日方舟》官方或正版授权周边,350.0,2,斯卡蒂,史尔特尔,铃兰,斯卡蒂,吧唧（徽章）,3,40.0,二手平台,4,价格合适｜画面或造型设计很好看｜是限定、联名或活动纪念款,材质、尺寸或实物效果说不清楚｜预售时间太长｜设计不太喜欢,包邮,30.0,30.5,2,配件或玩法,最终价格｜具体尺寸｜实物图和细节,更喜欢A款,角色和画面设计=1｜材质与做工=2｜正版授权=3｜实用性=6｜价格=4｜限定或收藏价值=5,-,想看到更多阵营主题、干员小队主题的组合周边。,False,True,real_anonymous_survey_user_attested,ARK-SURVEY-20260903,Batch owner confirmed real responses; source TXT header was mislabeled.
REAL-ARK-SURVEY-20260903-182,REAL-ARK-SURVEY-20260903-182,,True,batch_owner_attestation,anonymous_questionnaire_batch,anonymous_batch_without_timing,,v2.2-paper-batch,tie,18～22岁,2,0.0,没玩过《明日方舟》,50.0,False,没买过方舟正版周边，但买过其他ACG正版周边,100.0,2,W,温蒂,能天使,W,毛绒玩偶,2,150.0,官方商城,4,想支持作品或官方｜是限定、联名或活动纪念款,设计不太喜欢｜价格比预期高,角色套装更优惠,30.0,115.5,3,实用性｜画面或造型｜材质与工艺,售后规则｜最终价格｜实物图和细节,两款都可以,角色和画面设计=2｜材质与做工=3｜正版授权=4｜实用性=5｜价格=1｜限定或收藏价值=6,-,希望商品详情页提供更多实拍、尺寸对比和材质说明。,False,True,real_anonymous_survey_user_attested,ARK-SURVEY-20260903,Batch owner confirmed real responses; source TXT header was mislabeled.
REAL-ARK-SURVEY-20260903-183,REAL-ARK-SURVEY-20260903-183,,True,batch_owner_attestation,anonymous_questionnaire_batch,anonymous_batch_without_timing,,v2.2-paper-batch,A,18～22岁,28,0.0,没玩过《明日方舟》,,False,没买过方舟正版周边，但买过其他ACG正版周边,3500.0,2,阿米娅,银灰,能天使,阿米娅,通行证,2,80.0,品牌直播间,4,很喜欢这个角色｜价格合适｜想支持作品或官方,设计不太喜欢｜担心不是正版｜发货进度不透明,包邮,75.0,75.0,4,角色选择｜材质与工艺｜实用性,实物图和细节｜是否容易缺货或限量｜发货时间,更喜欢A款,角色和画面设计=2｜材质与做工=1｜正版授权=3｜实用性=4｜价格=6｜限定或收藏价值=5,-,-,False,True,real_anonymous_survey_user_attested,ARK-SURVEY-20260903,Batch owner confirmed real responses; source TXT header was mislabeled.
REAL-ARK-SURVEY-20260903-184,REAL-ARK-SURVEY-20260903-184,,True,batch_owner_attestation,anonymous_questionnaire_batch,anonymous_batch_without_timing,,v2.2-paper-batch,A,18～22岁,0,0.0,没玩过《明日方舟》,50.0,False,没买过方舟正版周边，但买过其他ACG正版周边,100.0,4,能天使,幽灵鲨,泥岩,能天使,亚克力制品,2,60.0,线下展会或快闪店,3,画面或造型设计很好看｜价格合适,运费太高｜发货进度不透明｜设计不太喜欢,不太在意促销，更看重商品本身,75.0,40.5,1,暂时没有特别吸引我的地方,是否为正版授权｜售后规则,更喜欢A款,角色和画面设计=2｜材质与做工=1｜正版授权=3｜实用性=4｜价格=5｜限定或收藏价值=6,希望实物图和细节展示更充分,-,False,True,real_anonymous_survey_user_attested,ARK-SURVEY-20260903,Batch owner confirmed real responses; source TXT header was mislabeled.
REAL-ARK-SURVEY-20260903-185,REAL-ARK-SURVEY-20260903-185,,True,batch_owner_attestation,anonymous_questionnaire_batch,anonymous_batch_without_timing,,v2.2-paper-batch,B,23～26岁,28,24.0,玩过《明日方舟》,,False,没买过方舟正版周边，但买过其他ACG正版周边,350.0,2,令,煌,能天使,令,装饰摆件,3,300.0,淘宝/天猫,5,画面或造型设计很好看｜很喜欢这个角色｜想支持作品或官方,预售时间太长｜设计不太喜欢｜价格比预期高,不太在意促销，更看重商品本身,45.0,150.5,2,配件或玩法｜角色选择,售后规则｜是否为正版授权｜最终价格,更喜欢B款,角色和画面设计=1｜材质与做工=2｜正版授权=5｜实用性=4｜价格=3｜限定或收藏价值=6,希望实物图和细节展示更充分,-,False,True,real_anonymous_survey_user_attested,ARK-SURVEY-20260903,Batch owner confirmed real responses; source TXT header was mislabeled.
REAL-ARK-SURVEY-20260903-186,REAL-ARK-SURVEY-20260903-186,,True,batch_owner_attestation,anonymous_questionnaire_batch,anonymous_batch_without_timing,,v2.2-paper-batch,A,27～30岁,2,24.0,玩过《明日方舟》,200.0,True,买过《明日方舟》官方或正版授权周边,350.0,8,夕,泥岩,史尔特尔,夕,装饰摆件,3,100.0,淘宝/天猫,3,画面或造型设计很好看｜很喜欢这个角色｜价格合适,不确定买回来怎么摆或怎么用｜售后或退换不方便,积分或会员权益,75.0,150.5,3,收藏价值｜配色,实物图和细节｜是否为正版授权｜材质和工艺,更喜欢A款,角色和画面设计=4｜材质与做工=3｜正版授权=5｜实用性=6｜价格=1｜限定或收藏价值=2,希望包装更适合收藏,希望多做毛绒和桌面摆件，少一点重复款吧唧。,False,True,real_anonymous_survey_user_attested,ARK-SURVEY-20260903,Batch owner confirmed real responses; source TXT header was mislabeled.
REAL-ARK-SURVEY-20260903-187,REAL-ARK-SURVEY-20260903-187,,True,batch_owner_attestation,anonymous_questionnaire_batch,anonymous_batch_without_timing,,v2.2-paper-batch,tie,23～26岁,2,2.0,玩过《明日方舟》,400.0,True,买过《明日方舟》官方或正版授权周边,3500.0,8,黍,逻各斯,温蒂,黍,通行证,5,80.0,淘宝/天猫,4,想支持作品或官方｜很喜欢这个角色｜是限定、联名或活动纪念款,担心不是正版｜材质、尺寸或实物效果说不清楚,不太在意促销，更看重商品本身,30.0,30.5,3,实用性,材质和工艺｜最终价格｜具体尺寸,两款都可以,角色和画面设计=1｜材质与做工=3｜正版授权=4｜实用性=6｜价格=2｜限定或收藏价值=5,希望尺寸标注更清楚,-,False,True,real_anonymous_survey_user_attested,ARK-SURVEY-20260903,Batch owner confirmed real responses; source TXT header was mislabeled.
REAL-ARK-SURVEY-20260903-188,REAL-ARK-SURVEY-20260903-188,,True,batch_owner_attestation,anonymous_questionnaire_batch,anonymous_batch_without_timing,,v2.2-paper-batch,A,18～22岁,6,84.0,玩过《明日方舟》,200.0,False,还没有买过正版周边,0.0,0,浊心斯卡蒂,凯尔希,德克萨斯,浊心斯卡蒂,通行证,4,50.0,官方商城,3,想支持作品或官方｜平时真的能用到｜画面或造型设计很好看,发货进度不透明｜预售时间太长｜材质、尺寸或实物效果说不清楚,不太在意促销，更看重商品本身,45.0,30.5,5,角色选择｜配件或玩法｜画面或造型,实物图和细节｜具体尺寸｜售后规则,更喜欢A款,角色和画面设计=4｜材质与做工=2｜正版授权=5｜实用性=6｜价格=1｜限定或收藏价值=3,-,希望商品详情页提供更多实拍、尺寸对比和材质说明。,False,True,real_anonymous_survey_user_attested,ARK-SURVEY-20260903,Batch owner confirmed real responses; source TXT header was mislabeled.
REAL-ARK-SURVEY-20260903-189,REAL-ARK-SURVEY-20260903-189,,True,batch_owner_attestation,anonymous_questionnaire_batch,anonymous_batch_without_timing,,v2.2-paper-batch,B,18～22岁,16,48.0,玩过《明日方舟》,750.0,True,买过《明日方舟》官方或正版授权周边,2000.0,4,令,棘刺,拉普兰德,令,手办模玩,4,800.0,淘宝/天猫,5,价格合适｜很喜欢这个角色,已经有很多同类周边｜材质、尺寸或实物效果说不清楚,直接降价,30.0,750.5,4,角色选择｜配件或玩法｜画面或造型,发货时间｜实物图和细节,更喜欢B款,角色和画面设计=3｜材质与做工=1｜正版授权=4｜实用性=6｜价格=2｜限定或收藏价值=5,希望包装更适合收藏,-,False,True,real_anonymous_survey_user_attested,ARK-SURVEY-20260903,Batch owner confirmed real responses; source TXT header was mislabeled.
REAL-ARK-SURVEY-20260903-190,REAL-ARK-SURVEY-20260903-190,,True,batch_owner_attestation,anonymous_questionnaire_batch,anonymous_batch_without_timing,,v2.2-paper-batch,tie,18～22岁,6,0.0,没玩过《明日方舟》,200.0,False,没买过方舟正版周边，但买过其他ACG正版周边,350.0,4,伊芙利特,玛恩纳,棘刺,伊芙利特,日用生活,3,100.0,官方商城,3,平时真的能用到｜画面或造型设计很好看,预售时间太长｜价格比预期高｜材质、尺寸或实物效果说不清楚,包邮,45.0,50.0,3,收藏价值｜画面或造型｜配色,最终价格｜售后规则｜材质和工艺,两款都可以,角色和画面设计=3｜材质与做工=5｜正版授权=1｜实用性=4｜价格=2｜限定或收藏价值=6,-,-,False,True,real_anonymous_survey_user_attested,ARK-SURVEY-20260903,Batch owner confirmed real responses; source TXT header was mislabeled.
REAL-ARK-SURVEY-20260903-191,REAL-ARK-SURVEY-20260903-191,,True,batch_owner_attestation,anonymous_questionnaire_batch,anonymous_batch_without_timing,,v2.2-paper-batch,A,18～22岁,16,24.0,玩过《明日方舟》,50.0,True,买过《明日方舟》官方或正版授权周边,100.0,4,棘刺,德克萨斯,令,棘刺,日用生活,3,100.0,其他：线下谷店,5,朋友推荐或社区评价很好｜材质和做工让人放心｜画面或造型设计很好看,运费太高｜售后或退换不方便｜设计不太喜欢,角色套装更优惠,135.0,50.0,4,配件或玩法｜画面或造型｜配色,售后规则,更喜欢A款,角色和画面设计=3｜材质与做工=2｜正版授权=5｜实用性=4｜价格=1｜限定或收藏价值=6,希望配色更贴近角色原设,希望同一角色能做统一主题套装，方便收藏。,False,True,real_anonymous_survey_user_attested,ARK-SURVEY-20260903,Batch owner confirmed real responses; source TXT header was mislabeled.
REAL-ARK-SURVEY-20260903-192,REAL-ARK-SURVEY-20260903-192,,True,batch_owner_attestation,anonymous_questionnaire_batch,anonymous_batch_without_timing,,v2.2-paper-batch,tie,18～22岁,28,24.0,玩过《明日方舟》,200.0,True,买过《明日方舟》官方或正版授权周边,100.0,2,幽灵鲨,史尔特尔,银灰,幽灵鲨,装饰摆件,4,100.0,官方商城,3,很喜欢这个角色｜平时真的能用到｜画面或造型设计很好看,设计不太喜欢｜价格比预期高｜运费太高,角色套装更优惠,45.0,50.0,4,材质与工艺｜角色选择｜收藏价值,具体尺寸｜是否容易缺货或限量｜最终价格,两款都不太喜欢,角色和画面设计=2｜材质与做工=3｜正版授权=4｜实用性=6｜价格=1｜限定或收藏价值=5,希望提升日常实用性,希望官方把预售周期和发货进度写得更透明。,False,True,real_anonymous_survey_user_attested,ARK-SURVEY-20260903,Batch owner confirmed real responses; source TXT header was mislabeled.
REAL-ARK-SURVEY-20260903-193,REAL-ARK-SURVEY-20260903-193,,True,batch_owner_attestation,anonymous_questionnaire_batch,anonymous_batch_without_timing,,v2.2-paper-batch,A,18～22岁,2,24.0,玩过《明日方舟》,50.0,False,没买过方舟正版周边，但买过其他ACG正版周边,750.0,8,令,拉普兰德,夜莺,令,日用生活,4,300.0,官方商城,5,材质和做工让人放心｜平时真的能用到｜朋友推荐或社区评价很好,担心不是正版｜不确定买回来怎么摆或怎么用｜价格比预期高,角色套装更优惠,75.0,75.5,2,暂时没有特别吸引我的地方,具体尺寸｜是否容易缺货或限量｜最终价格,更喜欢A款,角色和画面设计=1｜材质与做工=6｜正版授权=3｜实用性=4｜价格=2｜限定或收藏价值=5,希望配色更贴近角色原设,-,False,True,real_anonymous_survey_user_attested,ARK-SURVEY-20260903,Batch owner confirmed real responses; source TXT header was mislabeled.
REAL-ARK-SURVEY-20260903-194,REAL-ARK-SURVEY-20260903-194,,True,batch_owner_attestation,anonymous_questionnaire_batch,anonymous_batch_without_timing,,v2.2-paper-batch,B,18～22岁,28,84.0,玩过《明日方舟》,400.0,True,买过《明日方舟》官方或正版授权周边,2000.0,4,令,棘刺,拉普兰德,令,日用生活,5,500.0,淘宝/天猫,3,是限定、联名或活动纪念款｜画面或造型设计很好看,运费太高｜价格比预期高｜售后或退换不方便,不太在意促销，更看重商品本身,75.0,50.0,5,画面或造型｜材质与工艺｜收藏价值,实物图和细节｜具体尺寸｜发货时间,更喜欢B款,角色和画面设计=1｜材质与做工=2｜正版授权=3｜实用性=4｜价格=5｜限定或收藏价值=6,希望减少容易刮花的材质,-,False,True,real_anonymous_survey_user_attested,ARK-SURVEY-20260903,Batch owner confirmed real responses; source TXT header was mislabeled.
REAL-ARK-SURVEY-20260903-195,REAL-ARK-SURVEY-20260903-195,,True,batch_owner_attestation,anonymous_questionnaire_batch,anonymous_batch_without_timing,,v2.2-paper-batch,A,23～26岁,6,0.0,没玩过《明日方舟》,50.0,False,没买过方舟正版周边，但买过其他ACG正版周边,100.0,2,凯尔希,夕,令,凯尔希,装饰摆件,1,150.0,官方商城,4,有收藏或凑套装的价值｜朋友推荐或社区评价很好｜平时真的能用到,预售时间太长｜价格比预期高｜已经有很多同类周边,包邮,135.0,150.5,1,画面或造型,最终价格｜实物图和细节｜售后规则,更喜欢A款,角色和画面设计=2｜材质与做工=4｜正版授权=3｜实用性=5｜价格=1｜限定或收藏价值=6,希望增加可替换配件或玩法,希望多出一些冷门角色的周边，不要总集中在少数热门角色。,False,True,real_anonymous_survey_user_attested,ARK-SURVEY-20260903,Batch owner confirmed real responses; source TXT header was mislabeled.
REAL-ARK-SURVEY-20260903-196,REAL-ARK-SURVEY-20260903-196,,True,batch_owner_attestation,anonymous_questionnaire_batch,anonymous_batch_without_timing,,v2.2-paper-batch,B,18～22岁,28,2.0,玩过《明日方舟》,200.0,False,没买过方舟正版周边，但买过其他ACG正版周边,750.0,2,令,史尔特尔,W,令,吧唧（徽章）,3,50.0,B站会员购,5,画面或造型设计很好看｜朋友推荐或社区评价很好｜材质和做工让人放心,材质、尺寸或实物效果说不清楚｜担心不是正版｜预售时间太长,预售特典,75.0,30.5,3,实用性｜角色选择｜配色,实物图和细节｜是否容易缺货或限量｜最终价格,更喜欢B款,角色和画面设计=2｜材质与做工=1｜正版授权=4｜实用性=3｜价格=5｜限定或收藏价值=6,希望配色更贴近角色原设,-,False,True,real_anonymous_survey_user_attested,ARK-SURVEY-20260903,Batch owner confirmed real responses; source TXT header was mislabeled.
REAL-ARK-SURVEY-20260903-197,REAL-ARK-SURVEY-20260903-197,,True,batch_owner_attestation,anonymous_questionnaire_batch,anonymous_batch_without_timing,,v2.2-paper-batch,tie,23～26岁,2,84.0,玩过《明日方舟》,,False,还没有买过正版周边,0.0,0,银灰,玛恩纳,幽灵鲨,银灰,日用生活,3,200.0,线下展会或快闪店,4,价格合适｜有收藏或凑套装的价值｜朋友推荐或社区评价很好,发货进度不透明,预售特典,30.0,75.5,4,角色选择｜尺寸,最终价格｜售后规则｜实物图和细节,两款都可以,角色和画面设计=4｜材质与做工=1｜正版授权=5｜实用性=6｜价格=3｜限定或收藏价值=2,希望实物图和细节展示更充分,可以接受联名，但希望不要为了限定把价格抬得太高。,False,True,real_anonymous_survey_user_attested,ARK-SURVEY-20260903,Batch owner confirmed real responses; source TXT header was mislabeled.
REAL-ARK-SURVEY-20260903-198,REAL-ARK-SURVEY-20260903-198,,True,batch_owner_attestation,anonymous_questionnaire_batch,anonymous_batch_without_timing,,v2.2-paper-batch,tie,23～26岁,28,48.0,玩过《明日方舟》,400.0,True,买过《明日方舟》官方或正版授权周边,2000.0,4,拉普兰德,德克萨斯,凯尔希,拉普兰德,日用生活,3,200.0,淘宝/天猫,4,材质和做工让人放心｜价格合适,不确定买回来怎么摆或怎么用｜预售时间太长,直接降价,75.0,150.5,3,配色｜角色选择｜实用性,是否为正版授权,两款都可以,角色和画面设计=1｜材质与做工=4｜正版授权=3｜实用性=5｜价格=2｜限定或收藏价值=6,-,-,False,True,real_anonymous_survey_user_attested,ARK-SURVEY-20260903,Batch owner confirmed real responses; source TXT header was mislabeled.
REAL-ARK-SURVEY-20260903-199,REAL-ARK-SURVEY-20260903-199,,True,batch_owner_attestation,anonymous_questionnaire_batch,anonymous_batch_without_timing,,v2.2-paper-batch,tie,18～22岁,28,48.0,玩过《明日方舟》,400.0,False,没买过方舟正版周边，但买过其他ACG正版周边,350.0,4,铃兰,年,史尔特尔,铃兰,手办模玩,3,500.0,官方商城,3,很喜欢这个角色｜画面或造型设计很好看｜平时真的能用到,担心不是正版｜材质、尺寸或实物效果说不清楚｜设计不太喜欢,直接降价,45.0,750.5,4,角色选择｜画面或造型｜收藏价值,实物图和细节｜是否为正版授权,两款都可以,角色和画面设计=1｜材质与做工=4｜正版授权=2｜实用性=6｜价格=3｜限定或收藏价值=5,希望包装更适合收藏,希望多做毛绒和桌面摆件，少一点重复款吧唧。,False,True,real_anonymous_survey_user_attested,ARK-SURVEY-20260903,Batch owner confirmed real responses; source TXT header was mislabeled.
REAL-ARK-SURVEY-20260903-200,REAL-ARK-SURVEY-20260903-200,,True,batch_owner_attestation,anonymous_questionnaire_batch,anonymous_batch_without_timing,,v2.2-paper-batch,B,18～22岁,0,0.0,没玩过《明日方舟》,200.0,False,没买过方舟正版周边，但买过其他ACG正版周边,100.0,2,浊心斯卡蒂,史尔特尔,缪尔赛思,浊心斯卡蒂,吧唧（徽章）,4,50.0,B站会员购,1,价格合适｜很喜欢这个角色,不确定买回来怎么摆或怎么用｜已经有很多同类周边,直接降价,75.0,15.0,5,配色｜尺寸｜画面或造型,实物图和细节｜材质和工艺｜是否容易缺货或限量,更喜欢B款,角色和画面设计=3｜材质与做工=2｜正版授权=6｜实用性=5｜价格=1｜限定或收藏价值=4,希望包装更适合收藏,-,False,True,real_anonymous_survey_user_attested,ARK-SURVEY-20260903,Batch owner confirmed real responses; source TXT header was mislabeled.
REAL-ARK-SURVEY-20260903-201,REAL-ARK-SURVEY-20260903-201,,True,batch_owner_attestation,anonymous_questionnaire_batch,anonymous_batch_without_timing,,v2.2-paper-batch,tie,18～22岁,2,48.0,玩过《明日方舟》,,True,买过《明日方舟》官方或正版授权周边,750.0,12,棘刺,能天使,德克萨斯,棘刺,亚克力制品,4,150.0,官方商城,3,画面或造型设计很好看｜很喜欢这个角色｜材质和做工让人放心,已经有很多同类周边｜设计不太喜欢｜材质、尺寸或实物效果说不清楚,满额赠品,45.0,30.0,3,实用性｜配件或玩法｜尺寸,最终价格｜实物图和细节｜材质和工艺,两款都不太喜欢,角色和画面设计=1｜材质与做工=4｜正版授权=3｜实用性=5｜价格=2｜限定或收藏价值=6,希望减少容易刮花的材质,如果有长期补货机制会更愿意购买，不喜欢抢限量。,False,True,real_anonymous_survey_user_attested,ARK-SURVEY-20260903,Batch owner confirmed real responses; source TXT header was mislabeled.
REAL-ARK-SURVEY-20260903-202,REAL-ARK-SURVEY-20260903-202,,True,batch_owner_attestation,anonymous_questionnaire_batch,anonymous_batch_without_timing,,v2.2-paper-batch,tie,18～22岁,6,24.0,玩过《明日方舟》,400.0,False,没买过方舟正版周边，但买过其他ACG正版周边,3500.0,4,年,德克萨斯,缪尔赛思,年,吧唧（徽章）,3,80.0,线下展会或快闪店,4,很喜欢这个角色｜有收藏或凑套装的价值｜画面或造型设计很好看,价格比预期高｜已经有很多同类周边,角色套装更优惠,30.0,15.0,2,暂时没有特别吸引我的地方,售后规则｜材质和工艺｜发货时间,两款都可以,角色和画面设计=1｜材质与做工=2｜正版授权=4｜实用性=6｜价格=3｜限定或收藏价值=5,希望减少容易刮花的材质,希望多做毛绒和桌面摆件，少一点重复款吧唧。,False,True,real_anonymous_survey_user_attested,ARK-SURVEY-20260903,Batch owner confirmed real responses; source TXT header was mislabeled.
REAL-ARK-SURVEY-20260903-203,REAL-ARK-SURVEY-20260903-203,,True,batch_owner_attestation,anonymous_questionnaire_batch,anonymous_batch_without_timing,,v2.2-paper-batch,tie,23～26岁,16,24.0,玩过《明日方舟》,400.0,True,买过《明日方舟》官方或正版授权周边,350.0,12,阿米娅,幽灵鲨,能天使,阿米娅,装饰摆件,3,100.0,官方商城,4,材质和做工让人放心｜画面或造型设计很好看｜价格合适,运费太高｜设计不太喜欢｜价格比预期高,直接降价,0.0,250.0,5,实用性｜角色选择｜材质与工艺,实物图和细节｜最终价格｜具体尺寸,两款都可以,角色和画面设计=2｜材质与做工=3｜正版授权=4｜实用性=5｜价格=1｜限定或收藏价值=6,希望尺寸标注更清楚,-,False,True,real_anonymous_survey_user_attested,ARK-SURVEY-20260903,Batch owner confirmed real responses; source TXT header was mislabeled.
REAL-ARK-SURVEY-20260903-204,REAL-ARK-SURVEY-20260903-204,,True,batch_owner_attestation,anonymous_questionnaire_batch,anonymous_batch_without_timing,,v2.2-paper-batch,tie,18～22岁,16,48.0,玩过《明日方舟》,200.0,True,买过《明日方舟》官方或正版授权周边,3500.0,4,史尔特尔,玛恩纳,阿米娅,史尔特尔,吧唧（徽章）,5,60.0,淘宝/天猫,5,很喜欢这个角色,价格比预期高,直接降价,135.0,30.5,4,尺寸｜材质与工艺｜角色选择,最终价格｜材质和工艺｜是否容易缺货或限量,两款都不太喜欢,角色和画面设计=5｜材质与做工=1｜正版授权=4｜实用性=3｜价格=2｜限定或收藏价值=6,-,-,False,True,real_anonymous_survey_user_attested,ARK-SURVEY-20260903,Batch owner confirmed real responses; source TXT header was mislabeled.
REAL-ARK-SURVEY-20260903-205,REAL-ARK-SURVEY-20260903-205,,True,batch_owner_attestation,anonymous_questionnaire_batch,anonymous_batch_without_timing,,v2.2-paper-batch,B,18～22岁,16,0.0,没玩过《明日方舟》,400.0,True,买过《明日方舟》官方或正版授权周边,350.0,12,德克萨斯,夕,维什戴尔,德克萨斯,毛绒玩偶,4,150.0,官方商城,4,很喜欢这个角色｜想支持作品或官方｜画面或造型设计很好看,发货进度不透明｜已经有很多同类周边｜设计不太喜欢,直接降价,75.0,115.5,4,配色｜实用性,是否容易缺货或限量｜材质和工艺｜发货时间,更喜欢B款,角色和画面设计=1｜材质与做工=4｜正版授权=3｜实用性=2｜价格=6｜限定或收藏价值=5,-,希望多出一些冷门角色的周边，不要总集中在少数热门角色。,False,True,real_anonymous_survey_user_attested,ARK-SURVEY-20260903,Batch owner confirmed real responses; source TXT header was mislabeled.
REAL-ARK-SURVEY-20260903-206,REAL-ARK-SURVEY-20260903-206,,True,batch_owner_attestation,anonymous_questionnaire_batch,anonymous_batch_without_timing,,v2.2-paper-batch,A,36岁及以上,2,0.0,没玩过《明日方舟》,0.0,False,没买过方舟正版周边，但买过其他ACG正版周边,100.0,2,银灰,泥岩,煌,银灰,手办模玩,3,1000.0,官方商城,3,材质和做工让人放心｜很喜欢这个角色｜是限定、联名或活动纪念款,设计不太喜欢｜材质、尺寸或实物效果说不清楚,角色套装更优惠,75.0,200.0,4,角色选择,实物图和细节｜材质和工艺,更喜欢A款,角色和画面设计=5｜材质与做工=3｜正版授权=2｜实用性=4｜价格=1｜限定或收藏价值=6,希望配色更贴近角色原设,希望多做毛绒和桌面摆件，少一点重复款吧唧。,False,True,real_anonymous_survey_user_attested,ARK-SURVEY-20260903,Batch owner confirmed real responses; source TXT header was mislabeled.
REAL-ARK-SURVEY-20260903-207,REAL-ARK-SURVEY-20260903-207,,True,batch_owner_attestation,anonymous_questionnaire_batch,anonymous_batch_without_timing,,v2.2-paper-batch,A,18～22岁,2,,玩过《明日方舟》,200.0,False,还没有买过正版周边,0.0,0,泥岩,诗怀雅,陈,泥岩,装饰摆件,3,200.0,淘宝/天猫,4,朋友推荐或社区评价很好｜是限定、联名或活动纪念款,设计不太喜欢｜价格比预期高｜不确定买回来怎么摆或怎么用,直接降价,45.0,75.5,3,配件或玩法｜画面或造型｜实用性,是否为正版授权｜具体尺寸｜实物图和细节,更喜欢A款,角色和画面设计=2｜材质与做工=1｜正版授权=6｜实用性=4｜价格=3｜限定或收藏价值=5,希望实物图和细节展示更充分,希望多出一些冷门角色的周边，不要总集中在少数热门角色。,False,True,real_anonymous_survey_user_attested,ARK-SURVEY-20260903,Batch owner confirmed real responses; source TXT header was mislabeled.
REAL-ARK-SURVEY-20260903-208,REAL-ARK-SURVEY-20260903-208,,True,batch_owner_attestation,anonymous_questionnaire_batch,anonymous_batch_without_timing,,v2.2-paper-batch,B,18～22岁,0,0.0,没玩过《明日方舟》,,False,没买过方舟正版周边，但买过其他ACG正版周边,750.0,2,能天使,泥岩,艾雅法拉,能天使,吧唧（徽章）,3,30.0,B站会员购,3,很喜欢这个角色｜材质和做工让人放心｜画面或造型设计很好看,预售时间太长｜材质、尺寸或实物效果说不清楚｜设计不太喜欢,直接降价,45.0,20.5,5,配件或玩法｜角色选择,售后规则｜最终价格｜发货时间,更喜欢B款,角色和画面设计=1｜材质与做工=3｜正版授权=2｜实用性=5｜价格=4｜限定或收藏价值=6,-,希望包装在保护商品的同时不要过度增加体积和运费。,False,True,real_anonymous_survey_user_attested,ARK-SURVEY-20260903,Batch owner confirmed real responses; source TXT header was mislabeled.
REAL-ARK-SURVEY-20260903-209,REAL-ARK-SURVEY-20260903-209,,True,batch_owner_attestation,anonymous_questionnaire_batch,anonymous_batch_without_timing,,v2.2-paper-batch,tie,18～22岁,6,0.0,没玩过《明日方舟》,200.0,False,没买过方舟正版周边，但买过其他ACG正版周边,750.0,4,锏,凯尔希,煌,锏,装饰摆件,3,100.0,线下展会或快闪店,1,朋友推荐或社区评价很好｜价格合适,运费太高｜担心不是正版,不太在意促销，更看重商品本身,135.0,75.5,3,画面或造型｜配件或玩法｜实用性,材质和工艺｜最终价格｜实物图和细节,两款都不太喜欢,角色和画面设计=2｜材质与做工=1｜正版授权=5｜实用性=3｜价格=4｜限定或收藏价值=6,-,希望多出一些冷门角色的周边，不要总集中在少数热门角色。,False,True,real_anonymous_survey_user_attested,ARK-SURVEY-20260903,Batch owner confirmed real responses; source TXT header was mislabeled.
REAL-ARK-SURVEY-20260903-210,REAL-ARK-SURVEY-20260903-210,,True,batch_owner_attestation,anonymous_questionnaire_batch,anonymous_batch_without_timing,,v2.2-paper-batch,A,18～22岁,28,2.0,玩过《明日方舟》,750.0,True,买过《明日方舟》官方或正版授权周边,3500.0,4,玛恩纳,泥岩,能天使,玛恩纳,毛绒玩偶,5,300.0,B站会员购,4,想支持作品或官方,发货进度不透明｜设计不太喜欢｜售后或退换不方便,满额赠品,75.0,115.5,4,画面或造型｜配色,发货时间｜最终价格｜实物图和细节,更喜欢A款,角色和画面设计=2｜材质与做工=1｜正版授权=4｜实用性=5｜价格=6｜限定或收藏价值=3,-,希望包装在保护商品的同时不要过度增加体积和运费。,False,True,real_anonymous_survey_user_attested,ARK-SURVEY-20260903,Batch owner confirmed real responses; source TXT header was mislabeled.
REAL-ARK-SURVEY-20260903-211,REAL-ARK-SURVEY-20260903-211,,True,batch_owner_attestation,anonymous_questionnaire_batch,anonymous_batch_without_timing,,v2.2-paper-batch,B,23～26岁,28,48.0,玩过《明日方舟》,,True,买过《明日方舟》官方或正版授权周边,2000.0,4,史尔特尔,泥岩,拉普兰德,史尔特尔,日用生活,3,300.0,B站会员购,4,画面或造型设计很好看｜价格合适,材质、尺寸或实物效果说不清楚｜价格比预期高｜设计不太喜欢,直接降价,30.0,250.0,3,画面或造型｜实用性｜收藏价值,实物图和细节｜具体尺寸｜最终价格,更喜欢B款,角色和画面设计=2｜材质与做工=1｜正版授权=5｜实用性=4｜价格=3｜限定或收藏价值=6,希望提升日常实用性,希望多做毛绒和桌面摆件，少一点重复款吧唧。,False,True,real_anonymous_survey_user_attested,ARK-SURVEY-20260903,Batch owner confirmed real responses; source TXT header was mislabeled.
REAL-ARK-SURVEY-20260903-212,REAL-ARK-SURVEY-20260903-212,,True,batch_owner_attestation,anonymous_questionnaire_batch,anonymous_batch_without_timing,,v2.2-paper-batch,B,18～22岁,16,,玩过《明日方舟》,200.0,False,没买过方舟正版周边，但买过其他ACG正版周边,3500.0,8,伊芙利特,煌,凯尔希,伊芙利特,手办模玩,2,2000.0,官方商城,5,价格合适｜很喜欢这个角色｜想支持作品或官方,发货进度不透明｜价格比预期高｜不确定买回来怎么摆或怎么用,不太在意促销，更看重商品本身,45.0,750.5,2,暂时没有特别吸引我的地方,最终价格｜是否容易缺货或限量｜实物图和细节,更喜欢B款,角色和画面设计=2｜材质与做工=1｜正版授权=5｜实用性=6｜价格=3｜限定或收藏价值=4,-,希望多做毛绒和桌面摆件，少一点重复款吧唧。,False,True,real_anonymous_survey_user_attested,ARK-SURVEY-20260903,Batch owner confirmed real responses; source TXT header was mislabeled.
REAL-ARK-SURVEY-20260903-213,REAL-ARK-SURVEY-20260903-213,,True,batch_owner_attestation,anonymous_questionnaire_batch,anonymous_batch_without_timing,,v2.2-paper-batch,B,18～22岁,28,84.0,玩过《明日方舟》,200.0,False,没买过方舟正版周边，但买过其他ACG正版周边,750.0,4,令,德克萨斯,银灰,令,手办模玩,4,500.0,淘宝/天猫,4,很喜欢这个角色,运费太高｜设计不太喜欢｜材质、尺寸或实物效果说不清楚,直接降价,45.0,350.5,5,画面或造型｜配色,具体尺寸｜实物图和细节,更喜欢B款,角色和画面设计=2｜材质与做工=1｜正版授权=5｜实用性=3｜价格=4｜限定或收藏价值=6,希望配色更贴近角色原设,想要更多能日常使用的周边，比如包、杯子、文具和服饰。,False,True,real_anonymous_survey_user_attested,ARK-SURVEY-20260903,Batch owner confirmed real responses; source TXT header was mislabeled.
REAL-ARK-SURVEY-20260903-214,REAL-ARK-SURVEY-20260903-214,,True,batch_owner_attestation,anonymous_questionnaire_batch,anonymous_batch_without_timing,,v2.2-paper-batch,tie,18～22岁,6,84.0,玩过《明日方舟》,400.0,True,买过《明日方舟》官方或正版授权周边,2000.0,8,夜莺,煌,黍,夜莺,吧唧（徽章）,5,50.0,官方商城,4,有收藏或凑套装的价值｜很喜欢这个角色｜价格合适,担心不是正版｜设计不太喜欢｜材质、尺寸或实物效果说不清楚,不太在意促销，更看重商品本身,45.0,30.5,4,实用性｜画面或造型｜材质与工艺,具体尺寸｜最终价格｜售后规则,两款都可以,角色和画面设计=1｜材质与做工=2｜正版授权=5｜实用性=6｜价格=4｜限定或收藏价值=3,希望提升日常实用性,希望线下快闪和线上商城的库存分配更合理。,False,True,real_anonymous_survey_user_attested,ARK-SURVEY-20260903,Batch owner confirmed real responses; source TXT header was mislabeled.
REAL-ARK-SURVEY-20260903-215,REAL-ARK-SURVEY-20260903-215,,True,batch_owner_attestation,anonymous_questionnaire_batch,anonymous_batch_without_timing,,v2.2-paper-batch,B,18～22岁,28,48.0,玩过《明日方舟》,1200.0,True,买过《明日方舟》官方或正版授权周边,3500.0,12,陈,阿米娅,玛恩纳,陈,日用生活,4,300.0,B站会员购,3,想支持作品或官方｜画面或造型设计很好看｜是限定、联名或活动纪念款,售后或退换不方便｜担心不是正版｜设计不太喜欢,预售特典,30.0,50.0,3,收藏价值｜画面或造型｜配色,最终价格｜售后规则｜是否为正版授权,更喜欢B款,角色和画面设计=2｜材质与做工=1｜正版授权=4｜实用性=6｜价格=5｜限定或收藏价值=3,希望售后规则更明确,想看到更多阵营主题、干员小队主题的组合周边。,False,True,real_anonymous_survey_user_attested,ARK-SURVEY-20260903,Batch owner confirmed real responses; source TXT header was mislabeled.
REAL-ARK-SURVEY-20260903-216,REAL-ARK-SURVEY-20260903-216,,True,batch_owner_attestation,anonymous_questionnaire_batch,anonymous_batch_without_timing,,v2.2-paper-batch,B,23～26岁,28,48.0,玩过《明日方舟》,50.0,False,还没有买过正版周边,0.0,0,幽灵鲨,德克萨斯,夕,幽灵鲨,装饰摆件,3,100.0,淘宝/天猫,4,想支持作品或官方｜画面或造型设计很好看,不确定买回来怎么摆或怎么用｜价格比预期高,角色套装更优惠,0.0,75.5,3,配色｜角色选择,是否为正版授权｜材质和工艺｜具体尺寸,更喜欢B款,角色和画面设计=1｜材质与做工=2｜正版授权=5｜实用性=6｜价格=3｜限定或收藏价值=4,-,-,False,True,real_anonymous_survey_user_attested,ARK-SURVEY-20260903,Batch owner confirmed real responses; source TXT header was mislabeled.
REAL-ARK-SURVEY-20260903-217,REAL-ARK-SURVEY-20260903-217,,True,batch_owner_attestation,anonymous_questionnaire_batch,anonymous_batch_without_timing,,v2.2-paper-batch,A,18～22岁,2,0.0,没玩过《明日方舟》,50.0,False,还没有买过正版周边,0.0,0,能天使,塞雷娅,霍尔海雅,能天使,毛绒玩偶,3,200.0,淘宝/天猫,4,平时真的能用到｜画面或造型设计很好看,运费太高｜材质、尺寸或实物效果说不清楚｜发货进度不透明,角色套装更优惠,45.0,115.5,5,配色｜材质与工艺,是否为正版授权｜材质和工艺｜实物图和细节,更喜欢A款,角色和画面设计=2｜材质与做工=4｜正版授权=6｜实用性=3｜价格=1｜限定或收藏价值=5,-,-,False,True,real_anonymous_survey_user_attested,ARK-SURVEY-20260903,Batch owner confirmed real responses; source TXT header was mislabeled.
REAL-ARK-SURVEY-20260903-218,REAL-ARK-SURVEY-20260903-218,,True,batch_owner_attestation,anonymous_questionnaire_batch,anonymous_batch_without_timing,,v2.2-paper-batch,B,18～22岁,2,0.0,没玩过《明日方舟》,200.0,False,没买过方舟正版周边，但买过其他ACG正版周边,100.0,4,W,史尔特尔,德克萨斯,W,装饰摆件,4,200.0,淘宝/天猫,3,材质和做工让人放心｜很喜欢这个角色｜画面或造型设计很好看,运费太高｜设计不太喜欢｜发货进度不透明,角色套装更优惠,75.0,75.5,5,材质与工艺｜角色选择｜收藏价值,最终价格,更喜欢B款,角色和画面设计=4｜材质与做工=1｜正版授权=3｜实用性=6｜价格=2｜限定或收藏价值=5,希望缩短预售和发货周期,希望包装在保护商品的同时不要过度增加体积和运费。,False,True,real_anonymous_survey_user_attested,ARK-SURVEY-20260903,Batch owner confirmed real responses; source TXT header was mislabeled.
REAL-ARK-SURVEY-20260903-219,REAL-ARK-SURVEY-20260903-219,,True,batch_owner_attestation,anonymous_questionnaire_batch,anonymous_batch_without_timing,,v2.2-paper-batch,A,23～26岁,6,84.0,玩过《明日方舟》,400.0,True,买过《明日方舟》官方或正版授权周边,2000.0,8,拉普兰德,令,伊芙利特,拉普兰德,通行证,3,80.0,官方商城,5,是限定、联名或活动纪念款｜材质和做工让人放心,运费太高｜设计不太喜欢｜售后或退换不方便,满额赠品,75.0,20.0,4,实用性｜画面或造型,最终价格｜实物图和细节｜是否为正版授权,更喜欢A款,角色和画面设计=5｜材质与做工=3｜正版授权=1｜实用性=6｜价格=2｜限定或收藏价值=4,-,-,False,True,real_anonymous_survey_user_attested,ARK-SURVEY-20260903,Batch owner confirmed real responses; source TXT header was mislabeled.
REAL-ARK-SURVEY-20260903-220,REAL-ARK-SURVEY-20260903-220,,True,batch_owner_attestation,anonymous_questionnaire_batch,anonymous_batch_without_timing,,v2.2-paper-batch,B,18～22岁,6,84.0,玩过《明日方舟》,400.0,True,买过《明日方舟》官方或正版授权周边,2000.0,8,史尔特尔,W,缪尔赛思,史尔特尔,日用生活,5,150.0,二手平台,3,很喜欢这个角色｜是限定、联名或活动纪念款｜画面或造型设计很好看,材质、尺寸或实物效果说不清楚｜设计不太喜欢｜价格比预期高,预售特典,45.0,50.0,5,画面或造型｜角色选择,实物图和细节｜最终价格｜发货时间,更喜欢B款,角色和画面设计=2｜材质与做工=1｜正版授权=3｜实用性=5｜价格=4｜限定或收藏价值=6,希望材质和做工更扎实,希望同一角色能做统一主题套装，方便收藏。,False,True,real_anonymous_survey_user_attested,ARK-SURVEY-20260903,Batch owner confirmed real responses; source TXT header was mislabeled.
REAL-ARK-SURVEY-20260903-221,REAL-ARK-SURVEY-20260903-221,,True,batch_owner_attestation,anonymous_questionnaire_batch,anonymous_batch_without_timing,,v2.2-paper-batch,A,18～22岁,6,48.0,玩过《明日方舟》,50.0,True,买过《明日方舟》官方或正版授权周边,350.0,8,史尔特尔,浊心斯卡蒂,维什戴尔,史尔特尔,日用生活,5,200.0,官方商城,3,很喜欢这个角色｜有收藏或凑套装的价值｜价格合适,设计不太喜欢｜运费太高,角色套装更优惠,30.0,250.0,4,配色｜尺寸｜收藏价值,是否为正版授权｜具体尺寸｜是否容易缺货或限量,更喜欢A款,角色和画面设计=1｜材质与做工=2｜正版授权=5｜实用性=6｜价格=4｜限定或收藏价值=3,希望缩短预售和发货周期,-,False,True,real_anonymous_survey_user_attested,ARK-SURVEY-20260903,Batch owner confirmed real responses; source TXT header was mislabeled.
REAL-ARK-SURVEY-20260903-222,REAL-ARK-SURVEY-20260903-222,,True,batch_owner_attestation,anonymous_questionnaire_batch,anonymous_batch_without_timing,,v2.2-paper-batch,B,18～22岁,16,84.0,玩过《明日方舟》,50.0,True,买过《明日方舟》官方或正版授权周边,,8,拉普兰德,艾雅法拉,夕,拉普兰德,装饰摆件,5,400.0,二手平台,4,材质和做工让人放心,价格比预期高｜运费太高｜预售时间太长,直接降价,45.0,75.5,4,材质与工艺｜配件或玩法｜尺寸,最终价格｜实物图和细节｜材质和工艺,更喜欢B款,角色和画面设计=1｜材质与做工=2｜正版授权=4｜实用性=6｜价格=3｜限定或收藏价值=5,-,想看到更多阵营主题、干员小队主题的组合周边。,False,True,real_anonymous_survey_user_attested,ARK-SURVEY-20260903,Batch owner confirmed real responses; source TXT header was mislabeled.
REAL-ARK-SURVEY-20260903-223,REAL-ARK-SURVEY-20260903-223,,True,batch_owner_attestation,anonymous_questionnaire_batch,anonymous_batch_without_timing,,v2.2-paper-batch,tie,18～22岁,6,,玩过《明日方舟》,0.0,False,还没有买过正版周边,0.0,0,幽灵鲨,维什戴尔,陈,幽灵鲨,手办模玩,4,800.0,B站会员购,4,价格合适｜是限定、联名或活动纪念款｜平时真的能用到,材质、尺寸或实物效果说不清楚｜设计不太喜欢｜运费太高,预售特典,135.0,750.5,2,尺寸,最终价格｜实物图和细节｜是否容易缺货或限量,两款都可以,角色和画面设计=2｜材质与做工=1｜正版授权=5｜实用性=3｜价格=4｜限定或收藏价值=6,希望提升日常实用性,-,False,True,real_anonymous_survey_user_attested,ARK-SURVEY-20260903,Batch owner confirmed real responses; source TXT header was mislabeled.
REAL-ARK-SURVEY-20260903-224,REAL-ARK-SURVEY-20260903-224,,True,batch_owner_attestation,anonymous_questionnaire_batch,anonymous_batch_without_timing,,v2.2-paper-batch,A,18～22岁,0,24.0,玩过《明日方舟》,200.0,True,买过《明日方舟》官方或正版授权周边,350.0,2,陈,锏,德克萨斯,陈,亚克力制品,5,150.0,官方商城,4,画面或造型设计很好看｜价格合适｜很喜欢这个角色,已经有很多同类周边｜预售时间太长｜设计不太喜欢,预售特典,30.0,30.0,5,配色｜角色选择｜配件或玩法,最终价格,更喜欢A款,角色和画面设计=1｜材质与做工=4｜正版授权=6｜实用性=5｜价格=3｜限定或收藏价值=2,希望增加可替换配件或玩法,如果有长期补货机制会更愿意购买，不喜欢抢限量。,False,True,real_anonymous_survey_user_attested,ARK-SURVEY-20260903,Batch owner confirmed real responses; source TXT header was mislabeled.
REAL-ARK-SURVEY-20260903-225,REAL-ARK-SURVEY-20260903-225,,True,batch_owner_attestation,anonymous_questionnaire_batch,anonymous_batch_without_timing,,v2.2-paper-batch,A,18～22岁,6,48.0,玩过《明日方舟》,,True,买过《明日方舟》官方或正版授权周边,350.0,12,斯卡蒂,塞雷娅,棘刺,斯卡蒂,通行证,4,80.0,官方商城,5,画面或造型设计很好看｜有收藏或凑套装的价值,预售时间太长｜发货进度不透明｜不确定买回来怎么摆或怎么用,满额赠品,75.0,30.5,3,画面或造型｜实用性｜角色选择,实物图和细节｜是否为正版授权｜最终价格,更喜欢A款,角色和画面设计=1｜材质与做工=2｜正版授权=4｜实用性=3｜价格=6｜限定或收藏价值=5,希望减少容易刮花的材质,-,False,True,real_anonymous_survey_user_attested,ARK-SURVEY-20260903,Batch owner confirmed real responses; source TXT header was mislabeled.
REAL-ARK-SURVEY-20260903-226,REAL-ARK-SURVEY-20260903-226,,True,batch_owner_attestation,anonymous_questionnaire_batch,anonymous_batch_without_timing,,v2.2-paper-batch,B,18～22岁,28,24.0,玩过《明日方舟》,,False,没买过方舟正版周边，但买过其他ACG正版周边,100.0,2,德克萨斯,霍尔海雅,玛恩纳,德克萨斯,通行证,2,50.0,B站会员购,4,很喜欢这个角色｜朋友推荐或社区评价很好,价格比预期高｜发货进度不透明,包邮,30.0,30.5,3,材质与工艺｜画面或造型,最终价格｜是否容易缺货或限量,更喜欢B款,角色和画面设计=1｜材质与做工=5｜正版授权=2｜实用性=6｜价格=3｜限定或收藏价值=4,-,希望官方把预售周期和发货进度写得更透明。,False,True,real_anonymous_survey_user_attested,ARK-SURVEY-20260903,Batch owner confirmed real responses; source TXT header was mislabeled.
REAL-ARK-SURVEY-20260903-227,REAL-ARK-SURVEY-20260903-227,,True,batch_owner_attestation,anonymous_questionnaire_batch,anonymous_batch_without_timing,,v2.2-paper-batch,B,18～22岁,2,0.0,没玩过《明日方舟》,50.0,False,没买过方舟正版周边，但买过其他ACG正版周边,100.0,2,令,维什戴尔,缪尔赛思,令,吧唧（徽章）,2,50.0,淘宝/天猫,4,材质和做工让人放心｜价格合适｜有收藏或凑套装的价值,已经有很多同类周边｜材质、尺寸或实物效果说不清楚｜发货进度不透明,直接降价,45.0,20.5,3,尺寸｜配色｜材质与工艺,是否容易缺货或限量｜实物图和细节｜发货时间,更喜欢B款,角色和画面设计=4｜材质与做工=2｜正版授权=6｜实用性=1｜价格=3｜限定或收藏价值=5,希望提升日常实用性,-,False,True,real_anonymous_survey_user_attested,ARK-SURVEY-20260903,Batch owner confirmed real responses; source TXT header was mislabeled.
REAL-ARK-SURVEY-20260903-228,REAL-ARK-SURVEY-20260903-228,,True,batch_owner_attestation,anonymous_questionnaire_batch,anonymous_batch_without_timing,,v2.2-paper-batch,A,23～26岁,2,,玩过《明日方舟》,50.0,True,买过《明日方舟》官方或正版授权周边,350.0,2,幽灵鲨,泥岩,逻各斯,幽灵鲨,装饰摆件,3,200.0,线下展会或快闪店,5,有收藏或凑套装的价值｜画面或造型设计很好看,担心不是正版｜价格比预期高｜设计不太喜欢,包邮,30.0,75.5,1,暂时没有特别吸引我的地方,具体尺寸｜售后规则,更喜欢A款,角色和画面设计=2｜材质与做工=6｜正版授权=1｜实用性=5｜价格=3｜限定或收藏价值=4,希望尺寸标注更清楚,希望包装在保护商品的同时不要过度增加体积和运费。,False,True,real_anonymous_survey_user_attested,ARK-SURVEY-20260903,Batch owner confirmed real responses; source TXT header was mislabeled.
REAL-ARK-SURVEY-20260903-229,REAL-ARK-SURVEY-20260903-229,,True,batch_owner_attestation,anonymous_questionnaire_batch,anonymous_batch_without_timing,,v2.2-paper-batch,A,23～26岁,16,84.0,玩过《明日方舟》,50.0,False,还没有买过正版周边,0.0,0,铃兰,艾雅法拉,拉普兰德,铃兰,日用生活,4,100.0,官方商城,5,价格合适｜有收藏或凑套装的价值｜想支持作品或官方,预售时间太长｜设计不太喜欢｜价格比预期高,积分或会员权益,30.0,50.0,4,画面或造型｜实用性｜材质与工艺,实物图和细节｜具体尺寸｜售后规则,更喜欢A款,角色和画面设计=1｜材质与做工=4｜正版授权=3｜实用性=5｜价格=2｜限定或收藏价值=6,希望售后规则更明确,-,False,True,real_anonymous_survey_user_attested,ARK-SURVEY-20260903,Batch owner confirmed real responses; source TXT header was mislabeled.
REAL-ARK-SURVEY-20260903-230,REAL-ARK-SURVEY-20260903-230,,True,batch_owner_attestation,anonymous_questionnaire_batch,anonymous_batch_without_timing,,v2.2-paper-batch,A,18～22岁,6,,玩过《明日方舟》,200.0,True,买过《明日方舟》官方或正版授权周边,750.0,4,年,维什戴尔,能天使,年,亚克力制品,4,80.0,线下展会或快闪店,4,平时真的能用到｜很喜欢这个角色,预售时间太长｜不确定买回来怎么摆或怎么用｜价格比预期高,角色套装更优惠,75.0,40.5,3,角色选择｜画面或造型,具体尺寸｜是否容易缺货或限量｜发货时间,更喜欢A款,角色和画面设计=2｜材质与做工=1｜正版授权=4｜实用性=5｜价格=3｜限定或收藏价值=6,希望减少容易刮花的材质,如果有长期补货机制会更愿意购买，不喜欢抢限量。,False,True,real_anonymous_survey_user_attested,ARK-SURVEY-20260903,Batch owner confirmed real responses; source TXT header was mislabeled.
REAL-ARK-SURVEY-20260903-231,REAL-ARK-SURVEY-20260903-231,,True,batch_owner_attestation,anonymous_questionnaire_batch,anonymous_batch_without_timing,,v2.2-paper-batch,A,18～22岁,16,84.0,玩过《明日方舟》,50.0,True,买过《明日方舟》官方或正版授权周边,100.0,2,维什戴尔,陈,温蒂,维什戴尔,日用生活,4,200.0,淘宝/天猫,4,价格合适｜想支持作品或官方｜材质和做工让人放心,材质、尺寸或实物效果说不清楚｜发货进度不透明,积分或会员权益,75.0,75.5,5,收藏价值,材质和工艺｜最终价格,更喜欢A款,角色和画面设计=1｜材质与做工=2｜正版授权=4｜实用性=6｜价格=3｜限定或收藏价值=5,希望缩短预售和发货周期,想看到更多阵营主题、干员小队主题的组合周边。,False,True,real_anonymous_survey_user_attested,ARK-SURVEY-20260903,Batch owner confirmed real responses; source TXT header was mislabeled.
REAL-ARK-SURVEY-20260903-232,REAL-ARK-SURVEY-20260903-232,,True,batch_owner_attestation,anonymous_questionnaire_batch,anonymous_batch_without_timing,,v2.2-paper-batch,B,18～22岁,0,,玩过《明日方舟》,750.0,False,还没有买过正版周边,0.0,0,令,维什戴尔,伊芙利特,令,毛绒玩偶,5,200.0,其他：线下谷店,5,画面或造型设计很好看｜价格合适,已经有很多同类周边｜价格比预期高｜预售时间太长,包邮,,115.5,5,画面或造型｜材质与工艺｜角色选择,实物图和细节｜是否容易缺货或限量｜材质和工艺,更喜欢B款,角色和画面设计=5｜材质与做工=1｜正版授权=3｜实用性=4｜价格=2｜限定或收藏价值=6,希望配色更贴近角色原设,希望多出一些冷门角色的周边，不要总集中在少数热门角色。,False,True,real_anonymous_survey_user_attested,ARK-SURVEY-20260903,Batch owner confirmed real responses; source TXT header was mislabeled.
REAL-ARK-SURVEY-20260903-233,REAL-ARK-SURVEY-20260903-233,,True,batch_owner_attestation,anonymous_questionnaire_batch,anonymous_batch_without_timing,,v2.2-paper-batch,B,23～26岁,16,48.0,玩过《明日方舟》,200.0,True,买过《明日方舟》官方或正版授权周边,100.0,2,令,煌,浊心斯卡蒂,令,亚克力制品,5,100.0,淘宝/天猫,1,很喜欢这个角色,运费太高｜不确定买回来怎么摆或怎么用｜售后或退换不方便,满额赠品,45.0,30.0,4,收藏价值｜材质与工艺｜画面或造型,实物图和细节｜具体尺寸｜材质和工艺,更喜欢B款,角色和画面设计=1｜材质与做工=4｜正版授权=5｜实用性=6｜价格=2｜限定或收藏价值=3,希望售后规则更明确,希望线下快闪和线上商城的库存分配更合理。,False,True,real_anonymous_survey_user_attested,ARK-SURVEY-20260903,Batch owner confirmed real responses; source TXT header was mislabeled.
REAL-ARK-SURVEY-20260903-234,REAL-ARK-SURVEY-20260903-234,,True,batch_owner_attestation,anonymous_questionnaire_batch,anonymous_batch_without_timing,,v2.2-paper-batch,B,18～22岁,6,24.0,玩过《明日方舟》,200.0,False,没买过方舟正版周边，但买过其他ACG正版周边,2000.0,4,史尔特尔,德克萨斯,银灰,史尔特尔,日用生活,2,100.0,淘宝/天猫,4,价格合适｜画面或造型设计很好看｜有收藏或凑套装的价值,不确定买回来怎么摆或怎么用｜设计不太喜欢,满额赠品,45.0,150.5,2,画面或造型,最终价格｜实物图和细节｜具体尺寸,更喜欢B款,角色和画面设计=3｜材质与做工=4｜正版授权=2｜实用性=5｜价格=6｜限定或收藏价值=1,希望提升日常实用性,-,False,True,real_anonymous_survey_user_attested,ARK-SURVEY-20260903,Batch owner confirmed real responses; source TXT header was mislabeled.
REAL-ARK-SURVEY-20260903-235,REAL-ARK-SURVEY-20260903-235,,True,batch_owner_attestation,anonymous_questionnaire_batch,anonymous_batch_without_timing,,v2.2-paper-batch,B,27～30岁,28,24.0,玩过《明日方舟》,50.0,False,还没有买过正版周边,0.0,0,夕,逻各斯,霍尔海雅,夕,毛绒玩偶,4,250.0,淘宝/天猫,3,很喜欢这个角色｜价格合适｜有收藏或凑套装的价值,运费太高｜已经有很多同类周边｜材质、尺寸或实物效果说不清楚,直接降价,45.0,80.0,4,画面或造型｜实用性,具体尺寸｜是否容易缺货或限量｜售后规则,更喜欢B款,角色和画面设计=1｜材质与做工=3｜正版授权=4｜实用性=5｜价格=2｜限定或收藏价值=6,希望限定数量不要太少,-,False,True,real_anonymous_survey_user_attested,ARK-SURVEY-20260903,Batch owner confirmed real responses; source TXT header was mislabeled.
REAL-ARK-SURVEY-20260903-236,REAL-ARK-SURVEY-20260903-236,,True,batch_owner_attestation,anonymous_questionnaire_batch,anonymous_batch_without_timing,,v2.2-paper-batch,A,23～26岁,16,84.0,玩过《明日方舟》,400.0,True,买过《明日方舟》官方或正版授权周边,2000.0,8,银灰,伊芙利特,塞雷娅,银灰,日用生活,3,150.0,淘宝/天猫,4,是限定、联名或活动纪念款｜画面或造型设计很好看｜材质和做工让人放心,发货进度不透明｜不确定买回来怎么摆或怎么用｜设计不太喜欢,不太在意促销，更看重商品本身,0.0,150.5,1,暂时没有特别吸引我的地方,是否为正版授权｜实物图和细节｜具体尺寸,更喜欢A款,角色和画面设计=1｜材质与做工=2｜正版授权=3｜实用性=4｜价格=5｜限定或收藏价值=6,希望售后规则更明确,-,False,True,real_anonymous_survey_user_attested,ARK-SURVEY-20260903,Batch owner confirmed real responses; source TXT header was mislabeled.
REAL-ARK-SURVEY-20260903-237,REAL-ARK-SURVEY-20260903-237,,True,batch_owner_attestation,anonymous_questionnaire_batch,anonymous_batch_without_timing,,v2.2-paper-batch,A,18～22岁,0,84.0,玩过《明日方舟》,50.0,True,买过《明日方舟》官方或正版授权周边,350.0,2,德克萨斯,幽灵鲨,浊心斯卡蒂,德克萨斯,吧唧（徽章）,3,30.0,官方商城,5,有收藏或凑套装的价值｜价格合适｜很喜欢这个角色,运费太高,不太在意促销，更看重商品本身,45.0,20.5,5,尺寸｜实用性,具体尺寸｜售后规则,更喜欢A款,角色和画面设计=3｜材质与做工=4｜正版授权=1｜实用性=5｜价格=2｜限定或收藏价值=6,希望缩短预售和发货周期,希望同一角色能做统一主题套装，方便收藏。,False,True,real_anonymous_survey_user_attested,ARK-SURVEY-20260903,Batch owner confirmed real responses; source TXT header was mislabeled.
REAL-ARK-SURVEY-20260903-238,REAL-ARK-SURVEY-20260903-238,,True,batch_owner_attestation,anonymous_questionnaire_batch,anonymous_batch_without_timing,,v2.2-paper-batch,B,18～22岁,6,0.0,没玩过《明日方舟》,50.0,False,没买过方舟正版周边，但买过其他ACG正版周边,100.0,2,铃兰,银灰,艾雅法拉,铃兰,毛绒玩偶,2,150.0,淘宝/天猫,4,很喜欢这个角色｜是限定、联名或活动纪念款,运费太高｜材质、尺寸或实物效果说不清楚｜发货进度不透明,角色套装更优惠,30.0,115.5,3,角色选择｜实用性,发货时间｜售后规则｜最终价格,更喜欢B款,角色和画面设计=2｜材质与做工=1｜正版授权=5｜实用性=4｜价格=3｜限定或收藏价值=6,希望材质和做工更扎实,-,False,True,real_anonymous_survey_user_attested,ARK-SURVEY-20260903,Batch owner confirmed real responses; source TXT header was mislabeled.
REAL-ARK-SURVEY-20260903-239,REAL-ARK-SURVEY-20260903-239,,True,batch_owner_attestation,anonymous_questionnaire_batch,anonymous_batch_without_timing,,v2.2-paper-batch,B,23～26岁,16,48.0,玩过《明日方舟》,200.0,True,买过《明日方舟》官方或正版授权周边,,12,年,泥岩,斯卡蒂,年,吧唧（徽章）,4,50.0,官方商城,5,很喜欢这个角色,设计不太喜欢｜价格比预期高,积分或会员权益,30.0,15.0,3,收藏价值｜画面或造型｜配件或玩法,是否容易缺货或限量｜材质和工艺｜具体尺寸,更喜欢B款,角色和画面设计=1｜材质与做工=2｜正版授权=3｜实用性=6｜价格=5｜限定或收藏价值=4,-,希望包装在保护商品的同时不要过度增加体积和运费。,False,True,real_anonymous_survey_user_attested,ARK-SURVEY-20260903,Batch owner confirmed real responses; source TXT header was mislabeled.
REAL-ARK-SURVEY-20260903-240,REAL-ARK-SURVEY-20260903-240,,True,batch_owner_attestation,anonymous_questionnaire_batch,anonymous_batch_without_timing,,v2.2-paper-batch,B,18～22岁,0,84.0,玩过《明日方舟》,,False,还没有买过正版周边,0.0,0,缪尔赛思,W,浊心斯卡蒂,缪尔赛思,手办模玩,4,1000.0,淘宝/天猫,4,想支持作品或官方｜有收藏或凑套装的价值,价格比预期高｜设计不太喜欢｜已经有很多同类周边,预售特典,,350.5,3,材质与工艺｜画面或造型,售后规则｜发货时间｜是否容易缺货或限量,更喜欢B款,角色和画面设计=4｜材质与做工=3｜正版授权=2｜实用性=6｜价格=1｜限定或收藏价值=5,希望实物图和细节展示更充分,-,False,True,real_anonymous_survey_user_attested,ARK-SURVEY-20260903,Batch owner confirmed real responses; source TXT header was mislabeled.
REAL-ARK-SURVEY-20260903-241,REAL-ARK-SURVEY-20260903-241,,True,batch_owner_attestation,anonymous_questionnaire_batch,anonymous_batch_without_timing,,v2.2-paper-batch,A,18～22岁,28,84.0,玩过《明日方舟》,200.0,False,没买过方舟正版周边，但买过其他ACG正版周边,750.0,4,W,浊心斯卡蒂,阿米娅,W,通行证,2,60.0,淘宝/天猫,4,材质和做工让人放心｜价格合适｜很喜欢这个角色,运费太高｜设计不太喜欢｜价格比预期高,不太在意促销，更看重商品本身,75.0,30.5,3,配色｜收藏价值｜角色选择,实物图和细节｜发货时间,更喜欢A款,角色和画面设计=4｜材质与做工=1｜正版授权=5｜实用性=2｜价格=3｜限定或收藏价值=6,希望缩短预售和发货周期,希望商品详情页提供更多实拍、尺寸对比和材质说明。,False,True,real_anonymous_survey_user_attested,ARK-SURVEY-20260903,Batch owner confirmed real responses; source TXT header was mislabeled.
REAL-ARK-SURVEY-20260903-242,REAL-ARK-SURVEY-20260903-242,,True,batch_owner_attestation,anonymous_questionnaire_batch,anonymous_batch_without_timing,,v2.2-paper-batch,A,18～22岁,28,84.0,玩过《明日方舟》,200.0,True,买过《明日方舟》官方或正版授权周边,750.0,8,斯卡蒂,凯尔希,拉普兰德,斯卡蒂,毛绒玩偶,3,200.0,线下展会或快闪店,4,画面或造型设计很好看｜有收藏或凑套装的价值｜材质和做工让人放心,已经有很多同类周边｜材质、尺寸或实物效果说不清楚｜发货进度不透明,不太在意促销，更看重商品本身,30.0,115.5,4,配件或玩法｜配色,实物图和细节｜是否容易缺货或限量,更喜欢A款,角色和画面设计=2｜材质与做工=3｜正版授权=5｜实用性=6｜价格=4｜限定或收藏价值=1,希望价格再友好一点,-,False,True,real_anonymous_survey_user_attested,ARK-SURVEY-20260903,Batch owner confirmed real responses; source TXT header was mislabeled.
REAL-ARK-SURVEY-20260903-243,REAL-ARK-SURVEY-20260903-243,,True,batch_owner_attestation,anonymous_questionnaire_batch,anonymous_batch_without_timing,,v2.2-paper-batch,B,18～22岁,2,0.0,没玩过《明日方舟》,750.0,False,没买过方舟正版周边，但买过其他ACG正版周边,750.0,2,塞雷娅,斯卡蒂,德克萨斯,塞雷娅,毛绒玩偶,4,200.0,线下展会或快闪店,5,价格合适｜材质和做工让人放心,已经有很多同类周边｜价格比预期高｜担心不是正版,角色套装更优惠,75.0,115.5,3,实用性｜角色选择｜配件或玩法,发货时间｜最终价格｜材质和工艺,更喜欢B款,角色和画面设计=2｜材质与做工=4｜正版授权=3｜实用性=5｜价格=1｜限定或收藏价值=6,希望实物图和细节展示更充分,没有特别建议，主要还是看角色和成品质量。,False,True,real_anonymous_survey_user_attested,ARK-SURVEY-20260903,Batch owner confirmed real responses; source TXT header was mislabeled.
