operator,scenario,score,rank,in_top_k
Mon3tr,balanced,58.972048766,26.0,False
W,balanced,60.390625,23.0,False
予愿安洁莉娜,balanced,74.7222717811,7.0,True
令,balanced,61.1371722098,21.0,False
伊芙利特,balanced,22.6236208826,56.0,False
余,balanced,26.8952819903,54.0,False
佩佩,balanced,39.7291109129,42.0,False
凛御银灰,balanced,77.0467836257,4.0,True
凯尔希,balanced,64.46284378,18.0,False
凯尔希·思衡托,balanced,81.8859070935,3.0,True
史尔特尔,balanced,68.5421330349,13.0,False
司霆惊蛰,balanced,44.1748934483,37.0,False
塑心,balanced,41.051937754,40.0,False
塞雷娅,balanced,75.2761232811,6.0,True
夕,balanced,23.3805364567,55.0,False
夜莺,balanced,14.7625519667,60.0,False
娜斯提,balanced,37.4353751611,44.0,False
年,balanced,16.2756835625,59.0,False
幽灵鲨,balanced,48.1583786377,33.0,False
归溟幽灵鲨,balanced,53.2028446823,32.0,False
德克萨斯,balanced,60.1325151903,25.0,False
怒潮凛冬,balanced,28.3636138369,52.0,False
拉普兰德,balanced,41.6546410297,39.0,False
斩业星熊,balanced,60.3302606799,24.0,False
斯卡蒂,balanced,44.3165374161,36.0,False
新约能天使,balanced,94.5785467671,1.0,True
望,balanced,67.1196848052,14.0,False
棘刺,balanced,65.4880876239,15.0,False
死芒,balanced,58.1232034889,28.0,False
泥岩,balanced,58.6699512312,27.0,False
浊心斯卡蒂,balanced,71.3222537576,10.0,True
温蒂,balanced,44.8167173009,35.0,False
焰狐龙梓兰,balanced,71.5174943007,8.0,True
煌,balanced,28.9021026543,51.0,False
玛恩纳,balanced,69.0509074193,12.0,False
真言,balanced,54.3094954901,31.0,False
纯烬艾雅法拉,balanced,60.52998315,22.0,False
结城理,balanced,65.1361879274,17.0,False
维什戴尔,balanced,92.4998001279,2.0,True
维娜·维多利亚,balanced,62.0628407176,19.0,False
缄默德克萨斯,balanced,34.685746853,45.0,False
缇缇,balanced,33.613836852,46.0,False
缪尔赛思,balanced,40.7159936856,41.0,False
能天使,balanced,70.2621322354,11.0,False
艾雅法拉,balanced,27.1377318516,53.0,False
荒芜拉普兰德,balanced,61.9769695543,20.0,False
诗怀雅,balanced,29.5193076431,50.0,False
谬因,balanced,32.0887104768,48.0,False
贝洛内,balanced,42.2087917534,38.0,False
赤刃明霄陈,balanced,71.3806125483,9.0,True
逻各斯,balanced,65.2200591621,16.0,False
酒神,balanced,57.1347011597,29.0,False
重岳,balanced,56.2080979284,30.0,False
铃兰,balanced,31.3447393668,49.0,False
银灰,balanced,47.1101495043,34.0,False
锏,balanced,32.8112008315,47.0,False
阿米娅,balanced,76.1008954269,5.0,True
陈,balanced,18.0790294212,58.0,False
霍尔海雅,balanced,18.7365086345,57.0,False
黍,balanced,39.6332336324,43.0,False
Mon3tr,content_led,58.8075060533,25.0,False
W,content_led,60.390625,22.0,False
予愿安洁莉娜,content_led,81.6162227603,4.0,True
令,content_led,59.4100900424,24.0,False
伊芙利特,content_led,23.3388506356,54.0,False
余,content_led,31.2308313156,47.0,False
佩佩,content_led,32.1549636804,45.0,False
凛御银灰,content_led,74.880952381,7.0,True
凯尔希,content_led,65.7196769068,17.0,False
凯尔希·思衡托,content_led,86.479519774,3.0,True
史尔特尔,content_led,66.9359110169,16.0,False
司霆惊蛰,content_led,38.7691686844,41.0,False
塑心,content_led,34.991928975,43.0,False
塞雷娅,content_led,75.522378178,6.0,True
夕,content_led,22.2755561441,56.0,False
夜莺,content_led,15.4608050847,60.0,False
娜斯提,content_led,28.2788539144,49.0,False
年,content_led,15.8600370763,59.0,False
幽灵鲨,content_led,45.9666313559,35.0,False
归溟幽灵鲨,content_led,61.0330912026,21.0,False
德克萨斯,content_led,57.7873411017,27.0,False
怒潮凛冬,content_led,23.8216303471,52.0,False
拉普兰德,content_led,40.3992319915,40.0,False
斩业星熊,content_led,53.1275221953,29.0,False
斯卡蒂,content_led,43.352092161,37.0,False
新约能天使,content_led,95.3848870056,1.0,True
望,content_led,62.2851089588,20.0,False
棘刺,content_led,67.0736228814,15.0,False
死芒,content_led,52.096448749,30.0,False
泥岩,content_led,58.5573358051,26.0,False
浊心斯卡蒂,content_led,70.5250264831,11.0,False
温蒂,content_led,43.952595339,36.0,False
焰狐龙梓兰,content_led,70.4075867635,12.0,False
煌,content_led,27.5331038136,51.0,False
玛恩纳,content_led,69.3173993644,14.0,False
真言,content_led,49.2635189669,32.0,False
纯烬艾雅法拉,content_led,71.2671509282,10.0,True
结城理,content_led,59.7730024213,23.0,False
维什戴尔,content_led,92.2841631356,2.0,True
维娜·维多利亚,content_led,71.3942695722,9.0,True
缄默德克萨斯,content_led,41.6505246166,39.0,False
缇缇,content_led,23.0589184826,55.0,False
缪尔赛思,content_led,42.9588433773,38.0,False
能天使,content_led,69.4762976695,13.0,False
艾雅法拉,content_led,27.7019332627,50.0,False
荒芜拉普兰德,content_led,63.0967514124,19.0,False
诗怀雅,content_led,30.2873411017,48.0,False
谬因,content_led,23.6339790153,53.0,False
贝洛内,content_led,37.8369652946,42.0,False
赤刃明霄陈,content_led,74.7336561743,8.0,True
逻各斯,content_led,65.4488877119,18.0,False
酒神,content_led,46.107748184,34.0,False
重岳,content_led,57.4717514124,28.0,False
铃兰,content_led,31.8379237288,46.0,False
银灰,content_led,47.9164459746,33.0,False
锏,content_led,32.9329978814,44.0,False
阿米娅,content_led,76.0169491525,5.0,True
陈,content_led,17.4668961864,58.0,False
霍尔海雅,content_led,19.1810116525,57.0,False
黍,content_led,49.6547394852,31.0,False
Mon3tr,survey_led,59.0381355932,26.0,False
W,survey_led,60.390625,24.0,False
予愿安洁莉娜,survey_led,71.9533898305,13.0,False
令,survey_led,72.4865693099,11.0,False
伊芙利特,survey_led,17.9235396489,58.0,False
余,survey_led,25.1539548023,53.0,False
佩佩,survey_led,42.7711864407,40.0,False
凛御银灰,survey_led,77.9166666667,5.0,True
凯尔希,survey_led,56.203654661,30.0,False
凯尔希·思衡托,survey_led,81.7672316384,3.0,True
史尔特尔,survey_led,79.0973062954,4.0,True
司霆惊蛰,survey_led,46.3460451977,37.0,False
塑心,survey_led,43.4858757062,39.0,False
塞雷娅,survey_led,73.657876816,10.0,True
夕,survey_led,30.6418356538,50.0,False
夜莺,survey_led,10.174031477,60.0,False
娜斯提,survey_led,41.1129943503,43.0,False
年,survey_led,19.0070747579,57.0,False
幽灵鲨,survey_led,62.5612893462,20.0,False
归溟幽灵鲨,survey_led,50.0579096045,35.0,False
德克萨斯,survey_led,75.543659201,8.0,True
怒潮凛冬,survey_led,30.1878531073,51.0,False
拉普兰德,survey_led,49.9044718523,36.0,False
斩业星熊,survey_led,63.2231638418,19.0,False
斯卡蒂,survey_led,50.6543205206,33.0,False
新约能天使,survey_led,94.015819209,1.0,True
望,survey_led,69.061440678,15.0,False
棘刺,survey_led,55.0688559322,32.0,False
死芒,survey_led,60.5437853107,23.0,False
泥岩,survey_led,59.40999546,25.0,False
浊心斯卡蒂,survey_led,76.5611758475,7.0,True
温蒂,survey_led,50.4952330508,34.0,False
焰狐龙梓兰,survey_led,71.9632768362,12.0,False
煌,survey_led,37.8983807506,44.0,False
玛恩纳,survey_led,67.2996746368,16.0,False
真言,survey_led,56.3361581921,28.0,False
纯烬艾雅法拉,survey_led,56.2175141243,29.0,False
结城理,survey_led,67.2902542373,17.0,False
维什戴尔,survey_led,93.9168432203,2.0,True
维娜·维多利亚,survey_led,58.3149717514,27.0,False
缄默德克萨斯,survey_led,31.8884180791,48.0,False
缇缇,survey_led,37.8531073446,45.0,False
缪尔赛思,survey_led,41.2539822662,42.0,False
能天使,survey_led,75.426187954,9.0,True
艾雅法拉,survey_led,23.4301225787,55.0,False
荒芜拉普兰德,survey_led,62.1548022599,21.0,False
诗怀雅,survey_led,24.4722306295,54.0,False
谬因,survey_led,35.4844632768,46.0,False
贝洛内,survey_led,43.9646892655,38.0,False
赤刃明霄陈,survey_led,70.0338983051,14.0,False
逻各斯,survey_led,63.7163286925,18.0,False
酒神,survey_led,61.563559322,22.0,False
重岳,survey_led,55.7005649718,31.0,False
铃兰,survey_led,28.1038135593,52.0,False
银灰,survey_led,41.8116298426,41.0,False
锏,survey_led,32.0108202179,47.0,False
阿米娅,survey_led,76.6525423729,6.0,True
陈,survey_led,22.1016192494,56.0,False
霍尔海雅,survey_led,15.8154888015,59.0,False
黍,survey_led,31.432517263,49.0,False
Mon3tr,community_led,59.2687651332,24.0,False
W,community_led,60.390625,23.0,False
予愿安洁莉娜,community_led,62.2905569007,22.0,False
令,community_led,46.3336107748,36.0,False
伊芙利特,community_led,28.7541616223,52.0,False
余,community_led,19.0770782889,56.0,False
佩佩,community_led,53.387409201,31.0,False
凛御银灰,community_led,80.9523809524,4.0,True
凯尔希,community_led,75.2356991525,10.0,True
凯尔希·思衡托,community_led,83.011299435,3.0,True
史尔特尔,community_led,54.7745157385,26.0,False
司霆惊蛰,community_led,53.9229217111,30.0,False
塑心,community_led,51.9798224374,33.0,False
塞雷娅,community_led,77.38687954,6.0,True
夕,community_led,13.9092766344,58.0,False
夜莺,community_led,20.7475786925,55.0,False
娜斯提,community_led,53.9471347861,28.0,False
年,community_led,12.7129993947,60.0,False
幽灵鲨,community_led,29.3719733656,51.0,False
归溟幽灵鲨,community_led,39.0827280065,40.0,False
德克萨斯,community_led,40.0310230024,39.0,False
怒潮凛冬,community_led,36.5540758676,42.0,False
拉普兰德,community_led,30.8939921308,49.0,False
斩业星熊,community_led,73.3188054883,13.0,False
斯卡蒂,community_led,36.0498638015,44.0,False
新约能天使,community_led,91.5247175141,1.0,True
望,community_led,75.8377723971,8.0,True
棘刺,community_led,79.0783898305,5.0,True
死芒,community_led,68.9911218725,15.0,False
泥岩,community_led,57.7046761501,25.0,False
浊心斯卡蒂,community_led,64.4888771186,18.0,False
温蒂,community_led,37.4099576271,41.0,False
焰狐龙梓兰,community_led,73.5189669088,12.0,False
煌,community_led,17.1678268765,57.0,False
玛恩纳,community_led,71.335124092,14.0,False
真言,community_led,63.4087974173,21.0,False
纯烬艾雅法拉,community_led,41.1678773204,38.0,False
结城理,community_led,74.8075060533,11.0,False
维什戴尔,community_led,90.6514830508,2.0,True
维娜·维多利亚,community_led,45.2356739306,37.0,False
缄默德克萨斯,community_led,22.1263115416,54.0,False
缇缇,community_led,52.6472962066,32.0,False
缪尔赛思,community_led,35.1019695543,46.0,False
能天使,community_led,63.526407385,19.0,False
艾雅法拉,community_led,31.9737439467,48.0,False
荒芜拉普兰德,community_led,63.4918785311,20.0,False
诗怀雅,community_led,36.1024515738,43.0,False
谬因,community_led,47.3349475383,35.0,False
贝洛内,community_led,50.0924132365,34.0,False
赤刃明霄陈,community_led,65.3341404358,17.0,False
逻各斯,community_led,67.1814467312,16.0,False
酒神,community_led,77.01937046,7.0,True
重岳,community_led,53.9293785311,29.0,False
铃兰,community_led,35.5720338983,45.0,False
银灰,community_led,54.0212621065,27.0,False
锏,community_led,33.8551755448,47.0,False
阿米娅,community_led,75.3813559322,9.0,True
陈,community_led,12.8321731235,59.0,False
霍尔海雅,community_led,22.5465345036,53.0,False
黍,community_led,30.3590709353,50.0,False
Mon3tr,commerce_led,58.9612590799,25.0,False
W,commerce_led,60.390625,23.0,False
予愿安洁莉娜,commerce_led,75.1743341404,5.0,True
令,commerce_led,63.7689164649,17.0,False
伊芙利特,commerce_led,21.5337469734,56.0,False
余,commerce_led,27.1795803067,53.0,False
佩佩,commerce_led,39.2324455206,42.0,False
凛御银灰,commerce_led,76.9047619048,3.0,True
凯尔希,commerce_led,62.5476694915,21.0,False
凯尔希·思衡托,commerce_led,67.6617231638,13.0,False
史尔特尔,commerce_led,70.9897094431,11.0,False
司霆惊蛰,commerce_led,43.8204196933,37.0,False
塑心,commerce_led,40.6545601291,41.0,False
塞雷娅,commerce_led,74.900877724,6.0,True
夕,commerce_led,25.0643159806,55.0,False
夜莺,commerce_led,13.6985472155,60.0,False
娜斯提,commerce_led,36.8349475383,44.0,False
年,commerce_led,16.9090496368,59.0,False
幽灵鲨,commerce_led,51.4981840194,33.0,False
归溟幽灵鲨,commerce_led,53.7163034705,32.0,False
德克萨斯,commerce_led,63.7061138015,18.0,False
怒潮凛冬,commerce_led,28.0657788539,52.0,False
拉普兰德,commerce_led,43.5676452785,38.0,False
斩业星熊,commerce_led,59.8579499596,24.0,False
斯卡蒂,commerce_led,45.7861682809,36.0,False
新约能天使,commerce_led,97.0490819209,1.0,True
望,commerce_led,66.8026634383,14.0,False
棘刺,commerce_led,63.0720338983,19.0,False
死芒,commerce_led,57.7280064568,27.0,False
泥岩,commerce_led,58.8415556901,26.0,False
浊心斯卡蒂,commerce_led,72.5370762712,7.0,True
温蒂,commerce_led,46.1334745763,34.0,False
焰狐龙梓兰,commerce_led,71.4447134786,10.0,True
煌,commerce_led,30.9881961259,49.0,False
玛恩纳,commerce_led,68.6448244552,12.0,False
真言,commerce_led,53.9786117837,31.0,False
纯烬艾雅法拉,commerce_led,61.2340597256,22.0,False
结城理,commerce_led,64.784503632,16.0,False
维什戴尔,commerce_led,92.8283898305,2.0,True
维娜·维多利亚,commerce_led,62.6747376917,20.0,False
缄默德克萨斯,commerce_led,35.1424535916,45.0,False
缇缇,commerce_led,32.9217110573,46.0,False
缪尔赛思,commerce_led,41.0451335388,40.0,False
能天使,commerce_led,71.459594431,9.0,True
艾雅法拉,commerce_led,26.277996368,54.0,False
荒芜拉普兰德,commerce_led,56.614230226,28.0,False
诗怀雅,commerce_led,28.3489709443,51.0,False
谬因,commerce_led,31.5343018563,48.0,False
贝洛内,commerce_led,41.9221146086,39.0,False
赤刃明霄陈,commerce_led,71.6004842615,8.0,True
逻各斯,commerce_led,64.8713680387,15.0,False
酒神,commerce_led,56.411622276,29.0,False
重岳,commerce_led,56.290960452,30.0,False
铃兰,commerce_led,30.593220339,50.0,False
银灰,commerce_led,45.8815072639,35.0,False
锏,commerce_led,32.6256053269,47.0,False
阿米娅,commerce_led,76.2288135593,4.0,True
陈,commerce_led,19.0118038741,57.0,False
霍尔海雅,commerce_led,18.0591707022,58.0,False
黍,commerce_led,39.0005136107,43.0,False
Mon3tr,without_content,59.5762711864,31.0,False
W,without_content,60.390625,28.0,False
予愿安洁莉娜,without_content,49.406779661,36.0,False
令,without_content,61.1371722098,27.0,False
伊芙利特,without_content,22.6236208826,52.0,False
余,without_content,10.9745762712,59.0,False
佩佩,without_content,67.5423728814,20.0,False
凛御银灰,without_content,85.0,5.0,True
凯尔希,without_content,64.46284378,23.0,False
凯尔希·思衡托,without_content,71.9279661017,14.0,False
史尔特尔,without_content,68.5421330349,19.0,False
司霆惊蛰,without_content,64.0254237288,24.0,False
塑心,without_content,63.3050847458,25.0,False
塞雷娅,without_content,75.2761232811,11.0,False
夕,without_content,23.3805364567,51.0,False
夜莺,without_content,14.7625519667,58.0,False
娜斯提,without_content,71.0593220339,16.0,False
年,without_content,16.2756835625,57.0,False
幽灵鲨,without_content,48.1583786377,37.0,False
归溟幽灵鲨,without_content,24.4491525424,50.0,False
德克萨斯,without_content,60.1325151903,29.0,False
怒潮凛冬,without_content,45.0423728814,39.0,False
拉普兰德,without_content,41.6546410297,42.0,False
斩业星熊,without_content,86.7796610169,4.0,True
斯卡蒂,without_content,44.3165374161,41.0,False
新约能天使,without_content,92.1080508475,3.0,True
望,without_content,84.8728813559,6.0,True
棘刺,without_content,65.4880876239,21.0,False
死芒,without_content,80.2542372881,8.0,True
泥岩,without_content,58.6699512312,33.0,False
浊心斯卡蒂,without_content,71.3222537576,15.0,False
温蒂,without_content,44.8167173009,40.0,False
焰狐龙梓兰,without_content,75.593220339,10.0,True
煌,without_content,28.9021026543,47.0,False
玛恩纳,without_content,69.0509074193,18.0,False
真言,without_content,72.8389830508,12.0,False
纯烬艾雅法拉,without_content,21.1016949153,53.0,False
结城理,without_content,84.8305084746,7.0,True
维什戴尔,without_content,92.4998001279,2.0,True
维娜·维多利亚,without_content,27.7966101695,48.0,False
缄默德克萨斯,without_content,9.1101694915,60.0,False
缇缇,without_content,72.3728813559,13.0,False
缪尔赛思,without_content,35.5130716342,43.0,False
能天使,without_content,70.2621322354,17.0,False
艾雅法拉,without_content,27.1377318516,49.0,False
荒芜拉普兰德,without_content,59.8252118644,30.0,False
诗怀雅,without_content,29.5193076431,46.0,False
谬因,without_content,63.1355932203,26.0,False
贝洛内,without_content,58.2627118644,34.0,False
赤刃明霄陈,without_content,59.0677966102,32.0,False
逻各斯,without_content,65.2200591621,22.0,False
酒神,without_content,97.6271186441,1.0,True
重岳,without_content,51.5677966102,35.0,False
铃兰,without_content,31.3447393668,45.0,False
银灰,without_content,47.1101495043,38.0,False
锏,without_content,32.8112008315,44.0,False
阿米娅,without_content,76.1008954269,9.0,True
陈,without_content,18.0790294212,56.0,False
霍尔海雅,without_content,18.7365086345,54.0,False
黍,without_content,18.4809721778,55.0,False
Mon3tr,without_survey,58.972048766,21.0,False
W,without_survey,,,False
予愿安洁莉娜,without_survey,74.7222717811,8.0,True
令,without_survey,28.8983050847,46.0,False
伊芙利特,without_survey,35.9745762712,41.0,False
余,without_survey,26.8952819903,51.0,False
佩佩,without_survey,39.7291109129,36.0,False
凛御银灰,without_survey,77.0467836257,7.0,True
凯尔希,without_survey,87.9237288136,4.0,True
凯尔希·思衡托,without_survey,81.8859070935,5.0,True
史尔特尔,without_survey,38.5593220339,38.0,False
司霆惊蛰,without_survey,44.1748934483,31.0,False
塑心,without_survey,41.051937754,34.0,False
塞雷娅,without_survey,79.8728813559,6.0,True
夕,without_survey,2.7542372881,59.0,False
夜莺,without_survey,27.7966101695,49.0,False
娜斯提,without_survey,37.4353751611,40.0,False
年,without_survey,8.5169491525,55.0,False
幽灵鲨,without_survey,7.2457627119,56.0,False
归溟幽灵鲨,without_survey,53.2028446823,29.0,False
德克萨斯,without_survey,16.3559322034,54.0,False
怒潮凛冬,without_survey,28.3636138369,48.0,False
拉普兰德,without_survey,18.2203389831,53.0,False
斩业星熊,without_survey,60.3302606799,20.0,False
斯卡蒂,without_survey,26.313559322,52.0,False
新约能天使,without_survey,94.5785467671,2.0,True
望,without_survey,67.1196848052,14.0,False
棘刺,without_survey,95.0847457627,1.0,True
死芒,without_survey,58.1232034889,22.0,False
泥岩,without_survey,56.5677966102,24.0,False
浊心斯卡蒂,without_survey,56.4406779661,25.0,False
温蒂,without_survey,28.686440678,47.0,False
焰狐龙梓兰,without_survey,71.5174943007,11.0,False
煌,without_survey,3.3474576271,58.0,False
玛恩纳,without_survey,74.0254237288,10.0,True
真言,without_survey,54.3094954901,28.0,False
纯烬艾雅法拉,without_survey,60.52998315,19.0,False
结城理,without_survey,65.1361879274,15.0,False
维什戴尔,without_survey,88.4745762712,3.0,True
维娜·维多利亚,without_survey,62.0628407176,17.0,False
缄默德克萨斯,without_survey,34.685746853,43.0,False
缇缇,without_survey,33.613836852,44.0,False
缪尔赛思,without_survey,38.995341461,37.0,False
能天使,without_survey,55.593220339,27.0,False
艾雅法拉,without_survey,37.6694915254,39.0,False
荒芜拉普兰德,without_survey,61.9769695543,18.0,False
诗怀雅,without_survey,43.8559322034,32.0,False
谬因,without_survey,32.0887104768,45.0,False
贝洛内,without_survey,42.2087917534,33.0,False
赤刃明霄陈,without_survey,71.3806125483,12.0,False
逻各斯,without_survey,69.4915254237,13.0,False
酒神,without_survey,57.1347011597,23.0,False
重岳,without_survey,56.2080979284,26.0,False
铃兰,without_survey,40.5508474576,35.0,False
银灰,without_survey,62.1610169492,16.0,False
锏,without_survey,35.0847457627,42.0,False
阿米娅,without_survey,74.5338983051,9.0,True
陈,without_survey,6.6525423729,57.0,False
霍尔海雅,without_survey,27.0338983051,50.0,False
黍,without_survey,49.277629101,30.0,False
Mon3tr,without_skland,58.5,28.0,False
W,without_skland,60.390625,23.0,False
予愿安洁莉娜,without_skland,94.5,5.0,True
令,without_skland,89.921875,7.0,True
伊芙利特,without_skland,10.703125,57.0,False
余,without_skland,39.3333333333,40.0,False
佩佩,without_skland,18.0,51.0,False
凛御银灰,without_skland,70.8333333333,17.0,False
凯尔希,without_skland,43.515625,35.0,False
凯尔希·思衡托,without_skland,80.1843971631,13.0,False
史尔特尔,without_skland,95.3125,4.0,True
司霆惊蛰,without_skland,28.6666666667,45.0,False
塑心,without_skland,23.6666666667,48.0,False
塞雷娅,without_skland,71.171875,16.0,False
夕,without_skland,41.796875,36.0,False
夜莺,without_skland,3.125,60.0,False
娜斯提,without_skland,11.1666666667,56.0,False
年,without_skland,23.203125,49.0,False
幽灵鲨,without_skland,84.6875,9.0,True
归溟幽灵鲨,without_skland,75.6666666667,15.0,False
德克萨斯,without_skland,99.21875,1.0,True
怒潮凛冬,without_skland,15.3333333333,54.0,False
拉普兰德,without_skland,62.578125,20.0,False
斩业星熊,without_skland,39.6666666667,39.0,False
斯卡蒂,without_skland,60.390625,23.0,False
新约能天使,without_skland,98.4113475177,2.0,True
望,without_skland,53.25,30.0,False
棘刺,without_skland,39.0625,41.0,False
死芒,without_skland,40.8333333333,37.0,False
泥岩,without_skland,60.546875,22.0,False
浊心斯卡蒂,without_skland,84.609375,10.0,True
温蒂,without_skland,59.21875,27.0,False
焰狐龙梓兰,without_skland,68.3333333333,18.0,False
煌,without_skland,51.71875,31.0,False
玛恩纳,without_skland,64.609375,19.0,False
真言,without_skland,39.8333333333,38.0,False
纯烬艾雅法拉,without_skland,91.3333333333,6.0,True
结城理,without_skland,49.75,32.0,False
维什戴尔,without_skland,96.09375,3.0,True
维娜·维多利亚,without_skland,88.8333333333,8.0,True
缄默德克萨斯,without_skland,54.6666666667,29.0,False
缇缇,without_skland,3.3333333333,59.0,False
缪尔赛思,without_skland,46.9465277778,34.0,False
能天使,without_skland,83.359375,11.0,False
艾雅法拉,without_skland,17.734375,52.0,False
荒芜拉普兰德,without_skland,59.9858156028,25.0,False
诗怀雅,without_skland,16.71875,53.0,False
谬因,without_skland,7.8333333333,58.0,False
贝洛内,without_skland,29.6666666667,44.0,False
赤刃明霄陈,without_skland,81.0,12.0,False
逻各斯,without_skland,61.40625,21.0,False
酒神,without_skland,25.5,47.0,False
重岳,without_skland,59.8333333333,26.0,False
铃兰,without_skland,23.125,50.0,False
银灰,without_skland,33.671875,42.0,False
锏,without_skland,30.78125,43.0,False
阿米娅,without_skland,77.5,14.0,False
陈,without_skland,28.28125,46.0,False
霍尔海雅,without_skland,11.328125,55.0,False
黍,without_skland,49.1555555556,33.0,False
Mon3tr,without_commerce,58.972048766,26.0,False
W,without_commerce,60.390625,23.0,False
予愿安洁莉娜,without_commerce,74.7222717811,7.0,True
令,without_commerce,61.1371722098,21.0,False
伊芙利特,without_commerce,22.6236208826,56.0,False
余,without_commerce,26.8952819903,54.0,False
佩佩,without_commerce,39.7291109129,42.0,False
凛御银灰,without_commerce,77.0467836257,4.0,True
凯尔希,without_commerce,64.46284378,19.0,False
凯尔希·思衡托,without_commerce,90.276935276,3.0,True
史尔特尔,without_commerce,68.5421330349,13.0,False
司霆惊蛰,without_commerce,44.1748934483,37.0,False
塑心,without_commerce,41.051937754,40.0,False
塞雷娅,without_commerce,75.2761232811,6.0,True
夕,without_commerce,23.3805364567,55.0,False
夜莺,without_commerce,14.7625519667,60.0,False
娜斯提,without_commerce,37.4353751611,44.0,False
年,without_commerce,16.2756835625,59.0,False
幽灵鲨,without_commerce,48.1583786377,33.0,False
归溟幽灵鲨,without_commerce,53.2028446823,32.0,False
德克萨斯,without_commerce,60.1325151903,25.0,False
怒潮凛冬,without_commerce,28.3636138369,52.0,False
拉普兰德,without_commerce,41.6546410297,39.0,False
斩业星熊,without_commerce,60.3302606799,24.0,False
斯卡蒂,without_commerce,44.3165374161,36.0,False
新约能天使,without_commerce,93.1518485479,1.0,True
望,without_commerce,67.1196848052,14.0,False
棘刺,without_commerce,65.4880876239,15.0,False
死芒,without_commerce,58.1232034889,28.0,False
泥岩,without_commerce,58.6699512312,27.0,False
浊心斯卡蒂,without_commerce,71.3222537576,10.0,True
温蒂,without_commerce,44.8167173009,35.0,False
焰狐龙梓兰,without_commerce,71.5174943007,8.0,True
煌,without_commerce,28.9021026543,51.0,False
玛恩纳,without_commerce,69.0509074193,12.0,False
真言,without_commerce,54.3094954901,31.0,False
纯烬艾雅法拉,without_commerce,60.52998315,22.0,False
结城理,without_commerce,65.1361879274,17.0,False
维什戴尔,without_commerce,92.4998001279,2.0,True
维娜·维多利亚,without_commerce,62.0628407176,20.0,False
缄默德克萨斯,without_commerce,34.685746853,45.0,False
缇缇,without_commerce,33.613836852,46.0,False
缪尔赛思,without_commerce,40.7159936856,41.0,False
能天使,without_commerce,70.2621322354,11.0,False
艾雅法拉,without_commerce,27.1377318516,53.0,False
荒芜拉普兰德,without_commerce,65.1288036475,18.0,False
诗怀雅,without_commerce,29.5193076431,50.0,False
谬因,without_commerce,32.0887104768,48.0,False
贝洛内,without_commerce,42.2087917534,38.0,False
赤刃明霄陈,without_commerce,71.3806125483,9.0,True
逻各斯,without_commerce,65.2200591621,16.0,False
酒神,without_commerce,57.1347011597,29.0,False
重岳,without_commerce,56.2080979284,30.0,False
铃兰,without_commerce,31.3447393668,49.0,False
银灰,without_commerce,47.1101495043,34.0,False
锏,without_commerce,32.8112008315,47.0,False
阿米娅,without_commerce,76.1008954269,5.0,True
陈,without_commerce,18.0790294212,58.0,False
霍尔海雅,without_commerce,18.7365086345,57.0,False
黍,without_commerce,39.6332336324,43.0,False
Mon3tr,perturb_001,59.0158096489,27.0,False
W,perturb_001,60.390625,22.0,False
予愿安洁莉娜,perturb_001,72.8887941611,7.0,True
令,perturb_001,60.5253782887,21.0,False
伊芙利特,perturb_001,22.8769806957,56.0,False
余,perturb_001,25.7422229269,54.0,False
佩佩,perturb_001,41.7434898204,40.0,False
凛御银灰,perturb_001,77.6227962966,4.0,True
凯尔希,perturb_001,64.9080587682,18.0,False
凯尔希·思衡托,perturb_001,81.3233993854,3.0,True
史尔特尔,perturb_001,67.9731520767,14.0,False
司霆惊蛰,perturb_001,45.6125705372,35.0,False
塑心,perturb_001,42.6636246528,39.0,False
塞雷娅,perturb_001,75.3633555227,6.0,True
夕,perturb_001,22.9891131354,55.0,False
夜莺,perturb_001,15.009898052,60.0,False
娜斯提,perturb_001,39.8705936351,43.0,False
年,perturb_001,16.1284467961,59.0,False
幽灵鲨,perturb_001,47.381983809,34.0,False
归溟幽灵鲨,perturb_001,51.1203550043,32.0,False
德克萨斯,perturb_001,59.3017711306,26.0,False
怒潮凛冬,perturb_001,29.5715750052,51.0,False
拉普兰德,perturb_001,41.2099305044,41.0,False
斩业星熊,perturb_001,62.2458617416,19.0,False
斯卡蒂,perturb_001,43.9748966098,37.0,False
新约能天使,perturb_001,94.295426689,1.0,True
望,perturb_001,68.4054622417,13.0,False
棘刺,perturb_001,66.0497405959,16.0,False
死芒,perturb_001,59.7260463248,24.0,False
泥岩,perturb_001,58.6300588425,28.0,False
浊心斯卡蒂,perturb_001,71.0398475065,9.0,True
温蒂,perturb_001,44.5106145727,36.0,False
焰狐龙梓兰,perturb_001,71.8126792587,8.0,True
煌,perturb_001,28.4171545815,52.0,False
玛恩纳,perturb_001,69.145308343,12.0,False
真言,perturb_001,55.6514958982,31.0,False
纯烬艾雅法拉,perturb_001,57.6743845413,29.0,False
结城理,perturb_001,66.5625515073,15.0,False
维什戴尔,perturb_001,92.4234138369,2.0,True
维娜·维多利亚,perturb_001,59.5811047697,25.0,False
缄默德克萨斯,perturb_001,32.8334325274,48.0,False
缇缇,perturb_001,36.4209654015,45.0,False
缪尔赛思,perturb_001,40.1400386601,42.0,False
能天使,perturb_001,69.9837616868,11.0,False
艾雅法拉,perturb_001,27.3375920552,53.0,False
荒芜拉普兰德,perturb_001,61.9101983142,20.0,False
诗怀雅,perturb_001,29.7913724064,50.0,False
谬因,perturb_001,34.3372847653,46.0,False
贝洛内,perturb_001,43.3714988854,38.0,False
赤刃明霄陈,perturb_001,70.4888553446,10.0,True
逻各斯,perturb_001,65.3011183719,17.0,False
酒神,perturb_001,60.0673694597,23.0,False
重岳,perturb_001,55.8720235366,30.0,False
铃兰,perturb_001,31.5194428061,49.0,False
银灰,perturb_001,47.3957683871,33.0,False
锏,perturb_001,32.8543456778,47.0,False
阿米娅,perturb_001,76.0711586713,5.0,True
陈,perturb_001,17.8621900612,58.0,False
霍尔海雅,perturb_001,18.8939674106,57.0,False
黍,perturb_001,37.7643009591,44.0,False
Mon3tr,perturb_002,59.0116581005,25.0,False
W,perturb_002,60.390625,21.0,False
予愿安洁莉娜,perturb_002,73.0627342299,7.0,True
令,perturb_002,58.8924653546,26.0,False
伊芙利特,perturb_002,23.553212514,55.0,False
余,perturb_002,25.8516124121,54.0,False
佩佩,perturb_002,41.5523878391,40.0,False
凛御银灰,perturb_002,77.5681505881,4.0,True
凯尔希,perturb_002,66.0963630119,17.0,False
凯尔希·思衡托,perturb_002,81.1178787909,3.0,True
史尔特尔,perturb_002,66.454509387,15.0,False
司霆惊蛰,perturb_002,45.4761796432,34.0,False
塑心,perturb_002,42.5107256334,39.0,False
塞雷娅,perturb_002,75.5961833602,6.0,True
夕,perturb_002,21.9443819243,56.0,False
夜莺,perturb_002,15.6700788871,60.0,False
娜斯提,perturb_002,39.6395670524,43.0,False
年,perturb_002,15.7354634534,59.0,False
幽灵鲨,perturb_002,45.3097416469,35.0,False
归溟幽灵鲨,perturb_002,51.3179185819,32.0,False
德克萨斯,perturb_002,57.0844677652,29.0,False
怒潮凛冬,perturb_002,29.4569770159,51.0,False
拉普兰德,perturb_002,40.0229727007,42.0,False
斩业星熊,perturb_002,62.0641307094,19.0,False
斯卡蒂,perturb_002,43.0630377759,38.0,False
新约能天使,perturb_002,94.3688569704,1.0,True
望,perturb_002,68.2834819059,13.0,False
棘刺,perturb_002,67.5488244717,14.0,False
死芒,perturb_002,59.5739863323,24.0,False
泥岩,perturb_002,58.5235837776,27.0,False
浊心斯卡蒂,perturb_002,70.2860890851,10.0,True
温蒂,perturb_002,43.6936088998,36.0,False
焰狐龙梓兰,perturb_002,71.7846753761,8.0,True
煌,perturb_002,27.1228004644,53.0,False
玛恩纳,perturb_002,69.3972698028,11.0,False
真言,perturb_002,55.5241817489,31.0,False
纯烬艾雅法拉,perturb_002,57.9452921395,28.0,False
结城理,perturb_002,66.4272339138,16.0,False
维什戴尔,perturb_002,92.2195344613,2.0,True
维娜·维多利亚,perturb_002,59.8165444155,22.0,False
缄默德克萨斯,perturb_002,33.0091596144,47.0,False
缇缇,perturb_002,36.1546561061,45.0,False
缪尔赛思,perturb_002,40.0456049513,41.0,False
能天使,perturb_002,69.2407747862,12.0,False
艾雅法拉,perturb_002,27.8710303588,52.0,False
荒芜拉普兰德,perturb_002,61.8183161872,20.0,False
诗怀雅,perturb_002,30.517528806,50.0,False
谬因,perturb_002,34.1239649177,46.0,False
贝洛内,perturb_002,43.2611940983,37.0,False
赤刃明霄陈,perturb_002,70.5734554007,9.0,True
逻各斯,perturb_002,65.5174700346,18.0,False
酒神,perturb_002,59.7891503419,23.0,False
重岳,perturb_002,55.9039065562,30.0,False
铃兰,perturb_002,31.9857362685,49.0,False
银灰,perturb_002,48.1581015058,33.0,False
锏,perturb_002,32.969501738,48.0,False
阿米娅,perturb_002,75.9917895713,5.0,True
陈,perturb_002,17.2834334187,58.0,False
霍尔海雅,perturb_002,19.3142338815,57.0,False
黍,perturb_002,38.5998937597,44.0,False
Mon3tr,perturb_003,58.9322643072,25.0,False
W,perturb_003,60.390625,24.0,False
予愿安洁莉娜,perturb_003,76.3891466263,5.0,True
令,perturb_003,64.4748463396,17.0,False
伊芙利特,perturb_003,21.2414030077,56.0,False
余,perturb_003,27.9435659326,52.0,False
佩佩,perturb_003,37.8977727537,43.0,False
凛御银灰,perturb_003,76.5231115498,4.0,True
凯尔希,perturb_003,62.0339498386,22.0,False
凯尔希·思衡托,perturb_003,82.3807061295,3.0,True
史尔特尔,perturb_003,71.6462387786,11.0,False
司霆惊蛰,perturb_003,42.867853892,38.0,False
塑心,perturb_003,39.5867001528,42.0,False
塞雷娅,perturb_003,74.8002231681,7.0,True
夕,perturb_003,25.5159671112,55.0,False
夜莺,perturb_003,13.4131423023,60.0,False
娜斯提,perturb_003,35.2214379019,45.0,False
年,perturb_003,17.0789415374,59.0,False
幽灵鲨,perturb_003,52.3940417342,33.0,False
归溟幽灵鲨,perturb_003,55.0961045845,30.0,False
德克萨斯,perturb_003,64.6646833945,16.0,False
怒潮凛冬,perturb_003,27.265416584,53.0,False
拉普兰德,perturb_003,44.0807828475,37.0,False
斩业星熊,perturb_003,58.5887247113,27.0,False
斯卡蒂,perturb_003,46.1803769241,35.0,False
新约能天使,perturb_003,94.8440937921,1.0,True
望,perturb_003,65.9507422221,14.0,False
棘刺,perturb_003,62.4239600969,21.0,False
死芒,perturb_003,56.6660063164,28.0,False
泥岩,perturb_003,58.8875862699,26.0,False
浊心斯卡蒂,perturb_003,72.8629360135,8.0,True
温蒂,perturb_003,46.4866769425,34.0,False
焰狐龙梓兰,perturb_003,71.2491319408,12.0,False
煌,perturb_003,31.5477625428,47.0,False
玛恩纳,perturb_003,68.5358981812,13.0,False
真言,perturb_003,53.0894387532,32.0,False
纯烬艾雅法拉,perturb_003,63.1261018245,20.0,False
结城理,perturb_003,63.8394338546,19.0,False
维什戴尔,perturb_003,92.9165295831,2.0,True
维娜·维多利亚,perturb_003,64.3190685432,18.0,False
缄默德克萨斯,perturb_003,36.3697467671,44.0,False
缇缇,perturb_003,31.0617839035,48.0,False
缪尔赛思,perturb_003,41.4316209169,39.0,False
能天使,perturb_003,71.7807975023,10.0,True
艾雅法拉,perturb_003,26.0473839288,54.0,False
荒芜拉普兰德,perturb_003,62.0294056978,23.0,False
诗怀雅,perturb_003,28.0350439214,51.0,False
谬因,perturb_003,30.0444575892,50.0,False
贝洛内,perturb_003,41.1517364343,40.0,False
赤刃明霄陈,perturb_003,72.1913383704,9.0,True
逻各斯,perturb_003,64.7778363513,15.0,False
酒神,perturb_003,54.4685158923,31.0,False
重岳,perturb_003,56.5136342184,29.0,False
铃兰,perturb_003,30.3916355033,49.0,False
银灰,perturb_003,45.5519405664,36.0,False
锏,perturb_003,32.5758218378,46.0,False
阿米娅,perturb_003,76.2631258718,6.0,True
陈,perturb_003,19.262008031,57.0,False
霍尔海雅,perturb_003,17.8774839442,58.0,False
黍,perturb_003,40.1199545673,41.0,False
Mon3tr,perturb_004,59.0157923044,26.0,False
W,perturb_004,60.390625,21.0,False
予愿安洁莉娜,perturb_004,72.8895208512,7.0,True
令,perturb_004,59.8005989164,23.0,False
伊芙利特,perturb_004,23.1771307297,55.0,False
余,perturb_004,25.7426799364,54.0,False
佩佩,perturb_004,41.7426914309,40.0,False
凛御银灰,perturb_004,77.6225679967,4.0,True
凯尔希,perturb_004,65.4354955873,17.0,False
凯尔希·思衡托,perturb_004,79.8421279896,3.0,True
史尔特尔,perturb_004,67.2990923198,14.0,False
司霆惊蛰,perturb_004,45.6120007208,35.0,False
塑心,perturb_004,42.6629858683,39.0,False
塞雷娅,perturb_004,75.466697722,6.0,True
夕,perturb_004,22.525402171,56.0,False
夜莺,perturb_004,15.3029237494,60.0,False
娜斯提,perturb_004,39.8696284478,43.0,False
年,perturb_004,15.9540185002,59.0,False
幽灵鲨,perturb_004,46.4622052084,34.0,False
归溟幽灵鲨,perturb_004,51.1211803892,32.0,False
德克萨斯,perturb_004,58.3176061407,28.0,False
怒潮凛冬,perturb_004,29.5710962355,51.0,False
拉普兰德,perturb_004,40.6830913117,41.0,False
斩业星熊,perturb_004,62.2451025023,19.0,False
斯卡蒂,perturb_004,43.5701619424,37.0,False
新约能天使,perturb_004,94.5653381147,1.0,True
望,perturb_004,68.4049526299,13.0,False
棘刺,perturb_004,66.7151190418,15.0,False
死芒,perturb_004,59.7254110456,24.0,False
泥岩,perturb_004,58.5827991699,27.0,False
浊心斯卡蒂,perturb_004,70.705286769,9.0,True
温蒂,perturb_004,44.1479811178,36.0,False
焰狐龙梓兰,perturb_004,71.8125622635,8.0,True
煌,perturb_004,27.8426468139,52.0,False
玛恩纳,perturb_004,69.2571431291,12.0,False
真言,perturb_004,55.6509640027,31.0,False
纯烬艾雅法拉,perturb_004,57.6755163442,29.0,False
结城理,perturb_004,66.5619861749,16.0,False
维什戴尔,perturb_004,92.3329206068,2.0,True
维娜·维多利亚,perturb_004,59.5820883939,25.0,False
缄默德克萨斯,perturb_004,32.8341666834,48.0,False
缇缇,perturb_004,36.4198528094,45.0,False
缪尔赛思,perturb_004,40.0747914886,42.0,False
能天使,perturb_004,69.6539819611,11.0,False
艾雅法拉,perturb_004,27.5743622288,53.0,False
荒芜拉普兰德,perturb_004,61.3469145757,20.0,False
诗怀雅,perturb_004,30.1136818012,50.0,False
谬因,perturb_004,34.3363935536,46.0,False
贝洛内,perturb_004,43.371038052,38.0,False
赤刃明霄陈,perturb_004,70.4892087884,10.0,True
逻各斯,perturb_004,65.3971475104,18.0,False
酒神,perturb_004,60.0662071106,22.0,False
重岳,perturb_004,55.8721567381,30.0,False
铃兰,perturb_004,31.726410291,49.0,False
银灰,perturb_004,47.7341350616,33.0,False
锏,perturb_004,32.9054584685,47.0,False
阿米娅,perturb_004,76.0359301632,5.0,True
陈,perturb_004,17.6053050385,58.0,False
霍尔海雅,perturb_004,19.0805055062,57.0,False
黍,perturb_004,38.0502110596,44.0,False
Mon3tr,perturb_005,58.9756732724,24.0,False
W,perturb_005,60.390625,22.0,False
予愿安洁莉娜,perturb_005,74.5704135249,7.0,True
令,perturb_005,56.5722151017,28.0,False
伊芙利特,perturb_005,24.5140886359,55.0,False
余,perturb_005,26.7997795763,53.0,False
佩佩,perturb_005,39.8959523648,42.0,False
凛御银灰,perturb_005,77.0944920236,4.0,True
凯尔希,perturb_005,67.7848567242,14.0,False
凯尔希·思衡托,perturb_005,82.4131300754,3.0,True
史尔特尔,perturb_005,64.296628822,18.0,False
司霆惊蛰,perturb_005,44.2939694236,34.0,False
塑心,perturb_005,41.1854261366,40.0,False
塞雷娅,perturb_005,75.9270147459,5.0,True
夕,perturb_005,20.459895026,56.0,False
夜莺,perturb_005,16.6081477319,58.0,False
娜斯提,perturb_005,37.6370727585,44.0,False
年,perturb_005,15.1770627687,60.0,False
幽灵鲨,perturb_005,42.3652365848,36.0,False
归溟幽灵鲨,perturb_005,53.0303619383,32.0,False
德克萨斯,perturb_005,53.9338413071,31.0,False
怒潮凛冬,perturb_005,28.4636635318,52.0,False
拉普兰德,perturb_005,38.3363921817,43.0,False
斩业星熊,perturb_005,60.4889208314,21.0,False
斯卡蒂,perturb_005,41.7673528403,38.0,False
新约能天使,perturb_005,94.4567206238,1.0,True
望,perturb_005,67.2261796526,15.0,False
棘刺,perturb_005,69.6789133878,11.0,False
死芒,perturb_005,58.2559593597,26.0,False
泥岩,perturb_005,58.3722904715,25.0,False
浊心斯卡蒂,perturb_005,69.2150533115,12.0,False
温蒂,perturb_005,42.5327033919,35.0,False
焰狐龙梓兰,perturb_005,71.5419430709,8.0,True
煌,perturb_005,25.2836176124,54.0,False
玛恩纳,perturb_005,69.7552886712,10.0,True
真言,perturb_005,54.4206470196,30.0,False
纯烬艾雅法拉,perturb_005,60.2934674596,23.0,False
结城理,perturb_005,65.2543268584,17.0,False
维什戴尔,perturb_005,91.9298367299,2.0,True
维娜·维多利亚,perturb_005,61.8572902984,20.0,False
缄默德克萨斯,perturb_005,34.5323284418,45.0,False
缇缇,perturb_005,33.8463379973,46.0,False
缪尔赛思,perturb_005,40.3388896066,41.0,False
能天使,perturb_005,68.1850445583,13.0,False
艾雅法拉,perturb_005,28.6290073048,51.0,False
荒芜拉普兰德,perturb_005,62.1872847913,19.0,False
诗怀雅,perturb_005,31.5493441186,50.0,False
谬因,perturb_005,32.2749492215,49.0,False
贝洛内,perturb_005,42.3050932711,37.0,False
赤刃明霄陈,perturb_005,71.3067525282,9.0,True
逻各斯,perturb_005,65.824889977,16.0,False
酒神,perturb_005,57.3776001671,27.0,False
重岳,perturb_005,56.1802624804,29.0,False
铃兰,perturb_005,32.6483052894,48.0,False
银灰,perturb_005,49.2413212995,33.0,False
锏,perturb_005,33.1331301057,47.0,False
阿米娅,perturb_005,75.8790118656,6.0,True
陈,perturb_005,16.4610624167,59.0,False
霍尔海雅,perturb_005,19.9114019025,57.0,False
黍,perturb_005,41.2787687563,39.0,False
Mon3tr,perturb_006,58.9488222111,26.0,False
W,perturb_006,60.390625,24.0,False
予愿安洁莉娜,perturb_006,75.6954095644,6.0,True
令,perturb_006,61.9680113267,21.0,False
伊芙利特,perturb_006,22.2795487432,56.0,False
余,perturb_006,27.5072803744,53.0,False
佩佩,perturb_006,38.6599578437,43.0,False
凛御银灰,perturb_006,76.741058763,4.0,True
凯尔希,perturb_006,63.8582251087,18.0,False
凯尔希·思衡托,perturb_006,79.8037167573,3.0,True
史尔特尔,perturb_006,69.3148305406,12.0,False
司霆惊蛰,perturb_006,43.4118310144,37.0,False
塑心,perturb_006,40.1965177593,42.0,False
塞雷娅,perturb_006,75.1576586215,7.0,True
夕,perturb_006,23.9121040245,55.0,False
夜莺,perturb_006,14.4266466955,60.0,False
娜斯提,perturb_006,36.1428570078,44.0,False
年,perturb_006,16.4756366198,59.0,False
幽灵鲨,perturb_006,49.2127519677,33.0,False
归溟幽灵鲨,perturb_006,54.3081482686,31.0,False
德克萨斯,perturb_006,61.2606968169,22.0,False
怒潮凛冬,perturb_006,27.7224755755,52.0,False
拉普兰德,perturb_006,42.2585746216,38.0,False
斩业星熊,perturb_006,59.313535005,25.0,False
斯卡蒂,perturb_006,44.7804984592,36.0,False
新约能天使,perturb_006,95.1211327131,1.0,True
望,perturb_006,66.4372447304,14.0,False
棘刺,perturb_006,64.7253417986,16.0,False
死芒,perturb_006,57.2724775749,28.0,False
泥岩,perturb_006,58.724126593,27.0,False
浊心斯卡蒂,perturb_006,71.7057720506,9.0,True
温蒂,perturb_006,45.2324162997,35.0,False
焰狐龙梓兰,perturb_006,71.360821739,10.0,True
煌,perturb_006,29.5606803464,50.0,False
玛恩纳,perturb_006,68.9227074201,13.0,False
真言,perturb_006,53.5972144741,32.0,False
纯烬艾雅法拉,perturb_006,62.045622539,20.0,False
结城理,perturb_006,64.379130259,17.0,False
维什戴尔,perturb_006,92.6035355793,2.0,True
维娜·维多利亚,perturb_006,63.3800485158,19.0,False
缄默德克萨斯,perturb_006,35.6688824184,45.0,False
缇缇,perturb_006,32.1239234634,47.0,False
缪尔赛思,perturb_006,41.0615590261,40.0,False
能天使,perturb_006,70.6401698928,11.0,False
艾雅法拉,perturb_006,26.8663141906,54.0,False
荒芜拉普兰德,perturb_006,61.1229132113,23.0,False
诗怀雅,perturb_006,29.1498334788,51.0,False
谬因,perturb_006,30.8952557137,49.0,False
贝洛内,perturb_006,41.591672554,39.0,False
赤刃明霄陈,perturb_006,71.8539221862,8.0,True
逻各斯,perturb_006,65.1099777116,15.0,False
酒神,perturb_006,55.5781562108,30.0,False
重岳,perturb_006,56.3864729929,29.0,False
铃兰,perturb_006,31.1074855363,48.0,False
银灰,perturb_006,46.7222683369,34.0,False
锏,perturb_006,32.7526085101,46.0,False
阿米娅,perturb_006,76.1412790577,5.0,True
陈,perturb_006,18.3735054141,58.0,False
霍尔海雅,perturb_006,18.5226737041,57.0,False
黍,perturb_006,40.442086268,41.0,False
Mon3tr,perturb_007,58.9263559775,25.0,False
W,perturb_007,60.390625,23.0,False
予愿安洁莉娜,perturb_007,76.6366916829,4.0,True
令,perturb_007,61.0073258955,22.0,False
伊芙利特,perturb_007,22.6773936266,56.0,False
余,perturb_007,28.0992449918,52.0,False
佩佩,perturb_007,37.6258034997,43.0,False
凛御银灰,perturb_007,76.4453418036,5.0,True
凯尔希,perturb_007,64.5573356069,18.0,False
凯尔希·思衡托,perturb_007,82.8525304044,3.0,True
史尔特尔,perturb_007,68.4213732859,13.0,False
司霆惊蛰,perturb_007,42.6737474288,37.0,False
塑心,perturb_007,39.3690999377,42.0,False
塞雷娅,perturb_007,75.2946373341,7.0,True
夕,perturb_007,23.2974613004,55.0,False
夜莺,perturb_007,14.8150483653,60.0,False
娜斯提,perturb_007,34.8926494355,45.0,False
年,perturb_007,16.2444342304,59.0,False
幽灵鲨,perturb_007,47.9935976494,33.0,False
归溟幽灵鲨,perturb_007,55.3772697427,30.0,False
德克萨斯,perturb_007,59.9561991947,24.0,False
怒潮凛冬,perturb_007,27.1023249747,54.0,False
拉普兰德,perturb_007,41.5602562694,39.0,False
斩业星熊,perturb_007,58.3300918444,27.0,False
斯卡蒂,perturb_007,44.2440280334,36.0,False
新约能天使,perturb_007,94.8211441574,1.0,True
望,perturb_007,65.777144331,14.0,False
棘刺,perturb_007,65.607292091,15.0,False
死芒,perturb_007,56.4496001732,29.0,False
泥岩,perturb_007,58.6614845246,26.0,False
浊心斯卡蒂,perturb_007,71.2623162369,9.0,True
温蒂,perturb_007,44.7517504719,35.0,False
焰狐龙梓兰,perturb_007,71.2092778535,10.0,True
煌,perturb_007,28.7991779313,51.0,False
玛恩纳,perturb_007,69.0709429436,12.0,False
真言,perturb_007,52.9082499766,32.0,False
纯烬艾雅法拉,perturb_007,63.5116474735,20.0,False
结城理,perturb_007,63.6468548729,19.0,False
维什戴尔,perturb_007,92.4835880048,2.0,True
维娜·维多利亚,perturb_007,64.6541375175,17.0,False
缄默德克萨斯,perturb_007,36.6198350417,44.0,False
缇缇,perturb_007,30.6827823886,48.0,False
缪尔赛思,perturb_007,41.286113886,40.0,False
能天使,perturb_007,70.2030512467,11.0,False
艾雅法拉,perturb_007,27.1801499109,53.0,False
荒芜拉普兰德,perturb_007,62.1847793896,21.0,False
诗怀雅,perturb_007,29.5770503005,50.0,False
谬因,perturb_007,29.7408686916,49.0,False
贝洛内,perturb_007,40.9947547512,41.0,False
赤刃明霄陈,perturb_007,72.3117380333,8.0,True
逻各斯,perturb_007,65.2372630592,16.0,False
酒神,perturb_007,54.0725647598,31.0,False
重岳,perturb_007,56.5590089497,28.0,False
铃兰,perturb_007,31.3818181885,47.0,False
银灰,perturb_007,47.1707688697,34.0,False
锏,perturb_007,32.8203578353,46.0,False
阿米娅,perturb_007,76.0945841381,6.0,True
陈,perturb_007,18.0330077287,58.0,False
霍尔海雅,perturb_007,18.7699274721,57.0,False
黍,perturb_007,42.0397542664,38.0,False
Mon3tr,perturb_008,58.9646183651,24.0,False
W,perturb_008,60.390625,22.0,False
予愿安洁莉娜,perturb_008,75.0335880257,7.0,True
令,perturb_008,57.1264988638,27.0,False
伊芙利特,perturb_008,24.284545279,55.0,False
余,perturb_008,27.0910662275,53.0,False
佩佩,perturb_008,39.3870784443,42.0,False
凛御银灰,perturb_008,76.9489792678,4.0,True
凯尔希,perturb_008,67.3814930585,14.0,False
凯尔希·思衡托,perturb_008,83.1869886256,3.0,True
史尔特尔,perturb_008,64.8121241468,18.0,False
司霆惊蛰,perturb_008,43.9307823519,34.0,False
塑心,perturb_008,40.7782805753,40.0,False
塞雷娅,perturb_008,75.8479825532,6.0,True
夕,perturb_008,20.814523576,56.0,False
夜莺,perturb_008,16.3840527974,59.0,False
娜斯提,perturb_008,37.0218860289,44.0,False
年,perturb_008,15.3104589107,60.0,False
幽灵鲨,perturb_008,43.0686483575,35.0,False
归溟幽灵鲨,perturb_008,53.5564420531,32.0,False
德克萨斯,perturb_008,54.6864933471,30.0,False
怒潮凛冬,perturb_008,28.1585074694,52.0,False
拉普兰德,perturb_008,38.7392988053,43.0,False
斩业星熊,perturb_008,60.0050002448,23.0,False
斯卡蒂,perturb_008,42.0768785562,37.0,False
新约能天使,perturb_008,94.424723473,1.0,True
望,perturb_008,66.9013655858,15.0,False
棘刺,perturb_008,69.1700572001,12.0,False
死芒,perturb_008,57.8510479923,26.0,False
泥岩,perturb_008,58.4084328759,25.0,False
浊心斯卡蒂,perturb_008,69.4709126686,11.0,False
温蒂,perturb_008,42.810031698,36.0,False
焰狐龙梓兰,perturb_008,71.467373224,9.0,True
煌,perturb_008,25.7229793533,54.0,False
玛恩纳,perturb_008,69.6697616704,10.0,True
真言,perturb_008,54.0816298633,31.0,False
纯烬艾雅法拉,perturb_008,61.0148509362,21.0,False
结城理,perturb_008,64.8939978139,17.0,False
维什戴尔,perturb_008,91.9990425184,2.0,True
维娜·维多利亚,perturb_008,62.4842283074,19.0,False
缄默德克萨斯,perturb_008,35.0002614853,45.0,False
缇缇,perturb_008,33.1371990636,46.0,False
缪尔赛思,perturb_008,40.5290610774,41.0,False
能天使,perturb_008,68.437247579,13.0,False
艾雅法拉,perturb_008,28.4479344603,51.0,False
荒芜拉普兰德,perturb_008,62.4399663289,20.0,False
诗怀雅,perturb_008,31.3028541236,50.0,False
谬因,perturb_008,31.7069126869,49.0,False
贝洛内,perturb_008,42.0113693176,38.0,False
赤刃明霄陈,perturb_008,71.5320289063,8.0,True
逻各斯,perturb_008,65.7514505357,16.0,False
酒神,perturb_008,56.6367472869,28.0,False
重岳,perturb_008,56.265161847,29.0,False
铃兰,perturb_008,32.4900244104,48.0,False
银灰,perturb_008,48.9825513062,33.0,False
锏,perturb_008,33.0940409828,47.0,False
阿米娅,perturb_008,75.9059532919,5.0,True
陈,perturb_008,16.6575183344,58.0,False
霍尔海雅,perturb_008,19.7687446452,57.0,False
黍,perturb_008,41.6373852107,39.0,False
Mon3tr,perturb_009,59.0406625041,26.0,False
W,perturb_009,60.390625,25.0,False
予愿安洁莉娜,perturb_009,71.8475182322,8.0,True
令,perturb_009,62.2414041049,20.0,False
伊芙利特,perturb_009,22.166329666,56.0,False
余,perturb_009,25.087373021,54.0,False
佩佩,perturb_009,42.8875039305,40.0,False
凛御银灰,perturb_009,77.9499277119,4.0,True
凯尔希,perturb_009,63.659271575,18.0,False
凯尔希·思衡托,perturb_009,81.3094301825,3.0,True
史尔特尔,perturb_009,69.56909146,12.0,False
司霆惊蛰,perturb_009,46.4290618485,35.0,False
塑心,perturb_009,43.5789403098,39.0,False
塞雷娅,perturb_009,75.1186770886,6.0,True
夕,perturb_009,24.0870196383,55.0,False
夜莺,perturb_009,14.3161149771,60.0,False
娜斯提,perturb_009,41.2536126317,42.0,False
年,perturb_009,16.5414324168,59.0,False
幽灵鲨,perturb_009,49.5597000688,33.0,False
归溟幽灵鲨,perturb_009,49.9376591536,32.0,False
德克萨斯,perturb_009,61.6319319969,23.0,False
怒潮凛冬,perturb_009,30.2576051338,50.0,False
拉普兰德,perturb_009,42.4573027256,41.0,False
斩业星熊,perturb_009,63.3337775432,19.0,False
斯卡蒂,perturb_009,44.9331677257,37.0,False
新约能天使,perturb_009,94.0797647087,1.0,True
望,perturb_009,69.1356860959,13.0,False
棘刺,perturb_009,64.4743555415,17.0,False
死芒,perturb_009,60.6363392263,24.0,False
泥岩,perturb_009,58.7419533327,27.0,False
浊心斯卡蒂,perturb_009,71.8319711299,9.0,True
温蒂,perturb_009,45.3692046404,36.0,False
焰狐龙梓兰,perturb_009,71.9803218783,7.0,True
煌,perturb_009,29.7773894315,51.0,False
玛恩纳,perturb_009,68.8805224132,14.0,False
真言,perturb_009,56.4136501268,29.0,False
纯烬艾雅法拉,perturb_009,56.0526215805,30.0,False
结城理,perturb_009,67.3726176053,15.0,False
维什戴尔,perturb_009,92.6376703747,2.0,True
维娜·维多利亚,perturb_009,58.1716673836,28.0,False
缄默德克萨斯,perturb_009,31.7814587816,48.0,False
缇缇,perturb_009,38.0152010527,44.0,False
缪尔赛思,perturb_009,40.028350792,43.0,False
能天使,perturb_009,70.7645655349,10.0,True
艾雅法拉,perturb_009,26.7770025214,53.0,False
荒芜拉普兰德,perturb_009,61.9881439865,21.0,False
诗怀雅,perturb_009,29.0282557074,52.0,False
谬因,perturb_009,35.6143040511,46.0,False
贝洛内,perturb_009,44.0318281611,38.0,False
赤刃明霄陈,perturb_009,69.9824050338,11.0,False
逻各斯,perturb_009,65.0737547257,16.0,False
酒神,perturb_009,61.7329021472,22.0,False
重岳,perturb_009,55.6811588265,31.0,False
铃兰,perturb_009,31.029415688,49.0,False
银灰,perturb_009,46.5946336266,34.0,False
锏,perturb_009,32.7333283424,47.0,False
阿米娅,perturb_009,76.1545675425,5.0,True
陈,perturb_009,18.4704045709,57.0,False
霍尔海雅,perturb_009,18.4523099905,58.0,False
黍,perturb_009,35.9410847988,45.0,False
Mon3tr,perturb_010,58.9369686529,25.0,False
W,perturb_010,60.390625,24.0,False
予愿安洁莉娜,perturb_010,76.192045654,5.0,True
令,perturb_010,62.9330903483,20.0,False
伊芙利特,perturb_010,21.8798843594,56.0,False
余,perturb_010,27.8196107449,52.0,False
佩佩,perturb_010,38.1143208244,43.0,False
凛御银灰,perturb_010,76.5850335805,4.0,True
凯尔希,perturb_010,63.1559173047,19.0,False
凯尔希·思衡托,perturb_010,82.9792036376,3.0,True
史尔特尔,perturb_010,70.2123739249,12.0,False
司霆惊蛰,perturb_010,43.0224058478,37.0,False
塑心,perturb_010,39.7599583652,42.0,False
塞雷娅,perturb_010,75.0200534517,7.0,True
夕,perturb_010,24.5295577503,55.0,False
夜莺,perturb_010,14.0364687128,60.0,False
娜斯提,perturb_010,35.4832267145,45.0,False
年,perturb_010,16.7078963883,59.0,False
幽灵鲨,perturb_010,50.4374819558,33.0,False
归溟幽灵鲨,perturb_010,54.8722345269,30.0,False
德克萨斯,perturb_010,62.571160417,22.0,False
怒潮凛冬,perturb_010,27.3952738117,53.0,False
拉普兰德,perturb_010,42.9600866568,38.0,False
斩业星熊,perturb_010,58.7946540489,26.0,False
斯卡蒂,perturb_010,45.3194223742,36.0,False
新约能天使,perturb_010,94.7069972733,1.0,True
望,perturb_010,66.088964789,14.0,False
棘刺,perturb_010,63.8393580024,18.0,False
死芒,perturb_010,56.8383137818,28.0,False
泥岩,perturb_010,58.787055148,27.0,False
浊心斯卡蒂,perturb_010,72.1512559614,8.0,True
温蒂,perturb_010,45.7152804004,35.0,False
焰狐龙梓兰,perturb_010,71.2808646664,10.0,True
煌,perturb_010,30.3256654101,49.0,False
玛恩纳,perturb_010,68.7737939575,13.0,False
真言,perturb_010,53.2337053548,32.0,False
纯烬艾雅法拉,perturb_010,62.8191216595,21.0,False
结城理,perturb_010,63.992769595,17.0,False
维什戴尔,perturb_010,92.724031721,2.0,True
维娜·维多利亚,perturb_010,64.0522790482,16.0,False
缄默德克萨斯,perturb_010,36.170620827,44.0,False
缇缇,perturb_010,31.3635534809,47.0,False
缪尔赛思,perturb_010,41.2722217082,40.0,False
能天使,perturb_010,71.0792876536,11.0,False
艾雅法拉,perturb_010,26.5510431769,54.0,False
荒芜拉普兰德,perturb_010,62.2676956219,23.0,False
诗怀雅,perturb_010,28.7206628274,51.0,False
谬因,perturb_010,30.2861819352,50.0,False
贝洛内,perturb_010,41.2767288006,39.0,False
赤刃明霄陈,perturb_010,72.0954734359,9.0,True
逻各斯,perturb_010,64.9821102383,15.0,False
酒神,perturb_010,54.7837811386,31.0,False
重岳,perturb_010,56.4775058312,29.0,False
铃兰,perturb_010,30.8318982536,48.0,False
银灰,perturb_010,46.2717166357,34.0,False
锏,perturb_010,32.6845493407,46.0,False
阿米娅,perturb_010,76.1881875313,6.0,True
陈,perturb_010,18.7155603287,57.0,False
霍尔海雅,perturb_010,18.2742891478,58.0,False
黍,perturb_010,40.6114064738,41.0,False
Mon3tr,perturb_011,58.966602758,25.0,False
W,perturb_011,60.390625,22.0,False
予愿安洁莉娜,perturb_011,74.9504466491,7.0,True
令,perturb_011,59.6896061032,24.0,False
伊芙利特,perturb_011,23.2230957474,55.0,False
余,perturb_011,27.0387792965,54.0,False
佩佩,perturb_011,39.47842302,43.0,False
凛御银灰,perturb_011,76.9750992956,4.0,True
凯尔希,perturb_011,65.5162673346,16.0,False
凯尔希·思衡托,perturb_011,83.1379634153,3.0,True
史尔特尔,perturb_011,67.1958667155,13.0,False
司霆惊蛰,perturb_011,43.9959756495,36.0,False
塑心,perturb_011,40.8513645693,39.0,False
塞雷娅,perturb_011,75.4825235607,6.0,True
夕,perturb_011,22.4543894099,56.0,False
夜莺,perturb_011,15.3477977451,60.0,False
娜斯提,perturb_011,37.1323141105,44.0,False
年,perturb_011,15.9273065269,59.0,False
幽灵鲨,perturb_011,46.3213501864,34.0,False
归溟幽灵鲨,perturb_011,53.4620089077,32.0,False
德克萨斯,perturb_011,58.1668909781,27.0,False
怒潮凛冬,perturb_011,28.2132840063,51.0,False
拉普兰德,perturb_011,40.602411085,41.0,False
斩业星熊,perturb_011,60.0918656134,23.0,False
斯卡蒂,perturb_011,43.5081808195,37.0,False
新约能天使,perturb_011,94.4150081141,1.0,True
望,perturb_011,66.9596708004,14.0,False
棘刺,perturb_011,66.817015189,15.0,False
死芒,perturb_011,57.9237309411,28.0,False
泥岩,perturb_011,58.5755618171,26.0,False
浊心斯卡蒂,perturb_011,70.6540520914,10.0,True
温蒂,perturb_011,44.0924473805,35.0,False
焰狐龙梓兰,perturb_011,71.4807587616,9.0,True
煌,perturb_011,27.754666615,52.0,False
玛恩纳,perturb_011,69.2742695237,12.0,False
真言,perturb_011,54.1424845801,31.0,False
纯烬艾雅法拉,perturb_011,60.8853601822,21.0,False
结城理,perturb_011,64.9586780861,18.0,False
维什戴尔,perturb_011,92.3190624611,2.0,True
维娜·维多利亚,perturb_011,62.3716908317,20.0,False
缄默德克萨斯,perturb_011,34.9162659343,45.0,False
缇缇,perturb_011,33.264491881,46.0,False
缪尔赛思,perturb_011,40.6780273413,40.0,False
能天使,perturb_011,69.6034794484,11.0,False
艾雅法拉,perturb_011,27.6106212459,53.0,False
荒芜拉普兰德,perturb_011,62.4284389015,19.0,False
诗怀雅,perturb_011,30.1630403064,50.0,False
谬因,perturb_011,31.8088771504,48.0,False
贝洛内,perturb_011,42.0640937525,38.0,False
赤刃明霄陈,perturb_011,71.4915910407,8.0,True
逻各斯,perturb_011,65.4118534259,17.0,False
酒神,perturb_011,56.7697328641,29.0,False
重岳,perturb_011,56.2499221259,30.0,False
铃兰,perturb_011,31.7581053202,49.0,False
银灰,perturb_011,47.7859525809,33.0,False
锏,perturb_011,32.9132858883,47.0,False
阿米娅,perturb_011,76.0305352646,5.0,True
陈,perturb_011,17.5659656307,58.0,False
霍尔海雅,perturb_011,19.1090719759,57.0,False
黍,perturb_011,40.5129748728,42.0,False
Mon3tr,perturb_012,58.8941527174,25.0,False
W,perturb_012,60.390625,24.0,False
予愿安洁莉娜,perturb_012,77.9859322117,4.0,True
令,perturb_012,63.7003052862,18.0,False
伊芙利特,perturb_012,21.5621606513,56.0,False
余,perturb_012,28.9477713132,49.0,False
佩佩,perturb_012,36.1434392578,44.0,False
凛御银灰,perturb_012,76.0214589963,6.0,True
凯尔希,perturb_012,62.5975992539,21.0,False
凯尔希·思衡托,perturb_012,81.5331553163,3.0,True
史尔特尔,perturb_012,70.9258996326,12.0,False
司霆惊蛰,perturb_012,41.615773132,40.0,False
塑心,perturb_012,38.1830733074,42.0,False
塞雷娅,perturb_012,74.9106606046,7.0,True
夕,perturb_012,25.020418821,55.0,False
夜莺,perturb_012,13.7262864686,60.0,False
娜斯提,perturb_012,33.1005929492,45.0,False
年,perturb_012,16.8925373967,59.0,False
幽灵鲨,perturb_012,51.411113255,33.0,False
归溟幽灵鲨,perturb_012,56.9097561191,28.0,False
德克萨斯,perturb_012,63.612947905,19.0,False
怒潮凛冬,perturb_012,26.2133966629,54.0,False
拉普兰德,perturb_012,43.5177720903,37.0,False
斩业星熊,perturb_012,56.920417376,27.0,False
斯卡蒂,perturb_012,45.7478541074,36.0,False
新约能天使,perturb_012,95.2999196946,1.0,True
望,perturb_012,64.8309516918,17.0,False
棘刺,perturb_012,63.1350218933,20.0,False
死芒,perturb_012,55.2700818133,30.0,False
泥岩,perturb_012,58.8370818571,26.0,False
浊心斯卡蒂,perturb_012,72.5054051069,9.0,True
温蒂,perturb_012,46.0991459106,34.0,False
焰狐龙梓兰,perturb_012,70.9920537628,11.0,False
煌,perturb_012,30.9338103961,47.0,False
玛恩纳,perturb_012,68.6554112859,13.0,False
真言,perturb_012,51.9206833326,31.0,False
纯烬艾雅法拉,perturb_012,65.6130581123,15.0,False
结城理,perturb_012,62.5972060909,22.0,False
维什戴尔,perturb_012,92.8198232964,2.0,True
维娜·维多利亚,perturb_012,66.4804258158,14.0,False
缄默德克萨斯,perturb_012,37.9829373412,43.0,False
缇缇,perturb_012,28.6170404527,50.0,False
缪尔赛思,perturb_012,41.8517737394,39.0,False
能天使,perturb_012,71.4283758608,10.0,True
艾雅法拉,perturb_012,26.3004101967,53.0,False
荒芜拉普兰德,perturb_012,61.5921113829,23.0,False
诗怀雅,perturb_012,28.3794823362,51.0,False
谬因,perturb_012,28.086162068,52.0,False
贝洛内,perturb_012,40.1391284985,41.0,False
赤刃明霄陈,perturb_012,72.9679745469,8.0,True
逻各斯,perturb_012,64.8804586291,16.0,False
酒神,perturb_012,51.9144391931,32.0,False
重岳,perturb_012,56.8063232257,29.0,False
铃兰,perturb_012,30.6128128986,48.0,False
银灰,perturb_012,45.9135387169,35.0,False
锏,perturb_012,32.6304439149,46.0,False
阿米娅,perturb_012,76.2254786556,5.0,True
陈,perturb_012,18.9874858749,57.0,False
霍尔海雅,perturb_012,18.0768293154,58.0,False
黍,perturb_012,42.5208200396,38.0,False
Mon3tr,perturb_013,58.9876068107,24.0,False
W,perturb_013,60.390625,22.0,False
予愿安洁莉娜,perturb_013,74.0704264571,7.0,True
令,perturb_013,56.2129213317,28.0,False
伊芙利特,perturb_013,24.6628815533,55.0,False
余,perturb_013,26.4853418031,53.0,False
佩佩,perturb_013,40.4452709889,41.0,False
凛御银灰,perturb_013,77.2515699629,4.0,True
凯尔希,perturb_013,68.046322172,13.0,False
凯尔希·思衡托,perturb_013,83.7676834059,3.0,True
史尔特尔,perturb_013,63.9624782093,18.0,False
司霆惊蛰,perturb_013,44.6860221786,34.0,False
塑心,perturb_013,41.6249311504,38.0,False
塞雷娅,perturb_013,75.9782444164,5.0,True
夕,perturb_013,20.2300202987,56.0,False
夜莺,perturb_013,16.7534089128,58.0,False
娜斯提,perturb_013,38.3011538093,43.0,False
年,perturb_013,15.0905936962,60.0,False
幽灵鲨,perturb_013,41.9092761455,37.0,False
归溟幽灵鲨,perturb_013,52.4624695918,32.0,False
德克萨斯,perturb_013,53.4459627014,31.0,False
怒潮凛冬,perturb_013,28.7930730408,51.0,False
拉普兰德,perturb_013,38.0752229943,44.0,False
斩业星熊,perturb_013,61.0113028597,21.0,False
斯卡蒂,perturb_013,41.5667143424,39.0,False
新约能天使,perturb_013,94.1143043883,1.0,True
望,perturb_013,67.5768095613,15.0,False
棘刺,perturb_013,70.0087604274,10.0,True
死芒,perturb_013,58.6930526086,25.0,False
泥岩,perturb_013,58.3488625063,26.0,False
浊心斯卡蒂,perturb_013,69.0492020286,12.0,False
温蒂,perturb_013,42.3529356638,36.0,False
焰狐龙梓兰,perturb_013,71.622439642,8.0,True
煌,perturb_013,24.9988177552,54.0,False
玛恩纳,perturb_013,69.8107283587,11.0,False
真言,perturb_013,54.7866088627,30.0,False
纯烬艾雅法拉,perturb_013,59.5147492687,23.0,False
结城理,perturb_013,65.6432944336,17.0,False
维什戴尔,perturb_013,91.8849766593,2.0,True
维娜·维多利亚,perturb_013,61.1805239904,20.0,False
缄默德克萨斯,perturb_013,34.0272046278,46.0,False
缇缇,perturb_013,34.6118384633,45.0,False
缪尔赛思,perturb_013,40.1487570429,42.0,False
能天使,perturb_013,68.0215633591,14.0,False
艾雅法拉,perturb_013,28.746381021,52.0,False
荒芜拉普兰德,perturb_013,62.7388559328,19.0,False
诗怀雅,perturb_013,31.709122062,50.0,False
谬因,perturb_013,32.8881326348,48.0,False
贝洛内,perturb_013,42.6221620607,35.0,False
赤刃明霄陈,perturb_013,71.0635714473,9.0,True
逻各斯,perturb_013,65.872494355,16.0,False
酒神,perturb_013,58.177335167,27.0,False
重岳,perturb_013,56.0886154115,29.0,False
铃兰,perturb_013,32.7509049642,49.0,False
银灰,perturb_013,49.4090592937,33.0,False
锏,perturb_013,33.1584681712,47.0,False
阿米娅,perturb_013,75.8615480912,6.0,True
陈,perturb_013,16.3337171972,59.0,False
霍尔海雅,perturb_013,20.0038741474,57.0,False
黍,perturb_013,40.8036031044,40.0,False
Mon3tr,perturb_014,58.9365348473,25.0,False
W,perturb_014,60.390625,24.0,False
予愿安洁莉娜,perturb_014,76.2102210837,5.0,True
令,perturb_014,62.9591877627,20.0,False
伊芙利特,perturb_014,21.8690767397,56.0,False
余,perturb_014,27.8310411238,52.0,False
佩佩,perturb_014,38.0943521039,43.0,False
凛御银灰,perturb_014,76.5793235147,4.0,True
凯尔希,perturb_014,63.1369256809,19.0,False
凯尔希·思衡托,perturb_014,81.2619414023,3.0,True
史尔特尔,perturb_014,70.2366450583,12.0,False
司霆惊蛰,perturb_014,43.0081540246,37.0,False
塑心,perturb_014,39.743981567,42.0,False
塞雷娅,perturb_014,75.0163323687,7.0,True
夕,perturb_014,24.5462547723,55.0,False
夜莺,perturb_014,14.0259176219,60.0,False
娜斯提,perturb_014,35.4590861732,45.0,False
年,perturb_014,16.7141770962,59.0,False
幽灵鲨,perturb_014,50.4706007836,33.0,False
归溟幽灵鲨,perturb_014,54.8928784357,30.0,False
德克萨斯,perturb_014,62.6065976308,22.0,False
怒潮凛冬,perturb_014,27.3832991833,53.0,False
拉普兰德,perturb_014,42.9790567617,38.0,False
斩业星熊,perturb_014,58.7756645221,27.0,False
斯卡蒂,perturb_014,45.3339958137,36.0,False
新约能天使,perturb_014,94.9862666132,1.0,True
望,perturb_014,66.0762187608,14.0,False
棘刺,perturb_014,63.8153994605,18.0,False
死芒,perturb_014,56.8224246556,28.0,False
泥岩,perturb_014,58.7887568455,26.0,False
浊心斯卡蒂,perturb_014,72.1633026207,8.0,True
温蒂,perturb_014,45.7283378851,35.0,False
焰狐龙梓兰,perturb_014,71.2779384711,10.0,True
煌,perturb_014,30.346351936,49.0,False
玛恩纳,perturb_014,68.7697670786,13.0,False
真言,perturb_014,53.2204019832,32.0,False
纯烬艾雅法拉,perturb_014,62.8474294671,21.0,False
结城理,perturb_014,63.9786299237,17.0,False
维什戴尔,perturb_014,92.7272901462,2.0,True
维娜·维多利亚,perturb_014,64.0768807214,16.0,False
缄默德克萨斯,perturb_014,36.1889829867,44.0,False
缇缇,perturb_014,31.3357261614,47.0,False
缪尔赛思,perturb_014,41.2792426215,39.0,False
能天使,perturb_014,71.0911621611,11.0,False
艾雅法拉,perturb_014,26.5425177006,54.0,False
荒芜拉普兰德,perturb_014,61.6275082925,23.0,False
诗怀雅,perturb_014,28.709057307,51.0,False
谬因,perturb_014,30.2638916146,50.0,False
贝洛内,perturb_014,41.2652027795,40.0,False
赤刃明霄陈,perturb_014,72.1043135059,9.0,True
逻各斯,perturb_014,64.9786524796,15.0,False
酒神,perturb_014,54.7547093322,31.0,False
重岳,perturb_014,56.4808373671,29.0,False
铃兰,perturb_014,30.8244458944,48.0,False
银灰,perturb_014,46.2595329345,34.0,False
锏,perturb_014,32.6827089025,46.0,False
阿米娅,perturb_014,76.189456018,6.0,True
陈,perturb_014,18.7248100882,57.0,False
霍尔海雅,perturb_014,18.2675723977,58.0,False
黍,perturb_014,40.6216637429,41.0,False
Mon3tr,perturb_015,58.9015626296,25.0,False
W,perturb_015,60.390625,24.0,False
予愿安洁莉娜,perturb_015,77.675474391,4.0,True
令,perturb_015,61.7484513617,22.0,False
伊芙利特,perturb_015,22.3704742489,56.0,False
余,perturb_015,28.7525269318,51.0,False
佩佩,perturb_015,36.4845286055,44.0,False
凛御银灰,perturb_015,76.1189936684,6.0,True
凯尔希,perturb_015,64.0180033999,19.0,False
凯尔希·思衡托,perturb_015,83.2946783805,3.0,True
史尔特尔,perturb_015,69.1106352471,12.0,False
司霆惊蛰,perturb_015,41.8592111162,39.0,False
塑心,perturb_015,38.4559759033,42.0,False
塞雷娅,perturb_015,75.1889644375,7.0,True
夕,perturb_015,23.7716304307,55.0,False
夜莺,perturb_015,14.5154140008,60.0,False
娜斯提,perturb_015,33.5129419258,45.0,False
年,perturb_015,16.4227964425,59.0,False
幽灵鲨,perturb_015,48.9341202005,33.0,False
归溟幽灵鲨,perturb_015,56.5571337583,29.0,False
德克萨斯,perturb_015,60.9625602542,23.0,False
怒潮凛冬,perturb_015,26.4179374697,54.0,False
拉普兰德,perturb_015,42.0989773715,38.0,False
斩业星熊,perturb_015,57.2447809376,27.0,False
斯卡蒂,perturb_015,44.6578907626,36.0,False
新约能天使,perturb_015,94.9719150061,1.0,True
望,perturb_015,65.0486689175,17.0,False
棘刺,perturb_015,64.926907232,18.0,False
死芒,perturb_015,55.5414868679,30.0,False
泥岩,perturb_015,58.7098100541,26.0,False
浊心斯卡蒂,perturb_015,71.6044223894,9.0,True
温蒂,perturb_015,45.1225624715,35.0,False
焰狐龙梓兰,perturb_015,71.0420366357,10.0,True
煌,perturb_015,29.3866426873,48.0,False
玛恩纳,perturb_015,68.9565859253,13.0,False
真言,perturb_015,52.1479206424,32.0,False
纯烬艾雅法拉,perturb_015,65.1295273013,16.0,False
结城理,perturb_015,62.8387283891,20.0,False
维什戴尔,perturb_015,92.5761221468,2.0,True
维娜·维多利亚,perturb_015,66.0602001608,14.0,False
缄默德克萨斯,perturb_015,37.669289952,43.0,False
缇缇,perturb_015,29.0923639593,50.0,False
缪尔赛思,perturb_015,41.6545403062,40.0,False
能天使,perturb_015,70.5402685603,11.0,False
艾雅法拉,perturb_015,26.9380398123,53.0,False
荒芜拉普兰德,perturb_015,62.2646476898,21.0,False
诗怀雅,perturb_015,29.2474717976,49.0,False
谬因,perturb_015,28.4669070881,52.0,False
贝洛内,perturb_015,40.3360065614,41.0,False
赤刃明霄陈,perturb_015,72.8169757046,8.0,True
逻各斯,perturb_015,65.1390681564,15.0,False
酒神,perturb_015,52.4110200071,31.0,False
重岳,perturb_015,56.7494166553,28.0,False
铃兰,perturb_015,31.1701829246,47.0,False
银灰,perturb_015,46.824770944,34.0,False
锏,perturb_015,32.7680922876,46.0,False
阿米娅,perturb_015,76.1306071618,5.0,True
陈,perturb_015,18.2956863305,58.0,False
霍尔海雅,perturb_015,18.5791823456,57.0,False
黍,perturb_015,43.0437539413,37.0,False
Mon3tr,perturb_016,58.9765232727,25.0,False
W,perturb_016,60.390625,22.0,False
予愿安洁莉娜,perturb_016,74.5348005177,7.0,True
令,perturb_016,59.5944725852,24.0,False
伊芙利特,perturb_016,23.2624930175,55.0,False
余,perturb_016,26.7773828477,54.0,False
佩佩,perturb_016,39.9350791531,43.0,False
凛御银灰,perturb_016,77.1056803485,4.0,True
凯尔希,perturb_016,65.5854979475,16.0,False
凯尔希·思衡托,perturb_016,82.6657231695,3.0,True
史尔特尔,perturb_016,67.1073905827,14.0,False
司霆惊蛰,perturb_016,44.321894501,35.0,False
塑心,perturb_016,41.2167311367,39.0,False
塞雷娅,perturb_016,75.496088112,6.0,True
夕,perturb_016,22.3935233628,56.0,False
夜莺,perturb_016,15.3862598848,60.0,False
娜斯提,perturb_016,37.6843738285,44.0,False
年,perturb_016,15.9044113148,59.0,False
幽灵鲨,perturb_016,46.2006213448,34.0,False
归溟幽灵鲨,perturb_016,52.9899121836,32.0,False
德克萨斯,perturb_016,58.0377108699,28.0,False
怒潮凛冬,perturb_016,28.4871266651,51.0,False
拉普兰德,perturb_016,40.5332589158,41.0,False
斩业星熊,perturb_016,60.5261289836,21.0,False
斯卡蒂,perturb_016,43.455055918,37.0,False
新约能天使,perturb_016,94.4059085056,1.0,True
望,perturb_016,67.2511542695,13.0,False
棘刺,perturb_016,66.9043518252,15.0,False
死芒,perturb_016,58.287092575,27.0,False
泥岩,perturb_016,58.5693585791,26.0,False
浊心斯卡蒂,perturb_016,70.610138121,10.0,True
温蒂,perturb_016,44.0448486247,36.0,False
焰狐龙梓兰,perturb_016,71.5476766691,8.0,True
煌,perturb_016,27.6792575358,52.0,False
玛恩纳,perturb_016,69.2889488,12.0,False
真言,perturb_016,54.4467136974,31.0,False
纯烬艾雅法拉,perturb_016,60.2380010318,23.0,False
结城理,perturb_016,65.2820321851,18.0,False
维什戴尔,perturb_016,92.3071844473,2.0,True
维娜·维多利亚,perturb_016,61.8090856848,20.0,False
缄默德克萨斯,perturb_016,34.4963495552,45.0,False
缇缇,perturb_016,33.9008629548,46.0,False
缪尔赛思,perturb_016,40.5440981147,40.0,False
能天使,perturb_016,69.5601930268,11.0,False
艾雅法拉,perturb_016,27.6416993649,53.0,False
荒芜拉普兰德,perturb_016,62.2851644427,19.0,False
诗怀雅,perturb_016,30.2053461829,50.0,False
谬因,perturb_016,32.3186249618,48.0,False
贝洛内,perturb_016,42.3276774014,38.0,False
赤刃明霄陈,perturb_016,71.289431261,9.0,True
逻各斯,perturb_016,65.4244580752,17.0,False
酒神,perturb_016,57.4345635771,29.0,False
重岳,perturb_016,56.1737346561,30.0,False
铃兰,perturb_016,31.7852715803,49.0,False
银灰,perturb_016,47.8303661132,33.0,False
锏,perturb_016,32.9199948812,47.0,False
阿米娅,perturb_016,76.0259112204,5.0,True
陈,perturb_016,17.532247265,58.0,False
霍尔海雅,perturb_016,19.1335567032,57.0,False
黍,perturb_016,40.0512503612,42.0,False
Mon3tr,perturb_017,58.9387037275,25.0,False
W,perturb_017,60.390625,23.0,False
予愿安洁莉娜,perturb_017,76.1193501252,5.0,True
令,perturb_017,60.5922303302,22.0,False
伊芙利特,perturb_017,22.8492955224,56.0,False
余,perturb_017,27.7738931221,52.0,False
佩佩,perturb_017,38.1941889058,43.0,False
凛御银灰,perturb_017,76.6078718989,4.0,True
凯尔希,perturb_017,64.8594091661,17.0,False
凯尔希·思衡托,perturb_017,82.9085594671,3.0,True
史尔特尔,perturb_017,68.0353258533,13.0,False
司霆惊蛰,perturb_017,43.0794082868,37.0,False
塑心,perturb_017,39.8238601167,42.0,False
塞雷娅,perturb_017,75.3538234675,7.0,True
夕,perturb_017,23.031884806,55.0,False
夜莺,perturb_017,14.9828700117,60.0,False
娜斯提,perturb_017,35.5797806581,45.0,False
年,perturb_017,16.1445356752,59.0,False
幽灵鲨,perturb_017,47.4668221467,33.0,False
归溟幽灵鲨,perturb_017,54.7896659225,31.0,False
德克萨斯,perturb_017,59.3925483259,24.0,False
怒潮凛冬,perturb_017,27.4431682474,53.0,False
拉普兰德,perturb_017,41.2585249827,40.0,False
斩业星熊,perturb_017,58.8706056889,26.0,False
斯卡蒂,perturb_017,44.0122284376,36.0,False
新约能天使,perturb_017,94.7029308484,1.0,True
望,perturb_017,66.1399445607,14.0,False
棘刺,perturb_017,65.9883675641,15.0,False
死芒,perturb_017,56.9018648752,28.0,False
泥岩,perturb_017,58.6344179699,27.0,False
浊心斯卡蒂,perturb_017,71.0707066467,10.0,True
温蒂,perturb_017,44.5440630781,35.0,False
焰狐龙梓兰,perturb_017,71.2925684507,9.0,True
煌,perturb_017,28.4701459034,51.0,False
玛恩纳,perturb_017,69.1349929505,12.0,False
真言,perturb_017,53.2869143104,32.0,False
纯烬艾雅法拉,perturb_017,62.7059000698,20.0,False
结城理,perturb_017,64.0493234649,18.0,False
维什戴尔,perturb_017,92.4317607317,2.0,True
维娜·维多利亚,perturb_017,63.953880734,19.0,False
缄默德克萨斯,perturb_017,36.097178442,44.0,False
缇缇,perturb_017,31.4748532819,48.0,False
缪尔赛思,perturb_017,41.0995350755,41.0,False
能天使,perturb_017,70.0141798371,11.0,False
艾雅法拉,perturb_017,27.3157528996,54.0,False
荒芜拉普兰德,perturb_017,62.2472948346,21.0,False
诗怀雅,perturb_017,29.7616433029,50.0,False
谬因,perturb_017,30.375335626,49.0,False
贝洛内,perturb_017,41.3228289596,39.0,False
赤刃明霄陈,perturb_017,72.0601161669,8.0,True
逻各斯,perturb_017,65.2922608572,16.0,False
酒神,perturb_017,54.9000584635,30.0,False
重岳,perturb_017,56.4641808223,29.0,False
铃兰,perturb_017,31.5003525845,47.0,False
银灰,perturb_017,47.3645581957,34.0,False
锏,perturb_017,32.8496311474,46.0,False
阿米娅,perturb_017,76.0744080707,6.0,True
陈,perturb_017,17.8858845658,58.0,False
霍尔海雅,perturb_017,18.8767615505,57.0,False
黍,perturb_017,41.5700637793,38.0,False
Mon3tr,perturb_018,58.9384215259,25.0,False
W,perturb_018,60.390625,24.0,False
予愿安洁莉娜,perturb_018,76.1311737076,5.0,True
令,perturb_018,61.6092306853,22.0,False
伊芙利特,perturb_018,22.4281291607,56.0,False
余,perturb_018,27.7813288762,52.0,False
佩佩,perturb_018,38.1811987419,43.0,False
凛御银灰,perturb_018,76.6041573549,4.0,True
凯尔希,perturb_018,64.1193171424,17.0,False
凯尔希·思衡托,perturb_018,82.0805822956,3.0,True
史尔特尔,perturb_018,68.9811571482,12.0,False
司霆惊蛰,perturb_018,43.070137111,37.0,False
塑心,perturb_018,39.8134668004,42.0,False
塞雷娅,perturb_018,75.2088151278,7.0,True
夕,perturb_018,23.6825575948,55.0,False
夜莺,perturb_018,14.5717004203,60.0,False
娜斯提,perturb_018,35.5640766179,45.0,False
年,perturb_018,16.389291039,59.0,False
幽灵鲨,perturb_018,48.7574427124,33.0,False
归溟幽灵鲨,perturb_018,54.8030953137,31.0,False
德克萨斯,perturb_018,60.7735149794,23.0,False
怒潮凛冬,perturb_018,27.435378445,53.0,False
拉普兰德,perturb_018,41.9977784253,38.0,False
斩业星熊,perturb_018,58.8582525155,26.0,False
斯卡蒂,perturb_018,44.5801465051,36.0,False
新约能天使,perturb_018,94.8386479352,1.0,True
望,perturb_018,66.1316529431,14.0,False
棘刺,perturb_018,65.0547177642,16.0,False
死芒,perturb_018,56.8915285918,28.0,False
泥岩,perturb_018,58.7007320866,27.0,False
浊心斯卡蒂,perturb_018,71.5401576298,9.0,True
温蒂,perturb_018,45.0529053085,35.0,False
焰狐龙梓兰,perturb_018,71.2906648858,10.0,True
煌,perturb_018,29.2762872287,51.0,False
玛恩纳,perturb_018,68.9780679309,13.0,False
真言,perturb_018,53.2782601266,32.0,False
纯烬艾雅法拉,perturb_018,62.7243150233,20.0,False
结城理,perturb_018,64.0401252467,18.0,False
维什戴尔,perturb_018,92.5587395761,2.0,True
维娜·维多利亚,perturb_018,63.9698847522,19.0,False
缄默德克萨斯,perturb_018,36.109123497,44.0,False
缇缇,perturb_018,31.4567508981,47.0,False
缪尔赛思,perturb_018,41.1677083332,40.0,False
能天使,perturb_018,70.4769221708,11.0,False
艾雅法拉,perturb_018,26.9835202785,54.0,False
荒芜拉普兰德,perturb_018,61.9382215068,21.0,False
诗怀雅,perturb_018,29.3093832339,50.0,False
谬因,perturb_018,30.3608352018,49.0,False
贝洛内,perturb_018,41.3153309878,39.0,False
赤刃明霄陈,perturb_018,72.0658668587,8.0,True
逻各斯,perturb_018,65.157514103,15.0,False
酒神,perturb_018,54.8811465091,30.0,False
重岳,perturb_018,56.4663480717,29.0,False
铃兰,perturb_018,31.2099386825,48.0,False
银灰,perturb_018,46.8897667746,34.0,False
锏,perturb_018,32.7779103889,46.0,False
阿米娅,perturb_018,76.1238402243,6.0,True
陈,perturb_018,18.2463420639,58.0,False
霍尔海雅,perturb_018,18.6150138839,57.0,False
黍,perturb_018,41.1380123986,41.0,False
Mon3tr,perturb_019,59.0113991126,27.0,False
W,perturb_019,60.390625,22.0,False
予愿安洁莉娜,perturb_019,73.0735852104,7.0,True
令,perturb_019,61.2631927415,21.0,False
伊芙利特,perturb_019,22.5714324949,56.0,False
余,perturb_019,25.8584365049,54.0,False
佩佩,perturb_019,41.5404662394,41.0,False
凛御银灰,perturb_019,77.5647416006,4.0,True
凯尔希,perturb_019,64.3711360536,18.0,False
凯尔希·思衡托,perturb_019,81.4726297181,3.0,True
史尔特尔,perturb_019,68.6593347271,13.0,False
司霆惊蛰,perturb_019,45.4676711095,35.0,False
塑心,perturb_019,42.501187266,39.0,False
塞雷娅,perturb_019,75.2581547249,6.0,True
夕,perturb_019,23.4611638924,55.0,False
夜莺,perturb_019,14.7116023183,60.0,False
娜斯提,perturb_019,39.6251548185,43.0,False
年,perturb_019,16.3060121666,59.0,False
幽灵鲨,perturb_019,48.3183045306,33.0,False
归溟幽灵鲨,perturb_019,51.3302432782,32.0,False
德克萨斯,perturb_019,60.3036362239,23.0,False
怒潮凛冬,perturb_019,29.4498279986,51.0,False
拉普兰德,perturb_019,41.7462448442,40.0,False
斩业星熊,perturb_019,62.0527937017,19.0,False
斯卡蒂,perturb_019,44.3869103874,37.0,False
新约能天使,perturb_019,94.3069299778,1.0,True
望,perturb_019,68.2758723524,14.0,False
棘刺,perturb_019,65.3723953888,16.0,False
死芒,perturb_019,59.5645003062,26.0,False
泥岩,perturb_019,58.6781684754,28.0,False
浊心斯卡蒂,perturb_019,71.3804252835,9.0,True
温蒂,perturb_019,44.8797699519,36.0,False
焰狐龙梓兰,perturb_019,71.7829283975,8.0,True
煌,perturb_019,29.0019948106,52.0,False
玛恩纳,perturb_019,69.0314622201,12.0,False
真言,perturb_019,55.5162394538,31.0,False
纯烬艾雅法拉,perturb_019,57.9621922885,29.0,False
结城理,perturb_019,66.4187923363,15.0,False
维什戴尔,perturb_019,92.5155345782,2.0,True
维娜·维多利亚,perturb_019,59.8312319515,24.0,False
缄默德克萨斯,perturb_019,33.0201220753,47.0,False
缇缇,perturb_019,36.1380428151,45.0,False
缪尔赛思,perturb_019,40.2586011836,42.0,False
能天使,perturb_019,70.319472466,11.0,False
艾雅法拉,perturb_019,27.096563595,53.0,False
荒芜拉普兰德,perturb_019,61.9521818235,20.0,False
诗怀雅,perturb_019,29.4632663113,50.0,False
谬因,perturb_019,34.1106572909,46.0,False
贝洛内,perturb_019,43.2543129058,38.0,False
赤刃明霄陈,perturb_019,70.5787330435,10.0,True
逻各斯,perturb_019,65.2033621595,17.0,False
酒神,perturb_019,59.7717940752,25.0,False
重岳,perturb_019,55.9058955288,30.0,False
铃兰,perturb_019,31.3087530329,49.0,False
银灰,perturb_019,47.0513162237,34.0,False
锏,perturb_019,32.802313629,48.0,False
阿米娅,perturb_019,76.1070207604,5.0,True
陈,perturb_019,18.1236951338,58.0,False
霍尔海雅,perturb_019,18.7040744471,57.0,False
黍,perturb_019,37.6760770018,44.0,False
Mon3tr,perturb_020,59.0410812673,24.0,False
W,perturb_020,60.390625,23.0,False
予愿安洁莉娜,perturb_020,71.8299730455,8.0,True
令,perturb_020,56.6370491194,27.0,False
伊芙利特,perturb_020,24.4872391788,55.0,False
余,perturb_020,25.0763389967,54.0,False
佩佩,perturb_020,42.9067802248,37.0,False
凛御银灰,perturb_020,77.955439778,4.0,True
凯尔希,perturb_020,67.7376756793,15.0,False
凯尔希·思衡托,perturb_020,81.3933734169,3.0,True
史尔特尔,perturb_020,64.3569257949,18.0,False
司霆惊蛰,perturb_020,46.4428194819,34.0,False
塑心,perturb_020,43.5943631038,36.0,False
塞雷娅,perturb_020,75.9177704293,5.0,True
夕,perturb_020,20.5013755731,56.0,False
夜莺,perturb_020,16.5819355714,58.0,False
娜斯提,perturb_020,41.2769160866,41.0,False
年,perturb_020,15.1926659821,60.0,False
幽灵鲨,perturb_020,42.4475139569,39.0,False
归溟幽灵鲨,perturb_020,49.9177310836,32.0,False
德克萨斯,perturb_020,54.021878264,31.0,False
怒潮凛冬,perturb_020,30.2691645355,51.0,False
拉普兰德,perturb_020,38.3835197668,43.0,False
斩业星熊,perturb_020,63.3521085978,19.0,False
斯卡蒂,perturb_020,41.8035577539,40.0,False
新约能天使,perturb_020,94.0601853186,1.0,True
望,perturb_020,69.1479901486,13.0,False
棘刺,perturb_020,69.6193929881,11.0,False
死芒,perturb_020,60.6516773884,22.0,False
泥岩,perturb_020,58.3765180125,25.0,False
浊心斯卡蒂,perturb_020,69.2449809248,12.0,False
温蒂,perturb_020,42.5651422067,38.0,False
焰狐龙梓兰,perturb_020,71.9831466061,7.0,True
煌,perturb_020,25.3350093161,53.0,False
玛恩纳,perturb_020,69.7452846634,10.0,True
真言,perturb_020,56.4264921967,28.0,False
纯烬艾雅法拉,perturb_020,56.0252953616,29.0,False
结城理,perturb_020,67.3862669758,16.0,False
维什戴尔,perturb_020,91.9379316618,2.0,True
维娜·维多利亚,perturb_020,58.1479187868,26.0,False
缄默德克萨斯,perturb_020,31.7637333399,49.0,False
缇缇,perturb_020,38.0420634447,44.0,False
缪尔赛思,perturb_020,39.4721761203,42.0,False
能天使,perturb_020,68.2145444936,14.0,False
艾雅法拉,perturb_020,28.6078273952,52.0,False
荒芜拉普兰德,perturb_020,62.021699534,20.0,False
诗怀雅,perturb_020,31.5205124302,50.0,False
谬因,perturb_020,35.6358214426,46.0,False
贝洛内,perturb_020,44.0429545111,35.0,False
赤刃明霄陈,perturb_020,69.9738714982,9.0,True
逻各斯,perturb_020,65.8162998389,17.0,False
酒神,perturb_020,61.7609658729,21.0,False
重岳,perturb_020,55.6779428134,30.0,False
铃兰,perturb_020,32.6297913331,48.0,False
银灰,perturb_020,49.211053232,33.0,False
锏,perturb_020,33.12855789,47.0,False
阿米娅,perturb_020,75.8821631773,6.0,True
陈,perturb_020,16.484041669,59.0,False
霍尔海雅,perturb_020,19.8947154257,57.0,False
黍,perturb_020,38.0164202864,45.0,False
Mon3tr,perturb_021,58.9778655815,26.0,False
W,perturb_021,60.390625,24.0,False
予愿安洁莉娜,perturb_021,74.4785609512,7.0,True
令,perturb_021,62.0413980758,20.0,False
伊芙利特,perturb_021,22.2491573771,56.0,False
余,perturb_021,26.7420142447,54.0,False
佩佩,perturb_021,39.9968676338,42.0,False
凛御银灰,perturb_021,77.123348796,4.0,True
凯尔希,perturb_021,63.8048200658,18.0,False
凯尔希·思衡托,perturb_021,82.7553653921,3.0,True
史尔特尔,perturb_021,69.3830817301,12.0,False
司霆惊蛰,perturb_021,44.3659933956,37.0,False
塑心,perturb_021,41.2661675583,40.0,False
塞雷娅,perturb_021,75.1471948192,6.0,True
夕,perturb_021,23.9590565751,55.0,False
夜莺,perturb_021,14.3969766963,60.0,False
娜斯提,perturb_021,37.7590710213,44.0,False
年,perturb_021,16.4932981677,59.0,False
幽灵鲨,perturb_021,49.3058831521,33.0,False
归溟幽灵鲨,perturb_021,52.9260344926,32.0,False
德克萨斯,perturb_021,61.3603473753,22.0,False
怒潮凛冬,perturb_021,28.5241793195,52.0,False
拉普兰德,perturb_021,42.3119191525,39.0,False
斩业星熊,perturb_021,60.584887581,23.0,False
斯卡蒂,perturb_021,44.8214794289,36.0,False
新约能天使,perturb_021,94.3784948564,1.0,True
望,perturb_021,67.2905938377,14.0,False
棘刺,perturb_021,64.6579696259,17.0,False
死芒,perturb_021,58.3362577164,28.0,False
泥岩,perturb_021,58.7289118199,27.0,False
浊心斯卡蒂,perturb_021,71.7396476352,8.0,True
温蒂,perturb_021,45.2691343568,35.0,False
焰狐龙梓兰,perturb_021,71.5567310879,9.0,True
煌,perturb_021,29.6188515072,50.0,False
玛恩纳,perturb_021,68.9113837102,13.0,False
真言,perturb_021,54.4878778329,31.0,False
纯烬艾雅法拉,perturb_021,60.1504092193,25.0,False
结城理,perturb_021,65.3257840524,15.0,False
维什戴尔,perturb_021,92.6126983732,2.0,True
维娜·维多利亚,perturb_021,61.7329616283,21.0,False
缄默德克萨斯,perturb_021,34.4395321969,45.0,False
缇缇,perturb_021,33.9869680106,46.0,False
缪尔赛思,perturb_021,40.7164810831,41.0,False
能天使,perturb_021,70.6735613812,11.0,False
艾雅法拉,perturb_021,26.8423402836,53.0,False
荒芜拉普兰德,perturb_021,62.3234801113,19.0,False
诗怀雅,perturb_021,29.1171983907,51.0,False
谬因,perturb_021,32.3875970844,48.0,False
贝洛内,perturb_021,42.3633419465,38.0,False
赤刃明霄陈,perturb_021,71.2620777564,10.0,True
逻各斯,perturb_021,65.1002543854,16.0,False
酒神,perturb_021,57.5245194032,29.0,False
重岳,perturb_021,56.1634260066,30.0,False
铃兰,perturb_021,31.0865292681,49.0,False
银灰,perturb_021,46.6880073863,34.0,False
锏,perturb_021,32.7474331399,47.0,False
阿米娅,perturb_021,76.144846082,5.0,True
陈,perturb_021,18.3995160284,58.0,False
霍尔海雅,perturb_021,18.5037859916,57.0,False
黍,perturb_021,38.9583717987,43.0,False
Mon3tr,perturb_022,58.9474468593,26.0,False
W,perturb_022,60.390625,24.0,False
予愿安洁莉娜,perturb_022,75.7530335552,6.0,True
令,perturb_022,63.8014087707,17.0,False
伊芙利特,perturb_022,21.5202910624,56.0,False
余,perturb_022,27.5435196304,53.0,False
佩佩,perturb_022,38.5966483436,43.0,False
凛御银灰,perturb_022,76.7229553794,4.0,True
凯尔希,perturb_022,62.524024174,21.0,False
凯尔希·思衡托,perturb_022,82.3032971496,3.0,True
史尔特尔,perturb_022,71.0199279573,12.0,False
司霆惊蛰,perturb_022,43.366646557,38.0,False
塑心,perturb_022,40.1458643835,41.0,False
塞雷娅,perturb_022,74.8962448295,7.0,True
夕,perturb_022,25.0851044288,55.0,False
夜莺,perturb_022,13.685410693,60.0,False
娜斯提,perturb_022,36.0663210275,44.0,False
年,perturb_022,16.9168693648,59.0,False
幽灵鲨,perturb_022,51.5394182607,33.0,False
归溟幽灵鲨,perturb_022,54.3735984082,31.0,False
德克萨斯,perturb_022,63.7502345242,18.0,False
怒潮凛冬,perturb_022,27.6845108125,52.0,False
拉普兰德,perturb_022,43.591263804,37.0,False
斩业星熊,perturb_022,59.2533299734,25.0,False
斯卡蒂,perturb_022,45.8043127853,36.0,False
新约能天使,perturb_022,94.7239901308,1.0,True
望,perturb_022,66.3968342959,14.0,False
棘刺,perturb_022,63.0422045727,20.0,False
死芒,perturb_022,57.2221021573,28.0,False
泥岩,perturb_022,58.8436743703,27.0,False
浊心斯卡蒂,perturb_022,72.5520748352,8.0,True
温蒂,perturb_022,46.1497316575,34.0,False
焰狐龙梓兰,perturb_022,71.3515444317,11.0,False
煌,perturb_022,31.0139516631,48.0,False
玛恩纳,perturb_022,68.6398108328,13.0,False
真言,perturb_022,53.5550370194,32.0,False
纯烬艾雅法拉,perturb_022,62.13537056,22.0,False
结城理,perturb_022,64.3343013716,16.0,False
维什戴尔,perturb_022,92.8324466978,2.0,True
维娜·维多利亚,perturb_022,63.4580464842,19.0,False
缄默德克萨斯,perturb_022,35.7270984242,45.0,False
缇缇,perturb_022,32.0356987979,47.0,False
缪尔赛思,perturb_022,41.2071473859,40.0,False
能天使,perturb_022,71.4743786593,10.0,True
艾雅法拉,perturb_022,26.2673818153,54.0,False
荒芜拉普兰德,perturb_022,62.0511771662,23.0,False
诗怀雅,perturb_022,28.3345216156,51.0,False
谬因,perturb_022,30.8245857351,49.0,False
贝洛内,perturb_022,41.5551300708,39.0,False
赤刃明霄陈,perturb_022,71.8819490398,9.0,True
逻各斯,perturb_022,64.8670629933,15.0,False
酒神,perturb_022,55.4859859822,30.0,False
重岳,perturb_022,56.3970354058,29.0,False
铃兰,perturb_022,30.5839418591,50.0,False
银灰,perturb_022,45.8663380775,35.0,False
锏,perturb_022,32.623313909,46.0,False
阿米娅,perturb_022,76.230392875,5.0,True
陈,perturb_022,19.0233201879,57.0,False
霍尔海雅,perturb_022,18.0508080844,58.0,False
黍,perturb_022,39.6723650531,42.0,False
Mon3tr,perturb_023,58.9192656696,25.0,False
W,perturb_023,60.390625,24.0,False
予愿安洁莉娜,perturb_023,76.933758835,4.0,True
令,perturb_023,64.1582841856,18.0,False
伊芙利特,perturb_023,21.3724996489,56.0,False
余,perturb_023,28.2860680915,51.0,False
佩佩,perturb_023,37.2994260197,43.0,False
凛御银灰,perturb_023,76.3520139975,5.0,True
凯尔希,perturb_023,62.2643186127,23.0,False
凯尔希·思衡托,perturb_023,83.3175760187,3.0,True
史尔特尔,perturb_023,71.3518294498,11.0,False
司霆惊蛰,perturb_023,42.4408094132,38.0,False
塑心,perturb_023,39.1079681781,42.0,False
塞雷娅,perturb_023,74.8453599787,7.0,True
夕,perturb_023,25.3134319022,55.0,False
夜莺,perturb_023,13.5411272443,60.0,False
娜斯提,perturb_023,34.4980858974,45.0,False
年,perturb_023,17.0027564262,59.0,False
幽灵鲨,perturb_023,51.9923096953,33.0,False
归溟幽灵鲨,perturb_023,55.7146827938,30.0,False
德克萨斯,perturb_023,64.2348292886,17.0,False
怒潮凛冬,perturb_023,26.9066064231,53.0,False
拉普兰德,perturb_023,43.8506750989,37.0,False
斩业星熊,perturb_023,58.0197187339,27.0,False
斯卡蒂,perturb_023,46.0036008141,35.0,False
新约能天使,perturb_023,94.811163029,1.0,True
望,perturb_023,65.568817686,14.0,False
棘刺,perturb_023,62.7145776864,21.0,False
死芒,perturb_023,56.189901363,29.0,False
泥岩,perturb_023,58.8669446453,26.0,False
浊心斯卡蒂,perturb_023,72.7168097967,8.0,True
温蒂,perturb_023,46.3282893946,34.0,False
焰狐龙梓兰,perturb_023,71.1614508422,12.0,False
煌,perturb_023,31.2968345731,47.0,False
玛恩纳,perturb_023,68.584744302,13.0,False
真言,perturb_023,52.6908138678,32.0,False
纯烬艾雅法拉,perturb_023,63.9743226308,19.0,False
结城理,perturb_023,63.4157499159,20.0,False
维什戴尔,perturb_023,92.8770048216,2.0,True
维娜·维多利亚,perturb_023,65.0562379971,15.0,False
缄默德克萨斯,perturb_023,36.9199541898,44.0,False
缇缇,perturb_023,30.2279605383,49.0,False
缪尔赛思,perturb_023,41.5657382538,39.0,False
能天使,perturb_023,71.6367594898,10.0,True
艾雅法拉,perturb_023,26.1507981249,54.0,False
荒芜拉普兰德,perturb_023,62.3330984683,22.0,False
诗怀雅,perturb_023,28.1758191147,52.0,False
谬因,perturb_023,29.376545968,50.0,False
贝洛内,perturb_023,40.8063684341,41.0,False
赤刃明霄陈,perturb_023,72.4562239927,9.0,True
逻各斯,perturb_023,64.8197790336,16.0,False
酒神,perturb_023,53.5974024723,31.0,False
重岳,perturb_023,56.6134610256,28.0,False
铃兰,perturb_023,30.4820327681,48.0,False
银灰,perturb_023,45.6997291038,36.0,False
锏,perturb_023,32.5981463903,46.0,False
阿米娅,perturb_023,76.2477391033,6.0,True
陈,perturb_023,19.1498082649,57.0,False
霍尔海雅,perturb_023,17.958958257,58.0,False
黍,perturb_023,40.9481882066,40.0,False
Mon3tr,perturb_024,59.0158310678,27.0,False
W,perturb_024,60.390625,23.0,False
予愿安洁莉娜,perturb_024,72.8878967574,7.0,True
令,perturb_024,61.7398071348,21.0,False
伊芙利特,perturb_024,22.3740540487,56.0,False
余,perturb_024,25.7416585571,54.0,False
佩佩,perturb_024,41.744475767,41.0,False
凛御银灰,perturb_024,77.6230782285,4.0,True
凯尔希,perturb_024,64.0242939811,18.0,False
凯尔希·思衡托,perturb_024,81.0347604012,3.0,True
史尔特尔,perturb_024,69.1025959379,12.0,False
司霆惊蛰,perturb_024,45.6132742146,35.0,False
塑心,perturb_024,42.6644135,39.0,False
塞雷娅,perturb_024,75.190196969,6.0,True
夕,perturb_024,23.7660998887,55.0,False
夜莺,perturb_024,14.5189088307,60.0,False
娜斯提,perturb_024,39.8717855635,43.0,False
年,perturb_024,16.4207160884,59.0,False
幽灵鲨,perturb_024,48.923150276,33.0,False
归溟幽灵鲨,perturb_024,51.1193357206,32.0,False
德克萨斯,perturb_024,60.9508224125,22.0,False
怒潮凛冬,perturb_024,29.5721662471,50.0,False
拉普兰德,perturb_024,42.0926939179,40.0,False
斩业星熊,perturb_024,62.246799341,19.0,False
斯卡蒂,perturb_024,44.6530636132,37.0,False
新约能天使,perturb_024,94.3478078037,1.0,True
望,perturb_024,68.4060915711,14.0,False
棘刺,perturb_024,64.9348430019,17.0,False
死芒,perturb_024,59.7268308432,25.0,False
泥岩,perturb_024,58.7092464021,28.0,False
浊心斯卡蒂,perturb_024,71.6004321835,9.0,True
温蒂,perturb_024,45.1182374507,36.0,False
焰狐龙梓兰,perturb_024,71.8128237382,8.0,True
煌,perturb_024,29.3797907049,51.0,False
玛恩纳,perturb_024,68.9579197454,13.0,False
真言,perturb_024,55.6521527461,31.0,False
纯烬艾雅法拉,perturb_024,57.672986856,29.0,False
结城理,perturb_024,66.5632496472,15.0,False
维什戴尔,perturb_024,92.5750428611,2.0,True
维娜·维多利亚,perturb_024,59.5798900731,26.0,False
缄默德克萨斯,perturb_024,32.8325259041,47.0,False
缇缇,perturb_024,36.4223393628,45.0,False
缪尔赛思,perturb_024,40.2519952051,42.0,False
能天使,perturb_024,70.5363353761,10.0,True
艾雅法拉,perturb_024,26.9408636994,53.0,False
荒芜拉普兰德,perturb_024,61.8005189156,20.0,False
诗怀雅,perturb_024,29.2513158854,52.0,False
谬因,perturb_024,34.3383853399,46.0,False
贝洛内,perturb_024,43.3720679775,38.0,False
赤刃明霄陈,perturb_024,70.4884188702,11.0,False
逻各斯,perturb_024,65.1402134672,16.0,False
酒神,perturb_024,60.0688048671,24.0,False
重岳,perturb_024,55.8718590435,30.0,False
铃兰,perturb_024,31.1726513639,49.0,False
银灰,perturb_024,46.8288065421,34.0,False
锏,perturb_024,32.7687018946,48.0,False
阿米娅,perturb_024,76.1301870019,5.0,True
陈,perturb_024,18.2926225396,58.0,False
霍尔海雅,perturb_024,18.5814071297,57.0,False
黍,perturb_024,37.2746386245,44.0,False
Mon3tr,perturb_025,59.0194747166,26.0,False
W,perturb_025,60.390625,21.0,False
予愿安洁莉娜,perturb_025,72.7352364812,7.0,True
令,perturb_025,60.166018677,23.0,False
伊芙利特,perturb_025,23.0258008799,55.0,False
余,perturb_025,25.6456517594,54.0,False
佩佩,perturb_025,41.9121983708,40.0,False
凛御银灰,perturb_025,77.6710385922,4.0,True
凯尔希,perturb_025,65.1695721304,18.0,False
凯尔希·思衡托,perturb_025,82.6908430264,3.0,True
史尔特尔,perturb_025,67.6389402299,14.0,False
司霆惊蛰,perturb_025,45.7329790744,35.0,False
塑心,perturb_025,42.7986068844,39.0,False
塞雷娅,perturb_025,75.4145945812,6.0,True
夕,perturb_025,22.7591962827,56.0,False
夜莺,perturb_025,15.1551858525,60.0,False
娜斯提,perturb_025,40.074548401,42.0,False
年,perturb_025,16.041961878,59.0,False
幽灵鲨,perturb_025,46.9259398135,34.0,False
归溟幽灵鲨,perturb_025,50.945942031,32.0,False
德克萨斯,perturb_025,58.8138031196,27.0,False
怒潮凛冬,perturb_025,29.6727443417,51.0,False
拉普兰德,perturb_025,40.9487134569,41.0,False
斩业星熊,perturb_025,62.4062974357,20.0,False
斯卡蒂,perturb_025,43.7742213443,37.0,False
新约能天使,perturb_025,94.0129444434,1.0,True
望,perturb_025,68.5131488574,13.0,False
棘刺,perturb_025,66.379648081,16.0,False
死芒,perturb_025,59.8602878472,24.0,False
泥岩,perturb_025,58.606626584,28.0,False
浊心斯卡蒂,perturb_025,70.8739658309,9.0,True
温蒂,perturb_025,44.3308139016,36.0,False
焰狐龙梓兰,perturb_025,71.8374016315,8.0,True
煌,perturb_025,28.1323025338,52.0,False
玛恩纳,perturb_025,69.20075819,12.0,False
真言,perturb_025,55.7638913082,31.0,False
纯烬艾雅法拉,perturb_025,57.4352220382,29.0,False
结城理,perturb_025,66.6820125138,15.0,False
维什戴尔,perturb_025,92.3785455456,2.0,True
维娜·维多利亚,perturb_025,59.3732540656,25.0,False
缄默德克萨斯,perturb_025,32.6782972331,48.0,False
缇缇,perturb_025,36.6560684332,45.0,False
缪尔赛思,perturb_025,40.0639518578,43.0,False
能天使,perturb_025,69.8202505292,11.0,False
艾雅法拉,perturb_025,27.4549872804,53.0,False
荒芜拉普兰德,perturb_025,62.4429070487,19.0,False
诗怀雅,perturb_025,29.9511796297,50.0,False
谬因,perturb_025,34.5256076807,46.0,False
贝洛内,perturb_025,43.4688780994,38.0,False
赤刃明霄陈,perturb_025,70.4141687678,10.0,True
逻各斯,perturb_025,65.3487314735,17.0,False
酒神,perturb_025,60.3129867146,22.0,False
重岳,perturb_025,55.8438765861,30.0,False
铃兰,perturb_025,31.6220612827,49.0,False
银灰,perturb_025,47.5635371198,33.0,False
锏,perturb_025,32.8796883867,47.0,False
阿米娅,perturb_025,76.0536916966,5.0,True
陈,perturb_025,17.7348215053,58.0,False
霍尔海雅,perturb_025,18.9864566013,57.0,False
黍,perturb_025,37.7329495037,44.0,False
Mon3tr,perturb_026,58.9482881927,26.0,False
W,perturb_026,60.390625,24.0,False
予愿安洁莉娜,perturb_026,75.7177836727,6.0,True
令,perturb_026,63.2679525772,19.0,False
伊芙利特,perturb_026,21.7412091801,56.0,False
余,perturb_026,27.521351268,53.0,False
佩佩,perturb_026,38.6353761791,43.0,False
凛御银灰,perturb_026,76.7340296236,4.0,True
凯尔希,perturb_026,62.9122311906,21.0,False
凯尔希·思衡托,perturb_026,81.099920683,3.0,True
史尔特尔,perturb_026,70.5238027006,12.0,False
司霆惊蛰,perturb_026,43.394286899,37.0,False
塑心,perturb_026,40.1768501851,41.0,False
塞雷娅,perturb_026,74.9723073368,7.0,True
夕,perturb_026,24.7438012746,55.0,False
夜莺,perturb_026,13.9010851162,60.0,False
娜斯提,perturb_026,36.1131397964,44.0,False
年,perturb_026,16.7884856685,59.0,False
幽灵鲨,perturb_026,50.8624376375,33.0,False
归溟幽灵鲨,perturb_026,54.3335610957,31.0,False
德克萨斯,perturb_026,63.0258638684,20.0,False
怒潮凛冬,perturb_026,27.7077347061,52.0,False
拉普兰德,perturb_026,43.2034966558,38.0,False
斩业星熊,perturb_026,59.2901587362,25.0,False
斯卡蒂,perturb_026,45.5064176972,36.0,False
新约能天使,perturb_026,94.9134451856,1.0,True
望,perturb_026,66.4215542614,14.0,False
棘刺,perturb_026,63.531940162,17.0,False
死芒,perturb_026,57.2529179256,28.0,False
泥岩,perturb_026,58.80889004,27.0,False
浊心斯卡蒂,perturb_026,72.3058295579,8.0,True
温蒂,perturb_026,45.8828241407,35.0,False
焰狐龙梓兰,perturb_026,71.3572195678,10.0,True
煌,perturb_026,30.591099222,50.0,False
玛恩纳,perturb_026,68.7221241016,13.0,False
真言,perturb_026,53.5808379106,32.0,False
纯烬艾雅法拉,perturb_026,62.0804696906,22.0,False
结城理,perturb_026,64.3617242035,16.0,False
维什戴尔,perturb_026,92.7658413612,2.0,True
维娜·维多利亚,perturb_026,63.4103333845,18.0,False
缄默德克萨斯,perturb_026,35.6914863929,45.0,False
缇缇,perturb_026,32.0896677967,47.0,False
缪尔赛思,perturb_026,41.1590486118,40.0,False
能天使,perturb_026,71.2316523292,11.0,False
艾雅法拉,perturb_026,26.4416507313,54.0,False
荒芜拉普兰德,perturb_026,61.6049463677,23.0,False
诗怀雅,perturb_026,28.5717495906,51.0,False
谬因,perturb_026,30.8678161397,48.0,False
贝洛内,perturb_026,41.5774839241,39.0,False
赤刃明霄陈,perturb_026,71.8648043873,9.0,True
逻各斯,perturb_026,64.9377429004,15.0,False
酒神,perturb_026,55.5423685701,30.0,False
重岳,perturb_026,56.3905741419,29.0,False
铃兰,perturb_026,30.7362752324,49.0,False
银灰,perturb_026,46.1153846219,34.0,False
锏,perturb_026,32.6609342329,46.0,False
阿米娅,perturb_026,76.2044637902,5.0,True
陈,perturb_026,18.8342462275,57.0,False
霍尔海雅,perturb_026,18.1881049036,58.0,False
黍,perturb_026,39.8788135623,42.0,False
Mon3tr,perturb_027,58.9546473761,24.0,False
W,perturb_027,60.390625,22.0,False
予愿安洁莉娜,perturb_027,75.4513489096,7.0,True
令,perturb_027,58.3449726058,26.0,False
伊芙利特,perturb_027,23.7799435352,55.0,False
余,perturb_027,27.3537926269,53.0,False
佩佩,perturb_027,38.9280989052,43.0,False
凛御银灰,perturb_027,76.8177338356,4.0,True
凯尔希,perturb_027,66.4947847178,15.0,False
凯尔希·思衡托,perturb_027,82.5857312976,3.0,True
史尔特尔,perturb_027,65.9453298445,16.0,False
司霆惊蛰,perturb_027,43.6032052684,35.0,False
塑心,perturb_027,40.4110550711,41.0,False
塞雷娅,perturb_027,75.6742472607,6.0,True
夕,perturb_027,21.5940982376,56.0,False
夜莺,perturb_027,15.8914282393,59.0,False
娜斯提,perturb_027,36.4670175042,44.0,False
年,perturb_027,15.6037016637,60.0,False
幽灵鲨,perturb_027,44.6149479847,34.0,False
归溟幽灵鲨,perturb_027,54.030940743,31.0,False
德克萨斯,perturb_027,56.3410371211,29.0,False
怒潮凛冬,perturb_027,27.8832715353,52.0,False
拉普兰德,perturb_027,39.6250024372,42.0,False
斩业星熊,perturb_027,59.5685274,23.0,False
斯卡蒂,perturb_027,42.7573043292,37.0,False
新约能天使,perturb_027,94.6142040931,1.0,True
望,perturb_027,66.6083990874,14.0,False
棘刺,perturb_027,68.0514462188,13.0,False
死芒,perturb_027,57.4858376224,27.0,False
泥岩,perturb_027,58.4878841853,25.0,False
浊心斯卡蒂,perturb_027,70.0333644839,10.0,True
温蒂,perturb_027,43.4196783844,36.0,False
焰狐龙梓兰,perturb_027,71.400114847,9.0,True
煌,perturb_027,26.688821727,54.0,False
玛恩纳,perturb_027,69.4817489378,11.0,False
真言,perturb_027,53.7758528685,32.0,False
纯烬艾雅法拉,perturb_027,61.6655037643,21.0,False
结城理,perturb_027,64.568998532,18.0,False
维什戴尔,perturb_027,92.1511765731,2.0,True
维娜·维多利亚,perturb_027,63.0496959149,19.0,False
缄默德克萨斯,perturb_027,35.4223143435,45.0,False
缇缇,perturb_027,32.497590218,47.0,False
缪尔赛思,perturb_027,40.7448942043,40.0,False
能天使,perturb_027,68.9916617244,12.0,False
艾雅法拉,perturb_027,28.0498847221,51.0,False
荒芜拉普兰德,perturb_027,62.1808314779,20.0,False
诗怀雅,perturb_027,30.7609988373,50.0,False
谬因,perturb_027,31.1945713461,49.0,False
贝洛内,perturb_027,41.7464445899,38.0,False
赤刃明霄陈,perturb_027,71.7352172483,8.0,True
逻各斯,perturb_027,65.5900097053,17.0,False
酒神,perturb_027,55.9685340031,30.0,False
重岳,perturb_027,56.3417369485,28.0,False
铃兰,perturb_027,32.1420779106,48.0,False
银灰,perturb_027,48.4137010825,33.0,False
锏,perturb_027,33.008111946,46.0,False
阿米娅,perturb_027,75.965178228,5.0,True
陈,perturb_027,17.0893844536,58.0,False
霍尔海雅,perturb_027,19.4551433205,57.0,False
黍,perturb_027,41.675082829,39.0,False
Mon3tr,perturb_028,58.8868698635,26.0,False
W,perturb_028,60.390625,24.0,False
予愿安洁莉娜,perturb_028,78.2910665849,4.0,True
令,perturb_028,65.4742759745,17.0,False
伊芙利特,perturb_028,20.8275131393,56.0,False
余,perturb_028,29.1396678222,49.0,False
佩佩,perturb_028,35.8081985989,44.0,False
凛御银灰,perturb_028,75.9255967598,6.0,True
凯尔希,perturb_028,61.3066443885,23.0,False
凯尔希·思衡托,perturb_028,81.8998425939,3.0,True
史尔特尔,perturb_028,72.5757289414,10.0,True
司霆惊蛰,perturb_028,41.3765094003,40.0,False
塑心,perturb_028,37.9148501961,43.0,False
塞雷娅,perturb_028,74.6577201383,7.0,True
夕,perturb_028,26.155398223,53.0,False
夜莺,perturb_028,13.00907649,60.0,False
娜斯提,perturb_028,32.6953145566,45.0,False
年,perturb_028,17.3194682615,59.0,False
幽灵鲨,perturb_028,53.662364242,31.0,False
归溟幽灵鲨,perturb_028,57.2563320335,27.0,False
德克萨斯,perturb_028,66.0217910802,16.0,False
怒潮凛冬,perturb_028,26.0123631352,54.0,False
拉普兰德,perturb_028,44.8072642046,37.0,False
斩业星熊,perturb_028,56.6016157049,29.0,False
斯卡蒂,perturb_028,46.7384830683,35.0,False
新约能天使,perturb_028,95.3067036281,1.0,True
望,perturb_028,64.6169676825,19.0,False
棘刺,perturb_028,61.5064409693,22.0,False
死芒,perturb_028,55.0033305649,30.0,False
泥岩,perturb_028,58.9527546773,25.0,False
浊心斯卡蒂,perturb_028,73.3242762896,8.0,True
温蒂,perturb_028,46.9867279032,34.0,False
焰狐龙梓兰,perturb_028,70.9429279507,12.0,False
煌,perturb_028,32.3399761603,47.0,False
玛恩纳,perturb_028,68.381684356,13.0,False
真言,perturb_028,51.6973424809,32.0,False
纯烬艾雅法拉,perturb_028,66.0882977782,15.0,False
结城理,perturb_028,62.3598251967,20.0,False
维什戴尔,perturb_028,93.0413146134,2.0,True
维娜·维多利亚,perturb_028,66.8934458247,14.0,False
缄默德克萨斯,perturb_028,38.2912065911,42.0,False
缇缇,perturb_028,28.1498673599,50.0,False
缪尔赛思,perturb_028,42.0351001182,38.0,False
能天使,perturb_028,72.2355450344,11.0,False
艾雅法拉,perturb_028,25.7208912923,55.0,False
荒芜拉普兰德,perturb_028,61.7034693047,21.0,False
诗怀雅,perturb_028,27.5905975519,52.0,False
谬因,perturb_028,27.7119457162,51.0,False
贝洛内,perturb_028,39.9456263209,41.0,False
赤刃明霄陈,perturb_028,73.1163841988,9.0,True
逻各斯,perturb_028,64.6454176174,18.0,False
酒神,perturb_028,51.4263732938,33.0,False
重岳,perturb_028,56.8622540141,28.0,False
铃兰,perturb_028,30.1062390838,48.0,False
银灰,perturb_028,45.0853521191,36.0,False
锏,perturb_028,32.5053401993,46.0,False
阿米娅,perturb_028,76.3117039857,5.0,True
陈,perturb_028,19.6162379032,57.0,False
霍尔海雅,perturb_028,17.6202584934,58.0,False
黍,perturb_028,42.0181084065,39.0,False
Mon3tr,perturb_029,59.0185003137,27.0,False
W,perturb_029,60.390625,23.0,False
予愿安洁莉娜,perturb_029,72.7760616586,7.0,True
令,perturb_029,62.0594309719,20.0,False
伊芙利特,perturb_029,22.2416894847,56.0,False
余,perturb_029,25.6713263792,54.0,False
佩佩,perturb_029,41.8673451501,41.0,False
凛御银灰,perturb_029,77.658212791,4.0,True
凯尔希,perturb_029,63.7916971573,18.0,False
凯尔希·思衡托,perturb_029,79.9668115084,3.0,True
史尔特尔,perturb_029,69.3998526952,12.0,False
司霆惊蛰,perturb_029,45.7009669999,35.0,False
塑心,perturb_029,42.7627202159,39.0,False
塞雷娅,perturb_029,75.1446236104,6.0,True
夕,perturb_029,23.9705939505,55.0,False
夜莺,perturb_029,14.3896860612,60.0,False
娜斯提,perturb_029,40.0203245451,43.0,False
年,perturb_029,16.4976380364,59.0,False
幽灵鲨,perturb_029,49.3287677327,33.0,False
归溟幽灵鲨,perturb_029,50.9923118419,32.0,False
德克萨斯,perturb_029,61.3848339234,22.0,False
怒潮凛冬,perturb_029,29.6458472428,50.0,False
拉普兰德,perturb_029,42.3250271917,40.0,False
斩业星熊,perturb_029,62.3636436545,19.0,False
斯卡蒂,perturb_029,44.8315494426,37.0,False
新约能天使,perturb_029,94.5199837668,1.0,True
望,perturb_029,68.4845190605,14.0,False
棘刺,perturb_029,64.6414146564,17.0,False
死芒,perturb_029,59.8245981052,25.0,False
泥岩,perturb_029,58.7300876656,28.0,False
浊心斯卡蒂,perturb_029,71.7479716842,9.0,True
温蒂,perturb_029,45.2781568699,36.0,False
焰狐龙梓兰,perturb_029,71.8308288879,8.0,True
煌,perturb_029,29.6331455659,51.0,False
玛恩纳,perturb_029,68.9086012012,13.0,False
真言,perturb_029,55.734009621,31.0,False
纯烬艾雅法拉,perturb_029,57.4988062994,29.0,False
结城理,perturb_029,66.6502523518,15.0,False
维什戴尔,perturb_029,92.6149498929,2.0,True
维娜·维多利亚,perturb_029,59.4285137041,26.0,False
缄默德克萨斯,perturb_029,32.7195418385,48.0,False
缇缇,perturb_029,36.5935634319,45.0,False
缪尔赛思,perturb_029,40.252297705,42.0,False
能天使,perturb_029,70.6817664761,10.0,True
艾雅法拉,perturb_029,26.8364493158,53.0,False
荒芜拉普兰德,perturb_029,61.4029644955,21.0,False
诗怀雅,perturb_029,29.1091791616,52.0,False
谬因,perturb_029,34.4755397425,46.0,False
贝洛内,perturb_029,43.4429886506,38.0,False
赤刃明霄陈,perturb_029,70.4340251029,11.0,False
逻各斯,perturb_029,65.0978651293,16.0,False
酒神,perturb_029,60.2476863791,24.0,False
重岳,perturb_029,55.8513597953,30.0,False
铃兰,perturb_029,31.0813798071,49.0,False
银灰,perturb_029,46.6795886436,34.0,False
锏,perturb_029,32.7461614265,47.0,False
阿米娅,perturb_029,76.145722586,5.0,True
陈,perturb_029,18.4059074644,58.0,False
霍尔海雅,perturb_029,18.4991448246,57.0,False
黍,perturb_029,37.0202743094,44.0,False
Mon3tr,perturb_030,58.8831758048,26.0,False
W,perturb_030,60.390625,24.0,False
予愿安洁莉娜,perturb_030,78.4458389169,4.0,True
令,perturb_030,64.4389298487,19.0,False
伊芙利特,perturb_030,21.2562769629,56.0,False
余,perturb_030,29.2370028746,49.0,False
佩佩,perturb_030,35.638155552,44.0,False
凛御银灰,perturb_030,75.8769728642,6.0,True
凯尔希,perturb_030,62.0600870058,23.0,False
凯尔希·思衡托,perturb_030,83.7079264777,3.0,True
史尔特尔,perturb_030,71.6128357018,11.0,False
司霆惊蛰,perturb_030,41.2551484231,40.0,False
塑心,perturb_030,37.7788002455,43.0,False
塞雷娅,perturb_030,74.8053442978,7.0,True
夕,perturb_030,25.492987883,55.0,False
夜莺,perturb_030,13.4276632105,60.0,False
娜斯提,perturb_030,32.489746494,46.0,False
年,perturb_030,17.0702977314,59.0,False
幽灵鲨,perturb_030,52.3484620435,31.0,False
归溟幽灵鲨,perturb_030,57.4321246258,27.0,False
德克萨斯,perturb_030,64.6159130319,17.0,False
怒潮凛冬,perturb_030,25.910393542,54.0,False
拉普兰德,perturb_030,44.0546752957,37.0,False
斩业星熊,perturb_030,56.4399109531,29.0,False
斯卡蒂,perturb_030,46.1603202703,35.0,False
新约能天使,perturb_030,95.0735418617,1.0,True
望,perturb_030,64.508429258,18.0,False
棘刺,perturb_030,62.4569329708,20.0,False
死芒,perturb_030,54.8680271826,30.0,False
泥岩,perturb_030,58.8852443137,25.0,False
浊心斯卡蒂,perturb_030,72.8463568335,9.0,True
温蒂,perturb_030,46.4687066172,34.0,False
焰狐龙梓兰,perturb_030,70.9180100222,12.0,False
煌,perturb_030,31.5192927715,47.0,False
玛恩纳,perturb_030,68.5414401616,13.0,False
真言,perturb_030,51.5840580151,32.0,False
纯烬艾雅法拉,perturb_030,66.3293520736,15.0,False
结城理,perturb_030,62.2394192452,22.0,False
维什戴尔,perturb_030,92.912045185,2.0,True
维娜·维多利亚,perturb_030,67.1029406425,14.0,False
缄默德克萨斯,perturb_030,38.4475690166,42.0,False
缇缇,perturb_030,27.9129046465,51.0,False
缪尔赛思,perturb_030,42.0289832951,39.0,False
能天使,perturb_030,71.7644552457,10.0,True
艾雅法拉,perturb_030,26.0591170907,53.0,False
荒芜拉普兰德,perturb_030,62.3542865399,21.0,False
诗怀雅,perturb_030,28.0510159852,50.0,False
谬因,perturb_030,27.5221331532,52.0,False
贝洛内,perturb_030,39.8474768305,41.0,False
赤刃明霄陈,perturb_030,73.1916615518,8.0,True
逻各斯,perturb_030,64.7825950818,16.0,False
酒神,perturb_030,51.178813189,33.0,False
重岳,perturb_030,56.890623609,28.0,False
铃兰,perturb_030,30.401891791,48.0,False
银灰,perturb_030,45.5687083499,36.0,False
锏,perturb_030,32.5783547356,45.0,False
阿米娅,perturb_030,76.2613801207,5.0,True
陈,perturb_030,19.2492780764,57.0,False
霍尔海雅,perturb_030,17.8867278521,58.0,False
黍,perturb_030,42.7576308633,38.0,False
Mon3tr,perturb_031,58.9220107013,25.0,False
W,perturb_031,60.390625,24.0,False
予愿安洁莉娜,perturb_031,76.8187484926,4.0,True
令,perturb_031,63.0319625523,21.0,False
伊芙利特,perturb_031,21.838938802,56.0,False
余,perturb_031,28.2137390288,52.0,False
佩佩,perturb_031,37.4257839339,43.0,False
凛御银灰,perturb_031,76.3881461072,5.0,True
凯尔希,perturb_031,63.0839659734,20.0,False
凯尔希·思衡托,perturb_031,83.6031635159,3.0,True
史尔特尔,perturb_031,70.3043271127,12.0,False
司霆惊蛰,perturb_031,42.5309919889,38.0,False
塑心,perturb_031,39.2090660372,42.0,False
塞雷娅,perturb_031,75.0059558223,7.0,True
夕,perturb_031,24.5928157937,55.0,False
夜莺,perturb_031,13.9964950358,60.0,False
娜斯提,perturb_031,34.6508422264,45.0,False
年,perturb_031,16.7316913674,59.0,False
幽灵鲨,perturb_031,50.562955363,33.0,False
归溟幽灵鲨,perturb_031,55.5840524287,30.0,False
德克萨斯,perturb_031,62.7054172202,22.0,False
怒潮凛冬,perturb_031,26.9823793838,53.0,False
拉普兰德,perturb_031,43.0319564617,37.0,False
斩业星熊,perturb_031,58.1398805137,27.0,False
斯卡蒂,perturb_031,45.3746350501,36.0,False
新约能天使,perturb_031,94.7419807515,1.0,True
望,perturb_031,65.6494719038,14.0,False
棘刺,perturb_031,63.7485890927,18.0,False
死芒,perturb_031,56.2904444519,29.0,False
泥岩,perturb_031,58.7935021692,26.0,False
浊心斯卡蒂,perturb_031,72.1968957226,9.0,True
温蒂,perturb_031,45.7647497565,35.0,False
焰狐龙梓兰,perturb_031,71.1799671975,10.0,True
煌,perturb_031,30.4040380174,49.0,False
玛恩纳,perturb_031,68.7585377952,13.0,False
真言,perturb_031,52.7749948389,32.0,False
纯烬艾雅法拉,perturb_031,63.7951967063,17.0,False
结城理,perturb_031,63.5052228181,19.0,False
维什戴尔,perturb_031,92.7363765331,2.0,True
维娜·维多利亚,perturb_031,64.9005637211,16.0,False
缄默德克萨斯,perturb_031,36.803762259,44.0,False
缇缇,perturb_031,30.404046034,48.0,False
缪尔赛思,perturb_031,41.4628744675,39.0,False
能天使,perturb_031,71.1242752036,11.0,False
艾雅法拉,perturb_031,26.5187437078,54.0,False
荒芜拉普兰德,perturb_031,62.4482401704,23.0,False
诗怀雅,perturb_031,28.6766943573,51.0,False
谬因,perturb_031,29.5175944848,50.0,False
贝洛内,perturb_031,40.8793027006,41.0,False
赤刃明霄陈,perturb_031,72.4002858671,8.0,True
逻各斯,perturb_031,64.9690102345,15.0,False
酒神,perturb_031,53.7813628227,31.0,False
重岳,perturb_031,56.5923797588,28.0,False
铃兰,perturb_031,30.803664377,47.0,False
银灰,perturb_031,46.2255576801,34.0,False
锏,perturb_031,32.6775766888,46.0,False
阿米娅,perturb_031,76.1929932975,6.0,True
陈,perturb_031,18.7506038045,57.0,False
霍尔海雅,perturb_031,18.2488421866,58.0,False
黍,perturb_031,41.3448897563,40.0,False
Mon3tr,perturb_032,58.9349821551,26.0,False
W,perturb_032,60.390625,24.0,False
予愿安洁莉娜,perturb_032,76.2752752199,6.0,True
令,perturb_032,66.5046421309,15.0,False
伊芙利特,perturb_032,20.4008116509,56.0,False
余,perturb_032,27.8719531374,51.0,False
佩佩,perturb_032,38.0228793581,43.0,False
凛御银灰,perturb_032,76.5588858468,4.0,True
凯尔希,perturb_032,60.556825797,23.0,False
凯尔希·思衡托,perturb_032,80.9512771809,3.0,True
史尔特尔,perturb_032,73.533990707,9.0,True
司霆惊蛰,perturb_032,42.9571433986,38.0,False
塑心,perturb_032,39.6867968499,41.0,False
塞雷娅,perturb_032,74.5108060444,7.0,True
夕,perturb_032,26.8146223984,54.0,False
夜莺,perturb_032,12.5925031532,60.0,False
娜斯提,perturb_032,35.3726815002,45.0,False
年,perturb_032,17.5674402924,58.0,False
幽灵鲨,perturb_032,54.9699466287,30.0,False
归溟幽灵鲨,perturb_032,54.9667678389,31.0,False
德克萨斯,perturb_032,67.420906917,14.0,False
怒潮凛冬,perturb_032,27.3404391726,52.0,False
拉普兰德,perturb_032,45.556233194,36.0,False
斩业星熊,perturb_032,58.7076965409,27.0,False
斯卡蒂,perturb_032,47.3138649287,35.0,False
新约能天使,perturb_032,95.0490443084,1.0,True
望,perturb_032,66.0305977292,16.0,False
棘刺,perturb_032,60.5605207926,22.0,False
死芒,perturb_032,56.7655537372,28.0,False
泥岩,perturb_032,59.0199403191,25.0,False
浊心斯卡蒂,perturb_032,73.7998969741,8.0,True
温蒂,perturb_032,47.5022575297,34.0,False
焰狐龙梓兰,perturb_032,71.2674649305,12.0,False
煌,perturb_032,33.1567120981,46.0,False
玛恩纳,perturb_032,68.2226969688,13.0,False
真言,perturb_032,53.1727860885,33.0,False
纯烬艾雅法拉,perturb_032,62.9487497662,20.0,False
结城理,perturb_032,63.9280207155,19.0,False
维什戴尔,perturb_032,93.1699622615,2.0,True
维娜·维多利亚,perturb_032,64.164935894,18.0,False
缄默德克萨斯,perturb_032,36.2547054734,44.0,False
缇缇,perturb_032,31.2361256421,48.0,False
缪尔赛思,perturb_032,41.5434812711,39.0,False
能天使,perturb_032,72.7043689019,10.0,True
艾雅法拉,perturb_032,25.384292345,55.0,False
荒芜拉普兰德,perturb_032,61.5070178052,21.0,False
诗怀雅,perturb_032,27.1323937109,53.0,False
谬因,perturb_032,30.1841093165,49.0,False
贝洛内,perturb_032,41.2239484401,40.0,False
赤刃明霄陈,perturb_032,72.1359541945,11.0,False
逻各斯,perturb_032,64.5088999707,17.0,False
酒神,perturb_032,54.6506545017,32.0,False
重岳,perturb_032,56.4927617173,29.0,False
铃兰,perturb_032,29.812008453,50.0,False
银灰,perturb_032,44.6043208105,37.0,False
锏,perturb_032,32.4326768596,47.0,False
阿米娅,perturb_032,76.3617857952,5.0,True
陈,perturb_032,19.9814326693,57.0,False
霍尔海雅,perturb_032,17.3550708405,59.0,False
黍,perturb_032,38.9632410256,42.0,False
Mon3tr,perturb_033,58.9601120917,26.0,False
W,perturb_033,60.390625,24.0,False
予愿安洁莉娜,perturb_033,75.2223902373,6.0,True
令,perturb_033,63.430274635,17.0,False
伊芙利特,perturb_033,21.673987384,56.0,False
余,perturb_033,27.2098023926,53.0,False
佩佩,perturb_033,39.179647937,43.0,False
凛御银灰,perturb_033,76.8896644089,4.0,True
凯尔希,perturb_033,62.7941060989,20.0,False
凯尔希·思衡托,perturb_033,82.2454569963,3.0,True
史尔特尔,perturb_033,70.6747655605,12.0,False
司霆惊蛰,perturb_033,43.7827376683,37.0,False
塑心,perturb_033,40.6123172455,41.0,False
塞雷娅,perturb_033,74.9491627509,7.0,True
夕,perturb_033,24.8476542826,55.0,False
夜莺,perturb_033,13.8354588912,60.0,False
娜斯提,perturb_033,36.7711196008,44.0,False
年,perturb_033,16.8275507427,59.0,False
幽灵鲨,perturb_033,51.0684318488,33.0,False
归溟幽灵鲨,perturb_033,53.7708862616,32.0,False
德克萨斯,perturb_033,63.2462780971,19.0,False
怒潮凛冬,perturb_033,28.0341177645,52.0,False
拉普兰德,perturb_033,43.3214879027,38.0,False
斩业星熊,perturb_033,59.8077413783,25.0,False
斯卡蒂,perturb_033,45.5970623355,36.0,False
新约能天使,perturb_033,94.622509215,1.0,True
望,perturb_033,66.7689627569,14.0,False
棘刺,perturb_033,63.3829215741,18.0,False
死芒,perturb_033,57.6859953792,28.0,False
泥岩,perturb_033,58.8194743469,27.0,False
浊心斯卡蒂,perturb_033,72.3807579974,8.0,True
温蒂,perturb_033,45.9640397642,35.0,False
焰狐龙梓兰,perturb_033,71.4369765765,10.0,True
煌,perturb_033,30.7197663538,49.0,False
玛恩纳,perturb_033,68.6970775105,13.0,False
真言,perturb_033,53.9434374784,31.0,False
纯烬艾雅法拉,perturb_033,61.3089059751,23.0,False
结城理,perturb_033,64.747118138,16.0,False
维什戴尔,perturb_033,92.7861082836,2.0,True
维娜·维多利亚,perturb_033,62.7397848686,21.0,False
缄默德克萨斯,perturb_033,35.1910034052,45.0,False
缇缇,perturb_033,32.8481352252,46.0,False
缪尔赛思,perturb_033,41.03238188,40.0,False
能天使,perturb_033,71.3055100102,11.0,False
艾雅法拉,perturb_033,26.3886235298,54.0,False
荒芜拉普兰德,perturb_033,62.0719239861,22.0,False
诗怀雅,perturb_033,28.4995649698,51.0,False
谬因,perturb_033,31.4753659289,48.0,False
贝洛内,perturb_033,41.8916396434,39.0,False
赤刃明霄陈,perturb_033,71.6238575332,9.0,True
逻各斯,perturb_033,64.9162361523,15.0,False
酒神,perturb_033,56.3347560026,29.0,False
重岳,perturb_033,56.2997690807,30.0,False
铃兰,perturb_033,30.6899226604,50.0,False
银灰,perturb_033,46.0396038023,34.0,False
锏,perturb_033,32.6494869792,47.0,False
阿米娅,perturb_033,76.2123535897,5.0,True
陈,perturb_033,18.8917783636,57.0,False
霍尔海雅,perturb_033,18.1463277109,58.0,False
黍,perturb_033,39.2130466856,42.0,False
Mon3tr,perturb_034,59.0221843091,25.0,False
W,perturb_034,60.390625,22.0,False
予愿安洁莉娜,perturb_034,72.6217109538,7.0,True
令,perturb_034,58.9285860774,26.0,False
伊芙利特,perturb_034,23.538253981,55.0,False
余,perturb_034,25.5742564847,54.0,False
佩佩,perturb_034,42.0369249698,40.0,False
凛御银灰,perturb_034,77.7067042265,4.0,True
凯尔希,perturb_034,66.0700772208,17.0,False
凯尔希·思衡托,perturb_034,81.4173549138,3.0,True
史尔特尔,perturb_034,66.4881024038,16.0,False
司霆惊蛰,perturb_034,45.8219973684,34.0,False
塑心,perturb_034,42.8983995425,39.0,False
塞雷娅,perturb_034,75.5910331102,6.0,True
夕,perturb_034,21.9674918193,56.0,False
夜莺,perturb_034,15.6554754086,60.0,False
娜斯提,perturb_034,40.2253326041,41.0,False
年,perturb_034,15.7441564106,59.0,False
幽灵鲨,perturb_034,45.3555805176,35.0,False
归溟幽灵鲨,perturb_034,50.8169981396,32.0,False
德克萨斯,perturb_034,57.1335154509,29.0,False
怒潮凛冬,perturb_034,29.7475390528,51.0,False
拉普兰德,perturb_034,40.049228708,42.0,False
斩业星熊,perturb_034,62.5249078941,19.0,False
斯卡蒂,perturb_034,43.0832084779,38.0,False
新约能天使,perturb_034,94.2223775237,1.0,True
望,perturb_034,68.5927618072,13.0,False
棘刺,perturb_034,67.5156641041,14.0,False
死芒,perturb_034,59.9595328974,23.0,False
泥岩,perturb_034,58.5259390509,27.0,False
浊心斯卡蒂,perturb_034,70.3027625393,10.0,True
温蒂,perturb_034,43.7116814099,36.0,False
焰狐龙梓兰,perturb_034,71.8556789356,8.0,True
煌,perturb_034,27.1514321234,53.0,False
玛恩纳,perturb_034,69.3916963091,11.0,False
真言,perturb_034,55.8469854799,30.0,False
纯烬艾雅法拉,perturb_034,57.2584086783,28.0,False
结城理,perturb_034,66.7703302964,15.0,False
维什戴尔,perturb_034,92.2240443591,2.0,True
维娜·维多利亚,perturb_034,59.219589587,24.0,False
缄默德克萨斯,perturb_034,32.5636053719,48.0,False
缇缇,perturb_034,36.8298806171,45.0,False
缪尔赛思,perturb_034,39.9187884933,43.0,False
能天使,perturb_034,69.2572099698,12.0,False
艾雅法拉,perturb_034,27.8592304786,52.0,False
荒芜拉普兰德,perturb_034,61.9672667034,20.0,False
诗怀雅,perturb_034,30.5014659201,50.0,False
谬因,perturb_034,34.6648352226,46.0,False
贝洛内,perturb_034,43.5408707646,37.0,False
赤刃明霄陈,perturb_034,70.3589528187,9.0,True
逻各斯,perturb_034,65.5126842446,18.0,False
酒神,perturb_034,60.4945720866,21.0,False
重岳,perturb_034,55.8230674842,31.0,False
铃兰,perturb_034,31.9754216604,49.0,False
银灰,perturb_034,48.1412383757,33.0,False
锏,perturb_034,32.9669544374,47.0,False
阿米娅,perturb_034,75.9935452493,5.0,True
陈,perturb_034,17.2962357598,58.0,False
霍尔海雅,perturb_034,19.3049374099,57.0,False
黍,perturb_034,38.0811032937,44.0,False
Mon3tr,perturb_035,59.0374807985,26.0,False
W,perturb_035,60.390625,25.0,False
予愿安洁莉娜,perturb_035,71.9808241843,7.0,True
令,perturb_035,62.0500874073,21.0,False
伊芙利特,perturb_035,22.2455588984,56.0,False
余,perturb_035,25.1712080427,54.0,False
佩佩,perturb_035,42.7410452581,40.0,False
凛御银灰,perturb_035,77.9080477802,4.0,True
凯尔希,perturb_035,63.798496661,18.0,False
凯尔希·思衡托,perturb_035,81.5766747735,3.0,True
史尔特尔,perturb_035,69.3911629874,12.0,False
司霆惊蛰,perturb_035,46.3245332134,35.0,False
塑心,perturb_035,43.4617600104,39.0,False
塞雷娅,perturb_035,75.1459558565,6.0,True
夕,perturb_035,23.9646159749,55.0,False
夜莺,perturb_035,14.3934636308,60.0,False
娜斯提,perturb_035,41.0765561388,42.0,False
年,perturb_035,16.4953893769,59.0,False
幽灵鲨,perturb_035,49.3169103163,33.0,False
归溟幽灵鲨,perturb_035,50.0890699296,32.0,False
德克萨斯,perturb_035,61.3721464636,23.0,False
怒潮凛冬,perturb_035,30.1697783658,50.0,False
拉普兰德,perturb_035,42.3182353924,41.0,False
斩业星熊,perturb_035,63.1945006737,19.0,False
斯卡蒂,perturb_035,44.8263317658,37.0,False
新约能天使,perturb_035,94.0575376476,1.0,True
望,perturb_035,69.0422015704,13.0,False
棘刺,perturb_035,64.6499924481,17.0,False
死芒,perturb_035,60.5198019487,24.0,False
泥岩,perturb_035,58.7294784129,27.0,False
浊心斯卡蒂,perturb_035,71.7436586615,9.0,True
温蒂,perturb_035,45.273481945,36.0,False
焰狐龙梓兰,perturb_035,71.9588599791,8.0,True
煌,perturb_035,29.6257392424,51.0,False
玛恩纳,perturb_035,68.9100429304,14.0,False
真言,perturb_035,56.3160778194,29.0,False
纯烬艾雅法拉,perturb_035,56.2602424902,30.0,False
结城理,perturb_035,67.2689115371,15.0,False
维什戴尔,perturb_035,92.6137832905,2.0,True
维娜·维多利亚,perturb_035,58.3521060045,28.0,False
缄默德克萨斯,perturb_035,31.9161342868,48.0,False
缇缇,perturb_035,37.811104237,44.0,False
缪尔赛思,perturb_035,40.0428370796,43.0,False
能天使,perturb_035,70.6775150883,10.0,True
艾雅法拉,perturb_035,26.8395016618,53.0,False
荒芜拉普兰德,perturb_035,62.0796697995,20.0,False
诗怀雅,perturb_035,29.1133342449,52.0,False
谬因,perturb_035,35.4508178252,46.0,False
贝洛内,perturb_035,43.9472916608,38.0,False
赤刃明霄陈,perturb_035,70.0472416818,11.0,False
逻各斯,perturb_035,65.0991030984,16.0,False
酒神,perturb_035,61.5196777612,22.0,False
重岳,perturb_035,55.705593658,31.0,False
铃兰,perturb_035,31.0840479488,49.0,False
银灰,perturb_035,46.6839507309,34.0,False
锏,perturb_035,32.7468203521,47.0,False
阿米娅,perturb_035,76.1452684342,5.0,True
陈,perturb_035,18.4025958058,58.0,False
霍尔海雅,perturb_035,18.5015495988,57.0,False
黍,perturb_035,36.159630725,45.0,False
Mon3tr,perturb_036,58.9555427181,24.0,False
W,perturb_036,60.390625,22.0,False
予愿安洁莉娜,perturb_036,75.4138361949,7.0,True
令,perturb_036,58.4427553246,26.0,False
伊芙利特,perturb_036,23.739449162,55.0,False
余,perturb_036,27.3302011878,53.0,False
佩佩,perturb_036,38.9693128368,43.0,False
凛御银灰,perturb_036,76.8295189803,4.0,True
凯尔希,perturb_036,66.4236262271,15.0,False
凯尔希·思衡托,perturb_036,83.2672912621,3.0,True
史尔特尔,perturb_036,66.0362697887,16.0,False
司霆惊蛰,perturb_036,43.6326199554,35.0,False
塑心,perturb_036,40.4440299764,41.0,False
塞雷娅,perturb_036,75.6603049748,6.0,True
夕,perturb_036,21.6566592329,56.0,False
夜莺,perturb_036,15.8518950372,59.0,False
娜斯提,perturb_036,36.5168417588,44.0,False
年,perturb_036,15.627234443,60.0,False
幽灵鲨,perturb_036,44.739038785,34.0,False
归溟幽灵鲨,perturb_036,53.9883332738,31.0,False
德克萨斯,perturb_036,56.4738145319,28.0,False
怒潮凛冬,perturb_036,27.9079862644,52.0,False
拉普兰德,perturb_036,39.6960802999,42.0,False
斩业星熊,perturb_036,59.6077203496,23.0,False
斯卡蒂,perturb_036,42.8119086097,37.0,False
新约能天使,perturb_036,94.4934604939,1.0,True
望,perturb_036,66.6347059272,14.0,False
棘刺,perturb_036,67.961677503,13.0,False
死芒,perturb_036,57.5186315793,27.0,False
泥岩,perturb_036,58.494260166,25.0,False
浊心斯卡蒂,perturb_036,70.0785013349,10.0,True
温蒂,perturb_036,43.4686026316,36.0,False
焰狐龙梓兰,perturb_036,71.406154293,9.0,True
煌,perturb_036,26.7663307369,54.0,False
玛恩纳,perturb_036,69.466660885,11.0,False
真言,perturb_036,53.8033100231,32.0,False
纯烬艾雅法拉,perturb_036,61.6070785866,21.0,False
结城理,perturb_036,64.5981817461,18.0,False
维什戴尔,perturb_036,92.1633853561,2.0,True
维娜·维多利亚,perturb_036,62.9989199188,19.0,False
缄默德克萨斯,perturb_036,35.3844162322,45.0,False
缇缇,perturb_036,32.5550237046,47.0,False
缪尔赛思,perturb_036,40.7391065084,40.0,False
能天使,perturb_036,69.0361535511,12.0,False
艾雅法拉,perturb_036,28.017941165,51.0,False
荒芜拉普兰德,perturb_036,62.4386931611,20.0,False
诗怀雅,perturb_036,30.7175148612,50.0,False
谬因,perturb_036,31.2405768848,49.0,False
贝洛内,perturb_036,41.7702334272,38.0,False
赤刃明霄陈,perturb_036,71.7169720114,8.0,True
逻各斯,perturb_036,65.577054052,17.0,False
酒神,perturb_036,56.0285360168,30.0,False
重岳,perturb_036,56.33486091,29.0,False
铃兰,perturb_036,32.1141551465,48.0,False
银灰,perturb_036,48.3680507582,33.0,False
锏,perturb_036,33.0012161266,46.0,False
阿米娅,perturb_036,75.9699310389,5.0,True
陈,perturb_036,17.1240417809,58.0,False
霍尔海雅,perturb_036,19.4299767624,57.0,False
黍,perturb_036,41.5891686708,39.0,False
Mon3tr,perturb_037,58.9745733936,25.0,False
W,perturb_037,60.390625,22.0,False
予愿安洁莉娜,perturb_037,74.6164958458,7.0,True
令,perturb_037,60.2172704612,24.0,False
伊芙利特,perturb_037,23.0045761798,55.0,False
余,perturb_037,26.8287603706,54.0,False
佩佩,perturb_037,39.8453233012,43.0,False
凛御银灰,perturb_037,77.0800146171,4.0,True
凯尔希,perturb_037,65.1322751555,18.0,False
凯尔希·思衡托,perturb_037,83.3404406077,3.0,True
史尔特尔,perturb_037,67.6866054457,13.0,False
司霆惊蛰,perturb_037,44.2578350873,36.0,False
塑心,perturb_037,41.1449182668,39.0,False
塞雷娅,perturb_037,75.4072868786,6.0,True
夕,perturb_037,22.7919869708,56.0,False
夜莺,perturb_037,15.1344649402,60.0,False
娜斯提,perturb_037,37.5758663834,44.0,False
年,perturb_037,16.0542963369,59.0,False
幽灵鲨,perturb_037,46.990980702,34.0,False
归溟幽灵鲨,perturb_037,53.0827028866,32.0,False
德克萨斯,perturb_037,58.8833970038,26.0,False
怒潮凛冬,perturb_037,28.4333028372,51.0,False
拉普兰德,perturb_037,40.9859681714,40.0,False
斩业星熊,perturb_037,60.4407744336,21.0,False
斯卡蒂,perturb_037,43.802841604,37.0,False
新约能天使,perturb_037,94.308183698,1.0,True
望,perturb_037,67.1938631369,14.0,False
棘刺,perturb_037,66.3325967523,15.0,False
死芒,perturb_037,58.2156737751,28.0,False
泥岩,perturb_037,58.6099684873,27.0,False
浊心斯卡蒂,perturb_037,70.8976238368,10.0,True
温蒂,perturb_037,44.3564570314,35.0,False
焰狐龙梓兰,perturb_037,71.5345239414,8.0,True
煌,perturb_037,28.1729280666,52.0,False
玛恩纳,perturb_037,69.1928499458,12.0,False
真言,perturb_037,54.3869174051,31.0,False
纯烬艾雅法拉,perturb_037,60.3652395989,23.0,False
结城理,perturb_037,65.218476874,17.0,False
维什戴尔,perturb_037,92.3849446508,2.0,True
维娜·维多利亚,perturb_037,61.919665836,20.0,False
缄默德克萨斯,perturb_037,34.5788842013,45.0,False
缇缇,perturb_037,33.7757840963,46.0,False
缪尔赛思,perturb_037,40.6153119938,41.0,False
能天使,perturb_037,69.8435704524,11.0,False
艾雅法拉,perturb_037,27.4382444007,53.0,False
荒芜拉普兰德,perturb_037,62.5321169474,19.0,False
诗怀雅,perturb_037,29.9283879607,50.0,False
谬因,perturb_037,32.2184339302,48.0,False
贝洛内,perturb_037,42.2758699839,38.0,False
赤刃明霄陈,perturb_037,71.3291658051,9.0,True
逻各斯,perturb_037,65.3419409041,16.0,False
酒神,perturb_037,57.303890971,29.0,False
重岳,perturb_037,56.1887093181,30.0,False
铃兰,perturb_037,31.6074258594,49.0,False
银灰,perturb_037,47.5396099822,33.0,False
锏,perturb_037,32.8760740154,47.0,False
阿米娅,perturb_037,76.0561828324,5.0,True
陈,perturb_037,17.7529867791,58.0,False
霍尔海雅,perturb_037,18.9732658145,57.0,False
黍,perturb_037,39.893316909,42.0,False
Mon3tr,perturb_038,59.0377497864,24.0,False
W,perturb_038,60.390625,23.0,False
予愿安洁莉娜,perturb_038,71.969554226,7.0,True
令,perturb_038,57.2509100262,27.0,False
伊芙利特,perturb_038,24.2330233731,55.0,False
余,perturb_038,25.1641204583,54.0,False
佩佩,perturb_038,42.7534271743,39.0,False
凛御银灰,perturb_038,77.9115883954,4.0,True
凯尔希,perturb_038,67.2909565032,15.0,False
凯尔希·思衡托,perturb_038,81.1105990213,3.0,True
史尔特尔,perturb_038,64.9278290924,18.0,False
司霆惊蛰,perturb_038,46.3333702783,34.0,False
塑心,perturb_038,43.4716666729,36.0,False
塞雷娅,perturb_038,75.8302434679,6.0,True
夕,perturb_038,20.8941213437,56.0,False
夜莺,perturb_038,16.3337538112,59.0,False
娜斯提,perturb_038,41.0915248574,41.0,False
年,perturb_038,15.3404001975,60.0,False
幽灵鲨,perturb_038,43.2265318862,37.0,False
归溟幽灵鲨,perturb_038,50.0762693524,32.0,False
德克萨斯,perturb_038,54.8554290468,31.0,False
怒潮凛冬,perturb_038,30.1772034207,51.0,False
拉普兰德,perturb_038,38.8297327757,43.0,False
斩业星熊,perturb_038,63.2062754255,19.0,False
斯卡蒂,perturb_038,42.146352816,40.0,False
新约能天使,perturb_038,94.1428929392,1.0,True
望,perturb_038,69.0501049437,13.0,False
棘刺,perturb_038,69.0558424349,12.0,False
死芒,perturb_038,60.5296542489,22.0,False
泥岩,perturb_038,58.4165451802,25.0,False
浊心斯卡蒂,perturb_038,69.5283413038,11.0,False
温蒂,perturb_038,42.872279123,38.0,False
焰狐龙梓兰,perturb_038,71.960674412,8.0,True
煌,perturb_038,25.8215958177,53.0,False
玛恩纳,perturb_038,69.6505647999,10.0,True
真言,perturb_038,56.3243267821,28.0,False
纯烬艾雅法拉,perturb_038,56.2426897931,29.0,False
结城理,perturb_038,67.2776790606,16.0,False
维什戴尔,perturb_038,92.0145760289,2.0,True
维娜·维多利亚,perturb_038,58.3368513539,26.0,False
缄默德克萨斯,perturb_038,31.9047485437,49.0,False
缇缇,perturb_038,37.8283589999,45.0,False
缪尔赛思,perturb_038,39.5715144353,42.0,False
能天使,perturb_038,68.4938555352,14.0,False
艾雅法拉,perturb_038,28.4072919509,52.0,False
荒芜拉普兰德,perturb_038,61.9022713509,20.0,False
诗怀雅,perturb_038,31.2475284783,50.0,False
谬因,perturb_038,35.4646392856,46.0,False
贝洛内,perturb_038,43.9544385498,35.0,False
赤刃明霄陈,perturb_038,70.0417602588,9.0,True
逻各斯,perturb_038,65.7349667653,17.0,False
酒神,perturb_038,61.5377041876,21.0,False
重岳,perturb_038,55.7035278873,30.0,False
铃兰,perturb_038,32.4544976468,48.0,False
银灰,perturb_038,48.9244693672,33.0,False
锏,perturb_038,33.085267276,47.0,False
阿米娅,perturb_038,75.9120004005,5.0,True
陈,perturb_038,16.701613635,58.0,False
霍尔海雅,perturb_038,19.7367246648,57.0,False
黍,perturb_038,37.9575262597,44.0,False
Mon3tr,perturb_039,59.0089406033,25.0,False
W,perturb_039,60.390625,21.0,False
予愿安洁莉娜,perturb_039,73.1765909449,7.0,True
令,perturb_039,56.8723977774,28.0,False
伊芙利特,perturb_039,24.3897751637,55.0,False
余,perturb_039,25.9232159679,53.0,False
佩佩,perturb_039,41.4272973758,40.0,False
凛御银灰,perturb_039,77.5323809066,4.0,True
凯尔希,perturb_039,67.5664076324,15.0,False
凯尔希·思衡托,perturb_039,83.1336888243,3.0,True
史尔特尔,perturb_039,64.5758048983,18.0,False
司霆惊蛰,perturb_039,45.3869016565,34.0,False
塑心,perturb_039,42.4106418506,38.0,False
塞雷娅,perturb_039,75.8842133927,6.0,True
夕,perturb_039,20.6519507099,56.0,False
夜莺,perturb_039,16.4867849541,59.0,False
娜斯提,perturb_039,39.4883429673,43.0,False
年,perturb_039,15.2493059292,60.0,False
幽灵鲨,perturb_039,42.7461823069,36.0,False
归溟幽灵鲨,perturb_039,51.4472386407,32.0,False
德克萨斯,perturb_039,54.3414540114,31.0,False
怒潮凛冬,perturb_039,29.3819641066,51.0,False
拉普兰德,perturb_039,38.5545937538,44.0,False
斩业星熊,perturb_039,61.9451742293,20.0,False
斯卡蒂,perturb_039,41.9349822459,39.0,False
新约能天使,perturb_039,94.0291275763,1.0,True
望,perturb_039,68.2036367016,14.0,False
棘刺,perturb_039,69.4033328596,11.0,False
死芒,perturb_039,59.474451755,24.0,False
泥岩,perturb_039,58.3918640625,26.0,False
浊心斯卡蒂,perturb_039,69.3536187028,12.0,False
温蒂,perturb_039,42.6828956917,37.0,False
焰狐龙梓兰,perturb_039,71.7663447517,8.0,True
煌,perturb_039,25.521562131,54.0,False
玛恩纳,perturb_039,69.7089699339,10.0,True
真言,perturb_039,55.440845167,30.0,False
纯烬艾雅法拉,perturb_039,58.1226213162,27.0,False
结城理,perturb_039,66.3386584822,16.0,False
维什戴尔,perturb_039,91.9673164112,2.0,True
维娜·维多利亚,perturb_039,59.9706571788,22.0,False
缄默德克萨斯,perturb_039,33.1241860658,47.0,False
缇缇,perturb_039,35.9803368607,45.0,False
缪尔赛思,perturb_039,39.9114278944,41.0,False
能天使,perturb_039,68.3216297927,13.0,False
艾雅法拉,perturb_039,28.5309439397,52.0,False
荒芜拉普兰德,perturb_039,62.5743445786,19.0,False
诗怀雅,perturb_039,31.4158528795,50.0,False
谬因,perturb_039,33.984331208,46.0,False
贝洛内,perturb_039,43.1889914092,35.0,False
赤刃明霄陈,perturb_039,70.628832431,9.0,True
逻各斯,perturb_039,65.7851174823,17.0,False
酒神,perturb_039,59.6070352318,23.0,False
重岳,perturb_039,55.9247763644,29.0,False
铃兰,perturb_039,32.5625853369,49.0,False
银灰,perturb_039,49.101179599,33.0,False
锏,perturb_039,33.1119606645,48.0,False
阿米娅,perturb_039,75.8936024959,5.0,True
陈,perturb_039,16.5674567711,58.0,False
霍尔海雅,perturb_039,19.8341432128,57.0,False
黍,perturb_039,39.4917420137,42.0,False
Mon3tr,perturb_040,58.9916546049,26.0,False
W,perturb_040,60.390625,23.0,False
予愿安洁莉娜,perturb_040,73.9008334439,7.0,True
令,perturb_040,60.6931720804,22.0,False
伊芙利特,perturb_040,22.8074929119,56.0,False
余,perturb_040,26.3786861456,54.0,False
佩佩,perturb_040,40.6315970094,41.0,False
凛御银灰,perturb_040,77.304849983,4.0,True
凯尔希,perturb_040,64.7859517834,18.0,False
凯尔希·思衡托,perturb_040,82.6863447108,3.0,True
史尔特尔,perturb_040,68.1292037619,13.0,False
司霆惊蛰,perturb_040,44.8190044342,35.0,False
塑心,perturb_040,41.7740089655,39.0,False
塞雷娅,perturb_040,75.3394307532,6.0,True
夕,perturb_040,23.096466937,55.0,False
夜莺,perturb_040,14.9420596246,60.0,False
娜斯提,perturb_040,38.5264066481,44.0,False
年,perturb_040,16.1688287196,59.0,False
幽灵鲨,perturb_040,47.5949219041,33.0,False
归溟幽灵鲨,perturb_040,52.2698434612,32.0,False
德克萨斯,perturb_040,59.5296153292,24.0,False
怒潮凛冬,perturb_040,28.9048070332,51.0,False
拉普兰德,perturb_040,41.3318991325,40.0,False
斩业星熊,perturb_040,61.188492127,20.0,False
斯卡蒂,perturb_040,44.0685967992,37.0,False
新约能天使,perturb_040,94.2662903257,1.0,True
望,perturb_040,67.6957414028,14.0,False
棘刺,perturb_040,65.8956987224,15.0,False
死芒,perturb_040,58.8413123655,27.0,False
泥岩,perturb_040,58.6409999371,28.0,False
浊心斯卡蒂,perturb_040,71.1173017178,9.0,True
温蒂,perturb_040,44.5945679034,36.0,False
焰狐龙梓兰,perturb_040,71.6497436603,8.0,True
煌,perturb_040,28.5501589692,52.0,False
玛恩纳,perturb_040,69.1194174533,12.0,False
真言,perturb_040,54.9107412167,31.0,False
纯烬艾雅法拉,perturb_040,59.2506121081,25.0,False
结城理,perturb_040,65.7752302122,16.0,False
维什戴尔,perturb_040,92.4443639395,2.0,True
维娜·维多利亚,perturb_040,60.9509683782,21.0,False
缄默德克萨斯,perturb_040,33.855869257,46.0,False
缇缇,perturb_040,34.8714922403,45.0,False
缪尔赛思,perturb_040,40.4424732512,42.0,False
能天使,perturb_040,70.0601090453,11.0,False
艾雅法拉,perturb_040,27.2827773534,53.0,False
荒芜拉普兰德,perturb_040,62.344844265,19.0,False
诗怀雅,perturb_040,29.7167545055,50.0,False
谬因,perturb_040,33.0961212598,47.0,False
贝洛内,perturb_040,42.7297101452,38.0,False
赤刃明霄陈,perturb_040,70.9810856893,10.0,True
逻各斯,perturb_040,65.2788866503,17.0,False
酒神,perturb_040,58.44860112,29.0,False
重岳,perturb_040,56.0575292023,30.0,False
铃兰,perturb_040,31.4715277297,49.0,False
银灰,perturb_040,47.3174330626,34.0,False
锏,perturb_040,32.8425125472,48.0,False
阿米娅,perturb_040,76.079314429,5.0,True
陈,perturb_040,17.921661555,58.0,False
霍尔海雅,perturb_040,18.8507819454,57.0,False
黍,perturb_040,38.8541448973,43.0,False
Mon3tr,perturb_041,58.9769626562,26.0,False
W,perturb_041,60.390625,24.0,False
予愿安洁莉娜,perturb_041,74.5163913867,7.0,True
令,perturb_041,63.4222790087,17.0,False
伊芙利特,perturb_041,21.6772985813,56.0,False
余,perturb_041,26.7658054959,53.0,False
佩佩,perturb_041,39.9553046332,42.0,False
凛御银灰,perturb_041,77.1114638348,4.0,True
凯尔希,perturb_041,62.7999246802,20.0,False
凯尔希·思衡托,perturb_041,80.1678412672,3.0,True
史尔特尔,perturb_041,70.6673294632,12.0,False
司霆惊蛰,perturb_041,44.3363295754,37.0,False
塑心,perturb_041,41.232913366,40.0,False
塞雷娅,perturb_041,74.9503028021,6.0,True
夕,perturb_041,24.8425387126,55.0,False
夜莺,perturb_041,13.8386914942,60.0,False
娜斯提,perturb_041,37.7088247709,44.0,False
年,perturb_041,16.8256264833,59.0,False
幽灵鲨,perturb_041,51.0582850286,33.0,False
归溟幽灵鲨,perturb_041,52.9690028336,32.0,False
德克萨斯,perturb_041,63.2354209787,19.0,False
怒潮凛冬,perturb_041,28.4992552644,52.0,False
拉普兰德,perturb_041,43.3156759143,38.0,False
斩业星熊,perturb_041,60.5453626795,23.0,False
斯卡蒂,perturb_041,45.5925973807,36.0,False
新约能天使,perturb_041,94.8300416283,1.0,True
望,perturb_041,67.2640641873,14.0,False
棘刺,perturb_041,63.3902619009,18.0,False
死芒,perturb_041,58.303186005,28.0,False
泥岩,perturb_041,58.8189529873,27.0,False
浊心斯卡蒂,perturb_041,72.3770671878,8.0,True
温蒂,perturb_041,45.9600392618,35.0,False
焰狐龙梓兰,perturb_041,71.5506404896,9.0,True
煌,perturb_041,30.7134284949,49.0,False
玛恩纳,perturb_041,68.6983112503,13.0,False
真言,perturb_041,54.4601881249,31.0,False
纯烬艾雅法拉,perturb_041,60.2093292399,25.0,False
结城理,perturb_041,65.2963536656,15.0,False
维什戴尔,perturb_041,92.7851099797,2.0,True
维娜·维多利亚,perturb_041,61.7841676811,21.0,False
缄默德克萨斯,perturb_041,34.4777512932,45.0,False
缇缇,perturb_041,33.9290480805,46.0,False
缪尔赛思,perturb_041,40.8390299203,41.0,False
能天使,perturb_041,71.3018719439,10.0,True
艾雅法拉,perturb_041,26.3912355327,54.0,False
荒芜拉普兰德,perturb_041,61.3471299563,22.0,False
诗怀雅,perturb_041,28.5031206249,51.0,False
谬因,perturb_041,32.3412018932,48.0,False
贝洛内,perturb_041,42.3393516251,39.0,False
赤刃明霄陈,perturb_041,71.2804775247,11.0,False
逻各斯,perturb_041,64.9172955272,16.0,False
酒神,perturb_041,57.4640091914,29.0,False
重岳,perturb_041,56.170360283,30.0,False
铃兰,perturb_041,30.6922058858,50.0,False
银灰,perturb_041,46.0433365982,34.0,False
锏,perturb_041,32.6500508457,47.0,False
阿米娅,perturb_041,76.2119649556,5.0,True
陈,perturb_041,18.8889444576,57.0,False
霍尔海雅,perturb_041,18.1483855632,58.0,False
黍,perturb_041,38.3936436694,43.0,False
Mon3tr,perturb_042,58.9331077066,25.0,False
W,perturb_042,60.390625,24.0,False
予愿安洁莉娜,perturb_042,76.353810183,5.0,True
令,perturb_042,63.8250651315,18.0,False
伊芙利特,perturb_042,21.5104943466,56.0,False
余,perturb_042,27.9213431327,52.0,False
佩佩,perturb_042,37.9365956906,43.0,False
凛御银灰,perturb_042,76.5342129883,4.0,True
凯尔希,perturb_042,62.5068089548,22.0,False
凯尔希·思衡托,perturb_042,81.8234362402,3.0,True
史尔特尔,perturb_042,71.0419288605,12.0,False
司霆惊蛰,perturb_042,42.8955621086,38.0,False
塑心,perturb_042,39.6177620442,42.0,False
塞雷娅,perturb_042,74.8928718026,7.0,True
夕,perturb_042,25.1002396746,55.0,False
夜莺,perturb_042,13.6758465112,60.0,False
娜斯提,perturb_042,35.2683716406,45.0,False
年,perturb_042,16.922562599,59.0,False
幽灵鲨,perturb_042,51.5694392786,33.0,False
归溟幽灵鲨,perturb_042,55.055968955,30.0,False
德克萨斯,perturb_042,63.782357075,19.0,False
怒潮凛冬,perturb_042,27.288697507,53.0,False
拉普兰德,perturb_042,43.608459517,37.0,False
斩业星熊,perturb_042,58.625643912,27.0,False
斯卡蒂,perturb_042,45.8175230804,36.0,False
新约能天使,perturb_042,94.9256013543,1.0,True
望,perturb_042,65.9755228908,14.0,False
棘刺,perturb_042,63.0204870221,21.0,False
死芒,perturb_042,56.696897757,28.0,False
泥岩,perturb_042,58.8452168975,26.0,False
浊心斯卡蒂,perturb_042,72.5629946955,8.0,True
温蒂,perturb_042,46.1615677944,34.0,False
焰狐龙梓兰,perturb_042,71.2548210129,11.0,False
煌,perturb_042,31.0327032495,48.0,False
玛恩纳,perturb_042,68.636160613,13.0,False
真言,perturb_042,53.115303002,32.0,False
纯烬艾雅法拉,perturb_042,63.0710661386,20.0,False
结城理,perturb_042,63.8669240269,17.0,False
维什戴尔,perturb_042,92.8354003421,2.0,True
维娜·维多利亚,perturb_042,64.2712382776,16.0,False
缄默德克萨斯,perturb_042,36.3340472857,44.0,False
缇缇,perturb_042,31.1158854305,47.0,False
缪尔赛思,perturb_042,41.3780740245,39.0,False
能天使,perturb_042,71.4851424703,10.0,True
艾雅法拉,perturb_042,26.2596537799,54.0,False
荒芜拉普兰德,perturb_042,61.825137212,23.0,False
诗怀雅,perturb_042,28.3240016316,51.0,False
谬因,perturb_042,30.0877941519,50.0,False
贝洛内,perturb_042,41.1741451805,40.0,False
赤刃明霄陈,perturb_042,72.1741516169,9.0,True
逻各斯,perturb_042,64.8639286602,15.0,False
酒神,perturb_042,54.5250369352,31.0,False
重岳,perturb_042,56.507157088,29.0,False
铃兰,perturb_042,30.5771865655,49.0,False
银灰,perturb_042,45.8552939936,35.0,False
锏,perturb_042,32.6216456184,46.0,False
阿米娅,perturb_042,76.2315427123,6.0,True
陈,perturb_042,19.0317047599,57.0,False
霍尔海雅,perturb_042,18.0447195937,58.0,False
黍,perturb_042,40.3903569485,41.0,False
Mon3tr,perturb_043,58.9877598923,24.0,False
W,perturb_043,60.390625,22.0,False
予愿安洁莉娜,perturb_043,74.0640127019,7.0,True
令,perturb_043,57.867211555,28.0,False
伊芙利特,perturb_043,23.9777968422,55.0,False
余,perturb_043,26.481308245,53.0,False
佩佩,perturb_043,40.4523175615,40.0,False
凛御银灰,perturb_043,77.2535849339,4.0,True
凯尔希,perturb_043,66.8424612364,15.0,False
凯尔希·思衡托,perturb_043,83.4259327301,3.0,True
史尔特尔,perturb_043,65.5010022186,18.0,False
司霆惊蛰,perturb_043,44.6910513694,34.0,False
塑心,perturb_043,41.6305690513,39.0,False
塞雷娅,perturb_043,75.7423685119,6.0,True
夕,perturb_043,21.2884286145,56.0,False
夜莺,perturb_043,16.0845853164,59.0,False
娜斯提,perturb_043,38.3096725361,44.0,False
年,perturb_043,15.4887217827,60.0,False
幽灵鲨,perturb_043,44.0086470778,35.0,False
归溟幽灵鲨,perturb_043,52.4551847584,32.0,False
德克萨斯,perturb_043,55.6922939066,30.0,False
怒潮凛冬,perturb_043,28.797298654,51.0,False
拉普兰德,perturb_043,39.2777198629,43.0,False
斩业星熊,perturb_043,61.0180038938,21.0,False
斯卡蒂,perturb_043,42.4905107815,38.0,False
新约能天使,perturb_043,94.1724613282,1.0,True
望,perturb_043,67.5813073864,14.0,False
棘刺,perturb_043,68.4900512864,13.0,False
死芒,perturb_043,58.6986595718,25.0,False
泥岩,perturb_043,58.4567314901,26.0,False
浊心斯卡蒂,perturb_043,69.8128282827,10.0,True
温蒂,perturb_043,43.1806371712,36.0,False
焰狐龙梓兰,perturb_043,71.6234722393,8.0,True
煌,perturb_043,26.3101169166,54.0,False
玛恩纳,perturb_043,69.555468344,11.0,False
真言,perturb_043,54.7913033634,31.0,False
纯烬艾雅法拉,perturb_043,59.5047599947,23.0,False
结城理,perturb_043,65.6482840482,17.0,False
维什戴尔,perturb_043,92.0915251229,2.0,True
维娜·维多利亚,perturb_043,61.171842539,20.0,False
缄默德克萨斯,perturb_043,34.0207249793,46.0,False
缇缇,perturb_043,34.6216581824,45.0,False
缪尔赛思,perturb_043,40.2689659688,41.0,False
能天使,perturb_043,68.7742770771,12.0,False
艾雅法拉,perturb_043,28.2059592067,52.0,False
荒芜拉普兰德,perturb_043,62.6104685398,19.0,False
诗怀雅,perturb_043,30.9734591818,50.0,False
谬因,perturb_043,32.8959984548,48.0,False
贝洛内,perturb_043,42.6262293691,37.0,False
赤刃明霄陈,perturb_043,71.0604519588,9.0,True
逻各斯,perturb_043,65.6533103232,16.0,False
酒神,perturb_043,58.1875940413,27.0,False
重岳,perturb_043,56.0874397773,29.0,False
铃兰,perturb_043,32.2785070183,49.0,False
银灰,perturb_043,48.6367460865,33.0,False
锏,perturb_043,33.0418045448,47.0,False
阿米娅,perturb_043,75.9419562522,5.0,True
陈,perturb_043,16.9200506355,58.0,False
霍尔海雅,perturb_043,19.5781057556,57.0,False
黍,perturb_043,40.1711618208,42.0,False
Mon3tr,perturb_044,58.9520444165,24.0,False
W,perturb_044,60.390625,22.0,False
予愿安洁莉娜,perturb_044,75.5604067713,7.0,True
令,perturb_044,57.7341752533,26.0,False
伊芙利特,perturb_044,24.0328906432,55.0,False
余,perturb_044,27.4223782232,53.0,False
佩佩,perturb_044,38.8082807772,43.0,False
凛御银灰,perturb_044,76.7834717811,4.0,True
凯尔希,perturb_044,66.9392744826,14.0,False
凯尔希·思衡托,perturb_044,83.2010070892,3.0,True
史尔特尔,perturb_044,65.3772757157,17.0,False
司霆惊蛰,perturb_044,43.5176901863,35.0,False
塑心,perturb_044,40.3151896376,41.0,False
塞雷娅,perturb_044,75.7613374072,6.0,True
夕,perturb_044,21.203312517,56.0,False
夜莺,perturb_044,16.1383714154,59.0,False
娜斯提,perturb_044,36.322167239,44.0,False
年,perturb_044,15.4567047355,60.0,False
幽灵鲨,perturb_044,43.8398178478,34.0,False
归溟幽灵鲨,perturb_044,54.1548101967,31.0,False
德克萨斯,perturb_044,55.5116462841,30.0,False
怒潮凛冬,perturb_044,27.8114202836,52.0,False
拉普兰德,perturb_044,39.1810163136,42.0,False
斩业星熊,perturb_044,59.454584719,23.0,False
斯卡蒂,perturb_044,42.4162200313,37.0,False
新约能天使,perturb_044,94.5359799225,1.0,True
望,perturb_044,66.5319192131,15.0,False
棘刺,perturb_044,68.6121842982,13.0,False
死芒,perturb_044,57.3904982464,27.0,False
泥岩,perturb_044,58.4480567785,25.0,False
浊心斯卡蒂,perturb_044,69.7514182524,10.0,True
温蒂,perturb_044,43.1140742756,36.0,False
焰狐龙梓兰,perturb_044,71.382556825,9.0,True
煌,perturb_044,26.2046636,54.0,False
玛恩纳,perturb_044,69.5759960893,11.0,False
真言,perturb_044,53.6960287718,32.0,False
纯烬艾雅法拉,perturb_044,61.835358839,21.0,False
结城理,perturb_044,64.4841563936,18.0,False
维什戴尔,perturb_044,92.0749147099,2.0,True
维娜·维多利亚,perturb_044,63.1973131057,19.0,False
缄默德克萨斯,perturb_044,35.5324926392,45.0,False
缇缇,perturb_044,32.3306182115,47.0,False
缪尔赛思,perturb_044,40.7417438667,40.0,False
能天使,perturb_044,68.7137446216,12.0,False
艾雅法拉,perturb_044,28.2494193677,51.0,False
荒芜拉普兰德,perturb_044,62.4018722372,20.0,False
诗怀雅,perturb_044,31.0326204266,50.0,False
谬因,perturb_044,31.060822943,49.0,False
贝洛内,perturb_044,41.6772851127,39.0,False
赤刃明霄陈,perturb_044,71.7882602376,8.0,True
逻各斯,perturb_044,65.6709368754,16.0,False
酒神,perturb_044,55.7940947134,29.0,False
重岳,perturb_044,56.3617271323,28.0,False
铃兰,perturb_044,32.3164967705,48.0,False
银灰,perturb_044,48.6988547125,33.0,False
锏,perturb_044,33.0511865125,46.0,False
阿米娅,perturb_044,75.9354899114,5.0,True
陈,perturb_044,16.8728983094,58.0,False
霍尔海雅,perturb_044,19.6123456075,57.0,False
黍,perturb_044,42.0549040066,38.0,False
Mon3tr,perturb_045,59.0074203056,26.0,False
W,perturb_045,60.390625,21.0,False
予愿安洁莉娜,perturb_045,73.2402878258,7.0,True
令,perturb_045,59.2023103831,25.0,False
伊芙利特,perturb_045,23.4248976096,55.0,False
余,perturb_045,25.9632744148,54.0,False
佩佩,perturb_045,41.3573157998,40.0,False
凛御银灰,perturb_045,77.5123696394,4.0,True
凯尔希,perturb_045,65.8708824277,17.0,False
凯尔希·思衡托,perturb_045,81.1273635645,3.0,True
史尔特尔,perturb_045,66.7426716506,15.0,False
司霆惊蛰,perturb_045,45.3369552894,35.0,False
塑心,perturb_045,42.3546502054,39.0,False
塞雷娅,perturb_045,75.5520043067,6.0,True
夕,perturb_045,22.1426195431,56.0,False
夜莺,perturb_045,15.5448096548,60.0,False
娜斯提,perturb_045,39.4037409959,43.0,False
年,perturb_045,15.8100319943,59.0,False
幽灵鲨,perturb_045,45.7029493424,34.0,False
归溟幽灵鲨,perturb_045,51.5195864542,32.0,False
德克萨斯,perturb_045,57.5052008062,29.0,False
怒潮凛冬,perturb_045,29.3399983046,51.0,False
拉普兰德,perturb_045,40.248197798,41.0,False
斩业星熊,perturb_045,61.8786242963,19.0,False
斯卡蒂,perturb_045,43.2360628775,37.0,False
新约能天使,perturb_045,94.4038345628,1.0,True
望,perturb_045,68.1589674832,13.0,False
棘刺,perturb_045,67.2643734906,14.0,False
死芒,perturb_045,59.4187673615,24.0,False
泥岩,perturb_045,58.5437874081,27.0,False
浊心斯卡蒂,perturb_045,70.4291146529,10.0,True
温蒂,perturb_045,43.8486356258,36.0,False
焰狐龙梓兰,perturb_045,71.7560897255,8.0,True
煌,perturb_045,27.368403999,53.0,False
玛恩纳,perturb_045,69.3494601468,12.0,False
真言,perturb_045,55.3942227052,31.0,False
纯烬艾雅法拉,perturb_045,58.2218277219,28.0,False
结城理,perturb_045,66.2891051579,16.0,False
维什戴尔,perturb_045,92.2582205478,2.0,True
维娜·维多利亚,perturb_045,60.0568752147,22.0,False
缄默德克萨斯,perturb_045,33.188537353,47.0,False
缇缇,perturb_045,35.8828143543,45.0,False
缪尔赛思,perturb_045,40.124748683,42.0,False
能天使,perturb_045,69.3817564592,11.0,False
艾雅法拉,perturb_045,27.7698105063,52.0,False
荒芜拉普兰德,perturb_045,61.8079177209,20.0,False
诗怀雅,perturb_045,30.3797407184,50.0,False
谬因,perturb_045,33.9062134458,46.0,False
贝洛内,perturb_045,43.1485977786,38.0,False
赤刃明霄陈,perturb_045,70.659812985,9.0,True
逻各斯,perturb_045,65.4764173332,18.0,False
酒神,perturb_045,59.5051513465,23.0,False
重岳,perturb_045,55.9364519312,30.0,False
铃兰,perturb_045,31.8972571413,49.0,False
银灰,perturb_045,48.0134488903,33.0,False
锏,perturb_045,32.9476508898,48.0,False
阿米娅,perturb_045,76.0068498483,5.0,True
陈,perturb_045,17.3932524205,58.0,False
霍尔海雅,perturb_045,19.2344883703,57.0,False
黍,perturb_045,38.6850614696,44.0,False
Mon3tr,perturb_046,58.940392712,26.0,False
W,perturb_046,60.390625,24.0,False
予愿安洁莉娜,perturb_046,76.0485856655,6.0,True
令,perturb_046,63.5872813468,18.0,False
伊芙利特,perturb_046,21.6089668113,56.0,False
余,perturb_046,27.7293899327,52.0,False
佩佩,perturb_046,38.2719353879,43.0,False
凛御银灰,perturb_046,76.6301035449,4.0,True
凯尔希,perturb_046,62.6798490935,21.0,False
凯尔希·思衡托,perturb_046,83.0872169131,3.0,True
史尔特尔,perturb_046,70.820785039,12.0,False
司霆惊蛰,perturb_046,43.1348965247,38.0,False
塑心,perturb_046,39.8860643952,42.0,False
塞雷娅,perturb_046,74.9267760501,7.0,True
夕,perturb_046,24.9481065533,55.0,False
夜莺,perturb_046,13.7719816415,60.0,False
娜斯提,perturb_046,35.6737697625,45.0,False
年,perturb_046,16.8653366045,59.0,False
幽灵鲨,perturb_046,51.2676806398,33.0,False
归溟幽灵鲨,perturb_046,54.7092906535,31.0,False
德克萨斯,perturb_046,63.4594747124,19.0,False
怒潮凛冬,perturb_046,27.4897904251,53.0,False
拉普兰德,perturb_046,43.4356154462,37.0,False
斩业星熊,perturb_046,58.9445397651,25.0,False
斯卡蒂,perturb_046,45.6847387536,36.0,False
新约能天使,perturb_046,94.6590859432,1.0,True
望,perturb_046,66.1895701163,14.0,False
棘刺,perturb_046,63.2387827011,20.0,False
死芒,perturb_046,56.9637278104,28.0,False
泥岩,perturb_046,58.8297120635,27.0,False
浊心斯卡蒂,perturb_046,72.4532328543,8.0,True
温蒂,perturb_046,46.042595927,34.0,False
焰狐龙梓兰,perturb_046,71.3039613381,11.0,False
煌,perturb_046,30.8442201931,48.0,False
玛恩纳,perturb_046,68.672851087,13.0,False
真言,perturb_046,53.3387098342,32.0,False
纯烬艾雅法拉,perturb_046,62.5956860751,22.0,False
结城理,perturb_046,64.1043750493,16.0,False
维什戴尔,perturb_046,92.8057115519,2.0,True
维娜·维多利亚,perturb_046,63.8580962523,17.0,False
缄默德克萨斯,perturb_046,36.0256869654,44.0,False
缇缇,perturb_046,31.5831965379,47.0,False
缪尔赛思,perturb_046,41.2751809823,40.0,False
能天使,perturb_046,71.3769491713,10.0,True
艾雅法拉,perturb_046,26.33733274,54.0,False
荒芜拉普兰德,perturb_046,62.3195409666,23.0,False
诗怀雅,perturb_046,28.4297440833,51.0,False
谬因,perturb_046,30.4621210566,50.0,False
贝洛内,perturb_046,41.3677045234,39.0,False
赤刃明霄陈,perturb_046,72.0256981211,9.0,True
逻各斯,perturb_046,64.8954336573,15.0,False
酒神,perturb_046,55.0132470214,30.0,False
重岳,perturb_046,56.4512097762,29.0,False
铃兰,perturb_046,30.6450879348,49.0,False
银灰,perturb_046,45.966304477,35.0,False
锏,perturb_046,32.6384145736,46.0,False
阿米娅,perturb_046,76.2199850324,5.0,True
陈,perturb_046,18.9474265709,57.0,False
霍尔海雅,perturb_046,18.1059185406,58.0,False
黍,perturb_046,40.1302015328,41.0,False
Mon3tr,perturb_047,58.9003811055,25.0,False
W,perturb_047,60.390625,24.0,False
予愿安洁莉娜,perturb_047,77.7249774616,4.0,True
令,perturb_047,62.5670984259,21.0,False
伊芙利特,perturb_047,22.0314511564,56.0,False
余,perturb_047,28.7836590075,51.0,False
佩佩,perturb_047,36.4301412816,44.0,False
凛御银灰,perturb_047,76.1034415855,6.0,True
凯尔希,perturb_047,63.4222571356,19.0,False
凯尔希·思衡托,perturb_047,82.8009154909,3.0,True
史尔特尔,perturb_047,69.8719938924,12.0,False
司霆惊蛰,perturb_047,41.8203944818,39.0,False
塑心,perturb_047,38.4124610824,42.0,False
塞雷娅,perturb_047,75.0722381739,7.0,True
夕,perturb_047,24.2953975716,55.0,False
夜莺,perturb_047,14.1844379327,60.0,False
娜斯提,perturb_047,33.4471921229,45.0,False
年,perturb_047,16.6198153117,59.0,False
幽灵鲨,perturb_047,49.9730212507,33.0,False
归溟幽灵鲨,perturb_047,56.6133600424,29.0,False
德克萨斯,perturb_047,62.0741865096,23.0,False
怒潮凛冬,perturb_047,26.3853230618,54.0,False
拉普兰德,perturb_047,42.6940486095,38.0,False
斩业星熊,perturb_047,57.193060571,27.0,False
斯卡蒂,perturb_047,45.1150434629,36.0,False
新约能天使,perturb_047,95.0567761327,1.0,True
望,perturb_047,65.0139535053,17.0,False
棘刺,perturb_047,64.1753542324,18.0,False
死芒,perturb_047,55.4982108327,30.0,False
泥岩,perturb_047,58.7631904257,26.0,False
浊心斯卡蒂,perturb_047,71.9823127875,9.0,True
温蒂,perturb_047,45.5321613432,35.0,False
焰狐龙梓兰,perturb_047,71.0340667746,10.0,True
煌,perturb_047,30.035556157,48.0,False
玛恩纳,perturb_047,68.8302671822,13.0,False
真言,perturb_047,52.1116872354,32.0,False
纯烬艾雅法拉,perturb_047,65.2066271785,15.0,False
结城理,perturb_047,62.8002172144,20.0,False
维什戴尔,perturb_047,92.6783353443,2.0,True
维娜·维多利亚,perturb_047,66.1272059145,14.0,False
缄默德克萨斯,perturb_047,37.7193016052,43.0,False
缇缇,perturb_047,29.0165727518,49.0,False
缪尔赛思,perturb_047,41.7124515932,40.0,False
能天使,perturb_047,70.9127587478,11.0,False
艾雅法拉,perturb_047,26.6706050385,53.0,False
荒芜拉普兰德,perturb_047,62.0788341432,22.0,False
诗怀雅,perturb_047,28.8834194393,50.0,False
谬因,perturb_047,28.4061965942,52.0,False
贝洛内,perturb_047,40.3046139921,41.0,False
赤刃明霄陈,perturb_047,72.8410527477,8.0,True
逻各斯,perturb_047,65.0306020834,16.0,False
酒神,perturb_047,52.3318392829,31.0,False
重岳,perturb_047,56.7584905126,28.0,False
铃兰,perturb_047,30.9364106481,47.0,False
银灰,perturb_047,46.442581694,34.0,False
锏,perturb_047,32.7103597725,46.0,False
阿米娅,perturb_047,76.1703981876,5.0,True
陈,perturb_047,18.5858410695,57.0,False
霍尔海雅,perturb_047,18.3684853113,58.0,False
黍,perturb_047,42.7264167272,37.0,False
Mon3tr,perturb_048,59.0052073275,27.0,False
W,perturb_048,60.390625,23.0,False
予愿安洁莉娜,perturb_048,73.3330063816,7.0,True
令,perturb_048,62.4665732475,20.0,False
伊芙利特,perturb_048,22.0730812536,56.0,False
余,perturb_048,26.0215843554,54.0,False
佩佩,perturb_048,41.255449106,41.0,False
凛御银灰,perturb_048,77.4832408066,4.0,True
凯尔希,perturb_048,63.4954113703,18.0,False
凯尔希·思衡托,perturb_048,83.0744550542,3.0,True
史尔特尔,perturb_048,69.7785034043,12.0,False
司霆惊蛰,perturb_048,45.2642522785,36.0,False
塑心,perturb_048,42.273147557,40.0,False
塞雷娅,perturb_048,75.0865714916,6.0,True
夕,perturb_048,24.2310819616,55.0,False
夜莺,perturb_048,14.2250799013,60.0,False
娜斯提,perturb_048,39.2805925388,43.0,False
年,perturb_048,16.5956225212,59.0,False
幽灵鲨,perturb_048,49.8454501422,33.0,False
归溟幽灵鲨,perturb_048,51.6248974945,32.0,False
德克萨斯,perturb_048,61.9376851618,21.0,False
怒潮凛冬,perturb_048,29.2789119767,51.0,False
拉普兰德,perturb_048,42.6209772641,39.0,False
斩业星熊,perturb_048,61.7817527762,22.0,False
斯卡蒂,perturb_048,45.0589077254,37.0,False
新约能天使,perturb_048,94.0741129393,1.0,True
望,perturb_048,68.0939460039,14.0,False
棘刺,perturb_048,64.2676406433,17.0,False
死芒,perturb_048,59.3377119554,26.0,False
泥岩,perturb_048,58.7566356213,28.0,False
浊心斯卡蒂,perturb_048,71.9359100074,8.0,True
温蒂,perturb_048,45.4818649439,35.0,False
焰狐龙梓兰,perturb_048,71.7411622877,9.0,True
煌,perturb_048,29.9558732935,50.0,False
玛恩纳,perturb_048,68.8457784016,13.0,False
真言,perturb_048,55.3263580428,31.0,False
纯烬艾雅法拉,perturb_048,58.366234709,29.0,False
结城理,perturb_048,66.2169742686,15.0,False
维什戴尔,perturb_048,92.6657841481,2.0,True
维娜·维多利亚,perturb_048,60.1823760501,24.0,False
缄默德克萨斯,perturb_048,33.2822084769,47.0,False
缇缇,perturb_048,35.7408584873,45.0,False
缪尔赛思,perturb_048,40.4386383535,42.0,False
能天使,perturb_048,70.8670190827,10.0,True
艾雅法拉,perturb_048,26.7034444995,53.0,False
荒芜拉普兰德,perturb_048,62.538773649,19.0,False
诗怀雅,perturb_048,28.9281229872,52.0,False
谬因,perturb_048,33.7925035436,46.0,False
贝洛内,perturb_048,43.0897999373,38.0,False
赤刃明霄陈,perturb_048,70.7049089486,11.0,False
逻各斯,perturb_048,65.0439210969,16.0,False
酒神,perturb_048,59.3568469622,25.0,False
重岳,perturb_048,55.9534471385,30.0,False
铃兰,perturb_048,30.9651165469,49.0,False
银灰,perturb_048,46.4895123485,34.0,False
锏,perturb_048,32.7174489952,48.0,False
阿米娅,perturb_048,76.1655120771,5.0,True
陈,perturb_048,18.5502117267,57.0,False
霍尔海雅,perturb_048,18.3943577023,58.0,False
黍,perturb_048,37.4686259975,44.0,False
Mon3tr,perturb_049,58.9506866716,26.0,False
W,perturb_049,60.390625,24.0,False
予愿安洁莉娜,perturb_049,75.6172930733,6.0,True
令,perturb_049,62.8362131383,20.0,False
伊芙利特,perturb_049,21.9200037378,56.0,False
余,perturb_049,27.4581535528,53.0,False
佩佩,perturb_049,38.7457817503,43.0,False
凛御银灰,perturb_049,76.7656001527,4.0,True
凯尔希,perturb_049,63.2264168381,19.0,False
凯尔希·思衡托,perturb_049,81.4122160734,3.0,True
史尔特尔,perturb_049,70.1222761225,12.0,False
司霆惊蛰,perturb_049,43.4730841697,37.0,False
塑心,perturb_049,40.2651847144,41.0,False
塞雷娅,perturb_049,75.0338666262,7.0,True
夕,perturb_049,24.4675760959,55.0,False
夜莺,perturb_049,14.0756358209,60.0,False
娜斯提,perturb_049,36.2466110543,44.0,False
年,perturb_049,16.6845815323,59.0,False
幽灵鲨,perturb_049,50.3145402881,33.0,False
归溟幽灵鲨,perturb_049,54.2194224589,31.0,False
德克萨斯,perturb_049,62.4396125804,21.0,False
怒潮凛冬,perturb_049,27.7739415366,52.0,False
拉普兰德,perturb_049,42.8896670049,38.0,False
斩业星熊,perturb_049,59.3951504181,25.0,False
斯卡蒂,perturb_049,45.2653237521,36.0,False
新约能天使,perturb_049,94.8419408345,1.0,True
望,perturb_049,66.4920261035,14.0,False
棘刺,perturb_049,63.9282954225,17.0,False
死芒,perturb_049,57.340767723,28.0,False
泥岩,perturb_049,58.7807382116,27.0,False
浊心斯卡蒂,perturb_049,72.1065370965,8.0,True
温蒂,perturb_049,45.6668092122,35.0,False
焰狐龙梓兰,perturb_049,71.3733982836,10.0,True
煌,perturb_049,30.248874166,50.0,False
玛恩纳,perturb_049,68.7887422887,13.0,False
真言,perturb_049,53.654391263,32.0,False
纯烬艾雅法拉,perturb_049,61.923957927,22.0,False
结城理,perturb_049,64.439901395,16.0,False
维什戴尔,perturb_049,92.7119359965,2.0,True
维娜·维多利亚,perturb_049,63.2743125625,18.0,False
缄默德克萨斯,perturb_049,35.5899633774,45.0,False
缇缇,perturb_049,32.2435229774,47.0,False
缪尔赛思,perturb_049,41.0996970919,40.0,False
能天使,perturb_049,71.0352078398,11.0,False
艾雅法拉,perturb_049,26.5826909234,54.0,False
荒芜拉普兰德,perturb_049,61.7292734174,23.0,False
诗怀雅,perturb_049,28.7637441238,51.0,False
谬因,perturb_049,30.9910576648,48.0,False
贝洛内,perturb_049,41.6412104378,39.0,False
赤刃明霄陈,perturb_049,71.815928298,9.0,True
逻各斯,perturb_049,64.9949459168,15.0,False
酒神,perturb_049,55.7031044264,30.0,False
重岳,perturb_049,56.3721543277,29.0,False
铃兰,perturb_049,30.8595624412,49.0,False
银灰,perturb_049,46.3169442189,34.0,False
锏,perturb_049,32.691381302,46.0,False
阿米娅,perturb_049,76.1834787334,5.0,True
陈,perturb_049,18.6812239427,57.0,False
霍尔海雅,perturb_049,18.2992226531,58.0,False
黍,perturb_049,39.9559812898,42.0,False
Mon3tr,perturb_050,59.0188049348,25.0,False
W,perturb_050,60.390625,21.0,False
予愿安洁莉娜,perturb_050,72.7632987565,7.0,True
令,perturb_050,57.4376321835,28.0,False
伊芙利特,perturb_050,24.1556968597,55.0,False
余,perturb_050,25.6632998945,54.0,False
佩佩,perturb_050,41.8813673125,40.0,False
凛御银灰,perturb_050,77.6622224354,4.0,True
凯尔希,perturb_050,67.1550749585,15.0,False
凯尔希·思衡托,perturb_050,82.4800875972,3.0,True
史尔特尔,perturb_050,65.1014845478,18.0,False
司霆惊蛰,perturb_050,45.7109747206,34.0,False
塑心,perturb_050,42.773939225,38.0,False
塞雷娅,perturb_050,75.8036198095,6.0,True
夕,perturb_050,21.0135854384,56.0,False
夜莺,perturb_050,16.2582627136,59.0,False
娜斯提,perturb_050,40.0372761865,41.0,False
年,perturb_050,15.3853374969,60.0,False
幽灵鲨,perturb_050,43.4634909541,35.0,False
归溟幽灵鲨,perturb_050,50.9778155581,32.0,False
德克萨斯,perturb_050,55.1089757356,31.0,False
怒潮凛冬,perturb_050,29.6542559029,51.0,False
拉普兰德,perturb_050,38.9654603562,43.0,False
斩业星熊,perturb_050,62.3769782208,19.0,False
斯卡蒂,perturb_050,42.2506230713,39.0,False
新约能天使,perturb_050,94.0576191109,1.0,True
望,perturb_050,68.4934694024,14.0,False
棘刺,perturb_050,68.8844235127,12.0,False
死芒,perturb_050,59.8357555505,23.0,False
泥岩,perturb_050,58.4287205102,26.0,False
浊心斯卡蒂,perturb_050,69.6145329161,11.0,False
温蒂,perturb_050,42.9657030029,37.0,False
焰狐龙梓兰,perturb_050,71.8328836808,8.0,True
煌,perturb_050,25.9696040721,53.0,False
玛恩纳,perturb_050,69.6217532287,10.0,True
真言,perturb_050,55.743351333,30.0,False
纯烬艾雅法拉,perturb_050,57.4789283771,27.0,False
结城理,perturb_050,66.6601813188,16.0,False
维什戴尔,perturb_050,92.0378894561,2.0,True
维娜·维多利亚,perturb_050,59.4112382529,24.0,False
缄默德克萨斯,perturb_050,32.7066478134,48.0,False
缇缇,perturb_050,36.6131039524,45.0,False
缪尔赛思,perturb_050,39.8300031667,42.0,False
能天使,perturb_050,68.5788154335,13.0,False
艾雅法拉,perturb_050,28.3462937502,52.0,False
荒芜拉普兰德,perturb_050,62.3603700202,20.0,False
诗怀雅,perturb_050,31.164493133,50.0,False
谬因,perturb_050,34.4911921471,46.0,False
贝洛内,perturb_050,43.4510822958,36.0,False
赤刃明霄陈,perturb_050,70.4278175497,9.0,True
逻各斯,perturb_050,65.7102271431,17.0,False
酒神,perturb_050,60.2681007862,22.0,False
重岳,perturb_050,55.8490203697,29.0,False
铃兰,perturb_050,32.4011773997,49.0,False
银灰,perturb_050,48.8372972458,33.0,False
锏,perturb_050,33.0720992818,47.0,False
阿米娅,perturb_050,75.9210761873,5.0,True
陈,perturb_050,16.7677939478,58.0,False
霍尔海雅,perturb_050,19.6886675637,57.0,False
黍,perturb_050,38.8007445678,44.0,False
Mon3tr,perturb_051,58.9261871419,23.0,False
W,perturb_051,60.390625,22.0,False
予愿安洁莉娜,perturb_051,76.643765495,4.0,True
令,perturb_051,58.2368819457,26.0,False
伊芙利特,perturb_051,23.8247066956,55.0,False
余,perturb_051,28.1036936544,51.0,False
佩佩,perturb_051,37.6180317452,43.0,False
凛御银灰,perturb_051,76.4431194664,5.0,True
凯尔希,perturb_051,66.5734445088,14.0,False
凯尔希·思衡托,perturb_051,83.7416513378,3.0,True
史尔特尔,perturb_051,65.8448033024,15.0,False
司霆惊蛰,perturb_051,42.6682006702,38.0,False
塑心,perturb_051,39.3628818251,42.0,False
塞雷娅,perturb_051,75.6896592977,7.0,True
夕,perturb_051,21.5249422625,56.0,False
夜莺,perturb_051,15.935128905,59.0,False
娜斯提,perturb_051,34.8832540233,45.0,False
年,perturb_051,15.5776881341,60.0,False
幽灵鲨,perturb_051,44.4777759295,34.0,False
归溟幽灵鲨,perturb_051,55.3853042781,30.0,False
德克萨斯,perturb_051,56.1942627406,29.0,False
怒潮凛冬,perturb_051,27.0976644922,53.0,False
拉普兰德,perturb_051,39.5464317739,41.0,False
斩业星熊,perturb_051,58.3227011886,25.0,False
斯卡蒂,perturb_051,42.6969438401,37.0,False
新约能天使,perturb_051,94.6825130091,1.0,True
望,perturb_051,65.7721836225,16.0,False
棘刺,perturb_051,68.1506780653,13.0,False
死芒,perturb_051,56.4434161822,28.0,False
泥岩,perturb_051,58.4808360692,24.0,False
浊心斯卡蒂,perturb_051,69.9834694506,10.0,True
温蒂,perturb_051,43.3655966997,35.0,False
焰狐龙梓兰,perturb_051,71.2081389888,9.0,True
煌,perturb_051,26.6031419654,54.0,False
玛恩纳,perturb_051,69.4984275249,11.0,False
真言,perturb_051,52.9030723521,32.0,False
纯烬艾雅法拉,perturb_051,63.5226647709,20.0,False
结城理,perturb_051,63.6413517634,19.0,False
维什戴尔,perturb_051,92.1376807793,2.0,True
维娜·维多利亚,perturb_051,64.6637124006,18.0,False
缄默德克萨斯,perturb_051,36.6269815284,44.0,False
缇缇,perturb_051,30.6719520955,49.0,False
缪尔赛思,perturb_051,41.1316430581,39.0,False
能天使,perturb_051,68.9424797118,12.0,False
艾雅法拉,perturb_051,28.0851956669,52.0,False
荒芜拉普兰德,perturb_051,62.5139647247,21.0,False
诗怀雅,perturb_051,30.809066755,48.0,False
谬因,perturb_051,29.7321933787,50.0,False
贝洛内,perturb_051,40.9902688651,40.0,False
赤刃明霄陈,perturb_051,72.3151785569,8.0,True
逻各斯,perturb_051,65.6043311021,17.0,False
酒神,perturb_051,54.0612501168,31.0,False
重岳,perturb_051,56.5603055715,27.0,False
铃兰,perturb_051,32.172944203,47.0,False
银灰,perturb_051,48.4641637179,33.0,False
锏,perturb_051,33.0157347006,46.0,False
阿米娅,perturb_051,75.959924391,6.0,True
陈,perturb_051,17.0510736617,58.0,False
霍尔海雅,perturb_051,19.4829628565,57.0,False
黍,perturb_051,43.2276323853,36.0,False
Mon3tr,perturb_052,58.9574762554,24.0,False
W,perturb_052,60.390625,22.0,False
予愿安洁莉娜,perturb_052,75.3328255504,7.0,True
令,perturb_052,58.3864821591,26.0,False
伊芙利特,perturb_052,23.7627533469,55.0,False
余,perturb_052,27.2792542567,53.0,False
佩佩,perturb_052,39.0583164504,43.0,False
凛御银灰,perturb_052,76.8549696088,4.0,True
凯尔希,perturb_052,66.4645773642,15.0,False
凯尔希·思衡托,perturb_052,82.5370190116,3.0,True
史尔特尔,perturb_052,65.9839345848,16.0,False
司霆惊蛰,perturb_052,43.6961424912,35.0,False
塑心,perturb_052,40.5152409871,41.0,False
塞雷娅,perturb_052,75.6683286478,6.0,True
夕,perturb_052,21.620655885,56.0,False
夜莺,perturb_052,15.874646076,59.0,False
娜斯提,perturb_052,36.6244398096,44.0,False
年,perturb_052,15.6136915184,60.0,False
幽灵鲨,perturb_052,44.667625531,34.0,False
归溟幽灵鲨,perturb_052,53.8963202439,31.0,False
德克萨斯,perturb_052,56.3974022037,28.0,False
怒潮凛冬,perturb_052,27.9613589981,52.0,False
拉普兰德,perturb_052,39.6551755636,42.0,False
斩业星熊,perturb_052,59.6923595484,23.0,False
斯卡蒂,perturb_052,42.780484287,37.0,False
新约能天使,perturb_052,94.5972304475,1.0,True
望,perturb_052,66.6915169064,14.0,False
棘刺,perturb_052,68.0133386744,13.0,False
死芒,perturb_052,57.5894518226,27.0,False
泥岩,perturb_052,58.4905908406,25.0,False
浊心斯卡蒂,perturb_052,70.0525254415,10.0,True
温蒂,perturb_052,43.4404471222,36.0,False
焰狐龙梓兰,perturb_052,71.4191967885,9.0,True
煌,perturb_052,26.7217249273,54.0,False
玛恩纳,perturb_052,69.4753439376,11.0,False
真言,perturb_052,53.8626051663,32.0,False
纯烬艾雅法拉,perturb_052,61.4809063981,21.0,False
结城理,perturb_052,64.6612044041,18.0,False
维什戴尔,perturb_052,92.1563593001,2.0,True
维娜·维多利亚,perturb_052,62.889266533,19.0,False
缄默德克萨斯,perturb_052,35.3025733039,45.0,False
缇缇,perturb_052,32.6790542849,47.0,False
缪尔赛思,perturb_052,40.7093423684,40.0,False
能天使,perturb_052,69.010548864,12.0,False
艾雅法拉,perturb_052,28.0363244243,51.0,False
荒芜拉普兰德,perturb_052,62.1721707134,20.0,False
诗怀雅,perturb_052,30.7425395385,50.0,False
谬因,perturb_052,31.3399282216,49.0,False
贝洛内,perturb_052,41.82160665,38.0,False
赤刃明霄陈,perturb_052,71.67757048,8.0,True
逻各斯,perturb_052,65.5845099259,17.0,False
酒神,perturb_052,56.1581134638,30.0,False
重岳,perturb_052,56.3200117497,29.0,False
铃兰,perturb_052,32.1302244719,48.0,False
银灰,perturb_052,48.3943221514,33.0,False
锏,perturb_052,33.005184615,46.0,False
阿米娅,perturb_052,75.9671958346,5.0,True
陈,perturb_052,17.1040967687,58.0,False
霍尔海雅,perturb_052,19.4444599134,57.0,False
黍,perturb_052,41.5114188434,39.0,False
Mon3tr,perturb_053,58.9905362618,26.0,False
W,perturb_053,60.390625,24.0,False
予愿安洁莉娜,perturb_053,73.9476893774,7.0,True
令,perturb_053,64.734310927,18.0,False
伊芙利特,perturb_053,21.1339519574,56.0,False
余,perturb_053,26.4081534586,53.0,False
佩佩,perturb_053,40.580118004,42.0,False
凛御银灰,perturb_053,77.2901295353,4.0,True
凯尔希,perturb_053,61.845132135,20.0,False
凯尔希·思衡托,perturb_053,80.0480335832,3.0,True
史尔特尔,perturb_053,71.8875461936,10.0,True
司霆惊蛰,perturb_053,44.7822634882,37.0,False
塑心,perturb_053,41.7328210647,40.0,False
塞雷娅,perturb_053,74.7632275773,6.0,True
夕,perturb_053,25.681971524,55.0,False
夜莺,perturb_053,13.3082417014,60.0,False
娜斯提,perturb_053,38.4641727632,43.0,False
年,perturb_053,17.1413853204,59.0,False
幽灵鲨,perturb_053,52.723314316,32.0,False
归溟幽灵鲨,perturb_053,52.3230630898,33.0,False
德克萨斯,perturb_053,65.0170057326,16.0,False
怒潮凛冬,perturb_053,28.8739366546,51.0,False
拉普兰德,perturb_053,44.2693866061,38.0,False
斩业星熊,perturb_053,61.1395374656,22.0,False
斯卡蒂,perturb_053,46.3252683456,35.0,False
新约能天使,perturb_053,94.7383664099,1.0,True
望,perturb_053,67.6628823695,14.0,False
棘刺,perturb_053,62.1857605143,19.0,False
死芒,perturb_053,58.8003504816,28.0,False
泥岩,perturb_053,58.9045048136,27.0,False
浊心斯卡蒂,perturb_053,72.9827057904,8.0,True
温蒂,perturb_053,46.6164965033,34.0,False
焰狐龙梓兰,perturb_053,71.6421999812,11.0,False
煌,perturb_053,31.7534312284,49.0,False
玛恩纳,perturb_053,68.4958623196,13.0,False
真言,perturb_053,54.876445362,31.0,False
纯烬艾雅法拉,perturb_053,59.3235891312,25.0,False
结城理,perturb_053,65.7387783917,15.0,False
维什戴尔,perturb_053,92.9489253569,2.0,True
维娜·维多利亚,perturb_053,61.0143910529,23.0,False
缄默德克萨斯,perturb_053,33.9032065771,46.0,False
缇缇,perturb_053,34.7997539069,45.0,False
缪尔赛思,perturb_053,40.8044776641,41.0,False
能天使,perturb_053,71.8988557194,9.0,True
艾雅法拉,perturb_053,25.9626223065,54.0,False
荒芜拉普兰德,perturb_053,61.3448792603,21.0,False
诗怀雅,perturb_053,27.9196600165,52.0,False
谬因,perturb_053,33.0386572109,47.0,False
贝洛内,perturb_053,42.6999962684,39.0,False
赤刃明霄陈,perturb_053,71.0038752319,12.0,False
逻各斯,perturb_053,64.7434587714,17.0,False
酒神,perturb_053,58.3736545215,29.0,False
重岳,perturb_053,56.0661178424,30.0,False
铃兰,perturb_053,30.3175429793,50.0,False
银灰,perturb_053,45.4308082978,36.0,False
锏,perturb_053,32.5575239121,48.0,False
阿米娅,perturb_053,76.2757373652,5.0,True
陈,perturb_053,19.3539705909,57.0,False
霍尔海雅,perturb_053,17.8107049603,58.0,False
黍,perturb_053,37.1574029299,44.0,False
Mon3tr,perturb_054,58.9395532628,25.0,False
W,perturb_054,60.390625,24.0,False
予愿安洁莉娜,perturb_054,76.0837566017,6.0,True
令,perturb_054,62.4536822177,21.0,False
伊芙利特,perturb_054,22.0784197651,56.0,False
余,perturb_054,27.7515086465,52.0,False
佩佩,perturb_054,38.233294288,43.0,False
凛御银灰,perturb_054,76.6190541028,4.0,True
凯尔希,perturb_054,63.5047924371,19.0,False
凯尔希·思衡托,perturb_054,81.6756183431,3.0,True
史尔特尔,perturb_054,69.7665144808,12.0,False
司霆惊蛰,perturb_054,43.1073180866,37.0,False
塑心,perturb_054,39.85514799,42.0,False
塞雷娅,perturb_054,75.0884095508,7.0,True
夕,perturb_054,24.222834332,55.0,False
夜莺,perturb_054,14.2302916984,60.0,False
娜斯提,perturb_054,35.6270558498,45.0,False
年,perturb_054,16.5925201145,59.0,False
幽灵鲨,perturb_054,49.8290908282,33.0,False
归溟幽灵鲨,perturb_054,54.7492382977,31.0,False
德克萨斯,perturb_054,61.9201806622,22.0,False
怒潮凛冬,perturb_054,27.4666185441,53.0,False
拉普兰德,perturb_054,42.6116068267,38.0,False
斩业星熊,perturb_054,58.9077934847,26.0,False
斯卡蒂,perturb_054,45.0517090566,36.0,False
新约能天使,perturb_054,94.8941252722,1.0,True
望,perturb_054,66.1649055141,14.0,False
棘刺,perturb_054,64.2794751597,16.0,False
死芒,perturb_054,56.9329810576,28.0,False
泥岩,perturb_054,58.755795054,27.0,False
浊心斯卡蒂,perturb_054,71.9299594622,9.0,True
温蒂,perturb_054,45.4754150933,35.0,False
焰狐龙梓兰,perturb_054,71.2982989121,10.0,True
煌,perturb_054,29.945655016,50.0,False
玛恩纳,perturb_054,68.8477675111,13.0,False
真言,perturb_054,53.3129667271,32.0,False
纯烬艾雅法拉,perturb_054,62.6504639875,20.0,False
结城理,perturb_054,64.0770136341,17.0,False
维什戴尔,perturb_054,92.6641746226,2.0,True
维娜·维多利亚,perturb_054,63.9057024929,18.0,False
缄默德克萨斯,perturb_054,36.0612192392,44.0,False
缇缇,perturb_054,31.5293484091,47.0,False
缪尔赛思,perturb_054,41.2087295223,40.0,False
能天使,perturb_054,70.8611535732,11.0,False
艾雅法拉,perturb_054,26.7076557277,54.0,False
荒芜拉普兰德,perturb_054,61.7912132954,23.0,False
诗怀雅,perturb_054,28.9338556283,51.0,False
谬因,perturb_054,30.4189874715,49.0,False
贝洛内,perturb_054,41.3454007342,39.0,False
赤刃明霄陈,perturb_054,72.0428043761,8.0,True
逻各斯,perturb_054,65.0456290849,15.0,False
酒神,perturb_054,54.956990709,30.0,False
重岳,perturb_054,56.4576565694,29.0,False
铃兰,perturb_054,30.9687977002,48.0,False
银灰,perturb_054,46.4955305867,34.0,False
锏,perturb_054,32.7183580947,46.0,False
阿米娅,perturb_054,76.1648854978,5.0,True
陈,perturb_054,18.5456427329,57.0,False
霍尔海雅,perturb_054,18.3976754956,58.0,False
黍,perturb_054,40.6986419788,41.0,False
Mon3tr,perturb_055,58.9281270034,25.0,False
W,perturb_055,60.390625,24.0,False
予愿安洁莉娜,perturb_055,76.5624898791,4.0,True
令,perturb_055,61.3519460608,22.0,False
伊芙利特,perturb_055,22.5346774315,56.0,False
余,perturb_055,28.052580085,52.0,False
佩佩,perturb_055,37.7073264738,43.0,False
凛御银灰,perturb_055,76.4686533394,5.0,True
凯尔希,perturb_055,64.3065484422,18.0,False
凯尔希·思衡托,perturb_055,82.1737534095,3.0,True
史尔特尔,perturb_055,68.7418771436,13.0,False
司霆惊蛰,perturb_055,42.7319309768,37.0,False
塑心,perturb_055,39.4343257543,42.0,False
塞雷娅,perturb_055,75.2454998901,7.0,True
夕,perturb_055,23.5179479137,55.0,False
夜莺,perturb_055,14.6757196701,60.0,False
娜斯提,perturb_055,34.9912040082,45.0,False
年,perturb_055,16.3273718945,59.0,False
幽灵鲨,perturb_055,48.4309366045,33.0,False
归溟幽灵鲨,perturb_055,55.2929902899,30.0,False
德克萨斯,perturb_055,60.424152774,23.0,False
怒潮凛冬,perturb_055,27.1512117986,53.0,False
拉普兰德,perturb_055,41.8107592729,38.0,False
斩业星熊,perturb_055,58.4076172271,27.0,False
斯卡蒂,perturb_055,44.4364724286,36.0,False
新约能天使,perturb_055,94.9128424026,1.0,True
望,perturb_055,65.8291804203,14.0,False
棘刺,perturb_055,65.2909160478,15.0,False
死芒,perturb_055,56.514468066,29.0,False
泥岩,perturb_055,58.6839556887,26.0,False
浊心斯卡蒂,perturb_055,71.4213941315,9.0,True
温蒂,perturb_055,44.9241764624,35.0,False
焰狐龙梓兰,perturb_055,71.221224144,10.0,True
煌,perturb_055,29.0723465249,51.0,False
玛恩纳,perturb_055,69.0177674202,12.0,False
真言,perturb_055,52.9625614391,32.0,False
纯烬艾雅法拉,perturb_055,63.3960798956,20.0,False
结城理,perturb_055,63.7045805573,19.0,False
维什戴尔,perturb_055,92.5266159842,2.0,True
维娜·维多利亚,perturb_055,64.5537003582,17.0,False
缄默德克萨斯,perturb_055,36.5448709065,44.0,False
缇缇,perturb_055,30.7963883578,48.0,False
缪尔赛思,perturb_055,41.2835451507,40.0,False
能天使,perturb_055,70.3598558522,11.0,False
艾雅法拉,perturb_055,27.0675697527,54.0,False
荒芜拉普兰德,perturb_055,61.9388648514,21.0,False
诗怀雅,perturb_055,29.4237977092,50.0,False
谬因,perturb_055,29.8318696759,49.0,False
贝洛内,perturb_055,41.0418101205,41.0,False
赤刃明霄陈,perturb_055,72.2756481502,8.0,True
逻各斯,perturb_055,65.1916028502,16.0,False
酒神,perturb_055,54.1912513887,31.0,False
重岳,perturb_055,56.5454078423,28.0,False
铃兰,perturb_055,31.2834086978,47.0,False
银灰,perturb_055,47.0098813172,34.0,False
锏,perturb_055,32.7960545796,46.0,False
阿米娅,perturb_055,76.1113346897,6.0,True
陈,perturb_055,18.1551521527,58.0,False
霍尔海雅,perturb_055,18.6812318059,57.0,False
黍,perturb_055,41.7926813544,39.0,False
Mon3tr,perturb_056,58.9470341275,26.0,False
W,perturb_056,60.390625,23.0,False
予愿安洁莉娜,perturb_056,75.7703260444,6.0,True
令,perturb_056,60.9673066033,22.0,False
伊芙利特,perturb_056,22.6939666589,56.0,False
余,perturb_056,27.5543947353,53.0,False
佩佩,perturb_056,38.5776496794,43.0,False
凛御银灰,perturb_056,76.7175227017,4.0,True
凯尔希,perturb_056,64.5864584669,17.0,False
凯尔希·思衡托,perturb_056,82.9398140665,3.0,True
史尔特尔,perturb_056,68.3841545192,13.0,False
司霆惊蛰,perturb_056,43.3530870702,37.0,False
塑心,perturb_056,40.1306637189,42.0,False
塞雷娅,perturb_056,75.300343459,7.0,True
夕,perturb_056,23.2718571161,55.0,False
夜莺,perturb_056,14.8312280214,60.0,False
娜斯提,perturb_056,36.0433532046,44.0,False
年,perturb_056,16.2348030278,59.0,False
幽灵鲨,perturb_056,47.9428113136,33.0,False
归溟幽灵鲨,perturb_056,54.3932394607,31.0,False
德克萨斯,perturb_056,59.9018577112,24.0,False
怒潮凛冬,perturb_056,27.673117897,52.0,False
拉普兰德,perturb_056,41.5311664078,39.0,False
斩业星熊,perturb_056,59.235262935,25.0,False
斯卡蒂,perturb_056,44.2216802742,36.0,False
新约能天使,perturb_056,94.623712033,1.0,True
望,perturb_056,66.3847074545,14.0,False
棘刺,perturb_056,65.644031512,15.0,False
死芒,perturb_056,57.2069849057,28.0,False
泥岩,perturb_056,58.6588750427,27.0,False
浊心斯卡蒂,perturb_056,71.2438431891,10.0,True
温蒂,perturb_056,44.7317273659,35.0,False
焰狐龙梓兰,perturb_056,71.3487603875,9.0,True
煌,perturb_056,28.7674560099,51.0,False
玛恩纳,perturb_056,69.0771179938,12.0,False
真言,perturb_056,53.5423799096,32.0,False
纯烬艾雅法拉,perturb_056,62.1623032085,21.0,False
结城理,perturb_056,64.3208485884,18.0,False
维什戴尔,perturb_056,92.4785913463,2.0,True
维娜·维多利亚,perturb_056,63.4814530378,19.0,False
缄默德克萨斯,perturb_056,35.7445685722,45.0,False
缇缇,perturb_056,32.009223296,47.0,False
缪尔赛思,perturb_056,41.0163654763,40.0,False
能天使,perturb_056,70.1848421865,11.0,False
艾雅法拉,perturb_056,27.1932233718,54.0,False
荒芜拉普兰德,perturb_056,62.287233254,20.0,False
诗怀雅,perturb_056,29.5948468802,50.0,False
谬因,perturb_056,30.8033782514,49.0,False
贝洛内,perturb_056,41.5441639699,38.0,False
赤刃明霄陈,perturb_056,71.8903596698,8.0,True
逻各斯,perturb_056,65.2425653874,16.0,False
酒神,perturb_056,55.4583264491,30.0,False
重岳,perturb_056,56.4002050997,29.0,False
铃兰,perturb_056,31.3932460692,48.0,False
银灰,perturb_056,47.1894520653,34.0,False
锏,perturb_056,32.8231800703,46.0,False
阿米娅,perturb_056,76.0926389669,5.0,True
陈,perturb_056,18.0188236098,58.0,False
霍尔海雅,perturb_056,18.7802273273,57.0,False
黍,perturb_056,40.9742335533,41.0,False
Mon3tr,perturb_057,59.0097427578,25.0,False
W,perturb_057,60.390625,21.0,False
予愿安洁莉娜,perturb_057,73.1429825658,7.0,True
令,perturb_057,56.498344264,28.0,False
伊芙利特,perturb_057,24.5446804757,55.0,False
余,perturb_057,25.9020799335,53.0,False
佩佩,perturb_057,41.4642217478,40.0,False
凛御银灰,perturb_057,77.5429394495,4.0,True
凯尔希,perturb_057,67.8386140484,15.0,False
凯尔希·思衡托,perturb_057,81.2735748836,3.0,True
史尔特尔,perturb_057,64.2279274201,18.0,False
司霆惊蛰,perturb_057,45.4132548533,34.0,False
塑心,perturb_057,42.4401847169,37.0,False
塞雷娅,perturb_057,75.9375475717,5.0,True
夕,perturb_057,20.4126327574,56.0,False
夜莺,perturb_057,16.6380134463,58.0,False
娜斯提,perturb_057,39.5329814972,43.0,False
年,perturb_057,15.1592847181,60.0,False
幽灵鲨,perturb_057,42.2714910695,38.0,False
归溟幽灵鲨,perturb_057,51.4090657709,32.0,False
德克萨斯,perturb_057,53.8335334133,31.0,False
怒潮凛冬,perturb_057,29.4041065185,51.0,False
拉普兰德,perturb_057,38.2826957687,44.0,False
斩业星熊,perturb_057,61.9802879639,19.0,False
斯卡蒂,perturb_057,41.7261015435,39.0,False
新约能天使,perturb_057,94.3573526291,1.0,True
望,perturb_057,68.2272055169,13.0,False
棘刺,perturb_057,69.7467299746,11.0,False
死芒,perturb_057,59.503832506,24.0,False
泥岩,perturb_057,58.3674736794,26.0,False
浊心斯卡蒂,perturb_057,69.1809542699,12.0,False
温蒂,perturb_057,42.4957431277,36.0,False
焰狐龙梓兰,perturb_057,71.7717556102,8.0,True
煌,perturb_057,25.2250627311,54.0,False
玛恩纳,perturb_057,69.7666870769,10.0,True
真言,perturb_057,55.4654445719,30.0,False
纯烬艾雅法拉,perturb_057,58.0702770501,27.0,False
结城理,perturb_057,66.3648042978,16.0,False
维什戴尔,perturb_057,91.9206134945,2.0,True
维娜·维多利亚,perturb_057,59.925165965,22.0,False
缄默德克萨斯,perturb_057,33.0902324024,48.0,False
缇缇,perturb_057,36.0317926512,45.0,False
缪尔赛思,perturb_057,39.8704492819,41.0,False
能天使,perturb_057,68.1514328062,14.0,False
艾雅法拉,perturb_057,28.6531393535,52.0,False
荒芜拉普兰德,perturb_057,61.8710875379,20.0,False
诗怀雅,perturb_057,31.5821944809,50.0,False
谬因,perturb_057,34.0255484752,46.0,False
贝洛内,perturb_057,43.2103042966,35.0,False
赤刃明霄陈,perturb_057,70.6124861643,9.0,True
逻各斯,perturb_057,65.8346774422,17.0,False
酒神,perturb_057,59.6607922162,23.0,False
重岳,perturb_057,55.9186159862,29.0,False
铃兰,perturb_057,32.6693997935,49.0,False
银灰,perturb_057,49.2758082491,33.0,False
锏,perturb_057,33.1383396147,47.0,False
阿米娅,perturb_057,75.8754213117,6.0,True
陈,perturb_057,16.4348802258,59.0,False
霍尔海雅,perturb_057,19.930414206,57.0,False
黍,perturb_057,39.5890197873,42.0,False
Mon3tr,perturb_058,58.9037134437,25.0,False
W,perturb_058,60.390625,24.0,False
予愿安洁莉娜,perturb_058,77.585360364,4.0,True
令,perturb_058,61.6108462857,22.0,False
伊芙利特,perturb_058,22.4274600985,56.0,False
余,perturb_058,28.695854958,51.0,False
佩佩,perturb_058,36.5835337929,44.0,False
凛御银灰,perturb_058,76.147304252,5.0,True
凯尔希,perturb_058,64.1181414369,19.0,False
凯尔希·思衡托,perturb_058,82.7549994675,3.0,True
史尔特尔,perturb_058,68.9826596898,12.0,False
司霆惊蛰,perturb_058,41.9298718489,39.0,False
塑心,perturb_058,38.5351890855,42.0,False
塞雷娅,perturb_058,75.2085847685,7.0,True
夕,perturb_058,23.6835912495,55.0,False
夜莺,perturb_058,14.5710472389,60.0,False
娜斯提,perturb_058,33.6326310569,45.0,False
年,perturb_058,16.3896798558,59.0,False
幽灵鲨,perturb_058,48.7594929841,33.0,False
归溟幽灵鲨,perturb_058,56.4547809785,29.0,False
德克萨斯,perturb_058,60.7757087743,23.0,False
怒潮凛冬,perturb_058,26.4773078401,54.0,False
拉普兰德,perturb_058,41.9989527986,38.0,False
斩业星熊,perturb_058,57.3389312691,27.0,False
斯卡蒂,perturb_058,44.5810486961,36.0,False
新约能天使,perturb_058,95.0346898993,1.0,True
望,perturb_058,65.1118638981,16.0,False
棘刺,perturb_058,65.0532345741,17.0,False
死芒,perturb_058,55.6202653712,30.0,False
泥岩,perturb_058,58.7008374328,26.0,False
浊心斯卡蒂,perturb_058,71.5409033967,9.0,True
温蒂,perturb_058,45.0537136521,35.0,False
焰狐龙梓兰,perturb_058,71.0565447513,10.0,True
煌,perturb_058,29.2775678597,49.0,False
玛恩纳,perturb_058,68.9778186408,13.0,False
真言,perturb_058,52.2138789392,32.0,False
纯烬艾雅法拉,perturb_058,64.989176807,18.0,False
结城理,perturb_058,62.9088330714,20.0,False
维什戴尔,perturb_058,92.5589412939,2.0,True
维娜·维多利亚,perturb_058,65.9382247313,14.0,False
缄默德克萨斯,perturb_058,37.5782501153,43.0,False
缇缇,perturb_058,29.2303321871,50.0,False
缪尔赛思,perturb_058,41.6187835031,40.0,False
能天使,perturb_058,70.4776572803,11.0,False
艾雅法拉,perturb_058,26.9829924958,53.0,False
荒芜拉普兰德,perturb_058,62.0729930289,21.0,False
诗怀雅,perturb_058,29.3086647764,48.0,False
谬因,perturb_058,28.5774227998,52.0,False
贝洛内,perturb_058,40.3931527304,41.0,False
赤刃明霄陈,perturb_058,72.773146518,8.0,True
逻各斯,perturb_058,65.1573000451,15.0,False
酒神,perturb_058,52.5551584179,31.0,False
重岳,perturb_058,56.7328988552,28.0,False
铃兰,perturb_058,31.2094773328,47.0,False
银灰,perturb_058,46.8890125239,34.0,False
锏,perturb_058,32.7777964538,46.0,False
阿米娅,perturb_058,76.1239187519,6.0,True
陈,perturb_058,18.2469146844,58.0,False
霍尔海雅,perturb_058,18.6145980732,57.0,False
黍,perturb_058,42.9890764981,37.0,False
Mon3tr,perturb_059,58.9356231511,24.0,False
W,perturb_059,60.390625,22.0,False
予愿安洁莉娜,perturb_059,76.2484189983,5.0,True
令,perturb_059,59.7355109877,23.0,False
伊芙利特,perturb_059,23.2040853379,55.0,False
余,perturb_059,27.8550634795,51.0,False
佩佩,perturb_059,38.0523853667,43.0,False
凛御银灰,perturb_059,76.5673231049,4.0,True
凯尔希,perturb_059,65.4828614084,16.0,False
凯尔希·思衡托,perturb_059,84.0702031929,3.0,True
史尔特尔,perturb_059,67.2385592044,13.0,False
司霆惊蛰,perturb_059,42.9782020547,37.0,False
塑心,perturb_059,39.7104043486,42.0,False
塞雷娅,perturb_059,75.4759782424,7.0,True
夕,perturb_059,22.4837591727,56.0,False
夜莺,perturb_059,15.3292385652,60.0,False
娜斯提,perturb_059,35.4083518386,45.0,False
年,perturb_059,15.9383541796,59.0,False
幽灵鲨,perturb_059,46.3796056115,34.0,False
归溟幽灵鲨,perturb_059,54.9362641645,30.0,False
德克萨斯,perturb_059,58.2292244025,27.0,False
怒潮凛冬,perturb_059,27.3581330198,54.0,False
拉普兰德,perturb_059,40.6357791598,41.0,False
斩业星熊,perturb_059,58.7357556817,25.0,False
斯卡蒂,perturb_059,43.5338152386,36.0,False
新约能天使,perturb_059,94.5442564648,1.0,True
望,perturb_059,66.0494314054,15.0,False
棘刺,perturb_059,66.7748725427,14.0,False
死芒,perturb_059,56.7890316907,28.0,False
泥岩,perturb_059,58.5785550725,26.0,False
浊心斯卡蒂,perturb_059,70.6752419495,10.0,True
温蒂,perturb_059,44.1154152621,35.0,False
焰狐龙梓兰,perturb_059,71.2717887098,9.0,True
煌,perturb_059,27.7910538436,52.0,False
玛恩纳,perturb_059,69.2671863159,12.0,False
真言,perturb_059,53.1924433017,32.0,False
纯烬艾雅法拉,perturb_059,62.9069218276,20.0,False
结城理,perturb_059,63.9489136547,19.0,False
维什戴尔,perturb_059,92.3247939725,2.0,True
维娜·维多利亚,perturb_059,64.1285841819,18.0,False
缄默德克萨斯,perturb_059,36.2275733374,44.0,False
缇缇,perturb_059,31.277243606,48.0,False
缪尔赛思,perturb_059,41.0876967462,40.0,False
能天使,perturb_059,69.6243664946,11.0,False
艾雅法拉,perturb_059,27.5956250858,53.0,False
荒芜拉普兰德,perturb_059,62.6688129132,21.0,False
诗怀雅,perturb_059,30.1426264038,50.0,False
谬因,perturb_059,30.2170457477,49.0,False
贝洛内,perturb_059,41.24097942,39.0,False
赤刃明霄陈,perturb_059,72.1228920067,8.0,True
逻各斯,perturb_059,65.4057712902,17.0,False
酒神,perturb_059,54.6936113336,31.0,False
重岳,perturb_059,56.487839002,29.0,False
铃兰,perturb_059,31.7449967539,47.0,False
银灰,perturb_059,47.7645216686,33.0,False
锏,perturb_059,32.9100485904,46.0,False
阿米娅,perturb_059,76.03276651,6.0,True
陈,perturb_059,17.582235792,58.0,False
霍尔海雅,perturb_059,19.0972573326,57.0,False
黍,perturb_059,42.0992124607,38.0,False
Mon3tr,perturb_060,58.9167306173,25.0,False
W,perturb_060,60.390625,24.0,False
予愿安洁莉娜,perturb_060,77.0399715369,4.0,True
令,perturb_060,61.606439206,21.0,False
伊芙利特,perturb_060,22.4292851851,56.0,False
余,perturb_060,28.3528643901,52.0,False
佩佩,perturb_060,37.182733771,43.0,False
凛御银灰,perturb_060,76.3186457898,5.0,True
凯尔希,perturb_060,64.1213485591,19.0,False
凯尔希·思衡托,perturb_060,81.0100751825,3.0,True
史尔特尔,perturb_060,68.9785610148,12.0,False
司霆惊蛰,perturb_060,42.3575252943,37.0,False
塑心,perturb_060,39.0146037333,42.0,False
塞雷娅,perturb_060,75.2092131491,7.0,True
夕,perturb_060,23.6807716174,55.0,False
夜莺,perturb_060,14.5728290054,60.0,False
娜斯提,perturb_060,34.3570145634,45.0,False
年,perturb_060,16.3886192304,59.0,False
幽灵鲨,perturb_060,48.7539001958,33.0,False
归溟幽灵鲨,perturb_060,55.835320675,30.0,False
德克萨斯,perturb_060,60.7697244794,23.0,False
怒潮凛冬,perturb_060,26.8366296653,54.0,False
拉普兰德,perturb_060,41.9957493102,39.0,False
斩业星熊,perturb_060,57.9087486505,27.0,False
斯卡蒂,perturb_060,44.5785876742,36.0,False
新约能天使,perturb_060,95.1915616476,1.0,True
望,perturb_060,65.4943330596,14.0,False
棘刺,perturb_060,65.0572804616,17.0,False
死芒,perturb_060,56.0970492516,29.0,False
泥岩,perturb_060,58.7005500665,26.0,False
浊心斯卡蒂,perturb_060,71.538869073,9.0,True
温蒂,perturb_060,45.05150863,35.0,False
焰狐龙梓兰,perturb_060,71.1443508833,10.0,True
煌,perturb_060,29.2740745187,50.0,False
玛恩纳,perturb_060,68.9784986613,13.0,False
真言,perturb_060,52.6130722648,32.0,False
纯烬艾雅法拉,perturb_060,64.1397464355,18.0,False
结城理,perturb_060,63.3331211846,20.0,False
维什戴尔,perturb_060,92.5583910425,2.0,True
维娜·维多利亚,perturb_060,65.2000040717,15.0,False
缄默德克萨斯,perturb_060,37.0272580953,44.0,False
缇缇,perturb_060,30.0653445868,48.0,False
缪尔赛思,perturb_060,41.4466779538,40.0,False
能天使,perturb_060,70.475652028,11.0,False
艾雅法拉,perturb_060,26.984432196,53.0,False
荒芜拉普兰德,perturb_060,61.4709110501,22.0,False
诗怀雅,perturb_060,29.3106246048,49.0,False
谬因,perturb_060,29.2462868648,51.0,False
贝洛内,perturb_060,40.7390132264,41.0,False
赤刃明霄陈,perturb_060,72.5078831681,8.0,True
逻各斯,perturb_060,65.1578839581,16.0,False
酒神,perturb_060,53.4275140481,31.0,False
重岳,perturb_060,56.6329296947,28.0,False
铃兰,perturb_060,31.2107358153,47.0,False
银灰,perturb_060,46.8910699899,34.0,False
锏,perturb_060,32.7781072492,46.0,False
阿米娅,perturb_060,76.1237045421,6.0,True
陈,perturb_060,18.2453526742,58.0,False
霍尔海雅,perturb_060,18.6157323332,57.0,False
黍,perturb_060,42.2853959186,38.0,False
Mon3tr,perturb_061,58.9488602788,26.0,False
W,perturb_061,60.390625,24.0,False
予愿安洁莉娜,perturb_061,75.6938146163,6.0,True
令,perturb_061,62.6599533986,20.0,False
伊芙利特,perturb_061,21.9929974913,56.0,False
余,perturb_061,27.5062773246,53.0,False
佩佩,perturb_061,38.6617101584,43.0,False
凛御银灰,perturb_061,76.7415598383,4.0,True
凯尔希,perturb_061,63.3546846668,19.0,False
凯尔希·思衡托,perturb_061,81.8499835671,3.0,True
史尔特尔,perturb_061,69.9583509312,12.0,False
司霆惊蛰,perturb_061,43.4130816543,37.0,False
塑心,perturb_061,40.197919771,41.0,False
塞雷娅,perturb_061,75.0589985075,7.0,True
夕,perturb_061,24.3548058144,55.0,False
夜莺,perturb_061,14.1468970007,60.0,False
娜斯提,perturb_061,36.1449754122,44.0,False
年,perturb_061,16.64216216,59.0,False
幽灵鲨,perturb_061,50.0908585128,33.0,False
归溟幽灵鲨,perturb_061,54.3063367042,31.0,False
德克萨斯,perturb_061,62.2002726218,21.0,False
怒潮凛冬,perturb_061,27.7235263848,52.0,False
拉普兰德,perturb_061,42.7615445134,38.0,False
斩业星熊,perturb_061,59.3152013925,25.0,False
斯卡蒂,perturb_061,45.1668959686,36.0,False
新约能天使,perturb_061,94.7858302807,1.0,True
望,perturb_061,66.4383632323,14.0,False
棘刺,perturb_061,64.0901093981,17.0,False
死芒,perturb_061,57.2738718931,28.0,False
泥岩,perturb_061,58.7692450898,27.0,False
浊心斯卡蒂,perturb_061,72.0251749734,8.0,True
温蒂,perturb_061,45.57862006,35.0,False
焰狐龙梓兰,perturb_061,71.3610785213,10.0,True
煌,perturb_061,30.1091591114,50.0,False
玛恩纳,perturb_061,68.8159394897,13.0,False
真言,perturb_061,53.5983818845,32.0,False
纯烬艾雅法拉,perturb_061,62.0431384446,22.0,False
结城理,perturb_061,64.3803710573,16.0,False
维什戴尔,perturb_061,92.6899288674,2.0,True
维娜·维多利亚,perturb_061,63.3778896457,18.0,False
缄默德克萨斯,perturb_061,35.6672710842,45.0,False
缇缇,perturb_061,32.1263653935,47.0,False
缪尔赛思,perturb_061,41.109204862,40.0,False
能天使,perturb_061,70.9550084152,11.0,False
艾雅法拉,perturb_061,26.6402712723,54.0,False
荒芜拉普兰德,perturb_061,61.8867167816,23.0,False
诗怀雅,perturb_061,28.8421268319,51.0,False
谬因,perturb_061,30.8972117557,49.0,False
贝洛内,perturb_061,41.5926839967,39.0,False
赤刃明霄陈,perturb_061,71.8531464437,9.0,True
逻各斯,perturb_061,65.0182993284,15.0,False
酒神,perturb_061,55.5807073483,30.0,False
重岳,perturb_061,56.3861806407,29.0,False
铃兰,perturb_061,30.9098950477,48.0,False
银灰,perturb_061,46.3992319112,34.0,False
锏,perturb_061,32.703811467,46.0,False
阿米娅,perturb_061,76.1749114812,5.0,True
陈,perturb_061,18.6187518458,57.0,False
霍尔海雅,perturb_061,18.3445870183,58.0,False
黍,perturb_061,40.1286807548,42.0,False
Mon3tr,perturb_062,58.9336348757,25.0,False
W,perturb_062,60.390625,24.0,False
予愿安洁莉娜,perturb_062,76.331723042,5.0,True
令,perturb_062,64.379968456,17.0,False
伊芙利特,perturb_062,21.2806944129,56.0,False
余,perturb_062,27.9074527106,52.0,False
佩佩,perturb_062,37.9608620741,43.0,False
凛御银灰,perturb_062,76.5411519729,4.0,True
凯尔希,perturb_062,62.102994421,22.0,False
凯尔希·思衡托,perturb_062,80.6559863807,3.0,True
史尔特尔,perturb_062,71.5580003911,11.0,False
司霆惊蛰,perturb_062,42.9128812055,38.0,False
塑心,perturb_062,39.6371773648,42.0,False
塞雷娅,perturb_062,74.81375127,7.0,True
夕,perturb_062,25.4552646181,55.0,False
夜莺,perturb_062,13.4515010899,60.0,False
娜斯提,perturb_062,35.297707703,45.0,False
年,perturb_062,17.0561078474,59.0,False
幽灵鲨,perturb_062,52.2736373045,33.0,False
归溟幽灵鲨,perturb_062,55.0308820695,30.0,False
德克萨斯,perturb_062,64.5358504077,16.0,False
怒潮凛冬,perturb_062,27.303249312,53.0,False
拉普兰德,perturb_062,44.0118164979,37.0,False
斩业星熊,perturb_062,58.6487203599,27.0,False
斯卡蒂,perturb_062,46.1273947752,35.0,False
新约能天使,perturb_062,95.1074050501,1.0,True
望,perturb_062,65.9910121159,14.0,False
棘刺,perturb_062,62.5110620498,21.0,False
死芒,perturb_062,56.7162065369,28.0,False
泥岩,perturb_062,58.8813997008,26.0,False
浊心斯卡蒂,perturb_062,72.8191400448,8.0,True
温蒂,perturb_062,46.43920609,34.0,False
焰狐龙梓兰,perturb_062,71.2583769831,12.0,False
煌,perturb_062,31.4725560963,47.0,False
玛恩纳,perturb_062,68.5505380126,13.0,False
真言,perturb_062,53.1314695218,32.0,False
纯烬艾雅法拉,perturb_062,63.0366659319,20.0,False
结城理,perturb_062,63.8841068347,19.0,False
维什戴尔,perturb_062,92.9046834869,2.0,True
维娜·维多利亚,perturb_062,64.2413418386,18.0,False
缄默德克萨斯,perturb_062,36.3117332268,44.0,False
缇缇,perturb_062,31.1497017385,48.0,False
缪尔赛思,perturb_062,41.4091442615,39.0,False
能天使,perturb_062,71.7376273962,10.0,True
艾雅法拉,perturb_062,26.0783785374,54.0,False
荒芜拉普兰德,perturb_062,61.3929898396,23.0,False
诗怀雅,perturb_062,28.0772361172,51.0,False
谬因,perturb_062,30.1148817895,50.0,False
贝洛内,perturb_062,41.1881518289,40.0,False
赤刃明霄陈,perturb_062,72.1634089894,9.0,True
逻各斯,perturb_062,64.7904071305,15.0,False
酒神,perturb_062,54.5603655683,31.0,False
重岳,perturb_062,56.5031085398,29.0,False
铃兰,perturb_062,30.4187287647,49.0,False
银灰,perturb_062,45.5962347547,36.0,False
锏,perturb_062,32.5825128028,46.0,False
阿米娅,perturb_062,76.2585142528,6.0,True
陈,perturb_062,19.2283802704,57.0,False
霍尔海雅,perturb_062,17.9019028782,58.0,False
黍,perturb_062,40.0960232648,41.0,False
Mon3tr,perturb_063,58.9439984928,26.0,False
W,perturb_063,60.390625,23.0,False
予愿安洁莉娜,perturb_063,75.8975119651,6.0,True
令,perturb_063,61.3000341248,22.0,False
伊芙利特,perturb_063,22.5561755176,56.0,False
余,perturb_063,27.6343809195,52.0,False
佩佩,perturb_063,38.4379148754,43.0,False
凛御银灰,perturb_063,76.6775654636,4.0,True
凯尔希,perturb_063,64.3443258231,17.0,False
凯尔希·思衡托,perturb_063,81.9647463548,3.0,True
史尔特尔,perturb_063,68.693597973,13.0,False
司霆惊蛰,perturb_063,43.2533573096,37.0,False
塑心,perturb_063,40.0188631276,42.0,False
塞雷娅,perturb_063,75.25290172,7.0,True
夕,perturb_063,23.4847348632,55.0,False
夜莺,perturb_063,14.6967074794,60.0,False
娜斯提,perturb_063,35.8744253158,44.0,False
年,perturb_063,16.3148785609,59.0,False
幽灵鲨,perturb_063,48.3650579527,33.0,False
归溟幽灵鲨,perturb_063,54.5376990189,31.0,False
德克萨斯,perturb_063,60.3536624815,24.0,False
怒潮凛冬,perturb_063,27.5893232264,53.0,False
拉普兰德,perturb_063,41.7730246967,38.0,False
斩业星熊,perturb_063,59.1023802197,25.0,False
斯卡蒂,perturb_063,44.4074835239,36.0,False
新约能天使,perturb_063,94.8091218152,1.0,True
望,perturb_063,66.2955147721,14.0,False
棘刺,perturb_063,65.3385734241,15.0,False
死芒,perturb_063,57.0957978154,28.0,False
泥岩,perturb_063,58.6805707398,27.0,False
浊心斯卡蒂,perturb_063,71.3974313971,9.0,True
温蒂,perturb_063,44.8982030346,35.0,False
焰狐龙梓兰,perturb_063,71.3282837969,10.0,True
煌,perturb_063,29.0311977124,51.0,False
玛恩纳,perturb_063,69.0257775272,12.0,False
真言,perturb_063,53.449287114,32.0,False
纯烬艾雅法拉,perturb_063,62.3603923119,20.0,False
结城理,perturb_063,64.221903631,18.0,False
维什戴尔,perturb_063,92.5201344549,2.0,True
维娜·维多利亚,perturb_063,63.6536077823,19.0,False
缄默德克萨斯,perturb_063,35.8730611702,45.0,False
缇缇,perturb_063,31.8144964965,47.0,False
缪尔赛思,perturb_063,41.0769268901,40.0,False
能天使,perturb_063,70.3362355552,11.0,False
艾雅法拉,perturb_063,27.0845282902,54.0,False
荒芜拉普兰德,perturb_063,61.9134918188,21.0,False
诗怀雅,perturb_063,29.4468829478,50.0,False
谬因,perturb_063,30.6473976233,49.0,False
贝洛内,perturb_063,41.463508512,39.0,False
赤刃明霄陈,perturb_063,71.9522196891,8.0,True
逻各斯,perturb_063,65.1984808861,16.0,False
酒神,perturb_063,55.254891123,30.0,False
重岳,perturb_063,56.4235181363,29.0,False
铃兰,perturb_063,31.2982326336,48.0,False
银灰,perturb_063,47.0341166498,34.0,False
锏,perturb_063,32.799715506,46.0,False
阿米娅,perturb_063,76.1088114666,5.0,True
陈,perturb_063,18.1367528999,58.0,False
霍尔海雅,perturb_063,18.6945924975,57.0,False
黍,perturb_063,40.9856861487,41.0,False
Mon3tr,perturb_064,58.99990475,27.0,False
W,perturb_064,60.390625,24.0,False
予愿安洁莉娜,perturb_064,73.5551718508,7.0,True
令,perturb_064,61.3637598337,21.0,False
伊芙利特,perturb_064,22.5297850401,56.0,False
余,perturb_064,26.1613023999,54.0,False
佩佩,perturb_064,41.0113635333,41.0,False
凛御银灰,perturb_064,77.4134444132,4.0,True
凯尔希,perturb_064,64.2979513173,18.0,False
凯尔希·思衡托,perturb_064,81.0662169942,3.0,True
史尔特尔,perturb_064,68.752864196,13.0,False
司霆惊蛰,perturb_064,45.0900466043,35.0,False
塑心,perturb_064,42.0778568308,39.0,False
塞雷娅,perturb_064,75.2438154309,6.0,True
夕,perturb_064,23.5255063187,55.0,False
夜莺,perturb_064,14.6709434041,60.0,False
娜斯提,perturb_064,38.9855131504,43.0,False
年,perturb_064,16.3302150443,59.0,False
幽灵鲨,perturb_064,48.4459288296,33.0,False
归溟幽灵鲨,perturb_064,51.8772361603,32.0,False
德克萨斯,perturb_064,60.4401944857,23.0,False
怒潮凛冬,perturb_064,29.1325413547,51.0,False
拉普兰德,perturb_064,41.8193466566,40.0,False
斩业星熊,perturb_064,61.5496362759,20.0,False
斯卡蒂,perturb_064,44.4430695307,37.0,False
新约能天使,perturb_064,94.479611253,1.0,True
望,perturb_064,67.938146258,14.0,False
棘刺,perturb_064,65.2800704992,16.0,False
死芒,perturb_064,59.1434928787,25.0,False
泥岩,perturb_064,58.6847260128,29.0,False
浊心斯卡蒂,perturb_064,71.4268474111,9.0,True
温蒂,perturb_064,44.9300873222,36.0,False
焰狐龙梓兰,perturb_064,71.7053942457,8.0,True
煌,perturb_064,29.0817108978,52.0,False
玛恩纳,perturb_064,69.0159445334,12.0,False
真言,perturb_064,55.1637456678,31.0,False
纯烬艾雅法拉,perturb_064,58.7122522429,28.0,False
结城理,perturb_064,66.0441394707,15.0,False
维什戴尔,perturb_064,92.5280910076,2.0,True
维娜·维多利亚,perturb_064,60.4830920366,22.0,False
缄默德克萨斯,perturb_064,33.5066564203,47.0,False
缇缇,perturb_064,35.4007141494,45.0,False
缪尔赛思,perturb_064,40.4011109498,42.0,False
能天使,perturb_064,70.3652312022,11.0,False
艾雅法拉,perturb_064,27.0637104417,53.0,False
荒芜拉普兰德,perturb_064,61.7600038657,19.0,False
诗怀雅,perturb_064,29.4185441243,50.0,False
谬因,perturb_064,33.5200401352,46.0,False
贝洛内,perturb_064,42.9489128206,38.0,False
赤刃明霄陈,perturb_064,70.8129646213,10.0,True
逻各斯,perturb_064,65.1900375926,17.0,False
酒神,perturb_064,59.0014907683,26.0,False
重岳,perturb_064,55.9941698199,30.0,False
铃兰,perturb_064,31.2800351652,49.0,False
银灰,perturb_064,47.0043660015,34.0,False
锏,perturb_064,32.7952214504,48.0,False
阿米娅,perturb_064,76.1119089081,5.0,True
陈,perturb_064,18.1593393322,58.0,False
霍尔海雅,perturb_064,18.6781912686,57.0,False
黍,perturb_064,38.1798953454,44.0,False
Mon3tr,perturb_065,58.9732188455,25.0,False
W,perturb_065,60.390625,22.0,False
予愿安洁莉娜,perturb_065,74.6732482134,7.0,True
令,perturb_065,59.5878820363,24.0,False
伊芙利特,perturb_065,23.2652223356,55.0,False
余,perturb_065,26.8644514699,54.0,False
佩佩,perturb_065,39.7829714235,43.0,False
凛御银灰,perturb_065,77.0621850661,4.0,True
凯尔希,perturb_065,65.5902940251,16.0,False
凯尔希·思衡托,perturb_065,82.5228185713,3.0,True
史尔特尔,perturb_065,67.1012612363,14.0,False
司霆惊蛰,perturb_065,44.2133340921,35.0,False
塑心,perturb_065,41.0950310762,39.0,False
塞雷娅,perturb_065,75.4970278212,6.0,True
夕,perturb_065,22.3893067558,56.0,False
夜莺,perturb_065,15.3889244201,60.0,False
娜斯提,perturb_065,37.5004880899,44.0,False
年,perturb_065,15.902825207,59.0,False
幽灵鲨,perturb_065,46.1922576329,34.0,False
归溟幽灵鲨,perturb_065,53.1471630244,32.0,False
德克萨斯,perturb_065,58.028761681,28.0,False
怒潮凛冬,perturb_065,28.395912331,51.0,False
拉普兰德,perturb_065,40.5284682724,41.0,False
斩业星熊,perturb_065,60.3814800662,23.0,False
斯卡蒂,perturb_065,43.451375593,37.0,False
新约能天使,perturb_065,94.4598353092,1.0,True
望,perturb_065,67.1540639526,13.0,False
棘刺,perturb_065,66.9104022308,15.0,False
死芒,perturb_065,58.1660603384,27.0,False
泥岩,perturb_065,58.5689288384,26.0,False
浊心斯卡蒂,perturb_065,70.6070959002,10.0,True
温蒂,perturb_065,44.0415511336,36.0,False
焰狐龙梓兰,perturb_065,71.5253869631,8.0,True
煌,perturb_065,27.6740334336,52.0,False
玛恩纳,perturb_065,69.2899657337,12.0,False
真言,perturb_065,54.3453779286,31.0,False
纯烬艾雅法拉,perturb_065,60.4536300872,21.0,False
结城理,perturb_065,65.1743260704,18.0,False
维什戴尔,perturb_065,92.3063615762,2.0,True
维娜·维多利亚,perturb_065,61.9964840035,20.0,False
缄默德克萨斯,perturb_065,34.636219629,45.0,False
缇缇,perturb_065,33.6888939212,46.0,False
缪尔赛思,perturb_065,40.5857928896,40.0,False
能天使,perturb_065,69.5571942806,11.0,False
艾雅法拉,perturb_065,27.6438523585,53.0,False
荒芜拉普兰德,perturb_065,62.2201815592,19.0,False
诗怀雅,perturb_065,30.2082770001,50.0,False
谬因,perturb_065,32.148832909,48.0,False
贝洛内,perturb_065,42.239880244,38.0,False
赤刃明霄陈,perturb_065,71.3567687232,9.0,True
逻各斯,perturb_065,65.4253312854,17.0,False
酒神,perturb_065,57.2131149136,29.0,False
重岳,perturb_065,56.1991119634,30.0,False
铃兰,perturb_065,31.7871535728,49.0,False
银灰,perturb_065,47.8334429421,33.0,False
锏,perturb_065,32.9204596589,47.0,False
阿米娅,perturb_065,76.0255908812,5.0,True
陈,perturb_065,17.5299113634,58.0,False
霍尔海雅,perturb_065,19.1352529276,57.0,False
黍,perturb_065,40.2200534824,42.0,False
Mon3tr,perturb_066,58.8928806678,26.0,False
W,perturb_066,60.390625,24.0,False
予愿安洁莉娜,perturb_066,78.0392280843,4.0,True
令,perturb_066,65.9265840378,16.0,False
伊芙利特,perturb_066,20.640200578,56.0,False
余,perturb_066,28.9812886512,49.0,False
佩佩,perturb_066,36.0848849124,44.0,False
凛御银灰,perturb_066,76.0047153516,6.0,True
凯尔希,perturb_066,60.9774905311,23.0,False
凯尔希·思衡托,perturb_066,82.1245256079,3.0,True
史尔特尔,perturb_066,72.9963847643,9.0,True
司霆惊蛰,perturb_066,41.5739824637,39.0,False
塑心,perturb_066,38.1362244892,42.0,False
塞雷娅,perturb_066,74.5932280848,7.0,True
夕,perturb_066,26.4447831259,53.0,False
夜莺,perturb_066,12.8262099644,60.0,False
娜斯提,perturb_066,33.0298055601,45.0,False
年,perturb_066,17.428322525,59.0,False
幽灵鲨,perturb_066,54.2363641286,31.0,False
归溟幽灵鲨,perturb_066,56.9702903212,27.0,False
德克萨斯,perturb_066,66.6359721367,14.0,False
怒潮凛冬,perturb_066,26.1782834202,54.0,False
拉普兰德,perturb_066,45.1360451054,36.0,False
斩业星熊,perturb_066,56.8647343237,28.0,False
斯卡蒂,perturb_066,46.9910630403,35.0,False
新约能天使,perturb_066,95.2225952041,1.0,True
望,perturb_066,64.7935764712,18.0,False
棘刺,perturb_066,61.0912028323,22.0,False
死芒,perturb_066,55.223490076,30.0,False
泥岩,perturb_066,58.9822476952,25.0,False
浊心斯卡蒂,perturb_066,73.5330633012,8.0,True
温蒂,perturb_066,47.2130340619,34.0,False
焰狐龙梓兰,perturb_066,70.9834732709,12.0,False
煌,perturb_066,32.6985052599,46.0,False
玛恩纳,perturb_066,68.3118923925,13.0,False
真言,perturb_066,51.8816738121,32.0,False
纯烬艾雅法拉,perturb_066,65.6960651903,17.0,False
结城理,perturb_066,62.5557442858,20.0,False
维什戴尔,perturb_066,93.0977880992,2.0,True
维娜·维多利亚,perturb_066,66.5525653836,15.0,False
缄默德克萨斯,perturb_066,38.0367807627,43.0,False
缇缇,perturb_066,28.5354423116,50.0,False
缪尔赛思,perturb_066,41.9865571971,38.0,False
能天使,perturb_066,72.4413483929,11.0,False
艾雅法拉,perturb_066,25.5731317633,55.0,False
荒芜拉普兰德,perturb_066,61.8053803442,21.0,False
诗怀雅,perturb_066,27.3894561512,52.0,False
谬因,perturb_066,28.0208000873,51.0,False
贝洛内,perturb_066,40.1053307087,41.0,False
赤刃明霄陈,perturb_066,72.9938963131,10.0,True
逻各斯,perturb_066,64.5854893754,19.0,False
酒神,perturb_066,51.8291918388,33.0,False
重岳,perturb_066,56.8160922994,29.0,False
铃兰,perturb_066,29.9770783132,48.0,False
银灰,perturb_066,44.8741899626,37.0,False
锏,perturb_066,32.4734425925,47.0,False
阿米娅,perturb_066,76.3336887978,5.0,True
陈,perturb_066,19.7765503672,57.0,False
霍尔海雅,perturb_066,17.5038469508,58.0,False
黍,perturb_066,41.4517246576,40.0,False
Mon3tr,perturb_067,58.9351551537,25.0,False
W,perturb_067,60.390625,23.0,False
予愿安洁莉娜,perturb_067,76.268026986,5.0,True
令,perturb_067,61.0974606116,22.0,False
伊芙利特,perturb_067,22.6400664908,56.0,False
余,perturb_067,27.8673947825,52.0,False
佩佩,perturb_067,38.0308427438,43.0,False
凛御银灰,perturb_067,76.561162981,4.0,True
凯尔希,perturb_067,64.4917427247,17.0,False
凯尔希·思衡托,perturb_067,83.2196620675,3.0,True
史尔特尔,perturb_067,68.5052004299,13.0,False
司霆惊蛰,perturb_067,42.9628269257,37.0,False
塑心,perturb_067,39.6931682849,42.0,False
塞雷娅,perturb_067,75.2817855337,7.0,True
夕,perturb_067,23.3551291339,55.0,False
夜莺,perturb_067,14.7786072233,60.0,False
娜斯提,perturb_067,35.3823085787,45.0,False
年,perturb_067,16.2661264108,59.0,False
幽灵鲨,perturb_067,48.1079827799,33.0,False
归溟幽灵鲨,perturb_067,54.9585351929,30.0,False
德克萨斯,perturb_067,60.078591519,24.0,False
怒潮凛冬,perturb_067,27.3452145704,53.0,False
拉普兰德,perturb_067,41.6257748297,38.0,False
斩业星熊,perturb_067,58.715269431,26.0,False
斯卡蒂,perturb_067,44.2943614807,36.0,False
新约能天使,perturb_067,94.6846456057,1.0,True
望,perturb_067,66.0356807558,14.0,False
棘刺,perturb_067,65.5245445686,15.0,False
死芒,perturb_067,56.7718902092,28.0,False
泥岩,perturb_067,58.6673618127,27.0,False
浊心斯卡蒂,perturb_067,71.3039227426,9.0,True
温蒂,perturb_067,44.7968481454,35.0,False
焰狐龙梓兰,perturb_067,71.2686318766,10.0,True
煌,perturb_067,28.8706246315,51.0,False
玛恩纳,perturb_067,69.0570349917,12.0,False
真言,perturb_067,53.1780913798,32.0,False
纯烬艾雅法拉,perturb_067,62.9374608111,20.0,False
结城理,perturb_067,63.9336595172,19.0,False
维什戴尔,perturb_067,92.4948418869,2.0,True
维娜·维多利亚,perturb_067,64.1551249193,18.0,False
缄默德克萨斯,perturb_067,36.2473827729,44.0,False
缇缇,perturb_067,31.247222982,48.0,False
缪尔赛思,perturb_067,41.1770974993,41.0,False
能天使,perturb_067,70.2440631782,11.0,False
艾雅法拉,perturb_067,27.1507047953,54.0,False
荒芜拉普兰德,perturb_067,62.3509453048,21.0,False
诗怀雅,perturb_067,29.5369673912,50.0,False
谬因,perturb_067,30.19299854,49.0,False
贝洛内,perturb_067,41.2285449364,40.0,False
赤刃明霄陈,perturb_067,72.1324288367,8.0,True
逻各斯,perturb_067,65.2253207227,16.0,False
酒神,perturb_067,54.6622481341,31.0,False
重岳,perturb_067,56.4914331242,29.0,False
铃兰,perturb_067,31.3560793827,47.0,False
银灰,perturb_067,47.1286890516,34.0,False
锏,perturb_067,32.8140013673,46.0,False
阿米娅,perturb_067,76.0989652115,6.0,True
陈,perturb_067,18.0649543589,58.0,False
霍尔海雅,perturb_067,18.7467292977,57.0,False
黍,perturb_067,41.5353876196,39.0,False
Mon3tr,perturb_068,58.9114453481,25.0,False
W,perturb_068,60.390625,24.0,False
予愿安洁莉娜,perturb_068,77.2614118347,4.0,True
令,perturb_068,64.5608054654,18.0,False
伊芙利特,perturb_068,21.2058050926,56.0,False
余,perturb_068,28.4921263803,51.0,False
佩佩,perturb_068,36.939444919,44.0,False
凛御银灰,perturb_068,76.2490772191,6.0,True
凯尔希,perturb_068,61.9713956191,22.0,False
凯尔希·思衡托,perturb_068,80.7842751131,3.0,True
史尔特尔,perturb_068,71.7261825376,11.0,False
司霆惊蛰,perturb_068,42.1838882456,38.0,False
塑心,perturb_068,38.8199504564,42.0,False
塞雷娅,perturb_068,74.7879667416,7.0,True
夕,perturb_068,25.5709634186,55.0,False
夜莺,perturb_068,13.3783893364,60.0,False
娜斯提,perturb_068,34.0628983449,45.0,False
年,perturb_068,17.0996288037,59.0,False
幽灵鲨,perturb_068,52.5031278472,32.0,False
归溟幽灵鲨,perturb_068,56.086835681,29.0,False
德克萨斯,perturb_068,64.7814057592,16.0,False
怒潮凛冬,perturb_068,26.6907368123,53.0,False
拉普兰德,perturb_068,44.1432661882,37.0,False
斩业星熊,perturb_068,57.6773898027,27.0,False
斯卡蒂,perturb_068,46.2283786189,35.0,False
新约能天使,perturb_068,95.27003114,1.0,True
望,perturb_068,65.3390418603,15.0,False
棘刺,perturb_068,62.3450459449,21.0,False
死芒,perturb_068,55.9034641262,30.0,False
泥岩,perturb_068,58.8931912862,26.0,False
浊心斯卡蒂,perturb_068,72.9026150519,8.0,True
温蒂,perturb_068,46.5296854165,34.0,False
焰狐龙梓兰,perturb_068,71.1086995919,12.0,False
煌,perturb_068,31.6158993957,47.0,False
玛恩纳,perturb_068,68.5226345304,13.0,False
真言,perturb_068,52.4509906736,33.0,False
纯烬艾雅法拉,perturb_068,64.484634532,19.0,False
结城理,perturb_068,63.1608505375,20.0,False
维什戴尔,perturb_068,92.9272621167,2.0,True
维娜·维多利亚,perturb_068,65.4997384898,14.0,False
缄默德克萨斯,perturb_068,37.2509734172,43.0,False
缇缇,perturb_068,29.7263105155,49.0,False
缪尔赛思,perturb_068,41.6847652712,39.0,False
能天使,perturb_068,71.8199095108,10.0,True
艾雅法拉,perturb_068,26.0193028907,54.0,False
荒芜拉普兰德,perturb_068,61.3708044437,23.0,False
诗怀雅,perturb_068,27.9968178972,52.0,False
谬因,perturb_068,28.9747128053,50.0,False
贝洛内,perturb_068,40.5985859799,41.0,False
赤刃明霄陈,perturb_068,72.6155861357,9.0,True
逻各斯,perturb_068,64.7664472568,17.0,False
酒神,perturb_068,53.0733177739,31.0,False
重岳,perturb_068,56.673519453,28.0,False
铃兰,perturb_068,30.3670890762,48.0,False
银灰,perturb_068,45.5118101424,36.0,False
锏,perturb_068,32.5697598402,46.0,False
阿米娅,perturb_068,76.267303987,5.0,True
陈,perturb_068,19.2924746983,57.0,False
霍尔海雅,perturb_068,17.8553604508,58.0,False
黍,perturb_068,41.1614298946,40.0,False
Mon3tr,perturb_069,58.9454253993,26.0,False
W,perturb_069,60.390625,24.0,False
予愿安洁莉娜,perturb_069,75.837727957,6.0,True
令,perturb_069,63.9992443078,18.0,False
伊芙利特,perturb_069,21.4383622087,56.0,False
余,perturb_069,27.5967832463,53.0,False
佩佩,perturb_069,38.5035975124,43.0,False
凛御银灰,perturb_069,76.696347447,4.0,True
凯尔希,perturb_069,62.3800551948,21.0,False
凯尔希·思衡托,perturb_069,80.6914507602,3.0,True
史尔特尔,perturb_069,71.203919085,12.0,False
司霆惊蛰,perturb_069,43.3002354922,38.0,False
塑心,perturb_069,40.0714152295,41.0,False
塞雷娅,perturb_069,74.8680365771,7.0,True
夕,perturb_069,25.2116788199,55.0,False
夜莺,perturb_069,13.6054264958,60.0,False
娜斯提,perturb_069,35.9538302234,44.0,False
年,perturb_069,16.9644812546,59.0,False
幽灵鲨,perturb_069,51.7904807225,33.0,False
归溟幽灵鲨,perturb_069,54.4697955013,31.0,False
德克萨斯,perturb_069,64.0188718735,17.0,False
怒潮凛冬,perturb_069,27.6287110867,52.0,False
拉普兰德,perturb_069,43.7350696553,37.0,False
斩业星熊,perturb_069,59.164842018,25.0,False
斯卡蒂,perturb_069,45.9147890259,35.0,False
新约能天使,perturb_069,95.0040477268,1.0,True
望,perturb_069,66.3374399791,14.0,False
棘刺,perturb_069,62.8605830927,20.0,False
死芒,perturb_069,57.1480615398,28.0,False
泥岩,perturb_069,58.8565743549,27.0,False
浊心斯卡蒂,perturb_069,72.6433964231,8.0,True
温蒂,perturb_069,46.248715965,34.0,False
焰狐龙梓兰,perturb_069,71.3379088612,11.0,False
煌,perturb_069,31.1707691128,48.0,False
玛恩纳,perturb_069,68.6092844467,13.0,False
真言,perturb_069,53.4930455773,32.0,False
纯烬艾雅法拉,perturb_069,62.2672801144,22.0,False
结城理,perturb_069,64.2684129153,16.0,False
维什戴尔,perturb_069,92.8571476998,2.0,True
维娜·维多利亚,perturb_069,63.5726860845,19.0,False
缄默德克萨斯,perturb_069,35.8126629557,45.0,False
缇缇,perturb_069,31.906028236,47.0,False
缪尔赛思,perturb_069,41.2449165182,40.0,False
能天使,perturb_069,71.5643952238,10.0,True
艾雅法拉,perturb_069,26.2027531072,54.0,False
荒芜拉普兰德,perturb_069,61.4434465554,23.0,False
诗怀雅,perturb_069,28.2465441501,51.0,False
谬因,perturb_069,30.7207166439,49.0,False
贝洛内,perturb_069,41.5014207788,39.0,False
赤刃明霄陈,perturb_069,71.9231422576,9.0,True
逻各斯,perturb_069,64.8408509115,15.0,False
酒神,perturb_069,55.3505163237,30.0,False
重岳,perturb_069,56.4125597947,29.0,False
铃兰,perturb_069,30.5274480831,50.0,False
银灰,perturb_069,45.7739776222,36.0,False
锏,perturb_069,32.6093621786,46.0,False
阿米娅,perturb_069,76.2400088369,5.0,True
陈,perturb_069,19.0934394385,57.0,False
霍尔海雅,perturb_069,17.9998907077,58.0,False
黍,perturb_069,39.680654278,42.0,False
Mon3tr,perturb_070,58.9938766603,25.0,False
W,perturb_070,60.390625,22.0,False
予愿安洁莉娜,perturb_070,73.8077345699,7.0,True
令,perturb_070,59.3658490665,23.0,False
伊芙利特,perturb_070,23.3571719771,55.0,False
余,perturb_070,26.3201370261,54.0,False
佩佩,perturb_070,40.7338815456,40.0,False
凛御银灰,perturb_070,77.3340982981,4.0,True
凯尔希,perturb_070,65.7518719726,17.0,False
凯尔希·思衡托,perturb_070,81.7445191478,3.0,True
史尔特尔,perturb_070,66.8947659974,15.0,False
司霆惊蛰,perturb_070,44.8920056624,35.0,False
塑心,perturb_070,41.8558459259,39.0,False
塞雷娅,perturb_070,75.528686249,6.0,True
夕,perturb_070,22.2472509434,56.0,False
夜莺,perturb_070,15.4786915524,60.0,False
娜斯提,perturb_070,38.6500602424,44.0,False
年,perturb_070,15.8493898665,59.0,False
幽灵鲨,perturb_070,45.910487508,34.0,False
归溟幽灵鲨,perturb_070,52.1641004502,32.0,False
德克萨斯,perturb_070,57.7272670692,29.0,False
怒潮凛冬,perturb_070,28.9661439284,51.0,False
拉普兰德,perturb_070,40.3670734052,41.0,False
斩业星熊,perturb_070,61.285761,20.0,False
斯卡蒂,perturb_070,43.3273869095,37.0,False
新约能天使,perturb_070,94.4120207874,1.0,True
望,perturb_070,67.7610295908,13.0,False
棘刺,perturb_070,67.1142379884,14.0,False
死芒,perturb_070,58.9227002491,26.0,False
泥岩,perturb_070,58.5544510458,28.0,False
浊心斯卡蒂,perturb_070,70.5046046911,10.0,True
温蒂,perturb_070,43.9304599713,36.0,False
焰狐龙梓兰,perturb_070,71.6647323282,8.0,True
煌,perturb_070,27.4980355083,53.0,False
玛恩纳,perturb_070,69.3242258281,12.0,False
真言,perturb_070,54.9788842502,31.0,False
纯烬艾雅法拉,perturb_070,59.1056127844,24.0,False
结城理,perturb_070,65.847656972,16.0,False
维什戴尔,perturb_070,92.2786393735,2.0,True
维娜·维多利亚,perturb_070,60.8249527565,21.0,False
缄默德克萨斯,perturb_070,33.7618139077,46.0,False
缇缇,perturb_070,35.0140303898,45.0,False
缪尔赛思,perturb_070,40.3070831108,42.0,False
能天使,perturb_070,69.4561677135,11.0,False
艾雅法拉,perturb_070,27.7163858588,52.0,False
荒芜拉普兰德,perturb_070,61.9965724467,19.0,False
诗怀雅,perturb_070,30.3070150641,50.0,False
谬因,perturb_070,33.2102975835,47.0,False
贝洛内,perturb_070,42.7887491668,38.0,False
赤刃明霄陈,perturb_070,70.9358047485,9.0,True
逻各斯,perturb_070,65.4547493892,18.0,False
酒神,perturb_070,58.5975138274,27.0,False
重岳,perturb_070,56.0404642831,30.0,False
铃兰,perturb_070,31.8505571506,49.0,False
银灰,perturb_070,47.9371000832,33.0,False
锏,perturb_070,32.9361178373,48.0,False
阿米娅,perturb_070,76.0147987829,5.0,True
陈,perturb_070,17.4512157676,58.0,False
霍尔海雅,perturb_070,19.1923980519,57.0,False
黍,perturb_070,39.2814276866,43.0,False
Mon3tr,perturb_071,58.9500284305,24.0,False
W,perturb_071,60.390625,22.0,False
予愿安洁莉娜,perturb_071,75.6448718202,7.0,True
令,perturb_071,58.3713641634,26.0,False
伊芙利特,perturb_071,23.7690141031,55.0,False
余,perturb_071,27.4754976009,53.0,False
佩佩,perturb_071,38.715481928,43.0,False
凛御银灰,perturb_071,76.7569359031,4.0,True
凯尔希,perturb_071,66.4755790398,14.0,False
凯尔希·思衡托,perturb_071,82.7602680737,3.0,True
史尔特尔,perturb_071,65.9698745372,16.0,False
司霆惊蛰,perturb_071,43.451458963,35.0,False
塑心,perturb_071,40.2409420923,41.0,False
塞雷娅,perturb_071,75.6704842374,6.0,True
夕,perturb_071,21.6109834514,56.0,False
夜莺,perturb_071,15.8807582273,59.0,False
娜斯提,perturb_071,36.2099810604,44.0,False
年,perturb_071,15.6100531613,60.0,False
幽灵鲨,perturb_071,44.6484400941,34.0,False
归溟幽灵鲨,perturb_071,54.2507467877,31.0,False
德克萨斯,perturb_071,56.3768737468,29.0,False
怒潮凛冬,perturb_071,27.7557716636,52.0,False
拉普兰德,perturb_071,39.6441863537,42.0,False
斩业星熊,perturb_071,59.3663363893,23.0,False
斯卡蒂,perturb_071,42.7720420255,37.0,False
新约能天使,perturb_071,94.6264319531,1.0,True
望,perturb_071,66.4726857363,15.0,False
棘刺,perturb_071,68.0272176407,13.0,False
死芒,perturb_071,57.3166581312,27.0,False
泥岩,perturb_071,58.4896050626,25.0,False
浊心斯卡蒂,perturb_071,70.0455469209,10.0,True
温蒂,perturb_071,43.4328830396,36.0,False
焰狐龙梓兰,perturb_071,71.3689581797,9.0,True
煌,perturb_071,26.7097414102,54.0,False
玛恩纳,perturb_071,69.4776766721,11.0,False
真言,perturb_071,53.6342052028,32.0,False
纯烬艾雅法拉,perturb_071,61.9669111818,21.0,False
结城理,perturb_071,64.4184463635,18.0,False
维什戴尔,perturb_071,92.1544717239,2.0,True
维娜·维多利亚,perturb_071,63.3116422614,19.0,False
缄默德克萨斯,perturb_071,35.6178254617,45.0,False
缇缇,perturb_071,32.2012987981,47.0,False
缪尔赛思,perturb_071,40.809327708,40.0,False
能天使,perturb_071,69.0036700693,12.0,False
艾雅法拉,perturb_071,28.0412631555,51.0,False
荒芜拉普兰德,perturb_071,62.2304023834,20.0,False
诗怀雅,perturb_071,30.7492625113,50.0,False
谬因,perturb_071,30.9572351297,49.0,False
贝洛内,perturb_071,41.6237212657,39.0,False
赤刃明霄陈,perturb_071,71.8293419039,8.0,True
逻各斯,perturb_071,65.5865129742,17.0,False
酒神,perturb_071,55.6589919072,30.0,False
重岳,perturb_071,56.377209481,28.0,False
铃兰,perturb_071,32.134541556,48.0,False
银灰,perturb_071,48.4013800591,33.0,False
锏,perturb_071,33.0062507642,46.0,False
阿米娅,perturb_071,75.9664610117,5.0,True
陈,perturb_071,17.0987384669,58.0,False
霍尔海雅,perturb_071,19.448350866,57.0,False
黍,perturb_071,41.9055752984,38.0,False
Mon3tr,perturb_072,58.9238805937,25.0,False
W,perturb_072,60.390625,23.0,False
予愿安洁莉娜,perturb_072,76.7404044164,4.0,True
令,perturb_072,60.766704586,22.0,False
伊芙利特,perturb_072,22.7770411842,56.0,False
余,perturb_072,28.1644690807,52.0,False
佩佩,perturb_072,37.5118578805,43.0,False
凛御银灰,perturb_072,76.4127589959,5.0,True
凯尔希,perturb_072,64.7324406705,18.0,False
凯尔希·思衡托,perturb_072,83.5654263527,3.0,True
史尔特尔,perturb_072,68.1975905079,13.0,False
司霆惊蛰,perturb_072,42.5924235996,37.0,False
塑心,perturb_072,39.277933047,42.0,False
塞雷娅,perturb_072,75.3289461683,7.0,True
夕,perturb_072,23.1435127421,55.0,False
夜莺,perturb_072,14.9123306966,60.0,False
娜斯提,perturb_072,34.7548985507,45.0,False
年,perturb_072,16.1865253459,59.0,False
幽灵鲨,perturb_072,47.6882380603,33.0,False
归溟幽灵鲨,perturb_072,55.4950681246,30.0,False
德克萨斯,perturb_072,59.6294638078,24.0,False
怒潮凛冬,perturb_072,27.0339952862,54.0,False
拉普兰德,perturb_072,41.3853496133,39.0,False
斩业星熊,perturb_072,58.2217337057,27.0,False
斯卡蒂,perturb_072,44.1096591629,36.0,False
新约能天使,perturb_072,94.7310591467,1.0,True
望,perturb_072,65.7044128773,15.0,False
棘刺,perturb_072,65.8281927389,14.0,False
死芒,perturb_072,56.3589335569,29.0,False
泥岩,perturb_072,58.6457946681,26.0,False
浊心斯卡蒂,perturb_072,71.1512445841,10.0,True
温蒂,perturb_072,44.6313588878,35.0,False
焰狐龙梓兰,perturb_072,71.1925803828,9.0,True
煌,perturb_072,28.6084456662,51.0,False
玛恩纳,perturb_072,69.1080712529,12.0,False
真言,perturb_072,52.8323382071,32.0,False
纯烬艾雅法拉,perturb_072,63.6731776358,19.0,False
结城理,perturb_072,63.5661710052,20.0,False
维什戴尔,perturb_072,92.4535449319,2.0,True
维娜·维多利亚,perturb_072,64.7945197159,17.0,False
缄默德克萨斯,perturb_072,36.7246132947,44.0,False
缇缇,perturb_072,30.5239939901,48.0,False
缪尔赛思,perturb_072,41.3047114251,40.0,False
能天使,perturb_072,70.093566854,11.0,False
艾雅法拉,perturb_072,27.2587558307,53.0,False
荒芜拉普兰德,perturb_072,62.4406806979,21.0,False
诗怀雅,perturb_072,29.6840545994,49.0,False
谬因,perturb_072,29.613675546,50.0,False
贝洛内,perturb_072,40.9289849084,41.0,False
赤刃明霄陈,perturb_072,72.3621812873,8.0,True
逻各斯,perturb_072,65.2691440121,16.0,False
酒神,perturb_072,53.9066750634,31.0,False
重岳,perturb_072,56.5780193775,28.0,False
铃兰,perturb_072,31.4505298394,47.0,False
银灰,perturb_072,47.2831040649,34.0,False
锏,perturb_072,32.837326898,46.0,False
阿米娅,perturb_072,76.082888538,6.0,True
陈,perturb_072,17.9477238301,58.0,False
霍尔海雅,perturb_072,18.8318567192,57.0,False
黍,perturb_072,42.2778683859,38.0,False
Mon3tr,perturb_073,58.9005089208,24.0,False
W,perturb_073,60.390625,22.0,False
予愿安洁莉娜,perturb_073,77.7196223028,4.0,True
令,perturb_073,59.6354143708,23.0,False
伊芙利特,perturb_073,23.2455379567,55.0,False
余,perturb_073,28.780291192,50.0,False
佩佩,perturb_073,36.4360248108,44.0,False
凛御银灰,perturb_073,76.1051239837,5.0,True
凯尔希,perturb_073,65.5557037701,16.0,False
凯尔希·思衡托,perturb_073,82.5709742883,3.0,True
史尔特尔,perturb_073,67.1454672873,13.0,False
司霆惊蛰,perturb_073,41.8245936,38.0,False
塑心,perturb_073,38.4171684425,42.0,False
塞雷娅,perturb_073,75.4902504539,7.0,True
夕,perturb_073,22.4197177547,56.0,False
夜莺,perturb_073,15.3697072679,60.0,False
娜斯提,perturb_073,33.454304826,45.0,False
年,perturb_073,15.9142645283,59.0,False
幽灵鲨,perturb_073,46.2525783674,34.0,False
归溟幽灵鲨,perturb_073,56.6072775776,29.0,False
德克萨斯,perturb_073,58.0933049907,26.0,False
怒潮凛冬,perturb_073,26.3888512336,54.0,False
拉普兰德,perturb_073,40.563019334,40.0,False
斩业星熊,perturb_073,57.1986555932,27.0,False
斯卡蒂,perturb_073,43.4779188203,37.0,False
新约能天使,perturb_073,95.0903235966,1.0,True
望,perturb_073,65.0177089602,19.0,False
棘刺,perturb_073,66.8667655159,14.0,False
死芒,perturb_073,55.5028923614,30.0,False
泥岩,perturb_073,58.5720282127,25.0,False
浊心斯卡蒂,perturb_073,70.6290369949,10.0,True
温蒂,perturb_073,44.0653332877,35.0,False
焰狐龙梓兰,perturb_073,71.0349289408,9.0,True
煌,perturb_073,27.711710686,52.0,False
玛恩纳,perturb_073,69.2826314074,12.0,False
真言,perturb_073,52.1156069044,32.0,False
纯烬艾雅法拉,perturb_073,65.1982866436,18.0,False
结城理,perturb_073,62.8043832884,20.0,False
维什戴尔,perturb_073,92.3122962849,2.0,True
维娜·维多利亚,perturb_073,66.1199573449,15.0,False
缄默德克萨斯,perturb_073,37.7138914287,43.0,False
缇缇,perturb_073,29.0247717171,49.0,False
缪尔赛思,perturb_073,41.5644971767,39.0,False
能天使,perturb_073,69.578821828,11.0,False
艾雅法拉,perturb_073,27.6283245448,53.0,False
荒芜拉普兰德,perturb_073,61.9945808466,21.0,False
诗怀雅,perturb_073,30.1871393704,48.0,False
谬因,perturb_073,28.4127641533,51.0,False
贝洛内,perturb_073,40.3080099874,41.0,False
赤刃明霄陈,perturb_073,72.8384481337,8.0,True
逻各斯,perturb_073,65.4190335218,17.0,False
酒神,perturb_073,52.3404049203,31.0,False
重岳,perturb_073,56.757508918,28.0,False
铃兰,perturb_073,31.773580273,47.0,False
银灰,perturb_073,47.8112522472,33.0,False
锏,perturb_073,32.9171075902,46.0,False
阿米娅,perturb_073,76.0279012301,6.0,True
陈,perturb_073,17.5467583451,58.0,False
霍尔海雅,perturb_073,19.1230194238,57.0,False
黍,perturb_073,44.0446120956,36.0,False
Mon3tr,perturb_074,58.9857489146,26.0,False
W,perturb_074,60.390625,24.0,False
予愿安洁莉娜,perturb_074,74.1482679156,7.0,True
令,perturb_074,61.8299457905,20.0,False
伊芙利特,perturb_074,22.3367252813,56.0,False
余,perturb_074,26.534295659,54.0,False
佩佩,perturb_074,40.3597492512,42.0,False
凛御银灰,perturb_074,77.2271149786,4.0,True
凯尔希,perturb_074,63.958698232,18.0,False
凯尔希·思衡托,perturb_074,82.7987355597,3.0,True
史尔特尔,perturb_074,69.1864267458,12.0,False
司霆惊蛰,perturb_074,44.6249846834,37.0,False
塑心,perturb_074,41.556505958,40.0,False
塞雷娅,perturb_074,75.1773446069,6.0,True
夕,perturb_074,23.8237702427,55.0,False
夜莺,perturb_074,14.4824660959,60.0,False
娜斯提,perturb_074,38.19776506,44.0,False
年,perturb_074,16.4424092169,59.0,False
幽灵鲨,perturb_074,49.037540406,33.0,False
归溟幽灵鲨,perturb_074,52.5508830156,32.0,False
德克萨斯,perturb_074,61.0732200863,22.0,False
怒潮凛冬,perturb_074,28.7417882811,52.0,False
拉普兰德,perturb_074,42.158215342,39.0,False
斩业星熊,perturb_074,60.9299747982,23.0,False
斯卡蒂,perturb_074,44.7033992605,36.0,False
新约能天使,perturb_074,94.299977025,1.0,True
望,perturb_074,67.5222210624,14.0,False
棘刺,perturb_074,64.8520918628,17.0,False
死芒,perturb_074,58.6250028966,28.0,False
泥岩,perturb_074,58.7151239471,27.0,False
浊心斯卡蒂,perturb_074,71.6420405078,8.0,True
温蒂,perturb_074,45.1633370953,35.0,False
焰狐龙梓兰,perturb_074,71.6099073769,9.0,True
煌,perturb_074,29.4512405279,50.0,False
玛恩纳,perturb_074,68.9440111855,13.0,False
真言,perturb_074,54.7296333818,31.0,False
纯烬艾雅法拉,perturb_074,59.6359855239,25.0,False
结城理,perturb_074,65.5827372605,15.0,False
维什戴尔,perturb_074,92.5862972351,2.0,True
维娜·维多利亚,perturb_074,61.2858876685,21.0,False
缄默德克萨斯,perturb_074,34.1058458106,46.0,False
缇缇,perturb_074,34.4926600353,45.0,False
缪尔赛思,perturb_074,40.6064845709,41.0,False
能天使,perturb_074,70.5773491002,11.0,False
艾雅法拉,perturb_074,26.9114172968,53.0,False
荒芜拉普兰德,perturb_074,62.3669159241,19.0,False
诗怀雅,perturb_074,29.2112312242,51.0,False
谬因,perturb_074,32.7926679832,47.0,False
贝洛内,perturb_074,42.5727985899,38.0,False
赤刃明霄陈,perturb_074,71.1014315665,10.0,True
逻各斯,perturb_074,65.1282706087,16.0,False
酒神,perturb_074,58.0528268691,29.0,False
重岳,perturb_074,56.1028836635,30.0,False
铃兰,perturb_074,31.1469114332,49.0,False
银灰,perturb_074,46.7867248848,34.0,False
锏,perturb_074,32.7623451488,48.0,False
阿米娅,perturb_074,76.1345682667,5.0,True
陈,perturb_074,18.3245705662,58.0,False
霍尔海雅,perturb_074,18.5582079414,57.0,False
黍,perturb_074,38.6653127337,43.0,False
Mon3tr,perturb_075,58.8797972842,25.0,False
W,perturb_075,60.390625,23.0,False
予愿安洁莉娜,perturb_075,78.5873909529,4.0,True
令,perturb_075,60.8759008766,22.0,False
伊芙利特,perturb_075,22.7318201534,56.0,False
余,perturb_075,29.326023791,49.0,False
佩佩,perturb_075,35.4826371903,44.0,False
凛御银灰,perturb_075,75.8325023098,6.0,True
凯尔希,perturb_075,64.6529762895,18.0,False
凯尔希·思衡托,perturb_075,82.7108230672,3.0,True
史尔特尔,perturb_075,68.2991453091,13.0,False
司霆惊蛰,perturb_075,41.1441538209,40.0,False
塑心,perturb_075,37.6543713681,43.0,False
塞雷娅,perturb_075,75.3133764856,7.0,True
夕,perturb_075,23.2133760952,55.0,False
夜莺,perturb_075,14.8681830285,60.0,False
娜斯提,perturb_075,32.3017375817,46.0,False
年,perturb_075,16.2128049609,59.0,False
幽灵鲨,perturb_075,47.8268132118,33.0,False
归溟幽灵鲨,perturb_075,57.59290142,27.0,False
德克萨斯,perturb_075,59.7777395043,24.0,False
怒潮凛冬,perturb_075,25.8171339566,54.0,False
拉普兰德,perturb_075,41.464723955,39.0,False
斩业星熊,perturb_075,56.2920186486,29.0,False
斯卡蒂,perturb_075,44.1706370632,37.0,False
新约能天使,perturb_075,95.2483858989,1.0,True
望,perturb_075,64.4091619356,19.0,False
棘刺,perturb_075,65.7279458764,16.0,False
死芒,perturb_075,54.7442811033,30.0,False
泥岩,perturb_075,58.6529148776,26.0,False
浊心斯卡蒂,perturb_075,71.2016499804,9.0,True
温蒂,perturb_075,44.6859937596,35.0,False
焰狐龙梓兰,perturb_075,70.8952205257,10.0,True
煌,perturb_075,28.6950018232,50.0,False
玛恩纳,perturb_075,69.091222065,12.0,False
真言,perturb_075,51.4804500474,31.0,False
纯烬艾雅法拉,perturb_075,66.5498160666,15.0,False
结城理,perturb_075,62.1292980926,20.0,False
维什戴尔,perturb_075,92.4671787706,2.0,True
维娜·维多利亚,perturb_075,67.2945408958,14.0,False
缄默德克萨斯,perturb_075,38.590575324,42.0,False
缇缇,perturb_075,27.6961827421,51.0,False
缪尔赛思,perturb_075,41.9118872145,38.0,False
能天使,perturb_075,70.1432519362,11.0,False
艾雅法拉,perturb_075,27.2230836998,53.0,False
荒芜拉普兰德,perturb_075,61.9777290091,21.0,False
诗怀雅,perturb_075,29.6354950078,48.0,False
谬因,perturb_075,27.3485339419,52.0,False
贝洛内,perturb_075,39.7577110433,41.0,False
赤刃明霄陈,perturb_075,73.2605088867,8.0,True
逻各斯,perturb_075,65.2546761256,17.0,False
酒神,perturb_075,50.9523990979,32.0,False
重岳,perturb_075,56.9165699385,28.0,False
铃兰,perturb_075,31.4193478239,47.0,False
银灰,perturb_075,47.2321252607,34.0,False
锏,perturb_075,32.8296261723,45.0,False
阿米娅,perturb_075,76.0881961151,5.0,True
陈,perturb_075,17.9864264927,58.0,False
霍尔海雅,perturb_075,18.8037526246,57.0,False
黍,perturb_075,44.6592560017,36.0,False
Mon3tr,perturb_076,58.9630760214,25.0,False
W,perturb_076,60.390625,22.0,False
予愿安洁莉娜,perturb_076,75.0982085851,7.0,True
令,perturb_076,60.0596002175,23.0,False
伊芙利特,perturb_076,23.0698715384,55.0,False
余,perturb_076,27.1317055682,54.0,False
佩佩,perturb_076,39.3160820544,43.0,False
凛御银灰,perturb_076,76.9286778141,4.0,True
凯尔希,perturb_076,65.2470150267,17.0,False
凯尔希·思衡托,perturb_076,80.7346124409,3.0,True
史尔特尔,perturb_076,67.5399688689,13.0,False
司霆惊蛰,perturb_076,43.8801117046,36.0,False
塑心,perturb_076,40.7214769864,41.0,False
塞雷娅,perturb_076,75.4297681886,6.0,True
夕,perturb_076,22.691110175,56.0,False
夜莺,perturb_076,15.1982104534,60.0,False
娜斯提,perturb_076,36.936057231,44.0,False
年,perturb_076,16.0163507869,59.0,False
幽灵鲨,perturb_076,46.7908898583,34.0,False
归溟幽灵鲨,perturb_076,53.6298389937,32.0,False
德克萨斯,perturb_076,58.6692993905,26.0,False
怒潮凛冬,perturb_076,28.1159331147,51.0,False
拉普兰德,perturb_076,40.8713583094,39.0,False
斩业星熊,perturb_076,59.9374852608,24.0,False
斯卡蒂,perturb_076,43.7147946533,37.0,False
新约能天使,perturb_076,94.8496433623,1.0,True
望,perturb_076,66.8560486121,14.0,False
棘刺,perturb_076,66.4773447759,15.0,False
死芒,perturb_076,57.7945561107,28.0,False
泥岩,perturb_076,58.5996875047,27.0,False
浊心斯卡蒂,perturb_076,70.8248426913,10.0,True
温蒂,perturb_076,44.2775688796,35.0,False
焰狐龙梓兰,perturb_076,71.456969488,9.0,True
煌,perturb_076,28.0479482683,52.0,False
玛恩纳,perturb_076,69.2171787535,12.0,False
真言,perturb_076,54.0343313219,31.0,False
纯烬艾雅法拉,perturb_076,61.1154959495,21.0,False
结城理,perturb_076,64.8437259091,18.0,False
维什戴尔,perturb_076,92.3652585364,2.0,True
维娜·维多利亚,perturb_076,62.5716966045,19.0,False
缄默德克萨斯,perturb_076,35.0655459407,45.0,False
缇缇,perturb_076,33.038262368,46.0,False
缪尔赛思,perturb_076,40.7494704246,40.0,False
能天使,perturb_076,69.7718293797,11.0,False
艾雅法拉,perturb_076,27.4897519524,53.0,False
荒芜拉普兰德,perturb_076,61.5157723378,20.0,False
诗怀雅,perturb_076,29.9985039198,50.0,False
谬因,perturb_076,31.6276621268,49.0,False
贝洛内,perturb_076,41.9703899325,38.0,False
赤刃明霄陈,perturb_076,71.5634587142,8.0,True
逻各斯,perturb_076,65.3628313133,16.0,False
酒神,perturb_076,56.5333859674,29.0,False
重岳,perturb_076,56.277006723,30.0,False
铃兰,perturb_076,31.6524500627,48.0,False
银灰,perturb_076,47.6132190804,33.0,False
锏,perturb_076,32.8871932146,47.0,False
阿米娅,perturb_076,76.0485191383,5.0,True
陈,perturb_076,17.6971033949,58.0,False
霍尔海雅,perturb_076,19.0138457594,57.0,False
黍,perturb_076,40.5387975912,42.0,False
Mon3tr,perturb_077,58.9066449176,25.0,False
W,perturb_077,60.390625,24.0,False
予愿安洁莉娜,perturb_077,77.4625385294,4.0,True
令,perturb_077,64.7413448762,19.0,False
伊芙利特,perturb_077,21.1310390157,56.0,False
余,perturb_077,28.6186133118,51.0,False
佩佩,perturb_077,36.7184739254,44.0,False
凛御银灰,perturb_077,76.1858904514,6.0,True
凯尔希,perturb_077,61.8400133859,23.0,False
凯尔希·思衡托,perturb_077,83.8645694326,3.0,True
史尔特尔,perturb_077,71.8940879113,11.0,False
司霆惊蛰,perturb_077,42.0261796171,38.0,False
塑心,perturb_077,38.6431535022,42.0,False
塞雷娅,perturb_077,74.7622246462,7.0,True
夕,perturb_077,25.6864718167,55.0,False
夜莺,perturb_077,13.305397901,60.0,False
娜斯提,perturb_077,33.7957625822,45.0,False
年,perturb_077,17.1430781387,59.0,False
幽灵鲨,perturb_077,52.7322407234,32.0,False
归溟幽灵鲨,perturb_077,56.3152782106,29.0,False
德克萨斯,perturb_077,65.0265570068,16.0,False
怒潮凛冬,perturb_077,26.5582272935,53.0,False
拉普兰德,perturb_077,44.2744995553,37.0,False
斩业星熊,perturb_077,57.4672544263,27.0,False
斯卡蒂,perturb_077,46.3291962762,35.0,False
新约能天使,perturb_077,94.8400750534,1.0,True
望,perturb_077,65.1979961431,15.0,False
棘刺,perturb_077,62.1793030483,22.0,False
死芒,perturb_077,55.7276373378,30.0,False
泥岩,perturb_077,58.9049634665,26.0,False
浊心斯卡蒂,perturb_077,72.9859526864,8.0,True
温蒂,perturb_077,46.6200158436,34.0,False
焰狐龙梓兰,perturb_077,71.0763187358,12.0,False
煌,perturb_077,31.7590067989,47.0,False
玛恩纳,perturb_077,68.4947769683,13.0,False
真言,perturb_077,52.3037774743,33.0,False
纯烬艾雅法拉,perturb_077,64.7978846656,17.0,False
结城理,perturb_077,63.0043829652,20.0,False
维什戴尔,perturb_077,92.9498035894,2.0,True
维娜·维多利亚,perturb_077,65.7719770722,14.0,False
缄默德克萨斯,perturb_077,37.4541664388,43.0,False
缇缇,perturb_077,29.4183773941,49.0,False
缪尔赛思,perturb_077,41.7535347507,39.0,False
能天使,perturb_077,71.9020562159,10.0,True
艾雅法拉,perturb_077,25.9603244633,54.0,False
荒芜拉普兰德,perturb_077,62.4920426316,21.0,False
诗怀雅,perturb_077,27.9165320193,52.0,False
谬因,perturb_077,28.7280513193,50.0,False
贝洛内,perturb_077,40.4710406858,41.0,False
赤刃明霄陈,perturb_077,72.7134090799,9.0,True
逻各斯,perturb_077,64.7425268132,18.0,False
酒神,perturb_077,52.7516133389,31.0,False
重岳,perturb_077,56.7103857506,28.0,False
铃兰,perturb_077,30.3155343697,48.0,False
银灰,perturb_077,45.4275244654,36.0,False
锏,perturb_077,32.5570278649,46.0,False
阿米娅,perturb_077,76.2760792562,5.0,True
陈,perturb_077,19.3564636478,57.0,False
霍尔海雅,perturb_077,17.808894617,58.0,False
黍,perturb_077,41.3259347061,40.0,False
Mon3tr,perturb_078,59.0355080508,24.0,False
W,perturb_078,60.390625,23.0,False
予愿安洁莉娜,perturb_078,72.063477651,7.0,True
令,perturb_078,58.264717232,27.0,False
伊芙利特,perturb_078,23.8131793778,55.0,False
余,perturb_078,25.2231881312,54.0,False
佩佩,perturb_078,42.6502367322,40.0,False
凛御银灰,perturb_078,77.8820810362,4.0,True
凯尔希,perturb_078,66.5531881999,16.0,False
凯尔希·思衡托,perturb_078,81.5343379345,3.0,True
史尔特尔,perturb_078,65.8706906925,17.0,False
司霆惊蛰,perturb_078,46.2597224984,34.0,False
塑心,perturb_078,43.3891049051,37.0,False
塞雷娅,perturb_078,75.6856904214,6.0,True
夕,perturb_078,21.5427511682,56.0,False
夜莺,perturb_078,15.9238751987,59.0,False
娜斯提,perturb_078,40.9667760974,41.0,False
年,perturb_078,15.5843870852,60.0,False
幽灵鲨,perturb_078,44.5131001974,35.0,False
归溟幽灵鲨,perturb_078,50.1829489,32.0,False
德克萨斯,perturb_078,56.2320597796,30.0,False
怒潮凛冬,perturb_078,30.1153232816,51.0,False
拉普兰德,perturb_078,39.5666651308,43.0,False
斩业星熊,perturb_078,63.108145069,19.0,False
斯卡蒂,perturb_078,42.7124877501,39.0,False
新约能天使,perturb_078,94.083012326,1.0,True
望,perturb_078,68.9842385163,12.0,False
棘刺,perturb_078,68.1251240827,14.0,False
死芒,perturb_078,60.4475455353,22.0,False
泥岩,perturb_078,58.4826510856,25.0,False
浊心斯卡蒂,perturb_078,69.9963183178,10.0,True
温蒂,perturb_078,43.3795237048,38.0,False
焰狐龙梓兰,perturb_078,71.9455529936,8.0,True
煌,perturb_078,26.6252060428,53.0,False
玛恩纳,perturb_078,69.4941324892,11.0,False
真言,perturb_078,56.2555802246,29.0,False
纯烬艾雅法拉,perturb_078,56.3889733358,28.0,False
结城理,perturb_078,67.204610837,15.0,False
维什戴尔,perturb_078,92.1411561886,2.0,True
维娜·维多利亚,perturb_078,58.4639830612,26.0,False
缄默德克萨斯,perturb_078,31.9996369152,49.0,False
缇缇,perturb_078,37.6845584294,45.0,False
缪尔赛思,perturb_078,39.693990757,42.0,False
能天使,perturb_078,68.9551449634,13.0,False
艾雅法拉,perturb_078,28.0761024644,52.0,False
荒芜拉普兰德,perturb_078,62.0567938779,20.0,False
诗怀雅,perturb_078,30.7966884029,50.0,False
谬因,perturb_078,35.3494517338,46.0,False
贝洛内,perturb_078,43.8948766359,36.0,False
赤刃明霄陈,perturb_078,70.0874422403,9.0,True
逻各斯,perturb_078,65.6006430852,18.0,False
酒神,perturb_078,61.3874726014,21.0,False
重岳,perturb_078,55.7207439458,31.0,False
铃兰,perturb_078,32.1649955783,48.0,False
银灰,perturb_078,48.451168683,33.0,False
锏,perturb_078,33.0137717044,47.0,False
阿米娅,perturb_078,75.9612773484,5.0,True
陈,perturb_078,17.0609393787,58.0,False
霍尔海雅,perturb_078,19.4757988263,57.0,False
黍,perturb_078,37.696555648,44.0,False
Mon3tr,perturb_079,59.0060350774,25.0,False
W,perturb_079,60.390625,21.0,False
予愿安洁莉娜,perturb_079,73.2983256156,7.0,True
令,perturb_079,58.2594856139,28.0,False
伊芙利特,perturb_079,23.8153459273,55.0,False
余,perturb_079,25.9997739056,54.0,False
佩佩,perturb_079,41.2935516728,40.0,False
凛御银灰,perturb_079,77.4941362549,4.0,True
凯尔希,perturb_079,66.5569953556,15.0,False
凯尔希·思衡托,perturb_079,81.7386808972,3.0,True
史尔特尔,perturb_079,65.8658251799,17.0,False
司霆惊蛰,perturb_079,45.2914463615,34.0,False
塑心,perturb_079,42.3036330866,39.0,False
塞雷娅,perturb_079,75.6864363682,6.0,True
夕,perturb_079,21.5394039997,56.0,False
夜莺,perturb_079,15.9259903231,59.0,False
娜斯提,perturb_079,39.3266554092,43.0,False
年,perturb_079,15.5831280231,60.0,False
幽灵鲨,perturb_079,44.5064610317,35.0,False
归溟幽灵鲨,perturb_079,51.5855065926,32.0,False
德克萨斯,perturb_079,56.2249558587,29.0,False
怒潮凛冬,perturb_079,29.3017609159,51.0,False
拉普兰德,perturb_079,39.5628622889,42.0,False
斩业星熊,perturb_079,61.8179869312,20.0,False
斯卡蒂,perturb_079,42.7095662857,38.0,False
新约能天使,perturb_079,94.3061453182,1.0,True
望,perturb_079,68.1182668606,14.0,False
棘刺,perturb_079,68.1299269316,13.0,False
死芒,perturb_079,59.3680301969,24.0,False
泥岩,perturb_079,58.4823099549,26.0,False
浊心斯卡蒂,perturb_079,69.9939033843,10.0,True
温蒂,perturb_079,43.3769061362,36.0,False
焰狐龙梓兰,perturb_079,71.7467457976,8.0,True
煌,perturb_079,26.6210591185,53.0,False
玛恩纳,perturb_079,69.4949397374,11.0,False
真言,perturb_079,55.3517423734,31.0,False
纯烬艾雅法拉,perturb_079,58.3122202253,27.0,False
结城理,perturb_079,66.2439543533,16.0,False
维什戴尔,perturb_079,92.1405029884,2.0,True
维娜·维多利亚,perturb_079,60.1354332881,22.0,False
缄默德克萨斯,perturb_079,33.2471714091,47.0,False
缇缇,perturb_079,35.7939561457,45.0,False
缪尔赛思,perturb_079,40.0629642732,41.0,False
能天使,perturb_079,68.9527645403,12.0,False
艾雅法拉,perturb_079,28.077811524,52.0,False
荒芜拉普兰德,perturb_079,62.0351553706,19.0,False
诗怀雅,perturb_079,30.7990149035,50.0,False
谬因,perturb_079,33.8350359846,46.0,False
贝洛内,perturb_079,43.1117928831,37.0,False
赤刃明霄陈,perturb_079,70.6880411,9.0,True
逻各斯,perturb_079,65.6013362448,18.0,False
酒神,perturb_079,59.4123192417,23.0,False
重岳,perturb_079,55.947090193,30.0,False
铃兰,perturb_079,32.1664895155,49.0,False
银灰,perturb_079,48.4536110886,33.0,False
锏,perturb_079,33.0141406478,48.0,False
阿米娅,perturb_079,75.9610230612,5.0,True
陈,perturb_079,17.0590851257,58.0,False
霍尔海雅,perturb_079,19.4771452996,57.0,False
黍,perturb_079,39.1153480496,44.0,False
Mon3tr,perturb_080,59.0245037862,25.0,False
W,perturb_080,60.390625,22.0,False
予愿安洁莉娜,perturb_080,72.5245303439,7.0,True
令,perturb_080,56.2539850435,28.0,False
伊芙利特,perturb_080,24.6458759997,55.0,False
余,perturb_080,25.5131403948,53.0,False
佩佩,perturb_080,42.1436939691,38.0,False
凛御银灰,perturb_080,77.737234876,4.0,True
凯尔希,perturb_080,68.0164392665,15.0,False
凯尔希·思衡托,perturb_080,81.0395987003,3.0,True
史尔特尔,perturb_080,64.0006683078,18.0,False
司霆惊蛰,perturb_080,45.898199191,34.0,False
塑心,perturb_080,42.9838244825,36.0,False
塞雷娅,perturb_080,75.9723893735,5.0,True
夕,perturb_080,20.2562926985,56.0,False
夜莺,perturb_080,16.7368070016,58.0,False
娜斯提,perturb_080,40.3544075455,41.0,False
年,perturb_080,15.100476253,60.0,False
幽灵鲨,perturb_080,41.9613878981,39.0,False
归溟幽灵鲨,perturb_080,50.7066190356,32.0,False
德克萨斯,perturb_080,53.5017223837,31.0,False
怒潮凛冬,perturb_080,29.8115651427,51.0,False
拉普兰德,perturb_080,38.1050720402,44.0,False
斩业星熊,perturb_080,62.6264413284,19.0,False
斯卡蒂,perturb_080,41.5896453314,40.0,False
新约能天使,perturb_080,94.2716999634,1.0,True
望,perturb_080,68.6609124266,13.0,False
棘刺,perturb_080,69.9710621846,10.0,True
死芒,perturb_080,60.0444890717,23.0,False
泥岩,perturb_080,58.3515400902,26.0,False
浊心斯卡蒂,perturb_080,69.0681571841,12.0,False
温蒂,perturb_080,42.3734813309,37.0,False
焰狐龙梓兰,perturb_080,71.871324752,8.0,True
煌,perturb_080,25.0313675521,54.0,False
玛恩纳,perturb_080,69.8043921527,11.0,False
真言,perturb_080,55.9181161099,29.0,False
纯烬艾雅法拉,perturb_080,57.1070521462,27.0,False
结城理,perturb_080,66.8459324641,16.0,False
维什戴尔,perturb_080,91.8901037201,2.0,True
维娜·维多利亚,perturb_080,59.0880490597,24.0,False
缄默德克萨斯,perturb_080,32.4654263519,49.0,False
缇缇,perturb_080,36.9786680696,45.0,False
缪尔赛思,perturb_080,39.6540366643,42.0,False
能天使,perturb_080,68.0402476376,14.0,False
艾雅法拉,perturb_080,28.7329663702,52.0,False
荒芜拉普兰德,perturb_080,61.8310615907,20.0,False
诗怀雅,perturb_080,31.6908610289,50.0,False
谬因,perturb_080,34.7840173813,46.0,False
贝洛内,perturb_080,43.6024982352,35.0,False
赤刃明霄陈,perturb_080,70.3116866247,9.0,True
逻各斯,perturb_080,65.867053647,17.0,False
酒神,perturb_080,60.650013577,21.0,False
重岳,perturb_080,55.8052543874,30.0,False
铃兰,perturb_080,32.7391788397,48.0,False
银灰,perturb_080,49.3898885058,33.0,False
锏,perturb_080,33.1555722818,47.0,False
阿米娅,perturb_080,75.8635440273,6.0,True
陈,perturb_080,16.3482714918,59.0,False
霍尔海雅,perturb_080,19.9933054877,57.0,False
黍,perturb_080,38.9519921044,43.0,False
Mon3tr,perturb_081,59.0135596092,25.0,False
W,perturb_081,60.390625,21.0,False
予愿安洁莉娜,perturb_081,72.9830655075,7.0,True
令,perturb_081,58.9947815809,26.0,False
伊芙利特,perturb_081,23.5108406972,55.0,False
余,perturb_081,25.8015094048,54.0,False
佩佩,perturb_081,41.639917129,40.0,False
凛御银灰,perturb_081,77.5931796329,4.0,True
凯尔希,perturb_081,66.0219053949,17.0,False
凯尔希·思衡托,perturb_081,81.7236816714,3.0,True
史尔特尔,perturb_081,66.5496655866,15.0,False
司霆惊蛰,perturb_081,45.5386499432,34.0,False
塑心,perturb_081,42.5807570506,39.0,False
塞雷娅,perturb_081,75.5815946671,6.0,True
夕,perturb_081,22.0098434396,56.0,False
夜莺,perturb_081,15.6287128043,60.0,False
娜斯提,perturb_081,39.7453827671,43.0,False
年,perturb_081,15.7600872847,59.0,False
幽灵鲨,perturb_081,45.4395856781,35.0,False
归溟幽灵鲨,perturb_081,51.227429726,32.0,False
德克萨斯,perturb_081,57.223401145,29.0,False
怒潮凛冬,perturb_081,29.5094656429,51.0,False
拉普兰德,perturb_081,40.0973459516,41.0,False
斩业星熊,perturb_081,62.1473678799,19.0,False
斯卡蒂,perturb_081,43.1201736787,38.0,False
新约能天使,perturb_081,94.2424276066,1.0,True
望,perturb_081,68.3393518246,13.0,False
棘刺,perturb_081,67.4548938022,14.0,False
死芒,perturb_081,59.6436334551,24.0,False
泥岩,perturb_081,58.5302553684,27.0,False
浊心斯卡蒂,perturb_081,70.3333186193,10.0,True
温蒂,perturb_081,43.7448014254,36.0,False
焰狐龙梓兰,perturb_081,71.7975018258,8.0,True
煌,perturb_081,27.2039030303,53.0,False
玛恩纳,perturb_081,69.3814822215,11.0,False
真言,perturb_081,55.5824946821,31.0,False
纯烬艾雅法拉,perturb_081,57.8212099635,28.0,False
结城理,perturb_081,66.4892126164,16.0,False
维什戴尔,perturb_081,92.232309281,2.0,True
维娜·维多利亚,perturb_081,59.7087074121,23.0,False
缄默德克萨斯,perturb_081,32.9286723949,48.0,False
缇缇,perturb_081,36.2766321492,45.0,False
缪尔赛思,perturb_081,40.030881111,42.0,False
能天使,perturb_081,69.2873293907,12.0,False
艾雅法拉,perturb_081,27.8376058002,52.0,False
荒芜拉普兰德,perturb_081,62.0548061335,20.0,False
诗怀雅,perturb_081,30.472028779,50.0,False
谬因,perturb_081,34.2216705231,46.0,False
贝洛内,perturb_081,43.3117163358,37.0,False
赤刃明霄陈,perturb_081,70.5347065464,9.0,True
逻各斯,perturb_081,65.5039137174,18.0,False
酒神,perturb_081,59.9165813693,22.0,False
重岳,perturb_081,55.8893033687,30.0,False
铃兰,perturb_081,31.9565189193,49.0,False
银灰,perturb_081,48.1103346921,33.0,False
锏,perturb_081,32.9622862073,47.0,False
阿米娅,perturb_081,75.9967627371,5.0,True
陈,perturb_081,17.3196975663,58.0,False
霍尔海雅,perturb_081,19.2879005244,57.0,False
黍,perturb_081,38.4689267176,44.0,False
Mon3tr,perturb_082,58.9223198104,25.0,False
W,perturb_082,60.390625,24.0,False
予愿安洁莉娜,perturb_082,76.8057975521,4.0,True
令,perturb_082,62.7113377937,21.0,False
伊芙利特,perturb_082,21.9717178737,56.0,False
余,perturb_082,28.2055942884,52.0,False
佩佩,perturb_082,37.4400126875,43.0,False
凛御银灰,perturb_082,76.3922148265,5.0,True
凯尔希,perturb_082,63.3172911883,20.0,False
凯尔希·思衡托,perturb_082,81.9831541014,3.0,True
史尔特尔,perturb_082,70.0061394778,12.0,False
司霆惊蛰,perturb_082,42.5411471553,38.0,False
塑心,perturb_082,39.2204503382,42.0,False
塞雷娅,perturb_082,75.0516718967,7.0,True
夕,perturb_082,24.3876813463,55.0,False
夜莺,perturb_082,14.1261224743,60.0,False
娜斯提,perturb_082,34.6680436196,45.0,False
年,perturb_082,16.6545285336,59.0,False
幽灵鲨,perturb_082,50.1560676907,33.0,False
归溟幽灵鲨,perturb_082,55.5693425683,30.0,False
德克萨斯,perturb_082,62.2700465759,22.0,False
怒潮凛冬,perturb_082,26.9909119303,53.0,False
拉普兰德,perturb_082,42.7988956222,37.0,False
斩业星熊,perturb_082,58.1534115408,27.0,False
斯卡蒂,perturb_082,45.1955902814,36.0,False
新约能天使,perturb_082,94.9928204354,1.0,True
望,perturb_082,65.6585541128,14.0,False
棘刺,perturb_082,64.0429363269,17.0,False
死芒,perturb_082,56.301766282,29.0,False
泥岩,perturb_082,58.77259564,26.0,False
浊心斯卡蒂,perturb_082,72.048894193,9.0,True
温蒂,perturb_082,45.6043295399,35.0,False
焰狐龙梓兰,perturb_082,71.182052264,10.0,True
煌,perturb_082,30.1498897603,49.0,False
玛恩纳,perturb_082,68.8080107833,13.0,False
真言,perturb_082,52.7844741841,32.0,False
纯烬艾雅法拉,perturb_082,63.7750259188,18.0,False
结城理,perturb_082,63.5152980705,19.0,False
维什戴尔,perturb_082,92.69634453,2.0,True
维娜·维多利亚,perturb_082,64.8830337474,16.0,False
缄默德克萨斯,perturb_082,36.7906782637,44.0,False
缇缇,perturb_082,30.4238744488,48.0,False
缪尔赛思,perturb_082,41.4395608126,40.0,False
能天使,perturb_082,70.9783886773,11.0,False
艾雅法拉,perturb_082,26.6234850714,54.0,False
荒芜拉普兰德,perturb_082,61.8491211282,23.0,False
诗怀雅,perturb_082,28.8192761909,51.0,False
谬因,perturb_082,29.5334774993,50.0,False
贝洛内,perturb_082,40.887515591,41.0,False
赤刃明霄陈,perturb_082,72.3939868568,8.0,True
逻各斯,perturb_082,65.0114911887,15.0,False
酒神,perturb_082,53.8020779992,31.0,False
重岳,perturb_082,56.5900058659,28.0,False
铃兰,perturb_082,30.8952217562,47.0,False
银灰,perturb_082,46.3752428636,34.0,False
锏,perturb_082,32.7001877437,46.0,False
阿米娅,perturb_082,76.1774090628,6.0,True
陈,perturb_082,18.6369641211,57.0,False
霍尔海雅,perturb_082,18.3313621011,58.0,False
黍,perturb_082,41.4790375667,39.0,False
Mon3tr,perturb_083,59.0213703841,26.0,False
W,perturb_083,60.390625,22.0,False
予愿安洁莉娜,perturb_083,72.6558124902,7.0,True
令,perturb_083,59.352262804,24.0,False
伊芙利特,perturb_083,23.3627984027,55.0,False
余,perturb_083,25.5957026617,54.0,False
佩佩,perturb_083,41.9994587826,40.0,False
凛御银灰,perturb_083,77.6959907512,4.0,True
凯尔希,perturb_083,65.7617589746,17.0,False
凯尔希·思衡托,perturb_083,81.1500789977,3.0,True
史尔特尔,perturb_083,66.8821304932,15.0,False
司霆惊蛰,perturb_083,45.7952574742,35.0,False
塑心,perturb_083,42.8684231747,39.0,False
塞雷娅,perturb_083,75.5306234375,6.0,True
夕,perturb_083,22.2385585066,56.0,False
夜莺,perturb_083,15.4841844296,60.0,False
娜斯提,perturb_083,40.1800390643,42.0,False
年,perturb_083,15.8461201423,59.0,False
幽灵鲨,perturb_083,45.8932459114,34.0,False
归溟幽灵鲨,perturb_083,50.8557311445,32.0,False
德克萨斯,perturb_083,57.7088185255,28.0,False
怒潮凛冬,perturb_083,29.7250717309,51.0,False
拉普兰德,perturb_083,40.357197606,41.0,False
斩业星熊,perturb_083,62.489278913,19.0,False
斯卡蒂,perturb_083,43.3198000056,38.0,False
新约能天使,perturb_083,94.2786192996,1.0,True
望,perturb_083,68.5688471515,13.0,False
棘刺,perturb_083,67.1267107582,14.0,False
死芒,perturb_083,59.9297210236,23.0,False
泥岩,perturb_083,58.5535651454,27.0,False
浊心斯卡蒂,perturb_083,70.498333224,9.0,True
温蒂,perturb_083,43.9236622705,36.0,False
焰狐龙梓兰,perturb_083,71.8501886801,8.0,True
煌,perturb_083,27.4872661436,53.0,False
玛恩纳,perturb_083,69.3263222133,12.0,False
真言,perturb_083,55.8220251121,31.0,False
纯烬艾雅法拉,perturb_083,57.3115210255,29.0,False
结城理,perturb_083,66.7438008263,16.0,False
维什戴尔,perturb_083,92.2769430438,2.0,True
维娜·维多利亚,perturb_083,59.2657483227,25.0,False
缄默德克萨斯,perturb_083,32.5980572592,48.0,False
缇缇,perturb_083,36.7776697826,45.0,False
缪尔赛思,perturb_083,39.9670254679,43.0,False
能天使,perturb_083,69.4499858682,11.0,False
艾雅法拉,perturb_083,27.720824205,52.0,False
荒芜拉普兰德,perturb_083,61.8627527302,20.0,False
诗怀雅,perturb_083,30.3130568752,50.0,False
谬因,perturb_083,34.6230131479,46.0,False
贝洛内,perturb_083,43.5192451395,37.0,False
赤刃明霄陈,perturb_083,70.3755389447,10.0,True
逻各斯,perturb_083,65.4565494916,18.0,False
酒神,perturb_083,60.4400262913,21.0,False
重岳,perturb_083,55.8293182576,30.0,False
铃兰,perturb_083,31.8544368341,49.0,False
银灰,perturb_083,47.9434428941,33.0,False
锏,perturb_083,32.9370759659,47.0,False
阿米娅,perturb_083,76.0141384112,5.0,True
陈,perturb_083,17.4464003611,58.0,False
霍尔海雅,perturb_083,19.1958947788,57.0,False
黍,perturb_083,37.9583527085,44.0,False
Mon3tr,perturb_084,58.9770195312,26.0,False
W,perturb_084,60.390625,24.0,False
予愿安洁莉娜,perturb_084,74.5140084615,7.0,True
令,perturb_084,62.7502309658,19.0,False
伊芙利特,perturb_084,21.9556111971,56.0,False
余,perturb_084,26.7643068938,53.0,False
佩佩,perturb_084,39.9579226713,42.0,False
凛御银灰,perturb_084,77.1122124642,4.0,True
凯尔希,perturb_084,63.288987829,18.0,False
凯尔希·思衡托,perturb_084,82.8770085056,3.0,True
史尔特尔,perturb_084,70.0423109297,12.0,False
司霆惊蛰,perturb_084,44.3381980885,37.0,False
塑心,perturb_084,41.2350080353,40.0,False
塞雷娅,perturb_084,75.0461263388,6.0,True
夕,perturb_084,24.4125650435,55.0,False
夜莺,perturb_084,14.1103981045,60.0,False
娜斯提,perturb_084,37.7119897638,44.0,False
年,perturb_084,16.6638887196,59.0,False
幽灵鲨,perturb_084,50.205424928,33.0,False
归溟幽灵鲨,perturb_084,52.9662962736,32.0,False
德克萨斯,perturb_084,62.3228589211,21.0,False
怒潮凛冬,perturb_084,28.5008252215,52.0,False
拉普兰德,perturb_084,42.8271669117,38.0,False
斩业星熊,perturb_084,60.5478523385,23.0,False
斯卡蒂,perturb_084,45.2173091875,36.0,False
新约能天使,perturb_084,94.3652501304,1.0,True
望,perturb_084,67.2657352802,14.0,False
棘刺,perturb_084,64.0072307323,17.0,False
死芒,perturb_084,58.30526918,28.0,False
泥岩,perturb_084,58.7751316926,27.0,False
浊心斯卡蒂,perturb_084,72.0668474197,8.0,True
温蒂,perturb_084,45.6237892071,35.0,False
焰狐龙梓兰,perturb_084,71.5510241342,9.0,True
煌,perturb_084,30.1807190449,50.0,False
玛恩纳,perturb_084,68.8020094955,13.0,False
真言,perturb_084,54.4619322894,31.0,False
纯烬艾雅法拉,perturb_084,60.2056178895,25.0,False
结城理,perturb_084,65.2982074748,15.0,False
维什戴尔,perturb_084,92.7012005854,2.0,True
维娜·维多利亚,perturb_084,61.7809422306,22.0,False
缄默德克萨斯,perturb_084,34.4753438864,45.0,False
缇缇,perturb_084,33.9326964356,46.0,False
缪尔赛思,perturb_084,40.7834111959,41.0,False
能天使,perturb_084,70.996085345,11.0,False
艾雅法拉,perturb_084,26.6107794903,54.0,False
荒芜拉普兰德,perturb_084,62.3663337077,20.0,False
诗怀雅,perturb_084,28.8019803968,51.0,False
谬因,perturb_084,32.3441243093,48.0,False
贝洛内,perturb_084,42.3408627667,39.0,False
赤刃明霄陈,perturb_084,71.27931853,10.0,True
逻各斯,perturb_084,65.0063380649,16.0,False
酒神,perturb_084,57.4678207074,29.0,False
重岳,perturb_084,56.1699234955,30.0,False
铃兰,perturb_084,30.8841154495,49.0,False
银灰,perturb_084,46.3570854024,34.0,False
锏,perturb_084,32.6974449248,47.0,False
阿米娅,perturb_084,76.179299498,5.0,True
陈,perturb_084,18.650749107,57.0,False
霍尔海雅,perturb_084,18.321352078,58.0,False
黍,perturb_084,38.6900025357,43.0,False
Mon3tr,perturb_085,58.9527447504,26.0,False
W,perturb_085,60.390625,24.0,False
予愿安洁莉娜,perturb_085,75.5310644348,6.0,True
令,perturb_085,64.0531606785,18.0,False
伊芙利特,perturb_085,21.4160340339,56.0,False
余,perturb_085,27.403925068,53.0,False
佩佩,perturb_085,38.8405181948,43.0,False
凛御银灰,perturb_085,76.7926900871,4.0,True
凯尔希,perturb_085,62.3408191456,21.0,False
凯尔希·思衡托,perturb_085,80.9898720329,3.0,True
史尔特尔,perturb_085,71.2540624212,12.0,False
司霆惊蛰,perturb_085,43.5406982691,38.0,False
塑心,perturb_085,40.3409825128,41.0,False
塞雷娅,perturb_085,74.8603489461,7.0,True
夕,perturb_085,25.2461742998,55.0,False
夜莺,perturb_085,13.5836283007,60.0,False
娜斯提,perturb_085,36.3611396263,44.0,False
年,perturb_085,16.9774569835,59.0,False
幽灵鲨,perturb_085,51.8589030948,33.0,False
归溟幽灵鲨,perturb_085,54.121482758,31.0,False
德克萨斯,perturb_085,64.0920839523,17.0,False
怒潮凛冬,perturb_085,27.8307520729,52.0,False
拉普兰德,perturb_085,43.7742612471,37.0,False
斩业星熊,perturb_085,59.4852413304,25.0,False
斯卡蒂,perturb_085,45.9448972564,35.0,False
新约能天使,perturb_085,94.8939835812,1.0,True
望,perturb_085,66.5524963469,14.0,False
棘刺,perturb_085,62.8110855596,20.0,False
死芒,perturb_085,57.4161495842,28.0,False
泥岩,perturb_085,58.8600900041,27.0,False
浊心斯卡蒂,perturb_085,72.6682844117,8.0,True
温蒂,perturb_085,46.2756922844,34.0,False
焰狐龙梓兰,perturb_085,71.3872808622,11.0,False
煌,perturb_085,31.213506772,48.0,False
玛恩纳,perturb_085,68.6009650519,13.0,False
真言,perturb_085,53.7175056784,32.0,False
纯烬艾雅法拉,perturb_085,61.7896588346,22.0,False
结城理,perturb_085,64.506983419,16.0,False
维什戴尔,perturb_085,92.8638794954,2.0,True
维娜·维多利亚,perturb_085,63.157596269,19.0,False
缄默德克萨斯,perturb_085,35.5028488467,45.0,False
缇缇,perturb_085,32.375542518,47.0,False
缪尔赛思,perturb_085,41.1642547992,40.0,False
能天使,perturb_085,71.5889275527,10.0,True
艾雅法拉,perturb_085,26.1851397631,54.0,False
荒芜拉普兰德,perturb_085,61.5781749042,23.0,False
诗怀雅,perturb_085,28.2225675394,51.0,False
谬因,perturb_085,31.0968083418,49.0,False
贝洛内,perturb_085,41.6958926722,39.0,False
赤刃明霄陈,perturb_085,71.7739888662,9.0,True
逻各斯,perturb_085,64.8337072995,15.0,False
酒神,perturb_085,55.8410281142,30.0,False
重岳,perturb_085,56.3563487149,29.0,False
铃兰,perturb_085,30.5120517624,50.0,False
银灰,perturb_085,45.7488065097,36.0,False
锏,perturb_085,32.6055598957,46.0,False
阿米娅,perturb_085,76.2426294873,5.0,True
陈,perturb_085,19.1125491271,57.0,False
霍尔海雅,perturb_085,17.9860141302,58.0,False
黍,perturb_085,39.2890193225,42.0,False
Mon3tr,perturb_086,58.9600450654,24.0,False
W,perturb_086,60.390625,22.0,False
予愿安洁莉娜,perturb_086,75.2251984806,7.0,True
令,perturb_086,57.309206695,27.0,False
伊芙利特,perturb_086,24.2088812027,55.0,False
余,perturb_086,27.2115684738,53.0,False
佩佩,perturb_086,39.1765626165,42.0,False
凛御银灰,perturb_086,76.88878216,4.0,True
凯尔希,perturb_086,67.2485328213,14.0,False
凯尔希·思衡托,perturb_086,82.5232259467,3.0,True
史尔特尔,perturb_086,64.9820461961,17.0,False
司霆惊蛰,perturb_086,43.7805356523,34.0,False
塑心,perturb_086,40.6098487077,40.0,False
塞雷娅,perturb_086,75.821931275,6.0,True
夕,perturb_086,20.9314193209,56.0,False
夜莺,perturb_086,16.3101846774,59.0,False
娜斯提,perturb_086,36.7673897021,44.0,False
年,perturb_086,15.3544301064,60.0,False
幽灵鲨,perturb_086,43.3005130596,35.0,False
归溟幽灵鲨,perturb_086,53.7740759038,32.0,False
德克萨斯,perturb_086,54.9345890541,30.0,False
怒潮凛冬,perturb_086,28.0322675925,52.0,False
拉普兰德,perturb_086,38.8721083883,43.0,False
斩业星熊,perturb_086,59.8048073508,23.0,False
斯卡蒂,perturb_086,42.1789071129,37.0,False
新约能天使,perturb_086,94.5767801021,1.0,True
望,perturb_086,66.7669933978,15.0,False
棘刺,perturb_086,69.0023236009,12.0,False
死芒,perturb_086,57.6835403874,26.0,False
泥岩,perturb_086,58.4203464494,25.0,False
浊心斯卡蒂,perturb_086,69.5552512536,11.0,False
温蒂,perturb_086,42.9014470646,36.0,False
焰狐龙梓兰,perturb_086,71.4365244569,9.0,True
煌,perturb_086,25.867805589,54.0,False
玛恩纳,perturb_086,69.641569517,10.0,True
真言,perturb_086,53.9413820054,31.0,False
纯烬艾雅法拉,perturb_086,61.3132797485,21.0,False
结城理,perturb_086,64.7449334504,18.0,False
维什戴尔,perturb_086,92.021854732,2.0,True
维娜·维多利亚,perturb_086,62.7435860158,19.0,False
缄默德克萨斯,perturb_086,35.1938404997,45.0,False
缇缇,perturb_086,32.8438356909,47.0,False
缪尔赛思,perturb_086,40.6041882574,41.0,False
能天使,perturb_086,68.5203809306,13.0,False
艾雅法拉,perturb_086,28.3882476556,51.0,False
荒芜拉普兰德,perturb_086,62.1756874795,20.0,False
诗怀雅,perturb_086,31.2216039491,50.0,False
谬因,perturb_086,31.4719219035,49.0,False
贝洛内,perturb_086,41.8898587847,38.0,False
赤刃明霄陈,perturb_086,71.6252233918,8.0,True
逻各斯,perturb_086,65.7272427888,16.0,False
酒神,perturb_086,56.3302641856,28.0,False
重岳,perturb_086,56.3002838285,29.0,False
铃兰,perturb_086,32.4378504913,48.0,False
银灰,perturb_086,48.8972532919,33.0,False
锏,perturb_086,33.0811560864,46.0,False
阿米娅,perturb_086,75.9148339589,5.0,True
陈,perturb_086,16.7222758415,58.0,False
霍尔海雅,perturb_086,19.7217207202,57.0,False
黍,perturb_086,41.8040293155,39.0,False
Mon3tr,perturb_087,58.8913700622,26.0,False
W,perturb_087,60.390625,24.0,False
予愿安洁莉娜,perturb_087,78.1025188896,4.0,True
令,perturb_087,66.3703633705,16.0,False
伊芙利特,perturb_087,20.4564199864,56.0,False
余,perturb_087,29.0210917204,49.0,False
佩佩,perturb_087,36.0153494778,44.0,False
凛御银灰,perturb_087,75.9848316588,6.0,True
凯尔希,perturb_087,60.6545432059,23.0,False
凯尔希·思衡托,perturb_087,81.1209613814,3.0,True
史尔特尔,perturb_087,73.4091086917,9.0,True
司霆惊蛰,perturb_087,41.524354511,39.0,False
塑心,perturb_087,38.0805897977,43.0,False
塞雷娅,perturb_087,74.5299520949,7.0,True
夕,perturb_087,26.7287113807,53.0,False
夜莺,perturb_087,12.6467915739,60.0,False
娜斯提,perturb_087,32.945742937,46.0,False
年,perturb_087,17.53512423,58.0,False
幽灵鲨,perturb_087,54.7995406609,31.0,False
归溟幽灵鲨,perturb_087,57.0421769083,27.0,False
德克萨斯,perturb_087,67.2385721818,14.0,False
怒潮凛冬,perturb_087,26.1365851555,54.0,False
拉普兰德,perturb_087,45.4586265064,36.0,False
斩业星熊,perturb_087,56.798608655,29.0,False
斯卡蒂,perturb_087,47.2388803589,35.0,False
新约能天使,perturb_087,95.3842814305,1.0,True
望,perturb_087,64.7491920247,18.0,False
棘刺,perturb_087,60.6837944347,22.0,False
死芒,perturb_087,55.1681606775,30.0,False
泥岩,perturb_087,59.0111845921,25.0,False
浊心斯卡蒂,perturb_087,73.7379134204,8.0,True
温蒂,perturb_087,47.4350729868,34.0,False
焰狐龙梓兰,perturb_087,70.9732836217,12.0,False
煌,perturb_087,33.0502739269,45.0,False
玛恩纳,perturb_087,68.2434164277,13.0,False
真言,perturb_087,51.8353485744,32.0,False
纯烬艾雅法拉,perturb_087,65.7946391426,17.0,False
结城理,perturb_087,62.5065068702,20.0,False
维什戴尔,perturb_087,93.1531967198,2.0,True
维娜·维多利亚,perturb_087,66.6382337686,15.0,False
缄默德克萨斯,perturb_087,38.1007218025,42.0,False
缇缇,perturb_087,28.4385415234,50.0,False
缪尔赛思,perturb_087,42.0290926326,38.0,False
能天使,perturb_087,72.6432711189,11.0,False
艾雅法拉,perturb_087,25.4281583912,55.0,False
荒芜拉普兰德,perturb_087,61.431835551,21.0,False
诗怀雅,perturb_087,27.1921074772,52.0,False
谬因,perturb_087,27.9431803357,51.0,False
贝洛内,perturb_087,40.0651945925,41.0,False
赤刃明霄陈,perturb_087,73.0246793622,10.0,True
逻各斯,perturb_087,64.5266911416,19.0,False
酒神,perturb_087,51.7279574761,33.0,False
重岳,perturb_087,56.827693433,28.0,False
铃兰,perturb_087,29.8503530009,48.0,False
银灰,perturb_087,44.6670094843,37.0,False
锏,perturb_087,32.4421464478,47.0,False
阿米娅,perturb_087,76.3552590637,5.0,True
陈,perturb_087,19.933839976,57.0,False
霍尔海雅,perturb_087,17.3896304668,59.0,False
黍,perturb_087,41.295825317,40.0,False
Mon3tr,perturb_088,59.0193843264,25.0,False
W,perturb_088,60.390625,21.0,False
予愿安洁莉娜,perturb_088,72.7390236144,7.0,True
令,perturb_088,58.0168279708,27.0,False
伊芙利特,perturb_088,23.9158367837,55.0,False
余,perturb_088,25.6480334564,54.0,False
佩佩,perturb_088,41.9080375776,40.0,False
凛御银灰,perturb_088,77.6698488112,4.0,True
凯尔希,perturb_088,66.733582301,15.0,False
凯尔希·思衡托,perturb_088,80.5873462399,3.0,True
史尔特尔,perturb_088,65.6401485696,17.0,False
司霆惊蛰,perturb_088,45.7300094856,34.0,False
塑心,perturb_088,42.7952778702,38.0,False
塞雷娅,perturb_088,75.7210355518,6.0,True
夕,perturb_088,21.3841526032,56.0,False
夜莺,perturb_088,16.0240959368,59.0,False
娜斯提,perturb_088,40.0695183441,41.0,False
年,perturb_088,15.5247290664,60.0,False
幽灵鲨,perturb_088,44.1985172409,35.0,False
归溟幽灵鲨,perturb_088,50.9502435102,32.0,False
德克萨斯,perturb_088,55.8954553707,29.0,False
怒潮凛冬,perturb_088,29.6702492418,51.0,False
拉普兰德,perturb_088,39.3864754301,43.0,False
斩业星熊,perturb_088,62.4023406727,19.0,False
斯卡蒂,perturb_088,42.5740602762,39.0,False
新约能天使,perturb_088,94.3989547247,1.0,True
望,perturb_088,68.5104930244,13.0,False
棘刺,perturb_088,68.352697021,14.0,False
死芒,perturb_088,59.8569771009,23.0,False
泥岩,perturb_088,58.466487318,26.0,False
浊心斯卡蒂,perturb_088,69.8818917527,10.0,True
温蒂,perturb_088,43.2554957004,37.0,False
焰狐龙梓兰,perturb_088,71.8367919132,8.0,True
煌,perturb_088,26.4287127216,53.0,False
玛恩纳,perturb_088,69.5323822567,11.0,False
真言,perturb_088,55.7611193441,31.0,False
纯烬艾雅法拉,perturb_088,57.4411204098,28.0,False
结城理,perturb_088,66.6790662936,16.0,False
维什戴尔,perturb_088,92.1102056666,2.0,True
维娜·维多利亚,perturb_088,59.3783802065,24.0,False
缄默德克萨斯,perturb_088,32.6821232744,48.0,False
缇缇,perturb_088,36.6502701788,45.0,False
缪尔赛思,perturb_088,39.8727776681,42.0,False
能天使,perturb_088,68.8423536014,12.0,False
艾雅法拉,perturb_088,28.1570826711,52.0,False
荒芜拉普兰德,perturb_088,61.641971785,20.0,False
诗怀雅,perturb_088,30.90692476,50.0,False
谬因,perturb_088,34.5209631461,46.0,False
贝洛内,perturb_088,43.4664764738,36.0,False
赤刃明霄陈,perturb_088,70.4160107337,9.0,True
逻各斯,perturb_088,65.6334870003,18.0,False
酒神,perturb_088,60.306929152,22.0,False
重岳,perturb_088,55.8445707634,30.0,False
铃兰,perturb_088,32.2357826604,49.0,False
银灰,perturb_088,48.5668969558,33.0,False
锏,perturb_088,33.0312533166,47.0,False
阿米娅,perturb_088,75.9492284833,5.0,True
陈,perturb_088,16.9730794852,58.0,False
霍尔海雅,perturb_088,19.5395986425,57.0,False
黍,perturb_088,38.5581340845,44.0,False
Mon3tr,perturb_089,58.9850127222,26.0,False
W,perturb_089,60.390625,24.0,False
予愿安洁莉娜,perturb_089,74.1791126372,7.0,True
令,perturb_089,61.3444013857,20.0,False
伊芙利特,perturb_089,22.5378018781,56.0,False
余,perturb_089,26.5536936519,54.0,False
佩佩,perturb_089,40.3258612146,42.0,False
凛御银灰,perturb_089,77.2174246773,4.0,True
凯尔希,perturb_089,64.3120388571,18.0,False
凯尔希·思衡托,perturb_089,81.3736582897,3.0,True
史尔特尔,perturb_089,68.7348604403,13.0,False
司霆惊蛰,perturb_089,44.6007985416,36.0,False
塑心,perturb_089,41.5293924372,40.0,False
塞雷娅,perturb_089,75.2465756427,6.0,True
夕,perturb_089,23.5131208605,55.0,False
夜莺,perturb_089,14.6787699551,60.0,False
娜斯提,perturb_089,38.1567972102,44.0,False
年,perturb_089,16.3255561629,59.0,False
幽灵鲨,perturb_089,48.4213620623,33.0,False
归溟幽灵鲨,perturb_089,52.5859168843,32.0,False
德克萨斯,perturb_089,60.4139079943,23.0,False
怒潮凛冬,perturb_089,28.7214666663,52.0,False
拉普兰德,perturb_089,41.8052750791,39.0,False
斩业星熊,perturb_089,60.8977485082,22.0,False
斯卡蒂,perturb_089,44.4322592961,37.0,False
新约能天使,perturb_089,94.5539968817,1.0,True
望,perturb_089,67.5005903391,14.0,False
棘刺,perturb_089,65.297842382,16.0,False
死芒,perturb_089,58.59803816,28.0,False
泥岩,perturb_089,58.6834637336,27.0,False
浊心斯卡蒂,perturb_089,71.4179114827,9.0,True
温蒂,perturb_089,44.9204015873,35.0,False
焰狐龙梓兰,perturb_089,71.6049414598,8.0,True
煌,perturb_089,29.0663661196,51.0,False
玛恩纳,perturb_089,69.0189315774,12.0,False
真言,perturb_089,54.7070568156,31.0,False
纯烬艾雅法拉,perturb_089,59.684025458,25.0,False
结城理,perturb_089,65.5587414468,15.0,False
维什戴尔,perturb_089,92.5256739845,2.0,True
维娜·维多利亚,perturb_089,61.3276380851,21.0,False
缄默德克萨斯,perturb_089,34.1370074234,46.0,False
缇缇,perturb_089,34.4454355163,45.0,False
缪尔赛思,perturb_089,40.5754891874,41.0,False
能天使,perturb_089,70.3564229718,11.0,False
艾雅法拉,perturb_089,27.0700344394,53.0,False
荒芜拉普兰德,perturb_089,61.8271577273,19.0,False
诗怀雅,perturb_089,29.4271528263,50.0,False
谬因,perturb_089,32.7548400615,48.0,False
贝洛内,perturb_089,42.5532382869,38.0,False
赤刃明霄陈,perturb_089,71.11643366,10.0,True
逻各斯,perturb_089,65.1926024767,17.0,False
酒神,perturb_089,58.0034903862,29.0,False
重岳,perturb_089,56.1085374664,30.0,False
铃兰,perturb_089,31.2855631499,49.0,False
银灰,perturb_089,47.0134035844,34.0,False
锏,perturb_089,32.7965866442,47.0,False
阿米娅,perturb_089,76.1109679745,5.0,True
陈,perturb_089,18.1524780782,58.0,False
霍尔海雅,perturb_089,18.6831735958,57.0,False
黍,perturb_089,38.9067781008,43.0,False
Mon3tr,perturb_090,58.9430011572,25.0,False
W,perturb_090,60.390625,22.0,False
予愿安洁莉娜,perturb_090,75.9392979713,6.0,True
令,perturb_090,59.5237597553,23.0,False
伊芙利特,perturb_090,23.2917770439,55.0,False
余,perturb_090,27.6606597966,52.0,False
佩佩,perturb_090,38.3920060252,43.0,False
凛御银灰,perturb_090,76.6644378046,4.0,True
凯尔希,perturb_090,65.6369571246,16.0,False
凯尔希·思衡托,perturb_090,83.9404923656,3.0,True
史尔特尔,perturb_090,67.0416261932,13.0,False
司霆惊蛰,perturb_090,43.2205918245,37.0,False
塑心,perturb_090,39.9821318591,42.0,False
塞雷娅,perturb_090,75.5061706553,7.0,True
夕,perturb_090,22.348281575,56.0,False
夜莺,perturb_090,15.414848828,60.0,False
娜斯提,perturb_090,35.8189252906,45.0,False
年,perturb_090,15.887393283,59.0,False
幽灵鲨,perturb_090,46.1108834877,34.0,False
归溟幽灵鲨,perturb_090,54.5851601527,31.0,False
德克萨斯,perturb_090,57.9416911787,27.0,False
怒潮凛冬,perturb_090,27.5617930988,54.0,False
拉普兰德,perturb_090,40.4818580459,41.0,False
斩业星熊,perturb_090,59.0587225732,24.0,False
斯卡蒂,perturb_090,43.4155681307,36.0,False
新约能天使,perturb_090,94.4974270467,1.0,True
望,perturb_090,66.2662111671,15.0,False
棘刺,perturb_090,66.9692692258,14.0,False
死芒,perturb_090,57.0592681082,28.0,False
泥岩,perturb_090,58.5647477067,26.0,False
浊心斯卡蒂,perturb_090,70.5774968271,10.0,True
温蒂,perturb_090,44.0094684266,35.0,False
焰狐龙梓兰,perturb_090,71.3215563625,9.0,True
煌,perturb_090,27.6232058991,53.0,False
玛恩纳,perturb_090,69.2998599193,12.0,False
真言,perturb_090,53.4187021552,32.0,False
纯烬艾雅法拉,perturb_090,62.4254730415,21.0,False
结城理,perturb_090,64.1893959872,18.0,False
维什戴尔,perturb_090,92.298355509,2.0,True
维娜·维多利亚,perturb_090,63.7101679675,19.0,False
缄默德克萨斯,perturb_090,35.9152764758,44.0,False
缇缇,perturb_090,31.7505204274,48.0,False
缪尔赛思,perturb_090,40.9761510544,40.0,False
能天使,perturb_090,69.5280181905,11.0,False
艾雅法拉,perturb_090,27.6647997588,51.0,False
荒芜拉普兰德,perturb_090,62.6463737994,20.0,False
诗怀雅,perturb_090,30.2367921791,50.0,False
谬因,perturb_090,30.596151326,49.0,False
贝洛内,perturb_090,41.4370097499,39.0,False
赤刃明霄陈,perturb_090,71.972543347,8.0,True
逻各斯,perturb_090,65.4338271224,17.0,False
酒神,perturb_090,55.1880539309,30.0,False
重岳,perturb_090,56.4311774644,29.0,False
铃兰,perturb_090,31.805464286,47.0,False
银灰,perturb_090,47.863378732,33.0,False
锏,perturb_090,32.9249816816,46.0,False
阿米娅,perturb_090,76.0224741641,5.0,True
陈,perturb_090,17.5071843733,58.0,False
霍尔海雅,perturb_090,19.1517562231,57.0,False
黍,perturb_090,41.7998589842,38.0,False
Mon3tr,perturb_091,58.9715751149,26.0,False
W,perturb_091,60.390625,23.0,False
予愿安洁莉娜,perturb_091,74.7421166422,7.0,True
令,perturb_091,61.1544877425,21.0,False
伊芙利特,perturb_091,22.6164500691,56.0,False
余,perturb_091,26.9077622609,54.0,False
佩佩,perturb_091,39.7073080454,42.0,False
凛御银灰,perturb_091,77.0405490847,4.0,True
凯尔希,perturb_091,64.4502429115,18.0,False
凯尔希·思衡托,perturb_091,81.0165431306,3.0,True
史尔特尔,perturb_091,68.5582368373,13.0,False
司霆惊蛰,perturb_091,44.1593325809,37.0,False
塑心,perturb_091,41.0344934709,40.0,False
塞雷娅,perturb_091,75.273654357,6.0,True
夕,perturb_091,23.3916148658,55.0,False
夜莺,perturb_091,14.755551359,60.0,False
娜斯提,perturb_091,37.409017287,44.0,False
年,perturb_091,16.2798507877,59.0,False
幽灵鲨,perturb_091,48.1803528509,33.0,False
归溟幽灵鲨,perturb_091,53.2253847548,32.0,False
德克萨斯,perturb_091,60.1560276435,25.0,False
怒潮凛冬,perturb_091,28.3505393268,52.0,False
拉普兰德,perturb_091,41.6672276204,39.0,False
斩业星熊,perturb_091,60.3095269461,24.0,False
斯卡蒂,perturb_091,44.3262068364,36.0,False
新约能天使,perturb_091,94.7303828898,1.0,True
望,perturb_091,67.1057680416,14.0,False
棘刺,perturb_091,65.4721912247,15.0,False
死芒,perturb_091,58.1058549306,28.0,False
泥岩,perturb_091,58.6710803009,27.0,False
浊心斯卡蒂,perturb_091,71.3302466691,10.0,True
温蒂,perturb_091,44.8253808911,35.0,False
焰狐龙梓兰,perturb_091,71.5142993315,8.0,True
煌,perturb_091,28.9158280836,51.0,False
玛恩纳,perturb_091,69.0482356008,12.0,False
真言,perturb_091,54.2949701906,31.0,False
纯烬艾雅法拉,perturb_091,60.560891058,22.0,False
结城理,perturb_091,65.1207495132,17.0,False
维什戴尔,perturb_091,92.5019620803,2.0,True
维娜·维多利亚,perturb_091,62.0897020791,19.0,False
缄默德克萨斯,perturb_091,34.7057955954,45.0,False
缇缇,perturb_091,33.5834535654,46.0,False
缪尔赛思,perturb_091,40.7231049786,41.0,False
能天使,perturb_091,70.2700109249,11.0,False
艾雅法拉,perturb_091,27.1320752313,53.0,False
荒芜拉普兰德,perturb_091,61.6488852039,20.0,False
诗怀雅,perturb_091,29.5116074255,50.0,False
谬因,perturb_091,32.064372768,48.0,False
贝洛内,perturb_091,42.1962070557,38.0,False
赤刃明霄陈,perturb_091,71.3902645875,9.0,True
逻各斯,perturb_091,65.2177649527,16.0,False
酒神,perturb_091,57.1029590788,29.0,False
重岳,perturb_091,56.2117354692,30.0,False
铃兰,perturb_091,31.3397947555,49.0,False
银灰,perturb_091,47.102065666,34.0,False
锏,perturb_091,32.8099797079,47.0,False
阿米娅,perturb_091,76.1017370629,5.0,True
陈,perturb_091,18.0851666006,58.0,False
霍尔海雅,perturb_091,18.7320520969,57.0,False
黍,perturb_091,39.6494444711,43.0,False
Mon3tr,perturb_092,58.9447824882,24.0,False
W,perturb_092,60.390625,22.0,False
予愿安洁莉娜,perturb_092,75.864664411,6.0,True
令,perturb_092,58.8370237382,25.0,False
伊芙利特,perturb_092,23.5761723328,55.0,False
余,perturb_092,27.6137233617,52.0,False
佩佩,perturb_092,38.4740033552,43.0,False
凛御银灰,perturb_092,76.6878849827,4.0,True
凯尔希,perturb_092,66.1367090136,16.0,False
凯尔希·思衡托,perturb_092,83.3804096099,3.0,True
史尔特尔,perturb_092,66.4029475408,14.0,False
司霆惊蛰,perturb_092,43.2791139239,36.0,False
塑心,perturb_092,40.0477372038,41.0,False
塞雷娅,perturb_092,75.6040884673,7.0,True
夕,perturb_092,21.9089105982,56.0,False
夜莺,perturb_092,15.6924937335,60.0,False
娜斯提,perturb_092,35.9180533206,44.0,False
年,perturb_092,15.7221206527,59.0,False
幽灵鲨,perturb_092,45.2393836672,34.0,False
归溟幽灵鲨,perturb_092,54.5003903049,31.0,False
德克萨斯,perturb_092,57.0091845826,28.0,False
怒潮凛冬,perturb_092,27.6109643795,53.0,False
拉普兰德,perturb_092,39.9826724141,42.0,False
斩业星熊,perturb_092,59.1366990511,23.0,False
斯卡蒂,perturb_092,43.0320778106,37.0,False
新约能天使,perturb_092,94.5721468377,1.0,True
望,perturb_092,66.3185500376,15.0,False
棘刺,perturb_092,67.5997222455,13.0,False
死芒,perturb_092,57.1245134464,27.0,False
泥岩,perturb_092,58.5199686738,26.0,False
浊心斯卡蒂,perturb_092,70.2604970377,10.0,True
温蒂,perturb_092,43.6658694446,35.0,False
焰狐龙梓兰,perturb_092,71.3335721646,9.0,True
煌,perturb_092,27.0788537953,54.0,False
玛恩纳,perturb_092,69.4058245459,11.0,False
真言,perturb_092,53.4733296386,32.0,False
纯烬艾雅法拉,perturb_092,62.309233013,21.0,False
结城理,perturb_092,64.2474575588,18.0,False
维什戴尔,perturb_092,92.2126122293,2.0,True
维娜·维多利亚,perturb_092,63.6091463966,19.0,False
缄默德克萨斯,perturb_092,35.8398761484,45.0,False
缇缇,perturb_092,31.8647874331,48.0,False
缪尔赛思,perturb_092,40.9096033066,40.0,False
能天使,perturb_092,69.2155484597,12.0,False
艾雅法拉,perturb_092,27.8891419686,51.0,False
荒芜拉普兰德,perturb_092,62.443821125,20.0,False
诗怀雅,perturb_092,30.5421836934,50.0,False
谬因,perturb_092,30.6876818158,49.0,False
贝洛内,perturb_092,41.4843389192,39.0,False
赤刃明霄陈,perturb_092,71.9362434685,8.0,True
逻各斯,perturb_092,65.524815733,17.0,False
酒神,perturb_092,55.3074311591,30.0,False
重岳,perturb_092,56.4174972165,29.0,False
铃兰,perturb_092,32.0015681373,47.0,False
银灰,perturb_092,48.1839846864,33.0,False
锏,perturb_092,32.973411584,46.0,False
阿米娅,perturb_092,75.9890947851,5.0,True
陈,perturb_092,17.2637831342,58.0,False
霍尔海雅,perturb_092,19.3285030149,57.0,False
黍,perturb_092,41.9911225817,38.0,False
Mon3tr,perturb_093,58.9598281288,26.0,False
W,perturb_093,60.390625,23.0,False
予愿安洁莉娜,perturb_093,75.234287613,7.0,True
令,perturb_093,60.7093923787,22.0,False
伊芙利特,perturb_093,22.8007756635,56.0,False
余,perturb_093,27.2172845547,54.0,False
佩佩,perturb_093,39.1665766989,43.0,False
凛御银灰,perturb_093,76.8859266818,4.0,True
凯尔希,perturb_093,64.7741479396,17.0,False
凯尔希·思衡托,perturb_093,81.2201742647,3.0,True
史尔特尔,perturb_093,68.1442889737,13.0,False
司霆惊蛰,perturb_093,43.7734086292,37.0,False
塑心,perturb_093,40.6018590625,41.0,False
塞雷娅,perturb_093,75.3371179924,6.0,True
夕,perturb_093,23.1068446194,55.0,False
夜莺,perturb_093,14.9355018162,60.0,False
娜斯提,perturb_093,36.7553175487,44.0,False
年,perturb_093,16.1727323613,59.0,False
幽灵鲨,perturb_093,47.6155062141,33.0,False
归溟幽灵鲨,perturb_093,53.7843994682,32.0,False
德克萨斯,perturb_093,59.5516405832,25.0,False
怒潮凛冬,perturb_093,28.0262793444,52.0,False
拉普兰德,perturb_093,41.3436896017,39.0,False
斩业星熊,perturb_093,59.7953111064,24.0,False
斯卡蒂,perturb_093,44.0776546136,36.0,False
新约能天使,perturb_093,94.7959072824,1.0,True
望,perturb_093,66.7606193896,14.0,False
棘刺,perturb_093,65.8808077952,15.0,False
死芒,perturb_093,57.6755945851,28.0,False
泥岩,perturb_093,58.6420575914,27.0,False
浊心斯卡蒂,perturb_093,71.1247890653,10.0,True
温蒂,perturb_093,44.602683508,35.0,False
焰狐龙梓兰,perturb_093,71.435061131,9.0,True
煌,perturb_093,28.5630162438,51.0,False
玛恩纳,perturb_093,69.1169146316,12.0,False
真言,perturb_093,53.9347292821,31.0,False
纯烬艾雅法拉,perturb_093,61.32743586,21.0,False
结城理,perturb_093,64.737862512,18.0,False
维什戴尔,perturb_093,92.446389145,2.0,True
维娜·维多利亚,perturb_093,62.7558887711,19.0,False
缄默德克萨斯,perturb_093,35.2030230116,45.0,False
缇缇,perturb_093,32.8299198609,47.0,False
缪尔赛思,perturb_093,40.8365404882,40.0,False
能天使,perturb_093,70.0674893954,11.0,False
艾雅法拉,perturb_093,27.2774785231,53.0,False
荒芜拉普兰德,perturb_093,61.6871615778,20.0,False
诗怀雅,perturb_093,29.7095413386,50.0,False
谬因,perturb_093,31.4607750048,49.0,False
贝洛内,perturb_093,41.8840948753,38.0,False
赤刃明霄陈,perturb_093,71.6296441162,8.0,True
逻各斯,perturb_093,65.2767375531,16.0,False
酒神,perturb_093,56.3157260151,29.0,False
重岳,perturb_093,56.3019498563,30.0,False
铃兰,perturb_093,31.4668958728,48.0,False
银灰,perturb_093,47.3098605397,34.0,False
锏,perturb_093,32.8413686616,46.0,False
阿米娅,perturb_093,76.0801028302,5.0,True
陈,perturb_093,17.9274105482,58.0,False
霍尔海雅,perturb_093,18.8466072908,57.0,False
黍,perturb_093,40.4299391777,42.0,False
Mon3tr,perturb_094,58.9499396862,26.0,False
W,perturb_094,60.390625,24.0,False
予愿安洁莉娜,perturb_094,75.6485899969,6.0,True
令,perturb_094,64.1732091733,18.0,False
伊芙利特,perturb_094,21.3663188223,56.0,False
余,perturb_094,27.4778359318,53.0,False
佩佩,perturb_094,38.711396895,43.0,False
凛御银灰,perturb_094,76.7557677859,4.0,True
凯尔希,perturb_094,62.253457393,21.0,False
凯尔希·思衡托,perturb_094,82.1607951054,3.0,True
史尔特尔,perturb_094,71.3657099961,12.0,False
司霆惊蛰,perturb_094,43.4485434448,38.0,False
塑心,perturb_094,40.2376736932,41.0,False
塞雷娅,perturb_094,74.8432319089,7.0,True
夕,perturb_094,25.3229808501,55.0,False
夜莺,perturb_094,13.5350931254,60.0,False
娜斯提,perturb_094,36.2050425914,44.0,False
年,perturb_094,17.0063483333,59.0,False
幽灵鲨,perturb_094,52.0112501962,33.0,False
归溟幽灵鲨,perturb_094,54.2549699451,31.0,False
德克萨斯,perturb_094,64.2550956634,17.0,False
怒潮凛冬,perturb_094,27.7533219948,52.0,False
拉普兰德,perturb_094,43.8615240121,37.0,False
斩业星熊,perturb_094,59.3624516715,25.0,False
斯卡蒂,perturb_094,46.0119352951,35.0,False
新约能天使,perturb_094,94.7255356688,1.0,True
望,perturb_094,66.470078261,14.0,False
棘刺,perturb_094,62.7008759096,20.0,False
死芒,perturb_094,57.3134076673,28.0,False
泥岩,perturb_094,58.867917838,27.0,False
浊心斯卡蒂,perturb_094,72.7236992241,8.0,True
温蒂,perturb_094,46.3357569083,34.0,False
焰狐龙梓兰,perturb_094,71.3683595632,11.0,False
煌,perturb_094,31.3086650993,48.0,False
玛恩纳,perturb_094,68.582441349,13.0,False
真言,perturb_094,53.6314837109,32.0,False
纯烬艾雅法拉,perturb_094,61.9727021551,23.0,False
结城理,perturb_094,64.4155537884,16.0,False
维什戴尔,perturb_094,92.8788682995,2.0,True
维娜·维多利亚,perturb_094,63.316675065,19.0,False
缄默德克萨斯,perturb_094,35.621581838,45.0,False
缇缇,perturb_094,32.1956061189,47.0,False
缪尔赛思,perturb_094,41.20536648,40.0,False
能天使,perturb_094,71.6435504645,10.0,True
艾雅法拉,perturb_094,26.1459224454,54.0,False
荒芜拉普兰德,perturb_094,62.0063056183,22.0,False
诗怀雅,perturb_094,28.1691819725,51.0,False
谬因,perturb_094,30.9526751633,49.0,False
贝洛内,perturb_094,41.6213633691,39.0,False
赤刃明霄陈,perturb_094,71.8311503311,9.0,True
逻各斯,perturb_094,64.8178015577,15.0,False
酒神,perturb_094,55.6530446414,30.0,False
重岳,perturb_094,56.3778910187,29.0,False
铃兰,perturb_094,30.4777707992,50.0,False
银灰,perturb_094,45.6927613027,36.0,False
锏,perturb_094,32.5970938524,46.0,False
阿米娅,perturb_094,76.2484645448,5.0,True
陈,perturb_094,19.1550981586,57.0,False
霍尔海雅,perturb_094,17.9551169794,58.0,False
黍,perturb_094,39.3719966472,42.0,False
Mon3tr,perturb_095,58.9710692156,25.0,False
W,perturb_095,60.390625,22.0,False
予愿安洁莉娜,perturb_095,74.7633126271,7.0,True
令,perturb_095,59.261177087,24.0,False
伊芙利特,perturb_095,23.4005193728,55.0,False
余,perturb_095,26.9210922423,54.0,False
佩佩,perturb_095,39.6840207446,43.0,False
凛御银灰,perturb_095,77.0338900692,4.0,True
凯尔希,perturb_095,65.8280439195,16.0,False
凯尔希·思衡托,perturb_095,82.0628228308,3.0,True
史尔特尔,perturb_095,66.7974188988,15.0,False
司霆惊蛰,perturb_095,44.1427122625,35.0,False
塑心,perturb_095,41.0158615057,39.0,False
塞雷娅,perturb_095,75.5436108357,6.0,True
夕,perturb_095,22.1802822266,56.0,False
夜莺,perturb_095,15.5210100578,60.0,False
娜斯提,perturb_095,37.380864855,44.0,False
年,perturb_095,15.8241990902,59.0,False
幽灵鲨,perturb_095,45.7776539168,34.0,False
归溟幽灵鲨,perturb_095,53.2494594526,32.0,False
德克萨斯,perturb_095,57.5851348541,28.0,False
怒潮凛冬,perturb_095,28.3365746477,51.0,False
拉普兰德,perturb_095,40.2909877669,42.0,False
斩业星熊,perturb_095,60.2873815702,23.0,False
斯卡蒂,perturb_095,43.268935496,37.0,False
新约能天使,perturb_095,94.5570619504,1.0,True
望,perturb_095,67.0909037647,14.0,False
棘刺,perturb_095,67.21033134,13.0,False
死芒,perturb_095,58.0873252076,27.0,False
泥岩,perturb_095,58.5476258467,26.0,False
浊心斯卡蒂,perturb_095,70.4562877329,10.0,True
温蒂,perturb_095,43.8780887767,36.0,False
焰狐龙梓兰,perturb_095,71.5108868351,8.0,True
煌,perturb_095,27.4150656176,53.0,False
玛恩纳,perturb_095,69.3403769065,12.0,False
真言,perturb_095,54.2794559459,31.0,False
纯烬艾雅法拉,perturb_095,60.5939033099,21.0,False
结城理,perturb_095,65.104259985,18.0,False
维什戴尔,perturb_095,92.2655704233,2.0,True
维娜·维多利亚,perturb_095,62.118392278,19.0,False
缄默德克萨斯,perturb_095,34.7272093427,45.0,False
缇缇,perturb_095,33.5510016534,46.0,False
缪尔赛思,perturb_095,40.5897352974,40.0,False
能天使,perturb_095,69.4085412246,11.0,False
艾雅法拉,perturb_095,27.7505799925,52.0,False
荒芜拉普兰德,perturb_095,62.0401428933,20.0,False
诗怀雅,perturb_095,30.3535626946,50.0,False
谬因,perturb_095,32.0383780429,48.0,False
贝洛内,perturb_095,42.1827655375,38.0,False
赤刃明霄陈,perturb_095,71.4005737792,9.0,True
逻各斯,perturb_095,65.4686178302,17.0,False
酒神,perturb_095,57.0690558599,29.0,False
重岳,perturb_095,56.2156206695,30.0,False
铃兰,perturb_095,31.880447207,49.0,False
银灰,perturb_095,47.9859666914,33.0,False
锏,perturb_095,32.9434995002,47.0,False
阿米娅,perturb_095,76.0097111137,5.0,True
陈,perturb_095,17.4141166657,58.0,False
霍尔海雅,perturb_095,19.2193377145,57.0,False
黍,perturb_095,40.46156063,41.0,False
Mon3tr,perturb_096,58.9908230305,26.0,False
W,perturb_096,60.390625,24.0,False
予愿安洁莉娜,perturb_096,73.9356744459,7.0,True
令,perturb_096,61.8841336444,20.0,False
伊芙利特,perturb_096,22.3142846783,56.0,False
余,perturb_096,26.4005973665,54.0,False
佩佩,perturb_096,40.5933183968,41.0,False
凛御银灰,perturb_096,77.2939041943,4.0,True
凯尔希,perturb_096,63.919264619,18.0,False
凯尔希·思衡托,perturb_096,81.5707613732,3.0,True
史尔特尔,perturb_096,69.2368225669,12.0,False
司霆惊蛰,perturb_096,44.7916847059,36.0,False
塑心,perturb_096,41.7433825832,40.0,False
塞雷娅,perturb_096,75.1696182667,6.0,True
夕,perturb_096,23.8584394164,55.0,False
夜莺,perturb_096,14.4605581412,60.0,False
娜斯提,perturb_096,38.4801309527,43.0,False
年,perturb_096,16.4554502821,59.0,False
幽灵鲨,perturb_096,49.106307303,33.0,False
归溟幽灵鲨,perturb_096,52.3094163615,32.0,False
德克萨斯,perturb_096,61.1468008071,22.0,False
怒潮凛冬,perturb_096,28.8818525248,52.0,False
拉普兰德,perturb_096,42.1976042737,39.0,False
斩业星熊,perturb_096,61.1520905589,21.0,False
斯卡蒂,perturb_096,44.7336590938,37.0,False
新约能天使,perturb_096,94.4692273584,1.0,True
望,perturb_096,67.6713081761,14.0,False
棘刺,perturb_096,64.8023450965,17.0,False
死芒,perturb_096,58.8108540442,27.0,False
泥岩,perturb_096,58.7186572985,28.0,False
浊心斯卡蒂,perturb_096,71.667053814,8.0,True
温蒂,perturb_096,45.1904492475,35.0,False
焰狐龙梓兰,perturb_096,71.6441343528,9.0,True
煌,perturb_096,29.4941933824,50.0,False
玛恩纳,perturb_096,68.9356499003,13.0,False
真言,perturb_096,54.8852396025,31.0,False
纯烬艾雅法拉,perturb_096,59.3048761557,25.0,False
结城理,perturb_096,65.748125471,15.0,False
维什戴尔,perturb_096,92.593062927,2.0,True
维娜·维多利亚,perturb_096,60.9981280306,23.0,False
缄默德克萨斯,perturb_096,33.891068207,46.0,False
缇缇,perturb_096,34.8181492541,45.0,False
缪尔赛思,perturb_096,40.5516566527,42.0,False
能天使,perturb_096,70.6020049558,11.0,False
艾雅法拉,perturb_096,26.8937152649,53.0,False
荒芜拉普兰德,perturb_096,61.9207506772,19.0,False
诗怀雅,perturb_096,29.187133885,51.0,False
谬因,perturb_096,33.0533923055,47.0,False
贝洛内,perturb_096,42.7076155851,38.0,False
赤刃明霄陈,perturb_096,70.9980314726,10.0,True
逻各斯,perturb_096,65.1210910267,16.0,False
酒神,perturb_096,58.3928725411,29.0,False
重岳,perturb_096,56.0639155189,30.0,False
铃兰,perturb_096,31.1314375879,49.0,False
银灰,perturb_096,46.7614270292,34.0,False
锏,perturb_096,32.7585237204,48.0,False
阿米娅,perturb_096,76.1372021127,5.0,True
陈,perturb_096,18.3437764771,58.0,False
霍尔海雅,perturb_096,18.5442614917,57.0,False
黍,perturb_096,38.3973013005,44.0,False
Mon3tr,perturb_097,58.9614589263,24.0,False
W,perturb_097,60.390625,22.0,False
予愿安洁莉娜,perturb_097,75.1659610489,7.0,True
令,perturb_097,57.1791908088,27.0,False
伊芙利特,perturb_097,24.2627241709,55.0,False
余,perturb_097,27.174314538,53.0,False
佩佩,perturb_097,39.2416447488,42.0,False
凛御银灰,perturb_097,76.9073924287,4.0,True
凯尔希,perturb_097,67.3431480492,14.0,False
凯尔希·思衡托,perturb_097,82.8541196133,3.0,True
史尔特尔,perturb_097,64.8611287418,17.0,False
司霆惊蛰,perturb_097,43.8269852503,34.0,False
塑心,perturb_097,40.6619203509,40.0,False
塞雷娅,perturb_097,75.8404695062,6.0,True
夕,perturb_097,20.8482356732,56.0,False
夜莺,perturb_097,16.3627496333,59.0,False
娜斯提,perturb_097,36.8460686488,44.0,False
年,perturb_097,15.3231399644,60.0,False
幽灵鲨,perturb_097,43.1355168767,35.0,False
归溟幽灵鲨,perturb_097,53.7067931954,32.0,False
德克萨斯,perturb_097,54.7580427999,30.0,False
怒潮凛冬,perturb_097,28.0712953485,52.0,False
拉普兰德,perturb_097,38.7776003668,43.0,False
斩业星熊,perturb_097,59.866698091,23.0,False
斯卡蒂,perturb_097,42.1063030371,37.0,False
新约能天使,perturb_097,94.5089494421,1.0,True
望,perturb_097,66.8085353028,15.0,False
棘刺,perturb_097,69.1216837422,12.0,False
死芒,perturb_097,57.7353262897,26.0,False
泥岩,perturb_097,58.4118686857,25.0,False
浊心斯卡蒂,perturb_097,69.4952354579,11.0,False
温蒂,perturb_097,42.8363953926,36.0,False
焰狐龙梓兰,perturb_097,71.4460615238,9.0,True
煌,perturb_097,25.7647464521,54.0,False
玛恩纳,perturb_097,69.6616312067,10.0,True
真言,perturb_097,53.9847404062,31.0,False
纯烬艾雅法拉,perturb_097,61.2210188309,21.0,False
结城理,perturb_097,64.7910175227,18.0,False
维什戴尔,perturb_097,92.0056214368,2.0,True
维娜·维多利亚,perturb_097,62.663404146,19.0,False
缄默德克萨斯,perturb_097,35.1339944769,45.0,False
缇缇,perturb_097,32.9345305998,47.0,False
缪尔赛思,perturb_097,40.5762079583,41.0,False
能天使,perturb_097,68.4612227855,13.0,False
艾雅法拉,perturb_097,28.4307211104,51.0,False
荒芜拉普兰德,perturb_097,62.3043921475,20.0,False
诗怀雅,perturb_097,31.2794220151,50.0,False
谬因,perturb_097,31.5445706036,49.0,False
贝洛内,perturb_097,41.9274244379,38.0,False
赤刃明霄陈,perturb_097,71.5964118013,8.0,True
逻各斯,perturb_097,65.7444691531,16.0,False
酒神,perturb_097,56.4250151312,28.0,False
重岳,perturb_097,56.2894256737,29.0,False
铃兰,perturb_097,32.4749777358,48.0,False
银灰,perturb_097,48.9579518227,33.0,False
锏,perturb_097,33.0903250487,46.0,False
阿米娅,perturb_097,75.9085144279,5.0,True
陈,perturb_097,16.6761940473,58.0,False
霍尔海雅,perturb_097,19.755183201,57.0,False
黍,perturb_097,41.7810159118,39.0,False
Mon3tr,perturb_098,58.959190401,26.0,False
W,perturb_098,60.390625,24.0,False
予愿安洁莉娜,perturb_098,75.2610069018,6.0,True
令,perturb_098,62.9330131583,19.0,False
伊芙利特,perturb_098,21.8799163258,56.0,False
余,perturb_098,27.2340880967,53.0,False
佩佩,perturb_098,39.1372211336,43.0,False
凛御银灰,perturb_098,76.877532443,4.0,True
凯尔希,perturb_098,63.1559734775,18.0,False
凯尔希·思衡托,perturb_098,81.0726998267,3.0,True
史尔特尔,perturb_098,70.2123021366,12.0,False
司霆惊蛰,perturb_098,43.7524573457,37.0,False
塑心,perturb_098,40.5783719322,41.0,False
塞雷娅,perturb_098,75.0200644578,7.0,True
夕,perturb_098,24.5295083644,55.0,False
夜莺,perturb_098,14.0364999204,60.0,False
娜斯提,perturb_098,36.719829084,44.0,False
年,perturb_098,16.7078778114,59.0,False
幽灵鲨,perturb_098,50.4373839981,33.0,False
归溟幽灵鲨,perturb_098,53.8147476124,32.0,False
德克萨斯,perturb_098,62.5710556021,21.0,False
怒潮凛冬,perturb_098,28.0086757134,52.0,False
拉普兰德,perturb_098,42.9600305477,38.0,False
斩业星熊,perturb_098,59.7673950317,25.0,False
斯卡蒂,perturb_098,45.3193792694,36.0,False
新约能天使,perturb_098,94.8258852912,1.0,True
望,perturb_098,66.7418817414,14.0,False
棘刺,perturb_098,63.8394288662,17.0,False
死芒,perturb_098,57.6522363394,28.0,False
泥岩,perturb_098,58.7870501148,27.0,False
浊心斯卡蒂,perturb_098,72.1512203302,8.0,True
温蒂,perturb_098,45.7152417794,35.0,False
焰狐龙梓兰,perturb_098,71.4307593975,10.0,True
煌,perturb_098,30.3256042242,50.0,False
玛恩纳,perturb_098,68.7738058681,13.0,False
真言,perturb_098,53.9151722959,31.0,False
纯烬艾雅法拉,perturb_098,61.3690505289,23.0,False
结城理,perturb_098,64.7170761004,16.0,False
维什戴尔,perturb_098,92.7240220834,2.0,True
维娜·维多利亚,perturb_098,62.7920551355,20.0,False
缄默德克萨斯,perturb_098,35.230016808,45.0,False
缇缇,perturb_098,32.7890115467,46.0,False
缪尔赛思,perturb_098,41.0056795198,40.0,False
能天使,perturb_098,71.0792525316,11.0,False
艾雅法拉,perturb_098,26.5510683932,54.0,False
荒芜拉普兰德,perturb_098,61.6298963793,22.0,False
诗怀雅,perturb_098,28.7206971538,51.0,False
谬因,perturb_098,31.4280065078,48.0,False
贝洛内,perturb_098,41.8671507319,39.0,False
赤刃明霄陈,perturb_098,71.6426397034,9.0,True
逻各斯,perturb_098,64.9821204656,15.0,False
酒神,perturb_098,56.2729882087,30.0,False
重岳,perturb_098,56.3068474719,29.0,False
铃兰,perturb_098,30.8319202959,49.0,False
银灰,perturb_098,46.2717526722,34.0,False
锏,perturb_098,32.6845547843,47.0,False
阿米娅,perturb_098,76.1881837794,5.0,True
陈,perturb_098,18.7155329701,57.0,False
霍尔海雅,perturb_098,18.2743090144,58.0,False
黍,perturb_098,39.4854221263,42.0,False
Mon3tr,perturb_099,59.0084716315,27.0,False
W,perturb_099,60.390625,22.0,False
予愿安洁莉娜,perturb_099,73.1962397552,7.0,True
令,perturb_099,60.8940596181,21.0,False
伊芙利特,perturb_099,22.7243001451,56.0,False
余,perturb_099,25.9355729438,54.0,False
佩佩,perturb_099,41.4057099025,41.0,False
凛御银灰,perturb_099,77.5262079576,4.0,True
凯尔希,perturb_099,64.6397618008,18.0,False
凯尔希·思衡托,perturb_099,81.3072864026,3.0,True
史尔特尔,perturb_099,68.316033313,13.0,False
司霆惊蛰,perturb_099,45.3714945176,35.0,False
塑心,perturb_099,42.3933699026,39.0,False
塞雷娅,perturb_099,75.3107873332,6.0,True
夕,perturb_099,23.2249939859,55.0,False
夜莺,perturb_099,14.8608415145,60.0,False
娜斯提,perturb_099,39.4622454871,43.0,False
年,perturb_099,16.2171751161,59.0,False
幽灵鲨,perturb_099,47.849857496,33.0,False
归溟幽灵鲨,perturb_099,51.4695560359,32.0,False
德克萨斯,perturb_099,59.8023969357,24.0,False
怒潮凛冬,perturb_099,29.3690187618,51.0,False
拉普兰德,perturb_099,41.4779234707,40.0,False
斩业星熊,perturb_099,61.9246453275,19.0,False
斯卡蒂,perturb_099,44.1807773521,37.0,False
新约能天使,perturb_099,94.3623380217,1.0,True
望,perturb_099,68.1898574241,14.0,False
棘刺,perturb_099,65.7112753754,16.0,False
死芒,perturb_099,59.457274586,26.0,False
泥岩,perturb_099,58.6540989292,28.0,False
浊心斯卡蒂,perturb_099,71.2100321201,9.0,True
温蒂,perturb_099,44.6950792378,36.0,False
焰狐龙梓兰,perturb_099,71.7631813462,8.0,True
煌,perturb_099,28.7093956352,52.0,False
玛恩纳,perturb_099,69.0884201379,12.0,False
真言,perturb_099,55.4264633653,31.0,False
纯烬艾雅法拉,perturb_099,58.1532238798,29.0,False
结城理,perturb_099,66.3233725866,15.0,False
维什戴尔,perturb_099,92.4694460029,2.0,True
维娜·维多利亚,perturb_099,59.9972531724,23.0,False
缄默德克萨斯,perturb_099,33.1440367432,47.0,False
缇缇,perturb_099,35.9502537357,45.0,False
缪尔赛思,perturb_099,40.2594479622,42.0,False
能天使,perturb_099,70.1515142917,11.0,False
艾雅法拉,perturb_099,27.2171516209,53.0,False
荒芜拉普兰德,perturb_099,61.8796610416,20.0,False
诗怀雅,perturb_099,29.6274198153,50.0,False
谬因,perturb_099,33.9602339355,46.0,False
贝洛内,perturb_099,43.1765310379,38.0,False
赤刃明霄陈,perturb_099,70.638389116,10.0,True
逻各斯,perturb_099,65.2522701958,17.0,False
酒神,perturb_099,59.5756067362,25.0,False
重岳,perturb_099,55.9283779693,30.0,False
铃兰,perturb_099,31.4141624265,49.0,False
银灰,perturb_099,47.2236477664,34.0,False
锏,perturb_099,32.8283455841,48.0,False
阿米娅,perturb_099,76.0890787359,5.0,True
陈,perturb_099,17.9928625323,58.0,False
霍尔海雅,perturb_099,18.7990790685,57.0,False
黍,perturb_099,37.9640100311,44.0,False
Mon3tr,perturb_100,58.9449419578,26.0,False
W,perturb_100,60.390625,24.0,False
予愿安洁莉娜,perturb_100,75.8579830104,6.0,True
令,perturb_100,62.4614559887,21.0,False
伊芙利特,perturb_100,22.0752004439,56.0,False
余,perturb_100,27.6095214835,53.0,False
佩佩,perturb_100,38.4813439806,43.0,False
凛御银灰,perturb_100,76.6899840383,4.0,True
凯尔希,perturb_100,63.4991353045,19.0,False
凯尔希·思衡托,perturb_100,83.4821018222,3.0,True
史尔特尔,perturb_100,69.7737442482,12.0,False
司霆惊蛰,perturb_100,43.2843529824,37.0,False
塑心,perturb_100,40.0536103738,42.0,False
塞雷娅,perturb_100,75.0873011327,7.0,True
夕,perturb_100,24.2278079598,55.0,False
夜莺,perturb_100,14.2271487907,60.0,False
娜斯提,perturb_100,35.9269275332,44.0,False
年,perturb_100,16.5943909812,59.0,False
幽灵鲨,perturb_100,49.8389561038,33.0,False
归溟幽灵鲨,perturb_100,54.492801476,31.0,False
德克萨斯,perturb_100,61.9307365273,23.0,False
怒潮凛冬,perturb_100,27.6153663271,52.0,False
拉普兰德,perturb_100,42.6172575494,38.0,False
斩业星熊,perturb_100,59.1436797189,25.0,False
斯卡蒂,perturb_100,45.0560501219,36.0,False
新约能天使,perturb_100,94.5541662913,1.0,True
望,perturb_100,66.3232355566,14.0,False
棘刺,perturb_100,64.2723385056,16.0,False
死芒,perturb_100,57.1303543876,28.0,False
泥岩,perturb_100,58.7563019474,27.0,False
浊心斯卡蒂,perturb_100,71.9335478626,8.0,True
温蒂,perturb_100,45.4793045934,35.0,False
焰狐龙梓兰,perturb_100,71.3346478521,10.0,True
煌,perturb_100,29.9518170178,50.0,False
玛恩纳,perturb_100,68.846568004,13.0,False
真言,perturb_100,53.4782200405,32.0,False
纯烬艾雅法拉,perturb_100,62.2988268875,22.0,False
结城理,perturb_100,64.2526553896,17.0,False
维什戴尔,perturb_100,92.6651452264,2.0,True
维娜·维多利亚,perturb_100,63.6001026691,18.0,False
缄默德克萨斯,perturb_100,35.8331261047,45.0,False
缇缇,perturb_100,31.8750169282,47.0,False
缪尔赛思,perturb_100,41.1430803192,40.0,False
能天使,perturb_100,70.8646906939,11.0,False
艾雅法拉,perturb_100,26.7051162003,54.0,False
荒芜拉普兰德,perturb_100,62.4822820401,20.0,False
诗怀雅,perturb_100,28.9303986323,51.0,False
谬因,perturb_100,30.6958758758,49.0,False
贝洛内,perturb_100,41.488575956,39.0,False
赤刃明霄陈,perturb_100,71.932993804,9.0,True
逻各斯,perturb_100,65.0445991045,15.0,False
酒神,perturb_100,55.3181181354,30.0,False
重岳,perturb_100,56.4162725232,29.0,False
铃兰,perturb_100,30.9665778277,48.0,False
银灰,perturb_100,46.4919013649,34.0,False
锏,perturb_100,32.7178098739,46.0,False
阿米娅,perturb_100,76.1652633485,5.0,True
陈,perturb_100,18.5483980063,57.0,False
霍尔海雅,perturb_100,18.3956747427,58.0,False
黍,perturb_100,40.4184214548,41.0,False
Mon3tr,perturb_101,58.9718386726,24.0,False
W,perturb_101,60.390625,22.0,False
予愿安洁莉娜,perturb_101,74.7310741995,7.0,True
令,perturb_101,58.8354742478,25.0,False
伊芙利特,perturb_101,23.5768140171,55.0,False
余,perturb_101,26.9008177591,54.0,False
佩佩,perturb_101,39.719439998,43.0,False
凛御银灰,perturb_101,77.0440182227,4.0,True
凯尔希,perturb_101,66.1378366095,16.0,False
凯尔希·思衡托,perturb_101,80.656156247,3.0,True
史尔特尔,perturb_101,66.4015064829,15.0,False
司霆惊蛰,perturb_101,44.167991245,35.0,False
塑心,perturb_101,41.0442001398,39.0,False
塞雷娅,perturb_101,75.6043094004,6.0,True
夕,perturb_101,21.9079192405,56.0,False
夜莺,perturb_101,15.6931201869,60.0,False
娜斯提,perturb_101,37.4236838202,44.0,False
年,perturb_101,15.7217477462,59.0,False
幽灵鲨,perturb_101,45.2374172922,34.0,False
归溟幽灵鲨,perturb_101,53.212842593,32.0,False
德克萨斯,perturb_101,57.0070805573,29.0,False
怒潮凛冬,perturb_101,28.3578144862,51.0,False
拉普兰德,perturb_101,39.9815460959,42.0,False
斩业星熊,perturb_101,60.3210639918,23.0,False
斯卡蒂,perturb_101,43.031212537,37.0,False
新约能天使,perturb_101,94.7894001364,1.0,True
望,perturb_101,67.1135118633,14.0,False
棘刺,perturb_101,67.6011447439,13.0,False
死芒,perturb_101,58.1155083346,27.0,False
泥岩,perturb_101,58.5198676384,26.0,False
浊心斯卡蒂,perturb_101,70.2597817874,10.0,True
温蒂,perturb_101,43.6650941783,36.0,False
焰狐龙梓兰,perturb_101,71.5160771351,8.0,True
煌,perturb_101,27.0776255674,53.0,False
玛恩纳,perturb_101,69.4060636351,11.0,False
真言,perturb_101,54.303052625,31.0,False
纯烬艾雅法拉,perturb_101,60.5436927112,21.0,False
结城理,perturb_101,65.1293400397,18.0,False
维什戴尔,perturb_101,92.2124187658,2.0,True
维娜·维多利亚,perturb_101,62.0747553861,19.0,False
缄默德克萨斯,perturb_101,34.6946397053,45.0,False
缇缇,perturb_101,33.6003599927,46.0,False
缪尔赛思,perturb_101,40.5492033348,41.0,False
能天使,perturb_101,69.2148434307,12.0,False
艾雅法拉,perturb_101,27.8896481545,52.0,False
荒芜拉普兰德,perturb_101,61.5143784436,20.0,False
诗怀雅,perturb_101,30.5428727518,50.0,False
谬因,perturb_101,32.0779152037,48.0,False
贝洛内,perturb_101,42.2032096647,38.0,False
赤刃明霄陈,perturb_101,71.3848938223,9.0,True
逻各斯,perturb_101,65.5250210316,17.0,False
酒神,perturb_101,57.1206215914,28.0,False
重岳,perturb_101,56.2097114019,30.0,False
铃兰,perturb_101,32.0020106086,49.0,False
银灰,perturb_101,48.1847080733,33.0,False
锏,perturb_101,32.973520857,47.0,False
阿米娅,perturb_101,75.9890194709,5.0,True
陈,perturb_101,17.2632339452,58.0,False
霍尔海雅,perturb_101,19.3289018107,57.0,False
黍,perturb_101,40.5941860784,40.0,False
Mon3tr,perturb_102,58.9735310198,25.0,False
W,perturb_102,60.390625,23.0,False
予愿安洁莉娜,perturb_102,74.6601688495,7.0,True
令,perturb_102,59.1481691725,24.0,False
伊芙利特,perturb_102,23.4473188964,55.0,False
余,perturb_102,26.856225965,54.0,False
佩佩,perturb_102,39.7973412716,43.0,False
凛御银灰,perturb_102,77.0662941314,4.0,True
凯尔希,perturb_102,65.9102820975,16.0,False
凯尔希·思衡托,perturb_102,81.9612267547,3.0,True
史尔特尔,perturb_102,66.6923192087,15.0,False
司霆惊蛰,perturb_102,44.2235899587,35.0,False
塑心,perturb_102,41.1065282656,39.0,False
塞雷娅,perturb_102,75.5597239963,6.0,True
夕,perturb_102,22.1079802116,56.0,False
夜莺,perturb_102,15.5666987518,60.0,False
娜斯提,perturb_102,37.5178600547,44.0,False
年,perturb_102,15.7970021545,59.0,False
幽灵鲨,perturb_102,45.634241638,34.0,False
归溟幽灵鲨,perturb_102,53.1323072987,32.0,False
德克萨斯,perturb_102,57.4316834215,28.0,False
怒潮凛冬,perturb_102,28.4045294876,51.0,False
拉普兰德,perturb_102,40.2088427712,42.0,False
斩业星熊,perturb_102,60.395145269,22.0,False
斯卡蒂,perturb_102,43.2058290909,37.0,False
新约能天使,perturb_102,94.5527680216,1.0,True
望,perturb_102,67.1632362222,14.0,False
棘刺,perturb_102,67.3140774362,13.0,False
死芒,perturb_102,58.1774944375,27.0,False
泥岩,perturb_102,58.540257098,26.0,False
浊心斯卡蒂,perturb_102,70.4041228774,10.0,True
温蒂,perturb_102,43.8215468109,36.0,False
焰狐龙梓兰,perturb_102,71.5274927054,8.0,True
煌,perturb_102,27.325488117,53.0,False
玛恩纳,perturb_102,69.3578142349,11.0,False
真言,perturb_102,54.3549512725,31.0,False
纯烬艾雅法拉,perturb_102,60.4332592831,21.0,False
结城理,perturb_102,65.1845012305,18.0,False
维什戴尔,perturb_102,92.2514606796,2.0,True
维娜·维多利亚,perturb_102,61.9787801999,20.0,False
缄默德克萨斯,perturb_102,34.6230058908,45.0,False
缇缇,perturb_102,33.7089189575,46.0,False
缪尔赛思,perturb_102,40.5496903999,40.0,False
能天使,perturb_102,69.3571218266,12.0,False
艾雅法拉,perturb_102,27.7874973008,52.0,False
荒芜拉普兰德,perturb_102,62.0102107512,19.0,False
诗怀雅,perturb_102,30.4038173154,50.0,False
谬因,perturb_102,32.1648734219,48.0,False
贝洛内,perturb_102,42.2481745747,38.0,False
赤刃明霄陈,perturb_102,71.350407251,9.0,True
逻各斯,perturb_102,65.4835907352,17.0,False
酒神,perturb_102,57.234035505,29.0,False
重岳,perturb_102,56.1967145307,30.0,False
铃兰,perturb_102,31.9127176671,49.0,False
银灰,perturb_102,48.0387249702,33.0,False
锏,perturb_102,32.9514690287,47.0,False
阿米娅,perturb_102,76.0042182694,5.0,True
陈,perturb_102,17.3740630414,58.0,False
霍尔海雅,perturb_102,19.2484228153,57.0,False
黍,perturb_102,40.3827060038,41.0,False
Mon3tr,perturb_103,59.0273557582,24.0,False
W,perturb_103,60.390625,22.0,False
予愿安洁莉娜,perturb_103,72.4050394525,7.0,True
令,perturb_103,58.3309956928,27.0,False
伊芙利特,perturb_103,23.7857317393,55.0,False
余,perturb_103,25.4379935516,54.0,False
佩佩,perturb_103,42.2749745087,40.0,False
凛御银灰,perturb_103,77.7747746129,4.0,True
凯尔希,perturb_103,66.5049560042,16.0,False
凯尔希·思衡托,perturb_103,82.412260428,3.0,True
史尔特尔,perturb_103,65.9323310273,17.0,False
司霆惊蛰,perturb_103,45.9918950807,34.0,False
塑心,perturb_103,43.088860891,38.0,False
塞雷娅,perturb_103,75.6762401498,6.0,True
夕,perturb_103,21.5851558642,56.0,False
夜莺,perturb_103,15.8970790551,59.0,False
娜斯提,perturb_103,40.5131149238,41.0,False
年,perturb_103,15.600337924,60.0,False
幽灵鲨,perturb_103,44.5972106346,35.0,False
归溟幽灵鲨,perturb_103,50.5708995999,32.0,False
德克萨斯,perturb_103,56.3220581201,29.0,False
怒潮凛冬,perturb_103,29.8902900506,51.0,False
拉普兰德,perturb_103,39.6148426758,43.0,False
斩业星熊,perturb_103,62.7512843457,19.0,False
斯卡蒂,perturb_103,42.7494992764,39.0,False
新约能天使,perturb_103,93.9924817047,1.0,True
望,perturb_103,68.7447087545,13.0,False
棘刺,perturb_103,68.0642776224,14.0,False
死芒,perturb_103,60.1489490973,23.0,False
泥岩,perturb_103,58.4869728123,26.0,False
浊心斯卡蒂,perturb_103,70.0269126912,10.0,True
温蒂,perturb_103,43.412685227,37.0,False
焰狐龙梓兰,perturb_103,71.8905624636,8.0,True
煌,perturb_103,26.6777427071,53.0,False
玛恩纳,perturb_103,69.4839056011,11.0,False
真言,perturb_103,56.0055765857,30.0,False
纯烬艾雅法拉,perturb_103,56.9209478712,28.0,False
结城理,perturb_103,66.9388910329,15.0,False
维什戴尔,perturb_103,92.1494314683,2.0,True
维娜·维多利亚,perturb_103,58.9263100577,25.0,False
缄默德克萨斯,perturb_103,32.34470784,48.0,False
缇缇,perturb_103,37.1616134674,45.0,False
缪尔赛思,perturb_103,39.8008974002,42.0,False
能天使,perturb_103,68.9853021305,12.0,False
艾雅法拉,perturb_103,28.0544506856,52.0,False
荒芜拉普兰德,perturb_103,62.3641464363,20.0,False
诗怀雅,perturb_103,30.7672143707,50.0,False
谬因,perturb_103,34.9305608368,46.0,False
贝洛内,perturb_103,43.6782738597,36.0,False
赤刃明霄陈,perturb_103,70.2535692733,9.0,True
逻各斯,perturb_103,65.5918615667,18.0,False
酒神,perturb_103,60.8411406164,21.0,False
重岳,perturb_103,55.783351841,31.0,False
铃兰,perturb_103,32.1460691479,49.0,False
银灰,perturb_103,48.4202262704,33.0,False
锏,perturb_103,33.0090976239,47.0,False
阿米娅,perturb_103,75.9644988684,5.0,True
陈,perturb_103,17.084430588,58.0,False
霍尔海雅,perturb_103,19.45874059,57.0,False
黍,perturb_103,38.0588915337,44.0,False
Mon3tr,perturb_104,58.9757455556,25.0,False
W,perturb_104,60.390625,22.0,False
予愿安洁莉娜,perturb_104,74.5673850306,7.0,True
令,perturb_104,60.245225128,24.0,False
伊芙利特,perturb_104,22.9929994235,55.0,False
余,perturb_104,26.7978749811,54.0,False
佩佩,perturb_104,39.8992796675,42.0,False
凛御银灰,perturb_104,77.0954434675,4.0,True
凯尔希,perturb_104,65.1119319709,18.0,False
凯尔希·思衡托,perturb_104,81.7855744466,3.0,True
史尔特尔,perturb_104,67.7126038622,13.0,False
司霆惊蛰,perturb_104,44.2963441441,36.0,False
塑心,perturb_104,41.1880882823,39.0,False
塞雷娅,perturb_104,75.4033009804,6.0,True
夕,perturb_104,22.8098722556,56.0,False
夜莺,perturb_104,15.1231629687,60.0,False
娜斯提,perturb_104,37.6410951939,44.0,False
年,perturb_104,16.0610240186,59.0,False
幽灵鲨,perturb_104,47.0264564693,34.0,False
归溟幽灵鲨,perturb_104,53.0269221318,32.0,False
德克萨斯,perturb_104,58.9213561476,26.0,False
怒潮凛冬,perturb_104,28.4656588131,51.0,False
拉普兰德,perturb_104,41.0062883056,40.0,False
斩业星熊,perturb_104,60.4920849752,21.0,False
斯卡蒂,perturb_104,43.818452179,37.0,False
新约能天使,perturb_104,94.5634149976,1.0,True
望,perturb_104,67.2283034689,14.0,False
棘刺,perturb_104,66.3069331731,15.0,False
死芒,perturb_104,58.258606897,28.0,False
泥岩,perturb_104,58.611791288,27.0,False
浊心斯卡蒂,perturb_104,70.9105278105,10.0,True
温蒂,perturb_104,44.370443767,35.0,False
焰狐龙梓兰,perturb_104,71.5424306503,8.0,True
煌,perturb_104,28.1950867729,52.0,False
玛恩纳,perturb_104,69.1885364894,12.0,False
真言,perturb_104,54.4228637037,31.0,False
纯烬艾雅法拉,perturb_104,60.2887506504,23.0,False
结城理,perturb_104,65.2566828915,17.0,False
维什戴尔,perturb_104,92.3884349655,2.0,True
维娜·维多利亚,perturb_104,61.8531910266,20.0,False
缄默德克萨斯,perturb_104,34.5292688335,45.0,False
缇缇,perturb_104,33.8509747448,46.0,False
缪尔赛思,perturb_104,40.6027341784,41.0,False
能天使,perturb_104,69.856290023,11.0,False
艾雅法拉,perturb_104,27.4291121991,53.0,False
荒芜拉普兰德,perturb_104,61.9515652306,19.0,False
诗怀雅,perturb_104,29.91595652,50.0,False
谬因,perturb_104,32.2786633625,48.0,False
贝洛内,perturb_104,42.3070138028,38.0,False
赤刃明霄陈,perturb_104,71.3052795451,9.0,True
逻各斯,perturb_104,65.3382370699,16.0,False
酒神,perturb_104,57.3824442782,29.0,False
重岳,perturb_104,56.1797073607,30.0,False
铃兰,perturb_104,31.5994431445,49.0,False
银灰,perturb_104,47.5265592138,33.0,False
锏,perturb_104,32.8741026003,47.0,False
阿米娅,perturb_104,76.0575415924,5.0,True
陈,perturb_104,17.7628948083,58.0,False
霍尔海雅,perturb_104,18.966071059,57.0,False
黍,perturb_104,39.8231665285,43.0,False
Mon3tr,perturb_105,59.0123891739,25.0,False
W,perturb_105,60.390625,21.0,False
予愿安洁莉娜,perturb_105,73.0321039834,7.0,True
令,perturb_105,58.1223095433,27.0,False
伊芙利特,perturb_105,23.8721541145,55.0,False
余,perturb_105,25.8323493009,54.0,False
佩佩,perturb_105,41.5860402392,40.0,False
凛御银灰,perturb_105,77.5777735089,4.0,True
凯尔希,perturb_105,66.6568211966,15.0,False
凯尔希·思衡托,perturb_105,80.2466687891,3.0,True
史尔特尔,perturb_105,65.7382486064,17.0,False
司霆惊蛰,perturb_105,45.5001976094,34.0,False
塑心,perturb_105,42.5376506236,39.0,False
塞雷娅,perturb_105,75.7059955298,6.0,True
夕,perturb_105,21.4516392944,56.0,False
夜莺,perturb_105,15.9814501159,59.0,False
娜斯提,perturb_105,39.6802500372,42.0,False
年,perturb_105,15.5501146825,60.0,False
幽灵鲨,perturb_105,44.332378243,35.0,False
归溟幽灵鲨,perturb_105,51.283128317,32.0,False
德克萨斯,perturb_105,56.0386869176,29.0,False
怒潮凛冬,perturb_105,29.4771573267,51.0,False
拉普兰德,perturb_105,39.4631495582,43.0,False
斩业星熊,perturb_105,62.0961329176,19.0,False
斯卡蒂,perturb_105,42.6329637864,38.0,False
新约能天使,perturb_105,94.5203549277,1.0,True
望,perturb_105,68.3049622225,13.0,False
棘刺,perturb_105,68.2558604284,14.0,False
死芒,perturb_105,59.6007635727,24.0,False
泥岩,perturb_105,58.4733653071,26.0,False
浊心斯卡蒂,perturb_105,69.9305824219,10.0,True
温蒂,perturb_105,43.3082719637,36.0,False
焰狐龙梓兰,perturb_105,71.7896067633,8.0,True
煌,perturb_105,26.5123243488,53.0,False
玛恩纳,perturb_105,69.5161062567,11.0,False
真言,perturb_105,55.5466013317,31.0,False
纯烬艾雅法拉,perturb_105,57.8975862455,28.0,False
结城理,perturb_105,66.4510628755,16.0,False
维什戴尔,perturb_105,92.1233756995,2.0,True
维娜·维多利亚,perturb_105,59.7750843056,23.0,False
缄默德克萨斯,perturb_105,32.9782146803,48.0,False
缇缇,perturb_105,36.2015522549,45.0,False
缪尔赛思,perturb_105,39.9705454995,41.0,False
能天使,perturb_105,68.8903484607,12.0,False
艾雅法拉,perturb_105,28.1226240605,52.0,False
荒芜拉普兰德,perturb_105,61.4897872169,20.0,False
诗怀雅,perturb_105,30.8600171036,50.0,False
谬因,perturb_105,34.1615298074,46.0,False
贝洛内,perturb_105,43.280618391,37.0,False
赤刃明霄陈,perturb_105,70.5585576225,9.0,True
逻各斯,perturb_105,65.6195112928,18.0,False
酒神,perturb_105,59.8381437694,22.0,False
重岳,perturb_105,55.8982920664,30.0,False
铃兰,perturb_105,32.2056614172,49.0,False
银灰,perturb_105,48.5176523853,33.0,False
锏,perturb_105,33.0238145597,47.0,False
阿米娅,perturb_105,75.9543555035,5.0,True
陈,perturb_105,17.0104655328,58.0,False
霍尔海雅,perturb_105,19.5124506132,57.0,False
黍,perturb_105,38.8574426084,44.0,False
Mon3tr,perturb_106,58.9638011243,26.0,False
W,perturb_106,60.390625,23.0,False
予愿安洁莉娜,perturb_106,75.0678284857,7.0,True
令,perturb_106,60.8812664999,22.0,False
伊芙利特,perturb_106,22.7295981089,56.0,False
余,perturb_106,27.1125997724,54.0,False
佩佩,perturb_106,39.3494596265,43.0,False
凛御银灰,perturb_106,76.9382221477,4.0,True
凯尔希,perturb_106,64.6490716153,18.0,False
凯尔希·思衡托,perturb_106,81.99736436,3.0,True
史尔特尔,perturb_106,68.3041354494,13.0,False
司霆惊蛰,perturb_106,43.9039335241,37.0,False
塑心,perturb_106,40.7481820892,41.0,False
塞雷娅,perturb_106,75.3126114317,6.0,True
夕,perturb_106,23.2168089997,55.0,False
夜莺,perturb_106,14.8660137262,60.0,False
娜斯提,perturb_106,36.9764079714,44.0,False
年,perturb_106,16.2140962732,59.0,False
幽灵鲨,perturb_106,47.8336224364,33.0,False
归溟幽灵鲨,perturb_106,53.5953328493,32.0,False
德克萨斯,perturb_106,59.7850253885,25.0,False
怒潮凛冬,perturb_106,28.1359486197,52.0,False
拉普兰德,perturb_106,41.4686242048,39.0,False
斩业星熊,perturb_106,59.9692261176,24.0,False
斯卡蒂,perturb_106,44.1736333596,36.0,False
新约能天使,perturb_106,94.6317096906,1.0,True
望,perturb_106,66.8773535061,14.0,False
棘刺,perturb_106,65.7230200048,15.0,False
死芒,perturb_106,57.8211146703,28.0,False
泥岩,perturb_106,58.6532647463,27.0,False
浊心斯卡蒂,perturb_106,71.2041267712,10.0,True
温蒂,perturb_106,44.6886783759,35.0,False
焰狐龙梓兰,perturb_106,71.4618606021,9.0,True
煌,perturb_106,28.6992549689,51.0,False
玛恩纳,perturb_106,69.0903941395,12.0,False
真言,perturb_106,54.0565678114,31.0,False
纯烬艾雅法拉,perturb_106,61.0681796536,21.0,False
结城理,perturb_106,64.8673602675,17.0,False
维什戴尔,perturb_106,92.4678487022,2.0,True
维娜·维多利亚,perturb_106,62.5305750855,19.0,False
缄默德克萨斯,perturb_106,35.0348537235,45.0,False
缇缇,perturb_106,33.0847755316,46.0,False
缪尔赛思,perturb_106,40.798974778,40.0,False
能天使,perturb_106,70.1456933327,11.0,False
艾雅法拉,perturb_106,27.2213308635,53.0,False
荒芜拉普兰德,perturb_106,61.9913198898,20.0,False
诗怀雅,perturb_106,29.6331089151,50.0,False
谬因,perturb_106,31.6649202366,48.0,False
贝洛内,perturb_106,41.9896555935,38.0,False
赤刃明霄陈,perturb_106,71.5486826012,8.0,True
逻各斯,perturb_106,65.2539652111,16.0,False
酒神,perturb_106,56.5819792818,29.0,False
重岳,perturb_106,56.2714380849,30.0,False
铃兰,perturb_106,31.4178156203,49.0,False
银灰,perturb_106,47.2296202941,34.0,False
锏,perturb_106,32.8292477786,47.0,False
阿米娅,perturb_106,76.0884569157,5.0,True
陈,perturb_106,17.9883282415,58.0,False
霍尔海雅,perturb_106,18.802371662,57.0,False
黍,perturb_106,40.1555200981,42.0,False
Mon3tr,perturb_107,58.9463976982,26.0,False
W,perturb_107,60.390625,24.0,False
予愿安洁莉娜,perturb_107,75.796990929,6.0,True
令,perturb_107,62.9405259302,20.0,False
伊芙利特,perturb_107,21.8768050911,56.0,False
余,perturb_107,27.5711640629,53.0,False
佩佩,perturb_107,38.5483538863,43.0,False
凛御银灰,perturb_107,76.7091455548,4.0,True
凯尔希,perturb_107,63.1505062792,19.0,False
凯尔希·思衡托,perturb_107,83.1356973268,3.0,True
史尔特尔,perturb_107,70.2192891693,12.0,False
司霆惊蛰,perturb_107,43.3321784465,37.0,False
塑心,perturb_107,40.1072244117,42.0,False
塞雷娅,perturb_107,75.018993254,7.0,True
夕,perturb_107,24.534315006,55.0,False
夜莺,perturb_107,14.0334625338,60.0,False
娜斯提,perturb_107,36.0079369995,44.0,False
年,perturb_107,16.7096858651,59.0,False
幽灵鲨,perturb_107,50.4469180536,33.0,False
归溟幽灵鲨,perturb_107,54.4235258118,31.0,False
德克萨斯,perturb_107,62.5812570611,21.0,False
怒潮凛冬,perturb_107,27.6555501096,52.0,False
拉普兰德,perturb_107,42.9654915512,38.0,False
斩业星熊,perturb_107,59.2074037015,25.0,False
斯卡蒂,perturb_107,45.3235745864,36.0,False
新约能天使,perturb_107,94.5974517067,1.0,True
望,perturb_107,66.3660079588,14.0,False
棘刺,perturb_107,63.8325318204,17.0,False
死芒,perturb_107,57.1836742208,28.0,False
泥岩,perturb_107,58.7875399896,27.0,False
浊心斯卡蒂,perturb_107,72.1546882524,8.0,True
温蒂,perturb_107,45.7190006922,35.0,False
焰狐龙梓兰,perturb_107,71.3444674129,10.0,True
煌,perturb_107,30.331559341,50.0,False
玛恩纳,perturb_107,68.7726466336,13.0,False
真言,perturb_107,53.5228627442,32.0,False
纯烬艾雅法拉,perturb_107,62.2038331439,23.0,False
结城理,perturb_107,64.3001045009,16.0,False
维什戴尔,perturb_107,92.7249600999,2.0,True
维娜·维多利亚,perturb_107,63.5175457622,18.0,False
缄默德克萨斯,perturb_107,35.7715074054,45.0,False
缇缇,perturb_107,31.968398277,47.0,False
缪尔赛思,perturb_107,41.1585322518,40.0,False
能天使,perturb_107,71.0826708957,11.0,False
艾雅法拉,perturb_107,26.5486141287,54.0,False
荒芜拉普兰德,perturb_107,62.3581227734,22.0,False
诗怀雅,perturb_107,28.7173562241,51.0,False
谬因,perturb_107,30.7706764758,49.0,False
贝洛内,perturb_107,41.5272543273,39.0,False
赤刃明霄陈,perturb_107,71.9033287961,9.0,True
逻各斯,perturb_107,64.9811250661,15.0,False
酒神,perturb_107,55.4156756631,30.0,False
重岳,perturb_107,56.4050927431,29.0,False
铃兰,perturb_107,30.8297749541,48.0,False
银灰,perturb_107,46.2682452992,34.0,False
锏,perturb_107,32.6840249697,46.0,False
阿米娅,perturb_107,76.188548944,5.0,True
陈,perturb_107,18.7181957371,57.0,False
霍尔海雅,perturb_107,18.2723754354,58.0,False
黍,perturb_107,40.1255010786,41.0,False
Mon3tr,perturb_108,58.9050382064,25.0,False
W,perturb_108,60.390625,24.0,False
予愿安洁莉娜,perturb_108,77.5298559333,4.0,True
令,perturb_108,63.6917819928,18.0,False
伊芙利特,perturb_108,21.5656903693,56.0,False
余,perturb_108,28.6609486759,50.0,False
佩佩,perturb_108,36.6445146052,44.0,False
凛御银灰,perturb_108,76.1647417462,6.0,True
凯尔希,perturb_108,62.6038018294,22.0,False
凯尔希·思衡托,perturb_108,81.5275347793,3.0,True
史尔特尔,perturb_108,70.917972794,12.0,False
司霆惊蛰,perturb_108,41.9733943045,38.0,False
塑心,perturb_108,38.5839792987,42.0,False
塞雷娅,perturb_108,74.9118758929,7.0,True
夕,perturb_108,25.0149656517,55.0,False
夜莺,perturb_108,13.7297324055,60.0,False
娜斯提,perturb_108,33.7063518451,45.0,False
年,perturb_108,16.890486147,59.0,False
幽灵鲨,perturb_108,51.4002968009,33.0,False
归溟幽灵鲨,perturb_108,56.3917382651,29.0,False
德克萨斯,perturb_108,63.6013742768,19.0,False
怒潮凛冬,perturb_108,26.5138761605,53.0,False
拉普兰德,perturb_108,43.5115765429,37.0,False
斩业星熊,perturb_108,57.3969218032,27.0,False
斯卡蒂,perturb_108,45.7430944903,36.0,False
新约能天使,perturb_108,95.2096505172,1.0,True
望,perturb_108,65.1507879318,15.0,False
棘刺,perturb_108,63.1428466409,20.0,False
死芒,perturb_108,55.6687878501,30.0,False
泥岩,perturb_108,58.8365260907,26.0,False
浊心斯卡蒂,perturb_108,72.5014707244,9.0,True
温蒂,perturb_108,46.0948813972,34.0,False
焰狐龙梓兰,perturb_108,71.0654808151,11.0,False
煌,perturb_108,30.9270542736,47.0,False
玛恩纳,perturb_108,68.6567264457,13.0,False
真言,perturb_108,52.2545049975,32.0,False
纯烬艾雅法拉,perturb_108,64.9027299513,16.0,False
结城理,perturb_108,62.9520130359,21.0,False
维什戴尔,perturb_108,92.8187591101,2.0,True
维娜·维多利亚,perturb_108,65.8630957308,14.0,False
缄默德克萨斯,perturb_108,37.5221754455,43.0,False
缇缇,perturb_108,29.3153117203,49.0,False
缪尔赛思,perturb_108,41.7135029888,40.0,False
能天使,perturb_108,71.4244977022,10.0,True
艾雅法拉,perturb_108,26.3031945774,54.0,False
荒芜拉普兰德,perturb_108,61.6248073283,23.0,False
诗怀雅,perturb_108,28.3832726449,52.0,False
谬因,perturb_108,28.645493353,51.0,False
贝洛内,perturb_108,40.4283510861,41.0,False
赤刃明霄陈,perturb_108,72.7461505648,8.0,True
逻各斯,perturb_108,64.8815879169,17.0,False
酒神,perturb_108,52.643938386,31.0,False
重岳,perturb_108,56.7227249553,28.0,False
铃兰,perturb_108,30.6152468043,48.0,False
银灰,perturb_108,45.9175178567,35.0,False
锏,perturb_108,32.6310449935,46.0,False
阿米娅,perturb_108,76.2250643737,5.0,True
陈,perturb_108,18.9844649467,57.0,False
霍尔海雅,perturb_108,18.0790229746,58.0,False
黍,perturb_108,41.9329209393,39.0,False
Mon3tr,perturb_109,58.9483395807,26.0,False
W,perturb_109,60.390625,24.0,False
予愿安洁莉娜,perturb_109,75.7156306401,6.0,True
令,perturb_109,62.2034196853,20.0,False
伊芙利特,perturb_109,22.1820600045,56.0,False
余,perturb_109,27.5199972434,53.0,False
佩佩,perturb_109,38.6377416422,43.0,False
凛御银灰,perturb_109,76.7347060289,4.0,True
凯尔希,perturb_109,63.6869136165,18.0,False
凯尔希·思衡托,perturb_109,81.8445750363,3.0,True
史尔特尔,perturb_109,69.5337651668,12.0,False
司霆惊蛰,perturb_109,43.3959751474,37.0,False
塑心,perturb_109,40.1787427713,42.0,False
塞雷娅,perturb_109,75.1240930725,7.0,True
夕,perturb_109,24.0627173575,55.0,False
夜莺,perturb_109,14.3314719415,60.0,False
娜斯提,perturb_109,36.1159994467,44.0,False
年,perturb_109,16.5322909348,59.0,False
幽灵鲨,perturb_109,49.5114960806,33.0,False
归溟幽灵鲨,perturb_109,54.3311156509,31.0,False
德克萨斯,perturb_109,61.5803536306,23.0,False
怒潮凛冬,perturb_109,27.7091532017,52.0,False
拉普兰德,perturb_109,42.4296920047,38.0,False
斩业星熊,perturb_109,59.2924082055,25.0,False
斯卡蒂,perturb_109,44.9119562895,36.0,False
新约能天使,perturb_109,94.7912096169,1.0,True
望,perturb_109,66.4230641358,14.0,False
棘刺,perturb_109,64.5092268625,16.0,False
死芒,perturb_109,57.2548001264,28.0,False
泥岩,perturb_109,58.7394765358,27.0,False
浊心斯卡蒂,perturb_109,71.8144373867,9.0,True
温蒂,perturb_109,45.350199655,35.0,False
焰狐龙梓兰,perturb_109,71.3575662003,10.0,True
煌,perturb_109,29.7472804839,50.0,False
玛恩纳,perturb_109,68.8863834787,13.0,False
真言,perturb_109,53.582413807,32.0,False
纯烬艾雅法拉,perturb_109,62.0771163926,21.0,False
结城理,perturb_109,64.3633991666,17.0,False
维什戴尔,perturb_109,92.6329277828,2.0,True
维娜·维多利亚,perturb_109,63.4074191092,19.0,False
缄默德克萨斯,perturb_109,35.6893112406,45.0,False
缇缇,perturb_109,32.0929641769,47.0,False
缪尔赛思,perturb_109,41.0837367658,40.0,False
能天使,perturb_109,70.7472823561,11.0,False
艾雅法拉,perturb_109,26.7894112323,54.0,False
荒芜拉普兰德,perturb_109,61.8829836025,22.0,False
诗怀雅,perturb_109,29.0451473792,51.0,False
谬因,perturb_109,30.8704566158,49.0,False
贝洛内,perturb_109,41.5788492783,39.0,False
赤刃明霄陈,perturb_109,71.8637572067,8.0,True
逻各斯,perturb_109,65.078787445,15.0,False
酒神,perturb_109,55.5458123702,30.0,False
重岳,perturb_109,56.3901794934,29.0,False
铃兰,perturb_109,31.040262492,48.0,False
银灰,perturb_109,46.6123668324,34.0,False
锏,perturb_109,32.7360070744,46.0,False
阿米娅,perturb_109,76.152721278,5.0,True
陈,perturb_109,18.456941676,58.0,False
霍尔海雅,perturb_109,18.4620861259,57.0,False
黍,perturb_109,40.3613982529,41.0,False
Mon3tr,perturb_110,59.0591655982,24.0,False
W,perturb_110,60.390625,23.0,False
予愿安洁莉娜,perturb_110,71.0722822992,8.0,True
令,perturb_110,57.7708153178,26.0,False
伊芙利特,perturb_110,24.0177170372,55.0,False
余,perturb_110,24.59983349,54.0,False
佩佩,perturb_110,43.7392290319,38.0,False
凛御银灰,perturb_110,78.1934789369,4.0,True
凯尔希,perturb_110,66.9126107559,16.0,False
凯尔希·思衡托,perturb_110,81.6129170252,3.0,True
史尔特尔,perturb_110,65.411351731,18.0,False
司霆惊蛰,perturb_110,47.0369443376,34.0,False
塑心,perturb_110,44.2603980942,36.0,False
塞雷娅,perturb_110,75.7561131072,6.0,True
夕,perturb_110,21.2267546847,56.0,False
夜莺,perturb_110,16.1235579689,59.0,False
娜斯提,perturb_110,42.2832782492,41.0,False
年,perturb_110,15.4655226796,60.0,False
幽灵鲨,perturb_110,43.8863157871,37.0,False
归溟幽灵鲨,perturb_110,49.0571352732,32.0,False
德克萨斯,perturb_110,55.5613991746,29.0,False
怒潮凛冬,perturb_110,30.7683585203,51.0,False
拉普兰德,perturb_110,39.2076498282,43.0,False
斩业星熊,perturb_110,64.1437371305,19.0,False
斯卡蒂,perturb_110,42.4366807465,40.0,False
新约能天使,perturb_110,93.8568026242,1.0,True
望,perturb_110,69.6793419659,10.0,True
棘刺,perturb_110,68.5785471527,14.0,False
死芒,perturb_110,61.3140575402,22.0,False
泥岩,perturb_110,58.4504459158,25.0,False
浊心斯卡蒂,perturb_110,69.7683314366,9.0,True
温蒂,perturb_110,43.1324066312,39.0,False
焰狐龙梓兰,perturb_110,72.1051327752,7.0,True
煌,perturb_110,26.2337069233,53.0,False
玛恩纳,perturb_110,69.5703424601,12.0,False
真言,perturb_110,56.9810783447,28.0,False
纯烬艾雅法拉,perturb_110,54.8452097051,31.0,False
结城理,perturb_110,67.9757164861,15.0,False
维什戴尔,perturb_110,92.0794894508,2.0,True
维娜·维多利亚,perturb_110,57.1223331228,27.0,False
缄默德克萨斯,perturb_110,30.9982582622,50.0,False
缇缇,perturb_110,39.2021186874,44.0,False
缪尔赛思,perturb_110,39.3561548665,42.0,False
能天使,perturb_110,68.7304161094,13.0,False
艾雅法拉,perturb_110,28.2374498294,52.0,False
荒芜拉普兰德,perturb_110,62.1675230167,21.0,False
诗怀雅,perturb_110,31.0163265895,49.0,False
谬因,perturb_110,36.5650522727,46.0,False
贝洛内,perturb_110,44.5234471143,35.0,False
赤刃明霄陈,perturb_110,69.6053498572,11.0,False
逻各斯,perturb_110,65.6660822756,17.0,False
酒神,perturb_110,62.9729008366,20.0,False
重岳,perturb_110,55.5390589493,30.0,False
铃兰,perturb_110,32.3060338595,48.0,False
银灰,perturb_110,48.6817491252,33.0,False
锏,perturb_110,33.0486025869,47.0,False
阿米娅,perturb_110,75.9372708324,5.0,True
陈,perturb_110,16.8858847217,58.0,False
霍尔海雅,perturb_110,19.6029154717,57.0,False
黍,perturb_110,36.7685338872,45.0,False
Mon3tr,perturb_111,58.9970241289,24.0,False
W,perturb_111,60.390625,22.0,False
予愿安洁莉娜,perturb_111,73.6758630711,7.0,True
令,perturb_111,56.5585354115,28.0,False
伊芙利特,perturb_111,24.5197537522,55.0,False
余,perturb_111,26.2372041202,53.0,False
佩佩,perturb_111,40.8787642335,40.0,False
凛御银灰,perturb_111,77.3755275762,4.0,True
凯尔希,perturb_111,67.7948117154,15.0,False
凯尔希·思衡托,perturb_111,80.8039403844,3.0,True
史尔特尔,perturb_111,64.283906428,18.0,False
司霆惊蛰,perturb_111,44.9954095057,34.0,False
塑心,perturb_111,41.9717652939,38.0,False
塞雷娅,perturb_111,75.9289652557,5.0,True
夕,perturb_111,20.4511428145,56.0,False
夜莺,perturb_111,16.6136783815,58.0,False
娜斯提,perturb_111,38.8252114995,43.0,False
年,perturb_111,15.1737705598,60.0,False
幽灵鲨,perturb_111,42.3478764241,37.0,False
归溟幽灵鲨,perturb_111,52.0143189465,32.0,False
德克萨斯,perturb_111,53.9152658995,31.0,False
怒潮凛冬,perturb_111,29.0530256268,51.0,False
拉普兰德,perturb_111,38.3264484702,44.0,False
斩业星熊,perturb_111,61.4235391656,20.0,False
斯卡蒂,perturb_111,41.759713764,39.0,False
新约能天使,perturb_111,94.5507833724,1.0,True
望,perturb_111,67.8535081658,14.0,False
棘刺,perturb_111,69.6914719282,11.0,False
死芒,perturb_111,59.0379835145,23.0,False
泥岩,perturb_111,58.3713984791,27.0,False
浊心斯卡蒂,perturb_111,69.2087387178,12.0,False
温蒂,perturb_111,42.5258589458,36.0,False
焰狐龙梓兰,perturb_111,71.6859632843,8.0,True
煌,perturb_111,25.2727741908,54.0,False
玛恩纳,perturb_111,69.7573994725,10.0,True
真言,perturb_111,55.0754066201,30.0,False
纯烬艾雅法拉,perturb_111,58.9002260023,25.0,False
结城理,perturb_111,65.9502470996,16.0,False
维什戴尔,perturb_111,91.9281287351,2.0,True
维娜·维多利亚,perturb_111,60.6464557651,21.0,False
缄默德克萨斯,perturb_111,33.6285875931,46.0,False
缇缇,perturb_111,35.2159309993,45.0,False
缪尔赛思,perturb_111,40.045971818,42.0,False
能天使,perturb_111,68.1788202027,13.0,False
艾雅法拉,perturb_111,28.6334761719,52.0,False
荒芜拉普兰德,perturb_111,61.6513466819,19.0,False
诗怀雅,perturb_111,31.555427477,50.0,False
谬因,perturb_111,33.3720245979,47.0,False
贝洛内,perturb_111,42.8723760027,35.0,False
赤刃明霄陈,perturb_111,70.8716657824,9.0,True
逻各斯,perturb_111,65.826702458,17.0,False
酒神,perturb_111,58.8084437891,26.0,False
重岳,perturb_111,56.0162923853,29.0,False
铃兰,perturb_111,32.6522116521,49.0,False
银灰,perturb_111,49.2477077275,33.0,False
锏,perturb_111,33.1340948229,48.0,False
阿米娅,perturb_111,75.8783469528,6.0,True
陈,perturb_111,16.4562138963,59.0,False
霍尔海雅,perturb_111,19.9149226752,57.0,False
黍,perturb_111,40.2003806909,41.0,False
Mon3tr,perturb_112,58.9904380406,26.0,False
W,perturb_112,60.390625,24.0,False
予愿安洁莉娜,perturb_112,73.9518046155,7.0,True
令,perturb_112,62.7856479778,19.0,False
伊芙利特,perturb_112,21.9409440891,56.0,False
余,perturb_112,26.4107414981,54.0,False
佩佩,perturb_112,40.5755967333,42.0,False
凛御银灰,perturb_112,77.2888366756,4.0,True
凯尔希,perturb_112,63.2632141428,18.0,False
凯尔希·思衡托,perturb_112,82.0119638942,3.0,True
史尔特尔,perturb_112,70.0752494809,12.0,False
司霆惊蛰,perturb_112,44.7790366239,37.0,False
塑心,perturb_112,41.7292036356,40.0,False
塞雷娅,perturb_112,75.041076427,6.0,True
夕,perturb_112,24.4352247071,55.0,False
夜莺,perturb_112,14.0960791337,60.0,False
娜斯提,perturb_112,38.4587069187,43.0,False
年,perturb_112,16.672412319,59.0,False
幽灵鲨,perturb_112,50.2503707569,33.0,False
归溟幽灵鲨,perturb_112,52.3277372351,32.0,False
德克萨斯,perturb_112,62.3709510503,20.0,False
怒潮凛冬,perturb_112,28.8712253874,51.0,False
拉普兰德,perturb_112,42.8529113943,38.0,False
斩业星熊,perturb_112,61.1352379016,22.0,False
斯卡蒂,perturb_112,45.23708692,36.0,False
新约能天使,perturb_112,94.3953351608,1.0,True
望,perturb_112,67.6599964438,14.0,False
棘刺,perturb_112,63.9747164013,17.0,False
死芒,perturb_112,58.796752903,27.0,False
泥岩,perturb_112,58.77744108,28.0,False
浊心斯卡蒂,perturb_112,72.0831960384,8.0,True
温蒂,perturb_112,45.6415096251,35.0,False
焰狐龙梓兰,perturb_112,71.641537439,9.0,True
煌,perturb_112,30.2087928964,50.0,False
玛恩纳,perturb_112,68.7965445857,13.0,False
真言,perturb_112,54.8734332439,31.0,False
纯烬艾雅法拉,perturb_112,59.3299985184,25.0,False
结城理,perturb_112,65.7355769205,15.0,False
维什戴尔,perturb_112,92.7056226205,2.0,True
维娜·维多利亚,perturb_112,61.0199613059,23.0,False
缄默德克萨斯,perturb_112,33.9073640941,46.0,False
缇缇,perturb_112,34.7934533106,45.0,False
缪尔赛思,perturb_112,40.6330527982,41.0,False
能天使,perturb_112,71.0122003352,10.0,True
艾雅法拉,perturb_112,26.5992094975,53.0,False
荒芜拉普兰德,perturb_112,62.0860461046,21.0,False
诗怀雅,perturb_112,28.7862304512,52.0,False
谬因,perturb_112,33.033610289,47.0,False
贝洛内,perturb_112,42.6973865738,39.0,False
赤刃明霄陈,perturb_112,71.0058767797,11.0,False
逻各斯,perturb_112,65.0016455126,16.0,False
酒神,perturb_112,58.3670721514,29.0,False
重岳,perturb_112,56.0668721609,30.0,False
铃兰,perturb_112,30.8740017926,49.0,False
银灰,perturb_112,46.340550803,34.0,False
锏,perturb_112,32.6949472512,48.0,False
阿米娅,perturb_112,76.1810209715,5.0,True
陈,perturb_112,18.6633020304,57.0,False
霍尔海雅,perturb_112,18.312236722,58.0,False
黍,perturb_112,38.0291033684,44.0,False
Mon3tr,perturb_113,58.9954209194,24.0,False
W,perturb_113,60.390625,22.0,False
予愿安洁莉娜,perturb_113,73.7430337632,7.0,True
令,perturb_113,57.098458626,28.0,False
伊芙利特,perturb_113,24.2961574726,55.0,False
余,perturb_113,26.2794472185,53.0,False
佩佩,perturb_113,40.8049661005,40.0,False
凛御银灰,perturb_113,77.3544249626,4.0,True
凯尔希,perturb_113,67.401898515,15.0,False
凯尔希·思衡托,perturb_113,81.6808826421,3.0,True
史尔特尔,perturb_113,64.7860461475,18.0,False
司霆惊蛰,perturb_113,44.9427392336,34.0,False
塑心,perturb_113,41.9127200548,39.0,False
塞雷娅,perturb_113,75.8519806525,6.0,True
夕,perturb_113,20.7965835432,56.0,False
夜莺,perturb_113,16.3953893649,59.0,False
娜斯提,perturb_113,38.7359956245,43.0,False
年,perturb_113,15.3037106351,60.0,False
幽灵鲨,perturb_113,43.0330639965,35.0,False
归溟幽灵鲨,perturb_113,52.0906123636,32.0,False
德克萨斯,perturb_113,54.6484180079,31.0,False
怒潮凛冬,perturb_113,29.0087711528,51.0,False
拉普兰德,perturb_113,38.7189164698,44.0,False
斩业星熊,perturb_113,61.3533598257,20.0,False
斯卡蒂,perturb_113,42.0612201961,38.0,False
新约能天使,perturb_113,94.4097003416,1.0,True
望,perturb_113,67.8064028402,14.0,False
棘刺,perturb_113,69.1957993372,12.0,False
死芒,perturb_113,58.9792622837,25.0,False
泥岩,perturb_113,58.4066044954,27.0,False
浊心斯卡蒂,perturb_113,69.457969195,11.0,False
温蒂,perturb_113,42.7960021481,37.0,False
焰狐龙梓兰,perturb_113,71.6751489838,8.0,True
煌,perturb_113,25.7007528177,54.0,False
玛恩纳,perturb_113,69.6740883305,10.0,True
真言,perturb_113,55.026241528,30.0,False
纯烬艾雅法拉,perturb_113,59.0048427877,23.0,False
结城理,perturb_113,65.8979913057,16.0,False
维什戴尔,perturb_113,91.9955415197,2.0,True
维娜·维多利亚,perturb_113,60.7373758392,21.0,False
缄默德克萨斯,perturb_113,33.6964483805,46.0,False
缇缇,perturb_113,35.1130899473,45.0,False
缪尔赛思,perturb_113,40.1088519156,41.0,False
能天使,perturb_113,68.424489073,13.0,False
艾雅法拉,perturb_113,28.4570946162,52.0,False
荒芜拉普兰德,perturb_113,61.9776830744,19.0,False
诗怀雅,perturb_113,31.3153236177,50.0,False
谬因,perturb_113,33.2896465588,47.0,False
贝洛内,perturb_113,42.8297794409,36.0,False
赤刃明霄陈,perturb_113,70.9043359104,9.0,True
逻各斯,perturb_113,65.7551657075,17.0,False
酒神,perturb_113,58.7010035034,26.0,False
重岳,perturb_113,56.0286046978,29.0,False
铃兰,perturb_113,32.4980315609,49.0,False
银灰,perturb_113,48.9956420237,33.0,False
锏,perturb_113,33.0960184326,48.0,False
阿米娅,perturb_113,75.9045903726,5.0,True
陈,perturb_113,16.6475799761,58.0,False
霍尔海雅,perturb_113,19.7759614243,57.0,False
黍,perturb_113,40.0795711673,42.0,False
Mon3tr,perturb_114,58.9731247601,24.0,False
W,perturb_114,60.390625,22.0,False
予愿安洁莉娜,perturb_114,74.6771901674,7.0,True
令,perturb_114,58.723119076,25.0,False
伊芙利特,perturb_114,23.6233432231,55.0,False
余,perturb_114,26.8669305325,54.0,False
佩佩,perturb_114,39.778640534,43.0,False
凛御银灰,perturb_114,77.060946646,4.0,True
凯尔希,perturb_114,66.2195997732,16.0,False
凯尔希·思衡托,perturb_114,82.017536348,3.0,True
史尔特尔,perturb_114,66.2970138569,15.0,False
司霆惊蛰,perturb_114,44.2102431044,35.0,False
塑心,perturb_114,41.0915659695,39.0,False
塞雷娅,perturb_114,75.6203294901,6.0,True
夕,perturb_114,21.8360348477,56.0,False
夜莺,perturb_114,15.7385449794,59.0,False
娜斯提,perturb_114,37.4952524006,44.0,False
年,perturb_114,15.6947079022,60.0,False
幽灵鲨,perturb_114,45.094833374,34.0,False
归溟幽灵鲨,perturb_114,53.1516403511,32.0,False
德克萨斯,perturb_114,56.8545154722,29.0,False
怒潮凛冬,perturb_114,28.3933152296,51.0,False
拉普兰德,perturb_114,39.8998755761,42.0,False
斩业星熊,perturb_114,60.3773615479,23.0,False
斯卡蒂,perturb_114,42.9684706395,37.0,False
新约能天使,perturb_114,94.5467336238,1.0,True
望,perturb_114,67.1512995472,14.0,False
棘刺,perturb_114,67.7042915945,13.0,False
死芒,perturb_114,58.1626142463,27.0,False
泥岩,perturb_114,58.5125414522,26.0,False
浊心斯卡蒂,perturb_114,70.2079182403,10.0,True
温蒂,perturb_114,43.6088788034,36.0,False
焰狐龙梓兰,perturb_114,71.5247523191,8.0,True
煌,perturb_114,26.9885654735,53.0,False
玛恩纳,perturb_114,69.4234002441,11.0,False
真言,perturb_114,54.3424926445,31.0,False
纯烬艾雅法拉,perturb_114,60.4597695885,21.0,False
结城理,perturb_114,65.1712594065,18.0,False
维什戴尔,perturb_114,92.1983905211,2.0,True
维娜·维多利亚,perturb_114,62.0018197047,20.0,False
缄默德克萨斯,perturb_114,34.6402020816,45.0,False
缇缇,perturb_114,33.6828586299,46.0,False
缪尔赛思,perturb_114,40.5243154915,41.0,False
能天使,perturb_114,69.1637210351,12.0,False
艾雅法拉,perturb_114,27.9263522255,52.0,False
荒芜拉普兰德,perturb_114,62.0300111379,19.0,False
诗怀雅,perturb_114,30.5928370979,50.0,False
谬因,perturb_114,32.1439985024,48.0,False
贝洛内,perturb_114,42.2373804382,38.0,False
赤刃明霄陈,perturb_114,71.3586859901,9.0,True
逻各斯,perturb_114,65.5399074519,17.0,False
酒神,perturb_114,57.2068097135,28.0,False
重岳,perturb_114,56.1998345192,30.0,False
铃兰,perturb_114,32.034094672,49.0,False
银灰,perturb_114,48.2371616162,33.0,False
锏,perturb_114,32.9814443529,47.0,False
阿米娅,perturb_114,75.9835583537,5.0,True
陈,perturb_114,17.2234116738,58.0,False
霍尔海雅,perturb_114,19.3578189137,57.0,False
黍,perturb_114,40.57385785,40.0,False
Mon3tr,perturb_115,59.0450831943,24.0,False
W,perturb_115,60.390625,23.0,False
予愿安洁莉娜,perturb_115,71.6623017553,8.0,True
令,perturb_115,58.5372428296,25.0,False
伊芙利特,perturb_115,23.7003194227,55.0,False
余,perturb_115,24.9708918951,54.0,False
佩佩,perturb_115,43.0909949142,39.0,False
凛御银灰,perturb_115,78.008116062,4.0,True
凯尔希,perturb_115,66.3548657312,16.0,False
凯尔希·思衡托,perturb_115,80.2497614578,3.0,True
史尔特尔,perturb_115,66.1241451162,17.0,False
司霆惊蛰,perturb_115,46.5742948649,34.0,False
塑心,perturb_115,43.7417516613,37.0,False
塞雷娅,perturb_115,75.6468325348,6.0,True
夕,perturb_115,21.7171119634,56.0,False
夜莺,perturb_115,15.8136940783,59.0,False
娜斯提,perturb_115,41.4996164996,41.0,False
年,perturb_115,15.649974183,60.0,False
幽灵鲨,perturb_115,44.8589478062,35.0,False
归溟幽灵鲨,perturb_115,49.7272876731,32.0,False
德克萨斯,perturb_115,56.6021174307,28.0,False
怒潮凛冬,perturb_115,30.3796324274,51.0,False
拉普兰德,perturb_115,39.7647628849,42.0,False
斩业星熊,perturb_115,63.5272900661,19.0,False
斯卡蒂,perturb_115,42.8646727617,40.0,False
新约能天使,perturb_115,94.2423976982,1.0,True
望,perturb_115,69.2655743281,12.0,False
棘刺,perturb_115,67.8749339343,14.0,False
死芒,perturb_115,60.7982571574,22.0,False
泥岩,perturb_115,58.5004212803,26.0,False
浊心斯卡蒂,perturb_115,70.1221171035,9.0,True
温蒂,perturb_115,43.5158781635,38.0,False
焰狐龙梓兰,perturb_115,72.0101412321,7.0,True
煌,perturb_115,26.8412277437,53.0,False
玛恩纳,perturb_115,69.4520812898,11.0,False
真言,perturb_115,56.5492179597,29.0,False
纯烬艾雅法拉,perturb_115,55.7641512398,30.0,False
结城理,perturb_115,67.5167077399,15.0,False
维什戴尔,perturb_115,92.1751827111,2.0,True
维娜·维多利亚,perturb_115,57.9209643568,27.0,False
缄默德克萨斯,perturb_115,31.5943394355,49.0,False
缇缇,perturb_115,38.2987749859,44.0,False
缪尔赛思,perturb_115,39.6033462386,43.0,False
能天使,perturb_115,69.0791460322,13.0,False
艾雅法拉,perturb_115,27.9870740848,52.0,False
荒芜拉普兰德,perturb_115,61.5968037428,21.0,False
诗怀雅,perturb_115,30.6754962667,50.0,False
谬因,perturb_115,35.8414532692,46.0,False
贝洛内,perturb_115,44.1492839272,36.0,False
赤刃明霄陈,perturb_115,69.8923204177,10.0,True
逻各斯,perturb_115,65.5645349958,18.0,False
酒神,perturb_115,62.0291580079,20.0,False
重岳,perturb_115,55.647208854,31.0,False
铃兰,perturb_115,32.0871733614,48.0,False
银灰,perturb_115,48.32393882,33.0,False
锏,perturb_115,32.9945526918,47.0,False
阿米娅,perturb_115,75.9745236832,5.0,True
陈,perturb_115,17.1575311789,58.0,False
霍尔海雅,perturb_115,19.4056583009,57.0,False
黍,perturb_115,37.1479047516,45.0,False
Mon3tr,perturb_116,58.9392124984,25.0,False
W,perturb_116,60.390625,24.0,False
予愿安洁莉娜,perturb_116,76.0980338279,6.0,True
令,perturb_116,65.1841285522,16.0,False
伊芙利特,perturb_116,20.9476707515,56.0,False
余,perturb_116,27.7604874772,51.0,False
佩佩,perturb_116,38.2176083897,43.0,False
凛御银灰,perturb_116,76.6145687122,4.0,True
凯尔希,perturb_116,61.5177906205,23.0,False
凯尔希·思衡托,perturb_116,81.2893851224,3.0,True
史尔特尔,perturb_116,72.3058858576,9.0,True
司霆惊蛰,perturb_116,43.0961229453,38.0,False
塑心,perturb_116,39.8425978404,41.0,False
塞雷娅,perturb_116,74.6990906213,7.0,True
夕,perturb_116,25.9697630544,54.0,False
夜莺,perturb_116,13.1263820509,60.0,False
娜斯提,perturb_116,35.6080928885,45.0,False
年,perturb_116,17.2496402251,59.0,False
幽灵鲨,perturb_116,53.2941537213,33.0,False
归溟幽灵鲨,perturb_116,54.7654545721,31.0,False
德克萨斯,perturb_116,65.6278050676,15.0,False
怒潮凛冬,perturb_116,27.4572121927,53.0,False
拉普兰德,perturb_116,44.5963572175,37.0,False
斩业星熊,perturb_116,58.8928767661,27.0,False
斯卡蒂,perturb_116,46.5764575956,35.0,False
新约能天使,perturb_116,94.9592616328,1.0,True
望,perturb_116,66.1548932101,14.0,False
棘刺,perturb_116,61.7728087059,21.0,False
死芒,perturb_116,56.9204997764,28.0,False
泥岩,perturb_116,58.933835441,26.0,False
浊心斯卡蒂,perturb_116,73.1903432069,8.0,True
温蒂,perturb_116,46.8415566053,34.0,False
焰狐龙梓兰,perturb_116,71.2960003171,12.0,False
煌,perturb_116,32.1099862431,47.0,False
玛恩纳,perturb_116,68.4264546352,13.0,False
真言,perturb_116,53.3025166168,32.0,False
纯烬艾雅法拉,perturb_116,62.6727004342,20.0,False
结城理,perturb_116,64.0659065907,18.0,False
维什戴尔,perturb_116,93.005087896,2.0,True
维娜·维多利亚,perturb_116,63.9250276841,19.0,False
缄默德克萨斯,perturb_116,36.0756431462,44.0,False
缇缇,perturb_116,31.507489397,48.0,False
缪尔赛思,perturb_116,41.4010892938,39.0,False
能天使,perturb_116,72.1035259111,10.0,True
艾雅法拉,perturb_116,25.8156763512,55.0,False
荒芜拉普兰德,perturb_116,61.6463401389,22.0,False
诗怀雅,perturb_116,27.7196261137,52.0,False
谬因,perturb_116,30.401477902,49.0,False
贝洛内,perturb_116,41.3363467744,40.0,False
赤刃明霄陈,perturb_116,72.0497484583,11.0,False
逻各斯,perturb_116,64.6838604982,17.0,False
酒神,perturb_116,54.9341541233,30.0,False
重岳,perturb_116,56.4602735689,29.0,False
铃兰,perturb_116,30.1890933764,50.0,False
银灰,perturb_116,45.2208088141,36.0,False
锏,perturb_116,32.5258019357,46.0,False
阿米娅,perturb_116,76.2976011274,5.0,True
陈,perturb_116,19.5134003639,57.0,False
霍尔海雅,perturb_116,17.6949343874,58.0,False
黍,perturb_116,39.419432476,42.0,False
Mon3tr,perturb_117,58.9222284586,25.0,False
W,perturb_117,60.390625,24.0,False
予愿安洁莉娜,perturb_117,76.8096249764,4.0,True
令,perturb_117,63.8400618847,17.0,False
伊芙利特,perturb_117,21.5042838001,56.0,False
余,perturb_117,28.2080013242,52.0,False
佩佩,perturb_117,37.4358076279,43.0,False
凛御银灰,perturb_117,76.3910123876,5.0,True
凯尔希,perturb_117,62.4958955099,22.0,False
凯尔希·思衡托,perturb_117,81.3550281235,3.0,True
史尔特尔,perturb_117,71.0558761502,12.0,False
司霆惊蛰,perturb_117,42.5381459732,38.0,False
塑心,perturb_117,39.2170859069,42.0,False
塞雷娅,perturb_117,74.8907335002,7.0,True
夕,perturb_117,25.1098345377,55.0,False
夜莺,perturb_117,13.6697833777,60.0,False
娜斯提,perturb_117,34.6629600483,45.0,False
年,perturb_117,16.9261717774,59.0,False
幽灵鲨,perturb_117,51.5884708531,33.0,False
归溟幽灵鲨,perturb_117,55.5736898106,30.0,False
德克萨斯,perturb_117,63.8027208988,18.0,False
怒潮凛冬,perturb_117,26.9883902852,53.0,False
拉普兰德,perturb_117,43.6193605962,37.0,False
斩业星熊,perturb_117,58.1494126821,27.0,False
斯卡蒂,perturb_117,45.8258976371,36.0,False
新约能天使,perturb_117,95.0919255046,1.0,True
望,perturb_117,65.6558700245,14.0,False
棘刺,perturb_117,63.0067193616,21.0,False
死芒,perturb_117,56.2984203129,29.0,False
泥岩,perturb_117,58.8461947697,26.0,False
浊心斯卡蒂,perturb_117,72.5699172502,8.0,True
温蒂,perturb_117,46.1690712149,34.0,False
焰狐龙梓兰,perturb_117,71.1814360591,11.0,False
煌,perturb_117,31.0445906618,47.0,False
玛恩纳,perturb_117,68.6338465865,13.0,False
真言,perturb_117,52.7816727292,32.0,False
纯烬艾雅法拉,perturb_117,63.7809870427,19.0,False
结城理,perturb_117,63.5123205056,20.0,False
维什戴尔,perturb_117,92.8372727804,2.0,True
维娜·维多利亚,perturb_117,64.8882144249,15.0,False
缄默德克萨斯,perturb_117,36.79454501,44.0,False
缇缇,perturb_117,30.4180145071,49.0,False
缪尔赛思,perturb_117,41.5100420492,39.0,False
能天使,perturb_117,71.4919660988,10.0,True
艾雅法拉,perturb_117,26.2547546561,54.0,False
荒芜拉普兰德,perturb_117,61.6161200582,23.0,False
诗怀雅,perturb_117,28.3173325753,51.0,False
谬因,perturb_117,29.5287835518,50.0,False
贝洛内,perturb_117,40.8850884147,41.0,False
赤刃明霄陈,perturb_117,72.3958484193,9.0,True
逻各斯,perturb_117,64.8619416759,16.0,False
酒神,perturb_117,53.7959559906,31.0,False
重岳,perturb_117,56.5907074285,28.0,False
铃兰,perturb_117,30.5729041032,48.0,False
银灰,perturb_117,45.8482926885,35.0,False
锏,perturb_117,32.6205880194,46.0,False
阿米娅,perturb_117,76.232271642,6.0,True
陈,perturb_117,19.0370200895,57.0,False
霍尔海雅,perturb_117,18.0408598456,58.0,False
黍,perturb_117,40.9476772554,40.0,False
Mon3tr,perturb_118,58.9360975922,23.0,False
W,perturb_118,60.390625,22.0,False
予愿安洁莉娜,perturb_118,76.2285410391,5.0,True
令,perturb_118,58.8191462659,24.0,False
伊芙利特,perturb_118,23.5835758602,55.0,False
余,perturb_118,27.8425623937,52.0,False
佩佩,perturb_118,38.0742245979,43.0,False
凛御银灰,perturb_118,76.5735680442,4.0,True
凯尔希,perturb_118,66.149718817,15.0,False
凯尔希·思衡托,perturb_118,82.761803307,3.0,True
史尔特尔,perturb_118,66.3863211231,14.0,False
司霆惊蛰,perturb_118,42.9937888752,37.0,False
塑心,perturb_118,39.727877726,42.0,False
塞雷娅,perturb_118,75.6066375152,7.0,True
夕,perturb_118,21.8974726625,56.0,False
夜莺,perturb_118,15.6997215314,60.0,False
娜斯提,perturb_118,35.4347536735,45.0,False
年,perturb_118,15.7178181889,59.0,False
幽灵鲨,perturb_118,45.2166963267,34.0,False
归溟幽灵鲨,perturb_118,54.9136864987,30.0,False
德克萨斯,perturb_118,56.9849090816,27.0,False
怒潮凛冬,perturb_118,27.3712293361,53.0,False
拉普兰德,perturb_118,39.9696773519,41.0,False
斩业星熊,perturb_118,58.7565239962,25.0,False
斯卡蒂,perturb_118,43.0220945894,36.0,False
新约能天使,perturb_118,94.749583757,1.0,True
望,perturb_118,66.06337138,16.0,False
棘刺,perturb_118,67.6161345293,13.0,False
死芒,perturb_118,56.8064091837,28.0,False
泥岩,perturb_118,58.5188029625,26.0,False
浊心斯卡蒂,perturb_118,70.2522447329,10.0,True
温蒂,perturb_118,43.6569246956,35.0,False
焰狐龙梓兰,perturb_118,71.2749890077,9.0,True
煌,perturb_118,27.0646829357,54.0,False
玛恩纳,perturb_118,69.4085830727,11.0,False
真言,perturb_118,53.2069928271,32.0,False
纯烬艾雅法拉,perturb_118,62.87596237,20.0,False
结城理,perturb_118,63.9643778179,19.0,False
维什戴尔,perturb_118,92.2103801153,2.0,True
维娜·维多利亚,perturb_118,64.1016780198,18.0,False
缄默德克萨斯,perturb_118,36.2074911569,44.0,False
缇缇,perturb_118,31.3076775672,48.0,False
缪尔赛思,perturb_118,41.0268652385,40.0,False
能天使,perturb_118,69.2074140837,12.0,False
艾雅法拉,perturb_118,27.8949821627,51.0,False
荒芜拉普兰德,perturb_118,62.1838904748,21.0,False
诗怀雅,perturb_118,30.5501338055,49.0,False
谬因,perturb_118,30.241424048,50.0,False
贝洛内,perturb_118,41.2535851069,39.0,False
赤刃明霄陈,perturb_118,72.1132238694,8.0,True
逻各斯,perturb_118,65.5271843962,17.0,False
酒神,perturb_118,54.7254063553,31.0,False
重岳,perturb_118,56.4841953944,29.0,False
铃兰,perturb_118,32.0066732156,47.0,False
银灰,perturb_118,48.1923308688,33.0,False
锏,perturb_118,32.9746723367,46.0,False
阿米娅,perturb_118,75.9882258356,6.0,True
陈,perturb_118,17.2574467854,58.0,False
霍尔海雅,perturb_118,19.3331041801,57.0,False
黍,perturb_118,42.4574375751,38.0,False
Mon3tr,perturb_119,58.9810028074,25.0,False
W,perturb_119,60.390625,22.0,False
予愿安洁莉娜,perturb_119,74.3471185988,7.0,True
令,perturb_119,59.1110304881,24.0,False
伊芙利特,perturb_119,23.4626989939,55.0,False
余,perturb_119,26.6593512256,54.0,False
佩佩,perturb_119,40.1412788331,42.0,False
凛御银灰,perturb_119,77.1646432517,4.0,True
凯尔希,perturb_119,65.9373086801,16.0,False
凯尔希·思衡托,perturb_119,81.0172239563,3.0,True
史尔特尔,perturb_119,66.6577794666,15.0,False
司霆惊蛰,perturb_119,44.4690607341,35.0,False
塑心,perturb_119,41.3817096925,39.0,False
塞雷娅,perturb_119,75.5650193916,6.0,True
夕,perturb_119,22.0842190288,56.0,False
夜莺,perturb_119,15.5817137886,60.0,False
娜斯提,perturb_119,37.9336522876,44.0,False
年,perturb_119,15.7880642105,59.0,False
幽灵鲨,perturb_119,45.5871109269,34.0,False
归溟幽灵鲨,perturb_119,52.7767404195,32.0,False
德克萨斯,perturb_119,57.3812534639,29.0,False
怒潮凛冬,perturb_119,28.6107782808,51.0,False
拉普兰德,perturb_119,40.1818468118,41.0,False
斩业星熊,perturb_119,60.7222173782,21.0,False
斯卡蒂,perturb_119,43.185089934,37.0,False
新约能天使,perturb_119,94.6500750834,1.0,True
望,perturb_119,67.3827714618,13.0,False
棘刺,perturb_119,67.3481723361,14.0,False
死芒,perturb_119,58.451165818,27.0,False
泥岩,perturb_119,58.5378354479,26.0,False
浊心斯卡蒂,perturb_119,70.3869795285,10.0,True
温蒂,perturb_119,43.8029649776,36.0,False
焰狐龙梓兰,perturb_119,71.5778929525,8.0,True
煌,perturb_119,27.2960495547,53.0,False
玛恩纳,perturb_119,69.363544802,11.0,False
真言,perturb_119,54.5840860923,31.0,False
纯烬艾雅法拉,perturb_119,59.9456908228,23.0,False
结城理,perturb_119,65.4280403233,18.0,False
维什戴尔,perturb_119,92.2468236829,2.0,True
维娜·维多利亚,perturb_119,61.5550455156,20.0,False
缄默德克萨斯,perturb_119,34.3067394377,45.0,False
缇缇,perturb_119,34.1882115795,46.0,False
缪尔赛思,perturb_119,40.45060025,40.0,False
能天使,perturb_119,69.3402234633,12.0,False
艾雅法拉,perturb_119,27.7996297277,52.0,False
荒芜拉普兰德,perturb_119,61.6797384745,19.0,False
诗怀雅,perturb_119,30.4203328887,50.0,False
谬因,perturb_119,32.5487977943,48.0,False
贝洛内,perturb_119,42.4466966375,38.0,False
赤刃明霄陈,perturb_119,71.1981475162,9.0,True
逻各斯,perturb_119,65.4885113994,17.0,False
酒神,perturb_119,57.7347629403,28.0,False
重岳,perturb_119,56.1393327708,30.0,False
铃兰,perturb_119,31.9233229636,49.0,False
银灰,perturb_119,48.0560633405,33.0,False
锏,perturb_119,32.9540881179,47.0,False
阿米娅,perturb_119,76.0024131126,5.0,True
陈,perturb_119,17.3608999022,58.0,False
霍尔海雅,perturb_119,19.257981282,57.0,False
黍,perturb_119,40.0217170087,43.0,False
Mon3tr,perturb_120,58.9741875978,24.0,False
W,perturb_120,60.390625,22.0,False
予愿安洁莉娜,perturb_120,74.6326597794,7.0,True
令,perturb_120,56.4152684139,28.0,False
伊芙利特,perturb_120,24.5790843511,55.0,False
余,perturb_120,26.8389257361,53.0,False
佩佩,perturb_120,39.8275645424,42.0,False
凛御银灰,perturb_120,77.074936491,4.0,True
凯尔希,perturb_120,67.8990700489,14.0,False
凯尔希·思衡托,perturb_120,83.3533687231,3.0,True
史尔特尔,perturb_120,64.1506651669,18.0,False
司霆惊蛰,perturb_120,44.2451605301,34.0,False
塑心,perturb_120,41.1307096395,40.0,False
塞雷娅,perturb_120,75.9493928882,5.0,True
夕,perturb_120,20.3594811584,56.0,False
夜莺,perturb_120,16.6716007142,58.0,False
娜斯提,perturb_120,37.5543975041,44.0,False
年,perturb_120,15.1392913525,60.0,False
幽灵鲨,perturb_120,42.1660639669,37.0,False
归溟幽灵鲨,perturb_120,53.1010621099,32.0,False
德克萨斯,perturb_120,53.7207261973,31.0,False
怒潮凛冬,perturb_120,28.4226534549,52.0,False
拉普兰德,perturb_120,38.2223082694,43.0,False
斩业星熊,perturb_120,60.4238865,21.0,False
斯卡蒂,perturb_120,41.679709941,38.0,False
新约能天使,perturb_120,94.309502505,1.0,True
望,perturb_120,67.1825277266,15.0,False
棘刺,perturb_120,69.8229971563,10.0,True
死芒,perturb_120,58.2015431171,26.0,False
泥岩,perturb_120,58.3620566688,25.0,False
浊心斯卡蒂,perturb_120,69.1426061618,12.0,False
温蒂,perturb_120,42.4541772613,35.0,False
焰狐龙梓兰,perturb_120,71.5319215916,8.0,True
煌,perturb_120,25.159211352,54.0,False
玛恩纳,perturb_120,69.7795058329,11.0,False
真言,perturb_120,54.3750863333,30.0,False
纯烬艾雅法拉,perturb_120,60.3904145483,23.0,False
结城理,perturb_120,65.2059020566,17.0,False
维什戴尔,perturb_120,91.9102409559,2.0,True
维娜·维多利亚,perturb_120,61.9415448132,20.0,False
缄默德克萨斯,perturb_120,34.5952141992,45.0,False
缇缇,perturb_120,33.7510364588,46.0,False
缪尔赛思,perturb_120,40.3487596341,41.0,False
能天使,perturb_120,68.1136327085,13.0,False
艾雅法拉,perturb_120,28.680278486,51.0,False
荒芜拉普兰德,perturb_120,62.5356311035,19.0,False
诗怀雅,perturb_120,31.6191383124,50.0,False
谬因,perturb_120,32.1986105055,49.0,False
贝洛内,perturb_120,42.2656195611,36.0,False
赤刃明霄陈,perturb_120,71.3370275341,9.0,True
逻各斯,perturb_120,65.8456845191,16.0,False
酒神,perturb_120,57.2780365754,27.0,False
重岳,perturb_120,56.191672149,29.0,False
铃兰,perturb_120,32.6931228745,48.0,False
银灰,perturb_120,49.3145926023,33.0,False
锏,perturb_120,33.1441982783,47.0,False
阿米娅,perturb_120,75.8713833405,6.0,True
陈,perturb_120,16.4054354838,59.0,False
霍尔海雅,perturb_120,19.9517956242,57.0,False
黍,perturb_120,41.4143470189,39.0,False
Mon3tr,perturb_121,58.9434873921,26.0,False
W,perturb_121,60.390625,24.0,False
予愿安洁莉娜,perturb_121,75.9189258776,6.0,True
令,perturb_121,62.0846052387,21.0,False
伊芙利特,perturb_121,22.2312641645,56.0,False
余,perturb_121,27.6478479537,52.0,False
佩佩,perturb_121,38.414388145,43.0,False
凛御银灰,perturb_121,76.6708379831,4.0,True
凯尔希,perturb_121,63.7733773269,18.0,False
凯尔希·思衡托,perturb_121,81.2640494391,3.0,True
史尔特尔,perturb_121,69.4232652822,12.0,False
司霆惊蛰,perturb_121,43.2365661085,37.0,False
塑心,perturb_121,40.0000395969,42.0,False
塞雷娅,perturb_121,75.1410341538,7.0,True
夕,perturb_121,23.9867003464,55.0,False
夜莺,perturb_121,14.3795081956,60.0,False
娜斯提,perturb_121,35.8459834331,45.0,False
年,perturb_121,16.5036965759,59.0,False
幽灵鲨,perturb_121,49.3607150435,33.0,False
归溟幽灵鲨,perturb_121,54.5620212421,31.0,False
德克萨斯,perturb_121,61.4190176115,23.0,False
怒潮凛冬,perturb_121,27.5752149687,53.0,False
拉普兰德,perturb_121,42.3433262643,38.0,False
斩业星熊,perturb_121,59.0800071549,25.0,False
斯卡蒂,perturb_121,44.8456073737,36.0,False
新约能天使,perturb_121,94.9272324264,1.0,True
望,perturb_121,66.2804976673,14.0,False
棘刺,perturb_121,64.6183036034,16.0,False
死芒,perturb_121,57.077077578,28.0,False
泥岩,perturb_121,58.7317291688,27.0,False
浊心斯卡蒂,perturb_121,71.7595922153,9.0,True
温蒂,perturb_121,45.2907524703,35.0,False
焰狐龙梓兰,perturb_121,71.3248362147,10.0,True
煌,perturb_121,29.6531003444,50.0,False
玛恩纳,perturb_121,68.9047167657,13.0,False
真言,perturb_121,53.4336133588,32.0,False
纯烬艾雅法拉,perturb_121,62.3937439811,20.0,False
结城理,perturb_121,64.2052445648,17.0,False
维什戴尔,perturb_121,92.6180930573,2.0,True
维娜·维多利亚,perturb_121,63.6825929611,19.0,False
缄默德克萨斯,perturb_121,35.8946950842,44.0,False
缇缇,perturb_121,31.7817109284,47.0,False
缪尔赛思,perturb_121,41.1354677718,40.0,False
能天使,perturb_121,70.693220945,11.0,False
艾雅法拉,perturb_121,26.8282254124,54.0,False
荒芜拉普兰德,perturb_121,61.6506880429,22.0,False
诗怀雅,perturb_121,29.0979841649,51.0,False
谬因,perturb_121,30.621135632,49.0,False
贝洛内,perturb_121,41.4499287941,39.0,False
赤刃明霄陈,perturb_121,71.9626348753,8.0,True
逻各斯,perturb_121,65.0945296824,15.0,False
酒神,perturb_121,55.2206393263,30.0,False
重岳,perturb_121,56.4274432825,29.0,False
铃兰,perturb_121,31.0741910613,48.0,False
银灰,perturb_121,46.6678359182,34.0,False
锏,perturb_121,32.7443860904,46.0,False
阿米娅,perturb_121,76.1469462023,5.0,True
陈,perturb_121,18.4148300308,58.0,False
霍尔海雅,perturb_121,18.492665667,57.0,False
黍,perturb_121,40.6632346406,41.0,False
Mon3tr,perturb_122,58.9932149541,26.0,False
W,perturb_122,60.390625,23.0,False
予愿安洁莉娜,perturb_122,73.8354584976,7.0,True
令,perturb_122,61.2031268332,21.0,False
伊芙利特,perturb_122,22.5963073535,56.0,False
余,perturb_122,26.3375723772,54.0,False
佩佩,perturb_122,40.7034222181,41.0,False
凛御银灰,perturb_122,77.3253884379,4.0,True
凯尔希,perturb_122,64.4148472474,18.0,False
凯尔希·思衡托,perturb_122,80.7779280526,3.0,True
史尔特尔,perturb_122,68.6034721942,13.0,False
司霆惊蛰,perturb_122,44.8702666156,35.0,False
塑心,perturb_122,41.8314756851,39.0,False
塞雷娅,perturb_122,75.2667191837,6.0,True
夕,perturb_122,23.4227339628,55.0,False
夜莺,perturb_122,14.7358867493,60.0,False
娜斯提,perturb_122,38.6132374198,43.0,False
年,perturb_122,16.2915564654,59.0,False
幽灵鲨,perturb_122,48.2420781103,33.0,False
归溟幽灵鲨,perturb_122,52.1955896774,32.0,False
德克萨斯,perturb_122,60.2220737977,24.0,False
怒潮凛冬,perturb_122,28.9478784051,52.0,False
拉普兰德,perturb_122,41.7025831786,40.0,False
斩业星熊,perturb_122,61.2567952876,20.0,False
斯卡蒂,perturb_122,44.3533681036,37.0,False
新约能天使,perturb_122,94.5877960082,1.0,True
望,perturb_122,67.7415874114,14.0,False
棘刺,perturb_122,65.4275384602,16.0,False
死芒,perturb_122,58.898463739,27.0,False
泥岩,perturb_122,58.6742518419,28.0,False
浊心斯卡蒂,perturb_122,71.3526986465,9.0,True
温蒂,perturb_122,44.8497167955,36.0,False
焰狐龙梓兰,perturb_122,71.6602688505,8.0,True
煌,perturb_122,28.9543826238,51.0,False
玛恩纳,perturb_122,69.0407304999,12.0,False
真言,perturb_122,54.9585919259,31.0,False
纯烬艾雅法拉,perturb_122,59.1487921549,25.0,False
结城理,perturb_122,65.8260889962,15.0,False
维什戴尔,perturb_122,92.5080349745,2.0,True
维娜·维多利亚,perturb_122,60.8624789675,22.0,False
缄默德克萨斯,perturb_122,33.7898226644,46.0,False
缇缇,perturb_122,34.9715839327,45.0,False
缪尔赛思,perturb_122,40.4661875338,42.0,False
能天使,perturb_122,70.2921420542,11.0,False
艾雅法拉,perturb_122,27.1161858636,53.0,False
荒芜拉普兰德,perturb_122,61.6291411789,19.0,False
诗怀雅,perturb_122,29.4899776214,50.0,False
谬因,perturb_122,33.1762969988,47.0,False
贝洛内,perturb_122,42.7711679276,38.0,False
赤刃明霄陈,perturb_122,70.9492889667,10.0,True
逻各斯,perturb_122,65.2113205502,17.0,False
酒神,perturb_122,58.5531690897,29.0,False
重岳,perturb_122,56.045546048,30.0,False
铃兰,perturb_122,31.3259054112,49.0,False
银灰,perturb_122,47.0793582767,34.0,False
锏,perturb_122,32.8065495886,48.0,False
阿米娅,perturb_122,76.1041012066,5.0,True
陈,perturb_122,18.1024058521,58.0,False
霍尔海雅,perturb_122,18.7195337448,57.0,False
黍,perturb_122,38.5677872401,44.0,False
Mon3tr,perturb_123,58.9535617962,26.0,False
W,perturb_123,60.390625,23.0,False
予愿安洁莉娜,perturb_123,75.4968321444,6.0,True
令,perturb_123,61.0603547548,22.0,False
伊芙利特,perturb_123,22.6554329935,56.0,False
余,perturb_123,27.3823966609,53.0,False
佩佩,perturb_123,38.8781280368,43.0,False
凛御银灰,perturb_123,76.8034446405,4.0,True
凯尔希,perturb_123,64.518745418,18.0,False
凯尔希·思衡托,perturb_123,83.5462606686,3.0,True
史尔特尔,perturb_123,68.4706912182,13.0,False
司霆惊蛰,perturb_123,43.5675406909,37.0,False
塑心,perturb_123,40.3710738176,42.0,False
塞雷娅,perturb_123,75.2870762484,7.0,True
夕,perturb_123,23.331388954,55.0,False
夜莺,perturb_123,14.7936089879,60.0,False
娜斯提,perturb_123,36.4066068329,44.0,False
年,perturb_123,16.2571963673,59.0,False
幽灵鲨,perturb_123,48.0608937285,33.0,False
归溟幽灵鲨,perturb_123,54.082601241,31.0,False
德克萨斯,perturb_123,60.0282061375,24.0,False
怒潮凛冬,perturb_123,27.8533055401,52.0,False
拉普兰德,perturb_123,41.5988027326,39.0,False
斩业星熊,perturb_123,59.521006922,25.0,False
斯卡蒂,perturb_123,44.2736406556,36.0,False
新约能天使,perturb_123,94.4653399299,1.0,True
望,perturb_123,66.5765026975,14.0,False
棘刺,perturb_123,65.5586093313,15.0,False
死芒,perturb_123,57.4460757643,28.0,False
泥岩,perturb_123,58.6649423031,27.0,False
浊心斯卡蒂,perturb_123,71.286794547,10.0,True
温蒂,perturb_123,44.778282737,35.0,False
焰狐龙梓兰,perturb_123,71.3927921687,9.0,True
煌,perturb_123,28.8412120905,51.0,False
玛恩纳,perturb_123,69.0627604934,12.0,False
真言,perturb_123,53.7425617506,32.0,False
纯烬艾雅法拉,perturb_123,61.7363428412,21.0,False
结城理,perturb_123,64.5336146097,17.0,False
维什戴尔,perturb_123,92.490208989,2.0,True
维娜·维多利亚,perturb_123,63.111260549,19.0,False
缄默德克萨斯,perturb_123,35.468264862,45.0,False
缇缇,perturb_123,32.427953542,47.0,False
缪尔赛思,perturb_123,40.9399670572,40.0,False
能天使,perturb_123,70.2271797516,11.0,False
艾雅法拉,perturb_123,27.1628264981,54.0,False
荒芜拉普兰德,perturb_123,62.5361110909,20.0,False
诗怀雅,perturb_123,29.5534683662,50.0,False
谬因,perturb_123,31.138790773,49.0,False
贝洛内,perturb_123,41.7176012154,38.0,False
赤刃明霄陈,perturb_123,71.7573391448,8.0,True
逻各斯,perturb_123,65.2302370374,16.0,False
酒神,perturb_123,55.8957830519,30.0,False
重岳,perturb_123,56.3500739745,29.0,False
铃兰,perturb_123,31.3666753049,48.0,False
银灰,perturb_123,47.1460120961,34.0,False
锏,perturb_123,32.8166181414,46.0,False
阿米娅,perturb_123,76.0971616502,5.0,True
陈,perturb_123,18.0518028548,58.0,False
霍尔海雅,perturb_123,18.7562793155,57.0,False
黍,perturb_123,40.5985966494,41.0,False
Mon3tr,perturb_124,59.0027702902,27.0,False
W,perturb_124,60.390625,23.0,False
予愿安洁莉娜,perturb_124,73.4351124878,7.0,True
令,perturb_124,63.3349729709,18.0,False
伊芙利特,perturb_124,21.7134542878,56.0,False
余,perturb_124,26.0857980496,54.0,False
佩佩,perturb_124,41.143268633,41.0,False
凛御银灰,perturb_124,77.4511627434,4.0,True
凯尔希,perturb_124,62.8634590751,20.0,False
凯尔希·思衡托,perturb_124,81.809925677,3.0,True
史尔特尔,perturb_124,70.5861330483,12.0,False
司霆惊蛰,perturb_124,45.1841882472,37.0,False
塑心,perturb_124,42.1833929444,40.0,False
塞雷娅,perturb_124,74.9627512772,6.0,True
夕,perturb_124,24.7866806563,55.0,False
夜莺,perturb_124,13.8739890118,60.0,False
娜斯提,perturb_124,39.1449755706,43.0,False
年,perturb_124,16.8046150639,59.0,False
幽灵鲨,perturb_124,50.947489622,33.0,False
归溟幽灵鲨,perturb_124,51.7408710466,32.0,False
德克萨斯,perturb_124,63.1168696663,19.0,False
怒潮凛冬,perturb_124,29.2116407922,51.0,False
拉普兰德,perturb_124,43.2522135088,38.0,False
斩业星熊,perturb_124,61.6750732274,22.0,False
斯卡蒂,perturb_124,45.5438435371,36.0,False
新约能天使,perturb_124,94.3221892575,1.0,True
望,perturb_124,68.0223412426,14.0,False
棘刺,perturb_124,63.4704125756,17.0,False
死芒,perturb_124,59.2484498674,25.0,False
泥岩,perturb_124,58.8132601449,28.0,False
浊心斯卡蒂,perturb_124,72.3367664101,8.0,True
温蒂,perturb_124,45.9163568789,35.0,False
焰狐龙梓兰,perturb_124,71.7247234797,9.0,True
煌,perturb_124,30.644223991,50.0,False
玛恩纳,perturb_124,68.711782732,13.0,False
真言,perturb_124,55.2516222322,31.0,False
纯烬艾雅法拉,perturb_124,58.5252625867,29.0,False
结城理,perturb_124,66.137540285,15.0,False
维什戴尔,perturb_124,92.7742092758,2.0,True
维娜·维多利亚,perturb_124,60.3205835698,24.0,False
缄默德克萨斯,perturb_124,33.3853635965,47.0,False
缇缇,perturb_124,35.5845299003,45.0,False
缪尔赛思,perturb_124,40.545240309,42.0,False
能天使,perturb_124,71.262147081,10.0,True
艾雅法拉,perturb_124,26.4197565786,53.0,False
荒芜拉普兰德,perturb_124,62.0511727345,21.0,False
诗怀雅,perturb_124,28.5419456208,52.0,False
谬因,perturb_124,33.6672807634,46.0,False
贝洛内,perturb_124,43.0250489436,39.0,False
赤刃明霄陈,perturb_124,70.7545707796,11.0,False
逻各斯,perturb_124,64.92886308,16.0,False
酒神,perturb_124,59.1935270844,26.0,False
重岳,perturb_124,55.9721630733,30.0,False
铃兰,perturb_124,30.7171369362,49.0,False
银灰,perturb_124,46.0840958345,34.0,False
锏,perturb_124,32.65620783,48.0,False
阿米娅,perturb_124,76.2077213726,5.0,True
陈,perturb_124,18.8580004016,57.0,False
霍尔海雅,perturb_124,18.1708557143,58.0,False
黍,perturb_124,37.2113259047,44.0,False
Mon3tr,perturb_125,59.0737898988,24.0,False
W,perturb_125,60.390625,23.0,False
予愿安洁莉娜,perturb_125,70.4595586496,9.0,True
令,perturb_125,55.5200204772,28.0,False
伊芙利特,perturb_125,24.9498298621,53.0,False
余,perturb_125,24.2144966036,55.0,False
佩佩,perturb_125,44.4124074675,37.0,False
凛御银灰,perturb_125,78.3859746522,4.0,True
凯尔希,perturb_125,68.5505603397,14.0,False
凯尔希·思衡托,perturb_125,80.3777458529,3.0,True
史尔特尔,perturb_125,63.3180661311,20.0,False
司霆惊蛰,perturb_125,47.5173967539,34.0,False
塑心,perturb_125,44.799002257,36.0,False
塞雷娅,perturb_125,76.0770412378,5.0,True
夕,perturb_125,19.7867050834,57.0,False
夜莺,perturb_125,17.03354624,58.0,False
娜斯提,perturb_125,43.0970956281,38.0,False
年,perturb_125,14.9238374116,60.0,False
幽灵鲨,perturb_125,41.0299528608,41.0,False
归溟幽灵鲨,perturb_125,48.361195131,33.0,False
德克萨斯,perturb_125,52.5050849826,31.0,False
怒潮凛冬,perturb_125,31.1720429545,50.0,False
拉普兰德,perturb_125,37.5715561672,44.0,False
斩业星熊,perturb_125,64.7839053337,18.0,False
斯卡蒂,perturb_125,41.1797814252,40.0,False
新约能天使,perturb_125,93.9701659034,1.0,True
望,perturb_125,70.109031554,10.0,True
棘刺,perturb_125,70.6448730314,8.0,True
死芒,perturb_125,61.8497061357,21.0,False
泥岩,perturb_125,58.3036814915,25.0,False
浊心斯卡蒂,perturb_125,68.7293565284,13.0,False
温蒂,perturb_125,42.0062521897,39.0,False
焰狐龙梓兰,perturb_125,72.2037796323,7.0,True
煌,perturb_125,24.449578996,54.0,False
玛恩纳,perturb_125,69.917644231,11.0,False
真言,perturb_125,57.4295568965,26.0,False
纯烬艾雅法拉,perturb_125,53.8909069189,30.0,False
结城理,perturb_125,68.4523880793,15.0,False
维什戴尔,perturb_125,91.7984636612,2.0,True
维娜·维多利亚,perturb_125,56.2929702275,27.0,False
缄默德克萨斯,perturb_125,30.379239638,51.0,False
缇缇,perturb_125,40.1402234294,42.0,False
缪尔赛思,perturb_125,38.9435228713,43.0,False
能天使,perturb_125,67.7062885838,16.0,False
艾雅法拉,perturb_125,28.9727371534,52.0,False
荒芜拉普兰德,perturb_125,61.7404452292,22.0,False
诗怀雅,perturb_125,32.0172550795,49.0,False
谬因,perturb_125,37.316495666,45.0,False
贝洛内,perturb_125,44.912008256,35.0,False
赤刃明霄陈,perturb_125,69.3073365505,12.0,False
逻各斯,perturb_125,65.9642997714,17.0,False
酒神,perturb_125,63.9529592808,19.0,False
重岳,perturb_125,55.4267473914,29.0,False
铃兰,perturb_125,32.9487692421,48.0,False
银灰,perturb_125,49.7325433315,32.0,False
锏,perturb_125,33.2073328295,47.0,False
阿米娅,perturb_125,75.8278690652,6.0,True
陈,perturb_125,16.0881309423,59.0,False
霍尔海雅,perturb_125,20.1822075973,56.0,False
黍,perturb_125,36.8527588386,46.0,False
Mon3tr,perturb_126,59.0216207176,25.0,False
W,perturb_126,60.390625,22.0,False
予愿安洁莉娜,perturb_126,72.6453241074,7.0,True
令,perturb_126,56.7288600673,28.0,False
伊芙利特,perturb_126,24.4492178717,55.0,False
余,perturb_126,25.5891066037,53.0,False
佩佩,perturb_126,42.0109820087,39.0,False
凛御银灰,perturb_126,77.6992858236,4.0,True
凯尔希,perturb_126,67.670862969,15.0,False
凯尔希·思衡托,perturb_126,81.68849668,3.0,True
史尔特尔,perturb_126,64.442311869,18.0,False
司霆惊蛰,perturb_126,45.8034816856,34.0,False
塑心,perturb_126,42.8776428068,36.0,False
塞雷娅,perturb_126,75.9046796246,5.0,True
夕,perturb_126,20.5601158529,56.0,False
夜莺,perturb_126,16.5448167349,58.0,False
娜斯提,perturb_126,40.1939696971,41.0,False
年,perturb_126,15.2147615711,60.0,False
幽灵鲨,perturb_126,42.564026303,38.0,False
归溟幽灵鲨,perturb_126,50.8438182918,32.0,False
德克萨斯,perturb_126,54.1465467134,31.0,False
怒潮凛冬,perturb_126,29.7319818557,51.0,False
拉普兰德,perturb_126,38.4502567732,44.0,False
斩业星熊,perturb_126,62.5002370818,19.0,False
斯卡蒂,perturb_126,41.8548272503,40.0,False
新约能天使,perturb_126,94.1775092938,1.0,True
望,perturb_126,68.5762024231,13.0,False
棘刺,perturb_126,69.5351066133,11.0,False
死芒,perturb_126,59.9388900633,23.0,False
泥岩,perturb_126,58.3825046002,26.0,False
浊心斯卡蒂,perturb_126,69.287361185,12.0,False
温蒂,perturb_126,42.6110785599,37.0,False
焰狐龙梓兰,perturb_126,71.8518772815,8.0,True
煌,perturb_126,25.4077847078,54.0,False
玛恩纳,perturb_126,69.7311180658,10.0,True
真言,perturb_126,55.8297020065,29.0,False
纯烬艾雅法拉,perturb_126,57.2951856141,27.0,False
结城理,perturb_126,66.751960319,16.0,False
维什戴尔,perturb_126,91.9493948319,2.0,True
维娜·维多利亚,perturb_126,59.2515515873,24.0,False
缄默德克萨斯,perturb_126,32.5874611213,49.0,False
缇缇,perturb_126,36.7937279218,45.0,False
缪尔赛思,perturb_126,39.7326593211,42.0,False
能天使,perturb_126,68.2563191223,14.0,False
艾雅法拉,perturb_126,28.57783469,52.0,False
荒芜拉普兰德,perturb_126,62.0686423576,20.0,False
诗怀雅,perturb_126,31.4796841007,50.0,False
谬因,perturb_126,34.6358760853,46.0,False
贝洛内,perturb_126,43.5258963892,35.0,False
赤刃明霄陈,perturb_126,70.3704376602,9.0,True
逻各斯,perturb_126,65.8041354113,17.0,False
酒神,perturb_126,60.4568025788,21.0,False
重岳,perturb_126,55.8273957488,30.0,False
铃兰,perturb_126,32.6035738638,48.0,False
银灰,perturb_126,49.1681908572,33.0,False
锏,perturb_126,33.1220832111,47.0,False
阿米娅,perturb_126,75.8866257253,6.0,True
陈,perturb_126,16.5165824094,59.0,False
霍尔海雅,perturb_126,19.8710858358,57.0,False
黍,perturb_126,38.9222247291,43.0,False
Mon3tr,perturb_127,58.9673925958,26.0,False
W,perturb_127,60.390625,23.0,False
予愿安洁莉娜,perturb_127,74.9173543131,7.0,True
令,perturb_127,60.7931007114,22.0,False
伊芙利特,perturb_127,22.7661098605,56.0,False
余,perturb_127,27.0179677974,54.0,False
佩佩,perturb_127,39.5147804333,43.0,False
凛御银灰,perturb_127,76.9854957163,4.0,True
凯尔希,perturb_127,64.7132316685,18.0,False
凯尔希·思衡托,perturb_127,80.7801857746,3.0,True
史尔特尔,perturb_127,68.2221394487,13.0,False
司霆惊蛰,perturb_127,44.0219242036,37.0,False
塑心,perturb_127,40.8804538169,40.0,False
塞雷娅,perturb_127,75.3251824938,6.0,True
夕,perturb_127,23.1604008783,55.0,False
夜莺,perturb_127,14.9016588379,60.0,False
娜斯提,perturb_127,37.1762672338,44.0,False
年,perturb_127,16.1928779427,59.0,False
幽灵鲨,perturb_127,47.7217359663,33.0,False
归溟幽灵鲨,perturb_127,53.4244221669,32.0,False
德克萨斯,perturb_127,59.665306636,25.0,False
怒潮凛冬,perturb_127,28.2350864304,52.0,False
拉普兰德,perturb_127,41.40453685,39.0,False
斩业星熊,perturb_127,60.1264401908,24.0,False
斯卡蒂,perturb_127,44.12439941,36.0,False
新约能天使,perturb_127,94.8057415843,1.0,True
望,perturb_127,66.9828777261,14.0,False
棘刺,perturb_127,65.8039599675,15.0,False
死芒,perturb_127,57.9526605626,28.0,False
泥岩,perturb_127,58.6475158433,27.0,False
浊心斯卡蒂,perturb_127,71.1634291295,10.0,True
温蒂,perturb_127,44.6445658284,35.0,False
焰狐龙梓兰,perturb_127,71.4860865386,8.0,True
煌,perturb_127,28.6293689701,51.0,False
玛恩纳,perturb_127,69.1039982823,12.0,False
真言,perturb_127,54.1667062711,31.0,False
纯烬艾雅法拉,perturb_127,60.8338196412,21.0,False
结城理,perturb_127,64.9844224433,17.0,False
维什戴尔,perturb_127,92.456840653,2.0,True
维娜·维多利亚,perturb_127,62.3268981171,19.0,False
缄默德克萨斯,perturb_127,34.8828336157,45.0,False
缇缇,perturb_127,33.3151575886,46.0,False
缪尔赛思,perturb_127,40.7477843597,41.0,False
能天使,perturb_127,70.1055772772,11.0,False
艾雅法拉,perturb_127,27.2501327718,53.0,False
荒芜拉普兰德,perturb_127,61.5466849053,20.0,False
诗怀雅,perturb_127,29.6723162422,50.0,False
谬因,perturb_127,31.8494615431,48.0,False
贝洛内,perturb_127,42.0850793891,38.0,False
赤刃明霄陈,perturb_127,71.4754957644,9.0,True
逻各斯,perturb_127,65.2656466758,16.0,False
酒神,perturb_127,56.8226644317,29.0,False
重岳,perturb_127,56.2438563378,30.0,False
铃兰,perturb_127,31.4429921805,49.0,False
银灰,perturb_127,47.2707809091,34.0,False
锏,perturb_127,32.8354653941,47.0,False
阿米娅,perturb_127,76.0841715437,5.0,True
陈,perturb_127,17.9570794623,58.0,False
霍尔海雅,perturb_127,18.8250630891,57.0,False
黍,perturb_127,40.0121330196,42.0,False
Mon3tr,perturb_128,58.9587772162,24.0,False
W,perturb_128,60.390625,22.0,False
予愿安洁莉娜,perturb_128,75.278318368,7.0,True
令,perturb_128,58.3069735252,26.0,False
伊芙利特,perturb_128,23.7956799451,55.0,False
余,perturb_128,27.244975136,53.0,False
佩佩,perturb_128,39.1182016201,43.0,False
凛御银灰,perturb_128,76.8720938035,4.0,True
凯尔希,perturb_128,66.5224374284,15.0,False
凯尔希·思衡托,perturb_128,81.3441537199,3.0,True
史尔特尔,perturb_128,65.9099899162,16.0,False
司霆惊蛰,perturb_128,43.7388829786,35.0,False
塑心,perturb_128,40.5631545862,41.0,False
塞雷娅,perturb_128,75.6796653351,6.0,True
夕,perturb_128,21.5697865768,56.0,False
夜莺,perturb_128,15.9067911311,59.0,False
娜斯提,perturb_128,36.696836056,44.0,False
年,perturb_128,15.5945566533,60.0,False
幽灵鲨,perturb_128,44.566725391,34.0,False
归溟幽灵鲨,perturb_128,53.8344102193,32.0,False
德克萨斯,perturb_128,56.2894388469,29.0,False
怒潮凛冬,perturb_128,27.9972702953,52.0,False
拉普兰德,perturb_128,39.5973810593,42.0,False
斩业星熊,perturb_128,59.7493081663,23.0,False
斯卡蒂,perturb_128,42.7360847059,37.0,False
新约能天使,perturb_128,94.7842092549,1.0,True
望,perturb_128,66.7297415918,14.0,False
棘刺,perturb_128,68.0863309992,13.0,False
死芒,perturb_128,57.6371024979,27.0,False
泥岩,perturb_128,58.4854064325,25.0,False
浊心斯卡蒂,perturb_128,70.0158239731,10.0,True
温蒂,perturb_128,43.4006660637,36.0,False
焰狐龙梓兰,perturb_128,71.4279722981,9.0,True
煌,perturb_128,26.6587011582,54.0,False
玛恩纳,perturb_128,69.4876122657,11.0,False
真言,perturb_128,53.902501296,31.0,False
纯烬艾雅法拉,perturb_128,61.3960127335,21.0,False
结城理,perturb_128,64.703608554,18.0,False
维什戴尔,perturb_128,92.1464321507,2.0,True
维娜·维多利亚,perturb_128,62.8154873756,19.0,False
缄默德克萨斯,perturb_128,35.247506128,45.0,False
缇缇,perturb_128,32.7625069903,47.0,False
缪尔赛思,perturb_128,40.6865680319,40.0,False
能天使,perturb_128,68.9743718748,12.0,False
艾雅法拉,perturb_128,28.0622982224,51.0,False
荒芜拉普兰德,perturb_128,61.7301510336,20.0,False
诗怀雅,perturb_128,30.7778970289,50.0,False
谬因,perturb_128,31.4067757508,49.0,False
贝洛内,perturb_128,41.8561725967,38.0,False
赤刃明霄陈,perturb_128,71.6510595633,8.0,True
逻各斯,perturb_128,65.595044367,17.0,False
酒神,perturb_128,56.2452983217,30.0,False
重岳,perturb_128,56.3100206443,28.0,False
铃兰,perturb_128,32.1529289011,48.0,False
银灰,perturb_128,48.4314411328,33.0,False
锏,perturb_128,33.0107917119,46.0,False
阿米娅,perturb_128,75.9633312509,5.0,True
陈,perturb_128,17.0759163624,58.0,False
霍尔海雅,perturb_128,19.4649232292,57.0,False
黍,perturb_128,41.475857633,39.0,False
Mon3tr,perturb_129,59.0244780046,25.0,False
W,perturb_129,60.390625,22.0,False
予愿安洁莉娜,perturb_129,72.5256105318,7.0,True
令,perturb_129,56.6601270716,28.0,False
伊芙利特,perturb_129,24.4776819972,55.0,False
余,perturb_129,25.5138197161,53.0,False
佩佩,perturb_129,42.1425072038,39.0,False
凛御银灰,perturb_129,77.7368955198,4.0,True
凯尔希,perturb_129,67.7208813801,15.0,False
凯尔希·思衡托,perturb_129,82.0646031643,3.0,True
史尔特尔,perturb_129,64.3783887661,18.0,False
司霆惊蛰,perturb_129,45.8973521878,34.0,False
塑心,perturb_129,42.982874962,36.0,False
塞雷娅,perturb_129,75.9144798744,5.0,True
夕,perturb_129,20.5161407552,56.0,False
夜莺,perturb_129,16.5726052382,58.0,False
娜斯提,perturb_129,40.3529728438,41.0,False
年,perturb_129,15.1982200141,60.0,False
幽灵鲨,perturb_129,42.4768009472,38.0,False
归溟幽灵鲨,perturb_129,50.7078459282,32.0,False
德克萨斯,perturb_129,54.0532154038,31.0,False
怒潮凛冬,perturb_129,29.810853476,51.0,False
拉普兰德,perturb_129,38.4002950368,44.0,False
斩业星熊,perturb_129,62.6253127577,19.0,False
斯卡蒂,perturb_129,41.8164450512,40.0,False
新约能天使,perturb_129,94.0827687456,1.0,True
望,perturb_129,68.6601549146,13.0,False
棘刺,perturb_129,69.5982064415,11.0,False
死芒,perturb_129,60.0435447616,23.0,False
泥岩,perturb_129,58.3780228241,26.0,False
浊心斯卡蒂,perturb_129,69.2556337896,12.0,False
温蒂,perturb_129,42.5766889447,37.0,False
焰狐龙梓兰,perturb_129,71.8711508447,8.0,True
煌,perturb_129,25.3533024178,54.0,False
玛恩纳,perturb_129,69.741723693,10.0,True
真言,perturb_129,55.9173254743,29.0,False
纯烬艾雅法拉,perturb_129,57.1087345136,27.0,False
结城理,perturb_129,66.8450921262,16.0,False
维什戴尔,perturb_129,91.9408130882,2.0,True
维娜·维多利亚,perturb_129,59.0895111671,24.0,False
缄默德克萨斯,perturb_129,32.4665176374,49.0,False
缇缇,perturb_129,36.9770142582,45.0,False
缪尔赛思,perturb_129,39.6893711894,42.0,False
能天使,perturb_129,68.2250451245,14.0,False
艾雅法拉,perturb_129,28.6002883137,52.0,False
荒芜拉普兰德,perturb_129,62.2216642532,20.0,False
诗怀雅,perturb_129,31.5102496646,50.0,False
谬因,perturb_129,34.7826926404,46.0,False
贝洛内,perturb_129,43.6018132298,35.0,False
赤刃明霄陈,perturb_129,70.3122120008,9.0,True
逻各斯,perturb_129,65.8132421417,17.0,False
酒神,perturb_129,60.6482858042,21.0,False
重岳,perturb_129,55.8054523846,30.0,False
铃兰,perturb_129,32.6232012095,48.0,False
银灰,perturb_129,49.200279181,33.0,False
锏,perturb_129,33.1269303899,47.0,False
阿米娅,perturb_129,75.8832849005,6.0,True
陈,perturb_129,16.4922212344,59.0,False
霍尔海雅,perturb_129,19.8887758013,57.0,False
黍,perturb_129,38.8079407236,43.0,False
Mon3tr,perturb_130,58.9281871334,25.0,False
W,perturb_130,60.390625,24.0,False
予愿安洁莉娜,perturb_130,76.5599705762,4.0,True
令,perturb_130,63.4595323982,18.0,False
伊芙利特,perturb_130,21.6618709814,56.0,False
余,perturb_130,28.050995716,52.0,False
佩佩,perturb_130,37.7100943453,43.0,False
凛御银灰,perturb_130,76.4694448136,5.0,True
凯尔希,perturb_130,62.7728146243,22.0,False
凯尔希·思衡托,perturb_130,82.0495946602,3.0,True
史尔特尔,perturb_130,70.7019758834,12.0,False
司霆惊蛰,perturb_130,42.7339064272,38.0,False
塑心,perturb_130,39.4365403041,42.0,False
塞雷娅,perturb_130,74.9449910516,7.0,True
夕,perturb_130,24.8663732833,55.0,False
夜莺,perturb_130,13.8236300826,60.0,False
娜斯提,perturb_130,34.9945501374,45.0,False
年,perturb_130,16.8345920327,59.0,False
幽灵鲨,perturb_130,51.1055613058,33.0,False
归溟幽灵鲨,perturb_130,55.2901288303,30.0,False
德克萨斯,perturb_130,63.2860066923,21.0,False
怒潮凛冬,perturb_130,27.1528716062,53.0,False
拉普兰德,perturb_130,43.3427552524,37.0,False
斩业星熊,perturb_130,58.4102493723,27.0,False
斯卡蒂,perturb_130,45.6134005917,36.0,False
新约能天使,perturb_130,94.9319559901,1.0,True
望,perturb_130,65.8309471518,14.0,False
棘刺,perturb_130,63.3560616968,20.0,False
死芒,perturb_130,56.5166704635,29.0,False
泥岩,perturb_130,58.8213821169,26.0,False
浊心斯卡蒂,perturb_130,72.394263485,8.0,True
温蒂,perturb_130,45.9786784862,35.0,False
焰狐龙梓兰,perturb_130,71.221629745,11.0,False
煌,perturb_130,30.74295798,48.0,False
玛恩纳,perturb_130,68.692562984,13.0,False
真言,perturb_130,52.9644054243,32.0,False
纯烬艾雅法拉,perturb_130,63.3921561402,19.0,False
结城理,perturb_130,63.7065404623,17.0,False
维什戴尔,perturb_130,92.789761298,2.0,True
维娜·维多利亚,perturb_130,64.5502903114,16.0,False
缄默德克萨斯,perturb_130,36.5423257209,44.0,False
缇缇,perturb_130,30.8002455126,47.0,False
缪尔赛思,perturb_130,41.4135281621,39.0,False
能天使,perturb_130,71.3188224988,10.0,True
艾雅法拉,perturb_130,26.379065634,54.0,False
荒芜拉普兰德,perturb_130,61.8929902495,23.0,False
诗怀雅,perturb_130,28.4865540421,51.0,False
谬因,perturb_130,29.8349593453,50.0,False
贝洛内,perturb_130,41.0434077465,40.0,False
赤刃明霄陈,perturb_130,72.2744228249,9.0,True
逻各斯,perturb_130,64.9123596653,15.0,False
酒神,perturb_130,54.1952810422,31.0,False
重岳,perturb_130,56.5449460569,28.0,False
铃兰,perturb_130,30.6815678342,49.0,False
银灰,perturb_130,46.0259446773,34.0,False
锏,perturb_130,32.6474236673,46.0,False
阿米娅,perturb_130,76.2137756878,6.0,True
陈,perturb_130,18.902148252,57.0,False
霍尔海雅,perturb_130,18.1387975746,58.0,False
黍,perturb_130,40.819049037,41.0,False
Mon3tr,perturb_131,58.9740137282,26.0,False
W,perturb_131,60.390625,25.0,False
予愿安洁莉娜,perturb_131,74.6399445072,7.0,True
令,perturb_131,62.6744538837,19.0,False
伊芙利特,perturb_131,21.9869924624,56.0,False
余,perturb_131,26.8435070418,53.0,False
佩佩,perturb_131,39.819561062,42.0,False
凛御银灰,perturb_131,77.0726478918,4.0,True
凯尔希,perturb_131,63.3441323663,18.0,False
凯尔希·思衡托,perturb_131,81.4786782981,3.0,True
史尔特尔,perturb_131,69.9718366812,12.0,False
司霆惊蛰,perturb_131,44.2394483871,37.0,False
塑心,perturb_131,41.1243061251,40.0,False
塞雷娅,perturb_131,75.0569309652,6.0,True
夕,perturb_131,24.3640831672,55.0,False
夜莺,perturb_131,14.1410345067,60.0,False
娜斯提,perturb_131,37.5447219544,44.0,False
年,perturb_131,16.6456519046,59.0,False
幽灵鲨,perturb_131,50.1092603002,33.0,False
归溟幽灵鲨,perturb_131,53.1093362062,32.0,False
德克萨斯,perturb_131,62.219962572,20.0,False
怒潮凛冬,perturb_131,28.4178540135,52.0,False
拉普兰德,perturb_131,42.7720848573,38.0,False
斩业星熊,perturb_131,60.4162754814,23.0,False
斯卡蒂,perturb_131,45.1749933969,36.0,False
新约能天使,perturb_131,94.6308474313,1.0,True
望,perturb_131,67.1774191076,14.0,False
棘刺,perturb_131,64.076797333,17.0,False
死芒,perturb_131,58.1951747417,28.0,False
泥岩,perturb_131,58.7701906026,27.0,False
浊心斯卡蒂,perturb_131,72.0318684489,8.0,True
温蒂,perturb_131,45.5858751796,35.0,False
焰狐龙梓兰,perturb_131,71.5307487701,9.0,True
煌,perturb_131,30.120653149,50.0,False
玛恩纳,perturb_131,68.8137020383,13.0,False
真言,perturb_131,54.3697543305,31.0,False
纯烬艾雅法拉,perturb_131,60.4017603419,24.0,False
结城理,perturb_131,65.2002348642,15.0,False
维什戴尔,perturb_131,92.6917393435,2.0,True
维娜·维多利亚,perturb_131,61.9514051849,21.0,False
缄默德克萨斯,perturb_131,34.6025737685,45.0,False
缇缇,perturb_131,33.7398832453,46.0,False
缪尔赛思,perturb_131,40.8121474689,41.0,False
能天使,perturb_131,70.9616062382,11.0,False
艾雅法拉,perturb_131,26.6355342689,54.0,False
荒芜拉普兰德,perturb_131,61.8304696235,22.0,False
诗怀雅,perturb_131,28.8356784661,51.0,False
谬因,perturb_131,32.1896765259,48.0,False
贝洛内,perturb_131,42.2609999219,39.0,False
赤刃明霄陈,perturb_131,71.3405706417,10.0,True
逻各斯,perturb_131,65.0163780967,16.0,False
酒神,perturb_131,57.2663845705,29.0,False
重岳,perturb_131,56.1930074314,30.0,False
铃兰,perturb_131,30.9057542995,49.0,False
银灰,perturb_131,46.3924622913,34.0,False
锏,perturb_131,32.7027888657,47.0,False
阿米娅,perturb_131,76.1756162895,5.0,True
陈,perturb_131,18.6238912821,57.0,False
霍尔海雅,perturb_131,18.3408549959,58.0,False
黍,perturb_131,38.869898043,43.0,False
Mon3tr,perturb_132,58.9224465498,25.0,False
W,perturb_132,60.390625,24.0,False
予愿安洁莉娜,perturb_132,76.8004874669,4.0,True
令,perturb_132,64.4868029038,18.0,False
伊芙利特,perturb_132,21.2364514827,56.0,False
余,perturb_132,28.2022548193,51.0,False
佩佩,perturb_132,37.4458466958,43.0,False
凛御银灰,perturb_132,76.3938830642,5.0,True
凯尔希,perturb_132,62.0252488014,22.0,False
凯尔希·思衡托,perturb_132,81.601196079,3.0,True
史尔特尔,perturb_132,71.6573586299,11.0,False
司霆惊蛰,perturb_132,42.5453109301,38.0,False
塑心,perturb_132,39.2251180771,42.0,False
塞雷娅,perturb_132,74.7985183491,7.0,True
夕,perturb_132,25.5236168736,55.0,False
夜莺,perturb_132,13.4083083063,60.0,False
娜斯提,perturb_132,34.675096456,45.0,False
年,perturb_132,17.0818190519,59.0,False
幽灵鲨,perturb_132,52.4092151682,33.0,False
归溟幽灵鲨,perturb_132,55.5633112988,30.0,False
德克萨斯,perturb_132,64.680919,17.0,False
怒潮凛冬,perturb_132,26.994410406,53.0,False
拉普兰德,perturb_132,44.0894740257,37.0,False
斩业星熊,perturb_132,58.1589594705,27.0,False
斯卡蒂,perturb_132,46.1870537644,35.0,False
新约能天使,perturb_132,95.0515450653,1.0,True
望,perturb_132,65.6622779585,14.0,False
棘刺,perturb_132,62.4129834598,21.0,False
死芒,perturb_132,56.3064084069,29.0,False
泥岩,perturb_132,58.8883659049,26.0,False
浊心斯卡蒂,perturb_132,72.8684552061,8.0,True
温蒂,perturb_132,46.4926592461,34.0,False
焰狐龙梓兰,perturb_132,71.1829071735,12.0,False
煌,perturb_132,31.5572401015,47.0,False
玛恩纳,perturb_132,68.5340532614,13.0,False
真言,perturb_132,52.7883608618,32.0,False
纯烬艾雅法拉,perturb_132,63.7667555849,19.0,False
结城理,perturb_132,63.5194290793,20.0,False
维什戴尔,perturb_132,92.9180224348,2.0,True
维娜·维多利亚,perturb_132,64.8758461879,15.0,False
缄默德克萨斯,perturb_132,36.7853136239,44.0,False
缇缇,perturb_132,30.4320044045,48.0,False
缪尔赛思,perturb_132,41.5482621431,39.0,False
能天使,perturb_132,71.7862378234,10.0,True
艾雅法拉,perturb_132,26.0434779708,54.0,False
荒芜拉普兰德,perturb_132,61.7080228865,23.0,False
诗怀雅,perturb_132,28.0297268371,52.0,False
谬因,perturb_132,29.5399897801,50.0,False
贝洛内,perturb_132,40.8908830027,40.0,False
赤刃明霄陈,perturb_132,72.3914041654,9.0,True
逻各斯,perturb_132,64.7762521747,16.0,False
酒神,perturb_132,53.8105715409,31.0,False
重岳,perturb_132,56.5890325332,28.0,False
铃兰,perturb_132,30.3882211953,49.0,False
银灰,perturb_132,45.5463585879,36.0,False
锏,perturb_132,32.5749786387,46.0,False
阿米娅,perturb_132,76.2637070306,6.0,True
陈,perturb_132,19.2662458204,57.0,False
霍尔海雅,perturb_132,17.8744066563,58.0,False
黍,perturb_132,40.6206894387,41.0,False
Mon3tr,perturb_133,58.9601286526,25.0,False
W,perturb_133,60.390625,22.0,False
予愿安洁莉娜,perturb_133,75.2216963722,7.0,True
令,perturb_133,59.8558552967,23.0,False
伊芙利特,perturb_133,23.154247622,55.0,False
余,perturb_133,27.2093660264,54.0,False
佩佩,perturb_133,39.1804102628,43.0,False
凛御银灰,perturb_133,76.8898823964,4.0,True
凯尔希,perturb_133,65.3952843857,16.0,False
凯尔希·思衡托,perturb_133,81.8683105214,3.0,True
史尔特尔,perturb_133,67.3504818925,13.0,False
司霆惊蛰,perturb_133,43.7832817459,36.0,False
塑心,perturb_133,40.6129271757,42.0,False
塞雷娅,perturb_133,75.4588190267,6.0,True
夕,perturb_133,22.5607549837,56.0,False
夜莺,perturb_133,15.2805837932,60.0,False
娜斯提,perturb_133,36.7720411901,44.0,False
年,perturb_133,15.9673167212,59.0,False
幽灵鲨,perturb_133,46.5323281149,34.0,False
归溟幽灵鲨,perturb_133,53.7700981597,32.0,False
德克萨斯,perturb_133,58.3926377945,27.0,False
怒潮凛冬,perturb_133,28.0345749078,51.0,False
拉普兰德,perturb_133,40.723256951,41.0,False
斩业星熊,perturb_133,59.8084663224,24.0,False
斯卡蒂,perturb_133,43.6010184672,37.0,False
新约能天使,perturb_133,94.6852612105,1.0,True
望,perturb_133,66.7694493492,14.0,False
棘刺,perturb_133,66.6643913227,15.0,False
死芒,perturb_133,57.6866019624,28.0,False
泥岩,perturb_133,58.5864021952,26.0,False
浊心斯卡蒂,perturb_133,70.7307933108,10.0,True
温蒂,perturb_133,44.1756278926,35.0,False
焰狐龙梓兰,perturb_133,71.4370882869,9.0,True
煌,perturb_133,27.8864466527,52.0,False
玛恩纳,perturb_133,69.2486169683,12.0,False
真言,perturb_133,53.9439453478,31.0,False
纯烬艾雅法拉,perturb_133,61.3078252963,21.0,False
结城理,perturb_133,64.7476579341,18.0,False
维什戴尔,perturb_133,92.3398197109,2.0,True
维娜·维多利亚,perturb_133,62.7388456752,19.0,False
缄默德克萨斯,perturb_133,35.1903024114,45.0,False
缇缇,perturb_133,32.8491975609,47.0,False
缪尔赛思,perturb_133,40.7731443175,40.0,False
能天使,perturb_133,69.6791240038,11.0,False
艾雅法拉,perturb_133,27.5563111318,53.0,False
荒芜拉普兰德,perturb_133,61.9307842557,20.0,False
诗怀雅,perturb_133,30.0891092882,50.0,False
谬因,perturb_133,31.4762168842,49.0,False
贝洛内,perturb_133,41.8920796608,38.0,False
赤刃明霄陈,perturb_133,71.6235200547,8.0,True
逻各斯,perturb_133,65.3898263547,17.0,False
酒神,perturb_133,56.3358658479,29.0,False
重岳,perturb_133,56.2996418959,30.0,False
铃兰,perturb_133,31.7106313181,48.0,False
银灰,perturb_133,47.7083383594,33.0,False
锏,perturb_133,32.9015616857,46.0,False
阿米娅,perturb_133,76.0386159459,5.0,True
陈,perturb_133,17.6248896695,58.0,False
霍尔海雅,perturb_133,19.0662840474,57.0,False
黍,perturb_133,40.7740509494,39.0,False
Mon3tr,perturb_134,58.9851308272,26.0,False
W,perturb_134,60.390625,23.0,False
予愿安洁莉娜,perturb_134,74.1741643176,7.0,True
令,perturb_134,61.2486257857,21.0,False
伊芙利特,perturb_134,22.5774650511,56.0,False
余,perturb_134,26.5505816942,54.0,False
佩佩,perturb_134,40.3312977634,42.0,False
凛御银灰,perturb_134,77.2189792612,4.0,True
凯尔希,perturb_134,64.3817367261,18.0,False
凯尔希·思衡托,perturb_134,82.6638824676,3.0,True
史尔特尔,perturb_134,68.645787158,13.0,False
司霆惊蛰,perturb_134,44.6046786467,36.0,False
塑心,perturb_134,41.5337421722,40.0,False
塞雷娅,perturb_134,75.2602317449,6.0,True
夕,perturb_134,23.451844012,55.0,False
夜莺,perturb_134,14.7174916862,60.0,False
娜斯提,perturb_134,38.1633695507,44.0,False
年,perturb_134,16.3025064249,59.0,False
幽灵鲨,perturb_134,48.2998183889,33.0,False
归溟幽灵鲨,perturb_134,52.5802965133,32.0,False
德克萨斯,perturb_134,60.2838560143,24.0,False
怒潮凛冬,perturb_134,28.7247267977,52.0,False
拉普兰德,perturb_134,41.735656183,39.0,False
斩业星熊,perturb_134,60.9029184684,22.0,False
斯卡蒂,perturb_134,44.3787758402,37.0,False
新约能天使,perturb_134,94.3289711298,1.0,True
望,perturb_134,67.5040604865,14.0,False
棘刺,perturb_134,65.3857684769,16.0,False
死芒,perturb_134,58.6023640261,28.0,False
泥岩,perturb_134,58.6772186283,27.0,False
浊心斯卡蒂,perturb_134,71.3737011249,9.0,True
温蒂,perturb_134,44.8724815746,35.0,False
焰狐龙梓兰,perturb_134,71.6057381259,8.0,True
煌,perturb_134,28.990448084,51.0,False
玛恩纳,perturb_134,69.0337099281,12.0,False
真言,perturb_134,54.7106787016,31.0,False
纯烬艾雅法拉,perturb_134,59.6763185657,25.0,False
结城理,perturb_134,65.5625910181,15.0,False
维什戴尔,perturb_134,92.5137158028,2.0,True
维娜·维多利亚,perturb_134,61.3209401999,20.0,False
缄默德克萨斯,perturb_134,34.132008266,46.0,False
缇缇,perturb_134,34.4530115942,45.0,False
缪尔赛思,perturb_134,40.5663109328,41.0,False
能天使,perturb_134,70.3128443984,11.0,False
艾雅法拉,perturb_134,27.101322313,53.0,False
荒芜拉普兰德,perturb_134,62.3139481615,19.0,False
诗怀雅,perturb_134,29.4697442367,50.0,False
谬因,perturb_134,32.7609086735,48.0,False
贝洛内,perturb_134,42.5563762835,38.0,False
赤刃明霄陈,perturb_134,71.1140269224,10.0,True
逻各斯,perturb_134,65.2052921982,17.0,False
酒神,perturb_134,58.0114052796,29.0,False
重岳,perturb_134,56.107630445,30.0,False
铃兰,perturb_134,31.3129127625,49.0,False
银灰,perturb_134,47.0581168758,34.0,False
锏,perturb_134,32.8033409178,47.0,False
阿米娅,perturb_134,76.1063127213,5.0,True
陈,perturb_134,18.1185321381,58.0,False
霍尔海雅,perturb_134,18.7078235772,57.0,False
黍,perturb_134,38.9413002158,43.0,False
Mon3tr,perturb_135,59.0379649578,25.0,False
W,perturb_135,60.390625,23.0,False
予愿安洁莉娜,perturb_135,71.960539052,8.0,True
令,perturb_135,59.0551627243,24.0,False
伊芙利特,perturb_135,23.4858352915,55.0,False
余,perturb_135,25.1584508891,54.0,False
佩佩,perturb_135,42.7633318365,40.0,False
凛御银灰,perturb_135,77.9144206386,4.0,True
凯尔希,perturb_135,65.977964798,17.0,False
凯尔希·思衡托,perturb_135,80.1736100542,3.0,True
史尔特尔,perturb_135,66.6058212946,16.0,False
司霆惊蛰,perturb_135,46.3404393088,34.0,False
塑心,perturb_135,43.4795913063,38.0,False
塞雷娅,perturb_135,75.5729852607,6.0,True
夕,perturb_135,22.0484750553,56.0,False
夜莺,perturb_135,15.6043009248,60.0,False
娜斯提,perturb_135,41.1034987796,41.0,False
年,perturb_135,15.7746188516,59.0,False
幽灵鲨,perturb_135,45.5162121464,35.0,False
归溟幽灵鲨,perturb_135,50.0660297909,32.0,False
德克萨斯,perturb_135,57.3053916233,28.0,False
怒潮凛冬,perturb_135,30.1831429424,51.0,False
拉普兰德,perturb_135,40.1412367603,42.0,False
斩业星熊,perturb_135,63.2156943989,19.0,False
斯卡蒂,perturb_135,43.1538919976,39.0,False
新约能天使,perturb_135,94.3174690508,1.0,True
望,perturb_135,69.0564270865,13.0,False
棘刺,perturb_135,67.3994613315,14.0,False
死芒,perturb_135,60.5375353962,22.0,False
泥岩,perturb_135,58.5341925569,26.0,False
浊心斯卡蒂,perturb_135,70.36119077,9.0,True
温蒂,perturb_135,43.7750123054,37.0,False
焰狐龙梓兰,perturb_135,71.9621258308,7.0,True
煌,perturb_135,27.2517650931,53.0,False
玛恩纳,perturb_135,69.3721653004,11.0,False
真言,perturb_135,56.3309253722,29.0,False
纯烬艾雅法拉,perturb_135,56.22864887,30.0,False
结城理,perturb_135,67.2846924627,15.0,False
维什戴尔,perturb_135,92.2398482438,2.0,True
维娜·维多利亚,perturb_135,58.3246487062,27.0,False
缄默德克萨斯,perturb_135,31.89564075,49.0,False
缇缇,perturb_135,37.8421615967,44.0,False
缪尔赛思,perturb_135,39.7392884552,43.0,False
能天使,perturb_135,69.3148032367,12.0,False
艾雅法拉,perturb_135,27.8178805509,52.0,False
荒芜拉普兰德,perturb_135,61.5444963297,21.0,False
诗怀雅,perturb_135,30.4451772839,50.0,False
谬因,perturb_135,35.475695482,46.0,False
贝洛内,perturb_135,43.9601555583,36.0,False
赤刃明霄陈,perturb_135,70.0373755059,10.0,True
逻各斯,perturb_135,65.4959135598,18.0,False
酒神,perturb_135,61.5521240609,20.0,False
重岳,perturb_135,55.701875416,31.0,False
铃兰,perturb_135,31.9392765227,48.0,False
银灰,perturb_135,48.08214547,33.0,False
锏,perturb_135,32.9580280166,47.0,False
阿米娅,perturb_135,75.9996976132,5.0,True
陈,perturb_135,17.3410985774,58.0,False
霍尔海雅,perturb_135,19.2723600939,57.0,False
黍,perturb_135,37.2892154151,45.0,False
Mon3tr,perturb_136,59.054902343,24.0,False
W,perturb_136,60.390625,23.0,False
予愿安洁莉娜,perturb_136,71.2509026204,8.0,True
令,perturb_136,58.2659945722,26.0,False
伊芙利特,perturb_136,23.8126503979,55.0,False
余,perturb_136,24.7121663475,54.0,False
佩佩,perturb_136,43.5429850181,38.0,False
凛御银灰,perturb_136,78.1373628615,4.0,True
凯尔希,perturb_136,66.5522586532,16.0,False
凯尔希·思衡托,perturb_136,81.2597586254,3.0,True
史尔特尔,perturb_136,65.8718786452,17.0,False
司霆惊蛰,perturb_136,46.896883537,34.0,False
塑心,perturb_136,44.1033849797,37.0,False
塞雷娅,perturb_136,75.6855082926,6.0,True
夕,perturb_136,21.5435684054,56.0,False
夜莺,perturb_136,15.9233587747,59.0,False
娜斯提,perturb_136,42.046035372,41.0,False
年,perturb_136,15.584694495,60.0,False
幽灵鲨,perturb_136,44.5147212013,35.0,False
归溟幽灵鲨,perturb_136,49.2600147472,32.0,False
德克萨斯,perturb_136,56.2337942571,29.0,False
怒潮凛冬,perturb_136,30.6506770119,51.0,False
拉普兰德,perturb_136,39.5675936243,42.0,False
斩业星熊,perturb_136,63.9571162123,19.0,False
斯卡蒂,perturb_136,42.7132010484,40.0,False
新约能天使,perturb_136,93.9632708803,1.0,True
望,perturb_136,69.5540794723,11.0,False
棘刺,perturb_136,68.1239514297,14.0,False
死芒,perturb_136,61.1579060285,22.0,False
泥岩,perturb_136,58.4827343754,25.0,False
浊心斯卡蒂,perturb_136,69.9969079426,9.0,True
温蒂,perturb_136,43.3801628045,39.0,False
焰狐龙梓兰,perturb_136,72.0763753847,7.0,True
煌,perturb_136,26.6262185467,53.0,False
玛恩纳,perturb_136,69.4939353932,12.0,False
真言,perturb_136,56.8503385193,28.0,False
纯烬艾雅法拉,perturb_136,55.1234066872,31.0,False
结城理,perturb_136,67.8367578656,15.0,False
维什戴尔,perturb_136,92.1413156725,2.0,True
维娜·维多利亚,perturb_136,57.3641078067,27.0,False
缄默德克萨斯,perturb_136,31.1787136853,49.0,False
缇缇,perturb_136,38.928643736,44.0,False
缪尔赛思,perturb_136,39.4579626137,43.0,False
能天使,perturb_136,68.9557261622,13.0,False
艾雅法拉,perturb_136,28.0756851842,52.0,False
荒芜拉普兰德,perturb_136,62.0171573855,21.0,False
诗怀雅,perturb_136,30.7961203697,50.0,False
谬因,perturb_136,36.3459925704,46.0,False
贝洛内,perturb_136,44.4101743265,36.0,False
赤刃明霄陈,perturb_136,69.6922262698,10.0,True
逻各斯,perturb_136,65.6004738449,18.0,False
酒神,perturb_136,62.687195602,20.0,False
重岳,perturb_136,55.5717998539,30.0,False
铃兰,perturb_136,32.164630822,48.0,False
银灰,perturb_136,48.4505723506,33.0,False
锏,perturb_136,33.013681624,47.0,False
阿米娅,perturb_136,75.9613394346,5.0,True
陈,perturb_136,17.061392109,58.0,False
霍尔海雅,perturb_136,19.4754700744,57.0,False
黍,perturb_136,36.7903577472,45.0,False
Mon3tr,perturb_137,58.9594702834,26.0,False
W,perturb_137,60.390625,24.0,False
予愿安洁莉娜,perturb_137,75.2492804878,6.0,True
令,perturb_137,64.5141162823,18.0,False
伊芙利特,perturb_137,21.2251403006,56.0,False
余,perturb_137,27.2267134509,53.0,False
佩佩,perturb_137,39.1501045421,42.0,False
凛御银灰,perturb_137,76.8812164602,4.0,True
凯尔希,perturb_137,62.0053722955,21.0,False
凯尔希·思衡托,perturb_137,80.9816447129,3.0,True
史尔特尔,perturb_137,71.6827606349,10.0,True
司霆惊蛰,perturb_137,43.7616523294,38.0,False
塑心,perturb_137,40.5886798343,41.0,False
塞雷娅,perturb_137,74.7946238887,7.0,True
夕,perturb_137,25.5410918647,55.0,False
夜莺,perturb_137,13.3972656055,60.0,False
娜斯提,perturb_137,36.7354040655,44.0,False
年,perturb_137,17.0883923986,59.0,False
幽灵鲨,perturb_137,52.4438771109,33.0,False
归溟幽灵鲨,perturb_137,53.8014285864,32.0,False
德克萨斯,perturb_137,64.7180073498,17.0,False
怒潮凛冬,perturb_137,28.0164014978,52.0,False
拉普兰德,perturb_137,44.10932801,37.0,False
斩业星熊,perturb_137,59.7796466845,25.0,False
斯卡蒂,perturb_137,46.2023062282,35.0,False
新约能天使,perturb_137,94.8386866404,1.0,True
望,perturb_137,66.750105217,14.0,False
棘刺,perturb_137,62.3879086108,20.0,False
死芒,perturb_137,57.6624876773,28.0,False
泥岩,perturb_137,58.8901468901,27.0,False
浊心斯卡蒂,perturb_137,72.8810631588,8.0,True
温蒂,perturb_137,46.5063251218,34.0,False
焰狐龙梓兰,perturb_137,71.4326473186,12.0,False
煌,perturb_137,31.5788904805,48.0,False
玛恩纳,perturb_137,68.529838757,13.0,False
真言,perturb_137,53.9237553581,31.0,False
纯烬艾雅法拉,perturb_137,61.3507869127,23.0,False
结城理,perturb_137,64.7261987259,16.0,False
维什戴尔,perturb_137,92.9214326807,2.0,True
维娜·维多利亚,perturb_137,62.7761826411,19.0,False
缄默德克萨斯,perturb_137,35.2181699196,45.0,False
缇缇,perturb_137,32.8069651618,46.0,False
缪尔赛思,perturb_137,41.123249158,40.0,False
能天使,perturb_137,71.7986656032,9.0,True
艾雅法拉,perturb_137,26.0345552646,54.0,False
荒芜拉普兰德,perturb_137,61.5967170324,22.0,False
诗怀雅,perturb_137,28.0175805774,51.0,False
谬因,perturb_137,31.4423877649,49.0,False
贝洛内,perturb_137,41.874587084,39.0,False
赤刃明霄陈,perturb_137,71.6369362718,11.0,False
逻各斯,perturb_137,64.7726333076,15.0,False
酒神,perturb_137,56.2917447413,30.0,False
重岳,perturb_137,56.3046980334,29.0,False
铃兰,perturb_137,30.3804216063,50.0,False
银灰,perturb_137,45.5336072081,36.0,False
锏,perturb_137,32.5730524484,47.0,False
阿米娅,perturb_137,76.2650346202,5.0,True
陈,perturb_137,19.2759265565,57.0,False
霍尔海雅,perturb_137,17.8673769507,58.0,False
黍,perturb_137,38.7397570714,43.0,False
Mon3tr,perturb_138,59.0008209668,27.0,False
W,perturb_138,60.390625,23.0,False
予愿安洁莉娜,perturb_138,73.5167845347,7.0,True
令,perturb_138,60.8563694171,21.0,False
伊芙利特,perturb_138,22.73990864,56.0,False
余,perturb_138,26.1371609311,54.0,False
佩佩,perturb_138,41.0535383594,41.0,False
凛御银灰,perturb_138,77.4255043262,4.0,True
凯尔希,perturb_138,64.6671897333,18.0,False
凯尔希·思衡托,perturb_138,81.1701797665,3.0,True
史尔特尔,perturb_138,68.2809806491,13.0,False
司霆惊蛰,perturb_138,45.1201470888,35.0,False
塑心,perturb_138,42.1116005393,39.0,False
塞雷娅,perturb_138,75.3161613662,6.0,True
夕,perturb_138,23.2008799449,55.0,False
夜莺,perturb_138,14.8760795274,60.0,False
娜斯提,perturb_138,39.0364990475,43.0,False
年,perturb_138,16.2081044419,59.0,False
幽灵鲨,perturb_138,47.8020268849,33.0,False
归溟幽灵鲨,perturb_138,51.8336353066,32.0,False
德克萨斯,perturb_138,59.7512180836,24.0,False
怒潮凛冬,perturb_138,29.1578323027,51.0,False
拉普兰德,perturb_138,41.4505266161,40.0,False
斩业星熊,perturb_138,61.5897430013,20.0,False
斯卡蒂,perturb_138,44.1597302148,37.0,False
新约能天使,perturb_138,94.4532243989,1.0,True
望,perturb_138,67.9650664365,14.0,False
棘刺,perturb_138,65.7458765911,16.0,False
死芒,perturb_138,59.1770514201,25.0,False
泥岩,perturb_138,58.6516413171,29.0,False
浊心斯卡蒂,perturb_138,71.1926341892,9.0,True
温蒂,perturb_138,44.6762214608,36.0,False
焰狐龙梓兰,perturb_138,71.7115745001,8.0,True
煌,perturb_138,28.6795199047,52.0,False
玛恩纳,perturb_138,69.094235805,12.0,False
真言,perturb_138,55.1918429804,31.0,False
纯烬艾雅法拉,perturb_138,58.6524648939,28.0,False
结城理,perturb_138,66.0740030856,15.0,False
维什戴尔,perturb_138,92.4647401459,2.0,True
维娜·维多利亚,perturb_138,60.4311322083,22.0,False
缄默德克萨斯,perturb_138,33.4678747222,47.0,False
缇缇,perturb_138,35.4594866862,45.0,False
缪尔赛思,perturb_138,40.3464441717,42.0,False
能天使,perturb_138,70.1343649844,11.0,False
艾雅法拉,perturb_138,27.2294642167,53.0,False
荒芜拉普兰德,perturb_138,61.802377801,19.0,False
诗怀雅,perturb_138,29.6441806481,50.0,False
谬因,perturb_138,33.5671182838,46.0,False
贝洛内,perturb_138,42.9732562899,38.0,False
赤刃明霄陈,perturb_138,70.7942940003,10.0,True
逻各斯,perturb_138,65.2572639327,17.0,False
酒神,perturb_138,59.0628917168,26.0,False
重岳,perturb_138,55.9871334679,30.0,False
铃兰,perturb_138,31.4249252137,49.0,False
银灰,perturb_138,47.2412436149,34.0,False
锏,perturb_138,32.8310035672,48.0,False
阿米娅,perturb_138,76.0872467721,5.0,True
陈,perturb_138,17.9795039179,58.0,False
霍尔海雅,perturb_138,18.8087794802,57.0,False
黍,perturb_138,38.3444119212,44.0,False
Mon3tr,perturb_139,58.9530163054,24.0,False
W,perturb_139,60.390625,22.0,False
予愿安洁莉娜,perturb_139,75.5196869213,7.0,True
令,perturb_139,58.559856236,25.0,False
伊芙利特,perturb_139,23.6909546216,55.0,False
余,perturb_139,27.3967698429,53.0,False
佩佩,perturb_139,38.8530182782,43.0,False
凛御银灰,perturb_139,76.7962644922,4.0,True
凯尔希,perturb_139,66.3384094914,15.0,False
凯尔希·思衡托,perturb_139,83.7308518259,3.0,True
史尔特尔,perturb_139,66.1451760503,16.0,False
司霆惊蛰,perturb_139,43.5496196709,35.0,False
塑心,perturb_139,40.3509837199,41.0,False
塞雷娅,perturb_139,75.6436082168,6.0,True
夕,perturb_139,21.731579931,56.0,False
夜莺,perturb_139,15.8045515593,59.0,False
娜斯提,perturb_139,36.3762511993,44.0,False
年,perturb_139,15.6554164156,60.0,False
幽灵鲨,perturb_139,44.8876452665,34.0,False
归溟幽灵鲨,perturb_139,54.1085600182,31.0,False
德克萨斯,perturb_139,56.6328237721,28.0,False
怒潮凛冬,perturb_139,27.838247989,52.0,False
拉普兰德,perturb_139,39.7812004785,42.0,False
斩业星熊,perturb_139,59.497128455,23.0,False
斯卡蒂,perturb_139,42.8773006452,37.0,False
新约能天使,perturb_139,94.439881678,1.0,True
望,perturb_139,66.5604751462,14.0,False
棘刺,perturb_139,67.8541738606,13.0,False
死芒,perturb_139,57.4260959101,27.0,False
泥岩,perturb_139,58.501895801,26.0,False
浊心斯卡蒂,perturb_139,70.1325555324,10.0,True
温蒂,perturb_139,43.5271924724,36.0,False
焰狐龙梓兰,perturb_139,71.3891126112,9.0,True
煌,perturb_139,26.8591526159,54.0,False
玛恩纳,perturb_139,69.4485919997,11.0,False
真言,perturb_139,53.7258333654,32.0,False
纯烬艾雅法拉,perturb_139,61.7719386229,21.0,False
结城理,perturb_139,64.5158346155,18.0,False
维什戴尔,perturb_139,92.1780061361,2.0,True
维娜·维多利亚,perturb_139,63.1421960351,19.0,False
缄默德克萨斯,perturb_139,35.4913544434,45.0,False
缇缇,perturb_139,32.3929619522,47.0,False
缪尔赛思,perturb_139,40.780780735,40.0,False
能天使,perturb_139,69.0894352916,12.0,False
艾雅法拉,perturb_139,27.9796867607,51.0,False
荒芜拉普兰德,perturb_139,62.603185608,20.0,False
诗怀雅,perturb_139,30.6654400846,50.0,False
谬因,perturb_139,31.1107617078,49.0,False
贝洛内,perturb_139,41.7031077677,38.0,False
赤刃明霄陈,perturb_139,71.7684551311,8.0,True
逻各斯,perturb_139,65.5615388483,17.0,False
酒神,perturb_139,55.8592265764,30.0,False
重岳,perturb_139,56.3542632295,29.0,False
铃兰,perturb_139,32.0807158931,48.0,False
银灰,perturb_139,48.3133816444,33.0,False
锏,perturb_139,32.9929579523,46.0,False
阿米娅,perturb_139,75.9756228267,5.0,True
陈,perturb_139,17.1655460944,58.0,False
霍尔海雅,perturb_139,19.3998382377,57.0,False
黍,perturb_139,41.6733342165,39.0,False
Mon3tr,perturb_140,58.9007799844,25.0,False
W,perturb_140,60.390625,24.0,False
予愿安洁莉娜,perturb_140,77.708265377,4.0,True
令,perturb_140,64.0756301068,19.0,False
伊芙利特,perturb_140,21.4067288578,56.0,False
余,perturb_140,28.7731489144,50.0,False
佩佩,perturb_140,36.4485022751,44.0,False
凛御银灰,perturb_140,76.1086919209,6.0,True
凯尔希,perturb_140,62.3244676817,22.0,False
凯尔希·思衡托,perturb_140,81.8120505265,3.0,True
史尔特尔,perturb_140,71.2749594527,11.0,False
司霆惊蛰,perturb_140,41.8334988583,39.0,False
塑心,perturb_140,38.4271515523,42.0,False
塞雷娅,perturb_140,74.8571451572,7.0,True
夕,perturb_140,25.2605501508,55.0,False
夜莺,perturb_140,13.5745439916,60.0,False
娜斯提,perturb_140,33.4693890544,45.0,False
年,perturb_140,16.9828645658,59.0,False
幽灵鲨,perturb_140,51.8874178402,33.0,False
归溟幽灵鲨,perturb_140,56.5943782216,29.0,False
德克萨斯,perturb_140,64.1225947884,18.0,False
怒潮凛冬,perturb_140,26.3963335858,53.0,False
拉普兰德,perturb_140,43.7905941835,37.0,False
斩业星熊,perturb_140,57.2105212079,27.0,False
斯卡蒂,perturb_140,45.957444739,35.0,False
新约能天使,perturb_140,95.2024319132,1.0,True
望,perturb_140,65.0256733218,16.0,False
棘刺,perturb_140,62.7904576639,21.0,False
死芒,perturb_140,55.5128206893,30.0,False
泥岩,perturb_140,58.8615551366,26.0,False
浊心斯卡蒂,perturb_140,72.6786563798,9.0,True
温蒂,perturb_140,46.2869345558,34.0,False
焰狐龙梓兰,perturb_140,71.0367573752,12.0,False
煌,perturb_140,31.2313175176,47.0,False
玛恩纳,perturb_140,68.5974979779,13.0,False
真言,perturb_140,52.1239195223,32.0,False
纯烬艾雅法拉,perturb_140,65.1805984968,15.0,False
结城理,perturb_140,62.8132184687,20.0,False
维什戴尔,perturb_140,92.8666849438,2.0,True
维娜·维多利亚,perturb_140,66.1045849779,14.0,False
缄默德克萨斯,perturb_140,37.7024178247,43.0,False
缇缇,perturb_140,29.0421596307,49.0,False
缪尔赛思,perturb_140,41.7880581564,40.0,False
能天使,perturb_140,71.5991513011,10.0,True
艾雅法拉,perturb_140,26.1777994736,54.0,False
荒芜拉普兰德,perturb_140,61.7159735462,23.0,False
诗怀雅,perturb_140,28.2125753844,52.0,False
谬因,perturb_140,28.4266922705,51.0,False
贝洛内,perturb_140,40.3152120271,41.0,False
赤刃明霄陈,perturb_140,72.8329244119,8.0,True
逻各斯,perturb_140,64.8307302282,17.0,False
酒神,perturb_140,52.3585704522,31.0,False
重岳,perturb_140,56.7554272062,28.0,False
铃兰,perturb_140,30.5056354084,48.0,False
银灰,perturb_140,45.738316551,36.0,False
锏,perturb_140,32.6039753098,46.0,False
阿米娅,perturb_140,76.2437216326,5.0,True
陈,perturb_140,19.1205130121,57.0,False
霍尔海雅,perturb_140,17.980231123,58.0,False
黍,perturb_140,41.9740308613,38.0,False
Mon3tr,perturb_141,59.004924059,27.0,False
W,perturb_141,60.390625,22.0,False
予愿安洁莉娜,perturb_141,73.3448746626,7.0,True
令,perturb_141,60.9333394012,21.0,False
伊芙利特,perturb_141,22.7080333629,56.0,False
余,perturb_141,26.0290482202,54.0,False
佩佩,perturb_141,41.2424098332,41.0,False
凛御银灰,perturb_141,77.4795122199,4.0,True
凯尔希,perturb_141,64.6111770967,18.0,False
凯尔希·思衡托,perturb_141,80.9768147346,3.0,True
史尔特尔,perturb_141,68.352564321,13.0,False
司霆惊蛰,perturb_141,45.2549460532,35.0,False
塑心,perturb_141,42.2627149492,39.0,False
塞雷娅,perturb_141,75.3051866506,6.0,True
夕,perturb_141,23.2501250351,55.0,False
夜莺,perturb_141,14.8449608393,60.0,False
娜斯提,perturb_141,39.26482913,43.0,False
年,perturb_141,16.2266283454,59.0,False
幽灵鲨,perturb_141,47.8997053605,33.0,False
归溟幽灵鲨,perturb_141,51.6383776551,32.0,False
德克萨斯,perturb_141,59.8557342529,24.0,False
怒潮凛冬,perturb_141,29.2710927252,51.0,False
拉普兰德,perturb_141,41.506475786,40.0,False
斩业星熊,perturb_141,61.7693529021,19.0,False
斯卡蒂,perturb_141,44.2027121512,37.0,False
新约能天使,perturb_141,94.452379352,1.0,True
望,perturb_141,68.0856230401,14.0,False
棘刺,perturb_141,65.6752148555,16.0,False
死芒,perturb_141,59.3273365961,26.0,False
泥岩,perturb_141,58.656660191,28.0,False
浊心斯卡蒂,perturb_141,71.2281638078,9.0,True
温蒂,perturb_141,44.7147323405,36.0,False
焰狐龙梓兰,perturb_141,71.7392515265,8.0,True
煌,perturb_141,28.740531373,52.0,False
玛恩纳,perturb_141,69.0823591954,12.0,False
真言,perturb_141,55.3176711421,31.0,False
纯烬艾雅法拉,perturb_141,58.3847192797,29.0,False
结城理,perturb_141,66.2077412768,15.0,False
维什戴尔,perturb_141,92.4743503291,2.0,True
维娜·维多利亚,perturb_141,60.1984405711,23.0,False
缄默德克萨斯,perturb_141,33.2941986897,47.0,False
缇缇,perturb_141,35.722687668,45.0,False
缪尔赛思,perturb_141,40.3046250983,42.0,False
能天使,perturb_141,70.16938687,11.0,False
艾雅法拉,perturb_141,27.2043197421,53.0,False
荒芜拉普兰德,perturb_141,61.7426129535,20.0,False
诗怀雅,perturb_141,29.6099520953,50.0,False
谬因,perturb_141,33.777948301,46.0,False
贝洛内,perturb_141,43.0822736196,38.0,False
赤刃明霄陈,perturb_141,70.7106813807,10.0,True
逻各斯,perturb_141,65.2470658482,17.0,False
酒神,perturb_141,59.3378635118,25.0,False
重岳,perturb_141,55.9556225811,30.0,False
铃兰,perturb_141,31.4029457194,49.0,False
银灰,perturb_141,47.2053098141,34.0,False
锏,perturb_141,32.8255755006,48.0,False
阿米娅,perturb_141,76.0909879626,5.0,True
陈,perturb_141,18.0067845455,58.0,False
霍尔海雅,perturb_141,18.7889695424,57.0,False
黍,perturb_141,38.11684079,44.0,False
Mon3tr,perturb_142,58.9942391605,25.0,False
W,perturb_142,60.390625,22.0,False
予愿安洁莉娜,perturb_142,73.7925466688,7.0,True
令,perturb_142,59.7643826102,23.0,False
伊芙利特,perturb_142,23.1921288463,55.0,False
余,perturb_142,26.3105854794,54.0,False
佩佩,perturb_142,40.7505679711,40.0,False
凛御银灰,perturb_142,77.3388697899,4.0,True
凯尔希,perturb_142,65.4618509363,17.0,False
凯尔希·思衡托,perturb_142,82.137286283,3.0,True
史尔特尔,perturb_142,67.2654104085,14.0,False
司霆惊蛰,perturb_142,44.9039148874,35.0,False
塑心,perturb_142,41.8691965886,39.0,False
塞雷娅,perturb_142,75.4718616007,6.0,True
夕,perturb_142,22.5022311221,56.0,False
夜莺,perturb_142,15.3175658719,60.0,False
娜斯提,perturb_142,38.6702327588,44.0,False
年,perturb_142,15.9453025394,59.0,False
幽灵鲨,perturb_142,46.416245038,34.0,False
归溟幽灵鲨,perturb_142,52.1468498184,32.0,False
德克萨斯,perturb_142,58.268428664,29.0,False
怒潮凛冬,perturb_142,28.9761502653,51.0,False
拉普兰德,perturb_142,40.6567658253,41.0,False
斩业星熊,perturb_142,61.3016291836,20.0,False
斯卡蒂,perturb_142,43.5499378642,37.0,False
新约能天使,perturb_142,94.3396629338,1.0,True
望,perturb_142,67.771680531,13.0,False
棘刺,perturb_142,66.7483671591,15.0,False
死芒,perturb_142,58.9359776506,26.0,False
泥岩,perturb_142,58.580437664,28.0,False
浊心斯卡蒂,perturb_142,70.6885691932,10.0,True
温蒂,perturb_142,44.1298607839,36.0,False
焰狐龙梓兰,perturb_142,71.6671775394,8.0,True
煌,perturb_142,27.8139393892,52.0,False
玛恩纳,perturb_142,69.2627313716,12.0,False
真言,perturb_142,54.9900009223,31.0,False
纯烬艾雅法拉,perturb_142,59.0819579828,24.0,False
结城理,perturb_142,65.8594724797,16.0,False
维什戴尔,perturb_142,92.3283987749,2.0,True
维娜·维多利亚,perturb_142,60.8043949052,21.0,False
缄默德克萨斯,perturb_142,33.7464699698,46.0,False
缇缇,perturb_142,35.0372836819,45.0,False
缪尔赛思,perturb_142,40.3348261621,42.0,False
能天使,perturb_142,69.6375032864,11.0,False
艾雅法拉,perturb_142,27.5861933341,53.0,False
荒芜拉普兰德,perturb_142,62.1462313708,19.0,False
诗怀雅,perturb_142,30.1297871929,50.0,False
谬因,perturb_142,33.2289240033,47.0,False
贝洛内,perturb_142,42.7983806347,38.0,False
赤刃明霄陈,perturb_142,70.928417737,9.0,True
逻各斯,perturb_142,65.4019459647,18.0,False
酒神,perturb_142,58.6218070479,27.0,False
重岳,perturb_142,56.0376803579,30.0,False
铃兰,perturb_142,31.7367521938,49.0,False
银灰,perturb_142,47.7510428153,33.0,False
锏,perturb_142,32.9080125099,48.0,False
阿米娅,perturb_142,76.0341698394,5.0,True
陈,perturb_142,17.5924688197,58.0,False
霍尔海雅,perturb_142,19.0898265783,57.0,False
黍,perturb_142,39.1047926309,43.0,False
Mon3tr,perturb_143,58.9876916013,26.0,False
W,perturb_143,60.390625,23.0,False
予愿安洁莉娜,perturb_143,74.0668739341,7.0,True
令,perturb_143,60.4385648348,22.0,False
伊芙利特,perturb_143,22.9129324103,56.0,False
余,perturb_143,26.4831076505,54.0,False
佩佩,perturb_143,40.4491740239,42.0,False
凛御银灰,perturb_143,77.2526860377,4.0,True
凯尔希,perturb_143,64.9712346997,18.0,False
凯尔希·思衡托,perturb_143,80.951790091,3.0,True
史尔特尔,perturb_143,67.892413775,13.0,False
司霆惊蛰,perturb_143,44.6888078035,35.0,False
塑心,perturb_143,41.6280539345,39.0,False
塞雷娅,perturb_143,75.3757337631,6.0,True
夕,perturb_143,22.9335702323,55.0,False
夜莺,perturb_143,15.0449964196,60.0,False
娜斯提,perturb_143,38.3058722576,44.0,False
年,perturb_143,16.1075539239,59.0,False
幽灵鲨,perturb_143,47.2718135141,34.0,False
归溟幽灵鲨,perturb_143,52.4584345862,32.0,False
德克萨斯,perturb_143,59.183888689,25.0,False
怒潮凛冬,perturb_143,28.7954135711,51.0,False
拉普兰德,perturb_143,41.146826156,40.0,False
斩业星熊,perturb_143,61.015014504,21.0,False
斯卡蒂,perturb_143,43.9264178371,37.0,False
新约能天使,perturb_143,94.6043904129,1.0,True
望,perturb_143,67.5793008673,14.0,False
棘刺,perturb_143,66.1294390576,15.0,False
死芒,perturb_143,58.6961582566,27.0,False
泥岩,perturb_143,58.6243981193,28.0,False
浊心斯卡蒂,perturb_143,70.9997741072,10.0,True
温蒂,perturb_143,44.4671786473,36.0,False
焰狐龙梓兰,perturb_143,71.6230115886,8.0,True
煌,perturb_143,28.348340532,52.0,False
玛恩纳,perturb_143,69.1587038182,12.0,False
真言,perturb_143,54.7892091057,31.0,False
纯烬艾雅法拉,perturb_143,59.5092162971,24.0,False
结城理,perturb_143,65.6460581375,16.0,False
维什戴尔,perturb_143,92.4125746351,2.0,True
维娜·维多利亚,perturb_143,61.1757154103,20.0,False
缄默德克萨斯,perturb_143,34.0236156071,46.0,False
缇缇,perturb_143,34.6172775199,45.0,False
缪尔赛思,perturb_143,40.4699622421,41.0,False
能天使,perturb_143,69.944260953,11.0,False
艾雅法拉,perturb_143,27.3659521843,53.0,False
荒芜拉普兰德,perturb_143,61.6768363433,19.0,False
诗怀雅,perturb_143,29.8299783503,50.0,False
谬因,perturb_143,32.8924894438,47.0,False
贝洛内,perturb_143,42.6244149073,38.0,False
赤刃明霄陈,perturb_143,71.0618435898,9.0,True
逻各斯,perturb_143,65.3126206601,17.0,False
酒神,perturb_143,58.1830174679,29.0,False
重岳,perturb_143,56.087964238,30.0,False
铃兰,perturb_143,31.5442331946,49.0,False
银灰,perturb_143,47.4362976582,33.0,False
锏,perturb_143,32.8604679242,48.0,False
阿米娅,perturb_143,76.0669390307,5.0,True
陈,perturb_143,17.8314205926,58.0,False
霍尔海雅,perturb_143,18.9163107843,57.0,False
黍,perturb_143,39.1523115062,43.0,False
Mon3tr,perturb_144,58.8915417439,25.0,False
W,perturb_144,60.390625,23.0,False
予愿安洁莉娜,perturb_144,78.0953258316,4.0,True
令,perturb_144,61.0059462453,22.0,False
伊芙利特,perturb_144,22.6779649758,56.0,False
余,perturb_144,29.0165680651,49.0,False
佩佩,perturb_144,36.0232522437,44.0,False
凛御银灰,perturb_144,75.9870914587,6.0,True
凯尔希,perturb_144,64.5583396066,19.0,False
凯尔希·思衡托,perturb_144,83.164584824,3.0,True
史尔特尔,perturb_144,68.4200901828,13.0,False
司霆惊蛰,perturb_144,41.5299947733,40.0,False
塑心,perturb_144,38.0869127314,43.0,False
塞雷娅,perturb_144,75.2948340506,7.0,True
夕,perturb_144,23.2965786057,55.0,False
夜莺,perturb_144,14.8156061529,60.0,False
娜斯提,perturb_144,32.9552967311,45.0,False
年,perturb_144,16.2441021983,59.0,False
幽灵鲨,perturb_144,47.9918468094,33.0,False
归溟幽灵鲨,perturb_144,57.0340069318,27.0,False
德克萨斯,perturb_144,59.9543257923,24.0,False
怒潮凛冬,perturb_144,26.1413242016,54.0,False
拉普兰德,perturb_144,41.5592534072,39.0,False
斩业星熊,perturb_144,56.8061238978,29.0,False
斯卡蒂,perturb_144,44.2432576028,36.0,False
新约能天使,perturb_144,95.079674199,1.0,True
望,perturb_144,64.7542363577,18.0,False
棘刺,perturb_144,65.6085586688,16.0,False
死芒,perturb_144,55.1744489144,30.0,False
泥岩,perturb_144,58.6613945637,26.0,False
浊心斯卡蒂,perturb_144,71.2616793854,9.0,True
温蒂,perturb_144,44.7510601828,35.0,False
焰狐龙梓兰,perturb_144,70.9744416847,10.0,True
煌,perturb_144,28.7980843299,50.0,False
玛恩纳,perturb_144,69.0711558262,12.0,False
真言,perturb_144,51.8406134802,31.0,False
纯烬艾雅法拉,perturb_144,65.7834361226,15.0,False
结城理,perturb_144,62.5121027477,20.0,False
维什戴尔,perturb_144,92.4834157469,2.0,True
维娜·维多利亚,perturb_144,66.6284974781,14.0,False
缄默德克萨斯,perturb_144,38.0934548447,42.0,False
缇缇,perturb_144,28.4495543868,51.0,False
缪尔赛思,perturb_144,41.7540727487,38.0,False
能天使,perturb_144,70.2024234961,11.0,False
艾雅法拉,perturb_144,27.1806006136,53.0,False
荒芜拉普兰德,perturb_144,62.1831058526,21.0,False
诗怀雅,perturb_144,29.5776638309,48.0,False
谬因,perturb_144,27.9520018916,52.0,False
贝洛内,perturb_144,40.0697560989,41.0,False
赤刃明霄陈,perturb_144,73.0211808405,8.0,True
逻各斯,perturb_144,65.237445855,17.0,False
酒神,perturb_144,51.7394628543,32.0,False
重岳,perturb_144,56.8263749535,28.0,False
铃兰,perturb_144,31.3822121604,47.0,False
银灰,perturb_144,47.1714129659,34.0,False
锏,perturb_144,32.8204551308,46.0,False
阿米娅,perturb_144,76.0945170791,5.0,True
陈,perturb_144,18.0325187365,58.0,False
霍尔海雅,perturb_144,18.7702825558,57.0,False
黍,perturb_144,43.9379474609,37.0,False
Mon3tr,perturb_145,59.0266407893,26.0,False
W,perturb_145,60.390625,23.0,False
予愿安洁莉娜,perturb_145,72.4349949634,7.0,True
令,perturb_145,60.6038645348,22.0,False
伊芙利特,perturb_145,22.8444774949,56.0,False
余,perturb_145,25.4568323271,54.0,False
佩佩,perturb_145,42.2420634174,40.0,False
凛御银灰,perturb_145,77.7653636697,4.0,True
凯尔希,perturb_145,64.8509427166,18.0,False
凯尔希·思衡托,perturb_145,81.0621046023,3.0,True
史尔特尔,perturb_145,68.0461459035,14.0,False
司霆惊蛰,perturb_145,45.968406192,35.0,False
塑心,perturb_145,43.0625290155,39.0,False
塞雷娅,perturb_145,75.352164612,6.0,True
夕,perturb_145,23.0393283239,55.0,False
夜莺,perturb_145,14.9781663445,60.0,False
娜斯提,perturb_145,40.4733281204,42.0,False
年,perturb_145,16.1473356093,59.0,False
幽灵鲨,perturb_145,47.4815864913,33.0,False
归溟幽灵鲨,perturb_145,50.6049234906,32.0,False
德克萨斯,perturb_145,59.408346205,25.0,False
怒潮凛冬,perturb_145,29.8705542799,50.0,False
拉普兰德,perturb_145,41.266981839,41.0,False
斩业星熊,perturb_145,62.7199870952,19.0,False
斯卡蒂,perturb_145,44.0187252643,37.0,False
新约能天使,perturb_145,94.2489535729,1.0,True
望,perturb_145,68.7237016151,13.0,False
棘刺,perturb_145,65.9776868669,16.0,False
死芒,perturb_145,60.1227617169,24.0,False
泥岩,perturb_145,58.6351765852,28.0,False
浊心斯卡蒂,perturb_145,71.076077037,9.0,True
温蒂,perturb_145,44.5498840934,36.0,False
焰狐龙梓兰,perturb_145,71.8857397071,8.0,True
煌,perturb_145,28.4793679387,52.0,False
玛恩纳,perturb_145,69.1331977714,12.0,False
真言,perturb_145,55.9836508706,30.0,False
纯烬艾雅法拉,perturb_145,56.9676028804,29.0,False
结城理,perturb_145,66.9155869854,15.0,False
维什戴尔,perturb_145,92.4332133348,2.0,True
维娜·维多利亚,perturb_145,58.9668568673,27.0,False
缄默德克萨斯,perturb_145,32.3749711066,48.0,False
缇缇,perturb_145,37.1157503662,45.0,False
缪尔赛思,perturb_145,40.0210506581,43.0,False
能天使,perturb_145,70.0194734823,11.0,False
艾雅法拉,perturb_145,27.3119522497,53.0,False
荒芜拉普兰德,perturb_145,61.8467341543,20.0,False
诗怀雅,perturb_145,29.756469572,51.0,False
谬因,perturb_145,34.8938234418,46.0,False
贝洛内,perturb_145,43.6592774532,38.0,False
赤刃明霄陈,perturb_145,70.2681388771,10.0,True
逻各斯,perturb_145,65.2907193914,17.0,False
酒神,perturb_145,60.7932264362,21.0,False
重岳,perturb_145,55.7888426526,31.0,False
铃兰,perturb_145,31.4970303292,49.0,False
银灰,perturb_145,47.3591267122,34.0,False
锏,perturb_145,32.8488106816,47.0,False
阿米娅,perturb_145,76.074973561,5.0,True
陈,perturb_145,17.8900081005,58.0,False
霍尔海雅,perturb_145,18.8737672291,57.0,False
黍,perturb_145,37.22597292,44.0,False
Mon3tr,perturb_146,58.9357162936,23.0,False
W,perturb_146,60.390625,22.0,False
予愿安洁莉娜,perturb_146,76.2445165509,5.0,True
令,perturb_146,57.6827991269,26.0,False
伊芙利特,perturb_146,24.0541668366,55.0,False
余,perturb_146,27.8526092624,52.0,False
佩佩,perturb_146,38.0566728516,43.0,False
凛御银灰,perturb_146,76.5685491134,4.0,True
凯尔希,perturb_146,66.9766619439,14.0,False
凯尔希·思衡托,perturb_146,81.6346830463,3.0,True
史尔特尔,perturb_146,65.329494859,17.0,False
司霆惊蛰,perturb_146,42.9812620643,36.0,False
塑心,perturb_146,39.7138347276,41.0,False
塞雷娅,perturb_146,75.768662839,7.0,True
夕,perturb_146,21.1704422753,56.0,False
夜莺,perturb_146,16.1591425989,59.0,False
娜斯提,perturb_146,35.4135350552,45.0,False
年,perturb_146,15.4443403519,60.0,False
幽灵鲨,perturb_146,43.7746191632,34.0,False
归溟幽灵鲨,perturb_146,54.9318317099,30.0,False
德克萨斯,perturb_146,55.4418835578,29.0,False
怒潮凛冬,perturb_146,27.3607040928,53.0,False
拉普兰德,perturb_146,39.1436712152,42.0,False
斩业星熊,perturb_146,58.7398329238,24.0,False
斯卡蒂,perturb_146,42.3875303359,38.0,False
新约能天使,perturb_146,94.933467956,1.0,True
望,perturb_146,66.0521681056,15.0,False
棘刺,perturb_146,68.6593497785,13.0,False
死芒,perturb_146,56.7924432457,27.0,False
泥岩,perturb_146,58.4447067674,25.0,False
浊心斯卡蒂,perturb_146,69.7277028496,10.0,True
温蒂,perturb_146,43.0883689328,35.0,False
焰狐龙梓兰,perturb_146,71.2724169933,9.0,True
煌,perturb_146,26.1639395053,54.0,False
玛恩纳,perturb_146,69.5839235198,11.0,False
真言,perturb_146,53.1952996692,32.0,False
纯烬艾雅法拉,perturb_146,62.900843857,20.0,False
结城理,perturb_146,63.9519495842,19.0,False
维什戴尔,perturb_146,92.0685000798,2.0,True
维娜·维多利亚,perturb_146,64.1233019555,18.0,False
缄默德克萨斯,perturb_146,36.2236307973,44.0,False
缇缇,perturb_146,31.283218411,48.0,False
缪尔赛思,perturb_146,40.9665621623,40.0,False
能天使,perturb_146,68.6903681218,12.0,False
艾雅法拉,perturb_146,28.2662028674,51.0,False
荒芜拉普兰德,perturb_146,61.7634815135,21.0,False
诗怀雅,perturb_146,31.0554673906,49.0,False
谬因,perturb_146,30.2218317035,50.0,False
贝洛内,perturb_146,41.2434541724,39.0,False
赤刃明霄陈,perturb_146,72.1209939549,8.0,True
逻各斯,perturb_146,65.6777439195,16.0,False
酒神,perturb_146,54.6998533424,31.0,False
重岳,perturb_146,56.4871236878,28.0,False
铃兰,perturb_146,32.3311677008,47.0,False
银灰,perturb_146,48.7228398999,33.0,False
锏,perturb_146,33.0548096525,46.0,False
阿米娅,perturb_146,75.9329927318,6.0,True
陈,perturb_146,16.8546889647,58.0,False
霍尔海雅,perturb_146,19.6255683966,57.0,False
黍,perturb_146,42.9399350055,37.0,False
Mon3tr,perturb_147,59.0056869784,27.0,False
W,perturb_147,60.390625,23.0,False
予愿安洁莉娜,perturb_147,73.3129101408,7.0,True
令,perturb_147,61.7784199389,21.0,False
伊芙利特,perturb_147,22.3580634798,56.0,False
余,perturb_147,26.0089459941,54.0,False
佩佩,perturb_147,41.2775281558,41.0,False
凛御银灰,perturb_147,77.4895543221,4.0,True
凯尔希,perturb_147,63.9961946514,18.0,False
凯尔希·思衡托,perturb_147,82.6118291903,3.0,True
史尔特尔,perturb_147,69.1385066417,12.0,False
司霆惊蛰,perturb_147,45.2800102592,35.0,False
塑心,perturb_147,42.2908128112,39.0,False
塞雷娅,perturb_147,75.1846913872,6.0,True
夕,perturb_147,23.7908042074,55.0,False
夜莺,perturb_147,14.5032978127,60.0,False
娜斯提,perturb_147,39.3072842946,43.0,False
年,perturb_147,16.4300087999,59.0,False
幽灵鲨,perturb_147,48.9721517133,33.0,False
归溟幽灵鲨,perturb_147,51.6020719014,32.0,False
德克萨斯,perturb_147,61.0032540509,22.0,False
怒潮凛冬,perturb_147,29.2921521048,51.0,False
拉普兰德,perturb_147,42.120761409,40.0,False
斩业星熊,perturb_147,61.8027491494,20.0,False
斯卡蒂,perturb_147,44.6746259548,37.0,False
新约能天使,perturb_147,94.1526571445,1.0,True
望,perturb_147,68.1080390546,14.0,False
棘刺,perturb_147,64.8993947971,17.0,False
死芒,perturb_147,59.3552802722,26.0,False
泥岩,perturb_147,58.7117641731,28.0,False
浊心斯卡蒂,perturb_147,71.6182559913,9.0,True
温蒂,perturb_147,45.1375568396,36.0,False
焰狐龙梓兰,perturb_147,71.7443977284,8.0,True
煌,perturb_147,29.4103977513,50.0,False
玛恩纳,perturb_147,68.9519617189,13.0,False
真言,perturb_147,55.3410673379,31.0,False
纯烬艾雅法拉,perturb_147,58.3349352829,29.0,False
结城理,perturb_147,66.2326082451,15.0,False
维什戴尔,perturb_147,92.5798639108,2.0,True
维娜·维多利亚,perturb_147,60.1551744291,24.0,False
缄默德克萨斯,perturb_147,33.2619057721,47.0,False
缇缇,perturb_147,35.7716266466,45.0,False
缪尔赛思,perturb_147,40.3708685161,42.0,False
能天使,perturb_147,70.5539044743,11.0,False
艾雅法拉,perturb_147,26.9282497086,53.0,False
荒芜拉普兰德,perturb_147,62.3650460294,19.0,False
诗怀雅,perturb_147,29.234144771,52.0,False
谬因,perturb_147,33.8171495442,46.0,False
贝洛内,perturb_147,43.1025440484,38.0,False
赤刃明霄陈,perturb_147,70.6951346447,10.0,True
逻各斯,perturb_147,65.1350974906,16.0,False
酒神,perturb_147,59.3889911279,25.0,False
重岳,perturb_147,55.9497635201,30.0,False
铃兰,perturb_147,31.1616251189,49.0,False
银灰,perturb_147,46.8107799721,34.0,False
锏,perturb_147,32.7659788477,48.0,False
阿米娅,perturb_147,76.1320638096,5.0,True
陈,perturb_147,18.3063081541,58.0,False
霍尔海雅,perturb_147,18.5714692656,57.0,False
黍,perturb_147,37.7338082985,44.0,False
Mon3tr,perturb_148,58.9700946316,26.0,False
W,perturb_148,60.390625,23.0,False
予愿安洁莉娜,perturb_148,74.8041453942,7.0,True
令,perturb_148,61.2855783288,21.0,False
伊芙利特,perturb_148,22.5621620396,56.0,False
余,perturb_148,26.9467716352,54.0,False
佩佩,perturb_148,39.6391591854,43.0,False
凛御银灰,perturb_148,77.0210618836,4.0,True
凯尔希,perturb_148,64.3548456024,18.0,False
凯尔希·思衡托,perturb_148,80.293267047,3.0,True
史尔特尔,perturb_148,68.6801537848,13.0,False
司霆惊蛰,perturb_148,44.1106942367,37.0,False
塑心,perturb_148,40.9799681657,40.0,False
塞雷娅,perturb_148,75.2549628903,6.0,True
夕,perturb_148,23.4754861023,55.0,False
夜莺,perturb_148,14.7025519058,60.0,False
娜斯提,perturb_148,37.3266309185,44.0,False
年,perturb_148,16.3113995713,59.0,False
幽灵鲨,perturb_148,48.346712878,33.0,False
归溟幽灵鲨,perturb_148,53.295837884,32.0,False
德克萨斯,perturb_148,60.3340332138,24.0,False
怒潮凛冬,perturb_148,28.3096725484,52.0,False
拉普兰德,perturb_148,41.7625168371,39.0,False
斩业星熊,perturb_148,60.2447198594,25.0,False
斯卡蒂,perturb_148,44.3994110511,36.0,False
新约能天使,perturb_148,94.8655357954,1.0,True
望,perturb_148,67.0622686453,14.0,False
棘刺,perturb_148,65.3518444628,15.0,False
死芒,perturb_148,58.0516288307,28.0,False
泥岩,perturb_148,58.679628141,27.0,False
浊心斯卡蒂,perturb_148,71.3907585502,10.0,True
温蒂,perturb_148,44.8909702746,35.0,False
焰狐龙梓兰,perturb_148,71.5043128696,8.0,True
煌,perturb_148,29.0197390984,51.0,False
玛恩纳,perturb_148,69.028008083,12.0,False
真言,perturb_148,54.2495687035,31.0,False
纯烬艾雅法拉,perturb_148,60.6574993917,22.0,False
结城理,perturb_148,65.0724939186,17.0,False
维什戴尔,perturb_148,92.5183295585,2.0,True
维娜·维多利亚,perturb_148,62.1736621896,19.0,False
缄默德克萨斯,perturb_148,34.7684616157,45.0,False
缇缇,perturb_148,33.488485032,46.0,False
缪尔赛思,perturb_148,40.7511224811,41.0,False
能天使,perturb_148,70.3296580661,11.0,False
艾雅法拉,perturb_148,27.0892506946,53.0,False
荒芜拉普兰德,perturb_148,61.3725625139,20.0,False
诗怀雅,perturb_148,29.4533114404,50.0,False
谬因,perturb_148,31.9883007967,48.0,False
贝洛内,perturb_148,42.1568712757,38.0,False
赤刃明霄陈,perturb_148,71.4204338057,9.0,True
逻各斯,perturb_148,65.2003961967,16.0,False
酒神,perturb_148,57.0037433847,29.0,False
重岳,perturb_148,56.2231052699,30.0,False
铃兰,perturb_148,31.3023606204,49.0,False
银灰,perturb_148,47.0408654064,34.0,False
锏,perturb_148,32.8007349557,47.0,False
阿米娅,perturb_148,76.1081088306,5.0,True
陈,perturb_148,18.1316293029,58.0,False
霍尔海雅,perturb_148,18.6983130182,57.0,False
黍,perturb_148,39.667243906,42.0,False
Mon3tr,perturb_149,59.0387034322,26.0,False
W,perturb_149,60.390625,25.0,False
予愿安洁莉娜,perturb_149,71.9295987171,8.0,True
令,perturb_149,61.9736986096,21.0,False
伊芙利特,perturb_149,22.2771934911,56.0,False
余,perturb_149,25.1389927658,54.0,False
佩佩,perturb_149,42.7973249201,40.0,False
凛御银灰,perturb_149,77.9241409781,4.0,True
凯尔希,perturb_149,63.8540863563,18.0,False
凯尔希·思衡托,perturb_149,82.0544771228,3.0,True
史尔特尔,perturb_149,69.3201198309,12.0,False
司霆惊蛰,perturb_149,46.3647004233,35.0,False
塑心,perturb_149,43.5067888744,39.0,False
塞雷娅,perturb_149,75.1568477039,6.0,True
夕,perturb_149,23.9157427255,55.0,False
夜莺,perturb_149,14.4243473474,60.0,False
娜斯提,perturb_149,41.1445936227,42.0,False
年,perturb_149,16.477005344,59.0,False
幽灵鲨,perturb_149,49.2199693932,33.0,False
归溟幽灵鲨,perturb_149,50.0308873232,32.0,False
德克萨斯,perturb_149,61.2684194769,23.0,False
怒潮凛冬,perturb_149,30.2035275507,50.0,False
拉普兰德,perturb_149,42.2627086845,41.0,False
斩业星熊,perturb_149,63.2480205849,19.0,False
斯卡蒂,perturb_149,44.7836743782,37.0,False
新约能天使,perturb_149,93.9565823789,1.0,True
望,perturb_149,69.0781248613,13.0,False
棘刺,perturb_149,64.7201206298,17.0,False
死芒,perturb_149,60.5645837188,24.0,False
泥岩,perturb_149,58.7244974356,27.0,False
浊心斯卡蒂,perturb_149,71.7083973206,9.0,True
温蒂,perturb_149,45.235261854,36.0,False
焰狐龙梓兰,perturb_149,71.9671071413,7.0,True
煌,perturb_149,29.5651884606,51.0,False
玛恩纳,perturb_149,68.9218298619,14.0,False
真言,perturb_149,56.3535719219,29.0,False
纯烬艾雅法拉,perturb_149,56.1804600203,30.0,False
结城理,perturb_149,67.3087626594,15.0,False
维什戴尔,perturb_149,92.6042456721,2.0,True
维娜·维多利亚,perturb_149,58.2827688706,28.0,False
缄默德克萨斯,perturb_149,31.8643825416,48.0,False
缇缇,perturb_149,37.8895325035,44.0,False
缪尔赛思,perturb_149,40.0217101116,43.0,False
能天使,perturb_149,70.6427576466,10.0,True
艾雅法拉,perturb_149,26.864456275,53.0,False
荒芜拉普兰德,perturb_149,62.2666644557,20.0,False
诗怀雅,perturb_149,29.147304344,52.0,False
谬因,perturb_149,35.5136406637,46.0,False
贝洛内,perturb_149,43.9797764948,38.0,False
赤刃明霄陈,perturb_149,70.0223269085,11.0,False
逻各斯,perturb_149,65.109224179,16.0,False
酒神,perturb_149,61.6016134784,22.0,False
重岳,perturb_149,55.6962040873,31.0,False
铃兰,perturb_149,31.1058614798,49.0,False
银灰,perturb_149,46.719613202,34.0,False
锏,perturb_149,32.7522074323,47.0,False
阿米娅,perturb_149,76.1415554928,5.0,True
陈,perturb_149,18.3755211693,58.0,False
霍尔海雅,perturb_149,18.5212099553,57.0,False
黍,perturb_149,36.1350185357,45.0,False
Mon3tr,perturb_150,58.9409218221,25.0,False
W,perturb_150,60.390625,22.0,False
予愿安洁莉娜,perturb_150,76.0264172012,5.0,True
令,perturb_150,59.1094201683,23.0,False
伊芙利特,perturb_150,23.4633658693,55.0,False
余,perturb_150,27.715448367,52.0,False
佩佩,perturb_150,38.2962911186,43.0,False
凛御银灰,perturb_150,76.6370680784,4.0,True
凯尔希,perturb_150,65.9384805428,16.0,False
凯尔希·思衡托,perturb_150,83.2256552796,3.0,True
史尔特尔,perturb_150,66.656281836,14.0,False
司霆惊蛰,perturb_150,43.1522793894,37.0,False
塑心,perturb_150,39.9055512017,42.0,False
塞雷娅,perturb_150,75.565248998,7.0,True
夕,perturb_150,22.0831887526,56.0,False
夜莺,perturb_150,15.5823648351,60.0,False
娜斯提,perturb_150,35.7032138383,45.0,False
年,perturb_150,15.7876766646,59.0,False
幽灵鲨,perturb_150,45.5850673564,34.0,False
归溟幽灵鲨,perturb_150,54.6841113997,31.0,False
德克萨斯,perturb_150,57.3790668393,27.0,False
怒潮凛冬,perturb_150,27.5043958088,53.0,False
拉普兰德,perturb_150,40.1806762768,41.0,False
斩业星熊,perturb_150,58.9677011789,24.0,False
斯卡蒂,perturb_150,43.1841906918,36.0,False
新约能天使,perturb_150,94.6319908013,1.0,True
望,perturb_150,66.2051163717,15.0,False
棘刺,perturb_150,67.3496506785,13.0,False
死芒,perturb_150,56.9831076839,28.0,False
泥岩,perturb_150,58.537730446,26.0,False
浊心斯卡蒂,perturb_150,70.3862361992,10.0,True
温蒂,perturb_150,43.8021592761,35.0,False
焰狐龙梓兰,perturb_150,71.3075304011,9.0,True
煌,perturb_150,27.2947731094,54.0,False
玛恩纳,perturb_150,69.3637932773,11.0,False
真言,perturb_150,53.3549358781,32.0,False
纯烬艾雅法拉,perturb_150,62.5611592091,20.0,False
结城理,perturb_150,64.1216211231,18.0,False
维什戴尔,perturb_150,92.2466226245,2.0,True
维娜·维多利亚,perturb_150,63.8280897366,19.0,False
缄默德克萨斯,perturb_150,36.0032907475,44.0,False
缇缇,perturb_150,31.6171373554,48.0,False
缪尔赛思,perturb_150,40.9785525807,40.0,False
能天使,perturb_150,69.3394907564,12.0,False
艾雅法拉,perturb_150,27.8001557853,51.0,False
荒芜拉普兰德,perturb_150,62.3728982809,21.0,False
诗怀雅,perturb_150,30.421048998,50.0,False
谬因,perturb_150,30.4893084291,49.0,False
贝洛内,perturb_150,41.3817627434,39.0,False
赤刃明霄陈,perturb_150,72.01491594,8.0,True
逻各斯,perturb_150,65.4887247576,17.0,False
酒神,perturb_150,55.0487057322,30.0,False
重岳,perturb_150,56.4471463215,29.0,False
铃兰,perturb_150,31.9237828054,47.0,False
银灰,perturb_150,48.056815126,33.0,False
锏,perturb_150,32.9542016807,46.0,False
阿米娅,perturb_150,76.0023348416,6.0,True
陈,perturb_150,17.3603291533,58.0,False
霍尔海雅,perturb_150,19.2583957336,57.0,False
黍,perturb_150,42.081917588,38.0,False
Mon3tr,perturb_151,59.0149070743,25.0,False
W,perturb_151,60.390625,21.0,False
予愿安洁莉娜,perturb_151,72.926609901,7.0,True
令,perturb_151,58.6649983698,26.0,False
伊芙利特,perturb_151,23.6474125228,55.0,False
余,perturb_151,25.7660049362,54.0,False
佩佩,perturb_151,41.7019429654,40.0,False
凛御银灰,perturb_151,77.6109159523,4.0,True
凯尔希,perturb_151,66.2618954036,16.0,False
凯尔希·思衡托,perturb_151,80.1132945024,3.0,True
史尔特尔,perturb_151,66.2429604021,17.0,False
司霆惊蛰,perturb_151,45.5829182403,34.0,False
塑心,perturb_151,42.6303833784,39.0,False
塞雷娅,perturb_151,75.6286165935,6.0,True
夕,perturb_151,21.7988494506,56.0,False
夜莺,perturb_151,15.7620429722,59.0,False
娜斯提,perturb_151,39.8203669034,43.0,False
年,perturb_151,15.6807203411,60.0,False
幽灵鲨,perturb_151,45.0210755052,35.0,False
归溟幽灵鲨,perturb_151,51.1633066538,32.0,False
德克萨斯,perturb_151,56.7755944013,29.0,False
怒潮凛冬,perturb_151,29.5466606322,51.0,False
拉普兰德,perturb_151,39.85762787,42.0,False
斩业星熊,perturb_151,62.2063521939,19.0,False
斯卡蒂,perturb_151,42.9360146045,38.0,False
新约能天使,perturb_151,94.5233887993,1.0,True
望,perturb_151,68.3789428969,13.0,False
棘刺,perturb_151,67.7576488873,14.0,False
死芒,perturb_151,59.6929874605,23.0,False
泥岩,perturb_151,58.5087516567,27.0,False
浊心斯卡蒂,perturb_151,70.1810895155,10.0,True
温蒂,perturb_151,43.5797989023,36.0,False
焰狐龙梓兰,perturb_151,71.8065910264,8.0,True
煌,perturb_151,26.9424951817,53.0,False
玛恩纳,perturb_151,69.4323683757,11.0,False
真言,perturb_151,55.6238169465,31.0,False
纯烬艾雅法拉,perturb_151,57.7332816738,28.0,False
结城理,perturb_151,66.5331325531,15.0,False
维什戴尔,perturb_151,92.191133788,2.0,True
维娜·维多利亚,perturb_151,59.6322909309,24.0,False
缄默德克萨斯,perturb_151,32.8716367771,48.0,False
缇缇,perturb_151,36.3630679709,45.0,False
缪尔赛思,perturb_151,39.9854584067,41.0,False
能天使,perturb_151,69.1372757039,12.0,False
艾雅法拉,perturb_151,27.9453390375,52.0,False
荒芜拉普兰德,perturb_151,61.4471841984,20.0,False
诗怀雅,perturb_151,30.6186833766,50.0,False
谬因,perturb_151,34.2909075968,46.0,False
贝洛内,perturb_151,43.3475178834,37.0,False
赤刃明霄陈,perturb_151,70.5072479654,9.0,True
逻各斯,perturb_151,65.5476081144,18.0,False
酒神,perturb_151,60.0068827537,22.0,False
重岳,perturb_151,55.8789551194,30.0,False
铃兰,perturb_151,32.0506915798,49.0,False
银灰,perturb_151,48.2642955425,33.0,False
锏,perturb_151,32.9855431333,47.0,False
阿米娅,perturb_151,75.9807333481,5.0,True
陈,perturb_151,17.202811834,58.0,False
霍尔海雅,perturb_151,19.3727775705,57.0,False
黍,perturb_151,38.5300497467,44.0,False
Mon3tr,perturb_152,58.906929407,25.0,False
W,perturb_152,60.390625,24.0,False
予愿安洁莉娜,perturb_152,77.4506190956,4.0,True
令,perturb_152,64.3428593411,19.0,False
伊芙利特,perturb_152,21.2960622648,56.0,False
余,perturb_152,28.6111172775,51.0,False
佩佩,perturb_152,36.7315693981,44.0,False
凛御银灰,perturb_152,76.1896351084,6.0,True
凯尔希,perturb_152,62.1299994853,23.0,False
凯尔希·思衡托,perturb_152,83.1079718163,3.0,True
史尔特尔,perturb_152,71.5234881493,11.0,False
司霆惊蛰,perturb_152,42.0355259525,38.0,False
塑心,perturb_152,38.653631075,42.0,False
塞雷娅,perturb_152,74.8190424492,7.0,True
夕,perturb_152,25.4315223537,55.0,False
夜莺,perturb_152,13.4665041718,60.0,False
娜斯提,perturb_152,33.8115939319,45.0,False
年,perturb_152,17.0471770197,59.0,False
幽灵鲨,perturb_152,52.2265441186,33.0,False
归溟幽灵鲨,perturb_152,56.30173995,29.0,False
德克萨斯,perturb_152,64.4854606021,18.0,False
怒潮凛冬,perturb_152,26.5660802463,53.0,False
拉普兰德,perturb_152,43.9848420325,37.0,False
斩业星熊,perturb_152,57.4797077444,27.0,False
斯卡蒂,perturb_152,46.1066721307,35.0,False
新约能天使,perturb_152,94.9528494113,1.0,True
望,perturb_152,65.2063549793,15.0,False
棘刺,perturb_152,62.5451298036,21.0,False
死芒,perturb_152,55.7380574153,30.0,False
泥岩,perturb_152,58.8789799787,26.0,False
浊心斯卡蒂,perturb_152,72.8020103453,8.0,True
温蒂,perturb_152,46.4206390515,34.0,False
焰狐龙梓兰,perturb_152,71.0782377325,12.0,False
煌,perturb_152,31.4431409728,47.0,False
玛恩纳,perturb_152,68.556264017,13.0,False
真言,perturb_152,52.3125018159,32.0,False
纯烬艾雅法拉,perturb_152,64.7793204257,17.0,False
结城理,perturb_152,63.0136557515,20.0,False
维什戴尔,perturb_152,92.9000501822,2.0,True
维娜·维多利亚,perturb_152,65.7558433126,14.0,False
缄默德克萨斯,perturb_152,37.4421245477,43.0,False
缇缇,perturb_152,29.4366265303,49.0,False
缪尔赛思,perturb_152,41.7269635083,39.0,False
能天使,perturb_152,71.7207424872,10.0,True
艾雅法拉,perturb_152,26.0905013045,54.0,False
荒芜拉普兰德,perturb_152,62.2139040398,22.0,False
诗怀雅,perturb_152,28.093738541,52.0,False
谬因,perturb_152,28.7426692956,50.0,False
贝洛内,perturb_152,40.4785994422,41.0,False
赤刃明霄陈,perturb_152,72.7076117684,9.0,True
逻各斯,perturb_152,64.7953238768,16.0,False
酒神,perturb_152,52.7706786088,31.0,False
重岳,perturb_152,56.7082009318,28.0,False
铃兰,perturb_152,30.4293256173,48.0,False
银灰,perturb_152,45.6135593203,36.0,False
锏,perturb_152,32.5851298067,46.0,False
阿米娅,perturb_152,76.2567105332,5.0,True
陈,perturb_152,19.2152276115,57.0,False
霍尔海雅,perturb_152,17.9114537345,58.0,False
黍,perturb_152,41.5103871755,40.0,False
Mon3tr,perturb_153,58.9450224317,26.0,False
W,perturb_153,60.390625,24.0,False
予愿安洁莉娜,perturb_153,75.8546113445,6.0,True
令,perturb_153,62.3301225844,20.0,False
伊芙利特,perturb_153,22.1295890306,56.0,False
余,perturb_153,27.6074010704,53.0,False
佩佩,perturb_153,38.4850483142,43.0,False
凛御银灰,perturb_153,76.6910432943,4.0,True
凯尔希,perturb_153,63.5947093173,19.0,False
凯尔希·思衡托,perturb_153,81.7899446812,3.0,True
史尔特尔,perturb_153,69.6516014749,12.0,False
司霆惊蛰,perturb_153,43.2869967926,37.0,False
塑心,perturb_153,40.0565741787,42.0,False
塞雷娅,perturb_153,75.1060272214,7.0,True
夕,perturb_153,24.1437813693,55.0,False
夜莺,perturb_153,14.2802464144,60.0,False
娜斯提,perturb_153,35.931405768,44.0,False
年,perturb_153,16.5627837601,59.0,False
幽灵鲨,perturb_153,49.6722879294,33.0,False
归溟幽灵鲨,perturb_153,54.4889718904,31.0,False
德克萨斯,perturb_153,61.7524012388,23.0,False
怒潮凛冬,perturb_153,27.6175877022,52.0,False
拉普兰德,perturb_153,42.5217918294,38.0,False
斩业星熊,perturb_153,59.1472024053,25.0,False
斯卡蒂,perturb_153,44.9827103116,36.0,False
新约能天使,perturb_153,94.8287018489,1.0,True
望,perturb_153,66.3256000316,14.0,False
棘刺,perturb_153,64.3929081848,16.0,False
死芒,perturb_153,57.1333019287,28.0,False
泥岩,perturb_153,58.7477382742,27.0,False
浊心斯卡蒂,perturb_153,71.8729238958,9.0,True
温蒂,perturb_153,45.4135937193,35.0,False
焰狐龙梓兰,perturb_153,71.3351906812,10.0,True
煌,perturb_153,29.8477135296,50.0,False
玛恩纳,perturb_153,68.8668329891,13.0,False
真言,perturb_153,53.4806879065,32.0,False
纯烬艾雅法拉,perturb_153,62.2935755965,21.0,False
结城理,perturb_153,64.2552783949,17.0,False
维什戴尔,perturb_153,92.6487474309,2.0,True
维娜·维多利亚,perturb_153,63.5955388912,18.0,False
缄默德克萨斯,perturb_153,35.8297197991,45.0,False
缇缇,perturb_153,31.8801790854,47.0,False
缪尔赛思,perturb_153,41.1331314418,40.0,False
能天使,perturb_153,70.8049330687,11.0,False
艾雅法拉,perturb_153,26.7480200606,54.0,False
荒芜拉普兰德,perturb_153,61.8517021914,22.0,False
诗怀雅,perturb_153,28.9888025986,51.0,False
谬因,perturb_153,30.700010882,49.0,False
贝洛内,perturb_153,41.4907141114,39.0,False
赤刃明霄陈,perturb_153,71.9313539108,8.0,True
逻各斯,perturb_153,65.0620000325,15.0,False
酒神,perturb_153,55.3235111534,30.0,False
重岳,perturb_153,56.4156545007,29.0,False
铃兰,perturb_153,31.0040813017,48.0,False
银灰,perturb_153,46.5532149853,34.0,False
锏,perturb_153,32.72707175,46.0,False
阿米娅,perturb_153,76.1588797784,5.0,True
陈,perturb_153,18.5018492415,57.0,False
霍尔海雅,perturb_153,18.4294763161,58.0,False
黍,perturb_153,40.4737905951,41.0,False
Mon3tr,perturb_154,58.9525090938,25.0,False
W,perturb_154,60.390625,22.0,False
予愿安洁莉娜,perturb_154,75.5409378896,6.0,True
令,perturb_154,59.4461013958,24.0,False
伊芙利特,perturb_154,23.3239373953,55.0,False
余,perturb_154,27.4101344029,54.0,False
佩佩,perturb_154,38.8296705689,43.0,False
凛御银灰,perturb_154,76.7895882029,4.0,True
凯尔希,perturb_154,65.693470706,16.0,False
凯尔希·思衡托,perturb_154,83.4765585285,3.0,True
史尔特尔,perturb_154,66.969402318,14.0,False
司霆惊蛰,perturb_154,43.5329562385,36.0,False
塑心,perturb_154,40.3323034225,42.0,False
塞雷娅,perturb_154,75.5172435224,7.0,True
夕,perturb_154,22.298596065,56.0,False
夜莺,perturb_154,15.4462458239,60.0,False
娜斯提,perturb_154,36.3480257385,44.0,False
年,perturb_154,15.8687037123,59.0,False
幽灵鲨,perturb_154,46.0123314318,34.0,False
归溟幽灵鲨,perturb_154,54.132697167,31.0,False
德克萨斯,perturb_154,57.8362402766,27.0,False
怒潮凛冬,perturb_154,27.8242470848,51.0,False
拉普兰德,perturb_154,40.4254084986,41.0,False
斩业星熊,perturb_154,59.4749256328,23.0,False
斯卡蒂,perturb_154,43.3722017885,37.0,False
新约能天使,perturb_154,94.4864088098,1.0,True
望,perturb_154,66.5455723106,15.0,False
棘刺,perturb_154,67.0405629195,13.0,False
死芒,perturb_154,57.40751812,28.0,False
泥岩,perturb_154,58.5596839469,26.0,False
浊心斯卡蒂,perturb_154,70.541649452,10.0,True
温蒂,perturb_154,43.9706131276,35.0,False
焰狐龙梓兰,perturb_154,71.3856912625,9.0,True
煌,perturb_154,27.5616487792,53.0,False
玛恩纳,perturb_154,69.3118427465,12.0,False
真言,perturb_154,53.710278876,32.0,False
纯烬艾雅法拉,perturb_154,61.8050365102,21.0,False
结城理,perturb_154,64.4993023127,18.0,False
维什戴尔,perturb_154,92.2886593779,2.0,True
维娜·维多利亚,perturb_154,63.1709606579,19.0,False
缄默德克萨斯,perturb_154,35.512823739,45.0,False
缇缇,perturb_154,32.3604258584,47.0,False
缪尔赛思,perturb_154,40.8450578393,40.0,False
能天使,perturb_154,69.4926830893,11.0,False
艾雅法拉,perturb_154,27.6901691111,52.0,False
荒芜拉普兰德,perturb_154,62.5064125771,20.0,False
诗怀雅,perturb_154,30.2713268524,50.0,False
谬因,perturb_154,31.0846995511,49.0,False
贝洛内,perturb_154,41.6896313815,38.0,False
赤刃明霄陈,perturb_154,71.7787910653,8.0,True
逻各斯,perturb_154,65.4441164127,17.0,False
酒神,perturb_154,55.8252354109,30.0,False
重岳,perturb_154,56.3581585081,29.0,False
铃兰,perturb_154,31.8276403522,48.0,False
银灰,perturb_154,47.8996339041,33.0,False
锏,perturb_154,32.9304582937,46.0,False
阿米娅,perturb_154,76.0186995145,5.0,True
陈,perturb_154,17.4796597635,58.0,False
霍尔海雅,perturb_154,19.1717433296,57.0,False
黍,perturb_154,41.3365810049,39.0,False
Mon3tr,perturb_155,58.9156335576,25.0,False
W,perturb_155,60.390625,24.0,False
予愿安洁莉娜,perturb_155,77.0859357491,4.0,True
令,perturb_155,64.0346735512,19.0,False
伊芙利特,perturb_155,21.4236900353,56.0,False
余,perturb_155,28.3817709068,51.0,False
佩佩,perturb_155,37.1322344693,43.0,False
凛御银灰,perturb_155,76.3042054888,5.0,True
凯尔希,perturb_155,62.3542726074,22.0,False
凯尔希·思衡托,perturb_155,82.7318218898,3.0,True
史尔特尔,perturb_155,71.2368690117,11.0,False
司霆惊蛰,perturb_155,42.3214835701,38.0,False
塑心,perturb_155,38.9741996848,42.0,False
塞雷娅,perturb_155,74.8629849212,7.0,True
夕,perturb_155,25.2343463092,55.0,False
夜莺,perturb_155,13.5911025799,60.0,False
娜斯提,perturb_155,34.2959650597,45.0,False
年,perturb_155,16.9730077977,59.0,False
幽灵鲨,perturb_155,51.8354420738,33.0,False
归溟幽灵鲨,perturb_155,55.8875274739,30.0,False
德克萨斯,perturb_155,64.0669806116,18.0,False
怒潮凛冬,perturb_155,26.8063467849,53.0,False
拉普兰德,perturb_155,43.760823029,37.0,False
斩业星熊,perturb_155,57.8607256516,27.0,False
斯卡蒂,perturb_155,45.9345735888,35.0,False
新约能天使,perturb_155,94.9341861431,1.0,True
望,perturb_155,65.4620993709,14.0,False
棘刺,perturb_155,62.8280575327,21.0,False
死芒,perturb_155,56.0568669186,29.0,False
泥岩,perturb_155,58.8588845399,26.0,False
浊心斯卡蒂,perturb_155,72.659750688,8.0,True
温蒂,perturb_155,46.2664425028,34.0,False
焰狐龙梓兰,perturb_155,71.136950769,12.0,False
煌,perturb_155,31.1988526598,47.0,False
玛恩纳,perturb_155,68.6038176495,13.0,False
真言,perturb_155,52.579429099,32.0,False
纯烬艾雅法拉,perturb_155,64.2113346234,17.0,False
结城理,perturb_155,63.2973630834,20.0,False
维什戴尔,perturb_155,92.8615712621,2.0,True
维娜·维多利亚,perturb_155,65.2622197413,15.0,False
缄默德克萨斯,perturb_155,37.0736945327,44.0,False
缇缇,perturb_155,29.9949715149,49.0,False
缪尔赛思,perturb_155,41.6022853103,39.0,False
能天使,perturb_155,71.5805157794,10.0,True
艾雅法拉,perturb_155,26.1911791187,54.0,False
荒芜拉普兰德,perturb_155,62.1041382433,23.0,False
诗怀雅,perturb_155,28.2307887651,52.0,False
谬因,perturb_155,29.1899164218,50.0,False
贝洛内,perturb_155,40.7098648382,41.0,False
赤刃明霄陈,perturb_155,72.5302389999,9.0,True
逻各斯,perturb_155,64.8361567386,16.0,False
酒神,perturb_155,53.353993768,31.0,False
重岳,perturb_155,56.6413548833,28.0,False
铃兰,perturb_155,30.5173309334,48.0,False
银灰,perturb_155,45.7574373125,36.0,False
锏,perturb_155,32.6068636424,46.0,False
阿米娅,perturb_155,76.241730905,6.0,True
陈,perturb_155,19.1059966971,57.0,False
霍尔海雅,perturb_155,17.9907722037,58.0,False
黍,perturb_155,41.1998679727,40.0,False
Mon3tr,perturb_156,58.9927745619,26.0,False
W,perturb_156,60.390625,24.0,False
予愿安洁莉娜,perturb_156,73.8539098906,7.0,True
令,perturb_156,62.6705525903,19.0,False
伊芙利特,perturb_156,21.9886080897,56.0,False
余,perturb_156,26.3491763072,54.0,False
佩佩,perturb_156,40.6831503063,41.0,False
凛御银灰,perturb_156,77.3195916744,4.0,True
凯尔希,perturb_156,63.3469714176,18.0,False
凯尔希·思衡托,perturb_156,82.116983906,3.0,True
史尔特尔,perturb_156,69.9682083979,12.0,False
司霆惊蛰,perturb_156,44.8557984025,37.0,False
塑心,perturb_156,41.8152563062,40.0,False
塞雷娅,perturb_156,75.0574872286,6.0,True
夕,perturb_156,24.3615871352,55.0,False
夜莺,perturb_156,14.1426117856,60.0,False
娜斯提,perturb_156,38.5887303452,43.0,False
年,perturb_156,16.6447130038,59.0,False
幽灵鲨,perturb_156,50.1043093781,33.0,False
归溟幽灵鲨,perturb_156,52.2165470291,32.0,False
德克萨斯,perturb_156,62.2146650753,20.0,False
怒潮凛冬,perturb_156,28.9357219621,51.0,False
拉普兰德,perturb_156,42.7692490229,38.0,False
斩业星熊,perturb_156,61.2375174369,22.0,False
斯卡蒂,perturb_156,45.1728148185,36.0,False
新约能天使,perturb_156,94.3562337782,1.0,True
望,perturb_156,67.7286478563,14.0,False
棘刺,perturb_156,64.0803788871,17.0,False
死芒,perturb_156,58.8823333632,27.0,False
泥岩,perturb_156,58.7699362164,28.0,False
浊心斯卡蒂,perturb_156,72.030067598,8.0,True
温蒂,perturb_156,45.5839232207,35.0,False
焰狐龙梓兰,perturb_156,71.657298226,9.0,True
煌,perturb_156,30.1175607274,50.0,False
玛恩纳,perturb_156,68.814304015,13.0,False
真言,perturb_156,54.9450865651,31.0,False
纯烬艾雅法拉,perturb_156,59.1775297688,25.0,False
结城理,perturb_156,65.8117346378,15.0,False
维什戴尔,perturb_156,92.6912522427,2.0,True
维娜·维多利亚,perturb_156,60.8874541756,23.0,False
缄默德克萨斯,perturb_156,33.8084636225,46.0,False
缇缇,perturb_156,34.9433341023,45.0,False
缪尔赛思,perturb_156,40.5966602975,42.0,False
能天使,perturb_156,70.9598311222,10.0,True
艾雅法拉,perturb_156,26.6368087394,53.0,False
荒芜拉普兰德,perturb_156,62.1335998422,21.0,False
诗怀雅,perturb_156,28.8374133713,52.0,False
谬因,perturb_156,33.1536682373,47.0,False
贝洛内,perturb_156,42.7594669033,39.0,False
赤刃明霄陈,perturb_156,70.9582632582,11.0,False
逻各斯,perturb_156,65.0168949958,16.0,False
酒神,perturb_156,58.523655877,29.0,False
重岳,perturb_156,56.0489281676,30.0,False
铃兰,perturb_156,30.90686835,49.0,False
银灰,perturb_156,46.3942836285,34.0,False
锏,perturb_156,32.7030639922,48.0,False
阿米娅,perturb_156,76.1754266638,5.0,True
陈,perturb_156,18.6225085388,57.0,False
霍尔海雅,perturb_156,18.3418590805,58.0,False
黍,perturb_156,37.9677625589,44.0,False
Mon3tr,perturb_157,58.9416606747,27.0,False
W,perturb_157,60.390625,24.0,False
予愿安洁莉娜,perturb_157,75.9954610235,6.0,True
令,perturb_157,65.5046542077,16.0,False
伊芙利特,perturb_157,20.814932721,56.0,False
余,perturb_157,27.6959802803,51.0,False
佩佩,perturb_157,38.3303016081,43.0,False
凛御银灰,perturb_157,76.6467933952,4.0,True
凯尔希,perturb_157,61.2845375249,23.0,False
凯尔希·思衡托,perturb_157,82.2995914058,3.0,True
史尔特尔,perturb_157,72.6039813245,9.0,True
司霆惊蛰,perturb_157,43.1765529267,38.0,False
塑心,perturb_157,39.9327626961,41.0,False
塞雷娅,perturb_157,74.6533886775,7.0,True
夕,perturb_157,26.174834096,54.0,False
夜莺,perturb_157,12.9967946794,60.0,False
娜斯提,perturb_157,35.7443297237,45.0,False
年,perturb_157,17.3267792084,59.0,False
幽灵鲨,perturb_157,53.7009156273,32.0,False
归溟幽灵鲨,perturb_157,54.6489509376,31.0,False
德克萨斯,perturb_157,66.0630411416,15.0,False
怒潮凛冬,perturb_157,27.5247908548,53.0,False
拉普兰德,perturb_157,44.8293460194,37.0,False
斩业星熊,perturb_157,59.0000439172,25.0,False
斯卡蒂,perturb_157,46.7554470226,35.0,False
新约能天使,perturb_157,94.7751599127,1.0,True
望,perturb_157,66.2268252567,14.0,False
棘刺,perturb_157,61.4785524527,22.0,False
死芒,perturb_157,57.0101698564,28.0,False
泥岩,perturb_157,58.9547355082,26.0,False
浊心斯卡蒂,perturb_157,73.3382989901,8.0,True
温蒂,perturb_157,47.0019272371,34.0,False
焰狐龙梓兰,perturb_157,71.3125142623,12.0,False
煌,perturb_157,32.3640559446,47.0,False
玛恩纳,perturb_157,68.3769969389,13.0,False
真言,perturb_157,53.3775940238,33.0,False
纯烬艾雅法拉,perturb_157,62.5129456848,20.0,False
结城理,perturb_157,64.1457036447,18.0,False
维什戴尔,perturb_157,93.0451075255,2.0,True
维娜·维多利亚,perturb_157,63.7861884567,19.0,False
缄默德克萨斯,perturb_157,35.9720165336,44.0,False
缇缇,perturb_157,31.664532518,48.0,False
缪尔赛思,perturb_157,41.3968964339,40.0,False
能天使,perturb_157,72.2493673447,10.0,True
艾雅法拉,perturb_157,25.7109673626,55.0,False
荒芜拉普兰德,perturb_157,62.0305016254,21.0,False
诗怀雅,perturb_157,27.5770883513,52.0,False
谬因,perturb_157,30.5272730403,49.0,False
贝洛内,perturb_157,41.4013937267,39.0,False
赤刃明霄陈,perturb_157,71.9998596371,11.0,False
逻各斯,perturb_157,64.6413926746,17.0,False
酒神,perturb_157,55.0982204903,30.0,False
重岳,perturb_157,56.4414720889,29.0,False
铃兰,perturb_157,30.097564297,50.0,False
银灰,perturb_157,45.0711698974,36.0,False
锏,perturb_157,32.5031978697,46.0,False
阿米娅,perturb_157,76.3131805452,5.0,True
陈,perturb_157,19.627004922,57.0,False
霍尔海雅,perturb_157,17.6124399792,58.0,False
黍,perturb_157,39.138033,42.0,False
Mon3tr,perturb_158,58.99612319,25.0,False
W,perturb_158,60.390625,22.0,False
予愿安洁莉娜,perturb_158,73.7136102843,7.0,True
令,perturb_158,59.9118390333,23.0,False
伊芙利特,perturb_158,23.1310632971,55.0,False
余,perturb_158,26.2609430335,54.0,False
佩佩,perturb_158,40.8372926664,40.0,False
凛御银灰,perturb_158,77.3636687605,4.0,True
凯尔希,perturb_158,65.354543872,18.0,False
凯尔希·思衡托,perturb_158,82.3304775129,3.0,True
史尔特尔,perturb_158,67.4025479216,14.0,False
司霆惊蛰,perturb_158,44.9658109423,35.0,False
塑心,perturb_158,41.9385842567,39.0,False
塞雷娅,perturb_158,75.4508366217,6.0,True
夕,perturb_158,22.5965731561,56.0,False
夜莺,perturb_158,15.2579497696,60.0,False
娜斯提,perturb_158,38.7750757847,44.0,False
年,perturb_158,15.9807899906,59.0,False
幽灵鲨,perturb_158,46.6033740702,34.0,False
归溟幽灵鲨,perturb_158,52.0571927623,32.0,False
德克萨斯,perturb_158,58.4686571125,29.0,False
怒潮凛冬,perturb_158,29.0281564017,51.0,False
拉普兰德,perturb_158,40.7639513025,41.0,False
斩业星熊,perturb_158,61.3841012139,20.0,False
斯卡蒂,perturb_158,43.6322811657,37.0,False
新约能天使,perturb_158,94.2887964906,1.0,True
望,perturb_158,67.8270368773,13.0,False
棘刺,perturb_158,66.6129958593,15.0,False
死芒,perturb_158,59.0049845569,24.0,False
泥岩,perturb_158,58.5900526483,28.0,False
浊心斯卡蒂,perturb_158,70.7566356028,10.0,True
温蒂,perturb_158,44.2036385902,36.0,False
焰狐龙梓兰,perturb_158,71.6798860847,8.0,True
煌,perturb_158,27.9308230419,52.0,False
玛恩纳,perturb_158,69.2399785751,12.0,False
真言,perturb_158,55.0477778261,31.0,False
纯烬艾雅法拉,perturb_158,58.959016406,26.0,False
结城理,perturb_158,65.9208814561,16.0,False
维什戴尔,perturb_158,92.34680963,2.0,True
维娜·维多利亚,perturb_158,60.6975491708,21.0,False
缄默德克萨斯,perturb_158,33.666722612,46.0,False
缇缇,perturb_158,35.1581384859,45.0,False
缪尔赛思,perturb_158,40.3236492332,42.0,False
能天使,perturb_158,69.7045969988,11.0,False
艾雅法拉,perturb_158,27.5380224228,53.0,False
荒芜拉普兰德,perturb_158,62.225672899,19.0,False
诗怀雅,perturb_158,30.06421332,50.0,False
谬因,perturb_158,33.3257314705,47.0,False
贝洛内,perturb_158,42.8484384572,38.0,False
赤刃明霄陈,perturb_158,70.8900250734,9.0,True
逻各斯,perturb_158,65.3824088285,17.0,False
酒神,perturb_158,58.7480666924,27.0,False
重岳,perturb_158,56.0232114071,30.0,False
铃兰,perturb_158,31.6946446419,49.0,False
银灰,perturb_158,47.6822020874,33.0,False
锏,perturb_158,32.8976136084,48.0,False
阿米娅,perturb_158,76.0413370822,5.0,True
陈,perturb_158,17.6447320987,58.0,False
霍尔海雅,perturb_158,19.0518753873,57.0,False
黍,perturb_158,38.953664814,43.0,False
Mon3tr,perturb_159,58.9554803229,24.0,False
W,perturb_159,60.390625,22.0,False
予愿安洁莉娜,perturb_159,75.4164504075,7.0,True
令,perturb_159,56.5565205353,27.0,False
伊芙利特,perturb_159,24.520588165,55.0,False
余,perturb_159,27.3318452447,53.0,False
佩佩,perturb_159,38.9664406912,42.0,False
凛御银灰,perturb_159,76.8286976888,4.0,True
凯尔希,perturb_159,67.7962779822,14.0,False
凯尔希·思衡托,perturb_159,82.7471540433,3.0,True
史尔特尔,perturb_159,64.2820325516,18.0,False
司霆惊蛰,perturb_159,43.6305700839,34.0,False
塑心,perturb_159,40.4417319979,41.0,False
塞雷娅,perturb_159,75.9292525456,5.0,True
夕,perturb_159,20.4498537047,56.0,False
夜莺,perturb_159,16.6144929888,58.0,False
娜斯提,perturb_159,36.513369571,44.0,False
年,perturb_159,15.1732856517,60.0,False
幽灵鲨,perturb_159,42.3453194528,36.0,False
归溟幽灵鲨,perturb_159,53.9913025332,30.0,False
德克萨斯,perturb_159,53.912529935,31.0,False
怒潮凛冬,perturb_159,27.9062639269,52.0,False
拉普兰德,perturb_159,38.3249838648,43.0,False
斩业星熊,perturb_159,59.6049890437,23.0,False
斯卡蒂,perturb_159,41.7585886075,39.0,False
新约能天使,perturb_159,94.5801111513,1.0,True
望,perturb_159,66.6328726376,15.0,False
棘刺,perturb_159,69.6933216707,11.0,False
死芒,perturb_159,57.5163462109,26.0,False
泥岩,perturb_159,58.3712670979,25.0,False
浊心斯卡蒂,perturb_159,69.2078086437,12.0,False
温蒂,perturb_159,42.52485083,35.0,False
焰狐龙梓兰,perturb_159,71.4057334118,9.0,True
煌,perturb_159,25.2711770674,54.0,False
玛恩纳,perturb_159,69.7577103716,10.0,True
真言,perturb_159,53.8013965695,32.0,False
纯烬艾雅法拉,perturb_159,61.6111501616,21.0,False
结城理,perturb_159,64.5961480057,17.0,False
维什戴尔,perturb_159,91.9278771652,2.0,True
维娜·维多利亚,perturb_159,63.0024584322,19.0,False
缄默德克萨斯,perturb_159,35.3870573026,45.0,False
缇缇,perturb_159,32.5510212392,48.0,False
缪尔赛思,perturb_159,40.6205069959,40.0,False
能天使,perturb_159,68.1779034199,13.0,False
艾雅法拉,perturb_159,28.6341343895,51.0,False
荒芜拉普兰德,perturb_159,62.2440011138,20.0,False
诗怀雅,perturb_159,31.5563234925,49.0,False
谬因,perturb_159,31.2373708184,50.0,False
贝洛内,perturb_159,41.7685756139,38.0,False
赤刃明霄陈,perturb_159,71.7182434983,8.0,True
逻各斯,perturb_159,65.8269694176,16.0,False
酒神,perturb_159,56.0243545541,29.0,False
重岳,perturb_159,56.3353400922,28.0,False
铃兰,perturb_159,32.6527870187,47.0,False
银灰,perturb_159,49.248648382,33.0,False
锏,perturb_159,33.1342369157,46.0,False
阿米娅,perturb_159,75.8782490181,6.0,True
陈,perturb_159,16.4554997596,59.0,False
霍尔海雅,perturb_159,19.9154412484,57.0,False
黍,perturb_159,42.3337705286,37.0,False
Mon3tr,perturb_160,58.9443224241,25.0,False
W,perturb_160,60.390625,22.0,False
予愿安洁莉娜,perturb_160,75.8839400116,6.0,True
令,perturb_160,59.6988324906,23.0,False
伊芙利特,perturb_160,23.2192748599,55.0,False
余,perturb_160,27.625845629,52.0,False
佩佩,perturb_160,38.4528259147,43.0,False
凛御银灰,perturb_160,76.6818292828,4.0,True
凯尔希,perturb_160,65.5095531033,16.0,False
凯尔希·思衡托,perturb_160,82.874785808,3.0,True
史尔特尔,perturb_160,67.2044474459,13.0,False
司霆惊蛰,perturb_160,43.2639994284,37.0,False
塑心,perturb_160,40.0307933194,42.0,False
塞雷娅,perturb_160,75.4812080222,7.0,True
夕,perturb_160,22.4602924159,56.0,False
夜莺,perturb_160,15.3440675499,60.0,False
娜斯提,perturb_160,35.8924515363,44.0,False
年,perturb_160,15.9295269861,59.0,False
幽灵鲨,perturb_160,46.3330588994,34.0,False
归溟幽灵鲨,perturb_160,54.5222838032,31.0,False
德克萨斯,perturb_160,58.1794193251,27.0,False
怒潮凛冬,perturb_160,27.5982649188,54.0,False
拉普兰德,perturb_160,40.6091177086,41.0,False
斩业星熊,perturb_160,59.1165600756,24.0,False
斯卡蒂,perturb_160,43.5133330616,36.0,False
新约能天使,perturb_160,94.658456294,1.0,True
望,perturb_160,66.3050324839,15.0,False
棘刺,perturb_160,66.808544971,14.0,False
死芒,perturb_160,57.1076625408,28.0,False
泥岩,perturb_160,58.5761634292,26.0,False
浊心斯卡蒂,perturb_160,70.6583110247,10.0,True
温蒂,perturb_160,44.0970636773,35.0,False
焰狐龙梓兰,perturb_160,71.3304688448,9.0,True
煌,perturb_160,27.761980056,51.0,False
玛恩纳,perturb_160,69.2728458752,12.0,False
真言,perturb_160,53.4592210051,32.0,False
纯烬艾雅法拉,perturb_160,62.3392543111,20.0,False
结城理,perturb_160,64.2324620038,18.0,False
维什戴尔,perturb_160,92.3202144331,2.0,True
维娜·维多利亚,perturb_160,63.6352372255,19.0,False
缄默德克萨斯,perturb_160,35.8593497818,45.0,False
缇缇,perturb_160,31.8352757074,47.0,False
缪尔赛思,perturb_160,40.9695637508,40.0,False
能天使,perturb_160,69.6076775197,11.0,False
艾雅法拉,perturb_160,27.6076071792,53.0,False
荒芜拉普兰德,perturb_160,62.2537692405,21.0,False
诗怀雅,perturb_160,30.1589373318,50.0,False
谬因,perturb_160,30.6640422473,49.0,False
贝洛内,perturb_160,41.4721152204,39.0,False
赤刃明霄陈,perturb_160,71.9456186337,8.0,True
逻各斯,perturb_160,65.4106309822,17.0,False
酒神,perturb_160,55.2765996169,30.0,False
重岳,perturb_160,56.4210304124,29.0,False
铃兰,perturb_160,31.7554706396,48.0,False
银灰,perturb_160,47.7816451983,33.0,False
锏,perturb_160,32.9126352263,46.0,False
阿米娅,perturb_160,76.0309837209,5.0,True
陈,perturb_160,17.5692357579,58.0,False
霍尔海雅,perturb_160,19.1066973599,57.0,False
黍,perturb_160,41.6571979839,38.0,False
Mon3tr,perturb_161,59.0004762002,26.0,False
W,perturb_161,60.390625,22.0,False
予愿安洁莉娜,perturb_161,73.5312294393,7.0,True
令,perturb_161,60.2150565223,23.0,False
伊芙利特,perturb_161,23.0054930297,55.0,False
余,perturb_161,26.1462452134,54.0,False
佩佩,perturb_161,41.0376682386,40.0,False
凛御银灰,perturb_161,77.4209662571,4.0,True
凯尔希,perturb_161,65.1338862843,18.0,False
凯尔希·思衡托,perturb_161,82.4847703028,3.0,True
史尔特尔,perturb_161,67.6845464369,14.0,False
司霆惊蛰,perturb_161,45.1088204666,35.0,False
塑心,perturb_161,42.0989029949,39.0,False
塞雷娅,perturb_161,75.4076025516,6.0,True
夕,perturb_161,22.7905705014,56.0,False
夜莺,perturb_161,15.1353600277,60.0,False
娜斯提,perturb_161,39.0173133764,43.0,False
年,perturb_161,16.0537635215,59.0,False
幽灵鲨,perturb_161,46.988171111,34.0,False
归溟幽灵鲨,perturb_161,51.8500420325,32.0,False
德克萨斯,perturb_161,58.8803907356,27.0,False
怒潮凛冬,perturb_161,29.1483154787,51.0,False
拉普兰德,perturb_161,40.9843588682,41.0,False
斩业星熊,perturb_161,61.5746510938,20.0,False
斯卡蒂,perturb_161,43.8016052859,37.0,False
新约能天使,perturb_161,94.2223947819,1.0,True
望,perturb_161,67.9549365433,13.0,False
棘刺,perturb_161,66.3346292428,15.0,False
死芒,perturb_161,59.1644235528,24.0,False
泥岩,perturb_161,58.6098241261,29.0,False
浊心斯卡蒂,perturb_161,70.8966018748,9.0,True
温蒂,perturb_161,44.3553493174,36.0,False
焰狐龙梓兰,perturb_161,71.7092489094,8.0,True
煌,perturb_161,28.1711731531,52.0,False
玛恩纳,perturb_161,69.1931915606,12.0,False
真言,perturb_161,55.1812701391,31.0,False
纯烬艾雅法拉,perturb_161,58.6749624958,28.0,False
结城理,perturb_161,66.0627655959,16.0,False
维什戴尔,perturb_161,92.3846682267,2.0,True
维娜·维多利亚,perturb_161,60.4506843636,21.0,False
缄默德克萨斯,perturb_161,33.4824680303,47.0,False
缇缇,perturb_161,35.4373709517,45.0,False
缪尔赛思,perturb_161,40.2958288606,42.0,False
能天使,perturb_161,69.8425630946,11.0,False
艾雅法拉,perturb_161,27.438967648,53.0,False
荒芜拉普兰德,perturb_161,62.2989544508,19.0,False
诗怀雅,perturb_161,29.9293724994,50.0,False
谬因,perturb_161,33.5494030737,46.0,False
贝洛内,perturb_161,42.9640959961,38.0,False
赤刃明霄陈,perturb_161,70.8013196371,10.0,True
逻各斯,perturb_161,65.3422342384,17.0,False
酒神,perturb_161,59.0397869276,25.0,False
重岳,perturb_161,55.9897812027,30.0,False
铃兰,perturb_161,31.6080580702,49.0,False
银灰,perturb_161,47.54064357,33.0,False
锏,perturb_161,32.8762301465,48.0,False
阿米娅,perturb_161,76.0560752221,5.0,True
陈,perturb_161,17.7522020882,58.0,False
霍尔海雅,perturb_161,18.9738356209,57.0,False
黍,perturb_161,38.6206397282,44.0,False
Mon3tr,perturb_162,58.9350507389,25.0,False
W,perturb_162,60.390625,24.0,False
予愿安洁莉娜,perturb_162,76.2724017198,5.0,True
令,perturb_162,62.6601691992,21.0,False
伊芙利特,perturb_162,21.9929081227,56.0,False
余,perturb_162,27.8701460167,52.0,False
佩佩,perturb_162,38.026036374,43.0,False
凛御银灰,perturb_162,76.5597885971,4.0,True
凯尔希,perturb_162,63.3545276243,19.0,False
凯尔希·思衡托,perturb_162,83.2283164215,3.0,True
史尔特尔,perturb_162,69.9585516302,12.0,False
司霆惊蛰,perturb_162,42.9593965842,37.0,False
塑心,perturb_162,39.6893227506,42.0,False
塞雷娅,perturb_162,75.0589677377,7.0,True
夕,perturb_162,24.3549438828,55.0,False
夜莺,perturb_162,14.1468097533,60.0,False
娜斯提,perturb_162,35.3764980729,45.0,False
年,perturb_162,16.6422140954,59.0,False
幽灵鲨,perturb_162,50.0911323738,33.0,False
归溟幽灵鲨,perturb_162,54.963504077,30.0,False
德克萨斯,perturb_162,62.2005656537,23.0,False
怒潮凛冬,perturb_162,27.3423323381,53.0,False
拉普兰德,perturb_162,42.761701378,38.0,False
斩业星熊,perturb_162,58.7106987482,27.0,False
斯卡蒂,perturb_162,45.167016477,36.0,False
新约能天使,perturb_162,94.6841958029,1.0,True
望,perturb_162,66.0326128515,14.0,False
棘刺,perturb_162,64.0899112839,17.0,False
死芒,perturb_162,56.7680657771,28.0,False
泥岩,perturb_162,58.7692591612,26.0,False
浊心斯卡蒂,perturb_162,72.0252745877,9.0,True
温蒂,perturb_162,45.5787280329,35.0,False
焰狐龙梓兰,perturb_162,71.2679275562,10.0,True
煌,perturb_162,30.1093301692,50.0,False
玛恩纳,perturb_162,68.8159061913,13.0,False
真言,perturb_162,53.1748893257,32.0,False
纯烬艾雅法拉,perturb_162,62.9442743568,20.0,False
结城理,perturb_162,63.9302561701,18.0,False
维什戴尔,perturb_162,92.6899558115,2.0,True
维娜·维多利亚,perturb_162,64.1610464173,16.0,False
缄默德克萨斯,perturb_162,36.2518024516,44.0,False
缇缇,perturb_162,31.2405250873,47.0,False
缪尔赛思,perturb_162,41.2778333549,39.0,False
能天使,perturb_162,70.955106606,11.0,False
艾雅法拉,perturb_162,26.6402007748,54.0,False
荒芜拉普兰德,perturb_162,62.3538062285,22.0,False
诗怀雅,perturb_162,28.8420308654,51.0,False
谬因,perturb_162,30.1876333729,49.0,False
贝洛内,perturb_162,41.2257706816,40.0,False
赤刃明霄陈,perturb_162,72.1345565966,8.0,True
逻各斯,perturb_162,65.018270736,15.0,False
酒神,perturb_162,54.6552506978,31.0,False
重岳,perturb_162,56.492235008,29.0,False
铃兰,perturb_162,30.9098334239,48.0,False
银灰,perturb_162,46.3991311637,34.0,False
锏,perturb_162,32.7037962483,46.0,False
阿米娅,perturb_162,76.1749219704,6.0,True
陈,perturb_162,18.6188283324,57.0,False
霍尔海雅,perturb_162,18.3445314772,58.0,False
黍,perturb_162,40.8366932564,41.0,False
Mon3tr,perturb_163,58.9763828343,25.0,False
W,perturb_163,60.390625,22.0,False
予愿安洁莉娜,perturb_163,74.540684557,7.0,True
令,perturb_163,59.2093328862,24.0,False
伊芙利特,perturb_163,23.421989408,55.0,False
余,perturb_163,26.7810832718,54.0,False
佩佩,perturb_163,39.9286145611,43.0,False
凛御银灰,perturb_163,77.1038317952,4.0,True
凯尔希,perturb_163,65.8657720082,16.0,False
凯尔希·思衡托,perturb_163,82.6715102277,3.0,True
史尔特尔,perturb_163,66.7492027233,15.0,False
司霆惊蛰,perturb_163,44.317280674,35.0,False
塑心,perturb_163,41.2115588734,39.0,False
塞雷娅,perturb_163,75.5510030076,6.0,True
夕,perturb_163,22.1471125127,56.0,False
夜莺,perturb_163,15.541970482,60.0,False
娜斯提,perturb_163,37.6765586683,44.0,False
年,perturb_163,15.8117220579,59.0,False
幽灵鲨,perturb_163,45.7118612241,34.0,False
归溟幽灵鲨,perturb_163,52.9965953582,32.0,False
德克萨斯,perturb_163,57.5147365379,28.0,False
怒潮凛冬,perturb_163,28.4832500478,51.0,False
拉普兰德,perturb_163,40.2533024271,41.0,False
斩业星熊,perturb_163,60.5199813918,21.0,False
斯卡蒂,perturb_163,43.2399844163,37.0,False
新约能天使,perturb_163,94.4061758275,1.0,True
望,perturb_163,67.2470279225,14.0,False
棘刺,perturb_163,67.2579265325,13.0,False
死芒,perturb_163,58.2819486943,27.0,False
泥岩,perturb_163,58.5442453146,26.0,False
浊心斯卡蒂,perturb_163,70.4323562653,10.0,True
温蒂,perturb_163,43.8521492392,36.0,False
焰狐龙梓兰,perturb_163,71.5467293547,8.0,True
煌,perturb_163,27.3739704965,53.0,False
玛恩纳,perturb_163,69.3483765617,12.0,False
真言,perturb_163,54.4424069182,31.0,False
纯烬艾雅法拉,perturb_163,60.2471652858,23.0,False
结城理,perturb_163,65.2774546657,18.0,False
维什戴尔,perturb_163,92.2590973511,2.0,True
维娜·维多利亚,perturb_163,61.8170501299,20.0,False
缄默德克萨斯,perturb_163,34.5022940457,45.0,False
缇缇,perturb_163,33.8918542521,46.0,False
缪尔赛思,perturb_163,40.5173376283,40.0,False
能天使,perturb_163,69.3849517476,11.0,False
艾雅法拉,perturb_163,27.7675164023,52.0,False
荒芜拉普兰德,perturb_163,62.2868607464,19.0,False
诗怀雅,perturb_163,30.3766178112,50.0,False
谬因,perturb_163,32.3114087845,48.0,False
贝洛内,perturb_163,42.3239460145,38.0,False
赤刃明霄陈,perturb_163,71.2922931091,9.0,True
逻各斯,perturb_163,65.4754868915,17.0,False
酒神,perturb_163,57.4251519893,29.0,False
重岳,perturb_163,56.1748131939,30.0,False
铃兰,perturb_163,31.8952518003,49.0,False
银灰,perturb_163,48.0101704015,33.0,False
锏,perturb_163,32.9471556498,47.0,False
阿米娅,perturb_163,76.0071911829,5.0,True
陈,perturb_163,17.3957414205,58.0,False
霍尔海雅,perturb_163,19.2326809729,57.0,False
黍,perturb_163,40.2142099629,42.0,False
Mon3tr,perturb_164,59.0283186353,25.0,False
W,perturb_164,60.390625,22.0,False
予愿安洁莉娜,perturb_164,72.3646971768,7.0,True
令,perturb_164,59.6868138685,24.0,False
伊芙利特,perturb_164,23.2242520846,55.0,False
余,perturb_164,25.4126226247,54.0,False
佩佩,perturb_164,42.3192971818,40.0,False
凛御银灰,perturb_164,77.7874487038,4.0,True
凯尔希,perturb_164,65.5182993011,17.0,False
凯尔希·思衡托,perturb_164,82.2901202964,3.0,True
史尔特尔,perturb_164,67.1932698796,14.0,False
司霆惊蛰,perturb_164,46.0235284995,35.0,False
塑心,perturb_164,43.124323073,39.0,False
塞雷娅,perturb_164,75.4829216897,6.0,True
夕,perturb_164,22.4526029492,56.0,False
夜莺,perturb_164,15.3489266356,60.0,False
娜斯提,perturb_164,40.5666973913,42.0,False
年,perturb_164,15.9266345365,59.0,False
幽灵鲨,perturb_164,46.3178067112,34.0,False
归溟幽灵鲨,perturb_164,50.5250782756,32.0,False
德克萨斯,perturb_164,58.1630994524,28.0,False
怒潮凛冬,perturb_164,29.9168689965,51.0,False
拉普兰德,perturb_164,40.6003814209,41.0,False
斩业星熊,perturb_164,62.7934335955,19.0,False
斯卡蒂,perturb_164,43.5066215668,38.0,False
新约能天使,perturb_164,94.0064028058,1.0,True
望,perturb_164,68.7729999032,13.0,False
棘刺,perturb_164,66.8195785798,16.0,False
死芒,perturb_164,60.1842166822,23.0,False
泥岩,perturb_164,58.5753797477,27.0,False
浊心斯卡蒂,perturb_164,70.6527631859,9.0,True
温蒂,perturb_164,44.091050324,36.0,False
焰狐龙梓兰,perturb_164,71.8970574614,8.0,True
煌,perturb_164,27.7524533062,52.0,False
玛恩纳,perturb_164,69.2747003706,12.0,False
真言,perturb_164,56.0351048165,30.0,False
纯烬艾雅法拉,perturb_164,56.8581157182,29.0,False
结城理,perturb_164,66.970275519,15.0,False
维什戴尔,perturb_164,92.3187138331,2.0,True
维娜·维多利亚,perturb_164,58.8717040594,26.0,False
缄默德克萨斯,perturb_164,32.3039510976,48.0,False
缇缇,perturb_164,37.2233791266,45.0,False
缪尔赛思,perturb_164,39.914537981,43.0,False
能天使,perturb_164,69.6022089619,11.0,False
艾雅法拉,perturb_164,27.6115334102,53.0,False
荒芜拉普兰德,perturb_164,62.3208803207,20.0,False
诗怀雅,perturb_164,30.1642820132,50.0,False
谬因,perturb_164,34.9800365451,46.0,False
贝洛内,perturb_164,43.7038570744,37.0,False
赤刃明霄陈,perturb_164,70.2339478094,10.0,True
逻各斯,perturb_164,65.4122233811,18.0,False
酒神,perturb_164,60.905668545,21.0,False
重岳,perturb_164,55.7759571471,31.0,False
铃兰,perturb_164,31.7589026688,49.0,False
银灰,perturb_164,47.7872561488,33.0,False
锏,perturb_164,32.9134828019,47.0,False
阿米娅,perturb_164,76.0303995457,5.0,True
陈,perturb_164,17.5649759733,58.0,False
霍尔海雅,perturb_164,19.1097906196,57.0,False
黍,perturb_164,37.5023625585,44.0,False
Mon3tr,perturb_165,58.998718784,25.0,False
W,perturb_165,60.390625,22.0,False
予愿安洁莉娜,perturb_165,73.6048610246,7.0,True
令,perturb_165,59.9265487294,23.0,False
伊芙利特,perturb_165,23.1249716285,55.0,False
余,perturb_165,26.1925515145,54.0,False
佩佩,perturb_165,40.956771744,40.0,False
凛御银灰,perturb_165,77.3978338634,4.0,True
凯尔希,perturb_165,65.3438393243,18.0,False
凯尔希·思衡托,perturb_165,81.6560276064,3.0,True
史尔特尔,perturb_165,67.4162282422,14.0,False
司霆惊蛰,perturb_165,45.0510840415,35.0,False
塑心,perturb_165,42.034178419,39.0,False
塞雷娅,perturb_165,75.4487392492,6.0,True
夕,perturb_165,22.6059843612,56.0,False
夜莺,perturb_165,15.2520026923,60.0,False
娜斯提,perturb_165,38.9195161659,43.0,False
年,perturb_165,15.9843300848,59.0,False
幽灵鲨,perturb_165,46.622041356,34.0,False
归溟幽灵鲨,perturb_165,51.9336738231,32.0,False
德克萨斯,perturb_165,58.4886311465,29.0,False
怒潮凛冬,perturb_165,29.0998043353,51.0,False
拉普兰德,perturb_165,40.7746437211,41.0,False
斩业星熊,perturb_165,61.4977214704,20.0,False
斯卡蒂,perturb_165,43.6404954226,37.0,False
新约能天使,perturb_165,94.3852009749,1.0,True
望,perturb_165,67.9033003358,13.0,False
棘刺,perturb_165,66.5994917296,15.0,False
死芒,perturb_165,59.1000541503,24.0,False
泥岩,perturb_165,58.5910118028,28.0,False
浊心斯卡蒂,perturb_165,70.7634256509,10.0,True
温蒂,perturb_165,44.2109983856,36.0,False
焰狐龙梓兰,perturb_165,71.6973944225,8.0,True
煌,perturb_165,27.9424829139,52.0,False
玛恩纳,perturb_165,69.237708842,12.0,False
真言,perturb_165,55.1273760439,31.0,False
纯烬艾雅法拉,perturb_165,58.7896419717,27.0,False
结城理,perturb_165,66.005483516,16.0,False
维什戴尔,perturb_165,92.3486462274,2.0,True
维娜·维多利亚,perturb_165,60.5503496936,21.0,False
缄默德克萨斯,perturb_165,33.5568560887,46.0,False
缇缇,perturb_165,35.3246380103,45.0,False
缪尔赛思,perturb_165,40.2930025881,42.0,False
能天使,perturb_165,69.7112900143,11.0,False
艾雅法拉,perturb_165,27.5332170745,53.0,False
荒芜拉普兰德,perturb_165,61.9793073023,19.0,False
诗怀雅,perturb_165,30.057671918,50.0,False
谬因,perturb_165,33.4591014046,47.0,False
贝洛内,perturb_165,42.9174022331,38.0,False
赤刃明霄陈,perturb_165,70.8371321804,9.0,True
逻各斯,perturb_165,65.3804598776,17.0,False
酒神,perturb_165,58.9220123698,26.0,False
重岳,perturb_165,56.0032777898,30.0,False
铃兰,perturb_165,31.6904441515,49.0,False
银灰,perturb_165,47.6753347963,33.0,False
锏,perturb_165,32.8965762532,48.0,False
阿米娅,perturb_165,76.0420520593,5.0,True
陈,perturb_165,17.6499456861,58.0,False
霍尔海雅,perturb_165,19.0480895198,57.0,False
黍,perturb_165,38.8214433075,44.0,False
Mon3tr,perturb_166,58.9258956386,25.0,False
W,perturb_166,60.390625,24.0,False
予愿安洁莉娜,perturb_166,76.6559787949,4.0,True
令,perturb_166,61.494021435,21.0,False
伊芙利特,perturb_166,22.4758403149,56.0,False
余,perturb_166,28.1113744987,52.0,False
佩佩,perturb_166,37.6046134119,43.0,False
凛御银灰,perturb_166,76.4392824872,5.0,True
凯尔希,perturb_166,64.2031572775,18.0,False
凯尔希·思衡托,perturb_166,80.284068215,3.0,True
史尔特尔,perturb_166,68.8740101704,13.0,False
司霆惊蛰,perturb_166,42.6586239068,37.0,False
塑心,perturb_166,39.3521459343,42.0,False
塞雷娅,perturb_166,75.2252421645,7.0,True
夕,perturb_166,23.6088471739,55.0,False
夜莺,perturb_166,14.6182791065,60.0,False
娜斯提,perturb_166,34.8670323617,45.0,False
年,perturb_166,16.361564321,59.0,False
幽灵鲨,perturb_166,48.6112368363,33.0,False
归溟幽灵鲨,perturb_166,55.3991763159,30.0,False
德克萨斯,perturb_166,60.617074392,23.0,False
怒潮凛冬,perturb_166,27.0896179298,53.0,False
拉普兰德,perturb_166,41.9140332874,38.0,False
斩业星熊,perturb_166,58.3099408418,27.0,False
斯卡蒂,perturb_166,44.5158108198,36.0,False
新约能天使,perturb_166,95.2297776879,1.0,True
望,perturb_166,65.7636187045,14.0,False
棘刺,perturb_166,65.1604847809,16.0,False
死芒,perturb_166,56.4327392042,29.0,False
泥岩,perturb_166,58.6932197985,26.0,False
浊心斯卡蒂,perturb_166,71.4869766298,9.0,True
温蒂,perturb_166,44.9952619344,35.0,False
焰狐龙梓兰,perturb_166,71.2061726804,10.0,True
煌,perturb_166,29.1849648046,51.0,False
玛恩纳,perturb_166,68.9958449295,12.0,False
真言,perturb_166,52.8941329174,32.0,False
纯烬艾雅法拉,perturb_166,63.5416867005,20.0,False
结城理,perturb_166,63.6318503624,19.0,False
维什戴尔,perturb_166,92.5443549818,2.0,True
维娜·维多利亚,perturb_166,64.6802439279,17.0,False
缄默德克萨斯,perturb_166,36.6393203048,44.0,False
缇缇,perturb_166,30.6532530384,48.0,False
缪尔赛思,perturb_166,41.320934318,40.0,False
能天使,perturb_166,70.4245011494,11.0,False
艾雅法拉,perturb_166,27.0211567169,54.0,False
荒芜拉普兰德,perturb_166,61.2307263299,22.0,False
诗怀雅,perturb_166,29.3606167888,50.0,False
谬因,perturb_166,29.7172150054,49.0,False
贝洛内,perturb_166,40.9825237524,41.0,False
赤刃明霄陈,perturb_166,72.3211187975,8.0,True
逻各斯,perturb_166,65.1727786724,15.0,False
酒神,perturb_166,54.0417148048,31.0,False
重岳,perturb_166,56.5625442557,28.0,False
铃兰,perturb_166,31.2428377545,47.0,False
银灰,perturb_166,46.9435527574,34.0,False
锏,perturb_166,32.7860351597,46.0,False
阿米娅,perturb_166,76.1182403822,6.0,True
陈,perturb_166,18.2055082157,58.0,False
霍尔海雅,perturb_166,18.6446655476,57.0,False
黍,perturb_166,41.8472168997,39.0,False
Mon3tr,perturb_167,58.9057114522,25.0,False
W,perturb_167,60.390625,23.0,False
予愿安洁莉娜,perturb_167,77.5016485256,4.0,True
令,perturb_167,60.396825446,22.0,False
伊芙利特,perturb_167,22.9302177794,55.0,False
余,perturb_167,28.6432092682,51.0,False
佩佩,perturb_167,36.6755051155,44.0,False
凛御银灰,perturb_167,76.1736034983,5.0,True
凯尔希,perturb_167,65.0016093092,18.0,False
凯尔希·思衡托,perturb_167,82.5539942665,3.0,True
史尔特尔,perturb_167,67.853595283,13.0,False
司霆惊蛰,perturb_167,41.9955124604,38.0,False
塑心,perturb_167,38.6087745342,42.0,False
塞雷娅,perturb_167,75.3816851469,7.0,True
夕,perturb_167,22.9068655371,56.0,False
夜莺,perturb_167,15.0618715046,60.0,False
娜斯提,perturb_167,33.7438168239,45.0,False
年,perturb_167,16.097508756,59.0,False
幽灵鲨,perturb_167,47.2188442961,34.0,False
归溟幽灵鲨,perturb_167,56.3596998946,29.0,False
德克萨斯,perturb_167,59.127211517,24.0,False
怒潮凛冬,perturb_167,26.5324602178,54.0,False
拉普兰德,perturb_167,41.1164859633,40.0,False
斩业星熊,perturb_167,57.4263926511,27.0,False
斯卡蒂,perturb_167,43.9031095336,36.0,False
新约能天使,perturb_167,95.0478560599,1.0,True
望,perturb_167,65.170569165,17.0,False
棘刺,perturb_167,66.1677576007,14.0,False
死芒,perturb_167,55.6934470228,30.0,False
泥岩,perturb_167,58.6216764775,26.0,False
浊心斯卡蒂,perturb_167,70.9805070568,10.0,True
温蒂,perturb_167,44.4462949145,35.0,False
焰狐龙梓兰,perturb_167,71.0700221318,9.0,True
煌,perturb_167,28.315255149,52.0,False
玛恩纳,perturb_167,69.1651442824,12.0,False
真言,perturb_167,52.2751512013,32.0,False
纯烬艾雅法拉,perturb_167,64.8587975721,19.0,False
结城理,perturb_167,62.9739571374,20.0,False
维什戴尔,perturb_167,92.4073632118,2.0,True
维娜·维多利亚,perturb_167,65.8249150969,15.0,False
缄默德克萨斯,perturb_167,37.4936782417,43.0,False
缇缇,perturb_167,29.3584984047,49.0,False
缪尔赛思,perturb_167,41.5296036681,39.0,False
能天使,perturb_167,69.9252692368,11.0,False
艾雅法拉,perturb_167,27.3795875645,53.0,False
荒芜拉普兰德,perturb_167,62.0055080124,21.0,False
诗怀雅,perturb_167,29.848539857,48.0,False
谬因,perturb_167,28.6800868768,50.0,False
贝洛内,perturb_167,40.446238926,41.0,False
赤刃明霄陈,perturb_167,72.7324311942,8.0,True
逻各斯,perturb_167,65.3181508913,16.0,False
酒神,perturb_167,52.6890564553,31.0,False
重岳,perturb_167,56.7175545691,28.0,False
铃兰,perturb_167,31.5561522649,47.0,False
银灰,perturb_167,47.4557838891,33.0,False
锏,perturb_167,32.8634114636,46.0,False
阿米娅,perturb_167,76.0649102528,6.0,True
陈,perturb_167,17.8166268164,58.0,False
霍尔海雅,perturb_167,18.9270533446,57.0,False
黍,perturb_167,43.4250364921,37.0,False
Mon3tr,perturb_168,58.9091571127,25.0,False
W,perturb_168,60.390625,23.0,False
予愿安洁莉娜,perturb_168,77.3572834921,4.0,True
令,perturb_168,60.8909812456,22.0,False
伊芙利特,perturb_168,22.7255749794,56.0,False
余,perturb_168,28.5524192807,52.0,False
佩佩,perturb_168,36.8341140209,44.0,False
凛御银灰,perturb_168,76.2189577953,5.0,True
凯尔希,perturb_168,64.6420019955,18.0,False
凯尔希·思衡托,perturb_168,83.7111295883,3.0,True
史尔特尔,perturb_168,68.3131703632,13.0,False
司霆惊蛰,perturb_168,42.1087128064,38.0,False
塑心,perturb_168,38.7356761285,42.0,False
塞雷娅,perturb_168,75.3112262609,7.0,True
夕,perturb_168,23.2230244554,55.0,False
夜莺,perturb_168,14.8620860894,60.0,False
娜斯提,perturb_168,33.9355619495,45.0,False
年,perturb_168,16.2164342627,59.0,False
幽灵鲨,perturb_168,47.8459508988,33.0,False
归溟幽灵鲨,perturb_168,56.1957280584,29.0,False
德克萨斯,perturb_168,59.7982168686,24.0,False
怒潮凛冬,perturb_168,26.6275731074,54.0,False
拉普兰德,perturb_168,41.4756858142,40.0,False
斩业星熊,perturb_168,57.5772239503,27.0,False
斯卡蒂,perturb_168,44.179058313,36.0,False
新约能天使,perturb_168,94.8408936842,1.0,True
望,perturb_168,65.2718091805,16.0,False
棘刺,perturb_168,65.7141014529,14.0,False
死芒,perturb_168,55.8196522501,30.0,False
泥岩,perturb_168,58.6538982021,26.0,False
浊心斯卡蒂,perturb_168,71.2086111324,9.0,True
温蒂,perturb_168,44.6935390162,35.0,False
焰狐龙梓兰,perturb_168,71.0932645133,10.0,True
煌,perturb_168,28.7069555149,51.0,False
玛恩纳,perturb_168,69.0888951364,12.0,False
真言,perturb_168,52.3808181218,32.0,False
纯烬艾雅法拉,perturb_168,64.6339524012,19.0,False
结城理,perturb_168,63.0862666763,20.0,False
维什戴尔,perturb_168,92.4690616489,2.0,True
维娜·维多利亚,perturb_168,65.6295072614,15.0,False
缄默德克萨斯,perturb_168,37.3478300368,43.0,False
缇缇,perturb_168,29.5795271223,49.0,False
缪尔赛思,perturb_168,41.5082426947,39.0,False
能天使,perturb_168,70.1501136105,11.0,False
艾雅法拉,perturb_168,27.2181572604,53.0,False
荒芜拉普兰德,perturb_168,62.4440495675,21.0,False
诗怀雅,perturb_168,29.6287887675,48.0,False
谬因,perturb_168,28.8571359441,50.0,False
贝洛内,perturb_168,40.5377885867,41.0,False
赤刃明霄陈,perturb_168,72.6622156883,8.0,True
逻各斯,perturb_168,65.2526780626,17.0,False
酒神,perturb_168,52.9199699678,31.0,False
重岳,perturb_168,56.6910926203,28.0,False
铃兰,perturb_168,31.4150414844,47.0,False
银灰,perturb_168,47.2250849192,34.0,False
锏,perturb_168,32.8285626766,46.0,False
阿米娅,perturb_168,76.088929109,6.0,True
陈,perturb_168,17.9917714585,58.0,False
霍尔海雅,perturb_168,18.7998713561,57.0,False
黍,perturb_168,43.0172475819,37.0,False
Mon3tr,perturb_169,58.9052188069,25.0,False
W,perturb_169,60.390625,24.0,False
予愿安洁莉娜,perturb_169,77.5222891997,4.0,True
令,perturb_169,62.3902124175,21.0,False
伊芙利特,perturb_169,22.1047042641,56.0,False
余,perturb_169,28.6561900192,51.0,False
佩佩,perturb_169,36.6528279155,44.0,False
凛御银灰,perturb_169,76.1671189415,5.0,True
凯尔希,perturb_169,63.5509807129,19.0,False
凯尔希·思衡托,perturb_169,81.5490184838,3.0,True
史尔特尔,perturb_169,69.7074862583,12.0,False
司霆惊蛰,perturb_169,41.9793275755,39.0,False
塑心,perturb_169,38.5906307053,42.0,False
塞雷娅,perturb_169,75.0974593513,7.0,True
夕,perturb_169,24.1822266059,55.0,False
夜莺,perturb_169,14.2559523107,60.0,False
娜斯提,perturb_169,33.7164019537,45.0,False
年,perturb_169,16.5772452191,59.0,False
幽灵鲨,perturb_169,49.7485447114,33.0,False
归溟幽灵鲨,perturb_169,56.3831438627,29.0,False
德克萨斯,perturb_169,61.833996152,22.0,False
怒潮凛冬,perturb_169,26.5188613974,54.0,False
拉普兰德,perturb_169,42.5654708859,37.0,False
斩业星熊,perturb_169,57.4048274589,27.0,False
斯卡蒂,perturb_169,45.0162659556,36.0,False
新约能天使,perturb_169,95.2048701447,1.0,True
望,perturb_169,65.1560943152,15.0,False
棘刺,perturb_169,64.3377431494,18.0,False
死芒,perturb_169,55.6754027575,30.0,False
泥岩,perturb_169,58.7516564677,26.0,False
浊心斯卡蒂,perturb_169,71.9006615766,9.0,True
温蒂,perturb_169,45.4436588461,35.0,False
焰狐龙梓兰,perturb_169,71.0666990388,10.0,True
煌,perturb_169,29.8953446807,48.0,False
玛恩纳,perturb_169,68.8575610177,13.0,False
真言,perturb_169,52.2600434123,32.0,False
纯烬艾雅法拉,perturb_169,64.8909449404,17.0,False
结城理,perturb_169,62.9578996162,20.0,False
维什戴尔,perturb_169,92.6562500217,2.0,True
维娜·维多利亚,perturb_169,65.8528536452,14.0,False
缄默德克萨斯,perturb_169,37.5145309731,43.0,False
缇缇,perturb_169,29.326896696,49.0,False
缪尔赛思,perturb_169,41.6400201489,40.0,False
能天使,perturb_169,70.8322743666,11.0,False
艾雅法拉,perturb_169,26.7283899762,53.0,False
荒芜拉普兰德,perturb_169,61.6333072557,23.0,False
诗怀雅,perturb_169,28.9620806491,50.0,False
谬因,perturb_169,28.654773184,52.0,False
贝洛内,perturb_169,40.4331495603,41.0,False
赤刃明霄陈,perturb_169,72.7424702967,8.0,True
逻各斯,perturb_169,65.0540384719,16.0,False
酒神,perturb_169,52.6560414623,31.0,False
重岳,perturb_169,56.7213379815,28.0,False
铃兰,perturb_169,30.9869220915,47.0,False
银灰,perturb_169,46.5251617628,34.0,False
锏,perturb_169,32.7228341031,46.0,False
阿米娅,perturb_169,76.1618004951,6.0,True
陈,perturb_169,18.5231470029,57.0,False
霍尔海雅,perturb_169,18.4140108607,58.0,False
黍,perturb_169,42.5458364,38.0,False
Mon3tr,perturb_170,58.9389866867,25.0,False
W,perturb_170,60.390625,24.0,False
予愿安洁莉娜,perturb_170,76.107494802,6.0,True
令,perturb_170,64.9784383784,16.0,False
伊芙利特,perturb_170,21.032852415,56.0,False
余,perturb_170,27.7664374064,52.0,False
佩佩,perturb_170,38.2072139424,43.0,False
凛御银灰,perturb_170,76.6115964147,4.0,True
凯尔希,perturb_170,61.66747558,23.0,False
凯尔希·思衡托,perturb_170,82.0601176716,3.0,True
史尔特尔,perturb_170,72.1145897559,9.0,True
司霆惊蛰,perturb_170,43.0887043515,38.0,False
塑心,perturb_170,39.8342813342,41.0,False
塞雷娅,perturb_170,74.7284188221,7.0,True
夕,perturb_170,25.838163298,55.0,False
夜莺,perturb_170,13.2095418495,60.0,False
娜斯提,perturb_170,35.5955268563,45.0,False
年,perturb_170,17.2001380071,59.0,False
幽灵鲨,perturb_170,53.0331233617,33.0,False
归溟幽灵鲨,perturb_170,54.7762004796,31.0,False
德克萨斯,perturb_170,65.3485020472,15.0,False
怒潮凛冬,perturb_170,27.4509789618,53.0,False
拉普兰德,perturb_170,44.4468418626,37.0,False
斩业星熊,perturb_170,58.8829920248,27.0,False
斯卡蒂,perturb_170,46.4615951322,35.0,False
新约能天使,perturb_170,94.8370503413,1.0,True
望,perturb_170,66.1482584376,14.0,False
棘刺,perturb_170,61.9616410781,21.0,False
死芒,perturb_170,56.9122289067,28.0,False
泥岩,perturb_170,58.9204232902,26.0,False
浊心斯卡蒂,perturb_170,73.0953958907,8.0,True
温蒂,perturb_170,46.7386423376,34.0,False
焰狐龙梓兰,perturb_170,71.2944771258,12.0,False
煌,perturb_170,31.9469426921,47.0,False
玛恩纳,perturb_170,68.4581930062,13.0,False
真言,perturb_170,53.2955917267,32.0,False
纯烬艾雅法拉,perturb_170,62.6874356805,20.0,False
结城理,perturb_170,64.0585463761,18.0,False
维什戴尔,perturb_170,92.9794061935,2.0,True
维娜·维多利亚,perturb_170,63.9378337523,19.0,False
缄默德克萨斯,perturb_170,36.0852013201,44.0,False
缇缇,perturb_170,31.4930042623,48.0,False
缪尔赛思,perturb_170,41.3889507474,39.0,False
能天使,perturb_170,72.0099354314,11.0,False
艾雅法拉,perturb_170,25.8828710039,54.0,False
荒芜拉普兰德,perturb_170,61.9324717879,22.0,False
诗怀雅,perturb_170,27.8110965362,51.0,False
谬因,perturb_170,30.3898749772,49.0,False
贝洛内,perturb_170,41.33034706,40.0,False
赤刃明霄陈,perturb_170,72.0543500371,10.0,True
逻各斯,perturb_170,64.7111132746,17.0,False
酒神,perturb_170,54.9190211877,30.0,False
重岳,perturb_170,56.4620077549,29.0,False
铃兰,perturb_170,30.247830117,50.0,False
银灰,perturb_170,45.3168362436,36.0,False
锏,perturb_170,32.5403075897,46.0,False
阿米娅,perturb_170,76.2876033843,5.0,True
陈,perturb_170,19.4404971786,57.0,False
霍尔海雅,perturb_170,17.7478733296,58.0,False
黍,perturb_170,39.5321667313,42.0,False
Mon3tr,perturb_171,59.009831362,26.0,False
W,perturb_171,60.390625,21.0,False
予愿安洁莉娜,perturb_171,73.1392702573,7.0,True
令,perturb_171,59.1326530666,25.0,False
伊芙利特,perturb_171,23.4537445204,55.0,False
余,perturb_171,25.8997452931,54.0,False
佩佩,perturb_171,41.4683003337,40.0,False
凛御银灰,perturb_171,77.5441057232,4.0,True
凯尔希,perturb_171,65.9215734861,17.0,False
凯尔希·思衡托,perturb_171,80.8366504354,3.0,True
史尔特尔,perturb_171,66.6778889104,15.0,False
司霆惊蛰,perturb_171,45.4161657702,35.0,False
塑心,perturb_171,42.4434479577,39.0,False
塞雷娅,perturb_171,75.5619363502,6.0,True
夕,perturb_171,22.0980530686,56.0,False
夜莺,perturb_171,15.5729718577,60.0,False
娜斯提,perturb_171,39.5379121722,43.0,False
年,perturb_171,15.7932679866,59.0,False
幽灵鲨,perturb_171,45.6145509807,34.0,False
归溟幽灵鲨,perturb_171,51.4048492787,32.0,False
德克萨斯,perturb_171,57.4106143778,29.0,False
怒潮凛冬,perturb_171,29.4065523212,51.0,False
拉普兰德,perturb_171,40.1975641766,41.0,False
斩业星熊,perturb_171,61.9841665507,19.0,False
斯卡蒂,perturb_171,43.1971645149,38.0,False
新约能天使,perturb_171,94.4354261792,1.0,True
望,perturb_171,68.2298088771,13.0,False
棘刺,perturb_171,67.3283218847,14.0,False
死芒,perturb_171,59.5070778399,24.0,False
泥岩,perturb_171,58.5392453611,27.0,False
浊心斯卡蒂,perturb_171,70.3969605877,10.0,True
温蒂,perturb_171,43.8137835393,36.0,False
焰狐龙梓兰,perturb_171,71.7723532819,8.0,True
煌,perturb_171,27.3131890316,53.0,False
玛恩纳,perturb_171,69.3602083985,11.0,False
真言,perturb_171,55.4681617687,31.0,False
纯烬艾雅法拉,perturb_171,58.0644952163,28.0,False
结城理,perturb_171,66.3676923078,16.0,False
维什戴尔,perturb_171,92.2495233969,2.0,True
维娜·维多利亚,perturb_171,59.9201411044,22.0,False
缄默德克萨斯,perturb_171,33.0864819545,47.0,False
缇缇,perturb_171,36.037476346,45.0,False
缪尔赛思,perturb_171,40.0889361907,42.0,False
能天使,perturb_171,69.350061889,12.0,False
艾雅法拉,perturb_171,27.7925660862,52.0,False
荒芜拉普兰德,perturb_171,61.7055260928,20.0,False
诗怀雅,perturb_171,30.4107173278,50.0,False
谬因,perturb_171,34.0301012449,46.0,False
贝洛内,perturb_171,43.2126584718,37.0,False
赤刃明霄陈,perturb_171,70.6106805912,9.0,True
逻各斯,perturb_171,65.4856465309,18.0,False
酒神,perturb_171,59.6667300958,23.0,False
重岳,perturb_171,55.9179355242,30.0,False
铃兰,perturb_171,31.9171484354,49.0,False
银灰,perturb_171,48.0459687376,33.0,False
锏,perturb_171,32.9525632534,48.0,False
阿米娅,perturb_171,76.0034640961,5.0,True
陈,perturb_171,17.3685636365,58.0,False
霍尔海雅,perturb_171,19.2524162304,57.0,False
黍,perturb_171,38.595521078,44.0,False
Mon3tr,perturb_172,58.9839325555,25.0,False
W,perturb_172,60.390625,22.0,False
予愿安洁莉娜,perturb_172,74.2243690722,7.0,True
令,perturb_172,59.7289192887,24.0,False
伊芙利特,perturb_172,23.2068151324,55.0,False
余,perturb_172,26.5821550533,54.0,False
佩佩,perturb_172,40.2761395234,42.0,False
凛御银灰,perturb_172,77.2032067345,4.0,True
凯尔希,perturb_172,65.487658323,17.0,False
凯尔希·思衡托,perturb_172,83.4564148953,3.0,True
史尔特尔,perturb_172,67.2324287884,14.0,False
司霆惊蛰,perturb_172,44.5653118038,35.0,False
塑心,perturb_172,41.4896105481,39.0,False
塞雷娅,perturb_172,75.4769181155,6.0,True
夕,perturb_172,22.4795418298,56.0,False
夜莺,perturb_172,15.3319035654,60.0,False
娜斯提,perturb_172,38.0966877737,44.0,False
年,perturb_172,15.936767795,59.0,False
幽灵鲨,perturb_172,46.37124044,34.0,False
归溟幽灵鲨,perturb_172,52.6373197799,32.0,False
德克萨斯,perturb_172,58.2202736519,28.0,False
怒潮凛冬,perturb_172,28.6916500951,51.0,False
拉普兰德,perturb_172,40.6309876804,40.0,False
斩业星熊,perturb_172,60.8504649887,21.0,False
斯卡蒂,perturb_172,43.5301342713,37.0,False
新约能天使,perturb_172,94.2024063114,1.0,True
望,perturb_172,67.4688529989,13.0,False
棘刺,perturb_172,66.7809240042,15.0,False
死芒,perturb_172,58.5584745723,27.0,False
泥岩,perturb_172,58.5781252569,26.0,False
浊心斯卡蒂,perturb_172,70.6721991977,10.0,True
温蒂,perturb_172,44.1121171956,36.0,False
焰狐龙梓兰,perturb_172,71.5976552957,8.0,True
煌,perturb_172,27.7858288297,52.0,False
玛恩纳,perturb_172,69.2682034271,12.0,False
真言,perturb_172,54.6739317021,31.0,False
纯烬艾雅法拉,perturb_172,59.7545112994,23.0,False
结城理,perturb_172,65.5235339646,16.0,False
维什戴尔,perturb_172,92.3239709577,2.0,True
维娜·维多利亚,perturb_172,61.3888957303,20.0,False
缄默德克萨斯,perturb_172,34.182728812,46.0,False
缇缇,perturb_172,34.3761460801,45.0,False
缪尔赛思,perturb_172,40.4605853745,41.0,False
能天使,perturb_172,69.621367225,11.0,False
艾雅法拉,perturb_172,27.5977784552,53.0,False
荒芜拉普兰德,perturb_172,62.6085151232,19.0,False
诗怀雅,perturb_172,30.1455577324,50.0,False
谬因,perturb_172,32.6993376354,48.0,False
贝洛内,perturb_172,42.5245387385,38.0,False
赤刃明霄陈,perturb_172,71.1384452469,9.0,True
逻各斯,perturb_172,65.4066446528,18.0,False
酒神,perturb_172,57.9311022039,29.0,False
重岳,perturb_172,56.1168329202,30.0,False
铃兰,perturb_172,31.7468790748,49.0,False
银灰,perturb_172,47.7675990345,33.0,False
锏,perturb_172,32.9105134493,47.0,False
阿米娅,perturb_172,76.0324461149,5.0,True
陈,perturb_172,17.5798994827,58.0,False
霍尔海雅,perturb_172,19.098953853,57.0,False
黍,perturb_172,39.6270237077,43.0,False
Mon3tr,perturb_173,58.9958931937,26.0,False
W,perturb_173,60.390625,23.0,False
予愿安洁莉娜,perturb_173,73.7232465871,7.0,True
令,perturb_173,60.9395075879,21.0,False
伊芙利特,perturb_173,22.705478956,56.0,False
余,perturb_173,26.2670032255,54.0,False
佩佩,perturb_173,40.8267055914,41.0,False
凛御银灰,perturb_173,77.360641381,4.0,True
凯尔希,perturb_173,64.6066883807,18.0,False
凯尔希·思衡托,perturb_173,81.9509388872,3.0,True
史尔特尔,perturb_173,68.3583008618,13.0,False
司霆惊蛰,perturb_173,44.9582548687,35.0,False
塑心,perturb_173,41.9301136309,39.0,False
塞雷娅,perturb_173,75.3043071637,6.0,True
夕,perturb_173,23.2540714165,55.0,False
夜莺,perturb_173,14.8424670635,60.0,False
娜斯提,perturb_173,38.7622768816,43.0,False
年,perturb_173,16.2281128058,59.0,False
幽灵鲨,perturb_173,47.9075330752,33.0,False
归溟幽灵鲨,perturb_173,52.0681378106,32.0,False
德克萨斯,perturb_173,59.8641099237,24.0,False
怒潮凛冬,perturb_173,29.0218076579,51.0,False
拉普兰德,perturb_173,41.510959416,40.0,False
斩业星熊,perturb_173,61.3740332908,20.0,False
斯卡蒂,perturb_173,44.2061566187,37.0,False
新约能天使,perturb_173,94.3578746019,1.0,True
望,perturb_173,67.8202791506,14.0,False
棘刺,perturb_173,65.6695521964,16.0,False
死芒,perturb_173,58.9965604133,25.0,False
泥岩,perturb_173,58.6570623913,29.0,False
浊心斯卡蒂,perturb_173,71.2310110647,9.0,True
温蒂,perturb_173,44.7178185084,36.0,False
焰狐龙梓兰,perturb_173,71.6783346659,8.0,True
煌,perturb_173,28.7454206832,52.0,False
玛恩纳,perturb_173,69.0814074328,12.0,False
真言,perturb_173,55.0407246054,31.0,False
纯烬艾雅法拉,perturb_173,58.9740247227,27.0,False
结城理,perturb_173,65.9133848436,15.0,False
维什戴尔,perturb_173,92.4751204657,2.0,True
维娜·维多利亚,perturb_173,60.7105925583,22.0,False
缄默德克萨斯,perturb_173,33.6764579158,46.0,False
缇缇,perturb_173,35.1433849158,45.0,False
缪尔赛思,perturb_173,40.4121472732,42.0,False
能天使,perturb_173,70.1721934384,11.0,False
艾雅法拉,perturb_173,27.2023047253,53.0,False
荒芜拉普兰德,perturb_173,62.0813760687,19.0,False
诗怀雅,perturb_173,29.6072091026,50.0,False
谬因,perturb_173,33.3139135228,47.0,False
贝洛内,perturb_173,42.8423275574,38.0,False
赤刃明霄陈,perturb_173,70.8947119277,10.0,True
逻各斯,perturb_173,65.2462485986,17.0,False
酒神,perturb_173,58.7326533165,28.0,False
重岳,perturb_173,56.0249777306,30.0,False
铃兰,perturb_173,31.4011843364,49.0,False
银灰,perturb_173,47.202430167,34.0,False
锏,perturb_173,32.8251405086,48.0,False
阿米娅,perturb_173,76.0912877725,5.0,True
陈,perturb_173,18.0089707484,58.0,False
霍尔海雅,perturb_173,18.7873820224,57.0,False
黍,perturb_173,38.5474651126,44.0,False
Mon3tr,perturb_174,58.9244795359,25.0,False
W,perturb_174,60.390625,24.0,False
予愿安洁莉娜,perturb_174,76.7153101524,4.0,True
令,perturb_174,61.7593131336,21.0,False
伊芙利特,perturb_174,22.365976106,56.0,False
余,perturb_174,28.1486875036,52.0,False
佩佩,perturb_174,37.5394280867,43.0,False
凛御银灰,perturb_174,76.4206427104,5.0,True
凯尔希,perturb_174,64.0100990656,18.0,False
凯尔希·思衡托,perturb_174,81.1295870266,3.0,True
史尔特尔,perturb_174,69.1207369189,12.0,False
司霆惊蛰,perturb_174,42.6121006592,37.0,False
塑心,perturb_174,39.2999917272,42.0,False
塞雷娅,perturb_174,75.1874157188,7.0,True
夕,perturb_174,23.7785797493,55.0,False
夜莺,perturb_174,14.5110226255,60.0,False
娜斯提,perturb_174,34.7882286631,45.0,False
年,perturb_174,16.4254104799,59.0,False
幽灵鲨,perturb_174,48.9479042922,33.0,False
归溟幽灵鲨,perturb_174,55.4665657065,30.0,False
德克萨斯,perturb_174,60.9773092606,23.0,False
怒潮凛冬,perturb_174,27.0505282921,53.0,False
拉普兰德,perturb_174,42.1068727496,38.0,False
斩业星熊,perturb_174,58.2479519689,27.0,False
斯卡蒂,perturb_174,44.6639562438,36.0,False
新约能天使,perturb_174,95.1084244653,1.0,True
望,perturb_174,65.7220109315,14.0,False
棘刺,perturb_174,64.9169356611,16.0,False
死芒,perturb_174,56.3808711911,29.0,False
泥岩,perturb_174,58.7105183024,26.0,False
浊心斯卡蒂,perturb_174,71.609436222,9.0,True
温蒂,perturb_174,45.1279970106,35.0,False
焰狐龙梓兰,perturb_174,71.1966204917,10.0,True
煌,perturb_174,29.3952524416,50.0,False
玛恩纳,perturb_174,68.954909934,13.0,False
真言,perturb_174,52.8507057683,32.0,False
纯烬艾雅法拉,perturb_174,63.6340939052,19.0,False
结城理,perturb_174,63.5856932201,20.0,False
维什戴尔,perturb_174,92.5774783068,2.0,True
维娜·维多利亚,perturb_174,64.7605529325,17.0,False
缄默德克萨斯,perturb_174,36.6992612183,44.0,False
缇缇,perturb_174,30.5624143254,48.0,False
缪尔赛思,perturb_174,41.355006297,40.0,False
能天使,perturb_174,70.5452107432,11.0,False
艾雅法拉,perturb_174,26.9344914999,54.0,False
荒芜拉普兰德,perturb_174,61.5397700607,22.0,False
诗怀雅,perturb_174,29.2426415675,51.0,False
谬因,perturb_174,29.6444511149,49.0,False
贝洛内,perturb_174,40.9448985358,41.0,False
赤刃明霄陈,perturb_174,72.3499760711,8.0,True
逻各斯,perturb_174,65.1376290334,15.0,False
酒神,perturb_174,53.946813624,31.0,False
重岳,perturb_174,56.573419627,28.0,False
铃兰,perturb_174,31.1670812447,47.0,False
银灰,perturb_174,46.8197000744,34.0,False
锏,perturb_174,32.7673262952,46.0,False
阿米娅,perturb_174,76.1311351073,6.0,True
陈,perturb_174,18.2995360904,58.0,False
霍尔海雅,perturb_174,18.576386827,57.0,False
黍,perturb_174,41.8026265614,39.0,False
Mon3tr,perturb_175,58.9505397465,26.0,False
W,perturb_175,60.390625,24.0,False
予愿安洁莉娜,perturb_175,75.6234488893,6.0,True
令,perturb_175,63.6408454954,17.0,False
伊芙利特,perturb_175,21.5867845008,56.0,False
余,perturb_175,27.462024895,53.0,False
佩佩,perturb_175,38.7390185667,43.0,False
凛御银灰,perturb_175,76.7636662169,4.0,True
凯尔希,perturb_175,62.6408693636,21.0,False
凯尔希·思衡托,perturb_175,82.3518881076,3.0,True
史尔特尔,perturb_175,70.8706008014,12.0,False
司霆惊蛰,perturb_175,43.4682572357,38.0,False
塑心,perturb_175,40.2597735504,41.0,False
塞雷娅,perturb_175,74.9191386405,7.0,True
夕,perturb_175,24.9823766829,55.0,False
夜莺,perturb_175,13.7503258485,60.0,False
娜斯提,perturb_175,36.2384349214,44.0,False
年,perturb_175,16.8782275662,59.0,False
幽灵鲨,perturb_175,51.3356560259,33.0,False
归溟幽灵鲨,perturb_175,54.2264143213,31.0,False
德克萨斯,perturb_175,63.532208515,18.0,False
怒潮凛冬,perturb_175,27.769885863,52.0,False
拉普兰德,perturb_175,43.474551009,37.0,False
斩业星熊,perturb_175,59.3887188765,25.0,False
斯卡蒂,perturb_175,45.7146502946,36.0,False
新约能天使,perturb_175,94.6889308483,1.0,True
望,perturb_175,66.4877091655,14.0,False
棘刺,perturb_175,63.1896085229,20.0,False
死芒,perturb_175,57.3353862526,28.0,False
泥岩,perturb_175,58.8332047459,27.0,False
浊心斯卡蒂,perturb_175,72.4779582559,8.0,True
温蒂,perturb_175,46.0693960168,34.0,False
焰狐龙梓兰,perturb_175,71.3724072138,11.0,False
煌,perturb_175,30.8866786579,49.0,False
玛恩纳,perturb_175,68.6645860406,13.0,False
真言,perturb_175,53.649885559,32.0,False
纯烬艾雅法拉,perturb_175,61.9335454667,23.0,False
结城理,perturb_175,64.4351124456,16.0,False
维什戴尔,perturb_175,92.8123993703,2.0,True
维娜·维多利亚,perturb_175,63.2826448757,19.0,False
缄默德克萨斯,perturb_175,35.5961824367,45.0,False
缇缇,perturb_175,32.2340981737,47.0,False
缪尔赛思,perturb_175,41.1594035737,40.0,False
能天使,perturb_175,71.4013212367,10.0,True
艾雅法拉,perturb_175,26.3198344595,54.0,False
荒芜拉普兰德,perturb_175,62.0796535631,22.0,False
诗怀雅,perturb_175,28.4059241058,51.0,False
谬因,perturb_175,30.9835081811,48.0,False
贝洛内,perturb_175,41.6373067026,39.0,False
赤刃明霄陈,perturb_175,71.8189223314,9.0,True
逻各斯,perturb_175,64.8883367127,15.0,False
酒神,perturb_175,55.6932581288,30.0,False
重岳,perturb_175,56.3732826818,29.0,False
铃兰,perturb_175,30.6297921944,50.0,False
银灰,perturb_175,45.9412978011,35.0,False
锏,perturb_175,32.6346371301,46.0,False
阿米娅,perturb_175,76.2225885627,5.0,True
陈,perturb_175,18.9664114207,57.0,False
霍尔海雅,perturb_175,18.0921326154,58.0,False
黍,perturb_175,39.5923140422,42.0,False
Mon3tr,perturb_176,59.0473523157,26.0,False
W,perturb_176,60.390625,24.0,False
予愿安洁莉娜,perturb_176,71.5672309297,8.0,True
令,perturb_176,60.597786359,23.0,False
伊芙利特,perturb_176,22.846994626,56.0,False
余,perturb_176,24.9111026313,54.0,False
佩佩,perturb_176,43.195445966,40.0,False
凛御银灰,perturb_176,78.0379838932,4.0,True
凯尔希,perturb_176,64.8553659299,18.0,False
凯尔希·思衡托,perturb_176,81.0537567196,3.0,True
史尔特尔,perturb_176,68.0404930746,14.0,False
司霆惊蛰,perturb_176,46.6488423513,35.0,False
塑心,perturb_176,43.8253220319,39.0,False
塞雷娅,perturb_176,75.3530312647,6.0,True
夕,perturb_176,23.0354395312,55.0,False
夜莺,perturb_176,14.9806237292,60.0,False
娜斯提,perturb_176,41.6258892332,41.0,False
年,perturb_176,16.1458728113,59.0,False
幽灵鲨,perturb_176,47.4738730046,33.0,False
归溟幽灵鲨,perturb_176,49.6193048917,32.0,False
德克萨斯,perturb_176,59.4000927584,25.0,False
怒潮凛冬,perturb_176,30.4422685155,50.0,False
拉普兰德,perturb_176,41.2625636376,42.0,False
斩业星熊,perturb_176,63.6266192166,19.0,False
斯卡蒂,perturb_176,44.015331061,38.0,False
新约能天使,perturb_176,94.069454667,1.0,True
望,perturb_176,69.3322454024,12.0,False
棘刺,perturb_176,65.9832668922,16.0,False
死芒,perturb_176,60.8813689392,22.0,False
泥岩,perturb_176,58.6347802541,27.0,False
浊心斯卡蒂,perturb_176,71.0732713294,9.0,True
温蒂,perturb_176,44.5468429612,36.0,False
焰狐龙梓兰,perturb_176,72.025447379,7.0,True
煌,perturb_176,28.4745499771,52.0,False
玛恩纳,perturb_176,69.134135645,13.0,False
真言,perturb_176,56.6188043487,29.0,False
纯烬艾雅法拉,perturb_176,55.6160806473,31.0,False
结城理,perturb_176,67.5906685899,15.0,False
维什戴尔,perturb_176,92.4324544366,2.0,True
维娜·维多利亚,perturb_176,57.7922795651,28.0,False
缄默德克萨斯,perturb_176,31.4982918751,49.0,False
缇缇,perturb_176,38.4443322733,44.0,False
缪尔赛思,perturb_176,39.7841423828,43.0,False
能天使,perturb_176,70.0167078694,10.0,True
艾雅法拉,perturb_176,27.3139378619,53.0,False
荒芜拉普兰德,perturb_176,61.9126284858,21.0,False
诗怀雅,perturb_176,29.7591725368,51.0,False
谬因,perturb_176,35.9580479916,46.0,False
贝洛内,perturb_176,44.2095734698,37.0,False
赤刃明霄陈,perturb_176,69.8460803695,11.0,False
逻各斯,perturb_176,65.291524715,17.0,False
酒神,perturb_176,62.1812248746,20.0,False
重岳,perturb_176,55.6297824782,30.0,False
铃兰,perturb_176,31.4987660088,48.0,False
银灰,perturb_176,47.3619643374,34.0,False
锏,perturb_176,32.8492393259,47.0,False
阿米娅,perturb_176,76.0746781262,5.0,True
陈,perturb_176,17.8878538003,58.0,False
霍尔海雅,perturb_176,18.8753315829,57.0,False
黍,perturb_176,36.2782945943,45.0,False
Mon3tr,perturb_177,59.0545340868,24.0,False
W,perturb_177,60.390625,23.0,False
予愿安洁莉娜,perturb_177,71.2663316845,8.0,True
令,perturb_177,57.3124120177,27.0,False
伊芙利特,perturb_177,24.207553795,55.0,False
余,perturb_177,24.7218695596,54.0,False
佩佩,perturb_177,43.5260336351,37.0,False
凛御银灰,perturb_177,78.132515605,4.0,True
凯尔希,perturb_177,67.2462002422,16.0,False
凯尔希·思衡托,perturb_177,81.1852652866,3.0,True
史尔特尔,perturb_177,64.9850272123,18.0,False
司霆惊蛰,perturb_177,46.8847852099,34.0,False
塑心,perturb_177,44.0898223268,36.0,False
塞雷娅,perturb_177,75.8214742461,6.0,True
夕,perturb_177,20.9334700736,56.0,False
夜莺,perturb_177,16.308888777,59.0,False
娜斯提,perturb_177,42.0255425437,41.0,False
年,perturb_177,15.3552015122,60.0,False
幽灵鲨,perturb_177,43.3045807625,38.0,False
归溟幽灵鲨,perturb_177,49.2775392953,32.0,False
德克萨斯,perturb_177,54.9389415046,31.0,False
怒潮凛冬,perturb_177,30.6405117882,51.0,False
拉普兰德,perturb_177,38.8744383244,44.0,False
斩业星熊,perturb_177,63.9409960638,19.0,False
斯卡蒂,perturb_177,42.180697044,40.0,False
新约能天使,perturb_177,93.9809142278,1.0,True
望,perturb_177,69.5432594098,12.0,False
棘刺,perturb_177,68.9993809777,13.0,False
死芒,perturb_177,61.1444178001,22.0,False
泥岩,perturb_177,58.4205554543,25.0,False
浊心斯卡蒂,perturb_177,69.556730842,11.0,False
温蒂,perturb_177,42.903050804,39.0,False
焰狐龙梓兰,perturb_177,72.0738913469,7.0,True
煌,perturb_177,25.8703463384,53.0,False
玛恩纳,perturb_177,69.6410749299,10.0,True
真言,perturb_177,56.8390453297,28.0,False
纯烬艾雅法拉,perturb_177,55.1474370945,30.0,False
结城理,perturb_177,67.8247547439,15.0,False
维什戴尔,perturb_177,92.0222549365,2.0,True
维娜·维多利亚,perturb_177,57.3849920884,26.0,False
缄默德克萨斯,perturb_177,31.1943012639,50.0,False
缇缇,perturb_177,38.9050212135,43.0,False
缪尔赛思,perturb_177,39.3670545476,42.0,False
能天使,perturb_177,68.521839375,14.0,False
艾雅法拉,perturb_177,28.3872005441,52.0,False
荒芜拉普兰德,perturb_177,61.9872770522,21.0,False
诗怀雅,perturb_177,31.220178542,49.0,False
谬因,perturb_177,36.3270703886,46.0,False
贝洛内,perturb_177,44.4003899241,35.0,False
赤刃明霄陈,perturb_177,69.6997305769,9.0,True
逻各斯,perturb_177,65.7268181018,17.0,False
酒神,perturb_177,62.6625166385,20.0,False
重岳,perturb_177,55.574627984,29.0,False
铃兰,perturb_177,32.4369351817,48.0,False
银灰,perturb_177,48.8957568719,33.0,False
锏,perturb_177,33.0809300411,47.0,False
阿米娅,perturb_177,75.9149897563,5.0,True
陈,perturb_177,16.7234119105,58.0,False
霍尔海雅,perturb_177,19.7208957591,57.0,False
黍,perturb_177,37.1442725003,45.0,False
Mon3tr,perturb_178,58.9568085759,24.0,False
W,perturb_178,60.390625,22.0,False
予愿安洁莉娜,perturb_178,75.3607997444,7.0,True
令,perturb_178,58.8654893102,25.0,False
伊芙利特,perturb_178,23.5643839973,55.0,False
余,perturb_178,27.2968469983,53.0,False
佩佩,perturb_178,39.0275821639,43.0,False
凛御银灰,perturb_178,76.846181124,4.0,True
凯尔希,perturb_178,66.1159940328,16.0,False
凯尔希·思衡托,perturb_178,83.6093634597,3.0,True
史尔特尔,perturb_178,66.4294211096,15.0,False
司霆惊蛰,perturb_178,43.6742072041,36.0,False
塑心,perturb_178,40.490650754,41.0,False
塞雷娅,perturb_178,75.6000297221,6.0,True
夕,perturb_178,21.9271227582,56.0,False
夜莺,perturb_178,15.680985205,60.0,False
娜斯提,perturb_178,36.5872845843,44.0,False
年,perturb_178,15.7289712909,59.0,False
幽灵鲨,perturb_178,45.2755077969,34.0,False
归溟幽灵鲨,perturb_178,53.9280937271,31.0,False
德克萨斯,perturb_178,57.0478374754,28.0,False
怒潮凛冬,perturb_178,27.9429285904,51.0,False
拉普兰德,perturb_178,40.0033639232,42.0,False
斩业星熊,perturb_178,59.66313236,23.0,False
斯卡蒂,perturb_178,43.0479736877,37.0,False
新约能天使,perturb_178,94.4252716302,1.0,True
望,perturb_178,66.6718992208,14.0,False
棘刺,perturb_178,67.5735896336,13.0,False
死芒,perturb_178,57.5649965274,27.0,False
泥岩,perturb_178,58.5218247885,26.0,False
浊心斯卡蒂,perturb_178,70.273636847,10.0,True
温蒂,perturb_178,43.6801118046,35.0,False
焰狐龙梓兰,perturb_178,71.4146930187,9.0,True
煌,perturb_178,27.1014174786,54.0,False
玛恩纳,perturb_178,69.4014322559,11.0,False
真言,perturb_178,53.8421296615,32.0,False
纯烬艾雅法拉,perturb_178,61.5244755526,21.0,False
结城理,perturb_178,64.6394417324,18.0,False
维什戴尔,perturb_178,92.2161663338,2.0,True
维娜·维多利亚,perturb_178,62.9271314964,19.0,False
缄默德克萨斯,perturb_178,35.3308348981,45.0,False
缇缇,perturb_178,32.6362246599,47.0,False
缪尔赛思,perturb_178,40.7498114642,40.0,False
能天使,perturb_178,69.2285004957,12.0,False
艾雅法拉,perturb_178,27.879842865,52.0,False
荒芜拉普兰德,perturb_178,62.571008179,20.0,False
诗怀雅,perturb_178,30.5295250532,50.0,False
谬因,perturb_178,31.3056207106,49.0,False
贝洛内,perturb_178,41.8038667035,38.0,False
赤刃明霄陈,perturb_178,71.6911764214,8.0,True
逻各斯,perturb_178,65.5210442068,17.0,False
酒神,perturb_178,56.1133684224,30.0,False
重岳,perturb_178,56.3251393881,29.0,False
铃兰,perturb_178,31.9934395286,48.0,False
银灰,perturb_178,48.1706953996,33.0,False
锏,perturb_178,32.9714041389,46.0,False
阿米娅,perturb_178,75.9904783781,5.0,True
陈,perturb_178,17.2738722446,58.0,False
霍尔海雅,perturb_178,19.3211767667,57.0,False
黍,perturb_178,41.3524221365,39.0,False
Mon3tr,perturb_179,58.9587164265,26.0,False
W,perturb_179,60.390625,24.0,False
予愿安洁莉娜,perturb_179,75.2808653136,6.0,True
令,perturb_179,63.5662056423,17.0,False
伊芙利特,perturb_179,21.6176948099,56.0,False
余,perturb_179,27.2465768893,53.0,False
佩佩,perturb_179,39.1154033784,43.0,False
凛御银灰,perturb_179,76.8712936448,4.0,True
凯尔希,perturb_179,62.695186316,21.0,False
凯尔希·思衡托,perturb_179,83.2936681489,3.0,True
史尔特尔,perturb_179,70.8011841994,12.0,False
司霆惊蛰,perturb_179,43.7368858529,37.0,False
塑心,perturb_179,40.5609157376,41.0,False
塞雷娅,perturb_179,74.9297811159,7.0,True
夕,perturb_179,24.9346224013,55.0,False
夜莺,perturb_179,13.7805024731,60.0,False
娜斯提,perturb_179,36.6934532118,44.0,False
年,perturb_179,16.8602644413,59.0,False
幽灵鲨,perturb_179,51.2409345945,33.0,False
归溟幽灵鲨,perturb_179,53.8373030759,32.0,False
德克萨斯,perturb_179,63.430856389,18.0,False
怒潮凛冬,perturb_179,27.9955922757,52.0,False
拉普兰德,perturb_179,43.4202956019,38.0,False
斩业星熊,perturb_179,59.7466471402,25.0,False
斯卡蒂,perturb_179,45.6729695607,36.0,False
新约能天使,perturb_179,94.4603532613,1.0,True
望,perturb_179,66.727955475,14.0,False
棘刺,perturb_179,63.2581310987,19.0,False
死芒,perturb_179,57.6348759349,28.0,False
泥岩,perturb_179,58.8283378096,27.0,False
浊心斯卡蒂,perturb_179,72.4435042341,8.0,True
温蒂,perturb_179,46.0320509862,34.0,False
焰狐龙梓兰,perturb_179,71.4275622467,10.0,True
煌,perturb_179,30.8275142045,49.0,False
玛恩纳,perturb_179,68.6761031068,13.0,False
真言,perturb_179,53.900637078,31.0,False
纯烬艾雅法拉,perturb_179,61.3999795419,23.0,False
结城理,perturb_179,64.7016271442,16.0,False
维什戴尔,perturb_179,92.8030801186,2.0,True
维娜·维多利亚,perturb_179,62.8189348388,20.0,False
缄默德克萨斯,perturb_179,35.2500792403,45.0,False
缇缇,perturb_179,32.7586075133,46.0,False
缪尔赛思,perturb_179,41.0588543948,40.0,False
能天使,perturb_179,71.3673595772,11.0,False
艾雅法拉,perturb_179,26.3442177293,54.0,False
荒芜拉普兰德,perturb_179,62.4595218284,22.0,False
诗怀雅,perturb_179,28.4391164493,51.0,False
谬因,perturb_179,31.4036521804,48.0,False
贝洛内,perturb_179,41.854557441,39.0,False
赤刃明霄陈,perturb_179,71.6522983333,9.0,True
逻各斯,perturb_179,64.8982260681,15.0,False
酒神,perturb_179,56.2412244532,30.0,False
重岳,perturb_179,56.3104874966,29.0,False
铃兰,perturb_179,30.6511062981,50.0,False
银灰,perturb_179,45.9761437692,35.0,False
锏,perturb_179,32.6399008715,47.0,False
阿米娅,perturb_179,76.2189606301,5.0,True
陈,perturb_179,18.9399566662,57.0,False
霍尔海雅,perturb_179,18.1113428421,58.0,False
黍,perturb_179,39.219618066,42.0,False
Mon3tr,perturb_180,58.9730033068,26.0,False
W,perturb_180,60.390625,24.0,False
予愿安洁莉娜,perturb_180,74.6822787742,7.0,True
令,perturb_180,65.2116993431,16.0,False
伊芙利特,perturb_180,20.9362529681,56.0,False
余,perturb_180,26.8701307156,53.0,False
佩佩,perturb_180,39.7730498565,42.0,False
凛御银灰,perturb_180,77.0593479889,4.0,True
凯尔希,perturb_180,61.4977267903,22.0,False
凯尔希·思衡托,perturb_180,81.9103540208,3.0,True
史尔特尔,perturb_180,72.3315272615,9.0,True
司霆惊蛰,perturb_180,44.2062529965,38.0,False
塑心,perturb_180,41.0870929174,40.0,False
塞雷娅,perturb_180,74.6951594579,6.0,True
夕,perturb_180,25.9874027369,54.0,False
夜莺,perturb_180,13.1152352791,60.0,False
娜斯提,perturb_180,37.4884937311,44.0,False
年,perturb_180,17.2562755216,59.0,False
幽灵鲨,perturb_180,53.3291423323,32.0,False
归溟幽灵鲨,perturb_180,53.1574200623,33.0,False
德克萨斯,perturb_180,65.6652429531,15.0,False
怒潮凛冬,perturb_180,28.3899626719,51.0,False
拉普兰德,perturb_180,44.6163983139,37.0,False
斩业星熊,perturb_180,60.3720450169,25.0,False
斯卡蒂,perturb_180,46.5918538048,35.0,False
新约能天使,perturb_180,94.5660504183,1.0,True
望,perturb_180,67.1477310194,14.0,False
棘刺,perturb_180,61.7474975413,21.0,False
死芒,perturb_180,58.1581657399,28.0,False
泥岩,perturb_180,58.9356332109,27.0,False
浊心斯卡蒂,perturb_180,73.2030699821,8.0,True
温蒂,perturb_180,46.8553512738,34.0,False
焰狐龙梓兰,perturb_180,71.5239330671,11.0,False
煌,perturb_180,32.1318406641,49.0,False
玛恩纳,perturb_180,68.4222004117,13.0,False
真言,perturb_180,54.3387680763,31.0,False
纯烬艾雅法拉,perturb_180,60.4676949748,23.0,False
结城理,perturb_180,65.167300698,17.0,False
维什戴尔,perturb_180,93.0085302814,2.0,True
维娜·维多利亚,perturb_180,62.0087074781,19.0,False
缄默德克萨斯,perturb_180,34.6453429676,45.0,False
缇缇,perturb_180,33.6750677667,46.0,False
缪尔赛思,perturb_180,41.0323693153,41.0,False
能天使,perturb_180,72.1160708154,10.0,True
艾雅法拉,perturb_180,25.8066695539,55.0,False
荒芜拉普兰德,perturb_180,61.9893343453,20.0,False
诗怀雅,perturb_180,27.7073653827,52.0,False
谬因,perturb_180,32.1377578424,48.0,False
贝洛内,perturb_180,42.234153478,39.0,False
赤刃明霄陈,perturb_180,71.3611609599,12.0,False
逻各斯,perturb_180,64.6802075255,18.0,False
酒神,perturb_180,57.1986704291,29.0,False
重岳,perturb_180,56.2007672551,30.0,False
铃兰,perturb_180,30.1812202809,50.0,False
银灰,perturb_180,45.2079372601,36.0,False
锏,perturb_180,32.5238575922,47.0,False
阿米娅,perturb_180,76.2989412288,5.0,True
陈,perturb_180,19.5231723353,57.0,False
霍尔海雅,perturb_180,17.687838431,58.0,False
黍,perturb_180,37.7575365278,43.0,False
Mon3tr,perturb_181,58.9906885191,26.0,False
W,perturb_181,60.390625,23.0,False
予愿安洁莉娜,perturb_181,73.9413101562,7.0,True
令,perturb_181,60.7664704748,22.0,False
伊芙利特,perturb_181,22.7771381358,56.0,False
余,perturb_181,26.4041416186,54.0,False
佩佩,perturb_181,40.5871266354,41.0,False
凛御银灰,perturb_181,77.292133657,4.0,True
凯尔希,perturb_181,64.732611038,18.0,False
凯尔希·思衡托,perturb_181,82.7779781731,3.0,True
史尔特尔,perturb_181,68.1973727796,13.0,False
司霆惊蛰,perturb_181,44.7872656001,35.0,False
塑心,perturb_181,41.7384286092,39.0,False
塞雷娅,perturb_181,75.3289795489,6.0,True
夕,perturb_181,23.1433629586,55.0,False
夜莺,perturb_181,14.9124253469,60.0,False
娜斯提,perturb_181,38.4726456223,44.0,False
年,perturb_181,16.1864690037,59.0,False
幽灵鲨,perturb_181,47.6879409623,33.0,False
归溟幽灵鲨,perturb_181,52.3158174805,32.0,False
德克萨斯,perturb_181,59.6291459124,24.0,False
怒潮凛冬,perturb_181,28.8781395156,51.0,False
拉普兰德,perturb_181,41.3851794388,40.0,False
斩业星熊,perturb_181,61.146202419,20.0,False
斯卡蒂,perturb_181,44.1095284294,37.0,False
新约能天使,perturb_181,94.258955828,1.0,True
望,perturb_181,67.6673559767,14.0,False
棘刺,perturb_181,65.8284076631,15.0,False
死芒,perturb_181,58.8059272549,27.0,False
泥岩,perturb_181,58.6457794028,28.0,False
浊心斯卡蒂,perturb_181,71.1511365175,9.0,True
温蒂,perturb_181,44.6312417535,36.0,False
焰狐龙梓兰,perturb_181,71.6432270186,8.0,True
煌,perturb_181,28.6082600943,52.0,False
玛恩纳,perturb_181,69.1081073767,12.0,False
真言,perturb_181,54.8811145859,31.0,False
纯烬艾雅法拉,perturb_181,59.313653643,25.0,False
结城理,perturb_181,65.7437411405,16.0,False
维什戴尔,perturb_181,92.4535157017,2.0,True
维娜·维多利亚,perturb_181,61.0057563456,21.0,False
缄默德克萨斯,perturb_181,33.8967618173,46.0,False
缇缇,perturb_181,34.8095207532,45.0,False
缪尔赛思,perturb_181,40.4601642059,42.0,False
能天使,perturb_181,70.0934603317,11.0,False
艾雅法拉,perturb_181,27.2588323099,53.0,False
荒芜拉普兰德,perturb_181,62.3761174358,19.0,False
诗怀雅,perturb_181,29.6841587087,50.0,False
谬因,perturb_181,33.0464806786,47.0,False
贝洛内,perturb_181,42.7040416769,38.0,False
赤刃明霄陈,perturb_181,71.0007725398,10.0,True
逻各斯,perturb_181,65.2691750305,17.0,False
酒神,perturb_181,58.3838581584,29.0,False
重岳,perturb_181,56.0649485383,30.0,False
铃兰,perturb_181,31.450596692,49.0,False
银灰,perturb_181,47.2832133608,34.0,False
锏,perturb_181,32.837343408,48.0,False
阿米娅,perturb_181,76.0828771588,5.0,True
陈,perturb_181,17.9476408535,58.0,False
霍尔海雅,perturb_181,18.831916973,57.0,False
黍,perturb_181,38.8709982565,43.0,False
Mon3tr,perturb_182,58.9177268652,25.0,False
W,perturb_182,60.390625,23.0,False
予愿安洁莉娜,perturb_182,76.9982311047,4.0,True
令,perturb_182,61.124931236,22.0,False
伊芙利特,perturb_182,22.628690189,56.0,False
余,perturb_182,28.326614174,52.0,False
佩佩,perturb_182,37.2285925506,43.0,False
凛御银灰,perturb_182,76.3317591311,5.0,True
凯尔希,perturb_182,64.4717517878,18.0,False
凯尔希·思衡托,perturb_182,82.4094697315,3.0,True
史尔特尔,perturb_182,68.5307486769,13.0,False
司霆惊蛰,perturb_182,42.3902550437,38.0,False
塑心,perturb_182,39.0512949407,42.0,False
塞雷娅,perturb_182,75.2778686525,7.0,True
夕,perturb_182,23.3727047302,55.0,False
夜莺,perturb_182,14.7675009485,60.0,False
娜斯提,perturb_182,34.4124540574,45.0,False
年,perturb_182,16.2727376009,59.0,False
幽灵鲨,perturb_182,48.1428442748,33.0,False
归溟幽灵鲨,perturb_182,55.7879113049,30.0,False
德克萨斯,perturb_182,60.1158933901,24.0,False
怒潮凛冬,perturb_182,26.8641297671,54.0,False
拉普兰德,perturb_182,41.6457431154,39.0,False
斩业星熊,perturb_182,57.9523586817,27.0,False
斯卡蒂,perturb_182,44.3097017545,36.0,False
新约能天使,perturb_182,94.9659355276,1.0,True
望,perturb_182,65.5236047045,14.0,False
棘刺,perturb_182,65.4993253612,15.0,False
死芒,perturb_182,56.1335391176,29.0,False
泥岩,perturb_182,58.6691530512,26.0,False
浊心斯卡蒂,perturb_182,71.3166032805,9.0,True
温蒂,perturb_182,44.810592697,35.0,False
焰狐龙梓兰,perturb_182,71.1510709804,10.0,True
煌,perturb_182,28.8923996539,51.0,False
玛恩纳,perturb_182,69.052796224,12.0,False
真言,perturb_182,52.643623866,32.0,False
纯烬艾雅法拉,perturb_182,64.0747366864,19.0,False
结城理,perturb_182,63.3655933738,20.0,False
维什戴尔,perturb_182,92.4982717659,2.0,True
维娜·维多利亚,perturb_182,65.1435055741,17.0,False
缄默德克萨斯,perturb_182,36.985088832,44.0,False
缇缇,perturb_182,30.1292508802,48.0,False
缪尔赛思,perturb_182,41.4065029233,40.0,False
能天使,perturb_182,70.256562506,11.0,False
艾雅法拉,perturb_182,27.1417307202,53.0,False
荒芜拉普兰德,perturb_182,61.9918547382,21.0,False
诗怀雅,perturb_182,29.5247512043,49.0,False
谬因,perturb_182,29.2974772701,50.0,False
贝洛内,perturb_182,40.7654830876,41.0,False
赤刃明霄陈,perturb_182,72.4875816762,8.0,True
逻各斯,perturb_182,65.2216810214,16.0,False
酒神,perturb_182,53.4942783439,31.0,False
重岳,perturb_182,56.6252787203,28.0,False
铃兰,perturb_182,31.3482348906,47.0,False
银灰,perturb_182,47.1158642608,34.0,False
锏,perturb_182,32.8120640877,46.0,False
阿米娅,perturb_182,76.1003004441,6.0,True
陈,perturb_182,18.074690828,58.0,False
霍尔海雅,perturb_182,18.7396591214,57.0,False
黍,perturb_182,42.4487300206,37.0,False
Mon3tr,perturb_183,59.0077017489,26.0,False
W,perturb_183,60.390625,21.0,False
予愿安洁莉娜,perturb_183,73.2284960176,7.0,True
令,perturb_183,59.6770316947,23.0,False
伊芙利特,perturb_183,23.2283031378,55.0,False
余,perturb_183,25.9558586432,54.0,False
佩佩,perturb_183,41.3702710545,40.0,False
凛御银灰,perturb_183,77.5160742011,4.0,True
凯尔希,perturb_183,65.5254179897,17.0,False
凯尔希·思衡托,perturb_183,82.1770365798,3.0,True
史尔特尔,perturb_183,67.1841722564,14.0,False
司霆惊蛰,perturb_183,45.3462015503,35.0,False
塑心,perturb_183,42.3650155911,39.0,False
塞雷娅,perturb_183,75.4843164746,6.0,True
夕,perturb_183,22.4463443533,56.0,False
夜莺,perturb_183,15.3528815333,60.0,False
娜斯提,perturb_183,39.4194028337,43.0,False
年,perturb_183,15.9242803195,59.0,False
幽灵鲨,perturb_183,46.3053926795,34.0,False
归溟幽灵鲨,perturb_183,51.5061931527,32.0,False
德克萨斯,perturb_183,58.149816413,29.0,False
怒潮凛冬,perturb_183,29.347767173,51.0,False
拉普兰德,perturb_183,40.5932707984,41.0,False
斩业星熊,perturb_183,61.8909442722,20.0,False
斯卡蒂,perturb_183,43.5011589598,37.0,False
新约能天使,perturb_183,94.2126043998,1.0,True
望,perturb_183,68.1672368183,13.0,False
棘刺,perturb_183,66.8285590335,15.0,False
死芒,perturb_183,59.4290758676,25.0,False
泥岩,perturb_183,58.5747418953,27.0,False
浊心斯卡蒂,perturb_183,70.6482476997,10.0,True
温蒂,perturb_183,44.086155947,36.0,False
焰狐龙梓兰,perturb_183,71.7579881748,8.0,True
煌,perturb_183,27.7446993123,52.0,False
玛恩纳,perturb_183,69.276209778,12.0,False
真言,perturb_183,55.4028536321,31.0,False
纯烬艾雅法拉,perturb_183,58.2034622559,28.0,False
结城理,perturb_183,66.2982786572,16.0,False
维什戴尔,perturb_183,92.3174924676,2.0,True
维娜·维多利亚,perturb_183,60.0409142049,22.0,False
缄默德克萨斯,perturb_183,33.1766243987,47.0,False
缇缇,perturb_183,35.9008680905,45.0,False
缪尔赛思,perturb_183,40.1619821853,42.0,False
能天使,perturb_183,69.5977580038,11.0,False
艾雅法拉,perturb_183,27.6147290406,53.0,False
荒芜拉普兰德,perturb_183,62.2070631902,19.0,False
诗怀雅,perturb_183,30.168632146,50.0,False
谬因,perturb_183,33.9206749021,46.0,False
贝洛内,perturb_183,43.1560756007,38.0,False
赤刃明霄陈,perturb_183,70.6540777474,9.0,True
逻各斯,perturb_183,65.4135194634,18.0,False
酒神,perturb_183,59.5240124777,24.0,False
重岳,perturb_183,55.934290506,30.0,False
铃兰,perturb_183,31.7616960594,49.0,False
银灰,perturb_183,47.7918230029,33.0,False
锏,perturb_183,32.914172659,48.0,False
阿米娅,perturb_183,76.029924075,5.0,True
陈,perturb_183,17.5615088576,58.0,False
霍尔海雅,perturb_183,19.1123082797,57.0,False
黍,perturb_183,38.4858929399,44.0,False
Mon3tr,perturb_184,59.0434334668,24.0,False
W,perturb_184,60.390625,23.0,False
予愿安洁莉娜,perturb_184,71.7314214415,8.0,True
令,perturb_184,56.305749981,28.0,False
伊芙利特,perturb_184,24.6244387895,55.0,False
余,perturb_184,25.0143606998,54.0,False
佩佩,perturb_184,43.0150554882,37.0,False
凛御银灰,perturb_184,77.9864011446,4.0,True
凯尔希,perturb_184,67.9787688595,15.0,False
凯尔希·思衡托,perturb_184,81.2467699213,3.0,True
史尔特尔,perturb_184,64.0488107667,18.0,False
司霆惊蛰,perturb_184,46.5200963363,34.0,False
塑心,perturb_184,43.6809931925,36.0,False
塞雷娅,perturb_184,75.9650085033,5.0,True
夕,perturb_184,20.2894116999,56.0,False
夜莺,perturb_184,16.7158786233,58.0,False
娜斯提,perturb_184,41.4078119775,41.0,False
年,perturb_184,15.1129342094,60.0,False
幽灵鲨,perturb_184,42.0270800019,39.0,False
归溟幽灵鲨,perturb_184,49.8057947852,32.0,False
德克萨斯,perturb_184,53.5720130695,31.0,False
怒潮凛冬,perturb_184,30.3340938858,51.0,False
拉普兰德,perturb_184,38.1426997637,44.0,False
斩业星熊,perturb_184,63.4550744345,19.0,False
斯卡蒂,perturb_184,41.6185521484,40.0,False
新约能天使,perturb_184,94.0671875618,1.0,True
望,perturb_184,69.2171022159,12.0,False
棘刺,perturb_184,69.9235397593,10.0,True
死芒,perturb_184,60.7378320982,22.0,False
泥岩,perturb_184,58.3549154539,25.0,False
浊心斯卡蒂,perturb_184,69.0920520635,13.0,False
温蒂,perturb_184,42.39938121,38.0,False
焰狐龙梓兰,perturb_184,71.9990131489,7.0,True
煌,perturb_184,25.0723998439,53.0,False
玛恩纳,perturb_184,69.7964047279,11.0,False
真言,perturb_184,56.4986263157,27.0,False
纯烬艾雅法拉,perturb_184,55.8718035382,29.0,False
结城理,perturb_184,67.4629357156,16.0,False
维什戴尔,perturb_184,91.8965668957,2.0,True
维娜·维多利亚,perturb_184,58.0145225263,26.0,False
缄默德克萨斯,perturb_184,31.6641692406,50.0,False
缇缇,perturb_184,38.1929499448,43.0,False
缪尔赛思,perturb_184,39.4111328718,42.0,False
能天使,perturb_184,68.0638010492,14.0,False
艾雅法拉,perturb_184,28.7160558541,52.0,False
荒芜拉普兰德,perturb_184,61.9734714555,20.0,False
诗怀雅,perturb_184,31.6678411607,49.0,False
谬因,perturb_184,35.7566849865,46.0,False
贝洛内,perturb_184,44.1054514031,35.0,False
赤刃明霄陈,perturb_184,69.9259384873,9.0,True
逻各斯,perturb_184,65.8601950877,17.0,False
酒神,perturb_184,61.918600284,21.0,False
重岳,perturb_184,55.659878415,30.0,False
铃兰,perturb_184,32.7243968808,48.0,False
银灰,perturb_184,49.3657218001,33.0,False
锏,perturb_184,33.1519217221,47.0,False
阿米娅,perturb_184,75.8660601054,6.0,True
陈,perturb_184,16.3666186436,59.0,False
霍尔海雅,perturb_184,19.9799826294,57.0,False
黍,perturb_184,38.0199914235,45.0,False
Mon3tr,perturb_185,59.0145469886,26.0,False
W,perturb_185,60.390625,21.0,False
予愿安洁莉娜,perturb_185,72.9416966426,7.0,True
令,perturb_185,59.1638608926,25.0,False
伊芙利特,perturb_185,23.4408205461,55.0,False
余,perturb_185,25.7754928645,54.0,False
佩佩,perturb_185,41.6853676804,40.0,False
凛御银灰,perturb_185,77.6061762411,4.0,True
凯尔希,perturb_185,65.8988629108,17.0,False
凯尔希·思衡托,perturb_185,81.6729797172,3.0,True
史尔特尔,perturb_185,66.7069128318,15.0,False
司霆惊蛰,perturb_185,45.571088337,35.0,False
塑心,perturb_185,42.6171216382,39.0,False
塞雷娅,perturb_185,75.5574866025,6.0,True
夕,perturb_185,22.1180197118,56.0,False
夜莺,perturb_185,15.5603546458,60.0,False
娜斯提,perturb_185,39.8003287467,43.0,False
年,perturb_185,15.8007785865,59.0,False
幽灵鲨,perturb_185,45.6541551577,34.0,False
归溟幽灵鲨,perturb_185,51.1804423872,32.0,False
德克萨斯,perturb_185,57.4529909284,29.0,False
怒潮凛冬,perturb_185,29.5367209428,51.0,False
拉普兰德,perturb_185,40.220249019,41.0,False
斩业星熊,perturb_185,62.1905897008,19.0,False
斯卡蒂,perturb_185,43.2145917342,38.0,False
新约能天使,perturb_185,94.242913333,1.0,True
望,perturb_185,68.3683628976,13.0,False
棘刺,perturb_185,67.2996717665,14.0,False
死芒,perturb_185,59.6797984935,23.0,False
泥岩,perturb_185,58.541280286,27.0,False
浊心斯卡蒂,perturb_185,70.4113662313,10.0,True
温蒂,perturb_185,43.8293979486,36.0,False
焰狐龙梓兰,perturb_185,71.8041621016,8.0,True
煌,perturb_185,27.3379264057,53.0,False
玛恩纳,perturb_185,69.3553929737,12.0,False
真言,perturb_185,55.6127743173,31.0,False
纯烬艾雅法拉,perturb_185,57.7567789218,28.0,False
结城理,perturb_185,66.5213957429,16.0,False
维什戴尔,perturb_185,92.2534198888,2.0,True
维娜·维多利亚,perturb_185,59.652711856,24.0,False
缄默德克萨斯,perturb_185,32.8868785163,48.0,False
缇缇,perturb_185,36.339969558,45.0,False
缪尔赛思,perturb_185,40.0334866727,42.0,False
能天使,perturb_185,69.3642616699,11.0,False
艾雅法拉,perturb_185,27.782371146,52.0,False
荒芜拉普兰德,perturb_185,62.0388654083,20.0,False
诗怀雅,perturb_185,30.3968392073,50.0,False
谬因,perturb_185,34.2724052388,46.0,False
贝洛内,perturb_185,43.3379505661,37.0,False
赤刃明霄陈,perturb_185,70.5145857754,9.0,True
逻各斯,perturb_185,65.4815116717,18.0,False
酒神,perturb_185,59.982751339,22.0,False
重岳,perturb_185,55.8817205022,30.0,False
铃兰,perturb_185,31.9082367507,49.0,False
银灰,perturb_185,48.0313992166,33.0,False
锏,perturb_185,32.9503624194,47.0,False
阿米娅,perturb_185,76.0049809786,5.0,True
陈,perturb_185,17.3796246896,58.0,False
霍尔海雅,perturb_185,19.2443842021,57.0,False
黍,perturb_185,38.3564657484,44.0,False
Mon3tr,perturb_186,58.9852851016,26.0,False
W,perturb_186,60.390625,24.0,False
予愿安洁莉娜,perturb_186,74.1677005852,7.0,True
令,perturb_186,61.6856316029,20.0,False
伊芙利特,perturb_186,22.3964895488,56.0,False
余,perturb_186,26.5465167058,54.0,False
佩佩,perturb_186,40.3383992444,42.0,False
凛御银灰,perturb_186,77.2210099333,4.0,True
凯尔希,perturb_186,64.0637186271,18.0,False
凯尔希·思衡托,perturb_186,82.3364695039,3.0,True
史尔特尔,perturb_186,69.0522115765,12.0,False
司霆惊蛰,perturb_186,44.609747026,37.0,False
塑心,perturb_186,41.5394240048,40.0,False
塞雷娅,perturb_186,75.1979215523,6.0,True
夕,perturb_186,23.7314385985,55.0,False
夜莺,perturb_186,14.5408118037,60.0,False
娜斯提,perturb_186,38.1719546572,44.0,False
年,perturb_186,16.4076779887,59.0,False
幽灵鲨,perturb_186,48.8543990163,33.0,False
归溟幽灵鲨,perturb_186,52.5729549151,32.0,False
德克萨斯,perturb_186,60.8772584235,23.0,False
怒潮凛冬,perturb_186,28.7289853377,52.0,False
拉普兰德,perturb_186,42.0533139431,39.0,False
斩业星熊,perturb_186,60.9096717184,22.0,False
斯卡蒂,perturb_186,44.6228106608,36.0,False
新约能天使,perturb_186,94.384442523,1.0,True
望,perturb_186,67.5085933596,14.0,False
棘刺,perturb_186,64.984578456,17.0,False
死芒,perturb_186,58.6080146798,28.0,False
泥岩,perturb_186,58.7057138541,27.0,False
浊心斯卡蒂,perturb_186,71.5754245652,9.0,True
温蒂,perturb_186,45.0911314636,35.0,False
焰狐龙梓兰,perturb_186,71.6067787694,8.0,True
煌,perturb_186,29.3368476176,50.0,False
玛恩纳,perturb_186,68.9662791292,13.0,False
真言,perturb_186,54.7154097828,31.0,False
纯烬艾雅法拉,perturb_186,59.6662514532,25.0,False
结城理,perturb_186,65.5676195128,15.0,False
维什戴尔,perturb_186,92.5682787077,2.0,True
维娜·维多利亚,perturb_186,61.3121911009,21.0,False
缄默德克萨斯,perturb_186,34.1254781267,46.0,False
缇缇,perturb_186,34.4629078305,45.0,False
缪尔赛思,perturb_186,40.6000848932,41.0,False
能天使,perturb_186,70.5116851271,11.0,False
艾雅法拉,perturb_186,26.9585617059,53.0,False
荒芜拉普兰德,perturb_186,62.1910408245,19.0,False
诗怀雅,perturb_186,29.275407745,51.0,False
谬因,perturb_186,32.7688357855,48.0,False
贝洛内,perturb_186,42.5604752851,38.0,False
赤刃明霄陈,perturb_186,71.1108831262,10.0,True
逻各斯,perturb_186,65.1473914166,16.0,False
酒神,perturb_186,58.0217440932,29.0,False
重岳,perturb_186,56.1064456501,30.0,False
铃兰,perturb_186,31.1881216905,49.0,False
银灰,perturb_186,46.8540986452,34.0,False
锏,perturb_186,32.772522454,47.0,False
阿米娅,perturb_186,76.1275537548,5.0,True
陈,perturb_186,18.273420996,58.0,False
霍尔海雅,perturb_186,18.5953504081,57.0,False
黍,perturb_186,38.74920433,43.0,False
Mon3tr,perturb_187,58.9084822219,25.0,False
W,perturb_187,60.390625,23.0,False
予愿安洁莉娜,perturb_187,77.3855598219,4.0,True
令,perturb_187,61.1569302269,22.0,False
伊芙利特,perturb_187,22.6154385726,56.0,False
余,perturb_187,28.5702020329,52.0,False
佩佩,perturb_187,36.8030477883,44.0,False
凛御银灰,perturb_187,76.2100743904,5.0,True
凯尔希,perturb_187,64.4484654656,19.0,False
凯尔希·思衡托,perturb_187,81.8757907319,3.0,True
史尔特尔,perturb_187,68.560508398,13.0,False
司霆惊蛰,perturb_187,42.086540607,38.0,False
塑心,perturb_187,38.7108203082,42.0,False
塞雷娅,perturb_187,75.273306097,7.0,True
夕,perturb_187,23.3931775575,55.0,False
夜莺,perturb_187,14.7545638714,60.0,False
娜斯提,perturb_187,33.8980054286,45.0,False
年,perturb_187,16.2804386058,59.0,False
幽灵鲨,perturb_187,48.1834524767,33.0,False
归溟幽灵鲨,perturb_187,56.2278447115,29.0,False
德克萨斯,perturb_187,60.1593442495,24.0,False
怒潮凛冬,perturb_187,26.6089436418,54.0,False
拉普兰德,perturb_187,41.6690030524,39.0,False
斩业星熊,perturb_187,57.5476810932,27.0,False
斯卡蒂,perturb_187,44.3275707798,36.0,False
新约能天使,perturb_187,95.1275046327,1.0,True
望,perturb_187,65.2519796137,16.0,False
棘刺,perturb_187,65.4699489196,15.0,False
死芒,perturb_187,55.794932825,30.0,False
泥岩,perturb_187,58.6712395645,26.0,False
浊心斯卡蒂,perturb_187,71.3313741286,9.0,True
温蒂,perturb_187,44.8266029548,35.0,False
焰狐龙梓兰,perturb_187,71.0887121003,10.0,True
煌,perturb_187,28.9177641573,50.0,False
玛恩纳,perturb_187,69.047858721,12.0,False
真言,perturb_187,52.360121471,32.0,False
纯烬艾雅法拉,perturb_187,64.677992125,18.0,False
结城理,perturb_187,63.0642689565,20.0,False
维什戴尔,perturb_187,92.5022670397,2.0,True
维娜·维多利亚,perturb_187,65.6677811859,14.0,False
缄默德克萨斯,perturb_187,37.3763968707,43.0,False
缇缇,perturb_187,29.5362349153,48.0,False
缪尔赛思,perturb_187,41.5313202152,40.0,False
能天使,perturb_187,70.2711222725,11.0,False
艾雅法拉,perturb_187,27.1312773231,53.0,False
荒芜拉普兰德,perturb_187,61.7643692663,21.0,False
诗怀雅,perturb_187,29.5105212527,49.0,False
谬因,perturb_187,28.8224578943,51.0,False
贝洛内,perturb_187,40.5198570396,41.0,False
赤刃明霄陈,perturb_187,72.6759685809,8.0,True
逻各斯,perturb_187,65.2174413374,17.0,False
酒神,perturb_187,52.8747416568,31.0,False
重岳,perturb_187,56.6962756398,28.0,False
铃兰,perturb_187,31.3390972814,47.0,False
银灰,perturb_187,47.1009253807,34.0,False
锏,perturb_187,32.8098074593,46.0,False
阿米娅,perturb_187,76.1018557819,6.0,True
陈,perturb_187,18.0860322952,58.0,False
霍尔海雅,perturb_187,18.7314234692,57.0,False
黍,perturb_187,42.9347777688,37.0,False
Mon3tr,perturb_188,59.0183572839,27.0,False
W,perturb_188,60.390625,22.0,False
予愿安洁莉娜,perturb_188,72.7820542711,7.0,True
令,perturb_188,60.6789420924,21.0,False
伊芙利特,perturb_188,22.8133859209,56.0,False
余,perturb_188,25.6750950841,54.0,False
佩佩,perturb_188,41.8607612726,40.0,False
凛御银灰,perturb_188,77.6563301278,4.0,True
凯尔希,perturb_188,64.7963072376,18.0,False
凯尔希·思衡托,perturb_188,80.499040419,3.0,True
史尔特尔,perturb_188,68.1159695797,14.0,False
司霆惊蛰,perturb_188,45.6962680379,35.0,False
塑心,perturb_188,42.7574525132,39.0,False
塞雷娅,perturb_188,75.3414597268,6.0,True
夕,perturb_188,23.0873626472,55.0,False
夜莺,perturb_188,14.9478127576,60.0,False
娜斯提,perturb_188,40.0123651785,43.0,False
年,perturb_188,16.1654040739,59.0,False
幽灵鲨,perturb_188,47.5768633901,33.0,False
归溟幽灵鲨,perturb_188,50.9991183354,32.0,False
德克萨斯,perturb_188,59.5102926822,25.0,False
怒潮凛冬,perturb_188,29.6418990936,51.0,False
拉普兰德,perturb_188,41.3215554118,41.0,False
斩业星熊,perturb_188,62.3573826265,19.0,False
斯卡蒂,perturb_188,44.0606504231,37.0,False
新约能天使,perturb_188,94.4238734376,1.0,True
望,perturb_188,68.4803165735,13.0,False
棘刺,perturb_188,65.9087624597,16.0,False
死芒,perturb_188,59.8193593089,24.0,False
泥岩,perturb_188,58.6400720622,28.0,False
浊心斯卡蒂,perturb_188,71.1107331047,9.0,True
温蒂,perturb_188,44.5874481234,36.0,False
焰狐龙梓兰,perturb_188,71.8298640934,8.0,True
煌,perturb_188,28.5388793455,52.0,False
玛恩纳,perturb_188,69.1216131666,12.0,False
真言,perturb_188,55.7296233726,31.0,False
纯烬艾雅法拉,perturb_188,57.5081396534,29.0,False
结城理,perturb_188,66.6455903674,15.0,False
维什戴尔,perturb_188,92.4425872366,2.0,True
维娜·维多利亚,perturb_188,59.4366251102,26.0,False
缄默德克萨斯,perturb_188,32.7255960176,48.0,False
缇缇,perturb_188,36.5843884994,45.0,False
缪尔赛思,perturb_188,40.1242895648,42.0,False
能天使,perturb_188,70.0536343004,11.0,False
艾雅法拉,perturb_188,27.2874259911,53.0,False
荒芜拉普兰德,perturb_188,61.6050233481,20.0,False
诗怀雅,perturb_188,29.7230825813,50.0,False
谬因,perturb_188,34.4681904113,46.0,False
贝洛内,perturb_188,43.4391884116,38.0,False
赤刃明霄陈,perturb_188,70.4369397582,10.0,True
逻各斯,perturb_188,65.2807720426,17.0,False
酒神,perturb_188,60.2381011274,23.0,False
重岳,perturb_188,55.8524582345,30.0,False
铃兰,perturb_188,31.475591235,49.0,False
银灰,perturb_188,47.3240763997,34.0,False
锏,perturb_188,32.8435160725,47.0,False
阿米娅,perturb_188,76.0786227685,5.0,True
陈,perturb_188,17.9166179915,58.0,False
霍尔海雅,perturb_188,18.8544443494,57.0,False
黍,perturb_188,37.5834373919,44.0,False
Mon3tr,perturb_189,59.0265831225,25.0,False
W,perturb_189,60.390625,22.0,False
予愿安洁莉娜,perturb_189,72.4374110655,7.0,True
令,perturb_189,59.3948491793,24.0,False
伊芙利特,perturb_189,23.3451622744,55.0,False
余,perturb_189,25.4583517939,54.0,False
佩佩,perturb_189,42.239408929,40.0,False
凛御银灰,perturb_189,77.7646046173,4.0,True
凯尔希,perturb_189,65.7307679956,17.0,False
凯尔希·思衡托,perturb_189,82.593437103,3.0,True
史尔特尔,perturb_189,66.9217367001,15.0,False
司霆惊蛰,perturb_189,45.966511664,34.0,False
塑心,perturb_189,43.0604051825,39.0,False
塞雷娅,perturb_189,75.5245512866,6.0,True
夕,perturb_189,22.2658051004,56.0,False
夜莺,perturb_189,15.466966911,60.0,False
娜斯提,perturb_189,40.4701190621,41.0,False
年,perturb_189,15.8563691493,59.0,False
幽灵鲨,perturb_189,45.9472899946,35.0,False
归溟幽灵鲨,perturb_189,50.6076677334,32.0,False
德克萨斯,perturb_189,57.7666458054,28.0,False
怒潮凛冬,perturb_189,29.8689624647,51.0,False
拉普兰德,perturb_189,40.3881534698,42.0,False
斩业星熊,perturb_189,62.7174627733,19.0,False
斯卡蒂,perturb_189,43.3435812874,38.0,False
新约能天使,perturb_189,93.9659591009,1.0,True
望,perturb_189,68.722007256,13.0,False
棘刺,perturb_189,67.0876146452,14.0,False
死芒,perturb_189,60.1206495384,23.0,False
泥岩,perturb_189,58.5563420155,27.0,False
浊心斯卡蒂,perturb_189,70.5179912464,9.0,True
温蒂,perturb_189,43.9449697814,36.0,False
焰狐龙梓兰,perturb_189,71.8853507211,8.0,True
煌,perturb_189,27.5210229037,53.0,False
玛恩纳,perturb_189,69.3197510575,12.0,False
真言,perturb_189,55.9818824225,30.0,False
纯烬艾雅法拉,perturb_189,56.9713659031,29.0,False
结城理,perturb_189,66.913707366,16.0,False
维什戴尔,perturb_189,92.2822602187,2.0,True
维娜·维多利亚,perturb_189,58.970127225,26.0,False
缄默德克萨斯,perturb_189,32.3774120312,48.0,False
缇缇,perturb_189,37.1120512159,45.0,False
缪尔赛思,perturb_189,39.9080154981,43.0,False
能天使,perturb_189,69.4693629693,11.0,False
艾雅法拉,perturb_189,27.7069121321,52.0,False
荒芜拉普兰德,perturb_189,62.4305660259,20.0,False
诗怀雅,perturb_189,30.2941187137,50.0,False
谬因,perturb_189,34.8908603377,46.0,False
贝洛内,perturb_189,43.6577452724,37.0,False
赤刃明霄陈,perturb_189,70.2693140082,10.0,True
逻各斯,perturb_189,65.4509070394,18.0,False
酒神,perturb_189,60.7893618533,21.0,False
重岳,perturb_189,55.7892855214,31.0,False
铃兰,perturb_189,31.8422758989,49.0,False
银灰,perturb_189,47.9235612435,33.0,False
锏,perturb_189,32.9340726954,47.0,False
阿米娅,perturb_189,76.0162083576,5.0,True
陈,perturb_189,17.4614943364,58.0,False
霍尔海雅,perturb_189,19.1849342277,57.0,False
黍,perturb_189,37.6953963429,44.0,False
Mon3tr,perturb_190,58.9541004742,26.0,False
W,perturb_190,60.390625,24.0,False
予愿安洁莉娜,perturb_190,75.474262809,6.0,True
令,perturb_190,61.970010539,21.0,False
伊芙利特,perturb_190,22.2787208173,56.0,False
余,perturb_190,27.3682029906,53.0,False
佩佩,perturb_190,38.9029241907,43.0,False
凛御银灰,perturb_190,76.8105351133,4.0,True
凯尔希,perturb_190,63.8567702409,18.0,False
凯尔希·思衡托,perturb_190,83.0208773419,3.0,True
史尔特尔,perturb_190,69.3166898492,12.0,False
司霆惊蛰,perturb_190,43.5852378889,37.0,False
塑心,perturb_190,40.3909130028,41.0,False
塞雷娅,perturb_190,75.1573735651,7.0,True
夕,perturb_190,23.9133831126,55.0,False
夜莺,perturb_190,14.4258384211,60.0,False
娜斯提,perturb_190,36.4365833442,44.0,False
年,perturb_190,16.4761177582,59.0,False
幽灵鲨,perturb_190,49.2152890607,33.0,False
归溟幽灵鲨,perturb_190,54.0569666723,31.0,False
德克萨斯,perturb_190,61.2634115115,23.0,False
怒潮凛冬,perturb_190,27.8681750321,52.0,False
拉普兰德,perturb_190,42.2600278409,38.0,False
斩业星熊,perturb_190,59.5445871623,25.0,False
斯卡蒂,perturb_190,44.7816148686,36.0,False
新约能天使,perturb_190,94.5471892355,1.0,True
望,perturb_190,66.5923300748,14.0,False
棘刺,perturb_190,64.7235064363,16.0,False
死芒,perturb_190,57.4658060828,28.0,False
泥岩,perturb_190,58.7242569528,27.0,False
浊心斯卡蒂,perturb_190,71.7066948941,9.0,True
温蒂,perturb_190,45.2334165782,35.0,False
焰狐龙梓兰,perturb_190,71.3964257709,10.0,True
煌,perturb_190,29.5622650535,50.0,False
玛恩纳,perturb_190,68.922398938,13.0,False
真言,perturb_190,53.759081209,32.0,False
纯烬艾雅法拉,perturb_190,61.701191628,22.0,False
结城理,perturb_190,64.5511725432,17.0,False
维什戴尔,perturb_190,92.6037851935,2.0,True
维娜·维多利亚,perturb_190,63.0807114273,19.0,False
缄默德克萨斯,perturb_190,35.4454636547,45.0,False
缇缇,perturb_190,32.4625081093,47.0,False
缪尔赛思,perturb_190,40.9968111148,40.0,False
能天使,perturb_190,70.6410795485,11.0,False
艾雅法拉,perturb_190,26.8656610901,54.0,False
荒芜拉普兰德,perturb_190,62.3416208119,20.0,False
诗怀雅,perturb_190,29.1489444291,51.0,False
谬因,perturb_190,31.1664697731,48.0,False
贝洛内,perturb_190,41.7319136493,39.0,False
赤刃明霄陈,perturb_190,71.7463619902,8.0,True
逻各斯,perturb_190,65.1097128274,15.0,False
酒神,perturb_190,55.9318829605,30.0,False
重岳,perturb_190,56.3459370406,29.0,False
铃兰,perturb_190,31.1069146427,49.0,False
银灰,perturb_190,46.7213349952,34.0,False
锏,perturb_190,32.7524675219,46.0,False
阿米娅,perturb_190,76.141376231,5.0,True
陈,perturb_190,18.374213999,58.0,False
霍尔海雅,perturb_190,18.5221591623,57.0,False
黍,perturb_190,40.1727186332,42.0,False
Mon3tr,perturb_191,59.006806646,26.0,False
W,perturb_191,60.390625,21.0,False
予愿安洁莉娜,perturb_191,73.265998715,7.0,True
令,perturb_191,59.8138172067,23.0,False
伊芙利特,perturb_191,23.1716566911,55.0,False
余,perturb_191,25.9794437825,54.0,False
佩佩,perturb_191,41.3290681286,40.0,False
凛御银灰,perturb_191,77.5042922035,4.0,True
凯尔希,perturb_191,65.4258763662,17.0,False
凯尔希·思衡托,perturb_191,83.1352487716,3.0,True
史尔特尔,perturb_191,67.3113856023,14.0,False
司霆惊蛰,perturb_191,45.3167947181,35.0,False
塑心,perturb_191,42.3320494914,39.0,False
塞雷娅,perturb_191,75.4648130006,6.0,True
夕,perturb_191,22.5338591807,56.0,False
夜莺,perturb_191,15.2975796421,60.0,False
娜斯提,perturb_191,39.369591884,43.0,False
年,perturb_191,15.9571996667,59.0,False
幽灵鲨,perturb_191,46.4789798312,34.0,False
归溟幽灵鲨,perturb_191,51.548789244,32.0,False
德克萨斯,perturb_191,58.3355550214,28.0,False
怒潮凛冬,perturb_191,29.3230590437,51.0,False
拉普兰德,perturb_191,40.6926996335,41.0,False
斩业星熊,perturb_191,61.8517617886,20.0,False
斯卡蒂,perturb_191,43.5775433615,37.0,False
新约能天使,perturb_191,94.0485016561,1.0,True
望,perturb_191,68.1409370034,13.0,False
棘刺,perturb_191,66.7029840863,15.0,False
死芒,perturb_191,59.3962906679,25.0,False
泥岩,perturb_191,58.5836610764,27.0,False
浊心斯卡蒂,perturb_191,70.7113883788,9.0,True
温蒂,perturb_191,44.1545947088,36.0,False
焰狐龙梓兰,perturb_191,71.7519503416,8.0,True
煌,perturb_191,27.8531244996,52.0,False
玛恩纳,perturb_191,69.2551035227,12.0,False
真言,perturb_191,55.3754038097,31.0,False
纯烬艾雅法拉,perturb_191,58.2618718319,29.0,False
结城理,perturb_191,66.2691032361,16.0,False
维什戴尔,perturb_191,92.3345709929,2.0,True
维娜·维多利亚,perturb_191,60.0916766419,22.0,False
缄默德克萨斯,perturb_191,33.2145123897,47.0,False
缇缇,perturb_191,35.8434499409,45.0,False
缪尔赛思,perturb_191,40.1846851332,42.0,False
能天使,perturb_191,69.6599963764,11.0,False
艾雅法拉,perturb_191,27.5700440914,53.0,False
荒芜拉普兰德,perturb_191,62.5674370811,19.0,False
诗怀雅,perturb_191,30.1078036273,50.0,False
谬因,perturb_191,33.8746816486,46.0,False
贝洛内,perturb_191,43.1322931158,38.0,False
赤刃明霄陈,perturb_191,70.6723181121,10.0,True
逻各斯,perturb_191,65.3953961622,18.0,False
酒神,perturb_191,59.4640264869,24.0,False
重岳,perturb_191,55.9411647084,30.0,False
铃兰,perturb_191,31.7226356853,49.0,False
银灰,perturb_191,47.7279640403,33.0,False
锏,perturb_191,32.9045262901,48.0,False
阿米娅,perturb_191,76.0365726493,5.0,True
陈,perturb_191,17.609990024,58.0,False
霍尔海雅,perturb_191,19.0771034851,57.0,False
黍,perturb_191,38.4751047403,44.0,False
Mon3tr,perturb_192,58.9983537861,26.0,False
W,perturb_192,60.390625,24.0,False
予愿安洁莉娜,perturb_192,73.6201535753,7.0,True
令,perturb_192,63.110451737,18.0,False
伊芙利特,perturb_192,21.8064343843,56.0,False
余,perturb_192,26.2021688744,54.0,False
佩佩,perturb_192,40.9399703437,41.0,False
凛御银灰,perturb_192,77.3930294944,4.0,True
凯尔希,perturb_192,63.0268477834,19.0,False
凯尔希·思衡托,perturb_192,80.7005028916,3.0,True
史尔特尔,perturb_192,70.3773236725,12.0,False
司霆惊蛰,perturb_192,45.0390927581,37.0,False
塑心,perturb_192,42.0207357659,40.0,False
塞雷娅,perturb_192,74.9947644925,6.0,True
夕,perturb_192,24.6430328624,55.0,False
夜莺,perturb_192,13.9647621403,60.0,False
娜斯提,perturb_192,38.8992046543,43.0,False
年,perturb_192,16.7505808878,59.0,False
幽灵鲨,perturb_192,50.6625617747,33.0,False
归溟幽灵鲨,perturb_192,51.9510433173,32.0,False
德克萨斯,perturb_192,62.8119962851,20.0,False
怒潮凛冬,perturb_192,29.0897290515,51.0,False
拉普兰德,perturb_192,43.0890099325,38.0,False
斩业星熊,perturb_192,61.4817439498,22.0,False
斯卡蒂,perturb_192,45.4184653456,36.0,False
新约能天使,perturb_192,94.5577838519,1.0,True
望,perturb_192,67.8925760071,14.0,False
棘刺,perturb_192,63.676532666,17.0,False
死芒,perturb_192,59.0866852632,25.0,False
泥岩,perturb_192,58.7986201035,29.0,False
浊心斯卡蒂,perturb_192,72.2331266095,8.0,True
温蒂,perturb_192,45.8040207476,35.0,False
焰狐龙梓兰,perturb_192,71.6949323631,9.0,True
煌,perturb_192,30.4662537041,50.0,False
玛恩纳,perturb_192,68.7464267701,13.0,False
真言,perturb_192,55.1161827743,31.0,False
纯烬艾雅法拉,perturb_192,58.8134597625,28.0,False
结城理,perturb_192,65.9935865956,15.0,False
维什戴尔,perturb_192,92.7461763978,2.0,True
维娜·维多利亚,perturb_192,60.5710491951,23.0,False
缄默德克萨斯,perturb_192,33.5723057513,46.0,False
缇缇,perturb_192,35.3012244954,45.0,False
缪尔赛思,perturb_192,40.5732152037,42.0,False
能天使,perturb_192,71.1599883362,10.0,True
艾雅法拉,perturb_192,26.4931029424,53.0,False
荒芜拉普兰德,perturb_192,61.6165329096,21.0,False
诗怀雅,perturb_192,28.641790216,52.0,False
谬因,perturb_192,33.4403466426,47.0,False
贝洛内,perturb_192,42.9077044013,39.0,False
赤刃明霄陈,perturb_192,70.8445700907,11.0,False
逻各斯,perturb_192,64.9586108646,16.0,False
酒神,perturb_192,58.8975517611,27.0,False
重岳,perturb_192,56.0060808972,30.0,False
铃兰,perturb_192,30.7812510609,49.0,False
银灰,perturb_192,46.1889146334,34.0,False
锏,perturb_192,32.6720414854,48.0,False
阿米娅,perturb_192,76.1968083301,5.0,True
陈,perturb_192,18.7784228854,57.0,False
霍尔海雅,perturb_192,18.2286412487,58.0,False
黍,perturb_192,37.5144337813,44.0,False
Mon3tr,perturb_193,59.0661249439,24.0,False
W,perturb_193,60.390625,23.0,False
予愿安洁莉娜,perturb_193,70.7807021548,8.0,True
令,perturb_193,57.1650753216,27.0,False
伊芙利特,perturb_193,24.2685697621,55.0,False
余,perturb_193,24.4164611246,54.0,False
佩佩,perturb_193,44.059578125,37.0,False
凛御银灰,perturb_193,78.2850829226,4.0,True
凯尔希,perturb_193,67.3534201788,16.0,False
凯尔希·思衡托,perturb_193,81.9532642202,3.0,True
史尔特尔,perturb_193,64.8480010477,18.0,False
司霆惊蛰,perturb_193,47.2655798489,34.0,False
塑心,perturb_193,44.5167065942,36.0,False
塞雷娅,perturb_193,75.8424821539,6.0,True
夕,perturb_193,20.8392046405,56.0,False
夜莺,perturb_193,16.3684564741,59.0,False
娜斯提,perturb_193,42.6705539631,40.0,False
年,perturb_193,15.3197428749,60.0,False
幽灵鲨,perturb_193,43.1176036695,38.0,False
归溟幽灵鲨,perturb_193,48.7259544427,33.0,False
德克萨斯,perturb_193,54.7388756314,30.0,False
怒潮凛冬,perturb_193,30.9604620333,50.0,False
拉普兰德,perturb_193,38.7673398763,44.0,False
斩业星熊,perturb_193,64.4483774643,19.0,False
斯卡蒂,perturb_193,42.0984206011,41.0,False
新约能天使,perturb_193,93.7273687885,1.0,True
望,perturb_193,69.8838206933,9.0,True
棘刺,perturb_193,69.1346423629,13.0,False
死芒,perturb_193,61.5689595583,22.0,False
泥岩,perturb_193,58.4109482769,25.0,False
浊心斯卡蒂,perturb_193,69.4887196987,11.0,False
温蒂,perturb_193,42.8293329015,39.0,False
焰狐龙梓兰,perturb_193,72.152076393,7.0,True
煌,perturb_193,25.7535575892,53.0,False
玛恩纳,perturb_193,69.6638092522,10.0,True
真言,perturb_193,57.1944982787,26.0,False
纯烬艾雅法拉,perturb_193,54.3910804343,31.0,False
结城理,perturb_193,68.2025527965,15.0,False
维什戴尔,perturb_193,92.0038590301,2.0,True
维娜·维多利亚,perturb_193,56.7276596792,28.0,False
缄默德克萨斯,perturb_193,30.7036824939,51.0,False
缇缇,perturb_193,39.6485397066,42.0,False
缪尔赛思,perturb_193,39.2090005482,43.0,False
能天使,perturb_193,68.4548001393,14.0,False
艾雅法拉,perturb_193,28.4353323431,52.0,False
荒芜拉普兰德,perturb_193,62.3226702183,21.0,False
诗怀雅,perturb_193,31.2856991724,49.0,False
谬因,perturb_193,36.922645738,45.0,False
贝洛内,perturb_193,44.7083538236,35.0,False
赤刃明霄陈,perturb_193,69.4635326399,12.0,False
逻各斯,perturb_193,65.7463393748,17.0,False
酒神,perturb_193,63.4392865928,20.0,False
重岳,perturb_193,55.4856126358,29.0,False
铃兰,perturb_193,32.4790085444,48.0,False
银灰,perturb_193,48.9645417046,32.0,False
锏,perturb_193,33.0913204992,47.0,False
阿米娅,perturb_193,75.9078283329,5.0,True
陈,perturb_193,16.6711910666,58.0,False
霍尔海雅,perturb_193,19.7588161356,57.0,False
黍,perturb_193,36.657042271,46.0,False
Mon3tr,perturb_194,58.9426445565,25.0,False
W,perturb_194,60.390625,22.0,False
予愿安洁莉娜,perturb_194,75.9542387002,6.0,True
令,perturb_194,59.8605979083,23.0,False
伊芙利特,perturb_194,23.1522835829,55.0,False
余,perturb_194,27.6700558987,52.0,False
佩佩,perturb_194,38.3755911593,43.0,False
凛御银灰,perturb_194,76.6597439653,4.0,True
凯尔希,perturb_194,65.3918330899,16.0,False
凯尔希·思衡托,perturb_194,82.2156017104,3.0,True
史尔特尔,perturb_194,67.3548926191,13.0,False
司霆惊蛰,perturb_194,43.2088764136,37.0,False
塑心,perturb_194,39.9689984689,42.0,False
塞雷娅,perturb_194,75.4581428045,7.0,True
夕,perturb_194,22.5637892878,56.0,False
夜莺,perturb_194,15.2786663724,60.0,False
娜斯提,perturb_194,35.7990810674,45.0,False
年,perturb_194,15.968458097,59.0,False
幽灵鲨,perturb_194,46.5383467087,34.0,False
归溟幽灵鲨,perturb_194,54.6021300428,31.0,False
德克萨斯,perturb_194,58.3990777022,27.0,False
怒潮凛冬,perturb_194,27.5519496079,54.0,False
拉普兰德,perturb_194,40.7267043361,41.0,False
斩业星熊,perturb_194,59.0431126329,24.0,False
斯卡蒂,perturb_194,43.6036668584,36.0,False
新约能天使,perturb_194,94.7801793423,1.0,True
望,perturb_194,66.2557335633,15.0,False
棘刺,perturb_194,66.6600374025,14.0,False
死芒,perturb_194,57.0462067869,28.0,False
泥岩,perturb_194,58.58671144,26.0,False
浊心斯卡蒂,perturb_194,70.7329825172,10.0,True
温蒂,perturb_194,44.1780007935,35.0,False
焰狐龙梓兰,perturb_194,71.3191509453,9.0,True
煌,perturb_194,27.8902059584,51.0,False
玛恩纳,perturb_194,69.2478851747,12.0,False
真言,perturb_194,53.407766399,32.0,False
纯烬艾雅法拉,perturb_194,62.4487428782,20.0,False
结城理,perturb_194,64.1777727684,18.0,False
维什戴尔,perturb_194,92.3404118556,2.0,True
维娜·维多利亚,perturb_194,63.7303912545,19.0,False
缄默德克萨斯,perturb_194,35.9303707021,44.0,False
缇缇,perturb_194,31.7276455658,47.0,False
缪尔赛思,perturb_194,41.0019484045,40.0,False
能天使,perturb_194,69.6812819256,11.0,False
艾雅法拉,perturb_194,27.5547618203,53.0,False
荒芜拉普兰德,perturb_194,62.0024870411,21.0,False
诗怀雅,perturb_194,30.0870002488,50.0,False
谬因,perturb_194,30.5778280377,49.0,False
贝洛内,perturb_194,41.4275350271,39.0,False
赤刃明霄陈,perturb_194,71.9798101402,8.0,True
逻各斯,perturb_194,65.3891979857,17.0,False
酒神,perturb_194,55.1641560652,30.0,False
重岳,perturb_194,56.4339160832,29.0,False
铃兰,perturb_194,31.7092770213,48.0,False
银灰,perturb_194,47.7061242487,33.0,False
锏,perturb_194,32.9012272279,46.0,False
阿米娅,perturb_194,76.0388464645,5.0,True
陈,perturb_194,17.6265706029,58.0,False
霍尔海雅,perturb_194,19.0650634308,57.0,False
黍,perturb_194,41.6767781381,38.0,False
Mon3tr,perturb_195,58.9893663832,25.0,False
W,perturb_195,60.390625,22.0,False
予愿安洁莉娜,perturb_195,73.9967045261,7.0,True
令,perturb_195,60.0169957385,23.0,False
伊芙利特,perturb_195,23.087515164,55.0,False
余,perturb_195,26.4389786843,54.0,False
佩佩,perturb_195,40.5262667431,41.0,False
凛御银灰,perturb_195,77.2747307399,4.0,True
凯尔希,perturb_195,65.2780191802,18.0,False
凯尔希·思衡托,perturb_195,83.3791552264,3.0,True
史尔特尔,perturb_195,67.5003458251,14.0,False
司霆惊蛰,perturb_195,44.743829446,35.0,False
塑心,perturb_195,41.6897351431,39.0,False
塞雷娅,perturb_195,75.4358429207,6.0,True
夕,perturb_195,22.6638519985,56.0,False
夜莺,perturb_195,15.2154352913,60.0,False
娜斯提,perturb_195,38.3990710165,44.0,False
年,perturb_195,16.0060974229,59.0,False
幽灵鲨,perturb_195,46.7368228007,34.0,False
归溟幽灵鲨,perturb_195,52.3787351853,32.0,False
德克萨斯,perturb_195,58.6114475279,27.0,False
怒潮凛冬,perturb_195,28.8416437072,51.0,False
拉普兰德,perturb_195,40.840389286,40.0,False
斩业星熊,perturb_195,61.0883268755,20.0,False
斯卡蒂,perturb_195,43.691003262,37.0,False
新约能天使,perturb_195,94.1658338184,1.0,True
望,perturb_195,67.6285091262,13.0,False
棘刺,perturb_195,66.5164575089,15.0,False
死芒,perturb_195,58.7575009922,26.0,False
泥岩,perturb_195,58.5969094541,28.0,False
浊心斯卡蒂,perturb_195,70.8051763121,10.0,True
温蒂,perturb_195,44.2562523107,36.0,False
焰狐龙梓兰,perturb_195,71.6343086743,8.0,True
煌,perturb_195,28.014177158,52.0,False
玛恩纳,perturb_195,69.2237527027,12.0,False
真言,perturb_195,54.8405690858,31.0,False
纯烬艾雅法拉,perturb_195,59.3999290815,24.0,False
结城理,perturb_195,65.7006467984,16.0,False
维什戴尔,perturb_195,92.3599391012,2.0,True
维娜·维多利亚,perturb_195,61.0807363714,21.0,False
缄默德克萨斯,perturb_195,33.9527252956,46.0,False
缇缇,perturb_195,34.7247097276,45.0,False
缪尔赛思,perturb_195,40.4155401544,42.0,False
能天使,perturb_195,69.7524440412,11.0,False
艾雅法拉,perturb_195,27.5036699394,53.0,False
荒芜拉普兰德,perturb_195,62.5984613977,19.0,False
诗怀雅,perturb_195,30.0174501321,50.0,False
谬因,perturb_195,32.9785451038,47.0,False
贝洛内,perturb_195,42.6689131167,38.0,False
赤刃明霄陈,perturb_195,71.0277149622,9.0,True
逻各斯,perturb_195,65.3684761641,17.0,False
酒神,perturb_195,58.2952542338,29.0,False
重岳,perturb_195,56.0751022642,30.0,False
铃兰,perturb_195,31.6646161676,49.0,False
银灰,perturb_195,47.6331091827,33.0,False
锏,perturb_195,32.8901977617,48.0,False
阿米娅,perturb_195,76.0464483119,5.0,True
陈,perturb_195,17.682003003,58.0,False
霍尔海雅,perturb_195,19.0248109699,57.0,False
黍,perturb_195,39.2420018968,43.0,False
Mon3tr,perturb_196,58.9812249929,26.0,False
W,perturb_196,60.390625,24.0,False
予愿安洁莉娜,perturb_196,74.3378095502,7.0,True
令,perturb_196,61.9870962385,20.0,False
伊芙利特,perturb_196,22.2716451837,56.0,False
余,perturb_196,26.6534968411,54.0,False
佩佩,perturb_196,40.1515063652,42.0,False
凛御银灰,perturb_196,77.1675678197,4.0,True
凯尔希,perturb_196,63.8443366269,18.0,False
凯尔希·思衡托,perturb_196,82.8373425772,3.0,True
史尔特尔,perturb_196,69.3325799019,12.0,False
司霆惊蛰,perturb_196,44.4763601992,37.0,False
塑心,perturb_196,41.3898926512,40.0,False
塞雷娅,perturb_196,75.1549374117,6.0,True
夕,perturb_196,23.9243144752,55.0,False
夜莺,perturb_196,14.4189307342,60.0,False
娜斯提,perturb_196,37.946016533,44.0,False
年,perturb_196,16.4802296708,59.0,False
幽灵鲨,perturb_196,49.2369716049,33.0,False
归溟幽灵鲨,perturb_196,52.766167071,32.0,False
德克萨斯,perturb_196,61.2866118783,22.0,False
怒潮凛冬,perturb_196,28.6169114177,52.0,False
拉普兰德,perturb_196,42.2724473667,39.0,False
斩业星熊,perturb_196,60.7319433892,23.0,False
斯卡蒂,perturb_196,44.7911559444,36.0,False
新约能天使,perturb_196,94.3341317301,1.0,True
望,perturb_196,67.3892996924,14.0,False
棘刺,perturb_196,64.7078210338,17.0,False
死芒,perturb_196,58.4593038731,28.0,False
泥岩,perturb_196,58.7253710361,27.0,False
浊心斯卡蒂,perturb_196,71.7145817138,8.0,True
温蒂,perturb_196,45.2419651745,35.0,False
焰狐龙梓兰,perturb_196,71.5793916843,9.0,True
煌,perturb_196,29.5758083019,50.0,False
玛恩纳,perturb_196,68.9197625832,13.0,False
真言,perturb_196,54.5908997817,31.0,False
纯烬艾雅法拉,perturb_196,59.9311921968,25.0,False
结城理,perturb_196,65.4352823467,15.0,False
维什戴尔,perturb_196,92.6059184497,2.0,True
维娜·维多利亚,perturb_196,61.5424450887,21.0,False
缄默德克萨斯,perturb_196,34.2973347501,45.0,False
缇缇,perturb_196,34.2024641103,46.0,False
缪尔赛思,perturb_196,40.6725227994,41.0,False
能天使,perturb_196,70.6488536622,11.0,False
艾雅法拉,perturb_196,26.8600795515,53.0,False
荒芜拉普兰德,perturb_196,62.3658810341,19.0,False
诗怀雅,perturb_196,29.1413464183,51.0,False
谬因,perturb_196,32.560214398,48.0,False
贝洛内,perturb_196,42.4526000077,38.0,False
赤刃明霄陈,perturb_196,71.1936198301,10.0,True
逻各斯,perturb_196,65.1074490695,16.0,False
酒神,perturb_196,57.7496528694,29.0,False
重岳,perturb_196,56.1376264326,30.0,False
铃兰,perturb_196,31.1020356624,49.0,False
银灰,perturb_196,46.7133584557,34.0,False
锏,perturb_196,32.7512626066,47.0,False
阿米娅,perturb_196,76.1422066958,5.0,True
陈,perturb_196,18.3802697181,58.0,False
霍尔海雅,perturb_196,18.5177617775,57.0,False
黍,perturb_196,38.8178367421,43.0,False
Mon3tr,perturb_197,59.0138269717,25.0,False
W,perturb_197,60.390625,21.0,False
予愿安洁莉娜,perturb_197,72.9718636493,7.0,True
令,perturb_197,57.628497754,28.0,False
伊芙利特,perturb_197,24.0766544508,55.0,False
余,perturb_197,25.794464648,54.0,False
佩佩,perturb_197,41.6522242259,40.0,False
凛御银灰,perturb_197,77.5966988535,4.0,True
凯尔希,perturb_197,67.016178167,15.0,False
凯尔希·思衡托,perturb_197,82.6918911276,3.0,True
史尔特尔,perturb_197,65.2789934629,18.0,False
司霆惊蛰,perturb_197,45.5474336091,34.0,False
塑心,perturb_197,42.590603851,38.0,False
塞雷娅,perturb_197,75.7764053653,6.0,True
夕,perturb_197,21.1357004725,56.0,False
夜莺,perturb_197,16.1810964489,59.0,False
娜斯提,perturb_197,39.7602610354,42.0,False
年,perturb_197,15.4312719668,60.0,False
幽灵鲨,perturb_197,43.7057082054,35.0,False
归溟幽灵鲨,perturb_197,51.2147064979,32.0,False
德克萨斯,perturb_197,55.3681486915,31.0,False
怒潮凛冬,perturb_197,29.516845831,51.0,False
拉普兰德,perturb_197,39.104199767,43.0,False
斩业星熊,perturb_197,62.1590714814,20.0,False
斯卡蒂,perturb_197,42.3572071108,39.0,False
新约能天使,perturb_197,94.0642702777,1.0,True
望,perturb_197,68.3472074408,14.0,False
棘刺,perturb_197,68.70920076,12.0,False
死芒,perturb_197,59.6534262215,24.0,False
泥岩,perturb_197,58.4411660139,26.0,False
浊心斯卡蒂,perturb_197,69.7026371427,10.0,True
温蒂,perturb_197,43.0611999829,37.0,False
焰狐龙梓兰,perturb_197,71.7993052948,8.0,True
煌,perturb_197,26.1208966682,53.0,False
玛恩纳,perturb_197,69.5923023212,11.0,False
真言,perturb_197,55.5906937995,30.0,False
纯烬艾雅法拉,perturb_197,57.8037633308,27.0,False
结城理,perturb_197,66.497927161,16.0,False
维什戴尔,perturb_197,92.0617202143,2.0,True
维娜·维多利亚,perturb_197,59.6935449396,23.0,False
缄默德克萨斯,perturb_197,32.9173554515,48.0,False
缇缇,perturb_197,36.2937826481,45.0,False
缪尔赛思,perturb_197,39.9103327051,41.0,False
能天使,perturb_197,68.6656606142,13.0,False
艾雅法拉,perturb_197,28.2839419836,52.0,False
荒芜拉普兰德,perturb_197,62.4236492006,19.0,False
诗怀雅,perturb_197,31.0796152117,50.0,False
谬因,perturb_197,34.2354084657,46.0,False
贝洛内,perturb_197,43.3188200387,36.0,False
赤刃明霄陈,perturb_197,70.5292582455,9.0,True
逻各斯,perturb_197,65.6849385421,17.0,False
酒神,perturb_197,59.9344988688,22.0,False
重岳,perturb_197,55.8872500807,29.0,False
铃兰,perturb_197,32.3466739624,49.0,False
银灰,perturb_197,48.7481907524,33.0,False
锏,perturb_197,33.0586390865,47.0,False
阿米娅,perturb_197,75.9303533681,5.0,True
陈,perturb_197,16.835442819,58.0,False
霍尔海雅,perturb_197,19.6395440629,57.0,False
黍,perturb_197,38.9723399038,44.0,False
Mon3tr,perturb_198,58.9509202223,26.0,False
W,perturb_198,60.390625,24.0,False
予愿安洁莉娜,perturb_198,75.6075078507,6.0,True
令,perturb_198,62.0912197389,20.0,False
伊芙利特,perturb_198,22.2285249275,56.0,False
余,perturb_198,27.4519997064,53.0,False
佩佩,perturb_198,38.7565324385,43.0,False
凛御银灰,perturb_198,76.7686743174,4.0,True
凯尔希,perturb_198,63.7685638194,18.0,False
凯尔希·思衡托,perturb_198,82.0114534673,3.0,True
史尔特尔,perturb_198,69.4294169037,12.0,False
司霆惊蛰,perturb_198,43.4807570152,37.0,False
塑心,perturb_198,40.2737862457,42.0,False
塞雷娅,perturb_198,75.1400910295,7.0,True
夕,perturb_198,23.9909322773,55.0,False
夜莺,perturb_198,14.3768339769,60.0,False
娜斯提,perturb_198,36.2596077523,44.0,False
年,perturb_198,16.505288448,59.0,False
幽灵鲨,perturb_198,49.3691091507,33.0,False
归溟幽灵鲨,perturb_198,54.2083082654,31.0,False
德克萨斯,perturb_198,61.4279993234,23.0,False
怒潮凛冬,perturb_198,27.7803883941,52.0,False
拉普兰德,perturb_198,42.3481343177,38.0,False
斩业星熊,perturb_198,59.4053739314,25.0,False
斯卡蒂,perturb_198,44.8493010737,36.0,False
新约能天使,perturb_198,94.7415146212,1.0,True
望,perturb_198,66.4988882645,14.0,False
棘刺,perturb_198,64.6122312095,16.0,False
死芒,perturb_198,57.3493220538,28.0,False
泥岩,perturb_198,58.7321604712,27.0,False
浊心斯卡蒂,perturb_198,71.7626454921,9.0,True
温蒂,perturb_198,45.2940619451,35.0,False
焰狐龙梓兰,perturb_198,71.3749736781,10.0,True
煌,perturb_198,29.6583434319,50.0,False
玛恩纳,perturb_198,68.9036961362,13.0,False
真言,perturb_198,53.6615534845,32.0,False
纯烬艾雅法拉,perturb_198,61.9087176711,22.0,False
结城理,perturb_198,64.4475138606,17.0,False
维什戴尔,perturb_198,92.6189189189,2.0,True
维娜·维多利亚,perturb_198,63.2610676019,19.0,False
缄默德克萨斯,perturb_198,35.5800776237,45.0,False
缇缇,perturb_198,32.2585045499,47.0,False
缪尔赛思,perturb_198,41.0443003131,40.0,False
能天使,perturb_198,70.6962305892,11.0,False
艾雅法拉,perturb_198,26.8260645944,54.0,False
荒芜拉普兰德,perturb_198,61.9538015821,21.0,False
诗怀雅,perturb_198,29.0950426966,51.0,False
谬因,perturb_198,31.0030582477,49.0,False
贝洛内,perturb_198,41.6474157757,39.0,False
赤刃明霄陈,perturb_198,71.8111690129,8.0,True
逻各斯,perturb_198,65.0936532988,15.0,False
酒神,perturb_198,55.7187560013,30.0,False
重岳,perturb_198,56.3703607073,29.0,False
铃兰,perturb_198,31.0723022293,48.0,False
银灰,perturb_198,46.6647479075,34.0,False
锏,perturb_198,32.7439196235,46.0,False
阿米娅,perturb_198,76.1472677057,5.0,True
陈,perturb_198,18.4171744215,58.0,False
霍尔海雅,perturb_198,18.4909632782,57.0,False
黍,perturb_198,40.2802175693,41.0,False
Mon3tr,perturb_199,58.9456988109,26.0,False
W,perturb_199,60.390625,24.0,False
予愿安洁莉娜,perturb_199,75.8262726558,6.0,True
令,perturb_199,64.4686285867,17.0,False
伊芙利特,perturb_199,21.2439779413,56.0,False
余,perturb_199,27.5895791011,53.0,False
佩佩,perturb_199,38.5161830585,43.0,False
凛御银灰,perturb_199,76.6999462903,4.0,True
凯尔希,perturb_199,62.0384746249,22.0,False
凯尔希·思衡托,perturb_199,81.7970345274,3.0,True
史尔特尔,perturb_199,71.6404561403,11.0,False
司霆惊蛰,perturb_199,43.3092178894,38.0,False
塑心,perturb_199,40.0814848145,41.0,False
塞雷娅,perturb_199,74.8011097224,7.0,True
夕,perturb_199,25.5119890176,55.0,False
夜莺,perturb_199,13.4156561175,60.0,False
娜斯提,perturb_199,35.9690451139,44.0,False
年,perturb_199,17.0774451482,59.0,False
幽灵鲨,perturb_199,52.3861511178,33.0,False
归溟幽灵鲨,perturb_199,54.456784409,31.0,False
德克萨斯,perturb_199,64.6562404187,16.0,False
怒潮凛冬,perturb_199,27.6362582522,52.0,False
拉普兰德,perturb_199,44.0762631881,37.0,False
斩业星熊,perturb_199,59.1768104145,25.0,False
斯卡蒂,perturb_199,46.1769047777,35.0,False
新约能天使,perturb_199,94.8217277463,1.0,True
望,perturb_199,66.3454733293,14.0,False
棘刺,perturb_199,62.4296682598,20.0,False
死芒,perturb_199,57.1580758685,28.0,False
泥岩,perturb_199,58.8871808376,27.0,False
浊心斯卡蒂,perturb_199,72.8600658766,8.0,True
温蒂,perturb_199,46.4835659749,34.0,False
焰狐龙梓兰,perturb_199,71.3397531338,12.0,False
煌,perturb_199,31.5428339432,48.0,False
玛恩纳,perturb_199,68.5368575918,13.0,False
真言,perturb_199,53.5014302005,32.0,False
纯烬艾雅法拉,perturb_199,62.2494387501,21.0,False
结城理,perturb_199,64.2773246272,18.0,False
维什戴尔,perturb_199,92.9157532578,2.0,True
维娜·维多利亚,perturb_199,63.5571805596,19.0,False
缄默德克萨斯,perturb_199,35.8010899655,45.0,False
缇缇,perturb_199,31.9235667665,47.0,False
缪尔赛思,perturb_199,41.2756355322,40.0,False
能天使,perturb_199,71.7779683809,10.0,True
艾雅法拉,perturb_199,26.0494151378,54.0,False
荒芜拉普兰德,perturb_199,61.8565663196,23.0,False
诗怀雅,perturb_199,28.0378089562,51.0,False
谬因,perturb_199,30.7347654086,49.0,False
贝洛内,perturb_199,41.5086852036,39.0,False
赤刃明霄陈,perturb_199,71.9175706884,9.0,True
逻各斯,perturb_199,64.7786601682,15.0,False
酒神,perturb_199,55.3688392082,30.0,False
重岳,perturb_199,56.4104600508,29.0,False
铃兰,perturb_199,30.3934110405,50.0,False
银灰,perturb_199,45.5548433538,36.0,False
锏,perturb_199,32.5762603253,46.0,False
阿米娅,perturb_199,76.2628236527,5.0,True
陈,perturb_199,19.2598042603,57.0,False
霍尔海雅,perturb_199,17.8790842212,58.0,False
黍,perturb_199,39.4429421905,42.0,False
Mon3tr,perturb_200,58.9170833089,25.0,False
W,perturb_200,60.390625,24.0,False
予愿安洁莉娜,perturb_200,77.0251945923,4.0,True
令,perturb_200,64.9271929877,17.0,False
伊芙利特,perturb_200,21.0540744674,56.0,False
余,perturb_200,28.3435712906,51.0,False
佩佩,perturb_200,37.1989686926,43.0,False
凛御银灰,perturb_200,76.3232881739,5.0,True
凯尔希,perturb_200,61.7047679022,23.0,False
凯尔希·思衡托,perturb_200,82.2766764008,3.0,True
史尔特尔,perturb_200,72.0669304861,10.0,True
司霆惊蛰,perturb_200,42.3691122777,38.0,False
塑心,perturb_200,39.0275931517,42.0,False
塞雷娅,perturb_200,74.7357256131,7.0,True
夕,perturb_200,25.8053767005,55.0,False
夜莺,perturb_200,13.2302601769,60.0,False
娜斯提,perturb_200,34.3766412488,45.0,False
年,perturb_200,17.1878050868,59.0,False
幽灵鲨,perturb_200,52.9680905868,32.0,False
归溟幽灵鲨,perturb_200,55.8185368134,30.0,False
德克萨斯,perturb_200,65.2789168446,15.0,False
怒潮凛冬,perturb_200,26.8463652492,53.0,False
拉普兰德,perturb_200,44.4095917955,37.0,False
斩业星熊,perturb_200,57.9241874704,27.0,False
斯卡蒂,perturb_200,46.4329784428,35.0,False
新约能天使,perturb_200,94.992117685,1.0,True
望,perturb_200,65.5046958051,14.0,False
棘刺,perturb_200,62.0086865374,21.0,False
死芒,perturb_200,56.1099673911,29.0,False
泥岩,perturb_200,58.9170818038,26.0,False
浊心斯卡蒂,perturb_200,73.071740836,8.0,True
温蒂,perturb_200,46.7130024067,34.0,False
焰狐龙梓兰,perturb_200,71.1467299316,12.0,False
煌,perturb_200,31.9063222272,47.0,False
玛恩纳,perturb_200,68.466100264,13.0,False
真言,perturb_200,52.6238881403,33.0,False
纯烬艾雅法拉,perturb_200,64.1167316891,19.0,False
结城理,perturb_200,63.3446169865,20.0,False
维什戴尔,perturb_200,92.9730078865,2.0,True
维娜·维多利亚,perturb_200,65.1800024779,16.0,False
缄默德克萨斯,perturb_200,37.0123293359,44.0,False
缇缇,perturb_200,30.0879686879,49.0,False
缪尔赛思,perturb_200,41.6397436463,39.0,False
能天使,perturb_200,71.9866184173,11.0,False
艾雅法拉,perturb_200,25.8996117949,54.0,False
荒芜拉普兰德,perturb_200,61.9405999445,22.0,False
诗怀雅,perturb_200,27.833885362,52.0,False
谬因,perturb_200,29.2644092882,50.0,False
贝洛内,perturb_200,40.7483840846,40.0,False
赤刃明霄陈,perturb_200,72.5006960355,9.0,True
逻各斯,perturb_200,64.717902997,18.0,False
酒神,perturb_200,53.4511499389,31.0,False
重岳,perturb_200,56.6302210974,28.0,False
铃兰,perturb_200,30.2624637145,48.0,False
银灰,perturb_200,45.3407603964,36.0,False
锏,perturb_200,32.54392151,46.0,False
阿米娅,perturb_200,76.2851125592,6.0,True
陈,perturb_200,19.4223341708,57.0,False
霍尔海雅,perturb_200,17.7610624709,58.0,False
黍,perturb_200,40.6812802079,41.0,False
