snapshot_at,query_operator,keyword,sort,result_rank,resource_id,item_id,title,posted_at,author_id,author_name,viewed,video_viewed,liked,collected,reposted,commented,direct_name_match,source_url,source_api,source_scope,is_simulated
2026-09-05T04:07:31+08:00,Mon3tr,Mon3tr,hot,1,3458,2770143,六星干员速评【Mon3tr】——超越榴莲针的攻速拐，5w真伤7k血上限的医疗干员,2025-04-07T07:51:55+00:00,177993,苏祁风,10566,0,159,52,0,133,True,https://www.skland.com/article?id=2770143,https://strategy.skland.com/api/resources/items,skland_strategy_public_search_top20,False
2026-09-05T04:07:31+08:00,Mon3tr,Mon3tr,hot,2,3705,2803692,【明日方舟】稳定真伤，强攻速拐！更强大的M3 | 技能专精推荐#8·Mon3tr,2025-04-20T09:06:01+00:00,101101,伊普希龙_Epts,2564,2109,92,13,0,6,True,https://www.skland.com/article?id=2803692,https://strategy.skland.com/api/resources/items,skland_strategy_public_search_top20,False
2026-09-05T04:07:31+08:00,Mon3tr,Mon3tr,hot,3,4488,3191882,新人练干员二三事：抽到Mon3tr该不该练？,2025-09-03T09:40:22+00:00,844418,疯狂的僵尸王,1095,0,35,0,0,19,True,https://www.skland.com/article?id=3191882,https://strategy.skland.com/api/resources/items,skland_strategy_public_search_top20,False
2026-09-05T04:07:31+08:00,Mon3tr,Mon3tr,hot,4,3470,2774908,Mon3tr强度评测食用指南，罗德岛医疗部惊现三体人,2025-04-07T17:22:28+00:00,238378,星海浩瀚VU,753,0,18,3,0,0,True,https://www.skland.com/article?id=2774908,https://strategy.skland.com/api/resources/items,skland_strategy_public_search_top20,False
2026-09-05T04:07:31+08:00,Mon3tr,Mon3tr,hot,5,3457,2769928,【离解复合】Mon3tr实装数据简评 全能三体人！肉鸽新神已至！,2025-04-07T06:14:01+00:00,101405,柠檬味的小小猪,9064,0,84,21,0,24,True,https://www.skland.com/article?id=2769928,https://strategy.skland.com/api/resources/items,skland_strategy_public_search_top20,False
2026-09-05T04:07:31+08:00,Mon3tr,Mon3tr,hot,6,3710,2803861,M3，移动！Mon3tr和乌尔比安三技能的移动到底有什么样的机制？,2025-04-20T10:56:08+00:00,159722,煜焱ZXE,296,269,8,2,0,0,True,https://www.skland.com/article?id=2803861,https://strategy.skland.com/api/resources/items,skland_strategy_public_search_top20,False
2026-09-05T04:07:31+08:00,Mon3tr,Mon3tr,hot,7,3542,2773644,【干员速评】#26Mon3tr——链愈师,2025-04-07T14:19:31+00:00,101142,柏喙攻略组,651,0,30,5,0,3,True,https://www.skland.com/article?id=2773644,https://strategy.skland.com/api/resources/items,skland_strategy_public_search_top20,False
2026-09-05T04:07:31+08:00,Mon3tr,Mon3tr,hot,8,3689,2793891,【三分钟测评+·Mon3tr】攒给周年庆的石头要逃走了！！！,2025-04-15T03:27:31+00:00,105579,黑蓑影卫攻略组,2667,1750,40,16,0,1,True,https://www.skland.com/article?id=2793891,https://strategy.skland.com/api/resources/items,skland_strategy_public_search_top20,False
2026-09-05T04:07:31+08:00,Mon3tr,Mon3tr,hot,9,3460,2771895,Mon3tr初步体验，强者气息铺面而来【离解复合】,2025-04-07T10:45:57+00:00,244382,二色彩虹,395,826,47,2,0,0,True,https://www.skland.com/article?id=2771895,https://strategy.skland.com/api/resources/items,skland_strategy_public_search_top20,False
2026-09-05T04:07:31+08:00,Mon3tr,Mon3tr,hot,10,5326,3507955,【2025.12】模组升级-综合推荐（娜斯提、Mon3tr、莱伊）,2025-12-07T06:55:04+00:00,120476,明有奇巧人,5130,0,86,23,0,4,True,https://www.skland.com/article?id=3507955,https://strategy.skland.com/api/resources/items,skland_strategy_public_search_top20,False
2026-09-05T04:07:31+08:00,Mon3tr,Mon3tr,hot,11,3469,2773298,凯尔希完美替代？「离解复合」版本干员基建技能解析（Mon3tr、阿兰娜、骋风）,2025-04-07T13:32:56+00:00,101177,BioHazard,413,0,5,6,0,2,True,https://www.skland.com/article?id=2773298,https://strategy.skland.com/api/resources/items,skland_strategy_public_search_top20,False
2026-09-05T04:07:31+08:00,Mon3tr,Mon3tr,hot,12,3680,2772761,【角色初体验】Mon3tr初步体验——自洽的设计！,2025-04-07T12:28:32+00:00,300136,aaa薄荷味润唇膏批发,212,0,12,0,0,1,True,https://www.skland.com/article?id=2772761,https://strategy.skland.com/api/resources/items,skland_strategy_public_search_top20,False
2026-09-05T04:07:31+08:00,Mon3tr,Mon3tr,hot,13,5177,3302305,塑心＆Mon3tr VS H16-3，谁能在谁的帮助下通过这关,2025-10-22T20:20:22+00:00,101198,星海攻略组,245,750,35,5,0,2,True,https://www.skland.com/article?id=3302305,https://strategy.skland.com/api/resources/items,skland_strategy_public_search_top20,False
2026-09-05T04:07:31+08:00,Mon3tr,Mon3tr,time,1,5326,3507955,【2025.12】模组升级-综合推荐（娜斯提、Mon3tr、莱伊）,2025-12-07T06:55:04+00:00,120476,明有奇巧人,5130,0,86,23,0,4,True,https://www.skland.com/article?id=3507955,https://strategy.skland.com/api/resources/items,skland_strategy_public_search_top20,False
2026-09-05T04:07:31+08:00,Mon3tr,Mon3tr,time,2,5177,3302305,塑心＆Mon3tr VS H16-3，谁能在谁的帮助下通过这关,2025-10-22T20:20:22+00:00,101198,星海攻略组,245,750,35,5,0,2,True,https://www.skland.com/article?id=3302305,https://strategy.skland.com/api/resources/items,skland_strategy_public_search_top20,False
2026-09-05T04:07:31+08:00,Mon3tr,Mon3tr,time,3,4488,3191882,新人练干员二三事：抽到Mon3tr该不该练？,2025-09-03T09:40:22+00:00,844418,疯狂的僵尸王,1095,0,35,0,0,19,True,https://www.skland.com/article?id=3191882,https://strategy.skland.com/api/resources/items,skland_strategy_public_search_top20,False
2026-09-05T04:07:31+08:00,Mon3tr,Mon3tr,time,4,3710,2803861,M3，移动！Mon3tr和乌尔比安三技能的移动到底有什么样的机制？,2025-04-20T10:56:08+00:00,159722,煜焱ZXE,296,269,8,2,0,0,True,https://www.skland.com/article?id=2803861,https://strategy.skland.com/api/resources/items,skland_strategy_public_search_top20,False
2026-09-05T04:07:31+08:00,Mon3tr,Mon3tr,time,5,3705,2803692,【明日方舟】稳定真伤，强攻速拐！更强大的M3 | 技能专精推荐#8·Mon3tr,2025-04-20T09:06:01+00:00,101101,伊普希龙_Epts,2564,2109,92,13,0,6,True,https://www.skland.com/article?id=2803692,https://strategy.skland.com/api/resources/items,skland_strategy_public_search_top20,False
2026-09-05T04:07:31+08:00,Mon3tr,Mon3tr,time,6,3689,2793891,【三分钟测评+·Mon3tr】攒给周年庆的石头要逃走了！！！,2025-04-15T03:27:31+00:00,105579,黑蓑影卫攻略组,2667,1750,40,16,0,1,True,https://www.skland.com/article?id=2793891,https://strategy.skland.com/api/resources/items,skland_strategy_public_search_top20,False
2026-09-05T04:07:31+08:00,Mon3tr,Mon3tr,time,7,3470,2774908,Mon3tr强度评测食用指南，罗德岛医疗部惊现三体人,2025-04-07T17:22:28+00:00,238378,星海浩瀚VU,753,0,18,3,0,0,True,https://www.skland.com/article?id=2774908,https://strategy.skland.com/api/resources/items,skland_strategy_public_search_top20,False
2026-09-05T04:07:31+08:00,Mon3tr,Mon3tr,time,8,3542,2773644,【干员速评】#26Mon3tr——链愈师,2025-04-07T14:19:31+00:00,101142,柏喙攻略组,651,0,30,5,0,3,True,https://www.skland.com/article?id=2773644,https://strategy.skland.com/api/resources/items,skland_strategy_public_search_top20,False
2026-09-05T04:07:31+08:00,Mon3tr,Mon3tr,time,9,3469,2773298,凯尔希完美替代？「离解复合」版本干员基建技能解析（Mon3tr、阿兰娜、骋风）,2025-04-07T13:32:56+00:00,101177,BioHazard,413,0,5,6,0,2,True,https://www.skland.com/article?id=2773298,https://strategy.skland.com/api/resources/items,skland_strategy_public_search_top20,False
2026-09-05T04:07:31+08:00,Mon3tr,Mon3tr,time,10,3680,2772761,【角色初体验】Mon3tr初步体验——自洽的设计！,2025-04-07T12:28:32+00:00,300136,aaa薄荷味润唇膏批发,212,0,12,0,0,1,True,https://www.skland.com/article?id=2772761,https://strategy.skland.com/api/resources/items,skland_strategy_public_search_top20,False
2026-09-05T04:07:31+08:00,Mon3tr,Mon3tr,time,11,3460,2771895,Mon3tr初步体验，强者气息铺面而来【离解复合】,2025-04-07T10:45:57+00:00,244382,二色彩虹,395,826,47,2,0,0,True,https://www.skland.com/article?id=2771895,https://strategy.skland.com/api/resources/items,skland_strategy_public_search_top20,False
2026-09-05T04:07:31+08:00,Mon3tr,Mon3tr,time,12,3458,2770143,六星干员速评【Mon3tr】——超越榴莲针的攻速拐，5w真伤7k血上限的医疗干员,2025-04-07T07:51:55+00:00,177993,苏祁风,10566,0,159,52,0,133,True,https://www.skland.com/article?id=2770143,https://strategy.skland.com/api/resources/items,skland_strategy_public_search_top20,False
2026-09-05T04:07:31+08:00,Mon3tr,Mon3tr,time,13,3457,2769928,【离解复合】Mon3tr实装数据简评 全能三体人！肉鸽新神已至！,2025-04-07T06:14:01+00:00,101405,柠檬味的小小猪,9064,0,84,21,0,24,True,https://www.skland.com/article?id=2769928,https://strategy.skland.com/api/resources/items,skland_strategy_public_search_top20,False
2026-09-05T04:07:31+08:00,W,W,hot,1,1285,1908359,维神开启了真正的公式萨米肉鸽——科学w的运营思路,2024-05-08T08:06:24+00:00,183776,懿鸸糁耜婺,26443,0,1343,1515,0,154,False,https://www.skland.com/article?id=1908359,https://strategy.skland.com/api/resources/items,skland_strategy_public_search_top20,False
2026-09-05T04:07:31+08:00,W,W,hot,2,687,1431976,六星强力干员【焰影苇草】——14W大C的法蒸天花板,2023-12-22T07:56:05+00:00,177993,苏祁风,7504,0,64,27,0,43,False,https://www.skland.com/article?id=1431976,https://strategy.skland.com/api/resources/items,skland_strategy_public_search_top20,False
2026-09-05T04:07:31+08:00,W,W,hot,3,1319,1915248,【走进维什戴尔】——这种玩ew的人一般目光呆滞,2024-05-09T14:32:38+00:00,300136,aaa薄荷味润唇膏批发,3529,0,35,3,0,9,False,https://www.skland.com/article?id=1915248,https://strategy.skland.com/api/resources/items,skland_strategy_public_search_top20,False
2026-09-05T04:07:31+08:00,W,W,hot,4,696,1425899,焰影苇草单up！跨年必new开启，超值六星三选一礼包！新老博士该如何选择？,2023-12-19T05:45:56+00:00,101080,北夏咯咯,4308,0,146,15,0,39,False,https://www.skland.com/article?id=1425899,https://strategy.skland.com/api/resources/items,skland_strategy_public_search_top20,False
2026-09-05T04:07:31+08:00,W,W,hot,5,1244,1845253,六星干员速评【W-维什戴尔】——祖宗发射器！保底伤害12w，攻击性最高的一集,2024-05-01T07:34:32+00:00,177993,苏祁风,4690,0,55,12,0,21,False,https://www.skland.com/article?id=1845253,https://strategy.skland.com/api/resources/items,skland_strategy_public_search_top20,False
2026-09-05T04:07:31+08:00,W,W,hot,6,1252,1856831,维什戴尔W  强度评测和食用指南,2024-05-01T18:51:01+00:00,238378,星海浩瀚VU,1605,1362,25,0,0,1,False,https://www.skland.com/article?id=1856831,https://strategy.skland.com/api/resources/items,skland_strategy_public_search_top20,False
2026-09-05T04:07:31+08:00,W,W,hot,7,622,1396055,六星干员攻略（W）,2023-12-05T08:59:45+00:00,156545,铃兰桑的欧尼酱,2326,0,28,5,0,30,False,https://www.skland.com/article?id=1396055,https://strategy.skland.com/api/resources/items,skland_strategy_public_search_top20,False
2026-09-05T04:07:31+08:00,W,W,hot,8,2574,2352721,【揭幕者们】荒芜拉普兰德实装数据简评 60s暖机，但是极限对单19w的超级大c,2024-11-01T08:06:15+00:00,101405,柠檬味的小小猪,3647,0,78,2,0,18,False,https://www.skland.com/article?id=2352721,https://strategy.skland.com/api/resources/items,skland_strategy_public_search_top20,False
2026-09-05T04:07:31+08:00,W,W,hot,9,3017,2568254,【相见欢】烛煌简评 1wdps的强制绑定对群大c,2025-01-22T08:04:34+00:00,101405,柠檬味的小小猪,3093,0,106,6,0,11,False,https://www.skland.com/article?id=2568254,https://strategy.skland.com/api/resources/items,skland_strategy_public_search_top20,False
2026-09-05T04:07:31+08:00,W,W,hot,10,2292,2242608,打腻了蓝图ew？来试试术特吧——术特萨卡兹入门攻略,2024-09-07T08:32:53+00:00,183776,懿鸸糁耜婺,2754,0,122,58,0,28,False,https://www.skland.com/article?id=2242608,https://strategy.skland.com/api/resources/items,skland_strategy_public_search_top20,False
2026-09-05T04:07:31+08:00,W,W,hot,11,821,1488086,【WB-EX-8突袭】五人无脑强杀打法，无概率速通，简单好抄。,2024-01-19T15:36:50+00:00,134832,CarpeDiem,1790,0,108,20,0,32,False,https://www.skland.com/article?id=1488086,https://strategy.skland.com/api/resources/items,skland_strategy_public_search_top20,False
2026-09-05T04:07:31+08:00,W,W,hot,12,1013,1655685,六星干员速评【艾拉】——控制拉满，或者13w总伤，挑一个？,2024-03-07T07:51:58+00:00,177993,苏祁风,5680,0,219,31,0,88,False,https://www.skland.com/article?id=1655685,https://strategy.skland.com/api/resources/items,skland_strategy_public_search_top20,False
2026-09-05T04:07:31+08:00,W,W,hot,13,3609,2836079,六星干员速评【新约能天使】——总伤16w时代来临，输出绝活两开花,2025-05-01T04:26:43+00:00,177993,苏祁风,12392,0,117,46,0,85,False,https://www.skland.com/article?id=2836079,https://strategy.skland.com/api/resources/items,skland_strategy_public_search_top20,False
2026-09-05T04:07:31+08:00,W,W,hot,14,1940,2145128,【太阳甩在身后】AS-9速刷112秒 无ew另一种打法 稳定代理刷环烃聚质,2024-08-03T08:48:16+00:00,101276,风雅荷,784,930,24,2,0,0,False,https://www.skland.com/article?id=2145128,https://strategy.skland.com/api/resources/items,skland_strategy_public_search_top20,False
2026-09-05T04:07:31+08:00,W,W,hot,15,4373,3193553,丰川祥子速评：Fever36w恐怖总伤，5位神人占领基建,2025-09-04T06:01:36+00:00,177993,苏祁风,27086,0,596,249,0,190,False,https://www.skland.com/article?id=3193553,https://strategy.skland.com/api/resources/items,skland_strategy_public_search_top20,False
2026-09-05T04:07:31+08:00,W,W,hot,16,3713,2871982,六星干员测评【蕾缪安】——摆完挂机就能消灭boss，1w1破甲线恐怖轮椅大狙,2025-05-08T06:49:11+00:00,177993,苏祁风,2298,0,45,10,0,8,False,https://www.skland.com/article?id=2871982,https://strategy.skland.com/api/resources/items,skland_strategy_public_search_top20,False
2026-09-05T04:07:31+08:00,W,W,hot,17,4999,3369924,【雪山降临1101】圣聆初雪简评 2000dps挂机/15w对群法伤,2025-11-01T09:04:43+00:00,101405,柠檬味的小小猪,2180,0,78,12,0,15,False,https://www.skland.com/article?id=3369924,https://strategy.skland.com/api/resources/items,skland_strategy_public_search_top20,False
2026-09-05T04:07:31+08:00,W,W,hot,18,3614,2837070,【众生游记】新约能天使实装简评 双技能16w总伤1wdps 物理输出新纪元！,2025-05-01T08:09:28+00:00,101405,柠檬味的小小猪,5487,0,54,9,0,21,False,https://www.skland.com/article?id=2837070,https://strategy.skland.com/api/resources/items,skland_strategy_public_search_top20,False
2026-09-05T04:07:31+08:00,W,W,hot,19,532,1313528,年限卡池能攒多少？七大卡池：联合，甄选，年底必new，单up复刻卡池超细讲解推荐,2023-11-10T01:27:04+00:00,101080,北夏咯咯,3155,0,146,28,0,30,False,https://www.skland.com/article?id=1313528,https://strategy.skland.com/api/resources/items,skland_strategy_public_search_top20,False
2026-09-05T04:07:31+08:00,W,W,hot,20,1515,1982154,六星干员速评【乌尔比安】——1.8w血还每秒回600+，我们深海猎人纯粹的强大,2024-06-05T08:06:25+00:00,177993,苏祁风,5836,0,91,35,0,17,False,https://www.skland.com/article?id=1982154,https://strategy.skland.com/api/resources/items,skland_strategy_public_search_top20,False
2026-09-05T04:07:31+08:00,W,W,time,1,6414,6072614,干员测评【予愿安洁莉娜】-全技能落地秒开，18w总伤飞天大C,2026-08-01T03:35:57+00:00,177993,苏祁风,9697,0,445,102,0,128,False,https://www.skland.com/article?id=6072614,https://strategy.skland.com/api/resources/items,skland_strategy_public_search_top20,False
2026-09-05T04:07:31+08:00,W,W,time,2,6314,5981995,【丛林症结】BD-8突袭低配过图思路（ew单核）,2026-07-10T06:00:12+00:00,104939,小小暗v影,46,44,4,2,0,0,False,https://www.skland.com/article?id=5981995,https://strategy.skland.com/api/resources/items,skland_strategy_public_search_top20,False
2026-09-05T04:07:31+08:00,W,W,time,3,6308,5981576,干员测评【谬因】-攻击能拐弯，总伤14w的群法,2026-07-10T04:14:26+00:00,177993,苏祁风,5026,0,331,8,0,65,False,https://www.skland.com/article?id=5981576,https://strategy.skland.com/api/resources/items,skland_strategy_public_search_top20,False
2026-09-05T04:07:31+08:00,W,W,time,4,6251,5951882,【涤墨作战】EW单人2步蚀裂冰湖200分全任务摆完挂机 简单好抄高容错,2026-06-26T09:36:14+00:00,101405,柠檬味的小小猪,128,576,87,2,0,1,False,https://www.skland.com/article?id=5951882,https://strategy.skland.com/api/resources/items,skland_strategy_public_search_top20,False
2026-09-05T04:07:31+08:00,W,W,time,5,6006,5805425,一图流评测【凯尔希·思衡托】——永久飞行的空中重装！5w真伤能打能奶的新时代医疗,2026-05-01T01:12:34+00:00,177993,苏祁风,3665,0,171,8,0,34,False,https://www.skland.com/article?id=5805425,https://strategy.skland.com/api/resources/items,skland_strategy_public_search_top20,False
2026-09-05T04:07:31+08:00,W,W,time,6,5871,5724366,26愚人节活动攻略+兑换码，EW新皮肤（黑色博士坠落RE-1到RE-6少人挂机）,2026-04-03T14:37:49+00:00,160688,闻战思凡,1977,0,139,26,0,13,False,https://www.skland.com/article?id=5724366,https://strategy.skland.com/api/resources/items,skland_strategy_public_search_top20,False
2026-09-05T04:07:31+08:00,W,W,time,7,5858,5713376,卫戍协议终极模拟新S.W.E.E.P策略评价（千杯）,2026-04-01T02:08:15+00:00,105671,被子没叠,366,0,17,6,0,9,False,https://www.skland.com/article?id=5713376,https://strategy.skland.com/api/resources/items,skland_strategy_public_search_top20,False
2026-09-05T04:07:31+08:00,W,W,time,8,5838,5669467,卫戍协议S.W.E.E.P新策略个人评价,2026-03-17T05:22:51+00:00,105671,被子没叠,688,0,21,12,0,6,False,https://www.skland.com/article?id=5669467,https://strategy.skland.com/api/resources/items,skland_strategy_public_search_top20,False
2026-09-05T04:07:31+08:00,W,W,time,9,5771,5643281,【十字路口】贝洛内实装简评 新时代减甲拐C 64%减甲10w/40%减甲20w,2026-03-10T04:41:35+00:00,101405,柠檬味的小小猪,1443,0,219,5,0,31,False,https://www.skland.com/article?id=5643281,https://strategy.skland.com/api/resources/items,skland_strategy_public_search_top20,False
2026-09-05T04:07:31+08:00,W,W,time,10,5770,5643164,一图流测评【贝洛内】——9费打单23w，但更推荐有输出有控二技能,2026-03-10T04:04:39+00:00,177993,苏祁风,13308,0,244,23,0,129,False,https://www.skland.com/article?id=5643164,https://strategy.skland.com/api/resources/items,skland_strategy_public_search_top20,False
2026-09-05T04:07:31+08:00,W,W,time,11,5769,5642621,一图流前瞻【贝洛内】——9费打单20w，但更适合用来开局的干员,2026-03-09T17:51:41+00:00,177993,苏祁风,6080,0,153,11,0,53,False,https://www.skland.com/article?id=5642621,https://strategy.skland.com/api/resources/items,skland_strategy_public_search_top20,False
2026-09-05T04:07:31+08:00,W,W,time,12,5626,5268061,【辞岁行】EW单人TA-5堵门114s速刷固源岩 简单好抄（近）理论最速搓玉,2026-02-10T11:44:34+00:00,101405,柠檬味的小小猪,311,358,132,1,0,0,False,https://www.skland.com/article?id=5268061,https://strategy.skland.com/api/resources/items,skland_strategy_public_search_top20,False
2026-09-05T04:07:31+08:00,W,W,time,13,5625,5266817,【辞岁行】EW单人TA-9堵门109s速刷环烃聚质 简单好抄高容错,2026-02-10T11:00:55+00:00,101405,柠檬味的小小猪,6045,5941,5217,23,0,8,False,https://www.skland.com/article?id=5266817,https://strategy.skland.com/api/resources/items,skland_strategy_public_search_top20,False
2026-09-05T04:07:31+08:00,W,W,time,14,5606,5255598,【辞岁行】赤刃明霄陈实装简评 保底6kDPS12w总伤还有百分比伤害的弱点大C,2026-02-10T05:23:59+00:00,101405,柠檬味的小小猪,2122,0,655,7,0,3,False,https://www.skland.com/article?id=5255598,https://strategy.skland.com/api/resources/items,skland_strategy_public_search_top20,False
2026-09-05T04:07:31+08:00,W,W,time,15,5605,5255008,【辞岁行】望实装简评 新神已至！1wDPS20w总伤的围棋戴尔！,2026-02-10T05:12:17+00:00,101405,柠檬味的小小猪,6023,0,2309,36,0,18,False,https://www.skland.com/article?id=5255008,https://strategy.skland.com/api/resources/items,skland_strategy_public_search_top20,False
2026-09-05T04:07:31+08:00,W,W,time,16,5481,3576812,【雅赛努斯复仇记】缇缇实装简评 10w总伤2k4hps沉睡法伤大c,2026-01-09T04:36:34+00:00,101405,柠檬味的小小猪,12212,0,271,21,0,44,False,https://www.skland.com/article?id=3576812,https://strategy.skland.com/api/resources/items,skland_strategy_public_search_top20,False
2026-09-05T04:07:31+08:00,W,W,time,17,5455,3536627,12.23罗德岛日报 【12/26引航者】【跨年必new池建议】,2025-12-22T14:43:36+00:00,113532,化学老施,1409,0,109,2,0,3,False,https://www.skland.com/article?id=3536627,https://strategy.skland.com/api/resources/items,skland_strategy_public_search_top20,False
2026-09-05T04:07:31+08:00,W,W,time,18,5282,3492899,卫戍协议S.W.E.E.P策略个人评级榜(近千奖杯),2025-12-01T10:03:36+00:00,105671,被子没叠,1211,0,42,19,0,7,False,https://www.skland.com/article?id=3492899,https://strategy.skland.com/api/resources/items,skland_strategy_public_search_top20,False
2026-09-05T04:07:31+08:00,W,W,time,19,5255,3431590,【雪山降临】OS-S-1到OS-S-5突袭摆完半挂机、限定只使用EW无银灰等干员,2025-11-15T13:42:44+00:00,160688,闻战思凡,985,0,40,13,0,3,False,https://www.skland.com/article?id=3431590,https://strategy.skland.com/api/resources/items,skland_strategy_public_search_top20,False
2026-09-05T04:07:31+08:00,W,W,time,20,5333,3409660,ew单人突袭OS-EX-7,2025-11-09T10:32:52+00:00,140204,NNNotou,16,72,1,0,0,0,False,https://www.skland.com/article?id=3409660,https://strategy.skland.com/api/resources/items,skland_strategy_public_search_top20,False
2026-09-05T04:07:31+08:00,予愿安洁莉娜,予愿安洁莉娜,hot,1,6407,6048733,6星予愿安洁莉娜数值分析，17万伤害新神已至，70对空庇护-直到大地变成一颗酸橙,2026-07-27T23:15:09+00:00,160688,闻战思凡,6612,0,165,16,0,177,True,https://www.skland.com/article?id=6048733,https://strategy.skland.com/api/resources/items,skland_strategy_public_search_top20,False
2026-09-05T04:07:31+08:00,予愿安洁莉娜,予愿安洁莉娜,hot,2,6425,6077319,予愿安洁莉娜实装简评 会飞天的物理斩业星熊【直到大地变成一颗酸橙】,2026-08-01T08:32:37+00:00,101405,柠檬味的小小猪,311,0,12,2,0,2,True,https://www.skland.com/article?id=6077319,https://strategy.skland.com/api/resources/items,skland_strategy_public_search_top20,False
2026-09-05T04:07:31+08:00,予愿安洁莉娜,予愿安洁莉娜,hot,3,6512,6197220,【方舟实战论143】这就是元老的归来！机制强大，安洁还在向上！丨予愿安洁莉娜,2026-08-12T04:15:28+00:00,244382,二色彩虹,240,820,23,0,0,2,True,https://www.skland.com/article?id=6197220,https://strategy.skland.com/api/resources/items,skland_strategy_public_search_top20,False
2026-09-05T04:07:31+08:00,予愿安洁莉娜,予愿安洁莉娜,hot,4,6414,6072614,干员测评【予愿安洁莉娜】-全技能落地秒开，18w总伤飞天大C,2026-08-01T03:35:57+00:00,177993,苏祁风,9697,0,445,102,0,128,True,https://www.skland.com/article?id=6072614,https://strategy.skland.com/api/resources/items,skland_strategy_public_search_top20,False
2026-09-05T04:07:31+08:00,予愿安洁莉娜,予愿安洁莉娜,hot,5,6448,6077053,天空属于予愿安洁莉娜！空中大运来了！骗你的地面也给你创飞！,2026-08-01T07:59:46+00:00,101066,泥萌都是托,3445,17442,617,51,0,30,True,https://www.skland.com/article?id=6077053,https://strategy.skland.com/api/resources/items,skland_strategy_public_search_top20,False
2026-09-05T04:07:31+08:00,予愿安洁莉娜,予愿安洁莉娜,time,1,6512,6197220,【方舟实战论143】这就是元老的归来！机制强大，安洁还在向上！丨予愿安洁莉娜,2026-08-12T04:15:28+00:00,244382,二色彩虹,240,820,23,0,0,2,True,https://www.skland.com/article?id=6197220,https://strategy.skland.com/api/resources/items,skland_strategy_public_search_top20,False
2026-09-05T04:07:31+08:00,予愿安洁莉娜,予愿安洁莉娜,time,2,6425,6077319,予愿安洁莉娜实装简评 会飞天的物理斩业星熊【直到大地变成一颗酸橙】,2026-08-01T08:32:37+00:00,101405,柠檬味的小小猪,311,0,12,2,0,2,True,https://www.skland.com/article?id=6077319,https://strategy.skland.com/api/resources/items,skland_strategy_public_search_top20,False
2026-09-05T04:07:31+08:00,予愿安洁莉娜,予愿安洁莉娜,time,3,6448,6077053,天空属于予愿安洁莉娜！空中大运来了！骗你的地面也给你创飞！,2026-08-01T07:59:46+00:00,101066,泥萌都是托,3445,17442,617,51,0,30,True,https://www.skland.com/article?id=6077053,https://strategy.skland.com/api/resources/items,skland_strategy_public_search_top20,False
2026-09-05T04:07:31+08:00,予愿安洁莉娜,予愿安洁莉娜,time,4,6414,6072614,干员测评【予愿安洁莉娜】-全技能落地秒开，18w总伤飞天大C,2026-08-01T03:35:57+00:00,177993,苏祁风,9697,0,445,102,0,128,True,https://www.skland.com/article?id=6072614,https://strategy.skland.com/api/resources/items,skland_strategy_public_search_top20,False
2026-09-05T04:07:31+08:00,予愿安洁莉娜,予愿安洁莉娜,time,5,6407,6048733,6星予愿安洁莉娜数值分析，17万伤害新神已至，70对空庇护-直到大地变成一颗酸橙,2026-07-27T23:15:09+00:00,160688,闻战思凡,6612,0,165,16,0,177,True,https://www.skland.com/article?id=6048733,https://strategy.skland.com/api/resources/items,skland_strategy_public_search_top20,False
2026-09-05T04:07:31+08:00,令,令,hot,1,692,1432859,【令】一人可抵千军万马，但代价呢？四千字揭秘令姐真实强度！,2023-12-22T14:08:55+00:00,544842,多索雷斯女王,3265,0,148,22,0,43,True,https://www.skland.com/article?id=1432859,https://strategy.skland.com/api/resources/items,skland_strategy_public_search_top20,False
2026-09-05T04:07:31+08:00,令,令,hot,2,76,35317,【猩红孤钻】令开局全关卡攻略（1）运营思路,2023-08-04T14:57:20+00:00,123771,星云丹色,1548,0,74,65,0,11,False,https://www.skland.com/article?id=35317,https://strategy.skland.com/api/resources/items,skland_strategy_public_search_top20,False
2026-09-05T04:07:31+08:00,令,令,hot,3,79,35450,【猩红孤钻】令开局全关卡攻略（5）四个终局Boss,2023-08-04T15:49:33+00:00,123771,星云丹色,1388,0,96,65,0,9,False,https://www.skland.com/article?id=35450,https://strategy.skland.com/api/resources/items,skland_strategy_public_search_top20,False
2026-09-05T04:07:31+08:00,令,令,hot,4,860,1535585,【怀黍离】HS-8扭转醇令、水陈双人速刷97s,2024-02-01T10:51:46+00:00,208381,青w筠,1203,0,27,7,0,5,False,https://www.skland.com/article?id=1535585,https://strategy.skland.com/api/resources/items,skland_strategy_public_search_top20,False
2026-09-05T04:07:31+08:00,令,令,hot,5,2109,2101607,【方舟五星图鉴03】德克萨斯-令人着迷的黑丝运动鞋！一分钟带你认识五星干员,2024-07-26T06:01:56+00:00,101165,破灭DE旋律,1035,1051,31,5,0,0,False,https://www.skland.com/article?id=2101607,https://strategy.skland.com/api/resources/items,skland_strategy_public_search_top20,False
2026-09-05T04:07:31+08:00,令,令,hot,6,1067,1698571,【源石尘行动】OD-8六人速刷116秒 无银叔史山煌棘令ins 稳定代理刷研磨石,2024-03-22T02:05:16+00:00,101276,风雅荷,876,0,25,1,0,4,False,https://www.skland.com/article?id=1698571,https://strategy.skland.com/api/resources/items,skland_strategy_public_search_top20,False
2026-09-05T04:07:31+08:00,令,令,hot,7,643,1401480,令凯双人RS-8,2023-12-07T06:12:11+00:00,108602,哈蒙德,866,0,51,6,0,11,False,https://www.skland.com/article?id=1401480,https://strategy.skland.com/api/resources/items,skland_strategy_public_search_top20,False
2026-09-05T04:07:31+08:00,令,令,hot,8,1221,1787430,六星干员攻略（令）,2024-04-25T20:36:38+00:00,156545,铃兰桑的欧尼酱,1128,0,20,4,0,15,False,https://www.skland.com/article?id=1787430,https://strategy.skland.com/api/resources/items,skland_strategy_public_search_top20,False
2026-09-05T04:07:31+08:00,令,令,hot,9,1576,1989132,BP-6 精二1级令单人也能速刷！100秒堵门思路,2024-06-07T09:49:37+00:00,115056,金传说汤面,242,0,7,0,0,2,False,https://www.skland.com/article?id=1989132,https://strategy.skland.com/api/resources/items,skland_strategy_public_search_top20,False
2026-09-05T04:07:31+08:00,令,令,hot,10,75,35358,【猩红孤钻】令开局全关卡攻略（2）前三层道中关卡,2023-08-04T15:10:57+00:00,123771,星云丹色,867,0,94,42,0,14,False,https://www.skland.com/article?id=35358,https://strategy.skland.com/api/resources/items,skland_strategy_public_search_top20,False
2026-09-05T04:07:31+08:00,令,令,hot,11,78,35425,【猩红孤钻】令开局全关卡攻略（4）后三层道中关卡+特殊作战关卡,2023-08-04T15:38:38+00:00,123771,星云丹色,637,0,87,28,0,14,False,https://www.skland.com/article?id=35425,https://strategy.skland.com/api/resources/items,skland_strategy_public_search_top20,False
2026-09-05T04:07:31+08:00,令,令,hot,12,419,196625,［恶兆湍流］13-18磨难三人，令单核简单稳定打法。,2023-10-18T03:33:55+00:00,134832,CarpeDiem,1024,0,15,3,0,3,False,https://www.skland.com/article?id=196625,https://strategy.skland.com/api/resources/items,skland_strategy_public_search_top20,False
2026-09-05T04:07:31+08:00,令,令,hot,13,2523,2321137,【双人GO-EX-8突袭】看令维如何击破设计师独具匠心的概率地狱,2024-10-17T21:27:34+00:00,185427,Kelin,336,1083,29,1,0,6,False,https://www.skland.com/article?id=2321137,https://strategy.skland.com/api/resources/items,skland_strategy_public_search_top20,False
2026-09-05T04:07:31+08:00,令,令,hot,14,947,1587119,【怀黍离】令单人 HS-EX-8,2024-02-12T07:20:13+00:00,108602,哈蒙德,440,0,30,5,0,4,False,https://www.skland.com/article?id=1587119,https://strategy.skland.com/api/resources/items,skland_strategy_public_search_top20,False
2026-09-05T04:07:31+08:00,令,令,hot,15,418,195466,[噩兆湍流]主线H13-4，叔叔令苇草三人,2023-10-16T19:33:01+00:00,105182,单身,414,0,19,1,0,5,False,https://www.skland.com/article?id=195466,https://strategy.skland.com/api/resources/items,skland_strategy_public_search_top20,False
2026-09-05T04:07:31+08:00,令,令,hot,16,3054,2587346,【相见欢】令单人OR-9,2025-01-23T03:51:51+00:00,108602,哈蒙德,535,899,226,3,0,0,False,https://www.skland.com/article?id=2587346,https://strategy.skland.com/api/resources/items,skland_strategy_public_search_top20,False
2026-09-05T04:07:31+08:00,令,令,hot,17,77,35393,【猩红孤钻】令开局全关卡攻略（3）第三层小Boss,2023-08-04T15:22:06+00:00,123771,星云丹色,521,0,64,23,0,6,False,https://www.skland.com/article?id=35393,https://strategy.skland.com/api/resources/items,skland_strategy_public_search_top20,False
2026-09-05T04:07:31+08:00,令,令,hot,18,4608,3245163,【次生预案】前哨支点通关思路-机动密令干员核心（RM-4更新）,2025-09-26T02:53:33+00:00,110257,星语Poistars,9829,0,150,113,0,17,True,https://www.skland.com/article?id=3245163,https://strategy.skland.com/api/resources/items,skland_strategy_public_search_top20,False
2026-09-05T04:07:31+08:00,令,令,hot,19,5788,5644860,令单人RMA70-12刺球CG-7【十字路口】堵门速刷材料攻略 明日方舟,2026-03-10T14:20:07+00:00,113532,化学老施,213,259,30,0,0,0,False,https://www.skland.com/article?id=5644860,https://strategy.skland.com/api/resources/items,skland_strategy_public_search_top20,False
2026-09-05T04:07:31+08:00,令,令,hot,20,3099,2627237,【双人OR-EX-8突袭】令姐还能走多远呢？,2025-01-29T19:17:05+00:00,185427,Kelin,150,286,11,3,0,0,False,https://www.skland.com/article?id=2627237,https://strategy.skland.com/api/resources/items,skland_strategy_public_search_top20,False
2026-09-05T04:07:31+08:00,令,令,time,1,6069,5735696,PA-8 令单人 蚀刻章镀层,2026-04-07T07:45:59+00:00,185427,Kelin,16,42,2,0,0,0,False,https://www.skland.com/article?id=5735696,https://strategy.skland.com/api/resources/items,skland_strategy_public_search_top20,False
2026-09-05T04:07:31+08:00,令,令,time,2,5920,5646259,【令单人CG-8突袭】望时代令难得的独享,2026-03-11T06:13:05+00:00,185427,Kelin,70,98,7,0,0,2,False,https://www.skland.com/article?id=5646259,https://strategy.skland.com/api/resources/items,skland_strategy_public_search_top20,False
2026-09-05T04:07:31+08:00,令,令,time,3,5788,5644860,令单人RMA70-12刺球CG-7【十字路口】堵门速刷材料攻略 明日方舟,2026-03-10T14:20:07+00:00,113532,化学老施,213,259,30,0,0,0,False,https://www.skland.com/article?id=5644860,https://strategy.skland.com/api/resources/items,skland_strategy_public_search_top20,False
2026-09-05T04:07:31+08:00,令,令,time,4,5786,5644162,令 单人突袭CG-8,2026-03-10T09:33:58+00:00,140204,NNNotou,12,19,4,0,0,0,False,https://www.skland.com/article?id=5644162,https://strategy.skland.com/api/resources/items,skland_strategy_public_search_top20,False
2026-09-05T04:07:31+08:00,令,令,time,5,5780,5643472,【十字路口】令单人CG-8,2026-03-10T05:27:58+00:00,108602,哈蒙德,20,19,5,0,0,0,False,https://www.skland.com/article?id=5643472,https://strategy.skland.com/api/resources/items,skland_strategy_public_search_top20,False
2026-09-05T04:07:31+08:00,令,令,time,6,5811,5271255,【令单人TA-10】蚀刻章镀层,2026-02-10T13:30:49+00:00,185427,Kelin,22,17,3,0,0,0,False,https://www.skland.com/article?id=5271255,https://strategy.skland.com/api/resources/items,skland_strategy_public_search_top20,False
2026-09-05T04:07:31+08:00,令,令,time,7,5522,3502456,电弧单人UR-8，令好好学学人家电弧,2025-12-05T07:49:48+00:00,185427,Kelin,115,190,16,1,0,6,False,https://www.skland.com/article?id=3502456,https://strategy.skland.com/api/resources/items,skland_strategy_public_search_top20,False
2026-09-05T04:07:31+08:00,令,令,time,8,5032,3288218,【双辅H16-1】2025年了，令还能打得过大盾方阵吗？,2025-10-16T11:09:18+00:00,185427,Kelin,46,155,12,0,0,0,False,https://www.skland.com/article?id=3288218,https://strategy.skland.com/api/resources/items,skland_strategy_public_search_top20,False
2026-09-05T04:07:31+08:00,令,令,time,9,4608,3245163,【次生预案】前哨支点通关思路-机动密令干员核心（RM-4更新）,2025-09-26T02:53:33+00:00,110257,星语Poistars,9829,0,150,113,0,17,True,https://www.skland.com/article?id=3245163,https://strategy.skland.com/api/resources/items,skland_strategy_public_search_top20,False
2026-09-05T04:07:31+08:00,令,令,time,10,4834,3234391,【攻略补全计划】令—悖论模拟,2025-09-21T03:56:48+00:00,127231,山桜,16,83,4,0,0,0,False,https://www.skland.com/article?id=3234391,https://strategy.skland.com/api/resources/items,skland_strategy_public_search_top20,False
2026-09-05T04:07:31+08:00,令,令,time,11,4441,3190180,【令】悖论模拟攻略,2025-09-02T11:11:16+00:00,380220,menthol,23,175,7,1,0,0,True,https://www.skland.com/article?id=3190180,https://strategy.skland.com/api/resources/items,skland_strategy_public_search_top20,False
2026-09-05T04:07:31+08:00,令,令,time,12,4075,3017080,【单人FM-8突袭】令单人，简单好抄,2025-07-08T18:06:45+00:00,185427,Kelin,36,135,7,0,0,0,False,https://www.skland.com/article?id=3017080,https://strategy.skland.com/api/resources/items,skland_strategy_public_search_top20,False
2026-09-05T04:07:31+08:00,令,令,time,13,4025,3016944,【镜中集】令单人FM-8,2025-07-08T16:46:51+00:00,108602,哈蒙德,28,99,5,0,0,0,False,https://www.skland.com/article?id=3016944,https://strategy.skland.com/api/resources/items,skland_strategy_public_search_top20,False
2026-09-05T04:07:31+08:00,令,令,time,14,3817,2923038,【矢量突破】VEC-12令逻双人，无概率速通,2025-05-25T02:07:41+00:00,134832,CarpeDiem,245,759,26,2,0,2,False,https://www.skland.com/article?id=2923038,https://strategy.skland.com/api/resources/items,skland_strategy_public_search_top20,False
2026-09-05T04:07:31+08:00,令,令,time,15,3914,2917002,真龙直面爆炸！【矢量突破】特别战线SP11爆炸现场 精二1级令单人,2025-05-22T11:10:25+00:00,115056,金传说汤面,62,165,8,0,0,0,False,https://www.skland.com/article?id=2917002,https://strategy.skland.com/api/resources/items,skland_strategy_public_search_top20,False
2026-09-05T04:07:31+08:00,令,令,time,16,3794,2916808,【特别战线】VEC-12令单人。巫术排练,2025-05-22T09:49:53+00:00,134832,CarpeDiem,103,211,12,0,0,0,False,https://www.skland.com/article?id=2916808,https://strategy.skland.com/api/resources/items,skland_strategy_public_search_top20,False
2026-09-05T04:07:31+08:00,令,令,time,17,3733,2852612,【单人MT-8】令姐老矣，尚能单否？,2025-05-02T21:37:21+00:00,185427,Kelin,183,736,22,0,0,1,False,https://www.skland.com/article?id=2852612,https://strategy.skland.com/api/resources/items,skland_strategy_public_search_top20,False
2026-09-05T04:07:31+08:00,令,令,time,18,3681,2813404,【全员1级】15-9  令芒#5  烟花表演,2025-04-25T11:39:50+00:00,109183,StoneHugo,429,1617,44,2,0,5,False,https://www.skland.com/article?id=2813404,https://strategy.skland.com/api/resources/items,skland_strategy_public_search_top20,False
2026-09-05T04:07:31+08:00,令,令,time,19,3403,2716066,【双人EA-EX-8】令维,2025-03-14T19:34:01+00:00,185427,Kelin,155,629,26,3,0,2,False,https://www.skland.com/article?id=2716066,https://strategy.skland.com/api/resources/items,skland_strategy_public_search_top20,False
2026-09-05T04:07:31+08:00,令,令,time,20,3339,2703769,【单人EA-8】令姐又双叒叕下班了,2025-03-07T20:59:39+00:00,185427,Kelin,1101,2375,79,15,0,7,False,https://www.skland.com/article?id=2703769,https://strategy.skland.com/api/resources/items,skland_strategy_public_search_top20,False
2026-09-05T04:07:31+08:00,伊芙利特,伊芙利特,hot,1,839,1487886,六星干员攻略（伊芙利特）,2024-01-19T14:09:15+00:00,156545,铃兰桑的欧尼酱,2825,0,43,9,0,12,True,https://www.skland.com/article?id=1487886,https://strategy.skland.com/api/resources/items,skland_strategy_public_search_top20,False
2026-09-05T04:07:31+08:00,伊芙利特,伊芙利特,hot,2,232,134597,【走近干员#3】伊芙利特——战斗篇,2023-09-07T14:34:50+00:00,209443,端木千柔,1675,0,41,5,0,4,True,https://www.skland.com/article?id=134597,https://strategy.skland.com/api/resources/items,skland_strategy_public_search_top20,False
2026-09-05T04:07:31+08:00,伊芙利特,伊芙利特,hot,3,1574,1987941,伊芙利特（小火龙）德尔塔（灼燃损伤）模组测评,2024-06-06T22:09:07+00:00,197029,白樱iridescent,683,0,9,0,0,1,True,https://www.skland.com/article?id=1987941,https://strategy.skland.com/api/resources/items,skland_strategy_public_search_top20,False
2026-09-05T04:07:31+08:00,伊芙利特,伊芙利特,hot,4,2743,2398561,卫戍协议强力万金油干员推荐（伊芙利特）,2024-11-17T04:25:27+00:00,727151,半边琉璃,4658,0,96,17,0,55,True,https://www.skland.com/article?id=2398561,https://strategy.skland.com/api/resources/items,skland_strategy_public_search_top20,False
2026-09-05T04:07:31+08:00,伊芙利特,伊芙利特,hot,5,1776,2047166,国服7.11&日服7.16中坚池预测——伊芙利特与艾雅法拉的中坚小组作业,2024-07-06T13:53:45+00:00,101087,罗德岛蜜饼工坊,268,0,82,0,0,3,True,https://www.skland.com/article?id=2047166,https://strategy.skland.com/api/resources/items,skland_strategy_public_search_top20,False
2026-09-05T04:07:31+08:00,伊芙利特,伊芙利特,hot,6,3690,2810729,【明日方舟】5.15联合行动预测——伊芙利特的轮换池作业,2025-04-24T00:53:23+00:00,101087,罗德岛蜜饼工坊,4131,10680,230,7,0,7,True,https://www.skland.com/article?id=2810729,https://strategy.skland.com/api/resources/items,skland_strategy_public_search_top20,False
2026-09-05T04:07:31+08:00,伊芙利特,伊芙利特,hot,7,4849,3233140,【攻略补全计划】伊芙利特—悖论模拟,2025-09-20T13:45:53+00:00,127231,山桜,26,212,5,0,0,0,True,https://www.skland.com/article?id=3233140,https://strategy.skland.com/api/resources/items,skland_strategy_public_search_top20,False
2026-09-05T04:07:31+08:00,伊芙利特,伊芙利特,hot,8,4400,3188471,【伊芙利特】悖论模拟攻略,2025-09-01T14:56:00+00:00,380220,menthol,13,133,3,0,0,0,True,https://www.skland.com/article?id=3188471,https://strategy.skland.com/api/resources/items,skland_strategy_public_search_top20,False
2026-09-05T04:07:31+08:00,伊芙利特,伊芙利特,time,1,4849,3233140,【攻略补全计划】伊芙利特—悖论模拟,2025-09-20T13:45:53+00:00,127231,山桜,26,212,5,0,0,0,True,https://www.skland.com/article?id=3233140,https://strategy.skland.com/api/resources/items,skland_strategy_public_search_top20,False
2026-09-05T04:07:31+08:00,伊芙利特,伊芙利特,time,2,4400,3188471,【伊芙利特】悖论模拟攻略,2025-09-01T14:56:00+00:00,380220,menthol,13,133,3,0,0,0,True,https://www.skland.com/article?id=3188471,https://strategy.skland.com/api/resources/items,skland_strategy_public_search_top20,False
2026-09-05T04:07:31+08:00,伊芙利特,伊芙利特,time,3,3690,2810729,【明日方舟】5.15联合行动预测——伊芙利特的轮换池作业,2025-04-24T00:53:23+00:00,101087,罗德岛蜜饼工坊,4131,10680,230,7,0,7,True,https://www.skland.com/article?id=2810729,https://strategy.skland.com/api/resources/items,skland_strategy_public_search_top20,False
2026-09-05T04:07:31+08:00,伊芙利特,伊芙利特,time,4,2743,2398561,卫戍协议强力万金油干员推荐（伊芙利特）,2024-11-17T04:25:27+00:00,727151,半边琉璃,4658,0,96,17,0,55,True,https://www.skland.com/article?id=2398561,https://strategy.skland.com/api/resources/items,skland_strategy_public_search_top20,False
2026-09-05T04:07:31+08:00,伊芙利特,伊芙利特,time,5,1776,2047166,国服7.11&日服7.16中坚池预测——伊芙利特与艾雅法拉的中坚小组作业,2024-07-06T13:53:45+00:00,101087,罗德岛蜜饼工坊,268,0,82,0,0,3,True,https://www.skland.com/article?id=2047166,https://strategy.skland.com/api/resources/items,skland_strategy_public_search_top20,False
2026-09-05T04:07:31+08:00,伊芙利特,伊芙利特,time,6,1574,1987941,伊芙利特（小火龙）德尔塔（灼燃损伤）模组测评,2024-06-06T22:09:07+00:00,197029,白樱iridescent,683,0,9,0,0,1,True,https://www.skland.com/article?id=1987941,https://strategy.skland.com/api/resources/items,skland_strategy_public_search_top20,False
2026-09-05T04:07:31+08:00,伊芙利特,伊芙利特,time,7,839,1487886,六星干员攻略（伊芙利特）,2024-01-19T14:09:15+00:00,156545,铃兰桑的欧尼酱,2825,0,43,9,0,12,True,https://www.skland.com/article?id=1487886,https://strategy.skland.com/api/resources/items,skland_strategy_public_search_top20,False
2026-09-05T04:07:31+08:00,伊芙利特,伊芙利特,time,8,232,134597,【走近干员#3】伊芙利特——战斗篇,2023-09-07T14:34:50+00:00,209443,端木千柔,1675,0,41,5,0,4,True,https://www.skland.com/article?id=134597,https://strategy.skland.com/api/resources/items,skland_strategy_public_search_top20,False
2026-09-05T04:07:31+08:00,余,余,hot,1,104,49925,【永续黄昏干员测评】#1 纯艾，一款最适合余烬体质的永续黄昏医疗,2023-08-11T17:18:05+00:00,101201,永暮神庭,4917,0,66,11,0,7,False,https://www.skland.com/article?id=49925,https://strategy.skland.com/api/resources/items,skland_strategy_public_search_top20,False
2026-09-05T04:07:31+08:00,余,余,hot,2,3055,2591537,六星干员测评【烛煌】——限制颇多但爆发极高，余煌龙铠甲dps过万，灼燃体系输出手,2025-01-23T09:58:37+00:00,177993,苏祁风,5675,0,206,21,0,15,False,https://www.skland.com/article?id=2591537,https://strategy.skland.com/api/resources/items,skland_strategy_public_search_top20,False
2026-09-05T04:07:31+08:00,余,余,hot,3,3046,2577660,余，最速专精的最后一块拼图【通用最速专精指南】,2025-01-22T12:14:31+00:00,105990,ignoredone,6927,0,390,212,0,4,False,https://www.skland.com/article?id=2577660,https://strategy.skland.com/api/resources/items,skland_strategy_public_search_top20,False
2026-09-05T04:07:31+08:00,余,余,hot,4,3311,2700489,【水月肉鸽】N18大群所向温洁余横推公式详细教学，一炮入坑简单好抄,2025-03-07T04:52:45+00:00,108599,哲意志第三共和国,990,1435,55,6,0,3,False,https://www.skland.com/article?id=2700489,https://strategy.skland.com/api/resources/items,skland_strategy_public_search_top20,False
2026-09-05T04:07:31+08:00,余,余,hot,5,3035,2576852,余强度评测/食用指南，元素之星，法蒸之友！方舟新手推荐,2025-01-22T11:32:06+00:00,238378,星海浩瀚VU,2735,0,203,9,0,19,False,https://www.skland.com/article?id=2576852,https://strategy.skland.com/api/resources/items,skland_strategy_public_search_top20,False
2026-09-05T04:07:31+08:00,余,余,hot,6,3018,2568255,【相见欢】余简评 重辅新神！功能性与输出都拉满！,2025-01-22T08:04:37+00:00,101405,柠檬味的小小猪,4075,0,238,14,0,4,False,https://www.skland.com/article?id=2568255,https://strategy.skland.com/api/resources/items,skland_strategy_public_search_top20,False
2026-09-05T04:07:31+08:00,余,余,hot,7,3086,2625358,【炽吾生平】余角色评测 三心殊罔，百味清明，炽吾一梦宴生平,2025-01-29T07:05:21+00:00,105671,被子没叠,888,0,33,3,0,3,False,https://www.skland.com/article?id=2625358,https://strategy.skland.com/api/resources/items,skland_strategy_public_search_top20,False
2026-09-05T04:07:31+08:00,余,余,hot,8,3048,2569713,六星干员速评【余】——血量过万伤害7万，攻防一体的恐怖厨子,2025-01-22T08:29:15+00:00,177993,苏祁风,3793,0,186,11,0,12,True,https://www.skland.com/article?id=2569713,https://strategy.skland.com/api/resources/items,skland_strategy_public_search_top20,False
2026-09-05T04:07:31+08:00,余,余,hot,9,3129,2605511,【干员实用性测评】#22余——本源铁卫,2025-01-25T09:40:49+00:00,101142,柏喙攻略组,702,0,37,4,0,3,False,https://www.skland.com/article?id=2605511,https://strategy.skland.com/api/resources/items,skland_strategy_public_search_top20,False
2026-09-05T04:07:31+08:00,余,余,hot,10,3005,2533656,无氪/大小月卡党到新年余限定卡池结束有多少抽卡资源？,2025-01-20T02:32:13+00:00,160688,闻战思凡,1741,0,139,3,0,4,False,https://www.skland.com/article?id=2533656,https://strategy.skland.com/api/resources/items,skland_strategy_public_search_top20,False
2026-09-05T04:07:31+08:00,余,余,hot,11,3701,2803655,【明日方舟】新的传送！火炬树桩？重装大C！？| 技能专精推荐·余,2025-04-20T08:52:19+00:00,101101,伊普希龙_Epts,350,381,16,1,0,0,False,https://www.skland.com/article?id=2803655,https://strategy.skland.com/api/resources/items,skland_strategy_public_search_top20,False
2026-09-05T04:07:31+08:00,余,余,hot,12,3110,2577612,未来灼燃体系拼图？实战测试余对术士的输出提升！,2025-01-22T12:11:31+00:00,101196,Q弹的羽Q,272,438,35,1,0,0,False,https://www.skland.com/article?id=2577612,https://strategy.skland.com/api/resources/items,skland_strategy_public_search_top20,False
2026-09-05T04:07:31+08:00,余,余,hot,13,1197,1776519,BETA数据周报#69——直播定档下周六，余票开售未有时,2024-04-21T03:49:43+00:00,273345,逻辑元LogicalByte,1441,0,121,1,0,5,False,https://www.skland.com/article?id=1776519,https://strategy.skland.com/api/resources/items,skland_strategy_public_search_top20,False
2026-09-05T04:07:31+08:00,余,余,hot,14,3521,2753296,《迫害方舟》强数值+机制？一个视频看懂余！,2025-03-31T13:07:21+00:00,101066,泥萌都是托,304,629,50,3,0,0,False,https://www.skland.com/article?id=2753296,https://strategy.skland.com/api/resources/items,skland_strategy_public_search_top20,False
2026-09-05T04:07:31+08:00,余,余,hot,15,3133,2645874,【净罪作战】模组整合块任务 低配过图思路（余煌双核）,2025-02-05T17:41:06+00:00,104939,小小暗v影,248,359,14,5,0,7,False,https://www.skland.com/article?id=2645874,https://strategy.skland.com/api/resources/items,skland_strategy_public_search_top20,False
2026-09-05T04:07:31+08:00,余,余,hot,16,3958,2969095,【红丝绒】AD-EX-8突袭低配过图思路（余🐏双核）,2025-06-13T16:58:24+00:00,104939,小小暗v影,146,674,18,0,0,0,False,https://www.skland.com/article?id=2969095,https://strategy.skland.com/api/resources/items,skland_strategy_public_search_top20,False
2026-09-05T04:07:31+08:00,余,余,hot,17,3004,2523560,新春前瞻内容总结，异格煌，火炬树桩余、基建优化、新活动促融共竞、危机合约、主线,2025-01-19T04:50:13+00:00,160688,闻战思凡,512,813,78,1,0,0,False,https://www.skland.com/article?id=2523560,https://strategy.skland.com/api/resources/items,skland_strategy_public_search_top20,False
2026-09-05T04:07:31+08:00,余,余,hot,18,3052,2579120,「相见欢」版本干员基建技能解析（余、烛煌、寻澜、行箸）,2025-01-22T13:32:00+00:00,101177,BioHazard,1445,0,174,3,0,1,False,https://www.skland.com/article?id=2579120,https://strategy.skland.com/api/resources/items,skland_strategy_public_search_top20,False
2026-09-05T04:07:31+08:00,余,余,hot,19,367,188520,【尘影余音】四医疗LE-EX-8,2023-10-10T09:32:10+00:00,1025511,龙门作战组,297,0,19,0,0,5,False,https://www.skland.com/article?id=188520,https://strategy.skland.com/api/resources/items,skland_strategy_public_search_top20,False
2026-09-05T04:07:31+08:00,余,余,hot,20,5718,5581686,【日常阵容分享】天四余拉队,2026-02-25T15:37:54+00:00,120476,明有奇巧人,3023,0,85,46,0,10,False,https://www.skland.com/article?id=5581686,https://strategy.skland.com/api/resources/items,skland_strategy_public_search_top20,False
2026-09-05T04:07:31+08:00,余,余,time,1,6336,5973531,调熊师？操控熊大即可击败其余所有敌人！满分通关！,2026-07-05T23:06:18+00:00,101066,泥萌都是托,3059,9169,562,48,0,34,False,https://www.skland.com/article?id=5973531,https://strategy.skland.com/api/resources/items,skland_strategy_public_search_top20,False
2026-09-05T04:07:31+08:00,余,余,time,2,6270,5957025,【涤墨作战】12人精二70级无潜能无概率旧约845分 无需余风笛简单好抄高容错,2026-06-27T22:19:27+00:00,101405,柠檬味的小小猪,259,1350,39,5,0,2,False,https://www.skland.com/article?id=5957025,https://strategy.skland.com/api/resources/items,skland_strategy_public_search_top20,False
2026-09-05T04:07:31+08:00,余,余,time,3,5718,5581686,【日常阵容分享】天四余拉队,2026-02-25T15:37:54+00:00,120476,明有奇巧人,3023,0,85,46,0,10,False,https://www.skland.com/article?id=5581686,https://strategy.skland.com/api/resources/items,skland_strategy_public_search_top20,False
2026-09-05T04:07:31+08:00,余,余,time,4,5322,3502465,【未许之地】UR-7 炽合金速刷 3人8步 M3异拉余,2025-12-05T07:52:04+00:00,113532,化学老施,174,659,32,1,0,0,False,https://www.skland.com/article?id=3502465,https://strategy.skland.com/api/resources/items,skland_strategy_public_search_top20,False
2026-09-05T04:07:31+08:00,余,余,time,5,4348,3173748,【三人 全息作战矩阵 7-18 镀层】斥罪，余，阿斯卡纶解,2025-08-28T19:01:59+00:00,154719,劉影,319,815,34,5,0,12,False,https://www.skland.com/article?id=3173748,https://strategy.skland.com/api/resources/items,skland_strategy_public_search_top20,False
2026-09-05T04:07:31+08:00,余,余,time,6,4041,2971963,【红丝绒】AD-EX-7普通/突袭山余双核低配平民攻略,2025-06-15T07:48:22+00:00,155548,POTATO02,34,159,13,1,0,0,False,https://www.skland.com/article?id=2971963,https://strategy.skland.com/api/resources/items,skland_strategy_public_search_top20,False
2026-09-05T04:07:31+08:00,余,余,time,7,3958,2969095,【红丝绒】AD-EX-8突袭低配过图思路（余🐏双核）,2025-06-13T16:58:24+00:00,104939,小小暗v影,146,674,18,0,0,0,False,https://www.skland.com/article?id=2969095,https://strategy.skland.com/api/resources/items,skland_strategy_public_search_top20,False
2026-09-05T04:07:31+08:00,余,余,time,8,3701,2803655,【明日方舟】新的传送！火炬树桩？重装大C！？| 技能专精推荐·余,2025-04-20T08:52:19+00:00,101101,伊普希龙_Epts,350,381,16,1,0,0,False,https://www.skland.com/article?id=2803655,https://strategy.skland.com/api/resources/items,skland_strategy_public_search_top20,False
2026-09-05T04:07:31+08:00,余,余,time,9,3521,2753296,《迫害方舟》强数值+机制？一个视频看懂余！,2025-03-31T13:07:21+00:00,101066,泥萌都是托,304,629,50,3,0,0,False,https://www.skland.com/article?id=2753296,https://strategy.skland.com/api/resources/items,skland_strategy_public_search_top20,False
2026-09-05T04:07:31+08:00,余,余,time,10,3311,2700489,【水月肉鸽】N18大群所向温洁余横推公式详细教学，一炮入坑简单好抄,2025-03-07T04:52:45+00:00,108599,哲意志第三共和国,990,1435,55,6,0,3,False,https://www.skland.com/article?id=2700489,https://strategy.skland.com/api/resources/items,skland_strategy_public_search_top20,False
2026-09-05T04:07:31+08:00,余,余,time,11,3133,2645874,【净罪作战】模组整合块任务 低配过图思路（余煌双核）,2025-02-05T17:41:06+00:00,104939,小小暗v影,248,359,14,5,0,7,False,https://www.skland.com/article?id=2645874,https://strategy.skland.com/api/resources/items,skland_strategy_public_search_top20,False
2026-09-05T04:07:31+08:00,余,余,time,12,3179,2644716,【相见欢】OR-S-4突袭 维什戴尔+余双核,2025-02-05T13:17:52+00:00,208381,青w筠,48,157,7,2,0,1,False,https://www.skland.com/article?id=2644716,https://strategy.skland.com/api/resources/items,skland_strategy_public_search_top20,False
2026-09-05T04:07:31+08:00,余,余,time,13,3181,2643825,【相见欢】OR-S-2突袭 维什戴尔+余双核,2025-02-05T09:34:21+00:00,208381,青w筠,189,246,13,0,0,0,False,https://www.skland.com/article?id=2643825,https://strategy.skland.com/api/resources/items,skland_strategy_public_search_top20,False
2026-09-05T04:07:31+08:00,余,余,time,14,3086,2625358,【炽吾生平】余角色评测 三心殊罔，百味清明，炽吾一梦宴生平,2025-01-29T07:05:21+00:00,105671,被子没叠,888,0,33,3,0,3,False,https://www.skland.com/article?id=2625358,https://strategy.skland.com/api/resources/items,skland_strategy_public_search_top20,False
2026-09-05T04:07:31+08:00,余,余,time,15,3129,2605511,【干员实用性测评】#22余——本源铁卫,2025-01-25T09:40:49+00:00,101142,柏喙攻略组,702,0,37,4,0,3,False,https://www.skland.com/article?id=2605511,https://strategy.skland.com/api/resources/items,skland_strategy_public_search_top20,False
2026-09-05T04:07:31+08:00,余,余,time,16,3055,2591537,六星干员测评【烛煌】——限制颇多但爆发极高，余煌龙铠甲dps过万，灼燃体系输出手,2025-01-23T09:58:37+00:00,177993,苏祁风,5675,0,206,21,0,15,False,https://www.skland.com/article?id=2591537,https://strategy.skland.com/api/resources/items,skland_strategy_public_search_top20,False
2026-09-05T04:07:31+08:00,余,余,time,17,3052,2579120,「相见欢」版本干员基建技能解析（余、烛煌、寻澜、行箸）,2025-01-22T13:32:00+00:00,101177,BioHazard,1445,0,174,3,0,1,False,https://www.skland.com/article?id=2579120,https://strategy.skland.com/api/resources/items,skland_strategy_public_search_top20,False
2026-09-05T04:07:31+08:00,余,余,time,18,3046,2577660,余，最速专精的最后一块拼图【通用最速专精指南】,2025-01-22T12:14:31+00:00,105990,ignoredone,6927,0,390,212,0,4,False,https://www.skland.com/article?id=2577660,https://strategy.skland.com/api/resources/items,skland_strategy_public_search_top20,False
2026-09-05T04:07:31+08:00,余,余,time,19,3110,2577612,未来灼燃体系拼图？实战测试余对术士的输出提升！,2025-01-22T12:11:31+00:00,101196,Q弹的羽Q,272,438,35,1,0,0,False,https://www.skland.com/article?id=2577612,https://strategy.skland.com/api/resources/items,skland_strategy_public_search_top20,False
2026-09-05T04:07:31+08:00,余,余,time,20,3035,2576852,余强度评测/食用指南，元素之星，法蒸之友！方舟新手推荐,2025-01-22T11:32:06+00:00,238378,星海浩瀚VU,2735,0,203,9,0,19,False,https://www.skland.com/article?id=2576852,https://strategy.skland.com/api/resources/items,skland_strategy_public_search_top20,False
2026-09-05T04:07:31+08:00,佩佩,佩佩,hot,1,1903,2132484,六星干员攻略（佩佩）,2024-08-01T11:19:52+00:00,156545,铃兰桑的欧尼酱,3146,0,47,10,0,15,True,https://www.skland.com/article?id=2132484,https://strategy.skland.com/api/resources/items,skland_strategy_public_search_top20,False
2026-09-05T04:07:31+08:00,佩佩,佩佩,hot,2,2031,2174567,【实用性测评#17】首位六星撼地者佩佩测评,2024-08-12T07:17:14+00:00,192588,NEKO音符社_旧,1504,0,34,4,0,3,True,https://www.skland.com/article?id=2174567,https://strategy.skland.com/api/resources/items,skland_strategy_public_search_top20,False
2026-09-05T04:07:31+08:00,佩佩,佩佩,hot,3,1954,2145817,【嬷嬷方舟测评】掺猫冰了！佩佩专九实战测评！,2024-08-03T12:02:20+00:00,101196,Q弹的羽Q,607,1146,35,3,0,9,True,https://www.skland.com/article?id=2145817,https://strategy.skland.com/api/resources/items,skland_strategy_public_search_top20,False
2026-09-05T04:07:31+08:00,佩佩,佩佩,hot,4,3067,2596781,【2025.01】模组升级-综合推荐（佩佩、林、左乐、重岳、夕、森蚺）,2025-01-24T02:23:41+00:00,120476,明有奇巧人,7141,0,186,85,0,14,True,https://www.skland.com/article?id=2596781,https://strategy.skland.com/api/resources/items,skland_strategy_public_search_top20,False
2026-09-05T04:07:31+08:00,佩佩,佩佩,hot,5,1947,2144563,【菲林干员攻略#9】终于落地的菲林十万大C！——佩佩篇,2024-08-03T05:57:23+00:00,104745,我叫火星,682,0,23,2,0,1,True,https://www.skland.com/article?id=2144563,https://strategy.skland.com/api/resources/items,skland_strategy_public_search_top20,False
2026-09-05T04:07:31+08:00,佩佩,佩佩,hot,6,1915,2135891,佩佩~强度评测~食用指南~一个可爱到EP音乐洗脑的角色,2024-08-01T16:15:39+00:00,238378,星海浩瀚VU,475,0,14,1,0,2,True,https://www.skland.com/article?id=2135891,https://strategy.skland.com/api/resources/items,skland_strategy_public_search_top20,False
2026-09-05T04:07:31+08:00,佩佩,佩佩,hot,7,1905,2132053,夏活新干员基建技能解析（佩佩、娜仁图亚、衡沙、莎草）,2024-08-01T10:52:21+00:00,101177,BioHazard,927,0,25,2,0,6,True,https://www.skland.com/article?id=2132053,https://strategy.skland.com/api/resources/items,skland_strategy_public_search_top20,False
2026-09-05T04:07:31+08:00,佩佩,佩佩,hot,8,1938,2141703,特别独占订单？佩佩牌虚空印钞？夏活新干员基建技能解析！,2024-08-02T14:26:15+00:00,101054,公孙长乐,3367,0,144,2,0,21,True,https://www.skland.com/article?id=2141703,https://strategy.skland.com/api/resources/items,skland_strategy_public_search_top20,False
2026-09-05T04:07:31+08:00,佩佩,佩佩,hot,9,1902,2131832,【入职测试】佩佩精二满级技能7实战测试,2024-08-01T10:39:52+00:00,177993,苏祁风,486,773,20,0,0,4,True,https://www.skland.com/article?id=2131832,https://strategy.skland.com/api/resources/items,skland_strategy_public_search_top20,False
2026-09-05T04:07:31+08:00,佩佩,佩佩,hot,10,1904,2131402,佩佩vs方舟全BOSS，挑战全网最速,2024-08-01T10:19:23+00:00,101387,猫柳KEE,1241,4112,104,7,0,24,True,https://www.skland.com/article?id=2131402,https://strategy.skland.com/api/resources/items,skland_strategy_public_search_top20,False
2026-09-05T04:07:31+08:00,佩佩,佩佩,hot,11,3261,2681207,【菲林干员攻略#9】见过5秒cd8万总伤的小技能吗？——模组佩佩篇,2025-02-22T13:32:11+00:00,104745,我叫火星,545,0,16,1,0,6,True,https://www.skland.com/article?id=2681207,https://strategy.skland.com/api/resources/items,skland_strategy_public_search_top20,False
2026-09-05T04:07:31+08:00,佩佩,佩佩,hot,12,4234,3116728,【2025.08】模组升级-综合推荐（遥、水陈、妮芙、烛煌、琳琅诗怀雅、佩佩,2025-08-09T09:07:28+00:00,120476,明有奇巧人,4795,0,86,22,0,4,True,https://www.skland.com/article?id=3116728,https://strategy.skland.com/api/resources/items,skland_strategy_public_search_top20,False
2026-09-05T04:07:31+08:00,佩佩,佩佩,hot,13,1879,2116684,无氪/大小月卡玩家到夏活卡池结束有多少抽？佩佩实装，迷宫饭联动临近,2024-07-29T10:00:05+00:00,160688,闻战思凡,663,1990,45,2,0,0,True,https://www.skland.com/article?id=2116684,https://strategy.skland.com/api/resources/items,skland_strategy_public_search_top20,False
2026-09-05T04:07:31+08:00,佩佩,佩佩,hot,14,1897,2130159,佩佩实战测试！控制与输出兼具的新时代近卫！,2024-08-01T09:28:29+00:00,101196,Q弹的羽Q,783,3464,74,2,0,18,True,https://www.skland.com/article?id=2130159,https://strategy.skland.com/api/resources/items,skland_strategy_public_search_top20,False
2026-09-05T04:07:31+08:00,佩佩,佩佩,hot,15,1901,2127235,六星干员速评【佩佩】——埃及猫娘佩佩！能晕能打还可爱！,2024-08-01T08:00:59+00:00,177993,苏祁风,3692,0,70,8,0,7,True,https://www.skland.com/article?id=2127235,https://strategy.skland.com/api/resources/items,skland_strategy_public_search_top20,False
2026-09-05T04:07:31+08:00,佩佩,佩佩,hot,16,1900,2128005,【太阳甩在身后】佩佩简评 一锤子6000+dph的可爱猫猫,2024-08-01T08:19:47+00:00,101405,柠檬味的小小猪,768,0,17,0,0,6,True,https://www.skland.com/article?id=2128005,https://strategy.skland.com/api/resources/items,skland_strategy_public_search_top20,False
2026-09-05T04:07:31+08:00,佩佩,佩佩,hot,17,1893,2127876,【太阳甩在身后】限定六星干员佩佩简评,2024-08-01T08:16:56+00:00,208381,青w筠,1471,0,62,1,0,7,True,https://www.skland.com/article?id=2127876,https://strategy.skland.com/api/resources/items,skland_strategy_public_search_top20,False
2026-09-05T04:07:31+08:00,佩佩,佩佩,hot,18,1894,2127281,【干员速评】#16佩佩——撼地者,2024-08-01T08:03:22+00:00,101142,柏喙攻略组,849,0,30,1,0,1,True,https://www.skland.com/article?id=2127281,https://strategy.skland.com/api/resources/items,skland_strategy_public_search_top20,False
2026-09-05T04:07:31+08:00,佩佩,佩佩,hot,19,1974,2154515,【宝石铭刻】佩佩，对它使用红色形态吧（目光呆滞7、8课无脑通关思路）,2024-08-05T16:33:31+00:00,115056,金传说汤面,222,0,10,3,0,2,True,https://www.skland.com/article?id=2154515,https://strategy.skland.com/api/resources/items,skland_strategy_public_search_top20,False
2026-09-05T04:07:31+08:00,佩佩,佩佩,hot,20,5278,3487316,【佩佩分队限定】纯血萨尔贡跳本搜神的前期运营细节(2025.11.29),2025-11-29T12:22:51+00:00,120476,明有奇巧人,4196,0,86,62,0,20,True,https://www.skland.com/article?id=3487316,https://strategy.skland.com/api/resources/items,skland_strategy_public_search_top20,False
2026-09-05T04:07:31+08:00,佩佩,佩佩,time,1,5278,3487316,【佩佩分队限定】纯血萨尔贡跳本搜神的前期运营细节(2025.11.29),2025-11-29T12:22:51+00:00,120476,明有奇巧人,4196,0,86,62,0,20,True,https://www.skland.com/article?id=3487316,https://strategy.skland.com/api/resources/items,skland_strategy_public_search_top20,False
2026-09-05T04:07:31+08:00,佩佩,佩佩,time,2,4234,3116728,【2025.08】模组升级-综合推荐（遥、水陈、妮芙、烛煌、琳琅诗怀雅、佩佩,2025-08-09T09:07:28+00:00,120476,明有奇巧人,4795,0,86,22,0,4,True,https://www.skland.com/article?id=3116728,https://strategy.skland.com/api/resources/items,skland_strategy_public_search_top20,False
2026-09-05T04:07:31+08:00,佩佩,佩佩,time,3,3261,2681207,【菲林干员攻略#9】见过5秒cd8万总伤的小技能吗？——模组佩佩篇,2025-02-22T13:32:11+00:00,104745,我叫火星,545,0,16,1,0,6,True,https://www.skland.com/article?id=2681207,https://strategy.skland.com/api/resources/items,skland_strategy_public_search_top20,False
2026-09-05T04:07:31+08:00,佩佩,佩佩,time,4,3256,2672827,SE-6 参演百嘉：圣葬，忍冬，佩佩,2025-02-17T08:02:24+00:00,844418,疯狂的僵尸王,38,259,30,0,0,0,True,https://www.skland.com/article?id=2672827,https://strategy.skland.com/api/resources/items,skland_strategy_public_search_top20,False
2026-09-05T04:07:31+08:00,佩佩,佩佩,time,5,3067,2596781,【2025.01】模组升级-综合推荐（佩佩、林、左乐、重岳、夕、森蚺）,2025-01-24T02:23:41+00:00,120476,明有奇巧人,7141,0,186,85,0,14,True,https://www.skland.com/article?id=2596781,https://strategy.skland.com/api/resources/items,skland_strategy_public_search_top20,False
2026-09-05T04:07:31+08:00,佩佩,佩佩,time,6,2663,2362093,【揭幕者们】PV-6佩佩单核低配平民攻略,2024-11-02T09:27:52+00:00,155548,POTATO02,47,320,15,2,0,0,True,https://www.skland.com/article?id=2362093,https://strategy.skland.com/api/resources/items,skland_strategy_public_search_top20,False
2026-09-05T04:07:31+08:00,佩佩,佩佩,time,7,2031,2174567,【实用性测评#17】首位六星撼地者佩佩测评,2024-08-12T07:17:14+00:00,192588,NEKO音符社_旧,1504,0,34,4,0,3,True,https://www.skland.com/article?id=2174567,https://strategy.skland.com/api/resources/items,skland_strategy_public_search_top20,False
2026-09-05T04:07:31+08:00,佩佩,佩佩,time,8,1974,2154515,【宝石铭刻】佩佩，对它使用红色形态吧（目光呆滞7、8课无脑通关思路）,2024-08-05T16:33:31+00:00,115056,金传说汤面,222,0,10,3,0,2,True,https://www.skland.com/article?id=2154515,https://strategy.skland.com/api/resources/items,skland_strategy_public_search_top20,False
2026-09-05T04:07:31+08:00,佩佩,佩佩,time,9,1960,2149122,现在是佩佩Time！——佩佩突袭CB-EX-8,2024-08-04T09:04:09+00:00,113106,夜岚云茶馆,132,578,25,0,0,1,True,https://www.skland.com/article?id=2149122,https://strategy.skland.com/api/resources/items,skland_strategy_public_search_top20,False
2026-09-05T04:07:31+08:00,佩佩,佩佩,time,10,1954,2145817,【嬷嬷方舟测评】掺猫冰了！佩佩专九实战测评！,2024-08-03T12:02:20+00:00,101196,Q弹的羽Q,607,1146,35,3,0,9,True,https://www.skland.com/article?id=2145817,https://strategy.skland.com/api/resources/items,skland_strategy_public_search_top20,False
2026-09-05T04:07:31+08:00,佩佩,佩佩,time,11,1947,2144563,【菲林干员攻略#9】终于落地的菲林十万大C！——佩佩篇,2024-08-03T05:57:23+00:00,104745,我叫火星,682,0,23,2,0,1,True,https://www.skland.com/article?id=2144563,https://strategy.skland.com/api/resources/items,skland_strategy_public_search_top20,False
2026-09-05T04:07:31+08:00,佩佩,佩佩,time,12,1938,2141703,特别独占订单？佩佩牌虚空印钞？夏活新干员基建技能解析！,2024-08-02T14:26:15+00:00,101054,公孙长乐,3367,0,144,2,0,21,True,https://www.skland.com/article?id=2141703,https://strategy.skland.com/api/resources/items,skland_strategy_public_search_top20,False
2026-09-05T04:07:31+08:00,佩佩,佩佩,time,13,1915,2135891,佩佩~强度评测~食用指南~一个可爱到EP音乐洗脑的角色,2024-08-01T16:15:39+00:00,238378,星海浩瀚VU,475,0,14,1,0,2,True,https://www.skland.com/article?id=2135891,https://strategy.skland.com/api/resources/items,skland_strategy_public_search_top20,False
2026-09-05T04:07:31+08:00,佩佩,佩佩,time,14,1903,2132484,六星干员攻略（佩佩）,2024-08-01T11:19:52+00:00,156545,铃兰桑的欧尼酱,3146,0,47,10,0,15,True,https://www.skland.com/article?id=2132484,https://strategy.skland.com/api/resources/items,skland_strategy_public_search_top20,False
2026-09-05T04:07:31+08:00,佩佩,佩佩,time,15,1905,2132053,夏活新干员基建技能解析（佩佩、娜仁图亚、衡沙、莎草）,2024-08-01T10:52:21+00:00,101177,BioHazard,927,0,25,2,0,6,True,https://www.skland.com/article?id=2132053,https://strategy.skland.com/api/resources/items,skland_strategy_public_search_top20,False
2026-09-05T04:07:31+08:00,佩佩,佩佩,time,16,1902,2131832,【入职测试】佩佩精二满级技能7实战测试,2024-08-01T10:39:52+00:00,177993,苏祁风,486,773,20,0,0,4,True,https://www.skland.com/article?id=2131832,https://strategy.skland.com/api/resources/items,skland_strategy_public_search_top20,False
2026-09-05T04:07:31+08:00,佩佩,佩佩,time,17,1904,2131402,佩佩vs方舟全BOSS，挑战全网最速,2024-08-01T10:19:23+00:00,101387,猫柳KEE,1241,4112,104,7,0,24,True,https://www.skland.com/article?id=2131402,https://strategy.skland.com/api/resources/items,skland_strategy_public_search_top20,False
2026-09-05T04:07:31+08:00,佩佩,佩佩,time,18,1897,2130159,佩佩实战测试！控制与输出兼具的新时代近卫！,2024-08-01T09:28:29+00:00,101196,Q弹的羽Q,783,3464,74,2,0,18,True,https://www.skland.com/article?id=2130159,https://strategy.skland.com/api/resources/items,skland_strategy_public_search_top20,False
2026-09-05T04:07:31+08:00,佩佩,佩佩,time,19,1900,2128005,【太阳甩在身后】佩佩简评 一锤子6000+dph的可爱猫猫,2024-08-01T08:19:47+00:00,101405,柠檬味的小小猪,768,0,17,0,0,6,True,https://www.skland.com/article?id=2128005,https://strategy.skland.com/api/resources/items,skland_strategy_public_search_top20,False
2026-09-05T04:07:31+08:00,佩佩,佩佩,time,20,1893,2127876,【太阳甩在身后】限定六星干员佩佩简评,2024-08-01T08:16:56+00:00,208381,青w筠,1471,0,62,1,0,7,True,https://www.skland.com/article?id=2127876,https://strategy.skland.com/api/resources/items,skland_strategy_public_search_top20,False
2026-09-05T04:07:31+08:00,凛御银灰,凛御银灰,hot,1,4998,3369764,【雪山降临1101】凛御银灰简评 13w6总伤/单人最高回费效率,2025-11-01T08:53:18+00:00,101405,柠檬味的小小猪,1870,0,72,9,0,4,True,https://www.skland.com/article?id=3369764,https://strategy.skland.com/api/resources/items,skland_strategy_public_search_top20,False
2026-09-05T04:07:31+08:00,凛御银灰,凛御银灰,hot,2,4983,3360857,一图流测评【凛御银灰】——首个决战技先锋，多功能高速展开,2025-11-01T02:00:26+00:00,177993,苏祁风,17846,0,196,71,0,119,True,https://www.skland.com/article?id=3360857,https://strategy.skland.com/api/resources/items,skland_strategy_public_search_top20,False
2026-09-05T04:07:31+08:00,凛御银灰,凛御银灰,hot,3,5195,3394015,凛御银灰-养成攻略食用指南,2025-11-05T06:03:38+00:00,238378,星海浩瀚VU,588,0,8,0,0,2,True,https://www.skland.com/article?id=3394015,https://strategy.skland.com/api/resources/items,skland_strategy_public_search_top20,False
2026-09-05T04:07:31+08:00,凛御银灰,凛御银灰,hot,4,5229,3422534,【方舟实战论131】新神降临，先锋如何做到变革时代丨凛御银灰,2025-11-13T09:40:18+00:00,244382,二色彩虹,607,1195,53,5,0,3,True,https://www.skland.com/article?id=3422534,https://strategy.skland.com/api/resources/items,skland_strategy_public_search_top20,False
2026-09-05T04:07:31+08:00,凛御银灰,凛御银灰,hot,5,5225,3395115,凛御银灰组合搭配指南,2025-11-05T12:31:33+00:00,4537583,逻各斯考中,24477,0,1111,432,0,165,True,https://www.skland.com/article?id=3395115,https://strategy.skland.com/api/resources/items,skland_strategy_public_search_top20,False
2026-09-05T04:07:31+08:00,凛御银灰,凛御银灰,hot,6,4953,3321280,一图流前瞻【凛御银灰】——首个决战技先锋，纸面回费效率1.5桃,2025-10-27T08:29:15+00:00,177993,苏祁风,10732,0,325,30,0,311,True,https://www.skland.com/article?id=3321280,https://strategy.skland.com/api/resources/items,skland_strategy_public_search_top20,False
2026-09-05T04:07:31+08:00,凛御银灰,凛御银灰,hot,7,5011,3368947,叹为观止的操作！凛御银灰！史上最强手法干员！,2025-11-01T07:55:42+00:00,101066,泥萌都是托,2668,8341,330,21,0,26,True,https://www.skland.com/article?id=3368947,https://strategy.skland.com/api/resources/items,skland_strategy_public_search_top20,False
2026-09-05T04:07:31+08:00,凛御银灰,凛御银灰,hot,8,5477,3566668,【菲林干员攻略#13】泰拉最常见的种族在6.5周年才迎来先锋？——凛御银灰篇,2026-01-06T17:47:50+00:00,104745,我叫火星,269,0,9,1,0,0,True,https://www.skland.com/article?id=3566668,https://strategy.skland.com/api/resources/items,skland_strategy_public_search_top20,False
2026-09-05T04:07:31+08:00,凛御银灰,凛御银灰,hot,9,5197,3394189,「雪山降临1101」基建解析（凛御银灰、圣聆初雪、溯光星源、雪猎、哈蒂娅、协律）,2025-11-05T07:14:36+00:00,101177,BioHazard,305,0,9,1,0,0,True,https://www.skland.com/article?id=3394189,https://strategy.skland.com/api/resources/items,skland_strategy_public_search_top20,False
2026-09-05T04:07:31+08:00,凛御银灰,凛御银灰,hot,10,5266,3402120,【凛御银灰·深度测评】帝王归来！减费机制能否撼动费用大厦？,2025-11-07T12:05:57+00:00,105579,黑蓑影卫攻略组,179,500,12,0,0,0,True,https://www.skland.com/article?id=3402120,https://strategy.skland.com/api/resources/items,skland_strategy_public_search_top20,False
2026-09-05T04:07:31+08:00,凛御银灰,凛御银灰,hot,11,4948,3316876,【前瞻】凛御银灰3技能日常爆费的可行性,2025-10-26T07:29:54+00:00,120476,明有奇巧人,1232,0,33,12,0,9,True,https://www.skland.com/article?id=3316876,https://strategy.skland.com/api/resources/items,skland_strategy_public_search_top20,False
2026-09-05T04:07:31+08:00,凛御银灰,凛御银灰,hot,12,5221,3405700,凛御银灰仅需1.9秒即可带队秒杀EX新图？！,2025-11-08T12:10:18+00:00,101066,泥萌都是托,3727,10047,451,39,0,43,True,https://www.skland.com/article?id=3405700,https://strategy.skland.com/api/resources/items,skland_strategy_public_search_top20,False
2026-09-05T04:07:31+08:00,凛御银灰,凛御银灰,hot,13,5548,3541960,EP-8 3人118秒 理论最速刷研磨石（凛御银灰+傀影+乌尔比安解）,2025-12-24T04:19:10+00:00,288142,音乐剧实验室,48,172,4,0,0,0,True,https://www.skland.com/article?id=3541960,https://strategy.skland.com/api/resources/items,skland_strategy_public_search_top20,False
2026-09-05T04:07:31+08:00,凛御银灰,凛御银灰,time,1,5477,3566668,【菲林干员攻略#13】泰拉最常见的种族在6.5周年才迎来先锋？——凛御银灰篇,2026-01-06T17:47:50+00:00,104745,我叫火星,269,0,9,1,0,0,True,https://www.skland.com/article?id=3566668,https://strategy.skland.com/api/resources/items,skland_strategy_public_search_top20,False
2026-09-05T04:07:31+08:00,凛御银灰,凛御银灰,time,2,5548,3541960,EP-8 3人118秒 理论最速刷研磨石（凛御银灰+傀影+乌尔比安解）,2025-12-24T04:19:10+00:00,288142,音乐剧实验室,48,172,4,0,0,0,True,https://www.skland.com/article?id=3541960,https://strategy.skland.com/api/resources/items,skland_strategy_public_search_top20,False
2026-09-05T04:07:31+08:00,凛御银灰,凛御银灰,time,3,5229,3422534,【方舟实战论131】新神降临，先锋如何做到变革时代丨凛御银灰,2025-11-13T09:40:18+00:00,244382,二色彩虹,607,1195,53,5,0,3,True,https://www.skland.com/article?id=3422534,https://strategy.skland.com/api/resources/items,skland_strategy_public_search_top20,False
2026-09-05T04:07:31+08:00,凛御银灰,凛御银灰,time,4,5221,3405700,凛御银灰仅需1.9秒即可带队秒杀EX新图？！,2025-11-08T12:10:18+00:00,101066,泥萌都是托,3727,10047,451,39,0,43,True,https://www.skland.com/article?id=3405700,https://strategy.skland.com/api/resources/items,skland_strategy_public_search_top20,False
2026-09-05T04:07:31+08:00,凛御银灰,凛御银灰,time,5,5266,3402120,【凛御银灰·深度测评】帝王归来！减费机制能否撼动费用大厦？,2025-11-07T12:05:57+00:00,105579,黑蓑影卫攻略组,179,500,12,0,0,0,True,https://www.skland.com/article?id=3402120,https://strategy.skland.com/api/resources/items,skland_strategy_public_search_top20,False
2026-09-05T04:07:31+08:00,凛御银灰,凛御银灰,time,6,5225,3395115,凛御银灰组合搭配指南,2025-11-05T12:31:33+00:00,4537583,逻各斯考中,24477,0,1111,432,0,165,True,https://www.skland.com/article?id=3395115,https://strategy.skland.com/api/resources/items,skland_strategy_public_search_top20,False
2026-09-05T04:07:31+08:00,凛御银灰,凛御银灰,time,7,5197,3394189,「雪山降临1101」基建解析（凛御银灰、圣聆初雪、溯光星源、雪猎、哈蒂娅、协律）,2025-11-05T07:14:36+00:00,101177,BioHazard,305,0,9,1,0,0,True,https://www.skland.com/article?id=3394189,https://strategy.skland.com/api/resources/items,skland_strategy_public_search_top20,False
2026-09-05T04:07:31+08:00,凛御银灰,凛御银灰,time,8,5195,3394015,凛御银灰-养成攻略食用指南,2025-11-05T06:03:38+00:00,238378,星海浩瀚VU,588,0,8,0,0,2,True,https://www.skland.com/article?id=3394015,https://strategy.skland.com/api/resources/items,skland_strategy_public_search_top20,False
2026-09-05T04:07:31+08:00,凛御银灰,凛御银灰,time,9,4998,3369764,【雪山降临1101】凛御银灰简评 13w6总伤/单人最高回费效率,2025-11-01T08:53:18+00:00,101405,柠檬味的小小猪,1870,0,72,9,0,4,True,https://www.skland.com/article?id=3369764,https://strategy.skland.com/api/resources/items,skland_strategy_public_search_top20,False
2026-09-05T04:07:31+08:00,凛御银灰,凛御银灰,time,10,5011,3368947,叹为观止的操作！凛御银灰！史上最强手法干员！,2025-11-01T07:55:42+00:00,101066,泥萌都是托,2668,8341,330,21,0,26,True,https://www.skland.com/article?id=3368947,https://strategy.skland.com/api/resources/items,skland_strategy_public_search_top20,False
2026-09-05T04:07:31+08:00,凛御银灰,凛御银灰,time,11,4983,3360857,一图流测评【凛御银灰】——首个决战技先锋，多功能高速展开,2025-11-01T02:00:26+00:00,177993,苏祁风,17846,0,196,71,0,119,True,https://www.skland.com/article?id=3360857,https://strategy.skland.com/api/resources/items,skland_strategy_public_search_top20,False
2026-09-05T04:07:31+08:00,凛御银灰,凛御银灰,time,12,4953,3321280,一图流前瞻【凛御银灰】——首个决战技先锋，纸面回费效率1.5桃,2025-10-27T08:29:15+00:00,177993,苏祁风,10732,0,325,30,0,311,True,https://www.skland.com/article?id=3321280,https://strategy.skland.com/api/resources/items,skland_strategy_public_search_top20,False
2026-09-05T04:07:31+08:00,凛御银灰,凛御银灰,time,13,4948,3316876,【前瞻】凛御银灰3技能日常爆费的可行性,2025-10-26T07:29:54+00:00,120476,明有奇巧人,1232,0,33,12,0,9,True,https://www.skland.com/article?id=3316876,https://strategy.skland.com/api/resources/items,skland_strategy_public_search_top20,False
2026-09-05T04:07:31+08:00,凯尔希,凯尔希,hot,1,568,1354093,【模组简评】凯尔希,2023-11-20T14:30:18+00:00,114942,DragonGJY,6057,0,203,36,0,30,True,https://www.skland.com/article?id=1354093,https://strategy.skland.com/api/resources/items,skland_strategy_public_search_top20,False
2026-09-05T04:07:31+08:00,凯尔希,凯尔希,hot,2,6008,5819651,凯尔希思衡托真奶强者/肉鸽新神/群疗天花板,2026-05-02T15:16:17+00:00,238378,星海浩瀚VU,1403,0,49,21,0,1,True,https://www.skland.com/article?id=5819651,https://strategy.skland.com/api/resources/items,skland_strategy_public_search_top20,False
2026-09-05T04:07:31+08:00,凯尔希,凯尔希,hot,3,1957,2146014,【2024.08】模组升级-综合推荐（纯烬艾雅法拉、夜莺、凯尔希、傀影）,2024-08-03T13:01:15+00:00,120476,明有奇巧人,7135,0,149,123,0,8,True,https://www.skland.com/article?id=2146014,https://strategy.skland.com/api/resources/items,skland_strategy_public_search_top20,False
2026-09-05T04:07:31+08:00,凯尔希,凯尔希,hot,4,1878,2117404,【萨卡兹肉鸽N15】三层Boss及异格版无藏少人攻略：凯尔希篇,2024-07-29T13:02:32+00:00,101196,Q弹的羽Q,708,0,56,3,0,4,True,https://www.skland.com/article?id=2117404,https://strategy.skland.com/api/resources/items,skland_strategy_public_search_top20,False
2026-09-05T04:07:31+08:00,凯尔希,凯尔希,hot,5,4148,3089837,1.5倍的凯尔希？顶配排班又更新了！「墟」版本基建解析（斩业星熊、遥、吉星、松桐,2025-08-02T10:36:16+00:00,273345,逻辑元LogicalByte,1667,4212,134,19,0,3,True,https://www.skland.com/article?id=3089837,https://strategy.skland.com/api/resources/items,skland_strategy_public_search_top20,False
2026-09-05T04:07:31+08:00,凯尔希,凯尔希,hot,6,4141,3088306,1.5倍的凯尔希？顶配排班又更新了！「墟」版本基建解析,2025-08-02T09:07:45+00:00,101177,BioHazard,6270,0,107,106,0,9,True,https://www.skland.com/article?id=3088306,https://strategy.skland.com/api/resources/items,skland_strategy_public_search_top20,False
2026-09-05T04:07:31+08:00,凯尔希,凯尔希,hot,7,6011,5813438,可汗一图流——凯尔希·思衡托,2026-05-01T13:26:43+00:00,3208335,克林霉喵,1451,0,152,10,0,9,False,https://www.skland.com/article?id=5813438,https://strategy.skland.com/api/resources/items,skland_strategy_public_search_top20,False
2026-09-05T04:07:31+08:00,凯尔希,凯尔希,hot,8,6009,5818800,【凯尔希·思衡托】干员升级/技能材料概览,2026-05-02T12:07:07+00:00,110257,星语Poistars,2565,0,364,12,0,42,False,https://www.skland.com/article?id=5818800,https://strategy.skland.com/api/resources/items,skland_strategy_public_search_top20,False
2026-09-05T04:07:31+08:00,凯尔希,凯尔希,hot,9,6010,5813045,「凯尔希·思衡托」玩法推荐-新爆裂猁明,2026-05-01T12:37:29+00:00,210165,年宝龙泡泡,23898,0,817,240,0,113,False,https://www.skland.com/article?id=5813045,https://strategy.skland.com/api/resources/items,skland_strategy_public_search_top20,False
2026-09-05T04:07:31+08:00,凯尔希,凯尔希,hot,10,6155,5854651,【方舟实战论139】高高在上！最强机制？这就是凯尔希归来的实力！,2026-05-14T13:57:31+00:00,244382,二色彩虹,338,1242,44,1,0,2,True,https://www.skland.com/article?id=5854651,https://strategy.skland.com/api/resources/items,skland_strategy_public_search_top20,False
2026-09-05T04:07:31+08:00,凯尔希,凯尔希,hot,11,2683,2366961,PV-9 刺球94秒 无限定精二1级速刷蚀刻章 玛恩纳+凯尔希+锏 （揭幕者们）,2024-11-03T14:54:51+00:00,115056,金传说汤面,242,701,16,1,0,1,True,https://www.skland.com/article?id=2366961,https://strategy.skland.com/api/resources/items,skland_strategy_public_search_top20,False
2026-09-05T04:07:31+08:00,凯尔希,凯尔希,hot,12,6006,5805425,一图流评测【凯尔希·思衡托】——永久飞行的空中重装！5w真伤能打能奶的新时代医疗,2026-05-01T01:12:34+00:00,177993,苏祁风,3665,0,171,8,0,34,False,https://www.skland.com/article?id=5805425,https://strategy.skland.com/api/resources/items,skland_strategy_public_search_top20,False
2026-09-05T04:07:31+08:00,凯尔希,凯尔希,hot,13,4587,3232540,凯尔希女仆装!次生预案玩法推测，M3，lgs，阿斯卡伦定向卡池，签到奖励一览,2025-09-20T08:53:27+00:00,160688,闻战思凡,4300,0,86,9,0,17,True,https://www.skland.com/article?id=3232540,https://strategy.skland.com/api/resources/items,skland_strategy_public_search_top20,False
2026-09-05T04:07:31+08:00,凯尔希,凯尔希,hot,14,6013,5809505,明日方舟异格凯尔希｜思衡托 省流完整测评✨,2026-05-01T06:12:33+00:00,340686,因月,1072,0,29,7,0,3,True,https://www.skland.com/article?id=5809505,https://strategy.skland.com/api/resources/items,skland_strategy_public_search_top20,False
2026-09-05T04:07:31+08:00,凯尔希,凯尔希,hot,15,3687,2793869,【首杀双人磨难15-20】凯尔希：这是我的复仇！,2025-04-15T03:11:39+00:00,105579,黑蓑影卫攻略组,166,371,14,3,0,0,True,https://www.skland.com/article?id=2793869,https://strategy.skland.com/api/resources/items,skland_strategy_public_search_top20,False
2026-09-05T04:07:31+08:00,凯尔希,凯尔希,hot,16,6007,5807471,【相变临界】凯尔希·思衡托实装简评 超越时代的功能性,2026-05-01T04:36:26+00:00,101405,柠檬味的小小猪,2030,0,56,10,0,11,False,https://www.skland.com/article?id=5807471,https://strategy.skland.com/api/resources/items,skland_strategy_public_search_top20,False
2026-09-05T04:07:31+08:00,凯尔希,凯尔希,hot,17,3825,2923303,【矢量突破#1无机物】仇白凯尔希双人驻守VEC-SP16 简单好抄高容错,2025-05-25T03:48:47+00:00,101405,柠檬味的小小猪,105,498,12,1,0,0,True,https://www.skland.com/article?id=2923303,https://strategy.skland.com/api/resources/items,skland_strategy_public_search_top20,False
2026-09-05T04:07:31+08:00,凯尔希,凯尔希,hot,18,1664,2015634,凯尔希双标现场？由深海猎人与内卫的差异解析邪魔与海嗣问题的本质差异,2024-06-20T06:04:33+00:00,312613,坎托罗维奇,2320,0,185,33,0,79,True,https://www.skland.com/article?id=2015634,https://strategy.skland.com/api/resources/items,skland_strategy_public_search_top20,False
2026-09-05T04:07:31+08:00,凯尔希,凯尔希,hot,19,6012,5812231,【异格凯尔希】一些你可能不知道的小技巧&小知识,2026-05-01T10:50:53+00:00,544842,多索雷斯女王,24550,0,750,53,0,129,True,https://www.skland.com/article?id=5812231,https://strategy.skland.com/api/resources/items,skland_strategy_public_search_top20,False
2026-09-05T04:07:31+08:00,凯尔希,凯尔希,hot,20,3469,2773298,凯尔希完美替代？「离解复合」版本干员基建技能解析（Mon3tr、阿兰娜、骋风）,2025-04-07T13:32:56+00:00,101177,BioHazard,413,0,5,6,0,2,True,https://www.skland.com/article?id=2773298,https://strategy.skland.com/api/resources/items,skland_strategy_public_search_top20,False
2026-09-05T04:07:31+08:00,凯尔希,凯尔希,time,1,6155,5854651,【方舟实战论139】高高在上！最强机制？这就是凯尔希归来的实力！,2026-05-14T13:57:31+00:00,244382,二色彩虹,338,1242,44,1,0,2,True,https://www.skland.com/article?id=5854651,https://strategy.skland.com/api/resources/items,skland_strategy_public_search_top20,False
2026-09-05T04:07:31+08:00,凯尔希,凯尔希,time,2,6175,5822310,【相变临界】17-13 并非独行 圣聆初雪，凯尔希·思衡托 双核,2026-05-03T07:38:38+00:00,461067,到处找小刻吃的蜜饼,55,179,6,0,0,0,False,https://www.skland.com/article?id=5822310,https://strategy.skland.com/api/resources/items,skland_strategy_public_search_top20,False
2026-09-05T04:07:31+08:00,凯尔希,凯尔希,time,3,6008,5819651,凯尔希思衡托真奶强者/肉鸽新神/群疗天花板,2026-05-02T15:16:17+00:00,238378,星海浩瀚VU,1403,0,49,21,0,1,True,https://www.skland.com/article?id=5819651,https://strategy.skland.com/api/resources/items,skland_strategy_public_search_top20,False
2026-09-05T04:07:31+08:00,凯尔希,凯尔希,time,4,6009,5818800,【凯尔希·思衡托】干员升级/技能材料概览,2026-05-02T12:07:07+00:00,110257,星语Poistars,2565,0,364,12,0,42,False,https://www.skland.com/article?id=5818800,https://strategy.skland.com/api/resources/items,skland_strategy_public_search_top20,False
2026-09-05T04:07:31+08:00,凯尔希,凯尔希,time,5,6011,5813438,可汗一图流——凯尔希·思衡托,2026-05-01T13:26:43+00:00,3208335,克林霉喵,1451,0,152,10,0,9,False,https://www.skland.com/article?id=5813438,https://strategy.skland.com/api/resources/items,skland_strategy_public_search_top20,False
2026-09-05T04:07:31+08:00,凯尔希,凯尔希,time,6,6010,5813045,「凯尔希·思衡托」玩法推荐-新爆裂猁明,2026-05-01T12:37:29+00:00,210165,年宝龙泡泡,23898,0,817,240,0,113,False,https://www.skland.com/article?id=5813045,https://strategy.skland.com/api/resources/items,skland_strategy_public_search_top20,False
2026-09-05T04:07:31+08:00,凯尔希,凯尔希,time,7,6012,5812231,【异格凯尔希】一些你可能不知道的小技巧&小知识,2026-05-01T10:50:53+00:00,544842,多索雷斯女王,24550,0,750,53,0,129,True,https://www.skland.com/article?id=5812231,https://strategy.skland.com/api/resources/items,skland_strategy_public_search_top20,False
2026-09-05T04:07:31+08:00,凯尔希,凯尔希,time,8,6013,5809505,明日方舟异格凯尔希｜思衡托 省流完整测评✨,2026-05-01T06:12:33+00:00,340686,因月,1072,0,29,7,0,3,True,https://www.skland.com/article?id=5809505,https://strategy.skland.com/api/resources/items,skland_strategy_public_search_top20,False
2026-09-05T04:07:31+08:00,凯尔希,凯尔希,time,9,6183,5808131,无限火力+真伤大炮！凯尔希思衡托逆天机制实战演示,2026-05-01T04:59:32+00:00,101387,猫柳KEE,3624,10601,194,21,0,15,True,https://www.skland.com/article?id=5808131,https://strategy.skland.com/api/resources/items,skland_strategy_public_search_top20,False
2026-09-05T04:07:31+08:00,凯尔希,凯尔希,time,10,6007,5807471,【相变临界】凯尔希·思衡托实装简评 超越时代的功能性,2026-05-01T04:36:26+00:00,101405,柠檬味的小小猪,2030,0,56,10,0,11,False,https://www.skland.com/article?id=5807471,https://strategy.skland.com/api/resources/items,skland_strategy_public_search_top20,False
2026-09-05T04:07:31+08:00,凯尔希,凯尔希,time,11,6006,5805425,一图流评测【凯尔希·思衡托】——永久飞行的空中重装！5w真伤能打能奶的新时代医疗,2026-05-01T01:12:34+00:00,177993,苏祁风,3665,0,171,8,0,34,False,https://www.skland.com/article?id=5805425,https://strategy.skland.com/api/resources/items,skland_strategy_public_search_top20,False
2026-09-05T04:07:31+08:00,凯尔希,凯尔希,time,12,5982,5789656,7周年前瞻分析和福利总结，超大杯凯尔希，生息演算2期，危机合约，足球，新肉鸽,2026-04-25T17:20:58+00:00,160688,闻战思凡,1635,0,177,5,0,16,True,https://www.skland.com/article?id=5789656,https://strategy.skland.com/api/resources/items,skland_strategy_public_search_top20,False
2026-09-05T04:07:31+08:00,凯尔希,凯尔希,time,13,6022,5788020,【7周年直播】直播回顾~新干员：凯尔希·思衡托！可露希尔！,2026-04-25T14:14:55+00:00,110257,星语Poistars,43911,0,932,150,0,511,False,https://www.skland.com/article?id=5788020,https://strategy.skland.com/api/resources/items,skland_strategy_public_search_top20,False
2026-09-05T04:07:31+08:00,凯尔希,凯尔希,time,14,5730,5606375,【矢量突破#2巫术之夜】VEC-SP07凯尔希单核驻守,2026-02-27T21:08:11+00:00,101405,柠檬味的小小猪,60,118,5,0,0,0,True,https://www.skland.com/article?id=5606375,https://strategy.skland.com/api/resources/items,skland_strategy_public_search_top20,False
2026-09-05T04:07:31+08:00,凯尔希,凯尔希,time,15,4587,3232540,凯尔希女仆装!次生预案玩法推测，M3，lgs，阿斯卡伦定向卡池，签到奖励一览,2025-09-20T08:53:27+00:00,160688,闻战思凡,4300,0,86,9,0,17,True,https://www.skland.com/article?id=3232540,https://strategy.skland.com/api/resources/items,skland_strategy_public_search_top20,False
2026-09-05T04:07:31+08:00,凯尔希,凯尔希,time,16,4423,3169079,【凯尔希】悖论模拟攻略,2025-08-27T10:13:07+00:00,380220,menthol,94,255,8,0,0,1,True,https://www.skland.com/article?id=3169079,https://strategy.skland.com/api/resources/items,skland_strategy_public_search_top20,False
2026-09-05T04:07:31+08:00,凯尔希,凯尔希,time,17,4336,3093439,凯尔希基建退役！斩业星熊&25年夏活基建技能解析,2025-08-02T17:38:05+00:00,101054,公孙长乐,7428,17126,475,48,0,13,True,https://www.skland.com/article?id=3093439,https://strategy.skland.com/api/resources/items,skland_strategy_public_search_top20,False
2026-09-05T04:07:31+08:00,凯尔希,凯尔希,time,18,4148,3089837,1.5倍的凯尔希？顶配排班又更新了！「墟」版本基建解析（斩业星熊、遥、吉星、松桐,2025-08-02T10:36:16+00:00,273345,逻辑元LogicalByte,1667,4212,134,19,0,3,True,https://www.skland.com/article?id=3089837,https://strategy.skland.com/api/resources/items,skland_strategy_public_search_top20,False
2026-09-05T04:07:31+08:00,凯尔希,凯尔希,time,19,4141,3088306,1.5倍的凯尔希？顶配排班又更新了！「墟」版本基建解析,2025-08-02T09:07:45+00:00,101177,BioHazard,6270,0,107,106,0,9,True,https://www.skland.com/article?id=3088306,https://strategy.skland.com/api/resources/items,skland_strategy_public_search_top20,False
2026-09-05T04:07:31+08:00,凯尔希,凯尔希,time,20,3825,2923303,【矢量突破#1无机物】仇白凯尔希双人驻守VEC-SP16 简单好抄高容错,2025-05-25T03:48:47+00:00,101405,柠檬味的小小猪,105,498,12,1,0,0,True,https://www.skland.com/article?id=2923303,https://strategy.skland.com/api/resources/items,skland_strategy_public_search_top20,False
2026-09-05T04:07:31+08:00,凯尔希·思衡托,凯尔希·思衡托,hot,1,6011,5813438,可汗一图流——凯尔希·思衡托,2026-05-01T13:26:43+00:00,3208335,克林霉喵,1451,0,152,10,0,9,True,https://www.skland.com/article?id=5813438,https://strategy.skland.com/api/resources/items,skland_strategy_public_search_top20,False
2026-09-05T04:07:31+08:00,凯尔希·思衡托,凯尔希·思衡托,hot,2,6009,5818800,【凯尔希·思衡托】干员升级/技能材料概览,2026-05-02T12:07:07+00:00,110257,星语Poistars,2565,0,364,12,0,42,True,https://www.skland.com/article?id=5818800,https://strategy.skland.com/api/resources/items,skland_strategy_public_search_top20,False
2026-09-05T04:07:31+08:00,凯尔希·思衡托,凯尔希·思衡托,hot,3,6010,5813045,「凯尔希·思衡托」玩法推荐-新爆裂猁明,2026-05-01T12:37:29+00:00,210165,年宝龙泡泡,23898,0,817,240,0,113,True,https://www.skland.com/article?id=5813045,https://strategy.skland.com/api/resources/items,skland_strategy_public_search_top20,False
2026-09-05T04:07:31+08:00,凯尔希·思衡托,凯尔希·思衡托,hot,4,6006,5805425,一图流评测【凯尔希·思衡托】——永久飞行的空中重装！5w真伤能打能奶的新时代医疗,2026-05-01T01:12:34+00:00,177993,苏祁风,3665,0,171,8,0,34,True,https://www.skland.com/article?id=5805425,https://strategy.skland.com/api/resources/items,skland_strategy_public_search_top20,False
2026-09-05T04:07:31+08:00,凯尔希·思衡托,凯尔希·思衡托,hot,5,6007,5807471,【相变临界】凯尔希·思衡托实装简评 超越时代的功能性,2026-05-01T04:36:26+00:00,101405,柠檬味的小小猪,2030,0,56,10,0,11,True,https://www.skland.com/article?id=5807471,https://strategy.skland.com/api/resources/items,skland_strategy_public_search_top20,False
2026-09-05T04:07:31+08:00,凯尔希·思衡托,凯尔希·思衡托,hot,6,6022,5788020,【7周年直播】直播回顾~新干员：凯尔希·思衡托！可露希尔！,2026-04-25T14:14:55+00:00,110257,星语Poistars,43911,0,932,150,0,511,True,https://www.skland.com/article?id=5788020,https://strategy.skland.com/api/resources/items,skland_strategy_public_search_top20,False
2026-09-05T04:07:31+08:00,凯尔希·思衡托,凯尔希·思衡托,hot,7,6175,5822310,【相变临界】17-13 并非独行 圣聆初雪，凯尔希·思衡托 双核,2026-05-03T07:38:38+00:00,461067,到处找小刻吃的蜜饼,55,179,6,0,0,0,True,https://www.skland.com/article?id=5822310,https://strategy.skland.com/api/resources/items,skland_strategy_public_search_top20,False
2026-09-05T04:07:31+08:00,凯尔希·思衡托,凯尔希·思衡托,time,1,6175,5822310,【相变临界】17-13 并非独行 圣聆初雪，凯尔希·思衡托 双核,2026-05-03T07:38:38+00:00,461067,到处找小刻吃的蜜饼,55,179,6,0,0,0,True,https://www.skland.com/article?id=5822310,https://strategy.skland.com/api/resources/items,skland_strategy_public_search_top20,False
2026-09-05T04:07:31+08:00,凯尔希·思衡托,凯尔希·思衡托,time,2,6009,5818800,【凯尔希·思衡托】干员升级/技能材料概览,2026-05-02T12:07:07+00:00,110257,星语Poistars,2565,0,364,12,0,42,True,https://www.skland.com/article?id=5818800,https://strategy.skland.com/api/resources/items,skland_strategy_public_search_top20,False
2026-09-05T04:07:31+08:00,凯尔希·思衡托,凯尔希·思衡托,time,3,6011,5813438,可汗一图流——凯尔希·思衡托,2026-05-01T13:26:43+00:00,3208335,克林霉喵,1451,0,152,10,0,9,True,https://www.skland.com/article?id=5813438,https://strategy.skland.com/api/resources/items,skland_strategy_public_search_top20,False
2026-09-05T04:07:31+08:00,凯尔希·思衡托,凯尔希·思衡托,time,4,6010,5813045,「凯尔希·思衡托」玩法推荐-新爆裂猁明,2026-05-01T12:37:29+00:00,210165,年宝龙泡泡,23898,0,817,240,0,113,True,https://www.skland.com/article?id=5813045,https://strategy.skland.com/api/resources/items,skland_strategy_public_search_top20,False
2026-09-05T04:07:31+08:00,凯尔希·思衡托,凯尔希·思衡托,time,5,6007,5807471,【相变临界】凯尔希·思衡托实装简评 超越时代的功能性,2026-05-01T04:36:26+00:00,101405,柠檬味的小小猪,2030,0,56,10,0,11,True,https://www.skland.com/article?id=5807471,https://strategy.skland.com/api/resources/items,skland_strategy_public_search_top20,False
2026-09-05T04:07:31+08:00,凯尔希·思衡托,凯尔希·思衡托,time,6,6006,5805425,一图流评测【凯尔希·思衡托】——永久飞行的空中重装！5w真伤能打能奶的新时代医疗,2026-05-01T01:12:34+00:00,177993,苏祁风,3665,0,171,8,0,34,True,https://www.skland.com/article?id=5805425,https://strategy.skland.com/api/resources/items,skland_strategy_public_search_top20,False
2026-09-05T04:07:31+08:00,凯尔希·思衡托,凯尔希·思衡托,time,7,6022,5788020,【7周年直播】直播回顾~新干员：凯尔希·思衡托！可露希尔！,2026-04-25T14:14:55+00:00,110257,星语Poistars,43911,0,932,150,0,511,True,https://www.skland.com/article?id=5788020,https://strategy.skland.com/api/resources/items,skland_strategy_public_search_top20,False
2026-09-05T04:07:31+08:00,史尔特尔,史尔特尔,hot,1,144,35612,六星干员攻略（史尔特尔）,2023-08-04T17:33:39+00:00,156545,铃兰桑的欧尼酱,7752,0,53,20,0,14,True,https://www.skland.com/article?id=35612,https://strategy.skland.com/api/resources/items,skland_strategy_public_search_top20,False
2026-09-05T04:07:31+08:00,史尔特尔,史尔特尔,hot,2,2938,2456678,【2024.12】模组升级-综合推荐（史尔特尔、维娜、薇薇安娜、能天使）,2024-12-17T01:41:40+00:00,120476,明有奇巧人,6710,0,165,115,0,11,True,https://www.skland.com/article?id=2456678,https://strategy.skland.com/api/resources/items,skland_strategy_public_search_top20,False
2026-09-05T04:07:31+08:00,史尔特尔,史尔特尔,hot,3,2807,2431828,满模组史尔特尔 vs 方舟全BOSS，你滴奶奶回来辣！,2024-12-05T14:25:26+00:00,101387,猫柳KEE,341,695,24,3,0,1,True,https://www.skland.com/article?id=2431828,https://strategy.skland.com/api/resources/items,skland_strategy_public_search_top20,False
2026-09-05T04:07:31+08:00,史尔特尔,史尔特尔,hot,4,1122,1742043,【潮曦作战】轮换#4-实验基地封锁区200分全任务史尔特尔单核平民攻略 图文解析,2024-04-06T22:07:31+00:00,476903,是傻鸟的谷原晴子喵,1305,0,241,13,0,59,True,https://www.skland.com/article?id=1742043,https://strategy.skland.com/api/resources/items,skland_strategy_public_search_top20,False
2026-09-05T04:07:31+08:00,史尔特尔,史尔特尔,hot,5,2912,2433098,【出苍白海】EP-7 史尔特尔单核：一虎杀两两两羊,2024-12-06T03:22:40+00:00,476903,是傻鸟的谷原晴子喵,106,0,18,0,0,2,True,https://www.skland.com/article?id=2433098,https://strategy.skland.com/api/resources/items,skland_strategy_public_search_top20,False
2026-09-05T04:07:31+08:00,史尔特尔,史尔特尔,time,1,2938,2456678,【2024.12】模组升级-综合推荐（史尔特尔、维娜、薇薇安娜、能天使）,2024-12-17T01:41:40+00:00,120476,明有奇巧人,6710,0,165,115,0,11,True,https://www.skland.com/article?id=2456678,https://strategy.skland.com/api/resources/items,skland_strategy_public_search_top20,False
2026-09-05T04:07:31+08:00,史尔特尔,史尔特尔,time,2,2912,2433098,【出苍白海】EP-7 史尔特尔单核：一虎杀两两两羊,2024-12-06T03:22:40+00:00,476903,是傻鸟的谷原晴子喵,106,0,18,0,0,2,True,https://www.skland.com/article?id=2433098,https://strategy.skland.com/api/resources/items,skland_strategy_public_search_top20,False
2026-09-05T04:07:31+08:00,史尔特尔,史尔特尔,time,3,2807,2431828,满模组史尔特尔 vs 方舟全BOSS，你滴奶奶回来辣！,2024-12-05T14:25:26+00:00,101387,猫柳KEE,341,695,24,3,0,1,True,https://www.skland.com/article?id=2431828,https://strategy.skland.com/api/resources/items,skland_strategy_public_search_top20,False
2026-09-05T04:07:31+08:00,史尔特尔,史尔特尔,time,4,1122,1742043,【潮曦作战】轮换#4-实验基地封锁区200分全任务史尔特尔单核平民攻略 图文解析,2024-04-06T22:07:31+00:00,476903,是傻鸟的谷原晴子喵,1305,0,241,13,0,59,True,https://www.skland.com/article?id=1742043,https://strategy.skland.com/api/resources/items,skland_strategy_public_search_top20,False
2026-09-05T04:07:31+08:00,史尔特尔,史尔特尔,time,5,144,35612,六星干员攻略（史尔特尔）,2023-08-04T17:33:39+00:00,156545,铃兰桑的欧尼酱,7752,0,53,20,0,14,True,https://www.skland.com/article?id=35612,https://strategy.skland.com/api/resources/items,skland_strategy_public_search_top20,False
2026-09-05T04:07:31+08:00,司霆惊蛰,司霆惊蛰,hot,1,4027,3018107,司霆惊蛰食用指南&干员养成攻略，玛恩纳脱单！,2025-07-09T06:54:26+00:00,238378,星海浩瀚VU,2786,0,65,9,0,8,True,https://www.skland.com/article?id=3018107,https://strategy.skland.com/api/resources/items,skland_strategy_public_search_top20,False
2026-09-05T04:07:31+08:00,司霆惊蛰,司霆惊蛰,hot,2,4012,3012986,六星干员速评【司霆惊蛰】——理论22w总伤，但非常吃地图的解放者,2025-07-07T10:24:45+00:00,177993,苏祁风,17569,0,165,38,0,110,True,https://www.skland.com/article?id=3012986,https://strategy.skland.com/api/resources/items,skland_strategy_public_search_top20,False
2026-09-05T04:07:31+08:00,司霆惊蛰,司霆惊蛰,hot,3,4769,3227331,新人练干员二三事：抽到司霆惊蛰该不该练？,2025-09-17T09:26:25+00:00,844418,疯狂的僵尸王,1321,0,44,2,0,15,True,https://www.skland.com/article?id=3227331,https://strategy.skland.com/api/resources/items,skland_strategy_public_search_top20,False
2026-09-05T04:07:31+08:00,司霆惊蛰,司霆惊蛰,hot,4,4103,3044332,【方舟实战论126】3个技能都有强度？上下限天壤之别的地形战士丨司霆惊蛰,2025-07-19T17:01:38+00:00,244382,二色彩虹,795,1665,81,2,0,3,True,https://www.skland.com/article?id=3044332,https://strategy.skland.com/api/resources/items,skland_strategy_public_search_top20,False
2026-09-05T04:07:31+08:00,司霆惊蛰,司霆惊蛰,hot,5,4014,3014288,【镜中集】司霆惊蛰实装简评 梦中的22w大c,2025-07-08T05:40:55+00:00,101405,柠檬味的小小猪,6153,0,49,10,0,32,True,https://www.skland.com/article?id=3014288,https://strategy.skland.com/api/resources/items,skland_strategy_public_search_top20,False
2026-09-05T04:07:31+08:00,司霆惊蛰,司霆惊蛰,hot,6,4093,3028766,【2025.07】模组升级-综合推荐（司霆惊蛰、提丰、澄闪、百炼嘉维尔）,2025-07-14T06:12:03+00:00,120476,明有奇巧人,7009,0,111,95,0,5,True,https://www.skland.com/article?id=3028766,https://strategy.skland.com/api/resources/items,skland_strategy_public_search_top20,False
2026-09-05T04:07:31+08:00,司霆惊蛰,司霆惊蛰,hot,7,4022,3015828,司霆惊蛰竟是厕所战神？敌人蹲厕所被瞬电几百次！,2025-07-08T11:56:06+00:00,101066,泥萌都是托,4359,11616,360,13,0,15,True,https://www.skland.com/article?id=3015828,https://strategy.skland.com/api/resources/items,skland_strategy_public_search_top20,False
2026-09-05T04:07:31+08:00,司霆惊蛰,司霆惊蛰,hot,8,4362,3185645,【三分多钟测评·司霆惊蛰】她会成为界园的入场券吗？,2025-08-31T11:12:15+00:00,105579,黑蓑影卫攻略组,292,460,13,0,0,0,True,https://www.skland.com/article?id=3185645,https://strategy.skland.com/api/resources/items,skland_strategy_public_search_top20,False
2026-09-05T04:07:31+08:00,司霆惊蛰,司霆惊蛰,hot,9,4216,3017718,惊霆交错序乾坤！司霆惊蛰：解放者分支的又一新秀,2025-07-09T03:28:00+00:00,101387,猫柳KEE,130,368,15,1,0,1,True,https://www.skland.com/article?id=3017718,https://strategy.skland.com/api/resources/items,skland_strategy_public_search_top20,False
2026-09-05T04:07:31+08:00,司霆惊蛰,司霆惊蛰,time,1,4769,3227331,新人练干员二三事：抽到司霆惊蛰该不该练？,2025-09-17T09:26:25+00:00,844418,疯狂的僵尸王,1321,0,44,2,0,15,True,https://www.skland.com/article?id=3227331,https://strategy.skland.com/api/resources/items,skland_strategy_public_search_top20,False
2026-09-05T04:07:31+08:00,司霆惊蛰,司霆惊蛰,time,2,4362,3185645,【三分多钟测评·司霆惊蛰】她会成为界园的入场券吗？,2025-08-31T11:12:15+00:00,105579,黑蓑影卫攻略组,292,460,13,0,0,0,True,https://www.skland.com/article?id=3185645,https://strategy.skland.com/api/resources/items,skland_strategy_public_search_top20,False
2026-09-05T04:07:31+08:00,司霆惊蛰,司霆惊蛰,time,3,4103,3044332,【方舟实战论126】3个技能都有强度？上下限天壤之别的地形战士丨司霆惊蛰,2025-07-19T17:01:38+00:00,244382,二色彩虹,795,1665,81,2,0,3,True,https://www.skland.com/article?id=3044332,https://strategy.skland.com/api/resources/items,skland_strategy_public_search_top20,False
2026-09-05T04:07:31+08:00,司霆惊蛰,司霆惊蛰,time,4,4093,3028766,【2025.07】模组升级-综合推荐（司霆惊蛰、提丰、澄闪、百炼嘉维尔）,2025-07-14T06:12:03+00:00,120476,明有奇巧人,7009,0,111,95,0,5,True,https://www.skland.com/article?id=3028766,https://strategy.skland.com/api/resources/items,skland_strategy_public_search_top20,False
2026-09-05T04:07:31+08:00,司霆惊蛰,司霆惊蛰,time,5,4027,3018107,司霆惊蛰食用指南&干员养成攻略，玛恩纳脱单！,2025-07-09T06:54:26+00:00,238378,星海浩瀚VU,2786,0,65,9,0,8,True,https://www.skland.com/article?id=3018107,https://strategy.skland.com/api/resources/items,skland_strategy_public_search_top20,False
2026-09-05T04:07:31+08:00,司霆惊蛰,司霆惊蛰,time,6,4216,3017718,惊霆交错序乾坤！司霆惊蛰：解放者分支的又一新秀,2025-07-09T03:28:00+00:00,101387,猫柳KEE,130,368,15,1,0,1,True,https://www.skland.com/article?id=3017718,https://strategy.skland.com/api/resources/items,skland_strategy_public_search_top20,False
2026-09-05T04:07:31+08:00,司霆惊蛰,司霆惊蛰,time,7,4022,3015828,司霆惊蛰竟是厕所战神？敌人蹲厕所被瞬电几百次！,2025-07-08T11:56:06+00:00,101066,泥萌都是托,4359,11616,360,13,0,15,True,https://www.skland.com/article?id=3015828,https://strategy.skland.com/api/resources/items,skland_strategy_public_search_top20,False
2026-09-05T04:07:31+08:00,司霆惊蛰,司霆惊蛰,time,8,4014,3014288,【镜中集】司霆惊蛰实装简评 梦中的22w大c,2025-07-08T05:40:55+00:00,101405,柠檬味的小小猪,6153,0,49,10,0,32,True,https://www.skland.com/article?id=3014288,https://strategy.skland.com/api/resources/items,skland_strategy_public_search_top20,False
2026-09-05T04:07:31+08:00,司霆惊蛰,司霆惊蛰,time,9,4012,3012986,六星干员速评【司霆惊蛰】——理论22w总伤，但非常吃地图的解放者,2025-07-07T10:24:45+00:00,177993,苏祁风,17569,0,165,38,0,110,True,https://www.skland.com/article?id=3012986,https://strategy.skland.com/api/resources/items,skland_strategy_public_search_top20,False
2026-09-05T04:07:31+08:00,塑心,塑心,hot,1,493,260709,【干员技能攻略】塑心2技能的好帮手有哪些？,2023-11-03T03:30:36+00:00,131475,逸天神龙,4627,0,151,30,0,34,True,https://www.skland.com/article?id=260709,https://strategy.skland.com/api/resources/items,skland_strategy_public_search_top20,False
2026-09-05T04:07:31+08:00,塑心,塑心,hot,2,480,255950,【干员速评】#4 塑心-巫役,2023-11-02T11:28:37+00:00,101142,柏喙攻略组,3847,0,63,3,0,15,True,https://www.skland.com/article?id=255950,https://strategy.skland.com/api/resources/items,skland_strategy_public_search_top20,False
2026-09-05T04:07:31+08:00,塑心,塑心,hot,3,500,485345,【长文预警】 塑心角色评测——颂歌为谁而鸣，心声为谁奏响，泰拉何处觅知音？,2023-11-04T15:21:32+00:00,105671,被子没叠,2855,0,110,21,0,13,True,https://www.skland.com/article?id=485345,https://strategy.skland.com/api/resources/items,skland_strategy_public_search_top20,False
2026-09-05T04:07:31+08:00,塑心,塑心,hot,4,485,256818,超短裙！黑长直！这就是我们的巫役-塑心-2226阿尔图罗-用法指南-实战评测解析,2023-11-02T14:00:22+00:00,238378,星海浩瀚VU,3275,0,106,18,0,18,True,https://www.skland.com/article?id=256818,https://strategy.skland.com/api/resources/items,skland_strategy_public_search_top20,False
2026-09-05T04:07:31+08:00,塑心,塑心,hot,5,2761,2373367,新人练干员二三事：歪到塑心该不该练,2024-11-06T10:01:04+00:00,844418,疯狂的僵尸王,5615,0,309,24,0,124,True,https://www.skland.com/article?id=2373367,https://strategy.skland.com/api/resources/items,skland_strategy_public_search_top20,False
2026-09-05T04:07:31+08:00,塑心,塑心,hot,6,499,482522,［图铃测试］塑心铃兰双人五步13-16普通,2023-11-04T14:48:17+00:00,134832,CarpeDiem,682,0,19,2,0,1,True,https://www.skland.com/article?id=482522,https://strategy.skland.com/api/resources/items,skland_strategy_public_search_top20,False
2026-09-05T04:07:31+08:00,塑心,塑心,hot,7,4595,3234875,【2025.09】模组升级-综合推荐（母鸡卡联动干员、塑心、煌）,2025-09-21T08:38:13+00:00,120476,明有奇巧人,10697,0,263,104,0,14,True,https://www.skland.com/article?id=3234875,https://strategy.skland.com/api/resources/items,skland_strategy_public_search_top20,False
2026-09-05T04:07:31+08:00,塑心,塑心,hot,8,1114,1729835,【潮曦作战·枯苇泥沼】380满分摆完挂机 仅需塑心提丰双核心 低配好抄！,2024-04-02T15:35:35+00:00,544842,多索雷斯女王,299,0,30,2,0,4,True,https://www.skland.com/article?id=1729835,https://strategy.skland.com/api/resources/items,skland_strategy_public_search_top20,False
2026-09-05T04:07:31+08:00,塑心,塑心,hot,9,3281,2688336,【H14-1】誰説只有風暴才能摧毀食腐者軍團！精二1级　塑心单人,2025-02-27T15:20:57+00:00,115056,金传说汤面,86,489,16,3,0,3,True,https://www.skland.com/article?id=2688336,https://strategy.skland.com/api/resources/items,skland_strategy_public_search_top20,False
2026-09-05T04:07:31+08:00,塑心,塑心,hot,10,5177,3302305,塑心＆Mon3tr VS H16-3，谁能在谁的帮助下通过这关,2025-10-22T20:20:22+00:00,101198,星海攻略组,245,750,35,5,0,2,True,https://www.skland.com/article?id=3302305,https://strategy.skland.com/api/resources/items,skland_strategy_public_search_top20,False
2026-09-05T04:07:31+08:00,塑心,塑心,hot,11,2769,2397445,【揭幕者们】PV-S-5  塑心妮芙强杀狂欢之主,2024-11-16T14:42:44+00:00,127231,山桜,84,0,8,1,0,0,True,https://www.skland.com/article?id=2397445,https://strategy.skland.com/api/resources/items,skland_strategy_public_search_top20,False
2026-09-05T04:07:31+08:00,塑心,塑心,hot,12,2718,2394240,【揭幕者们】PV-S-2突袭 塑心单核,2024-11-15T11:28:56+00:00,208381,青w筠,120,375,8,0,0,1,True,https://www.skland.com/article?id=2394240,https://strategy.skland.com/api/resources/items,skland_strategy_public_search_top20,False
2026-09-05T04:07:31+08:00,塑心,塑心,hot,13,3683,2783832,【解离复合】15-18 塑心，铃兰 双核,2025-04-10T13:43:06+00:00,461067,到处找小刻吃的蜜饼,69,256,11,1,0,3,True,https://www.skland.com/article?id=2783832,https://strategy.skland.com/api/resources/items,skland_strategy_public_search_top20,False
2026-09-05T04:07:31+08:00,塑心,塑心,hot,14,2869,2360769,塑心阿尔图罗悖论模拟简单好抄无需专精模组【明日方舟】,2024-11-02T03:49:40+00:00,248361,乌丸千岁,269,403,10,2,0,0,True,https://www.skland.com/article?id=2360769,https://strategy.skland.com/api/resources/items,skland_strategy_public_search_top20,False
2026-09-05T04:07:31+08:00,塑心,塑心,hot,15,2684,2369452,绚烂的落幕烟花？PV-9 精二1级 令+塑心（阿尔图罗）,2024-11-04T15:06:50+00:00,115056,金传说汤面,250,1702,43,0,0,0,True,https://www.skland.com/article?id=2369452,https://strategy.skland.com/api/resources/items,skland_strategy_public_search_top20,False
2026-09-05T04:07:31+08:00,塑心,塑心,hot,16,4741,3208534,【塑心】悖论模拟攻略,2025-09-07T13:09:31+00:00,380220,menthol,21,73,3,0,0,0,True,https://www.skland.com/article?id=3208534,https://strategy.skland.com/api/resources/items,skland_strategy_public_search_top20,False
2026-09-05T04:07:31+08:00,塑心,塑心,hot,17,3251,2665950,【我们明日见】SE-6突袭 塑心单核,2025-02-14T10:09:39+00:00,208381,青w筠,75,153,9,0,0,0,True,https://www.skland.com/article?id=2665950,https://strategy.skland.com/api/resources/items,skland_strategy_public_search_top20,False
2026-09-05T04:07:31+08:00,塑心,塑心,hot,18,2678,2355183,大提琴：用生命去演奏~【悖论模拟】塑心（图图） 精二1级,2024-11-01T09:55:59+00:00,115056,金传说汤面,51,248,8,0,0,0,True,https://www.skland.com/article?id=2355183,https://strategy.skland.com/api/resources/items,skland_strategy_public_search_top20,False
2026-09-05T04:07:31+08:00,塑心,塑心,time,1,5177,3302305,塑心＆Mon3tr VS H16-3，谁能在谁的帮助下通过这关,2025-10-22T20:20:22+00:00,101198,星海攻略组,245,750,35,5,0,2,True,https://www.skland.com/article?id=3302305,https://strategy.skland.com/api/resources/items,skland_strategy_public_search_top20,False
2026-09-05T04:07:31+08:00,塑心,塑心,time,2,4595,3234875,【2025.09】模组升级-综合推荐（母鸡卡联动干员、塑心、煌）,2025-09-21T08:38:13+00:00,120476,明有奇巧人,10697,0,263,104,0,14,True,https://www.skland.com/article?id=3234875,https://strategy.skland.com/api/resources/items,skland_strategy_public_search_top20,False
2026-09-05T04:07:31+08:00,塑心,塑心,time,3,4741,3208534,【塑心】悖论模拟攻略,2025-09-07T13:09:31+00:00,380220,menthol,21,73,3,0,0,0,True,https://www.skland.com/article?id=3208534,https://strategy.skland.com/api/resources/items,skland_strategy_public_search_top20,False
2026-09-05T04:07:31+08:00,塑心,塑心,time,4,3683,2783832,【解离复合】15-18 塑心，铃兰 双核,2025-04-10T13:43:06+00:00,461067,到处找小刻吃的蜜饼,69,256,11,1,0,3,True,https://www.skland.com/article?id=2783832,https://strategy.skland.com/api/resources/items,skland_strategy_public_search_top20,False
2026-09-05T04:07:31+08:00,塑心,塑心,time,5,3281,2688336,【H14-1】誰説只有風暴才能摧毀食腐者軍團！精二1级　塑心单人,2025-02-27T15:20:57+00:00,115056,金传说汤面,86,489,16,3,0,3,True,https://www.skland.com/article?id=2688336,https://strategy.skland.com/api/resources/items,skland_strategy_public_search_top20,False
2026-09-05T04:07:31+08:00,塑心,塑心,time,6,3251,2665950,【我们明日见】SE-6突袭 塑心单核,2025-02-14T10:09:39+00:00,208381,青w筠,75,153,9,0,0,0,True,https://www.skland.com/article?id=2665950,https://strategy.skland.com/api/resources/items,skland_strategy_public_search_top20,False
2026-09-05T04:07:31+08:00,塑心,塑心,time,7,2769,2397445,【揭幕者们】PV-S-5  塑心妮芙强杀狂欢之主,2024-11-16T14:42:44+00:00,127231,山桜,84,0,8,1,0,0,True,https://www.skland.com/article?id=2397445,https://strategy.skland.com/api/resources/items,skland_strategy_public_search_top20,False
2026-09-05T04:07:31+08:00,塑心,塑心,time,8,2718,2394240,【揭幕者们】PV-S-2突袭 塑心单核,2024-11-15T11:28:56+00:00,208381,青w筠,120,375,8,0,0,1,True,https://www.skland.com/article?id=2394240,https://strategy.skland.com/api/resources/items,skland_strategy_public_search_top20,False
2026-09-05T04:07:31+08:00,塑心,塑心,time,9,2761,2373367,新人练干员二三事：歪到塑心该不该练,2024-11-06T10:01:04+00:00,844418,疯狂的僵尸王,5615,0,309,24,0,124,True,https://www.skland.com/article?id=2373367,https://strategy.skland.com/api/resources/items,skland_strategy_public_search_top20,False
2026-09-05T04:07:31+08:00,塑心,塑心,time,10,2684,2369452,绚烂的落幕烟花？PV-9 精二1级 令+塑心（阿尔图罗）,2024-11-04T15:06:50+00:00,115056,金传说汤面,250,1702,43,0,0,0,True,https://www.skland.com/article?id=2369452,https://strategy.skland.com/api/resources/items,skland_strategy_public_search_top20,False
2026-09-05T04:07:31+08:00,塑心,塑心,time,11,2869,2360769,塑心阿尔图罗悖论模拟简单好抄无需专精模组【明日方舟】,2024-11-02T03:49:40+00:00,248361,乌丸千岁,269,403,10,2,0,0,True,https://www.skland.com/article?id=2360769,https://strategy.skland.com/api/resources/items,skland_strategy_public_search_top20,False
2026-09-05T04:07:31+08:00,塑心,塑心,time,12,2678,2355183,大提琴：用生命去演奏~【悖论模拟】塑心（图图） 精二1级,2024-11-01T09:55:59+00:00,115056,金传说汤面,51,248,8,0,0,0,True,https://www.skland.com/article?id=2355183,https://strategy.skland.com/api/resources/items,skland_strategy_public_search_top20,False
2026-09-05T04:07:31+08:00,塑心,塑心,time,13,1114,1729835,【潮曦作战·枯苇泥沼】380满分摆完挂机 仅需塑心提丰双核心 低配好抄！,2024-04-02T15:35:35+00:00,544842,多索雷斯女王,299,0,30,2,0,4,True,https://www.skland.com/article?id=1729835,https://strategy.skland.com/api/resources/items,skland_strategy_public_search_top20,False
2026-09-05T04:07:31+08:00,塑心,塑心,time,14,500,485345,【长文预警】 塑心角色评测——颂歌为谁而鸣，心声为谁奏响，泰拉何处觅知音？,2023-11-04T15:21:32+00:00,105671,被子没叠,2855,0,110,21,0,13,True,https://www.skland.com/article?id=485345,https://strategy.skland.com/api/resources/items,skland_strategy_public_search_top20,False
2026-09-05T04:07:31+08:00,塑心,塑心,time,15,499,482522,［图铃测试］塑心铃兰双人五步13-16普通,2023-11-04T14:48:17+00:00,134832,CarpeDiem,682,0,19,2,0,1,True,https://www.skland.com/article?id=482522,https://strategy.skland.com/api/resources/items,skland_strategy_public_search_top20,False
2026-09-05T04:07:31+08:00,塑心,塑心,time,16,493,260709,【干员技能攻略】塑心2技能的好帮手有哪些？,2023-11-03T03:30:36+00:00,131475,逸天神龙,4627,0,151,30,0,34,True,https://www.skland.com/article?id=260709,https://strategy.skland.com/api/resources/items,skland_strategy_public_search_top20,False
2026-09-05T04:07:31+08:00,塑心,塑心,time,17,485,256818,超短裙！黑长直！这就是我们的巫役-塑心-2226阿尔图罗-用法指南-实战评测解析,2023-11-02T14:00:22+00:00,238378,星海浩瀚VU,3275,0,106,18,0,18,True,https://www.skland.com/article?id=256818,https://strategy.skland.com/api/resources/items,skland_strategy_public_search_top20,False
2026-09-05T04:07:31+08:00,塑心,塑心,time,18,480,255950,【干员速评】#4 塑心-巫役,2023-11-02T11:28:37+00:00,101142,柏喙攻略组,3847,0,63,3,0,15,True,https://www.skland.com/article?id=255950,https://strategy.skland.com/api/resources/items,skland_strategy_public_search_top20,False
2026-09-05T04:07:31+08:00,塞雷娅,塞雷娅,hot,1,294,153806,六星干员攻略（塞雷娅）,2023-09-18T07:03:46+00:00,156545,铃兰桑的欧尼酱,9487,0,76,81,0,20,True,https://www.skland.com/article?id=153806,https://strategy.skland.com/api/resources/items,skland_strategy_public_search_top20,False
2026-09-05T04:07:31+08:00,塞雷娅,塞雷娅,hot,2,600,1380515,【特别篇】我为什么推荐塞雷娅Y模？,2023-11-29T00:48:12+00:00,120476,明有奇巧人,4869,0,146,31,0,27,True,https://www.skland.com/article?id=1380515,https://strategy.skland.com/api/resources/items,skland_strategy_public_search_top20,False
2026-09-05T04:07:31+08:00,塞雷娅,塞雷娅,hot,3,174,104531,【模组简评】塞雷娅,2023-08-31T15:03:42+00:00,114942,DragonGJY,10184,0,286,58,0,32,True,https://www.skland.com/article?id=104531,https://strategy.skland.com/api/resources/items,skland_strategy_public_search_top20,False
2026-09-05T04:07:31+08:00,塞雷娅,塞雷娅,hot,4,155,47696,【明日方舟】强度至上第二排，莱茵拳皇塞雷娅！塞雷娅简评,2023-08-10T03:56:50+00:00,268998,侬无言以对,2745,0,69,10,0,17,True,https://www.skland.com/article?id=47696,https://strategy.skland.com/api/resources/items,skland_strategy_public_search_top20,False
2026-09-05T04:07:31+08:00,塞雷娅,塞雷娅,hot,5,389,190958,【热门干员组合分析#1】塞雷娅+煌,2023-10-12T15:14:38+00:00,544842,多索雷斯女王,2650,0,67,20,0,22,True,https://www.skland.com/article?id=190958,https://strategy.skland.com/api/resources/items,skland_strategy_public_search_top20,False
2026-09-05T04:07:31+08:00,塞雷娅,塞雷娅,hot,6,2878,2441261,保全大开发！荒地群兽音乐厅 ela +泥岩+塞雷娅 三人 压人向攻略,2024-12-10T10:21:16+00:00,380220,menthol,119,0,8,0,0,0,True,https://www.skland.com/article?id=2441261,https://strategy.skland.com/api/resources/items,skland_strategy_public_search_top20,False
2026-09-05T04:07:31+08:00,塞雷娅,塞雷娅,hot,7,5856,5708324,音律联觉-购票入场注意点和新时装（蕾缪安/塞雷娅/死芒）特邀嘉宾MILI等人,2026-03-30T04:59:12+00:00,160688,闻战思凡,20035,0,261,48,0,49,True,https://www.skland.com/article?id=5708324,https://strategy.skland.com/api/resources/items,skland_strategy_public_search_top20,False
2026-09-05T04:07:31+08:00,塞雷娅,塞雷娅,hot,8,5618,5259753,银灰塞雷娅2人搓玉TA-5固源岩【辞岁行】堵门速刷材料挂机攻略 明日方舟,2026-02-10T07:10:04+00:00,113532,化学老施,5158,6375,3741,27,0,4,True,https://www.skland.com/article?id=5259753,https://strategy.skland.com/api/resources/items,skland_strategy_public_search_top20,False
2026-09-05T04:07:31+08:00,塞雷娅,塞雷娅,hot,9,5670,3508019,塞雷娅悖论模拟攻略无需专精简单好抄4k超清【明日方舟】,2025-12-07T07:32:24+00:00,248361,乌丸千岁,53,98,1,0,0,0,True,https://www.skland.com/article?id=3508019,https://strategy.skland.com/api/resources/items,skland_strategy_public_search_top20,False
2026-09-05T04:07:31+08:00,塞雷娅,塞雷娅,time,1,5856,5708324,音律联觉-购票入场注意点和新时装（蕾缪安/塞雷娅/死芒）特邀嘉宾MILI等人,2026-03-30T04:59:12+00:00,160688,闻战思凡,20035,0,261,48,0,49,True,https://www.skland.com/article?id=5708324,https://strategy.skland.com/api/resources/items,skland_strategy_public_search_top20,False
2026-09-05T04:07:31+08:00,塞雷娅,塞雷娅,time,2,5618,5259753,银灰塞雷娅2人搓玉TA-5固源岩【辞岁行】堵门速刷材料挂机攻略 明日方舟,2026-02-10T07:10:04+00:00,113532,化学老施,5158,6375,3741,27,0,4,True,https://www.skland.com/article?id=5259753,https://strategy.skland.com/api/resources/items,skland_strategy_public_search_top20,False
2026-09-05T04:07:31+08:00,塞雷娅,塞雷娅,time,3,5670,3508019,塞雷娅悖论模拟攻略无需专精简单好抄4k超清【明日方舟】,2025-12-07T07:32:24+00:00,248361,乌丸千岁,53,98,1,0,0,0,True,https://www.skland.com/article?id=3508019,https://strategy.skland.com/api/resources/items,skland_strategy_public_search_top20,False
2026-09-05T04:07:31+08:00,塞雷娅,塞雷娅,time,4,2878,2441261,保全大开发！荒地群兽音乐厅 ela +泥岩+塞雷娅 三人 压人向攻略,2024-12-10T10:21:16+00:00,380220,menthol,119,0,8,0,0,0,True,https://www.skland.com/article?id=2441261,https://strategy.skland.com/api/resources/items,skland_strategy_public_search_top20,False
2026-09-05T04:07:31+08:00,塞雷娅,塞雷娅,time,5,600,1380515,【特别篇】我为什么推荐塞雷娅Y模？,2023-11-29T00:48:12+00:00,120476,明有奇巧人,4869,0,146,31,0,27,True,https://www.skland.com/article?id=1380515,https://strategy.skland.com/api/resources/items,skland_strategy_public_search_top20,False
2026-09-05T04:07:31+08:00,塞雷娅,塞雷娅,time,6,389,190958,【热门干员组合分析#1】塞雷娅+煌,2023-10-12T15:14:38+00:00,544842,多索雷斯女王,2650,0,67,20,0,22,True,https://www.skland.com/article?id=190958,https://strategy.skland.com/api/resources/items,skland_strategy_public_search_top20,False
2026-09-05T04:07:31+08:00,塞雷娅,塞雷娅,time,7,294,153806,六星干员攻略（塞雷娅）,2023-09-18T07:03:46+00:00,156545,铃兰桑的欧尼酱,9487,0,76,81,0,20,True,https://www.skland.com/article?id=153806,https://strategy.skland.com/api/resources/items,skland_strategy_public_search_top20,False
2026-09-05T04:07:31+08:00,塞雷娅,塞雷娅,time,8,174,104531,【模组简评】塞雷娅,2023-08-31T15:03:42+00:00,114942,DragonGJY,10184,0,286,58,0,32,True,https://www.skland.com/article?id=104531,https://strategy.skland.com/api/resources/items,skland_strategy_public_search_top20,False
2026-09-05T04:07:31+08:00,塞雷娅,塞雷娅,time,9,155,47696,【明日方舟】强度至上第二排，莱茵拳皇塞雷娅！塞雷娅简评,2023-08-10T03:56:50+00:00,268998,侬无言以对,2745,0,69,10,0,17,True,https://www.skland.com/article?id=47696,https://strategy.skland.com/api/resources/items,skland_strategy_public_search_top20,False
2026-09-05T04:07:31+08:00,夕,夕,hot,1,184,116826,【模组简评】夕,2023-09-02T13:39:54+00:00,114942,DragonGJY,5183,0,128,21,0,30,False,https://www.skland.com/article?id=116826,https://strategy.skland.com/api/resources/items,skland_strategy_public_search_top20,False
2026-09-05T04:07:31+08:00,夕,夕,hot,2,3067,2596781,【2025.01】模组升级-综合推荐（佩佩、林、左乐、重岳、夕、森蚺）,2025-01-24T02:23:41+00:00,120476,明有奇巧人,7141,0,186,85,0,14,False,https://www.skland.com/article?id=2596781,https://strategy.skland.com/api/resources/items,skland_strategy_public_search_top20,False
2026-09-05T04:07:31+08:00,夕,夕,hot,3,940,1575196,【人物分析】岁家十二人现状如何？年和夕又有怎样的心态？,2024-02-09T08:29:51+00:00,101315,苟淡居士,763,0,99,41,0,7,False,https://www.skland.com/article?id=1575196,https://strategy.skland.com/api/resources/items,skland_strategy_public_search_top20,False
2026-09-05T04:07:31+08:00,夕,夕,hot,4,4740,3208516,【夕】悖论模拟攻略,2025-09-07T13:04:37+00:00,380220,menthol,14,74,3,0,0,0,True,https://www.skland.com/article?id=3208516,https://strategy.skland.com/api/resources/items,skland_strategy_public_search_top20,False
2026-09-05T04:07:31+08:00,夕,夕,hot,5,4830,3234399,【攻略补全计划】夕—悖论模拟,2025-09-21T03:58:22+00:00,127231,山桜,45,34,5,1,0,0,False,https://www.skland.com/article?id=3234399,https://strategy.skland.com/api/resources/items,skland_strategy_public_search_top20,False
2026-09-05T04:07:31+08:00,夕,夕,time,1,4830,3234399,【攻略补全计划】夕—悖论模拟,2025-09-21T03:58:22+00:00,127231,山桜,45,34,5,1,0,0,False,https://www.skland.com/article?id=3234399,https://strategy.skland.com/api/resources/items,skland_strategy_public_search_top20,False
2026-09-05T04:07:31+08:00,夕,夕,time,2,4740,3208516,【夕】悖论模拟攻略,2025-09-07T13:04:37+00:00,380220,menthol,14,74,3,0,0,0,True,https://www.skland.com/article?id=3208516,https://strategy.skland.com/api/resources/items,skland_strategy_public_search_top20,False
2026-09-05T04:07:31+08:00,夕,夕,time,3,3067,2596781,【2025.01】模组升级-综合推荐（佩佩、林、左乐、重岳、夕、森蚺）,2025-01-24T02:23:41+00:00,120476,明有奇巧人,7141,0,186,85,0,14,False,https://www.skland.com/article?id=2596781,https://strategy.skland.com/api/resources/items,skland_strategy_public_search_top20,False
2026-09-05T04:07:31+08:00,夕,夕,time,4,940,1575196,【人物分析】岁家十二人现状如何？年和夕又有怎样的心态？,2024-02-09T08:29:51+00:00,101315,苟淡居士,763,0,99,41,0,7,False,https://www.skland.com/article?id=1575196,https://strategy.skland.com/api/resources/items,skland_strategy_public_search_top20,False
2026-09-05T04:07:31+08:00,夕,夕,time,5,184,116826,【模组简评】夕,2023-09-02T13:39:54+00:00,114942,DragonGJY,5183,0,128,21,0,30,False,https://www.skland.com/article?id=116826,https://strategy.skland.com/api/resources/items,skland_strategy_public_search_top20,False
2026-09-05T04:07:31+08:00,夜莺,夜莺,hot,1,1957,2146014,【2024.08】模组升级-综合推荐（纯烬艾雅法拉、夜莺、凯尔希、傀影）,2024-08-03T13:01:15+00:00,120476,明有奇巧人,7135,0,149,123,0,8,True,https://www.skland.com/article?id=2146014,https://strategy.skland.com/api/resources/items,skland_strategy_public_search_top20,False
2026-09-05T04:07:31+08:00,夜莺,夜莺,hot,2,2057,2186424,【正太干员测评#1】五星夜莺？满潜满练深律测评,2024-08-16T11:40:20+00:00,544842,多索雷斯女王,2296,0,124,11,0,25,True,https://www.skland.com/article?id=2186424,https://strategy.skland.com/api/resources/items,skland_strategy_public_search_top20,False
2026-09-05T04:07:31+08:00,夜莺,夜莺,hot,3,1123,1732262,【卡池杂谈#3】夜莺塞爹池抽取建议及中坚扩容相关简析,2024-04-03T13:48:33+00:00,544842,多索雷斯女王,933,0,31,0,0,14,True,https://www.skland.com/article?id=1732262,https://strategy.skland.com/api/resources/items,skland_strategy_public_search_top20,False
2026-09-05T04:07:31+08:00,夜莺,夜莺,hot,4,2035,2176538,AS-EX-8突袭  逃课  三人深海队 +（外援：艾丽妮，夜莺，桃子，工具人）,2024-08-13T01:55:05+00:00,380220,menthol,147,536,10,0,0,4,True,https://www.skland.com/article?id=2176538,https://strategy.skland.com/api/resources/items,skland_strategy_public_search_top20,False
2026-09-05T04:07:31+08:00,夜莺,夜莺,hot,5,4845,3233234,【攻略补全计划】夜莺—悖论模拟,2025-09-20T14:19:40+00:00,127231,山桜,33,39,4,0,0,0,True,https://www.skland.com/article?id=3233234,https://strategy.skland.com/api/resources/items,skland_strategy_public_search_top20,False
2026-09-05T04:07:31+08:00,夜莺,夜莺,hot,6,4399,3188478,【夜莺】悖论模拟攻略,2025-09-01T14:57:29+00:00,380220,menthol,38,286,10,0,0,0,True,https://www.skland.com/article?id=3188478,https://strategy.skland.com/api/resources/items,skland_strategy_public_search_top20,False
2026-09-05T04:07:31+08:00,夜莺,夜莺,hot,7,4864,3216980,【无忧梦呓】SS--EX-8 Ave Mujica队+夜莺,2025-09-11T15:13:09+00:00,127231,山桜,27,84,5,0,0,0,True,https://www.skland.com/article?id=3216980,https://strategy.skland.com/api/resources/items,skland_strategy_public_search_top20,False
2026-09-05T04:07:31+08:00,夜莺,夜莺,time,1,4845,3233234,【攻略补全计划】夜莺—悖论模拟,2025-09-20T14:19:40+00:00,127231,山桜,33,39,4,0,0,0,True,https://www.skland.com/article?id=3233234,https://strategy.skland.com/api/resources/items,skland_strategy_public_search_top20,False
2026-09-05T04:07:31+08:00,夜莺,夜莺,time,2,4864,3216980,【无忧梦呓】SS--EX-8 Ave Mujica队+夜莺,2025-09-11T15:13:09+00:00,127231,山桜,27,84,5,0,0,0,True,https://www.skland.com/article?id=3216980,https://strategy.skland.com/api/resources/items,skland_strategy_public_search_top20,False
2026-09-05T04:07:31+08:00,夜莺,夜莺,time,3,4399,3188478,【夜莺】悖论模拟攻略,2025-09-01T14:57:29+00:00,380220,menthol,38,286,10,0,0,0,True,https://www.skland.com/article?id=3188478,https://strategy.skland.com/api/resources/items,skland_strategy_public_search_top20,False
2026-09-05T04:07:31+08:00,夜莺,夜莺,time,4,2057,2186424,【正太干员测评#1】五星夜莺？满潜满练深律测评,2024-08-16T11:40:20+00:00,544842,多索雷斯女王,2296,0,124,11,0,25,True,https://www.skland.com/article?id=2186424,https://strategy.skland.com/api/resources/items,skland_strategy_public_search_top20,False
2026-09-05T04:07:31+08:00,夜莺,夜莺,time,5,2035,2176538,AS-EX-8突袭  逃课  三人深海队 +（外援：艾丽妮，夜莺，桃子，工具人）,2024-08-13T01:55:05+00:00,380220,menthol,147,536,10,0,0,4,True,https://www.skland.com/article?id=2176538,https://strategy.skland.com/api/resources/items,skland_strategy_public_search_top20,False
2026-09-05T04:07:31+08:00,夜莺,夜莺,time,6,1957,2146014,【2024.08】模组升级-综合推荐（纯烬艾雅法拉、夜莺、凯尔希、傀影）,2024-08-03T13:01:15+00:00,120476,明有奇巧人,7135,0,149,123,0,8,True,https://www.skland.com/article?id=2146014,https://strategy.skland.com/api/resources/items,skland_strategy_public_search_top20,False
2026-09-05T04:07:31+08:00,夜莺,夜莺,time,7,1123,1732262,【卡池杂谈#3】夜莺塞爹池抽取建议及中坚扩容相关简析,2024-04-03T13:48:33+00:00,544842,多索雷斯女王,933,0,31,0,0,14,True,https://www.skland.com/article?id=1732262,https://strategy.skland.com/api/resources/items,skland_strategy_public_search_top20,False
2026-09-05T04:07:31+08:00,娜斯提,娜斯提,hot,1,5287,3501391,【未许之地】娜斯提实装简评 与白铁有区分度的机制型花活干员,2025-12-05T03:59:16+00:00,101405,柠檬味的小小猪,2648,0,101,20,0,6,True,https://www.skland.com/article?id=3501391,https://strategy.skland.com/api/resources/items,skland_strategy_public_search_top20,False
2026-09-05T04:07:31+08:00,娜斯提,娜斯提,hot,2,5296,3501390,一图流测评【娜斯提】——+60%攻击的人造高台！,2025-12-05T03:59:11+00:00,177993,苏祁风,23196,0,642,134,0,190,True,https://www.skland.com/article?id=3501390,https://strategy.skland.com/api/resources/items,skland_strategy_public_search_top20,False
2026-09-05T04:07:31+08:00,娜斯提,娜斯提,hot,3,5326,3507955,【2025.12】模组升级-综合推荐（娜斯提、Mon3tr、莱伊）,2025-12-07T06:55:04+00:00,120476,明有奇巧人,5130,0,86,23,0,4,True,https://www.skland.com/article?id=3507955,https://strategy.skland.com/api/resources/items,skland_strategy_public_search_top20,False
2026-09-05T04:07:31+08:00,娜斯提,娜斯提,hot,4,5469,3558172,未许之辅..从零开始的辅助生活（娜斯提篇）,2026-01-01T09:17:09+00:00,140204,NNNotou,296,0,11,0,0,2,True,https://www.skland.com/article?id=3558172,https://strategy.skland.com/api/resources/items,skland_strategy_public_search_top20,False
2026-09-05T04:07:31+08:00,娜斯提,娜斯提,hot,5,5284,3497389,6星娜斯提技能前瞻解析，退场保留高台！加阻挡加防，回技力加屏障，加攻击和血量上限,2025-12-03T06:49:39+00:00,160688,闻战思凡,13851,0,95,29,0,61,True,https://www.skland.com/article?id=3497389,https://strategy.skland.com/api/resources/items,skland_strategy_public_search_top20,False
2026-09-05T04:07:31+08:00,娜斯提,娜斯提,hot,6,5281,3489619,未许之地情报汇总，新6星娜斯提人造高台，新分支裂空炮手，链愈师模组、引航者试炼,2025-11-30T07:03:25+00:00,160688,闻战思凡,7584,0,122,22,0,36,True,https://www.skland.com/article?id=3489619,https://strategy.skland.com/api/resources/items,skland_strategy_public_search_top20,False
2026-09-05T04:07:31+08:00,娜斯提,娜斯提,hot,7,5395,3505815,「未许之地」版本基建解析（娜斯提、响石、天空盒）,2025-12-06T09:03:46+00:00,101177,BioHazard,646,0,35,3,0,1,True,https://www.skland.com/article?id=3505815,https://strategy.skland.com/api/resources/items,skland_strategy_public_search_top20,False
2026-09-05T04:07:31+08:00,娜斯提,娜斯提,hot,8,5289,3501550,【未许之地】娜斯提X模组任务关卡5-9摆完挂机 简单好抄高容错,2025-12-05T04:31:57+00:00,101405,柠檬味的小小猪,48,163,4,0,0,0,True,https://www.skland.com/article?id=3501550,https://strategy.skland.com/api/resources/items,skland_strategy_public_search_top20,False
2026-09-05T04:07:31+08:00,娜斯提,娜斯提,hot,9,5669,3502751,娜斯提模组任务攻略简单好抄4k超清【明日方舟未许之地】,2025-12-05T09:12:11+00:00,248361,乌丸千岁,11,51,3,0,0,0,True,https://www.skland.com/article?id=3502751,https://strategy.skland.com/api/resources/items,skland_strategy_public_search_top20,False
2026-09-05T04:07:31+08:00,娜斯提,娜斯提,time,1,5469,3558172,未许之辅..从零开始的辅助生活（娜斯提篇）,2026-01-01T09:17:09+00:00,140204,NNNotou,296,0,11,0,0,2,True,https://www.skland.com/article?id=3558172,https://strategy.skland.com/api/resources/items,skland_strategy_public_search_top20,False
2026-09-05T04:07:31+08:00,娜斯提,娜斯提,time,2,5326,3507955,【2025.12】模组升级-综合推荐（娜斯提、Mon3tr、莱伊）,2025-12-07T06:55:04+00:00,120476,明有奇巧人,5130,0,86,23,0,4,True,https://www.skland.com/article?id=3507955,https://strategy.skland.com/api/resources/items,skland_strategy_public_search_top20,False
2026-09-05T04:07:31+08:00,娜斯提,娜斯提,time,3,5395,3505815,「未许之地」版本基建解析（娜斯提、响石、天空盒）,2025-12-06T09:03:46+00:00,101177,BioHazard,646,0,35,3,0,1,True,https://www.skland.com/article?id=3505815,https://strategy.skland.com/api/resources/items,skland_strategy_public_search_top20,False
2026-09-05T04:07:31+08:00,娜斯提,娜斯提,time,4,5669,3502751,娜斯提模组任务攻略简单好抄4k超清【明日方舟未许之地】,2025-12-05T09:12:11+00:00,248361,乌丸千岁,11,51,3,0,0,0,True,https://www.skland.com/article?id=3502751,https://strategy.skland.com/api/resources/items,skland_strategy_public_search_top20,False
2026-09-05T04:07:31+08:00,娜斯提,娜斯提,time,5,5289,3501550,【未许之地】娜斯提X模组任务关卡5-9摆完挂机 简单好抄高容错,2025-12-05T04:31:57+00:00,101405,柠檬味的小小猪,48,163,4,0,0,0,True,https://www.skland.com/article?id=3501550,https://strategy.skland.com/api/resources/items,skland_strategy_public_search_top20,False
2026-09-05T04:07:31+08:00,娜斯提,娜斯提,time,6,5287,3501391,【未许之地】娜斯提实装简评 与白铁有区分度的机制型花活干员,2025-12-05T03:59:16+00:00,101405,柠檬味的小小猪,2648,0,101,20,0,6,True,https://www.skland.com/article?id=3501391,https://strategy.skland.com/api/resources/items,skland_strategy_public_search_top20,False
2026-09-05T04:07:31+08:00,娜斯提,娜斯提,time,7,5296,3501390,一图流测评【娜斯提】——+60%攻击的人造高台！,2025-12-05T03:59:11+00:00,177993,苏祁风,23196,0,642,134,0,190,True,https://www.skland.com/article?id=3501390,https://strategy.skland.com/api/resources/items,skland_strategy_public_search_top20,False
2026-09-05T04:07:31+08:00,娜斯提,娜斯提,time,8,5284,3497389,6星娜斯提技能前瞻解析，退场保留高台！加阻挡加防，回技力加屏障，加攻击和血量上限,2025-12-03T06:49:39+00:00,160688,闻战思凡,13851,0,95,29,0,61,True,https://www.skland.com/article?id=3497389,https://strategy.skland.com/api/resources/items,skland_strategy_public_search_top20,False
2026-09-05T04:07:31+08:00,娜斯提,娜斯提,time,9,5281,3489619,未许之地情报汇总，新6星娜斯提人造高台，新分支裂空炮手，链愈师模组、引航者试炼,2025-11-30T07:03:25+00:00,160688,闻战思凡,7584,0,122,22,0,36,True,https://www.skland.com/article?id=3489619,https://strategy.skland.com/api/resources/items,skland_strategy_public_search_top20,False
2026-09-05T04:07:31+08:00,年,年,hot,1,502,579259,BETA数据舟报#46——4.5周年活动，所有的数据都在这里！,2023-11-05T09:21:17+00:00,273345,逻辑元LogicalByte,10484,0,214,76,0,39,False,https://www.skland.com/article?id=579259,https://strategy.skland.com/api/resources/items,skland_strategy_public_search_top20,False
2026-09-05T04:07:31+08:00,年,年,hot,2,593,1374017,长草期的最佳去处，刷图推荐一图流/常驻商店性价比4.5周年版,2023-11-26T10:30:23+00:00,273345,逻辑元LogicalByte,47767,0,6247,6509,0,418,False,https://www.skland.com/article?id=1374017,https://strategy.skland.com/api/resources/items,skland_strategy_public_search_top20,False
2026-09-05T04:07:31+08:00,年,年,hot,3,2865,2387005,【明日方舟】2024神级开局攻略 16分钟让你少走5年弯路 入坑必看！！,2024-11-12T05:17:24+00:00,1423142,低配挂机研讨会,6899,7501,296,153,0,11,False,https://www.skland.com/article?id=2387005,https://strategy.skland.com/api/resources/items,skland_strategy_public_search_top20,False
2026-09-05T04:07:31+08:00,年,年,hot,4,1876,2115558,【新人向】自选六星干员推荐（2024夏日嘉年华版本）,2024-07-29T04:21:19+00:00,544842,多索雷斯女王,7111,0,125,40,0,50,False,https://www.skland.com/article?id=2115558,https://strategy.skland.com/api/resources/items,skland_strategy_public_search_top20,False
2026-09-05T04:07:31+08:00,年,年,hot,5,5467,3552107,【明日方舟】全6星干员模组升级推荐一图流 萌新老玩家都适用（2025年度总结篇）,2025-12-29T11:28:59+00:00,101405,柠檬味的小小猪,20463,0,835,807,0,59,False,https://www.skland.com/article?id=3552107,https://strategy.skland.com/api/resources/items,skland_strategy_public_search_top20,False
2026-09-05T04:07:31+08:00,年,年,hot,6,649,1408091,【明日方舟】全6星干员模组升级推荐一图流，不看是小猪（雾）（2023年度总结版）,2023-12-10T07:00:51+00:00,101405,柠檬味的小小猪,9289,0,689,522,0,114,False,https://www.skland.com/article?id=1408091,https://strategy.skland.com/api/resources/items,skland_strategy_public_search_top20,False
2026-09-05T04:07:31+08:00,年,年,hot,7,6039,5806188,【新手入坑指南】7周年版本 源石虫都能理解的——新手入坑攻略,2026-05-01T03:53:15+00:00,110257,星语Poistars,29904,0,578,376,0,186,False,https://www.skland.com/article?id=5806188,https://strategy.skland.com/api/resources/items,skland_strategy_public_search_top20,False
2026-09-05T04:07:31+08:00,年,年,hot,8,807,1480106,年前最后的35黄票！材料最富裕的一集？登临意复刻攻略,2024-01-15T02:44:54+00:00,101080,北夏咯咯,3539,0,92,9,0,5,False,https://www.skland.com/article?id=1480106,https://strategy.skland.com/api/resources/items,skland_strategy_public_search_top20,False
2026-09-05T04:07:31+08:00,年,年,hot,9,2105,2210537,2025年泰拉普通高等学校招生考试样卷 社会科学,2024-08-26T03:30:34+00:00,130496,幕茕,2419,0,107,45,0,44,False,https://www.skland.com/article?id=2210537,https://strategy.skland.com/api/resources/items,skland_strategy_public_search_top20,False
2026-09-05T04:07:31+08:00,年,年,hot,10,1168,1764556,24年4月全基建布局一图流基建排班表,2024-04-15T15:38:02+00:00,101054,公孙长乐,43947,0,3864,4181,0,306,False,https://www.skland.com/article?id=1764556,https://strategy.skland.com/api/resources/items,skland_strategy_public_search_top20,False
2026-09-05T04:07:31+08:00,年,年,hot,11,306,161538,六星干员攻略（年）,2023-09-24T03:57:26+00:00,156545,铃兰桑的欧尼酱,5131,0,75,21,0,18,False,https://www.skland.com/article?id=161538,https://strategy.skland.com/api/resources/items,skland_strategy_public_search_top20,False
2026-09-05T04:07:31+08:00,年,年,hot,12,513,1190246,4.5周年版本全基建布局一图流排班表,2023-11-07T14:28:40+00:00,101054,公孙长乐,23880,0,2737,1883,0,360,False,https://www.skland.com/article?id=1190246,https://strategy.skland.com/api/resources/items,skland_strategy_public_search_top20,False
2026-09-05T04:07:31+08:00,年,年,hot,13,1501,1962986,水月与深蓝之树个人作战总结2024年版（上）Ver20240527,2024-05-26T12:58:07+00:00,105671,被子没叠,3251,0,89,76,0,57,False,https://www.skland.com/article?id=1962986,https://strategy.skland.com/api/resources/items,skland_strategy_public_search_top20,False
2026-09-05T04:07:31+08:00,年,年,hot,14,696,1425899,焰影苇草单up！跨年必new开启，超值六星三选一礼包！新老博士该如何选择？,2023-12-19T05:45:56+00:00,101080,北夏咯咯,4308,0,146,15,0,39,False,https://www.skland.com/article?id=1425899,https://strategy.skland.com/api/resources/items,skland_strategy_public_search_top20,False
2026-09-05T04:07:31+08:00,年,年,hot,15,3079,2608789,新年相见欢-公开招募一图流（未来没有单5星TAG，控场/召唤等词条只能出4星）,2025-01-26T02:57:53+00:00,160688,闻战思凡,7846,0,169,279,0,3,False,https://www.skland.com/article?id=2608789,https://strategy.skland.com/api/resources/items,skland_strategy_public_search_top20,False
2026-09-05T04:07:31+08:00,年,年,hot,16,1270,1888063,【菲林干员攻略#7】三年之期已到，银神，启动！——模组银灰篇,2024-05-05T04:59:13+00:00,104745,我叫火星,2254,0,34,4,0,8,False,https://www.skland.com/article?id=1888063,https://strategy.skland.com/api/resources/items,skland_strategy_public_search_top20,False
2026-09-05T04:07:31+08:00,年,年,hot,17,1585,1993779,24年6月深海版本，全基建布局一图流排班表,2024-06-09T05:42:08+00:00,101054,公孙长乐,20276,0,381,564,0,54,False,https://www.skland.com/article?id=1993779,https://strategy.skland.com/api/resources/items,skland_strategy_public_search_top20,False
2026-09-05T04:07:31+08:00,年,年,hot,18,2594,2361589,2024~2025学年度第一学期罗德岛期中质量监测 环境与机制,2024-11-02T07:18:15+00:00,130496,幕茕,1459,0,61,13,0,10,False,https://www.skland.com/article?id=2361589,https://strategy.skland.com/api/resources/items,skland_strategy_public_search_top20,False
2026-09-05T04:07:31+08:00,年,年,hot,19,816,1485820,2023~2024学年度罗德岛寒假冲刺卷 文理综合（C卷）,2024-01-18T12:05:42+00:00,130496,幕茕,1829,0,156,63,0,42,False,https://www.skland.com/article?id=1485820,https://strategy.skland.com/api/resources/items,skland_strategy_public_search_top20,False
2026-09-05T04:07:31+08:00,年,年,hot,20,4182,3062644,【新人向】2025夏日嘉年华 自选六星推荐,2025-07-26T13:43:08+00:00,544842,多索雷斯女王,18897,0,206,77,0,356,False,https://www.skland.com/article?id=3062644,https://strategy.skland.com/api/resources/items,skland_strategy_public_search_top20,False
2026-09-05T04:07:31+08:00,年,年,time,1,6406,6047585,夏日嘉年华5星嘉辛塔-技能前瞻解析，专精考取证书，鼓励朋友？,2026-07-27T12:55:33+00:00,160688,闻战思凡,1516,0,91,5,0,19,False,https://www.skland.com/article?id=6047585,https://strategy.skland.com/api/resources/items,skland_strategy_public_search_top20,False
2026-09-05T04:07:31+08:00,年,年,time,2,6404,6044072,夏日嘉年华活动赠送5星时隙-技能前瞻解析，蹲在地上眯眼请求机魂大悦的样子真可爱,2026-07-26T13:05:26+00:00,160688,闻战思凡,1530,0,261,10,0,45,False,https://www.skland.com/article?id=6044072,https://strategy.skland.com/api/resources/items,skland_strategy_public_search_top20,False
2026-09-05T04:07:31+08:00,年,年,time,3,6390,6039853,2分半速通26年夏活6星自选推荐【直到大地变成一颗酸橙】,2026-07-25T14:56:12+00:00,101405,柠檬味的小小猪,6087,25258,428,34,0,38,False,https://www.skland.com/article?id=6039853,https://strategy.skland.com/api/resources/items,skland_strategy_public_search_top20,False
2026-09-05T04:07:31+08:00,年,年,time,4,6391,6037149,【2026夏日嘉年华】往期限定兑换推荐,2026-07-25T11:14:16+00:00,544842,多索雷斯女王,23170,0,443,19,0,331,False,https://www.skland.com/article?id=6037149,https://strategy.skland.com/api/resources/items,skland_strategy_public_search_top20,False
2026-09-05T04:07:31+08:00,年,年,time,5,6305,5979476,玻利瓦尔线一图流（698年~ ）：玻利瓦尔被切开的血管,2026-07-09T04:10:32+00:00,198305,月球非奶酪,2201,0,583,100,0,87,False,https://www.skland.com/article?id=5979476,https://strategy.skland.com/api/resources/items,skland_strategy_public_search_top20,False
2026-09-05T04:07:31+08:00,年,年,time,6,6301,5975277,【2026上半年】模组推荐汇总,2026-07-06T17:02:04+00:00,120476,明有奇巧人,6424,0,670,249,0,64,False,https://www.skland.com/article?id=5975277,https://strategy.skland.com/api/resources/items,skland_strategy_public_search_top20,False
2026-09-05T04:07:31+08:00,年,年,time,7,6093,5845004,【7周年相变临界】主线17章H17-1到H17-4摆完挂机+隐藏剧情,2026-05-10T16:08:08+00:00,160688,闻战思凡,324,0,48,0,0,1,False,https://www.skland.com/article?id=5845004,https://strategy.skland.com/api/resources/items,skland_strategy_public_search_top20,False
2026-09-05T04:07:31+08:00,年,年,time,8,6026,5816864,【回坑指南】7周年干员获取攻略,2026-05-02T04:21:43+00:00,177993,苏祁风,1178,0,107,5,0,7,True,https://www.skland.com/article?id=5816864,https://strategy.skland.com/api/resources/items,skland_strategy_public_search_top20,False
2026-09-05T04:07:31+08:00,年,年,time,9,6036,5814422,【7周年相变临界】主线17章摆完挂机+隐藏剧情（17-2到17-18沙盘推演难度,2026-05-01T15:34:10+00:00,160688,闻战思凡,1157,0,83,20,0,3,False,https://www.skland.com/article?id=5814422,https://strategy.skland.com/api/resources/items,skland_strategy_public_search_top20,False
2026-09-05T04:07:31+08:00,年,年,time,10,6039,5806188,【新手入坑指南】7周年版本 源石虫都能理解的——新手入坑攻略,2026-05-01T03:53:15+00:00,110257,星语Poistars,29904,0,578,376,0,186,False,https://www.skland.com/article?id=5806188,https://strategy.skland.com/api/resources/items,skland_strategy_public_search_top20,False
2026-09-05T04:07:31+08:00,年,年,time,11,6003,5803507,7周年主线第17章关卡机制和推荐干员-相变临界,2026-04-30T07:40:24+00:00,160688,闻战思凡,1559,0,97,13,0,9,False,https://www.skland.com/article?id=5803507,https://strategy.skland.com/api/resources/items,skland_strategy_public_search_top20,False
2026-09-05T04:07:31+08:00,年,年,time,12,6001,5800751,【明日方舟七周年】特别寻访组合包指南,2026-04-29T03:16:20+00:00,544842,多索雷斯女王,2371,0,118,2,0,14,False,https://www.skland.com/article?id=5800751,https://strategy.skland.com/api/resources/items,skland_strategy_public_search_top20,False
2026-09-05T04:07:31+08:00,年,年,time,13,6060,5797908,最全提升战力策略！6星自选/礼包/甄选如何选择？7周年氪金+干员推荐！,2026-04-28T02:04:54+00:00,101080,北夏咯咯,549,1359,35,3,0,2,False,https://www.skland.com/article?id=5797908,https://strategy.skland.com/api/resources/items,skland_strategy_public_search_top20,False
2026-09-05T04:07:31+08:00,年,年,time,14,5984,5792541,明日方舟7周年6星自选推荐一图流,2026-04-26T08:23:01+00:00,101405,柠檬味的小小猪,16027,0,335,29,0,118,False,https://www.skland.com/article?id=5792541,https://strategy.skland.com/api/resources/items,skland_strategy_public_search_top20,False
2026-09-05T04:07:31+08:00,年,年,time,15,5997,5790058,「7周年庆」前瞻直播汇总,2026-04-25T19:17:35+00:00,177993,苏祁风,1369,0,168,6,0,12,False,https://www.skland.com/article?id=5790058,https://strategy.skland.com/api/resources/items,skland_strategy_public_search_top20,False
2026-09-05T04:07:31+08:00,年,年,time,16,5982,5789656,7周年前瞻分析和福利总结，超大杯凯尔希，生息演算2期，危机合约，足球，新肉鸽,2026-04-25T17:20:58+00:00,160688,闻战思凡,1635,0,177,5,0,16,False,https://www.skland.com/article?id=5789656,https://strategy.skland.com/api/resources/items,skland_strategy_public_search_top20,False
2026-09-05T04:07:31+08:00,年,年,time,17,5981,5789032,【明日方舟七周年】自选六星兑换指南,2026-04-25T15:51:59+00:00,544842,多索雷斯女王,3177,0,78,6,0,24,False,https://www.skland.com/article?id=5789032,https://strategy.skland.com/api/resources/items,skland_strategy_public_search_top20,False
2026-09-05T04:07:31+08:00,年,年,time,18,5983,5788733,【明日方舟】4分钟速通7周年自选6星如何抉择 萌新老玩家都适用,2026-04-25T15:18:17+00:00,101405,柠檬味的小小猪,3019,10912,325,17,0,23,False,https://www.skland.com/article?id=5788733,https://strategy.skland.com/api/resources/items,skland_strategy_public_search_top20,False
2026-09-05T04:07:31+08:00,年,年,time,19,6022,5788020,【7周年直播】直播回顾~新干员：凯尔希·思衡托！可露希尔！,2026-04-25T14:14:55+00:00,110257,星语Poistars,43911,0,932,150,0,511,False,https://www.skland.com/article?id=5788020,https://strategy.skland.com/api/resources/items,skland_strategy_public_search_top20,False
2026-09-05T04:07:31+08:00,年,年,time,20,6005,5785119,7周年198自选范围及推荐一图流！,2026-04-25T04:28:09+00:00,131475,逸天神龙,13203,0,70,19,0,41,False,https://www.skland.com/article?id=5785119,https://strategy.skland.com/api/resources/items,skland_strategy_public_search_top20,False
2026-09-05T04:07:31+08:00,幽灵鲨,幽灵鲨,hot,1,341,179749,手把手教你玩深海猎人——归溟幽灵鲨篇,2023-10-04T13:19:54+00:00,101216,Sika今天在摸鱼吗,5829,0,119,63,0,21,False,https://www.skland.com/article?id=179749,https://strategy.skland.com/api/resources/items,skland_strategy_public_search_top20,False
2026-09-05T04:07:31+08:00,幽灵鲨,幽灵鲨,hot,2,90,45038,【模组简评】归溟幽灵鲨,2023-08-08T13:04:56+00:00,114942,DragonGJY,5364,0,110,30,0,12,False,https://www.skland.com/article?id=45038,https://strategy.skland.com/api/resources/items,skland_strategy_public_search_top20,False
2026-09-05T04:07:31+08:00,幽灵鲨,幽灵鲨,hot,3,2112,2101624,【方舟五星图鉴07改】幽灵鲨-白发红眼长靴病娇精分修女！一分钟带你认识五星干员,2024-07-26T06:08:03+00:00,101165,破灭DE旋律,730,939,34,6,0,0,True,https://www.skland.com/article?id=2101624,https://strategy.skland.com/api/resources/items,skland_strategy_public_search_top20,False
2026-09-05T04:07:31+08:00,幽灵鲨,幽灵鲨,hot,4,4820,3234976,【攻略补全计划】归溟幽灵鲨—悖论模拟,2025-09-21T09:29:47+00:00,127231,山桜,48,38,2,0,0,0,False,https://www.skland.com/article?id=3234976,https://strategy.skland.com/api/resources/items,skland_strategy_public_search_top20,False
2026-09-05T04:07:31+08:00,幽灵鲨,幽灵鲨,hot,5,4851,3233117,【攻略补全计划】幽灵鲨—悖论模拟,2025-09-20T13:33:32+00:00,127231,山桜,89,186,5,0,0,0,True,https://www.skland.com/article?id=3233117,https://strategy.skland.com/api/resources/items,skland_strategy_public_search_top20,False
2026-09-05T04:07:31+08:00,幽灵鲨,幽灵鲨,hot,6,4736,3208536,【归溟幽灵鲨】悖论模拟攻略,2025-09-07T13:11:55+00:00,380220,menthol,24,114,3,0,0,0,False,https://www.skland.com/article?id=3208536,https://strategy.skland.com/api/resources/items,skland_strategy_public_search_top20,False
2026-09-05T04:07:31+08:00,幽灵鲨,幽灵鲨,time,1,4820,3234976,【攻略补全计划】归溟幽灵鲨—悖论模拟,2025-09-21T09:29:47+00:00,127231,山桜,48,38,2,0,0,0,False,https://www.skland.com/article?id=3234976,https://strategy.skland.com/api/resources/items,skland_strategy_public_search_top20,False
2026-09-05T04:07:31+08:00,幽灵鲨,幽灵鲨,time,2,4851,3233117,【攻略补全计划】幽灵鲨—悖论模拟,2025-09-20T13:33:32+00:00,127231,山桜,89,186,5,0,0,0,True,https://www.skland.com/article?id=3233117,https://strategy.skland.com/api/resources/items,skland_strategy_public_search_top20,False
2026-09-05T04:07:31+08:00,幽灵鲨,幽灵鲨,time,3,4736,3208536,【归溟幽灵鲨】悖论模拟攻略,2025-09-07T13:11:55+00:00,380220,menthol,24,114,3,0,0,0,False,https://www.skland.com/article?id=3208536,https://strategy.skland.com/api/resources/items,skland_strategy_public_search_top20,False
2026-09-05T04:07:31+08:00,幽灵鲨,幽灵鲨,time,4,2112,2101624,【方舟五星图鉴07改】幽灵鲨-白发红眼长靴病娇精分修女！一分钟带你认识五星干员,2024-07-26T06:08:03+00:00,101165,破灭DE旋律,730,939,34,6,0,0,True,https://www.skland.com/article?id=2101624,https://strategy.skland.com/api/resources/items,skland_strategy_public_search_top20,False
2026-09-05T04:07:31+08:00,幽灵鲨,幽灵鲨,time,5,341,179749,手把手教你玩深海猎人——归溟幽灵鲨篇,2023-10-04T13:19:54+00:00,101216,Sika今天在摸鱼吗,5829,0,119,63,0,21,False,https://www.skland.com/article?id=179749,https://strategy.skland.com/api/resources/items,skland_strategy_public_search_top20,False
2026-09-05T04:07:31+08:00,幽灵鲨,幽灵鲨,time,6,90,45038,【模组简评】归溟幽灵鲨,2023-08-08T13:04:56+00:00,114942,DragonGJY,5364,0,110,30,0,12,False,https://www.skland.com/article?id=45038,https://strategy.skland.com/api/resources/items,skland_strategy_public_search_top20,False
2026-09-05T04:07:31+08:00,归溟幽灵鲨,归溟幽灵鲨,hot,1,341,179749,手把手教你玩深海猎人——归溟幽灵鲨篇,2023-10-04T13:19:54+00:00,101216,Sika今天在摸鱼吗,5829,0,119,63,0,21,True,https://www.skland.com/article?id=179749,https://strategy.skland.com/api/resources/items,skland_strategy_public_search_top20,False
2026-09-05T04:07:31+08:00,归溟幽灵鲨,归溟幽灵鲨,hot,2,90,45038,【模组简评】归溟幽灵鲨,2023-08-08T13:04:56+00:00,114942,DragonGJY,5364,0,110,30,0,12,True,https://www.skland.com/article?id=45038,https://strategy.skland.com/api/resources/items,skland_strategy_public_search_top20,False
2026-09-05T04:07:31+08:00,归溟幽灵鲨,归溟幽灵鲨,hot,3,4820,3234976,【攻略补全计划】归溟幽灵鲨—悖论模拟,2025-09-21T09:29:47+00:00,127231,山桜,48,38,2,0,0,0,True,https://www.skland.com/article?id=3234976,https://strategy.skland.com/api/resources/items,skland_strategy_public_search_top20,False
2026-09-05T04:07:31+08:00,归溟幽灵鲨,归溟幽灵鲨,hot,4,4736,3208536,【归溟幽灵鲨】悖论模拟攻略,2025-09-07T13:11:55+00:00,380220,menthol,24,114,3,0,0,0,True,https://www.skland.com/article?id=3208536,https://strategy.skland.com/api/resources/items,skland_strategy_public_search_top20,False
2026-09-05T04:07:31+08:00,归溟幽灵鲨,归溟幽灵鲨,time,1,4820,3234976,【攻略补全计划】归溟幽灵鲨—悖论模拟,2025-09-21T09:29:47+00:00,127231,山桜,48,38,2,0,0,0,True,https://www.skland.com/article?id=3234976,https://strategy.skland.com/api/resources/items,skland_strategy_public_search_top20,False
2026-09-05T04:07:31+08:00,归溟幽灵鲨,归溟幽灵鲨,time,2,4736,3208536,【归溟幽灵鲨】悖论模拟攻略,2025-09-07T13:11:55+00:00,380220,menthol,24,114,3,0,0,0,True,https://www.skland.com/article?id=3208536,https://strategy.skland.com/api/resources/items,skland_strategy_public_search_top20,False
2026-09-05T04:07:31+08:00,归溟幽灵鲨,归溟幽灵鲨,time,3,341,179749,手把手教你玩深海猎人——归溟幽灵鲨篇,2023-10-04T13:19:54+00:00,101216,Sika今天在摸鱼吗,5829,0,119,63,0,21,True,https://www.skland.com/article?id=179749,https://strategy.skland.com/api/resources/items,skland_strategy_public_search_top20,False
2026-09-05T04:07:31+08:00,归溟幽灵鲨,归溟幽灵鲨,time,4,90,45038,【模组简评】归溟幽灵鲨,2023-08-08T13:04:56+00:00,114942,DragonGJY,5364,0,110,30,0,12,True,https://www.skland.com/article?id=45038,https://strategy.skland.com/api/resources/items,skland_strategy_public_search_top20,False
2026-09-05T04:07:31+08:00,德克萨斯,德克萨斯,hot,1,1205,1784545,【限定干员测评#4】携带榜综合榜双料冠军？！缄默德克萨斯详细测评,2024-04-24T13:48:42+00:00,544842,多索雷斯女王,2695,0,66,14,0,17,False,https://www.skland.com/article?id=1784545,https://strategy.skland.com/api/resources/items,skland_strategy_public_search_top20,False
2026-09-05T04:07:31+08:00,德克萨斯,德克萨斯,hot,2,2106,2101617,【方舟五星图鉴06改】拉普兰德-德克萨斯单推人！一分钟带你认识五星干员,2024-07-26T06:05:39+00:00,101165,破灭DE旋律,1351,1344,46,9,0,0,True,https://www.skland.com/article?id=2101617,https://strategy.skland.com/api/resources/items,skland_strategy_public_search_top20,False
2026-09-05T04:07:31+08:00,德克萨斯,德克萨斯,hot,3,2109,2101607,【方舟五星图鉴03】德克萨斯-令人着迷的黑丝运动鞋！一分钟带你认识五星干员,2024-07-26T06:01:56+00:00,101165,破灭DE旋律,1035,1051,31,5,0,0,True,https://www.skland.com/article?id=2101607,https://strategy.skland.com/api/resources/items,skland_strategy_public_search_top20,False
2026-09-05T04:07:31+08:00,德克萨斯,德克萨斯,hot,4,285,120286,从功能定位出发的全时期干员培养推荐②——回费之琴柳、德克萨斯,2023-09-03T10:19:22+00:00,208381,青w筠,1777,0,26,4,0,6,True,https://www.skland.com/article?id=120286,https://strategy.skland.com/api/resources/items,skland_strategy_public_search_top20,False
2026-09-05T04:07:31+08:00,德克萨斯,德克萨斯,hot,5,2565,2343051,写在叙拉古二期前，想谈谈德克萨斯和拉普兰德之间的感情,2024-10-28T06:29:15+00:00,108981,尤里,661,0,84,10,0,7,True,https://www.skland.com/article?id=2343051,https://strategy.skland.com/api/resources/items,skland_strategy_public_search_top20,False
2026-09-05T04:07:31+08:00,德克萨斯,德克萨斯,hot,6,4850,3233120,【攻略补全计划】德克萨斯—悖论模拟,2025-09-20T13:34:17+00:00,127231,山桜,93,247,6,1,0,0,True,https://www.skland.com/article?id=3233120,https://strategy.skland.com/api/resources/items,skland_strategy_public_search_top20,False
2026-09-05T04:07:31+08:00,德克萨斯,德克萨斯,time,1,4850,3233120,【攻略补全计划】德克萨斯—悖论模拟,2025-09-20T13:34:17+00:00,127231,山桜,93,247,6,1,0,0,True,https://www.skland.com/article?id=3233120,https://strategy.skland.com/api/resources/items,skland_strategy_public_search_top20,False
2026-09-05T04:07:31+08:00,德克萨斯,德克萨斯,time,2,2565,2343051,写在叙拉古二期前，想谈谈德克萨斯和拉普兰德之间的感情,2024-10-28T06:29:15+00:00,108981,尤里,661,0,84,10,0,7,True,https://www.skland.com/article?id=2343051,https://strategy.skland.com/api/resources/items,skland_strategy_public_search_top20,False
2026-09-05T04:07:31+08:00,德克萨斯,德克萨斯,time,3,2106,2101617,【方舟五星图鉴06改】拉普兰德-德克萨斯单推人！一分钟带你认识五星干员,2024-07-26T06:05:39+00:00,101165,破灭DE旋律,1351,1344,46,9,0,0,True,https://www.skland.com/article?id=2101617,https://strategy.skland.com/api/resources/items,skland_strategy_public_search_top20,False
2026-09-05T04:07:31+08:00,德克萨斯,德克萨斯,time,4,2109,2101607,【方舟五星图鉴03】德克萨斯-令人着迷的黑丝运动鞋！一分钟带你认识五星干员,2024-07-26T06:01:56+00:00,101165,破灭DE旋律,1035,1051,31,5,0,0,True,https://www.skland.com/article?id=2101607,https://strategy.skland.com/api/resources/items,skland_strategy_public_search_top20,False
2026-09-05T04:07:31+08:00,德克萨斯,德克萨斯,time,5,1205,1784545,【限定干员测评#4】携带榜综合榜双料冠军？！缄默德克萨斯详细测评,2024-04-24T13:48:42+00:00,544842,多索雷斯女王,2695,0,66,14,0,17,False,https://www.skland.com/article?id=1784545,https://strategy.skland.com/api/resources/items,skland_strategy_public_search_top20,False
2026-09-05T04:07:31+08:00,德克萨斯,德克萨斯,time,6,285,120286,从功能定位出发的全时期干员培养推荐②——回费之琴柳、德克萨斯,2023-09-03T10:19:22+00:00,208381,青w筠,1777,0,26,4,0,6,True,https://www.skland.com/article?id=120286,https://strategy.skland.com/api/resources/items,skland_strategy_public_search_top20,False
2026-09-05T04:07:31+08:00,怒潮凛冬,怒潮凛冬,hot,1,5884,5734588,一图流测评【怒潮凛冬】——新时代基石干员！dps3~4k的持续时间无限,2026-04-07T03:50:23+00:00,177993,苏祁风,2007,0,52,4,0,8,True,https://www.skland.com/article?id=5734588,https://strategy.skland.com/api/resources/items,skland_strategy_public_search_top20,False
2026-09-05T04:07:31+08:00,怒潮凛冬,怒潮凛冬,hot,2,5888,5734892,【人们，我们】怒潮凛冬简评 挂机爆发两手抓 2技能永续百嘉2 3技能地面安姐3,2026-04-07T04:48:19+00:00,101405,柠檬味的小小猪,999,0,51,3,0,3,True,https://www.skland.com/article?id=5734892,https://strategy.skland.com/api/resources/items,skland_strategy_public_search_top20,False
2026-09-05T04:07:31+08:00,怒潮凛冬,怒潮凛冬,hot,3,6042,5771345,【方舟实战论138】熊的力量！挂机神，还有别的绝活？丨怒潮凛冬,2026-04-19T13:27:27+00:00,244382,二色彩虹,245,961,51,1,0,0,True,https://www.skland.com/article?id=5771345,https://strategy.skland.com/api/resources/items,skland_strategy_public_search_top20,False
2026-09-05T04:07:31+08:00,怒潮凛冬,怒潮凛冬,hot,4,5875,5728180,一图流前瞻【怒潮凛冬】——新时代基石！dps3k的持续时间无限,2026-04-04T17:35:50+00:00,177993,苏祁风,6793,0,266,4,0,17,True,https://www.skland.com/article?id=5728180,https://strategy.skland.com/api/resources/items,skland_strategy_public_search_top20,False
2026-09-05T04:07:31+08:00,怒潮凛冬,怒潮凛冬,hot,5,6059,5736916,怒潮凛冬：这熊在挠痒痒呢？什么，我肉度快赶上星熊了？？？,2026-04-07T14:08:34+00:00,101066,泥萌都是托,5451,5842,440,28,0,21,True,https://www.skland.com/article?id=5736916,https://strategy.skland.com/api/resources/items,skland_strategy_public_search_top20,False
2026-09-05T04:07:31+08:00,怒潮凛冬,怒潮凛冬,hot,6,5872,5726197,6星怒潮凛冬技能数值前瞻分析，4千多攻击永续挂机，3技能要靠高台,2026-04-04T06:19:12+00:00,160688,闻战思凡,2197,0,78,3,0,11,True,https://www.skland.com/article?id=5726197,https://strategy.skland.com/api/resources/items,skland_strategy_public_search_top20,False
2026-09-05T04:07:31+08:00,怒潮凛冬,怒潮凛冬,hot,7,5955,5746201,「人们，我们」基建解析（怒潮凛冬、伯塔尼、乌啾）,2026-04-11T12:28:12+00:00,101177,BioHazard,147,0,3,0,0,1,True,https://www.skland.com/article?id=5746201,https://strategy.skland.com/api/resources/items,skland_strategy_public_search_top20,False
2026-09-05T04:07:31+08:00,怒潮凛冬,怒潮凛冬,hot,8,5936,5725904,不要搞错了，你们才是挑战者！【怒潮凛冬】,2026-04-04T04:18:56+00:00,101387,猫柳KEE,1430,2046,75,6,0,9,True,https://www.skland.com/article?id=5725904,https://strategy.skland.com/api/resources/items,skland_strategy_public_search_top20,False
2026-09-05T04:07:31+08:00,怒潮凛冬,怒潮凛冬,hot,9,6062,5735344,新时代数值基石！怒潮凛冬超强实战！,2026-04-07T06:16:35+00:00,101387,猫柳KEE,222,148,9,0,0,1,True,https://www.skland.com/article?id=5735344,https://strategy.skland.com/api/resources/items,skland_strategy_public_search_top20,False
2026-09-05T04:07:31+08:00,怒潮凛冬,怒潮凛冬,time,1,6042,5771345,【方舟实战论138】熊的力量！挂机神，还有别的绝活？丨怒潮凛冬,2026-04-19T13:27:27+00:00,244382,二色彩虹,245,961,51,1,0,0,True,https://www.skland.com/article?id=5771345,https://strategy.skland.com/api/resources/items,skland_strategy_public_search_top20,False
2026-09-05T04:07:31+08:00,怒潮凛冬,怒潮凛冬,time,2,5955,5746201,「人们，我们」基建解析（怒潮凛冬、伯塔尼、乌啾）,2026-04-11T12:28:12+00:00,101177,BioHazard,147,0,3,0,0,1,True,https://www.skland.com/article?id=5746201,https://strategy.skland.com/api/resources/items,skland_strategy_public_search_top20,False
2026-09-05T04:07:31+08:00,怒潮凛冬,怒潮凛冬,time,3,6059,5736916,怒潮凛冬：这熊在挠痒痒呢？什么，我肉度快赶上星熊了？？？,2026-04-07T14:08:34+00:00,101066,泥萌都是托,5451,5842,440,28,0,21,True,https://www.skland.com/article?id=5736916,https://strategy.skland.com/api/resources/items,skland_strategy_public_search_top20,False
2026-09-05T04:07:31+08:00,怒潮凛冬,怒潮凛冬,time,4,6062,5735344,新时代数值基石！怒潮凛冬超强实战！,2026-04-07T06:16:35+00:00,101387,猫柳KEE,222,148,9,0,0,1,True,https://www.skland.com/article?id=5735344,https://strategy.skland.com/api/resources/items,skland_strategy_public_search_top20,False
2026-09-05T04:07:31+08:00,怒潮凛冬,怒潮凛冬,time,5,5888,5734892,【人们，我们】怒潮凛冬简评 挂机爆发两手抓 2技能永续百嘉2 3技能地面安姐3,2026-04-07T04:48:19+00:00,101405,柠檬味的小小猪,999,0,51,3,0,3,True,https://www.skland.com/article?id=5734892,https://strategy.skland.com/api/resources/items,skland_strategy_public_search_top20,False
2026-09-05T04:07:31+08:00,怒潮凛冬,怒潮凛冬,time,6,5884,5734588,一图流测评【怒潮凛冬】——新时代基石干员！dps3~4k的持续时间无限,2026-04-07T03:50:23+00:00,177993,苏祁风,2007,0,52,4,0,8,True,https://www.skland.com/article?id=5734588,https://strategy.skland.com/api/resources/items,skland_strategy_public_search_top20,False
2026-09-05T04:07:31+08:00,怒潮凛冬,怒潮凛冬,time,7,5875,5728180,一图流前瞻【怒潮凛冬】——新时代基石！dps3k的持续时间无限,2026-04-04T17:35:50+00:00,177993,苏祁风,6793,0,266,4,0,17,True,https://www.skland.com/article?id=5728180,https://strategy.skland.com/api/resources/items,skland_strategy_public_search_top20,False
2026-09-05T04:07:31+08:00,怒潮凛冬,怒潮凛冬,time,8,5872,5726197,6星怒潮凛冬技能数值前瞻分析，4千多攻击永续挂机，3技能要靠高台,2026-04-04T06:19:12+00:00,160688,闻战思凡,2197,0,78,3,0,11,True,https://www.skland.com/article?id=5726197,https://strategy.skland.com/api/resources/items,skland_strategy_public_search_top20,False
2026-09-05T04:07:31+08:00,怒潮凛冬,怒潮凛冬,time,9,5936,5725904,不要搞错了，你们才是挑战者！【怒潮凛冬】,2026-04-04T04:18:56+00:00,101387,猫柳KEE,1430,2046,75,6,0,9,True,https://www.skland.com/article?id=5725904,https://strategy.skland.com/api/resources/items,skland_strategy_public_search_top20,False
2026-09-05T04:07:31+08:00,拉普兰德,拉普兰德,hot,1,2631,2369774,【干员实用性测评#20】荒芜拉普兰德——驭械术师,2024-11-04T17:26:25+00:00,192588,NEKO音符社_旧,1745,1870,34,2,0,1,False,https://www.skland.com/article?id=2369774,https://strategy.skland.com/api/resources/items,skland_strategy_public_search_top20,False
2026-09-05T04:07:31+08:00,拉普兰德,拉普兰德,hot,2,2574,2352721,【揭幕者们】荒芜拉普兰德实装数据简评 60s暖机，但是极限对单19w的超级大c,2024-11-01T08:06:15+00:00,101405,柠檬味的小小猪,3647,0,78,2,0,18,False,https://www.skland.com/article?id=2352721,https://strategy.skland.com/api/resources/items,skland_strategy_public_search_top20,False
2026-09-05T04:07:31+08:00,拉普兰德,拉普兰德,hot,3,2584,2357264,拉普兰德异格强度评测，食用指南,2024-11-01T12:53:30+00:00,238378,星海浩瀚VU,3075,0,69,8,0,10,True,https://www.skland.com/article?id=2357264,https://strategy.skland.com/api/resources/items,skland_strategy_public_search_top20,False
2026-09-05T04:07:31+08:00,拉普兰德,拉普兰德,hot,4,2633,2359689,【干员实用性测评】#20荒芜拉普兰德——驭械术师,2024-11-01T21:51:09+00:00,101142,柏喙攻略组,3628,0,131,14,0,16,False,https://www.skland.com/article?id=2359689,https://strategy.skland.com/api/resources/items,skland_strategy_public_search_top20,False
2026-09-05T04:07:31+08:00,拉普兰德,拉普兰德,hot,5,2577,2354127,荒芜拉普兰德实战测试！感受来自术士的恐惧吧！,2024-11-01T08:59:03+00:00,101196,Q弹的羽Q,2120,5510,70,2,0,18,False,https://www.skland.com/article?id=2354127,https://strategy.skland.com/api/resources/items,skland_strategy_public_search_top20,False
2026-09-05T04:07:31+08:00,拉普兰德,拉普兰德,hot,6,2106,2101617,【方舟五星图鉴06改】拉普兰德-德克萨斯单推人！一分钟带你认识五星干员,2024-07-26T06:05:39+00:00,101165,破灭DE旋律,1351,1344,46,9,0,0,True,https://www.skland.com/article?id=2101617,https://strategy.skland.com/api/resources/items,skland_strategy_public_search_top20,False
2026-09-05T04:07:31+08:00,拉普兰德,拉普兰德,hot,7,2623,2367241,【2024.11】模组升级-综合推荐（阿尔图罗、荒芜拉普兰德、忍冬等）,2024-11-03T16:26:59+00:00,120476,明有奇巧人,11137,0,419,331,0,38,False,https://www.skland.com/article?id=2367241,https://strategy.skland.com/api/resources/items,skland_strategy_public_search_top20,False
2026-09-05T04:07:31+08:00,拉普兰德,拉普兰德,hot,8,2570,2352396,「揭幕者们」版本干员基建技能解析（荒芜拉普兰德、忍冬、弑君者、裁度、菲莱、云迹）,2024-11-01T06:42:29+00:00,101177,BioHazard,1927,0,62,9,0,10,False,https://www.skland.com/article?id=2352396,https://strategy.skland.com/api/resources/items,skland_strategy_public_search_top20,False
2026-09-05T04:07:31+08:00,拉普兰德,拉普兰德,hot,9,5362,3419366,新人练干员二三事：歪到荒芜拉普兰德该不该练？,2025-11-12T08:35:05+00:00,844418,疯狂的僵尸王,1036,0,30,5,0,23,False,https://www.skland.com/article?id=3419366,https://strategy.skland.com/api/resources/items,skland_strategy_public_search_top20,False
2026-09-05T04:07:31+08:00,拉普兰德,拉普兰德,hot,10,2565,2343051,写在叙拉古二期前，想谈谈德克萨斯和拉普兰德之间的感情,2024-10-28T06:29:15+00:00,108981,尤里,661,0,84,10,0,7,True,https://www.skland.com/article?id=2343051,https://strategy.skland.com/api/resources/items,skland_strategy_public_search_top20,False
2026-09-05T04:07:31+08:00,拉普兰德,拉普兰德,hot,11,3813,2918107,【矢量突破】特别战线VEC-SP12 巫术排练 稀音+拉普兰德+深靛,2025-05-22T17:53:17+00:00,2234205,皮卡丘_diandian,89,233,5,1,0,1,True,https://www.skland.com/article?id=2918107,https://strategy.skland.com/api/resources/items,skland_strategy_public_search_top20,False
2026-09-05T04:07:31+08:00,拉普兰德,拉普兰德,hot,12,5724,5583511,【矢量突破#2巫术之夜】VEC-SP05拉普兰德单核驻守,2026-02-25T18:17:21+00:00,101405,柠檬味的小小猪,339,429,63,3,0,3,True,https://www.skland.com/article?id=5583511,https://strategy.skland.com/api/resources/items,skland_strategy_public_search_top20,False
2026-09-05T04:07:31+08:00,拉普兰德,拉普兰德,hot,13,4744,3208507,【荒芜拉普兰德】悖论模拟攻略,2025-09-07T13:01:35+00:00,380220,menthol,8,83,4,0,0,0,False,https://www.skland.com/article?id=3208507,https://strategy.skland.com/api/resources/items,skland_strategy_public_search_top20,False
2026-09-05T04:07:31+08:00,拉普兰德,拉普兰德,hot,14,2870,2356574,荒芜拉普兰德模组任务简单好抄,2024-11-01T11:36:59+00:00,248361,乌丸千岁,213,418,8,3,0,0,False,https://www.skland.com/article?id=2356574,https://strategy.skland.com/api/resources/items,skland_strategy_public_search_top20,False
2026-09-05T04:07:31+08:00,拉普兰德,拉普兰德,hot,15,2872,2356142,满级满模组专三荒芜拉普兰德实战，夸张的对群与总伤，狼群围猎！,2024-11-01T10:57:18+00:00,101387,猫柳KEE,10774,35807,666,27,0,195,False,https://www.skland.com/article?id=2356142,https://strategy.skland.com/api/resources/items,skland_strategy_public_search_top20,False
2026-09-05T04:07:31+08:00,拉普兰德,拉普兰德,time,1,5724,5583511,【矢量突破#2巫术之夜】VEC-SP05拉普兰德单核驻守,2026-02-25T18:17:21+00:00,101405,柠檬味的小小猪,339,429,63,3,0,3,True,https://www.skland.com/article?id=5583511,https://strategy.skland.com/api/resources/items,skland_strategy_public_search_top20,False
2026-09-05T04:07:31+08:00,拉普兰德,拉普兰德,time,2,5362,3419366,新人练干员二三事：歪到荒芜拉普兰德该不该练？,2025-11-12T08:35:05+00:00,844418,疯狂的僵尸王,1036,0,30,5,0,23,False,https://www.skland.com/article?id=3419366,https://strategy.skland.com/api/resources/items,skland_strategy_public_search_top20,False
2026-09-05T04:07:31+08:00,拉普兰德,拉普兰德,time,3,4744,3208507,【荒芜拉普兰德】悖论模拟攻略,2025-09-07T13:01:35+00:00,380220,menthol,8,83,4,0,0,0,False,https://www.skland.com/article?id=3208507,https://strategy.skland.com/api/resources/items,skland_strategy_public_search_top20,False
2026-09-05T04:07:31+08:00,拉普兰德,拉普兰德,time,4,3813,2918107,【矢量突破】特别战线VEC-SP12 巫术排练 稀音+拉普兰德+深靛,2025-05-22T17:53:17+00:00,2234205,皮卡丘_diandian,89,233,5,1,0,1,True,https://www.skland.com/article?id=2918107,https://strategy.skland.com/api/resources/items,skland_strategy_public_search_top20,False
2026-09-05T04:07:31+08:00,拉普兰德,拉普兰德,time,5,2631,2369774,【干员实用性测评#20】荒芜拉普兰德——驭械术师,2024-11-04T17:26:25+00:00,192588,NEKO音符社_旧,1745,1870,34,2,0,1,False,https://www.skland.com/article?id=2369774,https://strategy.skland.com/api/resources/items,skland_strategy_public_search_top20,False
2026-09-05T04:07:31+08:00,拉普兰德,拉普兰德,time,6,2623,2367241,【2024.11】模组升级-综合推荐（阿尔图罗、荒芜拉普兰德、忍冬等）,2024-11-03T16:26:59+00:00,120476,明有奇巧人,11137,0,419,331,0,38,False,https://www.skland.com/article?id=2367241,https://strategy.skland.com/api/resources/items,skland_strategy_public_search_top20,False
2026-09-05T04:07:31+08:00,拉普兰德,拉普兰德,time,7,2633,2359689,【干员实用性测评】#20荒芜拉普兰德——驭械术师,2024-11-01T21:51:09+00:00,101142,柏喙攻略组,3628,0,131,14,0,16,False,https://www.skland.com/article?id=2359689,https://strategy.skland.com/api/resources/items,skland_strategy_public_search_top20,False
2026-09-05T04:07:31+08:00,拉普兰德,拉普兰德,time,8,2584,2357264,拉普兰德异格强度评测，食用指南,2024-11-01T12:53:30+00:00,238378,星海浩瀚VU,3075,0,69,8,0,10,True,https://www.skland.com/article?id=2357264,https://strategy.skland.com/api/resources/items,skland_strategy_public_search_top20,False
2026-09-05T04:07:31+08:00,拉普兰德,拉普兰德,time,9,2870,2356574,荒芜拉普兰德模组任务简单好抄,2024-11-01T11:36:59+00:00,248361,乌丸千岁,213,418,8,3,0,0,False,https://www.skland.com/article?id=2356574,https://strategy.skland.com/api/resources/items,skland_strategy_public_search_top20,False
2026-09-05T04:07:31+08:00,拉普兰德,拉普兰德,time,10,2872,2356142,满级满模组专三荒芜拉普兰德实战，夸张的对群与总伤，狼群围猎！,2024-11-01T10:57:18+00:00,101387,猫柳KEE,10774,35807,666,27,0,195,False,https://www.skland.com/article?id=2356142,https://strategy.skland.com/api/resources/items,skland_strategy_public_search_top20,False
2026-09-05T04:07:31+08:00,拉普兰德,拉普兰德,time,11,2577,2354127,荒芜拉普兰德实战测试！感受来自术士的恐惧吧！,2024-11-01T08:59:03+00:00,101196,Q弹的羽Q,2120,5510,70,2,0,18,False,https://www.skland.com/article?id=2354127,https://strategy.skland.com/api/resources/items,skland_strategy_public_search_top20,False
2026-09-05T04:07:31+08:00,拉普兰德,拉普兰德,time,12,2574,2352721,【揭幕者们】荒芜拉普兰德实装数据简评 60s暖机，但是极限对单19w的超级大c,2024-11-01T08:06:15+00:00,101405,柠檬味的小小猪,3647,0,78,2,0,18,False,https://www.skland.com/article?id=2352721,https://strategy.skland.com/api/resources/items,skland_strategy_public_search_top20,False
2026-09-05T04:07:31+08:00,拉普兰德,拉普兰德,time,13,2570,2352396,「揭幕者们」版本干员基建技能解析（荒芜拉普兰德、忍冬、弑君者、裁度、菲莱、云迹）,2024-11-01T06:42:29+00:00,101177,BioHazard,1927,0,62,9,0,10,False,https://www.skland.com/article?id=2352396,https://strategy.skland.com/api/resources/items,skland_strategy_public_search_top20,False
2026-09-05T04:07:31+08:00,拉普兰德,拉普兰德,time,14,2565,2343051,写在叙拉古二期前，想谈谈德克萨斯和拉普兰德之间的感情,2024-10-28T06:29:15+00:00,108981,尤里,661,0,84,10,0,7,True,https://www.skland.com/article?id=2343051,https://strategy.skland.com/api/resources/items,skland_strategy_public_search_top20,False
2026-09-05T04:07:31+08:00,拉普兰德,拉普兰德,time,15,2106,2101617,【方舟五星图鉴06改】拉普兰德-德克萨斯单推人！一分钟带你认识五星干员,2024-07-26T06:05:39+00:00,101165,破灭DE旋律,1351,1344,46,9,0,0,True,https://www.skland.com/article?id=2101617,https://strategy.skland.com/api/resources/items,skland_strategy_public_search_top20,False
2026-09-05T04:07:31+08:00,斩业星熊,斩业星熊,hot,1,4163,3095396,斩业星熊·食用指南&干员养成攻略，钢铁般的女人！,2025-08-03T05:49:15+00:00,238378,星海浩瀚VU,1746,0,75,22,0,17,True,https://www.skland.com/article?id=3095396,https://strategy.skland.com/api/resources/items,skland_strategy_public_search_top20,False
2026-09-05T04:07:31+08:00,斩业星熊,斩业星熊,hot,2,4135,3086022,六星干员速评【斩业星熊】——新约能天使或成最大赢家？新熊11秒锁血18w输出,2025-08-02T06:59:40+00:00,177993,苏祁风,27067,0,355,112,0,344,True,https://www.skland.com/article?id=3086022,https://strategy.skland.com/api/resources/items,skland_strategy_public_search_top20,False
2026-09-05T04:07:31+08:00,斩业星熊,斩业星熊,hot,3,4148,3089837,1.5倍的凯尔希？顶配排班又更新了！「墟」版本基建解析（斩业星熊、遥、吉星、松桐,2025-08-02T10:36:16+00:00,273345,逻辑元LogicalByte,1667,4212,134,19,0,3,True,https://www.skland.com/article?id=3089837,https://strategy.skland.com/api/resources/items,skland_strategy_public_search_top20,False
2026-09-05T04:07:31+08:00,斩业星熊,斩业星熊,hot,4,4289,3140470,【方舟实战论127】这就是限定的实力！不死才能输出，恰好擅长不死丨斩业星熊,2025-08-17T02:22:24+00:00,244382,二色彩虹,638,1419,79,0,0,2,True,https://www.skland.com/article?id=3140470,https://strategy.skland.com/api/resources/items,skland_strategy_public_search_top20,False
2026-09-05T04:07:31+08:00,斩业星熊,斩业星熊,hot,5,4145,3085840,【墟】斩业星熊实装简评 18w法伤锁血大c！重辅真王朝了！,2025-08-02T05:48:44+00:00,101405,柠檬味的小小猪,10056,0,111,34,0,71,True,https://www.skland.com/article?id=3085840,https://strategy.skland.com/api/resources/items,skland_strategy_public_search_top20,False
2026-09-05T04:07:31+08:00,斩业星熊,斩业星熊,hot,6,4774,3242767,【三分多钟测评·斩业星熊】新神？假账？攻防一体的艺术品！,2025-09-25T06:34:38+00:00,105579,黑蓑影卫攻略组,288,574,12,1,0,0,True,https://www.skland.com/article?id=3242767,https://strategy.skland.com/api/resources/items,skland_strategy_public_search_top20,False
2026-09-05T04:07:31+08:00,斩业星熊,斩业星熊,hot,7,4486,3127159,新人练干员二三事：抽到斩业星熊该不该练？,2025-08-13T09:19:05+00:00,844418,疯狂的僵尸王,483,0,39,3,0,18,True,https://www.skland.com/article?id=3127159,https://strategy.skland.com/api/resources/items,skland_strategy_public_search_top20,False
2026-09-05T04:07:31+08:00,斩业星熊,斩业星熊,hot,8,6425,6077319,予愿安洁莉娜实装简评 会飞天的物理斩业星熊【直到大地变成一颗酸橙】,2026-08-01T08:32:37+00:00,101405,柠檬味的小小猪,311,0,12,2,0,2,True,https://www.skland.com/article?id=6077319,https://strategy.skland.com/api/resources/items,skland_strategy_public_search_top20,False
2026-09-05T04:07:31+08:00,斩业星熊,斩业星熊,hot,9,5459,3548410,【引航者试炼#6】TN-4最终试炼：斩业星熊单核+固定队伍 简单好抄,2025-12-27T12:16:54+00:00,144195,水墨云烟,92,161,4,0,0,0,True,https://www.skland.com/article?id=3548410,https://strategy.skland.com/api/resources/items,skland_strategy_public_search_top20,False
2026-09-05T04:07:31+08:00,斩业星熊,斩业星熊,hot,10,4336,3093439,凯尔希基建退役！斩业星熊&25年夏活基建技能解析,2025-08-02T17:38:05+00:00,101054,公孙长乐,7428,17126,475,48,0,13,True,https://www.skland.com/article?id=3093439,https://strategy.skland.com/api/resources/items,skland_strategy_public_search_top20,False
2026-09-05T04:07:31+08:00,斩业星熊,斩业星熊,hot,11,6296,5973710,【涤墨作战】【血刺坑道】斩业星熊单核全任务,2026-07-06T02:04:41+00:00,2234205,皮卡丘_diandian,560,3457,229,7,0,10,True,https://www.skland.com/article?id=5973710,https://strategy.skland.com/api/resources/items,skland_strategy_public_search_top20,False
2026-09-05T04:07:31+08:00,斩业星熊,斩业星熊,hot,12,5783,5643769,【十字路口】CG-7单人 斩业星熊 稳定代理刷刺球/RMA70-12,2026-03-10T07:09:56+00:00,101276,风雅荷,70,55,4,0,0,1,True,https://www.skland.com/article?id=5643769,https://strategy.skland.com/api/resources/items,skland_strategy_public_search_top20,False
2026-09-05T04:07:31+08:00,斩业星熊,斩业星熊,hot,13,4896,3289054,【反常光谱】H16-1到4一摆到底 无酒神无斩业星熊无需换人换技能简单好抄高容错,2025-10-16T16:36:42+00:00,101405,柠檬味的小小猪,709,1074,68,5,0,4,True,https://www.skland.com/article?id=3289054,https://strategy.skland.com/api/resources/items,skland_strategy_public_search_top20,False
2026-09-05T04:07:31+08:00,斩业星熊,斩业星熊,hot,14,4166,3090686,自选六星建议！斩业星熊强可抽！氪金性价比【明日方舟】理智规划活动总结 罗德岛日报,2025-08-02T11:44:37+00:00,113532,化学老施,876,2535,73,0,0,0,True,https://www.skland.com/article?id=3090686,https://strategy.skland.com/api/resources/items,skland_strategy_public_search_top20,False
2026-09-05T04:07:31+08:00,斩业星熊,斩业星熊,hot,15,6237,5928322,「落叶逐火复刻」CF-EX-8【普通+突袭】斩业星熊 单人,2026-06-15T23:25:44+00:00,2234205,皮卡丘_diandian,298,802,221,2,0,13,True,https://www.skland.com/article?id=5928322,https://strategy.skland.com/api/resources/items,skland_strategy_public_search_top20,False
2026-09-05T04:07:31+08:00,斩业星熊,斩业星熊,hot,16,5409,3521838,【未许之地】无遥无酒神无斩业星熊UR-EX-1到8突袭一摆到底 简单好抄高容错,2025-12-13T17:56:13+00:00,101405,柠檬味的小小猪,992,0,92,10,0,6,True,https://www.skland.com/article?id=3521838,https://strategy.skland.com/api/resources/items,skland_strategy_public_search_top20,False
2026-09-05T04:07:31+08:00,斩业星熊,斩业星熊,hot,17,5712,5541426,【明日方舟】【辞岁行】TA-EX-8【普通+突袭】斩业星熊 单核,2026-02-22T22:58:07+00:00,2234205,皮卡丘_diandian,1842,2776,1307,23,0,9,True,https://www.skland.com/article?id=5541426,https://strategy.skland.com/api/resources/items,skland_strategy_public_search_top20,False
2026-09-05T04:07:31+08:00,斩业星熊,斩业星熊,hot,18,5619,5259806,斩业星熊1人环烃聚质TA-9【辞岁行】堵门速刷材料攻略 明日方舟,2026-02-10T07:11:23+00:00,113532,化学老施,666,858,442,5,0,0,True,https://www.skland.com/article?id=5259806,https://strategy.skland.com/api/resources/items,skland_strategy_public_search_top20,False
2026-09-05T04:07:31+08:00,斩业星熊,斩业星熊,hot,19,5713,5534696,【辞岁行】TA-10 镇神头 斩业星熊 单核,2026-02-22T10:44:27+00:00,461067,到处找小刻吃的蜜饼,48,82,32,0,0,0,True,https://www.skland.com/article?id=5534696,https://strategy.skland.com/api/resources/items,skland_strategy_public_search_top20,False
2026-09-05T04:07:31+08:00,斩业星熊,斩业星熊,hot,20,5823,5421102,什么叫“龙门督察”只要封印1次就直接把岁相“拍”似了？（TA-10斩业星熊单人）,2026-02-15T17:32:17+00:00,115056,金传说汤面,569,829,369,2,0,4,True,https://www.skland.com/article?id=5421102,https://strategy.skland.com/api/resources/items,skland_strategy_public_search_top20,False
2026-09-05T04:07:31+08:00,斩业星熊,斩业星熊,time,1,6425,6077319,予愿安洁莉娜实装简评 会飞天的物理斩业星熊【直到大地变成一颗酸橙】,2026-08-01T08:32:37+00:00,101405,柠檬味的小小猪,311,0,12,2,0,2,True,https://www.skland.com/article?id=6077319,https://strategy.skland.com/api/resources/items,skland_strategy_public_search_top20,False
2026-09-05T04:07:31+08:00,斩业星熊,斩业星熊,time,2,6296,5973710,【涤墨作战】【血刺坑道】斩业星熊单核全任务,2026-07-06T02:04:41+00:00,2234205,皮卡丘_diandian,560,3457,229,7,0,10,True,https://www.skland.com/article?id=5973710,https://strategy.skland.com/api/resources/items,skland_strategy_public_search_top20,False
2026-09-05T04:07:31+08:00,斩业星熊,斩业星熊,time,3,6237,5928322,「落叶逐火复刻」CF-EX-8【普通+突袭】斩业星熊 单人,2026-06-15T23:25:44+00:00,2234205,皮卡丘_diandian,298,802,221,2,0,13,True,https://www.skland.com/article?id=5928322,https://strategy.skland.com/api/resources/items,skland_strategy_public_search_top20,False
2026-09-05T04:07:31+08:00,斩业星熊,斩业星熊,time,4,5783,5643769,【十字路口】CG-7单人 斩业星熊 稳定代理刷刺球/RMA70-12,2026-03-10T07:09:56+00:00,101276,风雅荷,70,55,4,0,0,1,True,https://www.skland.com/article?id=5643769,https://strategy.skland.com/api/resources/items,skland_strategy_public_search_top20,False
2026-09-05T04:07:31+08:00,斩业星熊,斩业星熊,time,5,5712,5541426,【明日方舟】【辞岁行】TA-EX-8【普通+突袭】斩业星熊 单核,2026-02-22T22:58:07+00:00,2234205,皮卡丘_diandian,1842,2776,1307,23,0,9,True,https://www.skland.com/article?id=5541426,https://strategy.skland.com/api/resources/items,skland_strategy_public_search_top20,False
2026-09-05T04:07:31+08:00,斩业星熊,斩业星熊,time,6,5713,5534696,【辞岁行】TA-10 镇神头 斩业星熊 单核,2026-02-22T10:44:27+00:00,461067,到处找小刻吃的蜜饼,48,82,32,0,0,0,True,https://www.skland.com/article?id=5534696,https://strategy.skland.com/api/resources/items,skland_strategy_public_search_top20,False
2026-09-05T04:07:31+08:00,斩业星熊,斩业星熊,time,7,5823,5421102,什么叫“龙门督察”只要封印1次就直接把岁相“拍”似了？（TA-10斩业星熊单人）,2026-02-15T17:32:17+00:00,115056,金传说汤面,569,829,369,2,0,4,True,https://www.skland.com/article?id=5421102,https://strategy.skland.com/api/resources/items,skland_strategy_public_search_top20,False
2026-09-05T04:07:31+08:00,斩业星熊,斩业星熊,time,8,5619,5259806,斩业星熊1人环烃聚质TA-9【辞岁行】堵门速刷材料攻略 明日方舟,2026-02-10T07:11:23+00:00,113532,化学老施,666,858,442,5,0,0,True,https://www.skland.com/article?id=5259806,https://strategy.skland.com/api/resources/items,skland_strategy_public_search_top20,False
2026-09-05T04:07:31+08:00,斩业星熊,斩业星熊,time,9,5459,3548410,【引航者试炼#6】TN-4最终试炼：斩业星熊单核+固定队伍 简单好抄,2025-12-27T12:16:54+00:00,144195,水墨云烟,92,161,4,0,0,0,True,https://www.skland.com/article?id=3548410,https://strategy.skland.com/api/resources/items,skland_strategy_public_search_top20,False
2026-09-05T04:07:31+08:00,斩业星熊,斩业星熊,time,10,5525,3526785,【未许之地】UR-EX-8 天空井 斩业星熊 电弧 双核,2025-12-16T15:36:40+00:00,461067,到处找小刻吃的蜜饼,83,438,14,0,0,3,True,https://www.skland.com/article?id=3526785,https://strategy.skland.com/api/resources/items,skland_strategy_public_search_top20,False
2026-09-05T04:07:31+08:00,斩业星熊,斩业星熊,time,11,5409,3521838,【未许之地】无遥无酒神无斩业星熊UR-EX-1到8突袭一摆到底 简单好抄高容错,2025-12-13T17:56:13+00:00,101405,柠檬味的小小猪,992,0,92,10,0,6,True,https://www.skland.com/article?id=3521838,https://strategy.skland.com/api/resources/items,skland_strategy_public_search_top20,False
2026-09-05T04:07:31+08:00,斩业星熊,斩业星熊,time,12,5383,3389192,斩业星熊模组任务一次双任务简单好抄攻略4k超清【明日方舟】,2025-11-04T02:22:05+00:00,248361,乌丸千岁,49,87,4,1,0,2,True,https://www.skland.com/article?id=3389192,https://strategy.skland.com/api/resources/items,skland_strategy_public_search_top20,False
2026-09-05T04:07:31+08:00,斩业星熊,斩业星熊,time,13,4896,3289054,【反常光谱】H16-1到4一摆到底 无酒神无斩业星熊无需换人换技能简单好抄高容错,2025-10-16T16:36:42+00:00,101405,柠檬味的小小猪,709,1074,68,5,0,4,True,https://www.skland.com/article?id=3289054,https://strategy.skland.com/api/resources/items,skland_strategy_public_search_top20,False
2026-09-05T04:07:31+08:00,斩业星熊,斩业星熊,time,14,4774,3242767,【三分多钟测评·斩业星熊】新神？假账？攻防一体的艺术品！,2025-09-25T06:34:38+00:00,105579,黑蓑影卫攻略组,288,574,12,1,0,0,True,https://www.skland.com/article?id=3242767,https://strategy.skland.com/api/resources/items,skland_strategy_public_search_top20,False
2026-09-05T04:07:31+08:00,斩业星熊,斩业星熊,time,15,4289,3140470,【方舟实战论127】这就是限定的实力！不死才能输出，恰好擅长不死丨斩业星熊,2025-08-17T02:22:24+00:00,244382,二色彩虹,638,1419,79,0,0,2,True,https://www.skland.com/article?id=3140470,https://strategy.skland.com/api/resources/items,skland_strategy_public_search_top20,False
2026-09-05T04:07:31+08:00,斩业星熊,斩业星熊,time,16,4486,3127159,新人练干员二三事：抽到斩业星熊该不该练？,2025-08-13T09:19:05+00:00,844418,疯狂的僵尸王,483,0,39,3,0,18,True,https://www.skland.com/article?id=3127159,https://strategy.skland.com/api/resources/items,skland_strategy_public_search_top20,False
2026-09-05T04:07:31+08:00,斩业星熊,斩业星熊,time,17,4163,3095396,斩业星熊·食用指南&干员养成攻略，钢铁般的女人！,2025-08-03T05:49:15+00:00,238378,星海浩瀚VU,1746,0,75,22,0,17,True,https://www.skland.com/article?id=3095396,https://strategy.skland.com/api/resources/items,skland_strategy_public_search_top20,False
2026-09-05T04:07:31+08:00,斩业星熊,斩业星熊,time,18,4336,3093439,凯尔希基建退役！斩业星熊&25年夏活基建技能解析,2025-08-02T17:38:05+00:00,101054,公孙长乐,7428,17126,475,48,0,13,True,https://www.skland.com/article?id=3093439,https://strategy.skland.com/api/resources/items,skland_strategy_public_search_top20,False
2026-09-05T04:07:31+08:00,斩业星熊,斩业星熊,time,19,4166,3090686,自选六星建议！斩业星熊强可抽！氪金性价比【明日方舟】理智规划活动总结 罗德岛日报,2025-08-02T11:44:37+00:00,113532,化学老施,876,2535,73,0,0,0,True,https://www.skland.com/article?id=3090686,https://strategy.skland.com/api/resources/items,skland_strategy_public_search_top20,False
2026-09-05T04:07:31+08:00,斩业星熊,斩业星熊,time,20,4148,3089837,1.5倍的凯尔希？顶配排班又更新了！「墟」版本基建解析（斩业星熊、遥、吉星、松桐,2025-08-02T10:36:16+00:00,273345,逻辑元LogicalByte,1667,4212,134,19,0,3,True,https://www.skland.com/article?id=3089837,https://strategy.skland.com/api/resources/items,skland_strategy_public_search_top20,False
2026-09-05T04:07:31+08:00,斯卡蒂,斯卡蒂,hot,1,421,197666,手把手教你玩深海猎人——斯卡蒂篇,2023-10-18T12:19:45+00:00,101216,Sika今天在摸鱼吗,6512,0,191,104,0,32,True,https://www.skland.com/article?id=197666,https://strategy.skland.com/api/resources/items,skland_strategy_public_search_top20,False
2026-09-05T04:07:31+08:00,斯卡蒂,斯卡蒂,hot,2,678,1420587,【浊心斯卡蒂】时过境迁，如今的蒂蒂强度究竟如何？三千字测评告诉你答案！,2023-12-16T14:11:10+00:00,544842,多索雷斯女王,3852,0,148,28,0,41,False,https://www.skland.com/article?id=1420587,https://strategy.skland.com/api/resources/items,skland_strategy_public_search_top20,False
2026-09-05T04:07:31+08:00,斯卡蒂,斯卡蒂,hot,3,215,113465,六星干员攻略（斯卡蒂）,2023-09-01T20:22:29+00:00,156545,铃兰桑的欧尼酱,4687,0,31,23,0,11,True,https://www.skland.com/article?id=113465,https://strategy.skland.com/api/resources/items,skland_strategy_public_search_top20,False
2026-09-05T04:07:31+08:00,斯卡蒂,斯卡蒂,hot,4,562,1346136,浊心斯卡蒂强度演变史,2023-11-18T03:30:50+00:00,131475,逸天神龙,15204,0,1680,246,0,291,False,https://www.skland.com/article?id=1346136,https://strategy.skland.com/api/resources/items,skland_strategy_public_search_top20,False
2026-09-05T04:07:31+08:00,斯卡蒂,斯卡蒂,hot,5,2470,2312242,【2024.10】模组升级-综合推荐（浊心斯卡蒂、魔王、号角、白铁）,2024-10-12T17:23:11+00:00,120476,明有奇巧人,7433,0,202,157,0,18,False,https://www.skland.com/article?id=2312242,https://strategy.skland.com/api/resources/items,skland_strategy_public_search_top20,False
2026-09-05T04:07:31+08:00,斯卡蒂,斯卡蒂,hot,6,1571,1982692,生路BR-7扭转醇少人速刷信赖点位（逻各斯logos，浊心斯卡蒂核心）,2024-06-05T09:08:34+00:00,696823,刑崽崽,83,0,6,0,0,4,False,https://www.skland.com/article?id=1982692,https://strategy.skland.com/api/resources/items,skland_strategy_public_search_top20,False
2026-09-05T04:07:31+08:00,斯卡蒂,斯卡蒂,hot,7,1572,1982819,生路BP-6糖组少人速刷信赖攻略（逻各斯，浊心斯卡蒂，羊核心）,2024-06-05T09:23:01+00:00,696823,刑崽崽,103,0,5,0,0,3,False,https://www.skland.com/article?id=1982819,https://strategy.skland.com/api/resources/items,skland_strategy_public_search_top20,False
2026-09-05T04:07:31+08:00,斯卡蒂,斯卡蒂,hot,8,4844,3233366,【攻略补全计划】斯卡蒂—悖论模拟,2025-09-20T15:16:47+00:00,127231,山桜,38,42,7,1,0,0,True,https://www.skland.com/article?id=3233366,https://strategy.skland.com/api/resources/items,skland_strategy_public_search_top20,False
2026-09-05T04:07:31+08:00,斯卡蒂,斯卡蒂,hot,9,4413,3176989,【斯卡蒂】悖论模拟攻略,2025-08-29T10:07:36+00:00,380220,menthol,45,200,7,0,0,0,True,https://www.skland.com/article?id=3176989,https://strategy.skland.com/api/resources/items,skland_strategy_public_search_top20,False
2026-09-05T04:07:31+08:00,斯卡蒂,斯卡蒂,time,1,4844,3233366,【攻略补全计划】斯卡蒂—悖论模拟,2025-09-20T15:16:47+00:00,127231,山桜,38,42,7,1,0,0,True,https://www.skland.com/article?id=3233366,https://strategy.skland.com/api/resources/items,skland_strategy_public_search_top20,False
2026-09-05T04:07:31+08:00,斯卡蒂,斯卡蒂,time,2,4413,3176989,【斯卡蒂】悖论模拟攻略,2025-08-29T10:07:36+00:00,380220,menthol,45,200,7,0,0,0,True,https://www.skland.com/article?id=3176989,https://strategy.skland.com/api/resources/items,skland_strategy_public_search_top20,False
2026-09-05T04:07:31+08:00,斯卡蒂,斯卡蒂,time,3,2470,2312242,【2024.10】模组升级-综合推荐（浊心斯卡蒂、魔王、号角、白铁）,2024-10-12T17:23:11+00:00,120476,明有奇巧人,7433,0,202,157,0,18,False,https://www.skland.com/article?id=2312242,https://strategy.skland.com/api/resources/items,skland_strategy_public_search_top20,False
2026-09-05T04:07:31+08:00,斯卡蒂,斯卡蒂,time,4,1572,1982819,生路BP-6糖组少人速刷信赖攻略（逻各斯，浊心斯卡蒂，羊核心）,2024-06-05T09:23:01+00:00,696823,刑崽崽,103,0,5,0,0,3,False,https://www.skland.com/article?id=1982819,https://strategy.skland.com/api/resources/items,skland_strategy_public_search_top20,False
2026-09-05T04:07:31+08:00,斯卡蒂,斯卡蒂,time,5,1571,1982692,生路BR-7扭转醇少人速刷信赖点位（逻各斯logos，浊心斯卡蒂核心）,2024-06-05T09:08:34+00:00,696823,刑崽崽,83,0,6,0,0,4,False,https://www.skland.com/article?id=1982692,https://strategy.skland.com/api/resources/items,skland_strategy_public_search_top20,False
2026-09-05T04:07:31+08:00,斯卡蒂,斯卡蒂,time,6,678,1420587,【浊心斯卡蒂】时过境迁，如今的蒂蒂强度究竟如何？三千字测评告诉你答案！,2023-12-16T14:11:10+00:00,544842,多索雷斯女王,3852,0,148,28,0,41,False,https://www.skland.com/article?id=1420587,https://strategy.skland.com/api/resources/items,skland_strategy_public_search_top20,False
2026-09-05T04:07:31+08:00,斯卡蒂,斯卡蒂,time,7,562,1346136,浊心斯卡蒂强度演变史,2023-11-18T03:30:50+00:00,131475,逸天神龙,15204,0,1680,246,0,291,False,https://www.skland.com/article?id=1346136,https://strategy.skland.com/api/resources/items,skland_strategy_public_search_top20,False
2026-09-05T04:07:31+08:00,斯卡蒂,斯卡蒂,time,8,421,197666,手把手教你玩深海猎人——斯卡蒂篇,2023-10-18T12:19:45+00:00,101216,Sika今天在摸鱼吗,6512,0,191,104,0,32,True,https://www.skland.com/article?id=197666,https://strategy.skland.com/api/resources/items,skland_strategy_public_search_top20,False
2026-09-05T04:07:31+08:00,斯卡蒂,斯卡蒂,time,9,215,113465,六星干员攻略（斯卡蒂）,2023-09-01T20:22:29+00:00,156545,铃兰桑的欧尼酱,4687,0,31,23,0,11,True,https://www.skland.com/article?id=113465,https://strategy.skland.com/api/resources/items,skland_strategy_public_search_top20,False
2026-09-05T04:07:31+08:00,新约能天使,新约能天使,hot,1,3609,2836079,六星干员速评【新约能天使】——总伤16w时代来临，输出绝活两开花,2025-05-01T04:26:43+00:00,177993,苏祁风,12392,0,117,46,0,85,True,https://www.skland.com/article?id=2836079,https://strategy.skland.com/api/resources/items,skland_strategy_public_search_top20,False
2026-09-05T04:07:31+08:00,新约能天使,新约能天使,hot,2,3756,2883338,【干员速评】#27新约能天使——怪杰,2025-05-12T06:38:43+00:00,101142,柏喙攻略组,1227,0,23,6,0,2,True,https://www.skland.com/article?id=2883338,https://strategy.skland.com/api/resources/items,skland_strategy_public_search_top20,False
2026-09-05T04:07:31+08:00,新约能天使,新约能天使,hot,3,3614,2837070,【众生游记】新约能天使实装简评 双技能16w总伤1wdps 物理输出新纪元！,2025-05-01T08:09:28+00:00,101405,柠檬味的小小猪,5487,0,54,9,0,21,True,https://www.skland.com/article?id=2837070,https://strategy.skland.com/api/resources/items,skland_strategy_public_search_top20,False
2026-09-05T04:07:31+08:00,新约能天使,新约能天使,hot,4,3657,2856518,六星干员攻略（新约能天使）,2025-05-03T15:35:58+00:00,156545,铃兰桑的欧尼酱,1444,0,24,5,0,4,True,https://www.skland.com/article?id=2856518,https://strategy.skland.com/api/resources/items,skland_strategy_public_search_top20,False
2026-09-05T04:07:31+08:00,新约能天使,新约能天使,hot,5,4135,3086022,六星干员速评【斩业星熊】——新约能天使或成最大赢家？新熊11秒锁血18w输出,2025-08-02T06:59:40+00:00,177993,苏祁风,27067,0,355,112,0,344,True,https://www.skland.com/article?id=3086022,https://strategy.skland.com/api/resources/items,skland_strategy_public_search_top20,False
2026-09-05T04:07:31+08:00,新约能天使,新约能天使,hot,6,3792,2913467,【2025.05】模组升级-综合推荐（玛恩纳、新约能天使、蕾缪安、信仰搅拌机等）,2025-05-20T23:44:16+00:00,120476,明有奇巧人,17953,0,519,538,0,39,True,https://www.skland.com/article?id=2913467,https://strategy.skland.com/api/resources/items,skland_strategy_public_search_top20,False
2026-09-05T04:07:31+08:00,新约能天使,新约能天使,hot,7,3755,2883135,【方舟实战论123】这就是开服元老的实力！拐天使回归，机制怪+数值怪丨新约能天使,2025-05-12T04:56:10+00:00,244382,二色彩虹,4943,4216,190,24,0,8,True,https://www.skland.com/article?id=2883135,https://strategy.skland.com/api/resources/items,skland_strategy_public_search_top20,False
2026-09-05T04:07:31+08:00,新约能天使,新约能天使,hot,8,3728,2873358,崭新机制！强度上限全看博士想象力？！【新约能天使深度测评】,2025-05-08T14:59:11+00:00,105579,黑蓑影卫攻略组,411,408,13,3,0,1,True,https://www.skland.com/article?id=2873358,https://strategy.skland.com/api/resources/items,skland_strategy_public_search_top20,False
2026-09-05T04:07:31+08:00,新约能天使,新约能天使,hot,9,5665,3589104,打破桎梏的新时代怪杰！新约能天使：数值与机制并存的超模干员,2026-01-14T08:29:32+00:00,101387,猫柳KEE,671,712,52,2,0,1,True,https://www.skland.com/article?id=3589104,https://strategy.skland.com/api/resources/items,skland_strategy_public_search_top20,False
2026-09-05T04:07:31+08:00,新约能天使,新约能天使,hot,10,3660,2860365,新约能天使不算拉特兰？活动室要造吗？「众生行记」版本干员基建技能解析,2025-05-04T14:41:55+00:00,101177,BioHazard,718,0,18,7,0,0,True,https://www.skland.com/article?id=2860365,https://strategy.skland.com/api/resources/items,skland_strategy_public_search_top20,False
2026-09-05T04:07:31+08:00,新约能天使,新约能天使,hot,11,3985,2991337,【引航者试炼#5】TN-3恢弘试炼 新约能天使单核攻略,2025-06-24T18:32:32+00:00,544842,多索雷斯女王,256,0,26,1,0,1,True,https://www.skland.com/article?id=2991337,https://strategy.skland.com/api/resources/items,skland_strategy_public_search_top20,False
2026-09-05T04:07:31+08:00,新约能天使,新约能天使,hot,12,3930,2893681,福音摇滚！——新约能天使突袭CB-EX-8,2025-05-15T16:40:28+00:00,113106,夜岚云茶馆,75,148,46,0,0,4,True,https://www.skland.com/article?id=2893681,https://strategy.skland.com/api/resources/items,skland_strategy_public_search_top20,False
2026-09-05T04:07:31+08:00,新约能天使,新约能天使,hot,13,3926,2852350,MT-10新约能天使单核,2025-05-02T17:40:53+00:00,859066,红唯老贼别摸鱼了,124,542,10,1,0,6,True,https://www.skland.com/article?id=2852350,https://strategy.skland.com/api/resources/items,skland_strategy_public_search_top20,False
2026-09-05T04:07:31+08:00,新约能天使,新约能天使,hot,14,3927,2849876,MT-9新约能天使,2025-05-02T08:56:23+00:00,859066,红唯老贼别摸鱼了,15,55,4,0,0,0,True,https://www.skland.com/article?id=2849876,https://strategy.skland.com/api/resources/items,skland_strategy_public_search_top20,False
2026-09-05T04:07:31+08:00,新约能天使,新约能天使,hot,15,3905,2849666,【众生行记】 MT-10 新约能天使加精二蛇屠箱 1.5核,2025-05-02T08:15:04+00:00,461067,到处找小刻吃的蜜饼,73,247,9,3,0,3,True,https://www.skland.com/article?id=2849666,https://strategy.skland.com/api/resources/items,skland_strategy_public_search_top20,False
2026-09-05T04:07:31+08:00,新约能天使,新约能天使,hot,16,3903,2844593,【众生行记】MT-8 新约能天使 单核（蚀刻章）,2025-05-01T14:29:52+00:00,461067,到处找小刻吃的蜜饼,62,222,9,1,0,2,True,https://www.skland.com/article?id=2844593,https://strategy.skland.com/api/resources/items,skland_strategy_public_search_top20,False
2026-09-05T04:07:31+08:00,新约能天使,新约能天使,time,1,5665,3589104,打破桎梏的新时代怪杰！新约能天使：数值与机制并存的超模干员,2026-01-14T08:29:32+00:00,101387,猫柳KEE,671,712,52,2,0,1,True,https://www.skland.com/article?id=3589104,https://strategy.skland.com/api/resources/items,skland_strategy_public_search_top20,False
2026-09-05T04:07:31+08:00,新约能天使,新约能天使,time,2,4135,3086022,六星干员速评【斩业星熊】——新约能天使或成最大赢家？新熊11秒锁血18w输出,2025-08-02T06:59:40+00:00,177993,苏祁风,27067,0,355,112,0,344,True,https://www.skland.com/article?id=3086022,https://strategy.skland.com/api/resources/items,skland_strategy_public_search_top20,False
2026-09-05T04:07:31+08:00,新约能天使,新约能天使,time,3,3985,2991337,【引航者试炼#5】TN-3恢弘试炼 新约能天使单核攻略,2025-06-24T18:32:32+00:00,544842,多索雷斯女王,256,0,26,1,0,1,True,https://www.skland.com/article?id=2991337,https://strategy.skland.com/api/resources/items,skland_strategy_public_search_top20,False
2026-09-05T04:07:31+08:00,新约能天使,新约能天使,time,4,3792,2913467,【2025.05】模组升级-综合推荐（玛恩纳、新约能天使、蕾缪安、信仰搅拌机等）,2025-05-20T23:44:16+00:00,120476,明有奇巧人,17953,0,519,538,0,39,True,https://www.skland.com/article?id=2913467,https://strategy.skland.com/api/resources/items,skland_strategy_public_search_top20,False
2026-09-05T04:07:31+08:00,新约能天使,新约能天使,time,5,3930,2893681,福音摇滚！——新约能天使突袭CB-EX-8,2025-05-15T16:40:28+00:00,113106,夜岚云茶馆,75,148,46,0,0,4,True,https://www.skland.com/article?id=2893681,https://strategy.skland.com/api/resources/items,skland_strategy_public_search_top20,False
2026-09-05T04:07:31+08:00,新约能天使,新约能天使,time,6,3756,2883338,【干员速评】#27新约能天使——怪杰,2025-05-12T06:38:43+00:00,101142,柏喙攻略组,1227,0,23,6,0,2,True,https://www.skland.com/article?id=2883338,https://strategy.skland.com/api/resources/items,skland_strategy_public_search_top20,False
2026-09-05T04:07:31+08:00,新约能天使,新约能天使,time,7,3755,2883135,【方舟实战论123】这就是开服元老的实力！拐天使回归，机制怪+数值怪丨新约能天使,2025-05-12T04:56:10+00:00,244382,二色彩虹,4943,4216,190,24,0,8,True,https://www.skland.com/article?id=2883135,https://strategy.skland.com/api/resources/items,skland_strategy_public_search_top20,False
2026-09-05T04:07:31+08:00,新约能天使,新约能天使,time,8,3728,2873358,崭新机制！强度上限全看博士想象力？！【新约能天使深度测评】,2025-05-08T14:59:11+00:00,105579,黑蓑影卫攻略组,411,408,13,3,0,1,True,https://www.skland.com/article?id=2873358,https://strategy.skland.com/api/resources/items,skland_strategy_public_search_top20,False
2026-09-05T04:07:31+08:00,新约能天使,新约能天使,time,9,3660,2860365,新约能天使不算拉特兰？活动室要造吗？「众生行记」版本干员基建技能解析,2025-05-04T14:41:55+00:00,101177,BioHazard,718,0,18,7,0,0,True,https://www.skland.com/article?id=2860365,https://strategy.skland.com/api/resources/items,skland_strategy_public_search_top20,False
2026-09-05T04:07:31+08:00,新约能天使,新约能天使,time,10,3657,2856518,六星干员攻略（新约能天使）,2025-05-03T15:35:58+00:00,156545,铃兰桑的欧尼酱,1444,0,24,5,0,4,True,https://www.skland.com/article?id=2856518,https://strategy.skland.com/api/resources/items,skland_strategy_public_search_top20,False
2026-09-05T04:07:31+08:00,新约能天使,新约能天使,time,11,3926,2852350,MT-10新约能天使单核,2025-05-02T17:40:53+00:00,859066,红唯老贼别摸鱼了,124,542,10,1,0,6,True,https://www.skland.com/article?id=2852350,https://strategy.skland.com/api/resources/items,skland_strategy_public_search_top20,False
2026-09-05T04:07:31+08:00,新约能天使,新约能天使,time,12,3927,2849876,MT-9新约能天使,2025-05-02T08:56:23+00:00,859066,红唯老贼别摸鱼了,15,55,4,0,0,0,True,https://www.skland.com/article?id=2849876,https://strategy.skland.com/api/resources/items,skland_strategy_public_search_top20,False
2026-09-05T04:07:31+08:00,新约能天使,新约能天使,time,13,3905,2849666,【众生行记】 MT-10 新约能天使加精二蛇屠箱 1.5核,2025-05-02T08:15:04+00:00,461067,到处找小刻吃的蜜饼,73,247,9,3,0,3,True,https://www.skland.com/article?id=2849666,https://strategy.skland.com/api/resources/items,skland_strategy_public_search_top20,False
2026-09-05T04:07:31+08:00,新约能天使,新约能天使,time,14,3903,2844593,【众生行记】MT-8 新约能天使 单核（蚀刻章）,2025-05-01T14:29:52+00:00,461067,到处找小刻吃的蜜饼,62,222,9,1,0,2,True,https://www.skland.com/article?id=2844593,https://strategy.skland.com/api/resources/items,skland_strategy_public_search_top20,False
2026-09-05T04:07:31+08:00,新约能天使,新约能天使,time,15,3614,2837070,【众生游记】新约能天使实装简评 双技能16w总伤1wdps 物理输出新纪元！,2025-05-01T08:09:28+00:00,101405,柠檬味的小小猪,5487,0,54,9,0,21,True,https://www.skland.com/article?id=2837070,https://strategy.skland.com/api/resources/items,skland_strategy_public_search_top20,False
2026-09-05T04:07:31+08:00,新约能天使,新约能天使,time,16,3609,2836079,六星干员速评【新约能天使】——总伤16w时代来临，输出绝活两开花,2025-05-01T04:26:43+00:00,177993,苏祁风,12392,0,117,46,0,85,True,https://www.skland.com/article?id=2836079,https://strategy.skland.com/api/resources/items,skland_strategy_public_search_top20,False
2026-09-05T04:07:31+08:00,望,望,hot,1,5734,5612947,界园N18 望 开局代理人分队运营攻略②前期运营策略,2026-02-28T09:48:08+00:00,105671,被子没叠,1623,0,26,27,0,11,False,https://www.skland.com/article?id=5612947,https://strategy.skland.com/api/resources/items,skland_strategy_public_search_top20,False
2026-09-05T04:07:31+08:00,望,望,hot,2,380,190145,【烁尘烟中】赫德雷角色评测——萨卡兹的希望之花，盛开于战场之上,2023-10-11T22:31:53+00:00,105671,被子没叠,2407,0,33,4,0,28,False,https://www.skland.com/article?id=190145,https://strategy.skland.com/api/resources/items,skland_strategy_public_search_top20,False
2026-09-05T04:07:31+08:00,望,望,hot,3,5689,5483268,【傀影肉鸽/新人向】曾经的N15噩梦，现在人人皆可通关！望单核 N15全流程攻略,2026-02-19T04:11:53+00:00,544842,多索雷斯女王,5506,0,1119,264,0,50,False,https://www.skland.com/article?id=5483268,https://strategy.skland.com/api/resources/items,skland_strategy_public_search_top20,False
2026-09-05T04:07:31+08:00,望,望,hot,4,5728,5588426,【岁的界园志异】N18望开局代理人分队运营攻略① 环境综述,2026-02-26T07:44:49+00:00,105671,被子没叠,1319,0,32,16,0,4,False,https://www.skland.com/article?id=5588426,https://strategy.skland.com/api/resources/items,skland_strategy_public_search_top20,False
2026-09-05T04:07:31+08:00,望,望,hot,5,5604,5240098,一图流测评【望】——围棋戴尔！拥有8炮的散装爆裂黎明！,2026-02-09T17:39:50+00:00,177993,苏祁风,78266,0,42826,432,0,272,True,https://www.skland.com/article?id=5240098,https://strategy.skland.com/api/resources/items,skland_strategy_public_search_top20,False
2026-09-05T04:07:31+08:00,望,望,hot,6,5616,5266953,望到底有多恐怖？！围神来了！地雷对空，直接吓哭！,2026-02-10T11:05:38+00:00,101066,泥萌都是托,13809,13732,8036,118,0,43,False,https://www.skland.com/article?id=5266953,https://strategy.skland.com/api/resources/items,skland_strategy_public_search_top20,False
2026-09-05T04:07:31+08:00,望,望,hot,7,4101,3051323,一点希望都不想用的万用冷门神人开局（持续更新）【岁的界园志异】,2025-07-22T13:50:30+00:00,104927,御剑_天下,674,0,11,6,0,4,False,https://www.skland.com/article?id=3051323,https://strategy.skland.com/api/resources/items,skland_strategy_public_search_top20,False
2026-09-05T04:07:31+08:00,望,望,hot,8,5605,5255008,【辞岁行】望实装简评 新神已至！1wDPS20w总伤的围棋戴尔！,2026-02-10T05:12:17+00:00,101405,柠檬味的小小猪,6023,0,2309,36,0,18,False,https://www.skland.com/article?id=5255008,https://strategy.skland.com/api/resources/items,skland_strategy_public_search_top20,False
2026-09-05T04:07:31+08:00,望,望,hot,9,2760,2369322,神坛闲聊：九倍的光和希望，九冠的高端局常客,2024-11-04T14:29:25+00:00,844418,疯狂的僵尸王,1006,0,172,4,0,44,False,https://www.skland.com/article?id=2369322,https://strategy.skland.com/api/resources/items,skland_strategy_public_search_top20,False
2026-09-05T04:07:31+08:00,望,望,hot,10,4097,3040112,界园肉鸽第三结局boss“望”通关攻略&解锁技巧,2025-07-18T06:38:34+00:00,238378,星海浩瀚VU,839,0,17,13,0,2,False,https://www.skland.com/article?id=3040112,https://strategy.skland.com/api/resources/items,skland_strategy_public_search_top20,False
2026-09-05T04:07:31+08:00,望,望,hot,11,5695,5529311,【方舟实战论135】这就是棋神的实力！数值盖过缺点，机制超越操作丨望,2026-02-22T03:08:24+00:00,244382,二色彩虹,470,369,51,3,0,2,False,https://www.skland.com/article?id=5529311,https://strategy.skland.com/api/resources/items,skland_strategy_public_search_top20,False
2026-09-05T04:07:31+08:00,望,望,hot,12,5643,5302456,一图流测评【风絮】——医疗新分支守望者，可以飞的奶妈,2026-02-11T13:44:54+00:00,177993,苏祁风,4025,0,1288,17,0,25,False,https://www.skland.com/article?id=5302456,https://strategy.skland.com/api/resources/items,skland_strategy_public_search_top20,False
2026-09-05T04:07:31+08:00,望,望,hot,13,4179,3101142,【墟】相谈室御影攻略机制说明和表格-信任、兴味、焦虑、望气说明、闲言碎语获取,2025-08-04T14:55:37+00:00,160688,闻战思凡,376,528,8,2,0,3,False,https://www.skland.com/article?id=3101142,https://strategy.skland.com/api/resources/items,skland_strategy_public_search_top20,False
2026-09-05T04:07:31+08:00,望,望,hot,14,5641,5279640,晓歌 Pro Plus 登场！「辞岁行」基建解析（望、赤刃明霄陈、风絮、矩）,2026-02-10T17:41:08+00:00,101177,BioHazard,3840,0,272,30,0,1,False,https://www.skland.com/article?id=5279640,https://strategy.skland.com/api/resources/items,skland_strategy_public_search_top20,False
2026-09-05T04:07:31+08:00,望,望,hot,15,5967,5755007,明日方舟「人们我们」PA-EX-8 普通+突袭 圣聆初雪+望 双核,2026-04-15T03:12:41+00:00,2234205,皮卡丘_diandian,530,1059,233,5,0,9,False,https://www.skland.com/article?id=5755007,https://strategy.skland.com/api/resources/items,skland_strategy_public_search_top20,False
2026-09-05T04:07:31+08:00,望,望,hot,16,6082,5840694,「相变临界」H17-4望+逻各斯 双核,2026-05-09T05:37:05+00:00,2234205,皮卡丘_diandian,670,1831,314,6,0,8,False,https://www.skland.com/article?id=5840694,https://strategy.skland.com/api/resources/items,skland_strategy_public_search_top20,False
2026-09-05T04:07:31+08:00,望,望,hot,17,66,26979,【模组最后一次前瞻】数值分析与展望,2023-08-01T04:37:32+00:00,108981,尤里,1073,0,21,3,0,2,False,https://www.skland.com/article?id=26979,https://strategy.skland.com/api/resources/items,skland_strategy_public_search_top20,False
2026-09-05T04:07:31+08:00,望,望,hot,18,2081,2199403,保全派驻 交战荒野 皇家科学院望远镜 菲亚梅塔+刘明+赛雷娅+泥岩  四人队攻略,2024-08-22T04:26:56+00:00,380220,menthol,129,0,6,0,0,2,False,https://www.skland.com/article?id=2199403,https://strategy.skland.com/api/resources/items,skland_strategy_public_search_top20,False
2026-09-05T04:07:31+08:00,望,望,hot,19,5910,5735759,M3望异拉3人晶体元件PA-8【人们，我们】速刷材料攻略 明日方舟,2026-04-07T08:12:06+00:00,113532,化学老施,268,532,42,0,0,1,False,https://www.skland.com/article?id=5735759,https://strategy.skland.com/api/resources/items,skland_strategy_public_search_top20,False
2026-09-05T04:07:31+08:00,望,望,hot,20,6396,6045503,「默祷圣祠」萌新攻略 望单核 语音详解,2026-07-27T00:52:54+00:00,210165,年宝龙泡泡,407,2096,139,11,0,10,False,https://www.skland.com/article?id=6045503,https://strategy.skland.com/api/resources/items,skland_strategy_public_search_top20,False
2026-09-05T04:07:31+08:00,望,望,time,1,6396,6045503,「默祷圣祠」萌新攻略 望单核 语音详解,2026-07-27T00:52:54+00:00,210165,年宝龙泡泡,407,2096,139,11,0,10,False,https://www.skland.com/article?id=6045503,https://strategy.skland.com/api/resources/items,skland_strategy_public_search_top20,False
2026-09-05T04:07:31+08:00,望,望,time,2,6335,5990475,【丛林症结】望单人自忍 BD-8,2026-07-12T17:28:52+00:00,108602,哈蒙德,67,329,11,0,0,0,False,https://www.skland.com/article?id=5990475,https://strategy.skland.com/api/resources/items,skland_strategy_public_search_top20,False
2026-09-05T04:07:31+08:00,望,望,time,3,6353,5954695,【涤墨作战】旗帜 可露希尔加望,2026-06-27T04:06:42+00:00,461067,到处找小刻吃的蜜饼,23,127,7,0,0,0,False,https://www.skland.com/article?id=5954695,https://strategy.skland.com/api/resources/items,skland_strategy_public_search_top20,False
2026-09-05T04:07:31+08:00,望,望,time,4,6265,5951877,涤墨作战620 望望雪雪双人 简单好抄,2026-06-26T09:35:03+00:00,140204,NNNotou,6077,12211,673,339,0,62,False,https://www.skland.com/article?id=5951877,https://strategy.skland.com/api/resources/items,skland_strategy_public_search_top20,False
2026-09-05T04:07:31+08:00,望,望,time,5,6349,5926706,【单人CF-EX-8突袭】别逗你望哥笑了,2026-06-15T09:14:05+00:00,185427,Kelin,26,135,2,0,0,0,False,https://www.skland.com/article?id=5926706,https://strategy.skland.com/api/resources/items,skland_strategy_public_search_top20,False
2026-09-05T04:07:31+08:00,望,望,time,6,6167,5874031,【MT-10】望单人，睡觉关我下棋什么事？,2026-05-22T12:44:05+00:00,134832,CarpeDiem,171,557,15,0,0,2,False,https://www.skland.com/article?id=5874031,https://strategy.skland.com/api/resources/items,skland_strategy_public_search_top20,False
2026-09-05T04:07:31+08:00,望,望,time,7,6082,5840694,「相变临界」H17-4望+逻各斯 双核,2026-05-09T05:37:05+00:00,2234205,皮卡丘_diandian,670,1831,314,6,0,8,False,https://www.skland.com/article?id=5840694,https://strategy.skland.com/api/resources/items,skland_strategy_public_search_top20,False
2026-09-05T04:07:31+08:00,望,望,time,8,6170,5823193,我无法解释一条狗都能带望通过这关【双人17-13沙盘LV2】,2026-05-03T11:49:22+00:00,185427,Kelin,181,295,9,3,0,1,False,https://www.skland.com/article?id=5823193,https://strategy.skland.com/api/resources/items,skland_strategy_public_search_top20,False
2026-09-05T04:07:31+08:00,望,望,time,9,6177,5819948,【相变临界】17-12 初次握手 望 单核,2026-05-02T16:23:00+00:00,461067,到处找小刻吃的蜜饼,12,145,8,0,0,0,False,https://www.skland.com/article?id=5819948,https://strategy.skland.com/api/resources/items,skland_strategy_public_search_top20,False
2026-09-05T04:07:31+08:00,望,望,time,10,5967,5755007,明日方舟「人们我们」PA-EX-8 普通+突袭 圣聆初雪+望 双核,2026-04-15T03:12:41+00:00,2234205,皮卡丘_diandian,530,1059,233,5,0,9,False,https://www.skland.com/article?id=5755007,https://strategy.skland.com/api/resources/items,skland_strategy_public_search_top20,False
2026-09-05T04:07:31+08:00,望,望,time,11,5910,5735759,M3望异拉3人晶体元件PA-8【人们，我们】速刷材料攻略 明日方舟,2026-04-07T08:12:06+00:00,113532,化学老施,268,532,42,0,0,1,False,https://www.skland.com/article?id=5735759,https://strategy.skland.com/api/resources/items,skland_strategy_public_search_top20,False
2026-09-05T04:07:31+08:00,望,望,time,12,5941,5717334,EA-8 2人113秒 理论最速刷褐素纤维 新能+望解,2026-04-01T13:41:42+00:00,288142,音乐剧实验室,127,267,13,0,0,0,False,https://www.skland.com/article?id=5717334,https://strategy.skland.com/api/resources/items,skland_strategy_public_search_top20,False
2026-09-05T04:07:31+08:00,望,望,time,13,5920,5646259,【令单人CG-8突袭】望时代令难得的独享,2026-03-11T06:13:05+00:00,185427,Kelin,70,98,7,0,0,2,False,https://www.skland.com/article?id=5646259,https://strategy.skland.com/api/resources/items,skland_strategy_public_search_top20,False
2026-09-05T04:07:31+08:00,望,望,time,14,5761,5634564,望 单人MBEX8突袭,2026-03-06T11:00:06+00:00,140204,NNNotou,18,36,5,0,0,0,False,https://www.skland.com/article?id=5634564,https://strategy.skland.com/api/resources/items,skland_strategy_public_search_top20,False
2026-09-05T04:07:31+08:00,望,望,time,15,5734,5612947,界园N18 望 开局代理人分队运营攻略②前期运营策略,2026-02-28T09:48:08+00:00,105671,被子没叠,1623,0,26,27,0,11,False,https://www.skland.com/article?id=5612947,https://strategy.skland.com/api/resources/items,skland_strategy_public_search_top20,False
2026-09-05T04:07:31+08:00,望,望,time,16,5728,5588426,【岁的界园志异】N18望开局代理人分队运营攻略① 环境综述,2026-02-26T07:44:49+00:00,105671,被子没叠,1319,0,32,16,0,4,False,https://www.skland.com/article?id=5588426,https://strategy.skland.com/api/resources/items,skland_strategy_public_search_top20,False
2026-09-05T04:07:31+08:00,望,望,time,17,5717,5580754,【辞岁行】望单人剿灭TA-MO-1,2026-02-25T14:15:06+00:00,1025511,龙门作战组,49,55,4,0,0,0,False,https://www.skland.com/article?id=5580754,https://strategy.skland.com/api/resources/items,skland_strategy_public_search_top20,False
2026-09-05T04:07:31+08:00,望,望,time,18,5716,5578237,【矢量突破#2】望煌 双人有增益VEC-12,2026-02-25T10:06:31+00:00,1025511,龙门作战组,50,39,4,0,0,0,False,https://www.skland.com/article?id=5578237,https://strategy.skland.com/api/resources/items,skland_strategy_public_search_top20,False
2026-09-05T04:07:31+08:00,望,望,time,19,5812,5570652,什么叫一个特种在剿灭回了999费？【望单人TA-MO-1】,2026-02-24T16:25:27+00:00,185427,Kelin,252,186,27,3,0,2,False,https://www.skland.com/article?id=5570652,https://strategy.skland.com/api/resources/items,skland_strategy_public_search_top20,False
2026-09-05T04:07:31+08:00,望,望,time,20,5810,5564150,【TA-S-4突袭】望单人 数值是这么填的,2026-02-24T09:19:27+00:00,134832,CarpeDiem,27,90,3,0,0,0,False,https://www.skland.com/article?id=5564150,https://strategy.skland.com/api/resources/items,skland_strategy_public_search_top20,False
2026-09-05T04:07:31+08:00,棘刺,棘刺,hot,1,147,47327,六星干员攻略（棘刺）,2023-08-09T17:19:17+00:00,156545,铃兰桑的欧尼酱,6250,0,47,20,0,32,True,https://www.skland.com/article?id=47327,https://strategy.skland.com/api/resources/items,skland_strategy_public_search_top20,False
2026-09-05T04:07:31+08:00,棘刺,棘刺,hot,2,2796,2429842,六星干员速评【引星棘刺】——生息演算超大杯干员，有奶有输出有拐的棘刺,2024-12-05T08:01:19+00:00,177993,苏祁风,4752,0,86,9,0,18,True,https://www.skland.com/article?id=2429842,https://strategy.skland.com/api/resources/items,skland_strategy_public_search_top20,False
2026-09-05T04:07:31+08:00,棘刺,棘刺,hot,3,2916,2441897,维罗之后的最强干员？明日方舟引星棘刺测评！,2024-12-10T17:48:28+00:00,285198,村口炸牛粪的熊孩子,2785,0,61,11,0,36,True,https://www.skland.com/article?id=2441897,https://strategy.skland.com/api/resources/items,skland_strategy_public_search_top20,False
2026-09-05T04:07:31+08:00,棘刺,棘刺,hot,4,2816,2433399,引星棘刺实战测试！能辅能C的炼金师！,2024-12-06T05:29:49+00:00,101196,Q弹的羽Q,1202,1231,31,0,0,0,True,https://www.skland.com/article?id=2433399,https://strategy.skland.com/api/resources/items,skland_strategy_public_search_top20,False
2026-09-05T04:07:31+08:00,棘刺,棘刺,hot,5,2993,2455003,异格棘刺bug修复！24年12月最新全基建布局一图流排班表,2024-12-16T03:03:21+00:00,101054,公孙长乐,6079,0,192,245,0,14,True,https://www.skland.com/article?id=2455003,https://strategy.skland.com/api/resources/items,skland_strategy_public_search_top20,False
2026-09-05T04:07:31+08:00,棘刺,棘刺,hot,6,4251,3114202,【墟】AT-7 棘刺蕾缪安2人速刷 酮凝集组,2025-08-08T09:34:20+00:00,113532,化学老施,423,1794,54,1,0,0,True,https://www.skland.com/article?id=3114202,https://strategy.skland.com/api/resources/items,skland_strategy_public_search_top20,False
2026-09-05T04:07:31+08:00,棘刺,棘刺,hot,7,2815,2433076,异格棘刺是新的赤金C！出苍白海版本干员基建技能解析,2024-12-06T03:10:05+00:00,101054,公孙长乐,3880,0,147,9,0,7,True,https://www.skland.com/article?id=2433076,https://strategy.skland.com/api/resources/items,skland_strategy_public_search_top20,False
2026-09-05T04:07:31+08:00,棘刺,棘刺,hot,8,4083,3034568,新人练干员二三事：抽到引星棘刺该不该练？,2025-07-16T07:24:07+00:00,844418,疯狂的僵尸王,1617,0,39,2,0,17,True,https://www.skland.com/article?id=3034568,https://strategy.skland.com/api/resources/items,skland_strategy_public_search_top20,False
2026-09-05T04:07:31+08:00,棘刺,棘刺,hot,9,2978,2431823,我宣布：棘刺超大杯！强力减防减抗拐,2024-12-05T14:24:41+00:00,102618,符华菱日,6824,19458,225,13,0,21,True,https://www.skland.com/article?id=2431823,https://strategy.skland.com/api/resources/items,skland_strategy_public_search_top20,False
2026-09-05T04:07:31+08:00,棘刺,棘刺,hot,10,3349,2710994,【2025.03】模组升级-综合推荐：琴柳、引星棘刺、灵知、鸿雪、伺夜、隐德来希,2025-03-11T14:59:37+00:00,120476,明有奇巧人,5977,0,96,56,0,14,True,https://www.skland.com/article?id=2710994,https://strategy.skland.com/api/resources/items,skland_strategy_public_search_top20,False
2026-09-05T04:07:31+08:00,棘刺,棘刺,hot,11,2776,2408407,棘刺喜提异格形态！内置小游戏即将上线~【制作组通讯漫谈】,2024-11-22T12:40:23+00:00,3250980,桦龙,5091,0,249,45,0,36,True,https://www.skland.com/article?id=2408407,https://strategy.skland.com/api/resources/items,skland_strategy_public_search_top20,False
2026-09-05T04:07:31+08:00,棘刺,棘刺,hot,12,613,1396498,【银心湖列车】RS-6棘刺单核低配六步摆完挂机，刷聚酸酯组。,2023-12-05T10:52:28+00:00,134832,CarpeDiem,243,0,16,4,0,3,True,https://www.skland.com/article?id=1396498,https://strategy.skland.com/api/resources/items,skland_strategy_public_search_top20,False
2026-09-05T04:07:31+08:00,棘刺,棘刺,hot,13,574,1357588,【明日方舟】浊燃行动620分镀层10人无潜能要求-简单好抄高容错！好猛的棘刺！,2023-11-21T14:27:23+00:00,101438,转瞬即逝,22283,0,2634,609,0,449,True,https://www.skland.com/article?id=1357588,https://strategy.skland.com/api/resources/items,skland_strategy_public_search_top20,False
2026-09-05T04:07:31+08:00,棘刺,棘刺,hot,14,2789,2427966,【前情提要】棘刺为什么要隐瞒他没剧情的历史？温蒂又与罗德岛有怎样的爱恨情仇？,2024-12-04T04:10:42+00:00,101315,苟淡居士,938,4766,143,33,0,6,True,https://www.skland.com/article?id=2427966,https://strategy.skland.com/api/resources/items,skland_strategy_public_search_top20,False
2026-09-05T04:07:31+08:00,棘刺,棘刺,hot,15,2905,2453985,【出苍白海】在禁欲与纵欲之间，棘刺该向何处寻得平衡,2024-12-15T13:09:47+00:00,101315,苟淡居士,190,745,33,7,0,0,True,https://www.skland.com/article?id=2453985,https://strategy.skland.com/api/resources/items,skland_strategy_public_search_top20,False
2026-09-05T04:07:31+08:00,棘刺,棘刺,hot,16,2803,2431710,「出苍白海」版本干员基建技能解析（引星棘刺、特克诺、瑰盐）,2024-12-05T13:59:38+00:00,101177,BioHazard,429,0,18,3,0,5,True,https://www.skland.com/article?id=2431710,https://strategy.skland.com/api/resources/items,skland_strategy_public_search_top20,False
2026-09-05T04:07:31+08:00,棘刺,棘刺,hot,17,603,1385006,［13区废墟］三人五步摆完挂机，三个任务一次完成。棘刺是一直在c的。,2023-11-30T23:26:51+00:00,134832,CarpeDiem,599,0,34,7,0,15,True,https://www.skland.com/article?id=1385006,https://strategy.skland.com/api/resources/items,skland_strategy_public_search_top20,False
2026-09-05T04:07:31+08:00,棘刺,棘刺,hot,18,2794,2423051,12.1罗德岛日报 【12/5出苍白海，PV总结】异格棘刺，皮肤轮换，42模组】,2024-12-01T01:03:31+00:00,113532,化学老施,2474,0,114,3,0,15,True,https://www.skland.com/article?id=2423051,https://strategy.skland.com/api/resources/items,skland_strategy_public_search_top20,False
2026-09-05T04:07:31+08:00,棘刺,棘刺,hot,19,4952,3321008,【暗流巢窟】棘刺EW双人400杀 简单好抄无脑轴,2025-10-27T07:10:44+00:00,101405,柠檬味的小小猪,1161,1466,127,16,0,2,True,https://www.skland.com/article?id=3321008,https://strategy.skland.com/api/resources/items,skland_strategy_public_search_top20,False
2026-09-05T04:07:31+08:00,棘刺,棘刺,hot,20,5789,5643782,棘刺银灰初雪3人切削液CG-8【十字路口】挂机材料攻略 明日方舟,2026-03-10T07:13:59+00:00,113532,化学老施,233,336,38,0,0,1,True,https://www.skland.com/article?id=5643782,https://strategy.skland.com/api/resources/items,skland_strategy_public_search_top20,False
2026-09-05T04:07:31+08:00,棘刺,棘刺,time,1,5926,5645411,【十字路口】CG-6 定价 棘刺 单核,2026-03-10T18:09:07+00:00,461067,到处找小刻吃的蜜饼,8,28,5,0,0,0,True,https://www.skland.com/article?id=5645411,https://strategy.skland.com/api/resources/items,skland_strategy_public_search_top20,False
2026-09-05T04:07:31+08:00,棘刺,棘刺,time,2,5789,5643782,棘刺银灰初雪3人切削液CG-8【十字路口】挂机材料攻略 明日方舟,2026-03-10T07:13:59+00:00,113532,化学老施,233,336,38,0,0,1,True,https://www.skland.com/article?id=5643782,https://strategy.skland.com/api/resources/items,skland_strategy_public_search_top20,False
2026-09-05T04:07:31+08:00,棘刺,棘刺,time,3,5617,5259692,棘刺斩业2人凝胶TA-7【辞岁行】堵门速刷材料挂机攻略 明日方舟,2026-02-10T07:08:51+00:00,113532,化学老施,575,692,353,0,0,0,True,https://www.skland.com/article?id=5259692,https://strategy.skland.com/api/resources/items,skland_strategy_public_search_top20,False
2026-09-05T04:07:31+08:00,棘刺,棘刺,time,4,4952,3321008,【暗流巢窟】棘刺EW双人400杀 简单好抄无脑轴,2025-10-27T07:10:44+00:00,101405,柠檬味的小小猪,1161,1466,127,16,0,2,True,https://www.skland.com/article?id=3321008,https://strategy.skland.com/api/resources/items,skland_strategy_public_search_top20,False
2026-09-05T04:07:31+08:00,棘刺,棘刺,time,5,4827,3234406,【攻略补全计划】棘刺—悖论模拟,2025-09-21T03:59:38+00:00,127231,山桜,62,53,5,0,0,0,True,https://www.skland.com/article?id=3234406,https://strategy.skland.com/api/resources/items,skland_strategy_public_search_top20,False
2026-09-05T04:07:31+08:00,棘刺,棘刺,time,6,4414,3176979,【棘刺】悖论模拟攻略,2025-08-29T10:05:51+00:00,380220,menthol,31,90,3,0,0,0,True,https://www.skland.com/article?id=3176979,https://strategy.skland.com/api/resources/items,skland_strategy_public_search_top20,False
2026-09-05T04:07:31+08:00,棘刺,棘刺,time,7,4251,3114202,【墟】AT-7 棘刺蕾缪安2人速刷 酮凝集组,2025-08-08T09:34:20+00:00,113532,化学老施,423,1794,54,1,0,0,True,https://www.skland.com/article?id=3114202,https://strategy.skland.com/api/resources/items,skland_strategy_public_search_top20,False
2026-09-05T04:07:31+08:00,棘刺,棘刺,time,8,4083,3034568,新人练干员二三事：抽到引星棘刺该不该练？,2025-07-16T07:24:07+00:00,844418,疯狂的僵尸王,1617,0,39,2,0,17,True,https://www.skland.com/article?id=3034568,https://strategy.skland.com/api/resources/items,skland_strategy_public_search_top20,False
2026-09-05T04:07:31+08:00,棘刺,棘刺,time,9,3349,2710994,【2025.03】模组升级-综合推荐：琴柳、引星棘刺、灵知、鸿雪、伺夜、隐德来希,2025-03-11T14:59:37+00:00,120476,明有奇巧人,5977,0,96,56,0,14,True,https://www.skland.com/article?id=2710994,https://strategy.skland.com/api/resources/items,skland_strategy_public_search_top20,False
2026-09-05T04:07:31+08:00,棘刺,棘刺,time,10,2993,2455003,异格棘刺bug修复！24年12月最新全基建布局一图流排班表,2024-12-16T03:03:21+00:00,101054,公孙长乐,6079,0,192,245,0,14,True,https://www.skland.com/article?id=2455003,https://strategy.skland.com/api/resources/items,skland_strategy_public_search_top20,False
2026-09-05T04:07:31+08:00,棘刺,棘刺,time,11,2905,2453985,【出苍白海】在禁欲与纵欲之间，棘刺该向何处寻得平衡,2024-12-15T13:09:47+00:00,101315,苟淡居士,190,745,33,7,0,0,True,https://www.skland.com/article?id=2453985,https://strategy.skland.com/api/resources/items,skland_strategy_public_search_top20,False
2026-09-05T04:07:31+08:00,棘刺,棘刺,time,12,2916,2441897,维罗之后的最强干员？明日方舟引星棘刺测评！,2024-12-10T17:48:28+00:00,285198,村口炸牛粪的熊孩子,2785,0,61,11,0,36,True,https://www.skland.com/article?id=2441897,https://strategy.skland.com/api/resources/items,skland_strategy_public_search_top20,False
2026-09-05T04:07:31+08:00,棘刺,棘刺,time,13,2816,2433399,引星棘刺实战测试！能辅能C的炼金师！,2024-12-06T05:29:49+00:00,101196,Q弹的羽Q,1202,1231,31,0,0,0,True,https://www.skland.com/article?id=2433399,https://strategy.skland.com/api/resources/items,skland_strategy_public_search_top20,False
2026-09-05T04:07:31+08:00,棘刺,棘刺,time,14,2815,2433076,异格棘刺是新的赤金C！出苍白海版本干员基建技能解析,2024-12-06T03:10:05+00:00,101054,公孙长乐,3880,0,147,9,0,7,True,https://www.skland.com/article?id=2433076,https://strategy.skland.com/api/resources/items,skland_strategy_public_search_top20,False
2026-09-05T04:07:31+08:00,棘刺,棘刺,time,15,2978,2431823,我宣布：棘刺超大杯！强力减防减抗拐,2024-12-05T14:24:41+00:00,102618,符华菱日,6824,19458,225,13,0,21,True,https://www.skland.com/article?id=2431823,https://strategy.skland.com/api/resources/items,skland_strategy_public_search_top20,False
2026-09-05T04:07:31+08:00,棘刺,棘刺,time,16,2803,2431710,「出苍白海」版本干员基建技能解析（引星棘刺、特克诺、瑰盐）,2024-12-05T13:59:38+00:00,101177,BioHazard,429,0,18,3,0,5,True,https://www.skland.com/article?id=2431710,https://strategy.skland.com/api/resources/items,skland_strategy_public_search_top20,False
2026-09-05T04:07:31+08:00,棘刺,棘刺,time,17,2802,2431483,「出苍白海」版本干员基建技能解析（引星棘刺、特克诺、瑰盐）,2024-12-05T13:02:39+00:00,273345,逻辑元LogicalByte,1275,3134,82,2,0,4,True,https://www.skland.com/article?id=2431483,https://strategy.skland.com/api/resources/items,skland_strategy_public_search_top20,False
2026-09-05T04:07:31+08:00,棘刺,棘刺,time,18,2796,2429842,六星干员速评【引星棘刺】——生息演算超大杯干员，有奶有输出有拐的棘刺,2024-12-05T08:01:19+00:00,177993,苏祁风,4752,0,86,9,0,18,True,https://www.skland.com/article?id=2429842,https://strategy.skland.com/api/resources/items,skland_strategy_public_search_top20,False
2026-09-05T04:07:31+08:00,棘刺,棘刺,time,19,2789,2427966,【前情提要】棘刺为什么要隐瞒他没剧情的历史？温蒂又与罗德岛有怎样的爱恨情仇？,2024-12-04T04:10:42+00:00,101315,苟淡居士,938,4766,143,33,0,6,True,https://www.skland.com/article?id=2427966,https://strategy.skland.com/api/resources/items,skland_strategy_public_search_top20,False
2026-09-05T04:07:31+08:00,棘刺,棘刺,time,20,2794,2423051,12.1罗德岛日报 【12/5出苍白海，PV总结】异格棘刺，皮肤轮换，42模组】,2024-12-01T01:03:31+00:00,113532,化学老施,2474,0,114,3,0,15,True,https://www.skland.com/article?id=2423051,https://strategy.skland.com/api/resources/items,skland_strategy_public_search_top20,False
2026-09-05T04:07:31+08:00,死芒,死芒,hot,1,3314,2702035,死芒/香蕉姐强度评测食用指南，方舟新手抽卡建议,2025-03-07T10:51:44+00:00,238378,星海浩瀚VU,2457,0,24,5,0,5,True,https://www.skland.com/article?id=2702035,https://strategy.skland.com/api/resources/items,skland_strategy_public_search_top20,False
2026-09-05T04:07:31+08:00,死芒,死芒,hot,2,3299,2700725,六星干员速评【死芒】,2025-03-07T07:56:51+00:00,177993,苏祁风,2019,0,31,4,0,14,True,https://www.skland.com/article?id=2700725,https://strategy.skland.com/api/resources/items,skland_strategy_public_search_top20,False
2026-09-05T04:07:31+08:00,死芒,死芒,hot,3,3372,2710636,【干员实用性测评】#25死芒——塑灵术师,2025-03-11T11:30:29+00:00,101142,柏喙攻略组,1395,0,44,4,0,4,True,https://www.skland.com/article?id=2710636,https://strategy.skland.com/api/resources/items,skland_strategy_public_search_top20,False
2026-09-05T04:07:31+08:00,死芒,死芒,hot,4,3704,2803684,【明日方舟】严重低估！这是短轴爆发与城墙！ | 技能专精推荐·死芒,2025-04-20T09:02:50+00:00,101101,伊普希龙_Epts,524,440,21,1,0,0,True,https://www.skland.com/article?id=2803684,https://strategy.skland.com/api/resources/items,skland_strategy_public_search_top20,False
2026-09-05T04:07:31+08:00,死芒,死芒,hot,5,3970,2977895,【2025.06】模组升级-综合推荐（酒神、死芒、多萝西、山、阿斯卡纶）,2025-06-18T14:21:07+00:00,120476,明有奇巧人,8702,0,144,127,0,12,True,https://www.skland.com/article?id=2977895,https://strategy.skland.com/api/resources/items,skland_strategy_public_search_top20,False
2026-09-05T04:07:31+08:00,死芒,死芒,hot,6,3317,2702538,死芒实战测试！塑灵术师会是新时代基石吗？,2025-03-07T12:40:58+00:00,101196,Q弹的羽Q,401,583,15,0,0,1,True,https://www.skland.com/article?id=2702538,https://strategy.skland.com/api/resources/items,skland_strategy_public_search_top20,False
2026-09-05T04:07:31+08:00,死芒,死芒,hot,7,3302,2700818,【挽歌燃烧殆尽】死芒实装简评 100个vvan计划受害者,2025-03-07T08:10:30+00:00,101405,柠檬味的小小猪,600,0,20,4,0,2,True,https://www.skland.com/article?id=2700818,https://strategy.skland.com/api/resources/items,skland_strategy_public_search_top20,False
2026-09-05T04:07:31+08:00,死芒,死芒,hot,8,3526,2734181,【实战论】沉睡队新思路，死芒大放异彩,2025-03-23T10:26:06+00:00,244382,二色彩虹,991,1867,95,5,0,5,True,https://www.skland.com/article?id=2734181,https://strategy.skland.com/api/resources/items,skland_strategy_public_search_top20,False
2026-09-05T04:07:31+08:00,死芒,死芒,hot,9,5160,3333216,【死芒单核】16-15险地,2025-10-31T01:39:36+00:00,172152,猫猫术士,144,317,8,2,0,0,True,https://www.skland.com/article?id=3333216,https://strategy.skland.com/api/resources/items,skland_strategy_public_search_top20,False
2026-09-05T04:07:31+08:00,死芒,死芒,hot,10,5163,3332326,【死芒单核】16-12险地,2025-10-30T15:02:34+00:00,172152,猫猫术士,325,690,25,4,0,3,True,https://www.skland.com/article?id=3332326,https://strategy.skland.com/api/resources/items,skland_strategy_public_search_top20,False
2026-09-05T04:07:31+08:00,死芒,死芒,hot,11,3835,2932613,傀影异格趁机抱走Christine，引航者试炼来临、死芒模组,2025-05-30T06:35:06+00:00,160688,闻战思凡,456,0,16,1,0,1,True,https://www.skland.com/article?id=2932613,https://strategy.skland.com/api/resources/items,skland_strategy_public_search_top20,False
2026-09-05T04:07:31+08:00,死芒,死芒,hot,12,3375,2708018,死芒版本基建技能解析,2025-03-09T16:27:59+00:00,101054,公孙长乐,2272,0,94,14,0,16,True,https://www.skland.com/article?id=2708018,https://strategy.skland.com/api/resources/items,skland_strategy_public_search_top20,False
2026-09-05T04:07:31+08:00,死芒,死芒,hot,13,5977,5762138,这是死芒，这是坑，这是全员1级PA-EX-2,2026-04-17T10:50:38+00:00,109183,StoneHugo,476,1235,47,6,0,4,True,https://www.skland.com/article?id=5762138,https://strategy.skland.com/api/resources/items,skland_strategy_public_search_top20,False
2026-09-05T04:07:31+08:00,死芒,死芒,hot,14,3318,2703900,死芒抽取建议【干员速评与抽卡规划】,2025-03-08T00:39:16+00:00,101196,Q弹的羽Q,10364,18531,405,31,0,66,True,https://www.skland.com/article?id=2703900,https://strategy.skland.com/api/resources/items,skland_strategy_public_search_top20,False
2026-09-05T04:07:31+08:00,死芒,死芒,hot,15,5856,5708324,音律联觉-购票入场注意点和新时装（蕾缪安/塞雷娅/死芒）特邀嘉宾MILI等人,2026-03-30T04:59:12+00:00,160688,闻战思凡,20035,0,261,48,0,49,True,https://www.skland.com/article?id=5708324,https://strategy.skland.com/api/resources/items,skland_strategy_public_search_top20,False
2026-09-05T04:07:31+08:00,死芒,死芒,hot,16,3326,2700626,「挽歌燃烧殆尽」版本干员基建技能解析（死芒、钼铅、水灯心）,2025-03-07T06:37:45+00:00,101177,BioHazard,378,0,6,4,0,2,True,https://www.skland.com/article?id=2700626,https://strategy.skland.com/api/resources/items,skland_strategy_public_search_top20,False
2026-09-05T04:07:31+08:00,死芒,死芒,hot,17,5161,3333214,【死芒单核】16-14险地,2025-10-31T01:37:29+00:00,172152,猫猫术士,30,236,2,0,0,0,True,https://www.skland.com/article?id=3333214,https://strategy.skland.com/api/resources/items,skland_strategy_public_search_top20,False
2026-09-05T04:07:31+08:00,死芒,死芒,hot,18,5162,3332327,【死芒单核】16-13险地,2025-10-30T15:02:41+00:00,172152,猫猫术士,25,76,1,0,0,0,True,https://www.skland.com/article?id=3332327,https://strategy.skland.com/api/resources/items,skland_strategy_public_search_top20,False
2026-09-05T04:07:31+08:00,死芒,死芒,hot,19,4217,3069126,【死芒单核】鳞骸盐漠剿灭,2025-07-28T00:33:04+00:00,172152,猫猫术士,290,693,39,6,0,1,True,https://www.skland.com/article?id=3069126,https://strategy.skland.com/api/resources/items,skland_strategy_public_search_top20,False
2026-09-05T04:07:31+08:00,死芒,死芒,hot,20,4110,3062408,【明日方舟】夏活「墟」活动情报一览（上）遥、星熊技能、本源术师模组、水陈死芒皮肤,2025-07-26T13:23:54+00:00,160688,闻战思凡,2448,0,106,13,0,21,True,https://www.skland.com/article?id=3062408,https://strategy.skland.com/api/resources/items,skland_strategy_public_search_top20,False
2026-09-05T04:07:31+08:00,死芒,死芒,time,1,5977,5762138,这是死芒，这是坑，这是全员1级PA-EX-2,2026-04-17T10:50:38+00:00,109183,StoneHugo,476,1235,47,6,0,4,True,https://www.skland.com/article?id=5762138,https://strategy.skland.com/api/resources/items,skland_strategy_public_search_top20,False
2026-09-05T04:07:31+08:00,死芒,死芒,time,2,5856,5708324,音律联觉-购票入场注意点和新时装（蕾缪安/塞雷娅/死芒）特邀嘉宾MILI等人,2026-03-30T04:59:12+00:00,160688,闻战思凡,20035,0,261,48,0,49,True,https://www.skland.com/article?id=5708324,https://strategy.skland.com/api/resources/items,skland_strategy_public_search_top20,False
2026-09-05T04:07:31+08:00,死芒,死芒,time,3,5674,4548670,OR-9 2人111秒 理论最速刷转质盐组（死芒+隐德来希）,2026-02-01T05:34:08+00:00,288142,音乐剧实验室,17,14,1,0,0,0,True,https://www.skland.com/article?id=4548670,https://strategy.skland.com/api/resources/items,skland_strategy_public_search_top20,False
2026-09-05T04:07:31+08:00,死芒,死芒,time,4,5666,3581786,【死芒单核】ME-1~7,2026-01-10T14:16:17+00:00,172152,猫猫术士,29,117,6,0,0,0,True,https://www.skland.com/article?id=3581786,https://strategy.skland.com/api/resources/items,skland_strategy_public_search_top20,False
2026-09-05T04:07:31+08:00,死芒,死芒,time,5,5667,3581769,【死芒单核】ME-8,2026-01-10T14:08:43+00:00,172152,猫猫术士,4,17,2,0,0,0,True,https://www.skland.com/article?id=3581769,https://strategy.skland.com/api/resources/items,skland_strategy_public_search_top20,False
2026-09-05T04:07:31+08:00,死芒,死芒,time,6,5549,3543123,EP-6 2人理论最速刷糖组（电弧+死芒解）,2025-12-24T14:25:30+00:00,288142,音乐剧实验室,71,288,7,1,0,1,True,https://www.skland.com/article?id=3543123,https://strategy.skland.com/api/resources/items,skland_strategy_public_search_top20,False
2026-09-05T04:07:31+08:00,死芒,死芒,time,7,5539,3503743,【死芒单核】UR-8,2025-12-05T13:46:35+00:00,172152,猫猫术士,4,37,4,0,0,0,True,https://www.skland.com/article?id=3503743,https://strategy.skland.com/api/resources/items,skland_strategy_public_search_top20,False
2026-09-05T04:07:31+08:00,死芒,死芒,time,8,5160,3333216,【死芒单核】16-15险地,2025-10-31T01:39:36+00:00,172152,猫猫术士,144,317,8,2,0,0,True,https://www.skland.com/article?id=3333216,https://strategy.skland.com/api/resources/items,skland_strategy_public_search_top20,False
2026-09-05T04:07:31+08:00,死芒,死芒,time,9,5161,3333214,【死芒单核】16-14险地,2025-10-31T01:37:29+00:00,172152,猫猫术士,30,236,2,0,0,0,True,https://www.skland.com/article?id=3333214,https://strategy.skland.com/api/resources/items,skland_strategy_public_search_top20,False
2026-09-05T04:07:31+08:00,死芒,死芒,time,10,5162,3332327,【死芒单核】16-13险地,2025-10-30T15:02:41+00:00,172152,猫猫术士,25,76,1,0,0,0,True,https://www.skland.com/article?id=3332327,https://strategy.skland.com/api/resources/items,skland_strategy_public_search_top20,False
2026-09-05T04:07:31+08:00,死芒,死芒,time,11,5163,3332326,【死芒单核】16-12险地,2025-10-30T15:02:34+00:00,172152,猫猫术士,325,690,25,4,0,3,True,https://www.skland.com/article?id=3332326,https://strategy.skland.com/api/resources/items,skland_strategy_public_search_top20,False
2026-09-05T04:07:31+08:00,死芒,死芒,time,12,5173,3321665,【死芒单核】暗流巢窟400杀，小帮手与推拉位的使用教学,2025-10-27T10:37:35+00:00,172152,猫猫术士,35,116,4,1,0,0,True,https://www.skland.com/article?id=3321665,https://strategy.skland.com/api/resources/items,skland_strategy_public_search_top20,False
2026-09-05T04:07:31+08:00,死芒,死芒,time,13,5164,3299518,【死芒单核】16-11险地,2025-10-21T16:44:56+00:00,172152,猫猫术士,11,68,3,0,0,0,True,https://www.skland.com/article?id=3299518,https://strategy.skland.com/api/resources/items,skland_strategy_public_search_top20,False
2026-09-05T04:07:31+08:00,死芒,死芒,time,14,5165,3296473,【死芒单核】16-10险地,2025-10-20T12:24:26+00:00,172152,猫猫术士,2,28,2,0,0,0,True,https://www.skland.com/article?id=3296473,https://strategy.skland.com/api/resources/items,skland_strategy_public_search_top20,False
2026-09-05T04:07:31+08:00,死芒,死芒,time,15,5166,3284888,【死芒单核】16-8险地,2025-10-14T14:10:01+00:00,172152,猫猫术士,6,29,4,1,0,0,True,https://www.skland.com/article?id=3284888,https://strategy.skland.com/api/resources/items,skland_strategy_public_search_top20,False
2026-09-05T04:07:31+08:00,死芒,死芒,time,16,5167,3284885,【死芒单核】16-7险地,2025-10-14T14:09:55+00:00,172152,猫猫术士,5,28,1,0,0,0,True,https://www.skland.com/article?id=3284885,https://strategy.skland.com/api/resources/items,skland_strategy_public_search_top20,False
2026-09-05T04:07:31+08:00,死芒,死芒,time,17,5168,3284884,【死芒单核】16-6险地,2025-10-14T14:09:48+00:00,172152,猫猫术士,8,17,1,0,0,0,True,https://www.skland.com/article?id=3284884,https://strategy.skland.com/api/resources/items,skland_strategy_public_search_top20,False
2026-09-05T04:07:31+08:00,死芒,死芒,time,18,5169,3282902,【死芒单核】16-5险地,2025-10-13T11:23:56+00:00,172152,猫猫术士,0,32,2,0,0,0,True,https://www.skland.com/article?id=3282902,https://strategy.skland.com/api/resources/items,skland_strategy_public_search_top20,False
2026-09-05T04:07:31+08:00,死芒,死芒,time,19,5170,3282899,【死芒单核】16-4险地,2025-10-13T11:22:46+00:00,172152,猫猫术士,1,19,1,0,0,0,True,https://www.skland.com/article?id=3282899,https://strategy.skland.com/api/resources/items,skland_strategy_public_search_top20,False
2026-09-05T04:07:31+08:00,死芒,死芒,time,20,5171,3282898,【死芒单核】16-3险地,2025-10-13T11:21:48+00:00,172152,猫猫术士,1,18,2,0,0,0,True,https://www.skland.com/article?id=3282898,https://strategy.skland.com/api/resources/items,skland_strategy_public_search_top20,False
2026-09-05T04:07:31+08:00,泥岩,泥岩,hot,1,303,158272,六星干员攻略（泥岩）,2023-09-21T17:34:04+00:00,156545,铃兰桑的欧尼酱,7183,0,78,51,0,46,True,https://www.skland.com/article?id=158272,https://strategy.skland.com/api/resources/items,skland_strategy_public_search_top20,False
2026-09-05T04:07:31+08:00,泥岩,泥岩,hot,2,3496,2788811,【2025.04】模组升级-综合推荐（伊内丝、逻各斯、泥岩、晓歌、寻澜）,2025-04-12T15:26:06+00:00,120476,明有奇巧人,9257,0,133,136,0,13,True,https://www.skland.com/article?id=2788811,https://strategy.skland.com/api/resources/items,skland_strategy_public_search_top20,False
2026-09-05T04:07:31+08:00,泥岩,泥岩,hot,3,4696,3277292,一图流测评【折桠】——短轴战栗版的小泥岩,2025-10-11T06:01:27+00:00,177993,苏祁风,2289,0,80,15,0,17,True,https://www.skland.com/article?id=3277292,https://strategy.skland.com/api/resources/items,skland_strategy_public_search_top20,False
2026-09-05T04:07:31+08:00,泥岩,泥岩,hot,4,3529,2779818,新人练干员二三事：抽到泥岩该不该练？,2025-04-09T03:43:44+00:00,844418,疯狂的僵尸王,3445,0,100,7,0,98,True,https://www.skland.com/article?id=2779818,https://strategy.skland.com/api/resources/items,skland_strategy_public_search_top20,False
2026-09-05T04:07:31+08:00,泥岩,泥岩,hot,5,2877,2442241,保全大开发！ 补档 多索雷斯地块 澄闪+灵知+泥岩 三人攻略,2024-12-11T04:16:40+00:00,380220,menthol,333,0,23,2,0,7,True,https://www.skland.com/article?id=2442241,https://strategy.skland.com/api/resources/items,skland_strategy_public_search_top20,False
2026-09-05T04:07:31+08:00,泥岩,泥岩,hot,6,6316,5983112,那一夜，艾雅法拉和泥岩都喝醉了「丛林症结」基建解析&一图流排班表,2026-07-10T12:13:48+00:00,273345,逻辑元LogicalByte,207,1130,85,3,0,1,True,https://www.skland.com/article?id=5983112,https://strategy.skland.com/api/resources/items,skland_strategy_public_search_top20,False
2026-09-05T04:07:31+08:00,泥岩,泥岩,hot,7,2878,2441261,保全大开发！荒地群兽音乐厅 ela +泥岩+塞雷娅 三人 压人向攻略,2024-12-10T10:21:16+00:00,380220,menthol,119,0,8,0,0,0,True,https://www.skland.com/article?id=2441261,https://strategy.skland.com/api/resources/items,skland_strategy_public_search_top20,False
2026-09-05T04:07:31+08:00,泥岩,泥岩,hot,8,1610,1956349,边地移动小镇 莱茵生命队 多萝西+泥岩双核打法 指导向攻略,2024-05-23T11:29:58+00:00,380220,menthol,145,0,6,1,0,0,True,https://www.skland.com/article?id=1956349,https://strategy.skland.com/api/resources/items,skland_strategy_public_search_top20,False
2026-09-05T04:07:31+08:00,泥岩,泥岩,hot,9,1409,1947561,边地移动小镇 莱茵生命队 小火龙+泥岩双核打法 指导向攻略,2024-05-19T07:58:16+00:00,380220,menthol,156,0,8,0,0,0,True,https://www.skland.com/article?id=1947561,https://strategy.skland.com/api/resources/items,skland_strategy_public_search_top20,False
2026-09-05T04:07:31+08:00,泥岩,泥岩,hot,10,282,123753,从功能定位出发的全时期干员培养推荐——#5清杂之煌、泥岩,2023-09-04T12:13:47+00:00,208381,青w筠,1805,0,60,8,0,37,True,https://www.skland.com/article?id=123753,https://strategy.skland.com/api/resources/items,skland_strategy_public_search_top20,False
2026-09-05T04:07:31+08:00,泥岩,泥岩,hot,11,2081,2199403,保全派驻 交战荒野 皇家科学院望远镜 菲亚梅塔+刘明+赛雷娅+泥岩  四人队攻略,2024-08-22T04:26:56+00:00,380220,menthol,129,0,6,0,0,2,True,https://www.skland.com/article?id=2199403,https://strategy.skland.com/api/resources/items,skland_strategy_public_search_top20,False
2026-09-05T04:07:31+08:00,泥岩,泥岩,hot,12,2830,2436238,【保全派驻】荒地群兽音乐厅应急难度摆完挂机 能天使泥岩双核 简单好抄轻松隐藏章,2024-12-07T12:01:31+00:00,101405,柠檬味的小小猪,151,598,17,2,0,1,True,https://www.skland.com/article?id=2436238,https://strategy.skland.com/api/resources/items,skland_strategy_public_search_top20,False
2026-09-05T04:07:31+08:00,泥岩,泥岩,hot,13,2645,2322988,岩崩锤带10秒战栗的泥岩有多强？【GO-EX-8 三重装】,2024-10-19T00:52:07+00:00,109021,重峰干城,1075,5504,134,5,0,6,True,https://www.skland.com/article?id=2322988,https://strategy.skland.com/api/resources/items,skland_strategy_public_search_top20,False
2026-09-05T04:07:31+08:00,泥岩,泥岩,hot,14,2289,2137639,泥岩悖论模拟7级技能无需模组简单好抄,2024-08-02T01:33:28+00:00,248361,乌丸千岁,46,214,6,0,0,0,True,https://www.skland.com/article?id=2137639,https://strategy.skland.com/api/resources/items,skland_strategy_public_search_top20,False
2026-09-05T04:07:31+08:00,泥岩,泥岩,hot,15,3821,2923286,【矢量突破#1无机物】泥岩炎熔双人驻守VEC-SP14 简单好抄高容错,2025-05-25T03:42:39+00:00,101405,柠檬味的小小猪,22,116,6,0,0,0,True,https://www.skland.com/article?id=2923286,https://strategy.skland.com/api/resources/items,skland_strategy_public_search_top20,False
2026-09-05T04:07:31+08:00,泥岩,泥岩,hot,16,1465,1781356,边城移动小镇  可充能督战音响 （艾丽妮+泥岩+刘明三核打法）指导向攻略,2024-04-23T05:01:53+00:00,380220,menthol,144,0,13,3,0,2,True,https://www.skland.com/article?id=1781356,https://strategy.skland.com/api/resources/items,skland_strategy_public_search_top20,False
2026-09-05T04:07:31+08:00,泥岩,泥岩,hot,17,4434,3163143,【泥岩】悖论模拟攻略,2025-08-25T08:03:17+00:00,380220,menthol,22,63,3,0,0,0,True,https://www.skland.com/article?id=3163143,https://strategy.skland.com/api/resources/items,skland_strategy_public_search_top20,False
2026-09-05T04:07:31+08:00,泥岩,泥岩,time,1,6316,5983112,那一夜，艾雅法拉和泥岩都喝醉了「丛林症结」基建解析&一图流排班表,2026-07-10T12:13:48+00:00,273345,逻辑元LogicalByte,207,1130,85,3,0,1,True,https://www.skland.com/article?id=5983112,https://strategy.skland.com/api/resources/items,skland_strategy_public_search_top20,False
2026-09-05T04:07:31+08:00,泥岩,泥岩,time,2,4696,3277292,一图流测评【折桠】——短轴战栗版的小泥岩,2025-10-11T06:01:27+00:00,177993,苏祁风,2289,0,80,15,0,17,True,https://www.skland.com/article?id=3277292,https://strategy.skland.com/api/resources/items,skland_strategy_public_search_top20,False
2026-09-05T04:07:31+08:00,泥岩,泥岩,time,3,4434,3163143,【泥岩】悖论模拟攻略,2025-08-25T08:03:17+00:00,380220,menthol,22,63,3,0,0,0,True,https://www.skland.com/article?id=3163143,https://strategy.skland.com/api/resources/items,skland_strategy_public_search_top20,False
2026-09-05T04:07:31+08:00,泥岩,泥岩,time,4,3821,2923286,【矢量突破#1无机物】泥岩炎熔双人驻守VEC-SP14 简单好抄高容错,2025-05-25T03:42:39+00:00,101405,柠檬味的小小猪,22,116,6,0,0,0,True,https://www.skland.com/article?id=2923286,https://strategy.skland.com/api/resources/items,skland_strategy_public_search_top20,False
2026-09-05T04:07:31+08:00,泥岩,泥岩,time,5,3496,2788811,【2025.04】模组升级-综合推荐（伊内丝、逻各斯、泥岩、晓歌、寻澜）,2025-04-12T15:26:06+00:00,120476,明有奇巧人,9257,0,133,136,0,13,True,https://www.skland.com/article?id=2788811,https://strategy.skland.com/api/resources/items,skland_strategy_public_search_top20,False
2026-09-05T04:07:31+08:00,泥岩,泥岩,time,6,3529,2779818,新人练干员二三事：抽到泥岩该不该练？,2025-04-09T03:43:44+00:00,844418,疯狂的僵尸王,3445,0,100,7,0,98,True,https://www.skland.com/article?id=2779818,https://strategy.skland.com/api/resources/items,skland_strategy_public_search_top20,False
2026-09-05T04:07:31+08:00,泥岩,泥岩,time,7,2877,2442241,保全大开发！ 补档 多索雷斯地块 澄闪+灵知+泥岩 三人攻略,2024-12-11T04:16:40+00:00,380220,menthol,333,0,23,2,0,7,True,https://www.skland.com/article?id=2442241,https://strategy.skland.com/api/resources/items,skland_strategy_public_search_top20,False
2026-09-05T04:07:31+08:00,泥岩,泥岩,time,8,2878,2441261,保全大开发！荒地群兽音乐厅 ela +泥岩+塞雷娅 三人 压人向攻略,2024-12-10T10:21:16+00:00,380220,menthol,119,0,8,0,0,0,True,https://www.skland.com/article?id=2441261,https://strategy.skland.com/api/resources/items,skland_strategy_public_search_top20,False
2026-09-05T04:07:31+08:00,泥岩,泥岩,time,9,2830,2436238,【保全派驻】荒地群兽音乐厅应急难度摆完挂机 能天使泥岩双核 简单好抄轻松隐藏章,2024-12-07T12:01:31+00:00,101405,柠檬味的小小猪,151,598,17,2,0,1,True,https://www.skland.com/article?id=2436238,https://strategy.skland.com/api/resources/items,skland_strategy_public_search_top20,False
2026-09-05T04:07:31+08:00,泥岩,泥岩,time,10,2645,2322988,岩崩锤带10秒战栗的泥岩有多强？【GO-EX-8 三重装】,2024-10-19T00:52:07+00:00,109021,重峰干城,1075,5504,134,5,0,6,True,https://www.skland.com/article?id=2322988,https://strategy.skland.com/api/resources/items,skland_strategy_public_search_top20,False
2026-09-05T04:07:31+08:00,泥岩,泥岩,time,11,2081,2199403,保全派驻 交战荒野 皇家科学院望远镜 菲亚梅塔+刘明+赛雷娅+泥岩  四人队攻略,2024-08-22T04:26:56+00:00,380220,menthol,129,0,6,0,0,2,True,https://www.skland.com/article?id=2199403,https://strategy.skland.com/api/resources/items,skland_strategy_public_search_top20,False
2026-09-05T04:07:31+08:00,泥岩,泥岩,time,12,2289,2137639,泥岩悖论模拟7级技能无需模组简单好抄,2024-08-02T01:33:28+00:00,248361,乌丸千岁,46,214,6,0,0,0,True,https://www.skland.com/article?id=2137639,https://strategy.skland.com/api/resources/items,skland_strategy_public_search_top20,False
2026-09-05T04:07:31+08:00,泥岩,泥岩,time,13,1610,1956349,边地移动小镇 莱茵生命队 多萝西+泥岩双核打法 指导向攻略,2024-05-23T11:29:58+00:00,380220,menthol,145,0,6,1,0,0,True,https://www.skland.com/article?id=1956349,https://strategy.skland.com/api/resources/items,skland_strategy_public_search_top20,False
2026-09-05T04:07:31+08:00,泥岩,泥岩,time,14,1409,1947561,边地移动小镇 莱茵生命队 小火龙+泥岩双核打法 指导向攻略,2024-05-19T07:58:16+00:00,380220,menthol,156,0,8,0,0,0,True,https://www.skland.com/article?id=1947561,https://strategy.skland.com/api/resources/items,skland_strategy_public_search_top20,False
2026-09-05T04:07:31+08:00,泥岩,泥岩,time,15,1465,1781356,边城移动小镇  可充能督战音响 （艾丽妮+泥岩+刘明三核打法）指导向攻略,2024-04-23T05:01:53+00:00,380220,menthol,144,0,13,3,0,2,True,https://www.skland.com/article?id=1781356,https://strategy.skland.com/api/resources/items,skland_strategy_public_search_top20,False
2026-09-05T04:07:31+08:00,泥岩,泥岩,time,16,303,158272,六星干员攻略（泥岩）,2023-09-21T17:34:04+00:00,156545,铃兰桑的欧尼酱,7183,0,78,51,0,46,True,https://www.skland.com/article?id=158272,https://strategy.skland.com/api/resources/items,skland_strategy_public_search_top20,False
2026-09-05T04:07:31+08:00,泥岩,泥岩,time,17,282,123753,从功能定位出发的全时期干员培养推荐——#5清杂之煌、泥岩,2023-09-04T12:13:47+00:00,208381,青w筠,1805,0,60,8,0,37,True,https://www.skland.com/article?id=123753,https://strategy.skland.com/api/resources/items,skland_strategy_public_search_top20,False
2026-09-05T04:07:31+08:00,浊心斯卡蒂,浊心斯卡蒂,hot,1,678,1420587,【浊心斯卡蒂】时过境迁，如今的蒂蒂强度究竟如何？三千字测评告诉你答案！,2023-12-16T14:11:10+00:00,544842,多索雷斯女王,3852,0,148,28,0,41,True,https://www.skland.com/article?id=1420587,https://strategy.skland.com/api/resources/items,skland_strategy_public_search_top20,False
2026-09-05T04:07:31+08:00,浊心斯卡蒂,浊心斯卡蒂,hot,2,562,1346136,浊心斯卡蒂强度演变史,2023-11-18T03:30:50+00:00,131475,逸天神龙,15204,0,1680,246,0,291,True,https://www.skland.com/article?id=1346136,https://strategy.skland.com/api/resources/items,skland_strategy_public_search_top20,False
2026-09-05T04:07:31+08:00,浊心斯卡蒂,浊心斯卡蒂,hot,3,2470,2312242,【2024.10】模组升级-综合推荐（浊心斯卡蒂、魔王、号角、白铁）,2024-10-12T17:23:11+00:00,120476,明有奇巧人,7433,0,202,157,0,18,True,https://www.skland.com/article?id=2312242,https://strategy.skland.com/api/resources/items,skland_strategy_public_search_top20,False
2026-09-05T04:07:31+08:00,浊心斯卡蒂,浊心斯卡蒂,hot,4,1571,1982692,生路BR-7扭转醇少人速刷信赖点位（逻各斯logos，浊心斯卡蒂核心）,2024-06-05T09:08:34+00:00,696823,刑崽崽,83,0,6,0,0,4,True,https://www.skland.com/article?id=1982692,https://strategy.skland.com/api/resources/items,skland_strategy_public_search_top20,False
2026-09-05T04:07:31+08:00,浊心斯卡蒂,浊心斯卡蒂,hot,5,1572,1982819,生路BP-6糖组少人速刷信赖攻略（逻各斯，浊心斯卡蒂，羊核心）,2024-06-05T09:23:01+00:00,696823,刑崽崽,103,0,5,0,0,3,True,https://www.skland.com/article?id=1982819,https://strategy.skland.com/api/resources/items,skland_strategy_public_search_top20,False
2026-09-05T04:07:31+08:00,浊心斯卡蒂,浊心斯卡蒂,time,1,2470,2312242,【2024.10】模组升级-综合推荐（浊心斯卡蒂、魔王、号角、白铁）,2024-10-12T17:23:11+00:00,120476,明有奇巧人,7433,0,202,157,0,18,True,https://www.skland.com/article?id=2312242,https://strategy.skland.com/api/resources/items,skland_strategy_public_search_top20,False
2026-09-05T04:07:31+08:00,浊心斯卡蒂,浊心斯卡蒂,time,2,1572,1982819,生路BP-6糖组少人速刷信赖攻略（逻各斯，浊心斯卡蒂，羊核心）,2024-06-05T09:23:01+00:00,696823,刑崽崽,103,0,5,0,0,3,True,https://www.skland.com/article?id=1982819,https://strategy.skland.com/api/resources/items,skland_strategy_public_search_top20,False
2026-09-05T04:07:31+08:00,浊心斯卡蒂,浊心斯卡蒂,time,3,1571,1982692,生路BR-7扭转醇少人速刷信赖点位（逻各斯logos，浊心斯卡蒂核心）,2024-06-05T09:08:34+00:00,696823,刑崽崽,83,0,6,0,0,4,True,https://www.skland.com/article?id=1982692,https://strategy.skland.com/api/resources/items,skland_strategy_public_search_top20,False
2026-09-05T04:07:31+08:00,浊心斯卡蒂,浊心斯卡蒂,time,4,678,1420587,【浊心斯卡蒂】时过境迁，如今的蒂蒂强度究竟如何？三千字测评告诉你答案！,2023-12-16T14:11:10+00:00,544842,多索雷斯女王,3852,0,148,28,0,41,True,https://www.skland.com/article?id=1420587,https://strategy.skland.com/api/resources/items,skland_strategy_public_search_top20,False
2026-09-05T04:07:31+08:00,浊心斯卡蒂,浊心斯卡蒂,time,5,562,1346136,浊心斯卡蒂强度演变史,2023-11-18T03:30:50+00:00,131475,逸天神龙,15204,0,1680,246,0,291,True,https://www.skland.com/article?id=1346136,https://strategy.skland.com/api/resources/items,skland_strategy_public_search_top20,False
2026-09-05T04:07:31+08:00,温蒂,温蒂,hot,1,150,52723,六星干员攻略（温蒂）,2023-08-14T19:10:41+00:00,156545,铃兰桑的欧尼酱,5064,0,32,17,0,29,True,https://www.skland.com/article?id=52723,https://strategy.skland.com/api/resources/items,skland_strategy_public_search_top20,False
2026-09-05T04:07:31+08:00,温蒂,温蒂,hot,2,646,1403462,走进方舟02——温蒂永控羊癫疯的魔术，攻速加成的秘密,2023-12-08T04:42:36+00:00,183776,懿鸸糁耜婺,1845,0,144,50,0,25,True,https://www.skland.com/article?id=1403462,https://strategy.skland.com/api/resources/items,skland_strategy_public_search_top20,False
2026-09-05T04:07:31+08:00,温蒂,温蒂,hot,3,3156,2648126,【净罪作战】小刻铃兰温蒂三核620分蚀刻章镀层 2603无潜能无伊内丝简单好抄,2025-02-06T10:09:05+00:00,101405,柠檬味的小小猪,203,449,11,1,0,0,True,https://www.skland.com/article?id=2648126,https://strategy.skland.com/api/resources/items,skland_strategy_public_search_top20,False
2026-09-05T04:07:31+08:00,温蒂,温蒂,hot,4,2789,2427966,【前情提要】棘刺为什么要隐瞒他没剧情的历史？温蒂又与罗德岛有怎样的爱恨情仇？,2024-12-04T04:10:42+00:00,101315,苟淡居士,938,4766,143,33,0,6,True,https://www.skland.com/article?id=2427966,https://strategy.skland.com/api/resources/items,skland_strategy_public_search_top20,False
2026-09-05T04:07:31+08:00,温蒂,温蒂,hot,5,3158,2648075,【净罪作战】蚀裂冰湖满级340分仅需2技能温蒂单人,2025-02-06T09:53:11+00:00,101405,柠檬味的小小猪,96,351,4,0,0,2,True,https://www.skland.com/article?id=2648075,https://strategy.skland.com/api/resources/items,skland_strategy_public_search_top20,False
2026-09-05T04:07:31+08:00,温蒂,温蒂,hot,6,6250,5951714,【涤墨作战】温蒂单人蚀裂冰湖满级340分做任务 简单好抄高容错【6.26轮换】,2026-06-26T08:52:24+00:00,101405,柠檬味的小小猪,581,3816,108,14,0,7,True,https://www.skland.com/article?id=5951714,https://strategy.skland.com/api/resources/items,skland_strategy_public_search_top20,False
2026-09-05T04:07:31+08:00,温蒂,温蒂,hot,7,6474,5982824,【全息#2】11-6镀层 六人摆完挂机 一种基于温蒂炒菜的永控打法,2026-07-10T10:06:28+00:00,134832,CarpeDiem,40,541,9,1,0,0,True,https://www.skland.com/article?id=5982824,https://strategy.skland.com/api/resources/items,skland_strategy_public_search_top20,False
2026-09-05T04:07:31+08:00,温蒂,温蒂,hot,8,4857,3229825,【攻略补全计划】温蒂—悖论模拟,2025-09-19T01:11:15+00:00,127231,山桜,30,34,3,0,0,0,True,https://www.skland.com/article?id=3229825,https://strategy.skland.com/api/resources/items,skland_strategy_public_search_top20,False
2026-09-05T04:07:31+08:00,温蒂,温蒂,hot,9,4732,3208550,【温蒂】悖论模拟攻略,2025-09-07T13:16:12+00:00,380220,menthol,30,103,3,0,0,0,True,https://www.skland.com/article?id=3208550,https://strategy.skland.com/api/resources/items,skland_strategy_public_search_top20,False
2026-09-05T04:07:31+08:00,温蒂,温蒂,time,1,6474,5982824,【全息#2】11-6镀层 六人摆完挂机 一种基于温蒂炒菜的永控打法,2026-07-10T10:06:28+00:00,134832,CarpeDiem,40,541,9,1,0,0,True,https://www.skland.com/article?id=5982824,https://strategy.skland.com/api/resources/items,skland_strategy_public_search_top20,False
2026-09-05T04:07:31+08:00,温蒂,温蒂,time,2,6250,5951714,【涤墨作战】温蒂单人蚀裂冰湖满级340分做任务 简单好抄高容错【6.26轮换】,2026-06-26T08:52:24+00:00,101405,柠檬味的小小猪,581,3816,108,14,0,7,True,https://www.skland.com/article?id=5951714,https://strategy.skland.com/api/resources/items,skland_strategy_public_search_top20,False
2026-09-05T04:07:31+08:00,温蒂,温蒂,time,3,4857,3229825,【攻略补全计划】温蒂—悖论模拟,2025-09-19T01:11:15+00:00,127231,山桜,30,34,3,0,0,0,True,https://www.skland.com/article?id=3229825,https://strategy.skland.com/api/resources/items,skland_strategy_public_search_top20,False
2026-09-05T04:07:31+08:00,温蒂,温蒂,time,4,4732,3208550,【温蒂】悖论模拟攻略,2025-09-07T13:16:12+00:00,380220,menthol,30,103,3,0,0,0,True,https://www.skland.com/article?id=3208550,https://strategy.skland.com/api/resources/items,skland_strategy_public_search_top20,False
2026-09-05T04:07:31+08:00,温蒂,温蒂,time,5,3156,2648126,【净罪作战】小刻铃兰温蒂三核620分蚀刻章镀层 2603无潜能无伊内丝简单好抄,2025-02-06T10:09:05+00:00,101405,柠檬味的小小猪,203,449,11,1,0,0,True,https://www.skland.com/article?id=2648126,https://strategy.skland.com/api/resources/items,skland_strategy_public_search_top20,False
2026-09-05T04:07:31+08:00,温蒂,温蒂,time,6,3158,2648075,【净罪作战】蚀裂冰湖满级340分仅需2技能温蒂单人,2025-02-06T09:53:11+00:00,101405,柠檬味的小小猪,96,351,4,0,0,2,True,https://www.skland.com/article?id=2648075,https://strategy.skland.com/api/resources/items,skland_strategy_public_search_top20,False
2026-09-05T04:07:31+08:00,温蒂,温蒂,time,7,2789,2427966,【前情提要】棘刺为什么要隐瞒他没剧情的历史？温蒂又与罗德岛有怎样的爱恨情仇？,2024-12-04T04:10:42+00:00,101315,苟淡居士,938,4766,143,33,0,6,True,https://www.skland.com/article?id=2427966,https://strategy.skland.com/api/resources/items,skland_strategy_public_search_top20,False
2026-09-05T04:07:31+08:00,温蒂,温蒂,time,8,646,1403462,走进方舟02——温蒂永控羊癫疯的魔术，攻速加成的秘密,2023-12-08T04:42:36+00:00,183776,懿鸸糁耜婺,1845,0,144,50,0,25,True,https://www.skland.com/article?id=1403462,https://strategy.skland.com/api/resources/items,skland_strategy_public_search_top20,False
2026-09-05T04:07:31+08:00,温蒂,温蒂,time,9,150,52723,六星干员攻略（温蒂）,2023-08-14T19:10:41+00:00,156545,铃兰桑的欧尼酱,5064,0,32,17,0,29,True,https://www.skland.com/article?id=52723,https://strategy.skland.com/api/resources/items,skland_strategy_public_search_top20,False
2026-09-05T04:07:31+08:00,焰狐龙梓兰,焰狐龙梓兰,hot,1,6197,5902742,6星焰狐龙梓兰强度和数值解析,2026-06-05T03:52:47+00:00,160688,闻战思凡,675,0,155,0,0,19,True,https://www.skland.com/article?id=5902742,https://strategy.skland.com/api/resources/items,skland_strategy_public_search_top20,False
2026-09-05T04:07:31+08:00,焰狐龙梓兰,焰狐龙梓兰,hot,2,6130,5892604,【泡影苍霆】焰狐龙梓兰实装简评 新时代真群攻快活,2026-06-01T04:24:40+00:00,101405,柠檬味的小小猪,1653,0,68,11,0,8,True,https://www.skland.com/article?id=5892604,https://strategy.skland.com/api/resources/items,skland_strategy_public_search_top20,False
2026-09-05T04:07:31+08:00,焰狐龙梓兰,焰狐龙梓兰,hot,3,6128,5892035,干员测评【焰狐龙梓兰】-全技能落地秒开，再部署23s的狙,2026-06-01T03:35:21+00:00,177993,苏祁风,15730,0,344,40,0,139,True,https://www.skland.com/article?id=5892035,https://strategy.skland.com/api/resources/items,skland_strategy_public_search_top20,False
2026-09-05T04:07:31+08:00,焰狐龙梓兰,焰狐龙梓兰,hot,4,6268,5930763,【方舟实战论141】越用越强！这就是联动的实力吗？快活狙击恐怖如斯丨焰狐龙梓兰,2026-06-17T05:45:29+00:00,244382,二色彩虹,293,1083,48,1,0,1,True,https://www.skland.com/article?id=5930763,https://strategy.skland.com/api/resources/items,skland_strategy_public_search_top20,False
2026-09-05T04:07:31+08:00,焰狐龙梓兰,焰狐龙梓兰,hot,5,6129,5894140,【焰狐龙梓兰】干员升级/技能材料概览,2026-06-01T07:27:19+00:00,110257,星语Poistars,3744,0,418,13,0,82,True,https://www.skland.com/article?id=5894140,https://strategy.skland.com/api/resources/items,skland_strategy_public_search_top20,False
2026-09-05T04:07:31+08:00,焰狐龙梓兰,焰狐龙梓兰,hot,6,6196,5902324,怪猎联动6月模组开启建议（夜刀、忍冬、娜仁图亚、焰狐龙梓兰、雷狼龙S空爆）,2026-06-04T18:49:32+00:00,160688,闻战思凡,4337,0,317,17,0,40,True,https://www.skland.com/article?id=5902324,https://strategy.skland.com/api/resources/items,skland_strategy_public_search_top20,False
2026-09-05T04:07:31+08:00,焰狐龙梓兰,焰狐龙梓兰,hot,7,6216,5915679,「泡影苍霆」基建解析（焰狐龙梓兰、雷狼龙S空爆、罗德岛隐秘队）,2026-06-09T10:33:57+00:00,101177,BioHazard,895,0,55,15,0,1,True,https://www.skland.com/article?id=5915679,https://strategy.skland.com/api/resources/items,skland_strategy_public_search_top20,False
2026-09-05T04:07:31+08:00,焰狐龙梓兰,焰狐龙梓兰,hot,8,6123,5886726,怪猎联动6星焰狐龙梓兰技能前瞻数值分析，穿刺箭一击秒杀岁相,2026-05-29T08:15:43+00:00,160688,闻战思凡,2394,0,247,11,0,28,True,https://www.skland.com/article?id=5886726,https://strategy.skland.com/api/resources/items,skland_strategy_public_search_top20,False
2026-09-05T04:07:31+08:00,焰狐龙梓兰,焰狐龙梓兰,hot,9,6125,5887781,【焰狐龙梓兰】前瞻PV数据解析,2026-05-29T20:24:07+00:00,177993,苏祁风,12982,0,184,28,0,55,True,https://www.skland.com/article?id=5887781,https://strategy.skland.com/api/resources/items,skland_strategy_public_search_top20,False
2026-09-05T04:07:31+08:00,焰狐龙梓兰,焰狐龙梓兰,hot,10,6345,5893978,这一箭下去会很疯狂!焰狐龙梓兰实战演示,2026-06-01T06:53:40+00:00,101387,猫柳KEE,2709,8519,279,12,0,25,True,https://www.skland.com/article?id=5893978,https://strategy.skland.com/api/resources/items,skland_strategy_public_search_top20,False
2026-09-05T04:07:31+08:00,焰狐龙梓兰,焰狐龙梓兰,hot,11,6134,5893265,焰狐龙梓兰X模组任务摆完挂机,2026-06-01T05:12:13+00:00,101405,柠檬味的小小猪,686,4013,320,3,0,7,True,https://www.skland.com/article?id=5893265,https://strategy.skland.com/api/resources/items,skland_strategy_public_search_top20,False
2026-09-05T04:07:31+08:00,焰狐龙梓兰,焰狐龙梓兰,hot,12,6355,5901136,【泡影苍霆】TD-8 宿命流转，苍霆激荡 焰狐龙梓兰 单核（御龙）,2026-06-04T05:13:39+00:00,461067,到处找小刻吃的蜜饼,31,227,11,0,0,3,True,https://www.skland.com/article?id=5901136,https://strategy.skland.com/api/resources/items,skland_strategy_public_search_top20,False
2026-09-05T04:07:31+08:00,焰狐龙梓兰,焰狐龙梓兰,time,1,6268,5930763,【方舟实战论141】越用越强！这就是联动的实力吗？快活狙击恐怖如斯丨焰狐龙梓兰,2026-06-17T05:45:29+00:00,244382,二色彩虹,293,1083,48,1,0,1,True,https://www.skland.com/article?id=5930763,https://strategy.skland.com/api/resources/items,skland_strategy_public_search_top20,False
2026-09-05T04:07:31+08:00,焰狐龙梓兰,焰狐龙梓兰,time,2,6216,5915679,「泡影苍霆」基建解析（焰狐龙梓兰、雷狼龙S空爆、罗德岛隐秘队）,2026-06-09T10:33:57+00:00,101177,BioHazard,895,0,55,15,0,1,True,https://www.skland.com/article?id=5915679,https://strategy.skland.com/api/resources/items,skland_strategy_public_search_top20,False
2026-09-05T04:07:31+08:00,焰狐龙梓兰,焰狐龙梓兰,time,3,6197,5902742,6星焰狐龙梓兰强度和数值解析,2026-06-05T03:52:47+00:00,160688,闻战思凡,675,0,155,0,0,19,True,https://www.skland.com/article?id=5902742,https://strategy.skland.com/api/resources/items,skland_strategy_public_search_top20,False
2026-09-05T04:07:31+08:00,焰狐龙梓兰,焰狐龙梓兰,time,4,6196,5902324,怪猎联动6月模组开启建议（夜刀、忍冬、娜仁图亚、焰狐龙梓兰、雷狼龙S空爆）,2026-06-04T18:49:32+00:00,160688,闻战思凡,4337,0,317,17,0,40,True,https://www.skland.com/article?id=5902324,https://strategy.skland.com/api/resources/items,skland_strategy_public_search_top20,False
2026-09-05T04:07:31+08:00,焰狐龙梓兰,焰狐龙梓兰,time,5,6355,5901136,【泡影苍霆】TD-8 宿命流转，苍霆激荡 焰狐龙梓兰 单核（御龙）,2026-06-04T05:13:39+00:00,461067,到处找小刻吃的蜜饼,31,227,11,0,0,3,True,https://www.skland.com/article?id=5901136,https://strategy.skland.com/api/resources/items,skland_strategy_public_search_top20,False
2026-09-05T04:07:31+08:00,焰狐龙梓兰,焰狐龙梓兰,time,6,6129,5894140,【焰狐龙梓兰】干员升级/技能材料概览,2026-06-01T07:27:19+00:00,110257,星语Poistars,3744,0,418,13,0,82,True,https://www.skland.com/article?id=5894140,https://strategy.skland.com/api/resources/items,skland_strategy_public_search_top20,False
2026-09-05T04:07:31+08:00,焰狐龙梓兰,焰狐龙梓兰,time,7,6345,5893978,这一箭下去会很疯狂!焰狐龙梓兰实战演示,2026-06-01T06:53:40+00:00,101387,猫柳KEE,2709,8519,279,12,0,25,True,https://www.skland.com/article?id=5893978,https://strategy.skland.com/api/resources/items,skland_strategy_public_search_top20,False
2026-09-05T04:07:31+08:00,焰狐龙梓兰,焰狐龙梓兰,time,8,6134,5893265,焰狐龙梓兰X模组任务摆完挂机,2026-06-01T05:12:13+00:00,101405,柠檬味的小小猪,686,4013,320,3,0,7,True,https://www.skland.com/article?id=5893265,https://strategy.skland.com/api/resources/items,skland_strategy_public_search_top20,False
2026-09-05T04:07:31+08:00,焰狐龙梓兰,焰狐龙梓兰,time,9,6130,5892604,【泡影苍霆】焰狐龙梓兰实装简评 新时代真群攻快活,2026-06-01T04:24:40+00:00,101405,柠檬味的小小猪,1653,0,68,11,0,8,True,https://www.skland.com/article?id=5892604,https://strategy.skland.com/api/resources/items,skland_strategy_public_search_top20,False
2026-09-05T04:07:31+08:00,焰狐龙梓兰,焰狐龙梓兰,time,10,6128,5892035,干员测评【焰狐龙梓兰】-全技能落地秒开，再部署23s的狙,2026-06-01T03:35:21+00:00,177993,苏祁风,15730,0,344,40,0,139,True,https://www.skland.com/article?id=5892035,https://strategy.skland.com/api/resources/items,skland_strategy_public_search_top20,False
2026-09-05T04:07:31+08:00,焰狐龙梓兰,焰狐龙梓兰,time,11,6125,5887781,【焰狐龙梓兰】前瞻PV数据解析,2026-05-29T20:24:07+00:00,177993,苏祁风,12982,0,184,28,0,55,True,https://www.skland.com/article?id=5887781,https://strategy.skland.com/api/resources/items,skland_strategy_public_search_top20,False
2026-09-05T04:07:31+08:00,焰狐龙梓兰,焰狐龙梓兰,time,12,6123,5886726,怪猎联动6星焰狐龙梓兰技能前瞻数值分析，穿刺箭一击秒杀岁相,2026-05-29T08:15:43+00:00,160688,闻战思凡,2394,0,247,11,0,28,True,https://www.skland.com/article?id=5886726,https://strategy.skland.com/api/resources/items,skland_strategy_public_search_top20,False
2026-09-05T04:07:31+08:00,煌,煌,hot,1,146,40891,六星干员攻略（煌）,2023-08-06T20:57:59+00:00,156545,铃兰桑的欧尼酱,4398,0,21,14,0,13,False,https://www.skland.com/article?id=40891,https://strategy.skland.com/api/resources/items,skland_strategy_public_search_top20,False
2026-09-05T04:07:31+08:00,煌,煌,hot,2,3055,2591537,六星干员测评【烛煌】——限制颇多但爆发极高，余煌龙铠甲dps过万，灼燃体系输出手,2025-01-23T09:58:37+00:00,177993,苏祁风,5675,0,206,21,0,15,False,https://www.skland.com/article?id=2591537,https://strategy.skland.com/api/resources/items,skland_strategy_public_search_top20,False
2026-09-05T04:07:31+08:00,煌,煌,hot,3,3017,2568254,【相见欢】烛煌简评 1wdps的强制绑定对群大c,2025-01-22T08:04:34+00:00,101405,柠檬味的小小猪,3093,0,106,6,0,11,False,https://www.skland.com/article?id=2568254,https://strategy.skland.com/api/resources/items,skland_strategy_public_search_top20,False
2026-09-05T04:07:31+08:00,煌,煌,hot,4,1069,1698716,【OD-8】三人118秒速刷研磨石，稳定代理无概率。无煌刺ins焰苇,2024-03-22T03:32:35+00:00,134832,CarpeDiem,3155,0,164,65,0,37,False,https://www.skland.com/article?id=1698716,https://strategy.skland.com/api/resources/items,skland_strategy_public_search_top20,False
2026-09-05T04:07:31+08:00,煌,煌,hot,5,2100,2179481,新人练干员二三事：抽到煌的训练建议,2024-08-14T03:34:53+00:00,844418,疯狂的僵尸王,2520,0,161,13,0,71,False,https://www.skland.com/article?id=2179481,https://strategy.skland.com/api/resources/items,skland_strategy_public_search_top20,False
2026-09-05T04:07:31+08:00,煌,煌,hot,6,1067,1698571,【源石尘行动】OD-8六人速刷116秒 无银叔史山煌棘令ins 稳定代理刷研磨石,2024-03-22T02:05:16+00:00,101276,风雅荷,876,0,25,1,0,4,False,https://www.skland.com/article?id=1698571,https://strategy.skland.com/api/resources/items,skland_strategy_public_search_top20,False
2026-09-05T04:07:31+08:00,煌,煌,hot,7,3230,2645782,【干员实用性测评】#23烛煌——本源术师,2025-02-05T17:08:44+00:00,101142,柏喙攻略组,651,0,17,1,0,3,False,https://www.skland.com/article?id=2645782,https://strategy.skland.com/api/resources/items,skland_strategy_public_search_top20,False
2026-09-05T04:07:31+08:00,煌,煌,hot,8,3112,2632365,【炽吾生平】烛煌角色评测-以血引火，焚尽昏霭，我以我血荐真龙,2025-02-01T00:29:00+00:00,105671,被子没叠,807,0,50,6,0,4,False,https://www.skland.com/article?id=2632365,https://strategy.skland.com/api/resources/items,skland_strategy_public_search_top20,False
2026-09-05T04:07:31+08:00,煌,煌,hot,9,4595,3234875,【2025.09】模组升级-综合推荐（母鸡卡联动干员、塑心、煌）,2025-09-21T08:38:13+00:00,120476,明有奇巧人,10697,0,263,104,0,14,False,https://www.skland.com/article?id=3234875,https://strategy.skland.com/api/resources/items,skland_strategy_public_search_top20,False
2026-09-05T04:07:31+08:00,煌,煌,hot,10,4234,3116728,【2025.08】模组升级-综合推荐（遥、水陈、妮芙、烛煌、琳琅诗怀雅、佩佩,2025-08-09T09:07:28+00:00,120476,明有奇巧人,4795,0,86,22,0,4,False,https://www.skland.com/article?id=3116728,https://strategy.skland.com/api/resources/items,skland_strategy_public_search_top20,False
2026-09-05T04:07:31+08:00,煌,煌,hot,11,3702,2803660,【明日方舟】7.5秒清空弹匣！高台锏自豪？ | 技能专精推荐·烛煌,2025-04-20T08:55:37+00:00,101101,伊普希龙_Epts,500,545,20,1,0,0,False,https://www.skland.com/article?id=2803660,https://strategy.skland.com/api/resources/items,skland_strategy_public_search_top20,False
2026-09-05T04:07:31+08:00,煌,煌,hot,12,5117,3285808,新人练干员二三事：抽到烛煌该不该练？,2025-10-15T05:28:02+00:00,844418,疯狂的僵尸王,615,0,36,0,0,22,False,https://www.skland.com/article?id=3285808,https://strategy.skland.com/api/resources/items,skland_strategy_public_search_top20,False
2026-09-05T04:07:31+08:00,煌,煌,hot,13,4129,3075003,【菲林干员攻略#11】什么叫菲林巫役和本源术师各爆各的条？——烛煌篇,2025-07-29T15:00:28+00:00,104745,我叫火星,392,0,11,1,0,0,False,https://www.skland.com/article?id=3075003,https://strategy.skland.com/api/resources/items,skland_strategy_public_search_top20,False
2026-09-05T04:07:31+08:00,煌,煌,hot,14,5010,3376345,【雪山降临】OS-9切削液 3人 乌尔煌领主,2025-11-01T23:10:38+00:00,113532,化学老施,293,1001,44,0,0,1,False,https://www.skland.com/article?id=3376345,https://strategy.skland.com/api/resources/items,skland_strategy_public_search_top20,False
2026-09-05T04:07:31+08:00,煌,煌,hot,15,389,190958,【热门干员组合分析#1】塞雷娅+煌,2023-10-12T15:14:38+00:00,544842,多索雷斯女王,2650,0,67,20,0,22,False,https://www.skland.com/article?id=190958,https://strategy.skland.com/api/resources/items,skland_strategy_public_search_top20,False
2026-09-05T04:07:31+08:00,煌,煌,hot,16,3133,2645874,【净罪作战】模组整合块任务 低配过图思路（余煌双核）,2025-02-05T17:41:06+00:00,104939,小小暗v影,248,359,14,5,0,7,False,https://www.skland.com/article?id=2645874,https://strategy.skland.com/api/resources/items,skland_strategy_public_search_top20,False
2026-09-05T04:07:31+08:00,煌,煌,hot,17,5026,3374063,【雪山降临1101】煌伪单人OS-4堵门66s速刷固源岩 简单好抄近理论最速搓玉,2025-11-01T15:04:26+00:00,101405,柠檬味的小小猪,128,439,9,0,0,0,False,https://www.skland.com/article?id=3374063,https://strategy.skland.com/api/resources/items,skland_strategy_public_search_top20,False
2026-09-05T04:07:31+08:00,煌,煌,hot,18,3004,2523560,新春前瞻内容总结，异格煌，火炬树桩余、基建优化、新活动促融共竞、危机合约、主线,2025-01-19T04:50:13+00:00,160688,闻战思凡,512,813,78,1,0,0,False,https://www.skland.com/article?id=2523560,https://strategy.skland.com/api/resources/items,skland_strategy_public_search_top20,False
2026-09-05T04:07:31+08:00,煌,煌,hot,19,6306,5980083,7月新模组前瞻和开启建议-苇草，烛煌，谬因,2026-07-09T09:57:18+00:00,160688,闻战思凡,2795,0,280,7,0,25,False,https://www.skland.com/article?id=5980083,https://strategy.skland.com/api/resources/items,skland_strategy_public_search_top20,False
2026-09-05T04:07:31+08:00,煌,煌,hot,20,5470,3561700,雅赛努斯复仇记情报汇总和解析，新6星缇缇睡眠永控？烛煌/隐隐/行箸新皮肤,2026-01-03T06:48:06+00:00,160688,闻战思凡,9921,0,273,15,0,45,False,https://www.skland.com/article?id=3561700,https://strategy.skland.com/api/resources/items,skland_strategy_public_search_top20,False
2026-09-05T04:07:31+08:00,煌,煌,time,1,6375,5986820,【2026.07】模组升级-综合推荐（谬因、焰影苇草、烛煌）,2026-07-11T10:30:25+00:00,120476,明有奇巧人,1059,0,42,8,0,3,False,https://www.skland.com/article?id=5986820,https://strategy.skland.com/api/resources/items,skland_strategy_public_search_top20,False
2026-09-05T04:07:31+08:00,煌,煌,time,2,6306,5980083,7月新模组前瞻和开启建议-苇草，烛煌，谬因,2026-07-09T09:57:18+00:00,160688,闻战思凡,2795,0,280,7,0,25,False,https://www.skland.com/article?id=5980083,https://strategy.skland.com/api/resources/items,skland_strategy_public_search_top20,False
2026-09-05T04:07:31+08:00,煌,煌,time,3,5716,5578237,【矢量突破#2】望煌 双人有增益VEC-12,2026-02-25T10:06:31+00:00,1025511,龙门作战组,50,39,4,0,0,0,False,https://www.skland.com/article?id=5578237,https://strategy.skland.com/api/resources/items,skland_strategy_public_search_top20,False
2026-09-05T04:07:31+08:00,煌,煌,time,4,5703,5566152,【矢量突破】煌+安姐=删除本期BOSS？单人永控？最血克的一集！,2026-02-24T11:34:12+00:00,101066,泥萌都是托,1869,2914,410,30,0,19,False,https://www.skland.com/article?id=5566152,https://strategy.skland.com/api/resources/items,skland_strategy_public_search_top20,False
2026-09-05T04:07:31+08:00,煌,煌,time,5,5470,3561700,雅赛努斯复仇记情报汇总和解析，新6星缇缇睡眠永控？烛煌/隐隐/行箸新皮肤,2026-01-03T06:48:06+00:00,160688,闻战思凡,9921,0,273,15,0,45,False,https://www.skland.com/article?id=3561700,https://strategy.skland.com/api/resources/items,skland_strategy_public_search_top20,False
2026-09-05T04:07:31+08:00,煌,煌,time,6,5324,3393307,【雪山降临】OS-7糖组 2人4步 号角煌,2025-11-05T02:00:53+00:00,113532,化学老施,161,962,32,0,0,0,False,https://www.skland.com/article?id=3393307,https://strategy.skland.com/api/resources/items,skland_strategy_public_search_top20,False
2026-09-05T04:07:31+08:00,煌,煌,time,7,5010,3376345,【雪山降临】OS-9切削液 3人 乌尔煌领主,2025-11-01T23:10:38+00:00,113532,化学老施,293,1001,44,0,0,1,False,https://www.skland.com/article?id=3376345,https://strategy.skland.com/api/resources/items,skland_strategy_public_search_top20,False
2026-09-05T04:07:31+08:00,煌,煌,time,8,5026,3374063,【雪山降临1101】煌伪单人OS-4堵门66s速刷固源岩 简单好抄近理论最速搓玉,2025-11-01T15:04:26+00:00,101405,柠檬味的小小猪,128,439,9,0,0,0,False,https://www.skland.com/article?id=3374063,https://strategy.skland.com/api/resources/items,skland_strategy_public_search_top20,False
2026-09-05T04:07:31+08:00,煌,煌,time,9,5117,3285808,新人练干员二三事：抽到烛煌该不该练？,2025-10-15T05:28:02+00:00,844418,疯狂的僵尸王,615,0,36,0,0,22,False,https://www.skland.com/article?id=3285808,https://strategy.skland.com/api/resources/items,skland_strategy_public_search_top20,False
2026-09-05T04:07:31+08:00,煌,煌,time,10,4595,3234875,【2025.09】模组升级-综合推荐（母鸡卡联动干员、塑心、煌）,2025-09-21T08:38:13+00:00,120476,明有奇巧人,10697,0,263,104,0,14,False,https://www.skland.com/article?id=3234875,https://strategy.skland.com/api/resources/items,skland_strategy_public_search_top20,False
2026-09-05T04:07:31+08:00,煌,煌,time,11,4840,3233375,【攻略补全计划】煌—悖论模拟,2025-09-20T15:19:44+00:00,127231,山桜,67,183,9,1,0,0,False,https://www.skland.com/article?id=3233375,https://strategy.skland.com/api/resources/items,skland_strategy_public_search_top20,False
2026-09-05T04:07:31+08:00,煌,煌,time,12,4415,3176968,【煌】悖论模拟攻略,2025-08-29T10:04:38+00:00,380220,menthol,20,75,2,0,0,0,True,https://www.skland.com/article?id=3176968,https://strategy.skland.com/api/resources/items,skland_strategy_public_search_top20,False
2026-09-05T04:07:31+08:00,煌,煌,time,13,4234,3116728,【2025.08】模组升级-综合推荐（遥、水陈、妮芙、烛煌、琳琅诗怀雅、佩佩,2025-08-09T09:07:28+00:00,120476,明有奇巧人,4795,0,86,22,0,4,False,https://www.skland.com/article?id=3116728,https://strategy.skland.com/api/resources/items,skland_strategy_public_search_top20,False
2026-09-05T04:07:31+08:00,煌,煌,time,14,4129,3075003,【菲林干员攻略#11】什么叫菲林巫役和本源术师各爆各的条？——烛煌篇,2025-07-29T15:00:28+00:00,104745,我叫火星,392,0,11,1,0,0,False,https://www.skland.com/article?id=3075003,https://strategy.skland.com/api/resources/items,skland_strategy_public_search_top20,False
2026-09-05T04:07:31+08:00,煌,煌,time,15,3960,2969085,【红丝绒】AD-EX-6突袭低配过图思路（煌单核）,2025-06-13T16:54:47+00:00,104939,小小暗v影,18,173,4,1,0,0,False,https://www.skland.com/article?id=2969085,https://strategy.skland.com/api/resources/items,skland_strategy_public_search_top20,False
2026-09-05T04:07:31+08:00,煌,煌,time,16,3702,2803660,【明日方舟】7.5秒清空弹匣！高台锏自豪？ | 技能专精推荐·烛煌,2025-04-20T08:55:37+00:00,101101,伊普希龙_Epts,500,545,20,1,0,0,False,https://www.skland.com/article?id=2803660,https://strategy.skland.com/api/resources/items,skland_strategy_public_search_top20,False
2026-09-05T04:07:31+08:00,煌,煌,time,17,3218,2658059,【净罪作战四步镀层】勤劳勇敢的烛煌，为了合约的胜利，做出了巨大的牺牲~,2025-02-10T14:08:32+00:00,131475,逸天神龙,555,1615,64,13,0,26,False,https://www.skland.com/article?id=2658059,https://strategy.skland.com/api/resources/items,skland_strategy_public_search_top20,False
2026-09-05T04:07:31+08:00,煌,煌,time,18,3133,2645874,【净罪作战】模组整合块任务 低配过图思路（余煌双核）,2025-02-05T17:41:06+00:00,104939,小小暗v影,248,359,14,5,0,7,False,https://www.skland.com/article?id=2645874,https://strategy.skland.com/api/resources/items,skland_strategy_public_search_top20,False
2026-09-05T04:07:31+08:00,煌,煌,time,19,3230,2645782,【干员实用性测评】#23烛煌——本源术师,2025-02-05T17:08:44+00:00,101142,柏喙攻略组,651,0,17,1,0,3,False,https://www.skland.com/article?id=2645782,https://strategy.skland.com/api/resources/items,skland_strategy_public_search_top20,False
2026-09-05T04:07:31+08:00,煌,煌,time,20,3112,2632365,【炽吾生平】烛煌角色评测-以血引火，焚尽昏霭，我以我血荐真龙,2025-02-01T00:29:00+00:00,105671,被子没叠,807,0,50,6,0,4,False,https://www.skland.com/article?id=2632365,https://strategy.skland.com/api/resources/items,skland_strategy_public_search_top20,False
2026-09-05T04:07:31+08:00,玛恩纳,玛恩纳,hot,1,145,38690,六星干员攻略（玛恩纳）,2023-08-06T04:48:25+00:00,156545,铃兰桑的欧尼酱,8205,0,32,12,0,18,True,https://www.skland.com/article?id=38690,https://strategy.skland.com/api/resources/items,skland_strategy_public_search_top20,False
2026-09-05T04:07:31+08:00,玛恩纳,玛恩纳,hot,2,645,1402084,未曾起誓-[玛恩纳]全方位干员攻略,2023-12-07T13:13:58+00:00,1016588,ABNOKERJ,3406,0,102,26,0,8,True,https://www.skland.com/article?id=1402084,https://strategy.skland.com/api/resources/items,skland_strategy_public_search_top20,False
2026-09-05T04:07:31+08:00,玛恩纳,玛恩纳,hot,3,4027,3018107,司霆惊蛰食用指南&干员养成攻略，玛恩纳脱单！,2025-07-09T06:54:26+00:00,238378,星海浩瀚VU,2786,0,65,9,0,8,True,https://www.skland.com/article?id=3018107,https://strategy.skland.com/api/resources/items,skland_strategy_public_search_top20,False
2026-09-05T04:07:31+08:00,玛恩纳,玛恩纳,hot,4,3792,2913467,【2025.05】模组升级-综合推荐（玛恩纳、新约能天使、蕾缪安、信仰搅拌机等）,2025-05-20T23:44:16+00:00,120476,明有奇巧人,17953,0,519,538,0,39,True,https://www.skland.com/article?id=2913467,https://strategy.skland.com/api/resources/items,skland_strategy_public_search_top20,False
2026-09-05T04:07:31+08:00,玛恩纳,玛恩纳,hot,5,2819,2432608,EP-6 糖组 107秒 精二1级无限定堵门速刷 玛恩纳+银灰 （出苍白海）,2024-12-05T18:19:09+00:00,115056,金传说汤面,240,373,19,2,0,1,True,https://www.skland.com/article?id=2432608,https://strategy.skland.com/api/resources/items,skland_strategy_public_search_top20,False
2026-09-05T04:07:31+08:00,玛恩纳,玛恩纳,hot,6,2683,2366961,PV-9 刺球94秒 无限定精二1级速刷蚀刻章 玛恩纳+凯尔希+锏 （揭幕者们）,2024-11-03T14:54:51+00:00,115056,金传说汤面,242,701,16,1,0,1,True,https://www.skland.com/article?id=2366961,https://strategy.skland.com/api/resources/items,skland_strategy_public_search_top20,False
2026-09-05T04:07:31+08:00,玛恩纳,玛恩纳,hot,7,476,253737,ZT-9双人速刷（玛恩纳鸿雪）,2023-11-02T04:48:33+00:00,177993,苏祁风,432,0,29,2,0,1,True,https://www.skland.com/article?id=253737,https://strategy.skland.com/api/resources/items,skland_strategy_public_search_top20,False
2026-09-05T04:07:31+08:00,玛恩纳,玛恩纳,hot,8,5204,3389883,金光静雨所到之处，博士竭诚欢迎！【卡西米尔阵营队#6 玛恩纳篇】,2025-11-04T05:09:35+00:00,104927,御剑_天下,168,222,15,1,0,0,True,https://www.skland.com/article?id=3389883,https://strategy.skland.com/api/resources/items,skland_strategy_public_search_top20,False
2026-09-05T04:07:31+08:00,玛恩纳,玛恩纳,hot,9,634,1397560,【银心湖列车】RS-8 玛恩纳单核 低配简单好抄 带图文精细解析,2023-12-05T15:31:46+00:00,476903,是傻鸟的谷原晴子喵,1138,0,148,20,0,58,True,https://www.skland.com/article?id=1397560,https://strategy.skland.com/api/resources/items,skland_strategy_public_search_top20,False
2026-09-05T04:07:31+08:00,玛恩纳,玛恩纳,hot,10,5141,3278960,【第十六章·反常光谱】16-16险地/沙盘推演 玛恩纳 摆完半挂机,2025-10-11T23:34:10+00:00,646048,孑诺Sang,56,57,1,1,0,0,True,https://www.skland.com/article?id=3278960,https://strategy.skland.com/api/resources/items,skland_strategy_public_search_top20,False
2026-09-05T04:07:31+08:00,玛恩纳,玛恩纳,hot,11,514,1270289,【ZT-EX-7突袭】五人半挂机，简单好抄。仅玛恩纳必须。,2023-11-08T12:04:25+00:00,134832,CarpeDiem,143,0,12,2,0,3,True,https://www.skland.com/article?id=1270289,https://strategy.skland.com/api/resources/items,skland_strategy_public_search_top20,False
2026-09-05T04:07:31+08:00,玛恩纳,玛恩纳,hot,12,5760,5633077,VEC-SP16玛恩纳单核驻守【矢量突破#2巫术之夜】,2026-03-05T21:05:42+00:00,101405,柠檬味的小小猪,569,1498,188,3,0,2,True,https://www.skland.com/article?id=5633077,https://strategy.skland.com/api/resources/items,skland_strategy_public_search_top20,False
2026-09-05T04:07:31+08:00,玛恩纳,玛恩纳,hot,13,2197,2217838,8.29罗德岛日报 【限定池抽取建议】【玛恩纳进店建议】,2024-08-28T23:37:31+00:00,113532,化学老施,2054,0,70,2,0,11,True,https://www.skland.com/article?id=2217838,https://strategy.skland.com/api/resources/items,skland_strategy_public_search_top20,False
2026-09-05T04:07:31+08:00,玛恩纳,玛恩纳,hot,14,2682,2359162,PV-8 轻锰矿 99秒 精二1级信赖速刷 玛恩纳+凯尔希+锏 （揭幕者们）,2024-11-01T16:55:16+00:00,115056,金传说汤面,403,1883,36,4,0,2,True,https://www.skland.com/article?id=2359162,https://strategy.skland.com/api/resources/items,skland_strategy_public_search_top20,False
2026-09-05T04:07:31+08:00,玛恩纳,玛恩纳,hot,15,216,128275,【CV-8】玛恩纳单核低配攻略（附带蚀刻章）,2023-09-05T13:00:51+00:00,101196,Q弹的羽Q,865,0,98,13,0,26,True,https://www.skland.com/article?id=128275,https://strategy.skland.com/api/resources/items,skland_strategy_public_search_top20,False
2026-09-05T04:07:31+08:00,玛恩纳,玛恩纳,hot,16,3803,2916848,【矢量突破#1】特别战线10 行色匆匆 玛恩纳+任意驭械 VEC-SP10,2025-05-22T10:08:56+00:00,113532,化学老施,112,661,31,0,0,2,True,https://www.skland.com/article?id=2916848,https://strategy.skland.com/api/resources/items,skland_strategy_public_search_top20,False
2026-09-05T04:07:31+08:00,玛恩纳,玛恩纳,hot,17,2238,2233283,【泰拉饭】DT-5 平民阵容玛恩纳单核打法,2024-09-02T17:41:57+00:00,476903,是傻鸟的谷原晴子喵,96,0,25,0,0,1,True,https://www.skland.com/article?id=2233283,https://strategy.skland.com/api/resources/items,skland_strategy_public_search_top20,False
2026-09-05T04:07:31+08:00,玛恩纳,玛恩纳,hot,18,2241,2234042,【泰拉饭】DT-8 平民阵容玛恩纳单核关底攻略,2024-09-03T04:04:53+00:00,476903,是傻鸟的谷原晴子喵,126,0,21,0,0,6,True,https://www.skland.com/article?id=2234042,https://strategy.skland.com/api/resources/items,skland_strategy_public_search_top20,False
2026-09-05T04:07:31+08:00,玛恩纳,玛恩纳,hot,19,3444,2703679,3把可拿蚀刻章 EA-7 半自然溶液 92秒 阿斯卡纶+玛恩纳 无限定堵门速刷,2025-03-07T18:20:41+00:00,115056,金传说汤面,48,197,7,1,0,0,True,https://www.skland.com/article?id=2703679,https://strategy.skland.com/api/resources/items,skland_strategy_public_search_top20,False
2026-09-05T04:07:31+08:00,玛恩纳,玛恩纳,hot,20,2314,2247540,【泰拉饭】DT-EX-1突袭低配过图思路（玛恩纳单核）,2024-09-09T11:28:03+00:00,104939,小小暗v影,12,118,4,0,0,0,True,https://www.skland.com/article?id=2247540,https://strategy.skland.com/api/resources/items,skland_strategy_public_search_top20,False
2026-09-05T04:07:31+08:00,玛恩纳,玛恩纳,time,1,5760,5633077,VEC-SP16玛恩纳单核驻守【矢量突破#2巫术之夜】,2026-03-05T21:05:42+00:00,101405,柠檬味的小小猪,569,1498,188,3,0,2,True,https://www.skland.com/article?id=5633077,https://strategy.skland.com/api/resources/items,skland_strategy_public_search_top20,False
2026-09-05T04:07:31+08:00,玛恩纳,玛恩纳,time,2,5204,3389883,金光静雨所到之处，博士竭诚欢迎！【卡西米尔阵营队#6 玛恩纳篇】,2025-11-04T05:09:35+00:00,104927,御剑_天下,168,222,15,1,0,0,True,https://www.skland.com/article?id=3389883,https://strategy.skland.com/api/resources/items,skland_strategy_public_search_top20,False
2026-09-05T04:07:31+08:00,玛恩纳,玛恩纳,time,3,5141,3278960,【第十六章·反常光谱】16-16险地/沙盘推演 玛恩纳 摆完半挂机,2025-10-11T23:34:10+00:00,646048,孑诺Sang,56,57,1,1,0,0,True,https://www.skland.com/article?id=3278960,https://strategy.skland.com/api/resources/items,skland_strategy_public_search_top20,False
2026-09-05T04:07:31+08:00,玛恩纳,玛恩纳,time,4,4027,3018107,司霆惊蛰食用指南&干员养成攻略，玛恩纳脱单！,2025-07-09T06:54:26+00:00,238378,星海浩瀚VU,2786,0,65,9,0,8,True,https://www.skland.com/article?id=3018107,https://strategy.skland.com/api/resources/items,skland_strategy_public_search_top20,False
2026-09-05T04:07:31+08:00,玛恩纳,玛恩纳,time,5,3803,2916848,【矢量突破#1】特别战线10 行色匆匆 玛恩纳+任意驭械 VEC-SP10,2025-05-22T10:08:56+00:00,113532,化学老施,112,661,31,0,0,2,True,https://www.skland.com/article?id=2916848,https://strategy.skland.com/api/resources/items,skland_strategy_public_search_top20,False
2026-09-05T04:07:31+08:00,玛恩纳,玛恩纳,time,6,3792,2913467,【2025.05】模组升级-综合推荐（玛恩纳、新约能天使、蕾缪安、信仰搅拌机等）,2025-05-20T23:44:16+00:00,120476,明有奇巧人,17953,0,519,538,0,39,True,https://www.skland.com/article?id=2913467,https://strategy.skland.com/api/resources/items,skland_strategy_public_search_top20,False
2026-09-05T04:07:31+08:00,玛恩纳,玛恩纳,time,7,3444,2703679,3把可拿蚀刻章 EA-7 半自然溶液 92秒 阿斯卡纶+玛恩纳 无限定堵门速刷,2025-03-07T18:20:41+00:00,115056,金传说汤面,48,197,7,1,0,0,True,https://www.skland.com/article?id=2703679,https://strategy.skland.com/api/resources/items,skland_strategy_public_search_top20,False
2026-09-05T04:07:31+08:00,玛恩纳,玛恩纳,time,8,2819,2432608,EP-6 糖组 107秒 精二1级无限定堵门速刷 玛恩纳+银灰 （出苍白海）,2024-12-05T18:19:09+00:00,115056,金传说汤面,240,373,19,2,0,1,True,https://www.skland.com/article?id=2432608,https://strategy.skland.com/api/resources/items,skland_strategy_public_search_top20,False
2026-09-05T04:07:31+08:00,玛恩纳,玛恩纳,time,9,2683,2366961,PV-9 刺球94秒 无限定精二1级速刷蚀刻章 玛恩纳+凯尔希+锏 （揭幕者们）,2024-11-03T14:54:51+00:00,115056,金传说汤面,242,701,16,1,0,1,True,https://www.skland.com/article?id=2366961,https://strategy.skland.com/api/resources/items,skland_strategy_public_search_top20,False
2026-09-05T04:07:31+08:00,玛恩纳,玛恩纳,time,10,2682,2359162,PV-8 轻锰矿 99秒 精二1级信赖速刷 玛恩纳+凯尔希+锏 （揭幕者们）,2024-11-01T16:55:16+00:00,115056,金传说汤面,403,1883,36,4,0,2,True,https://www.skland.com/article?id=2359162,https://strategy.skland.com/api/resources/items,skland_strategy_public_search_top20,False
2026-09-05T04:07:31+08:00,玛恩纳,玛恩纳,time,11,2314,2247540,【泰拉饭】DT-EX-1突袭低配过图思路（玛恩纳单核）,2024-09-09T11:28:03+00:00,104939,小小暗v影,12,118,4,0,0,0,True,https://www.skland.com/article?id=2247540,https://strategy.skland.com/api/resources/items,skland_strategy_public_search_top20,False
2026-09-05T04:07:31+08:00,玛恩纳,玛恩纳,time,12,2241,2234042,【泰拉饭】DT-8 平民阵容玛恩纳单核关底攻略,2024-09-03T04:04:53+00:00,476903,是傻鸟的谷原晴子喵,126,0,21,0,0,6,True,https://www.skland.com/article?id=2234042,https://strategy.skland.com/api/resources/items,skland_strategy_public_search_top20,False
2026-09-05T04:07:31+08:00,玛恩纳,玛恩纳,time,13,2238,2233283,【泰拉饭】DT-5 平民阵容玛恩纳单核打法,2024-09-02T17:41:57+00:00,476903,是傻鸟的谷原晴子喵,96,0,25,0,0,1,True,https://www.skland.com/article?id=2233283,https://strategy.skland.com/api/resources/items,skland_strategy_public_search_top20,False
2026-09-05T04:07:31+08:00,玛恩纳,玛恩纳,time,14,2197,2217838,8.29罗德岛日报 【限定池抽取建议】【玛恩纳进店建议】,2024-08-28T23:37:31+00:00,113532,化学老施,2054,0,70,2,0,11,True,https://www.skland.com/article?id=2217838,https://strategy.skland.com/api/resources/items,skland_strategy_public_search_top20,False
2026-09-05T04:07:31+08:00,玛恩纳,玛恩纳,time,15,645,1402084,未曾起誓-[玛恩纳]全方位干员攻略,2023-12-07T13:13:58+00:00,1016588,ABNOKERJ,3406,0,102,26,0,8,True,https://www.skland.com/article?id=1402084,https://strategy.skland.com/api/resources/items,skland_strategy_public_search_top20,False
2026-09-05T04:07:31+08:00,玛恩纳,玛恩纳,time,16,634,1397560,【银心湖列车】RS-8 玛恩纳单核 低配简单好抄 带图文精细解析,2023-12-05T15:31:46+00:00,476903,是傻鸟的谷原晴子喵,1138,0,148,20,0,58,True,https://www.skland.com/article?id=1397560,https://strategy.skland.com/api/resources/items,skland_strategy_public_search_top20,False
2026-09-05T04:07:31+08:00,玛恩纳,玛恩纳,time,17,514,1270289,【ZT-EX-7突袭】五人半挂机，简单好抄。仅玛恩纳必须。,2023-11-08T12:04:25+00:00,134832,CarpeDiem,143,0,12,2,0,3,True,https://www.skland.com/article?id=1270289,https://strategy.skland.com/api/resources/items,skland_strategy_public_search_top20,False
2026-09-05T04:07:31+08:00,玛恩纳,玛恩纳,time,18,476,253737,ZT-9双人速刷（玛恩纳鸿雪）,2023-11-02T04:48:33+00:00,177993,苏祁风,432,0,29,2,0,1,True,https://www.skland.com/article?id=253737,https://strategy.skland.com/api/resources/items,skland_strategy_public_search_top20,False
2026-09-05T04:07:31+08:00,玛恩纳,玛恩纳,time,19,216,128275,【CV-8】玛恩纳单核低配攻略（附带蚀刻章）,2023-09-05T13:00:51+00:00,101196,Q弹的羽Q,865,0,98,13,0,26,True,https://www.skland.com/article?id=128275,https://strategy.skland.com/api/resources/items,skland_strategy_public_search_top20,False
2026-09-05T04:07:31+08:00,玛恩纳,玛恩纳,time,20,145,38690,六星干员攻略（玛恩纳）,2023-08-06T04:48:25+00:00,156545,铃兰桑的欧尼酱,8205,0,32,12,0,18,True,https://www.skland.com/article?id=38690,https://strategy.skland.com/api/resources/items,skland_strategy_public_search_top20,False
2026-09-05T04:07:31+08:00,真言,真言,hot,1,4666,3273685,真言食用指南&养成攻略，岁月美人🌼对策干员,2025-10-09T14:53:27+00:00,238378,星海浩瀚VU,2809,0,128,32,0,14,True,https://www.skland.com/article?id=3273685,https://strategy.skland.com/api/resources/items,skland_strategy_public_search_top20,False
2026-09-05T04:07:31+08:00,真言,真言,hot,2,4878,3282640,「反常光谱」版本基建解析（真言、折桠、冬时）,2025-10-13T08:31:34+00:00,101177,BioHazard,445,0,10,2,0,0,True,https://www.skland.com/article?id=3282640,https://strategy.skland.com/api/resources/items,skland_strategy_public_search_top20,False
2026-09-05T04:07:31+08:00,真言,真言,hot,3,5045,3328568,新人练干员二三事：抽到真言该不该练？,2025-10-29T08:29:52+00:00,844418,疯狂的僵尸王,496,0,42,2,0,18,True,https://www.skland.com/article?id=3328568,https://strategy.skland.com/api/resources/items,skland_strategy_public_search_top20,False
2026-09-05T04:07:31+08:00,真言,真言,hot,4,4695,3277184,【2025.10】模组升级-综合推荐（娜仁图亚、真言、艾雅法拉、圣约送葬人）,2025-10-11T04:57:40+00:00,120476,明有奇巧人,6181,0,158,21,0,5,True,https://www.skland.com/article?id=3277184,https://strategy.skland.com/api/resources/items,skland_strategy_public_search_top20,False
2026-09-05T04:07:31+08:00,真言,真言,hot,5,4659,3271349,【反常光谱】真言实装简评 我们酒后吐真言组合天下无敌啊！,2025-10-09T04:00:40+00:00,101405,柠檬味的小小猪,3072,0,96,17,0,32,True,https://www.skland.com/article?id=3271349,https://strategy.skland.com/api/resources/items,skland_strategy_public_search_top20,False
2026-09-05T04:07:31+08:00,真言,真言,hot,6,4658,3271327,真言评测：多功能恐怖奶奶，酒神好搭档,2025-10-09T03:54:13+00:00,177993,苏祁风,7277,0,165,24,0,69,True,https://www.skland.com/article?id=3271327,https://strategy.skland.com/api/resources/items,skland_strategy_public_search_top20,False
2026-09-05T04:07:31+08:00,真言,真言,hot,7,4676,3272974,新干员真言3技能肯定下毒..?千万？什么恐怖老奶奶？！,2025-10-09T11:04:34+00:00,101066,泥萌都是托,2540,7017,452,6,0,12,True,https://www.skland.com/article?id=3272974,https://strategy.skland.com/api/resources/items,skland_strategy_public_search_top20,False
2026-09-05T04:07:31+08:00,真言,真言,hot,8,4654,3267743,6星本源术士真言技能解析，破隐匿！靠麻痹层数打伤害，和酒神爆条不冲突能打配合！,2025-10-07T05:40:30+00:00,160688,闻战思凡,15658,0,299,55,0,105,True,https://www.skland.com/article?id=3267743,https://strategy.skland.com/api/resources/items,skland_strategy_public_search_top20,False
2026-09-05T04:07:31+08:00,真言,真言,hot,9,5182,3300647,【方舟实战论130】单走有活，组队无敌，强力神经大C来临丨真言,2025-10-22T05:58:32+00:00,244382,二色彩虹,233,630,45,1,0,1,True,https://www.skland.com/article?id=3300647,https://strategy.skland.com/api/resources/items,skland_strategy_public_search_top20,False
2026-09-05T04:07:31+08:00,真言,真言,hot,10,4661,3271971,精二满级真言实战测试，神经损伤王朝已然开启,2025-10-09T06:00:31+00:00,101387,猫柳KEE,184,362,14,0,0,0,True,https://www.skland.com/article?id=3271971,https://strategy.skland.com/api/resources/items,skland_strategy_public_search_top20,False
2026-09-05T04:07:31+08:00,真言,真言,hot,11,4667,3274429,未来还会有几位精英干员上岛！「反常光谱」版本基建解析（真言、折桠、冬时）,2025-10-09T23:50:18+00:00,273345,逻辑元LogicalByte,334,1312,68,2,0,1,True,https://www.skland.com/article?id=3274429,https://strategy.skland.com/api/resources/items,skland_strategy_public_search_top20,False
2026-09-05T04:07:31+08:00,真言,真言,hot,12,4637,3261744,新主线反常光谱情报汇总和解析-合成玉抽皮肤！新干员真言、折桠、冬时，回环射手模组,2025-10-04T08:32:27+00:00,160688,闻战思凡,1634,0,53,5,0,9,True,https://www.skland.com/article?id=3261744,https://strategy.skland.com/api/resources/items,skland_strategy_public_search_top20,False
2026-09-05T04:07:31+08:00,真言,真言,hot,13,4891,3289207,【明日方舟】【反常光谱】H16-3酒神真言 伪双核 【高容错】,2025-10-16T18:59:48+00:00,2234205,皮卡丘_diandian,173,448,16,0,0,1,True,https://www.skland.com/article?id=3289207,https://strategy.skland.com/api/resources/items,skland_strategy_public_search_top20,False
2026-09-05T04:07:31+08:00,真言,真言,hot,14,5175,3271778,真言模组任务攻略简单好抄4k超清【明日方舟】,2025-10-09T05:12:10+00:00,248361,乌丸千岁,30,57,3,0,0,0,True,https://www.skland.com/article?id=3271778,https://strategy.skland.com/api/resources/items,skland_strategy_public_search_top20,False
2026-09-05T04:07:31+08:00,真言,真言,time,1,5045,3328568,新人练干员二三事：抽到真言该不该练？,2025-10-29T08:29:52+00:00,844418,疯狂的僵尸王,496,0,42,2,0,18,True,https://www.skland.com/article?id=3328568,https://strategy.skland.com/api/resources/items,skland_strategy_public_search_top20,False
2026-09-05T04:07:31+08:00,真言,真言,time,2,5182,3300647,【方舟实战论130】单走有活，组队无敌，强力神经大C来临丨真言,2025-10-22T05:58:32+00:00,244382,二色彩虹,233,630,45,1,0,1,True,https://www.skland.com/article?id=3300647,https://strategy.skland.com/api/resources/items,skland_strategy_public_search_top20,False
2026-09-05T04:07:31+08:00,真言,真言,time,3,4891,3289207,【明日方舟】【反常光谱】H16-3酒神真言 伪双核 【高容错】,2025-10-16T18:59:48+00:00,2234205,皮卡丘_diandian,173,448,16,0,0,1,True,https://www.skland.com/article?id=3289207,https://strategy.skland.com/api/resources/items,skland_strategy_public_search_top20,False
2026-09-05T04:07:31+08:00,真言,真言,time,4,4878,3282640,「反常光谱」版本基建解析（真言、折桠、冬时）,2025-10-13T08:31:34+00:00,101177,BioHazard,445,0,10,2,0,0,True,https://www.skland.com/article?id=3282640,https://strategy.skland.com/api/resources/items,skland_strategy_public_search_top20,False
2026-09-05T04:07:31+08:00,真言,真言,time,5,4695,3277184,【2025.10】模组升级-综合推荐（娜仁图亚、真言、艾雅法拉、圣约送葬人）,2025-10-11T04:57:40+00:00,120476,明有奇巧人,6181,0,158,21,0,5,True,https://www.skland.com/article?id=3277184,https://strategy.skland.com/api/resources/items,skland_strategy_public_search_top20,False
2026-09-05T04:07:31+08:00,真言,真言,time,6,4667,3274429,未来还会有几位精英干员上岛！「反常光谱」版本基建解析（真言、折桠、冬时）,2025-10-09T23:50:18+00:00,273345,逻辑元LogicalByte,334,1312,68,2,0,1,True,https://www.skland.com/article?id=3274429,https://strategy.skland.com/api/resources/items,skland_strategy_public_search_top20,False
2026-09-05T04:07:31+08:00,真言,真言,time,7,4666,3273685,真言食用指南&养成攻略，岁月美人🌼对策干员,2025-10-09T14:53:27+00:00,238378,星海浩瀚VU,2809,0,128,32,0,14,True,https://www.skland.com/article?id=3273685,https://strategy.skland.com/api/resources/items,skland_strategy_public_search_top20,False
2026-09-05T04:07:31+08:00,真言,真言,time,8,4676,3272974,新干员真言3技能肯定下毒..?千万？什么恐怖老奶奶？！,2025-10-09T11:04:34+00:00,101066,泥萌都是托,2540,7017,452,6,0,12,True,https://www.skland.com/article?id=3272974,https://strategy.skland.com/api/resources/items,skland_strategy_public_search_top20,False
2026-09-05T04:07:31+08:00,真言,真言,time,9,4661,3271971,精二满级真言实战测试，神经损伤王朝已然开启,2025-10-09T06:00:31+00:00,101387,猫柳KEE,184,362,14,0,0,0,True,https://www.skland.com/article?id=3271971,https://strategy.skland.com/api/resources/items,skland_strategy_public_search_top20,False
2026-09-05T04:07:31+08:00,真言,真言,time,10,5175,3271778,真言模组任务攻略简单好抄4k超清【明日方舟】,2025-10-09T05:12:10+00:00,248361,乌丸千岁,30,57,3,0,0,0,True,https://www.skland.com/article?id=3271778,https://strategy.skland.com/api/resources/items,skland_strategy_public_search_top20,False
2026-09-05T04:07:31+08:00,真言,真言,time,11,4659,3271349,【反常光谱】真言实装简评 我们酒后吐真言组合天下无敌啊！,2025-10-09T04:00:40+00:00,101405,柠檬味的小小猪,3072,0,96,17,0,32,True,https://www.skland.com/article?id=3271349,https://strategy.skland.com/api/resources/items,skland_strategy_public_search_top20,False
2026-09-05T04:07:31+08:00,真言,真言,time,12,4658,3271327,真言评测：多功能恐怖奶奶，酒神好搭档,2025-10-09T03:54:13+00:00,177993,苏祁风,7277,0,165,24,0,69,True,https://www.skland.com/article?id=3271327,https://strategy.skland.com/api/resources/items,skland_strategy_public_search_top20,False
2026-09-05T04:07:31+08:00,真言,真言,time,13,4654,3267743,6星本源术士真言技能解析，破隐匿！靠麻痹层数打伤害，和酒神爆条不冲突能打配合！,2025-10-07T05:40:30+00:00,160688,闻战思凡,15658,0,299,55,0,105,True,https://www.skland.com/article?id=3267743,https://strategy.skland.com/api/resources/items,skland_strategy_public_search_top20,False
2026-09-05T04:07:31+08:00,真言,真言,time,14,4637,3261744,新主线反常光谱情报汇总和解析-合成玉抽皮肤！新干员真言、折桠、冬时，回环射手模组,2025-10-04T08:32:27+00:00,160688,闻战思凡,1634,0,53,5,0,9,True,https://www.skland.com/article?id=3261744,https://strategy.skland.com/api/resources/items,skland_strategy_public_search_top20,False
2026-09-05T04:07:31+08:00,纯烬艾雅法拉,纯烬艾雅法拉,hot,1,72,34759,[数据向测评]纯烬艾雅法拉：没有元素索敌，也能终结元素伤害？,2023-08-04T12:13:30+00:00,101157,库兰,2782,0,27,5,0,11,True,https://www.skland.com/article?id=34759,https://strategy.skland.com/api/resources/items,skland_strategy_public_search_top20,False
2026-09-05T04:07:31+08:00,纯烬艾雅法拉,纯烬艾雅法拉,hot,2,1957,2146014,【2024.08】模组升级-综合推荐（纯烬艾雅法拉、夜莺、凯尔希、傀影）,2024-08-03T13:01:15+00:00,120476,明有奇巧人,7135,0,149,123,0,8,True,https://www.skland.com/article?id=2146014,https://strategy.skland.com/api/resources/items,skland_strategy_public_search_top20,False
2026-09-05T04:07:31+08:00,纯烬艾雅法拉,纯烬艾雅法拉,hot,3,4739,3208522,【纯烬艾雅法拉】悖论模拟攻略,2025-09-07T13:05:45+00:00,380220,menthol,44,106,9,0,0,0,True,https://www.skland.com/article?id=3208522,https://strategy.skland.com/api/resources/items,skland_strategy_public_search_top20,False
2026-09-05T04:07:31+08:00,纯烬艾雅法拉,纯烬艾雅法拉,time,1,4739,3208522,【纯烬艾雅法拉】悖论模拟攻略,2025-09-07T13:05:45+00:00,380220,menthol,44,106,9,0,0,0,True,https://www.skland.com/article?id=3208522,https://strategy.skland.com/api/resources/items,skland_strategy_public_search_top20,False
2026-09-05T04:07:31+08:00,纯烬艾雅法拉,纯烬艾雅法拉,time,2,1957,2146014,【2024.08】模组升级-综合推荐（纯烬艾雅法拉、夜莺、凯尔希、傀影）,2024-08-03T13:01:15+00:00,120476,明有奇巧人,7135,0,149,123,0,8,True,https://www.skland.com/article?id=2146014,https://strategy.skland.com/api/resources/items,skland_strategy_public_search_top20,False
2026-09-05T04:07:31+08:00,纯烬艾雅法拉,纯烬艾雅法拉,time,3,72,34759,[数据向测评]纯烬艾雅法拉：没有元素索敌，也能终结元素伤害？,2023-08-04T12:13:30+00:00,101157,库兰,2782,0,27,5,0,11,True,https://www.skland.com/article?id=34759,https://strategy.skland.com/api/resources/items,skland_strategy_public_search_top20,False
2026-09-05T04:07:31+08:00,结城理,结城理,hot,1,6554,6273496,6星结城理技能前瞻数值计算，3条命赖着不死，8万总伤打4,2026-09-02T05:01:50+00:00,160688,闻战思凡,18389,0,3735,48,0,293,True,https://www.skland.com/article?id=6273496,https://strategy.skland.com/api/resources/items,skland_strategy_public_search_top20,False
2026-09-05T04:07:31+08:00,结城理,结城理,hot,2,6545,6263745,女神异闻录3月行水上联动解析，送30抽，6星结城理，5星埃癸斯/岳羽由加莉,2026-08-29T12:29:29+00:00,160688,闻战思凡,1691,0,331,7,0,42,True,https://www.skland.com/article?id=6263745,https://strategy.skland.com/api/resources/items,skland_strategy_public_search_top20,False
2026-09-05T04:07:31+08:00,结城理,结城理,hot,3,6557,6273238,「结城理」天赋技能一图流前瞻解析,2026-09-02T04:12:53+00:00,2489549,在修铁钳号,10004,0,467,26,0,92,True,https://www.skland.com/article?id=6273238,https://strategy.skland.com/api/resources/items,skland_strategy_public_search_top20,False
2026-09-05T04:07:31+08:00,结城理,结城理,hot,4,6563,6281192,结城理首日简评及抽取专精建议,2026-09-04T09:02:23+00:00,197029,白樱iridescent,47,0,0,0,0,0,True,https://www.skland.com/article?id=6281192,https://strategy.skland.com/api/resources/items,skland_strategy_public_search_top20,False
2026-09-05T04:07:31+08:00,结城理,结城理,hot,5,6549,6269167,女神异闻录3联动5星岳羽由加莉技能前瞻，对群龙卷风，给队友法术充盈，优先给结城理,2026-08-31T10:19:09+00:00,160688,闻战思凡,6431,0,295,11,0,51,True,https://www.skland.com/article?id=6269167,https://strategy.skland.com/api/resources/items,skland_strategy_public_search_top20,False
2026-09-05T04:07:31+08:00,结城理,结城理,hot,6,6561,6279024,干员测评【结城理】——单走挂机强力干员,2026-09-04T03:15:08+00:00,177993,苏祁风,5687,0,241,14,0,87,True,https://www.skland.com/article?id=6279024,https://strategy.skland.com/api/resources/items,skland_strategy_public_search_top20,False
2026-09-05T04:07:31+08:00,结城理,结城理,hot,7,6566,6278922,「结城理」培养专精攻略一图流,2026-09-04T02:21:11+00:00,2489549,在修铁钳号,27192,0,19636,241,0,181,True,https://www.skland.com/article?id=6278922,https://strategy.skland.com/api/resources/items,skland_strategy_public_search_top20,False
2026-09-05T04:07:31+08:00,结城理,结城理,time,1,6563,6281192,结城理首日简评及抽取专精建议,2026-09-04T09:02:23+00:00,197029,白樱iridescent,47,0,0,0,0,0,True,https://www.skland.com/article?id=6281192,https://strategy.skland.com/api/resources/items,skland_strategy_public_search_top20,False
2026-09-05T04:07:31+08:00,结城理,结城理,time,2,6561,6279024,干员测评【结城理】——单走挂机强力干员,2026-09-04T03:15:08+00:00,177993,苏祁风,5687,0,241,14,0,87,True,https://www.skland.com/article?id=6279024,https://strategy.skland.com/api/resources/items,skland_strategy_public_search_top20,False
2026-09-05T04:07:31+08:00,结城理,结城理,time,3,6566,6278922,「结城理」培养专精攻略一图流,2026-09-04T02:21:11+00:00,2489549,在修铁钳号,27192,0,19636,241,0,181,True,https://www.skland.com/article?id=6278922,https://strategy.skland.com/api/resources/items,skland_strategy_public_search_top20,False
2026-09-05T04:07:31+08:00,结城理,结城理,time,4,6554,6273496,6星结城理技能前瞻数值计算，3条命赖着不死，8万总伤打4,2026-09-02T05:01:50+00:00,160688,闻战思凡,18389,0,3735,48,0,293,True,https://www.skland.com/article?id=6273496,https://strategy.skland.com/api/resources/items,skland_strategy_public_search_top20,False
2026-09-05T04:07:31+08:00,结城理,结城理,time,5,6557,6273238,「结城理」天赋技能一图流前瞻解析,2026-09-02T04:12:53+00:00,2489549,在修铁钳号,10004,0,467,26,0,92,True,https://www.skland.com/article?id=6273238,https://strategy.skland.com/api/resources/items,skland_strategy_public_search_top20,False
2026-09-05T04:07:31+08:00,结城理,结城理,time,6,6549,6269167,女神异闻录3联动5星岳羽由加莉技能前瞻，对群龙卷风，给队友法术充盈，优先给结城理,2026-08-31T10:19:09+00:00,160688,闻战思凡,6431,0,295,11,0,51,True,https://www.skland.com/article?id=6269167,https://strategy.skland.com/api/resources/items,skland_strategy_public_search_top20,False
2026-09-05T04:07:31+08:00,结城理,结城理,time,7,6545,6263745,女神异闻录3月行水上联动解析，送30抽，6星结城理，5星埃癸斯/岳羽由加莉,2026-08-29T12:29:29+00:00,160688,闻战思凡,1691,0,331,7,0,42,True,https://www.skland.com/article?id=6263745,https://strategy.skland.com/api/resources/items,skland_strategy_public_search_top20,False
2026-09-05T04:07:31+08:00,维什戴尔,维什戴尔,hot,1,1319,1915248,【走进维什戴尔】——这种玩ew的人一般目光呆滞,2024-05-09T14:32:38+00:00,300136,aaa薄荷味润唇膏批发,3529,0,35,3,0,9,True,https://www.skland.com/article?id=1915248,https://strategy.skland.com/api/resources/items,skland_strategy_public_search_top20,False
2026-09-05T04:07:31+08:00,维什戴尔,维什戴尔,hot,2,1803,2079561,最强的分队与最强的带队——蓝图维什戴尔运营思路,2024-07-18T07:29:31+00:00,183776,懿鸸糁耜婺,8689,0,690,729,0,87,True,https://www.skland.com/article?id=2079561,https://strategy.skland.com/api/resources/items,skland_strategy_public_search_top20,False
2026-09-05T04:07:31+08:00,维什戴尔,维什戴尔,hot,3,1276,1888041,何以为我-[维什戴尔]干员攻略,2024-05-05T04:57:01+00:00,1016588,ABNOKERJ,4109,0,48,21,0,15,True,https://www.skland.com/article?id=1888041,https://strategy.skland.com/api/resources/items,skland_strategy_public_search_top20,False
2026-09-05T04:07:31+08:00,维什戴尔,维什戴尔,hot,4,1245,1846705,【干员速评】#11维什戴尔——投掷手,2024-05-01T08:28:05+00:00,101142,柏喙攻略组,4957,0,62,11,0,14,True,https://www.skland.com/article?id=1846705,https://strategy.skland.com/api/resources/items,skland_strategy_public_search_top20,False
2026-09-05T04:07:31+08:00,维什戴尔,维什戴尔,hot,5,2198,2158173,六星干员攻略（维什戴尔）,2024-08-06T20:59:22+00:00,156545,铃兰桑的欧尼酱,3017,0,47,7,0,15,True,https://www.skland.com/article?id=2158173,https://strategy.skland.com/api/resources/items,skland_strategy_public_search_top20,False
2026-09-05T04:07:31+08:00,维什戴尔,维什戴尔,hot,6,1244,1845253,六星干员速评【W-维什戴尔】——祖宗发射器！保底伤害12w，攻击性最高的一集,2024-05-01T07:34:32+00:00,177993,苏祁风,4690,0,55,12,0,21,True,https://www.skland.com/article?id=1845253,https://strategy.skland.com/api/resources/items,skland_strategy_public_search_top20,False
2026-09-05T04:07:31+08:00,维什戴尔,维什戴尔,hot,7,2621,2365747,【水月肉鸽/新人向】通关N15不再是梦！维什戴尔单核攻略 无需天胡 人人可学！,2024-11-03T08:10:34+00:00,544842,多索雷斯女王,4436,0,147,173,0,25,True,https://www.skland.com/article?id=2365747,https://strategy.skland.com/api/resources/items,skland_strategy_public_search_top20,False
2026-09-05T04:07:31+08:00,维什戴尔,维什戴尔,hot,8,1252,1856831,维什戴尔W  强度评测和食用指南,2024-05-01T18:51:01+00:00,238378,星海浩瀚VU,1605,1362,25,0,0,1,True,https://www.skland.com/article?id=1856831,https://strategy.skland.com/api/resources/items,skland_strategy_public_search_top20,False
2026-09-05T04:07:31+08:00,维什戴尔,维什戴尔,hot,9,3275,2688884,水月与深蓝之树N18维什戴尔开局攻略①,2025-02-28T03:56:28+00:00,105671,被子没叠,1842,0,63,54,0,6,True,https://www.skland.com/article?id=2688884,https://strategy.skland.com/api/resources/items,skland_strategy_public_search_top20,False
2026-09-05T04:07:31+08:00,维什戴尔,维什戴尔,hot,10,1712,2045350,水月与深蓝之树个人作战总结（V）-N15维什戴尔开局人之光辉攻略（完结撒花）,2024-07-05T14:13:22+00:00,105671,被子没叠,1854,0,61,41,0,14,True,https://www.skland.com/article?id=2045350,https://strategy.skland.com/api/resources/items,skland_strategy_public_search_top20,False
2026-09-05T04:07:31+08:00,维什戴尔,维什戴尔,hot,11,1688,2032047,水月与深蓝之树个人作战总结（IV）-N15维什戴尔开局第五、六区域，奇境结局,2024-06-28T13:25:54+00:00,105671,被子没叠,1296,0,54,22,0,6,True,https://www.skland.com/article?id=2032047,https://strategy.skland.com/api/resources/items,skland_strategy_public_search_top20,False
2026-09-05T04:07:31+08:00,维什戴尔,维什戴尔,hot,12,3282,2693381,水月与深蓝之树N18维什戴尔开局攻略②,2025-03-02T15:32:10+00:00,105671,被子没叠,1217,0,42,34,0,15,True,https://www.skland.com/article?id=2693381,https://strategy.skland.com/api/resources/items,skland_strategy_public_search_top20,False
2026-09-05T04:07:31+08:00,维什戴尔,维什戴尔,hot,13,1269,1883118,【何以为我】维什戴尔角色评测——新生的旗帜，贯穿这片大地的红色魔神,2024-05-04T14:14:18+00:00,105671,被子没叠,1741,0,72,8,0,19,True,https://www.skland.com/article?id=1883118,https://strategy.skland.com/api/resources/items,skland_strategy_public_search_top20,False
2026-09-05T04:07:31+08:00,维什戴尔,维什戴尔,hot,14,2569,2351807,萨卡兹的无终奇语探索攻略—P3 DLC1维什戴尔开局纯美愿队角标开荒向运营心得,2024-11-01T02:20:36+00:00,105671,被子没叠,1904,0,83,75,0,15,True,https://www.skland.com/article?id=2351807,https://strategy.skland.com/api/resources/items,skland_strategy_public_search_top20,False
2026-09-05T04:07:31+08:00,维什戴尔,维什戴尔,hot,15,1262,1867769,【慈悲灯塔】“祖宗之法？祖宗已经发射出去了！”——新干员维什戴尔实战测评,2024-05-03T03:30:15+00:00,208381,青w筠,3051,0,52,14,0,7,True,https://www.skland.com/article?id=1867769,https://strategy.skland.com/api/resources/items,skland_strategy_public_search_top20,False
2026-09-05T04:07:31+08:00,维什戴尔,维什戴尔,hot,16,1261,1860559,维什戴尔W  强度评测和食用指南,2024-05-02T06:21:28+00:00,238378,星海浩瀚VU,1603,0,21,4,0,5,True,https://www.skland.com/article?id=1860559,https://strategy.skland.com/api/resources/items,skland_strategy_public_search_top20,False
2026-09-05T04:07:31+08:00,维什戴尔,维什戴尔,hot,17,1811,2085121,蓝图维神的暴力美学——维什戴尔核心后期图的处理方法,2024-07-20T08:23:27+00:00,183776,懿鸸糁耜婺,1609,0,58,70,0,8,True,https://www.skland.com/article?id=2085121,https://strategy.skland.com/api/resources/items,skland_strategy_public_search_top20,False
2026-09-05T04:07:31+08:00,维什戴尔,维什戴尔,hot,18,1489,1958257,【孤星】CW-10 维什戴尔速刷炽合金124s,2024-05-24T09:46:04+00:00,208381,青w筠,607,0,23,4,0,0,True,https://www.skland.com/article?id=1958257,https://strategy.skland.com/api/resources/items,skland_strategy_public_search_top20,False
2026-09-05T04:07:31+08:00,维什戴尔,维什戴尔,hot,19,1687,2016655,水月与深蓝之树个人作战总结（III）-N15维什戴尔开局道中攻略前四区域,2024-06-20T14:08:16+00:00,105671,被子没叠,1187,0,64,30,0,9,True,https://www.skland.com/article?id=2016655,https://strategy.skland.com/api/resources/items,skland_strategy_public_search_top20,False
2026-09-05T04:07:31+08:00,维什戴尔,维什戴尔,hot,20,1243,1845112,【慈悲灯塔】维什戴尔&逻格斯简评 新神已至！史上最强限定池！,2024-05-01T07:08:30+00:00,101405,柠檬味的小小猪,4867,0,97,25,0,40,True,https://www.skland.com/article?id=1845112,https://strategy.skland.com/api/resources/items,skland_strategy_public_search_top20,False
2026-09-05T04:07:31+08:00,维什戴尔,维什戴尔,time,1,6478,5996198,【丛林症结】BD-8 演算的终点 突袭 维什戴尔 单核,2026-07-15T10:45:27+00:00,461067,到处找小刻吃的蜜饼,9,164,3,0,0,0,True,https://www.skland.com/article?id=5996198,https://strategy.skland.com/api/resources/items,skland_strategy_public_search_top20,False
2026-09-05T04:07:31+08:00,维什戴尔,维什戴尔,time,2,6043,5811975,维什戴尔1人 17-5 液化高能气体【相变临界】速刷材料挂机攻略 明日方舟,2026-05-01T10:17:33+00:00,113532,化学老施,339,1361,64,0,0,2,True,https://www.skland.com/article?id=5811975,https://strategy.skland.com/api/resources/items,skland_strategy_public_search_top20,False
2026-09-05T04:07:31+08:00,维什戴尔,维什戴尔,time,3,5444,3545533,【引航者试炼#6】 TN-1恢宏试炼 维什戴尔 无漏无增益,2025-12-25T20:38:56+00:00,3750495,莱赛阁,78,371,16,0,0,0,True,https://www.skland.com/article?id=3545533,https://strategy.skland.com/api/resources/items,skland_strategy_public_search_top20,False
2026-09-05T04:07:31+08:00,维什戴尔,维什戴尔,time,4,5239,3428084,新模式没有维什戴尔？卫戍协议游玩必看！编队干员+主流炎国阵容推荐,2025-11-14T18:40:12+00:00,156846,染上朱红的夜宴,131,386,10,1,0,2,True,https://www.skland.com/article?id=3428084,https://strategy.skland.com/api/resources/items,skland_strategy_public_search_top20,False
2026-09-05T04:07:31+08:00,维什戴尔,维什戴尔,time,5,4989,3368468,【雪山降临1101】OS-10维什戴尔单核攻略,2025-11-01T07:24:12+00:00,101061,Pocky络合物,69,0,4,0,0,0,True,https://www.skland.com/article?id=3368468,https://strategy.skland.com/api/resources/items,skland_strategy_public_search_top20,False
2026-09-05T04:07:31+08:00,维什戴尔,维什戴尔,time,6,4396,3087744,【墟】AT-8维什戴尔单人，我的天啊维什戴尔大人,2025-08-02T08:43:59+00:00,300136,aaa薄荷味润唇膏批发,41,140,8,0,0,0,True,https://www.skland.com/article?id=3087744,https://strategy.skland.com/api/resources/items,skland_strategy_public_search_top20,False
2026-09-05T04:07:31+08:00,维什戴尔,维什戴尔,time,7,3832,2922792,【单人VEC-A】维什戴尔大人,2025-05-24T23:37:02+00:00,185427,Kelin,318,1123,26,0,0,5,True,https://www.skland.com/article?id=2922792,https://strategy.skland.com/api/resources/items,skland_strategy_public_search_top20,False
2026-09-05T04:07:31+08:00,维什戴尔,维什戴尔,time,8,3740,2875999,【众生行记】建立在维什戴尔基础上的MT-8两分十九秒通关,2025-05-09T15:24:06+00:00,101406,白鲸攻略组,46,237,4,0,0,0,True,https://www.skland.com/article?id=2875999,https://strategy.skland.com/api/resources/items,skland_strategy_public_search_top20,False
2026-09-05T04:07:31+08:00,维什戴尔,维什戴尔,time,9,3691,2805342,【云宝的音乐餐厅】莱伊得了mvp，维什戴尔是躺赢狗 —— H15-4自闭忍宗,2025-04-21T04:19:48+00:00,208381,青w筠,141,435,16,2,0,2,True,https://www.skland.com/article?id=2805342,https://strategy.skland.com/api/resources/items,skland_strategy_public_search_top20,False
2026-09-05T04:07:31+08:00,维什戴尔,维什戴尔,time,10,3684,2781772,【解离复合】15-17 维什戴尔 单核,2025-04-09T16:15:06+00:00,461067,到处找小刻吃的蜜饼,68,240,8,1,0,1,True,https://www.skland.com/article?id=2781772,https://strategy.skland.com/api/resources/items,skland_strategy_public_search_top20,False
2026-09-05T04:07:31+08:00,维什戴尔,维什戴尔,time,11,3524,2757297,【昨日圆车】AK-S-1全灭罗德岛全员攻略简单好抄打爆维什戴尔4k超清,2025-04-01T14:20:18+00:00,248361,乌丸千岁,36,161,9,1,0,0,True,https://www.skland.com/article?id=2757297,https://strategy.skland.com/api/resources/items,skland_strategy_public_search_top20,False
2026-09-05T04:07:31+08:00,维什戴尔,维什戴尔,time,12,3425,2746134,【挽歌燃烧殆尽】2025年还有被维什戴尔6炮轰翻的BOSS？,2025-03-28T11:44:23+00:00,101515,明日方舟少人WIKI,361,0,15,0,0,4,True,https://www.skland.com/article?id=2746134,https://strategy.skland.com/api/resources/items,skland_strategy_public_search_top20,False
2026-09-05T04:07:31+08:00,维什戴尔,维什戴尔,time,13,3441,2709044,【选帝候广场】刚出来就轻松拿下201双人？爱布拉娜+维什戴尔 双人无先锋剿灭,2025-03-10T11:06:47+00:00,115056,金传说汤面,63,222,4,0,0,0,True,https://www.skland.com/article?id=2709044,https://strategy.skland.com/api/resources/items,skland_strategy_public_search_top20,False
2026-09-05T04:07:31+08:00,维什戴尔,维什戴尔,time,14,3320,2702606,【挽歌燃烧殆尽】维什戴尔单人EA-6堵门99s速刷研磨石 摆完半挂机简单好抄,2025-03-07T12:53:36+00:00,101405,柠檬味的小小猪,96,239,9,0,0,0,True,https://www.skland.com/article?id=2702606,https://strategy.skland.com/api/resources/items,skland_strategy_public_search_top20,False
2026-09-05T04:07:31+08:00,维什戴尔,维什戴尔,time,15,3282,2693381,水月与深蓝之树N18维什戴尔开局攻略②,2025-03-02T15:32:10+00:00,105671,被子没叠,1217,0,42,34,0,15,True,https://www.skland.com/article?id=2693381,https://strategy.skland.com/api/resources/items,skland_strategy_public_search_top20,False
2026-09-05T04:07:31+08:00,维什戴尔,维什戴尔,time,16,3275,2688884,水月与深蓝之树N18维什戴尔开局攻略①,2025-02-28T03:56:28+00:00,105671,被子没叠,1842,0,63,54,0,6,True,https://www.skland.com/article?id=2688884,https://strategy.skland.com/api/resources/items,skland_strategy_public_search_top20,False
2026-09-05T04:07:31+08:00,维什戴尔,维什戴尔,time,17,3371,2667001,【我们明日见】SE-7突袭 维什戴尔单核,2025-02-14T15:03:26+00:00,104927,御剑_天下,10,73,3,0,0,0,True,https://www.skland.com/article?id=2667001,https://strategy.skland.com/api/resources/items,skland_strategy_public_search_top20,False
2026-09-05T04:07:31+08:00,维什戴尔,维什戴尔,time,18,3370,2666574,【我们明日见】SE-8突袭 维什戴尔单核,2025-02-14T12:59:10+00:00,104927,御剑_天下,20,96,3,0,0,0,True,https://www.skland.com/article?id=2666574,https://strategy.skland.com/api/resources/items,skland_strategy_public_search_top20,False
2026-09-05T04:07:31+08:00,维什戴尔,维什戴尔,time,19,3249,2666172,【我们明日见】SE-8突袭 维什戴尔+乌尔比安双核,2025-02-14T11:00:03+00:00,208381,青w筠,165,255,14,1,0,0,True,https://www.skland.com/article?id=2666172,https://strategy.skland.com/api/resources/items,skland_strategy_public_search_top20,False
2026-09-05T04:07:31+08:00,维什戴尔,维什戴尔,time,20,3250,2666010,【我们明日见】SE-7 突袭 维什戴尔单核,2025-02-14T10:21:57+00:00,208381,青w筠,79,150,7,0,0,0,True,https://www.skland.com/article?id=2666010,https://strategy.skland.com/api/resources/items,skland_strategy_public_search_top20,False
2026-09-05T04:07:31+08:00,维娜·维多利亚,维娜·维多利亚,hot,1,2441,2306840,六星干员攻略（维娜·维多利亚）,2024-10-09T18:44:43+00:00,156545,铃兰桑的欧尼酱,1639,0,23,2,0,10,True,https://www.skland.com/article?id=2306840,https://strategy.skland.com/api/resources/items,skland_strategy_public_search_top20,False
2026-09-05T04:07:31+08:00,维娜·维多利亚,维娜·维多利亚,hot,2,2632,2310550,【实用性测评#19】维娜·维多利亚——术战者,2024-10-11T17:49:58+00:00,192588,NEKO音符社_旧,915,1315,23,0,0,2,True,https://www.skland.com/article?id=2310550,https://strategy.skland.com/api/resources/items,skland_strategy_public_search_top20,False
2026-09-05T04:07:31+08:00,维娜·维多利亚,维娜·维多利亚,hot,3,2425,2305072,【干员速评】#19维娜·维多利亚——术战者,2024-10-09T10:32:36+00:00,101142,柏喙攻略组,1121,0,35,1,0,4,True,https://www.skland.com/article?id=2305072,https://strategy.skland.com/api/resources/items,skland_strategy_public_search_top20,False
2026-09-05T04:07:31+08:00,维娜·维多利亚,维娜·维多利亚,hot,4,2422,2303441,六星干员简评【维娜·维多利亚🦁】7w真伤打4！全新版本的黄色幻神,2024-10-09T07:59:25+00:00,177993,苏祁风,6362,0,102,12,0,63,True,https://www.skland.com/article?id=2303441,https://strategy.skland.com/api/resources/items,skland_strategy_public_search_top20,False
2026-09-05T04:07:31+08:00,维娜·维多利亚,维娜·维多利亚,hot,5,2429,2303451,【追迹日落以西】维娜·维多利亚简评 超大杯起步！6w真伤打4！,2024-10-09T08:00:35+00:00,101405,柠檬味的小小猪,1490,0,24,3,0,8,True,https://www.skland.com/article?id=2303451,https://strategy.skland.com/api/resources/items,skland_strategy_public_search_top20,False
2026-09-05T04:07:31+08:00,维娜·维多利亚,维娜·维多利亚,hot,6,2418,2303426,「追迹日落以西」版本干员基建技能解析（维娜·维多利亚、波卜、凯瑟琳）,2024-10-09T07:52:16+00:00,101177,BioHazard,603,0,9,1,0,1,True,https://www.skland.com/article?id=2303426,https://strategy.skland.com/api/resources/items,skland_strategy_public_search_top20,False
2026-09-05T04:07:31+08:00,维娜·维多利亚,维娜·维多利亚,time,1,2632,2310550,【实用性测评#19】维娜·维多利亚——术战者,2024-10-11T17:49:58+00:00,192588,NEKO音符社_旧,915,1315,23,0,0,2,True,https://www.skland.com/article?id=2310550,https://strategy.skland.com/api/resources/items,skland_strategy_public_search_top20,False
2026-09-05T04:07:31+08:00,维娜·维多利亚,维娜·维多利亚,time,2,2441,2306840,六星干员攻略（维娜·维多利亚）,2024-10-09T18:44:43+00:00,156545,铃兰桑的欧尼酱,1639,0,23,2,0,10,True,https://www.skland.com/article?id=2306840,https://strategy.skland.com/api/resources/items,skland_strategy_public_search_top20,False
2026-09-05T04:07:31+08:00,维娜·维多利亚,维娜·维多利亚,time,3,2425,2305072,【干员速评】#19维娜·维多利亚——术战者,2024-10-09T10:32:36+00:00,101142,柏喙攻略组,1121,0,35,1,0,4,True,https://www.skland.com/article?id=2305072,https://strategy.skland.com/api/resources/items,skland_strategy_public_search_top20,False
2026-09-05T04:07:31+08:00,维娜·维多利亚,维娜·维多利亚,time,4,2429,2303451,【追迹日落以西】维娜·维多利亚简评 超大杯起步！6w真伤打4！,2024-10-09T08:00:35+00:00,101405,柠檬味的小小猪,1490,0,24,3,0,8,True,https://www.skland.com/article?id=2303451,https://strategy.skland.com/api/resources/items,skland_strategy_public_search_top20,False
2026-09-05T04:07:31+08:00,维娜·维多利亚,维娜·维多利亚,time,5,2422,2303441,六星干员简评【维娜·维多利亚🦁】7w真伤打4！全新版本的黄色幻神,2024-10-09T07:59:25+00:00,177993,苏祁风,6362,0,102,12,0,63,True,https://www.skland.com/article?id=2303441,https://strategy.skland.com/api/resources/items,skland_strategy_public_search_top20,False
2026-09-05T04:07:31+08:00,维娜·维多利亚,维娜·维多利亚,time,6,2418,2303426,「追迹日落以西」版本干员基建技能解析（维娜·维多利亚、波卜、凯瑟琳）,2024-10-09T07:52:16+00:00,101177,BioHazard,603,0,9,1,0,1,True,https://www.skland.com/article?id=2303426,https://strategy.skland.com/api/resources/items,skland_strategy_public_search_top20,False
2026-09-05T04:07:31+08:00,缄默德克萨斯,缄默德克萨斯,hot,1,1205,1784545,【限定干员测评#4】携带榜综合榜双料冠军？！缄默德克萨斯详细测评,2024-04-24T13:48:42+00:00,544842,多索雷斯女王,2695,0,66,14,0,17,True,https://www.skland.com/article?id=1784545,https://strategy.skland.com/api/resources/items,skland_strategy_public_search_top20,False
2026-09-05T04:07:31+08:00,缄默德克萨斯,缄默德克萨斯,time,1,1205,1784545,【限定干员测评#4】携带榜综合榜双料冠军？！缄默德克萨斯详细测评,2024-04-24T13:48:42+00:00,544842,多索雷斯女王,2695,0,66,14,0,17,True,https://www.skland.com/article?id=1784545,https://strategy.skland.com/api/resources/items,skland_strategy_public_search_top20,False
2026-09-05T04:07:31+08:00,缇缇,缇缇,hot,1,5576,3610796,【方舟实战论134】2技能才是真神？没睡眠抗性犯天条了丨缇缇,2026-01-20T11:44:07+00:00,244382,二色彩虹,437,474,55,3,0,3,True,https://www.skland.com/article?id=3610796,https://strategy.skland.com/api/resources/items,skland_strategy_public_search_top20,False
2026-09-05T04:07:31+08:00,缇缇,缇缇,hot,2,5554,3592369,6星缇缇强度和用法解析，睡眠机制注意点，目前为止26年最强6星,2026-01-16T04:17:39+00:00,160688,闻战思凡,3604,0,335,33,0,29,True,https://www.skland.com/article?id=3592369,https://strategy.skland.com/api/resources/items,skland_strategy_public_search_top20,False
2026-09-05T04:07:31+08:00,缇缇,缇缇,hot,3,5481,3576812,【雅赛努斯复仇记】缇缇实装简评 10w总伤2k4hps沉睡法伤大c,2026-01-09T04:36:34+00:00,101405,柠檬味的小小猪,12212,0,271,21,0,44,True,https://www.skland.com/article?id=3576812,https://strategy.skland.com/api/resources/items,skland_strategy_public_search_top20,False
2026-09-05T04:07:31+08:00,缇缇,缇缇,hot,4,5480,3576610,一图流测评【缇缇】——睡眠体系核心，回转非常优秀的群体沉睡,2026-01-09T03:50:01+00:00,177993,苏祁风,1929,0,104,8,0,17,True,https://www.skland.com/article?id=3576610,https://strategy.skland.com/api/resources/items,skland_strategy_public_search_top20,False
2026-09-05T04:07:31+08:00,缇缇,缇缇,hot,5,5476,3566226,一图流测评【缇缇】——睡眠体系新组件，还有群体免死,2026-01-06T13:13:05+00:00,177993,苏祁风,9142,0,111,12,0,45,True,https://www.skland.com/article?id=3566226,https://strategy.skland.com/api/resources/items,skland_strategy_public_search_top20,False
2026-09-05T04:07:31+08:00,缇缇,缇缇,hot,6,5656,3589170,新人练干员二三事：抽到缇缇该不该练？,2026-01-14T09:22:33+00:00,844418,疯狂的僵尸王,187,0,22,0,0,13,True,https://www.skland.com/article?id=3589170,https://strategy.skland.com/api/resources/items,skland_strategy_public_search_top20,False
2026-09-05T04:07:31+08:00,缇缇,缇缇,hot,7,5521,3588123,缇缇养成攻略技能解析,2026-01-13T15:21:41+00:00,238378,星海浩瀚VU,801,0,55,8,0,2,True,https://www.skland.com/article?id=3588123,https://strategy.skland.com/api/resources/items,skland_strategy_public_search_top20,False
2026-09-05T04:07:31+08:00,缇缇,缇缇,hot,8,5474,3565828,6星缇缇技能前瞻解析（睡眠敌人+我方群体锁血25秒）,2026-01-06T08:00:18+00:00,160688,闻战思凡,2125,0,237,11,0,14,True,https://www.skland.com/article?id=3565828,https://strategy.skland.com/api/resources/items,skland_strategy_public_search_top20,False
2026-09-05T04:07:31+08:00,缇缇,缇缇,hot,9,5470,3561700,雅赛努斯复仇记情报汇总和解析，新6星缇缇睡眠永控？烛煌/隐隐/行箸新皮肤,2026-01-03T06:48:06+00:00,160688,闻战思凡,9921,0,273,15,0,45,True,https://www.skland.com/article?id=3561700,https://strategy.skland.com/api/resources/items,skland_strategy_public_search_top20,False
2026-09-05T04:07:31+08:00,缇缇,缇缇,hot,10,5488,3577506,「雅赛努斯复仇记」基建解析（缇缇、撷英调香师、摆渡人）,2026-01-09T07:16:47+00:00,101177,BioHazard,1060,0,60,10,0,5,True,https://www.skland.com/article?id=3577506,https://strategy.skland.com/api/resources/items,skland_strategy_public_search_top20,False
2026-09-05T04:07:31+08:00,缇缇,缇缇,hot,11,6529,6223168,【明日方舟】保全派驻 日达诺夫园区 应急补给LT-6罪恶终局 缇缇快乐局,2026-08-17T04:55:10+00:00,2759121,幻想风,125,189,7,0,0,0,True,https://www.skland.com/article?id=6223168,https://strategy.skland.com/api/resources/items,skland_strategy_public_search_top20,False
2026-09-05T04:07:31+08:00,缇缇,缇缇,hot,12,5505,3578201,【雅赛努斯复仇记】缇缇X模组任务AS-7摆完挂机 简单好抄高容错,2026-01-09T11:00:58+00:00,101405,柠檬味的小小猪,36,141,9,0,0,0,True,https://www.skland.com/article?id=3578201,https://strategy.skland.com/api/resources/items,skland_strategy_public_search_top20,False
2026-09-05T04:07:31+08:00,缇缇,缇缇,hot,13,5653,3589011,【雅赛努斯复仇记】ME-8 神谕示显 缇缇 精二蛇屠箱1.5核,2026-01-14T07:00:18+00:00,461067,到处找小刻吃的蜜饼,50,155,11,0,0,0,True,https://www.skland.com/article?id=3589011,https://strategy.skland.com/api/resources/items,skland_strategy_public_search_top20,False
2026-09-05T04:07:31+08:00,缇缇,缇缇,time,1,6529,6223168,【明日方舟】保全派驻 日达诺夫园区 应急补给LT-6罪恶终局 缇缇快乐局,2026-08-17T04:55:10+00:00,2759121,幻想风,125,189,7,0,0,0,True,https://www.skland.com/article?id=6223168,https://strategy.skland.com/api/resources/items,skland_strategy_public_search_top20,False
2026-09-05T04:07:31+08:00,缇缇,缇缇,time,2,5576,3610796,【方舟实战论134】2技能才是真神？没睡眠抗性犯天条了丨缇缇,2026-01-20T11:44:07+00:00,244382,二色彩虹,437,474,55,3,0,3,True,https://www.skland.com/article?id=3610796,https://strategy.skland.com/api/resources/items,skland_strategy_public_search_top20,False
2026-09-05T04:07:31+08:00,缇缇,缇缇,time,3,5554,3592369,6星缇缇强度和用法解析，睡眠机制注意点，目前为止26年最强6星,2026-01-16T04:17:39+00:00,160688,闻战思凡,3604,0,335,33,0,29,True,https://www.skland.com/article?id=3592369,https://strategy.skland.com/api/resources/items,skland_strategy_public_search_top20,False
2026-09-05T04:07:31+08:00,缇缇,缇缇,time,4,5656,3589170,新人练干员二三事：抽到缇缇该不该练？,2026-01-14T09:22:33+00:00,844418,疯狂的僵尸王,187,0,22,0,0,13,True,https://www.skland.com/article?id=3589170,https://strategy.skland.com/api/resources/items,skland_strategy_public_search_top20,False
2026-09-05T04:07:31+08:00,缇缇,缇缇,time,5,5653,3589011,【雅赛努斯复仇记】ME-8 神谕示显 缇缇 精二蛇屠箱1.5核,2026-01-14T07:00:18+00:00,461067,到处找小刻吃的蜜饼,50,155,11,0,0,0,True,https://www.skland.com/article?id=3589011,https://strategy.skland.com/api/resources/items,skland_strategy_public_search_top20,False
2026-09-05T04:07:31+08:00,缇缇,缇缇,time,6,5521,3588123,缇缇养成攻略技能解析,2026-01-13T15:21:41+00:00,238378,星海浩瀚VU,801,0,55,8,0,2,True,https://www.skland.com/article?id=3588123,https://strategy.skland.com/api/resources/items,skland_strategy_public_search_top20,False
2026-09-05T04:07:31+08:00,缇缇,缇缇,time,7,5505,3578201,【雅赛努斯复仇记】缇缇X模组任务AS-7摆完挂机 简单好抄高容错,2026-01-09T11:00:58+00:00,101405,柠檬味的小小猪,36,141,9,0,0,0,True,https://www.skland.com/article?id=3578201,https://strategy.skland.com/api/resources/items,skland_strategy_public_search_top20,False
2026-09-05T04:07:31+08:00,缇缇,缇缇,time,8,5488,3577506,「雅赛努斯复仇记」基建解析（缇缇、撷英调香师、摆渡人）,2026-01-09T07:16:47+00:00,101177,BioHazard,1060,0,60,10,0,5,True,https://www.skland.com/article?id=3577506,https://strategy.skland.com/api/resources/items,skland_strategy_public_search_top20,False
2026-09-05T04:07:31+08:00,缇缇,缇缇,time,9,5481,3576812,【雅赛努斯复仇记】缇缇实装简评 10w总伤2k4hps沉睡法伤大c,2026-01-09T04:36:34+00:00,101405,柠檬味的小小猪,12212,0,271,21,0,44,True,https://www.skland.com/article?id=3576812,https://strategy.skland.com/api/resources/items,skland_strategy_public_search_top20,False
2026-09-05T04:07:31+08:00,缇缇,缇缇,time,10,5480,3576610,一图流测评【缇缇】——睡眠体系核心，回转非常优秀的群体沉睡,2026-01-09T03:50:01+00:00,177993,苏祁风,1929,0,104,8,0,17,True,https://www.skland.com/article?id=3576610,https://strategy.skland.com/api/resources/items,skland_strategy_public_search_top20,False
2026-09-05T04:07:31+08:00,缇缇,缇缇,time,11,5476,3566226,一图流测评【缇缇】——睡眠体系新组件，还有群体免死,2026-01-06T13:13:05+00:00,177993,苏祁风,9142,0,111,12,0,45,True,https://www.skland.com/article?id=3566226,https://strategy.skland.com/api/resources/items,skland_strategy_public_search_top20,False
2026-09-05T04:07:31+08:00,缇缇,缇缇,time,12,5474,3565828,6星缇缇技能前瞻解析（睡眠敌人+我方群体锁血25秒）,2026-01-06T08:00:18+00:00,160688,闻战思凡,2125,0,237,11,0,14,True,https://www.skland.com/article?id=3565828,https://strategy.skland.com/api/resources/items,skland_strategy_public_search_top20,False
2026-09-05T04:07:31+08:00,缇缇,缇缇,time,13,5470,3561700,雅赛努斯复仇记情报汇总和解析，新6星缇缇睡眠永控？烛煌/隐隐/行箸新皮肤,2026-01-03T06:48:06+00:00,160688,闻战思凡,9921,0,273,15,0,45,True,https://www.skland.com/article?id=3561700,https://strategy.skland.com/api/resources/items,skland_strategy_public_search_top20,False
2026-09-05T04:07:31+08:00,缪尔赛思,缪尔赛思,hot,1,1320,1448769,关于干员缪尔赛思的一些使用心得与分享,2023-12-30T15:47:38+00:00,300136,aaa薄荷味润唇膏批发,3709,0,280,44,0,75,True,https://www.skland.com/article?id=1448769,https://strategy.skland.com/api/resources/items,skland_strategy_public_search_top20,False
2026-09-05T04:07:31+08:00,缪尔赛思,缪尔赛思,hot,2,100,6063,【苟淡居士】缪尔赛思的孤独圆舞曲——全方位万字详解缪尔赛思,2023-07-21T13:33:47+00:00,101315,苟淡居士,652,0,53,27,0,3,True,https://www.skland.com/article?id=6063,https://strategy.skland.com/api/resources/items,skland_strategy_public_search_top20,False
2026-09-05T04:07:31+08:00,缪尔赛思,缪尔赛思,hot,3,87,44277,【巅峰之塔#缪尔赛思】“繁多皆谎，世如朝露”,2023-08-08T08:35:19+00:00,101276,风雅荷,360,0,21,2,0,4,True,https://www.skland.com/article?id=44277,https://strategy.skland.com/api/resources/items,skland_strategy_public_search_top20,False
2026-09-05T04:07:31+08:00,缪尔赛思,缪尔赛思,hot,4,5974,5730264,【卫戍协议：盟约】五千字精讲 缪尔赛思策略 详细运营攻略,2026-04-05T12:19:53+00:00,544842,多索雷斯女王,1497,0,275,27,0,38,True,https://www.skland.com/article?id=5730264,https://strategy.skland.com/api/resources/items,skland_strategy_public_search_top20,False
2026-09-05T04:07:31+08:00,缪尔赛思,缪尔赛思,hot,5,4756,3208467,【缪尔赛思】悖论模拟攻略,2025-09-07T12:44:29+00:00,380220,menthol,29,76,3,0,0,0,True,https://www.skland.com/article?id=3208467,https://strategy.skland.com/api/resources/items,skland_strategy_public_search_top20,False
2026-09-05T04:07:31+08:00,缪尔赛思,缪尔赛思,time,1,5974,5730264,【卫戍协议：盟约】五千字精讲 缪尔赛思策略 详细运营攻略,2026-04-05T12:19:53+00:00,544842,多索雷斯女王,1497,0,275,27,0,38,True,https://www.skland.com/article?id=5730264,https://strategy.skland.com/api/resources/items,skland_strategy_public_search_top20,False
2026-09-05T04:07:31+08:00,缪尔赛思,缪尔赛思,time,2,4756,3208467,【缪尔赛思】悖论模拟攻略,2025-09-07T12:44:29+00:00,380220,menthol,29,76,3,0,0,0,True,https://www.skland.com/article?id=3208467,https://strategy.skland.com/api/resources/items,skland_strategy_public_search_top20,False
2026-09-05T04:07:31+08:00,缪尔赛思,缪尔赛思,time,3,1320,1448769,关于干员缪尔赛思的一些使用心得与分享,2023-12-30T15:47:38+00:00,300136,aaa薄荷味润唇膏批发,3709,0,280,44,0,75,True,https://www.skland.com/article?id=1448769,https://strategy.skland.com/api/resources/items,skland_strategy_public_search_top20,False
2026-09-05T04:07:31+08:00,缪尔赛思,缪尔赛思,time,4,87,44277,【巅峰之塔#缪尔赛思】“繁多皆谎，世如朝露”,2023-08-08T08:35:19+00:00,101276,风雅荷,360,0,21,2,0,4,True,https://www.skland.com/article?id=44277,https://strategy.skland.com/api/resources/items,skland_strategy_public_search_top20,False
2026-09-05T04:07:31+08:00,缪尔赛思,缪尔赛思,time,5,100,6063,【苟淡居士】缪尔赛思的孤独圆舞曲——全方位万字详解缪尔赛思,2023-07-21T13:33:47+00:00,101315,苟淡居士,652,0,53,27,0,3,True,https://www.skland.com/article?id=6063,https://strategy.skland.com/api/resources/items,skland_strategy_public_search_top20,False
2026-09-05T04:07:31+08:00,能天使,能天使,hot,1,353,182671,六星干员攻略（能天使）,2023-10-06T14:35:12+00:00,156545,铃兰桑的欧尼酱,5209,0,62,26,0,15,True,https://www.skland.com/article?id=182671,https://strategy.skland.com/api/resources/items,skland_strategy_public_search_top20,False
2026-09-05T04:07:31+08:00,能天使,能天使,hot,2,1916,2136256,六星干员速评【娜仁图亚】——大姨，新时代能天使，生吃榴莲针，是吃拐界的豪杰,2024-08-01T17:09:46+00:00,177993,苏祁风,5484,0,88,13,0,19,True,https://www.skland.com/article?id=2136256,https://strategy.skland.com/api/resources/items,skland_strategy_public_search_top20,False
2026-09-05T04:07:31+08:00,能天使,能天使,hot,3,3609,2836079,六星干员速评【新约能天使】——总伤16w时代来临，输出绝活两开花,2025-05-01T04:26:43+00:00,177993,苏祁风,12392,0,117,46,0,85,False,https://www.skland.com/article?id=2836079,https://strategy.skland.com/api/resources/items,skland_strategy_public_search_top20,False
2026-09-05T04:07:31+08:00,能天使,能天使,hot,4,3756,2883338,【干员速评】#27新约能天使——怪杰,2025-05-12T06:38:43+00:00,101142,柏喙攻略组,1227,0,23,6,0,2,False,https://www.skland.com/article?id=2883338,https://strategy.skland.com/api/resources/items,skland_strategy_public_search_top20,False
2026-09-05T04:07:31+08:00,能天使,能天使,hot,5,3614,2837070,【众生游记】新约能天使实装简评 双技能16w总伤1wdps 物理输出新纪元！,2025-05-01T08:09:28+00:00,101405,柠檬味的小小猪,5487,0,54,9,0,21,False,https://www.skland.com/article?id=2837070,https://strategy.skland.com/api/resources/items,skland_strategy_public_search_top20,False
2026-09-05T04:07:31+08:00,能天使,能天使,hot,6,3657,2856518,六星干员攻略（新约能天使）,2025-05-03T15:35:58+00:00,156545,铃兰桑的欧尼酱,1444,0,24,5,0,4,False,https://www.skland.com/article?id=2856518,https://strategy.skland.com/api/resources/items,skland_strategy_public_search_top20,False
2026-09-05T04:07:31+08:00,能天使,能天使,hot,7,175,104864,【走近干员#01】能天使——战斗篇,2023-08-31T15:57:06+00:00,209443,端木千柔,2704,0,109,22,0,31,True,https://www.skland.com/article?id=104864,https://strategy.skland.com/api/resources/items,skland_strategy_public_search_top20,False
2026-09-05T04:07:31+08:00,能天使,能天使,hot,8,4135,3086022,六星干员速评【斩业星熊】——新约能天使或成最大赢家？新熊11秒锁血18w输出,2025-08-02T06:59:40+00:00,177993,苏祁风,27067,0,355,112,0,344,False,https://www.skland.com/article?id=3086022,https://strategy.skland.com/api/resources/items,skland_strategy_public_search_top20,False
2026-09-05T04:07:31+08:00,能天使,能天使,hot,9,3792,2913467,【2025.05】模组升级-综合推荐（玛恩纳、新约能天使、蕾缪安、信仰搅拌机等）,2025-05-20T23:44:16+00:00,120476,明有奇巧人,17953,0,519,538,0,39,False,https://www.skland.com/article?id=2913467,https://strategy.skland.com/api/resources/items,skland_strategy_public_search_top20,False
2026-09-05T04:07:31+08:00,能天使,能天使,hot,10,2806,2431735,一分钟直观对比能天使新模组强度~【出苍白海】,2024-12-05T14:06:05+00:00,157781,郁馨丶,1366,2908,80,4,0,6,True,https://www.skland.com/article?id=2431735,https://strategy.skland.com/api/resources/items,skland_strategy_public_search_top20,False
2026-09-05T04:07:31+08:00,能天使,能天使,hot,11,3755,2883135,【方舟实战论123】这就是开服元老的实力！拐天使回归，机制怪+数值怪丨新约能天使,2025-05-12T04:56:10+00:00,244382,二色彩虹,4943,4216,190,24,0,8,False,https://www.skland.com/article?id=2883135,https://strategy.skland.com/api/resources/items,skland_strategy_public_search_top20,False
2026-09-05T04:07:31+08:00,能天使,能天使,hot,12,3240,2665467,六星干员速评【隐德来希】——低破甲高总伤dps6000+，什么地面能天使,2025-02-14T08:39:12+00:00,177993,苏祁风,2110,0,30,1,0,11,True,https://www.skland.com/article?id=2665467,https://strategy.skland.com/api/resources/items,skland_strategy_public_search_top20,False
2026-09-05T04:07:31+08:00,能天使,能天使,hot,13,3728,2873358,崭新机制！强度上限全看博士想象力？！【新约能天使深度测评】,2025-05-08T14:59:11+00:00,105579,黑蓑影卫攻略组,411,408,13,3,0,1,False,https://www.skland.com/article?id=2873358,https://strategy.skland.com/api/resources/items,skland_strategy_public_search_top20,False
2026-09-05T04:07:31+08:00,能天使,能天使,hot,14,2938,2456678,【2024.12】模组升级-综合推荐（史尔特尔、维娜、薇薇安娜、能天使）,2024-12-17T01:41:40+00:00,120476,明有奇巧人,6710,0,165,115,0,11,True,https://www.skland.com/article?id=2456678,https://strategy.skland.com/api/resources/items,skland_strategy_public_search_top20,False
2026-09-05T04:07:31+08:00,能天使,能天使,hot,15,3648,2854904,新月能天使强度评测食用指南，天使弹药队,2025-05-03T09:19:45+00:00,238378,星海浩瀚VU,467,0,8,4,0,3,True,https://www.skland.com/article?id=2854904,https://strategy.skland.com/api/resources/items,skland_strategy_public_search_top20,False
2026-09-05T04:07:31+08:00,能天使,能天使,hot,16,5665,3589104,打破桎梏的新时代怪杰！新约能天使：数值与机制并存的超模干员,2026-01-14T08:29:32+00:00,101387,猫柳KEE,671,712,52,2,0,1,False,https://www.skland.com/article?id=3589104,https://strategy.skland.com/api/resources/items,skland_strategy_public_search_top20,False
2026-09-05T04:07:31+08:00,能天使,能天使,hot,17,3660,2860365,新约能天使不算拉特兰？活动室要造吗？「众生行记」版本干员基建技能解析,2025-05-04T14:41:55+00:00,101177,BioHazard,718,0,18,7,0,0,False,https://www.skland.com/article?id=2860365,https://strategy.skland.com/api/resources/items,skland_strategy_public_search_top20,False
2026-09-05T04:07:31+08:00,能天使,能天使,hot,18,3676,2851916,为什么新旧能天使都不是拉特兰阵营？基建阵营体系解析,2025-05-02T15:51:26+00:00,101054,公孙长乐,4895,12118,271,23,0,14,True,https://www.skland.com/article?id=2851916,https://strategy.skland.com/api/resources/items,skland_strategy_public_search_top20,False
2026-09-05T04:07:31+08:00,能天使,能天使,hot,19,3985,2991337,【引航者试炼#5】TN-3恢弘试炼 新约能天使单核攻略,2025-06-24T18:32:32+00:00,544842,多索雷斯女王,256,0,26,1,0,1,False,https://www.skland.com/article?id=2991337,https://strategy.skland.com/api/resources/items,skland_strategy_public_search_top20,False
2026-09-05T04:07:31+08:00,能天使,能天使,hot,20,4534,3202510,【无忧梦呓】双能天使SS-7堵门67s速刷转质盐组 简单好抄高容错,2025-09-05T15:48:22+00:00,101405,柠檬味的小小猪,999,1116,71,6,0,3,True,https://www.skland.com/article?id=3202510,https://strategy.skland.com/api/resources/items,skland_strategy_public_search_top20,False
2026-09-05T04:07:31+08:00,能天使,能天使,time,1,5665,3589104,打破桎梏的新时代怪杰！新约能天使：数值与机制并存的超模干员,2026-01-14T08:29:32+00:00,101387,猫柳KEE,671,712,52,2,0,1,False,https://www.skland.com/article?id=3589104,https://strategy.skland.com/api/resources/items,skland_strategy_public_search_top20,False
2026-09-05T04:07:31+08:00,能天使,能天使,time,2,4852,3233113,【攻略补全计划】能天使—悖论模拟,2025-09-20T13:32:40+00:00,127231,山桜,26,122,4,1,0,0,True,https://www.skland.com/article?id=3233113,https://strategy.skland.com/api/resources/items,skland_strategy_public_search_top20,False
2026-09-05T04:07:31+08:00,能天使,能天使,time,3,4534,3202510,【无忧梦呓】双能天使SS-7堵门67s速刷转质盐组 简单好抄高容错,2025-09-05T15:48:22+00:00,101405,柠檬味的小小猪,999,1116,71,6,0,3,True,https://www.skland.com/article?id=3202510,https://strategy.skland.com/api/resources/items,skland_strategy_public_search_top20,False
2026-09-05T04:07:31+08:00,能天使,能天使,time,4,4404,3185900,【能天使】悖论模拟攻略,2025-08-31T13:23:33+00:00,380220,menthol,38,212,5,0,0,0,True,https://www.skland.com/article?id=3185900,https://strategy.skland.com/api/resources/items,skland_strategy_public_search_top20,False
2026-09-05T04:07:31+08:00,能天使,能天使,time,5,4135,3086022,六星干员速评【斩业星熊】——新约能天使或成最大赢家？新熊11秒锁血18w输出,2025-08-02T06:59:40+00:00,177993,苏祁风,27067,0,355,112,0,344,False,https://www.skland.com/article?id=3086022,https://strategy.skland.com/api/resources/items,skland_strategy_public_search_top20,False
2026-09-05T04:07:31+08:00,能天使,能天使,time,6,3985,2991337,【引航者试炼#5】TN-3恢弘试炼 新约能天使单核攻略,2025-06-24T18:32:32+00:00,544842,多索雷斯女王,256,0,26,1,0,1,False,https://www.skland.com/article?id=2991337,https://strategy.skland.com/api/resources/items,skland_strategy_public_search_top20,False
2026-09-05T04:07:31+08:00,能天使,能天使,time,7,3792,2913467,【2025.05】模组升级-综合推荐（玛恩纳、新约能天使、蕾缪安、信仰搅拌机等）,2025-05-20T23:44:16+00:00,120476,明有奇巧人,17953,0,519,538,0,39,False,https://www.skland.com/article?id=2913467,https://strategy.skland.com/api/resources/items,skland_strategy_public_search_top20,False
2026-09-05T04:07:31+08:00,能天使,能天使,time,8,3930,2893681,福音摇滚！——新约能天使突袭CB-EX-8,2025-05-15T16:40:28+00:00,113106,夜岚云茶馆,75,148,46,0,0,4,False,https://www.skland.com/article?id=2893681,https://strategy.skland.com/api/resources/items,skland_strategy_public_search_top20,False
2026-09-05T04:07:31+08:00,能天使,能天使,time,9,3756,2883338,【干员速评】#27新约能天使——怪杰,2025-05-12T06:38:43+00:00,101142,柏喙攻略组,1227,0,23,6,0,2,False,https://www.skland.com/article?id=2883338,https://strategy.skland.com/api/resources/items,skland_strategy_public_search_top20,False
2026-09-05T04:07:31+08:00,能天使,能天使,time,10,3755,2883135,【方舟实战论123】这就是开服元老的实力！拐天使回归，机制怪+数值怪丨新约能天使,2025-05-12T04:56:10+00:00,244382,二色彩虹,4943,4216,190,24,0,8,False,https://www.skland.com/article?id=2883135,https://strategy.skland.com/api/resources/items,skland_strategy_public_search_top20,False
2026-09-05T04:07:31+08:00,能天使,能天使,time,11,3728,2873358,崭新机制！强度上限全看博士想象力？！【新约能天使深度测评】,2025-05-08T14:59:11+00:00,105579,黑蓑影卫攻略组,411,408,13,3,0,1,False,https://www.skland.com/article?id=2873358,https://strategy.skland.com/api/resources/items,skland_strategy_public_search_top20,False
2026-09-05T04:07:31+08:00,能天使,能天使,time,12,3715,2871736,【众生行记】MT-7能天使单核低配平民攻略,2025-05-08T04:19:51+00:00,155548,POTATO02,19,68,8,0,0,0,True,https://www.skland.com/article?id=2871736,https://strategy.skland.com/api/resources/items,skland_strategy_public_search_top20,False
2026-09-05T04:07:31+08:00,能天使,能天使,time,13,3660,2860365,新约能天使不算拉特兰？活动室要造吗？「众生行记」版本干员基建技能解析,2025-05-04T14:41:55+00:00,101177,BioHazard,718,0,18,7,0,0,False,https://www.skland.com/article?id=2860365,https://strategy.skland.com/api/resources/items,skland_strategy_public_search_top20,False
2026-09-05T04:07:31+08:00,能天使,能天使,time,14,3657,2856518,六星干员攻略（新约能天使）,2025-05-03T15:35:58+00:00,156545,铃兰桑的欧尼酱,1444,0,24,5,0,4,False,https://www.skland.com/article?id=2856518,https://strategy.skland.com/api/resources/items,skland_strategy_public_search_top20,False
2026-09-05T04:07:31+08:00,能天使,能天使,time,15,3648,2854904,新月能天使强度评测食用指南，天使弹药队,2025-05-03T09:19:45+00:00,238378,星海浩瀚VU,467,0,8,4,0,3,True,https://www.skland.com/article?id=2854904,https://strategy.skland.com/api/resources/items,skland_strategy_public_search_top20,False
2026-09-05T04:07:31+08:00,能天使,能天使,time,16,3926,2852350,MT-10新约能天使单核,2025-05-02T17:40:53+00:00,859066,红唯老贼别摸鱼了,124,542,10,1,0,6,False,https://www.skland.com/article?id=2852350,https://strategy.skland.com/api/resources/items,skland_strategy_public_search_top20,False
2026-09-05T04:07:31+08:00,能天使,能天使,time,17,3676,2851916,为什么新旧能天使都不是拉特兰阵营？基建阵营体系解析,2025-05-02T15:51:26+00:00,101054,公孙长乐,4895,12118,271,23,0,14,True,https://www.skland.com/article?id=2851916,https://strategy.skland.com/api/resources/items,skland_strategy_public_search_top20,False
2026-09-05T04:07:31+08:00,能天使,能天使,time,18,3927,2849876,MT-9新约能天使,2025-05-02T08:56:23+00:00,859066,红唯老贼别摸鱼了,15,55,4,0,0,0,False,https://www.skland.com/article?id=2849876,https://strategy.skland.com/api/resources/items,skland_strategy_public_search_top20,False
2026-09-05T04:07:31+08:00,能天使,能天使,time,19,3905,2849666,【众生行记】 MT-10 新约能天使加精二蛇屠箱 1.5核,2025-05-02T08:15:04+00:00,461067,到处找小刻吃的蜜饼,73,247,9,3,0,3,False,https://www.skland.com/article?id=2849666,https://strategy.skland.com/api/resources/items,skland_strategy_public_search_top20,False
2026-09-05T04:07:31+08:00,能天使,能天使,time,20,3903,2844593,【众生行记】MT-8 新约能天使 单核（蚀刻章）,2025-05-01T14:29:52+00:00,461067,到处找小刻吃的蜜饼,62,222,9,1,0,2,False,https://www.skland.com/article?id=2844593,https://strategy.skland.com/api/resources/items,skland_strategy_public_search_top20,False
2026-09-05T04:07:31+08:00,艾雅法拉,艾雅法拉,hot,1,72,34759,[数据向测评]纯烬艾雅法拉：没有元素索敌，也能终结元素伤害？,2023-08-04T12:13:30+00:00,101157,库兰,2782,0,27,5,0,11,False,https://www.skland.com/article?id=34759,https://strategy.skland.com/api/resources/items,skland_strategy_public_search_top20,False
2026-09-05T04:07:31+08:00,艾雅法拉,艾雅法拉,hot,2,689,1413287,六星干员攻略（艾雅法拉）,2023-12-12T20:59:08+00:00,156545,铃兰桑的欧尼酱,3301,0,47,13,0,11,True,https://www.skland.com/article?id=1413287,https://strategy.skland.com/api/resources/items,skland_strategy_public_search_top20,False
2026-09-05T04:07:31+08:00,艾雅法拉,艾雅法拉,hot,3,310,162973,【走近干员#04】艾雅法拉——战斗篇,2023-09-25T02:44:49+00:00,209443,端木千柔,1529,0,28,3,0,7,True,https://www.skland.com/article?id=162973,https://strategy.skland.com/api/resources/items,skland_strategy_public_search_top20,False
2026-09-05T04:07:31+08:00,艾雅法拉,艾雅法拉,hot,4,1957,2146014,【2024.08】模组升级-综合推荐（纯烬艾雅法拉、夜莺、凯尔希、傀影）,2024-08-03T13:01:15+00:00,120476,明有奇巧人,7135,0,149,123,0,8,False,https://www.skland.com/article?id=2146014,https://strategy.skland.com/api/resources/items,skland_strategy_public_search_top20,False
2026-09-05T04:07:31+08:00,艾雅法拉,艾雅法拉,hot,5,4695,3277184,【2025.10】模组升级-综合推荐（娜仁图亚、真言、艾雅法拉、圣约送葬人）,2025-10-11T04:57:40+00:00,120476,明有奇巧人,6181,0,158,21,0,5,True,https://www.skland.com/article?id=3277184,https://strategy.skland.com/api/resources/items,skland_strategy_public_search_top20,False
2026-09-05T04:07:31+08:00,艾雅法拉,艾雅法拉,hot,6,3698,2803608,【明日方舟】五年的领头羊，如今终于得以休息 | 技能专精推荐·艾雅法拉,2025-04-20T08:24:14+00:00,101101,伊普希龙_Epts,486,704,22,3,0,1,True,https://www.skland.com/article?id=2803608,https://strategy.skland.com/api/resources/items,skland_strategy_public_search_top20,False
2026-09-05T04:07:31+08:00,艾雅法拉,艾雅法拉,hot,7,6316,5983112,那一夜，艾雅法拉和泥岩都喝醉了「丛林症结」基建解析&一图流排班表,2026-07-10T12:13:48+00:00,273345,逻辑元LogicalByte,207,1130,85,3,0,1,True,https://www.skland.com/article?id=5983112,https://strategy.skland.com/api/resources/items,skland_strategy_public_search_top20,False
2026-09-05T04:07:31+08:00,艾雅法拉,艾雅法拉,hot,8,153,60714,【明日方舟】传承与反叛，艾雅法拉的梦中童话——火山旅梦剧情解析（中）种子之章,2023-08-26T07:09:35+00:00,101315,苟淡居士,1533,0,83,30,0,11,True,https://www.skland.com/article?id=60714,https://strategy.skland.com/api/resources/items,skland_strategy_public_search_top20,False
2026-09-05T04:07:31+08:00,艾雅法拉,艾雅法拉,hot,9,1776,2047166,国服7.11&日服7.16中坚池预测——伊芙利特与艾雅法拉的中坚小组作业,2024-07-06T13:53:45+00:00,101087,罗德岛蜜饼工坊,268,0,82,0,0,3,True,https://www.skland.com/article?id=2047166,https://strategy.skland.com/api/resources/items,skland_strategy_public_search_top20,False
2026-09-05T04:07:31+08:00,艾雅法拉,艾雅法拉,hot,10,5731,5606452,【矢量突破#2巫术之夜】VEC-SP13艾雅法拉单核驻守,2026-02-27T21:41:55+00:00,101405,柠檬味的小小猪,74,148,15,0,0,0,True,https://www.skland.com/article?id=5606452,https://strategy.skland.com/api/resources/items,skland_strategy_public_search_top20,False
2026-09-05T04:07:31+08:00,艾雅法拉,艾雅法拉,hot,11,4848,3233167,【攻略补全计划】艾雅法拉—悖论模拟,2025-09-20T13:53:33+00:00,127231,山桜,30,54,5,0,0,0,True,https://www.skland.com/article?id=3233167,https://strategy.skland.com/api/resources/items,skland_strategy_public_search_top20,False
2026-09-05T04:07:31+08:00,艾雅法拉,艾雅法拉,hot,12,4739,3208522,【纯烬艾雅法拉】悖论模拟攻略,2025-09-07T13:05:45+00:00,380220,menthol,44,106,9,0,0,0,False,https://www.skland.com/article?id=3208522,https://strategy.skland.com/api/resources/items,skland_strategy_public_search_top20,False
2026-09-05T04:07:31+08:00,艾雅法拉,艾雅法拉,hot,13,4745,3208503,【艾雅法拉】悖论模拟攻略,2025-09-07T13:00:16+00:00,380220,menthol,69,129,10,0,0,0,True,https://www.skland.com/article?id=3208503,https://strategy.skland.com/api/resources/items,skland_strategy_public_search_top20,False
2026-09-05T04:07:31+08:00,艾雅法拉,艾雅法拉,time,1,6316,5983112,那一夜，艾雅法拉和泥岩都喝醉了「丛林症结」基建解析&一图流排班表,2026-07-10T12:13:48+00:00,273345,逻辑元LogicalByte,207,1130,85,3,0,1,True,https://www.skland.com/article?id=5983112,https://strategy.skland.com/api/resources/items,skland_strategy_public_search_top20,False
2026-09-05T04:07:31+08:00,艾雅法拉,艾雅法拉,time,2,5731,5606452,【矢量突破#2巫术之夜】VEC-SP13艾雅法拉单核驻守,2026-02-27T21:41:55+00:00,101405,柠檬味的小小猪,74,148,15,0,0,0,True,https://www.skland.com/article?id=5606452,https://strategy.skland.com/api/resources/items,skland_strategy_public_search_top20,False
2026-09-05T04:07:31+08:00,艾雅法拉,艾雅法拉,time,3,4695,3277184,【2025.10】模组升级-综合推荐（娜仁图亚、真言、艾雅法拉、圣约送葬人）,2025-10-11T04:57:40+00:00,120476,明有奇巧人,6181,0,158,21,0,5,True,https://www.skland.com/article?id=3277184,https://strategy.skland.com/api/resources/items,skland_strategy_public_search_top20,False
2026-09-05T04:07:31+08:00,艾雅法拉,艾雅法拉,time,4,4848,3233167,【攻略补全计划】艾雅法拉—悖论模拟,2025-09-20T13:53:33+00:00,127231,山桜,30,54,5,0,0,0,True,https://www.skland.com/article?id=3233167,https://strategy.skland.com/api/resources/items,skland_strategy_public_search_top20,False
2026-09-05T04:07:31+08:00,艾雅法拉,艾雅法拉,time,5,4739,3208522,【纯烬艾雅法拉】悖论模拟攻略,2025-09-07T13:05:45+00:00,380220,menthol,44,106,9,0,0,0,False,https://www.skland.com/article?id=3208522,https://strategy.skland.com/api/resources/items,skland_strategy_public_search_top20,False
2026-09-05T04:07:31+08:00,艾雅法拉,艾雅法拉,time,6,4745,3208503,【艾雅法拉】悖论模拟攻略,2025-09-07T13:00:16+00:00,380220,menthol,69,129,10,0,0,0,True,https://www.skland.com/article?id=3208503,https://strategy.skland.com/api/resources/items,skland_strategy_public_search_top20,False
2026-09-05T04:07:31+08:00,艾雅法拉,艾雅法拉,time,7,3698,2803608,【明日方舟】五年的领头羊，如今终于得以休息 | 技能专精推荐·艾雅法拉,2025-04-20T08:24:14+00:00,101101,伊普希龙_Epts,486,704,22,3,0,1,True,https://www.skland.com/article?id=2803608,https://strategy.skland.com/api/resources/items,skland_strategy_public_search_top20,False
2026-09-05T04:07:31+08:00,艾雅法拉,艾雅法拉,time,8,1957,2146014,【2024.08】模组升级-综合推荐（纯烬艾雅法拉、夜莺、凯尔希、傀影）,2024-08-03T13:01:15+00:00,120476,明有奇巧人,7135,0,149,123,0,8,False,https://www.skland.com/article?id=2146014,https://strategy.skland.com/api/resources/items,skland_strategy_public_search_top20,False
2026-09-05T04:07:31+08:00,艾雅法拉,艾雅法拉,time,9,1776,2047166,国服7.11&日服7.16中坚池预测——伊芙利特与艾雅法拉的中坚小组作业,2024-07-06T13:53:45+00:00,101087,罗德岛蜜饼工坊,268,0,82,0,0,3,True,https://www.skland.com/article?id=2047166,https://strategy.skland.com/api/resources/items,skland_strategy_public_search_top20,False
2026-09-05T04:07:31+08:00,艾雅法拉,艾雅法拉,time,10,689,1413287,六星干员攻略（艾雅法拉）,2023-12-12T20:59:08+00:00,156545,铃兰桑的欧尼酱,3301,0,47,13,0,11,True,https://www.skland.com/article?id=1413287,https://strategy.skland.com/api/resources/items,skland_strategy_public_search_top20,False
2026-09-05T04:07:31+08:00,艾雅法拉,艾雅法拉,time,11,310,162973,【走近干员#04】艾雅法拉——战斗篇,2023-09-25T02:44:49+00:00,209443,端木千柔,1529,0,28,3,0,7,True,https://www.skland.com/article?id=162973,https://strategy.skland.com/api/resources/items,skland_strategy_public_search_top20,False
2026-09-05T04:07:31+08:00,艾雅法拉,艾雅法拉,time,12,153,60714,【明日方舟】传承与反叛，艾雅法拉的梦中童话——火山旅梦剧情解析（中）种子之章,2023-08-26T07:09:35+00:00,101315,苟淡居士,1533,0,83,30,0,11,True,https://www.skland.com/article?id=60714,https://strategy.skland.com/api/resources/items,skland_strategy_public_search_top20,False
2026-09-05T04:07:31+08:00,艾雅法拉,艾雅法拉,time,13,72,34759,[数据向测评]纯烬艾雅法拉：没有元素索敌，也能终结元素伤害？,2023-08-04T12:13:30+00:00,101157,库兰,2782,0,27,5,0,11,False,https://www.skland.com/article?id=34759,https://strategy.skland.com/api/resources/items,skland_strategy_public_search_top20,False
2026-09-05T04:07:31+08:00,荒芜拉普兰德,荒芜拉普兰德,hot,1,2631,2369774,【干员实用性测评#20】荒芜拉普兰德——驭械术师,2024-11-04T17:26:25+00:00,192588,NEKO音符社_旧,1745,1870,34,2,0,1,True,https://www.skland.com/article?id=2369774,https://strategy.skland.com/api/resources/items,skland_strategy_public_search_top20,False
2026-09-05T04:07:31+08:00,荒芜拉普兰德,荒芜拉普兰德,hot,2,2574,2352721,【揭幕者们】荒芜拉普兰德实装数据简评 60s暖机，但是极限对单19w的超级大c,2024-11-01T08:06:15+00:00,101405,柠檬味的小小猪,3647,0,78,2,0,18,True,https://www.skland.com/article?id=2352721,https://strategy.skland.com/api/resources/items,skland_strategy_public_search_top20,False
2026-09-05T04:07:31+08:00,荒芜拉普兰德,荒芜拉普兰德,hot,3,2633,2359689,【干员实用性测评】#20荒芜拉普兰德——驭械术师,2024-11-01T21:51:09+00:00,101142,柏喙攻略组,3628,0,131,14,0,16,True,https://www.skland.com/article?id=2359689,https://strategy.skland.com/api/resources/items,skland_strategy_public_search_top20,False
2026-09-05T04:07:31+08:00,荒芜拉普兰德,荒芜拉普兰德,hot,4,2577,2354127,荒芜拉普兰德实战测试！感受来自术士的恐惧吧！,2024-11-01T08:59:03+00:00,101196,Q弹的羽Q,2120,5510,70,2,0,18,True,https://www.skland.com/article?id=2354127,https://strategy.skland.com/api/resources/items,skland_strategy_public_search_top20,False
2026-09-05T04:07:31+08:00,荒芜拉普兰德,荒芜拉普兰德,hot,5,2623,2367241,【2024.11】模组升级-综合推荐（阿尔图罗、荒芜拉普兰德、忍冬等）,2024-11-03T16:26:59+00:00,120476,明有奇巧人,11137,0,419,331,0,38,True,https://www.skland.com/article?id=2367241,https://strategy.skland.com/api/resources/items,skland_strategy_public_search_top20,False
2026-09-05T04:07:31+08:00,荒芜拉普兰德,荒芜拉普兰德,hot,6,2570,2352396,「揭幕者们」版本干员基建技能解析（荒芜拉普兰德、忍冬、弑君者、裁度、菲莱、云迹）,2024-11-01T06:42:29+00:00,101177,BioHazard,1927,0,62,9,0,10,True,https://www.skland.com/article?id=2352396,https://strategy.skland.com/api/resources/items,skland_strategy_public_search_top20,False
2026-09-05T04:07:31+08:00,荒芜拉普兰德,荒芜拉普兰德,hot,7,5362,3419366,新人练干员二三事：歪到荒芜拉普兰德该不该练？,2025-11-12T08:35:05+00:00,844418,疯狂的僵尸王,1036,0,30,5,0,23,True,https://www.skland.com/article?id=3419366,https://strategy.skland.com/api/resources/items,skland_strategy_public_search_top20,False
2026-09-05T04:07:31+08:00,荒芜拉普兰德,荒芜拉普兰德,hot,8,4744,3208507,【荒芜拉普兰德】悖论模拟攻略,2025-09-07T13:01:35+00:00,380220,menthol,8,83,4,0,0,0,True,https://www.skland.com/article?id=3208507,https://strategy.skland.com/api/resources/items,skland_strategy_public_search_top20,False
2026-09-05T04:07:31+08:00,荒芜拉普兰德,荒芜拉普兰德,hot,9,2870,2356574,荒芜拉普兰德模组任务简单好抄,2024-11-01T11:36:59+00:00,248361,乌丸千岁,213,418,8,3,0,0,True,https://www.skland.com/article?id=2356574,https://strategy.skland.com/api/resources/items,skland_strategy_public_search_top20,False
2026-09-05T04:07:31+08:00,荒芜拉普兰德,荒芜拉普兰德,hot,10,2872,2356142,满级满模组专三荒芜拉普兰德实战，夸张的对群与总伤，狼群围猎！,2024-11-01T10:57:18+00:00,101387,猫柳KEE,10774,35807,666,27,0,195,True,https://www.skland.com/article?id=2356142,https://strategy.skland.com/api/resources/items,skland_strategy_public_search_top20,False
2026-09-05T04:07:31+08:00,荒芜拉普兰德,荒芜拉普兰德,time,1,5362,3419366,新人练干员二三事：歪到荒芜拉普兰德该不该练？,2025-11-12T08:35:05+00:00,844418,疯狂的僵尸王,1036,0,30,5,0,23,True,https://www.skland.com/article?id=3419366,https://strategy.skland.com/api/resources/items,skland_strategy_public_search_top20,False
2026-09-05T04:07:31+08:00,荒芜拉普兰德,荒芜拉普兰德,time,2,4744,3208507,【荒芜拉普兰德】悖论模拟攻略,2025-09-07T13:01:35+00:00,380220,menthol,8,83,4,0,0,0,True,https://www.skland.com/article?id=3208507,https://strategy.skland.com/api/resources/items,skland_strategy_public_search_top20,False
2026-09-05T04:07:31+08:00,荒芜拉普兰德,荒芜拉普兰德,time,3,2631,2369774,【干员实用性测评#20】荒芜拉普兰德——驭械术师,2024-11-04T17:26:25+00:00,192588,NEKO音符社_旧,1745,1870,34,2,0,1,True,https://www.skland.com/article?id=2369774,https://strategy.skland.com/api/resources/items,skland_strategy_public_search_top20,False
2026-09-05T04:07:31+08:00,荒芜拉普兰德,荒芜拉普兰德,time,4,2623,2367241,【2024.11】模组升级-综合推荐（阿尔图罗、荒芜拉普兰德、忍冬等）,2024-11-03T16:26:59+00:00,120476,明有奇巧人,11137,0,419,331,0,38,True,https://www.skland.com/article?id=2367241,https://strategy.skland.com/api/resources/items,skland_strategy_public_search_top20,False
2026-09-05T04:07:31+08:00,荒芜拉普兰德,荒芜拉普兰德,time,5,2633,2359689,【干员实用性测评】#20荒芜拉普兰德——驭械术师,2024-11-01T21:51:09+00:00,101142,柏喙攻略组,3628,0,131,14,0,16,True,https://www.skland.com/article?id=2359689,https://strategy.skland.com/api/resources/items,skland_strategy_public_search_top20,False
2026-09-05T04:07:31+08:00,荒芜拉普兰德,荒芜拉普兰德,time,6,2870,2356574,荒芜拉普兰德模组任务简单好抄,2024-11-01T11:36:59+00:00,248361,乌丸千岁,213,418,8,3,0,0,True,https://www.skland.com/article?id=2356574,https://strategy.skland.com/api/resources/items,skland_strategy_public_search_top20,False
2026-09-05T04:07:31+08:00,荒芜拉普兰德,荒芜拉普兰德,time,7,2872,2356142,满级满模组专三荒芜拉普兰德实战，夸张的对群与总伤，狼群围猎！,2024-11-01T10:57:18+00:00,101387,猫柳KEE,10774,35807,666,27,0,195,True,https://www.skland.com/article?id=2356142,https://strategy.skland.com/api/resources/items,skland_strategy_public_search_top20,False
2026-09-05T04:07:31+08:00,荒芜拉普兰德,荒芜拉普兰德,time,8,2577,2354127,荒芜拉普兰德实战测试！感受来自术士的恐惧吧！,2024-11-01T08:59:03+00:00,101196,Q弹的羽Q,2120,5510,70,2,0,18,True,https://www.skland.com/article?id=2354127,https://strategy.skland.com/api/resources/items,skland_strategy_public_search_top20,False
2026-09-05T04:07:31+08:00,荒芜拉普兰德,荒芜拉普兰德,time,9,2574,2352721,【揭幕者们】荒芜拉普兰德实装数据简评 60s暖机，但是极限对单19w的超级大c,2024-11-01T08:06:15+00:00,101405,柠檬味的小小猪,3647,0,78,2,0,18,True,https://www.skland.com/article?id=2352721,https://strategy.skland.com/api/resources/items,skland_strategy_public_search_top20,False
2026-09-05T04:07:31+08:00,荒芜拉普兰德,荒芜拉普兰德,time,10,2570,2352396,「揭幕者们」版本干员基建技能解析（荒芜拉普兰德、忍冬、弑君者、裁度、菲莱、云迹）,2024-11-01T06:42:29+00:00,101177,BioHazard,1927,0,62,9,0,10,True,https://www.skland.com/article?id=2352396,https://strategy.skland.com/api/resources/items,skland_strategy_public_search_top20,False
2026-09-05T04:07:31+08:00,诗怀雅,诗怀雅,hot,1,141,58384,【云间清醒梦】 琳琅诗怀雅角色评测——琳琅珠玑，一掷逆乾坤,2023-08-21T14:04:39+00:00,105671,被子没叠,4266,0,53,10,0,12,True,https://www.skland.com/article?id=58384,https://strategy.skland.com/api/resources/items,skland_strategy_public_search_top20,False
2026-09-05T04:07:31+08:00,诗怀雅,诗怀雅,hot,2,1748,2057250,【2024.07】模组升级-综合推荐（假日威龙陈、琳琅诗怀雅、莫斯提马）,2024-07-10T15:57:39+00:00,120476,明有奇巧人,3555,0,128,85,0,20,True,https://www.skland.com/article?id=2057250,https://strategy.skland.com/api/resources/items,skland_strategy_public_search_top20,False
2026-09-05T04:07:31+08:00,诗怀雅,诗怀雅,hot,3,4234,3116728,【2025.08】模组升级-综合推荐（遥、水陈、妮芙、烛煌、琳琅诗怀雅、佩佩,2025-08-09T09:07:28+00:00,120476,明有奇巧人,4795,0,86,22,0,4,True,https://www.skland.com/article?id=3116728,https://strategy.skland.com/api/resources/items,skland_strategy_public_search_top20,False
2026-09-05T04:07:31+08:00,诗怀雅,诗怀雅,hot,4,71,34547,【集成战略】英雄无名 诗怀雅推人教程,2023-08-04T09:56:44+00:00,108599,哲意志第三共和国,1492,0,95,15,0,9,True,https://www.skland.com/article?id=34547,https://strategy.skland.com/api/resources/items,skland_strategy_public_search_top20,False
2026-09-05T04:07:31+08:00,诗怀雅,诗怀雅,hot,5,2135,2106484,【方舟五星图鉴32】诗怀雅-未来的龙门近卫局局长！一分钟带你认识五星干员,2024-07-27T12:41:02+00:00,101165,破灭DE旋律,274,1126,23,0,0,2,True,https://www.skland.com/article?id=2106484,https://strategy.skland.com/api/resources/items,skland_strategy_public_search_top20,False
2026-09-05T04:07:31+08:00,诗怀雅,诗怀雅,hot,6,163,94468,诗怀雅后日谈：为了梦想她付出了什么代价——从琳琅诗怀雅档案说起,2023-08-30T07:54:37+00:00,101315,苟淡居士,2674,0,404,97,0,31,True,https://www.skland.com/article?id=94468,https://strategy.skland.com/api/resources/items,skland_strategy_public_search_top20,False
2026-09-05T04:07:31+08:00,诗怀雅,诗怀雅,hot,7,3418,2730120,【促融共竞-足球】大力出奇迹-琳琅诗怀雅单核,2025-03-22T02:08:11+00:00,899736,墨风L,134,0,2,3,0,6,True,https://www.skland.com/article?id=2730120,https://strategy.skland.com/api/resources/items,skland_strategy_public_search_top20,False
2026-09-05T04:07:31+08:00,诗怀雅,诗怀雅,hot,8,3793,2916718,【特别战线】VEC-09琳琅诗怀雅，单人一步。风尘仆仆,2025-05-22T09:05:43+00:00,134832,CarpeDiem,95,211,10,1,0,1,True,https://www.skland.com/article?id=2916718,https://strategy.skland.com/api/resources/items,skland_strategy_public_search_top20,False
2026-09-05T04:07:31+08:00,诗怀雅,诗怀雅,time,1,4234,3116728,【2025.08】模组升级-综合推荐（遥、水陈、妮芙、烛煌、琳琅诗怀雅、佩佩,2025-08-09T09:07:28+00:00,120476,明有奇巧人,4795,0,86,22,0,4,True,https://www.skland.com/article?id=3116728,https://strategy.skland.com/api/resources/items,skland_strategy_public_search_top20,False
2026-09-05T04:07:31+08:00,诗怀雅,诗怀雅,time,2,3793,2916718,【特别战线】VEC-09琳琅诗怀雅，单人一步。风尘仆仆,2025-05-22T09:05:43+00:00,134832,CarpeDiem,95,211,10,1,0,1,True,https://www.skland.com/article?id=2916718,https://strategy.skland.com/api/resources/items,skland_strategy_public_search_top20,False
2026-09-05T04:07:31+08:00,诗怀雅,诗怀雅,time,3,3418,2730120,【促融共竞-足球】大力出奇迹-琳琅诗怀雅单核,2025-03-22T02:08:11+00:00,899736,墨风L,134,0,2,3,0,6,True,https://www.skland.com/article?id=2730120,https://strategy.skland.com/api/resources/items,skland_strategy_public_search_top20,False
2026-09-05T04:07:31+08:00,诗怀雅,诗怀雅,time,4,2135,2106484,【方舟五星图鉴32】诗怀雅-未来的龙门近卫局局长！一分钟带你认识五星干员,2024-07-27T12:41:02+00:00,101165,破灭DE旋律,274,1126,23,0,0,2,True,https://www.skland.com/article?id=2106484,https://strategy.skland.com/api/resources/items,skland_strategy_public_search_top20,False
2026-09-05T04:07:31+08:00,诗怀雅,诗怀雅,time,5,1748,2057250,【2024.07】模组升级-综合推荐（假日威龙陈、琳琅诗怀雅、莫斯提马）,2024-07-10T15:57:39+00:00,120476,明有奇巧人,3555,0,128,85,0,20,True,https://www.skland.com/article?id=2057250,https://strategy.skland.com/api/resources/items,skland_strategy_public_search_top20,False
2026-09-05T04:07:31+08:00,诗怀雅,诗怀雅,time,6,163,94468,诗怀雅后日谈：为了梦想她付出了什么代价——从琳琅诗怀雅档案说起,2023-08-30T07:54:37+00:00,101315,苟淡居士,2674,0,404,97,0,31,True,https://www.skland.com/article?id=94468,https://strategy.skland.com/api/resources/items,skland_strategy_public_search_top20,False
2026-09-05T04:07:31+08:00,诗怀雅,诗怀雅,time,7,141,58384,【云间清醒梦】 琳琅诗怀雅角色评测——琳琅珠玑，一掷逆乾坤,2023-08-21T14:04:39+00:00,105671,被子没叠,4266,0,53,10,0,12,True,https://www.skland.com/article?id=58384,https://strategy.skland.com/api/resources/items,skland_strategy_public_search_top20,False
2026-09-05T04:07:31+08:00,诗怀雅,诗怀雅,time,8,71,34547,【集成战略】英雄无名 诗怀雅推人教程,2023-08-04T09:56:44+00:00,108599,哲意志第三共和国,1492,0,95,15,0,9,True,https://www.skland.com/article?id=34547,https://strategy.skland.com/api/resources/items,skland_strategy_public_search_top20,False
2026-09-05T04:07:31+08:00,谬因,谬因,hot,1,6309,5983062,谬因专三1技能挂机实战 7格长手超级小火龙,2026-07-10T11:47:28+00:00,101405,柠檬味的小小猪,316,822,32,1,0,1,True,https://www.skland.com/article?id=5983062,https://strategy.skland.com/api/resources/items,skland_strategy_public_search_top20,False
2026-09-05T04:07:31+08:00,谬因,谬因,hot,2,6308,5981576,干员测评【谬因】-攻击能拐弯，总伤14w的群法,2026-07-10T04:14:26+00:00,177993,苏祁风,5026,0,331,8,0,65,True,https://www.skland.com/article?id=5981576,https://strategy.skland.com/api/resources/items,skland_strategy_public_search_top20,False
2026-09-05T04:07:31+08:00,谬因,谬因,hot,3,6311,5981521,「谬因」培养专精推荐一图流,2026-07-10T03:57:11+00:00,2489549,在修铁钳号,16264,0,449,42,0,135,True,https://www.skland.com/article?id=5981521,https://strategy.skland.com/api/resources/items,skland_strategy_public_search_top20,False
2026-09-05T04:07:31+08:00,谬因,谬因,hot,4,6303,5978252,6星谬因技能效果前瞻-13万伤害超远距离真群攻,2026-07-08T10:11:52+00:00,160688,闻战思凡,2123,0,254,2,0,32,True,https://www.skland.com/article?id=5978252,https://strategy.skland.com/api/resources/items,skland_strategy_public_search_top20,False
2026-09-05T04:07:31+08:00,谬因,谬因,hot,5,6306,5980083,7月新模组前瞻和开启建议-苇草，烛煌，谬因,2026-07-09T09:57:18+00:00,160688,闻战思凡,2795,0,280,7,0,25,True,https://www.skland.com/article?id=5980083,https://strategy.skland.com/api/resources/items,skland_strategy_public_search_top20,False
2026-09-05T04:07:31+08:00,谬因,谬因,hot,6,6402,6042968,【方舟实战论142】会转弯的子弹！新时代小火龙？难度高但有活丨谬因,2026-07-26T07:38:51+00:00,244382,二色彩虹,115,462,17,0,0,1,True,https://www.skland.com/article?id=6042968,https://strategy.skland.com/api/resources/items,skland_strategy_public_search_top20,False
2026-09-05T04:07:31+08:00,谬因,谬因,hot,7,6375,5986820,【2026.07】模组升级-综合推荐（谬因、焰影苇草、烛煌）,2026-07-11T10:30:25+00:00,120476,明有奇巧人,1059,0,42,8,0,3,True,https://www.skland.com/article?id=5986820,https://strategy.skland.com/api/resources/items,skland_strategy_public_search_top20,False
2026-09-05T04:07:31+08:00,谬因,谬因,hot,8,6331,5982246,「丛林症结」干员基建技能解析（谬因、佩德洛）,2026-07-10T07:10:05+00:00,101177,BioHazard,212,0,21,1,0,0,True,https://www.skland.com/article?id=5982246,https://strategy.skland.com/api/resources/items,skland_strategy_public_search_top20,False
2026-09-05T04:07:31+08:00,谬因,谬因,hot,9,6325,5983054,【丛林症结】谬因y模组任务DV-3摆完挂机 简单好抄高容错,2026-07-10T11:43:59+00:00,101405,柠檬味的小小猪,31,213,9,0,0,0,True,https://www.skland.com/article?id=5983054,https://strategy.skland.com/api/resources/items,skland_strategy_public_search_top20,False
2026-09-05T04:07:31+08:00,谬因,谬因,hot,10,6469,5982063,重新定义无限直线！谬因专三实战演示,2026-07-10T06:18:51+00:00,101387,猫柳KEE,2298,11906,353,12,0,35,True,https://www.skland.com/article?id=5982063,https://strategy.skland.com/api/resources/items,skland_strategy_public_search_top20,False
2026-09-05T04:07:31+08:00,谬因,谬因,hot,11,6294,5971980,丛林症结版本前瞻总结和解析，初雪莱伊新皮肤，酒神复刻，新6星谬因厕所战神？,2026-07-05T05:48:34+00:00,160688,闻战思凡,2620,0,255,5,0,38,True,https://www.skland.com/article?id=5971980,https://strategy.skland.com/api/resources/items,skland_strategy_public_search_top20,False
2026-09-05T04:07:31+08:00,谬因,谬因,hot,12,6479,5994500,【丛林症结】BD-7 不断电 突袭 谬因 单核,2026-07-14T13:38:07+00:00,461067,到处找小刻吃的蜜饼,19,237,6,0,0,0,True,https://www.skland.com/article?id=5994500,https://strategy.skland.com/api/resources/items,skland_strategy_public_search_top20,False
2026-09-05T04:07:31+08:00,谬因,谬因,time,1,6402,6042968,【方舟实战论142】会转弯的子弹！新时代小火龙？难度高但有活丨谬因,2026-07-26T07:38:51+00:00,244382,二色彩虹,115,462,17,0,0,1,True,https://www.skland.com/article?id=6042968,https://strategy.skland.com/api/resources/items,skland_strategy_public_search_top20,False
2026-09-05T04:07:31+08:00,谬因,谬因,time,2,6479,5994500,【丛林症结】BD-7 不断电 突袭 谬因 单核,2026-07-14T13:38:07+00:00,461067,到处找小刻吃的蜜饼,19,237,6,0,0,0,True,https://www.skland.com/article?id=5994500,https://strategy.skland.com/api/resources/items,skland_strategy_public_search_top20,False
2026-09-05T04:07:31+08:00,谬因,谬因,time,3,6375,5986820,【2026.07】模组升级-综合推荐（谬因、焰影苇草、烛煌）,2026-07-11T10:30:25+00:00,120476,明有奇巧人,1059,0,42,8,0,3,True,https://www.skland.com/article?id=5986820,https://strategy.skland.com/api/resources/items,skland_strategy_public_search_top20,False
2026-09-05T04:07:31+08:00,谬因,谬因,time,4,6309,5983062,谬因专三1技能挂机实战 7格长手超级小火龙,2026-07-10T11:47:28+00:00,101405,柠檬味的小小猪,316,822,32,1,0,1,True,https://www.skland.com/article?id=5983062,https://strategy.skland.com/api/resources/items,skland_strategy_public_search_top20,False
2026-09-05T04:07:31+08:00,谬因,谬因,time,5,6325,5983054,【丛林症结】谬因y模组任务DV-3摆完挂机 简单好抄高容错,2026-07-10T11:43:59+00:00,101405,柠檬味的小小猪,31,213,9,0,0,0,True,https://www.skland.com/article?id=5983054,https://strategy.skland.com/api/resources/items,skland_strategy_public_search_top20,False
2026-09-05T04:07:31+08:00,谬因,谬因,time,6,6331,5982246,「丛林症结」干员基建技能解析（谬因、佩德洛）,2026-07-10T07:10:05+00:00,101177,BioHazard,212,0,21,1,0,0,True,https://www.skland.com/article?id=5982246,https://strategy.skland.com/api/resources/items,skland_strategy_public_search_top20,False
2026-09-05T04:07:31+08:00,谬因,谬因,time,7,6469,5982063,重新定义无限直线！谬因专三实战演示,2026-07-10T06:18:51+00:00,101387,猫柳KEE,2298,11906,353,12,0,35,True,https://www.skland.com/article?id=5982063,https://strategy.skland.com/api/resources/items,skland_strategy_public_search_top20,False
2026-09-05T04:07:31+08:00,谬因,谬因,time,8,6308,5981576,干员测评【谬因】-攻击能拐弯，总伤14w的群法,2026-07-10T04:14:26+00:00,177993,苏祁风,5026,0,331,8,0,65,True,https://www.skland.com/article?id=5981576,https://strategy.skland.com/api/resources/items,skland_strategy_public_search_top20,False
2026-09-05T04:07:31+08:00,谬因,谬因,time,9,6311,5981521,「谬因」培养专精推荐一图流,2026-07-10T03:57:11+00:00,2489549,在修铁钳号,16264,0,449,42,0,135,True,https://www.skland.com/article?id=5981521,https://strategy.skland.com/api/resources/items,skland_strategy_public_search_top20,False
2026-09-05T04:07:31+08:00,谬因,谬因,time,10,6306,5980083,7月新模组前瞻和开启建议-苇草，烛煌，谬因,2026-07-09T09:57:18+00:00,160688,闻战思凡,2795,0,280,7,0,25,True,https://www.skland.com/article?id=5980083,https://strategy.skland.com/api/resources/items,skland_strategy_public_search_top20,False
2026-09-05T04:07:31+08:00,谬因,谬因,time,11,6303,5978252,6星谬因技能效果前瞻-13万伤害超远距离真群攻,2026-07-08T10:11:52+00:00,160688,闻战思凡,2123,0,254,2,0,32,True,https://www.skland.com/article?id=5978252,https://strategy.skland.com/api/resources/items,skland_strategy_public_search_top20,False
2026-09-05T04:07:31+08:00,谬因,谬因,time,12,6294,5971980,丛林症结版本前瞻总结和解析，初雪莱伊新皮肤，酒神复刻，新6星谬因厕所战神？,2026-07-05T05:48:34+00:00,160688,闻战思凡,2620,0,255,5,0,38,True,https://www.skland.com/article?id=5971980,https://strategy.skland.com/api/resources/items,skland_strategy_public_search_top20,False
2026-09-05T04:07:31+08:00,贝洛内,贝洛内,hot,1,5770,5643164,一图流测评【贝洛内】——9费打单23w，但更推荐有输出有控二技能,2026-03-10T04:04:39+00:00,177993,苏祁风,13308,0,244,23,0,129,True,https://www.skland.com/article?id=5643164,https://strategy.skland.com/api/resources/items,skland_strategy_public_search_top20,False
2026-09-05T04:07:31+08:00,贝洛内,贝洛内,hot,2,5771,5643281,【十字路口】贝洛内实装简评 新时代减甲拐C 64%减甲10w/40%减甲20w,2026-03-10T04:41:35+00:00,101405,柠檬味的小小猪,1443,0,219,5,0,31,True,https://www.skland.com/article?id=5643281,https://strategy.skland.com/api/resources/items,skland_strategy_public_search_top20,False
2026-09-05T04:07:31+08:00,贝洛内,贝洛内,hot,3,5769,5642621,一图流前瞻【贝洛内】——9费打单20w，但更适合用来开局的干员,2026-03-09T17:51:41+00:00,177993,苏祁风,6080,0,153,11,0,53,True,https://www.skland.com/article?id=5642621,https://strategy.skland.com/api/resources/items,skland_strategy_public_search_top20,False
2026-09-05T04:07:31+08:00,贝洛内,贝洛内,hot,4,5878,5706736,【方舟实战论137】超高数值，但全看脸！新时代破甲拐怎么就业丨贝洛内,2026-03-29T14:36:48+00:00,244382,二色彩虹,169,252,20,0,0,0,True,https://www.skland.com/article?id=5706736,https://strategy.skland.com/api/resources/items,skland_strategy_public_search_top20,False
2026-09-05T04:07:31+08:00,贝洛内,贝洛内,hot,5,5763,5639710,6星贝洛内技能前瞻，2技能64%破防，3技能20万总伤?,2026-03-08T11:10:36+00:00,160688,闻战思凡,6546,0,145,9,0,38,True,https://www.skland.com/article?id=5639710,https://strategy.skland.com/api/resources/items,skland_strategy_public_search_top20,False
2026-09-05T04:07:31+08:00,贝洛内,贝洛内,hot,6,5947,5643767,今年最吵的新干员，贝洛内直接吵死敌人？没有人类了！,2026-03-10T07:09:05+00:00,101066,泥萌都是托,2443,2234,275,17,0,24,True,https://www.skland.com/article?id=5643767,https://strategy.skland.com/api/resources/items,skland_strategy_public_search_top20,False
2026-09-05T04:07:31+08:00,贝洛内,贝洛内,hot,7,5844,5692878,尊贵的叙✌登场！「十字路口」基建解析（贝洛内、复奏）,2026-03-25T01:19:01+00:00,101177,BioHazard,95,0,6,0,0,0,True,https://www.skland.com/article?id=5692878,https://strategy.skland.com/api/resources/items,skland_strategy_public_search_top20,False
2026-09-05T04:07:31+08:00,贝洛内,贝洛内,hot,8,5757,5631475,故事集十字路口前瞻总结、卫戍协议二期、新6星斗士贝洛内、回归系统优化,2026-03-05T07:28:52+00:00,160688,闻战思凡,1840,0,122,17,0,13,True,https://www.skland.com/article?id=5631475,https://strategy.skland.com/api/resources/items,skland_strategy_public_search_top20,False
2026-09-05T04:07:31+08:00,贝洛内,贝洛内,hot,9,5784,5643942,【十字路口】贝洛内Y模组任务6-2摆完挂机 简单好抄高容错,2026-03-10T08:14:39+00:00,101405,柠檬味的小小猪,36,92,4,0,0,0,True,https://www.skland.com/article?id=5643942,https://strategy.skland.com/api/resources/items,skland_strategy_public_search_top20,False
2026-09-05T04:07:31+08:00,贝洛内,贝洛内,hot,10,5927,5645899,叙拉古阵营再加强！贝洛内干员基建技能解析,2026-03-11T03:17:36+00:00,101054,公孙长乐,456,844,166,2,0,2,True,https://www.skland.com/article?id=5645899,https://strategy.skland.com/api/resources/items,skland_strategy_public_search_top20,False
2026-09-05T04:07:31+08:00,贝洛内,贝洛内,time,1,5878,5706736,【方舟实战论137】超高数值，但全看脸！新时代破甲拐怎么就业丨贝洛内,2026-03-29T14:36:48+00:00,244382,二色彩虹,169,252,20,0,0,0,True,https://www.skland.com/article?id=5706736,https://strategy.skland.com/api/resources/items,skland_strategy_public_search_top20,False
2026-09-05T04:07:31+08:00,贝洛内,贝洛内,time,2,5844,5692878,尊贵的叙✌登场！「十字路口」基建解析（贝洛内、复奏）,2026-03-25T01:19:01+00:00,101177,BioHazard,95,0,6,0,0,0,True,https://www.skland.com/article?id=5692878,https://strategy.skland.com/api/resources/items,skland_strategy_public_search_top20,False
2026-09-05T04:07:31+08:00,贝洛内,贝洛内,time,3,5927,5645899,叙拉古阵营再加强！贝洛内干员基建技能解析,2026-03-11T03:17:36+00:00,101054,公孙长乐,456,844,166,2,0,2,True,https://www.skland.com/article?id=5645899,https://strategy.skland.com/api/resources/items,skland_strategy_public_search_top20,False
2026-09-05T04:07:31+08:00,贝洛内,贝洛内,time,4,5784,5643942,【十字路口】贝洛内Y模组任务6-2摆完挂机 简单好抄高容错,2026-03-10T08:14:39+00:00,101405,柠檬味的小小猪,36,92,4,0,0,0,True,https://www.skland.com/article?id=5643942,https://strategy.skland.com/api/resources/items,skland_strategy_public_search_top20,False
2026-09-05T04:07:31+08:00,贝洛内,贝洛内,time,5,5947,5643767,今年最吵的新干员，贝洛内直接吵死敌人？没有人类了！,2026-03-10T07:09:05+00:00,101066,泥萌都是托,2443,2234,275,17,0,24,True,https://www.skland.com/article?id=5643767,https://strategy.skland.com/api/resources/items,skland_strategy_public_search_top20,False
2026-09-05T04:07:31+08:00,贝洛内,贝洛内,time,6,5771,5643281,【十字路口】贝洛内实装简评 新时代减甲拐C 64%减甲10w/40%减甲20w,2026-03-10T04:41:35+00:00,101405,柠檬味的小小猪,1443,0,219,5,0,31,True,https://www.skland.com/article?id=5643281,https://strategy.skland.com/api/resources/items,skland_strategy_public_search_top20,False
2026-09-05T04:07:31+08:00,贝洛内,贝洛内,time,7,5770,5643164,一图流测评【贝洛内】——9费打单23w，但更推荐有输出有控二技能,2026-03-10T04:04:39+00:00,177993,苏祁风,13308,0,244,23,0,129,True,https://www.skland.com/article?id=5643164,https://strategy.skland.com/api/resources/items,skland_strategy_public_search_top20,False
2026-09-05T04:07:31+08:00,贝洛内,贝洛内,time,8,5769,5642621,一图流前瞻【贝洛内】——9费打单20w，但更适合用来开局的干员,2026-03-09T17:51:41+00:00,177993,苏祁风,6080,0,153,11,0,53,True,https://www.skland.com/article?id=5642621,https://strategy.skland.com/api/resources/items,skland_strategy_public_search_top20,False
2026-09-05T04:07:31+08:00,贝洛内,贝洛内,time,9,5763,5639710,6星贝洛内技能前瞻，2技能64%破防，3技能20万总伤?,2026-03-08T11:10:36+00:00,160688,闻战思凡,6546,0,145,9,0,38,True,https://www.skland.com/article?id=5639710,https://strategy.skland.com/api/resources/items,skland_strategy_public_search_top20,False
2026-09-05T04:07:31+08:00,贝洛内,贝洛内,time,10,5757,5631475,故事集十字路口前瞻总结、卫戍协议二期、新6星斗士贝洛内、回归系统优化,2026-03-05T07:28:52+00:00,160688,闻战思凡,1840,0,122,17,0,13,True,https://www.skland.com/article?id=5631475,https://strategy.skland.com/api/resources/items,skland_strategy_public_search_top20,False
2026-09-05T04:07:31+08:00,赤刃明霄陈,赤刃明霄陈,hot,1,5603,5240158,一图流测评【赤刃明霄陈】——首个生命值百分比伤害！清杂攻坚无敌位移多位一体,2026-02-09T17:42:08+00:00,177993,苏祁风,15686,0,5715,90,0,50,True,https://www.skland.com/article?id=5240158,https://strategy.skland.com/api/resources/items,skland_strategy_public_search_top20,False
2026-09-05T04:07:31+08:00,赤刃明霄陈,赤刃明霄陈,hot,2,5606,5255598,【辞岁行】赤刃明霄陈实装简评 保底6kDPS12w总伤还有百分比伤害的弱点大C,2026-02-10T05:23:59+00:00,101405,柠檬味的小小猪,2122,0,655,7,0,3,True,https://www.skland.com/article?id=5255598,https://strategy.skland.com/api/resources/items,skland_strategy_public_search_top20,False
2026-09-05T04:07:31+08:00,赤刃明霄陈,赤刃明霄陈,hot,3,5613,5256076,七秒做掉塔露拉！赤刃明霄陈超强实战演示,2026-02-10T05:33:35+00:00,101387,猫柳KEE,3156,2824,970,8,0,16,True,https://www.skland.com/article?id=5256076,https://strategy.skland.com/api/resources/items,skland_strategy_public_search_top20,False
2026-09-05T04:07:31+08:00,赤刃明霄陈,赤刃明霄陈,hot,4,5807,5654186,【方舟实战论136】帝王之征！上限无穷高？卫戍协议大C预定丨赤刃明霄陈,2026-03-13T02:12:40+00:00,244382,二色彩虹,320,395,31,2,0,2,True,https://www.skland.com/article?id=5654186,https://strategy.skland.com/api/resources/items,skland_strategy_public_search_top20,False
2026-09-05T04:07:31+08:00,赤刃明霄陈,赤刃明霄陈,hot,5,5641,5279640,晓歌 Pro Plus 登场！「辞岁行」基建解析（望、赤刃明霄陈、风絮、矩）,2026-02-10T17:41:08+00:00,101177,BioHazard,3840,0,272,30,0,1,True,https://www.skland.com/article?id=5279640,https://strategy.skland.com/api/resources/items,skland_strategy_public_search_top20,False
2026-09-05T04:07:31+08:00,赤刃明霄陈,赤刃明霄陈,time,1,5807,5654186,【方舟实战论136】帝王之征！上限无穷高？卫戍协议大C预定丨赤刃明霄陈,2026-03-13T02:12:40+00:00,244382,二色彩虹,320,395,31,2,0,2,True,https://www.skland.com/article?id=5654186,https://strategy.skland.com/api/resources/items,skland_strategy_public_search_top20,False
2026-09-05T04:07:31+08:00,赤刃明霄陈,赤刃明霄陈,time,2,5641,5279640,晓歌 Pro Plus 登场！「辞岁行」基建解析（望、赤刃明霄陈、风絮、矩）,2026-02-10T17:41:08+00:00,101177,BioHazard,3840,0,272,30,0,1,True,https://www.skland.com/article?id=5279640,https://strategy.skland.com/api/resources/items,skland_strategy_public_search_top20,False
2026-09-05T04:07:31+08:00,赤刃明霄陈,赤刃明霄陈,time,3,5613,5256076,七秒做掉塔露拉！赤刃明霄陈超强实战演示,2026-02-10T05:33:35+00:00,101387,猫柳KEE,3156,2824,970,8,0,16,True,https://www.skland.com/article?id=5256076,https://strategy.skland.com/api/resources/items,skland_strategy_public_search_top20,False
2026-09-05T04:07:31+08:00,赤刃明霄陈,赤刃明霄陈,time,4,5606,5255598,【辞岁行】赤刃明霄陈实装简评 保底6kDPS12w总伤还有百分比伤害的弱点大C,2026-02-10T05:23:59+00:00,101405,柠檬味的小小猪,2122,0,655,7,0,3,True,https://www.skland.com/article?id=5255598,https://strategy.skland.com/api/resources/items,skland_strategy_public_search_top20,False
2026-09-05T04:07:31+08:00,赤刃明霄陈,赤刃明霄陈,time,5,5603,5240158,一图流测评【赤刃明霄陈】——首个生命值百分比伤害！清杂攻坚无敌位移多位一体,2026-02-09T17:42:08+00:00,177993,苏祁风,15686,0,5715,90,0,50,True,https://www.skland.com/article?id=5240158,https://strategy.skland.com/api/resources/items,skland_strategy_public_search_top20,False
2026-09-05T04:07:31+08:00,逻各斯,逻各斯,hot,1,1266,1875969,六星干员攻略(逻各斯),2024-05-03T21:09:49+00:00,156545,铃兰桑的欧尼酱,8832,0,106,42,0,31,True,https://www.skland.com/article?id=1875969,https://strategy.skland.com/api/resources/items,skland_strategy_public_search_top20,False
2026-09-05T04:07:31+08:00,逻各斯,逻各斯,hot,2,1297,1913280,【何以为我】逻各斯角色评测——此歌只应天上有，泰拉能得几回闻？,2024-05-09T03:03:12+00:00,105671,被子没叠,3629,0,78,9,0,10,True,https://www.skland.com/article?id=1913280,https://strategy.skland.com/api/resources/items,skland_strategy_public_search_top20,False
2026-09-05T04:07:31+08:00,逻各斯,逻各斯,hot,3,1283,1903067,【干员速评】#13逻各斯——中坚术师,2024-05-07T04:52:41+00:00,101142,柏喙攻略组,6931,0,87,14,0,8,True,https://www.skland.com/article?id=1903067,https://strategy.skland.com/api/resources/items,skland_strategy_public_search_top20,False
2026-09-05T04:07:31+08:00,逻各斯,逻各斯,hot,4,1300,1912570,逻各斯角色评测-此歌只应天上有，泰拉能得几回闻？,2024-05-08T22:42:36+00:00,105671,被子没叠,826,1756,46,0,0,6,True,https://www.skland.com/article?id=1912570,https://strategy.skland.com/api/resources/items,skland_strategy_public_search_top20,False
2026-09-05T04:07:31+08:00,逻各斯,逻各斯,hot,5,3699,2803622,【明日方舟】没有人比我更懂源石技艺 | 技能专精推荐·逻各斯,2025-04-20T08:29:50+00:00,101101,伊普希龙_Epts,1017,730,27,0,0,1,True,https://www.skland.com/article?id=2803622,https://strategy.skland.com/api/resources/items,skland_strategy_public_search_top20,False
2026-09-05T04:07:31+08:00,逻各斯,逻各斯,hot,6,3496,2788811,【2025.04】模组升级-综合推荐（伊内丝、逻各斯、泥岩、晓歌、寻澜）,2025-04-12T15:26:06+00:00,120476,明有奇巧人,9257,0,133,136,0,13,True,https://www.skland.com/article?id=2788811,https://strategy.skland.com/api/resources/items,skland_strategy_public_search_top20,False
2026-09-05T04:07:31+08:00,逻各斯,逻各斯,hot,7,1659,2008789,【生路】BP-EX-7突袭低配过图思路（逻各斯单核）,2024-06-16T09:13:03+00:00,104939,小小暗v影,188,440,7,0,0,0,True,https://www.skland.com/article?id=2008789,https://strategy.skland.com/api/resources/items,skland_strategy_public_search_top20,False
2026-09-05T04:07:31+08:00,逻各斯,逻各斯,hot,8,1275,1889129,全六星技能专精推荐：五周年开启新时代，迎接维什戴尔和逻各斯的冲击！,2024-05-05T07:35:48+00:00,101101,伊普希龙_Epts,1932,3115,96,44,0,3,True,https://www.skland.com/article?id=1889129,https://strategy.skland.com/api/resources/items,skland_strategy_public_search_top20,False
2026-09-05T04:07:31+08:00,逻各斯,逻各斯,hot,9,2615,2364246,【揭幕者们】PV-10低配过图思路（逻各斯单核）,2024-11-02T21:28:45+00:00,104939,小小暗v影,309,763,33,5,0,2,True,https://www.skland.com/article?id=2364246,https://strategy.skland.com/api/resources/items,skland_strategy_public_search_top20,False
2026-09-05T04:07:31+08:00,逻各斯,逻各斯,hot,10,2353,2266660,【双人CV-EX-8突袭】令+逻各斯,2024-09-19T22:06:00+00:00,185427,Kelin,148,495,14,4,0,0,True,https://www.skland.com/article?id=2266660,https://strategy.skland.com/api/resources/items,skland_strategy_public_search_top20,False
2026-09-05T04:07:31+08:00,逻各斯,逻各斯,hot,11,6082,5840694,「相变临界」H17-4望+逻各斯 双核,2026-05-09T05:37:05+00:00,2234205,皮卡丘_diandian,670,1831,314,6,0,8,True,https://www.skland.com/article?id=5840694,https://strategy.skland.com/api/resources/items,skland_strategy_public_search_top20,False
2026-09-05T04:07:31+08:00,逻各斯,逻各斯,hot,12,2948,2493041,壬午号水稻田 逻各斯带3盾 摆完挂机,2025-01-05T23:50:09+00:00,160338,祈梦梦qwq,1381,0,59,15,0,15,True,https://www.skland.com/article?id=2493041,https://strategy.skland.com/api/resources/items,skland_strategy_public_search_top20,False
2026-09-05T04:07:31+08:00,逻各斯,逻各斯,hot,13,1657,2008781,【生路】BP-EX-5突袭低配过图思路（逻各斯单核）,2024-06-16T09:06:32+00:00,104939,小小暗v影,42,364,8,0,0,0,True,https://www.skland.com/article?id=2008781,https://strategy.skland.com/api/resources/items,skland_strategy_public_search_top20,False
2026-09-05T04:07:31+08:00,逻各斯,逻各斯,hot,14,4263,3130450,【明日方舟】弧光作战620分镀层，双驭械+ew逻各斯无需天有四时，简单好抄高容错,2025-08-14T11:22:20+00:00,101438,转瞬即逝,107,280,6,0,0,0,True,https://www.skland.com/article?id=3130450,https://strategy.skland.com/api/resources/items,skland_strategy_public_search_top20,False
2026-09-05T04:07:31+08:00,逻各斯,逻各斯,hot,15,5024,3373975,【雪山降临1101】大姨逻各斯OS-8堵门107s挂机速刷刺球 简单好抄高容错,2025-11-01T14:55:35+00:00,101405,柠檬味的小小猪,60,262,9,0,0,0,True,https://www.skland.com/article?id=3373975,https://strategy.skland.com/api/resources/items,skland_strategy_public_search_top20,False
2026-09-05T04:07:31+08:00,逻各斯,逻各斯,hot,16,2952,2493368,【壬午号水稻田】逻各斯单核带老干员400杀摆完挂机，不过是小猪！,2025-01-06T06:01:36+00:00,101405,柠檬味的小小猪,243,788,28,2,0,2,True,https://www.skland.com/article?id=2493368,https://strategy.skland.com/api/resources/items,skland_strategy_public_search_top20,False
2026-09-05T04:07:31+08:00,逻各斯,逻各斯,hot,17,2466,2309917,【追迹日落以西】GO-9低配过图思路（逻各斯单核）,2024-10-11T11:25:32+00:00,104939,小小暗v影,59,394,8,0,0,0,True,https://www.skland.com/article?id=2309917,https://strategy.skland.com/api/resources/items,skland_strategy_public_search_top20,False
2026-09-05T04:07:31+08:00,逻各斯,逻各斯,hot,18,1571,1982692,生路BR-7扭转醇少人速刷信赖点位（逻各斯logos，浊心斯卡蒂核心）,2024-06-05T09:08:34+00:00,696823,刑崽崽,83,0,6,0,0,4,True,https://www.skland.com/article?id=1982692,https://strategy.skland.com/api/resources/items,skland_strategy_public_search_top20,False
2026-09-05T04:07:31+08:00,逻各斯,逻各斯,hot,19,2700,2383113,【揭幕者们】PV-EX-4突袭低配过图思路（逻各斯单核）,2024-11-10T11:30:33+00:00,104939,小小暗v影,45,246,6,0,0,0,True,https://www.skland.com/article?id=2383113,https://strategy.skland.com/api/resources/items,skland_strategy_public_search_top20,False
2026-09-05T04:07:31+08:00,逻各斯,逻各斯,hot,20,1572,1982819,生路BP-6糖组少人速刷信赖攻略（逻各斯，浊心斯卡蒂，羊核心）,2024-06-05T09:23:01+00:00,696823,刑崽崽,103,0,5,0,0,3,True,https://www.skland.com/article?id=1982819,https://strategy.skland.com/api/resources/items,skland_strategy_public_search_top20,False
2026-09-05T04:07:31+08:00,逻各斯,逻各斯,time,1,6082,5840694,「相变临界」H17-4望+逻各斯 双核,2026-05-09T05:37:05+00:00,2234205,皮卡丘_diandian,670,1831,314,6,0,8,True,https://www.skland.com/article?id=5840694,https://strategy.skland.com/api/resources/items,skland_strategy_public_search_top20,False
2026-09-05T04:07:31+08:00,逻各斯,逻各斯,time,2,5024,3373975,【雪山降临1101】大姨逻各斯OS-8堵门107s挂机速刷刺球 简单好抄高容错,2025-11-01T14:55:35+00:00,101405,柠檬味的小小猪,60,262,9,0,0,0,True,https://www.skland.com/article?id=3373975,https://strategy.skland.com/api/resources/items,skland_strategy_public_search_top20,False
2026-09-05T04:07:31+08:00,逻各斯,逻各斯,time,3,4941,3319817,明日方舟剿灭作战【暗流巢窟】海祥+逻各斯,2025-10-27T02:11:19+00:00,2234205,皮卡丘_diandian,73,342,11,1,0,0,True,https://www.skland.com/article?id=3319817,https://strategy.skland.com/api/resources/items,skland_strategy_public_search_top20,False
2026-09-05T04:07:31+08:00,逻各斯,逻各斯,time,4,4903,3274278,【反常光谱】16-10 哭声渐息 逻各斯 单核,2025-10-09T18:56:03+00:00,461067,到处找小刻吃的蜜饼,11,64,8,0,0,1,True,https://www.skland.com/article?id=3274278,https://strategy.skland.com/api/resources/items,skland_strategy_public_search_top20,False
2026-09-05T04:07:31+08:00,逻各斯,逻各斯,time,5,4263,3130450,【明日方舟】弧光作战620分镀层，双驭械+ew逻各斯无需天有四时，简单好抄高容错,2025-08-14T11:22:20+00:00,101438,转瞬即逝,107,280,6,0,0,0,True,https://www.skland.com/article?id=3130450,https://strategy.skland.com/api/resources/items,skland_strategy_public_search_top20,False
2026-09-05T04:07:31+08:00,逻各斯,逻各斯,time,6,4254,3118022,【墟】AT-EX-1突袭低配过图思路（逻各斯单核）,2025-08-09T16:40:11+00:00,104939,小小暗v影,18,175,7,0,0,0,True,https://www.skland.com/article?id=3118022,https://strategy.skland.com/api/resources/items,skland_strategy_public_search_top20,False
2026-09-05T04:07:31+08:00,逻各斯,逻各斯,time,7,3699,2803622,【明日方舟】没有人比我更懂源石技艺 | 技能专精推荐·逻各斯,2025-04-20T08:29:50+00:00,101101,伊普希龙_Epts,1017,730,27,0,0,1,True,https://www.skland.com/article?id=2803622,https://strategy.skland.com/api/resources/items,skland_strategy_public_search_top20,False
2026-09-05T04:07:31+08:00,逻各斯,逻各斯,time,8,3496,2788811,【2025.04】模组升级-综合推荐（伊内丝、逻各斯、泥岩、晓歌、寻澜）,2025-04-12T15:26:06+00:00,120476,明有奇巧人,9257,0,133,136,0,13,True,https://www.skland.com/article?id=2788811,https://strategy.skland.com/api/resources/items,skland_strategy_public_search_top20,False
2026-09-05T04:07:31+08:00,逻各斯,逻各斯,time,9,3513,2720534,逻各斯&乌尔比安同池？！超强6选3卡池，补强好机会！联机玩法回顾,2025-03-17T12:11:03+00:00,101080,北夏咯咯,2194,4603,119,12,0,16,True,https://www.skland.com/article?id=2720534,https://strategy.skland.com/api/resources/items,skland_strategy_public_search_top20,False
2026-09-05T04:07:31+08:00,逻各斯,逻各斯,time,10,3361,2683902,【怀黍离】HS-8 逻各斯 单核,2025-02-24T09:53:08+00:00,461067,到处找小刻吃的蜜饼,18,126,7,0,0,1,True,https://www.skland.com/article?id=2683902,https://strategy.skland.com/api/resources/items,skland_strategy_public_search_top20,False
2026-09-05T04:07:31+08:00,逻各斯,逻各斯,time,11,3198,2605860,【相见欢】无维什戴尔逻各斯OR-9无专精挂机少人攻略,2025-01-25T10:55:26+00:00,101406,白鲸攻略组,135,200,24,0,0,0,True,https://www.skland.com/article?id=2605860,https://strategy.skland.com/api/resources/items,skland_strategy_public_search_top20,False
2026-09-05T04:07:31+08:00,逻各斯,逻各斯,time,12,2952,2493368,【壬午号水稻田】逻各斯单核带老干员400杀摆完挂机，不过是小猪！,2025-01-06T06:01:36+00:00,101405,柠檬味的小小猪,243,788,28,2,0,2,True,https://www.skland.com/article?id=2493368,https://strategy.skland.com/api/resources/items,skland_strategy_public_search_top20,False
2026-09-05T04:07:31+08:00,逻各斯,逻各斯,time,13,2948,2493041,壬午号水稻田 逻各斯带3盾 摆完挂机,2025-01-05T23:50:09+00:00,160338,祈梦梦qwq,1381,0,59,15,0,15,True,https://www.skland.com/article?id=2493041,https://strategy.skland.com/api/resources/items,skland_strategy_public_search_top20,False
2026-09-05T04:07:31+08:00,逻各斯,逻各斯,time,14,2700,2383113,【揭幕者们】PV-EX-4突袭低配过图思路（逻各斯单核）,2024-11-10T11:30:33+00:00,104939,小小暗v影,45,246,6,0,0,0,True,https://www.skland.com/article?id=2383113,https://strategy.skland.com/api/resources/items,skland_strategy_public_search_top20,False
2026-09-05T04:07:31+08:00,逻各斯,逻各斯,time,15,2701,2383109,【揭幕者们】PV-EX-3突袭低配过图思路（逻各斯单核）,2024-11-10T11:29:43+00:00,104939,小小暗v影,27,251,6,0,0,0,True,https://www.skland.com/article?id=2383109,https://strategy.skland.com/api/resources/items,skland_strategy_public_search_top20,False
2026-09-05T04:07:31+08:00,逻各斯,逻各斯,time,16,2615,2364246,【揭幕者们】PV-10低配过图思路（逻各斯单核）,2024-11-02T21:28:45+00:00,104939,小小暗v影,309,763,33,5,0,2,True,https://www.skland.com/article?id=2364246,https://strategy.skland.com/api/resources/items,skland_strategy_public_search_top20,False
2026-09-05T04:07:31+08:00,逻各斯,逻各斯,time,17,2466,2309917,【追迹日落以西】GO-9低配过图思路（逻各斯单核）,2024-10-11T11:25:32+00:00,104939,小小暗v影,59,394,8,0,0,0,True,https://www.skland.com/article?id=2309917,https://strategy.skland.com/api/resources/items,skland_strategy_public_search_top20,False
2026-09-05T04:07:31+08:00,逻各斯,逻各斯,time,18,2353,2266660,【双人CV-EX-8突袭】令+逻各斯,2024-09-19T22:06:00+00:00,185427,Kelin,148,495,14,4,0,0,True,https://www.skland.com/article?id=2266660,https://strategy.skland.com/api/resources/items,skland_strategy_public_search_top20,False
2026-09-05T04:07:31+08:00,逻各斯,逻各斯,time,19,2318,2248973,【泰拉饭】DT-EX-5突袭低配过图思路（逻各斯单核）,2024-09-10T05:14:52+00:00,104939,小小暗v影,22,139,3,0,0,0,True,https://www.skland.com/article?id=2248973,https://strategy.skland.com/api/resources/items,skland_strategy_public_search_top20,False
2026-09-05T04:07:31+08:00,逻各斯,逻各斯,time,20,2316,2247859,【泰拉饭】DT-EX-3突袭低配过图思路（逻各斯单核）,2024-09-09T14:05:05+00:00,104939,小小暗v影,9,128,4,0,0,0,True,https://www.skland.com/article?id=2247859,https://strategy.skland.com/api/resources/items,skland_strategy_public_search_top20,False
2026-09-05T04:07:31+08:00,酒神,酒神,hot,1,3885,2952752,酒神练度千万别低于精二88级2级模组（最没有潜能焦虑的一集）,2025-06-06T13:31:06+00:00,101405,柠檬味的小小猪,29951,52778,901,125,0,152,True,https://www.skland.com/article?id=2952752,https://strategy.skland.com/api/resources/items,skland_strategy_public_search_top20,False
2026-09-05T04:07:31+08:00,酒神,酒神,hot,2,3855,2947140,一分钟给你酒神的抽取，培养和使用建议！,2025-06-05T08:08:25+00:00,140204,NNNotou,1842,0,24,5,0,14,True,https://www.skland.com/article?id=2947140,https://strategy.skland.com/api/resources/items,skland_strategy_public_search_top20,False
2026-09-05T04:07:31+08:00,酒神,酒神,hot,3,3852,2947091,六星干员速评【酒神】——推荐专9的强者，机制多到技能小作文写不完的一集,2025-06-05T07:57:19+00:00,177993,苏祁风,15968,0,216,67,0,71,True,https://www.skland.com/article?id=2947091,https://strategy.skland.com/api/resources/items,skland_strategy_public_search_top20,False
2026-09-05T04:07:31+08:00,酒神,酒神,hot,4,4001,2972353,【方舟实战论125】控制欲拉满！机制之神，神经体系一人成军丨酒神,2025-06-15T11:58:37+00:00,244382,二色彩虹,3083,3623,165,17,0,7,True,https://www.skland.com/article?id=2972353,https://strategy.skland.com/api/resources/items,skland_strategy_public_search_top20,False
2026-09-05T04:07:31+08:00,酒神,酒神,hot,5,4803,3261960,以神自居的新晋幻神！酒神：一人撑起神经损伤体系,2025-10-04T10:34:59+00:00,101387,猫柳KEE,390,464,18,1,0,0,True,https://www.skland.com/article?id=3261960,https://strategy.skland.com/api/resources/items,skland_strategy_public_search_top20,False
2026-09-05T04:07:31+08:00,酒神,酒神,hot,6,3865,2948380,新干员酒神机制有多强？轻松永控？无限猫制？,2025-06-05T10:53:27+00:00,101066,泥萌都是托,5622,14098,579,42,0,22,True,https://www.skland.com/article?id=2948380,https://strategy.skland.com/api/resources/items,skland_strategy_public_search_top20,False
2026-09-05T04:07:31+08:00,酒神,酒神,hot,7,4359,3185064,【菲林干员攻略#12】你看他名字里有神那一定很强吧.jpg——酒神篇,2025-08-31T06:38:01+00:00,104745,我叫火星,392,0,8,0,0,0,True,https://www.skland.com/article?id=3185064,https://strategy.skland.com/api/resources/items,skland_strategy_public_search_top20,False
2026-09-05T04:07:31+08:00,酒神,酒神,hot,8,3950,2967377,深入理解酒神三大全新机制：原理与实战,2025-06-13T00:45:32+00:00,105579,黑蓑影卫攻略组,328,555,15,0,0,0,True,https://www.skland.com/article?id=2967377,https://strategy.skland.com/api/resources/items,skland_strategy_public_search_top20,False
2026-09-05T04:07:31+08:00,酒神,酒神,hot,9,3970,2977895,【2025.06】模组升级-综合推荐（酒神、死芒、多萝西、山、阿斯卡纶）,2025-06-18T14:21:07+00:00,120476,明有奇巧人,8702,0,144,127,0,12,True,https://www.skland.com/article?id=2977895,https://strategy.skland.com/api/resources/items,skland_strategy_public_search_top20,False
2026-09-05T04:07:31+08:00,酒神,酒神,hot,10,3868,2949430,酒神/异格傀影食用指南强度，爱猫Miss.Christine,2025-06-05T14:16:23+00:00,238378,星海浩瀚VU,437,0,13,2,0,4,True,https://www.skland.com/article?id=2949430,https://strategy.skland.com/api/resources/items,skland_strategy_public_search_top20,False
2026-09-05T04:07:31+08:00,酒神,酒神,hot,11,3853,2947102,【红丝绒】酒神实装简评 一个技能硬控敌人30s,2025-06-05T08:02:44+00:00,101405,柠檬味的小小猪,11230,0,118,37,0,72,True,https://www.skland.com/article?id=2947102,https://strategy.skland.com/api/resources/items,skland_strategy_public_search_top20,False
2026-09-05T04:07:31+08:00,酒神,酒神,hot,12,4658,3271327,真言评测：多功能恐怖奶奶，酒神好搭档,2025-10-09T03:54:13+00:00,177993,苏祁风,7277,0,165,24,0,69,True,https://www.skland.com/article?id=3271327,https://strategy.skland.com/api/resources/items,skland_strategy_public_search_top20,False
2026-09-05T04:07:31+08:00,酒神,酒神,hot,13,3879,2951864,【三分多钟测评·酒神】三大全新机制 × 逻辑自洽设计 = ？,2025-06-06T08:11:14+00:00,105579,黑蓑影卫攻略组,1915,1502,36,10,0,1,True,https://www.skland.com/article?id=2951864,https://strategy.skland.com/api/resources/items,skland_strategy_public_search_top20,False
2026-09-05T04:07:31+08:00,酒神,酒神,hot,14,4654,3267743,6星本源术士真言技能解析，破隐匿！靠麻痹层数打伤害，和酒神爆条不冲突能打配合！,2025-10-07T05:40:30+00:00,160688,闻战思凡,15658,0,299,55,0,105,True,https://www.skland.com/article?id=3267743,https://strategy.skland.com/api/resources/items,skland_strategy_public_search_top20,False
2026-09-05T04:07:31+08:00,酒神,酒神,hot,15,3846,2940524,恭喜役役，酒神已至！新巫役酒神测评抢先看,2025-06-02T10:15:35+00:00,140204,NNNotou,384,0,9,1,0,3,True,https://www.skland.com/article?id=2940524,https://strategy.skland.com/api/resources/items,skland_strategy_public_search_top20,False
2026-09-05T04:07:31+08:00,酒神,酒神,hot,16,3877,2950982,元素新神+超强控制？酒神抽取建议,2025-06-06T02:25:27+00:00,101196,Q弹的羽Q,330,726,29,0,0,3,True,https://www.skland.com/article?id=2950982,https://strategy.skland.com/api/resources/items,skland_strategy_public_search_top20,False
2026-09-05T04:07:31+08:00,酒神,酒神,hot,17,3845,2938701,酒神技能简单解析，技能聚怪和可部署在不可部署地块的牢笼,2025-06-02T02:54:56+00:00,160688,闻战思凡,495,0,16,3,0,12,True,https://www.skland.com/article?id=2938701,https://strategy.skland.com/api/resources/items,skland_strategy_public_search_top20,False
2026-09-05T04:07:31+08:00,酒神,酒神,hot,18,3860,2948701,芒酒双人AD-8 酒神首秀,2025-06-05T11:46:53+00:00,108602,哈蒙德,53,132,4,0,0,0,True,https://www.skland.com/article?id=2948701,https://strategy.skland.com/api/resources/items,skland_strategy_public_search_top20,False
2026-09-05T04:07:31+08:00,酒神,酒神,hot,19,3864,2947867,酒神初步体验，“我家猫会后空翻”【红丝绒】,2025-06-05T09:37:21+00:00,244382,二色彩虹,561,1913,62,0,0,6,True,https://www.skland.com/article?id=2947867,https://strategy.skland.com/api/resources/items,skland_strategy_public_search_top20,False
2026-09-05T04:07:31+08:00,酒神,酒神,hot,20,4240,3117743,【墟】6人6步AT-EX-8突袭摆完挂机 无蕾缪安无酒神无深海队简单好抄高容错,2025-08-09T15:07:06+00:00,101405,柠檬味的小小猪,56,276,20,0,0,0,True,https://www.skland.com/article?id=3117743,https://strategy.skland.com/api/resources/items,skland_strategy_public_search_top20,False
2026-09-05T04:07:31+08:00,酒神,酒神,time,1,6297,5973579,[酒神 单核]危机合约 涤墨行动 血刺坑道 轮换230分(含任务) 低配,2026-07-06T00:00:18+00:00,190739,阿迷Mizuki,83,235,5,2,0,1,True,https://www.skland.com/article?id=5973579,https://strategy.skland.com/api/resources/items,skland_strategy_public_search_top20,False
2026-09-05T04:07:31+08:00,酒神,酒神,time,2,6294,5971980,丛林症结版本前瞻总结和解析，初雪莱伊新皮肤，酒神复刻，新6星谬因厕所战神？,2026-07-05T05:48:34+00:00,160688,闻战思凡,2620,0,255,5,0,38,True,https://www.skland.com/article?id=5971980,https://strategy.skland.com/api/resources/items,skland_strategy_public_search_top20,False
2026-09-05T04:07:31+08:00,酒神,酒神,time,3,6274,5962022,【涤墨作战】3人阴郁影棚满级370分 红丝绒的怪当然要用酒神打【6.30轮换】,2026-06-30T02:11:51+00:00,101405,柠檬味的小小猪,170,969,26,0,0,1,True,https://www.skland.com/article?id=5962022,https://strategy.skland.com/api/resources/items,skland_strategy_public_search_top20,False
2026-09-05T04:07:31+08:00,酒神,酒神,time,4,6257,5953873,【涤墨作战】6人全任务一摆到底 无酒神无凛冬简单好抄620分摆完挂机蚀刻章镀层,2026-06-26T18:09:46+00:00,101405,柠檬味的小小猪,357,0,235,4,0,27,True,https://www.skland.com/article?id=5953873,https://strategy.skland.com/api/resources/items,skland_strategy_public_search_top20,False
2026-09-05T04:07:31+08:00,酒神,酒神,time,5,6354,5953187,【涤墨作战】稀音皮肤 酒神加精二蛇屠箱,2026-06-26T14:55:08+00:00,461067,到处找小刻吃的蜜饼,63,139,9,1,0,0,True,https://www.skland.com/article?id=5953187,https://strategy.skland.com/api/resources/items,skland_strategy_public_search_top20,False
2026-09-05T04:07:31+08:00,酒神,酒神,time,6,6248,5950822,明日方舟× 南京市红山森林动物园联动酒神，铃兰，阿米娅，拉普,2026-06-26T05:01:15+00:00,160688,闻战思凡,3851,0,444,23,0,77,True,https://www.skland.com/article?id=5950822,https://strategy.skland.com/api/resources/items,skland_strategy_public_search_top20,False
2026-09-05T04:07:31+08:00,酒神,酒神,time,7,6247,5945951,明日方舟×小马宝莉联动，新肉鸽黑流树海，酒神复刻，新故事集，全息矩阵二期,2026-06-23T14:38:11+00:00,160688,闻战思凡,30172,0,754,48,0,183,True,https://www.skland.com/article?id=5945951,https://strategy.skland.com/api/resources/items,skland_strategy_public_search_top20,False
2026-09-05T04:07:31+08:00,酒神,酒神,time,8,5827,5610376,【矢量突破2#】（巫术之夜）VEC-SP13 酒神3 精二1级单人 特别战线,2026-02-28T05:08:46+00:00,115056,金传说汤面,51,67,7,0,0,0,True,https://www.skland.com/article?id=5610376,https://strategy.skland.com/api/resources/items,skland_strategy_public_search_top20,False
2026-09-05T04:07:31+08:00,酒神,酒神,time,9,5675,3522713,PV-8 2人98秒 理论最速刷轻锰矿（酒神+号角解）,2025-12-14T07:38:05+00:00,288142,音乐剧实验室,84,202,4,0,0,0,True,https://www.skland.com/article?id=3522713,https://strategy.skland.com/api/resources/items,skland_strategy_public_search_top20,False
2026-09-05T04:07:31+08:00,酒神,酒神,time,10,5409,3521838,【未许之地】无遥无酒神无斩业星熊UR-EX-1到8突袭一摆到底 简单好抄高容错,2025-12-13T17:56:13+00:00,101405,柠檬味的小小猪,992,0,92,10,0,6,True,https://www.skland.com/article?id=3521838,https://strategy.skland.com/api/resources/items,skland_strategy_public_search_top20,False
2026-09-05T04:07:31+08:00,酒神,酒神,time,11,4891,3289207,【明日方舟】【反常光谱】H16-3酒神真言 伪双核 【高容错】,2025-10-16T18:59:48+00:00,2234205,皮卡丘_diandian,173,448,16,0,0,1,True,https://www.skland.com/article?id=3289207,https://strategy.skland.com/api/resources/items,skland_strategy_public_search_top20,False
2026-09-05T04:07:31+08:00,酒神,酒神,time,12,4896,3289054,【反常光谱】H16-1到4一摆到底 无酒神无斩业星熊无需换人换技能简单好抄高容错,2025-10-16T16:36:42+00:00,101405,柠檬味的小小猪,709,1074,68,5,0,4,True,https://www.skland.com/article?id=3289054,https://strategy.skland.com/api/resources/items,skland_strategy_public_search_top20,False
2026-09-05T04:07:31+08:00,酒神,酒神,time,13,4899,3287065,【反常光谱】16-14 唯有坦途 酒神 单核,2025-10-15T19:18:04+00:00,461067,到处找小刻吃的蜜饼,99,581,33,0,0,1,True,https://www.skland.com/article?id=3287065,https://strategy.skland.com/api/resources/items,skland_strategy_public_search_top20,False
2026-09-05T04:07:31+08:00,酒神,酒神,time,14,4905,3274273,【反常光谱】16-7 最后欢愉 酒神 单核,2025-10-09T18:53:12+00:00,461067,到处找小刻吃的蜜饼,31,65,8,0,0,0,True,https://www.skland.com/article?id=3274273,https://strategy.skland.com/api/resources/items,skland_strategy_public_search_top20,False
2026-09-05T04:07:31+08:00,酒神,酒神,time,15,4658,3271327,真言评测：多功能恐怖奶奶，酒神好搭档,2025-10-09T03:54:13+00:00,177993,苏祁风,7277,0,165,24,0,69,True,https://www.skland.com/article?id=3271327,https://strategy.skland.com/api/resources/items,skland_strategy_public_search_top20,False
2026-09-05T04:07:31+08:00,酒神,酒神,time,16,4654,3267743,6星本源术士真言技能解析，破隐匿！靠麻痹层数打伤害，和酒神爆条不冲突能打配合！,2025-10-07T05:40:30+00:00,160688,闻战思凡,15658,0,299,55,0,105,True,https://www.skland.com/article?id=3267743,https://strategy.skland.com/api/resources/items,skland_strategy_public_search_top20,False
2026-09-05T04:07:31+08:00,酒神,酒神,time,17,4803,3261960,以神自居的新晋幻神！酒神：一人撑起神经损伤体系,2025-10-04T10:34:59+00:00,101387,猫柳KEE,390,464,18,1,0,0,True,https://www.skland.com/article?id=3261960,https://strategy.skland.com/api/resources/items,skland_strategy_public_search_top20,False
2026-09-05T04:07:31+08:00,酒神,酒神,time,18,4760,3222440,【无忧梦呓】SS-EX-6 突袭 酒神 单核:是大扑棱蛾子,2025-09-14T09:21:46+00:00,461067,到处找小刻吃的蜜饼,11,139,10,1,0,2,True,https://www.skland.com/article?id=3222440,https://strategy.skland.com/api/resources/items,skland_strategy_public_search_top20,False
2026-09-05T04:07:31+08:00,酒神,酒神,time,19,4763,3199222,【无忧梦呓】SS-7 酒神 单核,2025-09-04T19:07:59+00:00,461067,到处找小刻吃的蜜饼,57,145,13,2,0,4,True,https://www.skland.com/article?id=3199222,https://strategy.skland.com/api/resources/items,skland_strategy_public_search_top20,False
2026-09-05T04:07:31+08:00,酒神,酒神,time,20,4359,3185064,【菲林干员攻略#12】你看他名字里有神那一定很强吧.jpg——酒神篇,2025-08-31T06:38:01+00:00,104745,我叫火星,392,0,8,0,0,0,True,https://www.skland.com/article?id=3185064,https://strategy.skland.com/api/resources/items,skland_strategy_public_search_top20,False
2026-09-05T04:07:31+08:00,重岳,重岳,hot,1,702,1437064,【重岳】千招百式在一息，然而意不在意？三千字分析大哥强度！,2023-12-24T10:29:04+00:00,544842,多索雷斯女王,3056,0,82,10,0,12,True,https://www.skland.com/article?id=1437064,https://strategy.skland.com/api/resources/items,skland_strategy_public_search_top20,False
2026-09-05T04:07:31+08:00,重岳,重岳,hot,2,3067,2596781,【2025.01】模组升级-综合推荐（佩佩、林、左乐、重岳、夕、森蚺）,2025-01-24T02:23:41+00:00,120476,明有奇巧人,7141,0,186,85,0,14,True,https://www.skland.com/article?id=2596781,https://strategy.skland.com/api/resources/items,skland_strategy_public_search_top20,False
2026-09-05T04:07:31+08:00,重岳,重岳,hot,3,13,23881,重岳单人输出全线程萨米肉鸽二结局【明日方舟】,2023-07-29T16:59:11+00:00,102618,符华菱日,1313,0,41,1,0,5,True,https://www.skland.com/article?id=23881,https://strategy.skland.com/api/resources/items,skland_strategy_public_search_top20,False
2026-09-05T04:07:31+08:00,重岳,重岳,hot,4,614,1396628,【银心湖列车】RS-7三人摆完挂机，简单好抄，重岳单核，刷轻锰矿。,2023-12-05T11:28:33+00:00,134832,CarpeDiem,458,0,25,2,0,4,True,https://www.skland.com/article?id=1396628,https://strategy.skland.com/api/resources/items,skland_strategy_public_search_top20,False
2026-09-05T04:07:31+08:00,重岳,重岳,hot,5,158,56750,【保全派驻】甜品平台，重岳+三星队，简单好抄，详细解说,2023-08-19T02:34:37+00:00,176896,芝士桃桃,411,0,14,3,0,14,True,https://www.skland.com/article?id=56750,https://strategy.skland.com/api/resources/items,skland_strategy_public_search_top20,False
2026-09-05T04:07:31+08:00,重岳,重岳,hot,6,115,54401,【保全派驻】荒废灯塔挂机攻略（重岳核心、纯艾羊辅助）,2023-08-16T08:50:35+00:00,101438,转瞬即逝,600,0,20,1,0,1,True,https://www.skland.com/article?id=54401,https://strategy.skland.com/api/resources/items,skland_strategy_public_search_top20,False
2026-09-05T04:07:31+08:00,重岳,重岳,hot,7,1178,1769543,保全派驻 边地移动城镇（杂音纠治团）可充能督战音响——重岳（五先锋）,2024-04-18T02:40:21+00:00,687858,雪的地方,90,0,6,3,0,1,True,https://www.skland.com/article?id=1769543,https://strategy.skland.com/api/resources/items,skland_strategy_public_search_top20,False
2026-09-05T04:07:31+08:00,重岳,重岳,hot,8,2996,2441418,12.10罗德岛日报 【银心湖刷取建议】【年重岳皮肤含龙泡泡】,2024-12-10T12:29:10+00:00,113532,化学老施,3122,0,99,8,0,19,True,https://www.skland.com/article?id=2441418,https://strategy.skland.com/api/resources/items,skland_strategy_public_search_top20,False
2026-09-05T04:07:31+08:00,重岳,重岳,hot,9,2272,2171514,重岳，一拳秒杀，祖巴伊达姆,2024-08-11T04:35:02+00:00,102618,符华菱日,3963,25185,1128,35,0,56,True,https://www.skland.com/article?id=2171514,https://strategy.skland.com/api/resources/items,skland_strategy_public_search_top20,False
2026-09-05T04:07:31+08:00,重岳,重岳,hot,10,4753,3208477,【重岳】悖论模拟攻略,2025-09-07T12:47:50+00:00,380220,menthol,28,92,4,0,0,0,True,https://www.skland.com/article?id=3208477,https://strategy.skland.com/api/resources/items,skland_strategy_public_search_top20,False
2026-09-05T04:07:31+08:00,重岳,重岳,time,1,4753,3208477,【重岳】悖论模拟攻略,2025-09-07T12:47:50+00:00,380220,menthol,28,92,4,0,0,0,True,https://www.skland.com/article?id=3208477,https://strategy.skland.com/api/resources/items,skland_strategy_public_search_top20,False
2026-09-05T04:07:31+08:00,重岳,重岳,time,2,3067,2596781,【2025.01】模组升级-综合推荐（佩佩、林、左乐、重岳、夕、森蚺）,2025-01-24T02:23:41+00:00,120476,明有奇巧人,7141,0,186,85,0,14,True,https://www.skland.com/article?id=2596781,https://strategy.skland.com/api/resources/items,skland_strategy_public_search_top20,False
2026-09-05T04:07:31+08:00,重岳,重岳,time,3,2996,2441418,12.10罗德岛日报 【银心湖刷取建议】【年重岳皮肤含龙泡泡】,2024-12-10T12:29:10+00:00,113532,化学老施,3122,0,99,8,0,19,True,https://www.skland.com/article?id=2441418,https://strategy.skland.com/api/resources/items,skland_strategy_public_search_top20,False
2026-09-05T04:07:31+08:00,重岳,重岳,time,4,2272,2171514,重岳，一拳秒杀，祖巴伊达姆,2024-08-11T04:35:02+00:00,102618,符华菱日,3963,25185,1128,35,0,56,True,https://www.skland.com/article?id=2171514,https://strategy.skland.com/api/resources/items,skland_strategy_public_search_top20,False
2026-09-05T04:07:31+08:00,重岳,重岳,time,5,1178,1769543,保全派驻 边地移动城镇（杂音纠治团）可充能督战音响——重岳（五先锋）,2024-04-18T02:40:21+00:00,687858,雪的地方,90,0,6,3,0,1,True,https://www.skland.com/article?id=1769543,https://strategy.skland.com/api/resources/items,skland_strategy_public_search_top20,False
2026-09-05T04:07:31+08:00,重岳,重岳,time,6,702,1437064,【重岳】千招百式在一息，然而意不在意？三千字分析大哥强度！,2023-12-24T10:29:04+00:00,544842,多索雷斯女王,3056,0,82,10,0,12,True,https://www.skland.com/article?id=1437064,https://strategy.skland.com/api/resources/items,skland_strategy_public_search_top20,False
2026-09-05T04:07:31+08:00,重岳,重岳,time,7,614,1396628,【银心湖列车】RS-7三人摆完挂机，简单好抄，重岳单核，刷轻锰矿。,2023-12-05T11:28:33+00:00,134832,CarpeDiem,458,0,25,2,0,4,True,https://www.skland.com/article?id=1396628,https://strategy.skland.com/api/resources/items,skland_strategy_public_search_top20,False
2026-09-05T04:07:31+08:00,重岳,重岳,time,8,158,56750,【保全派驻】甜品平台，重岳+三星队，简单好抄，详细解说,2023-08-19T02:34:37+00:00,176896,芝士桃桃,411,0,14,3,0,14,True,https://www.skland.com/article?id=56750,https://strategy.skland.com/api/resources/items,skland_strategy_public_search_top20,False
2026-09-05T04:07:31+08:00,重岳,重岳,time,9,115,54401,【保全派驻】荒废灯塔挂机攻略（重岳核心、纯艾羊辅助）,2023-08-16T08:50:35+00:00,101438,转瞬即逝,600,0,20,1,0,1,True,https://www.skland.com/article?id=54401,https://strategy.skland.com/api/resources/items,skland_strategy_public_search_top20,False
2026-09-05T04:07:31+08:00,重岳,重岳,time,10,13,23881,重岳单人输出全线程萨米肉鸽二结局【明日方舟】,2023-07-29T16:59:11+00:00,102618,符华菱日,1313,0,41,1,0,5,True,https://www.skland.com/article?id=23881,https://strategy.skland.com/api/resources/items,skland_strategy_public_search_top20,False
2026-09-05T04:07:31+08:00,铃兰,铃兰,hot,1,482,39997,从零开始的辅助生活（铃兰篇）,2023-08-06T11:13:21+00:00,140204,NNNotou,3753,0,60,16,0,22,True,https://www.skland.com/article?id=39997,https://strategy.skland.com/api/resources/items,skland_strategy_public_search_top20,False
2026-09-05T04:07:31+08:00,铃兰,铃兰,hot,2,1834,2096994,六星干员攻略（铃兰）,2024-07-24T20:20:10+00:00,156545,铃兰桑的欧尼酱,3971,0,46,21,0,4,True,https://www.skland.com/article?id=2096994,https://strategy.skland.com/api/resources/items,skland_strategy_public_search_top20,False
2026-09-05T04:07:31+08:00,铃兰,铃兰,hot,3,499,482522,［图铃测试］塑心铃兰双人五步13-16普通,2023-11-04T14:48:17+00:00,134832,CarpeDiem,682,0,19,2,0,1,True,https://www.skland.com/article?id=482522,https://strategy.skland.com/api/resources/items,skland_strategy_public_search_top20,False
2026-09-05T04:07:31+08:00,铃兰,铃兰,hot,4,2556,2341593,【卡池杂谈#7】拉狗越位进店，铃兰随妈陪跑！小羊铃兰池是否值得抽取？,2024-10-27T14:50:04+00:00,544842,多索雷斯女王,1601,0,53,5,0,22,True,https://www.skland.com/article?id=2341593,https://strategy.skland.com/api/resources/items,skland_strategy_public_search_top20,False
2026-09-05T04:07:31+08:00,铃兰,铃兰,hot,5,3156,2648126,【净罪作战】小刻铃兰温蒂三核620分蚀刻章镀层 2603无潜能无伊内丝简单好抄,2025-02-06T10:09:05+00:00,101405,柠檬味的小小猪,203,449,11,1,0,0,True,https://www.skland.com/article?id=2648126,https://strategy.skland.com/api/resources/items,skland_strategy_public_search_top20,False
2026-09-05T04:07:31+08:00,铃兰,铃兰,hot,6,5880,5732166,【卫戍协议】铃兰百分百电表倒转攻略,2026-04-06T04:55:32+00:00,101196,Q弹的羽Q,632,0,22,19,0,5,True,https://www.skland.com/article?id=5732166,https://strategy.skland.com/api/resources/items,skland_strategy_public_search_top20,False
2026-09-05T04:07:31+08:00,铃兰,铃兰,hot,7,5978,5769181,铃焰在手，天下我有 ☆ 卫戍协议终极模式铃兰策略路人局攻略,2026-04-19T03:08:25+00:00,105671,被子没叠,167,0,10,4,0,0,True,https://www.skland.com/article?id=5769181,https://strategy.skland.com/api/resources/items,skland_strategy_public_search_top20,False
2026-09-05T04:07:31+08:00,铃兰,铃兰,hot,8,6248,5950822,明日方舟× 南京市红山森林动物园联动酒神，铃兰，阿米娅，拉普,2026-06-26T05:01:15+00:00,160688,闻战思凡,3851,0,444,23,0,77,True,https://www.skland.com/article?id=5950822,https://strategy.skland.com/api/resources/items,skland_strategy_public_search_top20,False
2026-09-05T04:07:31+08:00,铃兰,铃兰,hot,9,3683,2783832,【解离复合】15-18 塑心，铃兰 双核,2025-04-10T13:43:06+00:00,461067,到处找小刻吃的蜜饼,69,256,11,1,0,3,True,https://www.skland.com/article?id=2783832,https://strategy.skland.com/api/resources/items,skland_strategy_public_search_top20,False
2026-09-05T04:07:31+08:00,铃兰,铃兰,time,1,6248,5950822,明日方舟× 南京市红山森林动物园联动酒神，铃兰，阿米娅，拉普,2026-06-26T05:01:15+00:00,160688,闻战思凡,3851,0,444,23,0,77,True,https://www.skland.com/article?id=5950822,https://strategy.skland.com/api/resources/items,skland_strategy_public_search_top20,False
2026-09-05T04:07:31+08:00,铃兰,铃兰,time,2,5978,5769181,铃焰在手，天下我有 ☆ 卫戍协议终极模式铃兰策略路人局攻略,2026-04-19T03:08:25+00:00,105671,被子没叠,167,0,10,4,0,0,True,https://www.skland.com/article?id=5769181,https://strategy.skland.com/api/resources/items,skland_strategy_public_search_top20,False
2026-09-05T04:07:31+08:00,铃兰,铃兰,time,3,5880,5732166,【卫戍协议】铃兰百分百电表倒转攻略,2026-04-06T04:55:32+00:00,101196,Q弹的羽Q,632,0,22,19,0,5,True,https://www.skland.com/article?id=5732166,https://strategy.skland.com/api/resources/items,skland_strategy_public_search_top20,False
2026-09-05T04:07:31+08:00,铃兰,铃兰,time,4,3683,2783832,【解离复合】15-18 塑心，铃兰 双核,2025-04-10T13:43:06+00:00,461067,到处找小刻吃的蜜饼,69,256,11,1,0,3,True,https://www.skland.com/article?id=2783832,https://strategy.skland.com/api/resources/items,skland_strategy_public_search_top20,False
2026-09-05T04:07:31+08:00,铃兰,铃兰,time,5,3156,2648126,【净罪作战】小刻铃兰温蒂三核620分蚀刻章镀层 2603无潜能无伊内丝简单好抄,2025-02-06T10:09:05+00:00,101405,柠檬味的小小猪,203,449,11,1,0,0,True,https://www.skland.com/article?id=2648126,https://strategy.skland.com/api/resources/items,skland_strategy_public_search_top20,False
2026-09-05T04:07:31+08:00,铃兰,铃兰,time,6,2556,2341593,【卡池杂谈#7】拉狗越位进店，铃兰随妈陪跑！小羊铃兰池是否值得抽取？,2024-10-27T14:50:04+00:00,544842,多索雷斯女王,1601,0,53,5,0,22,True,https://www.skland.com/article?id=2341593,https://strategy.skland.com/api/resources/items,skland_strategy_public_search_top20,False
2026-09-05T04:07:31+08:00,铃兰,铃兰,time,7,1834,2096994,六星干员攻略（铃兰）,2024-07-24T20:20:10+00:00,156545,铃兰桑的欧尼酱,3971,0,46,21,0,4,True,https://www.skland.com/article?id=2096994,https://strategy.skland.com/api/resources/items,skland_strategy_public_search_top20,False
2026-09-05T04:07:31+08:00,铃兰,铃兰,time,8,499,482522,［图铃测试］塑心铃兰双人五步13-16普通,2023-11-04T14:48:17+00:00,134832,CarpeDiem,682,0,19,2,0,1,True,https://www.skland.com/article?id=482522,https://strategy.skland.com/api/resources/items,skland_strategy_public_search_top20,False
2026-09-05T04:07:31+08:00,铃兰,铃兰,time,9,482,39997,从零开始的辅助生活（铃兰篇）,2023-08-06T11:13:21+00:00,140204,NNNotou,3753,0,60,16,0,22,True,https://www.skland.com/article?id=39997,https://strategy.skland.com/api/resources/items,skland_strategy_public_search_top20,False
2026-09-05T04:07:31+08:00,银灰,银灰,hot,1,49,33840,六星干员攻略（银灰）,2023-08-03T19:33:17+00:00,156545,铃兰桑的欧尼酱,6847,0,40,18,0,25,True,https://www.skland.com/article?id=33840,https://strategy.skland.com/api/resources/items,skland_strategy_public_search_top20,False
2026-09-05T04:07:31+08:00,银灰,银灰,hot,2,1270,1888063,【菲林干员攻略#7】三年之期已到，银神，启动！——模组银灰篇,2024-05-05T04:59:13+00:00,104745,我叫火星,2254,0,34,4,0,8,True,https://www.skland.com/article?id=1888063,https://strategy.skland.com/api/resources/items,skland_strategy_public_search_top20,False
2026-09-05T04:07:31+08:00,银灰,银灰,hot,3,3707,2827947,近锋队版本答案银灰全局思路运营教学,2025-04-28T08:17:10+00:00,106950,伊颜轩,895,0,19,3,0,0,True,https://www.skland.com/article?id=2827947,https://strategy.skland.com/api/resources/items,skland_strategy_public_search_top20,False
2026-09-05T04:07:31+08:00,银灰,银灰,hot,4,4998,3369764,【雪山降临1101】凛御银灰简评 13w6总伤/单人最高回费效率,2025-11-01T08:53:18+00:00,101405,柠檬味的小小猪,1870,0,72,9,0,4,False,https://www.skland.com/article?id=3369764,https://strategy.skland.com/api/resources/items,skland_strategy_public_search_top20,False
2026-09-05T04:07:31+08:00,银灰,银灰,hot,5,4983,3360857,一图流测评【凛御银灰】——首个决战技先锋，多功能高速展开,2025-11-01T02:00:26+00:00,177993,苏祁风,17846,0,196,71,0,119,False,https://www.skland.com/article?id=3360857,https://strategy.skland.com/api/resources/items,skland_strategy_public_search_top20,False
2026-09-05T04:07:31+08:00,银灰,银灰,hot,6,5195,3394015,凛御银灰-养成攻略食用指南,2025-11-05T06:03:38+00:00,238378,星海浩瀚VU,588,0,8,0,0,2,False,https://www.skland.com/article?id=3394015,https://strategy.skland.com/api/resources/items,skland_strategy_public_search_top20,False
2026-09-05T04:07:31+08:00,银灰,银灰,hot,7,5229,3422534,【方舟实战论131】新神降临，先锋如何做到变革时代丨凛御银灰,2025-11-13T09:40:18+00:00,244382,二色彩虹,607,1195,53,5,0,3,False,https://www.skland.com/article?id=3422534,https://strategy.skland.com/api/resources/items,skland_strategy_public_search_top20,False
2026-09-05T04:07:31+08:00,银灰,银灰,hot,8,5225,3395115,凛御银灰组合搭配指南,2025-11-05T12:31:33+00:00,4537583,逻各斯考中,24477,0,1111,432,0,165,False,https://www.skland.com/article?id=3395115,https://strategy.skland.com/api/resources/items,skland_strategy_public_search_top20,False
2026-09-05T04:07:31+08:00,银灰,银灰,hot,9,4953,3321280,一图流前瞻【凛御银灰】——首个决战技先锋，纸面回费效率1.5桃,2025-10-27T08:29:15+00:00,177993,苏祁风,10732,0,325,30,0,311,False,https://www.skland.com/article?id=3321280,https://strategy.skland.com/api/resources/items,skland_strategy_public_search_top20,False
2026-09-05T04:07:31+08:00,银灰,银灰,hot,10,5011,3368947,叹为观止的操作！凛御银灰！史上最强手法干员！,2025-11-01T07:55:42+00:00,101066,泥萌都是托,2668,8341,330,21,0,26,False,https://www.skland.com/article?id=3368947,https://strategy.skland.com/api/resources/items,skland_strategy_public_search_top20,False
2026-09-05T04:07:31+08:00,银灰,银灰,hot,11,5477,3566668,【菲林干员攻略#13】泰拉最常见的种族在6.5周年才迎来先锋？——凛御银灰篇,2026-01-06T17:47:50+00:00,104745,我叫火星,269,0,9,1,0,0,False,https://www.skland.com/article?id=3566668,https://strategy.skland.com/api/resources/items,skland_strategy_public_search_top20,False
2026-09-05T04:07:31+08:00,银灰,银灰,hot,12,2819,2432608,EP-6 糖组 107秒 精二1级无限定堵门速刷 玛恩纳+银灰 （出苍白海）,2024-12-05T18:19:09+00:00,115056,金传说汤面,240,373,19,2,0,1,True,https://www.skland.com/article?id=2432608,https://strategy.skland.com/api/resources/items,skland_strategy_public_search_top20,False
2026-09-05T04:07:31+08:00,银灰,银灰,hot,13,5197,3394189,「雪山降临1101」基建解析（凛御银灰、圣聆初雪、溯光星源、雪猎、哈蒂娅、协律）,2025-11-05T07:14:36+00:00,101177,BioHazard,305,0,9,1,0,0,False,https://www.skland.com/article?id=3394189,https://strategy.skland.com/api/resources/items,skland_strategy_public_search_top20,False
2026-09-05T04:07:31+08:00,银灰,银灰,hot,14,5201,3400094,11月模组开启建议，星熊盾牌不吃特性，灵知特限配合银灰一刀冰冻，推王Y模提升不错,2025-11-07T01:24:41+00:00,160688,闻战思凡,4195,0,86,27,0,22,True,https://www.skland.com/article?id=3400094,https://strategy.skland.com/api/resources/items,skland_strategy_public_search_top20,False
2026-09-05T04:07:31+08:00,银灰,银灰,hot,15,5266,3402120,【凛御银灰·深度测评】帝王归来！减费机制能否撼动费用大厦？,2025-11-07T12:05:57+00:00,105579,黑蓑影卫攻略组,179,500,12,0,0,0,False,https://www.skland.com/article?id=3402120,https://strategy.skland.com/api/resources/items,skland_strategy_public_search_top20,False
2026-09-05T04:07:31+08:00,银灰,银灰,hot,16,3823,2923295,【矢量突破#1无机物】黑银灰白面鸮3人驻守VEC-SP15 简单好抄高容错,2025-05-25T03:46:29+00:00,101405,柠檬味的小小猪,45,141,7,0,0,0,True,https://www.skland.com/article?id=2923295,https://strategy.skland.com/api/resources/items,skland_strategy_public_search_top20,False
2026-09-05T04:07:31+08:00,银灰,银灰,hot,17,2387,2281956,矢量突破 VEC-SP01 银灰 二技能 单人向攻略,2024-09-28T10:24:41+00:00,380220,menthol,98,350,9,0,0,1,True,https://www.skland.com/article?id=2281956,https://strategy.skland.com/api/resources/items,skland_strategy_public_search_top20,False
2026-09-05T04:07:31+08:00,银灰,银灰,hot,18,5255,3431590,【雪山降临】OS-S-1到OS-S-5突袭摆完半挂机、限定只使用EW无银灰等干员,2025-11-15T13:42:44+00:00,160688,闻战思凡,985,0,40,13,0,3,True,https://www.skland.com/article?id=3431590,https://strategy.skland.com/api/resources/items,skland_strategy_public_search_top20,False
2026-09-05T04:07:31+08:00,银灰,银灰,hot,19,5789,5643782,棘刺银灰初雪3人切削液CG-8【十字路口】挂机材料攻略 明日方舟,2026-03-10T07:13:59+00:00,113532,化学老施,233,336,38,0,0,1,True,https://www.skland.com/article?id=5643782,https://strategy.skland.com/api/resources/items,skland_strategy_public_search_top20,False
2026-09-05T04:07:31+08:00,银灰,银灰,hot,20,2741,2400191,卫戍协议核心协议银灰运营思路，简单好抄，容错率高。,2024-11-17T17:42:23+00:00,284475,羽仓樱,1040,0,41,10,0,6,True,https://www.skland.com/article?id=2400191,https://strategy.skland.com/api/resources/items,skland_strategy_public_search_top20,False
2026-09-05T04:07:31+08:00,银灰,银灰,time,1,6321,5981984,BD-7 银灰异拉 2人95秒速刷【丛林症结】少人信赖 明日方舟,2026-07-10T05:57:00+00:00,113532,化学老施,295,1361,60,2,0,2,True,https://www.skland.com/article?id=5981984,https://strategy.skland.com/api/resources/items,skland_strategy_public_search_top20,False
2026-09-05T04:07:31+08:00,银灰,银灰,time,2,6283,5965714,【涤墨870】12人精二60级无潜能无银灰琴柳不凹闪批发作业 保姆级字幕解说,2026-07-02T00:52:33+00:00,101405,柠檬味的小小猪,265,1284,38,5,0,2,True,https://www.skland.com/article?id=5965714,https://strategy.skland.com/api/resources/items,skland_strategy_public_search_top20,False
2026-09-05T04:07:31+08:00,银灰,银灰,time,3,5909,5735340,维银灰2人酮凝集组PA-7【人们，我们】材料挂机攻略 明日方舟,2026-04-07T06:15:57+00:00,113532,化学老施,157,276,59,0,0,1,True,https://www.skland.com/article?id=5735340,https://strategy.skland.com/api/resources/items,skland_strategy_public_search_top20,False
2026-09-05T04:07:31+08:00,银灰,银灰,time,4,5789,5643782,棘刺银灰初雪3人切削液CG-8【十字路口】挂机材料攻略 明日方舟,2026-03-10T07:13:59+00:00,113532,化学老施,233,336,38,0,0,1,True,https://www.skland.com/article?id=5643782,https://strategy.skland.com/api/resources/items,skland_strategy_public_search_top20,False
2026-09-05T04:07:31+08:00,银灰,银灰,time,5,5618,5259753,银灰塞雷娅2人搓玉TA-5固源岩【辞岁行】堵门速刷材料挂机攻略 明日方舟,2026-02-10T07:10:04+00:00,113532,化学老施,5158,6375,3741,27,0,4,True,https://www.skland.com/article?id=5259753,https://strategy.skland.com/api/resources/items,skland_strategy_public_search_top20,False
2026-09-05T04:07:31+08:00,银灰,银灰,time,6,5477,3566668,【菲林干员攻略#13】泰拉最常见的种族在6.5周年才迎来先锋？——凛御银灰篇,2026-01-06T17:47:50+00:00,104745,我叫火星,269,0,9,1,0,0,False,https://www.skland.com/article?id=3566668,https://strategy.skland.com/api/resources/items,skland_strategy_public_search_top20,False
2026-09-05T04:07:31+08:00,银灰,银灰,time,7,5548,3541960,EP-8 3人118秒 理论最速刷研磨石（凛御银灰+傀影+乌尔比安解）,2025-12-24T04:19:10+00:00,288142,音乐剧实验室,48,172,4,0,0,0,False,https://www.skland.com/article?id=3541960,https://strategy.skland.com/api/resources/items,skland_strategy_public_search_top20,False
2026-09-05T04:07:31+08:00,银灰,银灰,time,8,5454,3533987,银灰3星熊2 糖组EP-6速刷【出苍白海】少人信赖 堵门材料挂机 明日方舟,2025-12-21T03:48:56+00:00,113532,化学老施,152,686,75,0,0,0,True,https://www.skland.com/article?id=3533987,https://strategy.skland.com/api/resources/items,skland_strategy_public_search_top20,False
2026-09-05T04:07:31+08:00,银灰,银灰,time,9,5255,3431590,【雪山降临】OS-S-1到OS-S-5突袭摆完半挂机、限定只使用EW无银灰等干员,2025-11-15T13:42:44+00:00,160688,闻战思凡,985,0,40,13,0,3,True,https://www.skland.com/article?id=3431590,https://strategy.skland.com/api/resources/items,skland_strategy_public_search_top20,False
2026-09-05T04:07:31+08:00,银灰,银灰,time,10,5229,3422534,【方舟实战论131】新神降临，先锋如何做到变革时代丨凛御银灰,2025-11-13T09:40:18+00:00,244382,二色彩虹,607,1195,53,5,0,3,False,https://www.skland.com/article?id=3422534,https://strategy.skland.com/api/resources/items,skland_strategy_public_search_top20,False
2026-09-05T04:07:31+08:00,银灰,银灰,time,11,5221,3405700,凛御银灰仅需1.9秒即可带队秒杀EX新图？！,2025-11-08T12:10:18+00:00,101066,泥萌都是托,3727,10047,451,39,0,43,False,https://www.skland.com/article?id=3405700,https://strategy.skland.com/api/resources/items,skland_strategy_public_search_top20,False
2026-09-05T04:07:31+08:00,银灰,银灰,time,12,5266,3402120,【凛御银灰·深度测评】帝王归来！减费机制能否撼动费用大厦？,2025-11-07T12:05:57+00:00,105579,黑蓑影卫攻略组,179,500,12,0,0,0,False,https://www.skland.com/article?id=3402120,https://strategy.skland.com/api/resources/items,skland_strategy_public_search_top20,False
2026-09-05T04:07:31+08:00,银灰,银灰,time,13,5201,3400094,11月模组开启建议，星熊盾牌不吃特性，灵知特限配合银灰一刀冰冻，推王Y模提升不错,2025-11-07T01:24:41+00:00,160688,闻战思凡,4195,0,86,27,0,22,True,https://www.skland.com/article?id=3400094,https://strategy.skland.com/api/resources/items,skland_strategy_public_search_top20,False
2026-09-05T04:07:31+08:00,银灰,银灰,time,14,5225,3395115,凛御银灰组合搭配指南,2025-11-05T12:31:33+00:00,4537583,逻各斯考中,24477,0,1111,432,0,165,False,https://www.skland.com/article?id=3395115,https://strategy.skland.com/api/resources/items,skland_strategy_public_search_top20,False
2026-09-05T04:07:31+08:00,银灰,银灰,time,15,5197,3394189,「雪山降临1101」基建解析（凛御银灰、圣聆初雪、溯光星源、雪猎、哈蒂娅、协律）,2025-11-05T07:14:36+00:00,101177,BioHazard,305,0,9,1,0,0,False,https://www.skland.com/article?id=3394189,https://strategy.skland.com/api/resources/items,skland_strategy_public_search_top20,False
2026-09-05T04:07:31+08:00,银灰,银灰,time,16,5195,3394015,凛御银灰-养成攻略食用指南,2025-11-05T06:03:38+00:00,238378,星海浩瀚VU,588,0,8,0,0,2,False,https://www.skland.com/article?id=3394015,https://strategy.skland.com/api/resources/items,skland_strategy_public_search_top20,False
2026-09-05T04:07:31+08:00,银灰,银灰,time,17,4998,3369764,【雪山降临1101】凛御银灰简评 13w6总伤/单人最高回费效率,2025-11-01T08:53:18+00:00,101405,柠檬味的小小猪,1870,0,72,9,0,4,False,https://www.skland.com/article?id=3369764,https://strategy.skland.com/api/resources/items,skland_strategy_public_search_top20,False
2026-09-05T04:07:31+08:00,银灰,银灰,time,18,4996,3369133,【雪山降临】银灰和夜刀真是一对苦命鸳鸯！,2025-11-01T08:09:06+00:00,108602,哈蒙德,29,34,0,0,0,0,True,https://www.skland.com/article?id=3369133,https://strategy.skland.com/api/resources/items,skland_strategy_public_search_top20,False
2026-09-05T04:07:31+08:00,银灰,银灰,time,19,5014,3368962,异格银灰+初雪初步体验，并非没有输出，两个数值怪【雪山降临】,2025-11-01T07:56:22+00:00,244382,二色彩虹,202,1005,46,2,0,0,True,https://www.skland.com/article?id=3368962,https://strategy.skland.com/api/resources/items,skland_strategy_public_search_top20,False
2026-09-05T04:07:31+08:00,银灰,银灰,time,20,5011,3368947,叹为观止的操作！凛御银灰！史上最强手法干员！,2025-11-01T07:55:42+00:00,101066,泥萌都是托,2668,8341,330,21,0,26,False,https://www.skland.com/article?id=3368947,https://strategy.skland.com/api/resources/items,skland_strategy_public_search_top20,False
2026-09-05T04:07:31+08:00,锏,锏,hot,1,656,1410134,【实用性测评#12】至强骑士三冠王？详细至尽的黑骑士锏测评！,2023-12-11T06:36:59+00:00,192588,NEKO音符社_旧,4903,0,95,22,0,16,True,https://www.skland.com/article?id=1410134,https://strategy.skland.com/api/resources/items,skland_strategy_public_search_top20,False
2026-09-05T04:07:31+08:00,锏,锏,hot,2,617,1396328,六星干员速评【锏】——短回转高爆发！那个三届冠军“黑骑士”，她终于来了,2023-12-05T10:05:19+00:00,177993,苏祁风,9537,0,338,29,0,135,True,https://www.skland.com/article?id=1396328,https://strategy.skland.com/api/resources/items,skland_strategy_public_search_top20,False
2026-09-05T04:07:31+08:00,锏,锏,hot,3,688,1407227,六星干员攻略（锏),2023-12-09T21:01:18+00:00,156545,铃兰桑的欧尼酱,3769,0,43,12,0,9,False,https://www.skland.com/article?id=1407227,https://strategy.skland.com/api/resources/items,skland_strategy_public_search_top20,False
2026-09-05T04:07:31+08:00,锏,锏,hot,4,627,1395753,【干员速评】#5 锏-剑豪,2023-12-05T08:04:56+00:00,101142,柏喙攻略组,3081,0,77,3,0,16,False,https://www.skland.com/article?id=1395753,https://strategy.skland.com/api/resources/items,skland_strategy_public_search_top20,False
2026-09-05T04:07:31+08:00,锏,锏,hot,5,625,1398815,+100%贸易幻神？骗局罢了！锏基建技能解析,2023-12-06T03:19:32+00:00,101054,公孙长乐,8152,0,309,35,0,54,False,https://www.skland.com/article?id=1398815,https://strategy.skland.com/api/resources/items,skland_strategy_public_search_top20,False
2026-09-05T04:07:31+08:00,锏,锏,hot,6,650,1405859,【游邦者】锏角色评测 —— 一骑当千，游龙于冰河之上的黑色战神,2023-12-09T08:08:47+00:00,105671,被子没叠,1531,0,79,13,0,22,False,https://www.skland.com/article?id=1405859,https://strategy.skland.com/api/resources/items,skland_strategy_public_search_top20,False
2026-09-05T04:07:31+08:00,锏,锏,hot,7,647,1400708,重铸剑豪荣光!三冠王“黑骑士”【锏】评测解析,2023-12-06T18:56:01+00:00,263451,贪狼星君,1210,0,40,6,0,12,True,https://www.skland.com/article?id=1400708,https://strategy.skland.com/api/resources/items,skland_strategy_public_search_top20,False
2026-09-05T04:07:31+08:00,锏,锏,hot,8,653,1408697,抽锏还是抽焰苇，还是多攒点给以后的池子？【近半年间卡池梳理】,2023-12-10T13:08:15+00:00,131475,逸天神龙,4546,0,229,62,0,90,False,https://www.skland.com/article?id=1408697,https://strategy.skland.com/api/resources/items,skland_strategy_public_search_top20,False
2026-09-05T04:07:31+08:00,锏,锏,hot,9,3702,2803660,【明日方舟】7.5秒清空弹匣！高台锏自豪？ | 技能专精推荐·烛煌,2025-04-20T08:55:37+00:00,101101,伊普希龙_Epts,500,545,20,1,0,0,False,https://www.skland.com/article?id=2803660,https://strategy.skland.com/api/resources/items,skland_strategy_public_search_top20,False
2026-09-05T04:07:31+08:00,锏,锏,hot,10,3077,2606431,OR-8 95秒 转质盐组 精二1级蚀刻章无限定堵门速刷 锏+歌蕾蒂娅（相见欢）,2025-01-25T13:00:10+00:00,115056,金传说汤面,2060,6943,942,5,0,14,False,https://www.skland.com/article?id=2606431,https://strategy.skland.com/api/resources/items,skland_strategy_public_search_top20,False
2026-09-05T04:07:31+08:00,锏,锏,hot,11,2683,2366961,PV-9 刺球94秒 无限定精二1级速刷蚀刻章 玛恩纳+凯尔希+锏 （揭幕者们）,2024-11-03T14:54:51+00:00,115056,金传说汤面,242,701,16,1,0,1,False,https://www.skland.com/article?id=2366961,https://strategy.skland.com/api/resources/items,skland_strategy_public_search_top20,False
2026-09-05T04:07:31+08:00,锏,锏,hot,12,930,1458645,【新手上路】从赫德雷到锏，2023第四季度新出干员简评,2024-01-03T11:00:49+00:00,159187,孔一,861,0,44,6,0,5,False,https://www.skland.com/article?id=1458645,https://strategy.skland.com/api/resources/items,skland_strategy_public_search_top20,False
2026-09-05T04:07:31+08:00,锏,锏,hot,13,3132,2644785,【净罪作战】净罪之旗任务 低配过图思路（锏单核）,2025-02-05T13:32:50+00:00,104939,小小暗v影,96,231,5,3,0,0,False,https://www.skland.com/article?id=2644785,https://strategy.skland.com/api/resources/items,skland_strategy_public_search_top20,False
2026-09-05T04:07:31+08:00,锏,锏,hot,14,3806,2918962,矢量突破VEC-C无增益半挂机，锏开四次技能,2025-05-23T06:10:50+00:00,192500,提姆特,90,189,8,0,0,1,False,https://www.skland.com/article?id=2918962,https://strategy.skland.com/api/resources/items,skland_strategy_public_search_top20,False
2026-09-05T04:07:31+08:00,锏,锏,hot,15,2021,2168976,【太阳甩在身后】AS-EX-7突袭低配过图思路（锏单核）,2024-08-10T08:04:32+00:00,104939,小小暗v影,61,354,12,0,0,0,False,https://www.skland.com/article?id=2168976,https://strategy.skland.com/api/resources/items,skland_strategy_public_search_top20,False
2026-09-05T04:07:31+08:00,锏,锏,hot,16,5733,5606473,【矢量突破#2巫术之夜】VEC-SP14锏单人驻守,2026-02-27T21:52:53+00:00,101405,柠檬味的小小猪,405,671,64,1,0,4,False,https://www.skland.com/article?id=5606473,https://strategy.skland.com/api/resources/items,skland_strategy_public_search_top20,False
2026-09-05T04:07:31+08:00,锏,锏,hot,17,1920,2137856,【太阳甩在身后】AS-9锏单核低配平民攻略,2024-08-02T02:15:00+00:00,155548,POTATO02,52,264,15,0,0,0,False,https://www.skland.com/article?id=2137856,https://strategy.skland.com/api/resources/items,skland_strategy_public_search_top20,False
2026-09-05T04:07:31+08:00,锏,锏,hot,18,2682,2359162,PV-8 轻锰矿 99秒 精二1级信赖速刷 玛恩纳+凯尔希+锏 （揭幕者们）,2024-11-01T16:55:16+00:00,115056,金传说汤面,403,1883,36,4,0,2,False,https://www.skland.com/article?id=2359162,https://strategy.skland.com/api/resources/items,skland_strategy_public_search_top20,False
2026-09-05T04:07:31+08:00,锏,锏,hot,19,1342,1890683,【慈悲灯塔】磨难14-9 锏单核 平民攻略 图文详解,2024-05-05T11:33:07+00:00,476903,是傻鸟的谷原晴子喵,172,0,36,1,0,8,False,https://www.skland.com/article?id=1890683,https://strategy.skland.com/api/resources/items,skland_strategy_public_search_top20,False
2026-09-05T04:07:31+08:00,锏,锏,hot,20,2698,2383117,【揭幕者们】PV-EX-6突袭低配过图思路（锏单核）,2024-11-10T11:32:11+00:00,104939,小小暗v影,38,222,4,0,0,0,False,https://www.skland.com/article?id=2383117,https://strategy.skland.com/api/resources/items,skland_strategy_public_search_top20,False
2026-09-05T04:07:31+08:00,锏,锏,time,1,5733,5606473,【矢量突破#2巫术之夜】VEC-SP14锏单人驻守,2026-02-27T21:52:53+00:00,101405,柠檬味的小小猪,405,671,64,1,0,4,False,https://www.skland.com/article?id=5606473,https://strategy.skland.com/api/resources/items,skland_strategy_public_search_top20,False
2026-09-05T04:07:31+08:00,锏,锏,time,2,4493,3092204,堵门搓玉！AT-4 92.5秒理论最速 精二1级堵门无限定速刷 棘逻锏3人（墟）,2025-08-02T14:30:17+00:00,115056,金传说汤面,29,75,1,0,0,0,False,https://www.skland.com/article?id=3092204,https://strategy.skland.com/api/resources/items,skland_strategy_public_search_top20,False
2026-09-05T04:07:31+08:00,锏,锏,time,3,4490,3091985,速杀Boss！AT-8 类凝结晶137秒精二1级堵门无限定速刷 安逻锏3人（墟）,2025-08-02T14:07:31+00:00,115056,金传说汤面,21,70,0,0,0,0,False,https://www.skland.com/article?id=3091985,https://strategy.skland.com/api/resources/items,skland_strategy_public_search_top20,False
2026-09-05T04:07:31+08:00,锏,锏,time,4,3806,2918962,矢量突破VEC-C无增益半挂机，锏开四次技能,2025-05-23T06:10:50+00:00,192500,提姆特,90,189,8,0,0,1,False,https://www.skland.com/article?id=2918962,https://strategy.skland.com/api/resources/items,skland_strategy_public_search_top20,False
2026-09-05T04:07:31+08:00,锏,锏,time,5,3702,2803660,【明日方舟】7.5秒清空弹匣！高台锏自豪？ | 技能专精推荐·烛煌,2025-04-20T08:55:37+00:00,101101,伊普希龙_Epts,500,545,20,1,0,0,False,https://www.skland.com/article?id=2803660,https://strategy.skland.com/api/resources/items,skland_strategy_public_search_top20,False
2026-09-05T04:07:31+08:00,锏,锏,time,6,3443,2704818,镀层蚀刻章 EA-8 124秒 血怒娜仁图亚+锏 无限定精二1级堵门速刷,2025-03-08T08:28:22+00:00,115056,金传说汤面,36,135,4,0,0,0,False,https://www.skland.com/article?id=2704818,https://strategy.skland.com/api/resources/items,skland_strategy_public_search_top20,False
2026-09-05T04:07:31+08:00,锏,锏,time,7,3525,2702379,【挽歌燃烧殆尽】EA-8低配过图思路（锏单核）,2025-03-07T12:00:39+00:00,104939,小小暗v影,18,65,2,0,0,0,False,https://www.skland.com/article?id=2702379,https://strategy.skland.com/api/resources/items,skland_strategy_public_search_top20,False
2026-09-05T04:07:31+08:00,锏,锏,time,8,3132,2644785,【净罪作战】净罪之旗任务 低配过图思路（锏单核）,2025-02-05T13:32:50+00:00,104939,小小暗v影,96,231,5,3,0,0,False,https://www.skland.com/article?id=2644785,https://strategy.skland.com/api/resources/items,skland_strategy_public_search_top20,False
2026-09-05T04:07:31+08:00,锏,锏,time,9,3180,2644438,【相见欢】OR-S-3突袭 维什戴尔+锏双核,2025-02-05T12:12:40+00:00,208381,青w筠,41,261,13,1,0,0,False,https://www.skland.com/article?id=2644438,https://strategy.skland.com/api/resources/items,skland_strategy_public_search_top20,False
2026-09-05T04:07:31+08:00,锏,锏,time,10,3077,2606431,OR-8 95秒 转质盐组 精二1级蚀刻章无限定堵门速刷 锏+歌蕾蒂娅（相见欢）,2025-01-25T13:00:10+00:00,115056,金传说汤面,2060,6943,942,5,0,14,False,https://www.skland.com/article?id=2606431,https://strategy.skland.com/api/resources/items,skland_strategy_public_search_top20,False
2026-09-05T04:07:31+08:00,锏,锏,time,11,2986,2468062,【银心湖列车】RS-EX-7 锏 单核,2024-12-23T05:30:02+00:00,461067,到处找小刻吃的蜜饼,55,593,11,0,0,0,False,https://www.skland.com/article?id=2468062,https://strategy.skland.com/api/resources/items,skland_strategy_public_search_top20,False
2026-09-05T04:07:31+08:00,锏,锏,time,12,2992,2456825,锏单up复刻！年限将至，活动图能否搓玉？银心湖列车复刻攻略,2024-12-17T03:41:07+00:00,101080,北夏咯咯,976,2679,71,6,0,4,False,https://www.skland.com/article?id=2456825,https://strategy.skland.com/api/resources/items,skland_strategy_public_search_top20,False
2026-09-05T04:07:31+08:00,锏,锏,time,13,2995,2456628,12.17罗德岛日报 【锏池抽取建议】【26跨年欢庆中坚池】,2024-12-17T00:56:36+00:00,113532,化学老施,4830,0,143,9,0,39,False,https://www.skland.com/article?id=2456628,https://strategy.skland.com/api/resources/items,skland_strategy_public_search_top20,False
2026-09-05T04:07:31+08:00,锏,锏,time,14,2832,2434638,保全派驻：多索雷斯在建地块 干员：锏（5先锋）,2024-12-06T15:56:19+00:00,687858,雪的地方,98,0,2,1,0,3,False,https://www.skland.com/article?id=2434638,https://strategy.skland.com/api/resources/items,skland_strategy_public_search_top20,False
2026-09-05T04:07:31+08:00,锏,锏,time,15,2698,2383117,【揭幕者们】PV-EX-6突袭低配过图思路（锏单核）,2024-11-10T11:32:11+00:00,104939,小小暗v影,38,222,4,0,0,0,False,https://www.skland.com/article?id=2383117,https://strategy.skland.com/api/resources/items,skland_strategy_public_search_top20,False
2026-09-05T04:07:31+08:00,锏,锏,time,16,2683,2366961,PV-9 刺球94秒 无限定精二1级速刷蚀刻章 玛恩纳+凯尔希+锏 （揭幕者们）,2024-11-03T14:54:51+00:00,115056,金传说汤面,242,701,16,1,0,1,False,https://www.skland.com/article?id=2366961,https://strategy.skland.com/api/resources/items,skland_strategy_public_search_top20,False
2026-09-05T04:07:31+08:00,锏,锏,time,17,2682,2359162,PV-8 轻锰矿 99秒 精二1级信赖速刷 玛恩纳+凯尔希+锏 （揭幕者们）,2024-11-01T16:55:16+00:00,115056,金传说汤面,403,1883,36,4,0,2,False,https://www.skland.com/article?id=2359162,https://strategy.skland.com/api/resources/items,skland_strategy_public_search_top20,False
2026-09-05T04:07:31+08:00,锏,锏,time,18,2319,2249496,【泰拉饭】DT-EX-6突袭低配过图思路（锏单核）,2024-09-10T11:59:07+00:00,104939,小小暗v影,22,257,6,0,0,0,False,https://www.skland.com/article?id=2249496,https://strategy.skland.com/api/resources/items,skland_strategy_public_search_top20,False
2026-09-05T04:07:31+08:00,锏,锏,time,19,2317,2247928,【泰拉饭】DT-EX-4突袭低配过图思路（锏单核）,2024-09-09T14:24:12+00:00,104939,小小暗v影,14,153,5,0,0,0,False,https://www.skland.com/article?id=2247928,https://strategy.skland.com/api/resources/items,skland_strategy_public_search_top20,False
2026-09-05T04:07:31+08:00,锏,锏,time,20,2021,2168976,【太阳甩在身后】AS-EX-7突袭低配过图思路（锏单核）,2024-08-10T08:04:32+00:00,104939,小小暗v影,61,354,12,0,0,0,False,https://www.skland.com/article?id=2168976,https://strategy.skland.com/api/resources/items,skland_strategy_public_search_top20,False
2026-09-05T04:07:31+08:00,阿米娅,阿米娅,hot,1,1284,1902910,五星兔兔测评【阿米娅(医疗)】,2024-05-07T04:10:51+00:00,177993,苏祁风,6742,0,71,13,0,25,True,https://www.skland.com/article?id=1902910,https://strategy.skland.com/api/resources/items,skland_strategy_public_search_top20,False
2026-09-05T04:07:31+08:00,阿米娅,阿米娅,hot,2,2115,2101662,【方舟五星图鉴11】阿米娅-罗德岛女主的养成之路！一分钟带你认识五星干员,2024-07-26T06:25:56+00:00,101165,破灭DE旋律,959,1000,22,4,0,0,True,https://www.skland.com/article?id=2101662,https://strategy.skland.com/api/resources/items,skland_strategy_public_search_top20,False
2026-09-05T04:07:31+08:00,阿米娅,阿米娅,hot,3,2171,2169437,【方舟五星图鉴69】阿米娅-承受悲伤超越苦痛！一分钟带你认识五星干员,2024-08-10T10:56:41+00:00,101165,破灭DE旋律,782,919,25,3,0,2,True,https://www.skland.com/article?id=2169437,https://strategy.skland.com/api/resources/items,skland_strategy_public_search_top20,False
2026-09-05T04:07:31+08:00,阿米娅,阿米娅,hot,4,3124,2642960,汗流浃背！这下阿米娅真能顺着网线来打你了？,2025-02-05T03:53:50+00:00,101315,苟淡居士,507,890,40,12,0,3,True,https://www.skland.com/article?id=2642960,https://strategy.skland.com/api/resources/items,skland_strategy_public_search_top20,False
2026-09-05T04:07:31+08:00,阿米娅,阿米娅,hot,5,2975,2505201,萨卡兹第5结局解锁和通关方法、阿米娅技能和机制以及种子,2025-01-13T04:09:39+00:00,160688,闻战思凡,2203,0,57,46,0,4,True,https://www.skland.com/article?id=2505201,https://strategy.skland.com/api/resources/items,skland_strategy_public_search_top20,False
2026-09-05T04:07:31+08:00,阿米娅,阿米娅,hot,6,2977,2502839,【萨卡兹的无终奇语】五结局-不容拒绝-魔王阿米娅全解析，普通藏品轻松过！,2025-01-11T17:42:00+00:00,101121,自在道爷,1688,4076,208,49,0,8,True,https://www.skland.com/article?id=2502839,https://strategy.skland.com/api/resources/items,skland_strategy_public_search_top20,False
2026-09-05T04:07:31+08:00,阿米娅,阿米娅,hot,7,2962,2498240,萨卡兹肉鸽第五结局，阿米娅炉芯终曲，解锁和通关攻略,2025-01-09T12:08:14+00:00,238378,星海浩瀚VU,4521,0,168,80,0,22,True,https://www.skland.com/article?id=2498240,https://strategy.skland.com/api/resources/items,skland_strategy_public_search_top20,False
2026-09-05T04:07:31+08:00,阿米娅,阿米娅,hot,8,819,1487057,【人物志】阿米娅——我会直面，那通向未来的过去,2024-01-19T03:14:19+00:00,101151,杜兰兹移动大学,9137,0,3299,922,0,125,True,https://www.skland.com/article?id=1487057,https://strategy.skland.com/api/resources/items,skland_strategy_public_search_top20,False
2026-09-05T04:07:31+08:00,阿米娅,阿米娅,hot,9,5261,3451314,新莱茵活动，阿米娅生日，引航者试炼，中国电影资料馆联动，揭幕者们和出苍白海复刻,2025-11-21T14:59:36+00:00,160688,闻战思凡,4355,0,193,30,0,39,True,https://www.skland.com/article?id=3451314,https://strategy.skland.com/api/resources/items,skland_strategy_public_search_top20,False
2026-09-05T04:07:31+08:00,阿米娅,阿米娅,hot,10,6248,5950822,明日方舟× 南京市红山森林动物园联动酒神，铃兰，阿米娅，拉普,2026-06-26T05:01:15+00:00,160688,闻战思凡,3851,0,444,23,0,77,True,https://www.skland.com/article?id=5950822,https://strategy.skland.com/api/resources/items,skland_strategy_public_search_top20,False
2026-09-05T04:07:31+08:00,阿米娅,阿米娅,hot,11,5238,3428319,阿米娅散修流 险境轮椅攻略 卫戍协议险境轻松无漏挂机,2025-11-14T21:15:10+00:00,105595,澈澈Fault,1317,3250,92,20,0,13,True,https://www.skland.com/article?id=3428319,https://strategy.skland.com/api/resources/items,skland_strategy_public_search_top20,False
2026-09-05T04:07:31+08:00,阿米娅,阿米娅,hot,12,5496,3578018,阿米娅乌尔歌蕾 异铁组ME-7速刷【雅赛努斯复仇记】少人信赖 堵门材料挂机,2026-01-09T10:03:54+00:00,113532,化学老施,356,1056,171,3,0,3,True,https://www.skland.com/article?id=3578018,https://strategy.skland.com/api/resources/items,skland_strategy_public_search_top20,False
2026-09-05T04:07:31+08:00,阿米娅,阿米娅,hot,13,5495,3578011,阿米娅斩业阿消 固源岩组ME-6速刷【雅赛努斯复仇记】少人信赖 堵门材料挂机,2026-01-09T10:01:48+00:00,113532,化学老施,199,600,40,0,0,0,True,https://www.skland.com/article?id=3578011,https://strategy.skland.com/api/resources/items,skland_strategy_public_search_top20,False
2026-09-05T04:07:31+08:00,阿米娅,阿米娅,hot,14,2989,2431084,近卫阿米娅剑兔兔模组任务攻略简单好抄,2024-12-05T11:23:25+00:00,248361,乌丸千岁,550,518,9,0,0,1,True,https://www.skland.com/article?id=2431084,https://strategy.skland.com/api/resources/items,skland_strategy_public_search_top20,False
2026-09-05T04:07:31+08:00,阿米娅,阿米娅,time,1,6248,5950822,明日方舟× 南京市红山森林动物园联动酒神，铃兰，阿米娅，拉普,2026-06-26T05:01:15+00:00,160688,闻战思凡,3851,0,444,23,0,77,True,https://www.skland.com/article?id=5950822,https://strategy.skland.com/api/resources/items,skland_strategy_public_search_top20,False
2026-09-05T04:07:31+08:00,阿米娅,阿米娅,time,2,5496,3578018,阿米娅乌尔歌蕾 异铁组ME-7速刷【雅赛努斯复仇记】少人信赖 堵门材料挂机,2026-01-09T10:03:54+00:00,113532,化学老施,356,1056,171,3,0,3,True,https://www.skland.com/article?id=3578018,https://strategy.skland.com/api/resources/items,skland_strategy_public_search_top20,False
2026-09-05T04:07:31+08:00,阿米娅,阿米娅,time,3,5495,3578011,阿米娅斩业阿消 固源岩组ME-6速刷【雅赛努斯复仇记】少人信赖 堵门材料挂机,2026-01-09T10:01:48+00:00,113532,化学老施,199,600,40,0,0,0,True,https://www.skland.com/article?id=3578011,https://strategy.skland.com/api/resources/items,skland_strategy_public_search_top20,False
2026-09-05T04:07:31+08:00,阿米娅,阿米娅,time,4,5261,3451314,新莱茵活动，阿米娅生日，引航者试炼，中国电影资料馆联动，揭幕者们和出苍白海复刻,2025-11-21T14:59:36+00:00,160688,闻战思凡,4355,0,193,30,0,39,True,https://www.skland.com/article?id=3451314,https://strategy.skland.com/api/resources/items,skland_strategy_public_search_top20,False
2026-09-05T04:07:31+08:00,阿米娅,阿米娅,time,5,5238,3428319,阿米娅散修流 险境轮椅攻略 卫戍协议险境轻松无漏挂机,2025-11-14T21:15:10+00:00,105595,澈澈Fault,1317,3250,92,20,0,13,True,https://www.skland.com/article?id=3428319,https://strategy.skland.com/api/resources/items,skland_strategy_public_search_top20,False
2026-09-05T04:07:31+08:00,阿米娅,阿米娅,time,6,3124,2642960,汗流浃背！这下阿米娅真能顺着网线来打你了？,2025-02-05T03:53:50+00:00,101315,苟淡居士,507,890,40,12,0,3,True,https://www.skland.com/article?id=2642960,https://strategy.skland.com/api/resources/items,skland_strategy_public_search_top20,False
2026-09-05T04:07:31+08:00,阿米娅,阿米娅,time,7,2975,2505201,萨卡兹第5结局解锁和通关方法、阿米娅技能和机制以及种子,2025-01-13T04:09:39+00:00,160688,闻战思凡,2203,0,57,46,0,4,True,https://www.skland.com/article?id=2505201,https://strategy.skland.com/api/resources/items,skland_strategy_public_search_top20,False
2026-09-05T04:07:31+08:00,阿米娅,阿米娅,time,8,2977,2502839,【萨卡兹的无终奇语】五结局-不容拒绝-魔王阿米娅全解析，普通藏品轻松过！,2025-01-11T17:42:00+00:00,101121,自在道爷,1688,4076,208,49,0,8,True,https://www.skland.com/article?id=2502839,https://strategy.skland.com/api/resources/items,skland_strategy_public_search_top20,False
2026-09-05T04:07:31+08:00,阿米娅,阿米娅,time,9,2962,2498240,萨卡兹肉鸽第五结局，阿米娅炉芯终曲，解锁和通关攻略,2025-01-09T12:08:14+00:00,238378,星海浩瀚VU,4521,0,168,80,0,22,True,https://www.skland.com/article?id=2498240,https://strategy.skland.com/api/resources/items,skland_strategy_public_search_top20,False
2026-09-05T04:07:31+08:00,阿米娅,阿米娅,time,10,2989,2431084,近卫阿米娅剑兔兔模组任务攻略简单好抄,2024-12-05T11:23:25+00:00,248361,乌丸千岁,550,518,9,0,0,1,True,https://www.skland.com/article?id=2431084,https://strategy.skland.com/api/resources/items,skland_strategy_public_search_top20,False
2026-09-05T04:07:31+08:00,阿米娅,阿米娅,time,11,2171,2169437,【方舟五星图鉴69】阿米娅-承受悲伤超越苦痛！一分钟带你认识五星干员,2024-08-10T10:56:41+00:00,101165,破灭DE旋律,782,919,25,3,0,2,True,https://www.skland.com/article?id=2169437,https://strategy.skland.com/api/resources/items,skland_strategy_public_search_top20,False
2026-09-05T04:07:31+08:00,阿米娅,阿米娅,time,12,2115,2101662,【方舟五星图鉴11】阿米娅-罗德岛女主的养成之路！一分钟带你认识五星干员,2024-07-26T06:25:56+00:00,101165,破灭DE旋律,959,1000,22,4,0,0,True,https://www.skland.com/article?id=2101662,https://strategy.skland.com/api/resources/items,skland_strategy_public_search_top20,False
2026-09-05T04:07:31+08:00,阿米娅,阿米娅,time,13,1284,1902910,五星兔兔测评【阿米娅(医疗)】,2024-05-07T04:10:51+00:00,177993,苏祁风,6742,0,71,13,0,25,True,https://www.skland.com/article?id=1902910,https://strategy.skland.com/api/resources/items,skland_strategy_public_search_top20,False
2026-09-05T04:07:31+08:00,阿米娅,阿米娅,time,14,819,1487057,【人物志】阿米娅——我会直面，那通向未来的过去,2024-01-19T03:14:19+00:00,101151,杜兰兹移动大学,9137,0,3299,922,0,125,True,https://www.skland.com/article?id=1487057,https://strategy.skland.com/api/resources/items,skland_strategy_public_search_top20,False
2026-09-05T04:07:31+08:00,陈,陈,hot,1,860,1535585,【怀黍离】HS-8扭转醇令、水陈双人速刷97s,2024-02-01T10:51:46+00:00,208381,青w筠,1203,0,27,7,0,5,False,https://www.skland.com/article?id=1535585,https://strategy.skland.com/api/resources/items,skland_strategy_public_search_top20,False
2026-09-05T04:07:31+08:00,陈,陈,hot,2,533,1313516,【弱势干员剖析#3】陈——刀剑如虹斩赤霄，绝影无息碎红霞,2023-11-10T01:25:13+00:00,208381,青w筠,2149,0,74,10,0,13,False,https://www.skland.com/article?id=1313516,https://strategy.skland.com/api/resources/items,skland_strategy_public_search_top20,False
2026-09-05T04:07:31+08:00,陈,陈,hot,3,354,183964,六星干员攻略（假日威龙陈）,2023-10-07T14:42:15+00:00,156545,铃兰桑的欧尼酱,2878,0,38,9,0,12,False,https://www.skland.com/article?id=183964,https://strategy.skland.com/api/resources/items,skland_strategy_public_search_top20,False
2026-09-05T04:07:31+08:00,陈,陈,hot,4,235,136267,六星干员攻略（陈）,2023-09-08T09:20:09+00:00,156545,铃兰桑的欧尼酱,3186,0,17,8,0,12,False,https://www.skland.com/article?id=136267,https://strategy.skland.com/api/resources/items,skland_strategy_public_search_top20,False
2026-09-05T04:07:31+08:00,陈,陈,hot,5,507,242917,[假日威龙陈]夏活以来的首位夏季限定干员，水陈的攻略详解,2023-11-01T08:44:34+00:00,263451,贪狼星君,1219,0,15,3,0,7,False,https://www.skland.com/article?id=242917,https://strategy.skland.com/api/resources/items,skland_strategy_public_search_top20,False
2026-09-05T04:07:31+08:00,陈,陈,hot,6,5640,5299697,赤陈干员攻略，一陈当关万夫莫开,2026-02-11T11:49:11+00:00,238378,星海浩瀚VU,662,0,51,3,0,0,True,https://www.skland.com/article?id=5299697,https://strategy.skland.com/api/resources/items,skland_strategy_public_search_top20,False
2026-09-05T04:07:31+08:00,陈,陈,hot,7,5603,5240158,一图流测评【赤刃明霄陈】——首个生命值百分比伤害！清杂攻坚无敌位移多位一体,2026-02-09T17:42:08+00:00,177993,苏祁风,15686,0,5715,90,0,50,False,https://www.skland.com/article?id=5240158,https://strategy.skland.com/api/resources/items,skland_strategy_public_search_top20,False
2026-09-05T04:07:31+08:00,陈,陈,hot,8,4175,3102739,五星干员测评【吉星】——水陈青春版，贸易站大C,2025-08-05T02:23:36+00:00,177993,苏祁风,1782,0,45,3,0,6,False,https://www.skland.com/article?id=3102739,https://strategy.skland.com/api/resources/items,skland_strategy_public_search_top20,False
2026-09-05T04:07:31+08:00,陈,陈,hot,9,274,147789,【模组简评】陈,2023-09-14T09:27:14+00:00,114942,DragonGJY,2508,0,46,6,0,9,False,https://www.skland.com/article?id=147789,https://strategy.skland.com/api/resources/items,skland_strategy_public_search_top20,False
2026-09-05T04:07:31+08:00,陈,陈,hot,10,5606,5255598,【辞岁行】赤刃明霄陈实装简评 保底6kDPS12w总伤还有百分比伤害的弱点大C,2026-02-10T05:23:59+00:00,101405,柠檬味的小小猪,2122,0,655,7,0,3,False,https://www.skland.com/article?id=5255598,https://strategy.skland.com/api/resources/items,skland_strategy_public_search_top20,False
2026-09-05T04:07:31+08:00,陈,陈,hot,11,1748,2057250,【2024.07】模组升级-综合推荐（假日威龙陈、琳琅诗怀雅、莫斯提马）,2024-07-10T15:57:39+00:00,120476,明有奇巧人,3555,0,128,85,0,20,False,https://www.skland.com/article?id=2057250,https://strategy.skland.com/api/resources/items,skland_strategy_public_search_top20,False
2026-09-05T04:07:31+08:00,陈,陈,hot,12,1828,2101989,【限定干员测评#5】三年之期已到？专九假日威龙陈详细测评,2024-07-26T07:40:47+00:00,544842,多索雷斯女王,707,0,48,4,0,13,False,https://www.skland.com/article?id=2101989,https://strategy.skland.com/api/resources/items,skland_strategy_public_search_top20,False
2026-09-05T04:07:31+08:00,陈,陈,hot,13,5613,5256076,七秒做掉塔露拉！赤刃明霄陈超强实战演示,2026-02-10T05:33:35+00:00,101387,猫柳KEE,3156,2824,970,8,0,16,False,https://www.skland.com/article?id=5256076,https://strategy.skland.com/api/resources/items,skland_strategy_public_search_top20,False
2026-09-05T04:07:31+08:00,陈,陈,hot,14,639,1400704,RS-8低配过图思路（水陈单核）,2023-12-06T18:42:23+00:00,104939,小小暗v影,408,0,15,3,0,5,False,https://www.skland.com/article?id=1400704,https://strategy.skland.com/api/resources/items,skland_strategy_public_search_top20,False
2026-09-05T04:07:31+08:00,陈,陈,hot,15,4234,3116728,【2025.08】模组升级-综合推荐（遥、水陈、妮芙、烛煌、琳琅诗怀雅、佩佩,2025-08-09T09:07:28+00:00,120476,明有奇巧人,4795,0,86,22,0,4,False,https://www.skland.com/article?id=3116728,https://strategy.skland.com/api/resources/items,skland_strategy_public_search_top20,False
2026-09-05T04:07:31+08:00,陈,陈,hot,16,5807,5654186,【方舟实战论136】帝王之征！上限无穷高？卫戍协议大C预定丨赤刃明霄陈,2026-03-13T02:12:40+00:00,244382,二色彩虹,320,395,31,2,0,2,False,https://www.skland.com/article?id=5654186,https://strategy.skland.com/api/resources/items,skland_strategy_public_search_top20,False
2026-09-05T04:07:31+08:00,陈,陈,hot,17,4183,3095685,【模组测评#1】重回超大杯！水陈二模千字测评,2025-08-03T06:55:17+00:00,544842,多索雷斯女王,933,0,36,2,0,4,False,https://www.skland.com/article?id=3095685,https://strategy.skland.com/api/resources/items,skland_strategy_public_search_top20,False
2026-09-05T04:07:31+08:00,陈,陈,hot,18,6104,5860208,【生息演算：重启锚点】领袖敌人不会打？火陈单核轻松搞定！火陈单核全领袖攻略,2026-05-16T11:12:33+00:00,544842,多索雷斯女王,2937,0,327,17,0,51,False,https://www.skland.com/article?id=5860208,https://strategy.skland.com/api/resources/items,skland_strategy_public_search_top20,False
2026-09-05T04:07:31+08:00,陈,陈,hot,19,5641,5279640,晓歌 Pro Plus 登场！「辞岁行」基建解析（望、赤刃明霄陈、风絮、矩）,2026-02-10T17:41:08+00:00,101177,BioHazard,3840,0,272,30,0,1,False,https://www.skland.com/article?id=5279640,https://strategy.skland.com/api/resources/items,skland_strategy_public_search_top20,False
2026-09-05T04:07:31+08:00,陈,陈,hot,20,1658,2008786,【生路】BP-EX-6突袭低配过图思路（水陈单核）,2024-06-16T09:10:02+00:00,104939,小小暗v影,55,361,6,0,0,0,False,https://www.skland.com/article?id=2008786,https://strategy.skland.com/api/resources/items,skland_strategy_public_search_top20,False
2026-09-05T04:07:31+08:00,陈,陈,time,1,6562,6280153,【月行水上】SR-8低配过图思路（火陈单核）,2026-09-04T05:36:09+00:00,104939,小小暗v影,78,142,9,6,0,0,False,https://www.skland.com/article?id=6280153,https://strategy.skland.com/api/resources/items,skland_strategy_public_search_top20,False
2026-09-05T04:07:31+08:00,陈,陈,time,2,6337,5982427,BD-8 火陈斩熊 2人55秒速刷【丛林症结】少人信赖 明日方舟,2026-07-10T07:58:17+00:00,113532,化学老施,236,1263,129,2,0,4,False,https://www.skland.com/article?id=5982427,https://strategy.skland.com/api/resources/items,skland_strategy_public_search_top20,False
2026-09-05T04:07:31+08:00,陈,陈,time,3,6280,5961789,【涤墨作战】【阴郁影棚】陈雪双核全任务,2026-06-29T22:24:14+00:00,2234205,皮卡丘_diandian,258,894,207,5,0,7,False,https://www.skland.com/article?id=5961789,https://strategy.skland.com/api/resources/items,skland_strategy_public_search_top20,False
2026-09-05T04:07:31+08:00,陈,陈,time,4,6231,5926778,【落叶逐火】火陈单人CF-8堵门96s速刷炼金素材 简单好抄近理论最速,2026-06-15T09:32:33+00:00,101405,柠檬味的小小猪,364,1299,238,4,0,15,False,https://www.skland.com/article?id=5926778,https://strategy.skland.com/api/resources/items,skland_strategy_public_search_top20,False
2026-09-05T04:07:31+08:00,陈,陈,time,5,6199,5914530,什么叫隐藏关三条巨龙，被火陈厕所游龙一格蒸发了？？？,2026-06-08T21:36:18+00:00,101066,泥萌都是托,9581,23021,1196,146,0,65,False,https://www.skland.com/article?id=5914530,https://strategy.skland.com/api/resources/items,skland_strategy_public_search_top20,False
2026-09-05T04:07:31+08:00,陈,陈,time,6,6194,5895884,怎么联动了个傻子龙？直接跳火陈厕所何意味啊？？？,2026-06-01T14:48:06+00:00,101066,泥萌都是托,11771,24107,1163,114,0,36,False,https://www.skland.com/article?id=5895884,https://strategy.skland.com/api/resources/items,skland_strategy_public_search_top20,False
2026-09-05T04:07:31+08:00,陈,陈,time,7,6104,5860208,【生息演算：重启锚点】领袖敌人不会打？火陈单核轻松搞定！火陈单核全领袖攻略,2026-05-16T11:12:33+00:00,544842,多索雷斯女王,2937,0,327,17,0,51,False,https://www.skland.com/article?id=5860208,https://strategy.skland.com/api/resources/items,skland_strategy_public_search_top20,False
2026-09-05T04:07:31+08:00,陈,陈,time,8,5807,5654186,【方舟实战论136】帝王之征！上限无穷高？卫戍协议大C预定丨赤刃明霄陈,2026-03-13T02:12:40+00:00,244382,二色彩虹,320,395,31,2,0,2,False,https://www.skland.com/article?id=5654186,https://strategy.skland.com/api/resources/items,skland_strategy_public_search_top20,False
2026-09-05T04:07:31+08:00,陈,陈,time,9,5825,5633698,【矢量突破】来，跟我读：“吃 人 陈”（VEC-SP15 23秒速通 精二1级）,2026-03-06T04:15:58+00:00,115056,金传说汤面,19,31,3,0,0,0,False,https://www.skland.com/article?id=5633698,https://strategy.skland.com/api/resources/items,skland_strategy_public_search_top20,False
2026-09-05T04:07:31+08:00,陈,陈,time,10,5680,5346364,所以，陈和老魏在干什么？辞岁行剧情考究,2026-02-13T03:40:45+00:00,696823,刑崽崽,221,0,47,0,0,2,False,https://www.skland.com/article?id=5346364,https://strategy.skland.com/api/resources/items,skland_strategy_public_search_top20,False
2026-09-05T04:07:31+08:00,陈,陈,time,11,5640,5299697,赤陈干员攻略，一陈当关万夫莫开,2026-02-11T11:49:11+00:00,238378,星海浩瀚VU,662,0,51,3,0,0,True,https://www.skland.com/article?id=5299697,https://strategy.skland.com/api/resources/items,skland_strategy_public_search_top20,False
2026-09-05T04:07:31+08:00,陈,陈,time,12,5641,5279640,晓歌 Pro Plus 登场！「辞岁行」基建解析（望、赤刃明霄陈、风絮、矩）,2026-02-10T17:41:08+00:00,101177,BioHazard,3840,0,272,30,0,1,False,https://www.skland.com/article?id=5279640,https://strategy.skland.com/api/resources/items,skland_strategy_public_search_top20,False
2026-09-05T04:07:31+08:00,陈,陈,time,13,5817,5273449,岁家二哥上岛！望&红陈基建技能解析,2026-02-10T14:37:19+00:00,101054,公孙长乐,2468,2961,1448,10,0,2,False,https://www.skland.com/article?id=5273449,https://strategy.skland.com/api/resources/items,skland_strategy_public_search_top20,False
2026-09-05T04:07:31+08:00,陈,陈,time,14,5613,5256076,七秒做掉塔露拉！赤刃明霄陈超强实战演示,2026-02-10T05:33:35+00:00,101387,猫柳KEE,3156,2824,970,8,0,16,False,https://www.skland.com/article?id=5256076,https://strategy.skland.com/api/resources/items,skland_strategy_public_search_top20,False
2026-09-05T04:07:31+08:00,陈,陈,time,15,5606,5255598,【辞岁行】赤刃明霄陈实装简评 保底6kDPS12w总伤还有百分比伤害的弱点大C,2026-02-10T05:23:59+00:00,101405,柠檬味的小小猪,2122,0,655,7,0,3,False,https://www.skland.com/article?id=5255598,https://strategy.skland.com/api/resources/items,skland_strategy_public_search_top20,False
2026-09-05T04:07:31+08:00,陈,陈,time,16,5603,5240158,一图流测评【赤刃明霄陈】——首个生命值百分比伤害！清杂攻坚无敌位移多位一体,2026-02-09T17:42:08+00:00,177993,苏祁风,15686,0,5715,90,0,50,False,https://www.skland.com/article?id=5240158,https://strategy.skland.com/api/resources/items,skland_strategy_public_search_top20,False
2026-09-05T04:07:31+08:00,陈,陈,time,17,4831,3234398,【攻略补全计划】假日威龙陈—悖论模拟,2025-09-21T03:57:59+00:00,127231,山桜,37,38,4,0,0,0,False,https://www.skland.com/article?id=3234398,https://strategy.skland.com/api/resources/items,skland_strategy_public_search_top20,False
2026-09-05T04:07:31+08:00,陈,陈,time,18,4832,3234395,【攻略补全计划】陈—悖论模拟,2025-09-21T03:57:37+00:00,127231,山桜,32,97,7,0,0,0,False,https://www.skland.com/article?id=3234395,https://strategy.skland.com/api/resources/items,skland_strategy_public_search_top20,False
2026-09-05T04:07:31+08:00,陈,陈,time,19,4750,3208492,【假日威龙陈】悖论模拟攻略,2025-09-07T12:54:08+00:00,380220,menthol,32,161,5,0,0,0,False,https://www.skland.com/article?id=3208492,https://strategy.skland.com/api/resources/items,skland_strategy_public_search_top20,False
2026-09-05T04:07:31+08:00,陈,陈,time,20,4417,3172316,【陈】悖论模拟攻略,2025-08-28T11:02:18+00:00,380220,menthol,11,117,5,0,0,0,True,https://www.skland.com/article?id=3172316,https://strategy.skland.com/api/resources/items,skland_strategy_public_search_top20,False
2026-09-05T04:07:31+08:00,霍尔海雅,霍尔海雅,hot,1,447,221196,【弱势干员剖析#2】霍尔海雅的术士梦在哪里？,2023-10-27T04:05:19+00:00,208381,青w筠,5167,0,99,26,0,47,True,https://www.skland.com/article?id=221196,https://strategy.skland.com/api/resources/items,skland_strategy_public_search_top20,False
2026-09-05T04:07:31+08:00,霍尔海雅,霍尔海雅,hot,2,5228,3419926,【2025.11】模组升级-综合推荐（初雪、斩熊、维娜、星源、灵知、霍尔海雅）,2025-11-12T12:16:19+00:00,120476,明有奇巧人,7427,0,122,42,0,5,True,https://www.skland.com/article?id=3419926,https://strategy.skland.com/api/resources/items,skland_strategy_public_search_top20,False
2026-09-05T04:07:31+08:00,霍尔海雅,霍尔海雅,hot,3,312,163588,霍尔海雅实战小论文--CV-EX-7突袭作战总结,2023-09-25T13:15:04+00:00,172152,猫猫术士,394,0,18,1,0,4,True,https://www.skland.com/article?id=163588,https://strategy.skland.com/api/resources/items,skland_strategy_public_search_top20,False
2026-09-05T04:07:31+08:00,霍尔海雅,霍尔海雅,time,1,5228,3419926,【2025.11】模组升级-综合推荐（初雪、斩熊、维娜、星源、灵知、霍尔海雅）,2025-11-12T12:16:19+00:00,120476,明有奇巧人,7427,0,122,42,0,5,True,https://www.skland.com/article?id=3419926,https://strategy.skland.com/api/resources/items,skland_strategy_public_search_top20,False
2026-09-05T04:07:31+08:00,霍尔海雅,霍尔海雅,time,2,447,221196,【弱势干员剖析#2】霍尔海雅的术士梦在哪里？,2023-10-27T04:05:19+00:00,208381,青w筠,5167,0,99,26,0,47,True,https://www.skland.com/article?id=221196,https://strategy.skland.com/api/resources/items,skland_strategy_public_search_top20,False
2026-09-05T04:07:31+08:00,霍尔海雅,霍尔海雅,time,3,312,163588,霍尔海雅实战小论文--CV-EX-7突袭作战总结,2023-09-25T13:15:04+00:00,172152,猫猫术士,394,0,18,1,0,4,True,https://www.skland.com/article?id=163588,https://strategy.skland.com/api/resources/items,skland_strategy_public_search_top20,False
2026-09-05T04:07:31+08:00,黍,黍,hot,1,861,1535512,六星干员速评【黍】——新时代奶盾来了,2024-02-01T10:47:49+00:00,177993,苏祁风,3190,0,58,13,0,18,True,https://www.skland.com/article?id=1535512,https://strategy.skland.com/api/resources/items,skland_strategy_public_search_top20,False
2026-09-05T04:07:31+08:00,黍,黍,hot,2,966,1596344,【实用性测评#15】四位一体的超强机制怪？合约编队常驻干员？最详细的黍干员测评！,2024-02-14T17:23:24+00:00,192588,NEKO音符社_旧,2842,0,80,18,0,20,True,https://www.skland.com/article?id=1596344,https://strategy.skland.com/api/resources/items,skland_strategy_public_search_top20,False
2026-09-05T04:07:31+08:00,黍,黍,hot,3,866,1536217,【干员速评】#7 黍-守护者,2024-02-01T11:30:01+00:00,101142,柏喙攻略组,3587,0,64,9,0,10,False,https://www.skland.com/article?id=1536217,https://strategy.skland.com/api/resources/items,skland_strategy_public_search_top20,False
2026-09-05T04:07:31+08:00,黍,黍,hot,4,888,1547504,【怀黍离】HS-5多萝西单人97秒 不凹红雷 不下水泵 无初始雷,2024-02-03T02:43:54+00:00,101276,风雅荷,1856,0,32,2,0,1,False,https://www.skland.com/article?id=1547504,https://strategy.skland.com/api/resources/items,skland_strategy_public_search_top20,False
2026-09-05T04:07:31+08:00,黍,黍,hot,5,892,1549215,万精油！黍-实战评测实用指南-神农当之无愧❗,2024-02-03T10:16:37+00:00,238378,星海浩瀚VU,2356,0,23,5,0,5,False,https://www.skland.com/article?id=1549215,https://strategy.skland.com/api/resources/items,skland_strategy_public_search_top20,False
2026-09-05T04:07:31+08:00,黍,黍,hot,6,847,1516400,【黍的农业股】1.30 股市大跌不要慌，多种粮食多加仓,2024-01-30T00:57:32+00:00,131475,逸天神龙,11303,0,1009,137,0,189,False,https://www.skland.com/article?id=1516400,https://strategy.skland.com/api/resources/items,skland_strategy_public_search_top20,False
2026-09-05T04:07:31+08:00,黍,黍,hot,7,1007,1555618,六星干员攻略（黍）,2024-02-04T15:25:05+00:00,156545,铃兰桑的欧尼酱,6056,0,87,33,0,19,False,https://www.skland.com/article?id=1555618,https://strategy.skland.com/api/resources/items,skland_strategy_public_search_top20,False
2026-09-05T04:07:31+08:00,黍,黍,hot,8,887,1547430,【怀黍离】HS-5双人速刷96秒 稳定代理刷固源岩 搓玉备战联动池,2024-02-03T02:24:02+00:00,101276,风雅荷,1290,0,6,0,0,4,False,https://www.skland.com/article?id=1547430,https://strategy.skland.com/api/resources/items,skland_strategy_public_search_top20,False
2026-09-05T04:07:31+08:00,黍,黍,hot,9,882,1542589,【掉率速览】收益数据都在这里！[怀黍离]首日掉率速览，商店、礼包性价比,2024-02-02T04:43:32+00:00,273345,逻辑元LogicalByte,3980,0,203,39,0,26,False,https://www.skland.com/article?id=1542589,https://strategy.skland.com/api/resources/items,skland_strategy_public_search_top20,False
2026-09-05T04:07:31+08:00,黍,黍,hot,10,865,1537399,黍黍我呀，最没用了【24年春节版本干员基建解析】,2024-02-01T12:57:05+00:00,101054,公孙长乐,6939,0,193,26,0,46,False,https://www.skland.com/article?id=1537399,https://strategy.skland.com/api/resources/items,skland_strategy_public_search_top20,False
2026-09-05T04:07:31+08:00,黍,黍,hot,11,860,1535585,【怀黍离】HS-8扭转醇令、水陈双人速刷97s,2024-02-01T10:51:46+00:00,208381,青w筠,1203,0,27,7,0,5,False,https://www.skland.com/article?id=1535585,https://strategy.skland.com/api/resources/items,skland_strategy_public_search_top20,False
2026-09-05T04:07:31+08:00,黍,黍,hot,12,949,1591009,【千秋一粟】 黍角色评测-霞红晚穗，露染尘襟，千秋种我一粟青,2024-02-13T11:56:04+00:00,105671,被子没叠,1236,0,76,10,0,9,False,https://www.skland.com/article?id=1591009,https://strategy.skland.com/api/resources/items,skland_strategy_public_search_top20,False
2026-09-05T04:07:31+08:00,黍,黍,hot,13,843,1511620,【黍的农业股】1.29：小麦史低考虑屯，高粱还可以等等,2024-01-29T00:37:38+00:00,131475,逸天神龙,5329,0,406,97,0,104,False,https://www.skland.com/article?id=1511620,https://strategy.skland.com/api/resources/items,skland_strategy_public_search_top20,False
2026-09-05T04:07:31+08:00,黍,黍,hot,14,890,1548910,【怀黍离】材料推荐+商店性价比+礼包性价比,2024-02-03T08:58:08+00:00,127231,山桜,1630,0,24,14,0,2,False,https://www.skland.com/article?id=1548910,https://strategy.skland.com/api/resources/items,skland_strategy_public_search_top20,False
2026-09-05T04:07:31+08:00,黍,黍,hot,15,834,1508389,【黍的试验田攻略】你们种田我炒股，明天富成王老五,2024-01-28T05:52:37+00:00,131475,逸天神龙,10907,0,981,276,0,173,False,https://www.skland.com/article?id=1508389,https://strategy.skland.com/api/resources/items,skland_strategy_public_search_top20,False
2026-09-05T04:07:31+08:00,黍,黍,hot,16,855,1529299,【怀黍离】2月新增模组简评 经典等二模环节，启动！,2024-02-01T06:49:34+00:00,101405,柠檬味的小小猪,888,0,18,1,0,0,False,https://www.skland.com/article?id=1529299,https://strategy.skland.com/api/resources/items,skland_strategy_public_search_top20,False
2026-09-05T04:07:31+08:00,黍,黍,hot,17,883,1543338,【怀黍离】HS-1至9挂机流，镀层不用愁！语音快乐详解，轻松解放双手,2024-02-02T07:11:29+00:00,101121,自在道爷,1489,0,183,16,0,11,False,https://www.skland.com/article?id=1543338,https://strategy.skland.com/api/resources/items,skland_strategy_public_search_top20,False
2026-09-05T04:07:31+08:00,黍,黍,hot,18,1325,1786208,【方舟体系论#5】黍的到来，改变了这个阵营！,2024-04-25T10:20:58+00:00,288470,土豆豆豆豆___,471,479,5,1,0,0,False,https://www.skland.com/article?id=1786208,https://strategy.skland.com/api/resources/items,skland_strategy_public_search_top20,False
2026-09-05T04:07:31+08:00,黍,黍,hot,19,967,1602862,【怀黍离】HS-S-1至HS-MO-1挂机流，突袭不用愁！轻松解放双手,2024-02-16T17:23:45+00:00,101121,自在道爷,1322,0,148,15,0,8,False,https://www.skland.com/article?id=1602862,https://strategy.skland.com/api/resources/items,skland_strategy_public_search_top20,False
2026-09-05T04:07:31+08:00,黍,黍,hot,20,942,1581011,【怀黍离】HS-EX-1至8挂机流，突袭不用愁！语音快乐详解，轻松解放双手,2024-02-10T09:35:11+00:00,101121,自在道爷,1425,0,165,18,0,10,False,https://www.skland.com/article?id=1581011,https://strategy.skland.com/api/resources/items,skland_strategy_public_search_top20,False
2026-09-05T04:07:31+08:00,黍,黍,time,1,6447,6078574,珊比+黍还有光速暴条组合？穿刺手最爱的一集又来了......,2026-08-01T11:35:15+00:00,101066,泥萌都是托,3234,15105,588,52,0,36,False,https://www.skland.com/article?id=6078574,https://strategy.skland.com/api/resources/items,skland_strategy_public_search_top20,False
2026-09-05T04:07:31+08:00,黍,黍,time,2,5937,5685610,【泰拉之声26】机制断层的全能重装！黍：数值机制双高的设计佳作,2026-03-22T04:00:24+00:00,101387,猫柳KEE,107,163,9,0,0,2,False,https://www.skland.com/article?id=5685610,https://strategy.skland.com/api/resources/items,skland_strategy_public_search_top20,False
2026-09-05T04:07:31+08:00,黍,黍,time,3,4430,3163161,【黍】悖论模拟攻略,2025-08-25T08:08:48+00:00,380220,menthol,31,131,4,0,0,1,True,https://www.skland.com/article?id=3163161,https://strategy.skland.com/api/resources/items,skland_strategy_public_search_top20,False
2026-09-05T04:07:31+08:00,黍,黍,time,4,4522,3148881,【弧光作战830】牢不可破的酒黍循环,2025-08-20T10:15:47+00:00,101198,星海攻略组,1162,2923,155,19,0,12,False,https://www.skland.com/article?id=3148881,https://strategy.skland.com/api/resources/items,skland_strategy_public_search_top20,False
2026-09-05T04:07:31+08:00,黍,黍,time,5,3908,2867234,[活动关卡] 从此删除怀黍离-S关卡与MO关卡攻略,2025-05-06T12:41:21+00:00,1423142,低配挂机研讨会,73,0,6,0,0,0,False,https://www.skland.com/article?id=2867234,https://strategy.skland.com/api/resources/items,skland_strategy_public_search_top20,False
2026-09-05T04:07:31+08:00,黍,黍,time,6,3909,2867224,[活动关卡] 从此删除怀黍离-普通关卡攻略,2025-05-06T12:37:35+00:00,1423142,低配挂机研讨会,72,0,9,1,0,0,False,https://www.skland.com/article?id=2867224,https://strategy.skland.com/api/resources/items,skland_strategy_public_search_top20,False
2026-09-05T04:07:31+08:00,黍,黍,time,7,3910,2867223,[活动关卡] 从此删除怀黍离-EX关卡攻略,2025-05-06T12:37:32+00:00,1423142,低配挂机研讨会,51,0,7,0,0,0,False,https://www.skland.com/article?id=2867223,https://strategy.skland.com/api/resources/items,skland_strategy_public_search_top20,False
2026-09-05T04:07:31+08:00,黍,黍,time,8,3358,2697646,小刻提醒———怀黍离复刻篇,2025-03-05T11:16:13+00:00,101087,罗德岛蜜饼工坊,638,0,147,4,0,3,False,https://www.skland.com/article?id=2697646,https://strategy.skland.com/api/resources/items,skland_strategy_public_search_top20,False
2026-09-05T04:07:31+08:00,黍,黍,time,9,3274,2688431,【怀黍离-复刻】HS-7速刷无限定3人134.6秒 稳定代理刷固源岩组,2025-02-27T16:07:07+00:00,101276,风雅荷,196,394,2,0,0,0,False,https://www.skland.com/article?id=2688431,https://strategy.skland.com/api/resources/items,skland_strategy_public_search_top20,False
2026-09-05T04:07:31+08:00,黍,黍,time,10,3272,2685148,【怀黍离】3人5步无限定HS-9堵门122s速刷刺球 简单好抄高容错,2025-02-25T08:05:20+00:00,101405,柠檬味的小小猪,178,376,10,0,0,4,False,https://www.skland.com/article?id=2685148,https://strategy.skland.com/api/resources/items,skland_strategy_public_search_top20,False
2026-09-05T04:07:31+08:00,黍,黍,time,11,3360,2684485,【怀黍离】HS-9 乌尔比安 单核,2025-02-24T15:54:03+00:00,461067,到处找小刻吃的蜜饼,29,186,10,2,0,1,False,https://www.skland.com/article?id=2684485,https://strategy.skland.com/api/resources/items,skland_strategy_public_search_top20,False
2026-09-05T04:07:31+08:00,黍,黍,time,12,3280,2684148,我和我的速刷队，来自维多利亚！123秒 HS-9 精二1级无限定速刷（怀黍离）,2025-02-24T13:01:53+00:00,115056,金传说汤面,55,188,6,0,0,0,False,https://www.skland.com/article?id=2684148,https://strategy.skland.com/api/resources/items,skland_strategy_public_search_top20,False
2026-09-05T04:07:31+08:00,黍,黍,time,13,3279,2684144,HS-7 固源岩组 138秒 无限定精二1级堵门速刷 银灰+凯尔希（怀黍离）,2025-02-24T12:57:49+00:00,115056,金传说汤面,87,148,7,0,0,1,False,https://www.skland.com/article?id=2684144,https://strategy.skland.com/api/resources/items,skland_strategy_public_search_top20,False
2026-09-05T04:07:31+08:00,黍,黍,time,14,3278,2684139,HS-5 固源岩搓玉 98秒 无限定精二1级堵门速刷 娜仁图亚（怀黍离）,2025-02-24T12:56:12+00:00,115056,金传说汤面,73,134,5,1,0,0,False,https://www.skland.com/article?id=2684139,https://strategy.skland.com/api/resources/items,skland_strategy_public_search_top20,False
2026-09-05T04:07:31+08:00,黍,黍,time,15,3293,2684099,【怀黍离】HS-S-1~4突袭及小剿灭HS-MO-1低配攻略合集,2025-02-24T12:33:42+00:00,208381,青w筠,911,0,21,5,0,0,False,https://www.skland.com/article?id=2684099,https://strategy.skland.com/api/resources/items,skland_strategy_public_search_top20,False
2026-09-05T04:07:31+08:00,黍,黍,time,16,3266,2684096,【怀黍离】HS-S-1至4突袭【复刻】全关卡高配轻松打法,2025-02-24T12:28:08+00:00,110257,星语Poistars,1148,0,31,13,0,4,False,https://www.skland.com/article?id=2684096,https://strategy.skland.com/api/resources/items,skland_strategy_public_search_top20,False
2026-09-05T04:07:31+08:00,黍,黍,time,17,3294,2684027,【怀黍离】HS-EX-1~8突袭低配攻略合集,2025-02-24T11:17:42+00:00,208381,青w筠,562,0,16,1,0,0,False,https://www.skland.com/article?id=2684027,https://strategy.skland.com/api/resources/items,skland_strategy_public_search_top20,False
2026-09-05T04:07:31+08:00,黍,黍,time,18,3296,2683969,旧攻略bug要注意！复刻怎么刷？【怀黍离】活动材料攻略 罗德岛日报 250224,2025-02-24T10:36:23+00:00,113532,化学老施,880,2376,91,3,0,8,False,https://www.skland.com/article?id=2683969,https://strategy.skland.com/api/resources/items,skland_strategy_public_search_top20,False
2026-09-05T04:07:31+08:00,黍,黍,time,19,3265,2683963,【怀黍离】HS-EX-1至8突袭【复刻】全关卡摆完挂机！,2025-02-24T10:32:01+00:00,110257,星语Poistars,1246,0,34,16,0,7,False,https://www.skland.com/article?id=2683963,https://strategy.skland.com/api/resources/items,skland_strategy_public_search_top20,False
2026-09-05T04:07:31+08:00,黍,黍,time,20,3361,2683902,【怀黍离】HS-8 逻各斯 单核,2025-02-24T09:53:08+00:00,461067,到处找小刻吃的蜜饼,18,126,7,0,0,1,False,https://www.skland.com/article?id=2683902,https://strategy.skland.com/api/resources/items,skland_strategy_public_search_top20,False
