bvid,title,description,owner_mid,owner_name,published_at,view,like,coin,favorite,share,reply,danmaku,source_url,source_type,metric_precision,collected_at,content_type,is_simulated
BV1RhtV6iEt3,《明日方舟》干员「结城理」技能展示PV,"《明日方舟》干员「结城理」技能展示PV

————————————
【明日方舟 × 女神异闻录３ Reload】SideStory「月行水上」限时活动即将开启

更多活动详情内容详见游戏内公告。",161775300,明日方舟,2026-09-02T03:00:00+00:00,2224374,113198,21693,13182,70212,18752,10860,https://www.bilibili.com/video/BV1RhtV6iEt3,official_public_aggregate,exact_api,2026-09-11T22:18:24+00:00,operator_pv,False
BV1zCtA6mEay,【明日方舟×女神异闻录３ Reload】SideStory「月行水上」活动宣传PV,"【明日方舟 × 女神异闻录３ Reload】SideStory「月行水上」限时活动即将开启

“您只需支付一项代价——为自己的选择负起相应的责任。”

———————————— 
详细活动内容敬请关注《明日方舟》游戏内相关公告。",161775300,明日方舟,2026-08-29T03:00:00+00:00,5088788,298358,112340,59090,153644,37129,33453,https://www.bilibili.com/video/BV1zCtA6mEay,official_public_aggregate,exact_api,2026-09-11T22:18:48+00:00,event_pv,False
BV1PLhw6fELK,【明日方舟×女神异闻录３ Reload】SideStory「月行水上」先导预告,推开门扉，步入月影，向夜色深处寻求答案。,161775300,明日方舟,2026-08-28T03:00:00+00:00,2085716,138591,31635,19391,82104,28882,6542,https://www.bilibili.com/video/BV1PLhw6fELK,official_public_aggregate,exact_api,2026-09-11T22:18:48+00:00,event_pv,False
BV1N7gM6FEUA,《明日方舟》EP - Summer Calling,"8 月 16 日 Summer Calling 正式上架各音乐平台

【专辑介绍】
日光掠过滚烫原野，汗水随呼吸蒸腾闪耀。
追随灼风的召唤，奔涌于热浪之上。
让我们的呐喊，轰鸣成炽热狂潮。

【歌曲列表】
Summer Calling
Summer Calling (Instrumental)",161775300,明日方舟,2026-08-16T03:00:00+00:00,621158,63975,10128,10805,7460,4267,971,https://www.bilibili.com/video/BV1N7gM6FEUA,official_public_aggregate,exact_api,2026-09-11T22:16:54+00:00,music_ep,False
BV15QGP6ME3s,《明日方舟》EP - Every Road is a Yes,"8 月 1 日 Every Road is a Yes 正式上架各音乐平台

【专辑介绍】
风吹拂着头发，也吹散了迟疑。
藏在心间的远方，已落成脚下的节拍。 
天际的风景渐次可见，我知道，答案正在路上！

【歌曲列表】
Every Road is a Yes
Every Road is a Yes (Instrumental)",161775300,明日方舟,2026-08-01T03:00:00+00:00,635377,63437,15483,15862,4075,9607,1543,https://www.bilibili.com/video/BV15QGP6ME3s,official_public_aggregate,exact_api,2026-09-11T22:18:42+00:00,music_ep,False
BV13J3F6SEWr,《明日方舟》限定干员「予愿安洁莉娜」前瞻PV,是安洁莉娜的话，一定没问题！在她为人们带去的五彩斑斓中，总会有一抹属于她的色彩。,161775300,明日方舟,2026-07-28T03:00:00+00:00,1183706,84634,26660,15448,9883,7509,9242,https://www.bilibili.com/video/BV13J3F6SEWr,official_public_aggregate,exact_api,2026-09-11T22:17:14+00:00,operator_pv,False
BV1nB3u6tEHD,《明日方舟》EP - 酸橙色信笺,"7 月 28 日 18点 酸橙色信笺 将正式上架各音乐平台

【专辑介绍】
将心事折入纸页，送上天空。
繁星与晨光为旅途盖下邮戳，
当暖风拂过，信笺已染上大地的颜色。

【歌曲列表】
酸橙色信笺
酸橙色信笺 (Instrumental) 

感谢各位博士为安洁莉娜寄来的夏日影像，共同记录下这个夏天最美好的瞬间！",161775300,明日方舟,2026-07-25T12:57:41+00:00,3612199,282856,220243,143293,55955,45755,36309,https://www.bilibili.com/video/BV1nB3u6tEHD,official_public_aggregate,exact_api,2026-09-11T22:18:44+00:00,music_ep,False
BV1o43g69E9z,《明日方舟》2026夏日嘉年华特别通讯视频,"《明日方舟》2026夏日嘉年华特别通讯现已结束，感谢大家的支持。本次夏日嘉年华特别通讯视频现已上传。

————————————
更多活动详情内容详见游戏内公告。",161775300,明日方舟,2026-07-25T12:25:00+00:00,1680792,71860,16268,9718,7311,9800,16423,https://www.bilibili.com/video/BV1o43g69E9z,official_public_aggregate,exact_api,2026-09-02T18:53:06.976545+08:00,,
BV1Ag3M6ZESL,明日方舟 x 女神异闻录3 Reload 联动前瞻预告,明日方舟 x 女神异闻录3 Reload 联动SideStory筹备中,161775300,明日方舟,2026-07-25T12:20:00+00:00,2703784,129939,21950,16479,72737,21170,7690,https://www.bilibili.com/video/BV1Ag3M6ZESL,official_public_aggregate,exact_api,2026-09-11T22:18:48+00:00,other_official,False
BV1cL3M6xEQf,《明日方舟》限时活动「奇象巡展」宣传PV,"《明日方舟》限时活动「奇象巡展」宣传PV

关卡开放时间：08月08日 16:00 - 09月04日 03:59
解锁条件：通关主线1-10
活动说明：活动期间将开放「奇象巡展」限时活动，玩家可参与奇象寻迹、奇象拟合、巡展像素项目，通过完成【出展任务】获取【巡展纪念章】，消耗【巡展纪念章】来兑换【兑换处】中奖励

【兑换处】开放时间：08月08日 16:00 - 09月07日 03:59
【兑换处】主要奖励：时装【珊瑚海岸系列 - 悠然假日 HD91 - 协律】、模组养成材料、高级养成素材、作战记录、龙门",161775300,明日方舟,2026-07-25T12:05:00+00:00,660467,36213,4055,3526,2501,2683,315,https://www.bilibili.com/video/BV1cL3M6xEQf,official_public_aggregate,exact_api,2026-09-11T22:17:09+00:00,other_pv,False
BV1bf3T6KE2e,《明日方舟》SideStory「直到大地变成一颗酸橙」活动宣传PV,"2026「夏日嘉年华」限时活动即将开启 

哎呀，写好的信被风吹走了几行......博士，请再稍等几天，很快我就会带着那些我想说的话，来到你的面前！

————————————
详细活动内容敬请关注《明日方舟》游戏内相关公告。",161775300,明日方舟,2026-07-25T11:45:00+00:00,2877724,100367,25615,17819,11683,8555,8418,https://www.bilibili.com/video/BV1bf3T6KE2e,official_public_aggregate,exact_api,2026-09-11T22:18:42+00:00,event_pv,False
BV1KN3M6wEm9,《明日方舟》SideStory「直到大地变成一颗酸橙」活动先导PV,"《明日方舟》SideStory「直到大地变成一颗酸橙」活动先导PV

从想说的话挤满了信纸，再也写不下一个字的那一刻起——
我就会向你飞奔而来。

————————————
详细活动内容敬请关注《明日方舟》游戏内相关公告。",161775300,明日方舟,2026-07-25T11:40:00+00:00,2091449,106554,23235,18931,11173,6852,5140,https://www.bilibili.com/video/BV1KN3M6wEm9,official_public_aggregate,exact_api,2026-09-11T22:18:42+00:00,event_pv,False
BV161K26SEE1,《明日方舟》EP - 女士的游戏,"7 月 20 日 女士的游戏 正式上架各音乐平台

【专辑介绍】
脚步轻如夜雾，悄然浸入月光，
大地是她漫步的游乐场。

【歌曲列表】
女士的游戏
女士的游戏 (Instrumental)",161775300,明日方舟,2026-07-20T03:00:00+00:00,986539,76109,11489,13487,9249,8049,1239,https://www.bilibili.com/video/BV161K26SEE1,official_public_aggregate,exact_api,2026-09-11T22:18:29+00:00,music_ep,False
BV12pNo6HEFa,《明日方舟》2026「音律联觉-昔时我见」官方录播,2026明日方舟音律联觉-昔时我见官方录播现已正式上线！,161775300,明日方舟,2026-07-18T04:00:00+00:00,1678800,93706,68880,51689,28851,12575,34484,https://www.bilibili.com/video/BV12pNo6HEFa,official_public_aggregate,exact_api,2026-09-11T22:18:42+00:00,offline_event,False
BV17wKJ6NEjP,《明日方舟》EP - What an Electromagnetic Night,"7 月 17 日 What an Electromagnetic Night 正式上架各音乐平台

【专辑介绍】
已经习惯了熬夜工作的机械师，就连逃避工作的方式也是熬夜。
只不过，这些由酒精和垃圾食品开启的夜晚，最终总还是会以某种对科学方法堪称亵渎的“学术实践”收场。

【歌曲列表】
What an Electromagnetic Night
What an Electromagnetic Night (Instrumental)",161775300,明日方舟,2026-07-17T03:00:00+00:00,981466,75823,12925,20132,7547,4651,1674,https://www.bilibili.com/video/BV17wKJ6NEjP,official_public_aggregate,exact_api,2026-09-11T22:18:43+00:00,music_ep,False
BV19GNP6EE7e,《明日方舟》集成战略「沉沦者的黑流树海」宣传PV · 玩法介绍,"《明日方舟》集成战略「沉沦者的黑流树海」宣传PV · 玩法介绍

在得到想要的结果之前，如果一次不成功，就再来一次。
这是成功的秘诀，也是沉沦的开始。
对她，对它们，以及对你们而言，都是如此。

主题网站链接：https://b23.tv/LBs93Ut
_____________
❖「沉沦者的黑流树海」集成战略主题网站【降生的故事】活动现已开启。❖

✦活动时间：2026年7月11日16:00~2026年7月31日3:59
✦活动期间，完成【降生的故事】网页活动并首次分享故事结局即可参与抽奖，可获取“多",161775300,明日方舟,2026-07-12T03:00:00+00:00,2748502,110958,26292,17380,48893,18205,27739,https://www.bilibili.com/video/BV19GNP6EE7e,official_public_aggregate,exact_api,2026-09-11T22:18:05+00:00,gameplay_system,False
BV1SCNj61Eqk,《明日方舟》EP - 悖反构成,"7 月 10 日 悖反构成 正式上架各音乐平台

【专辑介绍】
背向延伸的阴影源自同一束光点，
反之亦然。

【歌曲列表】
悖反构成
悖反构成 (Instrumental)",161775300,明日方舟,2026-07-10T03:00:00+00:00,655332,52391,12262,15027,3707,4169,1605,https://www.bilibili.com/video/BV1SCNj61Eqk,official_public_aggregate,exact_api,2026-09-11T22:18:42+00:00,music_ep,False
BV1bHMe6vEJN,《明日方舟》干员「谬因」技能展示PV,"《明日方舟》干员「谬因」技能展示PV

————————————
故事集「丛林症结」限时活动即将开启

更多活动详情内容详见游戏内公告。",161775300,明日方舟,2026-07-08T03:00:00+00:00,984480,53763,4993,4243,18511,9463,3363,https://www.bilibili.com/video/BV1bHMe6vEJN,official_public_aggregate,exact_api,2026-09-11T22:16:55+00:00,operator_pv,False
BV1FFMw6hEdw,《明日方舟》全新故事「丛林症结」活动宣传PV,"故事集「丛林症结」即将开启

我们都染上了致死的疾病，它的名字是“生命的意义”。

———————————— 
详细活动内容敬请关注《明日方舟》游戏内相关公告。",161775300,明日方舟,2026-07-05T03:00:00+00:00,2047548,87404,15772,9530,36671,14701,9693,https://www.bilibili.com/video/BV1FFMw6hEdw,official_public_aggregate,exact_api,2026-09-02T18:57:28.278486+08:00,,
BV1FZ7V6XEpT,《明日方舟》× 《小马宝莉》「魔法与友谊」合作宣传PV,"《明日方舟》× 《小马宝莉》「魔法与友谊」合作宣传PV

魔法闪耀，友谊相伴。
明日方舟携手小马宝莉，邀博士开启奇迹旅程。",161775300,明日方舟,2026-06-28T03:00:00+00:00,2432014,171779,25755,21176,118044,17742,11158,https://www.bilibili.com/video/BV1FZ7V6XEpT,official_public_aggregate,exact_api,2026-09-11T22:18:08+00:00,other_pv,False
BV1y2736HEc3,《明日方舟》「群生共语」特别公益PV,"《明日方舟》「群生共语」特别公益PV

敦煌 ，地处河西走廊最西端 ，是戈壁、荒漠、绿洲与湿地交织的生命走廊。
明日方舟携手中国绿化基金会，探索野生动物与人类群落的和谐共生路径。我们希望通过收容救助、红外监测、科普宣传等方式缓解人兽冲突；在守护野生动物的同时 ，减少人与自然的边界摩擦。让猞猁等野生动物在这片土地上更加自由地生活。
愿每一次的守护与相遇，都能让这片土地上的生命更靠近一点。

特别鸣谢：@中国绿化基金会",161775300,明日方舟,2026-06-26T09:00:00+00:00,568308,83508,23298,9185,4616,2900,1163,https://www.bilibili.com/video/BV1y2736HEc3,official_public_aggregate,exact_api,2026-09-02T18:35:29.912718+08:00,,
BV1ArjW6nE1V,《明日方舟》危机合约新赛季「涤墨作战」宣传PV,"危机合约#5赛季「涤墨作战」即将开启

一、危机合约，#5赛季「涤墨作战」开启
二、【联合行动】特选干员定向寻访开启
三、“资源收集”关卡限时全天开放
四、【时代】系列，限时复刻上架
五、礼包限时上架

更多活动内容请持续关注《明日方舟》游戏内公告。",161775300,明日方舟,2026-06-21T03:00:00+00:00,1933307,117095,28517,18549,51758,19568,11958,https://www.bilibili.com/video/BV1ArjW6nE1V,official_public_aggregate,exact_api,2026-09-11T22:18:07+00:00,gameplay_system,False
BV1GiEg6PE3v,《明日方舟》EP - 夏日远去之后,"6 月 8 日 夏日远去之后 正式上架各音乐平台

【专辑介绍】
脚步与喧哗一同远去，昨日的炽热在心间珍藏。
晴云之下，夏虫鸣唱。轻风吹过，翻开下一页天空。

【歌曲列表】
夏日远去之后
夏日远去之后 (Instrumental)",161775300,明日方舟,2026-06-08T09:00:00+00:00,1152419,134233,54484,41376,24641,13289,9355,https://www.bilibili.com/video/BV1GiEg6PE3v,official_public_aggregate,exact_api,2026-09-11T22:17:12+00:00,music_ep,False
BV145V46REGz,《明日方舟》干员「焰狐龙梓兰」技能展示PV,"《明日方舟》干员「焰狐龙梓兰」技能展示PV

————————————
【明日方舟 × 怪物猎人】SideStory「泡影苍霆」限时活动即将开启

更多活动详情内容详见游戏内公告。",161775300,明日方舟,2026-05-29T03:00:00+00:00,1979067,100345,16177,9838,65270,23119,21213,https://www.bilibili.com/video/BV145V46REGz,official_public_aggregate,exact_api,2026-09-11T22:17:09+00:00,operator_pv,False
BV1t2Vw6dEiE,【明日方舟×怪物猎人】SideStory「泡影苍霆」活动宣传PV,"【明日方舟×怪物猎人】SideStory「泡影苍霆」限时活动即将开启

泡影易碎，苍霆难驯；浮生若寄，猎魂长存。

———————————— 
详细活动内容敬请关注《明日方舟》游戏内相关公告。",161775300,明日方舟,2026-05-26T03:00:00+00:00,2920574,122838,36457,17246,89506,23715,15384,https://www.bilibili.com/video/BV1t2Vw6dEiE,official_public_aggregate,exact_api,2026-09-11T22:18:24+00:00,event_pv,False
BV1pSGW6gE8f,【明日方舟×怪物猎人】SideStory「泡影苍霆」先导预告,"神秘陌生的国度，迷雾重重的异兽。
未知已经逼近，狩猎正待开启。",161775300,明日方舟,2026-05-25T03:00:00+00:00,1696546,101265,17638,9749,61891,14535,3774,https://www.bilibili.com/video/BV1pSGW6gE8f,official_public_aggregate,exact_api,2026-09-11T22:17:39+00:00,event_pv,False
BV1BsRuBbE8E,《明日方舟》EP - Don't Miss It,"5 月 3 日 Don't Miss It 正式上架塞壬唱片官网，QQ音乐、网易云音乐及酷狗音乐等平台

【专辑介绍】
我们曾将鲜血洒遍河流，我们曾把白骨埋进垄沟。

【歌曲列表】
Don't Miss It
Don't Miss It (Instrumental)",161775300,明日方舟,2026-05-03T03:00:00+00:00,399345,39134,6881,8392,1979,4104,422,https://www.bilibili.com/video/BV1BsRuBbE8E,official_public_aggregate,exact_api,2026-09-02T18:57:06.422974+08:00,,
BV1HFRgBvEFF,《明日方舟》EP - All by My Design,"5 月 2 日 All by My Design 正式上架各音乐平台

【专辑介绍】
代码成行，指令落定，信息国度即刻上线。
——别忘了，还得意思一下她的账单。

【歌曲列表】
All by My Design
All by My Design (Instrumental)",161775300,明日方舟,2026-05-02T03:00:00+00:00,1597654,116123,47562,54197,10646,6201,3076,https://www.bilibili.com/video/BV1HFRgBvEFF,official_public_aggregate,exact_api,2026-09-11T22:18:47+00:00,music_ep,False
BV1c49DBjEzq,《明日方舟》EP - Innocence,"5 月 1 日 11点 Innocence 将正式上架各音乐平台

【专辑介绍】
她走过永恒，走入瞬息的朝霞。
在等待愈合的裂痕里，时间染上了温度，而希望，正自无声处生发。

【歌曲列表】
Innocence
Innocence (Instrumental)",161775300,明日方舟,2026-04-29T11:00:00+00:00,2664840,231713,187253,123221,30036,17051,32198,https://www.bilibili.com/video/BV1c49DBjEzq,official_public_aggregate,exact_api,2026-09-11T22:18:47+00:00,music_ep,False
BV1ai92BXEND,《明日方舟》限定干员「凯尔希·思衡托」前瞻PV,请相信，在你觉察这片大地的需要时，其意义就已然存在，其进程就已经开始。,161775300,明日方舟,2026-04-29T02:00:00+00:00,1255092,93932,38093,25496,11833,9239,14696,https://www.bilibili.com/video/BV1ai92BXEND,official_public_aggregate,exact_api,2026-09-11T22:18:08+00:00,operator_pv,False
BV1S39rBeEke,《明日方舟》七周年特别直播节目（附字幕）,再次感谢大家的支持，之后我们将陆续更新《明日方舟》七周年庆典相关具体内容。更多活动详情详见官方公告。,161775300,明日方舟,2026-04-28T08:00:00+00:00,611561,36798,7849,6451,1552,5523,3738,https://www.bilibili.com/video/BV1S39rBeEke,official_public_aggregate,exact_api,2026-09-11T22:18:15+00:00,other_official,False
BV1Kq96BZEyP,《明日方舟》七周年庆典声优祝福,"'-特别感谢-

（以下排名不分先后）
陈怡萱 陈雨 黄雷 梁爽 绿绮 空无的念
木雅瑞林 Lena Tiemann 小西克幸 日笠阳子

来自各位老师们为本次《明日方舟》七周年庆典送上的祝福。
非常感谢老师们的祝福与认可！",161775300,明日方舟,2026-04-28T07:30:00+00:00,299440,31810,4539,7189,893,1383,1134,https://www.bilibili.com/video/BV1Kq96BZEyP,official_public_aggregate,exact_api,2026-09-02T18:57:46.174104+08:00,,
BV1bhofBxE7H,《明日方舟》特别映像[圣徒箴言：有关大海],"大海，曾是伊比利亚的战利品。
它和瓶里的酒没什么两样，总能给人灌满辉煌的幻想。",161775300,明日方舟,2026-04-26T05:07:11+00:00,823068,42424,4629,5340,3595,6176,348,https://www.bilibili.com/video/BV1bhofBxE7H,official_public_aggregate,exact_api,2026-09-11T22:17:27+00:00,animation_brand,False
BV1Bno9BoEUx,《明日方舟》特别映像[罗德岛：新程],"咳咳，罗德岛新基地月度建设进度存档
记录人：可露希尔",161775300,明日方舟,2026-04-26T04:00:00+00:00,643494,39297,5382,6177,793,1821,601,https://www.bilibili.com/video/BV1Bno9BoEUx,official_public_aggregate,exact_api,2026-09-11T22:17:21+00:00,animation_brand,False
BV1Bpo9BxEwi,《明日方舟》特别映像[黑流树海：生还实录],"Warning
该影像档案系梅兰德基金会关于“1101黑流树海瘟疫扩散事件”与“玻利瓦尔地区大规模杀伤性武器问题”的调查资料。
因涉及国家安全与机密战略，请遵守最高级别保密要求，禁止复制、记录和携带，违者将追究其刑事责任。

另，此系列影像为相关调查员意外精神失常前后的记录，其拍摄内容可能引发不适，请相关人员谨慎选择学习观看。",161775300,明日方舟,2026-04-26T03:00:00+00:00,2047934,118529,30856,30174,60021,12357,7274,https://www.bilibili.com/video/BV1Bpo9BxEwi,official_public_aggregate,exact_api,2026-09-11T22:18:05+00:00,animation_brand,False
BV1zJo9BtEDe,一分（多）钟看泰拉#4,一根胡萝卜的时间了解一个泰拉知识，关注我的频道，大地的秘密等你来揭开。,161775300,明日方舟,2026-04-26T02:00:00+00:00,461873,35509,3627,5077,1021,2075,615,https://www.bilibili.com/video/BV1zJo9BtEDe,official_public_aggregate,exact_api,2026-09-11T22:17:35+00:00,other_official,False
BV1AuoQBtEiM,前探泰拉：病变 TERRA IN SIGHT:LESION,"我们从未真正了解过这种与我们的文明相伴相生的疾病。
它会带来毁灭，还是变革？",161775300,明日方舟,2026-04-25T13:16:31+00:00,697391,40130,6813,8234,1744,3684,1012,https://www.bilibili.com/video/BV1AuoQBtEiM,official_public_aggregate,exact_api,2026-09-11T22:17:21+00:00,other_official,False
BV1YboQBCEEy,《明日方舟》× 达美乐比萨「美味寻访，炙讯速达」合作宣传PV,"《明日方舟》× 达美乐比萨「美味寻访，炙讯速达」合作宣传PV
美味满溢，趁热启幕。
明日方舟携手达美乐比萨，邀博士赴一场味蕾寻访。

更多活动详情，请关注达美乐比萨官方账号。",161775300,明日方舟,2026-04-25T13:00:00+00:00,767803,36183,3659,4991,12018,5571,399,https://www.bilibili.com/video/BV1YboQBCEEy,official_public_aggregate,exact_api,2026-09-02T18:52:17.492785+08:00,,
BV19uoXBjECa,《明日方舟》× 时尚芭莎「无界辑录」跨界合作宣传PV,"《明日方舟》× 时尚芭莎「无界辑录」跨界合作宣传PV
打破媒介之墙，让美自由流动。
明日方舟携手时尚芭莎 寻迹灵感底色。
更多内容将收录于《时尚芭莎》电子刊及纸刊，敬请期待。",161775300,明日方舟,2026-04-25T12:55:00+00:00,1213210,62195,6932,9063,7227,3954,1289,https://www.bilibili.com/video/BV19uoXBjECa,official_public_aggregate,exact_api,2026-09-11T22:17:14+00:00,other_pv,False
BV1UeoSBaEYZ,《明日方舟》七周年庆典活动宣传PV,"《明日方舟》七周年庆典即将开启

来吧，乌萨斯人，请紧随那奔向明日的步伐。 不要回头，不要被落下。

————————————
详细活动内容敬请关注《明日方舟》游戏内相关公告。",161775300,明日方舟,2026-04-25T11:40:00+00:00,4287862,160360,56183,31764,18350,18132,20247,https://www.bilibili.com/video/BV1UeoSBaEYZ,official_public_aggregate,exact_api,2026-09-11T22:18:43+00:00,event_pv,False
BV1eHoSB6ERw,《明日方舟》主题曲「相变临界」活动先导PV,"《明日方舟》主题曲「相变临界」活动先导PV

所幸......这并不是另一个梦。

————————————

详细活动内容敬请关注《明日方舟》游戏内相关公告。",161775300,明日方舟,2026-04-25T11:35:00+00:00,1925673,110036,27694,25180,8083,6369,8847,https://www.bilibili.com/video/BV1eHoSB6ERw,official_public_aggregate,exact_api,2026-09-11T22:17:19+00:00,event_pv,False
BV1RXQcB4Eed,《明日方舟》EP - In Due Time,"4月12日 In Due Time 正式上架各音乐平台

【专辑介绍】
时间静止的地方，还有人在歌唱。

【歌曲列表】
In Due Time
In Due Time (Instrumental)",161775300,明日方舟,2026-04-12T03:00:00+00:00,953103,67641,16095,15368,9401,6652,1321,https://www.bilibili.com/video/BV1RXQcB4Eed,official_public_aggregate,exact_api,2026-09-02T18:51:46.041666+08:00,,
BV1AZD8BXEQe,《明日方舟》EP - One Fight,"4 月 7 日 One Fight 正式上架各音乐平台

【专辑介绍】
穿越空想，推倒高墙。
【歌曲列表】
One Fight
One Fight (Instrumental)",161775300,明日方舟,2026-04-07T03:00:00+00:00,533389,43896,10552,10805,4036,4911,1225,https://www.bilibili.com/video/BV1AZD8BXEQe,official_public_aggregate,exact_api,2026-09-11T22:18:43+00:00,music_ep,False
BV11W9uBKET7,《明日方舟》干员「怒潮凛冬」技能展示PV,"《明日方舟》干员「怒潮凛冬」技能展示PV

————————————
《明日方舟》SideStory「人们，我们」活动即将开启

更多活动详情内容详见游戏内公告。",161775300,明日方舟,2026-04-04T03:00:00+00:00,1454511,64887,6373,5444,31230,14040,5394,https://www.bilibili.com/video/BV11W9uBKET7,official_public_aggregate,exact_api,2026-09-11T22:17:23+00:00,operator_pv,False
BV1CR9WB3EFH,《明日方舟》SideStory「人们，我们」活动宣传PV,"《明日方舟》SideStory「人们，我们」活动即将开启

举起你的拳头，
点燃这个时代！

————————————
更多活动详情内容详见官网、游戏内相关公告。",161775300,明日方舟,2026-04-02T03:02:32+00:00,3560043,162586,63266,42427,73662,19344,9511,https://www.bilibili.com/video/BV1CR9WB3EFH,official_public_aggregate,exact_api,2026-09-11T22:18:32+00:00,event_pv,False
BV1pZX6BnExp,《黑色Doctor Drop》保质期七天的侵略者！,《黑色Doctor Drop》保质期七天的侵略者！,161775300,明日方舟,2026-04-01T02:00:00+00:00,1686083,118906,20563,17927,26648,9705,4129,https://www.bilibili.com/video/BV1pZX6BnExp,official_public_aggregate,exact_api,2026-09-02T18:57:04.096719+08:00,,
BV15zXdBUEs9,「2026明日方舟音律联觉-昔时我见」情报公开,"「2026明日方舟音律联觉-昔时我见」活动情报正式公开！
详细活动专题页及票务信息即将发布，请持续关注@明日方舟

断垣之中，以双手托举失落的信仰。
帷幕之内，以残笔改写既定的剧本。
苍穹之下，以科技重绘文明的经纬。
高塔之前，以顽石叩问这喧嚣信条。

一、「2026明日方舟音律联觉-昔时我见」
【活动地点】
上海|梅赛德斯-奔驰文化中心（上海市浦东新区世博大道1200号）
【活动时间】
「昔时我见-日场」：5月1日-5月4日12:00
「昔时我见-夜场」：5月1日-5月4日19:30
【温馨提醒】
*「",161775300,明日方舟,2026-03-30T04:00:00+00:00,1071819,61098,16309,10508,29574,10225,3442,https://www.bilibili.com/video/BV15zXdBUEs9,official_public_aggregate,exact_api,2026-09-11T22:17:16+00:00,offline_event,False
BV1tyXbB8Ebm,「2026明日方舟音律联觉-昔时我见」先导预告公开,"「2026明日方舟音律联觉-昔时我见」先导预告公开

“我们书写，我们铭刻”
“我们将无形的瞬息凝结为不朽的典藏”
“等待来者重新阅读”

活动详情及票务信息将于近期发布，请持续关注@明日方舟 。",161775300,明日方舟,2026-03-27T04:00:00+00:00,2368163,155738,41967,30224,54162,12899,4361,https://www.bilibili.com/video/BV1tyXbB8Ebm,official_public_aggregate,exact_api,2026-09-11T22:17:15+00:00,event_pv,False
BV1c1PfzaEsD,《明日方舟》EP - Oath,"3 月 10 日 Oath 正式上架各音乐平台

【专辑介绍】
穿行于夜幕，点燃了猩红。
暴雨将街道染上锈蚀，雨滴敲出陌生的节奏。
而那道冷白的刃口，依旧锋利如旧。
【歌曲列表】
Oath
Oath (Instrumental)",161775300,明日方舟,2026-03-10T02:56:09+00:00,1797251,73059,28002,29662,15268,19947,38989,https://www.bilibili.com/video/BV1c1PfzaEsD,official_public_aggregate,exact_api,2026-09-11T22:18:43+00:00,music_ep,False
BV1d1Paz1Eds,《明日方舟》干员「贝洛内」技能展示PV,"《明日方舟》干员「贝洛内」技能展示PV

————————————
故事集「十字路口」限时活动即将开启

更多活动详情内容详见游戏内公告。",161775300,明日方舟,2026-03-08T03:00:00+00:00,1172866,57464,5903,4170,20023,54781,3465,https://www.bilibili.com/video/BV1d1Paz1Eds,official_public_aggregate,exact_api,2026-09-11T22:18:29+00:00,operator_pv,False
BV12EPzz7EtN,《明日方舟》全新故事「十字路口」活动宣传PV,"故事集「十字路口」即将开启

“你制定的规则与我践行的方式将成为这座城市全新的‘铳与秩序’，莱昂图索。”

———————————— 
详细活动内容敬请关注《明日方舟》游戏内相关公告。",161775300,明日方舟,2026-03-05T03:01:02+00:00,2215082,90349,18569,10933,33746,14642,12602,https://www.bilibili.com/video/BV12EPzz7EtN,official_public_aggregate,exact_api,2026-09-11T22:18:29+00:00,event_pv,False
BV14cZABaEPi,《明日方舟》矢量突破#2「巫术之夜」宣传PV,矢量突破#2「巫术之夜」限时活动即将开启。,161775300,明日方舟,2026-02-19T03:00:00+00:00,1224521,64362,7329,6403,15605,11799,3266,https://www.bilibili.com/video/BV14cZABaEPi,official_public_aggregate,exact_api,2026-09-11T22:17:15+00:00,other_pv,False
BV1nMcJzkEKm,《明日方舟》EP - 花街迎春,"2月17日 花街迎春 正式上架各音乐平台

【专辑介绍】
年桔清新，桃花明艳。来年丰饶绚烂，尽在枝蕊摇曳间。

【歌曲列表】
花街迎春
花街迎春 (Instrumental)",161775300,明日方舟,2026-02-17T03:00:00+00:00,426459,59458,15280,12498,6544,5729,3769,https://www.bilibili.com/video/BV1nMcJzkEKm,official_public_aggregate,exact_api,2026-09-02T18:55:47.413857+08:00,,
BV1WrcMznEDc,《明日方舟》EP - 无名策,"2 月 9 日 无名策 正式上架各音乐平台

【专辑介绍】
举世为枰，生死一念。
【歌曲列表】
无名策
无名策 (Instrumental)",161775300,明日方舟,2026-02-09T10:00:00+00:00,2189281,142557,78656,60526,26309,16444,12507,https://www.bilibili.com/video/BV1WrcMznEDc,official_public_aggregate,exact_api,2026-09-11T22:18:47+00:00,music_ep,False
BV1zhcTzuEai,《明日方舟》限定干员「望」前瞻PV,"棋盘上未完的胜负与恩怨，终究需要棋手自己落下黑色的句点。
舍小取大......落子无悔。",161775300,明日方舟,2026-02-09T03:03:33+00:00,1289195,77014,23984,16541,11685,9245,8545,https://www.bilibili.com/video/BV1zhcTzuEai,official_public_aggregate,exact_api,2026-09-11T22:18:32+00:00,operator_pv,False
BV1EBcFznE2H,《明日方舟》EP - 铁花飞,"塞壬唱片-MSR呈献明日方舟 x Mili全新合作EP《铁花飞》，2月9日0点正式上架各大音乐平台

【专辑介绍】
轻云淡月，天地如镜。铁花千缕飞似雨，山河万里踏歌人。

【歌曲列表】
铁花飞",161775300,明日方舟,2026-02-08T10:00:49+00:00,7417921,344548,258028,196687,97297,30925,21598,https://www.bilibili.com/video/BV1EBcFznE2H,official_public_aggregate,exact_api,2026-09-11T22:18:47+00:00,music_ep,False
BV1z9FszpEKz,《明日方舟》干员「赤刃明霄陈」前瞻PV,"这片大地，总有我无法企及的过往。
有难解的分歧，有难消的恩怨。
世上矛盾万般，而我，不过是想从中寻出一个公义而已。",161775300,明日方舟,2026-02-08T03:00:00+00:00,1599781,102250,33785,23680,21337,8726,7993,https://www.bilibili.com/video/BV1z9FszpEKz,official_public_aggregate,exact_api,2026-09-11T22:18:32+00:00,operator_pv,False
BV1hkFkz9EWj,《明日方舟》2026新春前瞻特辑视频,"《明日方舟》2026新春前瞻特辑现已结束，感谢大家的支持。本次新春前瞻特辑视频现已上传。

————————————
更多活动详情内容详见游戏内公告。",161775300,明日方舟,2026-02-06T12:36:56+00:00,988774,49484,12275,8087,4161,7226,13579,https://www.bilibili.com/video/BV1hkFkz9EWj,official_public_aggregate,exact_api,2026-09-11T22:17:59+00:00,other_official,False
BV1VVFrzREk7,《明日方舟》SideStory「辞岁行」活动宣传PV,"《明日方舟》SideStory「辞岁行」活动即将开启

羽集云布，终局已至——

人间何处从容？见雾锁百川障九重。
想霜埋冷子，月寒只影，尘迷万策，日困途穷。
公义悬碑，平生寄磨，赤刃明霄一喟中。
君归去，待千秋授墨，写我行踪。

————————————
更多活动详情内容详见游戏内公告。",161775300,明日方舟,2026-02-06T12:00:00+00:00,2417072,87662,31130,18556,15845,15121,13130,https://www.bilibili.com/video/BV1VVFrzREk7,official_public_aggregate,exact_api,2026-09-11T22:18:02+00:00,event_pv,False
BV1kFFCzGEkW,《明日方舟》SideStory「辞岁行」活动先导PV,"《明日方舟》SideStory「辞岁行」活动先导PV

你可以一眼望穿自太古至终末的所有时间，
可你从来不是谁的命运。
命运本身，何其无力。
翻至最后一页，唯有“缺憾”二字。

———————————— 
详细活动内容敬请关注《明日方舟》游戏内相关公告。",161775300,明日方舟,2026-02-06T11:51:25+00:00,800782,51352,15721,10842,6282,4938,3027,https://www.bilibili.com/video/BV1kFFCzGEkW,official_public_aggregate,exact_api,2026-09-11T22:18:26+00:00,event_pv,False
BV1Ro69B5EJ9,《明日方舟》× 《轻松小熊》「慵懒心意」合作宣传PV,"《明日方舟》× 《轻松小熊》「慵懒心意」合作宣传PV

偷闲半日，舒展心事。
明日方舟携手轻松小熊，邀博士共度慵懒时光。",161775300,明日方舟,2026-01-11T02:57:53+00:00,1058518,80866,13695,8260,21734,8416,2244,https://www.bilibili.com/video/BV1Ro69B5EJ9,official_public_aggregate,exact_api,2026-09-02T18:53:38.474955+08:00,,
BV1JJrwBkE43,《明日方舟》EP - Wanna Know Me? (Too Bad),"1 月 9 日 Wanna Know Me? (Too Bad) 正式上架各音乐平台

【专辑介绍】
心绪驰骋辽远天际，奇想如云朵忽暗忽明。

【歌曲列表】
Wanna Know Me? (Too Bad)
Wanna Know Me? (Too Bad) (Instrumental)",161775300,明日方舟,2026-01-09T03:04:49+00:00,1270232,86807,24375,30775,11154,5715,1716,https://www.bilibili.com/video/BV1JJrwBkE43,official_public_aggregate,exact_api,2026-09-11T22:18:43+00:00,music_ep,False
BV1JcifBWEks,《明日方舟》干员「缇缇」技能展示PV,"《明日方舟》干员「缇缇」技能展示PV

————————————
《明日方舟》SideStory「雅赛努斯复仇记」活动即将开启

更多活动详情内容详见游戏内公告。",161775300,明日方舟,2026-01-06T03:01:24+00:00,1062017,57122,5733,4126,16666,10945,3711,https://www.bilibili.com/video/BV1JcifBWEks,official_public_aggregate,exact_api,2026-09-02T18:57:09.557348+08:00,,
BV1NEi8BJETo,《明日方舟》SideStory「雅赛努斯复仇记」活动宣传pv,"《明日方舟》SideStory「雅赛努斯复仇记」活动即将开启

我们向往着英雄......
但这英雄，又该由谁来定义？

————————————
更多活动详情内容详见游戏内公告。",161775300,明日方舟,2026-01-03T03:00:00+00:00,2111097,90525,17889,9670,33334,13934,9346,https://www.bilibili.com/video/BV1NEi8BJETo,official_public_aggregate,exact_api,2026-09-11T22:17:47+00:00,event_pv,False
BV1UcBLBHEQY,"《明日方舟》EP - Slowly Flow, Hearthlight Glow","12月24日 Slowly Flow, Hearthlight Glow 正式上架各音乐平台

【专辑介绍】
未启封的期待在树下闪耀，笑容缀满糖霜般的星光。
就让时光放慢脚步，让相聚的欢歌悠长回响。

【歌曲列表】
Slowly Flow, Hearthlight Glow
Slowly Flow, Hearthlight Glow (Instrumental)",161775300,明日方舟,2025-12-24T09:00:20+00:00,505798,57677,12250,11390,4612,5242,550,https://www.bilibili.com/video/BV1UcBLBHEQY,official_public_aggregate,exact_api,2026-09-02T18:55:28.454116+08:00,,
BV1hrBKBAEuA,「星语共愿」特别纪念PV,"承载无数心意的今天，繁星与我们一同许下心愿。
愿长风作引，引她走向被祝福照亮的明天。",161775300,明日方舟,2025-12-23T12:25:00+00:00,1875741,265356,185824,75207,33099,32843,57209,https://www.bilibili.com/video/BV1hrBKBAEuA,official_public_aggregate,exact_api,2026-09-11T22:17:56+00:00,other_pv,False
BV1hrBKBAEWz,「特别的一天」纪念录像2025,"小小寿星呀，愿你的理想快快实现，也愿你每天都能绽放如此的笑颜。
阿米娅，生日快乐。",161775300,明日方舟,2025-12-23T12:25:00+00:00,893172,137941,77930,37481,7680,13607,30979,https://www.bilibili.com/video/BV1hrBKBAEWz,official_public_aggregate,exact_api,2026-09-11T22:17:19+00:00,other_official,False
BV1R5qyB3Ec9,《明日方舟》× 上好佳「脆享佳日」合作宣传PV,"《明日方舟》× 上好佳「脆享佳日」合作宣传PV

咔嚓声响，纷趣来访。
明日方舟携手@上好佳官方账号  ，邀博士同享佳日欢趣。

更多活动详情，请关注上好佳自媒体账号。",161775300,明日方舟,2025-12-21T04:00:00+00:00,805058,58157,5741,5851,18367,7182,2408,https://www.bilibili.com/video/BV1R5qyB3Ec9,official_public_aggregate,exact_api,2026-09-02T18:57:09.557348+08:00,,
BV1mS25BMEvj,《明日方舟》EP - Just Another Inch Higher,"12月5日 Just Another Inch Higher 正式上架各音乐平台

【专辑介绍】
离群的孩子鲜少歌唱，她带着浑浊的梦流浪在异乡。
狂想从半空坠落，双手栽下的新叶，却仍向更高处生长。

【歌曲列表】
Just Another Inch Higher
Just Another Inch Higher (Instrumental)",161775300,明日方舟,2025-12-05T02:58:55+00:00,524603,41948,11531,12117,3439,4819,967,https://www.bilibili.com/video/BV1mS25BMEvj,official_public_aggregate,exact_api,2026-09-02T18:55:06.385752+08:00,,
BV1BPSaBCEjF,《明日方舟》干员「娜斯提」技能展示PV,"《明日方舟》干员「娜斯提」技能展示PV

————————————
SideStory「未许之地」限时活动即将开启
更多活动详情内容详见游戏内公告。",161775300,明日方舟,2025-12-03T02:59:00+00:00,1245524,63434,7483,5303,27914,12085,7757,https://www.bilibili.com/video/BV1BPSaBCEjF,official_public_aggregate,exact_api,2026-09-11T22:17:23+00:00,operator_pv,False
BV1TGSAB1EZD,《明日方舟》SideStory「未许之地」活动宣传pv,"《明日方舟》SideStory「未许之地」活动即将开启

“天空从来都是空空荡荡。
“在天空上填满东西的，是我们自己。”

————————————
更多活动详情内容详见游戏内公告。",161775300,明日方舟,2025-11-30T03:00:00+00:00,2304761,99738,21067,12214,38219,14671,11048,https://www.bilibili.com/video/BV1TGSAB1EZD,official_public_aggregate,exact_api,2026-09-11T22:17:25+00:00,event_pv,False
BV19WUnBTEBo,《明日方舟》EP - Secret Escape,"11月22日 Secret Escape 正式上架各音乐平台

【专辑介绍】
一片炉火，几盏烛光；三两好友，七八佳肴。
暮色四合，冬日萧瑟，此间归所为你点亮一隅暖色。

【歌曲列表】
Secret Escape
Secret Escape (Instrumental)",161775300,明日方舟,2025-11-22T03:00:46+00:00,938296,84650,19729,22639,8877,4405,2893,https://www.bilibili.com/video/BV19WUnBTEBo,official_public_aggregate,exact_api,2026-09-11T22:18:41+00:00,music_ep,False
BV1KLkZB2Ezu,《明日方舟》「卫戍协议：盟约」宣传PV,《明日方舟》「卫戍协议：盟约」宣传PV,161775300,明日方舟,2025-11-10T03:03:45+00:00,1608313,72158,11165,7353,18062,29988,4668,https://www.bilibili.com/video/BV1KLkZB2Ezu,official_public_aggregate,exact_api,2026-09-11T22:18:20+00:00,other_pv,False
BV1Mh1aBHEJi,《明日方舟》EP - Stardust on Me,"11月3日 Stardust on Me 正式上架各音乐平台

【专辑介绍】
我们手执不同尺规，沿着各自的轨道测绘万千星河。
纵如微茫星尘，仍欲以孤光将未知照亮。

【歌曲列表】
Stardust on Me
Stardust on Me (Instrumental)",161775300,明日方舟,2025-11-03T02:59:51+00:00,481445,48202,11057,12582,2081,3342,315,https://www.bilibili.com/video/BV1Mh1aBHEJi,official_public_aggregate,exact_api,2026-09-02T18:57:08.768929+08:00,,
BV1jtyRBZETq,《明日方舟》EP - Follow Your Heart,"11 月 2 日 Follow Your Heart 正式上架各音乐平台

【专辑介绍】
她曾以指尖叩问冻土：我们所信仰的来自何处？
而风雪只是吹拂，引她向那古老的山路。

【歌曲列表】
Follow Your Heart
Follow Your Heart (Instrumental)",161775300,明日方舟,2025-11-02T03:00:00+00:00,645262,61709,18903,19471,3358,4593,1746,https://www.bilibili.com/video/BV1jtyRBZETq,official_public_aggregate,exact_api,2026-09-11T22:18:43+00:00,music_ep,False
BV1kP13BEErz,《明日方舟》EP - The Walk,"11月1日 The Walk 正式上架各音乐平台

【专辑介绍】
若天幕渐暗，群山失语，泥泞蔓延于故土，
我当以身为刃，破开浓雾，用新雪照彻明日之途。

【歌曲列表】
The Walk
The Walk (Instrumental)",161775300,明日方舟,2025-11-01T03:00:00+00:00,911087,86488,39434,27686,7799,9895,7014,https://www.bilibili.com/video/BV1kP13BEErz,official_public_aggregate,exact_api,2026-09-11T22:18:43+00:00,music_ep,False
BV1E3yUBLE5c,《明日方舟》限定干员「凛御银灰」前瞻PV,"老哥其实从来都没有变过,他还是那个想要保护所有人的""希瓦艾什家主""。",161775300,明日方舟,2025-10-29T03:00:29+00:00,1560335,85975,26396,16481,15807,15241,15366,https://www.bilibili.com/video/BV1E3yUBLE5c,official_public_aggregate,exact_api,2026-09-02T18:55:00.949741+08:00,,
BV1oHyrBsEZU,《明日方舟》2025「感谢庆典」前瞻特别直播节目（附字幕）,再次感谢大家的支持，关于《明日方舟》2025「感谢庆典」更多活动详情详见游戏内公告。,161775300,明日方舟,2025-10-28T11:00:00+00:00,753036,38714,6431,4398,1457,8655,2645,https://www.bilibili.com/video/BV1oHyrBsEZU,official_public_aggregate,exact_api,2026-09-11T22:18:15+00:00,other_official,False
BV1ZJyrBdEor,《明日方舟》2025「感谢庆典」声优祝福,"'-特别感谢-

（以下排名不分先后）

刘北辰 张雨曦 李嘉祥 何雨薇 克里斯汀小姐
伊藤静 清水理沙 福井裕佳梨 小西克幸 Denis Nekrasov

来自各位老师们为本次《明日方舟》2025「感谢庆典」送上的祝福。
非常感谢老师们的祝福与认可！",161775300,明日方舟,2025-10-28T10:45:10+00:00,342451,30990,4549,4512,1280,2185,1998,https://www.bilibili.com/video/BV1ZJyrBdEor,official_public_aggregate,exact_api,2026-09-02T18:57:43.803277+08:00,,
BV1X2sZzYExt,《明日方舟》特别映像[乌萨斯：至伟之人],这堂课，我们只讲述历史的开始，一位使乌萨斯真正站立于大地的人物。,161775300,明日方舟,2025-10-26T05:00:00+00:00,585011,39617,4995,5442,1936,3009,375,https://www.bilibili.com/video/BV1X2sZzYExt,official_public_aggregate,exact_api,2026-09-11T22:17:21+00:00,animation_brand,False
BV1HtsZz2E19,《明日方舟》特别映像[米诺斯：英雄之乡],接下来我们要讲述的，是一位英雄的故事，也是米诺斯，这个英雄的故乡，建立的历史。,161775300,明日方舟,2025-10-26T04:00:00+00:00,563028,36191,4193,4006,2319,2880,635,https://www.bilibili.com/video/BV1HtsZz2E19,official_public_aggregate,exact_api,2026-09-11T22:17:27+00:00,animation_brand,False
BV1JesZzkEjM,一分（多）钟看泰拉#3,一瓶汽水的时间了解一个泰拉知识，关注我的频道，大地的秘密等你来揭开。,161775300,明日方舟,2025-10-26T03:00:00+00:00,588944,44410,4967,5877,1177,1643,855,https://www.bilibili.com/video/BV1JesZzkEjM,official_public_aggregate,exact_api,2026-09-11T22:17:35+00:00,other_official,False
BV1FbsdzME6E,明日方舟2025感谢庆典印象曲 - When We Were the Most Beautiful by Higuchi Ai,"塞壬唱片-MSR携手@樋口爱HiguchiAi  ，打造明日方舟2025感谢庆典印象曲《When We Were the Most Beautiful》 
作词 樋口爱（Higuchi Ai）
作曲 樋口爱（Higuchi Ai）

我们如风穿行于时间，在夜色与晨曦交替的瞬息驻足。
“此刻”是河川跃动的浮光，而每一粒光点连缀成永恒。
""We live in the moment.""",161775300,明日方舟,2025-10-25T14:00:00+00:00,2097770,190773,132036,97879,26474,11198,1997,https://www.bilibili.com/video/BV1FbsdzME6E,official_public_aggregate,exact_api,2026-09-11T22:18:44+00:00,other_official,False
BV1ZasdzNEDm,《明日方舟》特别映像【前探泰拉:警兆】,"《明日方舟》特别映像【前探泰拉:警兆】

博士！你来得正好，我需要你立刻来看看这些报告。",161775300,明日方舟,2025-10-25T13:30:00+00:00,881706,50008,8787,9417,6141,5127,1747,https://www.bilibili.com/video/BV1ZasdzNEDm,official_public_aggregate,exact_api,2026-09-11T22:17:27+00:00,animation_brand,False
BV1uSsdz9EAz,明日方舟 × 怪物猎人 联动第二期前瞻预告,明日方舟×怪物猎人 联动sidestory第二期筹备中,161775300,明日方舟,2025-10-25T13:10:00+00:00,3337610,122027,15282,10974,55322,25091,16730,https://www.bilibili.com/video/BV1uSsdz9EAz,official_public_aggregate,exact_api,2026-09-11T22:18:07+00:00,other_official,False
BV1T5sWztErE,《明日方舟》× 海底捞「罗德岛番茄派对」合作宣传PV,"酸甜鼎沸，欢趣入味。
明日方舟携手@海底捞火锅  ，邀博士相聚罗德岛番茄派对。

更多活动详情，请关注海底捞自媒体账号。",161775300,明日方舟,2025-10-25T13:05:00+00:00,452705,25611,2862,2992,2876,2162,2884,https://www.bilibili.com/video/BV1T5sWztErE,official_public_aggregate,exact_api,2026-09-02T18:53:08.573872+08:00,,
BV1JQsoz3EtK,《明日方舟》2025「感谢庆典」活动宣传PV,"《明日方舟》2025「感谢庆典」活动宣传PV

于是我们行走在谢拉格的土地上，以我们自己的名字，以谢拉格人的名义。

———————————— 
详细活动内容敬请关注《明日方舟》游戏内相关公告。",161775300,明日方舟,2025-10-25T12:15:00+00:00,3438319,86825,36237,17634,18465,498622,18490,https://www.bilibili.com/video/BV1JQsoz3EtK,official_public_aggregate,exact_api,2026-09-11T22:18:15+00:00,event_pv,False
BV1XWsoz8EVo,《明日方舟》SideStory「雪山降临1101」活动先导PV,"《明日方舟》SideStory「雪山降临1101」活动先导PV

千万个和平而无忧的日夜在此终结
于是人们祈祷，祂再无回声
寻觅心，寻觅出路，寻觅已失去的庇佑
先驱者以钢铁塑造利爪，响应者连声高呼
警示，见证，再次出发，我们仍有明天

———————————— 
详细活动内容敬请关注《明日方舟》游戏内相关公告。",161775300,明日方舟,2025-10-25T12:10:00+00:00,1379786,75681,25436,15747,12046,12994,8189,https://www.bilibili.com/video/BV1XWsoz8EVo,official_public_aggregate,exact_api,2026-09-11T22:18:02+00:00,event_pv,False
BV1H8W6ztEwp,《明日方舟》EP - Paper Boat,"10 月 17 日 Paper Boat 正式上架各音乐平台

【专辑介绍】
小船儿，轻轻摇，夜空为你盖被袄。
星光铺条银河路，伴你梦乡到天晓。

【歌曲列表】
Paper Boat
Paper Boat (Instrumental)",161775300,明日方舟,2025-10-17T03:00:00+00:00,854332,77736,19740,22153,7606,4325,3300,https://www.bilibili.com/video/BV1H8W6ztEwp,official_public_aggregate,exact_api,2026-09-11T22:17:06+00:00,music_ep,False
BV14wWazyEBt,《明日方舟》× 三丽鸥家族「温情时光」合作宣传PV,"《明日方舟》× 三丽鸥家族「温情时光」合作宣传PV

时光煨甜，温润心间。
明日方舟再度携手HelloKitty_Sanrio官方，邀博士共赴暖意时刻。",161775300,明日方舟,2025-10-16T03:00:00+00:00,1492866,110247,22703,14356,48534,10956,12049,https://www.bilibili.com/video/BV14wWazyEBt,official_public_aggregate,exact_api,2026-09-11T22:17:49+00:00,other_pv,False
BV1ny4vzWEQs,《明日方舟》「促融共竞#2」宣传PV,《明日方舟》「促融共竞#2」宣传PV,161775300,明日方舟,2025-10-15T02:57:55+00:00,1035639,76921,12299,7941,34238,10849,12219,https://www.bilibili.com/video/BV1ny4vzWEQs,official_public_aggregate,exact_api,2026-09-11T22:17:23+00:00,other_pv,False
BV1GHx6zDE8i,《明日方舟》EP - Sealed,"10月9日 Sealed 正式上架各音乐平台

【专辑介绍】
诉说如海潮汹涌，却似光坠入黑洞，寂寂无声。
而无言者以聆听为呐喊，吞下话语的浪涛，
用沉默承接陨落的重量。

【歌曲列表】
Sealed
Sealed (Instrumental)",161775300,明日方舟,2025-10-09T03:00:15+00:00,748672,60124,19131,18112,5112,5321,3385,https://www.bilibili.com/video/BV1GHx6zDE8i,official_public_aggregate,exact_api,2026-09-11T22:18:43+00:00,music_ep,False
BV1NUx2z4EhG,《明日方舟》干员「真言」技能展示PV,"《明日方舟》干员「真言」技能展示PV

————————————
主题曲【反常光谱】开放，限时纪念活动即将开启
更多活动详情内容详见游戏内公告。",161775300,明日方舟,2025-10-07T03:00:00+00:00,1524886,91741,11310,7058,40527,13510,13731,https://www.bilibili.com/video/BV1NUx2z4EhG,official_public_aggregate,exact_api,2026-09-11T22:17:26+00:00,operator_pv,False
BV1XbxHzAE9H,《明日方舟》主题曲【反常光谱】开放 限时纪念活动宣传pv,"主题曲【反常光谱】开放，限时纪念活动开启

说吧，说吧。让失语者用呼号谈论，让被捆住双手的人用拳头谈论，让活在黑暗中的一切用光明谈论......
这谈论的所有，都将得到聆听。

————————————
详细活动内容敬请关注《明日方舟》游戏内相关公告。",161775300,明日方舟,2025-10-04T03:00:00+00:00,3230843,128012,37646,22007,50666,14008,500,https://www.bilibili.com/video/BV1XbxHzAE9H,official_public_aggregate,exact_api,2026-09-11T22:18:35+00:00,event_pv,False
BV1szWjzPESy,《明日方舟》「次生预案」宣传PV,"《明日方舟》「次生预案」宣传PV

次生预案限时活动开启
关卡开放时间：09月25日 16:00 - 10月16日 03:59
解锁条件：通关主线 1-10
活动说明：活动期间，玩家可通过参与活动关卡、完成加急指标获取资源，完成加急指标还可获取【资源点数】，用于提升【建设促进计划】等级获取相应活动奖励

【建设促进计划】开放时间：09月25日 16:00 - 10月19日 03:59
【建设促进计划】主要奖励：时装【闪耀阶梯系列 - 冷色摇滚 - 谜图】、家具【“应急备案”生态缸】、模组养成材料、高级养成",161775300,明日方舟,2025-09-20T03:00:00+00:00,1582475,93652,14244,9817,25164,8867,9630,https://www.bilibili.com/video/BV1szWjzPESy,official_public_aggregate,exact_api,2026-09-11T22:17:23+00:00,other_pv,False
BV1PEYTzFEL6,主线动画 完结特别映像《生命换装》,"你我想要守护的，原本都是同一束光芒。
《生命换装》
演唱：@ReoNa  
作词：伞村トータ(LIVE LAB.)
作曲：伞村トータ(LIVE LAB.)
编曲：宫野幸子（SHANGRI-LA INC.）",161775300,明日方舟,2025-09-06T09:38:49+00:00,745302,78926,24245,18736,4900,4404,2788,https://www.bilibili.com/video/BV1PEYTzFEL6,official_public_aggregate,exact_api,2026-09-11T22:18:35+00:00,animation_brand,False
BV13Ma2zjEMA,《明日方舟》EP - in your blue eyes,"9月4日 in your blue eyes 正式上架

作词：Diggy-MO’
作曲：Diggy-MO’、松坂康司 (SUPA LOVE)
编曲：Diggy-MO’、松坂康司 (SUPA LOVE)

【专辑介绍】
溺于苍白的月光，抑或猩红的梦境？
醒来吧，她轻声呼唤，携着青蓝色的爱与叹息。
苏醒的人偶拾起乐器，奏响重塑世界的乐声。
直至人偶走下舞台，而戏剧仍在继续。

【歌曲列表】
in your blue eyes",161775300,明日方舟,2025-09-04T11:00:00+00:00,5196596,228053,132100,104064,62104,23273,11890,https://www.bilibili.com/video/BV13Ma2zjEMA,official_public_aggregate,exact_api,2026-09-11T22:18:44+00:00,music_ep,False
BV1bveDzcEY7,【明日方舟 × BanG Dream! Ave Mujica】SideStory「无忧梦呓」活动宣传PV,"【明日方舟 × BanG Dream! Ave Mujica】SideStory「无忧梦呓」活动宣传PV

【明日方舟 × BanG Dream! Ave Mujica】SideStory「无忧梦呓」限时活动即将开启
在这片大地上，留下属于我们的声音吧！

———————————— 
详细活动内容敬请关注《明日方舟》游戏内相关公告。",161775300,明日方舟,2025-08-28T03:00:00+00:00,7662571,376686,188132,87893,302842,92406,127518,https://www.bilibili.com/video/BV1bveDzcEY7,official_public_aggregate,exact_api,2026-09-11T22:18:48+00:00,event_pv,False
BV1XPbtzsEin,主线动画 播出中特别映像《Truth》,"8月16日 Truth 正式上架各音乐平台

【专辑介绍】
战士们啊，愿你们拥有安稳的长眠。

【歌曲列表】
Truth",161775300,明日方舟,2025-08-16T02:59:23+00:00,835352,74138,21107,18403,10031,6884,4034,https://www.bilibili.com/video/BV1XPbtzsEin,official_public_aggregate,exact_api,2026-09-11T22:18:41+00:00,animation_brand,False
BV1vAtvzLEdx,《明日方舟》危机合约新赛季「弧光作战」宣传PV,"危机合约#4「弧光作战」即将开启

一、危机合约#4「弧光作战」开启
二、【联合行动】特选干员定向寻访开启
三、“资源收集”关卡限时全天开放
四、中坚甄选开启
五、礼包限时上架

更多活动内容请持续关注《明日方舟》游戏内公告。",161775300,明日方舟,2025-08-10T03:00:00+00:00,2241859,130193,32202,19770,47606,19136,16190,https://www.bilibili.com/video/BV1vAtvzLEdx,official_public_aggregate,exact_api,2026-09-11T22:18:11+00:00,gameplay_system,False
BV1ZRhTz2EWA,《明日方舟》EP - Little Wish,"8月3日 Little Wish 正式上架各音乐平台

【专辑介绍】
一触即碎的肥皂泡，
也要托起小小愿望，
飞越风雨，飞向太阳，
绽放她的幻彩流光。

【歌曲列表】
Little Wish
Little Wish (Instrumental)",161775300,明日方舟,2025-08-03T03:00:00+00:00,8006487,330245,160172,192660,81175,30745,49977,https://www.bilibili.com/video/BV1ZRhTz2EWA,official_public_aggregate,exact_api,2026-09-11T22:18:47+00:00,music_ep,False
BV1KRh4zJEA3,《明日方舟》EP - Undaunted,"8 月 2 日 Undaunted 正式上架各音乐平台

【专辑介绍】
以豪气作坚盾，以怒意铸长刀。
执盾劈裂过往，断道不复回望。

【歌曲列表】
Undaunted
Undaunted (Instrumental)",161775300,明日方舟,2025-08-02T03:00:00+00:00,894994,73159,24568,19651,6999,6960,11575,https://www.bilibili.com/video/BV1KRh4zJEA3,official_public_aggregate,exact_api,2026-09-11T22:18:44+00:00,music_ep,False
BV1Zs8DzAE8V,《明日方舟》限定干员「斩业星熊」前瞻pv,"《明日方舟》限定干员「斩业星熊」前瞻pv

过去被抹消的恶鬼
几乎失了神智的恶鬼
我对你，对御机，已经不再有任何奢求
我现在只要一个形式",161775300,明日方舟,2025-07-29T03:00:06+00:00,1461131,99328,21786,12538,13356,8943,14722,https://www.bilibili.com/video/BV1Zs8DzAE8V,official_public_aggregate,exact_api,2026-09-11T22:17:26+00:00,operator_pv,False
BV1Pb84zVEJE,《明日方舟》2025夏日嘉年华特别通讯视频,"《明日方舟》2025夏日嘉年华特别通讯现已结束，感谢大家的支持。本次夏日嘉年华特别通讯视频现已上传。

————————————
更多活动详情内容详见游戏内公告。",161775300,明日方舟,2025-07-26T12:30:00+00:00,1404657,63769,14829,8203,5526,9922,22366,https://www.bilibili.com/video/BV1Pb84zVEJE,official_public_aggregate,exact_api,2026-09-11T22:17:59+00:00,other_official,False
BV1TP8tzJEY6,《明日方舟》× 大白兔「甜忆回响」合作宣传PV,"《明日方舟》× 大白兔「甜忆回响」合作宣传PV

奶香氤氲间，藏着旧夏的温柔回甘。
明日方舟携手大白兔，同博士一起，品尝一颗旧时光。",161775300,明日方舟,2025-07-26T12:20:00+00:00,1048095,80408,7717,10274,22312,7305,9817,https://www.bilibili.com/video/BV1TP8tzJEY6,official_public_aggregate,exact_api,2026-09-02T18:55:35.564124+08:00,,
BV1VQ84ztEMq,《明日方舟》SideStory「墟」活动宣传pv,"《明日方舟》SideStory「墟」活动即将开启

“......哦？你听到的关于我的传闻，是什么样的呢？”

————————————
更多活动详情内容详见游戏内公告。",161775300,明日方舟,2025-07-26T11:50:00+00:00,2333474,76873,21724,12677,14029,7235,15244,https://www.bilibili.com/video/BV1VQ84ztEMq,official_public_aggregate,exact_api,2026-09-11T22:17:49+00:00,event_pv,False
BV1KN8tzUE4N,《明日方舟》SideStory「墟」活动先导PV,"《明日方舟》SideStory「墟」活动先导PV

高楼投下的阴翳浓得像是阴谋，
而暗面的参与者——
「极道」「怪谈」，还是「神明」？",161775300,明日方舟,2025-07-26T11:45:00+00:00,771431,53642,12976,9006,7859,3085,3417,https://www.bilibili.com/video/BV1KN8tzUE4N,official_public_aggregate,exact_api,2026-09-11T22:17:54+00:00,event_pv,False
BV1tA8TzbERP,《明日方舟》EP - Summer Fizz Pop,"7 月 24 日 Summer Fizz Pop 正式上架各音乐平台

【专辑介绍】
【本曲适用症状】冷气惰性、夏日忧郁、午后困倦
【成分】碳酸饮料噗嗤声、致幻海浪贝斯、融化成橘子汽水的夕阳
【品鉴说明】
1.点开播放键的拉环
2.放任鼓点在耳膜冒泡
3.在碳酸爆开前纵身跃入这片蔚蓝的节奏

【歌曲列表】
Summer Fizz Pop
Summer Fizz Pop (Instrumental)",161775300,明日方舟,2025-07-24T03:03:31+00:00,1374585,121852,34041,30276,17317,11259,10140,https://www.bilibili.com/video/BV1tA8TzbERP,official_public_aggregate,exact_api,2026-09-11T22:17:25+00:00,music_ep,False
BV1dwg5zCEBD,《明日方舟》2025「音律联觉-熠曲丰碑」官方录播,2025明日方舟音律联觉-熠曲丰碑官方录播现已正式上线！,161775300,明日方舟,2025-07-21T13:00:00+00:00,2512286,149703,129411,82641,37201,13740,54718,https://www.bilibili.com/video/BV1dwg5zCEBD,official_public_aggregate,exact_api,2026-09-11T22:17:30+00:00,offline_event,False
BV1eRuyzdEER,《明日方舟》×《太鼓之达人》合作宣传PV,"【明日方舟×太鼓之达人】限时联动即将开启

一、【明日方舟×太鼓之达人】，新装限时上架
二、【明日方舟×太鼓之达人】，组合包限时上架

更多活动内容请持续关注《明日方舟》游戏内公告及官方公告。",161775300,明日方舟,2025-07-15T03:00:37+00:00,1565048,111563,12433,11028,47803,9791,15092,https://www.bilibili.com/video/BV1eRuyzdEER,official_public_aggregate,exact_api,2026-09-11T22:18:14+00:00,other_pv,False
BV13VMozJEE7,《明日方舟》集成战略「岁的界园志异」宣传PV · 玩法介绍,"《明日方舟》集成战略「岁的界园志异」宣传PV · 玩法介绍

奇岩，异草，景中藏境，旧物新缘。
洞穿异象，镇压祸乱，或许能看见......失落已久的真相。

_____________
全新集成战略主题「岁的界园志异」，即将开启

主题开启时间：2025年07月15日 16:00
主题站链接：https://b23.tv/yY2U11b

更多「岁的界园志异」集成战略主题内容，请持续关注《明日方舟》自媒体账号及「岁的界园志异」集成战略主题站。",161775300,明日方舟,2025-07-13T03:00:00+00:00,2617873,128968,40875,19253,49145,14114,37320,https://www.bilibili.com/video/BV13VMozJEE7,official_public_aggregate,exact_api,2026-09-11T22:18:05+00:00,gameplay_system,False
BV1EPGJzvEVM,《明日方舟》EP - 惊蛰时,"7 月 8 日 惊蛰时 正式上架各音乐平台

【专辑介绍】
春雷乍起，唤万物生。
恶兽惶惶，仓庚载鸣。
山岚开晓，风日新晴。
青天昭昭，砚笔除佞。

【歌曲列表】
惊蛰时",161775300,明日方舟,2025-07-08T02:59:24+00:00,1572345,95907,34813,35376,13427,9527,11199,https://www.bilibili.com/video/BV1EPGJzvEVM,official_public_aggregate,exact_api,2026-09-11T22:18:47+00:00,music_ep,False
BV12L3jziE79,《明日方舟》干员「司霆惊蛰」技能展示PV,"《明日方舟》干员「司霆惊蛰」技能展示PV
“剑有缺口，雷有喑时，律法、雷法、剑法，说到底都是惩奸除恶的工具。”

————————————
《明日方舟》故事集「镜中集」即将开放
更多活动详情内容详见官方自媒体账号。",161775300,明日方舟,2025-07-04T03:03:42+00:00,1868734,98049,11896,7436,44894,17147,21303,https://www.bilibili.com/video/BV12L3jziE79,official_public_aggregate,exact_api,2026-09-11T22:17:26+00:00,operator_pv,False
BV1uC3WzhEFL,《明日方舟》全新故事「镜中集」活动宣传PV,"故事集「镜中集」即将开启

“无论是人是物，活得至情至性，便不枉来这世间一遭了。”

———————————— 
详细活动内容敬请关注《明日方舟》游戏内相关公告。",161775300,明日方舟,2025-07-02T02:58:33+00:00,2832269,111953,27412,13001,47413,24240,34627,https://www.bilibili.com/video/BV1uC3WzhEFL,official_public_aggregate,exact_api,2026-09-11T22:17:10+00:00,event_pv,False
BV138KXzNEww,《明日方舟》EP - Mare Natus,"6月26日 Mare Natus 正式上架各音乐平台

【专辑介绍】
塞壬唱片-MSR音乐系列《人物》，四期发布。
海潮低语，我们随暗流归一。

【歌曲列表】
Mare Natus
Mare Natus (Instrumental)",161775300,明日方舟,2025-06-26T02:59:39+00:00,1166496,83899,17378,19844,13351,5596,6932,https://www.bilibili.com/video/BV138KXzNEww,official_public_aggregate,exact_api,2026-09-11T22:18:41+00:00,music_ep,False
BV1TmKwzDEEV,《明日方舟》主线动画剧情回顾PV,"这场战斗还远没有结束。
主线动画《明日方舟：焰烬曙明》将于2025年7月4日22:30正式上线！",161775300,明日方舟,2025-06-20T09:09:16+00:00,820525,61584,9559,10287,4873,3602,481,https://www.bilibili.com/video/BV1TmKwzDEEV,official_public_aggregate,exact_api,2026-09-02T18:57:46.935424+08:00,,
BV1KuTgzkEDN,《明日方舟》EP - Grow on My Time,"6月8日 Grow on My Time 正式上架塞壬唱片官网，QQ音乐、网易云音乐及酷狗音乐等平台

【专辑介绍】
傍晚的风送来远空的呢喃，
教室窗外的花木披上茜色，
我们沿着长廊舒展步调，
明天的可能性还在生长。

【歌曲列表】
Grow on My Time
Grow on My Time (Instrumental)",161775300,明日方舟,2025-06-08T09:00:00+00:00,1702909,173639,81512,56759,28793,21038,28398,https://www.bilibili.com/video/BV1KuTgzkEDN,official_public_aggregate,exact_api,2026-09-11T22:18:42+00:00,music_ep,False
BV1u8TszsEez,《明日方舟》EP - The After,"6 月 5 日 The After 正式上架塞壬唱片官网，QQ音乐、网易云音乐及酷狗音乐等平台

【专辑介绍】
幕帷垂落，他自阴影而出。
挣脱提线，撕裂幻象，歌声蚀穿诅咒的茧缚。
旧词不再重复，提笔，为了自我的剧目。

【歌曲列表】
The After
The After (Instrumental)",161775300,明日方舟,2025-06-05T03:12:46+00:00,1147438,81758,34608,28563,16368,7762,8788,https://www.bilibili.com/video/BV1u8TszsEez,official_public_aggregate,exact_api,2026-09-11T22:18:42+00:00,music_ep,False
BV1CM7mzPEja,《明日方舟》干员「酒神」技能展示PV,"《明日方舟》干员「酒神」技能展示PV
“猩红剧团的成员从未意识到，拒斥批评，轻视影像，恰恰暴露了他们的怯懦与平庸。”

————————————
《明日方舟》SideStory「红丝绒」即将开放
更多活动详情内容详见官方自媒体账号。",161775300,明日方舟,2025-06-02T01:59:02+00:00,2052249,103064,13540,8421,44580,17089,14647,https://www.bilibili.com/video/BV1CM7mzPEja,official_public_aggregate,exact_api,2026-09-11T22:17:23+00:00,operator_pv,False
BV14S7JzaEd9,《明日方舟》SideStory「红丝绒」活动宣传PV,"《明日方舟》SideStory「红丝绒」活动即将开启

在这里，我们将见证一部蓝卡坞新作的诞生，一位贵族夫人将用她的死谱写时代的挽歌。
在这里，我们将见证一场迟来的复仇，死亡是罪孽的归宿。
在这里，我们也将见证，戏剧的极致，审美的更迭。

————————————
更多活动详情内容详见官网、游戏内公告及官方自媒体账号。",161775300,明日方舟,2025-05-30T02:59:39+00:00,2666129,121224,32783,15881,46501,16064,23926,https://www.bilibili.com/video/BV14S7JzaEd9,official_public_aggregate,exact_api,2026-09-11T22:17:27+00:00,event_pv,False
BV1zaETzJEcj,《明日方舟》矢量突破#1「无机物」宣传PV,"「六周年庆典」，矢量突破#1「无机物」开启

关卡开放时间：05月15日 16:00 - 06月05日 03:59
解锁条件：通关主线 2-10
活动说明：活动期间将开放「矢量突破」限时活动，玩家可通过活动关卡作战获取【“小心地滑”】，提升【突破里程碑】等级获取相应活动奖励

【突破里程碑】开放时间：05月15日 16:00 - 06月08日 03:59
【突破里程碑】主要奖励：时装【斗争血脉系列 - 火种 - 火神】、活动家具、模组养成材料、高级养成素材、作战记录、龙门币等

◆详细活动玩法介绍请关注后",161775300,明日方舟,2025-05-11T03:01:03+00:00,1349663,83201,10776,8194,13634,9106,6093,https://www.bilibili.com/video/BV1zaETzJEcj,official_public_aggregate,exact_api,2026-09-11T22:17:47+00:00,other_pv,False
BV1WWVJz1EAi,《明日方舟》EP - Still the Same,"5月3日 Still the Same 正式上架塞壬唱片官网，QQ音乐、网易云音乐及酷狗音乐等平台

塞壬唱片官网链接：https://monster-siren.hypergryph.com/music/461129

【专辑介绍】
无论花谢霜飞，雨打风过，
依旧守候今日的日落，始终期待明天的天色。

【歌曲列表】
Still the Same
Still the Same (Instrumental)",161775300,明日方舟,2025-05-03T03:56:17+00:00,1120905,80750,22790,28147,7776,6071,2819,https://www.bilibili.com/video/BV1WWVJz1EAi,official_public_aggregate,exact_api,2026-09-11T22:17:55+00:00,music_ep,False
BV1hgVgzYEey,《明日方舟》EP - Sanctuary Inside,"5 月 2 日 Sanctuary Inside 正式上架塞壬唱片官网，QQ音乐、网易云音乐及酷狗音乐等平台
塞壬唱片官网链接：https://monster-siren.hypergryph.com/music/125042

【专辑介绍】
在圣堂的唱诗声里，铳焰焚尽噩梦的迷雾，
我的羽翼之下，是浸透暖阳的栖木。

【歌曲列表】
Sanctuary Inside
Sanctuary Inside (Instrumental)",161775300,明日方舟,2025-05-02T03:00:00+00:00,1209886,86816,33022,33461,6121,5501,4437,https://www.bilibili.com/video/BV1hgVgzYEey,official_public_aggregate,exact_api,2026-09-11T22:18:44+00:00,music_ep,False
BV18JGbzjEn4,《明日方舟》EP - Heavenly Me,"塞壬唱片-MSR呈献明日方舟 x AIYUE@理名_togetoge   全新合作EP《Heavenly Me》by blessed : 理名。本曲由理名（TOGENASHI TOGEARI）参与演唱。

塞壬唱片官网链接：https://monster-siren.hypergryph.com/music/953957

演唱：AIYUE blessed : 理名
制作人：玉井健二（agehasprings）
作词：gaogao
作曲：大滨健悟
编曲：玉井健二、大滨健悟

Programming & A",161775300,明日方舟,2025-04-30T16:05:00+00:00,5307629,270832,189167,153029,88242,21930,36723,https://www.bilibili.com/video/BV18JGbzjEn4,official_public_aggregate,exact_api,2026-09-11T22:18:45+00:00,music_ep,False
BV1YAG1zwEJB,《明日方舟》六周年特别直播节目（附字幕）,"再次感谢大家的支持，之后我们将在官方自媒体账号陆续更新《明日方舟》六周年庆典相关具体内容。
更多活动详情详见官网、游戏内及官方自媒体账号公告。",161775300,明日方舟,2025-04-29T11:32:33+00:00,772905,46956,9792,6943,2008,3615,6102,https://www.bilibili.com/video/BV1YAG1zwEJB,official_public_aggregate,exact_api,2026-09-11T22:17:59+00:00,other_official,False
BV16mGyzGEB3,《明日方舟》六周年庆典声优祝福,"'-特别感谢-

（以下排名不分先后）

卢晓彤 潘皓明 邵敏佳 Z君 周童
关根瞳 三石琴乃 石川界人 小西克幸 石见舞菜香

来自各位老师们为本次《明日方舟》2025「六周年特别直播节目」送上的祝福。
非常感谢老师们的祝福与认可！",161775300,明日方舟,2025-04-29T11:22:44+00:00,334494,31457,4080,3731,832,1676,1265,https://www.bilibili.com/video/BV16mGyzGEB3,official_public_aggregate,exact_api,2026-09-11T22:18:06+00:00,other_official,False
BV19aGrzREBd,《明日方舟》限定干员「新约能天使」前瞻pv,"老姐，我记得有句老话说：“每位天使的终点都在圣城。”
是啊，我也该回来，把能让你们大吃一惊的典礼补上了！",161775300,明日方舟,2025-04-29T02:01:05+00:00,2374111,155524,64591,44974,26645,10282,22205,https://www.bilibili.com/video/BV19aGrzREBd,official_public_aggregate,exact_api,2026-09-11T22:17:26+00:00,operator_pv,False
BV15FLCzTEQB,蓝卡坞深夜秀：片场直击,女士们，先生们！欢迎来到《蓝卡坞深夜秀》！,161775300,明日方舟,2025-04-28T02:03:30+00:00,532437,39956,4831,4541,3089,4445,836,https://www.bilibili.com/video/BV15FLCzTEQB,official_public_aggregate,exact_api,2026-09-02T18:57:25.958176+08:00,,
BV1J2jAziEm3,《明日方舟》特别映像[炎：界园游览须知],春暖花开，阳光明媚，正是游园的好时节，界园欢迎各地游客前来参观游览。,161775300,明日方舟,2025-04-27T11:00:00+00:00,2615315,138634,34228,30368,60620,16870,3509,https://www.bilibili.com/video/BV1J2jAziEm3,official_public_aggregate,exact_api,2026-09-11T22:17:31+00:00,animation_brand,False
BV1Q3LozKE8E,一分（多）钟看泰拉#2,"一分（多）钟看泰拉#2

一瓶瘤奶的时间了解一个泰拉知识，关注我的频道，大地的秘密等你来揭开。",161775300,明日方舟,2025-04-27T02:00:00+00:00,1686846,89524,12696,16837,7651,3705,1660,https://www.bilibili.com/video/BV1Q3LozKE8E,official_public_aggregate,exact_api,2026-09-11T22:18:37+00:00,other_official,False
BV1DGLozvEqX,《明日方舟》特别映像【罗德岛：明日】,"《明日方舟》特别映像【罗德岛：明日】

即使躯壳破碎，罗德岛也依然会存续下去。",161775300,明日方舟,2025-04-27T01:00:00+00:00,1151542,68306,12704,16432,4475,3911,1670,https://www.bilibili.com/video/BV1DGLozvEqX,official_public_aggregate,exact_api,2026-09-11T22:17:49+00:00,animation_brand,False
BV1pWLRzJECK,明日方舟 x Ave Mujica 联动前瞻预告,明日方舟 x Ave Mujica 联动sidestory筹备中🌙,161775300,明日方舟,2025-04-26T13:30:00+00:00,5506155,180773,31626,25199,120822,54542,61679,https://www.bilibili.com/video/BV1pWLRzJECK,official_public_aggregate,exact_api,2026-09-11T22:18:25+00:00,other_official,False
BV145LRzxEfK,《明日方舟》迷你剧《U探泰拉》定档PV,"开播啦————来跟随最专业、最宠粉的主播打卡泰拉大地吧！直播事故？才没有这回事呢！
《明日方舟》衍生迷你剧《U探泰拉》正式PV上线。
动画将于2025年5月16日（周五）20:00正式上线，敬请锁定追番！
更多情报内容，欢迎博士们持续关注官方自媒体账号。

各位博士别忘了4月28日20：00点击追番哦~",161775300,明日方舟,2025-04-26T13:15:00+00:00,383196,36132,5195,3984,1277,973,296,https://www.bilibili.com/video/BV145LRzxEfK,official_public_aggregate,exact_api,2026-09-11T22:17:35+00:00,other_pv,False
BV1rtLRz2Evr,主线动画《明日方舟：焰烬曙明》定档PV,"主线动画《明日方舟：焰烬曙明》定档PV

我绝不会，再让你伤害这片大地上的任何人。
主线动画《明日方舟：焰烬曙明》将于2025年7月4日22:30正式上线。

更多情报公开请持续关注官方自媒体账号。",161775300,明日方舟,2025-04-26T13:10:00+00:00,524239,41612,8539,6447,4622,1611,776,https://www.bilibili.com/video/BV1rtLRz2Evr,official_public_aggregate,exact_api,2026-09-11T22:18:48+00:00,animation_brand,False
BV1mdLnz8Ez7,《明日方舟》× 名创优品「绒梦畅想会」合作宣传PV,"《明日方舟》× 名创优品「绒梦畅想会」合作宣传PV

软绒入梦，暖趣相逢。
明日方舟携手@MINISO名创优品  ，邀博士共享治愈时光。

更多活动详情，请关注名创优品官方自媒体账号。",161775300,明日方舟,2025-04-26T13:05:00+00:00,1478482,69783,6084,11182,11404,2893,981,https://www.bilibili.com/video/BV1mdLnz8Ez7,official_public_aggregate,exact_api,2026-09-02T18:57:16.582302+08:00,,
BV1X4LdzKEzg,《明日方舟》「争锋频道：青草城」宣传PV,"《明日方舟》「争锋频道：青草城」宣传PV

「争锋频道：青草城」限时活动开启
关卡开放时间：04月26日 21:30 - 05月12日 03:59
解锁条件：通关主线1-10
活动说明：活动期间，玩家可通过参与活动关卡、完成每日活跃获取【争锋大礼花】，提升【青草计划】等级获取相应活动奖励
 
【青草计划】开放时间：04月26日 21:30 - 05月15日 03:59
【青草计划】主要奖励：活动家具、活动头像、模组养成材料、高级养成素材、作战记录、龙门币等
 
◆详细活动玩法介绍请关注后续官方自媒体相关内",161775300,明日方舟,2025-04-26T12:20:00+00:00,1210321,56360,9263,10610,6714,3767,883,https://www.bilibili.com/video/BV1X4LdzKEzg,official_public_aggregate,exact_api,2026-09-11T22:18:11+00:00,other_pv,False
BV15HLdz6E99,《明日方舟》六周年庆典活动宣传PV,"《明日方舟》六周年庆典即将开启

“若祈祷无用，那我们因何祈祷？”

————————————
详细活动内容敬请关注《明日方舟》官网及游戏内相关公告。",161775300,明日方舟,2025-04-26T11:50:00+00:00,5103859,162347,89444,58865,58769,15605,34645,https://www.bilibili.com/video/BV15HLdz6E99,official_public_aggregate,exact_api,2026-09-11T22:18:48+00:00,event_pv,False
BV1gYLdzAEYW,《明日方舟》SideStory「众生行记」活动先导PV,"《明日方舟》SideStory「众生行记」活动先导PV

灾异当头
任何人都会渴望秩序
拉特兰的秩序

————————————
详细活动内容敬请关注《明日方舟》官网及游戏内相关公告。",161775300,明日方舟,2025-04-26T11:45:00+00:00,2290342,112496,44010,40431,31686,6240,15253,https://www.bilibili.com/video/BV1gYLdzAEYW,official_public_aggregate,exact_api,2026-09-11T22:18:39+00:00,event_pv,False
BV1XjoWYBE1u,《明日方舟》EP - From Ash to Fire,"4月15日 From Ash to Fire 正式上架塞壬唱片官网，QQ音乐及网易云音乐等平台

塞壬唱片官网链接：https://monster-siren.hypergryph.com/music/697604

【专辑介绍】
塞壬唱片-MSR音乐系列《人物》，三期上线。
我自踏薪而行。

【歌曲列表】
From Ash to Fire
From Ash to Fire (Instrumental)",161775300,明日方舟,2025-04-15T03:01:55+00:00,1372847,98772,39172,34117,18778,7255,13885,https://www.bilibili.com/video/BV1XjoWYBE1u,official_public_aggregate,exact_api,2026-09-11T22:18:26+00:00,music_ep,False
BV131R2YcEuc,《明日方舟》EP - Skeletal Wings,"4月7日 Skeletal Wings 正式上架塞壬唱片官网，QQ音乐及网易云音乐等平台

塞壬唱片官网链接：https://monster-siren.hypergryph.com/music/461130

【专辑介绍】
风掠过时间的潮汐，携回忆嵌入遗尘漫长。
骨翼铭刻昨日，丈量未竟远方。

【歌曲列表】
Skeletal Wings
Skeletal Wings (Instrumental)",161775300,明日方舟,2025-04-07T08:01:07+00:00,1985072,110865,49219,48780,8243,11526,7468,https://www.bilibili.com/video/BV131R2YcEuc,official_public_aggregate,exact_api,2026-09-11T22:18:44+00:00,music_ep,False
BV1rXdcYQEFE,《明日方舟》干员「Mon3tr」技能展示PV,"《明日方舟》干员「Mon3tr」技能展示PV
“我正在抓紧适应自己的工作和职责，我会在我们重逢之前准备好。”

————————————
《明日方舟》主题曲【离解复合】即将开放
更多活动详情内容详见官方自媒体账号。",161775300,明日方舟,2025-04-06T03:00:00+00:00,2447636,136781,24120,14275,54731,16891,14780,https://www.bilibili.com/video/BV1rXdcYQEFE,official_public_aggregate,exact_api,2026-09-11T22:17:31+00:00,operator_pv,False
BV1dWfgYVEeu,《明日方舟》主题曲【离解复合】开放 限时纪念活动宣传pv,"主题曲【离解复合】开放，限时纪念活动开启

“总有一天，你会理解这艘罗德岛所承载的意义是什么。”
“这是你做出的选择，这是我们最后的希望。”

————————————
详细活动内容敬请关注《明日方舟》官网及游戏内相关公告。",161775300,明日方舟,2025-04-03T03:00:00+00:00,4868689,153478,67356,34434,61860,23217,32483,https://www.bilibili.com/video/BV1dWfgYVEeu,official_public_aggregate,exact_api,2026-09-11T22:18:35+00:00,event_pv,False
BV1NLZHYxEdH,《ARK no NIGHTS》即将上映,"《ARK no NIGHTS》即将上映

详细活动玩法介绍请关注后续官方自媒体相关内容。",161775300,明日方舟,2025-04-01T02:00:00+00:00,2238267,162914,50956,26238,56556,13539,12799,https://www.bilibili.com/video/BV1NLZHYxEdH,official_public_aggregate,exact_api,2026-09-11T22:17:15+00:00,other_official,False
BV1A4oQYiEwj,「2025明日方舟音律联觉-熠曲丰碑」情报公开,"「2025明日方舟音律联觉-熠曲丰碑」活动情报正式公开！
详细活动专题页及票务信息将会于近期发布，请持续关注@明日方舟 

旋律 化为时光针脚
红毯 铺就星辉长廊
当月色坠入香槟杯
聚光灯下
音乐，是永不褪色的定制之艺

一、「2025明日方舟音律联觉-熠曲丰碑」
【活动地点】
上海|梅赛德斯-奔驰文化中心（上海市浦东新区世博大道1200号）
【活动时间】
「熠曲丰碑-日场」：5月1日-5月4日12:00
「熠曲丰碑-夜场」：5月1日-5月4日19:30
【温馨提醒】
*「2025明日方舟音律联觉-熠曲丰",161775300,明日方舟,2025-03-28T03:01:39+00:00,1428554,85349,26319,14537,41173,10964,6612,https://www.bilibili.com/video/BV1A4oQYiEwj,official_public_aggregate,exact_api,2026-09-11T22:17:16+00:00,offline_event,False
BV1P5ZMYUEnM,「2025明日方舟音律联觉-熠曲丰碑」先导预告公开,"「2025明日方舟音律联觉-熠曲丰碑」先导预告公开

“悄然奏响的，尘封记忆中共属于你我的旋律，跨越岁月的低语，正诉说着过去与未来的相遇。”
“它悄无声息地穿透时光的边界，让每段旋律久久回响，成为我们不曾遗忘的足迹。”

活动详情及票务信息将于近期发布，请持续关注@明日方舟 。",161775300,明日方舟,2025-03-27T03:00:00+00:00,1723920,130793,47995,26459,55547,13719,9184,https://www.bilibili.com/video/BV1P5ZMYUEnM,official_public_aggregate,exact_api,2026-09-11T22:17:25+00:00,event_pv,False
BV1N7QNYtEuo,《明日方舟》「促融共竞#1」宣传PV,《明日方舟》「促融共竞#1」宣传PV,161775300,明日方舟,2025-03-17T03:00:00+00:00,1180239,89965,18440,11186,38281,12388,13459,https://www.bilibili.com/video/BV1N7QNYtEuo,official_public_aggregate,exact_api,2026-09-02T18:57:04.878634+08:00,,
BV1X49CYQEZt,《明日方舟》EP - Final Embrace,"3 月 7 日 Final Embrace 正式上架塞壬唱片官网，QQ音乐及网易云音乐等平台
塞壬唱片官网链接：https://monster-siren.hypergryph.com/music/125053

【专辑介绍】
来吧，来吧，骨骸溺于静谧，灵魂坠入永夜。
不再畏惧深渊，你终将于永恒再度睁眼。

【歌曲列表】
Final Embrace
Final Embrace (Instrumental)",161775300,明日方舟,2025-03-07T02:58:22+00:00,952463,52768,17083,17075,4818,28249,4185,https://www.bilibili.com/video/BV1X49CYQEZt,official_public_aggregate,exact_api,2026-09-11T22:18:37+00:00,music_ep,False
BV1Zj9nYcEvM,《明日方舟》干员「死芒」技能展示PV,"《明日方舟》干员「死芒」技能展示PV
 “人们哀悼死亡，而死亡从不哀悼。”

————————————
《明日方舟》SideStory「挽歌燃烧殆尽」活动即将开启
更多活动详情内容详见官方自媒体账号。",161775300,明日方舟,2025-03-04T09:45:00+00:00,1863500,86248,13258,7602,42825,47061,14210,https://www.bilibili.com/video/BV1Zj9nYcEvM,official_public_aggregate,exact_api,2026-09-11T22:17:31+00:00,operator_pv,False
BV1rR93YVEnU,《明日方舟》SideStory「挽歌燃烧殆尽」活动宣传PV,"《明日方舟》SideStory「挽歌燃烧殆尽」活动即将开启

苦啤酒，一杯、两杯、三杯，浇熄彷徨，助燃拼凑故事的欲望。于是——
“红龙回到王城，挫败阴谋作乱者，击溃与自己有着相似面庞的仇敌，皆大欢喜。”
......不，故事不该这样讲述。

————————————
更多活动详情内容详见游戏内公告及官方自媒体账号。",161775300,明日方舟,2025-03-01T03:00:00+00:00,2639111,115115,31761,14987,45363,10489,22216,https://www.bilibili.com/video/BV1rR93YVEnU,official_public_aggregate,exact_api,2026-09-11T22:17:26+00:00,event_pv,False
BV1FzKwe2Eig,《明日方舟》EP - Epilogue,"2 月 14 日 Epilogue 正式上架塞壬唱片官网，QQ音乐及网易云音乐等平台
塞壬唱片官网链接：https://monster-siren.hypergryph.com/music/306898

【专辑介绍】
她走过消逝的足迹，故事的主人早已离席。
赤色涟漪与指尖相触，碎裂的旧日被织入不被遗忘的篇章，温热如初。

【歌曲列表】
Epilogue",161775300,明日方舟,2025-02-14T03:00:00+00:00,1297824,77498,22996,25948,9635,5841,7634,https://www.bilibili.com/video/BV1FzKwe2Eig,official_public_aggregate,exact_api,2026-09-11T22:18:43+00:00,music_ep,False
BV1KzNVepE1Q,《明日方舟》全新故事「我们明日见」活动宣传PV,"故事集「我们明日见」即将开启

“......她们会渡船而来，我们明日见。”

———————————— 
详细活动内容敬请关注《明日方舟》官方公告。",161775300,明日方舟,2025-02-09T03:00:00+00:00,2564721,119071,26227,15025,45081,13988,18446,https://www.bilibili.com/video/BV1KzNVepE1Q,official_public_aggregate,exact_api,2026-09-11T22:17:31+00:00,event_pv,False
BV1znfZYDE8n,《明日方舟》危机合约第3赛季「净罪作战」宣传PV,罪恶与仇恨终会崩解为晶尘，然后随风消散。,161775300,明日方舟,2025-01-31T03:00:00+00:00,2085136,116134,33007,18845,38050,18933,14400,https://www.bilibili.com/video/BV1znfZYDE8n,official_public_aggregate,exact_api,2026-09-11T22:17:31+00:00,gameplay_system,False
BV1r7fZYXEtP,《明日方舟》EP - 此时圆,"1 月 29 日 此时圆 正式上架塞壬唱片官网，QQ音乐及网易云音乐等平台

塞壬唱片官网链接：https://monster-siren.hypergryph.com/music/880316

【专辑介绍】
人间万事多如意，岁岁常如此时圆。

【歌曲列表】
此时圆",161775300,明日方舟,2025-01-29T03:00:00+00:00,850160,74081,16790,16607,4147,4748,6295,https://www.bilibili.com/video/BV1r7fZYXEtP,official_public_aggregate,exact_api,2026-09-11T22:17:42+00:00,music_ep,False
BV1tDftYUE1S,《明日方舟》EP - 滋味常,"1 月 22 日 滋味常 正式上架塞壬唱片官网，QQ音乐及网易云音乐等平台
塞壬唱片官网链接：https://monster-siren.hypergryph.com/music/461134

【专辑介绍】
酸甜苦辣皆成景，滋味无边却蕴情。

【歌曲列表】
滋味常",161775300,明日方舟,2025-01-22T02:58:27+00:00,1239781,46913,11804,11491,13259,14258,7606,https://www.bilibili.com/video/BV1tDftYUE1S,official_public_aggregate,exact_api,2026-09-11T22:18:37+00:00,music_ep,False
BV1jDw1eWEZX,《明日方舟》限定干员「余」前瞻PV,"《明日方舟》限定干员「余」前瞻PV

这人世苦啊，数不尽的天灾人祸，逃不过的生老病死。
可是这人世也美啊，永远有薪火相传，永远是生生不息。",161775300,明日方舟,2025-01-20T02:03:47+00:00,1044491,76561,23671,14741,8893,5345,12781,https://www.bilibili.com/video/BV1jDw1eWEZX,official_public_aggregate,exact_api,2026-09-11T22:17:39+00:00,operator_pv,False
BV1YxwKeTE4t,《明日方舟》2025新春前瞻特辑视频,"《明日方舟》2025新春前瞻特辑现已结束，感谢大家的支持。本次新春前瞻特辑视频现已上传。

————————————
更多活动详情内容详见游戏内公告及官方账号。",161775300,明日方舟,2025-01-18T12:35:00+00:00,1097814,58743,16410,8138,5043,6101,15121,https://www.bilibili.com/video/BV1YxwKeTE4t,official_public_aggregate,exact_api,2026-09-11T22:17:59+00:00,other_official,False
BV1FZcoesEM9,《明日方舟》「灶暖味常」特别公益PV,"《明日方舟》「灶暖味常」特别公益PV

余暖常存，滋味百家。
鹰角网络谨代表全体明日方舟玩家，向四川省自贡市荣县四所乡村学校314名学生提供全年午餐供应，关注留守儿童的健康与成长。
特别鸣谢：﻿@中国社会福利基金会   ﻿@免费午餐公益项目",161775300,明日方舟,2025-01-18T12:25:00+00:00,790160,122858,75716,16975,5661,4151,6621,https://www.bilibili.com/video/BV1FZcoesEM9,official_public_aggregate,exact_api,2026-09-11T22:17:49+00:00,animation_brand,False
BV1fVcRe1EXu,《明日方舟》× 支付宝「新春瑞途，绿色出行」合作宣传PV,"《明日方舟》× 支付宝「新春瑞途，绿色出行」合作宣传PV

新岁初始，低碳相伴每一步。
明日方舟携手@支付宝Alipay  ，与博士同行绿色环保之路。",161775300,明日方舟,2025-01-18T12:15:00+00:00,413760,34807,4756,3809,3156,1307,1730,https://www.bilibili.com/video/BV1fVcRe1EXu,official_public_aggregate,exact_api,2026-09-11T22:18:14+00:00,other_pv,False
BV1KowAeJEei,《明日方舟》SideStory「相见欢」活动宣传PV,"《明日方舟》SideStory「相见欢」活动即将开启

无论操心的是家长里短，还是经国大业，上了饭桌都不过是一双筷子的事。
人活着，哪有不好好吃饭的道理？饭点到了，快洗洗手去，准备开饭——

————————————
更多活动详情内容详见游戏内公告及官方账号。",161775300,明日方舟,2025-01-18T11:50:00+00:00,2096986,72719,27522,13589,12139,7591,15483,https://www.bilibili.com/video/BV1KowAeJEei,official_public_aggregate,exact_api,2026-09-11T22:18:17+00:00,event_pv,False
BV1k1cRe9EZp,《明日方舟》SideStory「相见欢」活动先导PV,"《明日方舟》SideStory「相见欢」活动先导PV

是谁说的“君子远庖厨”？
“这厨房里的事，明明就是世上最大的事。”",161775300,明日方舟,2025-01-18T11:40:00+00:00,976249,61734,20118,13468,10214,5509,6091,https://www.bilibili.com/video/BV1k1cRe9EZp,official_public_aggregate,exact_api,2026-09-11T22:17:54+00:00,event_pv,False
BV1s8cxeGEHs,主线动画《明日方舟：焰烬曙明》先导PV2,"在那个尽头，我会静待她的到来。
主线动画《明日方舟：焰烬曙明》预计将于2025年上线！",161775300,明日方舟,2025-01-11T08:40:00+00:00,698919,63446,11237,6228,9866,4053,4651,https://www.bilibili.com/video/BV1s8cxeGEHs,official_public_aggregate,exact_api,2026-09-02T18:54:34.365314+08:00,,
BV1xwrHYjEum,《明日方舟》集成战略「萨卡兹的无终奇语」内容拓展·二 宣传PV,"《明日方舟》集成战略「萨卡兹的无终奇语」内容拓展·二 宣传PV

“我们失去了很多才走到今天。”
“有时候我会问自己，这一切真的值得么....？”",161775300,明日方舟,2025-01-04T03:00:00+00:00,2179444,113408,29431,17801,29896,9232,6687,https://www.bilibili.com/video/BV1xwrHYjEum,official_public_aggregate,exact_api,2026-09-11T22:18:05+00:00,gameplay_system,False
BV1VGk9YXE67,《明日方舟》EP - Tranquil Snow,"12 月 24 日 Tranquil Snow 正式上架塞壬唱片官网，网易云音乐及QQ音乐等平台

塞壬唱片官网链接：https://monster-siren.hypergryph.com/music/306899

【专辑介绍】
目光沉于雪山的苍茫，
听银铃余音点缀落雪，见无垠白原映照茜色。
回望来时路，纵使歧路交错，起点仍归于同一山麓。

【歌曲列表】
Tranquil Snow",161775300,明日方舟,2024-12-24T09:00:00+00:00,719382,74412,18848,17246,7278,4339,5032,https://www.bilibili.com/video/BV1VGk9YXE67,official_public_aggregate,exact_api,2026-09-11T22:18:37+00:00,music_ep,False
BV1dFCGYCEvN,「时光的赠礼」特别纪念PV,爱与愿相织，星辉缀梦，落入时光。,161775300,明日方舟,2024-12-23T12:25:00+00:00,2433793,280856,196358,77810,25887,14715,54779,https://www.bilibili.com/video/BV1dFCGYCEvN,official_public_aggregate,exact_api,2026-09-11T22:17:30+00:00,other_pv,False
BV13RC5YyEuA,「特别的一天」纪念录像,"“从前也好，之后也好，我们都还会如此。”
阿米娅，生日快乐。",161775300,明日方舟,2024-12-23T12:25:00+00:00,1859325,259013,193290,79887,22294,14892,115729,https://www.bilibili.com/video/BV13RC5YyEuA,official_public_aggregate,exact_api,2026-09-11T22:17:32+00:00,other_official,False
BV1zUkvYLEAn,《明日方舟》EP - WE,"12 月 22 日 WE 正式上架塞壬唱片官网，网易云音乐及QQ音乐等平台
塞壬唱片官网链接：https://monster-siren.hypergryph.com/music/232240

【专辑介绍】
塞壬唱片-MSR全新音乐系列《人物》，二期呈现。
往昔熔铸理想，残阳存续辉光。
小小航灯照耀，未来花海盛放。

【歌曲列表】
WE",161775300,明日方舟,2024-12-22T06:00:00+00:00,1575612,129283,53487,43697,16739,5701,14992,https://www.bilibili.com/video/BV1zUkvYLEAn,official_public_aggregate,exact_api,2026-09-11T22:18:47+00:00,music_ep,False
BV1khiZYeEDn,《明日方舟》× 中国电影资料馆「留影烁今」合作宣传PV,"《明日方舟》× 中国电影资料馆「留影烁今」合作宣传PV
拂尘经典，辉映长存。
明日方舟携手中国电影资料馆，邀您修复旧时光，重烁时代光影。",161775300,明日方舟,2024-12-06T03:00:00+00:00,1908224,102784,29381,17277,37299,11435,10062,https://www.bilibili.com/video/BV1khiZYeEDn,official_public_aggregate,exact_api,2026-09-11T22:17:49+00:00,other_pv,False
BV1XFiQYhEEr,《明日方舟》EP - Sailing For,"12月05日 Sailing For 正式上架塞壬唱片官网，QQ音乐及网易云音乐等平台
塞壬唱片官网链接：https://monster-siren.hypergryph.com/music/880317

【专辑介绍】
我常自问前路，我竟为何而航。
当我把海给呼唤，当我们乘风破浪，
当伊比利亚不再只是故乡，
我便不再疑问，我要航向何方。

【歌曲列表】
Sailing For",161775300,明日方舟,2024-12-05T03:00:00+00:00,891423,63372,23367,20671,7043,5612,4384,https://www.bilibili.com/video/BV1XFiQYhEEr,official_public_aggregate,exact_api,2026-09-11T22:18:37+00:00,music_ep,False
BV1EbzLY2EbG,《明日方舟》SideStory「出苍白海」活动宣传PV,"《明日方舟》SideStory「出苍白海」活动宣传PV

“起航，起航！
“脑袋从酒桶里抽出来，屁股从吊床上拔起来！
“收起锚，升起帆！
“我们走出苍白的海，我们奔向湛蓝的海！”",161775300,明日方舟,2024-11-30T03:00:00+00:00,3146741,138420,46987,20671,54302,17088,32005,https://www.bilibili.com/video/BV1EbzLY2EbG,official_public_aggregate,exact_api,2026-09-02T18:57:37.585855+08:00,,
BV1WjmyYoE7d,《明日方舟》[卫戍协议] 宣传PV,,161775300,明日方舟,2024-11-11T03:01:44+00:00,1299350,76381,11268,7977,15781,17994,5751,https://www.bilibili.com/video/BV1WjmyYoE7d,official_public_aggregate,exact_api,2026-09-11T22:18:25+00:00,other_pv,False
BV11tSkYtEEJ,《明日方舟》EP - Figure It Out,"11月03日 Figure It Out 正式上架塞壬唱片官网，QQ音乐及网易云音乐等平台
塞壬唱片官网链接：https://monster-siren.hypergryph.com/music/048784

【专辑介绍】
苦恨生发的宽恕，穿透命运的盲目。
行走于无尽长路，我们不过只曾迷途。

【歌曲列表】
Figure It Out",161775300,明日方舟,2024-11-03T03:00:00+00:00,644899,45748,11779,12988,2038,25171,12176,https://www.bilibili.com/video/BV11tSkYtEEJ,official_public_aggregate,exact_api,2026-09-02T18:57:06.422974+08:00,,
BV12dSfYVEac,《明日方舟》EP - Bloodstained Oath,"11月02日 Bloodstained Oath 正式上架塞壬唱片官网，QQ音乐及网易云音乐等平台
塞壬唱片官网链接：https://monster-siren.hypergryph.com/music/514529

【专辑介绍】
刀锋浸透猩红，精准如滴答挂钟。
沉默应答，体面落幕，是她赠予的终别礼物。

【歌曲列表】
Bloodstained Oath",161775300,明日方舟,2024-11-02T03:00:00+00:00,570299,46205,11483,12695,1676,2093,1123,https://www.bilibili.com/video/BV12dSfYVEac,official_public_aggregate,exact_api,2026-09-11T22:18:43+00:00,music_ep,False
BV1vUS9YCET7,《明日方舟》EP - Unmask,"11月01日 Unmask 正式上架塞壬唱片官网，QQ音乐及网易云音乐等平台
塞壬唱片官网链接：https://monster-siren.hypergryph.com/music/232242  

【专辑介绍】
夹起尾巴逃窜，亦或露出獠牙？
看那理性的疯狂，别有一番精彩。
撕碎遮掩懦弱的假面，颠覆书写好的表演！
来吧，来吧！嘲弄！破坏！好戏——即将开演。

【歌曲列表】
Unmask",161775300,明日方舟,2024-11-01T02:58:27+00:00,1369603,91010,49335,41336,10457,4958,10561,https://www.bilibili.com/video/BV1vUS9YCET7,official_public_aggregate,exact_api,2026-09-11T22:17:20+00:00,music_ep,False
BV1KPSnYvE1H,《明日方舟》2024「感谢庆典」特别直播节目（附字幕）,再次感谢大家的支持，关于《明日方舟》2024「感谢庆典」更多活动详情详见官网、游戏内公告及官方自媒体账号。,161775300,明日方舟,2024-10-31T08:43:48+00:00,462072,32334,7902,5608,1226,1825,3310,https://www.bilibili.com/video/BV1KPSnYvE1H,official_public_aggregate,exact_api,2026-09-11T22:18:06+00:00,other_official,False
BV1hXS7YNEnf,《明日方舟》2024「感谢庆典」声优祝福,"'-特别感谢-

（以下排名不分先后）

季冠霖 徐晨 曾彤 徐慧
李嘉祥 高山南 田所梓
名塚佳织 福山润 小西克幸

来自各位老师们为本次《明日方舟》2024「感谢庆典」送上的祝福。
非常感谢老师们的祝福与认可！",161775300,明日方舟,2024-10-31T07:01:34+00:00,371860,38002,6424,5851,1541,1898,2289,https://www.bilibili.com/video/BV1hXS7YNEnf,official_public_aggregate,exact_api,2026-09-02T18:57:43.803277+08:00,,
BV1HfSeYNEoZ,《明日方舟》限定干员「荒芜拉普兰德」前瞻PV,这一次，我给你们准备了好玩的问题。告诉我，狼群还在吗？,161775300,明日方舟,2024-10-30T03:00:03+00:00,1208466,85075,31350,19872,9485,4253,14774,https://www.bilibili.com/video/BV1HfSeYNEoZ,official_public_aggregate,exact_api,2026-09-11T22:17:33+00:00,operator_pv,False
BV1iq13YjEMt,一分（多）钟看泰拉,用一包薯片的时间了解一个新知识，关注我的频道，大地的秘密等你来揭开。,161775300,明日方舟,2024-10-28T02:00:00+00:00,978308,68475,11604,12839,3466,1967,1296,https://www.bilibili.com/video/BV1iq13YjEMt,official_public_aggregate,exact_api,2026-09-11T22:18:12+00:00,other_official,False
BV1Lu1bY8EhJ,《明日方舟》特别映像[伊比利亚：炼金与征服],"但那都是过去了。
现在的伊比利亚没人需要出海，炼金术......也只是“贪婪的象征”罢了。",161775300,明日方舟,2024-10-27T03:00:00+00:00,709975,56619,12950,11154,7618,3044,1180,https://www.bilibili.com/video/BV1Lu1bY8EhJ,official_public_aggregate,exact_api,2026-09-02T18:57:04.096719+08:00,,
BV1Ty1tY2E9K,《明日方舟》特别映像[兽主：无形的同行者],「多利，你该管管你的羊崽子！」,161775300,明日方舟,2024-10-27T02:00:00+00:00,606852,47357,7585,7750,3865,2250,849,https://www.bilibili.com/video/BV1Ty1tY2E9K,official_public_aggregate,exact_api,2026-09-02T18:57:04.096719+08:00,,
BV1vN14YWEk1,求索泰拉 INVESTIGATED TERRA,,161775300,明日方舟,2024-10-26T13:30:00+00:00,760608,51952,14264,13516,4341,2746,1890,https://www.bilibili.com/video/BV1vN14YWEk1,official_public_aggregate,exact_api,2026-09-11T22:17:21+00:00,other_official,False
BV1y21xYiE7b,「2025明日方舟音律联觉-熠曲丰碑」金曲评选活动,"音律联觉五周年？值得我亲自站出来。
我，大帝，掌控节奏与旋律的帝王，泰拉音乐的唯一霸主，
将为这次盛会加冕——金曲评选。
三十首经典，千挑万选，只能有五首配得上最后的荣耀！
这至高无上的抉择权，我愿慷慨地赐予你。
凭直觉，选出那首能让整个泰拉为之震颤的节奏！
但别急，真正的巅峰之音，还留在现场引爆！
我相信你的品味，别搞砸了，博士。
——————————————————————————————————————————————
综合多方面因素，塞壬乐评组从塞壬唱片截至2024年4月前所有发行曲目中精心挑选出",161775300,明日方舟,2024-10-26T13:25:00+00:00,475157,36102,5146,3860,1427,3770,337,https://www.bilibili.com/video/BV1y21xYiE7b,official_public_aggregate,exact_api,2026-09-11T22:17:35+00:00,offline_event,False
BV18L14Y2E9T,《U探泰拉》PV,"10月27号12:00，解锁“谢拉格的商单”。
更多内容，欢迎博士们持续关注《明日方舟》官方自媒体账号。",161775300,明日方舟,2024-10-26T13:20:00+00:00,557237,42521,7127,5911,1782,1259,544,https://www.bilibili.com/video/BV18L14Y2E9T,official_public_aggregate,exact_api,2026-09-02T18:57:04.096719+08:00,,
BV1mi1WYvEjr,明日方舟×中国电影资料馆「留影烁今」合作先导预告,"「片头的剪辑还顺利吗？」
「明天要一起看初剪了，没忘记吧小兔子！」
被年导拉来做剪辑的阿米娅，正在努力地把年构想的画面「镌刻」在35mm胶片上
浮光流转，留影烁今，有人曾说电影发明以后，人类的生命至少比以前延长了三倍。明日方舟携手@中国电影资料馆 ，共同保护经典中国电影，在科技助力下重焕光影的魅力。",161775300,明日方舟,2024-10-26T13:10:00+00:00,696862,66348,12118,12472,5061,1830,3821,https://www.bilibili.com/video/BV1mi1WYvEjr,official_public_aggregate,exact_api,2026-09-11T22:18:14+00:00,event_pv,False
BV1Sa1WYuEo4,《明日方舟》2024「感谢庆典」活动宣传PV,"《明日方舟》2024「感谢庆典」活动宣传PV

戴上面具，穿好礼服，藏在街巷的好戏马上就要开演。
来吧，别那么无聊——你们可能是最不“狂欢节”的一群人了！",161775300,明日方舟,2024-10-26T12:15:00+00:00,2794441,102483,50336,25167,21115,7961,27923,https://www.bilibili.com/video/BV1Sa1WYuEo4,official_public_aggregate,exact_api,2026-09-11T22:18:06+00:00,event_pv,False
BV1Nr1WYAEGL,《明日方舟》SideStory「揭幕者们」活动先导PV,"《明日方舟》SideStory「揭幕者们」活动先导PV

别在我耳边念叨什么文明，什么荒野......
我只好奇——他们到底要如何揭开这大幕！",161775300,明日方舟,2024-10-26T12:10:00+00:00,1581488,83573,36010,28376,20131,3941,11744,https://www.bilibili.com/video/BV1Nr1WYAEGL,official_public_aggregate,exact_api,2026-09-11T22:17:33+00:00,event_pv,False
BV1n62AYKEYA,《明日方舟》SideStory「追迹日落以西」概念pv,"维娜·维多利亚，
以议长的名义向你们宣誓......
若旧日的旗帜不再庇护她的子民，
我愿持剑向前。",161775300,明日方舟,2024-10-09T11:31:31+00:00,621848,55152,12533,8674,3067,3032,1469,https://www.bilibili.com/video/BV1n62AYKEYA,official_public_aggregate,exact_api,2026-09-11T22:18:25+00:00,event_pv,False
BV1px4je5E24,《明日方舟》EP - Reforge,"10月09日 Reforge 正式上架塞壬唱片官网，QQ音乐及网易云音乐等平台

塞壬唱片官网链接：https://monster-siren.hypergryph.com/music/953965

【专辑介绍】
旧章终结，余音浸满前路。
剑自不屈中重铸，呼喊撕裂沉寂：
维多利亚，维多利亚。

【歌曲列表】
Reforge",161775300,明日方舟,2024-10-09T03:00:00+00:00,876174,74516,26204,19075,6175,5061,5945,https://www.bilibili.com/video/BV1px4je5E24,official_public_aggregate,exact_api,2026-09-02T18:57:06.422974+08:00,,
BV1YP4jebEST,《明日方舟》干员「维娜·维多利亚」前瞻PV,当传说的余晖散尽，我们自身即是希望的火种。,161775300,明日方舟,2024-10-05T03:00:00+00:00,2099794,147181,61746,27544,47867,9526,10457,https://www.bilibili.com/video/BV1YP4jebEST,official_public_aggregate,exact_api,2026-09-11T22:17:31+00:00,operator_pv,False
BV1A14KeDEmW,《明日方舟》SideStory「追迹日落以西」活动宣传PV,"SideStory「追迹日落以西」限时活动即将开启

绵延千年的古老帝国，连落日余晖都是那样耀眼。
谁在其中瞥见一种终结，谁在其中看见一条道路？

———————————— 
详细活动内容敬请关注《明日方舟》官网及游戏内相关公告。",161775300,明日方舟,2024-10-02T03:03:59+00:00,3404903,163479,59383,23411,74080,17504,21186,https://www.bilibili.com/video/BV1A14KeDEmW,official_public_aggregate,exact_api,2026-09-11T22:18:00+00:00,event_pv,False
BV1ZW421Q7PC,【明日方舟×迷宫饭】SideStory「泰拉饭」活动宣传PV,"【明日方舟×迷宫饭】SideStory「泰拉饭」限时活动即将开启

迷宫里......竟然存在这样的地方？
源石？泰拉？罗德岛？这些都是什么东西啦！
比搞不清楚状况还要可怕的......是营养不足！
“不是吃，就是被吃”的道理在这里也行得通吧？
收拾好刀剑和法杖，也别忘了锅、铲还有调料！
准备好了吗，我们可要开动了！

———————————— 
详细活动内容敬请关注《明日方舟》官网及游戏内相关公告。",161775300,明日方舟,2024-08-28T02:58:54+00:00,3159697,185058,60117,26526,85470,18365,20397,https://www.bilibili.com/video/BV1ZW421Q7PC,official_public_aggregate,exact_api,2026-09-11T22:18:48+00:00,event_pv,False
BV1hn4y1f7Dp,明日方舟x迷宫饭 Sidestory「泰拉饭」先导预告,一切就绪，准备开饭！不过等等……这是什么啊？！,161775300,明日方舟,2024-08-27T06:56:16+00:00,1648110,132301,23124,12236,49916,11678,3788,https://www.bilibili.com/video/BV1hn4y1f7Dp,official_public_aggregate,exact_api,2026-09-02T18:57:28.278486+08:00,,
BV1c4421f7T1,《明日方舟》EP - Nightmare's Descent,"8月2日 Nightmare's Descent 正式上架塞壬唱片官网，网易云音乐及QQ音乐等平台
塞壬唱片官网链接：https://monster-siren.hypergryph.com/music/232244

【专辑介绍】
赤发摇曳，辉映飞沙。
夜幕低垂，听足音清脆，
她正行于自己的选择之上。

【歌曲列表】
Nightmare's Descent",161775300,明日方舟,2024-08-02T03:00:00+00:00,944129,71659,19139,21164,3947,2832,1810,https://www.bilibili.com/video/BV1c4421f7T1,official_public_aggregate,exact_api,2026-09-11T22:18:43+00:00,music_ep,False
BV1Ky411q7QC,《明日方舟》EP - Mystic Light Quest,"8月1日 Mystic Light Quest 正式上架塞壬唱片官网，网易云音乐及QQ音乐等平台
塞壬唱片官网链接：https://monster-siren.hypergryph.com/music/880310

【专辑介绍】
足陷黄沙也无妨，再次迈步，跟随指引未知的太阳。
倾听跨越光阴的回响，回应涌动的古老呼唤。
追寻低语的历史波澜，见奇迹绽放于璀璨。

【歌曲列表】
Mystic Light Quest",161775300,明日方舟,2024-08-01T03:01:55+00:00,10935697,554317,435955,299050,126052,45524,74875,https://www.bilibili.com/video/BV1Ky411q7QC,official_public_aggregate,exact_api,2026-09-11T22:18:48+00:00,music_ep,False
BV134421S7hP,《明日方舟》限定干员「佩佩」前瞻PV,我曾希望与河水一起向前奔涌，为此，我屏住呼吸，只为彻底地潜入河流之中......,161775300,明日方舟,2024-07-30T03:07:48+00:00,1479540,95261,19990,11256,6629,4508,7087,https://www.bilibili.com/video/BV134421S7hP,official_public_aggregate,exact_api,2026-09-02T18:57:32.158721+08:00,,
BV1Df421q7Qp,《明日方舟》2024夏日嘉年华特别通讯视频,"《明日方舟》2024夏日嘉年华特别通讯现已结束，感谢大家的支持。本次特别通讯视频现已上传。

再次感谢大家的支持。关于《明日方舟》2024夏日嘉年华限时活动详情内容详见官网、游戏内公告及官方自媒体账号。",161775300,明日方舟,2024-07-27T12:35:00+00:00,1356330,71902,20977,9323,5868,9220,26981,https://www.bilibili.com/video/BV1Df421q7Qp,official_public_aggregate,exact_api,2026-09-11T22:17:59+00:00,other_official,False
BV1t1421t7Pv,《明日方舟》2024「夏日嘉年华」限时活动宣传PV,"2024「夏日嘉年华」限时活动即将开启

河水啊，如果你流过，
那金色的沙丘，还有那干涸的谷地，
请允许我致以最诚挚的感谢，
感谢你为我们带来生机——
米纳特哈玛仪呵，
辉煌与不朽之地。
我们今日在此举起镶满宝石的酒杯，
敬大地慷慨的馈赠，
也敬亘古河流的情意。

————————————
详细活动内容敬请关注《明日方舟》官网及游戏内相关公告。",161775300,明日方舟,2024-07-27T11:50:00+00:00,2340215,81585,28561,13213,15799,10225,13011,https://www.bilibili.com/video/BV1t1421t7Pv,official_public_aggregate,exact_api,2026-09-11T22:17:59+00:00,event_pv,False
BV1Fy411q79k,《明日方舟》SideStory「太阳甩在身后」活动先导PV,"一座历史悠久的城市，会引来无数学者驻足。
……也迟早会发生一些“非自然事件”。",161775300,明日方舟,2024-07-27T11:45:00+00:00,1411877,84374,27798,19237,14596,3791,4600,https://www.bilibili.com/video/BV1Fy411q79k,official_public_aggregate,exact_api,2026-09-11T22:17:54+00:00,event_pv,False
BV1GM4m117mF,《明日方舟》2024「音律联觉-不觅浪尘」官方录播,2024明日方舟音律联觉-不觅浪尘官方录播已正式上线，本次录播bilibili大会员抢先观看1个月，后续可免费观看。,161775300,明日方舟,2024-07-25T04:00:01+00:00,9442400,141278,81958,59376,25318,8863,38439,https://www.bilibili.com/video/BV1GM4m117mF,official_public_aggregate,exact_api,2026-09-11T22:18:45+00:00,offline_event,False
BV1Em42137YL,2024明日方舟音律联觉-不觅浪尘官方录播即将上线！,"2024明日方舟音律联觉-不觅浪尘官方录播即将上线！

一、2024明日方舟音律联觉-不觅浪尘官方录播7月25日12:00将于bilibili独家上线，本次录播bilibili大会员抢先观看1个月，后续可免费观看。

二、2024明日方舟音律联觉-不觅浪尘原声EP将于2024年7月25日12:00正式上架塞壬唱片官网及QQ音乐。

三、2024明日方舟音律联觉-不觅浪尘 蓝光典藏礼盒即将开启预售，更多详情可关注@明日方舟朝陇山。

四、2024明日方舟音律联觉-不觅浪尘 名片礼包将于7月25日16:00限",161775300,明日方舟,2024-07-24T04:09:36+00:00,482680,35874,5213,1963,4540,2531,460,https://www.bilibili.com/video/BV1Em42137YL,official_public_aggregate,exact_api,2026-09-02T18:57:28.278486+08:00,,
BV1hS421R74X,《明日方舟》集成战略「萨卡兹的无终奇语」宣传PV · 玩法介绍,"《明日方舟》集成战略「萨卡兹的无终奇语」宣传PV · 玩法介绍

深呼吸，放轻松，把想象从理智中解放出来。
让“如果”成真，并不是件难事。

_____________
全新集成战略主题「萨卡兹的无终奇语」，即将开启

主题开启时间：2024年07月16日 16:00
主题官网链接：https://ak.hypergryph.com/is/furnacesidefables

更多「萨卡兹的无终奇语」集成战略主题内容，请持续关注《明日方舟》官方自媒体账号及「萨卡兹的无终奇语」集成战略主题官网。",161775300,明日方舟,2024-07-14T02:57:06+00:00,2101093,126152,47463,18953,34892,11512,27735,https://www.bilibili.com/video/BV1hS421R74X,official_public_aggregate,exact_api,2026-09-11T22:18:05+00:00,gameplay_system,False
BV1xb421n7BH,《明日方舟》EP - Warm and Small Light,"7月9日 Warm and Small Light 正式上架塞壬唱片官网，网易云音乐及QQ音乐等平台
塞壬唱片官网链接：https://monster-siren.hypergryph.com/music/048794

【专辑介绍】
眼眸盛满明亮，轻捧被遗忘的希望。
温暖而细腻的光芒，化开久不退散的阴暗。
夜空清澈，星点绽放，明天定会晴朗。

【歌曲列表】
Warm and Small Light",161775300,明日方舟,2024-07-09T03:39:27+00:00,1005347,76706,22277,21888,6486,3730,2445,https://www.bilibili.com/video/BV1xb421n7BH,official_public_aggregate,exact_api,2026-09-11T22:18:45+00:00,music_ep,False
BV1uZ421u78E,《明日方舟》全新故事「熔炉“还魂”记」活动宣传PV,"故事集「熔炉“还魂”记」即将开启

昨天夜里，魂灵熔炉打了个喷嚏，说明老祖宗们在挂念我们呢。
不过他们不用担心，卡兹戴尔会越来越好的。

———————————— 
详细活动内容敬请关注《明日方舟》官网及游戏内相关公告。",161775300,明日方舟,2024-07-03T03:03:39+00:00,2622124,120570,27593,12953,34887,11199,10571,https://www.bilibili.com/video/BV1uZ421u78E,official_public_aggregate,exact_api,2026-09-02T18:57:10.340949+08:00,,
BV1M4421Q7XF,《明日方舟》× 三丽鸥家族「虹彩茶会」合作宣传PV,"《明日方舟》× 三丽鸥家族「虹彩茶会」合作宣传PV

奇趣茶时，斑斓相耀。

明日方舟携手@Sanrio_三丽鸥 ，邀博士共赴茶会。",161775300,明日方舟,2024-06-13T02:59:02+00:00,1894426,166155,41055,23517,58436,10339,4613,https://www.bilibili.com/video/BV1M4421Q7XF,official_public_aggregate,exact_api,2026-09-11T22:17:25+00:00,other_pv,False
BV1Gy411z7WN,《明日方舟》EP - Chase the Light,"6月8日 Chase the Light 正式上架塞壬唱片官网，网易云音乐及QQ音乐等平台

塞壬唱片官网链接：https://monster-siren.hypergryph.com/music/306803

【专辑介绍】
收起散落回忆，转身奔向下个瞬间。
当未来地图展开，晨光摇曳，花团锦簇。

【歌曲列表】
Chase the Light",161775300,明日方舟,2024-06-08T08:57:33+00:00,1743381,169186,77061,53430,23609,8378,7880,https://www.bilibili.com/video/BV1Gy411z7WN,official_public_aggregate,exact_api,2026-09-11T22:18:41+00:00,music_ep,False
BV151421y7uH,《明日方舟》EP - Vows of the Sea,"6月5日 Vows of the Sea 正式上架塞壬唱片官网，网易云音乐及QQ音乐等平台
塞壬唱片官网链接：https://monster-siren.hypergryph.com/music/779488

【专辑介绍】
海潮低吟编织航标，独行者高歌破浪。
即使曙色难觅，黎明遥不可及。
依然永不止歇，朝着誓言的方向。

【歌曲列表】
Vows of the Sea",161775300,明日方舟,2024-06-05T04:01:46+00:00,2214231,122168,43275,50632,14392,5121,5360,https://www.bilibili.com/video/BV151421y7uH,official_public_aggregate,exact_api,2026-09-11T22:18:47+00:00,music_ep,False
BV1ED421377G,《明日方舟》SideStory「生路」活动宣传PV,"SideStory「生路」限时活动即将开启

生命的延续常以生命为代价，从未有人对此有过疑议。
但当文明本身也成为生命的养分，人们又当作何抉择？

———————————— 
详细活动内容敬请关注《明日方舟》官网及游戏内相关公告。",161775300,明日方舟,2024-05-29T03:04:08+00:00,3381289,150496,48277,24750,53751,13113,14620,https://www.bilibili.com/video/BV1ED421377G,official_public_aggregate,exact_api,2026-09-11T22:18:02+00:00,event_pv,False
BV1uZ421x7fu,《明日方舟》EP - I Will Touch the Sky,"5月24日 I Will Touch the Sky 正式上架塞壬唱片官网，网易云音乐及QQ音乐等平台

塞壬唱片官网链接：https://monster-siren.hypergryph.com/music/306804

【专辑介绍】
塞壬唱片-MSR全新音乐系列《人物》，首期巨献。
遐思寻觅于浩瀚，繁星常伴左右。
那么，晚安。

【歌曲列表】
I Will Touch the Sky",161775300,明日方舟,2024-05-24T03:04:26+00:00,2692205,209814,61494,55675,19326,5952,10289,https://www.bilibili.com/video/BV1uZ421x7fu,official_public_aggregate,exact_api,2026-09-11T22:18:41+00:00,music_ep,False
BV1cZ421773t,《明日方舟》「罗德岛促融共竞」宣传PV,"「五周年庆典」，「罗德岛促融共竞」开启
活动时间：05月15日 16:00 - 05月29日 03:59
解锁条件：通关主线 3-8
活动说明：活动期间，玩家可通过参与联机活动关卡、完成每日活跃任务获取【参赛纪念】，提升【赛事热度】等级获取相应活动奖励

【赛事热度】开放时间：05月15日 16:00 - 06月01日 03:59
【赛事热度】主要奖励：时装【玛尔特系列 - “双料四分卫” -THRM-EX】、名片主题【健将】、寻访凭证、模组养成材料、高级养成素材、作战记录、龙门币等

◆详细活动玩法介绍",161775300,明日方舟,2024-05-11T02:57:52+00:00,1588064,104342,18930,16549,29258,6685,3956,https://www.bilibili.com/video/BV1cZ421773t,official_public_aggregate,exact_api,2026-09-11T22:17:47+00:00,other_pv,False
BV1Tb421e7hC,《明日方舟》EP - Echoism,"5月3日 Echoism 正式上架塞壬唱片官网，网易云音乐及QQ音乐等平台
塞壬唱片官网链接：https://monster-siren.hypergryph.com/music/514530

【专辑介绍】
映照过往的回响，流淌至明天的希望。
纯粹的思绪与呢喃，汇为往日的时光。
触手所及的温暖，不再是假想。

【歌曲列表】
Echoism",161775300,明日方舟,2024-05-03T03:00:00+00:00,4095175,237604,103809,101639,23963,9515,14462,https://www.bilibili.com/video/BV1Tb421e7hC,official_public_aggregate,exact_api,2026-09-11T22:18:47+00:00,music_ep,False
BV1cC411n7PE,《明日方舟》EP - Whistle Stop,"5月2日 Whistle Stop 正式上架塞壬唱片官网，网易云音乐及QQ音乐等平台
塞壬唱片官网链接：https://monster-siren.hypergryph.com/music/232251

【专辑介绍】
编织悠扬旋律，清音将词句娓娓道来。
拂去时间流沙的迷雾，待白骨生花，死生相连。
邀漂泊无依的魂灵，于永恒处安息。

【歌曲列表】
Whistle Stop",161775300,明日方舟,2024-05-02T04:02:12+00:00,1605772,105239,36639,40174,9185,2610,3974,https://www.bilibili.com/video/BV1cC411n7PE,official_public_aggregate,exact_api,2026-09-11T22:18:47+00:00,music_ep,False
BV18J4m1n71Q,《送给博士的一份惊喜》,"来自阿米娅的邮件：


博士，因为有您的陪伴，我和大家，才能走到这里。

所以，还有一件事……

这是维什戴尔小姐指名要给您的惊喜，一定要打开看看！",161775300,明日方舟,2024-05-02T02:59:58+00:00,4537034,291186,92803,94540,41985,7737,10860,https://www.bilibili.com/video/BV18J4m1n71Q,official_public_aggregate,exact_api,2026-09-11T22:18:48+00:00,other_official,False
BV1wm421x7di,《明日方舟》EP - Arsonist,"5月1日 Arsonist 正式上架塞壬唱片官网，网易云音乐及QQ音乐等平台
塞壬唱片官网链接：https://monster-siren.hypergryph.com/music/880323

【专辑介绍】
血火以灰烬迎我，笑意沾染疯狂。
清醒以戏谑为面具，携炽热肆意起舞。
过往之痕深烙黑夜，黎明终将升起。

【歌曲列表】
Arsonist",161775300,明日方舟,2024-05-01T03:00:00+00:00,3748472,191244,97798,90332,19162,8855,19881,https://www.bilibili.com/video/BV1wm421x7di,official_public_aggregate,exact_api,2026-09-11T22:18:47+00:00,music_ep,False
BV1bH4y1P77d,《明日方舟》五周年特别直播节目（附字幕）,"再次感谢大家的支持，之后我们将在官方自媒体账号陆续更新《明日方舟》五周年庆典相关具体内容。
更多活动详情详见官网、游戏内及官方自媒体账号公告。",161775300,明日方舟,2024-04-29T10:09:07+00:00,1230241,76810,24330,13866,4259,3545,12223,https://www.bilibili.com/video/BV1bH4y1P77d,official_public_aggregate,exact_api,2026-09-11T22:17:50+00:00,other_official,False
BV1DZ421J7Z1,《明日方舟》特别映像 [阿戈尔：导览],"阿戈尔的每一座城市皆为探讨人类的存在方式而设计，
我们衷心期望您在此能够尽情创作，履行您生而为人的天职。",161775300,明日方舟,2024-04-28T00:00:00+00:00,914863,71716,12259,10123,4988,3933,914,https://www.bilibili.com/video/BV1DZ421J7Z1,official_public_aggregate,exact_api,2026-09-11T22:17:21+00:00,animation_brand,False
BV1Wp421S7Gb,拾刀者,"特蕾西娅遇刺，巴别塔陷落。在参与核心刺杀任务的无名死士们被剿灭后，W的怒火也并未熄灭。
复仇清单上的下一个目标，是一支在刺杀行动外围提供协助的萨卡兹雇佣兵小队。他们正护送着“某物”，向边境逃亡......
这是W从未提及过的一段回忆。
它被漫长的战争消磨殆尽，却又是萨卡兹挣扎于大地的缩影——被害者终会捡起加害者的匕首，宿命轮回不止。",161775300,明日方舟,2024-04-27T13:25:00+00:00,1875884,150579,93189,61729,29777,4617,9916,https://www.bilibili.com/video/BV1Wp421S7Gb,official_public_aggregate,exact_api,2026-09-11T22:18:07+00:00,other_official,False
BV1VC411H78i,《明日方舟》游戏概念宣传PV-4,"《明日方舟》游戏概念宣传PV-4

我们又一次找到了这些星星。
你曾许诺，当它们的余晖再次坠向泰拉，你会为我停下那束光，赠给我......和我们的世界。
博士，拉住我的手。
走吧。
你会与我同行，对吗？",161775300,明日方舟,2024-04-27T13:20:00+00:00,3080963,137798,78856,47785,21859,10592,5908,https://www.bilibili.com/video/BV1VC411H78i,official_public_aggregate,exact_api,2026-09-11T22:17:49+00:00,other_pv,False
BV1wT42117NA,《明日方舟》2024特别纪念动画,"寻觅或曾摇曳的曙色，并肩走过光亮，跨过黑暗。
即使双手空无一物，也和我一起，向前走吧。

【音乐】
「Grown-up's Paradise」Mili
作曲
  Yamato Kasai、Cassie Wei
编曲
  Yamato Kasai、Yukihito、Shoto Yoshida
作词
  Cassie Wei


【动画团队】
分镜
周浩嵩

作画监督
周浩嵩
董启政
周子琪
关静仪

特效作监
徐家富

作画监督辅助
向光辉
银河狐rever
唐烺乾
朱昱翰

原画
蔡孟书
豪D
许尹嘉
聚",161775300,明日方舟,2024-04-27T13:15:00+00:00,3740861,265115,241923,156083,61267,7845,6780,https://www.bilibili.com/video/BV1wT42117NA,official_public_aggregate,exact_api,2026-09-11T22:18:48+00:00,animation_brand,False
BV1Xw4m1y7q1,明日方舟x迷宫饭 联动前瞻预告,明日方舟×迷宫饭 联动sidestory筹备中,161775300,明日方舟,2024-04-27T13:10:00+00:00,2769578,150401,17911,15151,49772,6730,5432,https://www.bilibili.com/video/BV1Xw4m1y7q1,official_public_aggregate,exact_api,2026-09-02T18:53:59.943557+08:00,,
BV16t421w78r,《明日方舟》× 奈雪的茶「霸气果茶，香聚泰拉」合作宣传PV,"“博士，今天来点什么？”
明日方舟携手@奈雪的茶 ，邀博士共享美味。

更多活动详情，请关注奈雪的茶官方自媒体账号。",161775300,明日方舟,2024-04-27T12:35:00+00:00,813520,56809,7050,6533,15164,2741,696,https://www.bilibili.com/video/BV16t421w78r,official_public_aggregate,exact_api,2026-09-11T22:18:01+00:00,other_pv,False
BV1MD421n7vz,明日方舟x中国电影资料馆 合作前瞻预告,明日方舟携手@中国电影资料馆 ，联合修复中国经典动画电影《铁扇公主》。后续更多联动内容正在筹备中。,161775300,明日方舟,2024-04-27T12:30:00+00:00,641426,77493,7989,6215,5716,860,564,https://www.bilibili.com/video/BV1MD421n7vz,official_public_aggregate,exact_api,2026-09-02T18:53:15.715516+08:00,,
BV1uu4m1c7xC,《明日方舟》五周年干员前瞻PV：新生,"远古的回响仍在愤怒地咆哮，他们从未离去。
愤怒并不是糟糕的选择，如果我们能够巧妙地引导，它就能带来激情，还有......变革的决心。",161775300,明日方舟,2024-04-27T12:25:00+00:00,1090501,69515,24366,14548,3629,1651,4160,https://www.bilibili.com/video/BV1uu4m1c7xC,official_public_aggregate,exact_api,2026-09-11T22:17:31+00:00,other_pv,False
BV1ji42117CV,主线动画《明日方舟：焰烬曙明》 制作决定,"博士，能再见到您，真的很开心。
主线动画《明日方舟：焰烬曙明》制作决定！",161775300,明日方舟,2024-04-27T12:25:00+00:00,673231,63468,11091,6721,3218,1148,551,https://www.bilibili.com/video/BV1ji42117CV,official_public_aggregate,exact_api,2026-09-02T18:54:48.423570+08:00,,
BV1J1421R76R,《明日方舟》五周年庆典活动宣传PV,"《明日方舟》五周年庆典即将开启

终于，一切苦难的源头赫然现世。
大地颤动，天幕低沉。

———————————— 
详细活动内容敬请关注《明日方舟》官网及游戏内相关公告。",161775300,明日方舟,2024-04-27T11:45:00+00:00,4152884,138550,84076,41082,31355,9646,25037,https://www.bilibili.com/video/BV1J1421R76R,official_public_aggregate,exact_api,2026-09-11T22:18:47+00:00,event_pv,False
BV17M4m197Yy,《明日方舟》EP - ONE BY ONE,"4月11日 ONE BY ONE 正式上架塞壬唱片官网，网易云音乐及QQ音乐等平台
塞壬唱片官网链接：https://monster-siren.hypergryph.com/music/125061

【专辑介绍】
唯有死亡属于风暴之子。

【歌曲列表】
ONE BY ONE",161775300,明日方舟,2024-04-11T03:05:27+00:00,1064119,71865,19217,18714,4539,4393,2341,https://www.bilibili.com/video/BV17M4m197Yy,official_public_aggregate,exact_api,2026-09-11T22:18:39+00:00,music_ep,False
BV1Jp421y72e,《明日方舟》SideStory「巴别塔」活动宣传PV,"SideStory「巴别塔」限时活动即将开启

追逐未来的道路上，
两种同样伟大的理想对撞，几场同样壮烈的悲剧上演。

———————————— 
详细活动内容敬请关注《明日方舟》官网及游戏内相关公告。",161775300,明日方舟,2024-04-05T03:00:07+00:00,4279004,176828,66303,35295,59553,13982,12768,https://www.bilibili.com/video/BV1Jp421y72e,official_public_aggregate,exact_api,2026-09-11T22:18:48+00:00,event_pv,False
BV1VK421h7xV,「2024明日方舟嘉年华」前瞻PV公开,"博士在看吗？
这里是阿米娅作为导游为博士带来的嘉年华前瞻节目~
这次嘉年华将带大家尽情游览泰拉大陆，体验不同国家的人文风情！
期待现场与博士相见——

「2024明日方舟嘉年华」前瞻PV公开
【活动时间】：5月3日-5月5日
【活动地点】：国家会展中心（上海）NH馆、2.1H馆、3H馆（上海市青浦区崧泽大道333号）
活动详细信息及开票时间将于近期公布，更多情报请持续关注@明日方舟",161775300,明日方舟,2024-04-03T04:00:00+00:00,1487866,123311,16523,12361,14159,3905,2868,https://www.bilibili.com/video/BV1VK421h7xV,official_public_aggregate,exact_api,2026-09-11T22:17:39+00:00,other_pv,False
BV1Yf421o78j,「2024明日方舟音律联觉-不觅浪尘」活动情报正式公开,"#明日方舟##音律联觉#
「2024明日方舟音律联觉-不觅浪尘」活动情报正式公开！
详细活动专题页及票务信息将会于近期发布，请持续关注@明日方舟 

“一切均始于晦暗的温床。”
“它曾仅仅是游弋的微尘。”
“一条不归的旅途终被孕育而生。”

一、「2024明日方舟音律联觉-不觅浪尘」
【活动地点】
上海久事体育旗忠网球中心主场馆（上海市闵行区元江路5500弄）
【活动时间】
「不觅浪尘-日场」：5月1日-5月2日&5月4日-5月5日 13:00
「不觅浪尘-夜场」：5月1日-5月2日&5月4日-5月5日",161775300,明日方舟,2024-04-02T12:30:34+00:00,1412156,88070,24139,412,30521,7862,5183,https://www.bilibili.com/video/BV1Yf421o78j,official_public_aggregate,exact_api,2026-09-11T22:17:39+00:00,offline_event,False
BV1Cx421S7w4,「2024明日方舟音律联觉-不觅浪尘」先导预告公开,"「2024明日方舟音律联觉-不觅浪尘」先导预告公开

“苦难往往相似，邪恶反倒驳杂。”
“点火者远去了，但火还在燃烧。”
“没有某种能量和激励，也没有某种责任甚至注定牺牲的命运。”
“欢迎回家，博士。”

活动详情及票务信息将于近期发布，请持续关注@明日方舟 。",161775300,明日方舟,2024-03-29T04:00:00+00:00,1857359,149059,69159,2038,41663,5333,2139,https://www.bilibili.com/video/BV1Cx421S7w4,official_public_aggregate,exact_api,2026-09-11T22:17:16+00:00,event_pv,False
BV1tx421k7PP,《明日方舟》危机合约新赛季「潮曦作战」宣传PV,"《明日方舟》危机合约新赛季「潮曦作战」宣传PV

海潮无止息地触探大地，
留下了晨曦的痕迹。",161775300,明日方舟,2024-03-23T02:59:16+00:00,1501378,103494,26614,16326,23415,4799,2431,https://www.bilibili.com/video/BV1tx421k7PP,official_public_aggregate,exact_api,2026-09-02T18:57:45.405200+08:00,,
BV1oZ42147pk,《明日方舟》「积跬步，至千里！」特别公益PV,"《明日方舟》「积跬步，至千里！」特别公益片

明日方舟携手中国残疾人福利基金会，助力残障儿童的康复发展。我们希望能通过运动连接公益，关注生命，为此，明日方舟将捐赠60万人民币，用于轮椅添置与康复训练。
愿我们的星点爱意能聚沙成塔，共同助力孩子们的未来。

更多活动内容请持续关注Keep官方的自媒体账号。",161775300,明日方舟,2024-03-22T09:00:10+00:00,573594,89071,37510,9154,3310,1639,492,https://www.bilibili.com/video/BV1oZ42147pk,official_public_aggregate,exact_api,2026-09-11T22:17:13+00:00,animation_brand,False
BV1z2421P745,《明日方舟》× Keep「积跬步，至千里！」合作宣传PV,"《明日方舟》× Keep「积跬步，至千里！」合作宣传PV

不积跬步，无以至千里；
不累荧火，无以照山川。
 
明日方舟携手@Keep，推出「积跬步，至千里！」合作活动，3D联动课程与公益跑同步上线。
活动链接：https://m.gotokeep.com/lightning-page/activity/65f14121b304d40001a854d3

后续活动内容及最新消息，请关注Keep官方的自媒体账号。",161775300,明日方舟,2024-03-22T03:03:05+00:00,942378,75079,8113,8749,25717,4050,1883,https://www.bilibili.com/video/BV1z2421P745,official_public_aggregate,exact_api,2026-09-11T22:17:25+00:00,other_pv,False
BV1Qw4m1f772,【明日方舟×彩虹六号：围攻】SideStory「水晶箭行动」活动宣传PV,"【明日方舟×彩虹六号：围攻】SideStory「水晶箭行动」限时活动即将开启

那支本应刺破虚假的水晶箭最终沦为引发动乱的鸣镝。它离弦之后，刀光刺眼，子弹纷飞。

———————————— 
详细活动内容敬请关注《明日方舟》官网及游戏内相关公告。",161775300,明日方舟,2024-02-29T02:58:54+00:00,2911173,161991,53148,25674,62830,10574,12770,https://www.bilibili.com/video/BV1Qw4m1f772,official_public_aggregate,exact_api,2026-09-11T22:18:24+00:00,event_pv,False
BV1pt421h7S4,【明日方舟×彩虹六号：围攻】SideStory「水晶箭行动」先导PV,"连接已建立，再次播报本次任务细节。
谨祝任务顺利。",161775300,明日方舟,2024-02-23T02:57:47+00:00,2095767,168223,39923,19146,83734,11395,4458,https://www.bilibili.com/video/BV1pt421h7S4,official_public_aggregate,exact_api,2026-09-02T18:56:17.217590+08:00,,
BV1c2421A7VW,《明日方舟》EP - Yanking,"2月10日 Yanking 正式上架塞壬唱片官网，网易云音乐及QQ音乐等平台
塞壬唱片官网链接：https://monster-siren.hypergryph.com/music/306808

【专辑介绍】
诙谐摇摆
自有大自在
欢迎来到这片地带
姑且祝你
“节日愉快”

【歌曲列表】
Yanking",161775300,明日方舟,2024-02-10T04:00:46+00:00,1226328,110066,23747,23001,13176,3521,3216,https://www.bilibili.com/video/BV1c2421A7VW,official_public_aggregate,exact_api,2026-09-11T22:18:43+00:00,music_ep,False
BV1HT4m1S7Wq,《明日方舟》EP - 清平乐,"2月2日 清平乐 正式上架塞壬唱片官网，网易云音乐及QQ音乐等平台
塞壬唱片官网链接：https://monster-siren.hypergryph.com/m/music

【专辑介绍】
河冰晨渡，风物问谁诉？
却了火烛帷帐，地阔云低垄长。

【歌曲列表】
清平乐",161775300,明日方舟,2024-02-02T02:56:27+00:00,939879,69881,18620,20913,3671,2551,1740,https://www.bilibili.com/video/BV1HT4m1S7Wq,official_public_aggregate,exact_api,2026-09-11T22:18:42+00:00,music_ep,False
BV1F7421T7dr,《明日方舟》EP - 浸春芜,"2月1日 浸春芜 正式上架塞壬唱片官网，网易云音乐及QQ音乐等平台
塞壬唱片官网链接：https://monster-siren.hypergryph.com/music/048799

【专辑介绍】
万象藏百谷，化雨浸春芜。
汤汤一掬沥荣枯，染翠千亩。

【歌曲列表】
浸春芜",161775300,明日方舟,2024-02-01T02:59:30+00:00,9850097,393866,306923,265675,109808,26807,30217,https://www.bilibili.com/video/BV1F7421T7dr,official_public_aggregate,exact_api,2026-09-11T22:18:48+00:00,music_ep,False
BV1et421W7V8,《明日方舟》限定干员「黍」前瞻PV,"在有限的时间里，她始终无可奈何。
可是，也总有希望会留存下来。",161775300,明日方舟,2024-01-30T02:59:15+00:00,1492674,121135,47307,24033,17250,4600,12635,https://www.bilibili.com/video/BV1et421W7V8,official_public_aggregate,exact_api,2026-09-11T22:17:39+00:00,operator_pv,False
BV1HW4y1c71x,明日方舟 x 南越王博物院 丨「南境余音」联动纪录片,"明日方舟 x 南越王博物院 丨「南境余音」联动纪录片

“铭昔照，贺新岁。”
明日方舟携手南越王博物院，邀博士共贺甲辰龙年。",161775300,明日方舟,2024-01-28T03:58:29+00:00,762972,76127,13078,7366,7114,2965,1555,https://www.bilibili.com/video/BV1HW4y1c71x,official_public_aggregate,exact_api,2026-09-02T18:57:28.278486+08:00,,
BV1te411h7LD,《明日方舟》2024新春前瞻特辑视频,"《明日方舟》2024新春前瞻特辑现已结束，感谢大家的支持。本次新春前瞻特辑视频现已上传。

————————————
更多活动详情内容详见官网、游戏内公告及官方自媒体账号。",161775300,明日方舟,2024-01-27T12:45:00+00:00,1225726,72749,17709,8904,5805,4451,18392,https://www.bilibili.com/video/BV1te411h7LD,official_public_aggregate,exact_api,2026-09-11T22:17:59+00:00,other_official,False
BV1TK411h7ET,《明日方舟》SideStory「怀黍离」活动宣传PV,"'--重铸未来 方舟启航--
《明日方舟》SideStory「怀黍离」活动宣传PV

↓↓《明日方舟》bilibili服下载↓↓
https://www.biligame.com/detail/?id=101772

辞旧迎新，SideStory「怀黍离」限时活动即将开启

第一抔土壤，第一捧种子，大荒千载，翻天覆地。
谁人种因，谁人得果？

———————————— 
详细活动内容敬请关注《明日方舟》官网及游戏内相关公告。",161775300,明日方舟,2024-01-27T12:15:00+00:00,2537294,105057,44775,21355,18997,7824,16459,https://www.bilibili.com/video/BV1TK411h7ET,official_public_aggregate,exact_api,2026-09-11T22:18:48+00:00,event_pv,False
BV1YZ4y1n7Fn,《明日方舟》SideStory「怀黍离」活动先导PV,"神话也许会褪色……
而生命本身不会断绝",161775300,明日方舟,2024-01-27T12:10:00+00:00,3008062,176825,61292,40952,35111,6539,12051,https://www.bilibili.com/video/BV1YZ4y1n7Fn,official_public_aggregate,exact_api,2026-09-11T22:18:48+00:00,event_pv,False
BV1Fe411Y7bD,《明日方舟》生息演算「沙洲遗闻」宣传PV,"舒巴特-阿尔萨兰，一片位于萨尔贡的失落之地。
黄沙漫过堤坝，堵塞了往昔的河道，家园逐渐荒废。
原以为仅剩废墟的这里，家园与文明的篝火却未曾熄灭。
沉默的沙洲，坚守的人们，神秘的过往，这一切正等待着我们的到来。

主题官网链接：https://ak.hypergryph.com/ra/taleswithinthesand",161775300,明日方舟,2024-01-23T09:02:04+00:00,1009199,85433,20941,9152,17224,5778,2515,https://www.bilibili.com/video/BV1Fe411Y7bD,official_public_aggregate,exact_api,2026-09-02T18:53:59.943557+08:00,,
BV11e411e7cg,《明日方舟》EP - Winged Step,"1月9日 Winged Step 正式上架塞壬唱片官网，网易云音乐及QQ音乐等平台

塞壬唱片官网链接：https://monster-siren.hypergryph.com/music/779484

【专辑介绍】
Cause sometimes i like to imagine
Sometimes I like to imagine

【歌曲列表】
Winged Step",161775300,明日方舟,2024-01-09T03:27:58+00:00,1764122,102215,42947,47795,11781,3551,2280,https://www.bilibili.com/video/BV11e411e7cg,official_public_aggregate,exact_api,2026-09-11T22:18:41+00:00,music_ep,False
BV1Jc411b7bn,《明日方舟》全新故事「去咧嘴谷」活动宣传PV,"'--重铸未来 方舟启航--
《明日方舟》全新故事「去咧嘴谷」活动宣传PV

↓↓《明日方舟》bilibili服下载↓↓
https://www.biligame.com/detail/?id=101772

“好吧，最终目标可能有点不切实际，但我们雷姆必拓人都是脚踏实地干事的人。
“所以，先出发吧。”",161775300,明日方舟,2024-01-03T02:54:10+00:00,1784627,100236,23018,10779,21589,6934,6622,https://www.bilibili.com/video/BV1Jc411b7bn,official_public_aggregate,exact_api,2026-09-02T18:56:54.718557+08:00,,
BV1QQ4y1E73r,《明日方舟》EP - (Believed Believes) Believing,"12月28日 (Believed Believes) Believing 正式上架塞壬唱片官网，网易云音乐及QQ音乐等平台
塞壬唱片官网链接：https://monster-siren.hypergryph.com/music/048792

【专辑介绍】
塞壬唱片-MSR全新音乐系列《未竟之旅》，第四期收官之作，携手同行，如你如我。

【歌曲列表】
(Believed Believes) Believing",161775300,明日方舟,2023-12-28T03:26:30+00:00,2545716,149279,75446,71787,16693,5827,4158,https://www.bilibili.com/video/BV1QQ4y1E73r,official_public_aggregate,exact_api,2026-09-11T22:18:47+00:00,music_ep,False
BV1TN4y1z7of,《明日方舟》EP - Snow Parade,"12月24日 Snow Parade 正式上架塞壬唱片官网，网易云音乐及QQ音乐等平台
塞壬唱片官网链接：https://monster-siren.hypergryph.com/music/779485 

【专辑介绍】
悠长的， 肃静的， 安宁的，
我们手中紧握着， 那个特别的雪夜。
我们舞蹈和欢笑， 睡进节日的怀抱。

【歌曲列表】
Snow Parade",161775300,明日方舟,2023-12-24T09:25:33+00:00,1246576,117909,45120,37610,15480,4877,2047,https://www.bilibili.com/video/BV1TN4y1z7of,official_public_aggregate,exact_api,2026-09-11T22:18:47+00:00,music_ep,False
BV1gc411D7wG,《明日方舟》EP - Blade Catcher,"12月5日 Blade Catcher 正式上架塞壬唱片官网，网易云音乐及QQ音乐等平台
塞壬唱片官网链接：https://monster-siren.hypergryph.com/music/461144

【专辑介绍】
被烧灼的是哪种过往？
风雪中又是何人出鞘？

【歌曲列表】
Blade Catcher",161775300,明日方舟,2023-12-05T02:58:00+00:00,1211460,77817,32999,31313,7486,4339,3326,https://www.bilibili.com/video/BV1gc411D7wG,official_public_aggregate,exact_api,2026-09-11T22:18:39+00:00,music_ep,False
BV1xb4y1M7Jm,《明日方舟》SideStory「银心湖列车」活动宣传PV,"'--重铸未来 方舟启航--

《明日方舟》SideStory「银心湖列车」活动宣传PV

↓↓《明日方舟》bilibili服下载↓↓
https://www.biligame.com/detail/?id=101772

SideStory「银心湖列车」限时活动即将开启

迟早有一天，外面的人不会只知道喀兰贸易，不会只看到茫茫白雪和深谷高山。

他们会记住“谢拉格”这个名字。",161775300,明日方舟,2023-11-29T02:56:03+00:00,2331439,119773,28682,14746,29441,11001,11128,https://www.bilibili.com/video/BV1xb4y1M7Jm,official_public_aggregate,exact_api,2026-09-11T22:18:00+00:00,event_pv,False
BV12a4y1S7MR,《明日方舟》危机合约新赛季「浊燃作战」宣传PV,"危机合约#1赛季「浊燃作战」即将开启

一、2023「感谢庆典」，危机合约#1赛季「浊燃作战」开启
二、2023「感谢庆典」，【联合行动】特选干员定向寻访开启
三、2023「感谢庆典」，“资源收集”关卡限时全天开放
四、2023「感谢庆典」，礼包限时上架
五、【时代】系列，限时复刻上架

更多活动内容请持续关注《明日方舟》游戏内公告及官方公告。",161775300,明日方舟,2023-11-16T03:00:04+00:00,2208840,140328,40380,22293,42967,13760,4553,https://www.bilibili.com/video/BV12a4y1S7MR,official_public_aggregate,exact_api,2026-09-11T22:18:20+00:00,gameplay_system,False
BV1Wy4y1c7Ps,《明日方舟》EP - Lessing,"11月4日 Lessing 正式上架塞壬唱片官网，网易云音乐及QQ音乐等平台
塞壬唱片官网链接：https://monster-siren.hypergryph.com/music/953989

【专辑介绍】
It's creeping under the darkest shadows
It's shining in the blinding lights
Where do we find the absolution?

【歌曲列表】
Lessing",161775300,明日方舟,2023-11-04T03:00:00+00:00,597388,49745,11480,13936,2529,2067,664,https://www.bilibili.com/video/BV1Wy4y1c7Ps,official_public_aggregate,exact_api,2026-09-11T22:17:55+00:00,music_ep,False
BV1iG411X7h4,《明日方舟》EP - Illuminate,"11月3日 Illuminate 正式上架塞壬唱片官网，网易云音乐及QQ音乐等平台
塞壬唱片官网链接：https://monster-siren.hypergryph.com/music/461152

【专辑介绍】
Musik ist die leitende Flamme der Nächte Leithaniens.
Möge sie dir Frieden und Ruhe bringen.

【歌曲列表】
Illuminate",161775300,明日方舟,2023-11-03T03:00:00+00:00,827006,70490,25334,23230,4371,2188,1690,https://www.bilibili.com/video/BV1iG411X7h4,official_public_aggregate,exact_api,2026-09-11T22:18:03+00:00,music_ep,False
BV1Yu4y1h7a4,《明日方舟》EP - Revealing,"11月1日 Revealing 正式上架塞壬唱片官网，网易云音乐及QQ音乐等平台
塞壬唱片官网链接：https://monster-siren.hypergryph.com/music/306813

【专辑介绍】
凡过往皆被铭记，凡沉浮皆可听闻。

【歌曲列表】
Intro: Resonance
Revealing",161775300,明日方舟,2023-11-01T02:54:00+00:00,1664190,97330,46107,40890,10739,5397,7266,https://www.bilibili.com/video/BV1Yu4y1h7a4,official_public_aggregate,exact_api,2026-09-11T22:18:47+00:00,music_ep,False
BV13Q4y1H7N2,《明日方舟》2023「感谢庆典」前瞻特别节目（附字幕）,再次感谢大家的支持，关于《明日方舟》2023「感谢庆典」更多活动详情详见官网、游戏内公告及官方自媒体账号。,161775300,明日方舟,2023-10-28T10:55:00+00:00,561583,48786,8690,5325,1393,1883,4348,https://www.bilibili.com/video/BV13Q4y1H7N2,official_public_aggregate,exact_api,2026-09-11T22:18:15+00:00,other_official,False
BV1Fy4y1A77o,《明日方舟》2023「感谢庆典」声优祝福,"'-特别感谢-

（以下排名不分先后）

刘雪 张福正 赵岭 阮从青
洪海天 下地紫野 花守由美里
内田真礼 恒松步 近藤隆

来自各位老师们为本次《明日方舟》2023「感谢庆典」送上的祝福。
非常感谢老师们的祝福与认可！",161775300,明日方舟,2023-10-28T10:45:00+00:00,259524,32431,4229,3399,612,625,1260,https://www.bilibili.com/video/BV1Fy4y1A77o,official_public_aggregate,exact_api,2026-09-02T18:57:46.174104+08:00,,
BV1We41197Tc,《明日方舟》限定干员「塑心」前瞻PV,"《明日方舟》限定干员「塑心」前瞻PV

在终点到来之前，
请让我为您奏响我自己",161775300,明日方舟,2023-10-28T03:00:00+00:00,1213211,95107,27472,16068,12191,3935,8640,https://www.bilibili.com/video/BV1We41197Tc,official_public_aggregate,exact_api,2026-09-11T22:17:45+00:00,operator_pv,False
BV1Zw411B7K2,《明日方舟》特别映像 [萨尔贡：万王之王],"欢迎你们，追寻传说而来的客人
今天的主角，是被尊为“沙阿”的过去与未来之王——
路加萨尔古斯",161775300,明日方舟,2023-10-24T03:00:00+00:00,882741,62685,9492,9053,4372,2691,975,https://www.bilibili.com/video/BV1Zw411B7K2,official_public_aggregate,exact_api,2026-09-11T22:17:45+00:00,animation_brand,False
BV1oQ4y1p7oi,《明日方舟》特别映像 [谢拉格：驶向未来],"在遥远的高山上，有一个国家
它的名字叫谢拉格",161775300,明日方舟,2023-10-24T02:09:56+00:00,528458,53769,9709,7876,3544,1745,1280,https://www.bilibili.com/video/BV1oQ4y1p7oi,official_public_aggregate,exact_api,2026-09-11T22:17:21+00:00,animation_brand,False
BV1tw411z7GA,《明日方舟》特别映像 [莱塔尼亚：源石技艺A1.1],"你们都拿到教学大纲了，很好。
以防你们还没发现，
这节课教的是源石技艺，
我们会从莱塔尼亚的主要流派讲起。",161775300,明日方舟,2023-10-23T03:00:00+00:00,564688,54877,9645,10512,5008,2437,963,https://www.bilibili.com/video/BV1tw411z7GA,official_public_aggregate,exact_api,2026-09-11T22:17:44+00:00,animation_brand,False
BV1LM411R7qd,明日方舟2023感谢庆典印象曲 - Ashen by MY FIRST STORY,塞壬唱片-MSR携手MY FIRST STORY，打造明日方舟2023感谢庆典印象曲 <Ashen>,161775300,明日方舟,2023-10-23T02:00:00+00:00,986390,90019,37354,32937,6610,1908,1047,https://www.bilibili.com/video/BV1LM411R7qd,official_public_aggregate,exact_api,2026-09-11T22:17:56+00:00,other_official,False
BV1rG411y7W3,追溯泰拉 RETRACED TERRA,追溯泰拉 RETRACED TERRA,161775300,明日方舟,2023-10-22T13:05:00+00:00,703883,57279,13699,14770,3977,1898,1467,https://www.bilibili.com/video/BV1rG411y7W3,official_public_aggregate,exact_api,2026-09-11T22:17:50+00:00,other_official,False
BV1bw411X7jx,《游城拓荒：铸基者》官方桌游宣传PV,"明日方舟拓荒主题桌游《游城拓荒：铸基者》即将发售！
官方网站：https://ak.hypergryph.com/boardgame_nomadcity

是时候启航了，企业家们。",161775300,明日方舟,2023-10-22T13:00:00+00:00,907063,69880,9410,9715,21223,3095,799,https://www.bilibili.com/video/BV1bw411X7jx,official_public_aggregate,exact_api,2026-09-11T22:17:45+00:00,other_pv,False
BV12e411R78z,主线动画《明日方舟：冬隐归路》播出中PV,"【播出中PV公开】
那么拜托您了，博士。
主线动画《明日方舟：冬隐归路》每周六00:23热播中
更多情报公开请持续关注官方自媒体账号和主题官网

主题官网链接：https://ak.hypergryph.com/anime/",161775300,明日方舟,2023-10-22T12:55:00+00:00,139267,22635,3532,2029,243,294,73,https://www.bilibili.com/video/BV12e411R78z,official_public_aggregate,exact_api,2026-09-02T18:57:39.895344+08:00,,
BV1QB4y1o7YD,《小刻的画图写话》播出预告,《明日方舟》衍生迷你剧《小刻的画图写话》即将上线，后续信息请关注官方账号@明日方舟,161775300,明日方舟,2023-10-22T12:50:00+00:00,342747,41336,5614,3823,2246,648,260,https://www.bilibili.com/video/BV1QB4y1o7YD,official_public_aggregate,exact_api,2026-09-02T18:34:31.547095+08:00,,
BV1ow41167CS,《明日方舟》2023「感谢庆典」活动宣传PV,"'--重铸未来 方舟启航--
《明日方舟》2023「感谢庆典」活动宣传PV

↓↓《明日方舟》bilibili服下载↓↓
https://www.biligame.com/detail/?id=101772

2023「感谢庆典」限时活动即将开启
金律乐章如期奏响，赞美崔林特尔梅之金，歌颂帝国永恒光荣。

———————————— 
详细活动内容敬请关注《明日方舟》官网及游戏内相关公告。",161775300,明日方舟,2023-10-22T11:50:00+00:00,2800314,94465,44824,21444,19723,9874,14783,https://www.bilibili.com/video/BV1ow41167CS,official_public_aggregate,exact_api,2026-09-11T22:18:11+00:00,event_pv,False
BV1U84y1d7Yf,《明日方舟》SideStory「崔林特尔梅之金」活动先导PV,人的心灵脆弱而易逝，再强烈的情感，再宏大的愿望，都不可避免地会走向各自的终点。,161775300,明日方舟,2023-10-22T11:45:00+00:00,1410423,88080,33481,22984,18511,4678,4765,https://www.bilibili.com/video/BV1U84y1d7Yf,official_public_aggregate,exact_api,2026-09-11T22:18:02+00:00,event_pv,False
BV1Jw411F7ew,《明日方舟》EP - Best Moments of...,"10月20日 Best Moments of... 正式上架塞壬唱片官网，网易云音乐及QQ音乐等平台
塞壬唱片官网链接：https://monster-siren.hypergryph.com/music/306814   

【专辑介绍】
塞壬唱片-MSR全新音乐系列《未竟之旅》，第三期接踵而至，轻缓呢喃，共筑回忆。

【歌曲列表】
Best Moments of...",161775300,明日方舟,2023-10-20T03:00:00+00:00,1100928,92697,26720,25736,8837,3681,1783,https://www.bilibili.com/video/BV1Jw411F7ew,official_public_aggregate,exact_api,2026-09-11T22:18:27+00:00,music_ep,False
BV1uG411m72c,《明日方舟》EP - Settle Into Ash,"10月8日 Settle Into Ash 正式上架塞壬唱片官网，网易云音乐及QQ音乐等平台
塞壬唱片官网链接：https://monster-siren.hypergryph.com/music/953980

【专辑介绍】
纷争倥偬，枕戈达旦，
昔时的梦啊，隐入往日硝烟。

【歌曲列表】
Settle Into Ash",161775300,明日方舟,2023-10-08T03:00:00+00:00,1693932,92516,43812,43433,10942,5053,3428,https://www.bilibili.com/video/BV1uG411m72c,official_public_aggregate,exact_api,2026-09-11T22:18:47+00:00,music_ep,False
BV1eV411F7u9,《明日方舟》主题曲【恶兆湍流】开放 限时纪念活动宣传pv,"'--重铸未来 方舟启航--
《明日方舟》主题曲【恶兆湍流】开放 限时纪念活动宣传pv

↓↓《明日方舟》bilibili服下载↓↓
https://www.biligame.com/detail/?id=101772

浑浊的浪潮中，哪一滴是独行者的鲜血，哪一滴是悲哀者的眼泪？

———————————— 
详细活动内容敬请关注《明日方舟》官网及游戏内相关公告。",161775300,明日方舟,2023-10-02T03:00:21+00:00,2130251,124617,38400,15383,33362,11251,11817,https://www.bilibili.com/video/BV1eV411F7u9,official_public_aggregate,exact_api,2026-09-02T18:55:59.217240+08:00,,
BV1P34y1N7GH,主线动画《明日方舟：冬隐归路》定档PV,"前路无惘，使命浸无声寒歌，自理想绽放。
主线动画《明日方舟：冬隐归路》将于2023年10月7日00:23正式上线。
更多情报公开请持续关注官方自媒体账号和主题官网。

主题官网链接：https://ak.hypergryph.com/anime/",161775300,明日方舟,2023-09-20T08:00:00+00:00,834508,91400,25538,12089,16223,2976,2098,https://www.bilibili.com/video/BV1P34y1N7GH,official_public_aggregate,exact_api,2026-09-11T22:17:57+00:00,animation_brand,False
BV1rC4y1f7JZ,《明日方舟》× 安踏 合作宣传PV,"【明日方舟×安踏】
终点线后，步履不停。 
明日方舟×安踏，2023年联名系列运动文化板鞋即将于近日开售。后续活动内容，还请关注@明日方舟朝陇山，以及安踏官方的自媒体账号。 
感谢您的关注，我们愿与您一起前行。",161775300,明日方舟,2023-09-16T03:00:10+00:00,1432657,110678,11745,8477,45662,9113,8951,https://www.bilibili.com/video/BV1rC4y1f7JZ,official_public_aggregate,exact_api,2026-09-11T22:17:15+00:00,other_pv,False
BV1hw411D76A,《明日方舟》EP - Water Quench,"9月5日 Water Quench 正式上架塞壬唱片官网，网易云音乐及QQ音乐等平台
塞壬唱片官网链接：https://monster-siren.hypergryph.com/music/461153

【专辑介绍】
不再逃避，
我会将泪洒入雨中。
如果痛苦倾盆而下，
就让我们一起撑伞吧。

【歌曲列表】
Water Quench",161775300,明日方舟,2023-09-05T03:00:00+00:00,1221072,91054,28407,28394,5251,2978,3842,https://www.bilibili.com/video/BV1hw411D76A,official_public_aggregate,exact_api,2026-09-11T22:18:41+00:00,music_ep,False
BV1fm4y1T7Lq,《明日方舟》SideStory「不义之财」活动宣传PV,"'--重铸未来 方舟启航--

《明日方舟》SideStory「不义之财」活动宣传PV

↓↓《明日方舟》bilibili服下载↓↓

https://www.biligame.com/detail/?id=101772

SideStory「不义之财」限时活动即将开启

何以照亮这漫长的冬夜？以滚烫的血液？以炙热的内心？或是以一颗微弱的、希望的火光？

———————————— 
详细活动内容敬请关注《明日方舟》官网及游戏内相关公告。",161775300,明日方舟,2023-09-01T03:00:12+00:00,2649921,153723,40719,19768,38476,9171,12243,https://www.bilibili.com/video/BV1fm4y1T7Lq,official_public_aggregate,exact_api,2026-09-11T22:18:00+00:00,event_pv,False
BV1dr4y1R7oF,《明日方舟》× 中国国家地理 合作幕后制作记录,"【明日方舟×中国国家地理】合作幕后制作记录公开

记一次《明日方舟》对华夏亘古地理风貌的考察探索。
不惧时间桎梏，纵然生灵渺小，亦可逆向生长。",161775300,明日方舟,2023-08-28T08:30:00+00:00,720841,110446,31533,14024,8324,2955,2494,https://www.bilibili.com/video/BV1dr4y1R7oF,official_public_aggregate,exact_api,2026-09-02T18:57:42.230117+08:00,,
BV1Wu4y1D7ww,《明日方舟》× 中国国家地理 合作宣传PV,"【明日方舟×中国国家地理】

敬畏生命的顽强，关注物种多样性。
“霜林之外，崖高梦远。林虹之间，鸣翠风发。”
明日方舟携手中国国家地理，邀您纵览大好河山，保护生态环境，共同构建和谐的人与自然关系。",161775300,明日方舟,2023-08-28T03:00:00+00:00,2009582,198752,48880,23522,58476,12573,10512,https://www.bilibili.com/video/BV1Wu4y1D7ww,official_public_aggregate,exact_api,2026-09-11T22:17:49+00:00,other_pv,False
BV1Em4y1u7DR,《明日方舟》× 杏花楼 「祝冰轮」合作宣传PV,"【明日方舟×杏花楼】

今人不见古时月，今月曾经照古人。
瞩金秋，祝团圆。为即将到来的2023中秋节，明日方舟携手杏花楼，推出联名月饼礼盒“祝冰轮”，并即将于近日开售。后续活动内容及最新消息，请注意明日方舟朝陇山、杏花楼官方的自媒体账号。

但愿人长久，千里共婵娟。",161775300,明日方舟,2023-08-26T04:00:00+00:00,1341757,140300,18005,10302,28900,6416,5731,https://www.bilibili.com/video/BV1Em4y1u7DR,official_public_aggregate,exact_api,2026-09-11T22:17:49+00:00,other_pv,False
BV1Nu4y1i7K8,《明日方舟》EP - Beautiful & Lovely,"8月22日 Beautiful & Lovely 正式上架塞壬唱片官网，网易云音乐及QQ音乐等平台
塞壬唱片官网链接：https://monster-siren.hypergryph.com/music/048707

【专辑介绍】
塞壬唱片-MSR全新音乐系列《未竟之旅》，第二期如约而至，匠心雕琢，静候鉴赏。

【歌曲列表】
Beautiful & Lovely",161775300,明日方舟,2023-08-22T03:00:00+00:00,1362191,120969,34246,32287,13152,6097,3010,https://www.bilibili.com/video/BV1Nu4y1i7K8,official_public_aggregate,exact_api,2026-09-11T22:18:27+00:00,music_ep,False
BV1ch4y1w7xM,《明日方舟》EP - Missy,"8月2日 Missy 正式上架塞壬唱片官网，网易云音乐及QQ音乐等平台
塞壬唱片官网链接：https://monster-siren.hypergryph.com/music/880334 

【专辑介绍】
瞬息纷争荣华
炽热明灭于心

【歌曲列表】
Missy",161775300,明日方舟,2023-08-02T03:00:00+00:00,1686143,140758,52752,43591,22144,5444,3058,https://www.bilibili.com/video/BV1ch4y1w7xM,official_public_aggregate,exact_api,2026-09-11T22:18:27+00:00,music_ep,False
BV1H14y1B7zQ,《明日方舟》EP - Miss You,"8月1日 Miss You 正式上架塞壬唱片官网，网易云音乐及QQ音乐等平台
塞壬唱片官网链接：https://monster-siren.hypergryph.com/music/514540

【专辑介绍】
Magma is formed from molten rocks.
Though separated by vast distances, 
they all converge into a singular life force of molten heat.
With the long da",161775300,明日方舟,2023-08-01T02:59:23+00:00,3521187,208656,99623,87033,24848,11589,14141,https://www.bilibili.com/video/BV1H14y1B7zQ,official_public_aggregate,exact_api,2026-09-11T22:18:45+00:00,music_ep,False
BV17V41157KR,《明日方舟》限定干员「纯烬艾雅法拉」前瞻PV,"但在这无比短暂的时间里，
我很愿意注视着眼前美丽的风景......
还有你，阿黛尔",161775300,明日方舟,2023-07-28T02:52:57+00:00,1602597,153679,53453,23332,21941,6726,13380,https://www.bilibili.com/video/BV17V41157KR,official_public_aggregate,exact_api,2026-09-02T18:54:16.465616+08:00,,
BV1iV411L7aV,《明日方舟》2023夏日嘉年华特别通讯视频,"《明日方舟》2023夏日嘉年华特别通讯计划现已结束，感谢大家的支持。
关于《明日方舟》2023夏日嘉年华限时活动详情内容详见官网、游戏内公告及官方自媒体账号。",161775300,明日方舟,2023-07-23T12:40:00+00:00,1367895,106870,28823,13187,8968,7240,25906,https://www.bilibili.com/video/BV1iV411L7aV,official_public_aggregate,exact_api,2026-09-02T18:57:42.230695+08:00,,
BV1xM4y1p7YE,《明日方舟》2023「夏日嘉年华」限时活动宣传PV,"'--重铸未来 方舟启航--
《明日方舟》2023「夏日嘉年华」限时活动宣传PV

↓↓《明日方舟》bilibili服下载↓↓
https://www.biligame.com/detail/?id=101772

叮，咚。是谁弄翻了货箱，又是谁打碎了汽水瓶？
慵懒的，贪吃的，调皮的，幸福的......嘘——别惊扰了这段梦中之旅。

————————————
详细活动内容敬请关注《明日方舟》官网及游戏内相关公告。",161775300,明日方舟,2023-07-23T12:15:00+00:00,2359107,113672,41757,17735,17958,8449,16086,https://www.bilibili.com/video/BV1xM4y1p7YE,official_public_aggregate,exact_api,2026-09-11T22:17:59+00:00,event_pv,False
BV1Fz4y1x7Wa,《明日方舟》SideStory「火山旅梦」活动先导PV,"'--重铸未来 方舟启航--
《明日方舟》SideStory「火山旅梦」活动先导PV

↓↓《明日方舟》bilibili服下载↓↓
https://www.biligame.com/detail/?id=101772

________________________
奇妙也是生活的一部分。
小家伙，你现在开心吗？",161775300,明日方舟,2023-07-23T12:10:00+00:00,1264086,106005,33960,18451,13872,4050,6381,https://www.bilibili.com/video/BV1Fz4y1x7Wa,official_public_aggregate,exact_api,2026-09-11T22:17:48+00:00,event_pv,False
BV18X4y1n7xC,主线动画《明日方舟：冬隐归路》先导PV2,"我听人说过……关于雪怪的传说……

主线动画《明日方舟：冬隐归路》 锐意制作中",161775300,明日方舟,2023-07-22T13:20:24+00:00,844472,105368,25079,10686,17816,4877,2965,https://www.bilibili.com/video/BV18X4y1n7xC,official_public_aggregate,exact_api,2026-09-02T18:57:40.658319+08:00,,
BV1FV4y1t7Cp,《明日方舟》2023「音律联觉-愚夜密函」官方录播,2023明日方舟音律联觉-愚夜密函官方录播已正式上线，本次录播bilibili大会员抢先观看1个月，后续可免费观看。,161775300,明日方舟,2023-07-22T04:00:02+00:00,11858747,153722,72038,48228,11485,6403,47689,https://www.bilibili.com/video/BV1FV4y1t7Cp,official_public_aggregate,exact_api,2026-09-11T22:18:14+00:00,offline_event,False
BV1Tz4y1t7DT,2023明日方舟音律联觉-愚夜密函官方录播即将上线,"2023明日方舟音律联觉-愚夜密函官方录播即将上线！

一、2023明日方舟音律联觉-愚夜密函官方录播7月22日12:00将于bilibili独家上线，本次录播bilibili大会员抢先观看1个月，后续可免费观看。

二、2023明日方舟音律联觉-愚夜密函个性装扮套装将于7月22日19:00在哔哩哔哩正式开售，并同步开启优惠活动。

三、2023明日方舟音律联觉-愚夜密函 蓝光典藏礼盒即将开启预售，更多详情可关注微博@明日方舟朝陇山。",161775300,明日方舟,2023-07-21T04:00:00+00:00,741398,58015,7886,1966,3548,2498,958,https://www.bilibili.com/video/BV1Tz4y1t7DT,official_public_aggregate,exact_api,2026-09-02T18:57:48.485422+08:00,,
BV1Qh4y1Z7jV,《明日方舟》集成战略「探索者的银凇止境」宣传PV · 玩法介绍,"你起身，告别温暖的炉火，走进萨米的寒风。
探索者旅途的起点处，麦哲伦和她的萨米朋友们正等待着你。
为了求知，为了生存，为了命运的全貌。

全新集成战略主题「探索者的银凇止境」，即将开启
主题开启时间：2023年07月13日 16:00
主题官网链接：https://ak.hypergryph.com/is/samiexpedition

更多「探索者的银凇止境」集成战略主题内容，请持续关注《明日方舟》官方自媒体账号及「探索者的银凇止境」集成战略主题官网。",161775300,明日方舟,2023-07-11T08:22:30+00:00,1924439,128977,48167,18005,32346,13816,24077,https://www.bilibili.com/video/BV1Qh4y1Z7jV,official_public_aggregate,exact_api,2026-09-11T22:18:05+00:00,gameplay_system,False
BV1tz4y1E7WY,《明日方舟》EP - Mortal Eye,"7月6日 Mortal Eye 正式上架塞壬唱片官网，网易云音乐及QQ音乐等平台
塞壬唱片官网链接：https://monster-siren.hypergryph.com/music/697628

【专辑介绍】
予我冰雪以洗濯，予我冬风以啼鸣，
祖灵的后裔，尘世的伙伴，猎人的族亲。
用那弓质询敌人的低语，
用那眼洞见未至厄运。

【歌曲列表】
Mortal Eye",161775300,明日方舟,2023-07-06T02:52:26+00:00,1988331,121955,44824,41873,10310,6978,562,https://www.bilibili.com/video/BV1tz4y1E7WY,official_public_aggregate,exact_api,2026-09-11T22:18:47+00:00,music_ep,False
BV1gh4y1M7Ya,《明日方舟》全新故事「眠于树影之中」活动宣传PV,"'--重铸未来 方舟启航--
《明日方舟》全新故事「眠于树影之中」活动宣传PV

↓↓《明日方舟》bilibili服下载↓↓
https://www.biligame.com/detail/?id=101772

在梦里，大部分人只能是影子的猎物。
但是别怕，南方人。听我的。",161775300,明日方舟,2023-06-30T02:55:27+00:00,2249302,133769,32568,13800,27806,9669,10645,https://www.bilibili.com/video/BV1gh4y1M7Ya,official_public_aggregate,exact_api,2026-09-02T18:57:40.658319+08:00,,
BV1DF411d7RT,《明日方舟》EP - Before & After,"6月28日 Before & After 正式上架塞壬唱片官网，网易云音乐及QQ音乐等平台
塞壬唱片官网链接：https://monster-siren.hypergryph.com/music/232264 

【专辑介绍】
塞壬唱片-MSR全新音乐系列《未竟之旅》，第一期已隆重发行，诚邀聆听，不胜荣幸。

【歌曲列表】
1. Intro: Reminiscence
2. Before & After",161775300,明日方舟,2023-06-28T03:16:44+00:00,1740424,147669,57283,51296,23436,7067,4473,https://www.bilibili.com/video/BV1DF411d7RT,official_public_aggregate,exact_api,2026-09-11T22:18:47+00:00,music_ep,False
BV1eX4y1i7k9,【明日方舟×中国航天神舟传媒】“宿于繁星”限时活动宣传PV,"【明日方舟×中国航天神舟传媒】“宿于繁星”限时活动即将开启

行舟驰骋，求索参商。


———————————— 
更多活动内容请持续关注《明日方舟》游戏内公告及官方公告。",161775300,明日方舟,2023-06-23T03:00:00+00:00,2356369,255371,97335,38186,47569,14950,16171,https://www.bilibili.com/video/BV1eX4y1i7k9,official_public_aggregate,exact_api,2026-09-11T22:17:25+00:00,event_pv,False
BV1xu4y1d79V,《明日方舟》EP - Before Summer,"6月8日 Before Summer 正式上架塞壬唱片官网，网易云音乐及QQ音乐等平台
塞壬唱片官网链接：https://monster-siren.hypergryph.com/music/953984

【专辑介绍】
清晨的广播在耳边响起，
下午的冰棍融化在指尖。
在我们奔向未来以前，
亲爱的朋友，那将是平凡的一天。
A day like any other.
Before our Summer.

【歌曲列表】
Before Summer",161775300,明日方舟,2023-06-08T09:00:00+00:00,1949712,176974,75807,64052,16935,6616,6433,https://www.bilibili.com/video/BV1xu4y1d79V,official_public_aggregate,exact_api,2026-09-11T22:18:37+00:00,music_ep,False
BV16c41137iE,《明日方舟》EP - Stained,"6月8日 Stained 正式上架塞壬唱片官网，网易云音乐及QQ音乐等平台
塞壬唱片官网链接：https://monster-siren.hypergryph.com/music/306818

【专辑介绍】
光翼庇佑所有合规的律法，
铳口生出一株枯萎的残花。

【歌曲列表】
Stained",161775300,明日方舟,2023-06-08T02:59:27+00:00,4146164,99327,28634,29551,8074,5215,4312,https://www.bilibili.com/video/BV16c41137iE,official_public_aggregate,exact_api,2026-09-11T22:18:36+00:00,music_ep,False
BV1eN41117Pb,《明日方舟》SideStory「空想花庭」活动宣传PV,"'--重铸未来 方舟启航--

《明日方舟》SideStory「空想花庭」活动宣传PV

↓↓《明日方舟》bilibili服下载↓↓
https://www.biligame.com/detail/?id=101772

SideStory「空想花庭」限时活动即将开启

钟被敲响，铳声长鸣，
世间可还有一片净土？
一座理想的乐园？

———————————— 
详细活动内容敬请关注《明日方舟》官网及游戏内相关公告。",161775300,明日方舟,2023-06-02T02:53:53+00:00,3159802,152930,48041,22256,34351,18649,16199,https://www.bilibili.com/video/BV1eN41117Pb,official_public_aggregate,exact_api,2026-09-11T22:18:11+00:00,event_pv,False
BV16h411w7im,《明日方舟》玩法介绍 - 尖灭测试作战,"'--重铸未来 方舟启航--
《明日方舟》玩法介绍 - 尖灭测试作战

↓↓《明日方舟》bilibili服下载↓↓
https://www.biligame.com/detail/?id=101772

斗志、毅力、调遣、应变、筹划、洞察
您的记录刻于金铁之上，为圣所永久铭记。",161775300,明日方舟,2023-05-20T03:10:00+00:00,1461317,109572,15812,7577,20136,24276,3305,https://www.bilibili.com/video/BV16h411w7im,official_public_aggregate,exact_api,2026-09-02T18:57:45.405200+08:00,,
BV1WL411a7hp,《明日方舟》EP -The cure,"5月3日 The cure 正式上架塞壬唱片官网，网易云音乐及QQ音乐等平台
塞壬唱片官网链接：https://monster-siren.hypergryph.com/music/953986

【专辑介绍】
在你们的宏图伟业中，
是否会有那些嚎哭的容身之地？

【歌曲列表】
The cure",161775300,明日方舟,2023-05-03T02:52:48+00:00,988783,84463,26846,23199,3452,6620,1185,https://www.bilibili.com/video/BV1WL411a7hp,official_public_aggregate,exact_api,2026-09-11T22:18:27+00:00,music_ep,False
BV1f14y1Z726,《明日方舟》EP -Dormant Craving,"5月2日 Dormant Craving 正式上架塞壬唱片官网，网易云音乐及QQ音乐等平台
塞壬唱片官网链接：https://monster-siren.hypergryph.com/music/125075 

【专辑介绍】
尾尖扫过废墟，
露水沾湿耳羽，
历史埋没在我的骨血中。

【歌曲列表】
Dormant Craving",161775300,明日方舟,2023-05-02T03:00:00+00:00,2089466,108090,40606,48480,9544,5721,1854,https://www.bilibili.com/video/BV1f14y1Z726,official_public_aggregate,exact_api,2026-09-11T22:18:44+00:00,music_ep,False
BV14X4y1U7iR,《明日方舟》EP -Morning Dew,"5月1日 Morning Dew 正式上架塞壬唱片官网，网易云音乐及QQ音乐等平台
塞壬唱片官网链接：https://monster-siren.hypergryph.com/music/232276

【专辑介绍】
This room was built for one chair only
I’m not empty I’m just lonely
Oh no
I whisper as you fade

【歌曲列表】
Morning Dew",161775300,明日方舟,2023-05-01T03:09:25+00:00,2843426,158848,80630,64335,14185,12246,11540,https://www.bilibili.com/video/BV14X4y1U7iR,official_public_aggregate,exact_api,2026-09-11T22:18:47+00:00,music_ep,False
BV1Zs4y1c7td,《明日方舟》限定干员「缪尔赛思」前瞻PV,"今日的它孤身一木。

明天这里一定能成为新的林地。",161775300,明日方舟,2023-04-28T02:49:33+00:00,1444507,121316,39339,20252,14184,4942,11342,https://www.bilibili.com/video/BV1Zs4y1c7td,official_public_aggregate,exact_api,2026-09-02T18:54:49.233040+08:00,,
BV1Ds4y1A7pK,《明日方舟》四周年特别直播节目（附字幕）,"再次感谢大家的支持，之后我们将在官方自媒体账号陆续更新《明日方舟》四周年庆典相关具体内容。
更多活动详情详见官网、游戏内及官方自媒体账号公告。",161775300,明日方舟,2023-04-27T05:15:00+00:00,701678,58835,14707,8672,2061,1849,5628,https://www.bilibili.com/video/BV1Ds4y1A7pK,official_public_aggregate,exact_api,2026-09-11T22:18:15+00:00,other_official,False
BV1fV4y1o7PW,《明日方舟》四周年庆典声优祝福,"'-特别感谢-

（以下排名不分先后）

筱筝 许潇文 陈彦亦
云鹤追 于丰硕 闲踏梧桐
鬼头明里 佐藤元
石川由依 速水奖 寺岛拓笃
小林裕介 小西克幸 

来自各位老师们为本次《明日方舟》四周年送上的祝福。
非常感谢老师们的祝福与认可！",161775300,明日方舟,2023-04-27T04:54:26+00:00,369547,45352,6633,4974,943,1040,2321,https://www.bilibili.com/video/BV1fV4y1o7PW,official_public_aggregate,exact_api,2026-09-11T22:18:06+00:00,other_official,False
BV1sT411H7CW,《明日方舟》四周年庆典印象曲 - Blues with you,《明日方舟》四周年庆典印象曲 - Blues with you,161775300,明日方舟,2023-04-27T03:00:00+00:00,1017708,81498,27560,25603,6724,2511,962,https://www.bilibili.com/video/BV1sT411H7CW,official_public_aggregate,exact_api,2026-09-11T22:17:50+00:00,other_official,False
BV1Ac411J7Ki,《明日方舟》特别映像 [拉特兰：圣灵],"有歌谣唱：
“众圣徒行走至此，见无数辉光。”
“秩序闪烁，律法显现。”
“众圣徒说：应在此建筑一座城。”

于是萨科塔的乐园在地上建立，名为——拉特兰。",161775300,明日方舟,2023-04-24T03:00:00+00:00,1149873,90892,17302,14717,6825,3849,1231,https://www.bilibili.com/video/BV1Ac411J7Ki,official_public_aggregate,exact_api,2026-09-02T18:57:42.230695+08:00,,
BV13k4y1J7Lo,《明日方舟》特别映像 [萨米：接触],"本文件由哥伦比亚梅兰德探索协会自然勘察委员会整理，面向有志于进行萨米、乌萨斯以北冰原勘察活动的个人或团体。
想要获取完整的培训资料，请与自然勘察委员会的工作人员联系。
友情提示：本文件中的部分内容可能会引起一般民众不必要的恐慌。请勿将其泄露给大众媒体。",161775300,明日方舟,2023-04-23T03:00:00+00:00,1245590,95033,18771,13593,7998,4652,1779,https://www.bilibili.com/video/BV13k4y1J7Lo,official_public_aggregate,exact_api,2026-09-11T22:17:45+00:00,animation_brand,False
BV1m24y1c7ny,《明日方舟》x《命运2》 前瞻预告,很荣幸携手Bungie工作室，为博士们带来《明日方舟》x 《命运2》联动故事集以及联动时装。,161775300,明日方舟,2023-04-22T13:20:53+00:00,3073482,143030,18077,11566,43957,17256,12405,https://www.bilibili.com/video/BV1m24y1c7ny,official_public_aggregate,exact_api,2026-09-11T22:17:57+00:00,other_official,False
BV13o4y1b7Tg,《小刻de画图写话》制作中预告,不可以吃的东西不可以吃！,161775300,明日方舟,2023-04-22T13:10:53+00:00,625524,71913,9485,89,2224,1049,205,https://www.bilibili.com/video/BV13o4y1b7Tg,official_public_aggregate,exact_api,2026-09-11T22:17:45+00:00,other_official,False
BV1Tk4y1J71z,主线动画《明日方舟：冬隐归路》先导PV,"冰雪欲来，前路依旧。
主线动画《明日方舟：冬隐归路》 锐意制作中",161775300,明日方舟,2023-04-22T13:05:53+00:00,813044,83468,16901,9316,4817,2316,558,https://www.bilibili.com/video/BV1Tk4y1J71z,official_public_aggregate,exact_api,2026-09-02T18:57:42.230695+08:00,,
BV1DM411V72x,《明日方舟》四周年庆典活动宣传pv,"'--重铸未来 方舟启航--
《明日方舟》四周年庆典活动宣传pv

↓↓《明日方舟》bilibili服下载↓↓
https://www.biligame.com/detail/?id=101772

乌云在特里蒙上空聚集，雷声滚滚，快下雨了。

———————————— 
《明日方舟》四周年庆典即将开启，详细活动内容敬请关注《明日方舟》官网及游戏内相关公告。",161775300,明日方舟,2023-04-22T12:10:53+00:00,4868713,178050,92518,43551,42908,24319,25329,https://www.bilibili.com/video/BV1DM411V72x,official_public_aggregate,exact_api,2026-09-11T22:18:02+00:00,event_pv,False
BV12m4y12726,《明日方舟》SideStory「孤星」活动先导PV,从来没有人质疑日升月落，也没有人质疑万物生长。,161775300,明日方舟,2023-04-22T12:05:53+00:00,2370707,130672,55429,32701,22424,4998,5541,https://www.bilibili.com/video/BV12m4y12726,official_public_aggregate,exact_api,2026-09-11T22:18:25+00:00,event_pv,False
BV1yT411H79u,《明日方舟》EP -Endospore,"4月16日 Endospore 正式上架塞壬唱片官网，网易云音乐及QQ音乐等平台
塞壬唱片官网链接：https://monster-siren.hypergryph.com/music/048713

【专辑介绍】
祝祷未来，敬祈新生。

【歌曲列表】
Endospore",161775300,明日方舟,2023-04-16T03:00:00+00:00,1715220,123522,44781,40512,11911,5037,1587,https://www.bilibili.com/video/BV1yT411H79u,official_public_aggregate,exact_api,2026-09-02T18:57:42.230695+08:00,,
BV1ph411u7Pa,2023明日方舟嘉年华「幕后制作记录」,"2023明日方舟嘉年华 幕后制作记录公开

来自泰拉大陆的诸多幻想都将通过嘉年华照进触手可及的现实，更多精彩与感动，等待博士们亲自探寻。
2022-2023，久等了。

*本纪录片中出现的相关展区画面为施工中的未完成状态，不代表最终效果，请以现场实际效果为准。",161775300,明日方舟,2023-04-13T04:05:00+00:00,1247768,117286,42478,17690,21101,4660,3916,https://www.bilibili.com/video/BV1ph411u7Pa,official_public_aggregate,exact_api,2026-09-02T18:55:01.755188+08:00,,
BV1Rh411u7mf,《明日方舟》EP - Squad Unknown,"4月6日 Squad Unknown 正式上架塞壬唱片官网，网易云音乐及QQ音乐等平台
塞壬唱片官网链接：https://monster-siren.hypergryph.com/music/779408

【专辑介绍】
你要如何形容一场战争，用那些残酷、狂热、盲目的词汇？
它不应被修饰，不应被赋予美称，不应属于任何人。
如同萨卡兹不坐拥战争，也不被某个名字所称谓。

【歌曲列表】
Squad Unknown",161775300,明日方舟,2023-04-06T03:53:52+00:00,1207377,89982,27704,25328,4700,3729,2939,https://www.bilibili.com/video/BV1Rh411u7mf,official_public_aggregate,exact_api,2026-09-11T22:18:36+00:00,music_ep,False
BV1tg4y1g7HC,《明日方舟》主题曲【惊霆无声】概念pv,这场战争不配用任何比喻修饰。,161775300,明日方舟,2023-04-06T03:00:00+00:00,1219100,94916,24484,12737,9585,3811,2116,https://www.bilibili.com/video/BV1tg4y1g7HC,official_public_aggregate,exact_api,2026-09-02T18:55:39.570588+08:00,,
BV1gY4y1D71D,《明日方舟》主题曲【惊霆无声】开放 限时纪念活动宣传pv,"'--重铸未来 方舟启航--
《明日方舟》主题曲【惊霆无声】开放 限时纪念活动宣传pv

↓↓《明日方舟》bilibili服下载↓↓
https://www.biligame.com/detail/?id=101772

惊雷划破阴霾，被遗忘的尘埃于烈火中嘶吼，何人将拯救吾等臣民？

———————————— 
详细活动内容敬请关注《明日方舟》官网及游戏内相关公告。",161775300,明日方舟,2023-03-30T03:00:00+00:00,2485425,131969,42787,18180,23851,9164,11828,https://www.bilibili.com/video/BV1gY4y1D71D,official_public_aggregate,exact_api,2026-09-11T22:17:50+00:00,event_pv,False
BV1CV4y1D77S,《明日方舟》2023「音律联觉-愚夜密函」先导预告,"就罗德岛资料室文件失窃一案，当前播报最新调查进展：
经过对所获信函的字迹比对分析，确认雇佣兵W就是此案的始作俑者。
【W】于逃离前在现场隐藏了一些行踪线索，希望各位博士可以协助我方解开谜题找到W的行踪线索。

活动地址：https://ak.hypergryph.com/activity/rogues-secret-rooms
活动时间：2023年3月27日12:00-4月7日12:00
活动规则：活动期间，参与【怪盗的密室挑战】破解谜题即可获得【W】的行踪线索，收集齐全部线索后可参与抽奖。将有机会抽取【",161775300,明日方舟,2023-03-27T04:00:00+00:00,2288548,174421,57036,1192,56420,13718,2071,https://www.bilibili.com/video/BV1CV4y1D77S,official_public_aggregate,exact_api,2026-09-02T18:57:48.485422+08:00,,
BV15v4y1L7nB,《明日方舟》危机合约新赛季「起源行动」宣传PV,烈火重燃，恐惧从未熄灭，既为起源，也为终点。,161775300,明日方舟,2023-03-16T03:00:54+00:00,4133168,252510,145411,62551,63353,17423,21317,https://www.bilibili.com/video/BV15v4y1L7nB,official_public_aggregate,exact_api,2026-09-11T22:18:20+00:00,gameplay_system,False
BV1BM4y1R718,【明日方舟×怪物猎人】SideStory「落叶逐火」活动宣传PV,"'--重铸未来 方舟启航--
【明日方舟×怪物猎人】SideStory「落叶逐火」活动宣传PV

↓↓《明日方舟》bilibili服下载↓↓
https://www.biligame.com/detail/?id=101772

“生命诞生于这片大地之上，并非为了轻易死去，活着才拥有全部的可能。”

———————————— 
详细活动内容敬请关注《明日方舟》官网及游戏内相关公告。",161775300,明日方舟,2023-03-03T09:00:00+00:00,5728996,262125,109392,39476,128228,30233,19197,https://www.bilibili.com/video/BV1BM4y1R718,official_public_aggregate,exact_api,2026-09-11T22:18:24+00:00,event_pv,False
BV1Dv4y1s724,《明日方舟》EP - 春岚,"2月14日 春岚 正式上架塞壬唱片官网，网易云音乐及QQ音乐等平台
塞壬唱片官网链接：https://monster-siren.hypergryph.com/music/514557

【专辑介绍】
暖雪凉月冷山，
秋霜冬蕊春岚。

【歌曲列表】
春岚",161775300,明日方舟,2023-02-14T03:00:00+00:00,1073709,76370,20277,15716,4843,3516,3473,https://www.bilibili.com/video/BV1Dv4y1s724,official_public_aggregate,exact_api,2026-09-02T18:56:21.100154+08:00,,
BV1aA4116773,《明日方舟》全新故事「春分」活动宣传PV,"'--重铸未来 方舟启航--
《明日方舟》全新故事「春分」活动宣传PV

↓↓《明日方舟》bilibili服下载↓↓
https://www.biligame.com/detail/?id=101772

再小的石头，落下山时也会发出够大的声响，传入所有人的耳朵。",161775300,明日方舟,2023-02-07T03:00:00+00:00,2152829,128800,30759,14379,38708,10947,10432,https://www.bilibili.com/video/BV1aA4116773,official_public_aggregate,exact_api,2026-09-02T18:57:39.137784+08:00,,
BV1jR4y1Y7zm,《明日方舟》EP - 兔兔在哪里？,"1月22日 兔兔在哪里？ 正式上架塞壬唱片官网，网易云音乐及QQ音乐等平台
塞壬唱片官网链接：https://monster-siren.hypergryph.com/music/306821

【专辑介绍】
博士，听说炎国即将迎来对卡特斯来说很特殊的一年呢，快叫上卡特斯干员一起庆祝新春吧！……诶，等等，兔兔们哪儿去了？

【歌曲列表】
兔兔在哪里？",161775300,明日方舟,2023-01-22T03:00:00+00:00,1416115,142796,29301,26681,13921,4348,2431,https://www.bilibili.com/video/BV1jR4y1Y7zm,official_public_aggregate,exact_api,2026-09-02T18:56:26.543802+08:00,,
BV1FR4y1e7Cy,《明日方舟》EP - 近尘烟,"1月18日 近尘烟 正式上架塞壬唱片官网，网易云音乐及QQ音乐等平台
塞壬唱片官网链接：https://monster-siren.hypergryph.com/music/232275

【专辑介绍】
市井深巷，夜半酒香。
《近尘烟》，大隐于市，小隐于野。

【歌曲列表】
近尘烟",161775300,明日方舟,2023-01-18T03:00:00+00:00,1569942,112796,29864,31094,8738,3159,3900,https://www.bilibili.com/video/BV1FR4y1e7Cy,official_public_aggregate,exact_api,2026-09-11T22:18:37+00:00,music_ep,False
BV15G4y1w7KE,《明日方舟》特别映像 [炎：劫争],"民间口口相传的神话，
司岁台秘藏的卷宗，
都不过是祂的一场大梦，
梦醒皆是泡影。",161775300,明日方舟,2023-01-17T04:00:00+00:00,1677412,135296,42418,27308,26869,9044,5461,https://www.bilibili.com/video/BV15G4y1w7KE,official_public_aggregate,exact_api,2026-09-11T22:17:27+00:00,animation_brand,False
BV1MR4y1a7KX,《明日方舟》EP - 定风波,"1月17日 定风波 正式上架塞壬唱片官网，网易云音乐及QQ音乐等平台
塞壬唱片官网链接：https://monster-siren.hypergryph.com/music/953993

【专辑介绍】
春山起霜柝，凭鳞定风波。
霄虹如故影伶仃，沧浪遍历。

【歌曲列表】
定风波",161775300,明日方舟,2023-01-17T02:00:00+00:00,1628160,123646,42440,34778,11005,6012,9871,https://www.bilibili.com/video/BV1MR4y1a7KX,official_public_aggregate,exact_api,2026-09-11T22:18:47+00:00,music_ep,False
BV18M411b7dm,《明日方舟》限定干员「重岳」前瞻PV,"见生死，知苦难，动心忍性。
才发现原来答案不在于外物，
而是要求诸己身。",161775300,明日方舟,2023-01-14T03:00:00+00:00,2360142,163646,50928,29157,40893,8526,10539,https://www.bilibili.com/video/BV18M411b7dm,official_public_aggregate,exact_api,2026-09-11T22:18:32+00:00,operator_pv,False
BV1Jx4y1G7cb,《明日方舟》2023新春前瞻特辑视频,"《明日方舟》2023新春前瞻特辑现已结束，感谢大家的支持。本次新春前瞻特辑视频现已上传。

另外，「除晦迎新好运来」网页活动 目前也已开启，欢迎大家前来参与。
活动参与地址：https://ak.hypergryph.com/special/horoscope-2023/

————————————
更多活动详情内容详见官网、游戏内公告及官方自媒体账号。",161775300,明日方舟,2023-01-08T12:35:00+00:00,1567217,110499,27704,12158,12988,11229,24430,https://www.bilibili.com/video/BV1Jx4y1G7cb,official_public_aggregate,exact_api,2026-09-11T22:17:59+00:00,other_official,False
BV1ee4y137g3,《明日方舟》SideStory「登临意」活动宣传PV,"'--重铸未来 方舟启航--

《明日方舟》SideStory「登临意」活动宣传PV

↓↓《明日方舟》bilibili服下载↓↓
https://www.biligame.com/detail/?id=101772

辞旧迎新，SideStory「登临意」限时活动即将开启

广漠千里，春风不度。
你因何留在玉门？又因何离开这里？

———————————— 
详细活动内容敬请关注《明日方舟》官网及游戏内相关公告。",161775300,明日方舟,2023-01-08T12:15:00+00:00,2760712,121766,41789,19311,22248,11354,18161,https://www.bilibili.com/video/BV1ee4y137g3,official_public_aggregate,exact_api,2026-09-11T22:18:00+00:00,event_pv,False
BV1Pg411s72k,《明日方舟》SideStory「登临意」活动先导PV,既然醒了，回到这纷扰尘世，就不免要真的刀兵相见了。,161775300,明日方舟,2023-01-08T12:10:00+00:00,1641156,111749,34497,21613,24793,4112,6834,https://www.bilibili.com/video/BV1Pg411s72k,official_public_aggregate,exact_api,2026-09-11T22:17:57+00:00,event_pv,False
BV1bG4y1E7Ah,《明日方舟》EP - A Cold Call,"12月30日 A Cold Call 正式上架塞壬唱片官网，网易云音乐及QQ音乐等平台
塞壬唱片官网链接：https://monster-siren.hypergryph.com/music/697646
塞壬唱片-MSR × Rhodes Islands，时代系列专辑第四弹载誉而来，圆满收官，期待再次与您相遇。

激昂独奏，
只为舞台之外的主角。
嘘，别问任务的真相，
就当是场突然造访。

【歌曲列表】
A Cold Call",161775300,明日方舟,2022-12-30T03:00:00+00:00,1691435,132942,40448,36341,16149,5147,2837,https://www.bilibili.com/video/BV1bG4y1E7Ah,official_public_aggregate,exact_api,2026-09-11T22:18:37+00:00,music_ep,False
BV1tW4y1K7rM,《明日方舟》×高德地图 阿米娅导航语音合作宣传PV,"“我坚信你会带领罗德岛走上正确的道路，我们就此启航吧！”

明日方舟携手高德地图，阿米娅导航语音正式上线
活动链接请见：https://n1.a-map.link/iyWqATcP15W

一、下载阿米娅导航语音即可在高德app内获得游戏内道具兑换码
二、配套阿米娅主题高德地图皮肤同步上线，下载阿米娅导航语音即可获得

后续活动内容及最新消息，请关注高德地图自媒体账号。",161775300,明日方舟,2022-12-28T02:00:00+00:00,1529296,152284,15997,14624,37107,7285,3410,https://www.bilibili.com/video/BV1tW4y1K7rM,official_public_aggregate,exact_api,2026-09-11T22:17:25+00:00,other_pv,False
BV1oW4y1N72d,《明日方舟》EP - Snowy Night,"12月24日 Snowy Night正式上架塞壬唱片官网，网易云音乐及QQ音乐等平台
塞壬唱片官网链接：https://monster-siren.hypergryph.com/music/514569

【专辑介绍】
炉火熏热了玻璃房，姜饼，苹果和拐杖糖，在穹顶下闪闪发光。
冬日的《Snowy Night》，温暖的小憩时光。愿你节日快乐，朋友。

【歌曲列表】
Snowy Night",161775300,明日方舟,2022-12-24T09:00:00+00:00,1070943,113814,28477,21556,8900,2921,1551,https://www.bilibili.com/video/BV1oW4y1N72d,official_public_aggregate,exact_api,2026-09-11T22:18:27+00:00,music_ep,False
BV1Ev4y1978y,《明日方舟》EP - Flame Shadow,"12月15日 Flame Shadow 正式上架塞壬唱片官网，网易云音乐及QQ音乐等平台
塞壬唱片官网链接：https://monster-siren.hypergryph.com/music/514562

【专辑介绍】
熔铸冻雨，浇筑火炬，
In Flame, in Shadow...
为你燃烧，如此明亮。

【歌曲列表】
Flame Shadow",161775300,明日方舟,2022-12-15T03:00:00+00:00,1866111,119158,49382,44532,14722,7753,4586,https://www.bilibili.com/video/BV1Ev4y1978y,official_public_aggregate,exact_api,2026-09-11T22:18:39+00:00,music_ep,False
BV1hK41167zi,《明日方舟》2022「音律联觉-灯下定影」官方录播,2022明日方舟音律联觉-灯下定影官方录播已正式上线，本次录播bilibili大会员抢先观看1个月，后续可免费观看。,161775300,明日方舟,2022-12-10T04:00:02+00:00,3322264,105715,78880,29430,11473,3999,23990,https://www.bilibili.com/video/BV1hK41167zi,official_public_aggregate,exact_api,2026-09-11T22:17:59+00:00,offline_event,False
BV1sM411z7wZ,《明日方舟》2022「音律联觉-灯下定影」官方录播即将上线,"诸位亲爱的观众朋友们，
感谢大家此前对电影首映会的大力支持！为了回馈各位的踊跃观影，也为了让更多人享受到电影艺术的美好，明日起音律联觉-灯下定影将正式公映。无论您是否参与过首映，都欢迎前来观看！

一、2022明日方舟音律联觉-灯下定影官方录播12月10日12:00将于bilibili独家上线，本次录播bilibili大会员抢先观看1个月，后续可免费观看，更多详情请关注https://www.bilibili.com/bangumi/media/md28344571

二、音律联觉-灯下定影原声EP将于2",161775300,明日方舟,2022-12-09T04:07:38+00:00,736978,59144,10844,3197,2766,1787,468,https://www.bilibili.com/video/BV1sM411z7wZ,official_public_aggregate,exact_api,2026-09-02T18:57:48.485422+08:00,,
BV1MR4y1C7QW,《明日方舟》SideStory「照我以火」活动宣传PV,"'--重铸未来 方舟启航--
《明日方舟》SideStory「照我以火」活动宣传PV

↓↓《明日方舟》bilibili服下载↓↓
https://www.biligame.com/detail/?id=101772

SideStory「照我以火」限时活动即将开启

————————————

“你听说过芦苇管可以做哨笛吗？就是那些一把火就能烧尽的草秆。”

————————————
更多活动内容请持续关注《明日方舟》游戏内公告及官方公告。",161775300,明日方舟,2022-12-08T03:00:25+00:00,3314389,162887,57480,23281,49419,16150,15361,https://www.bilibili.com/video/BV1MR4y1C7QW,official_public_aggregate,exact_api,2026-09-11T22:18:02+00:00,event_pv,False
BV1ED4y1x7Vc,《明日方舟》危机合约新赛季「赝波行动」宣传PV,"'--重铸未来 方舟启航--
《明日方舟》危机合约新赛季「赝波行动」宣传PV

↓↓《明日方舟》bilibili服下载↓↓
https://www.biligame.com/detail/?id=101772

____________________________
一、2022「感谢庆典」，#11赛季「赝波行动」开启
二、2022「感谢庆典」，【联合行动】特选干员定向寻访开启
三、「感谢庆典」，“资源收集”关卡限时全天开放

更多活动内容请持续关注《明日方舟》官方公告。",161775300,明日方舟,2022-11-10T03:00:00+00:00,2061083,137868,28971,15267,25443,7344,828,https://www.bilibili.com/video/BV1ED4y1x7Vc,official_public_aggregate,exact_api,2026-09-11T22:18:11+00:00,gameplay_system,False
BV1wd4y1C7YM,《明日方舟》EP - Go My Way,"11月3日 Go My Way 正式上架塞壬唱片官网，网易云音乐及QQ音乐等平台
塞壬唱片官网链接：https://monster-siren.hypergryph.com/music/514564

【专辑介绍】
沿着狼群奔驰的方向，
我们前进在蜿蜒的道路之上，
昼夜交替，前路漫漫，永无止境。

【歌曲列表】
Go My Way",161775300,明日方舟,2022-11-03T03:00:00+00:00,1080765,79441,17872,20783,3552,5103,2351,https://www.bilibili.com/video/BV1wd4y1C7YM,official_public_aggregate,exact_api,2026-09-11T22:18:36+00:00,music_ep,False
BV1Ce4y1y7Ly,《明日方舟》EP - Sentenced,"11月2日 Sentenced 正式上架塞壬唱片官网，网易云音乐及QQ音乐等平台
塞壬唱片官网链接：https://monster-siren.hypergryph.com/music/125090

【专辑介绍】
落下的木槌敲响了法庭，
我曾秉持的不过一杆歪曲的天平。
是的，过往终须弥补，
《Sentenced》，一百万次忏悔与低鸣。

【歌曲列表】
Sentenced",161775300,明日方舟,2022-11-02T03:00:00+00:00,1842869,104734,47128,46226,9832,3481,2711,https://www.bilibili.com/video/BV1Ce4y1y7Ly,official_public_aggregate,exact_api,2026-09-11T22:18:33+00:00,music_ep,False
BV1Ld4y1C7kY,《明日方舟》EP - Thorns In You,"11月1日 Thorns In You 正式上架塞壬唱片官网，网易云音乐及QQ音乐等平台
塞壬唱片官网链接：https://monster-siren.hypergryph.com/music/697641

【专辑介绍】
春去秋来的过去，是一抔纠缠不休的土壤，暗自滋生出荆棘。

【歌曲列表】
Thorns In You",161775300,明日方舟,2022-11-01T03:00:00+00:00,2188908,125208,41133,35818,8792,6120,8776,https://www.bilibili.com/video/BV1Ld4y1C7kY,official_public_aggregate,exact_api,2026-09-11T22:18:31+00:00,music_ep,False
BV1h14y1L7UV,《明日方舟》2022「音律联觉-灯下定影」幕后制作记录,"2022明日方舟音律联觉-灯下定影 幕后制作记录公开

遗憾无法线下相见
但所有的美好，仍希望能以线上播出的方式带给所有博士。",161775300,明日方舟,2022-10-30T04:00:00+00:00,914243,92721,52298,878,17538,6917,1095,https://www.bilibili.com/video/BV1h14y1L7UV,official_public_aggregate,exact_api,2026-09-02T18:57:48.485422+08:00,,
BV1Wt4y1T78v,《明日方舟》2022「感谢庆典」前瞻特别节目（附字幕）,"再次感谢大家的支持，之后我们将在官方自媒体账号陆续更新《明日方舟》2022「感谢庆典」相关具体内容。
更多活动详情详见官网、游戏内公告及双微。",161775300,明日方舟,2022-10-28T13:43:10+00:00,842272,73827,16119,9465,3089,2697,5714,https://www.bilibili.com/video/BV1Wt4y1T78v,official_public_aggregate,exact_api,2026-09-11T22:18:15+00:00,other_official,False
BV1jG411A79W,《明日方舟》2022「感谢庆典」声优祝福,"'-特别感谢-

（以下排名不分先后）

刘雯 包少爷 翁媛 郑武文杰
梁爽 浅仓杏美 逢坂良太
小山力也 佐藤聪美 今井麻美

来自各位老师们为本次《明日方舟》2022「感谢庆典」送上的祝福。
非常感谢老师们的祝福与认可！",161775300,明日方舟,2022-10-28T12:47:44+00:00,425760,53034,6947,5900,1192,1288,2693,https://www.bilibili.com/video/BV1jG411A79W,official_public_aggregate,exact_api,2026-09-11T22:18:06+00:00,other_official,False
BV19P411A7jC,《明日方舟》限定干员「缄默德克萨斯」前瞻PV,"""Fattene una ragione!""
""Sei ancora ...""
""... una siracusana.""",161775300,明日方舟,2022-10-28T03:00:11+00:00,2062719,146654,46634,28381,28035,4519,11678,https://www.bilibili.com/video/BV19P411A7jC,official_public_aggregate,exact_api,2026-09-02T18:57:48.485422+08:00,,
BV1oe4y147aZ,《明日方舟》2022「音律联觉-灯下定影」尤里卡的电影测评时间,"大家好，欢迎来到尤里卡的直播间！
听说年导的四部大作马上就要上映了，来跟随尤里卡速览一遍吧！",161775300,明日方舟,2022-10-28T02:00:00+00:00,1079695,87161,15376,10635,7725,4379,3937,https://www.bilibili.com/video/BV1oe4y147aZ,official_public_aggregate,exact_api,2026-09-02T18:57:48.485422+08:00,,
BV1Hm4y1F7oo,《明日方舟》特别映像 [维多利亚：红龙的誓言],"这是很久很久以前的，维多利亚的故事
那时春天还没有离开大地，石头还没有垒成城堡
小小的女孩，与两条红龙成了朋友",161775300,明日方舟,2022-10-24T03:00:00+00:00,849158,79782,18611,14223,7407,2918,707,https://www.bilibili.com/video/BV1Hm4y1F7oo,official_public_aggregate,exact_api,2026-09-02T18:57:46.174104+08:00,,
BV1VV4y157pr,明日方舟2022感谢庆典印象曲 -  Running In the Dark by MONKEY MAJIK,"塞壬唱片-MSR携手MONKEY MAJIK乐队, 打造明日方舟2022感谢庆典印象曲 <Running In the Dark>
正式曲目已于2022年10月24日上线
专辑链接：https://music.163.com/#/album?id=153340389

I could be dreaming but I feel so wide awake 
A secret yearning that is deep inside of me
I can feel you but I cannot se",161775300,明日方舟,2022-10-24T02:00:00+00:00,7655229,432501,360960,291611,79233,11564,14793,https://www.bilibili.com/video/BV1VV4y157pr,official_public_aggregate,exact_api,2026-09-11T22:18:48+00:00,other_official,False
BV17W4y1E7hK,三探泰拉  DISCOVERED TERRA 3.0,"三探泰拉
DISCOVERED TERRA 3.0",161775300,明日方舟,2022-10-23T13:15:29+00:00,1314756,82373,23702,18636,13731,7496,4046,https://www.bilibili.com/video/BV17W4y1E7hK,official_public_aggregate,exact_api,2026-09-11T22:17:21+00:00,other_official,False
BV1cP411K7C6,《明日方舟：黎明前奏》主线动画正式pv,"主线动画《明日方舟：黎明前奏》将于2022年10月29日00:23正式上线，敬请期待。

追番活动正在进行中，请前往主题官网及bilibili追番页了解活动详情。
更多动画相关情报，请博士们持续关注主题官网。

主题官网链接：https://ak.hypergryph.com/anime/
bilibili追番页链接：https://www.bilibili.com/blackboard/activity-Hwxv9c3J53.html",161775300,明日方舟,2022-10-23T13:10:29+00:00,706117,64136,18562,9887,7766,2620,1492,https://www.bilibili.com/video/BV1cP411K7C6,official_public_aggregate,exact_api,2026-09-11T22:17:57+00:00,animation_brand,False
BV1rD4y1r7XA,《明日方舟》2022「感谢庆典」活动宣传PV,"'--重铸未来 方舟启航--
《明日方舟》2022「感谢庆典」活动宣传PV

↓↓《明日方舟》bilibili服下载↓↓
https://www.biligame.com/detail/?id=101772

“你们没有变得更文明，你们只是变得更虚伪了。”",161775300,明日方舟,2022-10-23T12:25:29+00:00,3467963,130071,52698,26289,22879,11045,20908,https://www.bilibili.com/video/BV1rD4y1r7XA,official_public_aggregate,exact_api,2026-09-11T22:18:15+00:00,event_pv,False
BV1b8411e7V8,《明日方舟》SideStory「叙拉古人」活动先导PV,"'--重铸未来 方舟启航--
《明日方舟》SideStory「叙拉古人」活动先导PV

↓↓《明日方舟》bilibili服下载↓↓
https://www.biligame.com/detail/?id=101772

________________________

当剧院的幕布拉开，演员已经就位，好戏即将开场。",161775300,明日方舟,2022-10-23T12:20:29+00:00,2192974,126895,56176,42942,38205,3782,6460,https://www.bilibili.com/video/BV1b8411e7V8,official_public_aggregate,exact_api,2026-09-11T22:17:57+00:00,event_pv,False
BV1ag411h7Uq,《明日方舟》主题曲【淬火尘霾】概念pv,"二十多年来，
再也没有一位蒸汽骑士诞生。
这些以荣光为氅的钢铁甲胄，
从维多利亚消失了。",161775300,明日方舟,2022-10-11T03:00:00+00:00,1846782,113195,38523,21615,24819,6466,2397,https://www.bilibili.com/video/BV1ag411h7Uq,official_public_aggregate,exact_api,2026-09-11T22:18:39+00:00,other_pv,False
BV1uT411N7Se,《明日方舟》EP - Stainless Heart,"10月11日 Stainless Heart正式上架塞壬唱片官网，网易云音乐及QQ音乐等平台
塞壬唱片官网链接：https://monster-siren.hypergryph.com/music/779418

【专辑介绍】
齿轮咬合，
指针旋转，
自高墙的胸腔中，
《Stainless Heart》轰鸣泵动。

【歌曲列表】
Stainless Heart",161775300,明日方舟,2022-10-11T02:00:00+00:00,952215,73328,22284,21538,6031,3515,1895,https://www.bilibili.com/video/BV1uT411N7Se,official_public_aggregate,exact_api,2026-09-11T22:18:33+00:00,music_ep,False
BV1Ye4y1B7ru,《明日方舟》EP - A Sweet Rendez-vous,"10月5日 A Sweet Rendez-vous正式上架塞壬唱片官网，网易云音乐及QQ音乐等平台
塞壬唱片官网链接：https://monster-siren.hypergryph.com/music/232284

【专辑介绍】
塞壬唱片-MSR × Rhodes Islands，时代系列专辑第三弹如期而至，荣登热榜，时下潮流，敬请品鉴。

轻敲琴键，
枫红遍野。
些许清茶小点，
来次甜蜜小聚？

【歌曲列表】
A Sweet Rendez-vous",161775300,明日方舟,2022-10-05T03:00:00+00:00,1370174,126709,45560,34692,14004,4321,1929,https://www.bilibili.com/video/BV1Ye4y1B7ru,official_public_aggregate,exact_api,2026-09-11T22:18:37+00:00,music_ep,False
BV19V4y1N7ZT,《明日方舟》主题曲【淬火尘霾】开放 限时纪念活动宣传pv,"'--重铸未来 方舟启航--
《明日方舟》主题曲【淬火尘霾】开放 限时纪念活动宣传pv

↓↓《明日方舟》bilibili服下载↓↓
https://www.biligame.com/detail/?id=101772

主题曲【淬火尘霾】开放，限时纪念活动开启

战士的意志由寒夜淬炼，
英雄的荣光消散于尘霾。
若时代属于暴力与战争，
我们该如何对抗它？",161775300,明日方舟,2022-10-04T03:00:08+00:00,2490330,129585,41161,18773,35183,10278,10740,https://www.bilibili.com/video/BV19V4y1N7ZT,official_public_aggregate,exact_api,2026-09-11T22:17:59+00:00,event_pv,False
BV1tG411g7Fo,主线动画《明日方舟：黎明前奏》定档PV,"'--重铸未来 方舟启航--

《明日方舟》bilibili服下载
 https://www.biligame.com/detail/?id=101772

——————————
为我们带去胜利的希望，博士，你一定可以。

主线动画《明日方舟：黎明前奏》将于2022年10月29日00:23正式上线
更多情报公开请持续关注官方自媒体账号",161775300,明日方舟,2022-09-24T09:00:24+00:00,1599256,166023,66767,29732,55796,10621,4390,https://www.bilibili.com/video/BV1tG411g7Fo,official_public_aggregate,exact_api,2026-09-02T18:57:46.935424+08:00,,
BV1eW4y1v7ak,《明日方舟》集成战略「水月与深蓝之树」宣传PV,"'--重铸未来 方舟启航--
《明日方舟》集成战略「水月与深蓝之树」宣传PV

↓↓《明日方舟》bilibili服下载↓↓
https://www.biligame.com/detail/?id=101772

海风从肩旁吹过，去往大海的另外一端。
你的终点正在那里，而此时的你尚未起步。
收拾行李，做好准备，大海等待着你的到来。

_____________
全新集成战略主题「水月与深蓝之树」，即将开启
主题开启时间：2022年09月27日 16:00
主题官网链接：https://ak.hypergryp",161775300,明日方舟,2022-09-23T03:00:27+00:00,2988090,152029,64565,30093,44814,14411,18096,https://www.bilibili.com/video/BV1eW4y1v7ak,official_public_aggregate,exact_api,2026-09-11T22:18:05+00:00,gameplay_system,False
BV1ZG4y1B79V,【明日方舟x罗小黑战记】全新故事「好久不见」活动宣传PV,"'--重铸未来 方舟启航--
【明日方舟x罗小黑战记】全新故事「好久不见」活动宣传PV

↓↓《明日方舟》bilibili服下载↓↓
https://www.biligame.com/detail/?id=101772

雨后的龙门，被笼罩在一片蒙蒙的雾气中。湿淋淋的天台上，来自异界的小小旅者将整个城市收入眼底。",161775300,明日方舟,2022-09-09T03:00:18+00:00,3429314,233704,69505,37240,106115,21616,11058,https://www.bilibili.com/video/BV1ZG4y1B79V,official_public_aggregate,exact_api,2026-09-11T22:18:48+00:00,event_pv,False
BV1je41137RM,《明日方舟》EP -  Ensheath,"9月8日 Ensheath正式上架塞壬唱片官网及网易云音乐等平台
塞壬唱片官网链接：https://monster-siren.hypergryph.com/music/461173

【专辑介绍】
那一把剑归入鞘中，
他的光辉为何敛容？
他的心灵扎根于无光荫蔽，
坚固的灵魂宛如钢铁之雨。

【歌曲列表】
Ensheath",161775300,明日方舟,2022-09-08T03:00:00+00:00,1873349,115409,39458,36290,10952,5194,10218,https://www.bilibili.com/video/BV1je41137RM,official_public_aggregate,exact_api,2026-09-11T22:18:33+00:00,music_ep,False
BV1cG4y1r7nt,《明日方舟》全新故事「日暮寻路」活动宣传PV,"'--重铸未来 方舟启航--
《明日方舟》全新故事「日暮寻路」活动宣传PV

↓↓《明日方舟》bilibili服下载↓↓
https://www.biligame.com/detail/?id=101772

“先生，您是什么人，要去哪里？”
“天已经快黑了，您要去哪里？”",161775300,明日方舟,2022-09-02T03:00:44+00:00,3952049,166605,48429,24808,42562,9215,24719,https://www.bilibili.com/video/BV1cG4y1r7nt,official_public_aggregate,exact_api,2026-09-11T22:17:57+00:00,event_pv,False
BV15e4y1Y7Ng,《明日方舟》2022「嘉年华-灯下定影」正式情报公开,"2022明日方舟嘉年华详细情报公开，9月1日19:00正式开启售票！
【活动详情】：https://ak.hypergryph.com/special/festival-2022/
【活动时间】：10月2日-10月5日
【活动地点】：广州广交会会馆A区2.2-4.2馆（广州市海珠区阅江中路380号广交会展馆A区）
※本次票务和大麦网 @哔哩哔哩会员购  进行合作，将于【9月1日19:00】同步开售
【购票链接】：
会员购：https://show.bilibili.com/platform/detail.",161775300,明日方舟,2022-08-31T06:00:00+00:00,1415407,108782,18823,11631,16522,8240,5309,https://www.bilibili.com/video/BV15e4y1Y7Ng,official_public_aggregate,exact_api,2026-09-02T18:57:46.935424+08:00,,
BV1L14y147W5,《明日方舟》2022「音律联觉&嘉年华-灯下定影」情报公开,"2022明日方舟音律联觉灯下定影＆2022明日方舟嘉年华 正式情报公开！

女士们，先生们，欢迎光临，不胜荣幸
请允许我隆重介绍——
忘乡梦境，水墨晕染
蒸汽氤氲，夕色醉人
艺术盛典已然就位，完美画面只待品鉴

根据新冠肺炎防疫政策要求，同时也为了确保博士们的个人安全，本次2022明日方舟音律联觉-灯下定影将会通过线上全球同步的形式进行播出，【2022.10】 敬请期待！
2022明日方舟嘉年华的活动详情将于【8月31日】公开，敬请关注！",161775300,明日方舟,2022-08-30T11:00:00+00:00,1776509,146695,40584,20553,49759,11106,7487,https://www.bilibili.com/video/BV1L14y147W5,official_public_aggregate,exact_api,2026-09-02T18:57:46.935424+08:00,,
BV14G411b7VF,《明日方舟》危机合约新赛季「尘环行动」宣传PV,"'--重铸未来 方舟启航--
《明日方舟》危机合约新赛季「尘环行动」宣传PV

↓↓《明日方舟》bilibili服下载↓↓
https://www.biligame.com/detail/?id=101772

____________________________
一、「夏日嘉年华」，#10赛季「尘环行动」开启
二、「夏日嘉年华」，【联合行动】特选干员定向寻访开启
三、「夏日嘉年华」，“资源收集”限时全天开放

更多活动内容请持续关注《明日方舟》游戏内公告及官方公告。",161775300,明日方舟,2022-08-20T03:00:00+00:00,2612313,155149,38770,23096,41386,12286,7610,https://www.bilibili.com/video/BV14G411b7VF,official_public_aggregate,exact_api,2026-09-11T22:18:11+00:00,gameplay_system,False
BV1714y1b7cm,《明日方舟》EP - All hail Savior!,"8月11日 All hail Savior!正式上架塞壬唱片官网及网易云音乐等平台

塞壬唱片官网链接：https://monster-siren.hypergryph.com/music/232286

【专辑介绍】
高呼救世主的颂歌，勇士！
别再顾忌你的恐惧和停滞，我们将在牺牲前捍卫所有。
相信她，她绝不会让你倒下！

【歌曲列表】
All hail Savior!",161775300,明日方舟,2022-08-11T03:00:00+00:00,1318243,126353,43433,28356,10825,16393,16195,https://www.bilibili.com/video/BV1714y1b7cm,official_public_aggregate,exact_api,2026-09-11T22:18:27+00:00,music_ep,False
BV1gt4y1G7Hq,《明日方舟》2022夏日嘉年华特别通讯视频,"《明日方舟》2022夏日嘉年华特别通讯计划现已结束，感谢大家的支持。
关于《明日方舟》2022夏日嘉年华限时活动详情内容详见官网、游戏内公告及官方自媒体账号。",161775300,明日方舟,2022-08-06T12:45:00+00:00,1788382,114557,34197,14993,12574,9759,28297,https://www.bilibili.com/video/BV1gt4y1G7Hq,official_public_aggregate,exact_api,2026-09-02T18:57:32.158721+08:00,,
BV1qd4y1T7q4,《明日方舟》SideStory「理想城：长夏狂欢季」活动先导PV,"'--重铸未来 方舟启航--
《明日方舟》SideStory「理想城：长夏狂欢季」活动先导PV

↓↓《明日方舟》bilibili服下载↓↓
https://www.biligame.com/detail/?id=101772

________________________

各位，欢迎来到......际崖城。",161775300,明日方舟,2022-08-06T12:10:09+00:00,1266315,96082,27381,15720,8693,3308,8661,https://www.bilibili.com/video/BV1qd4y1T7q4,official_public_aggregate,exact_api,2026-09-11T22:18:02+00:00,event_pv,False
BV1RS4y177yB,主线动画《明日方舟：黎明前奏》先导PV2,「而那个希望，博士，就是您。」,161775300,明日方舟,2022-07-23T12:46:06+00:00,1657269,167815,54023,22028,35916,16995,3614,https://www.bilibili.com/video/BV1RS4y177yB,official_public_aggregate,exact_api,2026-09-02T18:57:39.895344+08:00,,
BV1YU4y1S7D1,《明日方舟》EP - Magic Theorem,"7月5日 Magic Theorem正式上架塞壬唱片官网及网易云音乐等平台

塞壬唱片官网链接：https://monster-siren.hypergryph.com/music/880368

【专辑介绍】
生命跃动的规律，将铺陈于我胸襟。
振动与意识，魔法和奇迹。
One plus one, just me and you.
万物的《Magic Theorem》。

【歌曲列表】
Magic Theorem",161775300,明日方舟,2022-07-05T03:00:00+00:00,2173284,131957,52642,49210,12128,7815,5403,https://www.bilibili.com/video/BV1YU4y1S7D1,official_public_aggregate,exact_api,2026-09-11T22:18:41+00:00,music_ep,False
BV1A34y1p79t,《明日方舟》SideStory「绿野幻梦」活动宣传PV,"'--重铸未来 方舟启航--
《明日方舟》SideStory「绿野幻梦」活动宣传PV

↓↓《明日方舟》bilibili服下载↓↓
https://www.biligame.com/detail/?id=101772

SideStory「绿野幻梦」限时活动即将开启
————————————

科技走不到的地方，看不到的风景，我相信你可以靠自己亲身触碰到。

————————————
更多活动内容请持续关注《明日方舟》游戏内公告及官方公告。",161775300,明日方舟,2022-06-29T03:00:19+00:00,2996672,154067,56937,22276,32915,19586,18153,https://www.bilibili.com/video/BV1A34y1p79t,official_public_aggregate,exact_api,2026-09-11T22:17:59+00:00,event_pv,False
BV1Sr4y137rC,《明日方舟》EP - 行文之韵,"6月16日 行文之韵正式上架塞壬唱片官网及网易云音乐等平台

塞壬唱片官网链接：https://monster-siren.hypergryph.com/music/779422

【专辑介绍】
即使手中没有纸笔
也从未停止书写
就是这样一张薄薄的纸
将在今后毁灭无数人的生活

【歌曲列表】
行文之韵",161775300,明日方舟,2022-06-16T03:00:01+00:00,1567389,98794,24748,24611,8061,5807,1563,https://www.bilibili.com/video/BV1Sr4y137rC,official_public_aggregate,exact_api,2026-09-11T22:17:27+00:00,music_ep,False
BV1o34y1L75s,《明日方舟》EP -  Ständchen,"6月9日 Ständchen正式上架塞壬唱片官网及网易云音乐等平台

塞壬唱片官网链接：https://monster-siren.hypergryph.com/music/306845

【专辑介绍】
血脉里蜿蜒的低语，宛如埋于皮下的荆棘。
踏响命运的跫音，在夜幕中如诉如泣。
《Ständchen》，奏起乐章的终曲。

【歌曲列表】
 Ständchen",161775300,明日方舟,2022-06-09T03:00:00+00:00,1740937,124283,45139,42018,15757,8632,5526,https://www.bilibili.com/video/BV1o34y1L75s,official_public_aggregate,exact_api,2026-09-11T22:17:59+00:00,music_ep,False
BV1UL4y1P7Jd,《明日方舟》EP - Your Star,"塞壬唱片-MSR携手DJ OKAWARI，Stephanie打造全新单曲 <Your Star>
正式曲目已于2022年6月8日上线
塞壬官网专辑链接：https://monster-siren.hypergryph.com/music/306846

【专辑介绍】
在终点之前奔驰的黎明，
高悬的远星也照耀着你。
放声高歌，
张开双臂，
去迎接日出吧。

【歌曲列表】
Your Star",161775300,明日方舟,2022-06-08T09:00:00+00:00,2461721,192356,118120,82929,28434,10356,7846,https://www.bilibili.com/video/BV1UL4y1P7Jd,official_public_aggregate,exact_api,2026-09-11T22:18:41+00:00,music_ep,False
BV1E94y1m765,《明日方舟》玩法介绍 - 保全派驻,"'--重铸未来 方舟启航--
《明日方舟》玩法介绍 - 保全派驻

↓↓《明日方舟》bilibili服下载↓↓
https://www.biligame.com/detail/?id=101772

合作，是一家企业能够长效运营、健康发展的秘诀。
以诚信为基石，以效益为准绳，资源互补，风险共担。
我们拥有职能全面、经验丰富的干员队伍以及最优秀的战地指挥官。
没有他们不能适应的战场，没有他们无法保全的目标。
罗德岛正式推出全新业务模式——保全派驻，合作申请渠道现已开放，期待您的咨询。",161775300,明日方舟,2022-06-05T03:22:51+00:00,1513659,124530,26947,11004,28543,11642,7120,https://www.bilibili.com/video/BV1E94y1m765,official_public_aggregate,exact_api,2026-09-02T18:57:46.935424+08:00,,
BV1Xg411X7KU,《明日方舟》SideStory「尘影余音」活动宣传PV,"'--重铸未来 方舟启航--
《明日方舟》SideStory「尘影余音」活动宣传PV

↓↓《明日方舟》bilibili服下载↓↓
https://www.biligame.com/detail/?id=101772

SideStory「尘影余音」限时活动即将开启
————————————
音乐，莱塔尼亚的灵魂。

音乐连接起这个国度的过去、现在和未来。

围绕着一场感染者举办的音乐会，
危机在城市深处发酵......

“用上你的一切手段，战胜我。”

————————————
更多活动内容请持续关注《",161775300,明日方舟,2022-06-02T03:00:34+00:00,2844263,132149,43005,19813,30073,17400,12722,https://www.bilibili.com/video/BV1Xg411X7KU,official_public_aggregate,exact_api,2026-09-11T22:18:17+00:00,event_pv,False
BV1vZ4y1a7Be,《明日方舟》危机合约新赛季「渊默行动」宣传PV,"'--重铸未来 方舟启航--
《明日方舟》危机合约新赛季「渊默行动」宣传PV

↓↓《明日方舟》bilibili服下载↓↓
https://www.biligame.com/detail/?id=101772

____________________________
一、「三周年庆典」，第9赛季「渊默行动」开启
二、「三周年庆典」，【联合行动】特选干员定向寻访开启
三、「三周年庆典」，“资源收集”限时全天开放

更多活动内容请持续关注《明日方舟》官方公告。",161775300,明日方舟,2022-05-16T03:00:00+00:00,2514938,137103,40563,20749,29127,17255,5347,https://www.bilibili.com/video/BV1vZ4y1a7Be,official_public_aggregate,exact_api,2026-09-11T22:18:20+00:00,gameplay_system,False
BV1AY411A7jB,《明日方舟》EP - Bluish Light,"5月3日 Bluish Light正式上架塞壬唱片官网及网易云音乐等平台

塞壬唱片官网链接：https://monster-siren.hypergryph.com/music/779427

【专辑介绍】
那叶扁舟，承载了微小锃亮的梦想。
它是《Bluish Light》，是一抹汪洋。

【歌曲列表】
Bluish Light",161775300,明日方舟,2022-05-03T03:00:28+00:00,4038733,209241,126403,112071,42601,17979,4502,https://www.bilibili.com/video/BV1AY411A7jB,official_public_aggregate,exact_api,2026-09-11T22:18:47+00:00,music_ep,False
BV1ZY4y1t7Rp,《明日方舟》EP - Rapier,"5月2日 Rapier正式上架塞壬唱片官网及网易云音乐等平台

塞壬唱片官网链接：https://monster-siren.hypergryph.com/music/048734

【专辑介绍】
走向前方吧，守卫律法的战士，
提灯将照穿浓雾，细剑会刺破阴影。
《Rapier》——为了伊比利亚的洁净与德行。

【歌曲列表】
Rapier",161775300,明日方舟,2022-05-02T03:00:00+00:00,1518315,113985,36136,32146,4093,12410,3930,https://www.bilibili.com/video/BV1ZY4y1t7Rp,official_public_aggregate,exact_api,2026-09-11T22:18:37+00:00,music_ep,False
BV1QA4y1D7x8,《明日方舟》EP - Awaken,"5月1日 Awaken正式上架塞壬唱片官网及网易云音乐等平台

塞壬唱片官网链接：https://monster-siren.hypergryph.com/music/461182

【专辑介绍】
她拥抱礁石，连同潮汐。
《Awaken》。嗫嚅在海底的梦境，是否仍在沉眠？

【歌曲列表】
Awaken",161775300,明日方舟,2022-05-01T03:00:00+00:00,3942864,210279,110442,95352,27020,21577,24567,https://www.bilibili.com/video/BV1QA4y1D7x8,official_public_aggregate,exact_api,2026-09-11T22:18:47+00:00,music_ep,False
BV1w44y1371Y,《明日方舟》限定干员「归溟幽灵鲨」前瞻PV,祝你在梦中也能保持清醒。,161775300,明日方舟,2022-04-28T03:00:39+00:00,2272141,151274,60008,28417,25728,12643,19227,https://www.bilibili.com/video/BV1w44y1371Y,official_public_aggregate,exact_api,2026-09-02T18:57:48.485422+08:00,,
BV1na411e7n9,《明日方舟》三周年前瞻特别节目录像（附字幕）,"再次感谢大家的支持，之后我们将在官方自媒体账号陆续更新《明日方舟》三周年庆典相关具体内容。
更多活动详情详见官网、游戏内及官方自媒体账号公告。",161775300,明日方舟,2022-04-27T06:30:00+00:00,1257509,97375,42506,20112,4841,5682,17474,https://www.bilibili.com/video/BV1na411e7n9,official_public_aggregate,exact_api,2026-09-11T22:18:06+00:00,other_official,False
BV16541117av,《明日方舟》三周年庆典声优祝福,"'-特别感谢-

（以下排名不分先后）

陶典 余珊 橙璃 空无的念 
刘飞 苏婉 白灯 刘照坤
折笠富美子 丰口惠美 
小西克幸 绿川光 户松遥 
诹访彩花 中井和哉 森久保祥太郎

来自各位老师们为本次《明日方舟》三周年送上的祝福。
非常感谢老师们的祝福与认可！",161775300,明日方舟,2022-04-27T06:01:48+00:00,526395,60227,10618,7756,1306,2156,4457,https://www.bilibili.com/video/BV16541117av,official_public_aggregate,exact_api,2026-09-11T22:18:06+00:00,other_official,False
BV1rr4y1b7sz,《明日方舟》特别映像 [莱茵生命：访问],"【请求访问】
【身份信息确认：乔伊丝·摩尔】
欢迎访问莱茵生命内部资料档案。
时代正等着你来改变。",161775300,明日方舟,2022-04-26T03:00:00+00:00,2271219,146435,56451,41837,29606,12814,4292,https://www.bilibili.com/video/BV1rr4y1b7sz,official_public_aggregate,exact_api,2026-09-11T22:18:02+00:00,animation_brand,False
BV1n44y1g7Xy,《明日方舟》×中国邮政 「泰拉来信」合作宣传PV,"亲爱的博士：
展信佳，愿您万事安康。
很荣幸能向您告知，明日方舟携手@中国邮政   ，推出联名礼盒“泰拉来信”，并即将于近日开启预售。
后续活动内容及最新消息，请关注明日方舟、明日方舟朝陇山、中国邮政官方的自媒体账号。
感谢您的阅读，以及一直以来的支持与关注。
顺颂 时祺",161775300,明日方舟,2022-04-25T06:30:19+00:00,1061870,115717,13724,12006,10151,5047,1286,https://www.bilibili.com/video/BV1n44y1g7Xy,official_public_aggregate,exact_api,2026-09-11T22:17:49+00:00,other_pv,False
BV13541117Vr,《明日方舟》×光明冷饮 旗下熊小白「罗德岛假日」合作宣传PV,"您的熊小白已出现，请注意查收留言：
——兔熊雪糕将登陆泰拉。
——没有熊比我更宠你。
明日方舟携手光明冷饮 旗下熊小白品牌，推出“罗德岛假日”联名雪糕礼盒。后续活动内容及最新消息，请注意明日方舟、光明冷饮官方的自媒体账号。
感谢关注，敬请期待。",161775300,明日方舟,2022-04-25T06:00:19+00:00,775522,106357,7655,8920,6476,3966,725,https://www.bilibili.com/video/BV13541117Vr,official_public_aggregate,exact_api,2026-09-02T18:57:36.822225+08:00,,
BV16u411k75m,《明日方舟》特别映像 [莱塔尼亚：余烬],"「他就是屹立于莱塔尼亚中央的一座高塔。唯一的一座......不可或缺的塔。」
「莱塔尼亚的王。」
「我们的王。」",161775300,明日方舟,2022-04-25T03:00:00+00:00,1288375,110642,42558,24977,20145,7361,2075,https://www.bilibili.com/video/BV16u411k75m,official_public_aggregate,exact_api,2026-09-11T22:18:05+00:00,animation_brand,False
BV1w3411M7oZ,《小刻的画图写话》——磐蟹与螺,是展示训练成果的时候了！蓝色是前进，红色是撤退，成功了就能获得食物！——啊，没有在说蜜饼的事情。,161775300,明日方舟,2022-04-24T03:30:19+00:00,746527,84986,18761,12972,5686,2039,990,https://www.bilibili.com/video/BV1w3411M7oZ,official_public_aggregate,exact_api,2026-09-02T18:54:20.389556+08:00,,
BV19F411M7yf,《鲤氏侦探事务所》制作中预告,"“今天也要当侦探吗？饮口茶先~”
《明日方舟》衍生迷你剧《鲤氏侦探事务所》制作进行中",161775300,明日方舟,2022-04-24T03:00:00+00:00,598617,79031,13630,9007,4004,2160,426,https://www.bilibili.com/video/BV19F411M7yf,official_public_aggregate,exact_api,2026-09-02T18:57:38.341448+08:00,,
BV1QT4y1a7PY,《明日方舟》2022「音律联觉&嘉年华-灯下定影」片场前瞻PV,"'--重铸未来 方舟启航--
《明日方舟》2022「音律联觉&嘉年华-灯下定影」片场前瞻PV

↓↓《明日方舟》bilibili服下载↓↓
https://www.biligame.com/detail/?id=101772

________________________

《明日方舟》2022「音律联觉&嘉年华-灯下定影」片场前瞻PV现已发布

「音律联觉特供款」系列时装游戏内同期限时上架
2022年5月1日16:00-2022年5月29日03:59

◇黑曜石 - 泥岩 
◇翡翠假日 - 苇草 
◇",161775300,明日方舟,2022-04-24T02:00:00+00:00,1933159,135045,25006,24975,9397,5403,2052,https://www.bilibili.com/video/BV1QT4y1a7PY,official_public_aggregate,exact_api,2026-09-11T22:17:59+00:00,offline_event,False
BV1kL4y1V7H1,《明日方舟》三周年庆典活动宣传pv,"'--重铸未来 方舟启航--
《明日方舟》三周年庆典活动宣传pv

↓↓《明日方舟》bilibili服下载↓↓
https://www.biligame.com/detail/?id=101772

三周年庆典活动 Part.1
一、「三周年庆典」，SideStory「愚人号」活动开启
二、【限定寻访·庆典】系列，【海蚀】限定寻访开启
三、「三周年庆典」，特别登录活动开启
四、「三周年庆典」，限定寻访每日赠送
五、「三周年庆典」，限时签到活动开启
六、「三周年庆典」，新干员登场
七、「三周年庆典」，新装&复",161775300,明日方舟,2022-04-23T13:20:19+00:00,5400276,202024,124463,55423,43815,28865,38221,https://www.bilibili.com/video/BV1kL4y1V7H1,official_public_aggregate,exact_api,2026-09-11T22:18:06+00:00,event_pv,False
BV1ra411Y7Ys,《明日方舟》官方漫画前瞻PV,令人振奋的漫画新作即将发布，记得时刻关注泰拉记事社最新讯息哦！,161775300,明日方舟,2022-04-23T13:15:00+00:00,413977,56649,11682,6334,1027,1486,462,https://www.bilibili.com/video/BV1ra411Y7Ys,official_public_aggregate,exact_api,2026-09-02T18:57:46.935424+08:00,,
BV1jL4y1V79g,主线动画《明日方舟：黎明前奏》先导PV,"'--重铸未来 方舟启航--

《明日方舟》bilibili服下载
https://www.biligame.com/detail/?id=101772

——————————
「如果这是可以避免的纠纷，那就保持沉默。」
「如果这是必须面对的战斗，那就要一战到底。」
「这就是我们，罗德岛的生存之道。」",161775300,明日方舟,2022-04-23T12:55:19+00:00,1160799,100865,27284,15723,9729,4378,1256,https://www.bilibili.com/video/BV1jL4y1V79g,official_public_aggregate,exact_api,2026-09-11T22:17:57+00:00,animation_brand,False
BV1uY4y1Y7B9,《明日方舟》SideStory「愚人号」活动先导PV,"'--重铸未来 方舟启航--
《明日方舟》SideStory「愚人号」活动先导PV

↓↓《明日方舟》bilibili服下载↓↓
https://www.biligame.com/detail/?id=101772

________________________

斯卡蒂，我们回家了吗？这里是回家的路吗？",161775300,明日方舟,2022-04-23T11:50:19+00:00,3655746,261367,101067,64427,40817,9518,21813,https://www.bilibili.com/video/BV1uY4y1Y7B9,official_public_aggregate,exact_api,2026-09-11T22:18:13+00:00,event_pv,False
BV1i3411T78m,《明日方舟》EP - A Grand Adventure,"4月20日 A Grand Adventure 正式上架塞壬唱片官网及网易云音乐等平台

塞壬唱片官网链接：https://monster-siren.hypergryph.com/music/514571

【专辑介绍】
塞壬唱片-MSR携手罗德岛，联名打造系列专辑，致敬每一道时代刻痕。企划现已面向全泰拉开启，曲目热烈发行中，等待您的鉴赏。

随着脚步奏起鼓来，
越过灌木与低丘，
我们的旗帜在前引领，
开始伟大冒险！

【歌曲列表】
A Grand Adventure",161775300,明日方舟,2022-04-20T03:00:00+00:00,1354891,125734,35249,26037,10641,6373,2413,https://www.bilibili.com/video/BV1i3411T78m,official_public_aggregate,exact_api,2026-09-11T22:17:53+00:00,music_ep,False
BV1FA4y1R7DE,《明日方舟》主题曲【破碎日冕】概念pv,"这是一场战争。
一场我们与他们之间的战争，
持续了近万年，
从未结束。",161775300,明日方舟,2022-04-14T08:30:00+00:00,2074362,128869,48405,32224,14558,11570,1553,https://www.bilibili.com/video/BV1FA4y1R7DE,official_public_aggregate,exact_api,2026-09-11T22:18:39+00:00,other_pv,False
BV1q541127rm,《明日方舟》EP - March On!,"4月14日 March On! 正式上架塞壬唱片官网及网易云音乐等平台

塞壬唱片官网链接：https://monster-siren.hypergryph.com/music/880363

【专辑介绍】
前进！我们为晨曦筑起了围墙；
前进！我们的火舌将守候信仰；
风中旗帜猎猎而舞，她的子民齐步向前，
For Victoria, march on!

【歌曲列表】
March On!",161775300,明日方舟,2022-04-14T03:00:17+00:00,1720612,120324,46305,36622,10597,8272,4427,https://www.bilibili.com/video/BV1q541127rm,official_public_aggregate,exact_api,2026-09-11T22:18:27+00:00,music_ep,False
BV1nT4y1Y7XN,《明日方舟》主题曲【破碎日冕】开放 限时纪念活动宣传pv,"'--重铸未来 方舟启航--
《明日方舟》主题曲【破碎日冕】开放 限时纪念活动宣传pv

↓↓《明日方舟》bilibili服下载↓↓
https://www.biligame.com/detail/?id=101772


一、主题曲EP10【破碎日冕】开放
二、【破碎日冕】开放纪念，“再战激励”活动开启
三、【破碎日冕】开放纪念，限时掉落活动开启
四、【奔崖怒号】限时寻访开启
五、新干员登场，信赖获取提升
六、【雷神推进者】系列，新装限时上架
七、【斗争血脉】系列，限时复刻上架
八、新增【风暴突击队作战室",161775300,明日方舟,2022-04-07T03:00:33+00:00,3141386,141329,57783,22696,29796,20246,11797,https://www.bilibili.com/video/BV1nT4y1Y7XN,official_public_aggregate,exact_api,2026-09-02T18:57:39.895344+08:00,,
BV1WL411P71u,《明日方舟》EP - Eternal Flame,"3月15日 Eternal Flame正式上架塞壬唱片官网及网易云音乐等平台

塞壬唱片官网链接：https://monster-siren.hypergryph.com/music/779428

【专辑介绍】
穹顶之下，声声祷告，
人群汇聚，白昼破晓。
硝烟可曾从高空坠落？灰烬在暴雨中重燃。
《Eternal Flame》，听啊，大地也随之震颤。

【歌曲列表】
Eternal Flame",161775300,明日方舟,2022-03-15T03:00:17+00:00,1980406,126406,52207,43770,10857,11844,8367,https://www.bilibili.com/video/BV1WL411P71u,official_public_aggregate,exact_api,2026-09-11T22:18:27+00:00,music_ep,False
BV1qP4y1g738,《明日方舟》SideStory「吾导先路」活动宣传PV,"'--重铸未来 方舟启航--
《明日方舟》SideStory「吾导先路」活动宣传PV

↓↓《明日方舟》bilibili服下载↓↓
https://www.biligame.com/detail/?id=101772


SideStory「吾导先路」限时活动即将开启

一、全新活动SideStory「吾导先路」，活动关卡开启
二、【炽焰无霾】限时寻访开启
三、新干员登场，信赖获取提升
四、【时代】系列，新装限时上架
五、【雷神推进者】系列，复刻时装限时上架
六、新增【拉特兰公证所休息室】主题家具，限时获取",161775300,明日方舟,2022-03-09T03:00:46+00:00,4022807,173133,68111,30617,37477,18836,19031,https://www.bilibili.com/video/BV1qP4y1g738,official_public_aggregate,exact_api,2026-09-11T22:18:11+00:00,event_pv,False
BV1Wu411X7q9,《明日方舟》EP - Прощание,"2月22日 Прощание正式上架塞壬唱片官网及网易云音乐等平台

塞壬唱片官网链接：https://monster-siren.hypergryph.com/music/514572

【专辑介绍】
战争哺育的伤痛，终将被止息。
战士们遍体鳞伤，而后铸剑为犁。
听啊，战后的严冬，热血浇筑的红砖炉，
Прощание，我们的英雄，我们的子民。

【歌曲列表】
Прощание",161775300,明日方舟,2022-02-22T02:59:41+00:00,1441221,131831,38893,32563,14190,7127,1531,https://www.bilibili.com/video/BV1Wu411X7q9,official_public_aggregate,exact_api,2026-09-11T22:18:27+00:00,music_ep,False
BV1fF41177fP,《明日方舟》危机合约新赛季「寻昼行动」宣传PV,"'--重铸未来 方舟启航--
《明日方舟》危机合约新赛季「寻昼行动」宣传PV

↓↓《明日方舟》bilibili服下载↓↓
https://www.biligame.com/detail/?id=101772

____________________________
一、危机合约，#8赛季「寻昼行动」开启
二、“资源收集”关卡限时全天开放
三、剿灭作战关卡【小丘郡郊野】追加

更多活动内容请持续关注《明日方舟》游戏内公告、官网及官方自媒体账号。",161775300,明日方舟,2022-02-18T03:01:06+00:00,1960930,134643,34165,18393,20231,12477,3180,https://www.bilibili.com/video/BV1fF41177fP,official_public_aggregate,exact_api,2026-09-11T22:18:20+00:00,gameplay_system,False
BV12a411k7os,《明日方舟》EP - Spark for Dream,"2月15日 Spark for Dream正式上架塞壬唱片官网及网易云音乐等平台

塞壬唱片官网链接：https://monster-siren.hypergryph.com/music/048735

【专辑介绍】
假若阴云中缺少一枚太阳，
还请掬一捧河面的粼光。
《Spark for Dream》，怀揣希望，抱持梦想，
Even if I’m on my own.

【歌曲列表】
Spark for Dream",161775300,明日方舟,2022-02-15T03:00:12+00:00,2979284,188849,79624,68937,17930,13902,11736,https://www.bilibili.com/video/BV12a411k7os,official_public_aggregate,exact_api,2026-09-11T22:18:37+00:00,music_ep,False
BV1Wm4y1f7NM,《明日方舟》EP - 随意随意呀,"2月1日 随意随意呀正式上架塞壬唱片官网及网易云音乐等平台

塞壬唱片官网链接：https://monster-siren.hypergryph.com/music/048736

【专辑介绍】
嗨朋友，今天也有在悠然度日吗？
如果徘徊在抉择关头，还请放下过多的犹豫吧。
《随意随意呀》，无论是好是坏，辞旧迎新后总会出现崭新希望的。

【歌曲列表】
随意随意呀",161775300,明日方舟,2022-02-01T03:00:09+00:00,3100878,207621,77668,70257,24619,10718,6009,https://www.bilibili.com/video/BV1Wm4y1f7NM,official_public_aggregate,exact_api,2026-09-11T22:18:47+00:00,music_ep,False
BV1UT4y1C7GL,《明日方舟》EP - 却阑珊,"1月26日 却阑珊正式上架塞壬唱片官网及网易云音乐等平台

塞壬唱片官网链接：https://monster-siren.hypergryph.com/music/697657

【专辑介绍】
说旖旎，笑缱绻，却阑珊。
人道世事如意少，伴酒总逍遥。

【歌曲列表】
却阑珊",161775300,明日方舟,2022-01-26T03:00:17+00:00,1803125,128276,49700,48854,10714,6272,6510,https://www.bilibili.com/video/BV1UT4y1C7GL,official_public_aggregate,exact_api,2026-09-02T18:57:38.341448+08:00,,
BV17L4y1x7x8,《明日方舟》EP - 醉飞尘,"1月25日 醉飞尘正式上架塞壬唱片官网及网易云音乐等平台

塞壬唱片官网链接：https://monster-siren.hypergryph.com/music/461184

【专辑介绍】
浮云拔山岳，挑灯醉飞尘。
策勋百千惊沙复，再酌屠苏。

【歌曲列表】
醉飞尘",161775300,明日方舟,2022-01-25T03:00:16+00:00,2129929,172009,69665,49926,11315,19307,25502,https://www.bilibili.com/video/BV17L4y1x7x8,official_public_aggregate,exact_api,2026-09-11T22:18:47+00:00,music_ep,False
BV1fr4y1v78Z,《明日方舟》2022新春前瞻特辑视频,"《明日方舟》2022新春前瞻特辑现已结束，感谢大家的支持。
更多活动详情内容请见官网、游戏内公告及官方自媒体账号。",161775300,明日方舟,2022-01-15T12:35:18+00:00,2149839,145735,59304,24938,19500,21293,46890,https://www.bilibili.com/video/BV1fr4y1v78Z,official_public_aggregate,exact_api,2026-09-11T22:18:06+00:00,other_official,False
BV1mm4y1D7JJ,《明日方舟》SideStory「将进酒」活动宣传PV,"'--重铸未来 方舟启航--
《明日方舟》SideStory「将进酒」活动宣传PV


↓↓《明日方舟》bilibili服下载↓↓
https://www.biligame.com/detail/?id=101772


辞旧迎新，SideStory「将进酒」限时活动即将开启

一、全新活动SideStory「将进酒」，活动关卡开启
二、【限定寻访·春节】系列，【浊酒澄心】限定寻访开启
三、辞旧迎新，【浊酒澄心】限时登录活动开启
四、辞旧迎新，【浊酒澄心】限定寻访每日赠送
五、辞旧迎新，新干员登场
六、辞旧",161775300,明日方舟,2022-01-15T12:15:01+00:00,3687914,173381,73386,33739,31568,24342,32984,https://www.bilibili.com/video/BV1mm4y1D7JJ,official_public_aggregate,exact_api,2026-09-11T22:18:06+00:00,event_pv,False
BV1SR4y1g7Br,《明日方舟》SideStory「将进酒」活动先导PV,"'--重铸未来 方舟启航--
《明日方舟》SideStory「将进酒」活动先导PV


↓↓《明日方舟》bilibili服下载↓↓
https://www.biligame.com/detail/?id=101772

________________________

人间已醉万年，还不许我大梦一场？

企划   上海鹰角网络科技有限公司
导演   阿莫莫
配乐   THE EITHER",161775300,明日方舟,2022-01-15T12:10:18+00:00,3104466,213733,112278,66465,70976,12973,18209,https://www.bilibili.com/video/BV1SR4y1g7Br,official_public_aggregate,exact_api,2026-09-11T22:18:06+00:00,event_pv,False
BV1N3411e772,【明日方舟×九色鹿】“吉兆呈祥”限时活动宣传PV,"'--重铸未来 方舟启航--
【明日方舟×九色鹿】“吉兆呈祥”限时活动宣传PV

↓↓《明日方舟》bilibili服下载↓↓
https://www.biligame.com/detail/?id=101772

一、【明日方舟×九色鹿】，“吉兆呈祥”限时登录活动开启
二、【明日方舟×九色鹿】，新干员登场
三、SideStory「画中人」复刻限时活动开启
四、0011系列，新装&复刻时装限时上架
五、【丹青阁】主题家具，限时复刻获取

更多活动内容请持续关注《明日方舟》游戏内公告、官网及官方自媒体账号。",161775300,明日方舟,2022-01-06T03:00:16+00:00,2026628,189948,63400,31199,36493,12668,3880,https://www.bilibili.com/video/BV1N3411e772,official_public_aggregate,exact_api,2026-09-11T22:17:25+00:00,event_pv,False
BV13F411q7Y8,《明日方舟》EP - Silver Lining,"1月3日 Silver Lining正式上架塞壬唱片官网及网易云音乐等平台

塞壬唱片官网链接：https://monster-siren.hypergryph.com/music/779429

【专辑介绍】
银灰色的荣光，闪耀的微茫。
群山回响，紧握希望。
《Silver Lining》，故土的风雪啊，将吹往何方？

【歌曲列表】
Silver Lining",161775300,明日方舟,2022-01-03T03:00:16+00:00,1321649,119807,45141,36730,11400,10811,3069,https://www.bilibili.com/video/BV13F411q7Y8,official_public_aggregate,exact_api,2026-09-11T22:17:53+00:00,music_ep,False
BV17m4y1Q7ar,《明日方舟》集成战略「傀影与猩红孤钻」宣传PV,"'--重铸未来 方舟启航--
《明日方舟》集成战略「傀影与猩红孤钻」宣传PV

↓↓《明日方舟》bilibili服下载↓↓
https://www.biligame.com/detail/?id=101772

天色渐暗，你迷失在了雾气笼罩的森林间。
你急需寻找一处安全的避难所来度过这个夜晚，
而眼前这座不祥的古堡，便是唯一的选择。

_____________
「傀影与猩红孤钻」集成战略主题即将开启
主题开启时间：2022年01月05日 16:00
主题官网链接：https://ak.hypergryph",161775300,明日方舟,2021-12-31T03:00:02+00:00,2668919,169195,79430,34062,35458,19621,11377,https://www.bilibili.com/video/BV17m4y1Q7ar,official_public_aggregate,exact_api,2026-09-11T22:18:11+00:00,gameplay_system,False
BV1pa41167XE,《明日方舟》EP - Melting White,"塞壬唱片-MSR特邀@CubesCollective ，共同记录干员们的冬日闲暇。

正式曲目已于2021年12月24日上线塞壬唱片官网及网易云音乐等平台
塞壬唱片：https://monster-siren.hypergryph.com/music/125000

【专辑介绍】
她经过窗前，拭擦玻璃的雾气，
她漫步小径，触碰地面的积雪。
睡梦与砂糖溶解，时光和纯白融化，
《Melting White》，保存下行将消逝的碎片，
Huwahuwahu,
Talking in the sleep.

【歌曲列",161775300,明日方舟,2021-12-24T03:00:17+00:00,2735310,170616,71598,71949,20593,6468,5620,https://www.bilibili.com/video/BV1pa41167XE,official_public_aggregate,exact_api,2026-09-11T22:18:47+00:00,music_ep,False
BV1fb4y1e7Gv,《明日方舟》EP - Heal the World,"12月21日 Heal the World正式上架塞壬唱片官网及网易云音乐等平台

塞壬唱片官网链接：https://monster-siren.hypergryph.com/music/232291

【专辑介绍】
眺望高岭，人影淹没雪原，
步行山麓，痛觉鲜活似真。
我不为所动，又无声呼喊，
Heal the World，在眼中浮现。

【歌曲列表】
Heal the World",161775300,明日方舟,2021-12-21T03:00:11+00:00,1217359,90032,29379,26378,6297,7371,3122,https://www.bilibili.com/video/BV1fb4y1e7Gv,official_public_aggregate,exact_api,2026-09-11T22:18:27+00:00,music_ep,False
BV1yF411z71E,《明日方舟》SideStory「风雪过境」活动宣传PV,"'--重铸未来 方舟启航--
《明日方舟》SideStory「风雪过境」活动宣传PV

↓↓《明日方舟》bilibili服下载↓↓
https://www.biligame.com/detail/?id=101772

一、全新SideStory「风雪过境」，活动关卡开启
二、【雪融之诺】限时寻访开启
三、新干员登场，信赖获取提升
四、【冰原信使】系列，新装限时上架
五、【寒武纪】系列，限时复刻上架
六、新增【谢拉格风情旅店】主题家具，限时获取
七、跨年纪念，限时签到活动开启
八、跨年纪念，【跨年欢庆·回首",161775300,明日方舟,2021-12-14T03:00:16+00:00,2406511,130790,47744,19587,22698,17393,11106,https://www.bilibili.com/video/BV1yF411z71E,official_public_aggregate,exact_api,2026-09-11T22:18:07+00:00,event_pv,False
BV1ZL411u7MS,《明日方舟》危机合约新赛季「松烟行动」宣传PV,"'--重铸未来 方舟启航--
《明日方舟》危机合约新赛季「松烟行动」宣传PV

↓↓《明日方舟》bilibili服下载↓↓
https://www.biligame.com/detail/?id=101772

____________________________
一、「感谢庆典」，#7赛季「松烟行动」开启
二、「感谢庆典」，【联合行动】特选干员定向寻访开启
三、「感谢庆典」，“物资筹备”“芯片搜索”限时全天开放

更多活动内容请持续关注《明日方舟》游戏内公告、官网及官方自媒体账号。",161775300,明日方舟,2021-11-16T03:00:17+00:00,1951252,125763,37792,19050,16914,11403,2684,https://www.bilibili.com/video/BV1ZL411u7MS,official_public_aggregate,exact_api,2026-09-11T22:18:20+00:00,gameplay_system,False
BV1SR4y1E797,《可露希尔的秘密档案》15话：训练室，练起来！,"《可露希尔的秘密档案》
15：训练室，练起来！

档案来源：lambda:\罗德岛内务\秘密档案
发布时间：11/07 1:00 P.M.
档案类型：可见
档案描述：今天干员们的技能训练也很顺利！
提供者：可露希尔",161775300,明日方舟,2021-11-07T05:00:02+00:00,647954,70695,11598,7560,1063,2813,1717,https://www.bilibili.com/video/BV1SR4y1E797,official_public_aggregate,exact_api,2026-09-11T22:18:12+00:00,other_official,False
BV1eh41187Ut,《明日方舟》EP - Field in the Light,"11月2日 Field in the Light正式上架塞壬唱片官网及网易云音乐等平台

塞壬唱片官网链接：https://monster-siren.hypergryph.com/music/461186

【专辑介绍】
响彻赛场的喝彩，试图为冠军加冕，
可是朋友们，我们的荣誉无需证明。
商人在摇旗呐喊，资本利欲熏心。
Field in the Light，而我们挣脱囚笼、迎接光明。

【歌曲列表】
Field in the Light",161775300,明日方舟,2021-11-02T03:00:00+00:00,1029803,78169,22959,19101,1842,5231,2076,https://www.bilibili.com/video/BV1eh41187Ut,official_public_aggregate,exact_api,2026-09-11T22:18:06+00:00,music_ep,False
BV1QU4y1u7D7,《明日方舟》EP - Radiant,"11月1日 Radiant 正式上架塞壬唱片官网及网易云音乐等平台

塞壬唱片官网链接：https://monster-siren.hypergryph.com/music/048738

【专辑介绍】
我准备好全速前进，
在日出前尘埃落定。
我读出了迹象，也唤来正义，
《Radiant》，如光如电，照亮阴影。

【歌曲列表】
Radiant",161775300,明日方舟,2021-11-01T03:00:14+00:00,10438580,357968,257239,221128,65204,22786,22258,https://www.bilibili.com/video/BV1QU4y1u7D7,official_public_aggregate,exact_api,2026-09-11T22:18:48+00:00,music_ep,False
BV1RR4y1J7wn,《明日方舟》2021「感谢庆典」特别直播录像（附字幕）,"再次感谢大家的支持，之后我们将在官方自媒体账号陆续更新《明日方舟》感谢庆典相关具体内容。
更多活动详情详见官网、游戏内公告及双微。",161775300,明日方舟,2021-10-28T06:35:11+00:00,881665,64505,18459,10699,2287,5168,12506,https://www.bilibili.com/video/BV1RR4y1J7wn,official_public_aggregate,exact_api,2026-09-11T22:18:15+00:00,other_official,False
BV1yR4y1J7pL,《明日方舟》2021「感谢庆典」声优祝福,"'-特别感谢-

（以下排名不分先后）

陶典 杨梦露 四白 虫虫 吴磊 
上田瞳 三森铃子 岛崎信长
丰崎爱生 堀江由衣 

来自各位老师们为本次《明日方舟》2021感谢庆典送上的祝福。
非常感谢老师们的祝福与认可！",161775300,明日方舟,2021-10-28T06:30:09+00:00,424557,46855,6416,5141,846,1643,2262,https://www.bilibili.com/video/BV1yR4y1J7pL,official_public_aggregate,exact_api,2026-09-02T18:57:49.270978+08:00,,
BV1wq4y1R7Kt,再探泰拉  DISCOVERED TERRA 2.0,,161775300,明日方舟,2021-10-24T13:55:01+00:00,1121360,76276,21245,19753,9092,5589,2716,https://www.bilibili.com/video/BV1wq4y1R7Kt,official_public_aggregate,exact_api,2026-09-11T22:17:21+00:00,other_official,False
BV1dr4y1y7Pe,《明日方舟》音律联觉及嘉年华 “灯下定影” 先导预告,"'--重铸未来 方舟启航--

《明日方舟》bilibili服下载
https://www.biligame.com/detail/?id=101772

——————————
欢迎来到这里，女士们，先生们！
少安毋躁，且听我娓娓道来。
对白到位，服饰妥帖。道具就位，布景完美。
保持关注，满分计划。
一切，只等开拍！",161775300,明日方舟,2021-10-24T13:40:19+00:00,596394,56942,8220,6012,1558,3769,384,https://www.bilibili.com/video/BV1dr4y1y7Pe,official_public_aggregate,exact_api,2026-09-02T18:57:42.230695+08:00,,
BV13L4y1z7nB,《明日方舟》2021「感谢庆典」限时活动宣传PV,"'--重铸未来 方舟启航--
《明日方舟》SideStory「长夜临光」活动宣传PV

↓↓《明日方舟》bilibili服下载↓↓
https://www.biligame.com/detail/?id=101772

2021「感谢庆典」限时活动 Part.1
一、「感谢庆典」，SideStory「长夜临光」活动限时开启
二、「感谢庆典」限时签到活动开启
三、【限定寻访·庆典】系列，【循光道途】限定寻访开启
四、「感谢庆典」特别登录活动开启
五、「感谢庆典」限定寻访每日赠送
六、「感谢庆典」纪念活动，【采",161775300,明日方舟,2021-10-24T12:50:01+00:00,3406191,107232,40726,22351,13971,20059,17127,https://www.bilibili.com/video/BV13L4y1z7nB,official_public_aggregate,exact_api,2026-09-11T22:18:20+00:00,event_pv,False
BV1vT4y1R7D8,《明日方舟》SideStory「长夜临光」活动先导PV,"'--重铸未来 方舟启航--

《明日方舟》SideStory「长夜临光」活动先导PV



↓↓《明日方舟》bilibili服下载↓↓

https://www.biligame.com/detail/?id=101772

________________________

卡西米尔......就像一座塔。
高塔耸立于一切苦难之上。",161775300,明日方舟,2021-10-24T12:40:19+00:00,4338472,171957,103260,66007,68354,15211,19019,https://www.bilibili.com/video/BV1vT4y1R7D8,official_public_aggregate,exact_api,2026-09-11T22:18:11+00:00,event_pv,False
BV1Z3411C7yB,《可露希尔的秘密档案》14话：24小时营业的人力资源办公室,"《可露希尔的秘密档案》 
14：24小时营业的人力资源办公室 

档案来源：lambda:\罗德岛内务\秘密档案 
发布时间：10/24 1:00 P.M. 
档案类型：隐藏 
档案描述：虽然不知道应该是谁来换班但是梓兰姐真的很辛苦 
提供者：伊桑",161775300,明日方舟,2021-10-24T05:00:09+00:00,608166,66432,10610,6866,1014,4613,1614,https://www.bilibili.com/video/BV1Z3411C7yB,official_public_aggregate,exact_api,2026-09-11T22:18:12+00:00,other_official,False
BV13T4y1o7R6,《明日方舟》EP - Bridge to the Dawn,"10月15日 Bridge to the Dawn 正式上架塞壬唱片官网及网易云音乐等平台

塞壬唱片官网链接：https://monster-siren.hypergryph.com/music/880367

【专辑介绍】
在无光处轻弹长剑，它仍会发出清脆的声音。
朋友们，听，它们和我们一样。
我们的盾牌仍在震颤，我们的心脏仍在嘶鸣。
Bridge to the Dawn，我们要紧握彼此，我们要走向黎明。

【歌曲列表】
Bridge to the Dawn",161775300,明日方舟,2021-10-15T03:00:19+00:00,959339,81657,24991,22136,4017,4576,2008,https://www.bilibili.com/video/BV13T4y1o7R6,official_public_aggregate,exact_api,2026-09-11T22:18:06+00:00,music_ep,False
BV1Yf4y1c7o5,《明日方舟》全新故事「红松林」活动宣传PV,"'--重铸未来 方舟启航--
《明日方舟》全新故事「红松林」活动宣传PV

↓↓《明日方舟》bilibili服下载↓↓
https://www.biligame.com/detail/?id=101772

_________________
一、故事集「红松林」限时开启
二、【漂泊于风】限时寻访开启
三、新干员登场，【标准寻访】常驻
四、【巫异盛宴】系列，新装限时上架
五、【巫异盛宴】&【时代】系列，限时复刻上架
六、新增【红松骑士团休息室】主题家具，限时上架
七、【魂灵秘会】主题家具，限时复刻上架

更",161775300,明日方舟,2021-10-11T03:00:02+00:00,1632303,103658,26604,13066,14241,15329,6084,https://www.bilibili.com/video/BV1Yf4y1c7o5,official_public_aggregate,exact_api,2026-09-11T22:18:07+00:00,event_pv,False
BV1Mq4y1N7zT,《可露希尔的秘密档案》13话：地狱加工站,"可露希尔的秘密档案
13：地狱加工站

档案来源：lambda:\罗德岛内务\秘密档案
发布时间：10/10 1:00 P.M.
档案类型：隐藏
档案描述：爆炸艺术
提供者：棘刺",161775300,明日方舟,2021-10-10T05:00:09+00:00,662742,74642,12549,8227,1612,3247,1784,https://www.bilibili.com/video/BV1Mq4y1N7zT,official_public_aggregate,exact_api,2026-09-11T22:18:08+00:00,other_official,False
BV1eL4y1874M,《可露希尔的秘密档案》12话：奇怪人士聚集的会客室,"可露希尔的秘密档案
12：奇怪人士聚集的会客室 

档案来源：lambda:\罗德岛内务\秘密档案 
发布时间：9/26 1:00 P.M. 
档案类型：可见 
档案描述：正常 
提供者：白雪",161775300,明日方舟,2021-09-26T05:00:07+00:00,681655,73170,12902,8281,1804,3269,2052,https://www.bilibili.com/video/BV1eL4y1874M,official_public_aggregate,exact_api,2026-09-11T22:18:08+00:00,other_official,False
BV1jq4y1f7UQ,《明日方舟》EP - Towards Her Light,"9月17日 Towards Her Light 正式上架塞壬唱片官网及网易云音乐等平台

塞壬唱片官网链接：https://monster-siren.hypergryph.com/music/306844
网易云音乐专辑链接：https://music.163.com/#/album?id=133036857

【专辑介绍】
信仰藏匿于晨光，静候雾的弥散。
白帆告别流浪，驶向名为守望的港湾。
温柔的指引，坚定的方向。此刻于此，前进歌唱。
《Towards Her Light》，向着光，向着她的光。

【",161775300,明日方舟,2021-09-17T03:00:19+00:00,2355213,141236,60524,54351,20646,10980,9472,https://www.bilibili.com/video/BV1jq4y1f7UQ,official_public_aggregate,exact_api,2026-09-11T22:18:47+00:00,music_ep,False
BV1Lv411w7Q6,《明日方舟》中文语音试听,"《明日方舟》中文语音试听

阿米娅＆阿米娅（近卫）   CV：陶典
陈＆假日威龙陈   CV：虫虫
星熊   CV：蔡欣纯
诗怀雅   CV：谢莹
德克萨斯   CV：杨梦露
能天使   CV：蔡书瑾
讯使   CV：徐翔
银灰   CV：吴磊

*以上排名不分先后",161775300,明日方舟,2021-09-15T04:00:13+00:00,1463739,116920,18533,12424,28565,14475,7106,https://www.bilibili.com/video/BV1Lv411w7Q6,official_public_aggregate,exact_api,2026-09-11T22:18:07+00:00,other_official,False
BV1E3411q7nU,《可露希尔的秘密档案》11话：来宿舍休息一下吧,"《可露希尔的秘密档案》
11：来宿舍休息一下吧 
档案来源：lambda:\罗德岛内务\秘密档案 
发布时间：9/12 1:00 P.M. 
档案类型：可见 
档案描述：今天请了病假在宿舍休息。很舒适。 
提供者：赫默",161775300,明日方舟,2021-09-12T05:00:02+00:00,745409,77259,12079,7978,1330,5140,1619,https://www.bilibili.com/video/BV1E3411q7nU,official_public_aggregate,exact_api,2026-09-11T22:18:12+00:00,other_official,False
BV1gA411F7s4,《明日方舟》主题曲【风暴瞭望】开放 限时纪念活动宣传pv,"'--重铸未来 方舟启航--
《明日方舟》主线【风暴瞭望】开放 限时纪念活动宣传pv

↓↓《明日方舟》bilibili服下载↓↓
https://www.biligame.com/detail/?id=101772


一、主线EP09【风暴瞭望】开放
二、【小丘上的眠柳】限时寻访开启
三、新干员登场，【标准寻访】常驻
四、【怀望桑梓】登录活动开启
五、【风暴瞭望】开放，限时掉落活动开启
六、【闪耀阶梯】系列，新装限时上架
七、【生命之地】系列，限时复刻上架
八、新增【维多利亚近卫学院宿舍】主题家具，限时",161775300,明日方舟,2021-09-10T03:00:02+00:00,2730492,149014,48483,20384,28988,28274,16858,https://www.bilibili.com/video/BV1gA411F7s4,official_public_aggregate,exact_api,2026-09-11T22:18:17+00:00,event_pv,False
BV1My4y1G7PP,《可露希尔的秘密档案》10话：罗德岛心脏——控制中枢②,"#可露希尔的秘密档案# 10：罗德岛心脏——控制中枢② 
档案来源：lambda:\罗德岛内务\秘密档案 
发布时间：8/29 1:00 P.M. 
档案类型：可见 
档案描述：博士认真学习如何设置基建副手 
提供者：可露希尔",161775300,明日方舟,2021-08-29T05:00:04+00:00,925129,81290,13203,8876,1760,26192,2650,https://www.bilibili.com/video/BV1My4y1G7PP,official_public_aggregate,exact_api,2026-09-11T22:18:08+00:00,other_official,False
BV1HA411A7q7,《明日方舟》危机合约新赛季「蛮鳞行动」宣传PV,"'--重铸未来 方舟启航--
《明日方舟》危机合约新赛季「蛮鳞行动」宣传PV

↓↓《明日方舟》bilibili服下载↓↓
https://www.biligame.com/detail/?id=101772

____________________________
一、「夏日嘉年华」，#6赛季「蛮鳞行动」开启
二、「夏日嘉年华」，“资源收集”限时全天开放
三、「夏日嘉年华」，【不羁逆流】限时寻访复刻开启
四、「夏日嘉年华」，珊瑚海岸限时复刻
五、「夏日嘉年华」，[罗德岛工作间]限时复刻
六、「夏日嘉年华",161775300,明日方舟,2021-08-19T03:00:17+00:00,2883907,150851,37744,22007,30017,62579,8281,https://www.bilibili.com/video/BV1HA411A7q7,official_public_aggregate,exact_api,2026-09-11T22:18:11+00:00,gameplay_system,False
BV1ah411B7J5,《可露希尔的秘密档案》09话：罗德岛心脏——控制中枢①,"#可露希尔的秘密档案# 
09：罗德岛心脏——控制中枢① 

档案来源：lambda:\罗德岛内务\秘密档案 
发布时间：8/15 1:00 P.M. 
档案类型：隐藏 
档案描述：和可露希尔小姐商讨优化基建工作流程的方案 
龙门近卫局提醒您：请您理性消费，避免落入消费陷阱 
提供者：临光",161775300,明日方舟,2021-08-15T05:00:12+00:00,996155,88203,13706,9189,1677,19835,4466,https://www.bilibili.com/video/BV1ah411B7J5,official_public_aggregate,exact_api,2026-09-11T22:18:08+00:00,other_official,False
BV1kq4y1p7ed,《明日方舟》EP - Y1K,"8月4日 Y1K 正式上架塞壬唱片官网及网易云音乐

塞壬唱片官网链接：https://monster-siren.hypergryph.com/music/697659
网易云音乐专辑链接：https://music.163.com/#/album?id=131074504

【专辑介绍】
于霓虹色雨夜中，品尝未命名的电子乐。
轰鸣和噪点已齐全，可供品鉴。
《Y1K》，错位的金属色世界，漂浮在水滴里。

【歌曲列表】
Y1K",161775300,明日方舟,2021-08-04T03:00:02+00:00,2466206,131988,38258,49790,12209,36879,10659,https://www.bilibili.com/video/BV1kq4y1p7ed,official_public_aggregate,exact_api,2026-09-11T22:17:53+00:00,music_ep,False
BV1ug41177sb,《可露希尔的秘密档案》08话：重要设施发电站！,"#可露希尔的秘密档案#
08：重要设施发电站！

档案来源：lambda:\罗德岛内务\秘密档案
发布时间：8/01 1:00 P.M.
档案类型：隐藏
档案描述：您身边最贴心的电池
提供者：Castle-3",161775300,明日方舟,2021-08-01T05:00:04+00:00,1379236,95300,15533,9514,2332,46819,8008,https://www.bilibili.com/video/BV1ug41177sb,official_public_aggregate,exact_api,2026-09-11T22:18:12+00:00,other_official,False
BV1wL411n7C2,《明日方舟》夏日嘉年华特别通讯视频,"《明日方舟》夏日嘉年华特别通讯计划现已结束，感谢大家的支持。
关于《明日方舟》夏日嘉年华限时活动详情内容详见官网、游戏内公告及官方自媒体账号。",161775300,明日方舟,2021-07-25T12:45:05+00:00,2331319,128120,40012,18700,18179,68253,35558,https://www.bilibili.com/video/BV1wL411n7C2,official_public_aggregate,exact_api,2026-09-11T22:18:07+00:00,other_official,False
BV1Z44y127MR,《明日方舟》中文语音分批实装计划声优祝福,"来自为阿米娅配音的陶典老师、为陈配音的虫虫老师、为银灰配音的吴磊老师以及为德克萨斯配音的杨梦露老师为《明日方舟》送上的祝福。
非常感谢几位老师的祝福与认可！近期《明日方舟》将实装多名干员的中文配音，其他干员的中文配音也将在未来陆续分批次上线，感谢大家的关注与支持！",161775300,明日方舟,2021-07-25T12:25:14+00:00,1503432,140254,21247,13576,19708,20616,9602,https://www.bilibili.com/video/BV1Z44y127MR,official_public_aggregate,exact_api,2026-09-02T18:57:49.270978+08:00,,
BV1fy4y1L7Rq,《明日方舟》夏日嘉年华限时活动宣传PV,"'--重铸未来 方舟启航--
《明日方舟》SideStory「多索雷斯假日」活动宣传PV

↓↓《明日方舟》bilibili服下载↓↓
https://www.biligame.com/detail/?id=101772


夏日嘉年华活动Part.1
一、「夏日嘉年华」，SideStory「多索雷斯假日」活动开启
二、「夏日嘉年华」，【盛夏新星】限定寻访开启
三、「夏日嘉年华」，特别登录活动开启
四、「夏日嘉年华」，限定寻访每日赠送
五、「夏日嘉年华」，“假日大酬宾”签到活动开启
六、「夏日嘉年华」，新干",161775300,明日方舟,2021-07-25T12:15:10+00:00,19071813,364145,135846,87919,103643,5527161,173235,https://www.bilibili.com/video/BV1fy4y1L7Rq,official_public_aggregate,exact_api,2026-09-11T22:18:47+00:00,event_pv,False
BV1Xf4y1L7rF,《可露希尔的秘密档案》07话：非常看重共事者的贸易站！,"#可露希尔的秘密档案#

07： 非常看重共事者的贸易站！



档案来源：lambda:\罗德岛内务\秘密档案

发布时间：7/18 1:00 P.M.

档案类型：可见

档案描述：罗德岛内一处普通基建设施的普通工作日下午

提供者：可露希尔",161775300,明日方舟,2021-07-18T05:00:17+00:00,1041396,111215,25262,13174,3138,6667,4190,https://www.bilibili.com/video/BV1Xf4y1L7rF,official_public_aggregate,exact_api,2026-09-11T22:18:12+00:00,other_official,False
BV1nB4y1T71c,《可露希尔的秘密档案》06话：基建第一站——制造站,"#可露希尔的秘密档案#
06：基建第一站——制造站

档案来源：lambda:\罗德岛内务\秘密档案
发布时间：7/04 1:00 P.M.
档案类型：隐藏
档案描述：加班记录
提供者：卡达",161775300,明日方舟,2021-07-04T05:00:14+00:00,1199430,107624,25099,13040,2727,18014,3138,https://www.bilibili.com/video/BV1nB4y1T71c,official_public_aggregate,exact_api,2026-09-11T22:18:12+00:00,other_official,False
BV1ab4y1C7gk,《明日方舟》EP - Keep the torch,"#歌曲发布
7月2日 Keep the torch正式上架塞壬唱片官网及网易云音乐

塞壬唱片官网链接：https://monster-siren.hypergryph.com/music/125002
网易云音乐专辑链接：https://music.163.com/#/album?id=129325036

【专辑介绍】
坚守信念，对抗不公。
为神殿中的英雄献上祭酒，亦为庇护的人们举起燃烧的锋刃。
《Keep the torch》，于长夜之中。

【歌曲列表】
Keep the torch",161775300,明日方舟,2021-07-02T02:30:09+00:00,2652687,145460,57247,49325,12004,20281,6578,https://www.bilibili.com/video/BV1ab4y1C7gk,official_public_aggregate,exact_api,2026-09-11T22:18:27+00:00,music_ep,False
BV1X44y1B7Kh,《明日方舟》联锁竞赛「荷谟伊智境」活动宣传PV,"'--重铸未来 方舟启航--
《明日方舟》联锁竞赛「荷谟伊智境」活动宣传PV

↓↓《明日方舟》bilibili服下载↓↓
https://www.biligame.com/detail/?id=101772

_________________
一、联锁竞赛「荷谟伊智境」，活动限时开启
二、【从星火中来】限时寻访开启
三、时代系列，新装限时上架
四、珊瑚海岸系列，限时复刻上架
五、新增【摄影爱好者影棚】主题家具，关卡幸运掉落更替

更多活动内容请持续关注《明日方舟》游戏内公告、官网及官方自媒体资讯",161775300,明日方舟,2021-06-28T03:00:05+00:00,3470388,195775,93547,31097,42355,40994,22203,https://www.bilibili.com/video/BV1X44y1B7Kh,official_public_aggregate,exact_api,2026-09-02T18:57:52.413633+08:00,,
BV1rv411p7Bw,《可露希尔的秘密档案》05话：可露希尔的采购推荐！,"#可露希尔的秘密档案#
05：可露希尔的采购推荐！

档案来源：lambda:\罗德岛内务\秘密档案
发布时间：6/20 1:00 P.M.
档案类型：可见
档案描述：博士开心地学习使用采购终端
提供者：可露希尔",161775300,明日方舟,2021-06-20T05:00:05+00:00,1306049,125603,38547,16453,3544,7788,4844,https://www.bilibili.com/video/BV1rv411p7Bw,official_public_aggregate,exact_api,2026-09-11T22:18:12+00:00,other_official,False
BV1A64y1d7Ws,2021《明日方舟》音律联觉Ambience Synesthesia专场演出官方录播上半场,明日方舟音律联觉专场演出是由上海鹰角网络和塞壬唱片联合主办的一场以《明日方舟》音乐内容为主题的大型线下演出活动，于2021年5月2日-5月3日在世博展览馆一号馆举办。演出的音乐包含有《明日方舟》的游戏音乐以及角色EP。现场邀请到了国内一线的乐队、音乐家、歌手和演奏者们共同参演。,161775300,明日方舟,2021-06-12T02:30:01+00:00,10534396,231577,170656,70485,26144,9039,63471,https://www.bilibili.com/video/BV1A64y1d7Ws,official_public_aggregate,exact_api,2026-09-11T22:18:14+00:00,offline_event,False
BV1F64y1d7SF,2021《明日方舟》音律联觉Ambience Synesthesia专场演出官方录播下半场,明日方舟音律联觉专场演出是由上海鹰角网络和塞壬唱片联合主办的一场以《明日方舟》音乐内容为主题的大型线下演出活动，于2021年5月2日-5月3日在世博展览馆一号馆举办。演出的音乐包含有《明日方舟》的游戏音乐以及角色EP。现场邀请到了国内一线的乐队、音乐家、歌手和演奏者们共同参演。,161775300,明日方舟,2021-06-12T02:30:01+00:00,9146812,209736,130218,48000,19739,6251,47055,https://www.bilibili.com/video/BV1F64y1d7SF,official_public_aggregate,exact_api,2026-09-02T18:57:22.030177+08:00,,
BV1P64y1d7KF,《Unbecoming》 STARSET乐队音律联觉献唱版,明日方舟,161775300,明日方舟,2021-06-12T02:00:01+00:00,922265,53452,29350,8002,4420,2050,930,https://www.bilibili.com/video/BV1P64y1d7KF,official_public_aggregate,exact_api,2026-09-02T18:57:22.030177+08:00,,
BV1MU4y1j7TR,《明日方舟》EP - Heart Forest,"#歌曲发布
塞壬唱片-MSR携手小仓唯打造全新单曲 <Heart Forest>
正式曲目已于2021年6月8日上线
歌曲链接：https://music.163.com/#/song?id=1850210271

【歌曲介绍】
怀揣未向你传达的言语，拥抱不曾约定的彼端。
踏往无法预见的明天，祈愿旅途中能发现熟悉脸庞。
《Heart Forest》，跨越泥泞后迎接光芒，共同见证有笑颜展露的远方。

【歌曲列表】
Heart Forest",161775300,明日方舟,2021-06-08T09:00:13+00:00,2668798,206293,108290,79389,20045,9921,6290,https://www.bilibili.com/video/BV1MU4y1j7TR,official_public_aggregate,exact_api,2026-09-02T18:57:49.270978+08:00,,
BV1V64y1R7DW,2021明日方舟音律联觉专场演出官方录播预告PV,"#明日方舟
2021明日方舟音律联觉Ambience Synesthesia专场演出官方录播将于6月12日10:30正式上线，本次录播为大会员专享，相关信息可关注 http://mrfz.biligame.com/yllj/

一、音律联觉原声EP将于2021年6月12日正式上架塞壬唱片官网及网易云音乐，敬请期待。
【歌曲列表】
1.  CanNot Wait For
2.  ManiFesto:
3.  灯华梦踏
4.  前航远歌

二、【明日方舟·音律联觉】BILIBILI个性装扮套装即将上线，相关信",161775300,明日方舟,2021-06-08T01:30:03+00:00,1623995,88712,34799,10304,6786,4984,2561,https://www.bilibili.com/video/BV1V64y1R7DW,official_public_aggregate,exact_api,2026-09-02T18:57:52.413633+08:00,,
BV1TU4y1j7JC,《明日方舟》EP - ManiFesto：,"#明日方舟

打破常规，做我想做。
将胜利全心全意接受，我们会站到最后。
——你即将见证宣言的力量。

音律联觉Hip-Hop主题单曲《ManiFesto:》MV正式发布",161775300,明日方舟,2021-06-08T01:00:01+00:00,3182498,124158,83162,33588,13372,6590,5089,https://www.bilibili.com/video/BV1TU4y1j7JC,official_public_aggregate,exact_api,2026-09-02T18:57:26.724569+08:00,,
BV1sv411V7CX,《可露希尔的秘密档案》04话：可露希尔的商店！,"#可露希尔的秘密档案#
04：可露希尔的商店！

档案来源：lambda:\罗德岛内务\秘密档案
发布时间：6/06 1:00 P.M.
档案类型：隐藏
档案描述：又用爆炸阻止了一场惨剧！
提供者：THRM-EX",161775300,明日方舟,2021-06-06T05:00:10+00:00,1485863,142488,52090,21124,6416,5504,7553,https://www.bilibili.com/video/BV1sv411V7CX,official_public_aggregate,exact_api,2026-09-11T22:18:12+00:00,other_official,False
BV1oV411j7cx,《明日方舟》全新故事「灯火序曲」活动宣传PV,"'--重铸未来 方舟启航--
《明日方舟》全新故事「灯火序曲」活动宣传PV

↓↓《明日方舟》bilibili服下载↓↓
https://www.biligame.com/detail/?id=101772

_________________
一、故事集「灯火序曲」限时开启
二、【革新交响曲】限时寻访开启
三、新干员登场，【标准寻访】常驻
四、i.t【crossover】系列，新装限时上架
五、新增【莱娜的憩所】主题家具，限时上架

更多活动内容请持续关注《明日方舟》游戏内公告、官网及官方自媒体资讯",161775300,明日方舟,2021-05-26T04:00:11+00:00,2282353,133214,40102,16839,18758,17559,11833,https://www.bilibili.com/video/BV1oV411j7cx,official_public_aggregate,exact_api,2026-09-11T22:18:17+00:00,event_pv,False
BV15q4y1E7tE,《可露希尔的秘密档案》03话：可露希尔的罗德岛导览！,"#可露希尔的秘密档案
03：可露希尔的罗德岛导览！

档案来源：lambda:\罗德岛内务\秘密档案
发布时间：5/23 1:00 P.M.
档案类型：可见
档案描述：博士毫不犹豫地答应去参观商店街
提供者：可露希尔",161775300,明日方舟,2021-05-23T05:00:08+00:00,1365668,140725,49123,21118,5263,3534,4581,https://www.bilibili.com/video/BV15q4y1E7tE,official_public_aggregate,exact_api,2026-09-11T22:18:12+00:00,other_official,False
BV1264y117Py,《明日方舟》危机合约新赛季「光谱行动」宣传PV,"'--重铸未来 方舟启航--
《明日方舟》危机合约新赛季「光谱行动」宣传PV

↓↓《明日方舟》bilibili服下载↓↓
https://www.biligame.com/detail/?id=101772

____________________________
二周年庆典活动 Part.2
一、「二周年庆典」，#5赛季「光谱行动」即将开启
二、「二周年庆典」，“资源收集”限时全天开放
三、「二周年庆典」，【联合行动】特选干员定向寻访开启
四、「二周年庆典」，【罗德厨房】限时复刻

更多活动内容请持续",161775300,明日方舟,2021-05-10T03:00:09+00:00,2845282,140534,39805,19855,19090,18357,8435,https://www.bilibili.com/video/BV1264y117Py,official_public_aggregate,exact_api,2026-09-11T22:18:20+00:00,gameplay_system,False
BV1NV411E7Q3,《可露希尔的秘密档案》02话：可露希尔和博士！,"#可露希尔的秘密档案
02：可露希尔和博士！

档案来源：lambda:\罗德岛内务\秘密档案
发布时间：5/09 1:00 P.M.
档案类型：隐藏
档案描述：带博士做个全面客观的体检！
提供者：阿米娅",161775300,明日方舟,2021-05-09T05:00:05+00:00,1725941,184677,72617,31722,9135,9386,7192,https://www.bilibili.com/video/BV1NV411E7Q3,official_public_aggregate,exact_api,2026-09-11T22:18:12+00:00,other_official,False
BV1oq4y1E7mr,《明日方舟》EP - Immutable,"#歌曲发布
5月2日 Immutable正式上架塞壬唱片官网及网易云音乐；

塞壬唱片官网正式上线，官网链接：https://monster-siren.hypergryph.com/
网易云音乐专辑链接：https://music.163.com/#/album?id=126685790

【专辑介绍】
缥缈的行途歌谣，摇曳在时间长河中。
找寻答案而去的风，已道不清来时的路。
《Immutable》，只见那被淡然审视着的大地，依旧如故。

【歌曲列表】
1. Immutable
2. Immutable",161775300,明日方舟,2021-05-02T02:30:05+00:00,4201051,222071,126169,109856,17015,13695,14756,https://www.bilibili.com/video/BV1oq4y1E7mr,official_public_aggregate,exact_api,2026-09-11T22:18:47+00:00,music_ep,False
BV1VK4y1Z727,《明日方舟》EP - Voices,"#歌曲发布
5月1日 Voices正式上架塞壬唱片官网及网易云音乐；

塞壬唱片官网正式上线，官网链接：https://monster-siren.hypergryph.com/
网易云音乐专辑链接：https://music.163.com/#/album?id=126686280

【专辑介绍】
海风沉默，潮汐嗫嚅，海底的光亮在静待。
《Voices》，聆听歌声残响的人啊，是在寻觅何处的呼唤？

【歌曲列表】
Voices",161775300,明日方舟,2021-05-01T02:30:13+00:00,3354556,208444,97684,71829,13505,32475,31437,https://www.bilibili.com/video/BV1VK4y1Z727,official_public_aggregate,exact_api,2026-09-11T22:18:36+00:00,music_ep,False
BV1JZ4y1F7hH,《明日方舟》二周年特别直播录像（附字幕）,再次感谢大家的支持，之后我们将在官方自媒体账号更新《明日方舟》二周年庆典相关具体内容。更多活动详情详见官网、游戏内公告及双微。,161775300,明日方舟,2021-04-27T12:26:51+00:00,1878867,124389,74489,38231,6397,7498,40648,https://www.bilibili.com/video/BV1JZ4y1F7hH,official_public_aggregate,exact_api,2026-09-11T22:18:15+00:00,other_official,False
BV1H5411w7eV,《明日方舟》二周年庆典声优祝福,"'-特别感谢-
（以下排名不分先后）

阿部敦 本渡枫 大津爱理 黑泽朋世
日笠阳子 生天目仁美 石川界人 
石见舞菜香 石上静香 田所梓
小西克幸 樱井孝宏 中原麻衣
竹达彩奈 佐藤利奈 佐仓绫音 佐仓薰

来自各位老师们为本次《明日方舟》二周年庆典送上的祝福。
非常感谢老师们的祝福与认可！",161775300,明日方舟,2021-04-27T02:00:05+00:00,1121362,107555,39550,26586,6164,4882,13175,https://www.bilibili.com/video/BV1H5411w7eV,official_public_aggregate,exact_api,2026-09-11T22:18:06+00:00,other_official,False
BV15B4y1c7Gg,《明日方舟》EP - Feels by Low Roar,"#歌曲发布
塞壬唱片-MSR携手Low Roar乐队打造明日方舟二周年庆典主题曲；
塞壬唱片官网正式上线，官网链接：https://monster-siren.hypergryph.com/
网易云音乐专辑链接：https://music.163.com/#/album?id=126353418

【专辑介绍】
祷词间浸濯的，均是大海的馈赠。
呼唤中流淌的，皆为波涛的蔓延。
《Feels》，于平静中蛰伏浩瀚。
我们驻彼岸低唱，我们迎浪涌舞蹈，我们拥潮汐逝去。

【歌曲列表】
Feels",161775300,明日方舟,2021-04-26T03:00:15+00:00,1496837,118686,58374,43333,10848,5675,2300,https://www.bilibili.com/video/BV15B4y1c7Gg,official_public_aggregate,exact_api,2026-09-11T22:18:11+00:00,music_ep,False
BV1T84y1c7To,《明日方舟》x i.t合作幕后制作记录,"《明日方舟》 X  i.t合作幕后制作记录 
 记一次《明日方舟》另一种可能性的探索。也衷心祝愿大家都能不断向前，实现蜕变。

明日方舟  X  i.t 2021年春夏合作系列，已于明日方舟旗舰店开启预售。",161775300,明日方舟,2021-04-25T07:30:09+00:00,507764,60462,9214,5270,1457,2777,906,https://www.bilibili.com/video/BV1T84y1c7To,official_public_aggregate,exact_api,2026-09-02T18:57:36.822225+08:00,,
BV1ZN411Z7oe,《明日方舟》X i.t 春夏合作款宣传PV,"你即是潮流。
认识自己，相信自己，并忠于自己。愿你始终拥有这样的勇气。
明日方舟 X i.t 2021年春夏合作系列——预售开启。
具体活动内容详见明日方舟朝陇山微博以及天猫：明日方舟旗舰店
后续更多活动内容及最新消息请关注《明日方舟》官方自媒体账号讯息、明日方舟朝陇山账号讯息
敬请期待

_________
作曲：David Westbom
作词、演唱：Gabe Reali",161775300,明日方舟,2021-04-25T07:17:30+00:00,578253,56800,7691,5452,3293,2737,717,https://www.bilibili.com/video/BV1ZN411Z7oe,official_public_aggregate,exact_api,2026-09-02T18:57:49.270978+08:00,,
BV1tQ4y1Z7qA,《可露希尔的秘密档案》01话：可露希尔的自我介绍！,"#可露希尔的秘密档案
01：可露希尔的自我介绍！

档案来源：lambda:\罗德岛内务\秘密档案
发布时间：4/25 1:00 P.M.
档案类型：可见
档案描述：百忙之中抽空给博士做自我介绍（免费）
提供者：可露希尔",161775300,明日方舟,2021-04-25T05:00:01+00:00,1992839,187888,69219,39930,13004,5352,3550,https://www.bilibili.com/video/BV1tQ4y1Z7qA,official_public_aggregate,exact_api,2026-09-11T22:18:08+00:00,other_official,False
BV1Ap4y1b7UC,《明日方舟》游戏概念宣传PV-3,"'--重铸未来 方舟启航--
《明日方舟》游戏概念宣传PV-3

↓↓《明日方舟》bilibili服下载↓↓
https://www.biligame.com/detail/?id=101772

感谢starset为本次《明日方舟》概念PV3创作单曲《Infected》。

PV: mienthoa · 玖天 · 横尾太喵 · 假熊猫 · 妹系厨
Artist:Cenm0 · JOKER · Liduke · m9nokuro · NoriZC · Skade · TOKI · TrNyteal · 火爆",161775300,明日方舟,2021-04-25T02:00:04+00:00,4890267,227442,170737,93394,42369,17720,10872,https://www.bilibili.com/video/BV1Ap4y1b7UC,official_public_aggregate,exact_api,2026-09-11T22:18:11+00:00,other_pv,False
BV16o4y1f7Fv,《明日方舟》SideStory「覆潮之下」活动先导PV,"'--重铸未来 方舟启航--
《明日方舟》SideStory「覆潮之下」活动先导PV

↓↓《明日方舟》bilibili服下载↓↓
https://www.biligame.com/detail/?id=101772
________________________
一个猎人她走上海岸，她的家乡在后，她的路在身前。",161775300,明日方舟,2021-04-24T14:15:03+00:00,2669074,179964,89125,51872,22707,9046,14726,https://www.bilibili.com/video/BV16o4y1f7Fv,official_public_aggregate,exact_api,2026-09-11T22:18:14+00:00,event_pv,False
BV16B4y1A7ar,《明日方舟》二周年庆典活动宣传PV,"'--重铸未来 方舟启航--
《明日方舟》SideStory「覆潮之下」活动宣传PV

↓↓《明日方舟》bilibili服下载↓↓
https://www.biligame.com/detail/?id=101772

二周年庆典活动 Part.1
一、「二周年庆典」，SideStory「覆潮之下」活动开启
二、【限定寻访·庆典】系列，【深悼】限定寻访开启
三、「二周年庆典」，特别登录活动开启
四、「二周年庆典」，限时签到活动开启
五、「二周年庆典」，新干员登场
六、「二周年庆典」，新装限时上架
七、「音律",161775300,明日方舟,2021-04-24T13:20:13+00:00,6057019,263623,199776,85221,54998,38915,48457,https://www.bilibili.com/video/BV16B4y1A7ar,official_public_aggregate,exact_api,2026-09-11T22:18:42+00:00,event_pv,False
BV1Zp4y187JQ,《明日方舟》EP - Gearing Up,"4月15日 Gearing Up正式上架塞壬唱片官网及网易云音乐；

塞壬唱片官网正式上线，官网链接：https://monster-siren.hypergryph.com/
网易云音乐专辑链接：https://music.163.com/#/album?id=125972210

【专辑介绍】
 过往如暗夜绽放的深渊之花，侵染明日也呈墨色。
《Gearing Up》，时机被等待着，命运被搅动着，迎接名为终结的开幕。

【歌曲列表】
Gearing Up",161775300,明日方舟,2021-04-15T02:30:18+00:00,1058323,84788,25844,21288,4575,8341,3442,https://www.bilibili.com/video/BV1Zp4y187JQ,official_public_aggregate,exact_api,2026-09-11T22:18:21+00:00,music_ep,False
BV1L5411c7L3,《明日方舟》SideStory「遗尘漫步」活动宣传PV,"'--重铸未来 方舟启航--
《明日方舟》SideStory「遗尘漫步」活动宣传PV

↓↓《明日方舟》bilibili服下载↓↓
https://www.biligame.com/detail/?id=101772

一、全新活动SideStory「遗尘漫步」，活动关卡开启
二、【沙海过客】限时寻访开启
三、新干员登场，【标准寻访】常驻
四、【斗争血脉/II】系列，新装限时上架
五、【斗争血脉】系列，限时复刻上架
六、【急救专家组办公室】，主题家具限时获取
七、【公开招募】干员更新",161775300,明日方舟,2021-04-10T03:00:06+00:00,2911608,163380,72002,28599,29283,18203,19350,https://www.bilibili.com/video/BV1L5411c7L3,official_public_aggregate,exact_api,2026-09-11T22:18:11+00:00,event_pv,False
BV1Bh411D7cB,2021《明日方舟》音律联觉专场演出宣传PV,"2021《明日方舟》音律联觉Ambience Synesthesia专场演出正式情报公开！
活动详情请见：https://ak.hypergryph.com/special/ambience_synesthesia/index.html
活动时间：5月2日~5月3日
活动地点：上海世博展览馆一号馆（上海市浦东新区国展路1099号）

※本次包含所有演出曲目的录播内容后续将于BILIBILI独家上线，敬请期待。
※本次票务将和大麦网进行合作，开票时间会于近期发布，详情请持续关注明日方舟Arknights音律",161775300,明日方舟,2021-04-06T11:00:03+00:00,1862757,143059,50471,26599,27410,13737,6368,https://www.bilibili.com/video/BV1Bh411D7cB,official_public_aggregate,exact_api,2026-09-11T22:18:14+00:00,offline_event,False
BV1Kp4y1a749,《明日方舟》x《彩虹六号：围攻》联动结束纪念,"我跟着你的战术走过，你看透了一切。
辛苦了，干得漂亮。",161775300,明日方舟,2021-03-23T02:00:06+00:00,2532402,169675,45542,34486,15342,9149,3629,https://www.bilibili.com/video/BV1Kp4y1a749,official_public_aggregate,exact_api,2026-09-11T22:18:25+00:00,other_official,False
BV1DX4y1372m,《明日方舟》EP - daydaydream,"#歌曲发布
正式曲目已于2021年03月16日上线

【专辑介绍】
嘿朋友，你那边今天是好天气吗？
时光总能消磨忧郁，晴天也会如期而至。
《Daydaydream》，注意在街角发光的琐碎日常吧，那里定有属于你的曲调。

【歌曲列表】
Daydaydream",161775300,明日方舟,2021-03-16T02:30:03+00:00,6939643,319921,182423,167831,63611,14272,8700,https://www.bilibili.com/video/BV1DX4y1372m,official_public_aggregate,exact_api,2026-09-11T22:18:48+00:00,music_ep,False
BV1oU4y1H7Pw,【明日方舟×彩虹六号：围攻】“源石尘行动”限时活动宣传PV,"'--重铸未来 方舟启航--
【明日方舟×彩虹六号：围攻】“源石尘行动”限时活动宣传PV

↓↓《明日方舟》bilibili服下载↓↓
https://www.biligame.com/detail/?id=101772

一、【明日方舟×彩虹六号：围攻】，SideStory【源石尘行动】活动关卡开启
二、【进攻、防守、战术交汇】限时寻访开启
三、【进攻、防守、战术交汇】限时登录活动开启
四、【明日方舟×彩虹六号：围攻】，签到活动开启
五、【明日方舟×彩虹六号：围攻】，新干员登场
六、【明日方舟×彩虹六号：",161775300,明日方舟,2021-03-02T03:00:11+00:00,3797283,169433,68294,30776,37862,21905,18427,https://www.bilibili.com/video/BV1oU4y1H7Pw,official_public_aggregate,exact_api,2026-09-11T22:18:17+00:00,event_pv,False
BV1LU4y1s7gv,《明日方舟》x《彩虹六号：围攻》先导PV,未知与未知相遇，一切行将就绪。,161775300,明日方舟,2021-02-25T02:00:12+00:00,2405063,165061,45162,22672,46657,18405,6605,https://www.bilibili.com/video/BV1LU4y1s7gv,official_public_aggregate,exact_api,2026-09-11T22:17:39+00:00,other_pv,False
BV1rp4y1n7Ft,《明日方舟》EP - 观心,"#歌曲发布
正式曲目已于2021年02月24日上线

【专辑介绍】
别外空间，求索迷茫。
向天问道，于己观道。
《观心》，知混沌有边，了通明无际。

【歌曲列表】
观心",161775300,明日方舟,2021-02-24T02:30:14+00:00,1610078,140066,55845,42023,10687,7896,5182,https://www.bilibili.com/video/BV1rp4y1n7Ft,official_public_aggregate,exact_api,2026-09-11T22:18:18+00:00,music_ep,False
BV1eo4y1d7Zc,《明日方舟》EP - 更阑影,"#歌曲发布
正式曲目已于2021年02月07日上线

【专辑介绍】
《更阑影》，华灯上，尽阖欢。
诸事顺遂，朋友们和朋友的朋友们。

【歌曲列表】
更阑影",161775300,明日方舟,2021-02-07T02:30:16+00:00,1572679,128571,48864,42586,9095,6382,5034,https://www.bilibili.com/video/BV1eo4y1d7Zc,official_public_aggregate,exact_api,2026-09-11T22:18:33+00:00,music_ep,False
BV1jv4y1f7jH,《明日方舟》SideStory「画中人」活动宣传PV,"'--重铸未来 方舟启航--
《明日方舟》SideStory「画中人」活动宣传PV

↓↓《明日方舟》bilibili服下载↓↓
https://www.biligame.com/detail/?id=101772

一、全新活动SideStory「画中人」，活动关卡开启
二、【限定寻访·春节】系列，【月隐晦明】限定寻访开启
三、辞旧迎新，【月隐晦明】限时登录活动开启
四、辞旧迎新，新干员登场
五、辞旧迎新，【龙门幸运墙】活动开启
六、辞旧迎新，除夕夜特别登录奖励开启
七、辞旧迎新，「岁暮点雪」签到活动开启",161775300,明日方舟,2021-01-28T03:00:05+00:00,4044100,211640,126969,49265,48399,36129,48514,https://www.bilibili.com/video/BV1jv4y1f7jH,official_public_aggregate,exact_api,2026-09-11T22:18:11+00:00,event_pv,False
BV11t4y1z7rG,《明日方舟》危机合约新赛季「铅封行动」宣传PV,"'--重铸未来 方舟启航--
《明日方舟》危机合约新赛季「铅封行动」宣传PV

↓↓《明日方舟》bilibili服下载↓↓
https://www.biligame.com/detail/?id=101772

____________________________
一、危机合约，#4赛季「铅封行动」开启
赛季开启时间：01月19日 16:00 - 02月02日 03:59
危机合约解锁条件：通关主线 2-10
赛季说明：该赛季开启期间内，玩家可在赛季关卡中通过搭配不同「合约」进行作战，通过作战完成相关挑",161775300,明日方舟,2021-01-14T03:00:03+00:00,2722439,110642,33037,21255,15542,8883,3155,https://www.bilibili.com/video/BV11t4y1z7rG,official_public_aggregate,exact_api,2026-09-11T22:18:20+00:00,gameplay_system,False
BV1XK4y1p7GF,《明日方舟》EP - 冬涤,"#歌曲发布
正式曲目已于2021年01月08日上线

【专辑介绍】

雪野即景，万物沉沉入梦。
我临寒风，踽踽独行，望旅途延伸，前路明了。
《冬涤》，盼温和光辉洗净世间，直至被称为悲伤的低鸣都止息。

【歌曲列表】
冬涤",161775300,明日方舟,2021-01-08T02:30:04+00:00,1802258,129785,63327,49738,11518,5269,3036,https://www.bilibili.com/video/BV1XK4y1p7GF,official_public_aggregate,exact_api,2026-09-11T22:18:45+00:00,music_ep,False
BV19y4y127Kv,《明日方舟》EP - Till the Bell Tolls,"#歌曲发布
正式曲目已于2021年01月05日上线

【专辑介绍】

越过高墙，祷告胜利。
福音中轻唱赞美诗，回应便是同乡的欢欣。
Till the Bell Tolls, 愿光芒铺陈你的前路，愿虔诚与信念永伴你身。

【歌曲列表】
Till the Bell Tolls",161775300,明日方舟,2021-01-05T02:30:18+00:00,1101337,84099,33695,25961,4810,6771,7219,https://www.bilibili.com/video/BV19y4y127Kv,official_public_aggregate,exact_api,2026-09-11T22:18:18+00:00,music_ep,False
BV12z4y1r7jy,《明日方舟》全新故事「此地之外」活动宣传PV,"'--重铸未来 方舟启航--
《明日方舟》全新故事「此地之外」活动宣传PV

↓↓《明日方舟》bilibili服下载↓↓
https://www.biligame.com/detail/?id=101772

一、全新故事集「此地之外」限时开启
关卡开放时间：01月05日 16:00 - 01月12日 03:59
关卡解锁条件：通关主线1-10
关卡掉落：奇景明信片、素材等
活动说明：活动期间将限时开放「此地之外」活动关卡，玩家可通过活动作战收集【奇景明信片】后在【当地办事处】中兑换活动奖励及事相碎片。事相",161775300,明日方舟,2020-12-31T03:00:09+00:00,1455899,90625,28562,13003,10052,9064,12598,https://www.bilibili.com/video/BV12z4y1r7jy,official_public_aggregate,exact_api,2026-09-11T22:18:17+00:00,event_pv,False
BV1Pa4y1p7j2,《明日方舟》携手招商银行「泰运通达」联名活动宣传PV,"'--重铸未来 方舟启航--
《明日方舟》携手招商银行「泰运通达」联名活动宣传PV

↓↓《明日方舟》bilibili服下载↓↓
https://www.biligame.com/detail/?id=101772

携手合作伙伴招商银行，「泰运通达」明日方舟x招商银行联名储蓄卡12月28日即将开启办理
具体活动内容详见链接 https://ak.hypergryph.com/special/cmb/

【活动一】 申请明日方舟联名储蓄卡免费领取游戏礼包
【活动二】 登入招商银行APP免费参与周边限时抽奖",161775300,明日方舟,2020-12-25T11:30:08+00:00,820705,60246,6162,7034,6282,3810,918,https://www.bilibili.com/video/BV1Pa4y1p7j2,official_public_aggregate,exact_api,2026-09-11T22:17:49+00:00,event_pv,False
BV1vK4y1V7gs,《明日方舟》EP - Rock the Night Away,"明日方舟塞壬唱片携手哔哩哔哩游戏打造独家圣诞合作曲《Rock the Night Away》
圣诞惊喜周边礼包抽选活动现已开启，详情请见：https://mrfz.biligame.com/ygsdj/

__________
正式曲目已于2020年12月24日上线

【专辑介绍】
尖叫划破雪夜，向一如既往大声说不。
抛弃所有顾虑，这是你心中迷失的季节吗？
《Rock the Night Away》，将唤醒你的灵魂，用摇滚阐释节日的另一面！

【歌曲列表】
Rock the Night Away",161775300,明日方舟,2020-12-24T03:52:18+00:00,2044388,157172,75438,56681,17632,12276,3534,https://www.bilibili.com/video/BV1vK4y1V7gs,official_public_aggregate,exact_api,2026-09-11T22:18:18+00:00,music_ep,False
BV1964y1f7w9,《明日方舟》EP - Tipsy,"#歌曲发布
正式曲目已于2020年12月17日上线

【专辑介绍】

再续一杯佳酿，和出一曲醇郁悠扬。
游走在光影边界的旋律，将平日的喧闹悄然抽离。
《Tipsy》，曲调醉耳，倦意上头，却叫人分外清醒。

【歌曲列表】
Tipsy",161775300,明日方舟,2020-12-17T02:20:15+00:00,1356430,99626,34748,30191,10074,6609,8193,https://www.bilibili.com/video/BV1964y1f7w9,official_public_aggregate,exact_api,2026-09-02T18:56:48.411752+08:00,,
BV1Ka411c7kp,《明日方舟》SideStory「孤岛风云」活动宣传PV,"'--重铸未来 方舟启航--
《明日方舟》SideStory「孤岛风云」活动宣传PV

↓↓《明日方舟》bilibili服下载↓↓
https://www.biligame.com/detail/?id=101772

一、全新活动剧情「孤岛风云」，活动关卡开启
活动时间：12月17日 16:00 - 01月07日 03:59
解锁条件：通关主线1-10
活动说明：活动期间将开放「孤岛风云」活动关卡，玩家可通过活动关卡作战、完成相关活动任务以及活动商店获取相关活动奖励

活动关卡将进行分段式开启：
◆“越狱",161775300,明日方舟,2020-12-10T02:30:04+00:00,1971057,105736,35612,17209,13189,9705,13663,https://www.bilibili.com/video/BV1Ka411c7kp,official_public_aggregate,exact_api,2026-09-11T22:18:15+00:00,event_pv,False
BV1ut4y1Y7Yn,《明日方舟》EP - Crystallize,"塞壬唱片-MSR携手水濑祈打造全新明日方舟印象单曲 <Crystallize>
正式曲目现已随水濑祈个人专辑<Starlight Museum>正式上线",161775300,明日方舟,2020-12-02T10:30:05+00:00,4322920,211211,120906,98156,32567,9534,7712,https://www.bilibili.com/video/BV1ut4y1Y7Yn,official_public_aggregate,exact_api,2026-09-11T22:18:47+00:00,music_ep,False
BV1W5411V7NX,《明日方舟》危机合约新赛季「燃灰行动」宣传PV,"'--重铸未来 方舟启航--
《明日方舟》危机合约新赛季「燃灰行动」宣传PV

↓↓《明日方舟》bilibili服下载↓↓
https://www.biligame.com/detail/?id=101772

____________________________
一、危机合约，#3赛季「燃灰行动」开启
赛季开启时间：11月15日 16:00 - 11月29日 03:59
危机合约解锁条件：通关主线 2-10
赛季说明：该赛季开启期间内，玩家可在赛季关卡中通过搭配不同「合约」进行作战，通过作战完成相关挑",161775300,明日方舟,2020-11-10T07:00:02+00:00,1854698,89838,23662,13880,13859,10138,2856,https://www.bilibili.com/video/BV1W5411V7NX,official_public_aggregate,exact_api,2026-09-11T22:18:15+00:00,gameplay_system,False
BV1Av411r7ny,《明日方舟》EP - Lithos,"#歌曲发布
正式曲目已于2020年11月03日上线

【专辑介绍】

回响于脑中的血脉烙印，无言承诺沃土的呼唤
《Lithos》，与山石为友
愿生生不息，愿长远绵延

【歌曲列表】
Lithos",161775300,明日方舟,2020-11-03T02:30:01+00:00,1091073,83430,26739,24518,2717,3107,5874,https://www.bilibili.com/video/BV1Av411r7ny,official_public_aggregate,exact_api,2026-09-11T22:18:17+00:00,music_ep,False
BV1jt4y1e7PF,《明日方舟》EP - Lullabye,"'--重铸未来 方舟启航--

《明日方舟》bilibili服下载
https://www.biligame.com/detail/?id=101772

——————————
正式曲目已于2020年11月02日上线

【专辑介绍】

I arise from whispers of thee,
In the first tranquil slumber.
As the memories are burning low,
And the pasts are shining pale,
I chant wit",161775300,明日方舟,2020-11-02T02:30:55+00:00,3629826,177046,96621,100205,35703,9513,8291,https://www.bilibili.com/video/BV1jt4y1e7PF,official_public_aggregate,exact_api,2026-09-11T22:18:47+00:00,music_ep,False
BV1St4y1e7t3,《明日方舟》EP - Confront,"'--重铸未来 方舟启航--

《明日方舟》bilibili服下载
https://www.biligame.com/detail/?id=101772

——————————
正式曲目已于2020年11月01日上线

【专辑介绍】

感触着纸笔间的余温，记录下万千不能忘的昨日。
《Confront》，在学习双手如何不再颤栗，在寻觅勇敢和坚强的真谛。

【歌曲列表】
Confront",161775300,明日方舟,2020-11-01T02:30:29+00:00,1600543,135355,63685,43403,6877,8405,31317,https://www.bilibili.com/video/BV1St4y1e7t3,official_public_aggregate,exact_api,2026-09-11T22:18:15+00:00,music_ep,False
BV1Fr4y1w7Ls,《明日方舟》10.25感谢庆典直播录像（附字幕）,"'--重铸未来 方舟启航--

《明日方舟》bilibili服下载
https://www.biligame.com/detail/?id=101772

——————————
再次感谢大家对本次直播的支持，之后我们将在官方自媒体账号放出本次感谢庆典相关具体内容。更多活动详情详见官网、游戏内公告及官方自媒体。",161775300,明日方舟,2020-10-27T11:52:43+00:00,1851220,101949,38345,28631,7535,6013,30431,https://www.bilibili.com/video/BV1Fr4y1w7Ls,official_public_aggregate,exact_api,2026-09-11T22:18:06+00:00,other_official,False
BV1Hy4y1r7x9,《明日方舟》音乐幕后制作记录,Hypergryph x Abbey Road Studios —《明日方舟》音乐幕后制作记录,161775300,明日方舟,2020-10-26T09:00:31+00:00,533703,54460,17220,9113,4568,2937,2099,https://www.bilibili.com/video/BV1Hy4y1r7x9,official_public_aggregate,exact_api,2026-09-02T18:57:42.230117+08:00,,
BV1Hy4y1r7k7,初探泰拉 TERRA EXPLORATION,,161775300,明日方舟,2020-10-26T07:00:41+00:00,1643085,115346,53084,43696,21261,4740,3273,https://www.bilibili.com/video/BV1Hy4y1r7k7,official_public_aggregate,exact_api,2026-09-11T22:17:21+00:00,other_official,False
BV1rv411k7Wv,《明日方舟》音律联觉 Ambience Synesthesia预告PV,"'--重铸未来 方舟启航--

《明日方舟》bilibili服下载
https://www.biligame.com/detail/?id=101772

——————————
THE SHOW MUST GO ON 十年老牌，百年品质。塞壬唱片，倾情打造
前无古人，后无来者不敢说，泰拉首届大型线下专场演出 
新锐音乐人加盟，韵律循环，贯穿首尾
更有独家经典，流传名曲，历史见证再再再演绎
我们一直在研究，不会被超越的前卫节奏，和近距离的古典震撼
强强联手，应有尽有
明日方舟专场演出 
音律联觉 Ambien",161775300,明日方舟,2020-10-26T03:00:28+00:00,1036900,83333,24301,20177,6752,2146,1386,https://www.bilibili.com/video/BV1rv411k7Wv,official_public_aggregate,exact_api,2026-09-02T18:57:48.485422+08:00,,
BV1W54y1C7jy,《明日方舟》2020「感谢庆典」限时活动宣传PV,"'--重铸未来 方舟启航--
《明日方舟》2020「感谢庆典」限时活动宣传PV

《明日方舟》bilibili服下载
https://www.biligame.com/detail/?id=101772

——————————
感谢庆典活动（Part.1）
一、主线第八章节【怒号光明】开放
二、「感谢庆典」限时签到活动开启
三、【限定寻访·庆典】系列，【勿忘我】限定寻访开启
四、「感谢庆典」特别登录活动开启
五、「感谢庆典」限定寻访每日赠送
六、「感谢庆典」新干员登场
七、「感谢庆典」新装限时上架
八、「感",161775300,明日方舟,2020-10-25T12:45:16+00:00,6566583,192728,125969,65856,42626,24093,39203,https://www.bilibili.com/video/BV1W54y1C7jy,official_public_aggregate,exact_api,2026-09-11T22:18:48+00:00,event_pv,False
BV1Lv411k7Nt,《明日方舟》EP - Stay Gold,"#歌曲发布
正式曲目已于2020年10月21日上线

【专辑介绍】

行将绽放的荣光，照耀尘埃也染上明亮。
时常沐浴着温暖的朝晖，偶尔也踏过照不见影子的苦暗。
《Stay Gold》，笑颜和没有褪色的初心，会比昨日更加璀璨。

【歌曲列表】
Stay Gold",161775300,明日方舟,2020-10-21T02:00:32+00:00,1867580,108279,43826,41734,6783,4185,3456,https://www.bilibili.com/video/BV1Lv411k7Nt,official_public_aggregate,exact_api,2026-09-11T22:18:27+00:00,music_ep,False
BV1Yi4y1j7Us,《明日方舟》EP - 秋绪,"#歌曲发布
正式曲目已于2020年10月10日上线

【专辑介绍】

悠长旅途，欣喜常与奇迹邂逅。
还未说出口的希望，都将化作秋叶落在掌心。
《秋绪》，轻哼熟悉的小调，伸手连接未来的光辉。

【制作信息】
作曲：山川恵津子
作词：Juno
演唱：タイナカサチ

【歌曲列表】
秋绪",161775300,明日方舟,2020-10-11T02:00:53+00:00,6442378,291343,168081,176482,56787,12457,7616,https://www.bilibili.com/video/BV1Yi4y1j7Us,official_public_aggregate,exact_api,2026-09-11T22:18:47+00:00,music_ep,False
BV1HD4y1d79R,《明日方舟》SideStory「玛莉娅·临光」活动宣传PV,"'--重铸未来 方舟启航--
《明日方舟》SideStory「玛莉娅·临光」活动宣传PV

↓↓《明日方舟》bilibili服下载↓↓
https://www.biligame.com/detail/?id=101772

一、全新活动剧情「玛莉娅·临光」，活动关卡开启
活动时间：10月15日 16:00 - 11月05日 03:59
解锁条件：通关主线1-10
活动说明：活动期间将开放「玛莉娅·临光」活动关卡，玩家可通过活动关卡作战、完成相关活动任务以及活动商店获取相关活动奖励

活动关卡将进行分段式开启",161775300,明日方舟,2020-10-09T06:55:58+00:00,2422099,113381,42840,20956,14737,10037,19714,https://www.bilibili.com/video/BV1HD4y1d79R,official_public_aggregate,exact_api,2026-09-11T22:18:11+00:00,event_pv,False
BV1Pz4y1Z7UF,《明日方舟》EP - Reconnection,"#歌曲发布
正式曲目已于2020年9月24日上线

【专辑介绍】

探寻，排序，在焰火里打捞记忆断片。
线索是没有次第的词句，挣脱枷锁也未留下归属。
《Reconnection》，只留下原地云雾在反复确认。

【歌曲列表】
Reconnection",161775300,明日方舟,2020-09-24T02:10:42+00:00,2349779,135216,52084,47041,8013,6553,16750,https://www.bilibili.com/video/BV1Pz4y1Z7UF,official_public_aggregate,exact_api,2026-09-11T22:18:18+00:00,music_ep,False
BV1ET4y1A7uv,金秋系列限时活动宣传PV,"'--重铸未来 方舟启航--
《明日方舟》金秋系列限时活动宣传PV

↓↓《明日方舟》bilibili服下载↓↓
https://www.biligame.com/detail/?id=101772

《明日方舟》金秋系列限时活动即将开启

Part.1 故事集「踏寻往昔之风」限时活动开启

Part.2 「骑兵与猎人」复刻限时开启

活动具体内容详见《明日方舟》游戏内公告、官网及官方自媒体账号",161775300,明日方舟,2020-09-17T09:27:58+00:00,1987932,95699,31660,16038,11935,10272,16679,https://www.bilibili.com/video/BV1ET4y1A7uv,official_public_aggregate,exact_api,2026-09-02T18:57:36.822225+08:00,,
BV1iK4y1e7uL,《明日方舟》EP - ALIVE,"#歌曲发布
正式曲目已于2020年8月28日上线

【专辑介绍】

'I stretch forth my dreams to thee. 
My song thirsts for thee like a parched land.
Stay Alive Until the Sunset.
For to thee I lift up my soul.'

【歌曲列表】
ALIVE",161775300,明日方舟,2020-08-28T02:49:46+00:00,3405164,183458,89165,79533,21656,10401,5014,https://www.bilibili.com/video/BV1iK4y1e7uL,official_public_aggregate,exact_api,2026-09-11T22:18:27+00:00,music_ep,False
BV1zv411y7Xs,《明日方舟》EP - Evolutionary Mechanization,"#歌曲发布
正式曲目已于2020年8月25日上线

【专辑介绍】

以钢铁生长渴望，狩猎无章秩序；
循着丛林之风，远步广袤无垠。

《Evolutionary Mechanization》 Here, the one returns.

【歌曲列表】
Evolutionary Mechanization",161775300,明日方舟,2020-08-25T02:30:32+00:00,1811080,113713,44174,37694,7495,9378,13436,https://www.bilibili.com/video/BV1zv411y7Xs,official_public_aggregate,exact_api,2026-09-11T22:18:45+00:00,music_ep,False
BV1F64y1c7hd,《明日方舟》EP - El Brillo Solitario,"#歌曲发布
正式曲目已于2020年8月12日上线

【专辑介绍】
凝神屏息，无暇踌躇。

目光所至，即剑锋所指。

《El Brillo Solitario》，纵使黄沙裹劲风，日沉又西落，依旧带不走眼眸中的光。

【歌曲列表】
El Brillo Solitario",161775300,明日方舟,2020-08-12T02:30:22+00:00,2357082,135887,47085,53623,12961,12560,12090,https://www.bilibili.com/video/BV1F64y1c7hd,official_public_aggregate,exact_api,2026-09-02T18:57:11.869056+08:00,,
BV1i54y1S7tR,《明日方舟》SideStory「火蓝之心」复刻活动宣传PV,"'--重铸未来 方舟启航--
《明日方舟》SideStory「火蓝之心」复刻活动宣传PV

↓↓《明日方舟》bilibili服下载↓↓
https://www.biligame.com/detail/?id=101772

一、「火蓝之心」复刻，活动关卡限时开启
活动时间：08月11日16:00 - 8月25日03:59
活动说明：活动期间将开放「火蓝之心」活动关卡，玩家可通过活动关卡作战、完成活动里程碑以及活动商店获取相关活动奖励
解锁条件：通关主线1-10

活动关卡开放时间：
◆【主舞台】:08月11",161775300,明日方舟,2020-08-06T02:30:48+00:00,3193763,134428,41080,21086,23006,391852,37114,https://www.bilibili.com/video/BV1i54y1S7tR,official_public_aggregate,exact_api,2026-09-02T18:57:44.592328+08:00,,
BV12a4y1E7PT,《明日方舟》EP - 夏浪,"#歌曲发布
塞壬唱片-MSR再次携手音乐制作人横山克，带来炎夏的一缕清凉。
正式曲目已于2020年8月3日上线

【专辑介绍】

踩着海风，乘着飞浪。

《夏浪》，全力蓄能，准备发射！

【歌曲列表】
夏浪",161775300,明日方舟,2020-08-03T02:30:12+00:00,1847260,140370,42245,39789,9983,8528,5853,https://www.bilibili.com/video/BV12a4y1E7PT,official_public_aggregate,exact_api,2026-09-02T18:57:53.984763+08:00,,
BV1WT4y1j7jP,《明日方舟》EP - Lily of the Valley,"#歌曲发布
正式曲目已于2020年7月20日上线

【专辑介绍】

以传承束缚真相，掩盖土地的残酷命题。

《Lily of the Valley》，愿予九倍的温柔与坚强。

【歌曲列表】
Lily of the Valley",161775300,明日方舟,2020-07-20T08:50:59+00:00,1534982,118110,52906,44129,8924,6545,6891,https://www.bilibili.com/video/BV1WT4y1j7jP,official_public_aggregate,exact_api,2026-09-11T22:18:18+00:00,music_ep,False
BV11z4y1X7V5,《明日方舟》EP - Everything's Alright by DJ Okawari,"#歌曲发布
塞壬唱片-MSR再次携手DJ Okawari打造全新单曲
正式曲目已于2020年7月8日上线

【专辑介绍】
Do not doubt or feel like lost
Everything's Alright with you.

【歌曲列表】
Everything's Alright

【制作信息】
制作/作曲/编曲：DJ OKAWARI
演唱：澤田かおり",161775300,明日方舟,2020-07-08T09:00:51+00:00,4679781,237239,153119,142993,39766,13474,16197,https://www.bilibili.com/video/BV11z4y1X7V5,official_public_aggregate,exact_api,2026-09-11T22:18:47+00:00,music_ep,False
BV1nK4y1s72J,《明日方舟》SideStory「沃伦姆德的薄暮」活动宣传PV,"'--重铸未来 方舟启航--
《明日方舟》SideStory「沃伦姆德的薄暮」活动宣传PV

↓↓《明日方舟》bilibili服下载↓↓
https://www.biligame.com/detail/?id=101772

一、全新活动剧情「沃伦姆德的薄暮」，活动关卡开启
活动时间：07月09日 16:00 - 07月30日 03:59
解锁条件：通关主线1-10
活动说明：活动期间将开放「沃伦姆德的薄暮」活动关卡，玩家可通过活动关卡作战、完成相关活动任务以及活动商店获取相关活动奖励

活动关卡将进行分段",161775300,明日方舟,2020-07-03T10:21:28+00:00,3138657,123002,46744,22863,21499,17398,25568,https://www.bilibili.com/video/BV1nK4y1s72J,official_public_aggregate,exact_api,2026-09-02T18:56:57.076533+08:00,,
BV1La4y1Y7H7,《明日方舟》EP - 从那高地上远眺,"#歌曲发布
正式曲目已于2020年6月18日上线

【专辑介绍】
我们跨步前进，向每寸土地响亮问好。

我们高歌齐唱，钢铁意志远比炮火有力量。

【歌曲列表】
从那高地上远眺",161775300,明日方舟,2020-06-18T11:00:16+00:00,2504266,123678,39495,43622,16964,13715,10884,https://www.bilibili.com/video/BV1La4y1Y7H7,official_public_aggregate,exact_api,2026-09-02T18:57:53.984763+08:00,,
BV1TA411B7t2,《明日方舟》全新故事「乌萨斯的孩子们」活动宣传PV,"'--重铸未来 方舟启航--
《明日方舟》全新故事集「乌萨斯的孩子们」活动宣传PV

↓↓《明日方舟》bilibili服下载↓↓
https://www.biligame.com/detail/?id=101772

一、全新故事集「乌萨斯的孩子们」限时开启
关卡开放时间：06月18日 16:00 - 06月25日 03:59
关卡解锁条件：通关主线1-10
关卡掉落：彼得海姆热销饼干、素材等
活动说明：活动期间将限时开放「乌萨斯的孩子们」活动关卡，玩家可通过活动作战收集【彼得海姆热销饼干】在【校园超市】中",161775300,明日方舟,2020-06-12T06:00:37+00:00,2175266,104865,27994,18248,12090,9021,18339,https://www.bilibili.com/video/BV1TA411B7t2,official_public_aggregate,exact_api,2026-09-02T18:56:53.136454+08:00,,
BV1pK411s7s4,《明日方舟》EP - Reversed time,"#歌曲发布
正式曲目已于2020年6月1日上线

【专辑介绍】
八音盒逆转，时光回溯。

此刻我们睁着眼 ，做着奔跑在草地的梦。

《Reversed time》， 成为大人之后的事，让我们明天再说。

【歌曲列表】
Reversed time",161775300,明日方舟,2020-06-01T02:30:53+00:00,1984256,154240,70045,59593,13505,8498,8531,https://www.bilibili.com/video/BV1pK411s7s4,official_public_aggregate,exact_api,2026-09-11T22:18:18+00:00,music_ep,False
BV1sg4y1i7LX,《明日方舟》危机合约新赛季「黄铁行动」宣传PV,"'--重铸未来 方舟启航--
《明日方舟》危机合约新赛季「黄铁行动」宣传PV

↓↓《明日方舟》bilibili服下载↓↓
https://www.biligame.com/detail/?id=101772

一、危机合约，#1赛季「黄铁行动」开启
赛季开启时间：06月02日 16:00 - 06月16日 03:59
危机合约解锁条件：通关主线 2-10
赛季说明：该赛季开启期间内，玩家可在赛季关卡中通过搭配不同「合约」进行作战，通过作战完成相关挑战任务提升关卡评价和收集「合约赏金」以及「行动协议」
◆「",161775300,明日方舟,2020-05-28T03:00:56+00:00,2500392,112664,33447,22055,17034,13395,6045,https://www.bilibili.com/video/BV1sg4y1i7LX,official_public_aggregate,exact_api,2026-09-11T22:18:20+00:00,gameplay_system,False
BV1q54y1Q7Hy,《明日方舟》EP - Sparkling Hydraulics,"#歌曲发布
正式曲目已于2020年5月3日上线

【专辑介绍】
午后三时四十五分，独享闲暇时光。

今日温湿度恰到好处，空气中仍有干净的味道。

《Sparkling Hydraulics》，一切都是如故的熟悉感。

【歌曲列表】
Sparkling Hydraulics",161775300,明日方舟,2020-05-03T02:30:57+00:00,1431542,101330,34969,36502,6102,8952,5879,https://www.bilibili.com/video/BV1q54y1Q7Hy,official_public_aggregate,exact_api,2026-09-02T18:56:48.411752+08:00,,
BV1Sg4y1z7XF,《明日方舟》EP - Requiem,"#歌曲发布
正式曲目已于2020年5月2日上线

【专辑介绍】
视觉停留于铁锈，硝烟扬尘游离。

卸下倦怠的思绪戒备，谵妄至荒远无垠。

《Requiem》，驻足战火中，溯洄故地的清晨。

你听，那是儿时的梦呓…

一饮而尽吧。

【歌曲列表】
Requiem",161775300,明日方舟,2020-05-02T02:30:30+00:00,3743446,203402,118923,104325,31135,13786,14099,https://www.bilibili.com/video/BV1Sg4y1z7XF,official_public_aggregate,exact_api,2026-09-11T22:18:39+00:00,music_ep,False
BV1HC4y1W7ja,《明日方舟》EP - Renegade,"#歌曲发布
正式曲目已于2020年5月1日上线

【专辑介绍】
那你知道——

接手萨卡兹的佩刀，有什么意义吗？

《Renegade》，随节奏摆脱常识束缚，混乱中戏谑黑白暗涌。 

彼此，都尽量活下来吧。

【歌曲列表】
Renegade",161775300,明日方舟,2020-05-01T02:00:46+00:00,10363620,393633,257538,239661,64346,33615,79495,https://www.bilibili.com/video/BV1HC4y1W7ja,official_public_aggregate,exact_api,2026-09-11T22:18:48+00:00,music_ep,False
BV1iT4y1g7b4,《明日方舟》一周年声优祝福,来自为阿米娅配音的黑泽朋世老师、为凯尔希配音的日笠阳子老师、为陈配音的石上静香老师以及为W配音的竹达彩奈老师为本次《明日方舟》一周年送上的周年祝福。非常感谢几位老师的祝福与认可！,161775300,明日方舟,2020-04-28T06:24:06+00:00,1704304,139911,42330,36874,8730,9353,31893,https://www.bilibili.com/video/BV1iT4y1g7b4,official_public_aggregate,exact_api,2026-09-11T22:18:06+00:00,other_official,False
BV1VC4y1W7fG,《明日方舟》4.25一周年直播录像（附字幕）,再次感谢大家的支持，之后我们将在官方自媒体账号放出本次周年庆相关具体内容。更多活动详情详见官网、游戏内公告及双微。,161775300,明日方舟,2020-04-27T12:00:11+00:00,1942112,121427,60614,39648,8793,10706,89939,https://www.bilibili.com/video/BV1VC4y1W7fG,official_public_aggregate,exact_api,2026-09-11T22:18:15+00:00,other_official,False
BV1LC4y1W7TS,《明日方舟》一周年庆典starset乐队歌曲献唱,感谢Starset乐队为本次明日方舟一周年庆典献唱歌曲《Unbecoming》和《Monster》。他们将在之后带来为《明日方舟》创作的专属歌曲，敬请期待！,161775300,明日方舟,2020-04-26T10:48:03+00:00,2670627,174689,100426,81139,17516,8545,20586,https://www.bilibili.com/video/BV1LC4y1W7TS,official_public_aggregate,exact_api,2026-09-11T22:17:56+00:00,other_official,False
BV1fQ4y1P7Em,《明日方舟》携手罗森LAWSON合作活动宣传PV,"携手合作伙伴罗森LAWSON ，「日常补给站」活动现已开启。
官方具体活动内容链接：https://ak.hypergryph.com/special/lawson/index.html

一、预定周年生日蛋糕领取道具礼包

【蛋糕预约时间】4月26日 10:00 ~ 5月10日 23:59
【蛋糕领取时间】5月4日 07:00 ~ 5月14日 23:59
*受各地蛋糕工厂产能限制，每个领取日的蛋糕预约达到上限后将变为不可选取。
预约量将于领取期间内每日00:00刷新。
若蛋糕反响良好将酌情延长预售期间，",161775300,明日方舟,2020-04-26T06:35:01+00:00,709895,50534,5842,5347,3956,7252,2535,https://www.bilibili.com/video/BV1fQ4y1P7Em,official_public_aggregate,exact_api,2026-09-11T22:18:14+00:00,event_pv,False
BV1zt4y1y7wf,《明日方舟》一周年纪念动画短片,"感谢大家在过去一年里的陪伴，我们将会继续努力带来更好的游戏内容。

本次明日方舟一周年纪念PV特邀日本歌手ReoNa演唱了纪念曲目《Untitled world》，希望大家能够喜欢。
制作：A-1 Pictures
监修：Yostar Pictures ＆ Hypergryph
音乐： ReoNa/《Untitled world》",161775300,明日方舟,2020-04-25T14:10:57+00:00,5387912,334529,224141,163105,38869,20193,45117,https://www.bilibili.com/video/BV1zt4y1y7wf,official_public_aggregate,exact_api,2026-09-11T22:18:42+00:00,animation_brand,False
BV1nC4y1W7ih,《明日方舟》一周年限时纪念活动宣传PV,"'--重铸未来 方舟启航--
《明日方舟》一周年限时纪念活动宣传PV

↓↓《明日方舟》bilibili服下载↓↓
https://www.biligame.com/detail/?id=101772

感谢大家一年以来的陪伴与支持。

__________________
一周年庆典限时纪念活动（Part.1）

一、「一周年庆典」，主线第七章节【苦难摇篮】开放

二、「一周年庆典」，特别登录活动开启
活动时间：05月01日16:00 -  05月15日03:59
活动说明：玩家在活动期间进行登录即可在活",161775300,明日方舟,2020-04-25T13:20:26+00:00,3659667,154256,92328,46596,23054,18453,66989,https://www.bilibili.com/video/BV1nC4y1W7ih,official_public_aggregate,exact_api,2026-09-11T22:18:17+00:00,event_pv,False
BV1rA411b7eH,《明日方舟》EP - Curtain Call,"#歌曲发布
正式曲目已于2020年4月21日上线

【专辑介绍】
歌剧悄然落幕，旅人回到远方。

寂静中无止境的不安细语，烛火下不休绝的窸窣呢喃。均是夜的和弦。

《Curtain Call》，于黑暗中再次启程。

Shh… That’s our strange duet.

【歌曲列表】
Curtain Call",161775300,明日方舟,2020-04-21T02:30:06+00:00,1355576,96925,32976,31807,9936,8840,13638,https://www.bilibili.com/video/BV1rA411b7eH,official_public_aggregate,exact_api,2026-09-11T22:18:33+00:00,music_ep,False
BV1ta4y1x7gA,《明日方舟》SideStory「生于黑夜」活动宣传PV,"'--重铸未来 方舟启航--
《明日方舟》SideStory「生于黑夜」活动宣传PV

↓↓《明日方舟》bilibili服下载↓↓
https://www.biligame.com/detail/?id=101772

一、全新活动剧情「生于黑夜」，活动关卡开启
活动时间：04月21日 16:00 - 05月05日 03:59
解锁条件：通关主线1-10
活动说明：活动期间将开放「生于黑夜」活动关卡，玩家可通过活动关卡作战、完成相关活动任务以及活动商店获取相关活动奖励

活动关卡将进行分段式开启
◆<活动主",161775300,明日方舟,2020-04-14T07:00:56+00:00,2765346,126978,44353,25900,23711,21193,20668,https://www.bilibili.com/video/BV1ta4y1x7gA,official_public_aggregate,exact_api,2026-09-11T22:18:17+00:00,event_pv,False
BV1at4y1m7pj,《明日方舟》EP - 春弦,"#歌曲发布
正式曲目已于2020年4月3日上线

【专辑介绍】
伴随着料峭萌芽，膨胀至早歌的暖意。

《春弦》，万物生长，气清景明。

May it praise her. Like blossom, like spring.

【歌曲列表】
春弦",161775300,明日方舟,2020-04-03T02:30:16+00:00,5492112,292964,210956,175610,57837,19381,27735,https://www.bilibili.com/video/BV1at4y1m7pj,official_public_aggregate,exact_api,2026-09-11T22:18:47+00:00,music_ep,False
BV1F7411o7TV,《明日方舟》携手日清拉王合作活动宣传PV,"《明日方舟》携手合作伙伴日清拉王 ，「休憩时刻」活动即将开启。
携手合作伙伴日清拉王 ，「休憩时刻」活动即将开启。
页面链接：https://game.bilibili.com/mrfz/rq/h5/

活动内容：
玩家可在指定页面中参与抽奖
获奖者可获得“明日方舟x日清拉王泡面”一杯。

活动时间：
3月23日上午10：30~3月28日上午10：29

活动说明：
活动期间，玩家可在页面中参与抽奖，获奖者可获得“明日方舟x日清拉王泡面”一杯，泡面口味将随机派发。
每个游戏账号每日仅可参与一次，抽中奖品后",161775300,明日方舟,2020-03-20T03:30:01+00:00,967650,58161,7627,7819,11801,12079,5616,https://www.bilibili.com/video/BV1F7411o7TV,official_public_aggregate,exact_api,2026-09-02T18:57:16.582302+08:00,,
BV1S7411d7gj,《明日方舟》EP - 故乡的风,"#歌曲发布
正式曲目已于2020年3月18日上线

【专辑介绍】
笛声悠远，掠过果敢之心，轻抚饶沃大地的新生命。

《故乡的风》，自山峦重叠处吹来，夹杂着草垛和阳光的气息。

在这里，无论离家多远，只要发梢微动，都是故土的呼唤。

【歌曲列表】
故乡的风",161775300,明日方舟,2020-03-18T02:30:50+00:00,2054695,110446,36334,45609,10373,8609,10612,https://www.bilibili.com/video/BV1S7411d7gj,official_public_aggregate,exact_api,2026-09-11T22:18:18+00:00,music_ep,False
BV1xE411G73c,《明日方舟》危机合约新赛季「荒芜行动」宣传PV,"'--重铸未来 方舟启航--
《明日方舟》危机合约新赛季「荒芜行动」宣传PV

↓↓《明日方舟》bilibili服下载↓↓
https://www.biligame.com/detail/?id=101772

一、危机合约，#0赛季「荒芜行动」开启
赛季开启时间：03月17日 16:00 - 03月31日 03:59
危机合约解锁条件：通关主线 2-10
赛季说明：该赛季开启期间内，玩家可在赛季关卡中通过搭配不同「合约」进行作战，通过作战完成相关挑战任务提升关卡评价和收集「合约赏金」以及「行动协议」
◆「",161775300,明日方舟,2020-03-13T06:43:02+00:00,2026580,84740,23191,14282,13731,13490,18387,https://www.bilibili.com/video/BV1xE411G73c,official_public_aggregate,exact_api,2026-09-02T18:56:51.592559+08:00,,
BV15E411u78B,《明日方舟》危机合约#0赛季先行PV - Operation Barrenland (W&W Soundtrack Mix),"#歌曲发布
塞壬唱片-MSR特邀百大DJ组合W&W打造全新危机合约赛季曲，携手@网易云音乐 共同出品
正式曲目已于2020年3月8日在网易云音乐ACG专区（#YYYACG# ）上线

危机合约“荒芜行动”赛季将于3月17日正式上线。

【专辑介绍】

直击危途，开拓荒芜，一切还未曾定局。

必须有人阻止灾难扩散，必须想办法从互相仇视、互相倾轧的城邦之间取得平衡——

否则在天灾撕裂一切之前，我们将无计可施。

《Operation Barrenland》，确认目标，该出发了。
 
【歌曲列表】
Opera",161775300,明日方舟,2020-03-09T01:00:26+00:00,2710399,116560,34697,25560,27261,13929,6828,https://www.bilibili.com/video/BV15E411u78B,official_public_aggregate,exact_api,2026-09-11T22:18:20+00:00,gameplay_system,False
BV1x7411N7NH,《明日方舟》携手WWF联合公益活动「万类共生」宣传PV,"'--重铸未来 方舟启航--
《明日方舟》携手WWF联合公益活动「万类共生」宣传PV

↓↓《明日方舟》bilibili服下载↓↓
https://www.biligame.com/detail/?id=101772

“保护野生动物，保护人类的未来。”
在即将到来的3月3日世界野生动植物日，我们将携手世界自然基金会（WWF） 、深圳市一个地球自然基金会（OPF） 以及哔哩哔哩游戏 ，联合开展长江江豚及雪豹保护公益活动「万类共生」，共同呼吁关注野生动物保护，关注自然生态的平衡发展与和谐共生。
野生动物与人类",161775300,明日方舟,2020-02-28T06:05:06+00:00,1397889,119145,59604,22060,25646,15036,12471,https://www.bilibili.com/video/BV1x7411N7NH,official_public_aggregate,exact_api,2026-09-02T18:56:46.088738+08:00,,
BV1d7411A7XP,《明日方舟》微型故事「午间逸话」活动宣传PV,"'--重铸未来 方舟启航--
《明日方舟》微型故事「午间逸话」活动宣传PV

↓↓《明日方舟》bilibili服下载↓↓
https://www.biligame.com/detail/?id=101772

一、全新活动剧情「午间逸话」，活动关卡开启
关卡开放时间：02月25日 16:00 - 03月3日 03:59
关卡解锁条件：通关主线1-10
关卡掉落：「 食堂汤点券 」、素材等
活动说明：活动期间将限时开放「午间逸话」活动关卡，玩家可通过相关活动收集「 食堂汤点券」，达成相关收集数量可解锁额外剧情",161775300,明日方舟,2020-02-20T05:21:01+00:00,1340518,65529,16794,10246,17488,18749,19857,https://www.bilibili.com/video/BV1d7411A7XP,official_public_aggregate,exact_api,2026-09-11T22:18:17+00:00,event_pv,False
BV1E7411e7hC,《明日方舟》EP - 示岁,"#歌曲发布
正式曲目已于2020年1月22日在网易云音乐ACG专区（#YYYACG# ）上线

【专辑介绍】
守岁习俗随时代不断更迭，期盼与团聚却一直都在。
《示岁》，泰拉某地广为流传的节日名曲之一，厚重历史有序传承的有力见证。
新年快乐，朋友和朋友的朋友们。

【歌曲列表】
示岁",161775300,明日方舟,2020-01-22T02:17:29+00:00,1271595,72935,23878,27042,4895,6158,8127,https://www.bilibili.com/video/BV1E7411e7hC,official_public_aggregate,exact_api,2026-09-02T18:56:57.076533+08:00,,
BV1nJ411772M,《明日方舟》微型故事「洪炉示岁」活动宣传PV,"'--重铸未来 方舟启航--
《明日方舟》微型故事「洪炉示岁」活动宣传PV

↓↓《明日方舟》bilibili服下载↓↓
https://www.biligame.com/detail/?id=101772

一、全新活动剧情「洪炉示岁」，活动关卡开启
关卡开放时间：01月09日 04:00 - 01月16日 03:59
关卡解锁条件：通关主线1-10
关卡掉落：「 量子二踢脚 」、素材等
活动说明：活动期间将限时开放「洪炉示岁」活动关卡，玩家可通过活动关卡作战收集「 量子二踢脚」，达成相关收集数量可解锁额",161775300,明日方舟,2020-01-04T09:16:41+00:00,2653971,94767,47250,26385,23013,13537,19413,https://www.bilibili.com/video/BV1nJ411772M,official_public_aggregate,exact_api,2026-09-11T22:18:17+00:00,event_pv,False
BV1NJ411h7MZ,《明日方舟》EP – Boiling Blood,"#歌曲发布
正式曲目已于2019年12月31日正式上线

【专辑介绍】
沸腾血液正在无言燃烧，激烈局势将被蒸腾水汽划为过去式。
一往无前或是找寻谜底的最佳方案，斩裂冲突，完全燃烧直到障碍尽毁。
《Boiling Blood》将旋律分子串珠，集合强烈个性和满格能量，这抹于责任与极限下诞生的信仰是一举逆转的通行证。
愿这份热忱常伴您左右。
对了，今年冬天是有点燥了。

【歌曲列表】
Boiling Blood",161775300,明日方舟,2019-12-31T02:09:13+00:00,3395210,147079,79002,80651,14331,6158,4895,https://www.bilibili.com/video/BV1NJ411h7MZ,official_public_aggregate,exact_api,2026-09-11T22:18:45+00:00,other_official,False
BV1rJ411x78V,《明日方舟》新章节「局部坏死」限时纪念活动宣传PV,"'--重铸未来 方舟启航--
《明日方舟》新章节「局部坏死」限时纪念活动宣传PV

↓↓《明日方舟》bilibili服下载↓↓
https://www.biligame.com/detail/?id=101772

一、主线第六章节【局部坏死】开放

开启时间：12月24日16:00
开放对象：所有通关5-11的玩家

————————
二、声望等级上限开放

开启时间：12月24日16:00
开放对象：所有玩家
开放说明：博士声望等级上限开放至120级，理智上限提升至135

注意：12月24日16:00",161775300,明日方舟,2019-12-20T10:48:39+00:00,1780109,69503,30071,16525,10949,11472,17868,https://www.bilibili.com/video/BV1rJ411x78V,official_public_aggregate,exact_api,2026-09-11T22:18:17+00:00,event_pv,False
BV1UJ411y7rk,《明日方舟》EP – Zone 10⁻⁸,"#歌曲发布
正式曲目已于2019年12月11日0点正式上线

【专辑介绍】
剧烈摇晃喷漆，俘虏不规则色块，抓一簇抽象符号在旮旯野生生长。
踏过潭底虚无枷锁的众声呐喊，留下对楼宇内疲惫灵魂的嗤笑。
《Zone 10⁻⁸》将自由浪涌埋伏于律动背后，光怪陆离，无间逃窜，追随细绳回旋勾勒出的悦动曲线，搭上节拍飞车滑入冷光领域。
愿您在高速神经传输中摆脱桎梏，重整心境。
最后温馨提示，听歌时若偶有食物消失属正常现象，请勿惊慌。

【歌曲列表】
Zone 10⁻⁸",161775300,明日方舟,2019-12-11T02:30:26+00:00,1585273,88751,43437,48938,9565,3963,2460,https://www.bilibili.com/video/BV1UJ411y7rk,official_public_aggregate,exact_api,2026-09-02T18:56:48.411752+08:00,,
BV1QJ411m7fy,《明日方舟》「喧闹法则」EP - SPEED OF LIGHT by DJ Okawari,"#新歌发布
塞壬唱片-MSR携手DJ Okawari, 创作型歌手二宫爱打造全新单曲
 
【专辑介绍】
在无人告知方向的黑夜里，独自以光速探寻正确的道路。
无论看待世界是简单，亦或是复杂，大地和天空始终让开始与结束相连。
《Speed of Light》，通过乐调铺陈的驰放与内敛感，希望能为您呈现超脱于现实的惬意想象空间。
愿您掌心的小小地图一直指引着前路。像光一样前行，如企鹅物流般永不停歇。
 
【歌曲列表】
《Speed of Light》",161775300,明日方舟,2019-11-19T10:38:41+00:00,6686856,250292,170233,211668,44945,12004,12518,https://www.bilibili.com/video/BV1QJ411m7fy,official_public_aggregate,exact_api,2026-09-11T22:18:47+00:00,music_ep,False
BV13J411D7H7,《明日方舟》「喧闹法则」「危机合约」活动宣传PV,"'--重铸未来 方舟启航--
《明日方舟》「喧闹法则」「危机合约」活动宣传PV

↓↓《明日方舟》bilibili服下载↓↓
https://www.biligame.com/detail/?id=101772

[活动预告]「危机合约」限时活动即将开启
[活动预告]SideStory「喧闹法则」即将开启

————————
一、「危机合约」限时活动即将开启

活动时间：11月19日 16:00 - 12月03日 03:59
解锁条件：通关主线1-10
活动说明：活动开启期间，玩家可搭配不同的「合约」通过「",161775300,明日方舟,2019-11-14T06:51:17+00:00,2403069,78014,29225,20457,14369,7987,23787,https://www.bilibili.com/video/BV13J411D7H7,official_public_aggregate,exact_api,2026-09-11T22:18:20+00:00,event_pv,False
BV1ZE411a7d4,《明日方舟》x 肯德基 限时合作活动宣传PV,"'--重铸未来 方舟启航--
《明日方舟》x 肯德基 限时合作活动宣传PV

↓↓《明日方舟》bilibili服下载↓↓
https://www.biligame.com/detail/?id=101772

#明日方舟# #肯德基#
携手合作伙伴「肯德基」，系列活动限时开启

————————
下述活动一、二、五、六均适用于如下活动规则：
以下点餐类活动及桌贴扫码活动肯德基全国门店（部分特殊地区门店除外）均可参加。
电子礼包兑换码将于订单完成后的48小时内自动存入用户肯德基APP的“我的卡包”，官服用户可",161775300,明日方舟,2019-10-27T04:00:12+00:00,2182525,75632,16027,18595,28751,8460,3810,https://www.bilibili.com/video/BV1ZE411a7d4,official_public_aggregate,exact_api,2026-09-11T22:18:25+00:00,event_pv,False
BV1eE411o7np,《明日方舟》微型故事「战地秘闻」活动宣传PV,"'--重铸未来 方舟启航--
《明日方舟》微型故事集「战地秘闻」活动宣传PV

↓↓《明日方舟》bilibili服下载↓↓
https://www.biligame.com/detail/?id=101772

一、全新活动剧情「战地秘闻」，活动关卡开启
关卡开放时间：10月15日 16:00 - 10月22日 03:59
关卡解锁条件：通关主线1-10
关卡掉落：「 有效情报值 」、素材等
活动说明：活动期间将限时开放「战地秘闻」活动关卡，玩家可通过活动关卡作战收集「 有效情报值 」，达成相关收集数量可解",161775300,明日方舟,2019-10-11T03:56:57+00:00,1209986,50105,17891,11709,11512,5587,13131,https://www.bilibili.com/video/BV1eE411o7np,official_public_aggregate,exact_api,2026-09-02T18:57:53.984763+08:00,,
BV1B4411d7aj,《明日方舟》「火蓝之心」活动宣传PV,"'--重铸未来 方舟启航--
《明日方舟》「火蓝之心」活动宣传PV

↓↓《明日方舟》bilibili服下载↓↓
https://www.biligame.com/detail/?id=101772

-SideStory「火蓝之心」Part.1-
一、全新活动剧情「火蓝之心」，活动关卡开启
活动时间： 8月27日 16:00~9月10日 03:59
活动说明：活动期间将开放「火蓝之心」活动关卡，玩家可通过活动关卡作战，完成相关活动任务获取限定奖励

活动关卡将进行分段式开启
◆<上半段>
开放时间：8月2",161775300,明日方舟,2019-08-21T04:45:00+00:00,4223579,146611,88429,45134,60881,27315,45178,https://www.bilibili.com/video/BV1B4411d7aj,official_public_aggregate,exact_api,2026-09-02T18:57:54.799963+08:00,,
BV1Qx411X7Hh,《明日方舟》新章节「靶向药物」限时纪念活动宣传PV,"'--重铸未来 方舟启航--
《明日方舟》新章节「靶向药物」限时纪念活动宣传PV

↓↓《明日方舟》bilibili服下载↓↓
https://www.biligame.com/detail/?id=101772

主线第五章节「靶向药物」即将开启
开启时间：7月9日16:00开放",161775300,明日方舟,2019-07-02T03:17:32+00:00,1958630,62127,29306,17232,13339,9750,32091,https://www.bilibili.com/video/BV1Qx411X7Hh,official_public_aggregate,exact_api,2026-09-02T18:56:56.300274+08:00,,
BV1C4411G7xb,《明日方舟》首张OST先行试听,"#明日方舟# 首张OST先行试听
正式音源将于2019/6/20日在网易云音乐正式开放免费试听下载

-明日方舟x网易云音乐联名周边将于2019/6/20在明日方舟官方淘宝店和网易云音乐商城正式开启预售
-购买任意档位的周边礼包都可获得CD赠品1张和限定家具

【专辑介绍】
自长眠中苏醒，城市里闪烁着依稀灯火迎来暮色。
失去故乡的浪人结束了漫长的等待，天际的方舟已悄然启航。
由新锐音乐组合Windbell_Project与鹰角网络倾力奉献的《明日方舟》游戏原声将为您描绘一个充满无边幻想，带来惊奇的世界。",161775300,明日方舟,2019-06-19T02:30:35+00:00,1458010,72858,48265,43573,6679,7497,19320,https://www.bilibili.com/video/BV1C4411G7xb,official_public_aggregate,exact_api,2026-09-02T18:56:57.076533+08:00,,
BV1z4411p7D1,《明日方舟》「骑兵与猎人」活动宣传PV,"'--重铸未来 方舟启航--
《明日方舟》「骑兵与猎人」活动宣传PV

↓↓《明日方舟》bilibili服下载↓↓
https://www.biligame.com/detail/?id=101772

一、全新活动剧情，活动关卡开启
活动时间：5月30日10:00~6月13日03:59
活动说明：
活动期间将开放「骑兵与猎人」活动关卡，玩家可通过活动关卡作战，完成相关活动任务获取奖励
活动关卡将进行分段式开启：
◆<上半段>开放时间：5月30日10:00 ~ 6月13日03:59 
◆<下半段>开放时间：",161775300,明日方舟,2019-05-27T07:10:11+00:00,1984293,47836,14795,12401,6939,8065,10439,https://www.bilibili.com/video/BV1z4411p7D1,official_public_aggregate,exact_api,2026-09-02T18:56:56.300274+08:00,,
BV1G4411J77u,《明日方舟》5月23日 开启下载人数突破500万纪念活动,"《明日方舟》5月23日 开启下载人数突破500万纪念活动

↓↓《明日方舟》bilibili服下载地址↓↓
https://www.biligame.com/detail/?id=101772

感谢博士一路以来的支持，5,000,000次下载达成

5月23日AM10:00 - 5月30日AM4:00
————————————
……限时每日登录奖励
       ·理智*60

……限时卡池【银灰色的荣耀】开启
       ·银灰/初雪/崖心/角峰出现概率UP

……限时任务开启
       ·完成",161775300,明日方舟,2019-05-15T06:32:00+00:00,537415,15616,3342,1901,1201,2958,529,https://www.bilibili.com/video/BV1G4411J77u,official_public_aggregate,exact_api,2026-09-02T18:56:59.400463+08:00,,
BV1f441147LX,《明日方舟》基础玩法介绍-战斗系统,"《明日方舟》5月1日全平台公测

↓↓《明日方舟》bilibili服预下载地址↓↓
https://www.biligame.com/detail/?id=101772

--重铸未来 方舟启航--
《明日方舟》基础玩法介绍-战斗系统",161775300,明日方舟,2019-04-30T09:14:05+00:00,606137,10258,1997,1908,3569,2055,376,https://www.bilibili.com/video/BV1f441147LX,official_public_aggregate,exact_api,2026-09-02T18:57:09.557348+08:00,,
BV1f441147J1,《明日方舟》基础玩法介绍-战场特殊地形讲解,"#明日方舟# 5月1日全平台公测

↓↓《明日方舟》bilibili服预下载地址↓↓
https://www.biligame.com/detail/?id=101772

--重铸未来 方舟启航--
《明日方舟》基础玩法介绍-战场特殊地形讲解",161775300,明日方舟,2019-04-30T09:04:13+00:00,265111,7030,1831,1462,949,375,350,https://www.bilibili.com/video/BV1f441147J1,official_public_aggregate,exact_api,2026-09-02T18:57:00.177209+08:00,,
BV1w4411b7c3,《明日方舟》游戏概念宣传PV-2,"'--重铸未来 方舟启航--
《明日方舟》游戏概念宣传PV-2

↓↓《明日方舟》bilibili服预约地址↓↓
https://www.biligame.com/detail/?id=101772

PV：Misaki · Kazama · Kobai
Lead Artist：唯@W
Artist：m9nokuro · Toki
Support Artist：
Cornelies · Cooooopa · infukun · NoriZC · Skade · winter20
幻象黑兔 · 竜崎いち ·",161775300,明日方舟,2019-04-27T13:15:29+00:00,4574764,142877,81431,79518,33626,8714,28919,https://www.bilibili.com/video/BV1w4411b7c3,official_public_aggregate,exact_api,2026-09-11T22:18:48+00:00,other_pv,False
BV1Lb411t7qE,《明日方舟》声优影像资料-罗德岛,"《明日方舟》3月29日不限号删档计费测试
bilibili服公测预约奖励详情请前往: 
https://www.bilibili.com/blackboard/mrfz.html

“越是强大，越是脆弱，这是万物之理。”

CAST
阿米娅 CV：黑泽朋世
凯尔希 CV：日笠阳子

“这一切……真的值得你这么做吗，阿米娅？”

--重铸未来 方舟启航--
《明日方舟》声优影像资料-罗德岛",161775300,明日方舟,2019-03-27T02:30:29+00:00,788307,22267,5696,9020,2354,1035,1510,https://www.bilibili.com/video/BV1Lb411t7qE,official_public_aggregate,exact_api,2026-09-02T18:57:49.270978+08:00,,
BV1Mb411H74e,《明日方舟》声优影像资料-企鹅物流,"《明日方舟》3月29日不限号删档计费测试
bilibili服公测预约奖励详情请前往: 
https://www.bilibili.com/blackboard/mrfz.html

“我们的工作是搬运生命和死亡。”

CAST
德克萨斯 CV：田所梓
空 CV：铃木实里
能天使 CV：石见舞菜香
可颂 CV：久保百合花
拉普兰德 CV：今井麻美

“开始吧。报酬的话，这些足够了。”

--重铸未来 方舟启航--
《明日方舟》声优影像资料-企鹅物流",161775300,明日方舟,2019-03-14T02:30:05+00:00,1022424,28114,8104,14101,4723,1586,6383,https://www.bilibili.com/video/BV1Mb411H74e,official_public_aggregate,exact_api,2026-09-02T18:57:46.174104+08:00,,
BV1pb411v7UL,《明日方舟》声优影像资料-谢拉格,"《明日方舟》3月29日不限号删档计费测试
bilibili服公测预约奖励详情请前往: 
https://www.bilibili.com/blackboard/mrfz.html

“天空似乎暗了下来，要下雪了。”

CAST
初雪 CV：早见沙织
崖心 CV：白石凉子
角峰 CV：武内骏辅
讯使 CV：平川大辅
银灰 CV：小西克幸

“银灰，你的盟友，前来助力。你不会让我失望的，对吗”

--重铸未来 方舟启航--
《明日方舟》声优影像资料-谢拉格",161775300,明日方舟,2019-03-08T02:30:20+00:00,814834,22749,5820,10630,2718,1376,4762,https://www.bilibili.com/video/BV1pb411v7UL,official_public_aggregate,exact_api,2026-09-11T22:18:06+00:00,other_official,False
BV1Ub411Y7qe,《明日方舟》声优影像资料-莱茵生命,"《明日方舟》3月29日不限号删档计费测试
bilibili服公测预约奖励详情请前往: 
https://www.bilibili.com/blackboard/mrfz.html

“一切都必须回归既有的秩序，没有人能轻易更改传统。”

CAST
赫默 CV：鬼头明里
塞雷娅 CV：井口裕香
白面鸮 CV：金元寿子
伊芙利特 CV：花守由美里

“装载完毕。”
“医疗进程开始。”

--重铸未来 方舟启航--
《明日方舟》声优影像资料-莱茵生命",161775300,明日方舟,2019-02-22T02:30:08+00:00,988041,24748,6528,10170,2587,1543,3123,https://www.bilibili.com/video/BV1Ub411Y7qe,official_public_aggregate,exact_api,2026-09-02T18:57:46.174104+08:00,,
BV1Ub41127ch,《明日方舟》游戏概念宣传PV-bilibili,"此版本为《明日方舟》bilibili服宣传版
《明日方舟》bilibili服预约地址↓↓
https://www.biligame.com/detail/?id=101772

--重铸未来 方舟启航--
塔防RPG游戏《明日方舟》概念宣传PV",161775300,明日方舟,2019-02-15T10:06:18+00:00,2067764,63655,29673,33691,13879,3129,5395,https://www.bilibili.com/video/BV1Ub41127ch,official_public_aggregate,exact_api,2026-09-11T22:18:06+00:00,other_pv,False
BV1n44y1Y7LG,《可露希尔的秘密档案》最终话：可露希尔的秘密档案,,161775300,,2021-11-21T05:00:09+00:00,855656,92080,24806,11460,2062,3128,5610,https://www.bilibili.com/video/BV1n44y1Y7LG,official_public_aggregate,,2026-09-11T22:18:08+00:00,other_official,False
BV13441187xw,《明日方舟》4.27游戏交流展示直播录像（附字幕）,,161775300,,2019-04-29T13:11:24+00:00,556772,20605,4691,4963,2369,3055,5113,https://www.bilibili.com/video/BV13441187xw,official_public_aggregate,,2026-09-11T22:18:15+00:00,other_official,False
