variant_key,product_key,source,market,currency,product_id,variant_id,variant_title,public_sku,option1,option2,option3,price,compare_at_price,available,requires_shipping,listed_weight_grams,observed_at,is_simulated,source_url
yostar_us:48773969412266,yostar_us:8479499518122,yostar_us,US,USD,8479499518122,48773969412266,Default Title,MRFZZNLH010,Default Title,,,40.0,,True,True,1000,2026-09-11T22:16:44+00:00,False,https://us.yostar.store/products/arknights-first-of-a-thousand-autumns-commemoration-box-6-5th-anniv?variant=48773969412266
yostar_us:48774014730410,yostar_us:8479509053610,yostar_us,US,USD,8479509053610,48774014730410,Default Title,MRFZKDMR002,Default Title,,,38.0,,True,True,1000,2026-09-11T22:16:44+00:00,False,https://us.yostar.store/products/arknights-posable-plushie-6-5th-anniv?variant=48774014730410
yostar_us:48773959254186,yostar_us:8479498207402,yostar_us,US,USD,8479498207402,48773959254186,Wang,MRFZCCGJ022,Wang,,,15.0,,True,True,35,2026-09-11T22:16:44+00:00,False,https://us.yostar.store/products/arknights-character-painted-glass-charm-6-5th-anniv?variant=48773959254186
yostar_us:48773959286954,yostar_us:8479498207402,yostar_us,US,USD,8479498207402,48773959286954,Ch'en the Dawnstreak,MRFZCCGJ023,Ch'en the Dawnstreak,,,15.0,,True,True,35,2026-09-11T22:16:44+00:00,False,https://us.yostar.store/products/arknights-character-painted-glass-charm-6-5th-anniv?variant=48773959286954
yostar_us:48773959319722,yostar_us:8479498207402,yostar_us,US,USD,8479498207402,48773959319722,Ling - A Gallant Dream,MRFZCCGJ024,Ling - A Gallant Dream,,,15.0,,True,True,35,2026-09-11T22:16:44+00:00,False,https://us.yostar.store/products/arknights-character-painted-glass-charm-6-5th-anniv?variant=48773959319722
yostar_us:48773959352490,yostar_us:8479498207402,yostar_us,US,USD,8479498207402,48773959352490,Dusk - Hazy Jade,MRFZCCGJ025,Dusk - Hazy Jade,,,15.0,,True,True,35,2026-09-11T22:16:44+00:00,False,https://us.yostar.store/products/arknights-character-painted-glass-charm-6-5th-anniv?variant=48773959352490
yostar_us:48773959385258,yostar_us:8479498207402,yostar_us,US,USD,8479498207402,48773959385258,Yu - Clear Morning View,MRFZCCGJ026,Yu - Clear Morning View,,,15.0,,True,True,35,2026-09-11T22:16:44+00:00,False,https://us.yostar.store/products/arknights-character-painted-glass-charm-6-5th-anniv?variant=48773959385258
yostar_us:48774007554218,yostar_us:8479507873962,yostar_us,US,USD,8479507873962,48774007554218,Wang,MRFZJSLG026,Wang,,,20.0,,True,True,50,2026-09-11T22:16:44+00:00,False,https://us.yostar.store/products/arknights-character-metal-pin-6-5th-anniv?variant=48774007554218
yostar_us:48774007586986,yostar_us:8479507873962,yostar_us,US,USD,8479507873962,48774007586986,Ch'en the Dawnstreak,MRFZJSLG027,Ch'en the Dawnstreak,,,20.0,,True,True,50,2026-09-11T22:16:44+00:00,False,https://us.yostar.store/products/arknights-character-metal-pin-6-5th-anniv?variant=48774007586986
yostar_us:48235977670826,yostar_us:8425552511146,yostar_us,US,USD,8425552511146,48235977670826,Amiya,MRFZWOGJ010,Amiya,,,20.0,,True,True,200,2026-09-11T22:16:44+00:00,False,https://us.yostar.store/products/arknights-operator-dango-plushie-vernal-voyage?variant=48235977670826
yostar_us:48235977801898,yostar_us:8425552511146,yostar_us,US,USD,8425552511146,48235977801898,Logos,MRFZWOGJ011,Logos,,,20.0,,True,True,200,2026-09-11T22:16:44+00:00,False,https://us.yostar.store/products/arknights-operator-dango-plushie-vernal-voyage?variant=48235977801898
yostar_us:48235978260650,yostar_us:8425552511146,yostar_us,US,USD,8425552511146,48235978260650,Wiš'adel,MRFZWOGJ012,Wiš'adel,,,20.0,,True,True,200,2026-09-11T22:16:44+00:00,False,https://us.yostar.store/products/arknights-operator-dango-plushie-vernal-voyage?variant=48235978260650
yostar_us:48235949523114,yostar_us:8425549037738,yostar_us,US,USD,8425549037738,48235949523114,Tequila,MRFZLP011,Tequila,,,18.0,,True,True,150,2026-09-11T22:16:44+00:00,False,https://us.yostar.store/products/arknights-acrylic-standee-vernal-voyage?variant=48235949523114
yostar_us:48235949785258,yostar_us:8425549037738,yostar_us,US,USD,8425549037738,48235949785258,Amiya,MRFZLP012,Amiya,,,18.0,,True,True,150,2026-09-11T22:16:44+00:00,False,https://us.yostar.store/products/arknights-acrylic-standee-vernal-voyage?variant=48235949785258
yostar_us:48235950112938,yostar_us:8425549037738,yostar_us,US,USD,8425549037738,48235950112938,Haruka,MRFZLP013,Haruka,,,18.0,,True,True,150,2026-09-11T22:16:44+00:00,False,https://us.yostar.store/products/arknights-acrylic-standee-vernal-voyage?variant=48235950112938
yostar_us:48235955683498,yostar_us:8425549463722,yostar_us,US,USD,8425549463722,48235955683498,Tequila,MRFZJSHZ009,Tequila,,,10.0,,True,True,40,2026-09-11T22:16:44+00:00,False,https://us.yostar.store/products/arknights-character-pin-vernal-voyage-copy?variant=48235955683498
yostar_us:48235955847338,yostar_us:8425549463722,yostar_us,US,USD,8425549463722,48235955847338,Amiya,MRFZJSHZ010,Amiya,,,10.0,,True,True,40,2026-09-11T22:16:44+00:00,False,https://us.yostar.store/products/arknights-character-pin-vernal-voyage-copy?variant=48235955847338
yostar_us:48235956502698,yostar_us:8425549463722,yostar_us,US,USD,8425549463722,48235956502698,Haruka,MRFZJSHZ011,Haruka,,,10.0,,True,True,40,2026-09-11T22:16:44+00:00,False,https://us.yostar.store/products/arknights-character-pin-vernal-voyage-copy?variant=48235956502698
yostar_us:48235939233962,yostar_us:8425548382378,yostar_us,US,USD,8425548382378,48235939233962,SilverAsh the Reignfrost,MRFZJSLG020,SilverAsh the Reignfrost,,,16.0,,True,True,50,2026-09-11T22:16:44+00:00,False,https://us.yostar.store/products/arknights-wiggling-ears-character-metal-pin-vernal-voyage?variant=48235939233962
yostar_us:48235939266730,yostar_us:8425548382378,yostar_us,US,USD,8425548382378,48235939266730,Pramanix the Prerita,MRFZJSLG021,Pramanix the Prerita,,,16.0,,True,True,50,2026-09-11T22:16:44+00:00,False,https://us.yostar.store/products/arknights-wiggling-ears-character-metal-pin-vernal-voyage?variant=48235939266730
yostar_us:48236002869418,yostar_us:8425556410538,yostar_us,US,USD,8425556410538,48236002869418,Default Title,MRFZYFM002,Default Title,,,22.0,,True,True,250,2026-09-11T22:16:44+00:00,False,https://us.yostar.store/products/arknights-bucket-hat-vernal-voyage?variant=48236002869418
yostar_us:48235982880938,yostar_us:8425553199274,yostar_us,US,USD,8425553199274,48235982880938,Default Title,MRFZCB001,Default Title,,,40.0,,True,True,800,2026-09-11T22:16:44+00:00,False,https://us.yostar.store/products/arknights-karlan-business-bag-vernal-voyage?variant=48235982880938
yostar_us:47550260969642,yostar_us:8275681738922,yostar_us,US,USD,8275681738922,47550260969642,Default Title,MRFZDDXL001,Default Title,,,68.0,,True,True,1750,2026-09-11T22:16:44+00:00,False,https://us.yostar.store/products/arkninght-terra-a-journey-the-arknights-official-lore-compendium?variant=47550260969642
yostar_us:47822970912938,yostar_us:8333635780778,yostar_us,US,USD,8333635780778,47822970912938,Default Title,MRFZZNLH008,Default Title,,,75.0,,True,True,2000,2026-09-11T22:16:44+00:00,False,https://us.yostar.store/products/arknights-6th-anniversary-terran-banquet-kit-6th-anniv?variant=47822970912938
yostar_us:47822972223658,yostar_us:8333636403370,yostar_us,US,USD,8333636403370,47822972223658,Default Title,MRFZWOGJ007,Default Title,,,15.0,,True,True,150,2026-09-11T22:16:44+00:00,False,https://us.yostar.store/products/arknights-thorns-the-lodestar-plushie-key-charm-6th-anniv?variant=47822972223658
yostar_us:47822971863210,yostar_us:8333636305066,yostar_us,US,USD,8333636305066,47822971863210,Ulpianus,MRFZMR024,Ulpianus,,,45.0,,True,True,1000,2026-09-11T22:16:44+00:00,False,https://us.yostar.store/products/arknights-plushie-6th-anniv?variant=47822971863210
yostar_us:47822971895978,yostar_us:8333636305066,yostar_us,US,USD,8333636305066,47822971895978,Jessica,MRFZMR025,Jessica,,,45.0,,True,True,1000,2026-09-11T22:16:44+00:00,False,https://us.yostar.store/products/arknights-plushie-6th-anniv?variant=47822971895978
yostar_us:47823056797866,yostar_us:8333714915498,yostar_us,US,USD,8333714915498,47823056797866,Default Title,MRFZKB005,Default Title,,,45.0,,True,True,2000,2026-09-11T22:16:44+00:00,False,https://us.yostar.store/products/arknights-lungmen-backpack-6th-anniv?variant=47823056797866
yostar_us:47822981922986,yostar_us:8333645447338,yostar_us,US,USD,8333645447338,47822981922986,Hoshiguma the Breacher,MRFZWOGJ008,Hoshiguma the Breacher,,,15.0,,True,True,100,2026-09-11T22:16:44+00:00,False,https://us.yostar.store/products/arknights-character-finger-puppet-charm-6th-anniv?variant=47822981922986
yostar_us:47822981955754,yostar_us:8333645447338,yostar_us,US,USD,8333645447338,47822981955754,Ch'en the Holungday,MRFZWOGJ009,Ch'en the Holungday,,,15.0,,True,True,100,2026-09-11T22:16:44+00:00,False,https://us.yostar.store/products/arknights-character-finger-puppet-charm-6th-anniv?variant=47822981955754
yostar_us:47822994636970,yostar_us:8333655802026,yostar_us,US,USD,8333655802026,47822994636970,Specter the Unchained,MRFZJSHZ004,Specter the Unchained,,,10.0,,True,True,50,2026-09-11T22:16:44+00:00,False,https://us.yostar.store/products/arknights-character-pin-6th-anniv?variant=47822994636970
yostar_us:47822994669738,yostar_us:8333655802026,yostar_us,US,USD,8333655802026,47822994669738,Lumen,MRFZJSHZ005,Lumen,,,10.0,,True,True,50,2026-09-11T22:16:44+00:00,False,https://us.yostar.store/products/arknights-character-pin-6th-anniv?variant=47822994669738
yostar_us:47822994702506,yostar_us:8333655802026,yostar_us,US,USD,8333655802026,47822994702506,Muelsyse,MRFZJSHZ006,Muelsyse,,,10.0,,True,True,50,2026-09-11T22:16:44+00:00,False,https://us.yostar.store/products/arknights-character-pin-6th-anniv?variant=47822994702506
yostar_us:47822994735274,yostar_us:8333655802026,yostar_us,US,USD,8333655802026,47822994735274,Virtuosa,MRFZJSHZ007,Virtuosa,,,10.0,,True,True,50,2026-09-11T22:16:44+00:00,False,https://us.yostar.store/products/arknights-character-pin-6th-anniv?variant=47822994735274
yostar_us:47822994768042,yostar_us:8333655802026,yostar_us,US,USD,8333655802026,47822994768042,Skadi the Corrupting Heart,MRFZJSHZ008,Skadi the Corrupting Heart,,,10.0,,True,True,50,2026-09-11T22:16:44+00:00,False,https://us.yostar.store/products/arknights-character-pin-6th-anniv?variant=47822994768042
yostar_us:47823020032170,yostar_us:8333680115882,yostar_us,US,USD,8333680115882,47823020032170,Ch'en the Holungday,MRFZLP008,Ch'en the Holungday,,,18.0,,True,True,150,2026-09-11T22:16:44+00:00,False,https://us.yostar.store/products/arknights-character-acrylic-standee-6th-anniv?variant=47823020032170
yostar_us:47823020589226,yostar_us:8333680115882,yostar_us,US,USD,8333680115882,47823020589226,Thorns the Lodestar,MRFZLP009,Thorns the Lodestar,,,18.0,,True,True,150,2026-09-11T22:16:44+00:00,False,https://us.yostar.store/products/arknights-character-acrylic-standee-6th-anniv?variant=47823020589226
yostar_us:47823021637802,yostar_us:8333680115882,yostar_us,US,USD,8333680115882,47823021637802,Necrass,MRFZLP010,Necrass,,,18.0,,True,True,150,2026-09-11T22:16:44+00:00,False,https://us.yostar.store/products/arknights-character-acrylic-standee-6th-anniv?variant=47823021637802
yostar_us:47823049949354,yostar_us:8333708132522,yostar_us,US,USD,8333708132522,47823049949354,Default Title,MRFZHSB001,Default Title,,,20.0,,True,True,250,2026-09-11T22:16:44+00:00,False,https://us.yostar.store/products/arknights-yunomi-teacup-6th-anniv?variant=47823049949354
yostar_us:47823000862890,yostar_us:8333661667498,yostar_us,US,USD,8333661667498,47823000862890,Default Title,MRFZJSLG019,Default Title,,,25.0,,True,True,100,2026-09-11T22:16:44+00:00,False,https://us.yostar.store/products/arknights-ato-metal-pin-set-6th-anniv?variant=47823000862890
yostar_us:47610999144618,yostar_us:8291172548778,yostar_us,US,USD,8291172548778,47610999144618,Default Title,MRFZRL004,Default Title,,,15.0,,True,True,250,2026-09-11T22:16:44+00:00,False,https://us.yostar.store/products/arknights-2026-calendar-black-friday-2025?variant=47610999144618
yostar_us:47611001536682,yostar_us:8291172974762,yostar_us,US,USD,8291172974762,47611001536682,Default Title,MRFZMR023,Default Title,,,45.0,,True,True,1000,2026-09-11T22:16:44+00:00,False,https://us.yostar.store/products/arknights-plushie-black-friday-2025?variant=47611001536682
yostar_us:47611060650154,yostar_us:8291181494442,yostar_us,US,USD,8291181494442,47611060650154,Default Title,MRFZKB004,Default Title,,,45.0,,True,True,1200,2026-09-11T22:16:44+00:00,False,https://us.yostar.store/products/arknights-headhunting-bag-black-friday-2025?variant=47611060650154
yostar_us:47611025522858,yostar_us:8291174383786,yostar_us,US,USD,8291174383786,47611025522858,Amiya,MRFZLP005,Amiya,,,18.0,,True,True,250,2026-09-11T22:16:44+00:00,False,https://us.yostar.store/products/arknights-acrylic-standee-set-black-friday-2025?variant=47611025522858
yostar_us:47611025555626,yostar_us:8291174383786,yostar_us,US,USD,8291174383786,47611025555626,Wiš'adel,MRFZLP006,Wiš'adel,,,18.0,,True,True,250,2026-09-11T22:16:44+00:00,False,https://us.yostar.store/products/arknights-acrylic-standee-set-black-friday-2025?variant=47611025555626
yostar_us:47611025588394,yostar_us:8291174383786,yostar_us,US,USD,8291174383786,47611025588394,Logos,MRFZLP007,Logos,,,18.0,,True,True,250,2026-09-11T22:16:44+00:00,False,https://us.yostar.store/products/arknights-acrylic-standee-set-black-friday-2025?variant=47611025588394
yostar_us:47611024146602,yostar_us:8291174252714,yostar_us,US,USD,8291174252714,47611024146602,Amiya,MRFZJSHZ001,Amiya,,,10.0,,True,True,40,2026-09-11T22:16:44+00:00,False,https://us.yostar.store/products/arknights-character-pin-black-friday-2025?variant=47611024146602
yostar_us:47611024179370,yostar_us:8291174252714,yostar_us,US,USD,8291174252714,47611024179370,Wiš'adel,MRFZJSHZ002,Wiš'adel,,,10.0,,True,True,40,2026-09-11T22:16:44+00:00,False,https://us.yostar.store/products/arknights-character-pin-black-friday-2025?variant=47611024179370
yostar_us:47611024212138,yostar_us:8291174252714,yostar_us,US,USD,8291174252714,47611024212138,Logos,MRFZJSHZ003,Logos,,,10.0,,True,True,40,2026-09-11T22:16:44+00:00,False,https://us.yostar.store/products/arknights-character-pin-black-friday-2025?variant=47611024212138
yostar_us:47611023360170,yostar_us:8291174023338,yostar_us,US,USD,8291174023338,47611023360170,Nightingale,MRFZCXHZ001,Nightingale,,,15.0,,True,True,50,2026-09-11T22:16:44+00:00,False,https://us.yostar.store/products/arknights-magnetic-metal-pin-black-friday-2025?variant=47611023360170
yostar_us:47611023392938,yostar_us:8291174023338,yostar_us,US,USD,8291174023338,47611023392938,Virtuosa,MRFZCXHZ002,Virtuosa,,,15.0,,True,True,50,2026-09-11T22:16:44+00:00,False,https://us.yostar.store/products/arknights-magnetic-metal-pin-black-friday-2025?variant=47611023392938
yostar_us:47611023425706,yostar_us:8291174023338,yostar_us,US,USD,8291174023338,47611023425706,Thorns the Lodestar,MRFZCXHZ003,Thorns the Lodestar,,,15.0,,True,True,50,2026-09-11T22:16:44+00:00,False,https://us.yostar.store/products/arknights-magnetic-metal-pin-black-friday-2025?variant=47611023425706
yostar_us:47611062354090,yostar_us:8291181625514,yostar_us,US,USD,8291181625514,47611062354090,Default Title,MRFZJSLG014,Default Title,,,25.0,,True,True,100,2026-09-11T22:16:44+00:00,False,https://us.yostar.store/products/arknights-babel-metal-pin-set-black-friday-2025?variant=47611062354090
yostar_us:47611028635818,yostar_us:8291175039146,yostar_us,US,USD,8291175039146,47611028635818,Human Resources Office,MRFZCBYYL01,Human Resources Office,,,15.0,,True,True,100,2026-09-11T22:16:44+00:00,False,https://us.yostar.store/products/arknights-r-i-cabin-shaker-charm-black-friday-2025?variant=47611028635818
yostar_us:47611028668586,yostar_us:8291175039146,yostar_us,US,USD,8291175039146,47611028668586,Penguin Logistics,MRFZCBYYL02,Penguin Logistics,,,15.0,,True,True,100,2026-09-11T22:16:44+00:00,False,https://us.yostar.store/products/arknights-r-i-cabin-shaker-charm-black-friday-2025?variant=47611028668586
yostar_us:47543387291818,yostar_us:8273910792362,yostar_us,US,USD,8273910792362,47543387291818,Default Title,MRFZWSJLB25,Default Title,,,79.9,,False,True,3000,2026-09-11T22:16:44+00:00,False,https://us.yostar.store/products/arknights-lucky-bag-halloween-2025?variant=47543387291818
yostar_us:47555918823594,yostar_us:8277248049322,yostar_us,US,USD,8277248049322,47555918823594,Default Title,MRFZBLT001,Default Title,,,12.0,,True,True,50,2026-09-11T22:16:44+00:00,False,https://us.yostar.store/products/arknights-rhodes-island-sticky-note-set-halloween-2025?variant=47555918823594
yostar_us:46939296039082,yostar_us:8165252956330,yostar_us,US,USD,8165252956330,46939296039082,Halloween Dress-up Costume,MRFZWSJFZ03,Halloween Dress-up Costume,,,15.0,,True,True,76,2026-09-11T22:16:44+00:00,False,https://us.yostar.store/products/arknights-dress-up-costume-halloween-2024?variant=46939296039082
yostar_us:46939296071850,yostar_us:8165252956330,yostar_us,US,USD,8165252956330,46939296071850,Arknights Pin,MRFZWSJFZ02,Arknights Pin,,,8.0,,True,True,5,2026-09-11T22:16:44+00:00,False,https://us.yostar.store/products/arknights-dress-up-costume-halloween-2024?variant=46939296071850
yostar_us:47372322013354,yostar_us:8225386987690,yostar_us,US,USD,8225386987690,47372322013354,Rhodes Island,MRFZTMD001,Rhodes Island,,,20.0,,True,True,600,2026-09-11T22:16:44+00:00,False,https://us.yostar.store/products/arknights-transparent-tote-bag-2025-summer-drop?variant=47372322013354
yostar_us:47372322046122,yostar_us:8225386987690,yostar_us,US,USD,8225386987690,47372322046122,Amiya,MRFZTMD002,Amiya,,,20.0,,True,True,600,2026-09-11T22:16:44+00:00,False,https://us.yostar.store/products/arknights-transparent-tote-bag-2025-summer-drop?variant=47372322046122
yostar_us:47192245797034,yostar_us:8184960549034,yostar_us,US,USD,8184960549034,47192245797034,Yu,MRFZCCGJ018,Yu,,,15.0,,True,True,35,2026-09-11T22:16:44+00:00,False,https://us.yostar.store/products/arknights-character-painted-glass-charm-5-5th-anniv?variant=47192245797034
yostar_us:47192245829802,yostar_us:8184960549034,yostar_us,US,USD,8184960549034,47192245829802,Blaze the Igniting Spark,MRFZCCGJ019,Blaze the Igniting Spark,,,15.0,,True,True,35,2026-09-11T22:16:44+00:00,False,https://us.yostar.store/products/arknights-character-painted-glass-charm-5-5th-anniv?variant=47192245829802
yostar_us:47192245862570,yostar_us:8184960549034,yostar_us,US,USD,8184960549034,47192245862570,Chongyue,MRFZCCGJ020,Chongyue,,,15.0,,True,True,35,2026-09-11T22:16:44+00:00,False,https://us.yostar.store/products/arknights-character-painted-glass-charm-5-5th-anniv?variant=47192245862570
yostar_us:47192245895338,yostar_us:8184960549034,yostar_us,US,USD,8184960549034,47192245895338,Shu,MRFZCCGJ021,Shu,,,15.0,,True,True,35,2026-09-11T22:16:44+00:00,False,https://us.yostar.store/products/arknights-character-painted-glass-charm-5-5th-anniv?variant=47192245895338
yostar_us:47192364286122,yostar_us:8184995512490,yostar_us,US,USD,8184995512490,47192364286122,Wiš'adel,MRFZWOGJ004,Wiš'adel,,,15.0,,False,True,450,2026-09-11T22:16:44+00:00,False,https://us.yostar.store/products/arknights-plushie-key-charm-5-5th-anniv?variant=47192364286122
yostar_us:47192364318890,yostar_us:8184995512490,yostar_us,US,USD,8184995512490,47192364318890,Suzuran,MRFZWOGJ005,Suzuran,,,15.0,,False,True,450,2026-09-11T22:16:44+00:00,False,https://us.yostar.store/products/arknights-plushie-key-charm-5-5th-anniv?variant=47192364318890
yostar_us:47192364351658,yostar_us:8184995512490,yostar_us,US,USD,8184995512490,47192364351658,Jessica,MRFZWOGJ006,Jessica,,,15.0,,True,True,450,2026-09-11T22:16:44+00:00,False,https://us.yostar.store/products/arknights-plushie-key-charm-5-5th-anniv?variant=47192364351658
yostar_us:47192323948714,yostar_us:8184979849386,yostar_us,US,USD,8184979849386,47192323948714,Default Title,MRFZMZ001,Default Title,,,22.0,,True,True,500,2026-09-11T22:16:44+00:00,False,https://us.yostar.store/products/arknights-rhodes-island-cap-5-5th-anniv?variant=47192323948714
yostar_us:47192340201642,yostar_us:8184985059498,yostar_us,US,USD,8184985059498,47192340201642,Eyjafjalla the Hvít Aska,MRFZYYL001,Eyjafjalla the Hvít Aska,,,15.0,,True,True,100,2026-09-11T22:16:44+00:00,False,https://us.yostar.store/products/arknights-acrylic-headhunting-bag-shaker-charm-5-5th-anniv?variant=47192340201642
yostar_us:47192340234410,yostar_us:8184985059498,yostar_us,US,USD,8184985059498,47192340234410,Texas the Omertosa,MRFZYYL002,Texas the Omertosa,,,15.0,,True,True,100,2026-09-11T22:16:44+00:00,False,https://us.yostar.store/products/arknights-acrylic-headhunting-bag-shaker-charm-5-5th-anniv?variant=47192340234410
yostar_us:47192340267178,yostar_us:8184985059498,yostar_us,US,USD,8184985059498,47192340267178,Lappland the Decadenza,MRFZYYL003,Lappland the Decadenza,,,15.0,,True,True,100,2026-09-11T22:16:44+00:00,False,https://us.yostar.store/products/arknights-acrylic-headhunting-bag-shaker-charm-5-5th-anniv?variant=47192340267178
yostar_us:47192340299946,yostar_us:8184985059498,yostar_us,US,USD,8184985059498,47192340299946,Nearl the Radiant Knight,MRFZYYL004,Nearl the Radiant Knight,,,15.0,,True,True,100,2026-09-11T22:16:44+00:00,False,https://us.yostar.store/products/arknights-acrylic-headhunting-bag-shaker-charm-5-5th-anniv?variant=47192340299946
yostar_us:47192340332714,yostar_us:8184985059498,yostar_us,US,USD,8184985059498,47192340332714,Reed the Flame Shadow,MRFZYYL005,Reed the Flame Shadow,,,15.0,,True,True,100,2026-09-11T22:16:44+00:00,False,https://us.yostar.store/products/arknights-acrylic-headhunting-bag-shaker-charm-5-5th-anniv?variant=47192340332714
yostar_us:47192340365482,yostar_us:8184985059498,yostar_us,US,USD,8184985059498,47192340365482,Specter the Unchained,MRFZYYL006,Specter the Unchained,,,15.0,,True,True,100,2026-09-11T22:16:44+00:00,False,https://us.yostar.store/products/arknights-acrylic-headhunting-bag-shaker-charm-5-5th-anniv?variant=47192340365482
yostar_us:47192250253482,yostar_us:8184962875562,yostar_us,US,USD,8184962875562,47192250253482,Default Title,6975426050073,Default Title,,,55.0,,False,True,1000,2026-09-11T22:16:44+00:00,False,https://us.yostar.store/products/arknights-thermal-ex?variant=47192250253482
yostar_us:46939267989674,yostar_us:8165247353002,yostar_us,US,USD,8165247353002,46939267989674,Default Title,MRFZGSGJ01,Default Title,,,15.0,,True,True,30,2026-09-11T22:16:44+00:00,False,https://us.yostar.store/products/arknights-arknights-official-artworks-vol-2-set-copy?variant=46939267989674
yostar_us:46939267694762,yostar_us:8165247156394,yostar_us,US,USD,8165247156394,46939267694762,Eyjafjalla the Hvít Aska,MRFZLP003,Eyjafjalla the Hvít Aska,,,20.0,,True,True,450,2026-09-11T22:16:44+00:00,False,https://us.yostar.store/products/arknights-character-acrylic-standee-i-portatori-dei-velluti?variant=46939267694762
yostar_us:46939267727530,yostar_us:8165247156394,yostar_us,US,USD,8165247156394,46939267727530,Nightingale,MRFZLP004,Nightingale,,,20.0,,True,True,450,2026-09-11T22:16:44+00:00,False,https://us.yostar.store/products/arknights-character-acrylic-standee-i-portatori-dei-velluti?variant=46939267727530
yostar_us:46939267825834,yostar_us:8165247254698,yostar_us,US,USD,8165247254698,46939267825834,Logos,MRFZMR021,Logos,,,45.0,,True,True,30,2026-09-11T22:16:44+00:00,False,https://us.yostar.store/products/arknights-plushie-i-portatori-dei-velluti?variant=46939267825834
yostar_us:46939267858602,yostar_us:8165247254698,yostar_us,US,USD,8165247254698,46939267858602,Wiš'adel,MRFZMR022,Wiš'adel,,,45.0,,True,True,30,2026-09-11T22:16:44+00:00,False,https://us.yostar.store/products/arknights-plushie-i-portatori-dei-velluti?variant=46939267858602
yostar_us:46939267104938,yostar_us:8165247025322,yostar_us,US,USD,8165247025322,46939267104938,Wiš'adel,MRFZJSLG015,Wiš'adel,,,15.0,,True,True,50,2026-09-11T22:16:44+00:00,False,https://us.yostar.store/products/arknights-character-acrylic-standee-i-portatori-dei-velluti-copy?variant=46939267104938
yostar_us:46939267137706,yostar_us:8165247025322,yostar_us,US,USD,8165247025322,46939267137706,Logos,MRFZJSLG016,Logos,,,15.0,,True,True,50,2026-09-11T22:16:44+00:00,False,https://us.yostar.store/products/arknights-character-acrylic-standee-i-portatori-dei-velluti-copy?variant=46939267137706
yostar_us:46939267170474,yostar_us:8165247025322,yostar_us,US,USD,8165247025322,46939267170474,Texas,MRFZJSLG017,Texas,,,16.0,,True,True,50,2026-09-11T22:16:44+00:00,False,https://us.yostar.store/products/arknights-character-acrylic-standee-i-portatori-dei-velluti-copy?variant=46939267170474
yostar_us:46939267203242,yostar_us:8165247025322,yostar_us,US,USD,8165247025322,46939267203242,Lappland,MRFZJSLG018,Lappland,,,16.0,,True,True,50,2026-09-11T22:16:44+00:00,False,https://us.yostar.store/products/arknights-character-acrylic-standee-i-portatori-dei-velluti-copy?variant=46939267203242
yostar_us:46939268513962,yostar_us:8165247516842,yostar_us,US,USD,8165247516842,46939268513962,Default Title,MRFZGFSDJ002,Default Title,,,60.0,,True,True,2000,2026-09-11T22:16:44+00:00,False,https://us.yostar.store/products/arknights-arknights-official-artworks-vol-2-set?variant=46939268513962
yostar_us:46939284045994,yostar_us:8165249777834,yostar_us,US,USD,8165249777834,46939284045994,Default Title,MRFZZNLH006,Default Title,,,75.0,,True,True,1900,2026-09-11T22:16:44+00:00,False,https://us.yostar.store/products/arknights-5th-anniversary-mystique-celebration-kit?variant=46939284045994
yostar_us:46939283423402,yostar_us:8165249613994,yostar_us,US,USD,8165249613994,46939283423402,Wiš'adel,MRFZYGHZ006,Wiš'adel,,,20.0,,True,True,100,2026-09-11T22:16:44+00:00,False,https://us.yostar.store/products/arknights-glow-in-the-dark-metal-pin-5th-anniv?variant=46939283423402
yostar_us:46939283456170,yostar_us:8165249613994,yostar_us,US,USD,8165249613994,46939283456170,Logos,MRFZYGHZ007,Logos,,,20.0,,True,True,100,2026-09-11T22:16:44+00:00,False,https://us.yostar.store/products/arknights-glow-in-the-dark-metal-pin-5th-anniv?variant=46939283456170
yostar_us:46939283488938,yostar_us:8165249613994,yostar_us,US,USD,8165249613994,46939283488938,Pepe,MRFZYGHZ008,Pepe,,,20.0,,True,True,100,2026-09-11T22:16:44+00:00,False,https://us.yostar.store/products/arknights-glow-in-the-dark-metal-pin-5th-anniv?variant=46939283488938
yostar_us:46939283259562,yostar_us:8165249482922,yostar_us,US,USD,8165249482922,46939283259562,Default Title,MRFZWOGJ003,Default Title,,,15.0,,True,True,600,2026-09-11T22:16:44+00:00,False,https://us.yostar.store/products/arknights-pepe-plushie-key-charm-5th-anniv?variant=46939283259562
yostar_us:46939282800810,yostar_us:8165249384618,yostar_us,US,USD,8165249384618,46939282800810,Default Title,MRFZLQB001,Default Title,,,18.0,,True,True,150,2026-09-11T22:16:44+00:00,False,https://us.yostar.store/products/arknights-coin-purse-5th-anniv?variant=46939282800810
yostar_us:46939282636970,yostar_us:8165249253546,yostar_us,US,USD,8165249253546,46939282636970,Muelsyse,MRFZMR019,Muelsyse,,,45.0,,True,True,1000,2026-09-11T22:16:44+00:00,False,https://us.yostar.store/products/arknights-plushie-5th-anniv?variant=46939282636970
yostar_us:46939282669738,yostar_us:8165249253546,yostar_us,US,USD,8165249253546,46939282669738,Skadi the Corrupting Heart,MRFZMR020,Skadi the Corrupting Heart,,,45.0,,True,True,1400,2026-09-11T22:16:44+00:00,False,https://us.yostar.store/products/arknights-plushie-5th-anniv?variant=46939282669738
yostar_us:46939281817770,yostar_us:8165249024170,yostar_us,US,USD,8165249024170,46939281817770,SilverAsh,MRFZGYGJ007,SilverAsh,,,12.0,,True,True,300,2026-09-11T22:16:44+00:00,False,https://us.yostar.store/products/arknights-operator-key-charm-5th-anniv?variant=46939281817770
yostar_us:46939281850538,yostar_us:8165249024170,yostar_us,US,USD,8165249024170,46939281850538,Virtuosa,MRFZGYGJ008,Virtuosa,,,12.0,,True,True,300,2026-09-11T22:16:44+00:00,False,https://us.yostar.store/products/arknights-operator-key-charm-5th-anniv?variant=46939281850538
yostar_us:46939281883306,yostar_us:8165249024170,yostar_us,US,USD,8165249024170,46939281883306,Goldenglow,MRFZGYGJ009,Goldenglow,,,12.0,,True,True,300,2026-09-11T22:16:44+00:00,False,https://us.yostar.store/products/arknights-operator-key-charm-5th-anniv?variant=46939281883306
yostar_us:46939281916074,yostar_us:8165249024170,yostar_us,US,USD,8165249024170,46939281916074,Skadi the Corrupting Heart,MRFZGYGJ010,Skadi the Corrupting Heart,,,12.0,,True,True,300,2026-09-11T22:16:44+00:00,False,https://us.yostar.store/products/arknights-operator-key-charm-5th-anniv?variant=46939281916074
yostar_us:46939281948842,yostar_us:8165249024170,yostar_us,US,USD,8165249024170,46939281948842,Wiš'adel,MRFZGYGJ011,Wiš'adel,,,12.0,,True,True,300,2026-09-11T22:16:44+00:00,False,https://us.yostar.store/products/arknights-operator-key-charm-5th-anniv?variant=46939281948842
yostar_us:46939281981610,yostar_us:8165249024170,yostar_us,US,USD,8165249024170,46939281981610,Logos,MRFZGYGJ012,Logos,,,12.0,,True,True,300,2026-09-11T22:16:44+00:00,False,https://us.yostar.store/products/arknights-operator-key-charm-5th-anniv?variant=46939281981610
yostar_us:46939308032170,yostar_us:8165254561962,yostar_us,US,USD,8165254561962,46939308032170,Default Title,MRFZSRHC01,Default Title,,,25.0,,False,True,660,2026-09-11T22:16:44+00:00,False,https://us.yostar.store/products/arknights-monster-siren-resonance-collectors-edition-artbook-vol-1?variant=46939308032170
yostar_us:46939292139690,yostar_us:8165251776682,yostar_us,US,USD,8165251776682,46939292139690,Buy One: Contains a random Wobble Egg from 6 characters,MRFZBDWDC001,Buy One: Contains a random Wobble Egg from 6 characters,,,18.0,,True,True,119,2026-09-11T22:16:44+00:00,False,https://us.yostar.store/products/arknights-spring-fling-wobble-egg-black-friday-2024?variant=46939292139690
yostar_us:46939292172458,yostar_us:8165251776682,yostar_us,US,USD,8165251776682,46939292172458,Buy a Set: 6 non-repeating characters + 1 limited Doctor in one set,MRFZBDWDH001,Buy a Set: 6 non-repeating characters + 1 limited Doctor in one set,,,108.0,,True,True,1000,2026-09-11T22:16:44+00:00,False,https://us.yostar.store/products/arknights-spring-fling-wobble-egg-black-friday-2024?variant=46939292172458
yostar_us:46939293778090,yostar_us:8165252366506,yostar_us,US,USD,8165252366506,46939293778090,Default Title,MRFZMR018,Default Title,,,45.0,,True,True,1000,2026-09-11T22:16:44+00:00,False,https://us.yostar.store/products/arknights-plushie-black-friday-2024?variant=46939293778090
yostar_us:46939293548714,yostar_us:8165252300970,yostar_us,US,USD,8165252300970,46939293548714,Exusiai,MRFZAXLP001,Exusiai,,,10.0,,True,True,21,2026-09-11T22:16:44+00:00,False,https://us.yostar.store/products/arknights-acrylic-standee-black-friday-2024?variant=46939293548714
yostar_us:46939293581482,yostar_us:8165252300970,yostar_us,US,USD,8165252300970,46939293581482,Croissant,MRFZAXLP002,Croissant,,,10.0,,True,True,21,2026-09-11T22:16:44+00:00,False,https://us.yostar.store/products/arknights-acrylic-standee-black-friday-2024?variant=46939293581482
yostar_us:46939293614250,yostar_us:8165252300970,yostar_us,US,USD,8165252300970,46939293614250,Sora,MRFZAXLP003,Sora,,,10.0,,True,True,21,2026-09-11T22:16:44+00:00,False,https://us.yostar.store/products/arknights-acrylic-standee-black-friday-2024?variant=46939293614250
yostar_us:46939293647018,yostar_us:8165252300970,yostar_us,US,USD,8165252300970,46939293647018,Texas,MRFZAXLP004,Texas,,,10.0,,True,True,21,2026-09-11T22:16:44+00:00,False,https://us.yostar.store/products/arknights-acrylic-standee-black-friday-2024?variant=46939293647018
yostar_us:46939293679786,yostar_us:8165252300970,yostar_us,US,USD,8165252300970,46939293679786,Emperor & Duck Lord,MRFZAXLP005,Emperor & Duck Lord,,,10.0,,True,True,21,2026-09-11T22:16:44+00:00,False,https://us.yostar.store/products/arknights-acrylic-standee-black-friday-2024?variant=46939293679786
yostar_us:46939295285418,yostar_us:8165252595882,yostar_us,US,USD,8165252595882,46939295285418,Default Title,MRFZRL003,Default Title,,,15.0,,True,True,331,2026-09-11T22:16:44+00:00,False,https://us.yostar.store/products/arknights-2025-calendar-black-friday-2024?variant=46939295285418
yostar_us:46939292303530,yostar_us:8165251874986,yostar_us,US,USD,8165251874986,46939292303530,Default Title,MRFZAXDZ001,Default Title,,,20.0,,True,True,338,2026-09-11T22:16:44+00:00,False,https://us.yostar.store/products/arknights-tote-bag-black-friday-2024?variant=46939292303530
yostar_us:46939292827818,yostar_us:8165252038826,yostar_us,US,USD,8165252038826,46939292827818,W,MRFZAXBX001,W,,,10.0,,True,True,22,2026-09-11T22:16:44+00:00,False,https://us.yostar.store/products/arknights-fridge-magnet-black-friday-2024?variant=46939292827818
yostar_us:46939292893354,yostar_us:8165252038826,yostar_us,US,USD,8165252038826,46939292893354,Virtuosa,MRFZAXBX002,Virtuosa,,,10.0,,True,True,22,2026-09-11T22:16:44+00:00,False,https://us.yostar.store/products/arknights-fridge-magnet-black-friday-2024?variant=46939292893354
yostar_us:46939292926122,yostar_us:8165252038826,yostar_us,US,USD,8165252038826,46939292926122,Passenger,MRFZAXBX003,Passenger,,,10.0,,True,True,22,2026-09-11T22:16:44+00:00,False,https://us.yostar.store/products/arknights-fridge-magnet-black-friday-2024?variant=46939292926122
yostar_us:46939350499498,yostar_us:8165263048874,yostar_us,US,USD,8165263048874,46939350499498,Default Title,MRFZGFSDJ001,Default Title,,,60.0,,False,True,2500,2026-09-11T22:16:44+00:00,False,https://us.yostar.store/products/arknights-arknights-official-artworks-vol-1-set?variant=46939350499498
yostar_us:46939287650474,yostar_us:8165250171050,yostar_us,US,USD,8165250171050,46939287650474,Default Title,MRFZSDFZ03,Default Title,,,15.0,,True,True,102,2026-09-11T22:16:44+00:00,False,https://us.yostar.store/products/arknights-christmas-dress-up-costume-black-friday-2024?variant=46939287650474
yostar_us:46939284111530,yostar_us:8165249843370,yostar_us,US,USD,8165249843370,46939284111530,Default Title,MRFZSDJGJ01,Default Title,,,8.0,,True,True,21,2026-09-11T22:16:44+00:00,False,https://us.yostar.store/products/arknights-christmas-acrylic-charm-black-friday-2024?variant=46939284111530
yostar_us:46939296235690,yostar_us:8165253087402,yostar_us,US,USD,8165253087402,46939296235690,Default Title,MRFZWSJLB24,Default Title,,,79.9,,False,True,3000,2026-09-11T22:16:44+00:00,False,https://us.yostar.store/products/arknights-lucky-bag-halloween-2024?variant=46939296235690
yostar_us:46939297087658,yostar_us:8165253480618,yostar_us,US,USD,8165253480618,46939297087658,ELA,MRFZRLLP02,ELA,,,18.0,,True,True,0,2026-09-11T22:16:44+00:00,False,https://us.yostar.store/products/arknights-character-acrylic-standee-rainbow-six-siege?variant=46939297087658
yostar_us:46939297120426,yostar_us:8165253480618,yostar_us,US,USD,8165253480618,46939297120426,FUZE,MRFZRLLP04,FUZE,,,18.0,,True,True,0,2026-09-11T22:16:44+00:00,False,https://us.yostar.store/products/arknights-character-acrylic-standee-rainbow-six-siege?variant=46939297120426
yostar_us:46939297153194,yostar_us:8165253480618,yostar_us,US,USD,8165253480618,46939297153194,IANA,MRFZRLLP01,IANA,,,18.0,,True,True,0,2026-09-11T22:16:44+00:00,False,https://us.yostar.store/products/arknights-character-acrylic-standee-rainbow-six-siege?variant=46939297153194
yostar_us:46939297185962,yostar_us:8165253480618,yostar_us,US,USD,8165253480618,46939297185962,DOC,MRFZRLLP03,DOC,,,18.0,,True,True,0,2026-09-11T22:16:44+00:00,False,https://us.yostar.store/products/arknights-character-acrylic-standee-rainbow-six-siege?variant=46939297185962
yostar_us:46939296923818,yostar_us:8165253349546,yostar_us,US,USD,8165253349546,46939296923818,Default Title,MRFZRLSBD1,Default Title,,,20.0,,False,True,630,2026-09-11T22:16:44+00:00,False,https://us.yostar.store/products/arknights-tablemat-rainbow-six-siege?variant=46939296923818
yostar_us:46939312783530,yostar_us:8165255413930,yostar_us,US,USD,8165255413930,46939312783530,Default Title,MRFZSLH001,Default Title,,,40.0,,False,True,867,2026-09-11T22:16:44+00:00,False,https://us.yostar.store/products/arknights-shu-gift-box-4-5-anniv?variant=46939312783530
yostar_us:46939312488618,yostar_us:8165255282858,yostar_us,US,USD,8165255282858,46939312488618,Shu,MRFZCCGJ013,Shu,,,15.0,,True,True,23,2026-09-11T22:16:44+00:00,False,https://us.yostar.store/products/arknights-character-painted-glass-charm-4-5-anniv?variant=46939312488618
yostar_us:46939312521386,yostar_us:8165255282858,yostar_us,US,USD,8165255282858,46939312521386,Zuo Le,MRFZCCGJ014,Zuo Le,,,15.0,,False,True,23,2026-09-11T22:16:44+00:00,False,https://us.yostar.store/products/arknights-character-painted-glass-charm-4-5-anniv?variant=46939312521386
yostar_us:46939312554154,yostar_us:8165255282858,yostar_us,US,USD,8165255282858,46939312554154,Ling,MRFZCCGJ015,Ling,,,15.0,,True,True,23,2026-09-11T22:16:44+00:00,False,https://us.yostar.store/products/arknights-character-painted-glass-charm-4-5-anniv?variant=46939312554154
yostar_us:46939312586922,yostar_us:8165255282858,yostar_us,US,USD,8165255282858,46939312586922,Nian,MRFZCCGJ016,Nian,,,15.0,,True,True,23,2026-09-11T22:16:44+00:00,False,https://us.yostar.store/products/arknights-character-painted-glass-charm-4-5-anniv?variant=46939312586922
yostar_us:46939312619690,yostar_us:8165255282858,yostar_us,US,USD,8165255282858,46939312619690,Dusk,MRFZCCGJ017,Dusk,,,15.0,,True,True,23,2026-09-11T22:16:44+00:00,False,https://us.yostar.store/products/arknights-character-painted-glass-charm-4-5-anniv?variant=46939312619690
yostar_us:46939308687530,yostar_us:8165254824106,yostar_us,US,USD,8165254824106,46939308687530,Default Title,MRFZMRCY01,Default Title,,,45.0,,True,True,1000,2026-09-11T22:16:44+00:00,False,https://us.yostar.store/products/arknights-plushie-4-5-anniv?variant=46939308687530
yostar_us:46939308130474,yostar_us:8165254660266,yostar_us,US,USD,8165254660266,46939308130474,Default Title,MRFZTTB01,Default Title,,,25.0,,True,True,279,2026-09-11T22:16:44+00:00,False,https://us.yostar.store/products/arknights-tote-bag-4-5-anniv?variant=46939308130474
yostar_us:46939311800490,yostar_us:8165255020714,yostar_us,US,USD,8165255020714,46939311800490,Shu,MRFZJSLG012,Shu,,,20.0,,True,True,0,2026-09-11T22:16:44+00:00,False,https://us.yostar.store/products/arknights-character-metal-pin-4-5-anniv?variant=46939311800490
yostar_us:46939311833258,yostar_us:8165255020714,yostar_us,US,USD,8165255020714,46939311833258,Zuo Le,MRFZJSLG013,Zuo Le,,,20.0,,True,True,0,2026-09-11T22:16:44+00:00,False,https://us.yostar.store/products/arknights-character-metal-pin-4-5-anniv?variant=46939311833258
yostar_us:46939315830954,yostar_us:8165255774378,yostar_us,US,USD,8165255774378,46939315830954,Default Title,MRFZYYTZ001,Default Title,,,45.0,,True,True,480,2026-09-11T22:16:44+00:00,False,https://us.yostar.store/products/arknights-camping-tableware-set-rhodes-island-vacation?variant=46939315830954
yostar_us:46939316027562,yostar_us:8165255938218,yostar_us,US,USD,8165255938218,46939316027562,Exusiai,MRFZMRJJZ01,Exusiai,,,20.0,,True,True,50,2026-09-11T22:16:44+00:00,False,https://us.yostar.store/products/arknights-plushie-clip-rhodes-island-vacation?variant=46939316027562
yostar_us:46939316060330,yostar_us:8165255938218,yostar_us,US,USD,8165255938218,46939316060330,Mizuki,MRFZMRJJZ02,Mizuki,,,20.0,,True,True,50,2026-09-11T22:16:44+00:00,False,https://us.yostar.store/products/arknights-plushie-clip-rhodes-island-vacation?variant=46939316060330
yostar_us:46939316093098,yostar_us:8165255938218,yostar_us,US,USD,8165255938218,46939316093098,Ceobe,MRFZMRJJZ03,Ceobe,,,20.0,,True,True,50,2026-09-11T22:16:44+00:00,False,https://us.yostar.store/products/arknights-plushie-clip-rhodes-island-vacation?variant=46939316093098
yostar_us:46939315896490,yostar_us:8165255839914,yostar_us,US,USD,8165255839914,46939315896490,Default Title,MRFZCXTCX01,Default Title,,,12.0,,True,True,47,2026-09-11T22:16:44+00:00,False,https://us.yostar.store/products/arknights-embroidery-sticker-set-rhodes-island-vacation?variant=46939315896490
yostar_us:46939317534890,yostar_us:8165256036522,yostar_us,US,USD,8165256036522,46939317534890,Default Title,MRFZCQSF01,Default Title,,,16.0,,True,True,490,2026-09-11T22:16:44+00:00,False,https://us.yostar.store/products/arknights-inflatable-sofa-rhodes-island-vacation?variant=46939317534890
yostar_us:46939327496362,yostar_us:8165257314474,yostar_us,US,USD,8165257314474,46939327496362,Default Title,MRFZMHTZ002,Default Title,,,20.0,,True,True,800,2026-09-11T22:16:44+00:00,False,https://us.yostar.store/products/arknights-arknights-comic?variant=46939327496362
yostar_us:46939327627434,yostar_us:8165257445546,yostar_us,US,USD,8165257445546,46939327627434,Default Title,MRFZZNLH004,Default Title,,,75.0,,True,True,2500,2026-09-11T22:16:44+00:00,False,https://us.yostar.store/products/arknights-4th-anniversary-terra-fatorum-kit?variant=46939327627434
yostar_us:46939327725738,yostar_us:8165257543850,yostar_us,US,USD,8165257543850,46939327725738,Default Title,MRFZSSTZ001,Default Title,,,20.0,,True,True,600,2026-09-11T22:16:44+00:00,False,https://us.yostar.store/products/arknights-accessories-set-4th-anniv?variant=46939327725738
yostar_us:46939329396906,yostar_us:8165257805994,yostar_us,US,USD,8165257805994,46939329396906,Amiya,MRFZGYGJ001,Amiya,,,12.0,,True,True,300,2026-09-11T22:16:44+00:00,False,https://us.yostar.store/products/arknights-operator-key-charm-4th-anniv?variant=46939329396906
yostar_us:46939329429674,yostar_us:8165257805994,yostar_us,US,USD,8165257805994,46939329429674,Muelsyse,MRFZGYGJ002,Muelsyse,,,12.0,,True,True,300,2026-09-11T22:16:44+00:00,False,https://us.yostar.store/products/arknights-operator-key-charm-4th-anniv?variant=46939329429674
yostar_us:46939329462442,yostar_us:8165257805994,yostar_us,US,USD,8165257805994,46939329462442,Kal'tsit,MRFZGYGJ003,Kal'tsit,,,12.0,,True,True,300,2026-09-11T22:16:44+00:00,False,https://us.yostar.store/products/arknights-operator-key-charm-4th-anniv?variant=46939329462442
yostar_us:46939329495210,yostar_us:8165257805994,yostar_us,US,USD,8165257805994,46939329495210,Młynar,MRFZGYGJ004,Młynar,,,12.0,,True,True,300,2026-09-11T22:16:44+00:00,False,https://us.yostar.store/products/arknights-operator-key-charm-4th-anniv?variant=46939329495210
yostar_us:46939329527978,yostar_us:8165257805994,yostar_us,US,USD,8165257805994,46939329527978,Eyjafjalla,MRFZGYGJ005,Eyjafjalla,,,12.0,,True,True,300,2026-09-11T22:16:44+00:00,False,https://us.yostar.store/products/arknights-operator-key-charm-4th-anniv?variant=46939329527978
yostar_us:46939329560746,yostar_us:8165257805994,yostar_us,US,USD,8165257805994,46939329560746,Ch'en,MRFZGYGJ006,Ch'en,,,12.0,,True,True,300,2026-09-11T22:16:44+00:00,False,https://us.yostar.store/products/arknights-operator-key-charm-4th-anniv?variant=46939329560746
yostar_us:46939329757354,yostar_us:8165258002602,yostar_us,US,USD,8165258002602,46939329757354,Casual Outfit Ver.,MRFZWOGJ001,Casual Outfit Ver.,,,15.0,,True,True,600,2026-09-11T22:16:44+00:00,False,https://us.yostar.store/products/arknights-eyjafjalla-plushie-key-charm-4th-anniv?variant=46939329757354
yostar_us:46939329790122,yostar_us:8165258002602,yostar_us,US,USD,8165258002602,46939329790122,Summer Flower Ver.,MRFZWOGJ002,Summer Flower Ver.,,,15.0,,True,True,600,2026-09-11T22:16:44+00:00,False,https://us.yostar.store/products/arknights-eyjafjalla-plushie-key-charm-4th-anniv?variant=46939329790122
yostar_us:46939330248874,yostar_us:8165258068138,yostar_us,US,USD,8165258068138,46939330248874,Default Title,MRFZMT001,Default Title,,,58.0,,True,True,1510,2026-09-11T22:16:44+00:00,False,https://us.yostar.store/products/arknights-soft-blanket-4th-anniv?variant=46939330248874
yostar_us:46939330347178,yostar_us:8165258133674,yostar_us,US,USD,8165258133674,46939330347178,Eyjafjalla,MRFZMR013,Eyjafjalla,,,45.0,,True,True,1000,2026-09-11T22:16:44+00:00,False,https://us.yostar.store/products/arknights-plushie-4th-anniv?variant=46939330347178
yostar_us:46939330379946,yostar_us:8165258133674,yostar_us,US,USD,8165258133674,46939330379946,Exusiai,MRFZMR014,Exusiai,,,45.0,,True,True,1000,2026-09-11T22:16:44+00:00,False,https://us.yostar.store/products/arknights-plushie-4th-anniv?variant=46939330379946
yostar_us:46939330412714,yostar_us:8165258133674,yostar_us,US,USD,8165258133674,46939330412714,Nearl,MRFZMR015,Nearl,,,45.0,,True,True,1000,2026-09-11T22:16:44+00:00,False,https://us.yostar.store/products/arknights-plushie-4th-anniv?variant=46939330412714
yostar_us:46939330445482,yostar_us:8165258133674,yostar_us,US,USD,8165258133674,46939330445482,Młynar,MRFZMR016,Młynar,,,45.0,,True,True,1000,2026-09-11T22:16:44+00:00,False,https://us.yostar.store/products/arknights-plushie-4th-anniv?variant=46939330445482
yostar_us:46939330478250,yostar_us:8165258133674,yostar_us,US,USD,8165258133674,46939330478250,Blemishine,MRFZMR017,Blemishine,,,45.0,,True,True,1000,2026-09-11T22:16:44+00:00,False,https://us.yostar.store/products/arknights-plushie-4th-anniv?variant=46939330478250
yostar_us:46939330937002,yostar_us:8165258199210,yostar_us,US,USD,8165258199210,46939330937002,Muelsyse,MRFZYGHZ003,Muelsyse,,,20.0,,True,True,360,2026-09-11T22:16:44+00:00,False,https://us.yostar.store/products/arknights-glow-in-the-dark-metal-pin-4th-anniv?variant=46939330937002
yostar_us:46939330969770,yostar_us:8165258199210,yostar_us,US,USD,8165258199210,46939330969770,Młynar,MRFZYGHZ004,Młynar,,,20.0,,True,True,360,2026-09-11T22:16:44+00:00,False,https://us.yostar.store/products/arknights-glow-in-the-dark-metal-pin-4th-anniv?variant=46939330969770
yostar_us:46939331002538,yostar_us:8165258199210,yostar_us,US,USD,8165258199210,46939331002538,Eyjafjalla the Hvít Aska,MRFZYGHZ005,Eyjafjalla the Hvít Aska,,,20.0,,True,True,360,2026-09-11T22:16:44+00:00,False,https://us.yostar.store/products/arknights-glow-in-the-dark-metal-pin-4th-anniv?variant=46939331002538
yostar_us:46939331428522,yostar_us:8165258264746,yostar_us,US,USD,8165258264746,46939331428522,Picnic Ver.,MRFZSNBT001,Picnic Ver.,,,20.0,20.0,True,True,1010,2026-09-11T22:16:44+00:00,False,https://us.yostar.store/products/arknights-travel-organizer-bag-4th-anniv?variant=46939331428522
yostar_us:46939331461290,yostar_us:8165258264746,yostar_us,US,USD,8165258264746,46939331461290,Lungmen Ver.,MRFZSNBT002,Lungmen Ver.,,,20.0,20.0,True,True,1010,2026-09-11T22:16:44+00:00,False,https://us.yostar.store/products/arknights-travel-organizer-bag-4th-anniv?variant=46939331461290
yostar_us:46939331559594,yostar_us:8165258330282,yostar_us,US,USD,8165258330282,46939331559594,Default Title,MRFZQEXK001,Default Title,,,40.0,,True,True,2500,2026-09-11T22:16:44+00:00,False,https://us.yostar.store/products/arknights-messenger-bag-4th-anniv?variant=46939331559594
yostar_us:46939333951658,yostar_us:8165258625194,yostar_us,US,USD,8165258625194,46939333951658,The whole set contains 6 non-repeating figures,MRFZSKMH001,The whole set contains 6 non-repeating figures,,,98.0,,True,True,2500,2026-09-11T22:16:44+00:00,False,https://us.yostar.store/products/arknights-bbq-theme-blind-box-figure-mizuki-friends-ensemble?variant=46939333951658
yostar_us:46939333984426,yostar_us:8165258625194,yostar_us,US,USD,8165258625194,46939333984426,Contains a random figure,MRFZSKMH002,Contains a random figure,,,18.0,,True,True,600,2026-09-11T22:16:44+00:00,False,https://us.yostar.store/products/arknights-bbq-theme-blind-box-figure-mizuki-friends-ensemble?variant=46939333984426
yostar_us:46939334049962,yostar_us:8165258690730,yostar_us,US,USD,8165258690730,46939334049962,Default Title,MRFZSYHK001,Default Title,,,50.0,,True,True,2010,2026-09-11T22:16:44+00:00,False,https://us.yostar.store/products/arknights-mizuki-art-painting-mizuki-friends-ensemble?variant=46939334049962
yostar_us:46939334148266,yostar_us:8165258789034,yostar_us,US,USD,8165258789034,46939334148266,Mizuki,MRFZYGGB001,Mizuki,,,25.0,,True,True,1010,2026-09-11T22:16:44+00:00,False,https://us.yostar.store/products/arknights-glow-in-the-dark-glass-mizuki-friends-ensemble?variant=46939334148266
yostar_us:46939334181034,yostar_us:8165258789034,yostar_us,US,USD,8165258789034,46939334181034,Skadi the Corrupting Heart,MRFZYGGB002,Skadi the Corrupting Heart,,,25.0,,True,True,1010,2026-09-11T22:16:44+00:00,False,https://us.yostar.store/products/arknights-glow-in-the-dark-glass-mizuki-friends-ensemble?variant=46939334181034
yostar_us:46939334672554,yostar_us:8165258887338,yostar_us,US,USD,8165258887338,46939334672554,Plushie A,MRFZSYTR001,Plushie A,,,15.0,,True,True,600,2026-09-11T22:16:44+00:00,False,https://us.yostar.store/products/arknights-mizuki-teru-teru-rain-doll-mizuki-friends-ensemble?variant=46939334672554
yostar_us:46939334705322,yostar_us:8165258887338,yostar_us,US,USD,8165258887338,46939334705322,Plushie B,MRFZSYTR002,Plushie B,,,15.0,,True,True,600,2026-09-11T22:16:44+00:00,False,https://us.yostar.store/products/arknights-mizuki-teru-teru-rain-doll-mizuki-friends-ensemble?variant=46939334705322
yostar_us:46939334803626,yostar_us:8165258985642,yostar_us,US,USD,8165258985642,46939334803626,Default Title,MRFZSYMR001,Default Title,,,45.0,,True,True,1500,2026-09-11T22:16:44+00:00,False,https://us.yostar.store/products/arknights-mizuki-plushie-mizuki-friends-ensemble?variant=46939334803626
yostar_us:46939335360682,yostar_us:8165259149482,yostar_us,US,USD,8165259149482,46939335360682,Default Title,MRFZSYLH001,Default Title,,,58.0,,True,True,1610,2026-09-11T22:16:44+00:00,False,https://us.yostar.store/products/arknights-mizuki-gift-box-mizuki-friends-ensemble?variant=46939335360682
yostar_us:46939340210346,yostar_us:8165259968682,yostar_us,US,USD,8165259968682,46939340210346,Talulah,MRFZCLSM003,Talulah,,,35.0,,False,True,1510,2026-09-11T22:16:44+00:00,False,https://us.yostar.store/products/arknights-choshanland-kitten-plushie?variant=46939340210346
yostar_us:46939340243114,yostar_us:8165259968682,yostar_us,US,USD,8165259968682,46939340243114,Blaze,MRFZCLSM005,Blaze,,,35.0,,True,True,1510,2026-09-11T22:16:44+00:00,False,https://us.yostar.store/products/arknights-choshanland-kitten-plushie?variant=46939340243114
yostar_us:46939340275882,yostar_us:8165259968682,yostar_us,US,USD,8165259968682,46939340275882,Faust,MRFZCLSM002,Faust,,,35.0,,False,True,1510,2026-09-11T22:16:44+00:00,False,https://us.yostar.store/products/arknights-choshanland-kitten-plushie?variant=46939340275882
yostar_us:46939340308650,yostar_us:8165259968682,yostar_us,US,USD,8165259968682,46939340308650,Mephisto,MRFZCLSM001,Mephisto,,,35.0,,False,True,1510,2026-09-11T22:16:44+00:00,False,https://us.yostar.store/products/arknights-choshanland-kitten-plushie?variant=46939340308650
yostar_us:46939340439722,yostar_us:8165260099754,yostar_us,US,USD,8165260099754,46939340439722,Default Title,MRFZRL002,Default Title,,,5.0,15.0,False,True,350,2026-09-11T22:16:44+00:00,False,https://us.yostar.store/products/arknights-2024-calendar-black-friday-2023?variant=46939340439722
yostar_us:46939341193386,yostar_us:8165260427434,yostar_us,US,USD,8165260427434,46939341193386,Rhodes Island,MRFZZYHZ001,Rhodes Island,,,10.0,,True,True,200,2026-09-11T22:16:44+00:00,False,https://us.yostar.store/products/arknights-faction-pin-black-friday-2023?variant=46939341193386
yostar_us:46939341226154,yostar_us:8165260427434,yostar_us,US,USD,8165260427434,46939341226154,Penguin Logistics,MRFZZYHZ004,Penguin Logistics,,,10.0,,True,True,200,2026-09-11T22:16:44+00:00,False,https://us.yostar.store/products/arknights-faction-pin-black-friday-2023?variant=46939341226154
yostar_us:46939341258922,yostar_us:8165260427434,yostar_us,US,USD,8165260427434,46939341258922,Rhine Lab,MRFZZYHZ003,Rhine Lab,,,10.0,,True,True,200,2026-09-11T22:16:44+00:00,False,https://us.yostar.store/products/arknights-faction-pin-black-friday-2023?variant=46939341258922
yostar_us:46939341291690,yostar_us:8165260427434,yostar_us,US,USD,8165260427434,46939341291690,Karlan Trade,MRFZZYHZ006,Karlan Trade,,,10.0,,True,True,200,2026-09-11T22:16:44+00:00,False,https://us.yostar.store/products/arknights-faction-pin-black-friday-2023?variant=46939341291690
yostar_us:46939341324458,yostar_us:8165260427434,yostar_us,US,USD,8165260427434,46939341324458,Abyssal Hunters,MRFZZYHZ002,Abyssal Hunters,,,10.0,,True,True,200,2026-09-11T22:16:44+00:00,False,https://us.yostar.store/products/arknights-faction-pin-black-friday-2023?variant=46939341324458
yostar_us:46939341357226,yostar_us:8165260427434,yostar_us,US,USD,8165260427434,46939341357226,Blacksteel Worldwide,MRFZZYHZ005,Blacksteel Worldwide,,,10.0,,True,True,200,2026-09-11T22:16:44+00:00,False,https://us.yostar.store/products/arknights-faction-pin-black-friday-2023?variant=46939341357226
yostar_us:46939340931242,yostar_us:8165260198058,yostar_us,US,USD,8165260198058,46939340931242,Default Title,MRFZMR012,Default Title,,,45.0,,True,True,1000,2026-09-11T22:16:44+00:00,False,https://us.yostar.store/products/arknights-plushie-black-friday-2023?variant=46939340931242
yostar_us:46939340996778,yostar_us:8165260263594,yostar_us,US,USD,8165260263594,46939340996778,Default Title,MRFZXSBD001,Default Title,,,12.0,,True,True,400,2026-09-11T22:16:44+00:00,False,https://us.yostar.store/products/arknights-mouse-pad-black-friday-2023?variant=46939340996778
yostar_us:46939352596650,yostar_us:8165263868074,yostar_us,US,USD,8165263868074,46939352596650,Default Title,MRFZKB002,Default Title,,,40.0,,True,True,600,2026-09-11T22:16:44+00:00,False,https://us.yostar.store/products/arknights-chongyue-phone-bag-set-3-5-anniv?variant=46939352596650
yostar_us:46939351154858,yostar_us:8165263311018,yostar_us,US,USD,8165263311018,46939351154858,Eyjafjalla,MRFZHZT002,Eyjafjalla,,,15.0,,True,True,400,2026-09-11T22:16:44+00:00,False,https://us.yostar.store/products/arknights-passport-case-3-5-anniv?variant=46939351154858
yostar_us:46939351187626,yostar_us:8165263311018,yostar_us,US,USD,8165263311018,46939351187626,Suzuran,MRFZHZT001,Suzuran,,,15.0,,True,True,400,2026-09-11T22:16:44+00:00,False,https://us.yostar.store/products/arknights-passport-case-3-5-anniv?variant=46939351187626
yostar_us:46939351220394,yostar_us:8165263311018,yostar_us,US,USD,8165263311018,46939351220394,Skadi,MRFZHZT003,Skadi,,,15.0,,True,True,400,2026-09-11T22:16:44+00:00,False,https://us.yostar.store/products/arknights-passport-case-3-5-anniv?variant=46939351220394
yostar_us:46939351744682,yostar_us:8165263474858,yostar_us,US,USD,8165263474858,46939351744682,Ling & Chongyue,MRFZJSLG009,Ling & Chongyue,,,29.0,,True,True,350,2026-09-11T22:16:44+00:00,False,https://us.yostar.store/products/arknights-character-metal-pin-set-3-5-anniv?variant=46939351744682
yostar_us:46939351777450,yostar_us:8165263474858,yostar_us,US,USD,8165263474858,46939351777450,Nian & Lin,MRFZJSLG010,Nian & Lin,,,29.0,,True,True,350,2026-09-11T22:16:44+00:00,False,https://us.yostar.store/products/arknights-character-metal-pin-set-3-5-anniv?variant=46939351777450
yostar_us:46939351810218,yostar_us:8165263474858,yostar_us,US,USD,8165263474858,46939351810218,Dusk & Qiubai,MRFZJSLG011,Dusk & Qiubai,,,29.0,,True,True,350,2026-09-11T22:16:44+00:00,False,https://us.yostar.store/products/arknights-character-metal-pin-set-3-5-anniv?variant=46939351810218
yostar_us:46939351941290,yostar_us:8165263573162,yostar_us,US,USD,8165263573162,46939351941290,Default Title,MRFZXSBD002,Default Title,,,10.0,,False,True,400,2026-09-11T22:16:44+00:00,False,https://us.yostar.store/products/arknights-mouse-pad-3-5-anniv?variant=46939351941290
yostar_us:46939352006826,yostar_us:8165263638698,yostar_us,US,USD,8165263638698,46939352006826,Default Title,MRFZJD001,Default Title,,,10.0,,False,True,300,2026-09-11T22:16:44+00:00,False,https://us.yostar.store/products/arknights-washi-tape-3-5-anniv?variant=46939352006826
yostar_us:46939352465578,yostar_us:8165263737002,yostar_us,US,USD,8165263737002,46939352465578,Default Title,MRFZZD002,Default Title,,,25.0,,True,True,850,2026-09-11T22:16:44+00:00,False,https://us.yostar.store/products/arknights-table-mat-3-5-anniv?variant=46939352465578
yostar_us:46939352531114,yostar_us:8165263802538,yostar_us,US,USD,8165263802538,46939352531114,Default Title,MRFZKB003,Default Title,,,60.0,,False,True,1100,2026-09-11T22:16:44+00:00,False,https://us.yostar.store/products/arknights-lin-belt-bag-set-3-5-anniv?variant=46939352531114
yostar_us:46939352694954,yostar_us:8165263933610,yostar_us,US,USD,8165263933610,46939352694954,Ling,MRFZYS001,Ling,,,12.0,,True,True,200,2026-09-11T22:16:44+00:00,False,https://us.yostar.store/products/arknights-fortune-charm-3-5-anniv?variant=46939352694954
yostar_us:46939352727722,yostar_us:8165263933610,yostar_us,US,USD,8165263933610,46939352727722,Lin,MRFZYS004,Lin,,,12.0,,True,True,200,2026-09-11T22:16:44+00:00,False,https://us.yostar.store/products/arknights-fortune-charm-3-5-anniv?variant=46939352727722
yostar_us:46939352760490,yostar_us:8165263933610,yostar_us,US,USD,8165263933610,46939352760490,Dusk,MRFZYS003,Dusk,,,12.0,,True,True,200,2026-09-11T22:16:44+00:00,False,https://us.yostar.store/products/arknights-fortune-charm-3-5-anniv?variant=46939352760490
yostar_us:46939352793258,yostar_us:8165263933610,yostar_us,US,USD,8165263933610,46939352793258,Nian,MRFZYS002,Nian,,,12.0,,True,True,200,2026-09-11T22:16:44+00:00,False,https://us.yostar.store/products/arknights-fortune-charm-3-5-anniv?variant=46939352793258
yostar_us:46939352826026,yostar_us:8165263933610,yostar_us,US,USD,8165263933610,46939352826026,Chongyue,MRFZYS005,Chongyue,,,12.0,,True,True,200,2026-09-11T22:16:44+00:00,False,https://us.yostar.store/products/arknights-fortune-charm-3-5-anniv?variant=46939352826026
yostar_us:46939352858794,yostar_us:8165263933610,yostar_us,US,USD,8165263933610,46939352858794,Jieyun,MRFZYS006,Jieyun,,,12.0,,True,True,200,2026-09-11T22:16:44+00:00,False,https://us.yostar.store/products/arknights-fortune-charm-3-5-anniv?variant=46939352858794
yostar_us:46939353317546,yostar_us:8165264031914,yostar_us,US,USD,8165264031914,46939353317546,Lin,MRFZCCGJ008,Lin,,,15.0,,True,True,250,2026-09-11T22:16:44+00:00,False,https://us.yostar.store/products/arknights-character-painted-glass-charm-3-5-anniv?variant=46939353317546
yostar_us:46939353350314,yostar_us:8165264031914,yostar_us,US,USD,8165264031914,46939353350314,Chongyue,MRFZCCGJ009,Chongyue,,,15.0,,True,True,250,2026-09-11T22:16:44+00:00,False,https://us.yostar.store/products/arknights-character-painted-glass-charm-3-5-anniv?variant=46939353350314
yostar_us:46939353383082,yostar_us:8165264031914,yostar_us,US,USD,8165264031914,46939353383082,Saga,MRFZCCGJ007,Saga,,,15.0,,True,True,250,2026-09-11T22:16:44+00:00,False,https://us.yostar.store/products/arknights-character-painted-glass-charm-3-5-anniv?variant=46939353383082
yostar_us:46939353415850,yostar_us:8165264031914,yostar_us,US,USD,8165264031914,46939353415850,Qiubai,MRFZCCGJ011,Qiubai,,,15.0,,True,True,250,2026-09-11T22:16:44+00:00,False,https://us.yostar.store/products/arknights-character-painted-glass-charm-3-5-anniv?variant=46939353415850
yostar_us:46939353448618,yostar_us:8165264031914,yostar_us,US,USD,8165264031914,46939353448618,Kroos the Keen Glint,MRFZCCGJ012,Kroos the Keen Glint,,,15.0,,True,True,250,2026-09-11T22:16:44+00:00,False,https://us.yostar.store/products/arknights-character-painted-glass-charm-3-5-anniv?variant=46939353448618
yostar_us:46939353481386,yostar_us:8165264031914,yostar_us,US,USD,8165264031914,46939353481386,Jieyun,MRFZCCGJ010,Jieyun,,,15.0,,True,True,250,2026-09-11T22:16:44+00:00,False,https://us.yostar.store/products/arknights-character-painted-glass-charm-3-5-anniv?variant=46939353481386
yostar_us:46939354005674,yostar_us:8165264162986,yostar_us,US,USD,8165264162986,46939354005674,Texas the Omertosa,mrfzrz011,Texas the Omertosa,,,12.0,,True,True,300,2026-09-11T22:16:44+00:00,False,https://us.yostar.store/products/acrylic-character-id-charm?variant=46939354005674
yostar_us:46939354038442,yostar_us:8165264162986,yostar_us,US,USD,8165264162986,46939354038442,Texas,mrfzrz007,Texas,,,12.0,,True,True,300,2026-09-11T22:16:44+00:00,False,https://us.yostar.store/products/acrylic-character-id-charm?variant=46939354038442
yostar_us:46939354071210,yostar_us:8165264162986,yostar_us,US,USD,8165264162986,46939354071210,Exusiai,mrfzrz008,Exusiai,,,12.0,,True,True,300,2026-09-11T22:16:44+00:00,False,https://us.yostar.store/products/acrylic-character-id-charm?variant=46939354071210
yostar_us:46939354103978,yostar_us:8165264162986,yostar_us,US,USD,8165264162986,46939354103978,Sora,mrfzrz010,Sora,,,12.0,,True,True,300,2026-09-11T22:16:44+00:00,False,https://us.yostar.store/products/acrylic-character-id-charm?variant=46939354103978
yostar_us:46939354136746,yostar_us:8165264162986,yostar_us,US,USD,8165264162986,46939354136746,Croissant,mrfzrz009,Croissant,,,12.0,,True,True,300,2026-09-11T22:16:44+00:00,False,https://us.yostar.store/products/acrylic-character-id-charm?variant=46939354136746
yostar_us:46939354169514,yostar_us:8165264195754,yostar_us,US,USD,8165264195754,46939354169514,Default Title,MRFZJJ001,Default Title,,,12.0,,True,True,250,2026-09-11T22:16:44+00:00,False,https://us.yostar.store/products/il-siracusano-roll-film?variant=46939354169514
yostar_us:46939354235050,yostar_us:8165264228522,yostar_us,US,USD,8165264228522,46939354235050,Texas the Omertosa & Lunacub,MRFZJSLG006,Texas the Omertosa & Lunacub,,,29.0,,True,True,350,2026-09-11T22:16:44+00:00,False,https://us.yostar.store/products/character-metal-pin-set?variant=46939354235050
yostar_us:46939354267818,yostar_us:8165264228522,yostar_us,US,USD,8165264228522,46939354267818,Penance & Lappland,MRFZJSLG007,Penance & Lappland,,,29.0,,True,True,350,2026-09-11T22:16:44+00:00,False,https://us.yostar.store/products/character-metal-pin-set?variant=46939354267818
yostar_us:46939354300586,yostar_us:8165264228522,yostar_us,US,USD,8165264228522,46939354300586,Sora & Texas,MRFZJSLG008,Sora & Texas,,,29.0,,True,True,350,2026-09-11T22:16:44+00:00,False,https://us.yostar.store/products/character-metal-pin-set?variant=46939354300586
yostar_us:46939354333354,yostar_us:8165264261290,yostar_us,US,USD,8165264261290,46939354333354,Default Title,MRFZKT003,Default Title,,,10.0,,False,True,250,2026-09-11T22:16:44+00:00,False,https://us.yostar.store/products/siracusa-id-card-holder?variant=46939354333354
yostar_us:46939354824874,yostar_us:8165264359594,yostar_us,US,USD,8165264359594,46939354824874,Texas,MRFZMR010,Texas,,,45.0,,True,True,1500,2026-09-11T22:16:44+00:00,False,https://us.yostar.store/products/plushie-1?variant=46939354824874
yostar_us:46939354857642,yostar_us:8165264359594,yostar_us,US,USD,8165264359594,46939354857642,Lappland,MRFZMR011,Lappland,,,45.0,,True,True,1500,2026-09-11T22:16:44+00:00,False,https://us.yostar.store/products/plushie-1?variant=46939354857642
yostar_us:46939354890410,yostar_us:8165264359594,yostar_us,US,USD,8165264359594,46939354890410,Phantom,MRFZMR009,Phantom,,,45.0,,False,True,1500,2026-09-11T22:16:44+00:00,False,https://us.yostar.store/products/plushie-1?variant=46939354890410
yostar_us:46939355381930,yostar_us:8165264457898,yostar_us,US,USD,8165264457898,46939355381930,Default Title,MRFZRGLH001,Default Title,,,58.0,,False,True,1610,2026-09-11T22:16:44+00:00,False,https://us.yostar.store/products/phantom-crimson-solitaire-3d-gift-box?variant=46939355381930
yostar_us:46939355873450,yostar_us:8165264556202,yostar_us,US,USD,8165264556202,46939355873450,Default Title,MRFZSHLH001,Default Title,,,58.0,,True,True,2510,2026-09-11T22:16:44+00:00,False,https://us.yostar.store/products/daily-essentials-gift-box?variant=46939355873450
yostar_us:46939357085866,yostar_us:8165264949418,yostar_us,US,USD,8165264949418,46939357085866,6 Characters + 1 Limited Conviction in one set,MRFZDZK001,6 Characters + 1 Limited Conviction in one set,,,70.0,,True,True,700,2026-09-11T22:16:44+00:00,False,https://us.yostar.store/products/arknights-barrage-fortress-character-game-cartridge-set-april-fools-day-2023?variant=46939357085866
yostar_us:46939357118634,yostar_us:8165264949418,yostar_us,US,USD,8165264949418,46939357118634,Exusiai,MRFZDZK007,Exusiai,,,12.0,,True,True,300,2026-09-11T22:16:44+00:00,False,https://us.yostar.store/products/arknights-barrage-fortress-character-game-cartridge-set-april-fools-day-2023?variant=46939357118634
yostar_us:46939357151402,yostar_us:8165264949418,yostar_us,US,USD,8165264949418,46939357151402,Ifrit,MRFZDZK002,Ifrit,,,12.0,,True,True,300,2026-09-11T22:16:44+00:00,False,https://us.yostar.store/products/arknights-barrage-fortress-character-game-cartridge-set-april-fools-day-2023?variant=46939357151402
yostar_us:46939357184170,yostar_us:8165264949418,yostar_us,US,USD,8165264949418,46939357184170,Schwarz,MRFZDZK006,Schwarz,,,12.0,,True,True,300,2026-09-11T22:16:44+00:00,False,https://us.yostar.store/products/arknights-barrage-fortress-character-game-cartridge-set-april-fools-day-2023?variant=46939357184170
yostar_us:46939357216938,yostar_us:8165264949418,yostar_us,US,USD,8165264949418,46939357216938,Sora,MRFZDZK005,Sora,,,12.0,,True,True,300,2026-09-11T22:16:44+00:00,False,https://us.yostar.store/products/arknights-barrage-fortress-character-game-cartridge-set-april-fools-day-2023?variant=46939357216938
yostar_us:46939357249706,yostar_us:8165264949418,yostar_us,US,USD,8165264949418,46939357249706,Croissant,MRFZDZK003,Croissant,,,12.0,,True,True,300,2026-09-11T22:16:44+00:00,False,https://us.yostar.store/products/arknights-barrage-fortress-character-game-cartridge-set-april-fools-day-2023?variant=46939357249706
yostar_us:46939357282474,yostar_us:8165264949418,yostar_us,US,USD,8165264949418,46939357282474,Iris,MRFZDZK004,Iris,,,12.0,,True,True,300,2026-09-11T22:16:44+00:00,False,https://us.yostar.store/products/arknights-barrage-fortress-character-game-cartridge-set-april-fools-day-2023?variant=46939357282474
yostar_us:46939357741226,yostar_us:8165265014954,yostar_us,US,USD,8165265014954,46939357741226,Yellow,MRFZYSC001,Yellow,,,25.0,,True,True,450,2026-09-11T22:16:44+00:00,False,https://us.yostar.store/products/arknights-originium-slug-key-charm-set-april-fools-day-2023?variant=46939357741226
yostar_us:46939357773994,yostar_us:8165265014954,yostar_us,US,USD,8165265014954,46939357773994,Red,MRFZYSC002,Red,,,25.0,,True,True,450,2026-09-11T22:16:44+00:00,False,https://us.yostar.store/products/arknights-originium-slug-key-charm-set-april-fools-day-2023?variant=46939357773994
yostar_us:46939357839530,yostar_us:8165265080490,yostar_us,US,USD,8165265080490,46939357839530,My Actions Become Law,MRFZDXLP003,My Actions Become Law,,,10.0,,True,True,150,2026-09-11T22:16:44+00:00,False,https://us.yostar.store/products/arknights-terran-statues-standee-april-fools-day-2023?variant=46939357839530
yostar_us:46939357872298,yostar_us:8165265080490,yostar_us,US,USD,8165265080490,46939357872298,Golden Mic Trophy,MRFZDXLP002,Golden Mic Trophy,,,10.0,,True,True,150,2026-09-11T22:16:44+00:00,False,https://us.yostar.store/products/arknights-terran-statues-standee-april-fools-day-2023?variant=46939357872298
yostar_us:46939357905066,yostar_us:8165265080490,yostar_us,US,USD,8165265080490,46939357905066,Gavial the Invincible,MRFZDXLP001,Gavial the Invincible,,,10.0,,True,True,150,2026-09-11T22:16:44+00:00,False,https://us.yostar.store/products/arknights-terran-statues-standee-april-fools-day-2023?variant=46939357905066
yostar_us:46939361411242,yostar_us:8165266063530,yostar_us,US,USD,8165266063530,46939361411242,Default Title,MRFZKB001,Default Title,,,45.0,,True,True,2500,2026-09-11T22:16:44+00:00,False,https://us.yostar.store/products/crossbody-bag?variant=46939361411242
yostar_us:46939361312938,yostar_us:8165266030762,yostar_us,US,USD,8165266030762,46939361312938,Surtr,MRFZDSH001,Surtr,,,28.0,,False,True,1500,2026-09-11T22:16:44+00:00,False,https://us.yostar.store/products/giant-water-bottle?variant=46939361312938
yostar_us:46939361345706,yostar_us:8165266030762,yostar_us,US,USD,8165266030762,46939361345706,Elysium,MRFZDSH002,Elysium,,,28.0,,False,True,1500,2026-09-11T22:16:44+00:00,False,https://us.yostar.store/products/giant-water-bottle?variant=46939361345706
yostar_us:46939361378474,yostar_us:8165266030762,yostar_us,US,USD,8165266030762,46939361378474,La Pluma,MRFZDSH003,La Pluma,,,28.0,,False,True,1500,2026-09-11T22:16:44+00:00,False,https://us.yostar.store/products/giant-water-bottle?variant=46939361378474
yostar_us:46939361837226,yostar_us:8165266129066,yostar_us,US,USD,8165266129066,46939361837226,Goldenglow,MRFZYGJS003,Goldenglow,,,20.0,,True,True,360,2026-09-11T22:16:44+00:00,False,https://us.yostar.store/products/glow-in-the-dark-metal-pin?variant=46939361837226
yostar_us:46939361869994,yostar_us:8165266129066,yostar_us,US,USD,8165266129066,46939361869994,Gavial the Invincible,MRFZYGJS004,Gavial the Invincible,,,20.0,,True,True,360,2026-09-11T22:16:44+00:00,False,https://us.yostar.store/products/glow-in-the-dark-metal-pin?variant=46939361869994
yostar_us:46939361902762,yostar_us:8165266129066,yostar_us,US,USD,8165266129066,46939361902762,Mizuki,MRFZYGJS005,Mizuki,,,20.0,,True,True,360,2026-09-11T22:16:44+00:00,False,https://us.yostar.store/products/glow-in-the-dark-metal-pin?variant=46939361902762
yostar_us:46939362361514,yostar_us:8165266194602,yostar_us,US,USD,8165266194602,46939362361514,Specter,MRFZCQZ004,Specter,,,12.0,18.0,True,True,500,2026-09-11T22:16:44+00:00,False,https://us.yostar.store/products/inflatable-neck-pillow?variant=46939362361514
yostar_us:46939362394282,yostar_us:8165266194602,yostar_us,US,USD,8165266194602,46939362394282,Ling,MRFZCQZ002,Ling,,,12.0,18.0,True,True,500,2026-09-11T22:16:44+00:00,False,https://us.yostar.store/products/inflatable-neck-pillow?variant=46939362394282
yostar_us:46939362427050,yostar_us:8165266194602,yostar_us,US,USD,8165266194602,46939362427050,SilverAsh,MRFZCQZ003,SilverAsh,,,12.0,18.0,True,True,500,2026-09-11T22:16:44+00:00,False,https://us.yostar.store/products/inflatable-neck-pillow?variant=46939362427050
yostar_us:46939362459818,yostar_us:8165266194602,yostar_us,US,USD,8165266194602,46939362459818,Phantom,MRFZCQZ001,Phantom,,,12.0,18.0,True,True,500,2026-09-11T22:16:44+00:00,False,https://us.yostar.store/products/inflatable-neck-pillow?variant=46939362459818
yostar_us:46939362492586,yostar_us:8165266227370,yostar_us,US,USD,8165266227370,46939362492586,Surtr,MRFZMR042,Surtr,,,45.0,,True,True,1500,2026-09-11T22:16:44+00:00,False,https://us.yostar.store/products/plushie?variant=46939362492586
yostar_us:46939362525354,yostar_us:8165266227370,yostar_us,US,USD,8165266227370,46939362525354,Specter,MRFZMR007,Specter,,,45.0,,True,True,1500,2026-09-11T22:16:44+00:00,False,https://us.yostar.store/products/plushie?variant=46939362525354
yostar_us:46939362558122,yostar_us:8165266227370,yostar_us,US,USD,8165266227370,46939362558122,SilverAsh,MRFZMR008,SilverAsh,,,45.0,,True,True,1500,2026-09-11T22:16:44+00:00,False,https://us.yostar.store/products/plushie?variant=46939362558122
yostar_us:46939363934378,yostar_us:8165266522282,yostar_us,US,USD,8165266522282,46939363934378,Default Title,MRFZESRL001,Default Title,,,15.0,,False,True,350,2026-09-11T22:16:44+00:00,False,https://us.yostar.store/products/arknights-2023-calendar-black-friday-2022?variant=46939363934378
yostar_us:46939363999914,yostar_us:8165266587818,yostar_us,US,USD,8165266587818,46939363999914,Default Title,MRFZYLXC001,Default Title,,,55.0,,False,True,700,2026-09-11T22:16:44+00:00,False,https://us.yostar.store/products/arknights-model-lancet-2-black-friday-2022?variant=46939363999914
yostar_us:46939364425898,yostar_us:8165266653354,yostar_us,US,USD,8165266653354,46939364425898,Default Title,mrfzmr003,Default Title,,,25.0,45.0,False,True,1850,2026-09-11T22:16:44+00:00,False,https://us.yostar.store/products/arknights-food-themed-plushie-set-black-friday-2022?variant=46939364425898
yostar_us:46939364491434,yostar_us:8165266686122,yostar_us,US,USD,8165266686122,46939364491434,Rhodes Island,mrfztmb001,Rhodes Island,,,25.0,,False,True,800,2026-09-11T22:16:44+00:00,False,https://us.yostar.store/products/arknights-transparent-shoulder-bag-black-friday-2022?variant=46939364491434
yostar_us:46939364524202,yostar_us:8165266686122,yostar_us,US,USD,8165266686122,46939364524202,Rhine Lab,mrfztmb002,Rhine Lab,,,25.0,,True,True,800,2026-09-11T22:16:44+00:00,False,https://us.yostar.store/products/arknights-transparent-shoulder-bag-black-friday-2022?variant=46939364524202
yostar_us:46939364556970,yostar_us:8165266718890,yostar_us,US,USD,8165266718890,46939364556970,SilverAsh,mrfzbz001,SilverAsh,,,12.0,35.0,True,True,1510,2026-09-11T22:16:44+00:00,False,https://us.yostar.store/products/arknights-character-cushion-black-friday-2022?variant=46939364556970
yostar_us:46939364589738,yostar_us:8165266718890,yostar_us,US,USD,8165266718890,46939364589738,Ifrit,mrfzbz002,Ifrit,,,12.0,35.0,True,True,1510,2026-09-11T22:16:44+00:00,False,https://us.yostar.store/products/arknights-character-cushion-black-friday-2022?variant=46939364589738
yostar_us:46939364622506,yostar_us:8165266718890,yostar_us,US,USD,8165266718890,46939364622506,Skadi,mrfzbz003,Skadi,,,12.0,35.0,True,True,1510,2026-09-11T22:16:44+00:00,False,https://us.yostar.store/products/arknights-character-cushion-black-friday-2022?variant=46939364622506
yostar_us:46939365048490,yostar_us:8165266784426,yostar_us,US,USD,8165266784426,46939365048490,SilverAsh,mrfzykl001,SilverAsh,,,10.0,,True,True,250,2026-09-11T22:16:44+00:00,False,https://us.yostar.store/products/arknights-acrylic-key-charm-black-friday-2022?variant=46939365048490
yostar_us:46939365081258,yostar_us:8165266784426,yostar_us,US,USD,8165266784426,46939365081258,Ifrit,mrfzykl002,Ifrit,,,10.0,,True,True,250,2026-09-11T22:16:44+00:00,False,https://us.yostar.store/products/arknights-acrylic-key-charm-black-friday-2022?variant=46939365081258
yostar_us:46939365114026,yostar_us:8165266784426,yostar_us,US,USD,8165266784426,46939365114026,Skadi,mrfzykl003,Skadi,,,10.0,,False,True,250,2026-09-11T22:16:44+00:00,False,https://us.yostar.store/products/arknights-acrylic-key-charm-black-friday-2022?variant=46939365114026
yostar_us:46939372224682,yostar_us:8165268258986,yostar_us,US,USD,8165268258986,46939372224682,Default Title,mrfzysd001,Default Title,,,50.0,,False,True,1900,2026-09-11T22:16:44+00:00,False,https://us.yostar.store/products/arknights-originium-night-lamp-2-5-anniv?variant=46939372224682
yostar_us:46939372257450,yostar_us:8165268291754,yostar_us,US,USD,8165268291754,46939372257450,Ling,mrfzmr004,Ling,,,45.0,,True,True,1000,2026-09-11T22:16:44+00:00,False,https://us.yostar.store/products/arknights-dress-up-plushie-2-5-anniv?variant=46939372257450
yostar_us:46939372290218,yostar_us:8165268291754,yostar_us,US,USD,8165268291754,46939372290218,Nian,mrfzmr005,Nian,,,45.0,,True,True,1000,2026-09-11T22:16:44+00:00,False,https://us.yostar.store/products/arknights-dress-up-plushie-2-5-anniv?variant=46939372290218
yostar_us:46939372322986,yostar_us:8165268291754,yostar_us,US,USD,8165268291754,46939372322986,Dusk,mrfzmr006,Dusk,,,45.0,,True,True,1000,2026-09-11T22:16:44+00:00,False,https://us.yostar.store/products/arknights-dress-up-plushie-2-5-anniv?variant=46939372322986
yostar_us:46939373437098,yostar_us:8165268750506,yostar_us,US,USD,8165268750506,46939373437098,Ling,mrfzccgj001,Ling,,,15.0,,True,True,250,2026-09-11T22:16:44+00:00,False,https://us.yostar.store/products/arknights-character-painted-glass-charm-2-5-anniv?variant=46939373437098
yostar_us:46939373469866,yostar_us:8165268750506,yostar_us,US,USD,8165268750506,46939373469866,Nian,mrfzccgj002,Nian,,,15.0,,True,True,250,2026-09-11T22:16:44+00:00,False,https://us.yostar.store/products/arknights-character-painted-glass-charm-2-5-anniv?variant=46939373469866
yostar_us:46939373502634,yostar_us:8165268750506,yostar_us,US,USD,8165268750506,46939373502634,Dusk,mrfzccgj003,Dusk,,,15.0,,True,True,250,2026-09-11T22:16:44+00:00,False,https://us.yostar.store/products/arknights-character-painted-glass-charm-2-5-anniv?variant=46939373502634
yostar_us:46939373535402,yostar_us:8165268750506,yostar_us,US,USD,8165268750506,46939373535402,Ch'en,mrfzccgj004,Ch'en,,,15.0,,True,True,250,2026-09-11T22:16:44+00:00,False,https://us.yostar.store/products/arknights-character-painted-glass-charm-2-5-anniv?variant=46939373535402
yostar_us:46939373568170,yostar_us:8165268750506,yostar_us,US,USD,8165268750506,46939373568170,Swire,mrfzccgj005,Swire,,,15.0,,True,True,250,2026-09-11T22:16:44+00:00,False,https://us.yostar.store/products/arknights-character-painted-glass-charm-2-5-anniv?variant=46939373568170
yostar_us:46939373600938,yostar_us:8165268750506,yostar_us,US,USD,8165268750506,46939373600938,Amiya,mrfzccgj006,Amiya,,,15.0,,True,True,250,2026-09-11T22:16:44+00:00,False,https://us.yostar.store/products/arknights-character-painted-glass-charm-2-5-anniv?variant=46939373600938
yostar_us:46939374157994,yostar_us:8165269045418,yostar_us,US,USD,8165269045418,46939374157994,Lee & Aak,mrfzjslg003,Lee & Aak,,,29.0,,True,True,350,2026-09-11T22:16:44+00:00,False,https://us.yostar.store/products/arknights-character-metal-pin-set-2-5-anniv?variant=46939374157994
yostar_us:46939374190762,yostar_us:8165269045418,yostar_us,US,USD,8165269045418,46939374190762,Saria & Silence,mrfzjslg004,Saria & Silence,,,29.0,,True,True,350,2026-09-11T22:16:44+00:00,False,https://us.yostar.store/products/arknights-character-metal-pin-set-2-5-anniv?variant=46939374190762
yostar_us:46939374223530,yostar_us:8165269045418,yostar_us,US,USD,8165269045418,46939374223530,Shining & Nightingale,mrfzjslg005,Shining & Nightingale,,,29.0,,True,True,350,2026-09-11T22:16:44+00:00,False,https://us.yostar.store/products/arknights-character-metal-pin-set-2-5-anniv?variant=46939374223530
yostar_us:46939377041578,yostar_us:8165270093994,yostar_us,US,USD,8165270093994,46939377041578,Eunectes & Tomimi,MRFZJSLG002,Eunectes & Tomimi,,,29.0,,True,True,350,2026-09-11T22:16:44+00:00,False,https://us.yostar.store/products/arknights-character-metal-pin-set-thank-you-celebration-2022?variant=46939377041578
yostar_us:46939377074346,yostar_us:8165270093994,yostar_us,US,USD,8165270093994,46939377074346,Nearl & Nearl the Radiant Knight,MRFZJSLG001,Nearl & Nearl the Radiant Knight,,,29.0,,True,True,350,2026-09-11T22:16:44+00:00,False,https://us.yostar.store/products/arknights-character-metal-pin-set-thank-you-celebration-2022?variant=46939377074346
yostar_us:46939377107114,yostar_us:8165270126762,yostar_us,US,USD,8165270126762,46939377107114,Default Title,MRFZZD001,Default Title,,,18.0,25.0,True,True,850,2026-09-11T22:16:44+00:00,False,https://us.yostar.store/products/arknights-table-mat-thank-you-celebration-2022?variant=46939377107114
yostar_us:46939377172650,yostar_us:8165270159530,yostar_us,US,USD,8165270159530,46939377172650,Default Title,MRFZMR002,Default Title,,,45.0,,False,True,1850,2026-09-11T22:16:44+00:00,False,https://us.yostar.store/products/arknights-food-themed-plushie-set-thank-you-celebration-2022?variant=46939377172650
yostar_us:46939377238186,yostar_us:8165270192298,yostar_us,US,USD,8165270192298,46939377238186,Silence,MRFZRZ001,Silence,,,12.0,,True,True,300,2026-09-11T22:16:44+00:00,False,https://us.yostar.store/products/arknights-acrylic-character-id-charm-thank-you-celebration-2022?variant=46939377238186
yostar_us:46939377270954,yostar_us:8165270192298,yostar_us,US,USD,8165270192298,46939377270954,Saria,MRFZRZ002,Saria,,,12.0,,True,True,300,2026-09-11T22:16:44+00:00,False,https://us.yostar.store/products/arknights-acrylic-character-id-charm-thank-you-celebration-2022?variant=46939377270954
yostar_us:46939377303722,yostar_us:8165270192298,yostar_us,US,USD,8165270192298,46939377303722,Ifrit,MRFZRZ003,Ifrit,,,12.0,,True,True,300,2026-09-11T22:16:44+00:00,False,https://us.yostar.store/products/arknights-acrylic-character-id-charm-thank-you-celebration-2022?variant=46939377303722
yostar_us:46939377336490,yostar_us:8165270192298,yostar_us,US,USD,8165270192298,46939377336490,Mayer,MRFZRZ004,Mayer,,,12.0,,True,True,300,2026-09-11T22:16:44+00:00,False,https://us.yostar.store/products/arknights-acrylic-character-id-charm-thank-you-celebration-2022?variant=46939377336490
yostar_us:46939377369258,yostar_us:8165270192298,yostar_us,US,USD,8165270192298,46939377369258,Magallan,MRFZRZ005,Magallan,,,12.0,,True,True,300,2026-09-11T22:16:44+00:00,False,https://us.yostar.store/products/arknights-acrylic-character-id-charm-thank-you-celebration-2022?variant=46939377369258
yostar_us:46939377402026,yostar_us:8165270192298,yostar_us,US,USD,8165270192298,46939377402026,Ptilopsis,MRFZRZ006,Ptilopsis,,,12.0,,True,True,300,2026-09-11T22:16:44+00:00,False,https://us.yostar.store/products/arknights-acrylic-character-id-charm-thank-you-celebration-2022?variant=46939377402026
yostar_us:46939379105962,yostar_us:8165270585514,yostar_us,US,USD,8165270585514,46939379105962,Default Title,MRFZBXT001,Default Title,,,20.0,,False,True,473,2026-09-11T22:16:44+00:00,False,https://us.yostar.store/products/arknights-fridge-magnet-2nd-anniv?variant=46939379105962
yostar_us:46939379171498,yostar_us:8165270618282,yostar_us,US,USD,8165270618282,46939379171498,Carnelian,MRFZYGHZ002,Carnelian,,,20.0,,True,True,356,2026-09-11T22:16:44+00:00,False,https://us.yostar.store/products/arknights-glow-in-the-dark-metal-pin-2nd-anniv?variant=46939379171498
yostar_us:46939379204266,yostar_us:8165270618282,yostar_us,US,USD,8165270618282,46939379204266,Pallas,MRFZYGHZ001,Pallas,,,20.0,,True,True,356,2026-09-11T22:16:44+00:00,False,https://us.yostar.store/products/arknights-glow-in-the-dark-metal-pin-2nd-anniv?variant=46939379204266
yostar_us:46939379237034,yostar_us:8165270651050,yostar_us,US,USD,8165270651050,46939379237034,Butler Kal'tsit,MRFZRJBD002,Butler Kal'tsit,,,12.0,,True,True,366,2026-09-11T22:16:44+00:00,False,https://us.yostar.store/products/arknights-rubber-coaster-2nd-anniv?variant=46939379237034
yostar_us:46939379269802,yostar_us:8165270651050,yostar_us,US,USD,8165270651050,46939379269802,Maid Kal'tsit,MRFZRJBD001,Maid Kal'tsit,,,12.0,,False,True,366,2026-09-11T22:16:44+00:00,False,https://us.yostar.store/products/arknights-rubber-coaster-2nd-anniv?variant=46939379269802
yostar_us:46939379302570,yostar_us:8165270683818,yostar_us,US,USD,8165270683818,46939379302570,Skadi the Corrupting Heart,MRFZYKLKT001,Skadi the Corrupting Heart,,,10.0,20.0,False,True,355,2026-09-11T22:16:44+00:00,False,https://us.yostar.store/products/arknights-acrylic-card-holder-2nd-anniv?variant=46939379302570
yostar_us:46939379335338,yostar_us:8165270683818,yostar_us,US,USD,8165270683818,46939379335338,Kal'tsit,MRFZYKLKT002,Kal'tsit,,,10.0,20.0,False,True,355,2026-09-11T22:16:44+00:00,False,https://us.yostar.store/products/arknights-acrylic-card-holder-2nd-anniv?variant=46939379335338
yostar_us:46939384610986,yostar_us:8165274321066,yostar_us,US,USD,8165274321066,46939384610986,Mudrock & Rosmontis,MRFZHZTZ01,Mudrock & Rosmontis,,,29.0,,True,True,300,2026-09-11T22:16:44+00:00,False,https://us.yostar.store/products/arknights-character-pin-set-1-5-anniv?variant=46939384610986
yostar_us:46939384643754,yostar_us:8165274321066,yostar_us,US,USD,8165274321066,46939384643754,Archetto & Mountain,MRFZHZTZ02,Archetto & Mountain,,,29.0,,True,True,300,2026-09-11T22:16:44+00:00,False,https://us.yostar.store/products/arknights-character-pin-set-1-5-anniv?variant=46939384643754
yostar_us:46939384676522,yostar_us:8165274321066,yostar_us,US,USD,8165274321066,46939384676522,Blemishine & Surtr,MRFZHZTZ03,Blemishine & Surtr,,,29.0,,True,True,300,2026-09-11T22:16:44+00:00,False,https://us.yostar.store/products/arknights-character-pin-set-1-5-anniv?variant=46939384676522
yostar_us:46939391459498,yostar_us:8165279432874,yostar_us,US,USD,8165279432874,46939391459498,Doctor,MRFZCLST001H,Doctor,,,20.0,,True,True,400,2026-09-11T22:16:44+00:00,False,https://us.yostar.store/products/arknights-choshanland-rabbit-plushie-朝陇山兔毛绒玩偶?variant=46939391459498
yostar_us:46939391492266,yostar_us:8165279432874,yostar_us,US,USD,8165279432874,46939391492266,Amiya,MRFZCLST001A,Amiya,,,20.0,,True,True,400,2026-09-11T22:16:44+00:00,False,https://us.yostar.store/products/arknights-choshanland-rabbit-plushie-朝陇山兔毛绒玩偶?variant=46939391492266
yostar_us:46939391525034,yostar_us:8165279432874,yostar_us,US,USD,8165279432874,46939391525034,Rosmontis,MRFZCLST001J,Rosmontis,,,20.0,,True,True,400,2026-09-11T22:16:44+00:00,False,https://us.yostar.store/products/arknights-choshanland-rabbit-plushie-朝陇山兔毛绒玩偶?variant=46939391525034
yostar_us:46939391557802,yostar_us:8165279432874,yostar_us,US,USD,8165279432874,46939391557802,Muelsyse,MRFZCLST001L,Muelsyse,,,20.0,,True,True,400,2026-09-11T22:16:44+00:00,False,https://us.yostar.store/products/arknights-choshanland-rabbit-plushie-朝陇山兔毛绒玩偶?variant=46939391557802
yostar_us:46939391590570,yostar_us:8165279432874,yostar_us,US,USD,8165279432874,46939391590570,FrostNova,MRFZCLST001Q,FrostNova,,,20.0,,True,True,400,2026-09-11T22:16:44+00:00,False,https://us.yostar.store/products/arknights-choshanland-rabbit-plushie-朝陇山兔毛绒玩偶?variant=46939391590570
yostar_us:46939391623338,yostar_us:8165279432874,yostar_us,US,USD,8165279432874,46939391623338,Texas,MRFZCLST001C,Texas,,,20.0,,True,True,400,2026-09-11T22:16:44+00:00,False,https://us.yostar.store/products/arknights-choshanland-rabbit-plushie-朝陇山兔毛绒玩偶?variant=46939391623338
yostar_us:46939391656106,yostar_us:8165279432874,yostar_us,US,USD,8165279432874,46939391656106,Lappland,MRFZCLST001D,Lappland,,,20.0,,True,True,400,2026-09-11T22:16:44+00:00,False,https://us.yostar.store/products/arknights-choshanland-rabbit-plushie-朝陇山兔毛绒玩偶?variant=46939391656106
yostar_us:46939391688874,yostar_us:8165279432874,yostar_us,US,USD,8165279432874,46939391688874,Eyjafjalla,MRFZCLST001P,Eyjafjalla,,,20.0,,True,True,400,2026-09-11T22:16:44+00:00,False,https://us.yostar.store/products/arknights-choshanland-rabbit-plushie-朝陇山兔毛绒玩偶?variant=46939391688874
yostar_us:46939391721642,yostar_us:8165279432874,yostar_us,US,USD,8165279432874,46939391721642,Ch'en,MRFZCLST001B,Ch'en,,,20.0,,True,True,400,2026-09-11T22:16:44+00:00,False,https://us.yostar.store/products/arknights-choshanland-rabbit-plushie-朝陇山兔毛绒玩偶?variant=46939391721642
yostar_us:46939391754410,yostar_us:8165279432874,yostar_us,US,USD,8165279432874,46939391754410,Saria,MRFZCLST001O,Saria,,,20.0,,True,True,400,2026-09-11T22:16:44+00:00,False,https://us.yostar.store/products/arknights-choshanland-rabbit-plushie-朝陇山兔毛绒玩偶?variant=46939391754410
yostar_us:46939391787178,yostar_us:8165279432874,yostar_us,US,USD,8165279432874,46939391787178,Ifrit,MRFZCLST001N,Ifrit,,,20.0,,True,True,400,2026-09-11T22:16:44+00:00,False,https://us.yostar.store/products/arknights-choshanland-rabbit-plushie-朝陇山兔毛绒玩偶?variant=46939391787178
yostar_us:46939391819946,yostar_us:8165279432874,yostar_us,US,USD,8165279432874,46939391819946,Lin,MRFZCLST001K,Lin,,,20.0,,True,True,400,2026-09-11T22:16:44+00:00,False,https://us.yostar.store/products/arknights-choshanland-rabbit-plushie-朝陇山兔毛绒玩偶?variant=46939391819946
yostar_us:46939391852714,yostar_us:8165279432874,yostar_us,US,USD,8165279432874,46939391852714,Silence,MRFZCLST001M,Silence,,,20.0,,True,True,400,2026-09-11T22:16:44+00:00,False,https://us.yostar.store/products/arknights-choshanland-rabbit-plushie-朝陇山兔毛绒玩偶?variant=46939391852714
yostar_us:46939345289386,yostar_us:8165261476010,yostar_us,US,USD,8165261476010,46939345289386,Default Title,MRFZWSMH001,Default Title,,,69.0,,False,True,2500,2026-09-11T22:16:44+00:00,False,https://us.yostar.store/products/arknights-halloween-lucky-bag-2023?variant=46939345289386
yostar_us:46939383857322,yostar_us:8165273731242,yostar_us,US,USD,8165273731242,46939383857322,Default Title,MRFZMKB001,Default Title,,,38.0,,False,True,770,2026-09-11T22:16:44+00:00,False,https://us.yostar.store/products/arknights-chibi-characters-mug-and-coaster-1-5-anniv?variant=46939383857322
yostar_us:46939383890090,yostar_us:8165273764010,yostar_us,US,USD,8165273764010,46939383890090,Default Title,MRFZSBD001,Default Title,,,25.0,,False,True,880,2026-09-11T22:16:44+00:00,False,https://us.yostar.store/products/arknights-roaring-flare-mouse-pad-1-5-anniv?variant=46939383890090
yostar_us:46939384152234,yostar_us:8165273927850,yostar_us,US,USD,8165273927850,46939384152234,Ch'en & Amiya,MRFZLP001,Ch'en & Amiya,,,26.25,35.0,False,True,400,2026-09-11T22:16:44+00:00,False,https://us.yostar.store/products/arknights-acrylic-standee-set-1-5-anniv?variant=46939384152234
yostar_us:46939384185002,yostar_us:8165273927850,yostar_us,US,USD,8165273927850,46939384185002,Eunectes & Tomimi & Gavial,MRFZLP002,Eunectes & Tomimi & Gavial,,,26.25,35.0,True,True,400,2026-09-11T22:16:44+00:00,False,https://us.yostar.store/products/arknights-acrylic-standee-set-1-5-anniv?variant=46939384185002
yostar_us:46939384283306,yostar_us:8165274026154,yostar_us,US,USD,8165274026154,46939384283306,Default Title,MRFZMR001,Default Title,,,32.0,,False,True,1500,2026-09-11T22:16:44+00:00,False,https://us.yostar.store/products/arknights-bitey-plushie-1-5-anniv?variant=46939384283306
yostar_us:46939384414378,yostar_us:8165274124458,yostar_us,US,USD,8165274124458,46939384414378,Default Title,MRFZGZ001,Default Title,,,45.0,,False,True,1280,2026-09-11T22:16:44+00:00,False,https://us.yostar.store/products/arknights-hanging-scroll-1-5-anniv?variant=46939384414378
yostar_us:46939384774826,yostar_us:8165274419370,yostar_us,US,USD,8165274419370,46939384774826,Amiya Ver.,MRFZJP002,Amiya Ver.,,,45.0,,False,True,1500,2026-09-11T22:16:44+00:00,False,https://us.yostar.store/products/arknights-new-era-baseball-hat-日服棒球帽?variant=46939384774826
yostar_us:46939384807594,yostar_us:8165274419370,yostar_us,US,USD,8165274419370,46939384807594,Rhodes Island Ver.,MRFZJP001,Rhodes Island Ver.,,,45.0,,False,True,1500,2026-09-11T22:16:44+00:00,False,https://us.yostar.store/products/arknights-new-era-baseball-hat-日服棒球帽?variant=46939384807594
yostar_us:46939386314922,yostar_us:8165275762858,yostar_us,US,USD,8165275762858,46939386314922,Default Title,MRFZZNLH001,Default Title,,,68.0,,False,True,2000,2026-09-11T22:16:44+00:00,False,https://us.yostar.store/products/arknights-1st-anniversary-illustration-collection-方舟一周年画册?variant=46939386314922
yostar_us:46939391033514,yostar_us:8165279105194,yostar_us,US,USD,8165279105194,46939391033514,Default Title,MRFZCLSTLQB001,Default Title,,,18.0,,False,True,600,2026-09-11T22:16:44+00:00,False,https://us.yostar.store/products/arknights-choshanland-rabbit-plushie-coin-purse-朝陇山兔毛绒零钱包?variant=46939391033514
yostar_us:46939391099050,yostar_us:8165279170730,yostar_us,US,USD,8165279170730,46939391099050,Default Title,MRFZQEWLT001A,Default Title,,,20.0,,False,True,400,2026-09-11T22:16:44+00:00,False,https://us.yostar.store/products/arknights-penguin-logistics-plushie-企鹅物流毛绒玩偶?variant=46939391099050
yostar_us:46939392180394,yostar_us:8165279760554,yostar_us,US,USD,8165279760554,46939392180394,Default Title,MRFZFXQ001,Default Title,,,108.0,119.0,False,True,2000,2026-09-11T22:16:44+00:00,False,https://us.yostar.store/products/arknights-chernobog-board-game-切尔诺伯格桌游?variant=46939392180394
yostar_us:46939392802986,yostar_us:8165280088234,yostar_us,US,USD,8165280088234,46939392802986,5 posters in one set,MRFZHB001,5 posters in one set,,,25.0,35.0,False,True,1000,2026-09-11T22:16:44+00:00,False,https://us.yostar.store/products/arknights-pvc-poster-pvc海报?variant=46939392802986
yostar_us:46939393163434,yostar_us:8165280350378,yostar_us,US,USD,8165280350378,46939393163434,Doctor. & Amiya & Kal'tsit - lack,MRFZGH001A,Doctor. & Amiya & Kal'tsit - lack,,,28.0,35.0,False,True,1510,2026-09-11T22:16:44+00:00,False,https://us.yostar.store/products/arknights-wall-scroll-poster-挂画?variant=46939393163434
yostar_us:46939393196202,yostar_us:8165280350378,yostar_us,US,USD,8165280350378,46939393196202,Texas & Lappland - 雫綺一生,MRFZGH001B,Texas & Lappland - 雫綺一生,,,28.0,35.0,False,True,1510,2026-09-11T22:16:44+00:00,False,https://us.yostar.store/products/arknights-wall-scroll-poster-挂画?variant=46939393196202
yostar_us:46939393228970,yostar_us:8165280350378,yostar_us,US,USD,8165280350378,46939393228970,Amiya & Ch'en - 野崎つばた,MRFZGH001C,Amiya & Ch'en - 野崎つばた,,,28.0,35.0,False,True,1510,2026-09-11T22:16:44+00:00,False,https://us.yostar.store/products/arknights-wall-scroll-poster-挂画?variant=46939393228970
yostar_us:46939351023786,yostar_us:8165263179946,yostar_us,US,USD,8165263179946,46939351023786,Default Title,MRFZMHTZ001,Default Title,,,45.0,,False,True,1510,2026-09-11T22:16:44+00:00,False,https://us.yostar.store/products/arknights-arknights-comic-anthology?variant=46939351023786
yostar_us:46939362656426,yostar_us:8165266292906,yostar_us,US,USD,8165266292906,46939362656426,Default Title,MRFZZNLH003,Default Title,,,75.0,,False,True,2500,2026-09-11T22:16:44+00:00,False,https://us.yostar.store/products/3rd-anniversary-terra-cognita-kit?variant=46939362656426
yostar_us:46939372552362,yostar_us:8165268422826,yostar_us,US,USD,8165268422826,46939372552362,Default Title,mrfzmkb002,Default Title,,,18.0,,False,True,600,2026-09-11T22:16:44+00:00,False,https://us.yostar.store/products/arknights-chibi-characters-cup-2-5-anniv?variant=46939372552362
yostar_us:46939376976042,yostar_us:8165270061226,yostar_us,US,USD,8165270061226,46939376976042,Default Title,MRFZXCC001,Default Title,,,55.0,,True,True,700,2026-09-11T22:16:44+00:00,False,https://us.yostar.store/products/arknights-model-castle-3-sum019-ver-thank-you-celebration-2022?variant=46939376976042
yostar_us:46939379466410,yostar_us:8165270782122,yostar_us,US,USD,8165270782122,46939379466410,Default Title,mrfzeznhc001,Default Title,,,73.0,,False,True,1510,2026-09-11T22:16:44+00:00,False,https://us.yostar.store/products/arknights-2nd-anniversary-vacation-kit?variant=46939379466410
gryphline_global:54331902624060,gryphline_global:10476125651260,gryphline_global,Global,USD,10476125651260,54331902624060,Default Title,6980136571633,Default Title,,,65.0,,True,True,3000,2026-09-11T22:16:44+00:00,False,https://store.gryphline.com/products/arknights-ambience-synesthesia-2026-collector-s-box?variant=54331902624060
gryphline_global:54331877654844,gryphline_global:10476116017468,gryphline_global,Global,USD,10476116017468,54331877654844,Lemuen,6978899536099,Lemuen,,,30.0,,True,True,3000,2026-09-11T22:16:44+00:00,False,https://store.gryphline.com/products/arknights-cuddly-chibi-plushie-i-witnessed?variant=54331877654844
gryphline_global:54331877687612,gryphline_global:10476116017468,gryphline_global,Global,USD,10476116017468,54331877687612,Tragodia,6978899536105,Tragodia,,,30.0,,True,True,3000,2026-09-11T22:16:44+00:00,False,https://store.gryphline.com/products/arknights-cuddly-chibi-plushie-i-witnessed?variant=54331877687612
gryphline_global:54331877720380,gryphline_global:10476116017468,gryphline_global,Global,USD,10476116017468,54331877720380,SilverAsh the Reignfrost,6978899536112,SilverAsh the Reignfrost,,,30.0,,True,True,3000,2026-09-11T22:16:44+00:00,False,https://store.gryphline.com/products/arknights-cuddly-chibi-plushie-i-witnessed?variant=54331877720380
gryphline_global:54331877753148,gryphline_global:10476116017468,gryphline_global,Global,USD,10476116017468,54331877753148,Amiya,6978899536129,Amiya,,,30.0,,True,True,3000,2026-09-11T22:16:44+00:00,False,https://store.gryphline.com/products/arknights-cuddly-chibi-plushie-i-witnessed?variant=54331877753148
gryphline_global:54331855569212,gryphline_global:10476113396028,gryphline_global,Global,USD,10476113396028,54331855569212,Default Title,6978899536747,Default Title,,,40.0,,True,True,3000,2026-09-11T22:16:44+00:00,False,https://store.gryphline.com/products/arknights-rhodes-island-select-multi-purpose-bag-i-witnessed?variant=54331855569212
gryphline_global:54331768275260,gryphline_global:10476094980412,gryphline_global,Global,USD,10476094980412,54331768275260,The Congregation / M,6978899535252,The Congregation,M,,30.0,,True,True,800,2026-09-11T22:16:44+00:00,False,https://store.gryphline.com/products/arknights-t-shirt-i-witnessed?variant=54331768275260
gryphline_global:54331768308028,gryphline_global:10476094980412,gryphline_global,Global,USD,10476094980412,54331768308028,The Congregation / L,6978899536310,The Congregation,L,,30.0,,True,True,800,2026-09-11T22:16:44+00:00,False,https://store.gryphline.com/products/arknights-t-shirt-i-witnessed?variant=54331768308028
gryphline_global:54331768340796,gryphline_global:10476094980412,gryphline_global,Global,USD,10476094980412,54331768340796,The Congregation / XL,6978899536327,The Congregation,XL,,30.0,,True,True,800,2026-09-11T22:16:44+00:00,False,https://store.gryphline.com/products/arknights-t-shirt-i-witnessed?variant=54331768340796
gryphline_global:54331768373564,gryphline_global:10476094980412,gryphline_global,Global,USD,10476094980412,54331768373564,The Congregation / XXL,6978899537171,The Congregation,XXL,,30.0,,True,True,800,2026-09-11T22:16:44+00:00,False,https://store.gryphline.com/products/arknights-t-shirt-i-witnessed?variant=54331768373564
gryphline_global:54331768406332,gryphline_global:10476094980412,gryphline_global,Global,USD,10476094980412,54331768406332,The Scripted / M,6978899536334,The Scripted,M,,30.0,,True,True,800,2026-09-11T22:16:44+00:00,False,https://store.gryphline.com/products/arknights-t-shirt-i-witnessed?variant=54331768406332
gryphline_global:54331768439100,gryphline_global:10476094980412,gryphline_global,Global,USD,10476094980412,54331768439100,The Scripted / L,6978899536341,The Scripted,L,,30.0,,True,True,800,2026-09-11T22:16:44+00:00,False,https://store.gryphline.com/products/arknights-t-shirt-i-witnessed?variant=54331768439100
gryphline_global:54331768471868,gryphline_global:10476094980412,gryphline_global,Global,USD,10476094980412,54331768471868,The Scripted / XL,6978899536358,The Scripted,XL,,30.0,,True,True,800,2026-09-11T22:16:44+00:00,False,https://store.gryphline.com/products/arknights-t-shirt-i-witnessed?variant=54331768471868
gryphline_global:54331768504636,gryphline_global:10476094980412,gryphline_global,Global,USD,10476094980412,54331768504636,The Scripted / XXL,6978899537188,The Scripted,XXL,,30.0,,True,True,800,2026-09-11T22:16:44+00:00,False,https://store.gryphline.com/products/arknights-t-shirt-i-witnessed?variant=54331768504636
gryphline_global:54331768537404,gryphline_global:10476094980412,gryphline_global,Global,USD,10476094980412,54331768537404,Night Watcher / M,6978899536365,Night Watcher,M,,30.0,,True,True,800,2026-09-11T22:16:44+00:00,False,https://store.gryphline.com/products/arknights-t-shirt-i-witnessed?variant=54331768537404
gryphline_global:54331768570172,gryphline_global:10476094980412,gryphline_global,Global,USD,10476094980412,54331768570172,Night Watcher / L,6978899536372,Night Watcher,L,,30.0,,True,True,800,2026-09-11T22:16:44+00:00,False,https://store.gryphline.com/products/arknights-t-shirt-i-witnessed?variant=54331768570172
gryphline_global:54331768602940,gryphline_global:10476094980412,gryphline_global,Global,USD,10476094980412,54331768602940,Night Watcher / XL,6978899536389,Night Watcher,XL,,30.0,,True,True,800,2026-09-11T22:16:44+00:00,False,https://store.gryphline.com/products/arknights-t-shirt-i-witnessed?variant=54331768602940
gryphline_global:54331768635708,gryphline_global:10476094980412,gryphline_global,Global,USD,10476094980412,54331768635708,Night Watcher / XXL,6978899537195,Night Watcher,XXL,,30.0,,True,True,800,2026-09-11T22:16:44+00:00,False,https://store.gryphline.com/products/arknights-t-shirt-i-witnessed?variant=54331768635708
gryphline_global:54331768668476,gryphline_global:10476094980412,gryphline_global,Global,USD,10476094980412,54331768668476,The Aphasic / M,6978899535269,The Aphasic,M,,30.0,,True,True,800,2026-09-11T22:16:44+00:00,False,https://store.gryphline.com/products/arknights-t-shirt-i-witnessed?variant=54331768668476
gryphline_global:54331768701244,gryphline_global:10476094980412,gryphline_global,Global,USD,10476094980412,54331768701244,The Aphasic / L,6978899535276,The Aphasic,L,,30.0,,True,True,800,2026-09-11T22:16:44+00:00,False,https://store.gryphline.com/products/arknights-t-shirt-i-witnessed?variant=54331768701244
gryphline_global:54331768734012,gryphline_global:10476094980412,gryphline_global,Global,USD,10476094980412,54331768734012,The Aphasic / XL,6978899535283,The Aphasic,XL,,30.0,,True,True,800,2026-09-11T22:16:44+00:00,False,https://store.gryphline.com/products/arknights-t-shirt-i-witnessed?variant=54331768734012
gryphline_global:54331768766780,gryphline_global:10476094980412,gryphline_global,Global,USD,10476094980412,54331768766780,The Aphasic / XXL,6978899537201,The Aphasic,XXL,,30.0,,True,True,800,2026-09-11T22:16:44+00:00,False,https://store.gryphline.com/products/arknights-t-shirt-i-witnessed?variant=54331768766780
gryphline_global:54331746222396,gryphline_global:10476090720572,gryphline_global,Global,USD,10476090720572,54331746222396,Default Title,6978899536471,Default Title,,,25.0,,True,True,1100,2026-09-11T22:16:44+00:00,False,https://store.gryphline.com/products/arknights-record-style-acrylic-stand-i-witnessed?variant=54331746222396
gryphline_global:54331826110780,gryphline_global:10476105793852,gryphline_global,Global,USD,10476105793852,54331826110780,Default Title,6978899536723,Default Title,,,35.0,,True,True,800,2026-09-11T22:16:44+00:00,False,https://store.gryphline.com/products/arknights-impression-bracelet-the-congregation?variant=54331826110780
gryphline_global:54331803861308,gryphline_global:10476099764540,gryphline_global,Global,USD,10476099764540,54331803861308,Default Title,6978899536716,Default Title,,,50.0,,True,True,3000,2026-09-11T22:16:44+00:00,False,https://store.gryphline.com/products/arknights-papercut-light-box-the-scripted?variant=54331803861308
gryphline_global:54331848294716,gryphline_global:10476110217532,gryphline_global,Global,USD,10476110217532,54331848294716,Default Title,6978899538666,Default Title,,,30.0,,True,True,800,2026-09-11T22:16:44+00:00,False,https://store.gryphline.com/products/arknights-impression-brooch-night-watcher?variant=54331848294716
gryphline_global:54030542537020,gryphline_global:10470947422524,gryphline_global,Global,USD,10470947422524,54030542537020,1 random item,6977427189912,1 random item,,,12.0,,True,True,200,2026-09-11T22:16:44+00:00,False,https://store.gryphline.com/products/arknights-sp-key-tag-blind-box-access-pass-the-congregation?variant=54030542537020
gryphline_global:54030542569788,gryphline_global:10470947422524,gryphline_global,Global,USD,10470947422524,54030542569788,5-item set,6977427189950,5-item set,,,48.0,60.0,True,True,1000,2026-09-11T22:16:44+00:00,False,https://store.gryphline.com/products/arknights-sp-key-tag-blind-box-access-pass-the-congregation?variant=54030542569788
gryphline_global:54331467661628,gryphline_global:10475940315452,gryphline_global,Global,USD,10475940315452,54331467661628,1 random item,6977427189929,1 random item,,,12.0,,True,True,200,2026-09-11T22:16:44+00:00,False,https://store.gryphline.com/products/arknights-sp-key-tag-blind-box-access-pass-i-witnessed-the-scripted?variant=54331467661628
gryphline_global:54331467694396,gryphline_global:10475940315452,gryphline_global,Global,USD,10475940315452,54331467694396,5-item set,6977427189974,5-item set,,,48.0,60.0,True,True,1000,2026-09-11T22:16:44+00:00,False,https://store.gryphline.com/products/arknights-sp-key-tag-blind-box-access-pass-i-witnessed-the-scripted?variant=54331467694396
gryphline_global:54331513798972,gryphline_global:10475954143548,gryphline_global,Global,USD,10475954143548,54331513798972,1 random item,6977427189936,1 random item,,,12.0,,True,True,200,2026-09-11T22:16:44+00:00,False,https://store.gryphline.com/products/arknights-sp-key-tag-blind-box-access-pass-i-witnessed-night-watcher?variant=54331513798972
gryphline_global:54331513831740,gryphline_global:10475954143548,gryphline_global,Global,USD,10475954143548,54331513831740,5-item set,6977427189967,5-item set,,,48.0,60.0,True,True,1000,2026-09-11T22:16:44+00:00,False,https://store.gryphline.com/products/arknights-sp-key-tag-blind-box-access-pass-i-witnessed-night-watcher?variant=54331513831740
gryphline_global:54331514552636,gryphline_global:10475954438460,gryphline_global,Global,USD,10475954438460,54331514552636,1 random item,6977427189943,1 random item,,,12.0,,True,True,200,2026-09-11T22:16:44+00:00,False,https://store.gryphline.com/products/arknights-sp-key-tag-blind-box-access-pass-i-witnessed-the-aphasic?variant=54331514552636
gryphline_global:54331514585404,gryphline_global:10475954438460,gryphline_global,Global,USD,10475954438460,54331514585404,5-item set,6977427189981,5-item set,,,48.0,60.0,True,True,1000,2026-09-11T22:16:44+00:00,False,https://store.gryphline.com/products/arknights-sp-key-tag-blind-box-access-pass-i-witnessed-the-aphasic?variant=54331514585404
gryphline_global:54331614429500,gryphline_global:10475991990588,gryphline_global,Global,USD,10475991990588,54331614429500,Lemuen,6978899533876,Lemuen,,,20.0,,True,True,500,2026-09-11T22:16:44+00:00,False,https://store.gryphline.com/products/arknights-acrylic-standee-the-congregation?variant=54331614429500
gryphline_global:54331614462268,gryphline_global:10475991990588,gryphline_global,Global,USD,10475991990588,54331614462268,Necrass,6978899533883,Necrass,,,20.0,,True,True,500,2026-09-11T22:16:44+00:00,False,https://store.gryphline.com/products/arknights-acrylic-standee-the-congregation?variant=54331614462268
gryphline_global:54331614495036,gryphline_global:10475991990588,gryphline_global,Global,USD,10475991990588,54331614495036,Virtuosa,6978899533890,Virtuosa,,,20.0,,True,True,500,2026-09-11T22:16:44+00:00,False,https://store.gryphline.com/products/arknights-acrylic-standee-the-congregation?variant=54331614495036
gryphline_global:54331614527804,gryphline_global:10475991990588,gryphline_global,Global,USD,10475991990588,54331614527804,Ulpianus,6978899533906,Ulpianus,,,20.0,,True,True,500,2026-09-11T22:16:44+00:00,False,https://store.gryphline.com/products/arknights-acrylic-standee-the-congregation?variant=54331614527804
gryphline_global:54331614560572,gryphline_global:10475991990588,gryphline_global,Global,USD,10475991990588,54331614560572,Pramanix the Prerita,6978899533913,Pramanix the Prerita,,,20.0,,True,True,500,2026-09-11T22:16:44+00:00,False,https://store.gryphline.com/products/arknights-acrylic-standee-the-congregation?variant=54331614560572
gryphline_global:54331666399548,gryphline_global:10476010668348,gryphline_global,Global,USD,10476010668348,54331666399548,Nian,6978899533920,Nian,,,20.0,,True,True,500,2026-09-11T22:16:44+00:00,False,https://store.gryphline.com/products/arknights-acrylic-standee-the-scripted?variant=54331666399548
gryphline_global:54331666432316,gryphline_global:10476010668348,gryphline_global,Global,USD,10476010668348,54331666432316,Hoshiguma the Breacher,6978899533937,Hoshiguma the Breacher,,,20.0,,True,True,500,2026-09-11T22:16:44+00:00,False,https://store.gryphline.com/products/arknights-acrylic-standee-the-scripted?variant=54331666432316
gryphline_global:54331666465084,gryphline_global:10476010668348,gryphline_global,Global,USD,10476010668348,54331666465084,Tragodia,6978899533944,Tragodia,,,20.0,,True,True,500,2026-09-11T22:16:44+00:00,False,https://store.gryphline.com/products/arknights-acrylic-standee-the-scripted?variant=54331666465084
gryphline_global:54331666497852,gryphline_global:10476010668348,gryphline_global,Global,USD,10476010668348,54331666497852,Leizi the Thunderbringer,6978899533951,Leizi the Thunderbringer,,,20.0,,True,True,500,2026-09-11T22:16:44+00:00,False,https://store.gryphline.com/products/arknights-acrylic-standee-the-scripted?variant=54331666497852
gryphline_global:54331666530620,gryphline_global:10476010668348,gryphline_global,Global,USD,10476010668348,54331666530620,Yu,6978899533968,Yu,,,20.0,,True,True,500,2026-09-11T22:16:44+00:00,False,https://store.gryphline.com/products/arknights-acrylic-standee-the-scripted?variant=54331666530620
gryphline_global:54331695530300,gryphline_global:10476050383164,gryphline_global,Global,USD,10476050383164,54331695530300,Passenger,6978899533975,Passenger,,,20.0,,True,True,500,2026-09-11T22:16:44+00:00,False,https://store.gryphline.com/products/arknights-acrylic-standee-night-watcher?variant=54331695530300
gryphline_global:54331695563068,gryphline_global:10476050383164,gryphline_global,Global,USD,10476050383164,54331695563068,Saria,6978899533982,Saria,,,20.0,,True,True,500,2026-09-11T22:16:44+00:00,False,https://store.gryphline.com/products/arknights-acrylic-standee-night-watcher?variant=54331695563068
gryphline_global:54331695595836,gryphline_global:10476050383164,gryphline_global,Global,USD,10476050383164,54331695595836,SilverAsh the Reignfrost,6978899533999,SilverAsh the Reignfrost,,,20.0,,True,True,500,2026-09-11T22:16:44+00:00,False,https://store.gryphline.com/products/arknights-acrylic-standee-night-watcher?variant=54331695595836
gryphline_global:54331695628604,gryphline_global:10476050383164,gryphline_global,Global,USD,10476050383164,54331695628604,Degenbrecher,6978899534002,Degenbrecher,,,20.0,,True,True,500,2026-09-11T22:16:44+00:00,False,https://store.gryphline.com/products/arknights-acrylic-standee-night-watcher?variant=54331695628604
gryphline_global:54331695661372,gryphline_global:10476050383164,gryphline_global,Global,USD,10476050383164,54331695661372,Magallan,6978899534019,Magallan,,,20.0,,True,True,500,2026-09-11T22:16:44+00:00,False,https://store.gryphline.com/products/arknights-acrylic-standee-night-watcher?variant=54331695661372
gryphline_global:54331724529980,gryphline_global:10476078170428,gryphline_global,Global,USD,10476078170428,54331724529980,Amiya,6978899534026,Amiya,,,20.0,,True,True,500,2026-09-11T22:16:44+00:00,False,https://store.gryphline.com/products/arknights-acrylic-standee-the-aphasic?variant=54331724529980
gryphline_global:54331724562748,gryphline_global:10476078170428,gryphline_global,Global,USD,10476078170428,54331724562748,Mon3tr,6978899534033,Mon3tr,,,20.0,,True,True,500,2026-09-11T22:16:44+00:00,False,https://store.gryphline.com/products/arknights-acrylic-standee-the-aphasic?variant=54331724562748
gryphline_global:54331724595516,gryphline_global:10476078170428,gryphline_global,Global,USD,10476078170428,54331724595516,Zima,6978899534040,Zima,,,20.0,,True,True,500,2026-09-11T22:16:44+00:00,False,https://store.gryphline.com/products/arknights-acrylic-standee-the-aphasic?variant=54331724595516
gryphline_global:54331724628284,gryphline_global:10476078170428,gryphline_global,Global,USD,10476078170428,54331724628284,Wiš'adel,6978899534057,Wiš'adel,,,20.0,,True,True,500,2026-09-11T22:16:44+00:00,False,https://store.gryphline.com/products/arknights-acrylic-standee-the-aphasic?variant=54331724628284
gryphline_global:54331724661052,gryphline_global:10476078170428,gryphline_global,Global,USD,10476078170428,54331724661052,Mantra,6978899534064,Mantra,,,20.0,,True,True,500,2026-09-11T22:16:44+00:00,False,https://store.gryphline.com/products/arknights-acrylic-standee-the-aphasic?variant=54331724661052
gryphline_global:54331733279036,gryphline_global:10476082987324,gryphline_global,Global,USD,10476082987324,54331733279036,Default Title,6978899536419,Default Title,,,13.0,,True,True,200,2026-09-11T22:16:44+00:00,False,https://store.gryphline.com/products/arknights-laser-ticket-set-i-witnessed?variant=54331733279036
gryphline_global:54331749302588,gryphline_global:10476091801916,gryphline_global,Global,USD,10476091801916,54331749302588,The Congregation,6978899536525,The Congregation,,,15.0,,True,True,200,2026-09-11T22:16:44+00:00,False,https://store.gryphline.com/products/arknights-collectible-card-set-i-witnessed?variant=54331749302588
gryphline_global:54331749335356,gryphline_global:10476091801916,gryphline_global,Global,USD,10476091801916,54331749335356,The Scripted,6978899536532,The Scripted,,,15.0,,True,True,200,2026-09-11T22:16:44+00:00,False,https://store.gryphline.com/products/arknights-collectible-card-set-i-witnessed?variant=54331749335356
gryphline_global:54331749368124,gryphline_global:10476091801916,gryphline_global,Global,USD,10476091801916,54331749368124,Night Watcher,6978899536549,Night Watcher,,,15.0,,True,True,200,2026-09-11T22:16:44+00:00,False,https://store.gryphline.com/products/arknights-collectible-card-set-i-witnessed?variant=54331749368124
gryphline_global:54331749400892,gryphline_global:10476091801916,gryphline_global,Global,USD,10476091801916,54331749400892,The Aphasic,6978899536556,The Aphasic,,,15.0,,True,True,200,2026-09-11T22:16:44+00:00,False,https://store.gryphline.com/products/arknights-collectible-card-set-i-witnessed?variant=54331749400892
gryphline_global:54331743994172,gryphline_global:10476089934140,gryphline_global,Global,USD,10476089934140,54331743994172,I Witnessed,6978899536426,I Witnessed,,,15.0,,True,True,1100,2026-09-11T22:16:44+00:00,False,https://store.gryphline.com/products/arknights-lenticular-print?variant=54331743994172
gryphline_global:54331744026940,gryphline_global:10476089934140,gryphline_global,Global,USD,10476089934140,54331744026940,The Congregation,6978899536433,The Congregation,,,15.0,,True,True,1100,2026-09-11T22:16:44+00:00,False,https://store.gryphline.com/products/arknights-lenticular-print?variant=54331744026940
gryphline_global:54331744059708,gryphline_global:10476089934140,gryphline_global,Global,USD,10476089934140,54331744059708,The Scripted,6978899536440,The Scripted,,,15.0,,True,True,1100,2026-09-11T22:16:44+00:00,False,https://store.gryphline.com/products/arknights-lenticular-print?variant=54331744059708
gryphline_global:54331744092476,gryphline_global:10476089934140,gryphline_global,Global,USD,10476089934140,54331744092476,Night Watcher,6978899536457,Night Watcher,,,15.0,,True,True,1100,2026-09-11T22:16:44+00:00,False,https://store.gryphline.com/products/arknights-lenticular-print?variant=54331744092476
gryphline_global:54331744125244,gryphline_global:10476089934140,gryphline_global,Global,USD,10476089934140,54331744125244,The Aphasic,6978899536464,The Aphasic,,,15.0,,True,True,1100,2026-09-11T22:16:44+00:00,False,https://store.gryphline.com/products/arknights-lenticular-print?variant=54331744125244
gryphline_global:54331880407356,gryphline_global:10476117786940,gryphline_global,Global,USD,10476117786940,54331880407356,The Congregation,6978899536754,The Congregation,,,20.0,,True,True,200,2026-09-11T22:16:44+00:00,False,https://store.gryphline.com/products/arknights-mini-badge-set?variant=54331880407356
gryphline_global:54331880440124,gryphline_global:10476117786940,gryphline_global,Global,USD,10476117786940,54331880440124,The Scripted,6978899536761,The Scripted,,,20.0,,True,True,200,2026-09-11T22:16:44+00:00,False,https://store.gryphline.com/products/arknights-mini-badge-set?variant=54331880440124
gryphline_global:54331880472892,gryphline_global:10476117786940,gryphline_global,Global,USD,10476117786940,54331880472892,Night Watcher,6978899536778,Night Watcher,,,20.0,,True,True,200,2026-09-11T22:16:44+00:00,False,https://store.gryphline.com/products/arknights-mini-badge-set?variant=54331880472892
gryphline_global:54331880505660,gryphline_global:10476117786940,gryphline_global,Global,USD,10476117786940,54331880505660,The Aphasic,6978899536785,The Aphasic,,,20.0,,True,True,200,2026-09-11T22:16:44+00:00,False,https://store.gryphline.com/products/arknights-mini-badge-set?variant=54331880505660
gryphline_global:54331545715004,gryphline_global:10475956764988,gryphline_global,Global,USD,10475956764988,54331545715004,1 random item,6978899533647,1 random item,,,7.0,,True,True,200,2026-09-11T22:16:44+00:00,False,https://store.gryphline.com/products/arknights-sp-badge-blind-box-i-witnessed-the-congregation?variant=54331545715004
gryphline_global:54331545747772,gryphline_global:10475956764988,gryphline_global,Global,USD,10475956764988,54331545747772,5-item set,6978899533609,5-item set,,,35.0,,True,True,500,2026-09-11T22:16:44+00:00,False,https://store.gryphline.com/products/arknights-sp-badge-blind-box-i-witnessed-the-congregation?variant=54331545747772
gryphline_global:54331554562364,gryphline_global:10475958763836,gryphline_global,Global,USD,10475958763836,54331554562364,1 random item,6978899533654,1 random item,,,7.0,,True,True,200,2026-09-11T22:16:44+00:00,False,https://store.gryphline.com/products/arknights-sp-badge-blind-box-the-scripted?variant=54331554562364
gryphline_global:54331554595132,gryphline_global:10475958763836,gryphline_global,Global,USD,10475958763836,54331554595132,5-item set,6978899533616,5-item set,,,35.0,,True,True,500,2026-09-11T22:16:44+00:00,False,https://store.gryphline.com/products/arknights-sp-badge-blind-box-the-scripted?variant=54331554595132
gryphline_global:54331560722748,gryphline_global:10475963613500,gryphline_global,Global,USD,10475963613500,54331560722748,1 random item,6978899533661,1 random item,,,7.0,,True,True,200,2026-09-11T22:16:44+00:00,False,https://store.gryphline.com/products/arknights-sp-badge-blind-box-night-watcher?variant=54331560722748
gryphline_global:54331560755516,gryphline_global:10475963613500,gryphline_global,Global,USD,10475963613500,54331560755516,5-item set,6978899533623,5-item set,,,35.0,,True,True,500,2026-09-11T22:16:44+00:00,False,https://store.gryphline.com/products/arknights-sp-badge-blind-box-night-watcher?variant=54331560755516
gryphline_global:54331566129468,gryphline_global:10475968135484,gryphline_global,Global,USD,10475968135484,54331566129468,1 random item,6978899533678,1 random item,,,7.0,,True,True,200,2026-09-11T22:16:44+00:00,False,https://store.gryphline.com/products/arknights-sp-badge-blind-box-the-aphasic?variant=54331566129468
gryphline_global:54331566162236,gryphline_global:10475968135484,gryphline_global,Global,USD,10475968135484,54331566162236,5-item set,6978899533630,5-item set,,,35.0,,True,True,500,2026-09-11T22:16:44+00:00,False,https://store.gryphline.com/products/arknights-sp-badge-blind-box-the-aphasic?variant=54331566162236
gryphline_global:54331891417404,gryphline_global:10476123128124,gryphline_global,Global,USD,10476123128124,54331891417404,Default Title,6978899539861,Default Title,,,12.0,,True,True,200,2026-09-11T22:16:44+00:00,False,https://store.gryphline.com/products/arknights-sticker-pack-i-witnessed?variant=54331891417404
gryphline_global:52577150632252,gryphline_global:10259556368700,gryphline_global,Global,USD,10259556368700,52577150632252,Amiya - In A Myriad of Universes,6978899532404,Amiya - In A Myriad of Universes,,,32.0,,True,True,2510,2026-09-11T22:16:44+00:00,False,https://store.gryphline.com/products/arknights-bunny-plushie-sp-amiya-in-a-myriad-of-universes?variant=52577150632252
gryphline_global:52577150665020,gryphline_global:10259556368700,gryphline_global,Global,USD,10259556368700,52577150665020,Amiya's Wardrobe Vol. 1,6978899532411,Amiya's Wardrobe Vol. 1,,,90.0,,True,True,2510,2026-09-11T22:16:44+00:00,False,https://store.gryphline.com/products/arknights-bunny-plushie-sp-amiya-in-a-myriad-of-universes?variant=52577150665020
gryphline_global:52577180909884,gryphline_global:10259564822844,gryphline_global,Global,USD,10259564822844,52577180909884,Default Title,6978899532916,Default Title,,,18.0,,False,True,900,2026-09-11T22:16:44+00:00,False,https://store.gryphline.com/products/arknights-bunny-plushie-charm-cooool?variant=52577180909884
gryphline_global:52577116553532,gryphline_global:10259550798140,gryphline_global,Global,USD,10259550798140,52577116553532,Default Title,6977427189998,Default Title,,,50.0,,True,True,2510,2026-09-11T22:16:44+00:00,False,https://store.gryphline.com/products/arknights-mini-series-chibi-figure-amiya-in-a-myriad-of-universes?variant=52577116553532
gryphline_global:52577137918268,gryphline_global:10259554337084,gryphline_global,Global,USD,10259554337084,52577137918268,Default Title,6978899531087,Default Title,,,25.0,,False,True,1500,2026-09-11T22:16:44+00:00,False,https://store.gryphline.com/products/arknights-table-mat-wishes-from-stars?variant=52577137918268
gryphline_global:52577145815356,gryphline_global:10259555189052,gryphline_global,Global,USD,10259555189052,52577145815356,Amiya - In A Myriad of Universes,6978899530998,Amiya - In A Myriad of Universes,,,15.0,,False,True,200,2026-09-11T22:16:44+00:00,False,https://store.gryphline.com/products/arknights-key-tag-wishes-from-stars?variant=52577145815356
gryphline_global:52577145848124,gryphline_global:10259555189052,gryphline_global,Global,USD,10259555189052,52577145848124,Zuo Le - Quiet Move,6978899531018,Zuo Le - Quiet Move,,,15.0,,True,True,200,2026-09-11T22:16:44+00:00,False,https://store.gryphline.com/products/arknights-key-tag-wishes-from-stars?variant=52577145848124
gryphline_global:52577145880892,gryphline_global:10259555189052,gryphline_global,Global,USD,10259555189052,52577145880892,Rosmontis - An Airy Dream,6978899531001,Rosmontis - An Airy Dream,,,15.0,,False,True,200,2026-09-11T22:16:44+00:00,False,https://store.gryphline.com/products/arknights-key-tag-wishes-from-stars?variant=52577145880892
gryphline_global:52577149845820,gryphline_global:10259556008252,gryphline_global,Global,USD,10259556008252,52577149845820,Amiya - In A Myriad of Universes,6978899531025,Amiya - In A Myriad of Universes,,,8.0,,False,True,200,2026-09-11T22:16:44+00:00,False,https://store.gryphline.com/products/arknights-glitter-badge-wishes-from-stars?variant=52577149845820
gryphline_global:52577149878588,gryphline_global:10259556008252,gryphline_global,Global,USD,10259556008252,52577149878588,Zuo Le - Quiet Move,6978899531049,Zuo Le - Quiet Move,,,8.0,,True,True,200,2026-09-11T22:16:44+00:00,False,https://store.gryphline.com/products/arknights-glitter-badge-wishes-from-stars?variant=52577149878588
gryphline_global:52577149911356,gryphline_global:10259556008252,gryphline_global,Global,USD,10259556008252,52577149911356,Rosmontis - An Airy Dream,6978899531032,Rosmontis - An Airy Dream,,,8.0,,False,True,200,2026-09-11T22:16:44+00:00,False,https://store.gryphline.com/products/arknights-glitter-badge-wishes-from-stars?variant=52577149911356
gryphline_global:52577176551740,gryphline_global:10259563577660,gryphline_global,Global,USD,10259563577660,52577176551740,Default Title,6978899531230,Default Title,,,23.0,,True,True,500,2026-09-11T22:16:44+00:00,False,https://store.gryphline.com/products/arknights-rotating-acrylic-display-stand-gogogo?variant=52577176551740
gryphline_global:52577164722492,gryphline_global:10259561120060,gryphline_global,Global,USD,10259561120060,52577164722492,Default Title,6978899531056,Default Title,,,8.0,,True,True,200,2026-09-11T22:16:44+00:00,False,https://store.gryphline.com/products/arknights-postcard-set-fashion-collection-sp?variant=52577164722492
gryphline_global:52577171079484,gryphline_global:10259562594620,gryphline_global,Global,USD,10259562594620,52577171079484,Default Title,6978899531063,Default Title,,,8.0,,True,True,200,2026-09-11T22:16:44+00:00,False,https://store.gryphline.com/products/arknights-sticker-pack-wishes-from-stars?variant=52577171079484
gryphline_global:52577178386748,gryphline_global:10259564167484,gryphline_global,Global,USD,10259564167484,52577178386748,Default Title,6978899531193,Default Title,,,15.0,,True,True,600,2026-09-11T22:16:44+00:00,False,https://store.gryphline.com/products/arknights-clear-tape-gogogo?variant=52577178386748
gryphline_global:52577159348540,gryphline_global:10259559383356,gryphline_global,Global,USD,10259559383356,52577159348540,Miraculous Journey - Chengdu / Amiya,6978899531247,Miraculous Journey - Chengdu,Amiya,,12.0,,True,True,200,2026-09-11T22:16:44+00:00,False,https://store.gryphline.com/products/arknights-character-set-wishes-from-stars?variant=52577159348540
gryphline_global:52577159381308,gryphline_global:10259559383356,gryphline_global,Global,USD,10259559383356,52577159381308,Miraculous Journey - Chengdu / Zuo Le,6978899531254,Miraculous Journey - Chengdu,Zuo Le,,12.0,,True,True,200,2026-09-11T22:16:44+00:00,False,https://store.gryphline.com/products/arknights-character-set-wishes-from-stars?variant=52577159381308
gryphline_global:52577159414076,gryphline_global:10259559383356,gryphline_global,Global,USD,10259559383356,52577159414076,Miraculous Journey - Chengdu / Rosmontis,6978899531261,Miraculous Journey - Chengdu,Rosmontis,,12.0,,True,True,200,2026-09-11T22:16:44+00:00,False,https://store.gryphline.com/products/arknights-character-set-wishes-from-stars?variant=52577159414076
gryphline_global:52577159446844,gryphline_global:10259559383356,gryphline_global,Global,USD,10259559383356,52577159446844,Miraculous Journey - Guangzhou / Amiya,6978899531278,Miraculous Journey - Guangzhou,Amiya,,12.0,,True,True,200,2026-09-11T22:16:44+00:00,False,https://store.gryphline.com/products/arknights-character-set-wishes-from-stars?variant=52577159446844
gryphline_global:52577159479612,gryphline_global:10259559383356,gryphline_global,Global,USD,10259559383356,52577159479612,Miraculous Journey - Guangzhou / Zuo Le,6978899531285,Miraculous Journey - Guangzhou,Zuo Le,,12.0,,True,True,200,2026-09-11T22:16:44+00:00,False,https://store.gryphline.com/products/arknights-character-set-wishes-from-stars?variant=52577159479612
gryphline_global:52577159512380,gryphline_global:10259559383356,gryphline_global,Global,USD,10259559383356,52577159512380,Miraculous Journey - Guangzhou / Rosmontis,6978899531292,Miraculous Journey - Guangzhou,Rosmontis,,12.0,,True,True,200,2026-09-11T22:16:44+00:00,False,https://store.gryphline.com/products/arknights-character-set-wishes-from-stars?variant=52577159512380
gryphline_global:52577159545148,gryphline_global:10259559383356,gryphline_global,Global,USD,10259559383356,52577159545148,Miraculous Journey - Hangzhou / Amiya,6978899531308,Miraculous Journey - Hangzhou,Amiya,,12.0,,True,True,200,2026-09-11T22:16:44+00:00,False,https://store.gryphline.com/products/arknights-character-set-wishes-from-stars?variant=52577159545148
gryphline_global:52577159577916,gryphline_global:10259559383356,gryphline_global,Global,USD,10259559383356,52577159577916,Miraculous Journey - Hangzhou / Zuo Le,6978899531315,Miraculous Journey - Hangzhou,Zuo Le,,12.0,,True,True,200,2026-09-11T22:16:44+00:00,False,https://store.gryphline.com/products/arknights-character-set-wishes-from-stars?variant=52577159577916
gryphline_global:52577159610684,gryphline_global:10259559383356,gryphline_global,Global,USD,10259559383356,52577159610684,Miraculous Journey - Hangzhou / Rosmontis,6978899531322,Miraculous Journey - Hangzhou,Rosmontis,,12.0,,True,True,200,2026-09-11T22:16:44+00:00,False,https://store.gryphline.com/products/arknights-character-set-wishes-from-stars?variant=52577159610684
gryphline_global:52577174257980,gryphline_global:10259563184444,gryphline_global,Global,USD,10259563184444,52577174257980,Miraculous Journey - Chengdu / Amiya,6978899531339,Miraculous Journey - Chengdu,Amiya,,15.0,,True,True,500,2026-09-11T22:16:44+00:00,False,https://store.gryphline.com/products/arknights-acrylic-photo-prop-stick-wishes-from-stars?variant=52577174257980
gryphline_global:52577174290748,gryphline_global:10259563184444,gryphline_global,Global,USD,10259563184444,52577174290748,Miraculous Journey - Chengdu / Zuo Le,6978899531353,Miraculous Journey - Chengdu,Zuo Le,,15.0,,False,True,500,2026-09-11T22:16:44+00:00,False,https://store.gryphline.com/products/arknights-acrylic-photo-prop-stick-wishes-from-stars?variant=52577174290748
gryphline_global:52577174323516,gryphline_global:10259563184444,gryphline_global,Global,USD,10259563184444,52577174323516,Miraculous Journey - Chengdu / Rosmontis,6978899531346,Miraculous Journey - Chengdu,Rosmontis,,15.0,,False,True,500,2026-09-11T22:16:44+00:00,False,https://store.gryphline.com/products/arknights-acrylic-photo-prop-stick-wishes-from-stars?variant=52577174323516
gryphline_global:52577174356284,gryphline_global:10259563184444,gryphline_global,Global,USD,10259563184444,52577174356284,Miraculous Journey - Guangzhou / Amiya,6978899531360,Miraculous Journey - Guangzhou,Amiya,,15.0,,True,True,500,2026-09-11T22:16:44+00:00,False,https://store.gryphline.com/products/arknights-acrylic-photo-prop-stick-wishes-from-stars?variant=52577174356284
gryphline_global:52577174389052,gryphline_global:10259563184444,gryphline_global,Global,USD,10259563184444,52577174389052,Miraculous Journey - Guangzhou / Zuo Le,6978899531384,Miraculous Journey - Guangzhou,Zuo Le,,15.0,,False,True,500,2026-09-11T22:16:44+00:00,False,https://store.gryphline.com/products/arknights-acrylic-photo-prop-stick-wishes-from-stars?variant=52577174389052
gryphline_global:52577174421820,gryphline_global:10259563184444,gryphline_global,Global,USD,10259563184444,52577174421820,Miraculous Journey - Guangzhou / Rosmontis,6978899531377,Miraculous Journey - Guangzhou,Rosmontis,,15.0,,False,True,500,2026-09-11T22:16:44+00:00,False,https://store.gryphline.com/products/arknights-acrylic-photo-prop-stick-wishes-from-stars?variant=52577174421820
gryphline_global:52577174454588,gryphline_global:10259563184444,gryphline_global,Global,USD,10259563184444,52577174454588,Miraculous Journey - Hangzhou / Amiya,6978899531391,Miraculous Journey - Hangzhou,Amiya,,15.0,,True,True,500,2026-09-11T22:16:44+00:00,False,https://store.gryphline.com/products/arknights-acrylic-photo-prop-stick-wishes-from-stars?variant=52577174454588
gryphline_global:52577174487356,gryphline_global:10259563184444,gryphline_global,Global,USD,10259563184444,52577174487356,Miraculous Journey - Hangzhou / Zuo Le,6978899531414,Miraculous Journey - Hangzhou,Zuo Le,,15.0,,False,True,500,2026-09-11T22:16:44+00:00,False,https://store.gryphline.com/products/arknights-acrylic-photo-prop-stick-wishes-from-stars?variant=52577174487356
gryphline_global:52577174520124,gryphline_global:10259563184444,gryphline_global,Global,USD,10259563184444,52577174520124,Miraculous Journey - Hangzhou / Rosmontis,6978899531407,Miraculous Journey - Hangzhou,Rosmontis,,15.0,,False,True,500,2026-09-11T22:16:44+00:00,False,https://store.gryphline.com/products/arknights-acrylic-photo-prop-stick-wishes-from-stars?variant=52577174520124
gryphline_global:52092448538940,gryphline_global:10142528864572,gryphline_global,Global,USD,10142528864572,52092448538940,Default Title,6977427183859,Default Title,,,65.0,,False,True,3000,2026-09-11T22:16:44+00:00,False,https://store.gryphline.com/products/arknights-ambience-synesthesia-2025-collector-s-box?variant=52092448538940
gryphline_global:52095376654652,gryphline_global:10142517788988,gryphline_global,Global,USD,10142517788988,52095376654652,Muelsyse,6977427186089,Muelsyse,,,30.0,,True,True,3000,2026-09-11T22:16:44+00:00,False,https://store.gryphline.com/products/cuddly-chibi-plushie?variant=52095376654652
gryphline_global:52095376687420,gryphline_global:10142517788988,gryphline_global,Global,USD,10142517788988,52095376687420,Logos,6977427186096,Logos,,,30.0,,True,True,3000,2026-09-11T22:16:44+00:00,False,https://store.gryphline.com/products/cuddly-chibi-plushie?variant=52095376687420
gryphline_global:52095376720188,gryphline_global:10142517788988,gryphline_global,Global,USD,10142517788988,52095376720188,Mostima,6977427186102,Mostima,,,30.0,,True,True,3000,2026-09-11T22:16:44+00:00,False,https://store.gryphline.com/products/cuddly-chibi-plushie?variant=52095376720188
gryphline_global:52096110690620,gryphline_global:10143140249916,gryphline_global,Global,USD,10143140249916,52096110690620,Echoes of the Legends,6977427183743,Echoes of the Legends,,,25.0,,True,True,600,2026-09-11T22:16:44+00:00,False,https://store.gryphline.com/products/arknights-chibi-acrylic-stand-set?variant=52096110690620
gryphline_global:52096110723388,gryphline_global:10143140249916,gryphline_global,Global,USD,10143140249916,52096110723388,Divine Reverie,6977427183750,Divine Reverie,,,25.0,,True,True,600,2026-09-11T22:16:44+00:00,False,https://store.gryphline.com/products/arknights-chibi-acrylic-stand-set?variant=52096110723388
gryphline_global:52096110756156,gryphline_global:10143140249916,gryphline_global,Global,USD,10143140249916,52096110756156,Glazed Grace,6977427193767,Glazed Grace,,,25.0,,True,True,600,2026-09-11T22:16:44+00:00,False,https://store.gryphline.com/products/arknights-chibi-acrylic-stand-set?variant=52096110756156
gryphline_global:52096110788924,gryphline_global:10143140249916,gryphline_global,Global,USD,10143140249916,52096110788924,The Wild Era,6977427192774,The Wild Era,,,25.0,,True,True,600,2026-09-11T22:16:44+00:00,False,https://store.gryphline.com/products/arknights-chibi-acrylic-stand-set?variant=52096110788924
gryphline_global:52096110821692,gryphline_global:10143140249916,gryphline_global,Global,USD,10143140249916,52096110821692,Blooms of Time,6977427193781,Blooms of Time,,,25.0,,True,True,600,2026-09-11T22:16:44+00:00,False,https://store.gryphline.com/products/arknights-chibi-acrylic-stand-set?variant=52096110821692
gryphline_global:52095901270332,gryphline_global:10143113445692,gryphline_global,Global,USD,10143113445692,52095901270332,M,6977427183835,M,,,30.0,,True,True,800,2026-09-11T22:16:44+00:00,False,https://store.gryphline.com/products/arknights-t-shirt-logos?variant=52095901270332
gryphline_global:52095901303100,gryphline_global:10143113445692,gryphline_global,Global,USD,10143113445692,52095901303100,L,6977427183965,L,,,30.0,,True,True,800,2026-09-11T22:16:44+00:00,False,https://store.gryphline.com/products/arknights-t-shirt-logos?variant=52095901303100
gryphline_global:52095901335868,gryphline_global:10143113445692,gryphline_global,Global,USD,10143113445692,52095901335868,XL,6977427183974,XL,,,30.0,,True,True,800,2026-09-11T22:16:44+00:00,False,https://store.gryphline.com/products/arknights-t-shirt-logos?variant=52095901335868
gryphline_global:52095901368636,gryphline_global:10143113445692,gryphline_global,Global,USD,10143113445692,52095901368636,XXL,6977427185594,XXL,,,30.0,,True,True,800,2026-09-11T22:16:44+00:00,False,https://store.gryphline.com/products/arknights-t-shirt-logos?variant=52095901368636
gryphline_global:52095918047548,gryphline_global:10143115575612,gryphline_global,Global,USD,10143115575612,52095918047548,M,6977427183828,M,,,30.0,,True,True,800,2026-09-11T22:16:44+00:00,False,https://store.gryphline.com/products/arknights-t-shirt?variant=52095918047548
gryphline_global:52095918080316,gryphline_global:10143115575612,gryphline_global,Global,USD,10143115575612,52095918080316,L,6977427183941,L,,,30.0,,True,True,800,2026-09-11T22:16:44+00:00,False,https://store.gryphline.com/products/arknights-t-shirt?variant=52095918080316
gryphline_global:52095918113084,gryphline_global:10143115575612,gryphline_global,Global,USD,10143115575612,52095918113084,XL,6977427183960,XL,,,30.0,,True,True,800,2026-09-11T22:16:44+00:00,False,https://store.gryphline.com/products/arknights-t-shirt?variant=52095918113084
gryphline_global:52095918145852,gryphline_global:10143115575612,gryphline_global,Global,USD,10143115575612,52095918145852,XXL,6977427185587,XXL,,,30.0,,True,True,800,2026-09-11T22:16:44+00:00,False,https://store.gryphline.com/products/arknights-t-shirt?variant=52095918145852
gryphline_global:52095919751484,gryphline_global:10143116296508,gryphline_global,Global,USD,10143116296508,52095919751484,M,6977427183842,M,,,30.0,,True,True,800,2026-09-11T22:16:44+00:00,False,https://store.gryphline.com/products/arknights-t-shirt-mostima?variant=52095919751484
gryphline_global:52095919784252,gryphline_global:10143116296508,gryphline_global,Global,USD,10143116296508,52095919784252,L,6977427183989,L,,,30.0,,True,True,800,2026-09-11T22:16:44+00:00,False,https://store.gryphline.com/products/arknights-t-shirt-mostima?variant=52095919784252
gryphline_global:52095919817020,gryphline_global:10143116296508,gryphline_global,Global,USD,10143116296508,52095919817020,XL,6977427183998,XL,,,30.0,,True,True,800,2026-09-11T22:16:44+00:00,False,https://store.gryphline.com/products/arknights-t-shirt-mostima?variant=52095919817020
gryphline_global:52095919849788,gryphline_global:10143116296508,gryphline_global,Global,USD,10143116296508,52095919849788,XXL,6977427185600,XXL,,,30.0,,True,True,800,2026-09-11T22:16:44+00:00,False,https://store.gryphline.com/products/arknights-t-shirt-mostima?variant=52095919849788
gryphline_global:52096165151036,gryphline_global:10143145034044,gryphline_global,Global,USD,10143145034044,52096165151036,1 random item,6977427182999,1 random item,,,12.0,,True,True,200,2026-09-11T22:16:44+00:00,False,https://store.gryphline.com/products/arknights-sp-key-tag-blind-box-access-pass-the-wild-era?variant=52096165151036
gryphline_global:52096165183804,gryphline_global:10143145034044,gryphline_global,Global,USD,10143145034044,52096165183804,5-item set,6977427182982,5-item set,,,48.0,60.0,False,True,1000,2026-09-11T22:16:44+00:00,False,https://store.gryphline.com/products/arknights-sp-key-tag-blind-box-access-pass-the-wild-era?variant=52096165183804
gryphline_global:52096116949308,gryphline_global:10143140938044,gryphline_global,Global,USD,10143140938044,52096116949308,1 random item,6977427183019,1 random item,,,12.0,,True,True,200,2026-09-11T22:16:44+00:00,False,https://store.gryphline.com/products/arknights-sp-key-tag-blind-box-access-pass-blooms-of-time?variant=52096116949308
gryphline_global:52096116982076,gryphline_global:10143140938044,gryphline_global,Global,USD,10143140938044,52096116982076,5-item set,6977427183002,5-item set,,,48.0,60.0,True,True,1000,2026-09-11T22:16:44+00:00,False,https://store.gryphline.com/products/arknights-sp-key-tag-blind-box-access-pass-blooms-of-time?variant=52096116982076
gryphline_global:52096184680764,gryphline_global:10143146541372,gryphline_global,Global,USD,10143146541372,52096184680764,1 random item,6977427182975,1 random item,,,12.0,,False,True,200,2026-09-11T22:16:44+00:00,False,https://store.gryphline.com/products/arknights-sp-key-tag-blind-box-access-pass-glazed-grace?variant=52096184680764
gryphline_global:52096184713532,gryphline_global:10143146541372,gryphline_global,Global,USD,10143146541372,52096184713532,5-item set,6977427182968,5-item set,,,48.0,60.0,False,True,1000,2026-09-11T22:16:44+00:00,False,https://store.gryphline.com/products/arknights-sp-key-tag-blind-box-access-pass-glazed-grace?variant=52096184713532
gryphline_global:52096211353916,gryphline_global:10143150473532,gryphline_global,Global,USD,10143150473532,52096211353916,1 random item,6977427182937,1 random item,,,12.0,,True,True,200,2026-09-11T22:16:44+00:00,False,https://store.gryphline.com/products/arknights-sp-key-tag-blind-box-access-pass-echoes-of-the-legends?variant=52096211353916
gryphline_global:52096211386684,gryphline_global:10143150473532,gryphline_global,Global,USD,10143150473532,52096211386684,5-item set,6977427182920,5-item set,,,48.0,60.0,True,True,1000,2026-09-11T22:16:44+00:00,False,https://store.gryphline.com/products/arknights-sp-key-tag-blind-box-access-pass-echoes-of-the-legends?variant=52096211386684
gryphline_global:52096193888572,gryphline_global:10143147524412,gryphline_global,Global,USD,10143147524412,52096193888572,1 random item,6977427182951,1 random item,,,12.0,,True,True,200,2026-09-11T22:16:44+00:00,False,https://store.gryphline.com/products/arknights-sp-key-tag-blind-box-access-pass-divine-reverie?variant=52096193888572
gryphline_global:52096193921340,gryphline_global:10143147524412,gryphline_global,Global,USD,10143147524412,52096193921340,5-item set,6977427182944,5-item set,,,48.0,60.0,True,True,1000,2026-09-11T22:16:44+00:00,False,https://store.gryphline.com/products/arknights-sp-key-tag-blind-box-access-pass-divine-reverie?variant=52096193921340
gryphline_global:52095922569532,gryphline_global:10143117902140,gryphline_global,Global,USD,10143117902140,52095922569532,Thorns,6977427183293,Thorns,,,20.0,,True,True,500,2026-09-11T22:16:44+00:00,False,https://store.gryphline.com/products/arknights-acrylic-standee-the-wild-era?variant=52095922569532
gryphline_global:52095922602300,gryphline_global:10143117902140,gryphline_global,Global,USD,10143117902140,52095922602300,La Pluma,6977427183286,La Pluma,,,20.0,,True,True,500,2026-09-11T22:16:44+00:00,False,https://store.gryphline.com/products/arknights-acrylic-standee-the-wild-era?variant=52095922602300
gryphline_global:52095922635068,gryphline_global:10143117902140,gryphline_global,Global,USD,10143117902140,52095922635068,Lappland the Decadenza,6977427183279,Lappland the Decadenza,,,20.0,,True,True,500,2026-09-11T22:16:44+00:00,False,https://store.gryphline.com/products/arknights-acrylic-standee-the-wild-era?variant=52095922635068
gryphline_global:52095922667836,gryphline_global:10143117902140,gryphline_global,Global,USD,10143117902140,52095922667836,Vulpisfoglia,6977427183316,Vulpisfoglia,,,20.0,,True,True,500,2026-09-11T22:16:44+00:00,False,https://store.gryphline.com/products/arknights-acrylic-standee-the-wild-era?variant=52095922667836
gryphline_global:52095922700604,gryphline_global:10143117902140,gryphline_global,Global,USD,10143117902140,52095922700604,Mostima,6977427183309,Mostima,,,20.0,,True,True,500,2026-09-11T22:16:44+00:00,False,https://store.gryphline.com/products/arknights-acrylic-standee-the-wild-era?variant=52095922700604
gryphline_global:52095922110780,gryphline_global:10143117639996,gryphline_global,Global,USD,10143117639996,52095922110780,Rosmontis,6977427183354,Rosmontis,,,20.0,,True,True,500,2026-09-11T22:16:44+00:00,False,https://store.gryphline.com/products/arknights-acrylic-standee-blooms-of-time?variant=52095922110780
gryphline_global:52095922143548,gryphline_global:10143117639996,gryphline_global,Global,USD,10143117639996,52095922143548,Elysium,6977427183347,Elysium,,,20.0,,True,True,500,2026-09-11T22:16:44+00:00,False,https://store.gryphline.com/products/arknights-acrylic-standee-blooms-of-time?variant=52095922143548
gryphline_global:52095922176316,gryphline_global:10143117639996,gryphline_global,Global,USD,10143117639996,52095922176316,Nymph,6977427183323,Nymph,,,20.0,,True,True,500,2026-09-11T22:16:44+00:00,False,https://store.gryphline.com/products/arknights-acrylic-standee-blooms-of-time?variant=52095922176316
gryphline_global:52095922209084,gryphline_global:10143117639996,gryphline_global,Global,USD,10143117639996,52095922209084,Amiya,6977427183330,Amiya,,,20.0,,True,True,500,2026-09-11T22:16:44+00:00,False,https://store.gryphline.com/products/arknights-acrylic-standee-blooms-of-time?variant=52095922209084
gryphline_global:52095922241852,gryphline_global:10143117639996,gryphline_global,Global,USD,10143117639996,52095922241852,Specter the Unchained,6977427183361,Specter the Unchained,,,20.0,,True,True,500,2026-09-11T22:16:44+00:00,False,https://store.gryphline.com/products/arknights-acrylic-standee-blooms-of-time?variant=52095922241852
gryphline_global:52095946129724,gryphline_global:10143126159676,gryphline_global,Global,USD,10143126159676,52095946129724,Angelina,6977427183262,Angelina,,,20.0,,False,True,500,2026-09-11T22:16:44+00:00,False,https://store.gryphline.com/products/arknights-acrylic-standee-glazed-grace?variant=52095946129724
gryphline_global:52095946162492,gryphline_global:10143126159676,gryphline_global,Global,USD,10143126159676,52095946162492,Zuo Le,6977427183231,Zuo Le,,,20.0,,True,True,500,2026-09-11T22:16:44+00:00,False,https://store.gryphline.com/products/arknights-acrylic-standee-glazed-grace?variant=52095946162492
gryphline_global:52095946195260,gryphline_global:10143126159676,gryphline_global,Global,USD,10143126159676,52095946195260,Blaze,6977427183248,Blaze,,,20.0,,True,True,500,2026-09-11T22:16:44+00:00,False,https://store.gryphline.com/products/arknights-acrylic-standee-glazed-grace?variant=52095946195260
gryphline_global:52095946228028,gryphline_global:10143126159676,gryphline_global,Global,USD,10143126159676,52095946228028,Ch'en,6977427183255,Ch'en,,,20.0,,True,True,500,2026-09-11T22:16:44+00:00,False,https://store.gryphline.com/products/arknights-acrylic-standee-glazed-grace?variant=52095946228028
gryphline_global:52095946260796,gryphline_global:10143126159676,gryphline_global,Global,USD,10143126159676,52095946260796,Shu,6977427183224,Shu,,,20.0,,False,True,500,2026-09-11T22:16:44+00:00,False,https://store.gryphline.com/products/arknights-acrylic-standee-glazed-grace?variant=52095946260796
gryphline_global:52095995937084,gryphline_global:10143130288444,gryphline_global,Global,USD,10143130288444,52095995937084,Logos,6977427183200,Logos,,,20.0,,True,True,500,2026-09-11T22:16:44+00:00,False,https://store.gryphline.com/products/arknights-acrylic-standee-divine-reverie?variant=52095995937084
gryphline_global:52095995969852,gryphline_global:10143130288444,gryphline_global,Global,USD,10143130288444,52095995969852,Surtr,6977427183194,Surtr,,,20.0,,True,True,500,2026-09-11T22:16:44+00:00,False,https://store.gryphline.com/products/arknights-acrylic-standee-divine-reverie?variant=52095995969852
gryphline_global:52095996002620,gryphline_global:10143130288444,gryphline_global,Global,USD,10143130288444,52095996002620,Ebenholz,6977427183187,Ebenholz,,,20.0,,True,True,500,2026-09-11T22:16:44+00:00,False,https://store.gryphline.com/products/arknights-acrylic-standee-divine-reverie?variant=52095996002620
gryphline_global:52095996035388,gryphline_global:10143130288444,gryphline_global,Global,USD,10143130288444,52095996035388,Silence the Paradigmatic,6977427183217,Silence the Paradigmatic,,,20.0,,True,True,500,2026-09-11T22:16:44+00:00,False,https://store.gryphline.com/products/arknights-acrylic-standee-divine-reverie?variant=52095996035388
gryphline_global:52095996068156,gryphline_global:10143130288444,gryphline_global,Global,USD,10143130288444,52095996068156,Muelsyse,6977427183170,Muelsyse,,,20.0,,True,True,500,2026-09-11T22:16:44+00:00,False,https://store.gryphline.com/products/arknights-acrylic-standee-divine-reverie?variant=52095996068156
gryphline_global:52096058589500,gryphline_global:10143136121148,gryphline_global,Global,USD,10143136121148,52096058589500,Sora,6977427183156,Sora,,,20.0,,True,True,500,2026-09-11T22:16:44+00:00,False,https://store.gryphline.com/products/arknights-acrylic-standee-echoes-of-the-legends?variant=52096058589500
gryphline_global:52096058622268,gryphline_global:10143136121148,gryphline_global,Global,USD,10143136121148,52096058622268,Croissant,6977427183163,Croissant,,,20.0,,True,True,500,2026-09-11T22:16:44+00:00,False,https://store.gryphline.com/products/arknights-acrylic-standee-echoes-of-the-legends?variant=52096058622268
gryphline_global:52096058655036,gryphline_global:10143136121148,gryphline_global,Global,USD,10143136121148,52096058655036,Exusiai,6977427183132,Exusiai,,,20.0,,True,True,500,2026-09-11T22:16:44+00:00,False,https://store.gryphline.com/products/arknights-acrylic-standee-echoes-of-the-legends?variant=52096058655036
gryphline_global:52096058687804,gryphline_global:10143136121148,gryphline_global,Global,USD,10143136121148,52096058687804,Texas,6977427183149,Texas,,,20.0,,True,True,500,2026-09-11T22:16:44+00:00,False,https://store.gryphline.com/products/arknights-acrylic-standee-echoes-of-the-legends?variant=52096058687804
gryphline_global:52096058720572,gryphline_global:10143136121148,gryphline_global,Global,USD,10143136121148,52096058720572,Emperor,6977427183125,Emperor,,,20.0,,True,True,500,2026-09-11T22:16:44+00:00,False,https://store.gryphline.com/products/arknights-acrylic-standee-echoes-of-the-legends?variant=52096058720572
gryphline_global:52092202615100,gryphline_global:10142492328252,gryphline_global,Global,USD,10142492328252,52092202615100,Default Title,6977427183422,Default Title,,,13.0,,True,True,200,2026-09-11T22:16:44+00:00,False,https://store.gryphline.com/products/laser-ticket-set-echoes-of-the-legends?variant=52092202615100
gryphline_global:50597495701820,gryphline_global:9841991450940,gryphline_global,Global,USD,9841991450940,50597495701820,Default Title,MRFZQBSB1209,Default Title,,,50.0,,True,True,2510,2026-09-11T22:16:44+00:00,False,https://store.gryphline.com/products/arknights-mini-series-chibi-figure-solo-around-the-world?variant=50597495701820
gryphline_global:50597173494076,gryphline_global:9841919885628,gryphline_global,Global,USD,9841919885628,50597173494076,Default Title,MRFZTTMR1210,Default Title,,,32.0,,True,True,2510,2026-09-11T22:16:44+00:00,False,https://store.gryphline.com/products/arknights-bunny-plushie-sp-amiya-solo-around-the-world?variant=50597173494076
gryphline_global:50597656101180,gryphline_global:9842022744380,gryphline_global,Global,USD,9842022744380,50597656101180,1 random item,MRFZTXZ41201,1 random item,,,12.0,,True,True,200,2026-09-11T22:16:44+00:00,False,https://store.gryphline.com/products/arknights-sp-key-tag-blind-box-access-pass-the-dreamer?variant=50597656101180
gryphline_global:50597656133948,gryphline_global:9842022744380,gryphline_global,Global,USD,9842022744380,50597656133948,5-item set,MRFZTXZ41202,5-item set,,,48.0,60.0,True,True,1000,2026-09-11T22:16:44+00:00,False,https://store.gryphline.com/products/arknights-sp-key-tag-blind-box-access-pass-the-dreamer?variant=50597656133948
gryphline_global:50598042009916,gryphline_global:9842110005564,gryphline_global,Global,USD,9842110005564,50598042009916,1 random item,MRFZTXZ41203,1 random item,,,12.0,,True,True,200,2026-09-11T22:16:44+00:00,False,https://store.gryphline.com/products/arknights-sp-key-tag-blind-box-access-pass-the-pilgrim?variant=50598042009916
gryphline_global:50598042042684,gryphline_global:9842110005564,gryphline_global,Global,USD,9842110005564,50598042042684,5-item set,MRFZTXZ41204,5-item set,,,48.0,60.0,True,True,1000,2026-09-11T22:16:44+00:00,False,https://store.gryphline.com/products/arknights-sp-key-tag-blind-box-access-pass-the-pilgrim?variant=50598042042684
gryphline_global:50598074515772,gryphline_global:9842116526396,gryphline_global,Global,USD,9842116526396,50598074515772,1 random item,MRFZTXZ41205,1 random item,,,12.0,,True,True,200,2026-09-11T22:16:44+00:00,False,https://store.gryphline.com/products/arknights-sp-key-tag-blind-box-access-pass-the-throne?variant=50598074515772
gryphline_global:50598074548540,gryphline_global:9842116526396,gryphline_global,Global,USD,9842116526396,50598074548540,5-item set,MRFZTXZ41206,5-item set,,,48.0,60.0,True,True,1000,2026-09-11T22:16:44+00:00,False,https://store.gryphline.com/products/arknights-sp-key-tag-blind-box-access-pass-the-throne?variant=50598074548540
gryphline_global:50598098698556,gryphline_global:9842124685628,gryphline_global,Global,USD,9842124685628,50598098698556,1 random item,MRFZTXZ41207,1 random item,,,12.0,,True,True,200,2026-09-11T22:16:44+00:00,False,https://store.gryphline.com/products/arknights-sp-key-tag-blind-box-access-pass-nova-five-ultra-live?variant=50598098698556
gryphline_global:50598098731324,gryphline_global:9842124685628,gryphline_global,Global,USD,9842124685628,50598098731324,5-item set,MRFZTXZ41208,5-item set,,,48.0,60.0,True,True,1000,2026-09-11T22:16:44+00:00,False,https://store.gryphline.com/products/arknights-sp-key-tag-blind-box-access-pass-nova-five-ultra-live?variant=50598098731324
gryphline_global:49960216265020,gryphline_global:9655154147644,gryphline_global,Global,USD,9655154147644,49960216265020,1 random item,MRFZHZCX40701,1 random item,,,7.0,,True,True,200,2026-09-11T22:16:44+00:00,False,https://store.gryphline.com/products/arknights-sp-badge-blind-box-the-dreamer?variant=49960216265020
gryphline_global:49960216297788,gryphline_global:9655154147644,gryphline_global,Global,USD,9655154147644,49960216297788,5-item set,MRFZHZCX40702,5-item set,,,35.0,,True,True,500,2026-09-11T22:16:44+00:00,False,https://store.gryphline.com/products/arknights-sp-badge-blind-box-the-dreamer?variant=49960216297788
gryphline_global:49957434753340,gryphline_global:9655156736316,gryphline_global,Global,USD,9655156736316,49957434753340,M,MRFZTXAM40713,M,,,30.0,,False,True,800,2026-09-11T22:16:44+00:00,False,https://store.gryphline.com/products/arknights-t-shirt-amiya?variant=49957434753340
gryphline_global:49957434786108,gryphline_global:9655156736316,gryphline_global,Global,USD,9655156736316,49957434786108,L,MRFZTXAM40714,L,,,30.0,,False,True,800,2026-09-11T22:16:44+00:00,False,https://store.gryphline.com/products/arknights-t-shirt-amiya?variant=49957434786108
gryphline_global:49957434818876,gryphline_global:9655156736316,gryphline_global,Global,USD,9655156736316,49957434818876,XL,MRFZTXAM40715,XL,,,30.0,,False,True,800,2026-09-11T22:16:44+00:00,False,https://store.gryphline.com/products/arknights-t-shirt-amiya?variant=49957434818876
gryphline_global:49957106352444,gryphline_global:9655155458364,gryphline_global,Global,USD,9655155458364,49957106352444,Default Title,MRFZYBCX40709,Default Title,,,22.0,,False,True,800,2026-09-11T22:16:44+00:00,False,https://store.gryphline.com/products/arknights-acrylic-table-display-the-dreamer?variant=49957106352444
gryphline_global:49960217116988,gryphline_global:9655153819964,gryphline_global,Global,USD,9655153819964,49960217116988,1 random item,MRFZHZXZ40703,1 random item,,,7.0,,True,True,200,2026-09-11T22:16:44+00:00,False,https://store.gryphline.com/products/arknights-sp-badge-blind-box-the-pilgrim?variant=49960217116988
gryphline_global:49960217149756,gryphline_global:9655153819964,gryphline_global,Global,USD,9655153819964,49960217149756,5-item set,MRFZHZXZ40704,5-item set,,,35.0,,True,True,500,2026-09-11T22:16:44+00:00,False,https://store.gryphline.com/products/arknights-sp-badge-blind-box-the-pilgrim?variant=49960217149756
gryphline_global:49960464941372,gryphline_global:9655156867388,gryphline_global,Global,USD,9655156867388,49960464941372,M,MRFZTXKL40716,M,,,30.0,,False,True,800,2026-09-11T22:16:44+00:00,False,https://store.gryphline.com/products/arknights-t-shirt-kaltsit?variant=49960464941372
gryphline_global:49960464974140,gryphline_global:9655156867388,gryphline_global,Global,USD,9655156867388,49960464974140,L,MRFZTXKL40717,L,,,30.0,,False,True,800,2026-09-11T22:16:44+00:00,False,https://store.gryphline.com/products/arknights-t-shirt-kaltsit?variant=49960464974140
gryphline_global:49960465006908,gryphline_global:9655156867388,gryphline_global,Global,USD,9655156867388,49960465006908,XL,MRFZTXKL40718,XL,,,30.0,,False,True,800,2026-09-11T22:16:44+00:00,False,https://store.gryphline.com/products/arknights-t-shirt-kaltsit?variant=49960465006908
gryphline_global:49957109760316,gryphline_global:9655155949884,gryphline_global,Global,USD,9655155949884,49957109760316,Default Title,MRFZYBXZ40710,Default Title,,,22.0,,True,True,800,2026-09-11T22:16:44+00:00,False,https://store.gryphline.com/products/arknights-acrylic-table-display-the-pilgrim?variant=49957109760316
gryphline_global:49960219312444,gryphline_global:9655154278716,gryphline_global,Global,USD,9655154278716,49960219312444,1 random item,MRFZHZMR40705,1 random item,,,7.0,,True,True,200,2026-09-11T22:16:44+00:00,False,https://store.gryphline.com/products/arknights-sp-badge-blind-box-the-throne?variant=49960219312444
gryphline_global:49960219345212,gryphline_global:9655154278716,gryphline_global,Global,USD,9655154278716,49960219345212,5-item set,MRFZHZMR40706,5-item set,,,35.0,,True,True,500,2026-09-11T22:16:44+00:00,False,https://store.gryphline.com/products/arknights-sp-badge-blind-box-the-throne?variant=49960219345212
gryphline_global:49960465432892,gryphline_global:9655157031228,gryphline_global,Global,USD,9655157031228,49960465432892,M,MRFZTXTW40719,M,,,30.0,,False,True,800,2026-09-11T22:16:44+00:00,False,https://store.gryphline.com/products/arknights-t-shirt-siege?variant=49960465432892
gryphline_global:49960465465660,gryphline_global:9655157031228,gryphline_global,Global,USD,9655157031228,49960465465660,L,MRFZTXTW40720,L,,,30.0,,False,True,800,2026-09-11T22:16:44+00:00,False,https://store.gryphline.com/products/arknights-t-shirt-siege?variant=49960465465660
gryphline_global:49960465498428,gryphline_global:9655157031228,gryphline_global,Global,USD,9655157031228,49960465498428,XL,MRFZTXTW40721,XL,,,30.0,,False,True,800,2026-09-11T22:16:44+00:00,False,https://store.gryphline.com/products/arknights-t-shirt-siege?variant=49960465498428
gryphline_global:49957109170492,gryphline_global:9655155687740,gryphline_global,Global,USD,9655155687740,49957109170492,Default Title,MRFZYBMR40711,Default Title,,,22.0,,False,True,800,2026-09-11T22:16:44+00:00,False,https://store.gryphline.com/products/arknights-acrylic-table-display-the-throne?variant=49957109170492
gryphline_global:49960215511356,gryphline_global:9655153295676,gryphline_global,Global,USD,9655153295676,49960215511356,1 random item,MRFZHZYJ40707,1 random item,,,7.0,,True,True,200,2026-09-11T22:16:44+00:00,False,https://store.gryphline.com/products/arknights-sp-badge-blind-box?variant=49960215511356
gryphline_global:49960215544124,gryphline_global:9655153295676,gryphline_global,Global,USD,9655153295676,49960215544124,5-item set,MRFZHZYJ40708,5-item set,,,35.0,,True,True,500,2026-09-11T22:16:44+00:00,False,https://store.gryphline.com/products/arknights-sp-badge-blind-box?variant=49960215544124
gryphline_global:49960466153788,gryphline_global:9655157326140,gryphline_global,Global,USD,9655157326140,49960466153788,M,MRFZTXUL40722,M,,,30.0,,True,True,800,2026-09-11T22:16:44+00:00,False,https://store.gryphline.com/products/arknights-t-shirt-u-official?variant=49960466153788
gryphline_global:49960466186556,gryphline_global:9655157326140,gryphline_global,Global,USD,9655157326140,49960466186556,L,MRFZTXUL40723,L,,,30.0,,False,True,800,2026-09-11T22:16:44+00:00,False,https://store.gryphline.com/products/arknights-t-shirt-u-official?variant=49960466186556
gryphline_global:49960466219324,gryphline_global:9655157326140,gryphline_global,Global,USD,9655157326140,49960466219324,XL,MRFZTXUL40724,XL,,,30.0,,True,True,800,2026-09-11T22:16:44+00:00,False,https://store.gryphline.com/products/arknights-t-shirt-u-official?variant=49960466219324
gryphline_global:49957114151228,gryphline_global:9655156506940,gryphline_global,Global,USD,9655156506940,49957114151228,Default Title,MRFZYBYJ40712,Default Title,,,22.0,,False,True,800,2026-09-11T22:16:44+00:00,False,https://store.gryphline.com/products/arknights-acrylic-table-display-nova-five-ultra-live?variant=49957114151228
gryphline_global:49957092688188,gryphline_global:9655153066300,gryphline_global,Global,USD,9655153066300,49957092688188,Default Title,MRFZYL2440701,Default Title,,,65.0,,False,True,2900,2026-09-11T22:16:44+00:00,False,https://store.gryphline.com/products/arknights-ambience-synesthesia-2024-blu-ray-collector-s-box?variant=49957092688188
gryphline_global:48081755341116,gryphline_global:8975839887676,gryphline_global,Global,USD,8975839887676,48081755341116,Default Title,MRFZYL231101,Default Title,,,75.0,,True,True,3000,2026-09-11T22:16:44+00:00,False,https://store.gryphline.com/products/arknights-ambience-synesthesia-2023-wanted-collectors-edition-box?variant=48081755341116
gryphline_global:48041563685180,gryphline_global:8959212126524,gryphline_global,Global,USD,8959212126524,48041563685180,Default Title,MRFZSO231101,Default Title,,,40.0,,True,True,3000,2026-09-11T22:16:44+00:00,False,https://store.gryphline.com/products/ambience-synesthesia-2023-wanted-w-hand-puppet-jack-in-the-box?variant=48041563685180
