product_key,source,market,currency,product_id,title,source_product_type,category,category_method,vendor,tags,option_names,variant_count,price_min,price_max,available_variant_count,unknown_availability_count,published_at,source_updated_at,observed_at,is_simulated,rights_basis,source_url
yostar_us:8479499518122,yostar_us,US,USD,8479499518122,Arknights | First of A Thousand Autumns Commemoration Box | 6.5th Anniv,Box,纪念礼盒,title_and_store_type_rule_requires_review,ArknightsEN-Official,"[""Arknights"", ""Arknights 6.5 Anniv""]","[""Title""]",1,40.0,40.0,1,0,2026-07-12T12:26:38+08:00,2026-09-12T06:12:27+08:00,2026-09-11T22:16:44+00:00,False,publisher_official_store,https://us.yostar.store/products/arknights-first-of-a-thousand-autumns-commemoration-box-6-5th-anniv
yostar_us:8479509053610,yostar_us,US,USD,8479509053610,Arknights | Posable Plushie | 6.5th Anniv,Plushie,毛绒玩偶,title_and_store_type_rule_requires_review,ArknightsEN-Official,"[""Arknights"", ""Arknights 6.5 Anniv""]","[""Title""]",1,38.0,38.0,1,0,2026-07-12T12:26:53+08:00,2026-09-12T06:12:27+08:00,2026-09-11T22:16:44+00:00,False,publisher_official_store,https://us.yostar.store/products/arknights-posable-plushie-6-5th-anniv
yostar_us:8479498207402,yostar_us,US,USD,8479498207402,Arknights | Character Painted Glass Charm | 6.5th Anniv,Key Charm,挂件,title_and_store_type_rule_requires_review,ArknightsEN-Official,"[""Arknights"", ""Arknights 6.5 Anniv""]","[""Type""]",5,15.0,15.0,5,0,2026-07-12T12:26:40+08:00,2026-09-12T06:12:27+08:00,2026-09-11T22:16:44+00:00,False,publisher_official_store,https://us.yostar.store/products/arknights-character-painted-glass-charm-6-5th-anniv
yostar_us:8479507873962,yostar_us,US,USD,8479507873962,Arknights | Character Metal Pin | 6.5th Anniv,Metal Pin,徽章,title_and_store_type_rule_requires_review,ArknightsEN-Official,"[""Arknights"", ""Arknights 6.5 Anniv""]","[""Type""]",2,20.0,20.0,2,0,2026-07-12T12:26:41+08:00,2026-09-12T06:12:27+08:00,2026-09-11T22:16:44+00:00,False,publisher_official_store,https://us.yostar.store/products/arknights-character-metal-pin-6-5th-anniv
yostar_us:8425552511146,yostar_us,US,USD,8425552511146,Arknights | Operator Dango Plushie | Vernal Voyage,Plushie Key Charm,毛绒玩偶,title_and_store_type_rule_requires_review,ArknightsEN-Official,"[""Arknights"", ""Vernal Voyage""]","[""Type""]",3,20.0,20.0,3,0,2026-04-27T10:50:15+08:00,2026-09-12T06:12:27+08:00,2026-09-11T22:16:44+00:00,False,publisher_official_store,https://us.yostar.store/products/arknights-operator-dango-plushie-vernal-voyage
yostar_us:8425549037738,yostar_us,US,USD,8425549037738,Arknights | Acrylic Standee | Vernal Voyage,Acrylic Standee,亚克力制品,title_and_store_type_rule_requires_review,ArknightsEN-Official,"[""Arknights"", ""Vernal Voyage""]","[""Type""]",3,18.0,18.0,3,0,2026-04-27T10:50:12+08:00,2026-09-12T06:12:27+08:00,2026-09-11T22:16:44+00:00,False,publisher_official_store,https://us.yostar.store/products/arknights-acrylic-standee-vernal-voyage
yostar_us:8425549463722,yostar_us,US,USD,8425549463722,Arknights | Character Pin | Vernal Voyage,Pin,徽章,title_and_store_type_rule_requires_review,ArknightsEN-Official,"[""Arknights"", ""Vernal Voyage""]","[""Type""]",3,10.0,10.0,3,0,2026-04-27T10:50:13+08:00,2026-09-12T06:12:27+08:00,2026-09-11T22:16:44+00:00,False,publisher_official_store,https://us.yostar.store/products/arknights-character-pin-vernal-voyage-copy
yostar_us:8425548382378,yostar_us,US,USD,8425548382378,Arknights | Wiggling Ears Character Metal Pin | Vernal Voyage,Metal Pin,徽章,title_and_store_type_rule_requires_review,ArknightsEN-Official,"[""Arknights"", ""Vernal Voyage""]","[""Type""]",2,16.0,16.0,2,0,2026-04-27T10:50:10+08:00,2026-09-12T06:12:27+08:00,2026-09-11T22:16:44+00:00,False,publisher_official_store,https://us.yostar.store/products/arknights-wiggling-ears-character-metal-pin-vernal-voyage
yostar_us:8425556410538,yostar_us,US,USD,8425556410538,Arknights | Bucket Hat | Vernal Voyage,Hat,服饰,title_and_store_type_rule_requires_review,ArknightsEN-Official,"[""Arknights"", ""Vernal Voyage""]","[""Title""]",1,22.0,22.0,1,0,2026-04-27T10:50:16+08:00,2026-09-12T06:12:27+08:00,2026-09-11T22:16:44+00:00,False,publisher_official_store,https://us.yostar.store/products/arknights-bucket-hat-vernal-voyage
yostar_us:8425553199274,yostar_us,US,USD,8425553199274,Arknights | Karlan Business Bag | Vernal Voyage,Bag,箱包,title_and_store_type_rule_requires_review,ArknightsEN-Official,"[""Arknights"", ""Vernal Voyage""]","[""Title""]",1,40.0,40.0,1,0,2026-04-27T10:50:27+08:00,2026-09-12T06:12:27+08:00,2026-09-11T22:16:44+00:00,False,publisher_official_store,https://us.yostar.store/products/arknights-karlan-business-bag-vernal-voyage
yostar_us:8275681738922,yostar_us,US,USD,8275681738922,Arknights | Terra: A Journey—The Arknights Official Lore Compendium,Art Books,出版物,title_and_store_type_rule_requires_review,ArknightsEN-Official,"[""Arknights"", ""Terra: A Journey""]","[""Title""]",1,68.0,68.0,1,0,2025-10-24T09:15:32+08:00,2026-09-12T06:12:27+08:00,2026-09-11T22:16:44+00:00,False,publisher_official_store,https://us.yostar.store/products/arkninght-terra-a-journey-the-arknights-official-lore-compendium
yostar_us:8333635780778,yostar_us,US,USD,8333635780778,Arknights | 6th Anniversary Terran Banquet Kit | 6th Anniv,Anniversary Box,纪念礼盒,title_and_store_type_rule_requires_review,ArknightsEN-Official,"[""Arknights"", ""Arknights6thAnniv""]","[""Title""]",1,75.0,75.0,1,0,2026-01-11T12:51:09+08:00,2026-09-12T06:12:27+08:00,2026-09-11T22:16:44+00:00,False,publisher_official_store,https://us.yostar.store/products/arknights-6th-anniversary-terran-banquet-kit-6th-anniv
yostar_us:8333636403370,yostar_us,US,USD,8333636403370,Arknights | Thorns the Lodestar Plushie Key Charm | 6th Anniv,Plushie Key Charm,毛绒玩偶,title_and_store_type_rule_requires_review,ArknightsEN-Official,"[""Arknights"", ""Arknights6thAnniv""]","[""Title""]",1,15.0,15.0,1,0,2026-01-11T12:51:12+08:00,2026-09-12T06:12:27+08:00,2026-09-11T22:16:44+00:00,False,publisher_official_store,https://us.yostar.store/products/arknights-thorns-the-lodestar-plushie-key-charm-6th-anniv
yostar_us:8333636305066,yostar_us,US,USD,8333636305066,Arknights | Plushie | 6th Anniv,Plushie,毛绒玩偶,title_and_store_type_rule_requires_review,ArknightsEN-Official,"[""Arknights"", ""Arknights6thAnniv""]","[""Type""]",2,45.0,45.0,2,0,2026-01-11T12:51:10+08:00,2026-09-12T06:12:27+08:00,2026-09-11T22:16:44+00:00,False,publisher_official_store,https://us.yostar.store/products/arknights-plushie-6th-anniv
yostar_us:8333714915498,yostar_us,US,USD,8333714915498,Arknights | Lungmen Backpack | 6th Anniv,Bag,箱包,title_and_store_type_rule_requires_review,ArknightsEN-Official,"[""Arknights"", ""Arknights6thAnniv""]","[""Title""]",1,45.0,45.0,1,0,2026-01-11T12:51:26+08:00,2026-09-12T06:12:27+08:00,2026-09-11T22:16:44+00:00,False,publisher_official_store,https://us.yostar.store/products/arknights-lungmen-backpack-6th-anniv
yostar_us:8333645447338,yostar_us,US,USD,8333645447338,Arknights | Character Finger Puppet Charm | 6th Anniv,Plushie Key Charm,毛绒玩偶,title_and_store_type_rule_requires_review,ArknightsEN-Official,"[""Arknights"", ""Arknights6thAnniv""]","[""Type""]",2,15.0,15.0,2,0,2026-01-11T12:51:22+08:00,2026-09-12T06:12:27+08:00,2026-09-11T22:16:44+00:00,False,publisher_official_store,https://us.yostar.store/products/arknights-character-finger-puppet-charm-6th-anniv
yostar_us:8333655802026,yostar_us,US,USD,8333655802026,Arknights | Character Pin | 6th Anniv,Pin,徽章,title_and_store_type_rule_requires_review,ArknightsEN-Official,"[""Arknights"", ""Arknights6thAnniv""]","[""Type""]",5,10.0,10.0,5,0,2026-01-11T12:51:21+08:00,2026-09-12T06:12:27+08:00,2026-09-11T22:16:44+00:00,False,publisher_official_store,https://us.yostar.store/products/arknights-character-pin-6th-anniv
yostar_us:8333680115882,yostar_us,US,USD,8333680115882,Arknights | Character Acrylic Standee | 6th Anniv,Acrylic Standee,亚克力制品,title_and_store_type_rule_requires_review,ArknightsEN-Official,"[""Arknights"", ""Arknights6thAnniv""]","[""Type""]",3,18.0,18.0,3,0,2026-01-11T12:51:28+08:00,2026-09-12T06:12:27+08:00,2026-09-11T22:16:44+00:00,False,publisher_official_store,https://us.yostar.store/products/arknights-character-acrylic-standee-6th-anniv
yostar_us:8333708132522,yostar_us,US,USD,8333708132522,Arknights | Yunomi Teacup | 6th Anniv,Cup,杯具,title_and_store_type_rule_requires_review,ArknightsEN-Official,"[""Arknights"", ""Arknights6thAnniv""]","[""Title""]",1,20.0,20.0,1,0,2026-01-11T12:51:25+08:00,2026-09-12T06:12:27+08:00,2026-09-11T22:16:44+00:00,False,publisher_official_store,https://us.yostar.store/products/arknights-yunomi-teacup-6th-anniv
yostar_us:8333661667498,yostar_us,US,USD,8333661667498,Arknights | Ato Metal Pin Set | 6th Anniv,Metal Pin,徽章,title_and_store_type_rule_requires_review,ArknightsEN-Official,"[""Arknights"", ""Arknights6thAnniv""]","[""Title""]",1,25.0,25.0,1,0,2026-01-11T12:51:24+08:00,2026-09-12T06:12:27+08:00,2026-09-11T22:16:44+00:00,False,publisher_official_store,https://us.yostar.store/products/arknights-ato-metal-pin-set-6th-anniv
yostar_us:8291172548778,yostar_us,US,USD,8291172548778,Arknights | 2026 Calendar | Black Friday 2025,Calendar,桌面与生活用品,title_and_store_type_rule_requires_review,ArknightsEN-Official,"[""Arknights"", ""Black Friday 2025""]","[""Title""]",1,15.0,15.0,1,0,2025-11-14T10:13:12+08:00,2026-09-12T06:12:27+08:00,2026-09-11T22:16:44+00:00,False,publisher_official_store,https://us.yostar.store/products/arknights-2026-calendar-black-friday-2025
yostar_us:8291172974762,yostar_us,US,USD,8291172974762,Arknights | Plushie | Black Friday 2025,Plushie,毛绒玩偶,title_and_store_type_rule_requires_review,ArknightsEN-Official,"[""Arknights"", ""Black Friday 2025""]","[""Title""]",1,45.0,45.0,1,0,2025-11-14T10:13:03+08:00,2026-09-12T06:12:27+08:00,2026-09-11T22:16:44+00:00,False,publisher_official_store,https://us.yostar.store/products/arknights-plushie-black-friday-2025
yostar_us:8291181494442,yostar_us,US,USD,8291181494442,Arknights | Headhunting Bag | Black Friday 2025,Bag,箱包,title_and_store_type_rule_requires_review,ArknightsEN-Official,"[""Arknights"", ""Black Friday 2025""]","[""Title""]",1,45.0,45.0,1,0,2025-11-14T10:13:16+08:00,2026-09-12T06:12:27+08:00,2026-09-11T22:16:44+00:00,False,publisher_official_store,https://us.yostar.store/products/arknights-headhunting-bag-black-friday-2025
yostar_us:8291174383786,yostar_us,US,USD,8291174383786,Arknights | Acrylic Standee Set | Black Friday 2025,Acrylic Standee,亚克力制品,title_and_store_type_rule_requires_review,ArknightsEN-Official,"[""Arknights"", ""Black Friday 2025""]","[""Type""]",3,18.0,18.0,3,0,2025-11-14T10:13:14+08:00,2026-09-12T06:12:27+08:00,2026-09-11T22:16:44+00:00,False,publisher_official_store,https://us.yostar.store/products/arknights-acrylic-standee-set-black-friday-2025
yostar_us:8291174252714,yostar_us,US,USD,8291174252714,Arknights | Character Pin | Black Friday 2025,Pin,徽章,title_and_store_type_rule_requires_review,ArknightsEN-Official,"[""Arknights"", ""Black Friday 2025""]","[""Type""]",3,10.0,10.0,3,0,2025-11-14T10:13:10+08:00,2026-09-12T06:12:27+08:00,2026-09-11T22:16:44+00:00,False,publisher_official_store,https://us.yostar.store/products/arknights-character-pin-black-friday-2025
yostar_us:8291174023338,yostar_us,US,USD,8291174023338,Arknights | Magnetic Metal Pin | Black Friday 2025,Metal Pin,徽章,title_and_store_type_rule_requires_review,ArknightsEN-Official,"[""Arknights"", ""Black Friday 2025""]","[""Type""]",3,15.0,15.0,3,0,2025-11-14T10:13:04+08:00,2026-09-12T06:12:27+08:00,2026-09-11T22:16:44+00:00,False,publisher_official_store,https://us.yostar.store/products/arknights-magnetic-metal-pin-black-friday-2025
yostar_us:8291181625514,yostar_us,US,USD,8291181625514,Arknights | Babel Metal Pin Set | Black Friday 2025,Metal Pin,徽章,title_and_store_type_rule_requires_review,ArknightsEN-Official,"[""Arknights"", ""Black Friday 2025""]","[""Title""]",1,25.0,25.0,1,0,2025-11-14T10:13:30+08:00,2026-09-12T06:12:27+08:00,2026-09-11T22:16:44+00:00,False,publisher_official_store,https://us.yostar.store/products/arknights-babel-metal-pin-set-black-friday-2025
yostar_us:8291175039146,yostar_us,US,USD,8291175039146,Arknights | R.I. Cabin Shaker Charm | Black Friday 2025,Acrylic Charm,亚克力制品,title_and_store_type_rule_requires_review,ArknightsEN-Official,"[""Arknights"", ""Black Friday 2025""]","[""Type""]",2,15.0,15.0,2,0,2025-11-14T10:13:28+08:00,2026-09-12T06:12:27+08:00,2026-09-11T22:16:44+00:00,False,publisher_official_store,https://us.yostar.store/products/arknights-r-i-cabin-shaker-charm-black-friday-2025
yostar_us:8273910792362,yostar_us,US,USD,8273910792362,Arknights | Lucky Bag | Halloween 2025,Lucky Bag,福袋,title_and_store_type_rule_requires_review,ArknightsEN-Official,"[""Arknights"", ""Halloween 2025""]","[""Title""]",1,79.9,79.9,0,0,2025-10-24T09:16:22+08:00,2026-09-12T06:12:27+08:00,2026-09-11T22:16:44+00:00,False,publisher_official_store,https://us.yostar.store/products/arknights-lucky-bag-halloween-2025
yostar_us:8277248049322,yostar_us,US,USD,8277248049322,Arknights | Rhodes Island Sticky Note Set | Halloween 2025,Stickers,文具与纸品,title_and_store_type_rule_requires_review,ArknightsEN-Official,"[""Arknights"", ""Halloween 2025""]","[""Title""]",1,12.0,12.0,1,0,2025-10-24T09:15:56+08:00,2026-09-12T06:12:27+08:00,2026-09-11T22:16:44+00:00,False,publisher_official_store,https://us.yostar.store/products/arknights-rhodes-island-sticky-note-set-halloween-2025
yostar_us:8165252956330,yostar_us,US,USD,8165252956330,Arknights | Dress-up Costume | Halloween 2024,Dress-up Costume,其他待复核,title_and_store_type_rule_requires_review,ArknightsEN-Official,"[""All products"", ""Arknights"", ""Halloween 2024""]","[""style""]",2,8.0,15.0,2,0,2025-06-25T15:18:26+08:00,2026-09-12T06:12:27+08:00,2026-09-11T22:16:44+00:00,False,publisher_official_store,https://us.yostar.store/products/arknights-dress-up-costume-halloween-2024
yostar_us:8225386987690,yostar_us,US,USD,8225386987690,Arknights | Transparent Tote Bag | 2025 Summer Drop,Bag,箱包,title_and_store_type_rule_requires_review,ArknightsEN-Official,"[""All products"", ""Arknights"", ""Summer Drop""]","[""Type""]",2,20.0,20.0,2,0,2025-08-29T10:45:01+08:00,2026-09-12T06:12:27+08:00,2026-09-11T22:16:44+00:00,False,publisher_official_store,https://us.yostar.store/products/arknights-transparent-tote-bag-2025-summer-drop
yostar_us:8184960549034,yostar_us,US,USD,8184960549034,Arknights | Character Painted Glass Charm | 5.5th Anniv,Key Charm,挂件,title_and_store_type_rule_requires_review,ArknightsEN-Official,"[""Arknights"", ""Arknights 5.5th Anniversary"", ""Charm""]","[""Style""]",4,15.0,15.0,4,0,2025-07-10T16:33:05+08:00,2026-09-12T06:12:27+08:00,2026-09-11T22:16:44+00:00,False,publisher_official_store,https://us.yostar.store/products/arknights-character-painted-glass-charm-5-5th-anniv
yostar_us:8184995512490,yostar_us,US,USD,8184995512490,Arknights | Plushie Key Charm | 5.5th Anniv,Plushie Key Charm,毛绒玩偶,title_and_store_type_rule_requires_review,ArknightsEN-Official,"[""Arknights"", ""Arknights 5.5th Anniversary"", ""Charm"", ""Plushie""]","[""Style""]",3,15.0,15.0,1,0,2025-07-10T17:43:33+08:00,2026-09-12T06:12:27+08:00,2026-09-11T22:16:44+00:00,False,publisher_official_store,https://us.yostar.store/products/arknights-plushie-key-charm-5-5th-anniv
yostar_us:8184979849386,yostar_us,US,USD,8184979849386,Arknights | Rhodes Island Cap | 5.5th Anniv,Hat,服饰,title_and_store_type_rule_requires_review,ArknightsEN-Official,"[""Arknights"", ""Arknights 5.5th Anniversary"", ""Hat""]","[""Title""]",1,22.0,22.0,1,0,2025-07-10T17:02:57+08:00,2026-09-12T06:12:27+08:00,2026-09-11T22:16:44+00:00,False,publisher_official_store,https://us.yostar.store/products/arknights-rhodes-island-cap-5-5th-anniv
yostar_us:8184985059498,yostar_us,US,USD,8184985059498,Arknights | Acrylic Headhunting Bag Shaker Charm | 5.5th Anniv,Acrylic Charm,亚克力制品,title_and_store_type_rule_requires_review,ArknightsEN-Official,"[""Arknights"", ""Arknights 5.5th Anniversary"", ""Charm""]","[""Style""]",6,15.0,15.0,6,0,2025-07-10T17:17:38+08:00,2026-09-12T06:12:27+08:00,2026-09-11T22:16:44+00:00,False,publisher_official_store,https://us.yostar.store/products/arknights-acrylic-headhunting-bag-shaker-charm-5-5th-anniv
yostar_us:8184962875562,yostar_us,US,USD,8184962875562,Arknights | Thermal-EX,Figure,手办模玩,title_and_store_type_rule_requires_review,ArknightsEN-Official,"[""Arknights"", ""Model""]","[""Title""]",1,55.0,55.0,0,0,2025-07-10T16:37:54+08:00,2026-09-12T06:12:27+08:00,2026-09-11T22:16:44+00:00,False,publisher_official_store,https://us.yostar.store/products/arknights-thermal-ex
yostar_us:8165247353002,yostar_us,US,USD,8165247353002,Arknights | 3D Lenticular Acrylic Key Charm | I Portatori Dei Velluti,Acrylic Charm,亚克力制品,title_and_store_type_rule_requires_review,ArknightsEN-Official,"[""All products"", ""Arknights"", ""I Portatori Dei Velluti""]","[""Title""]",1,15.0,15.0,1,0,2025-06-25T15:13:33+08:00,2026-09-12T06:12:27+08:00,2026-09-11T22:16:44+00:00,False,publisher_official_store,https://us.yostar.store/products/arknights-arknights-official-artworks-vol-2-set-copy
yostar_us:8165247156394,yostar_us,US,USD,8165247156394,Arknights | Character Acrylic Standee | I Portatori Dei Velluti,Acrylic Standee,亚克力制品,title_and_store_type_rule_requires_review,ArknightsEN-Official,"[""All products"", ""Arknights"", ""I Portatori Dei Velluti""]","[""Style""]",2,20.0,20.0,2,0,2025-06-25T15:13:22+08:00,2026-09-12T06:12:27+08:00,2026-09-11T22:16:44+00:00,False,publisher_official_store,https://us.yostar.store/products/arknights-character-acrylic-standee-i-portatori-dei-velluti
yostar_us:8165247254698,yostar_us,US,USD,8165247254698,Arknights | Plushie | I Portatori Dei Velluti,Plushie,毛绒玩偶,title_and_store_type_rule_requires_review,ArknightsEN-Official,"[""All products"", ""Arknights"", ""I Portatori Dei Velluti""]","[""Style""]",2,45.0,45.0,2,0,2025-06-25T15:13:27+08:00,2026-09-12T06:12:27+08:00,2026-09-11T22:16:44+00:00,False,publisher_official_store,https://us.yostar.store/products/arknights-plushie-i-portatori-dei-velluti
yostar_us:8165247025322,yostar_us,US,USD,8165247025322,Arknights | Character Metal Pin | I Portatori Dei Velluti,Metal Pin,徽章,title_and_store_type_rule_requires_review,ArknightsEN-Official,"[""All products"", ""Arknights"", ""I Portatori Dei Velluti""]","[""Style""]",4,15.0,16.0,4,0,2025-06-25T15:13:13+08:00,2026-09-12T06:12:27+08:00,2026-09-11T22:16:44+00:00,False,publisher_official_store,https://us.yostar.store/products/arknights-character-acrylic-standee-i-portatori-dei-velluti-copy
yostar_us:8165247516842,yostar_us,US,USD,8165247516842,Arknights | Arknights Official Artworks Vol.2 Set,Art Books,出版物,title_and_store_type_rule_requires_review,ArknightsEN-Official,"[""All products"", ""Arknights"", ""Arknights Official Artworks Vol.2""]","[""Title""]",1,60.0,60.0,1,0,2025-06-25T15:13:40+08:00,2026-09-12T06:12:27+08:00,2026-09-11T22:16:44+00:00,False,publisher_official_store,https://us.yostar.store/products/arknights-arknights-official-artworks-vol-2-set
yostar_us:8165249777834,yostar_us,US,USD,8165249777834,Arknights | 5th Anniversary Mystique Celebration Kit,Anniversary Box,纪念礼盒,title_and_store_type_rule_requires_review,ArknightsEN-Official,"[""All products"", ""Arknights"", ""Arknights 5th Anniv""]","[""Title""]",1,75.0,75.0,1,0,2025-06-25T15:15:43+08:00,2026-09-12T06:12:27+08:00,2026-09-11T22:16:44+00:00,False,publisher_official_store,https://us.yostar.store/products/arknights-5th-anniversary-mystique-celebration-kit
yostar_us:8165249613994,yostar_us,US,USD,8165249613994,Arknights | Glow-in-the-dark Metal Pin | 5th Anniv,Metal Pin,徽章,title_and_store_type_rule_requires_review,ArknightsEN-Official,"[""All products"", ""Arknights"", ""Arknights 5th Anniv""]","[""style""]",3,20.0,20.0,3,0,2025-06-25T15:15:34+08:00,2026-09-12T06:12:27+08:00,2026-09-11T22:16:44+00:00,False,publisher_official_store,https://us.yostar.store/products/arknights-glow-in-the-dark-metal-pin-5th-anniv
yostar_us:8165249482922,yostar_us,US,USD,8165249482922,Arknights | Pepe Plushie Key Charm | 5th Anniv,Plushie Key Charm,毛绒玩偶,title_and_store_type_rule_requires_review,ArknightsEN-Official,"[""All products"", ""Arknights"", ""Arknights 5th Anniv""]","[""Title""]",1,15.0,15.0,1,0,2025-06-25T15:15:29+08:00,2026-09-12T06:12:27+08:00,2026-09-11T22:16:44+00:00,False,publisher_official_store,https://us.yostar.store/products/arknights-pepe-plushie-key-charm-5th-anniv
yostar_us:8165249384618,yostar_us,US,USD,8165249384618,Arknights | Coin Purse | 5th Anniv,Coin Purse,箱包,title_and_store_type_rule_requires_review,ArknightsEN-Official,"[""All products"", ""Arknights"", ""Arknights 5th Anniv""]","[""Title""]",1,18.0,18.0,1,0,2025-06-25T15:15:21+08:00,2026-09-12T06:12:27+08:00,2026-09-11T22:16:44+00:00,False,publisher_official_store,https://us.yostar.store/products/arknights-coin-purse-5th-anniv
yostar_us:8165249253546,yostar_us,US,USD,8165249253546,Arknights | Plushie | 5th Anniv,Plushie,毛绒玩偶,title_and_store_type_rule_requires_review,ArknightsEN-Official,"[""All products"", ""Arknights"", ""Arknights 5th Anniv""]","[""style""]",2,45.0,45.0,2,0,2025-06-25T15:15:10+08:00,2026-09-12T06:12:27+08:00,2026-09-11T22:16:44+00:00,False,publisher_official_store,https://us.yostar.store/products/arknights-plushie-5th-anniv
yostar_us:8165249024170,yostar_us,US,USD,8165249024170,Arknights | Operator Key Charm | 5th Anniv,Key Charm,挂件,title_and_store_type_rule_requires_review,ArknightsEN-Official,"[""All products"", ""Arknights"", ""Arknights 5th Anniv""]","[""style""]",6,12.0,12.0,6,0,2025-06-25T15:14:56+08:00,2026-09-12T06:12:27+08:00,2026-09-11T22:16:44+00:00,False,publisher_official_store,https://us.yostar.store/products/arknights-operator-key-charm-5th-anniv
yostar_us:8165254561962,yostar_us,US,USD,8165254561962,Arknights | Monster Siren Resonance Collectors Edition Artbook Vol.1,Art Books,出版物,title_and_store_type_rule_requires_review,ArknightsEN-Official,"[""All products"", ""Arknights"", ""Arknights Monster Siren""]","[""Title""]",1,25.0,25.0,0,0,2025-06-25T15:19:49+08:00,2026-09-12T06:12:27+08:00,2026-09-11T22:16:44+00:00,False,publisher_official_store,https://us.yostar.store/products/arknights-monster-siren-resonance-collectors-edition-artbook-vol-1
yostar_us:8165251776682,yostar_us,US,USD,8165251776682,Arknights | Spring Fling Wobble Egg | Black Friday 2024,Blind Box,盲盒,title_and_store_type_rule_requires_review,ArknightsEN-Official,"[""All products"", ""Arknights"", ""Black Friday 2024""]","[""style""]",2,18.0,108.0,2,0,2025-06-25T15:17:16+08:00,2026-09-12T06:12:27+08:00,2026-09-11T22:16:44+00:00,False,publisher_official_store,https://us.yostar.store/products/arknights-spring-fling-wobble-egg-black-friday-2024
yostar_us:8165252366506,yostar_us,US,USD,8165252366506,Arknights | Plushie | Black Friday 2024,Plushie,毛绒玩偶,title_and_store_type_rule_requires_review,ArknightsEN-Official,"[""All products"", ""Arknights"", ""Black Friday 2024""]","[""Title""]",1,45.0,45.0,1,0,2025-06-25T15:17:55+08:00,2026-09-12T06:12:27+08:00,2026-09-11T22:16:44+00:00,False,publisher_official_store,https://us.yostar.store/products/arknights-plushie-black-friday-2024
yostar_us:8165252300970,yostar_us,US,USD,8165252300970,Arknights | Acrylic Standee | Black Friday 2024,Acrylic Standee,亚克力制品,title_and_store_type_rule_requires_review,ArknightsEN-Official,"[""All products"", ""Arknights"", ""Black Friday 2024""]","[""style""]",5,10.0,10.0,5,0,2025-06-25T15:17:43+08:00,2026-09-12T06:12:27+08:00,2026-09-11T22:16:44+00:00,False,publisher_official_store,https://us.yostar.store/products/arknights-acrylic-standee-black-friday-2024
yostar_us:8165252595882,yostar_us,US,USD,8165252595882,Arknights | 2025 Calendar | Black Friday 2024,Calendar,桌面与生活用品,title_and_store_type_rule_requires_review,ArknightsEN-Official,"[""All products"", ""Arknights"", ""Black Friday 2024""]","[""Title""]",1,15.0,15.0,1,0,2025-06-25T15:18:03+08:00,2026-09-12T06:12:27+08:00,2026-09-11T22:16:44+00:00,False,publisher_official_store,https://us.yostar.store/products/arknights-2025-calendar-black-friday-2024
yostar_us:8165251874986,yostar_us,US,USD,8165251874986,Arknights | Tote Bag | Black Friday 2024,Tote bag,箱包,title_and_store_type_rule_requires_review,ArknightsEN-Official,"[""All products"", ""Arknights"", ""Black Friday 2024""]","[""Title""]",1,20.0,20.0,1,0,2025-06-25T15:17:31+08:00,2026-09-12T06:12:27+08:00,2026-09-11T22:16:44+00:00,False,publisher_official_store,https://us.yostar.store/products/arknights-tote-bag-black-friday-2024
yostar_us:8165252038826,yostar_us,US,USD,8165252038826,Arknights | Fridge Magnet | Black Friday 2024,Fridge Magnet,桌面与生活用品,title_and_store_type_rule_requires_review,ArknightsEN-Official,"[""All products"", ""Arknights"", ""Black Friday 2024""]","[""style""]",3,10.0,10.0,3,0,2025-06-25T15:17:33+08:00,2026-09-12T06:12:27+08:00,2026-09-11T22:16:44+00:00,False,publisher_official_store,https://us.yostar.store/products/arknights-fridge-magnet-black-friday-2024
yostar_us:8165263048874,yostar_us,US,USD,8165263048874,Arknights | Arknights Official Artworks Vol.1 Set,Art Books,出版物,title_and_store_type_rule_requires_review,ArknightsEN-Official,"[""All products"", ""Arknights""]","[""Title""]",1,60.0,60.0,0,0,2025-06-25T15:27:06+08:00,2026-09-12T06:12:27+08:00,2026-09-11T22:16:44+00:00,False,publisher_official_store,https://us.yostar.store/products/arknights-arknights-official-artworks-vol-1-set
yostar_us:8165250171050,yostar_us,US,USD,8165250171050,Arknights | Christmas Dress-up Costume | Black Friday 2024,Dress-up Costume,其他待复核,title_and_store_type_rule_requires_review,ArknightsEN-Official,"[""All products"", ""Arknights"", ""Black Friday 2024""]","[""Title""]",1,15.0,15.0,1,0,2025-06-25T15:16:07+08:00,2026-09-12T06:12:27+08:00,2026-09-11T22:16:44+00:00,False,publisher_official_store,https://us.yostar.store/products/arknights-christmas-dress-up-costume-black-friday-2024
yostar_us:8165249843370,yostar_us,US,USD,8165249843370,Arknights | Christmas Acrylic Charm| Black Friday 2024,Acrylic Charm,亚克力制品,title_and_store_type_rule_requires_review,ArknightsEN-Official,"[""All products"", ""Arknights"", ""Black Friday 2024""]","[""Title""]",1,8.0,8.0,1,0,2025-06-25T15:15:57+08:00,2026-09-12T06:12:27+08:00,2026-09-11T22:16:44+00:00,False,publisher_official_store,https://us.yostar.store/products/arknights-christmas-acrylic-charm-black-friday-2024
yostar_us:8165253087402,yostar_us,US,USD,8165253087402,Arknights | Lucky Bag | Halloween 2024,Lucky Bag,福袋,title_and_store_type_rule_requires_review,ArknightsEN-Official,"[""All products"", ""Arknights"", ""Halloween 2024""]","[""Title""]",1,79.9,79.9,0,0,2025-06-25T15:18:30+08:00,2026-09-12T06:12:27+08:00,2026-09-11T22:16:44+00:00,False,publisher_official_store,https://us.yostar.store/products/arknights-lucky-bag-halloween-2024
yostar_us:8165253480618,yostar_us,US,USD,8165253480618,Arknights | Character Acrylic Standee | Rainbow Six Siege,Acrylic Standee,亚克力制品,title_and_store_type_rule_requires_review,ArknightsEN-Official,"[""All products"", ""Arknights"", ""Arknights x Rainbow Six Siege""]","[""Style""]",4,18.0,18.0,4,0,2025-06-25T15:18:49+08:00,2026-09-12T06:12:27+08:00,2026-09-11T22:16:44+00:00,False,publisher_official_store,https://us.yostar.store/products/arknights-character-acrylic-standee-rainbow-six-siege
yostar_us:8165253349546,yostar_us,US,USD,8165253349546,Arknights | Tablemat | Rainbow Six Siege,Table Mat,桌面与生活用品,title_and_store_type_rule_requires_review,ArknightsEN-Official,"[""All products"", ""Arknights"", ""Arknights x Rainbow Six Siege""]","[""Title""]",1,20.0,20.0,0,0,2025-06-25T15:18:46+08:00,2026-09-12T06:12:27+08:00,2026-09-11T22:16:44+00:00,False,publisher_official_store,https://us.yostar.store/products/arknights-tablemat-rainbow-six-siege
yostar_us:8165255413930,yostar_us,US,USD,8165255413930,Arknights | Shu Gift Box | 4.5 Anniv,Anniversary Box,纪念礼盒,title_and_store_type_rule_requires_review,ArknightsEN-Official,"[""All products"", ""Arknights"", ""Arknights 4.5 Anniv""]","[""Title""]",1,40.0,40.0,0,0,2025-06-25T15:20:23+08:00,2026-09-12T06:12:27+08:00,2026-09-11T22:16:44+00:00,False,publisher_official_store,https://us.yostar.store/products/arknights-shu-gift-box-4-5-anniv
yostar_us:8165255282858,yostar_us,US,USD,8165255282858,Arknights | Character Painted Glass Charm | 4.5 Anniv,Key Charm,挂件,title_and_store_type_rule_requires_review,ArknightsEN-Official,"[""All products"", ""Arknights"", ""Arknights 4.5 Anniv""]","[""Style""]",5,15.0,15.0,4,0,2025-06-25T15:20:11+08:00,2026-09-12T06:12:27+08:00,2026-09-11T22:16:44+00:00,False,publisher_official_store,https://us.yostar.store/products/arknights-character-painted-glass-charm-4-5-anniv
yostar_us:8165254824106,yostar_us,US,USD,8165254824106,Arknights | Plushie | 4.5 Anniv,Plushie,毛绒玩偶,title_and_store_type_rule_requires_review,ArknightsEN-Official,"[""All products"", ""Arknights"", ""Arknights 4.5 Anniv""]","[""Title""]",1,45.0,45.0,1,0,2025-06-25T15:19:57+08:00,2026-09-12T06:12:27+08:00,2026-09-11T22:16:44+00:00,False,publisher_official_store,https://us.yostar.store/products/arknights-plushie-4-5-anniv
yostar_us:8165254660266,yostar_us,US,USD,8165254660266,Arknights | Tote Bag | 4.5 Anniv,Tote bag,箱包,title_and_store_type_rule_requires_review,ArknightsEN-Official,"[""All products"", ""Arknights"", ""Arknights 4.5 Anniv""]","[""Title""]",1,25.0,25.0,1,0,2025-06-25T15:19:52+08:00,2026-09-12T06:12:27+08:00,2026-09-11T22:16:44+00:00,False,publisher_official_store,https://us.yostar.store/products/arknights-tote-bag-4-5-anniv
yostar_us:8165255020714,yostar_us,US,USD,8165255020714,Arknights | Character Metal Pin | 4.5 Anniv,Metal Pin,徽章,title_and_store_type_rule_requires_review,ArknightsEN-Official,"[""All products"", ""Arknights"", ""Arknights 4.5 Anniv""]","[""Style""]",2,20.0,20.0,2,0,2025-06-25T15:20:04+08:00,2026-09-12T06:12:27+08:00,2026-09-11T22:16:44+00:00,False,publisher_official_store,https://us.yostar.store/products/arknights-character-metal-pin-4-5-anniv
yostar_us:8165255774378,yostar_us,US,USD,8165255774378,Arknights | Camping Tableware Set | Rhodes Island Vacation,Camping Tableware Set,桌面与生活用品,title_and_store_type_rule_requires_review,ArknightsEN-Official,"[""All products"", ""Arknights"", ""Rhodes Island Vacation""]","[""Title""]",1,45.0,45.0,1,0,2025-06-25T15:20:40+08:00,2026-09-12T06:12:27+08:00,2026-09-11T22:16:44+00:00,False,publisher_official_store,https://us.yostar.store/products/arknights-camping-tableware-set-rhodes-island-vacation
yostar_us:8165255938218,yostar_us,US,USD,8165255938218,Arknights | Plushie Clip | Rhodes Island Vacation,Plushie Clip,毛绒玩偶,title_and_store_type_rule_requires_review,ArknightsEN-Official,"[""All products"", ""Arknights"", ""Rhodes Island Vacation""]","[""Style""]",3,20.0,20.0,3,0,2025-06-25T15:20:46+08:00,2026-09-12T06:12:27+08:00,2026-09-11T22:16:44+00:00,False,publisher_official_store,https://us.yostar.store/products/arknights-plushie-clip-rhodes-island-vacation
yostar_us:8165255839914,yostar_us,US,USD,8165255839914,Arknights | Embroidery Sticker Set | Rhodes Island Vacation,Embroidery Sticker Set,文具与纸品,title_and_store_type_rule_requires_review,ArknightsEN-Official,"[""All products"", ""Arknights"", ""Rhodes Island Vacation""]","[""Title""]",1,12.0,12.0,1,0,2025-06-25T15:20:43+08:00,2026-09-12T06:12:27+08:00,2026-09-11T22:16:44+00:00,False,publisher_official_store,https://us.yostar.store/products/arknights-embroidery-sticker-set-rhodes-island-vacation
yostar_us:8165256036522,yostar_us,US,USD,8165256036522,Arknights | Inflatable Sofa | Rhodes Island Vacation,Inflatable Sofa,桌面与生活用品,title_and_store_type_rule_requires_review,ArknightsEN-Official,"[""All products"", ""Arknights"", ""Rhodes Island Vacation""]","[""Title""]",1,16.0,16.0,1,0,2025-06-25T15:20:52+08:00,2026-09-12T06:12:27+08:00,2026-09-11T22:16:44+00:00,False,publisher_official_store,https://us.yostar.store/products/arknights-inflatable-sofa-rhodes-island-vacation
yostar_us:8165257314474,yostar_us,US,USD,8165257314474,Arknights | Arknights Comic,Art Books,出版物,title_and_store_type_rule_requires_review,ArknightsEN-Official,"[""All products"", ""Arknights""]","[""Title""]",1,20.0,20.0,1,0,2025-06-25T15:21:44+08:00,2026-09-12T06:12:27+08:00,2026-09-11T22:16:44+00:00,False,publisher_official_store,https://us.yostar.store/products/arknights-arknights-comic
yostar_us:8165257445546,yostar_us,US,USD,8165257445546,Arknights | 4th Anniversary Terra Fatorum Kit,Gift Box,纪念礼盒,title_and_store_type_rule_requires_review,ArknightsEN-Official,"[""All products"", ""Arknights"", ""Arknights 4th Anniv""]","[""Title""]",1,75.0,75.0,1,0,2025-06-25T15:21:47+08:00,2026-09-12T06:12:27+08:00,2026-09-11T22:16:44+00:00,False,publisher_official_store,https://us.yostar.store/products/arknights-4th-anniversary-terra-fatorum-kit
yostar_us:8165257543850,yostar_us,US,USD,8165257543850,Arknights | Accessories Set | 4th Anniv,Necklace,饰品,title_and_store_type_rule_requires_review,ArknightsEN-Official,"[""All products"", ""Arknights"", ""Arknights 4th Anniv""]","[""Title""]",1,20.0,20.0,1,0,2025-06-25T15:21:56+08:00,2026-09-12T06:12:27+08:00,2026-09-11T22:16:44+00:00,False,publisher_official_store,https://us.yostar.store/products/arknights-accessories-set-4th-anniv
yostar_us:8165257805994,yostar_us,US,USD,8165257805994,Arknights | Operator Key Charm | 4th Anniv,Key Charm,挂件,title_and_store_type_rule_requires_review,ArknightsEN-Official,"[""All products"", ""Arknights"", ""Arknights 4th Anniv""]","[""Type""]",6,12.0,12.0,6,0,2025-06-25T15:21:59+08:00,2026-09-12T06:12:27+08:00,2026-09-11T22:16:44+00:00,False,publisher_official_store,https://us.yostar.store/products/arknights-operator-key-charm-4th-anniv
yostar_us:8165258002602,yostar_us,US,USD,8165258002602,Arknights | Eyjafjalla Plushie Key Charm | 4th Anniv,Plushie Key Charm,毛绒玩偶,title_and_store_type_rule_requires_review,ArknightsEN-Official,"[""All products"", ""Arknights"", ""Arknights 4th Anniv""]","[""Type""]",2,15.0,15.0,2,0,2025-06-25T15:22:10+08:00,2026-09-12T06:12:27+08:00,2026-09-11T22:16:44+00:00,False,publisher_official_store,https://us.yostar.store/products/arknights-eyjafjalla-plushie-key-charm-4th-anniv
yostar_us:8165258068138,yostar_us,US,USD,8165258068138,Arknights | Soft Blanket | 4th Anniv,Blankets,桌面与生活用品,title_and_store_type_rule_requires_review,ArknightsEN-Official,"[""All products"", ""Arknights"", ""Arknights 4th Anniv""]","[""Title""]",1,58.0,58.0,1,0,2025-06-25T15:22:17+08:00,2026-09-12T06:12:27+08:00,2026-09-11T22:16:44+00:00,False,publisher_official_store,https://us.yostar.store/products/arknights-soft-blanket-4th-anniv
yostar_us:8165258133674,yostar_us,US,USD,8165258133674,Arknights | Plushie | 4th Anniv,Plushie,毛绒玩偶,title_and_store_type_rule_requires_review,ArknightsEN-Official,"[""All products"", ""Arknights"", ""Arknights 4th Anniv""]","[""Type""]",5,45.0,45.0,5,0,2025-06-25T15:22:21+08:00,2026-09-12T06:12:27+08:00,2026-09-11T22:16:44+00:00,False,publisher_official_store,https://us.yostar.store/products/arknights-plushie-4th-anniv
yostar_us:8165258199210,yostar_us,US,USD,8165258199210,Arknights | Glow-in-the-dark Metal Pin | 4th Anniv,Metal Pin,徽章,title_and_store_type_rule_requires_review,ArknightsEN-Official,"[""All products"", ""Arknights"", ""Arknights 4th Anniv""]","[""Type""]",3,20.0,20.0,3,0,2025-06-25T15:22:30+08:00,2026-09-12T06:12:27+08:00,2026-09-11T22:16:44+00:00,False,publisher_official_store,https://us.yostar.store/products/arknights-glow-in-the-dark-metal-pin-4th-anniv
yostar_us:8165258264746,yostar_us,US,USD,8165258264746,Arknights | Travel Organizer Bag | 4th Anniv,Bag,箱包,title_and_store_type_rule_requires_review,ArknightsEN-Official,"[""All products"", ""Arknights"", ""Arknights 4th Anniv""]","[""Type""]",2,20.0,20.0,2,0,2025-06-25T15:22:42+08:00,2026-09-12T06:12:27+08:00,2026-09-11T22:16:44+00:00,False,publisher_official_store,https://us.yostar.store/products/arknights-travel-organizer-bag-4th-anniv
yostar_us:8165258330282,yostar_us,US,USD,8165258330282,Arknights | Messenger Bag | 4th Anniv,Bag,箱包,title_and_store_type_rule_requires_review,ArknightsEN-Official,"[""All products"", ""Arknights"", ""Arknights 4th Anniv""]","[""Title""]",1,40.0,40.0,1,0,2025-06-25T15:22:50+08:00,2026-09-12T06:12:27+08:00,2026-09-11T22:16:44+00:00,False,publisher_official_store,https://us.yostar.store/products/arknights-messenger-bag-4th-anniv
yostar_us:8165258625194,yostar_us,US,USD,8165258625194,Arknights | BBQ Theme Blind Box Figure | Mizuki & Friends Ensemble,Figure,盲盒,title_and_store_type_rule_requires_review,ArknightsEN-Official,"[""All products"", ""Arknights"", ""Mizuki & Friends Ensemble""]","[""Type""]",2,18.0,98.0,2,0,2025-06-25T15:22:57+08:00,2026-09-12T06:12:27+08:00,2026-09-11T22:16:44+00:00,False,publisher_official_store,https://us.yostar.store/products/arknights-bbq-theme-blind-box-figure-mizuki-friends-ensemble
yostar_us:8165258690730,yostar_us,US,USD,8165258690730,Arknights | Mizuki Art Painting | Mizuki & Friends Ensemble,Art Painting,装饰画与挂画,title_and_store_type_rule_requires_review,ArknightsEN-Official,"[""All products"", ""Arknights"", ""Mizuki & Friends Ensemble""]","[""Title""]",1,50.0,50.0,1,0,2025-06-25T15:23:08+08:00,2026-09-12T06:12:27+08:00,2026-09-11T22:16:44+00:00,False,publisher_official_store,https://us.yostar.store/products/arknights-mizuki-art-painting-mizuki-friends-ensemble
yostar_us:8165258789034,yostar_us,US,USD,8165258789034,Arknights | Glow-in-the-dark Glass | Mizuki & Friends Ensemble,Cup,杯具,title_and_store_type_rule_requires_review,ArknightsEN-Official,"[""All products"", ""Arknights"", ""Mizuki & Friends Ensemble""]","[""Type""]",2,25.0,25.0,2,0,2025-06-25T15:23:10+08:00,2026-09-12T06:12:27+08:00,2026-09-11T22:16:44+00:00,False,publisher_official_store,https://us.yostar.store/products/arknights-glow-in-the-dark-glass-mizuki-friends-ensemble
yostar_us:8165258887338,yostar_us,US,USD,8165258887338,Arknights | Mizuki Teru Teru Rain Doll | Mizuki & Friends Ensemble,Plushie Key Charm,毛绒玩偶,title_and_store_type_rule_requires_review,ArknightsEN-Official,"[""All products"", ""Arknights"", ""Mizuki & Friends Ensemble""]","[""Type""]",2,15.0,15.0,2,0,2025-06-25T15:23:18+08:00,2026-09-12T06:12:27+08:00,2026-09-11T22:16:44+00:00,False,publisher_official_store,https://us.yostar.store/products/arknights-mizuki-teru-teru-rain-doll-mizuki-friends-ensemble
yostar_us:8165258985642,yostar_us,US,USD,8165258985642,Arknights | Mizuki Plushie | Mizuki & Friends Ensemble,Plushie,毛绒玩偶,title_and_store_type_rule_requires_review,ArknightsEN-Official,"[""All products"", ""Arknights"", ""Mizuki & Friends Ensemble""]","[""Title""]",1,45.0,45.0,1,0,2025-06-25T15:23:24+08:00,2026-09-12T06:12:27+08:00,2026-09-11T22:16:44+00:00,False,publisher_official_store,https://us.yostar.store/products/arknights-mizuki-plushie-mizuki-friends-ensemble
yostar_us:8165259149482,yostar_us,US,USD,8165259149482,Arknights | Mizuki Gift Box | Mizuki & Friends Ensemble,Gift Box,纪念礼盒,title_and_store_type_rule_requires_review,ArknightsEN-Official,"[""All products"", ""Arknights"", ""Mizuki & Friends Ensemble""]","[""Title""]",1,58.0,58.0,1,0,2025-06-25T15:23:29+08:00,2026-09-12T06:12:27+08:00,2026-09-11T22:16:44+00:00,False,publisher_official_store,https://us.yostar.store/products/arknights-mizuki-gift-box-mizuki-friends-ensemble
yostar_us:8165259968682,yostar_us,US,USD,8165259968682,Arknights | CHOSHANLAND Kitten Plushie,Plushie,毛绒玩偶,title_and_store_type_rule_requires_review,ArknightsEN-Official,"[""All products"", ""Arknights"", ""Black Friday 2023""]","[""Type""]",4,35.0,35.0,1,0,2025-06-25T15:24:10+08:00,2026-09-12T06:12:27+08:00,2026-09-11T22:16:44+00:00,False,publisher_official_store,https://us.yostar.store/products/arknights-choshanland-kitten-plushie
yostar_us:8165260099754,yostar_us,US,USD,8165260099754,Arknights | 2024 Calendar | Black Friday 2023,Calendar,桌面与生活用品,title_and_store_type_rule_requires_review,ArknightsEN-Official,"[""All products"", ""Arknights"", ""Black Friday 2023"", ""On Sale""]","[""Title""]",1,5.0,5.0,0,0,2025-06-25T15:24:18+08:00,2026-09-12T06:12:27+08:00,2026-09-11T22:16:44+00:00,False,publisher_official_store,https://us.yostar.store/products/arknights-2024-calendar-black-friday-2023
yostar_us:8165260427434,yostar_us,US,USD,8165260427434,Arknights | Faction Pin | Black Friday 2023,Metal Pin,徽章,title_and_store_type_rule_requires_review,ArknightsEN-Official,"[""All products"", ""Arknights"", ""Black Friday 2023""]","[""Type""]",6,10.0,10.0,6,0,2025-06-25T15:24:33+08:00,2026-09-12T06:12:27+08:00,2026-09-11T22:16:44+00:00,False,publisher_official_store,https://us.yostar.store/products/arknights-faction-pin-black-friday-2023
yostar_us:8165260198058,yostar_us,US,USD,8165260198058,Arknights | Plushie | Black Friday 2023,Plushie,毛绒玩偶,title_and_store_type_rule_requires_review,ArknightsEN-Official,"[""All products"", ""Arknights"", ""Black Friday 2023""]","[""Title""]",1,45.0,45.0,1,0,2025-06-25T15:24:26+08:00,2026-09-12T06:12:27+08:00,2026-09-11T22:16:44+00:00,False,publisher_official_store,https://us.yostar.store/products/arknights-plushie-black-friday-2023
yostar_us:8165260263594,yostar_us,US,USD,8165260263594,Arknights | Mouse Pad | Black Friday 2023,Mouse Pad,桌面与生活用品,title_and_store_type_rule_requires_review,ArknightsEN-Official,"[""All products"", ""Arknights"", ""Black Friday 2023""]","[""Title""]",1,12.0,12.0,1,0,2025-06-25T15:24:30+08:00,2026-09-12T06:12:27+08:00,2026-09-11T22:16:44+00:00,False,publisher_official_store,https://us.yostar.store/products/arknights-mouse-pad-black-friday-2023
yostar_us:8165263868074,yostar_us,US,USD,8165263868074,Arknights | Chongyue Phone Bag Set | 3.5 Anniv,Bag,箱包,title_and_store_type_rule_requires_review,ArknightsEN-Official,"[""All products"", ""Arknights"", ""Arknights 3.5 Anniv""]","[""Title""]",1,40.0,40.0,1,0,2025-06-25T15:27:46+08:00,2026-09-12T06:12:27+08:00,2026-09-11T22:16:44+00:00,False,publisher_official_store,https://us.yostar.store/products/arknights-chongyue-phone-bag-set-3-5-anniv
yostar_us:8165263311018,yostar_us,US,USD,8165263311018,Arknights | Passport Case | 3.5 Anniv,Case,其他待复核,title_and_store_type_rule_requires_review,ArknightsEN-Official,"[""All products"", ""Arknights"", ""Arknights 3.5 Anniv""]","[""Type""]",3,15.0,15.0,3,0,2025-06-25T15:27:20+08:00,2026-09-12T06:12:27+08:00,2026-09-11T22:16:44+00:00,False,publisher_official_store,https://us.yostar.store/products/arknights-passport-case-3-5-anniv
yostar_us:8165263474858,yostar_us,US,USD,8165263474858,Arknights | Character Metal Pin Set | 3.5 Anniv,Metal Pin,徽章,title_and_store_type_rule_requires_review,ArknightsEN-Official,"[""All products"", ""Arknights"", ""Arknights 3.5 Anniv""]","[""Type""]",3,29.0,29.0,3,0,2025-06-25T15:27:29+08:00,2026-09-12T06:12:27+08:00,2026-09-11T22:16:44+00:00,False,publisher_official_store,https://us.yostar.store/products/arknights-character-metal-pin-set-3-5-anniv
yostar_us:8165263573162,yostar_us,US,USD,8165263573162,Arknights | Mouse Pad | 3.5 Anniv,Mouse Pad,桌面与生活用品,title_and_store_type_rule_requires_review,ArknightsEN-Official,"[""All products"", ""Arknights"", ""Arknights 3.5 Anniv""]","[""Title""]",1,10.0,10.0,0,0,2025-06-25T15:27:35+08:00,2026-09-12T06:12:27+08:00,2026-09-11T22:16:44+00:00,False,publisher_official_store,https://us.yostar.store/products/arknights-mouse-pad-3-5-anniv
yostar_us:8165263638698,yostar_us,US,USD,8165263638698,Arknights | Washi Tape | 3.5 Anniv,Washi Tape,文具与纸品,title_and_store_type_rule_requires_review,ArknightsEN-Official,"[""All products"", ""Arknights"", ""Arknights 3.5 Anniv""]","[""Title""]",1,10.0,10.0,0,0,2025-06-25T15:27:38+08:00,2026-09-12T06:12:27+08:00,2026-09-11T22:16:44+00:00,False,publisher_official_store,https://us.yostar.store/products/arknights-washi-tape-3-5-anniv
yostar_us:8165263737002,yostar_us,US,USD,8165263737002,Arknights | Table Mat | 3.5 Anniv,Table Mat,桌面与生活用品,title_and_store_type_rule_requires_review,ArknightsEN-Official,"[""All products"", ""Arknights"", ""Arknights 3.5 Anniv""]","[""Title""]",1,25.0,25.0,1,0,2025-06-25T15:27:41+08:00,2026-09-12T06:12:27+08:00,2026-09-11T22:16:44+00:00,False,publisher_official_store,https://us.yostar.store/products/arknights-table-mat-3-5-anniv
yostar_us:8165263802538,yostar_us,US,USD,8165263802538,Arknights | Lin Belt Bag Set | 3.5 Anniv,Bag,箱包,title_and_store_type_rule_requires_review,ArknightsEN-Official,"[""All products"", ""Arknights"", ""Arknights 3.5 Anniv"", ""Bag""]","[""Title""]",1,60.0,60.0,0,0,2025-06-25T15:27:43+08:00,2026-09-12T06:12:27+08:00,2026-09-11T22:16:44+00:00,False,publisher_official_store,https://us.yostar.store/products/arknights-lin-belt-bag-set-3-5-anniv
yostar_us:8165263933610,yostar_us,US,USD,8165263933610,Arknights | Fortune Charm | 3.5 Anniv,Key Charm（非亚克力）,挂件,title_and_store_type_rule_requires_review,ArknightsEN-Official,"[""All products"", ""Arknights"", ""Arknights 3.5 Anniv""]","[""Type""]",6,12.0,12.0,6,0,2025-06-25T15:27:49+08:00,2026-09-12T06:12:27+08:00,2026-09-11T22:16:44+00:00,False,publisher_official_store,https://us.yostar.store/products/arknights-fortune-charm-3-5-anniv
yostar_us:8165264031914,yostar_us,US,USD,8165264031914,Arknights | Character Painted Glass Charm | 3.5 Anniv,Acrylic Charm,亚克力制品,title_and_store_type_rule_requires_review,ArknightsEN-Official,"[""All products"", ""Arknights"", ""Arknights 3.5 Anniv""]","[""Type""]",6,15.0,15.0,6,0,2025-06-25T15:27:58+08:00,2026-09-12T06:12:27+08:00,2026-09-11T22:16:44+00:00,False,publisher_official_store,https://us.yostar.store/products/arknights-character-painted-glass-charm-3-5-anniv
yostar_us:8165264162986,yostar_us,US,USD,8165264162986,Arknights | Acrylic Character ID Charm | Thank-You Celebration 2023,Acrylic Charm,亚克力制品,title_and_store_type_rule_requires_review,ArknightsEN-Official,"[""All products"", ""Arknights"", ""New Arrival"", ""Thank-You Celebration 2023""]","[""Type""]",5,12.0,12.0,5,0,2025-06-25T15:28:10+08:00,2026-09-12T06:12:27+08:00,2026-09-11T22:16:44+00:00,False,publisher_official_store,https://us.yostar.store/products/acrylic-character-id-charm
yostar_us:8165264195754,yostar_us,US,USD,8165264195754,Arknights | IL SIRACUSANO Roll Film | Thank-You Celebration 2023,Roll Film,其他待复核,title_and_store_type_rule_requires_review,ArknightsEN-Official,"[""All products"", ""Arknights"", ""New Arrival"", ""Thank-You Celebration 2023""]","[""Title""]",1,12.0,12.0,1,0,2025-06-25T15:28:19+08:00,2026-09-12T06:12:27+08:00,2026-09-11T22:16:44+00:00,False,publisher_official_store,https://us.yostar.store/products/il-siracusano-roll-film
yostar_us:8165264228522,yostar_us,US,USD,8165264228522,Arknights | Character Metal Pin Set | Thank-You Celebration 2023,Metal Pin,徽章,title_and_store_type_rule_requires_review,ArknightsEN-Official,"[""All products"", ""Arknights"", ""New Arrival"", ""Thank-You Celebration 2023""]","[""Type""]",3,29.0,29.0,3,0,2025-06-25T15:28:22+08:00,2026-09-12T06:12:27+08:00,2026-09-11T22:16:44+00:00,False,publisher_official_store,https://us.yostar.store/products/character-metal-pin-set
yostar_us:8165264261290,yostar_us,US,USD,8165264261290,Arknights | Siracusa ID Card Holder | Thank-You Celebration 2023,Card Holder,箱包,title_and_store_type_rule_requires_review,ArknightsEN-Official,"[""All products"", ""Arknights"", ""New Arrival"", ""Thank-You Celebration 2023""]","[""Title""]",1,10.0,10.0,0,0,2025-06-25T15:28:28+08:00,2026-09-12T06:12:27+08:00,2026-09-11T22:16:44+00:00,False,publisher_official_store,https://us.yostar.store/products/siracusa-id-card-holder
yostar_us:8165264359594,yostar_us,US,USD,8165264359594,Arknights | Plushie | Thank-You Celebration 2023,Plushie,毛绒玩偶,title_and_store_type_rule_requires_review,ArknightsEN-Official,"[""All products"", ""Arknights"", ""New Arrival"", ""Thank-You Celebration 2023""]","[""Type""]",3,45.0,45.0,2,0,2025-06-25T15:28:35+08:00,2026-09-12T06:12:27+08:00,2026-09-11T22:16:44+00:00,False,publisher_official_store,https://us.yostar.store/products/plushie-1
yostar_us:8165264457898,yostar_us,US,USD,8165264457898,Arknights | Phantom & Crimson Solitaire 3D Gift Box | Thank-You Celebration 2023,Gift Box,纪念礼盒,title_and_store_type_rule_requires_review,ArknightsEN-Official,"[""All products"", ""Arknights"", ""New Arrival"", ""Thank-You Celebration 2023""]","[""Title""]",1,58.0,58.0,0,0,2025-06-25T15:28:50+08:00,2026-09-12T06:12:27+08:00,2026-09-11T22:16:44+00:00,False,publisher_official_store,https://us.yostar.store/products/phantom-crimson-solitaire-3d-gift-box
yostar_us:8165264556202,yostar_us,US,USD,8165264556202,Arknights | Daily Essentials Gift Box | Thank-You Celebration 2023,Gift Box,纪念礼盒,title_and_store_type_rule_requires_review,ArknightsEN-Official,"[""All products"", ""Arknights"", ""New Arrival"", ""Thank-You Celebration 2023""]","[""Title""]",1,58.0,58.0,1,0,2025-06-25T15:28:59+08:00,2026-09-12T06:12:27+08:00,2026-09-11T22:16:44+00:00,False,publisher_official_store,https://us.yostar.store/products/daily-essentials-gift-box
yostar_us:8165264949418,yostar_us,US,USD,8165264949418,Arknights | Barrage Fortress - Character Game Cartridge Set | April Fools' Day 2023,Acrylic Charm,亚克力制品,title_and_store_type_rule_requires_review,ArknightsEN-Official,"[""All products"", ""April Fools' Day 2023"", ""Arknights"", ""New Arrival""]","[""Type""]",7,12.0,70.0,7,0,2025-06-25T15:29:42+08:00,2026-09-12T06:12:27+08:00,2026-09-11T22:16:44+00:00,False,publisher_official_store,https://us.yostar.store/products/arknights-barrage-fortress-character-game-cartridge-set-april-fools-day-2023
yostar_us:8165265014954,yostar_us,US,USD,8165265014954,Arknights | Originium Slug Key Charm Set | April Fools' Day 2023,Key Charm,挂件,title_and_store_type_rule_requires_review,ArknightsEN-Official,"[""All products"", ""April Fools' Day 2023"", ""Arknights"", ""New Arrival""]","[""Type""]",2,25.0,25.0,2,0,2025-06-25T15:29:51+08:00,2026-09-12T06:12:27+08:00,2026-09-11T22:16:44+00:00,False,publisher_official_store,https://us.yostar.store/products/arknights-originium-slug-key-charm-set-april-fools-day-2023
yostar_us:8165265080490,yostar_us,US,USD,8165265080490,Arknights | Terran Statues Standee | April Fools' Day 2023,Acrylic Standee,亚克力制品,title_and_store_type_rule_requires_review,ArknightsEN-Official,"[""All products"", ""April Fools' Day 2023"", ""Arknights"", ""New Arrival""]","[""Type""]",3,10.0,10.0,3,0,2025-06-25T15:30:01+08:00,2026-09-12T06:12:27+08:00,2026-09-11T22:16:44+00:00,False,publisher_official_store,https://us.yostar.store/products/arknights-terran-statues-standee-april-fools-day-2023
yostar_us:8165266063530,yostar_us,US,USD,8165266063530,Arknights | Crossbody Bag | 3rd Anniv,Bag,箱包,title_and_store_type_rule_requires_review,ArknightsEN-Official,"[""All products"", ""Arknights"", ""Arknights 3rd Anniv"", ""New Arrival""]","[""Title""]",1,45.0,45.0,1,0,2025-06-25T15:31:26+08:00,2026-09-12T06:12:27+08:00,2026-09-11T22:16:44+00:00,False,publisher_official_store,https://us.yostar.store/products/crossbody-bag
yostar_us:8165266030762,yostar_us,US,USD,8165266030762,Arknights | Giant Water Bottle | 3rd Anniv,Bottles,杯具,title_and_store_type_rule_requires_review,ArknightsEN-Official,"[""All products"", ""Arknights"", ""Arknights 3rd Anniv"", ""New Arrival""]","[""Type""]",3,28.0,28.0,0,0,2025-06-25T15:31:20+08:00,2026-09-12T06:12:27+08:00,2026-09-11T22:16:44+00:00,False,publisher_official_store,https://us.yostar.store/products/giant-water-bottle
yostar_us:8165266129066,yostar_us,US,USD,8165266129066,Arknights | Glow-In-The-Dark Metal Pin | 3rd Anniv,Metal Pin,徽章,title_and_store_type_rule_requires_review,ArknightsEN-Official,"[""All products"", ""Arknights"", ""Arknights 3rd Anniv"", ""New Arrival""]","[""Type""]",3,20.0,20.0,3,0,2025-06-25T15:31:32+08:00,2026-09-12T06:12:27+08:00,2026-09-11T22:16:44+00:00,False,publisher_official_store,https://us.yostar.store/products/glow-in-the-dark-metal-pin
yostar_us:8165266194602,yostar_us,US,USD,8165266194602,Arknights | Inflatable Neck Pillow | 3rd Anniv,Neck Pillow,桌面与生活用品,title_and_store_type_rule_requires_review,ArknightsEN-Official,"[""All products"", ""Arknights"", ""Arknights 3rd Anniv"", ""New Arrival"", ""On Sale""]","[""Type""]",4,12.0,12.0,4,0,2025-06-25T15:31:44+08:00,2026-09-12T06:12:27+08:00,2026-09-11T22:16:44+00:00,False,publisher_official_store,https://us.yostar.store/products/inflatable-neck-pillow
yostar_us:8165266227370,yostar_us,US,USD,8165266227370,Arknights | Plushie | 3rd Anniv,Plushie,毛绒玩偶,title_and_store_type_rule_requires_review,ArknightsEN-Official,"[""All products"", ""Arknights"", ""Arknights 3rd Anniv"", ""New Arrival""]","[""Type""]",3,45.0,45.0,3,0,2025-06-25T15:31:52+08:00,2026-09-12T06:12:27+08:00,2026-09-11T22:16:44+00:00,False,publisher_official_store,https://us.yostar.store/products/plushie
yostar_us:8165266522282,yostar_us,US,USD,8165266522282,Arknights | 2023 Calendar | Black Friday 2022,Calendar,桌面与生活用品,title_and_store_type_rule_requires_review,ArknightsEN-Official,"[""All products"", ""Arknights"", ""Black Friday 2022"", ""New Arrival""]","[""Title""]",1,15.0,15.0,0,0,2025-06-25T15:32:32+08:00,2026-09-12T06:12:27+08:00,2026-09-11T22:16:44+00:00,False,publisher_official_store,https://us.yostar.store/products/arknights-2023-calendar-black-friday-2022
yostar_us:8165266587818,yostar_us,US,USD,8165266587818,Arknights | Model Lancet-2 | Black Friday 2022,Complete Model,手办模玩,title_and_store_type_rule_requires_review,ArknightsEN-Official,"[""All products"", ""Arknights"", ""Black Friday 2022"", ""New Arrival""]","[""Title""]",1,55.0,55.0,0,0,2025-06-25T15:32:39+08:00,2026-09-12T06:12:27+08:00,2026-09-11T22:16:44+00:00,False,publisher_official_store,https://us.yostar.store/products/arknights-model-lancet-2-black-friday-2022
yostar_us:8165266653354,yostar_us,US,USD,8165266653354,Arknights | Food-Themed Plushie Set | Black Friday 2022,Plushie,毛绒玩偶,title_and_store_type_rule_requires_review,ArknightsEN-Official,"[""All products"", ""Arknights"", ""Black Friday 2022"", ""New Arrival"", ""On Sale""]","[""Title""]",1,25.0,25.0,0,0,2025-06-25T15:32:41+08:00,2026-09-12T06:12:27+08:00,2026-09-11T22:16:44+00:00,False,publisher_official_store,https://us.yostar.store/products/arknights-food-themed-plushie-set-black-friday-2022
yostar_us:8165266686122,yostar_us,US,USD,8165266686122,Arknights | Transparent Shoulder Bag | Black Friday 2022,Bag,箱包,title_and_store_type_rule_requires_review,ArknightsEN-Official,"[""All products"", ""Arknights"", ""Black Friday 2022"", ""New Arrival""]","[""Type""]",2,25.0,25.0,1,0,2025-06-25T15:32:48+08:00,2026-09-12T06:12:27+08:00,2026-09-11T22:16:44+00:00,False,publisher_official_store,https://us.yostar.store/products/arknights-transparent-shoulder-bag-black-friday-2022
yostar_us:8165266718890,yostar_us,US,USD,8165266718890,Arknights | Character Cushion | Black Friday 2022,Cushion,桌面与生活用品,title_and_store_type_rule_requires_review,ArknightsEN-Official,"[""All products"", ""Arknights"", ""Black Friday 2022"", ""New Arrival"", ""On Sale""]","[""Type""]",3,12.0,12.0,3,0,2025-06-25T15:32:53+08:00,2026-09-12T06:12:27+08:00,2026-09-11T22:16:44+00:00,False,publisher_official_store,https://us.yostar.store/products/arknights-character-cushion-black-friday-2022
yostar_us:8165266784426,yostar_us,US,USD,8165266784426,Arknights | Acrylic Key Charm | Black Friday 2022,Acrylic Charm,亚克力制品,title_and_store_type_rule_requires_review,ArknightsEN-Official,"[""All products"", ""Arknights"", ""Black Friday 2022"", ""New Arrival""]","[""Type""]",3,10.0,10.0,2,0,2025-06-25T15:32:59+08:00,2026-09-12T06:12:27+08:00,2026-09-11T22:16:44+00:00,False,publisher_official_store,https://us.yostar.store/products/arknights-acrylic-key-charm-black-friday-2022
yostar_us:8165268258986,yostar_us,US,USD,8165268258986,Arknights | Originium Night Lamp | 2.5 Anniv,Night Lights & Ambient Lighting,桌面与生活用品,title_and_store_type_rule_requires_review,ArknightsEN-Official,"[""All products"", ""Arknights"", ""Arknights 2.5 Anniv"", ""New Arrival""]","[""Title""]",1,50.0,50.0,0,0,2025-06-25T15:35:50+08:00,2026-09-12T06:12:27+08:00,2026-09-11T22:16:44+00:00,False,publisher_official_store,https://us.yostar.store/products/arknights-originium-night-lamp-2-5-anniv
yostar_us:8165268291754,yostar_us,US,USD,8165268291754,Arknights | Dress-up Plushie | 2.5 Anniv,Plushie,毛绒玩偶,title_and_store_type_rule_requires_review,ArknightsEN-Official,"[""All products"", ""Arknights"", ""Arknights 2.5 Anniv"", ""New Arrival""]","[""Type""]",3,45.0,45.0,3,0,2025-06-25T15:35:53+08:00,2026-09-12T06:12:27+08:00,2026-09-11T22:16:44+00:00,False,publisher_official_store,https://us.yostar.store/products/arknights-dress-up-plushie-2-5-anniv
yostar_us:8165268750506,yostar_us,US,USD,8165268750506,Arknights | Character Painted Glass Charm | 2.5 Anniv,Key Charm,挂件,title_and_store_type_rule_requires_review,ArknightsEN-Official,"[""All products"", ""Arknights"", ""Arknights 2.5 Anniv"", ""New Arrival""]","[""Type""]",6,15.0,15.0,6,0,2025-06-25T15:36:05+08:00,2026-09-12T06:12:27+08:00,2026-09-11T22:16:44+00:00,False,publisher_official_store,https://us.yostar.store/products/arknights-character-painted-glass-charm-2-5-anniv
yostar_us:8165269045418,yostar_us,US,USD,8165269045418,Arknights | Character Metal Pin Set | 2.5 Anniv,Metal Pin,徽章,title_and_store_type_rule_requires_review,ArknightsEN-Official,"[""All products"", ""Arknights"", ""Arknights 2.5 Anniv"", ""New Arrival""]","[""Type""]",3,29.0,29.0,3,0,2025-06-25T15:36:13+08:00,2026-09-12T06:12:27+08:00,2026-09-11T22:16:44+00:00,False,publisher_official_store,https://us.yostar.store/products/arknights-character-metal-pin-set-2-5-anniv
yostar_us:8165270093994,yostar_us,US,USD,8165270093994,Arknights | Character Metal Pin Set | Thank-You Celebration 2022,Metal Pin,徽章,title_and_store_type_rule_requires_review,ArknightsEN-Official,"[""All products"", ""Arknights"", ""New Arrival"", ""Thank-You Celebration 2022""]","[""Type""]",2,29.0,29.0,2,0,2025-06-25T15:38:10+08:00,2026-09-12T06:12:27+08:00,2026-09-11T22:16:44+00:00,False,publisher_official_store,https://us.yostar.store/products/arknights-character-metal-pin-set-thank-you-celebration-2022
yostar_us:8165270126762,yostar_us,US,USD,8165270126762,Arknights | Table Mat | Thank-You Celebration 2022,Table Mat,桌面与生活用品,title_and_store_type_rule_requires_review,ArknightsEN-Official,"[""All products"", ""Arknights"", ""New Arrival"", ""Thank-You Celebration 2022""]","[""Title""]",1,18.0,18.0,1,0,2025-06-25T15:38:15+08:00,2026-09-12T06:12:27+08:00,2026-09-11T22:16:44+00:00,False,publisher_official_store,https://us.yostar.store/products/arknights-table-mat-thank-you-celebration-2022
yostar_us:8165270159530,yostar_us,US,USD,8165270159530,Arknights | Food-Themed Plushie Set | Thank-You Celebration 2022,Plushie,毛绒玩偶,title_and_store_type_rule_requires_review,ArknightsEN-Official,"[""All products"", ""Arknights"", ""New Arrival"", ""Plushie"", ""Thank-You Celebration 2022""]","[""Title""]",1,45.0,45.0,0,0,2025-06-25T15:38:17+08:00,2026-09-12T06:12:27+08:00,2026-09-11T22:16:44+00:00,False,publisher_official_store,https://us.yostar.store/products/arknights-food-themed-plushie-set-thank-you-celebration-2022
yostar_us:8165270192298,yostar_us,US,USD,8165270192298,Arknights | Acrylic Character ID Charm | Thank-You Celebration 2022,Acrylic Charm,亚克力制品,title_and_store_type_rule_requires_review,ArknightsEN-Official,"[""All products"", ""Arknights"", ""New Arrival"", ""Thank-You Celebration 2022""]","[""Type""]",6,12.0,12.0,6,0,2025-06-25T15:38:28+08:00,2026-09-12T06:12:27+08:00,2026-09-11T22:16:44+00:00,False,publisher_official_store,https://us.yostar.store/products/arknights-acrylic-character-id-charm-thank-you-celebration-2022
yostar_us:8165270585514,yostar_us,US,USD,8165270585514,Arknights | Fridge Magnet | 2nd Anniv,Fridge Magnet,桌面与生活用品,title_and_store_type_rule_requires_review,ArknightsEN-Official,"[""All products"", ""Arknights"", ""Arknights 2nd Anniv"", ""FG"", ""New Arrival""]","[""Title""]",1,20.0,20.0,0,0,2025-06-25T15:39:41+08:00,2026-09-12T06:12:27+08:00,2026-09-11T22:16:44+00:00,False,publisher_official_store,https://us.yostar.store/products/arknights-fridge-magnet-2nd-anniv
yostar_us:8165270618282,yostar_us,US,USD,8165270618282,Arknights | Glow-In-The-Dark Metal Pin | 2nd Anniv,Metal Pin,徽章,title_and_store_type_rule_requires_review,ArknightsEN-Official,"[""All products"", ""Arknights"", ""Arknights 2nd Anniv"", ""New Arrival""]","[""Type""]",2,20.0,20.0,2,0,2025-06-25T15:39:48+08:00,2026-09-12T06:12:27+08:00,2026-09-11T22:16:44+00:00,False,publisher_official_store,https://us.yostar.store/products/arknights-glow-in-the-dark-metal-pin-2nd-anniv
yostar_us:8165270651050,yostar_us,US,USD,8165270651050,Arknights | Rubber Coaster | 2nd Anniv,Coaster,桌面与生活用品,title_and_store_type_rule_requires_review,ArknightsEN-Official,"[""All products"", ""Arknights"", ""Arknights 2nd Anniv"", ""New Arrival""]","[""Type""]",2,12.0,12.0,1,0,2025-06-25T15:39:55+08:00,2026-09-12T06:12:27+08:00,2026-09-11T22:16:44+00:00,False,publisher_official_store,https://us.yostar.store/products/arknights-rubber-coaster-2nd-anniv
yostar_us:8165270683818,yostar_us,US,USD,8165270683818,Arknights | Acrylic Card Holder | 2nd Anniv,Card Holder,亚克力制品,title_and_store_type_rule_requires_review,ArknightsEN-Official,"[""All products"", ""Arknights"", ""Arknights 2nd Anniv"", ""New Arrival"", ""On Sale""]","[""Type""]",2,10.0,10.0,0,0,2025-06-25T15:39:59+08:00,2026-09-12T06:12:27+08:00,2026-09-11T22:16:44+00:00,False,publisher_official_store,https://us.yostar.store/products/arknights-acrylic-card-holder-2nd-anniv
yostar_us:8165274321066,yostar_us,US,USD,8165274321066,Arknights | Character Pin Set | 1.5 Anniv,Pin,徽章,title_and_store_type_rule_requires_review,ArknightsEN-Official,"[""All products"", ""Arknights"", ""Arknights 1.5 Anniv"", ""Black Friday 2022"", ""New Arrival"", ""Pin""]","[""Style""]",3,29.0,29.0,3,0,2025-06-25T15:42:45+08:00,2026-09-12T06:12:27+08:00,2026-09-11T22:16:44+00:00,False,publisher_official_store,https://us.yostar.store/products/arknights-character-pin-set-1-5-anniv
yostar_us:8165279432874,yostar_us,US,USD,8165279432874,Arknights | CHOSHAN Land Rabbit Plushie,Plushie,毛绒玩偶,title_and_store_type_rule_requires_review,ArknightsEN-Official,"[""All products"", ""Arknights"", ""Black Friday 2023""]","[""Type""]",13,20.0,20.0,13,0,2025-06-25T15:45:43+08:00,2026-09-12T06:12:27+08:00,2026-09-11T22:16:44+00:00,False,publisher_official_store,https://us.yostar.store/products/arknights-choshanland-rabbit-plushie-朝陇山兔毛绒玩偶
yostar_us:8165261476010,yostar_us,US,USD,8165261476010,Arknights | Halloween Lucky Box | 2023,Lucky Bag,福袋,title_and_store_type_rule_requires_review,ArknightsEN-Official,"[""All products"", ""Arknights"", ""Halloween Lucky Box 2023""]","[""Title""]",1,69.0,69.0,0,0,2025-06-25T15:25:17+08:00,2026-09-12T06:12:27+08:00,2026-09-11T22:16:44+00:00,False,publisher_official_store,https://us.yostar.store/products/arknights-halloween-lucky-bag-2023
yostar_us:8165273731242,yostar_us,US,USD,8165273731242,Arknights | Chibi Characters Mug and Coaster | 1.5 Anniv,Mug,杯具,title_and_store_type_rule_requires_review,ArknightsEN-Official,"[""Arknights"", ""Arknights 1.5 Anniv"", ""Mug"", ""New Arrival""]","[""Title""]",1,38.0,38.0,0,0,2025-06-25T15:42:25+08:00,2026-09-12T06:12:27+08:00,2026-09-11T22:16:44+00:00,False,publisher_official_store,https://us.yostar.store/products/arknights-chibi-characters-mug-and-coaster-1-5-anniv
yostar_us:8165273764010,yostar_us,US,USD,8165273764010,Arknights | Roaring Flare Mouse Pad | 1.5 Anniv,Mouse Pad,桌面与生活用品,title_and_store_type_rule_requires_review,ArknightsEN-Official,"[""Arknights"", ""Arknights 1.5 Anniv"", ""Mouse Pad"", ""New Arrival""]","[""Title""]",1,25.0,25.0,0,0,2025-06-25T15:42:33+08:00,2026-09-12T06:12:27+08:00,2026-09-11T22:16:44+00:00,False,publisher_official_store,https://us.yostar.store/products/arknights-roaring-flare-mouse-pad-1-5-anniv
yostar_us:8165273927850,yostar_us,US,USD,8165273927850,Arknights | Acrylic Standee Set | 1.5 Anniv,Acrylic Standee,亚克力制品,title_and_store_type_rule_requires_review,ArknightsEN-Official,"[""Arknights"", ""Arknights 1.5 Anniv"", ""New Arrival"", ""On Sale""]","[""Size""]",2,26.25,26.25,1,0,2025-06-25T15:42:35+08:00,2026-09-12T06:12:27+08:00,2026-09-11T22:16:44+00:00,False,publisher_official_store,https://us.yostar.store/products/arknights-acrylic-standee-set-1-5-anniv
yostar_us:8165274026154,yostar_us,US,USD,8165274026154,Arknights | Bitey Plushie | 1.5 Anniv,Plushie,毛绒玩偶,title_and_store_type_rule_requires_review,ArknightsEN-Official,"[""Arknights"", ""Arknights 1.5 Anniv"", ""New Arrival"", ""Plushie""]","[""Title""]",1,32.0,32.0,0,0,2025-06-25T15:42:38+08:00,2026-09-12T06:12:27+08:00,2026-09-11T22:16:44+00:00,False,publisher_official_store,https://us.yostar.store/products/arknights-bitey-plushie-1-5-anniv
yostar_us:8165274124458,yostar_us,US,USD,8165274124458,Arknights | Hanging Scroll | 1.5 Anniv,Hanging Scroll,装饰画与挂画,title_and_store_type_rule_requires_review,ArknightsEN-Official,"[""Arknights"", ""Arknights 1.5 Anniv"", ""New Arrival""]","[""Title""]",1,45.0,45.0,0,0,2025-06-25T15:42:43+08:00,2026-09-12T06:12:27+08:00,2026-09-11T22:16:44+00:00,False,publisher_official_store,https://us.yostar.store/products/arknights-hanging-scroll-1-5-anniv
yostar_us:8165274419370,yostar_us,US,USD,8165274419370,Arknights | New Era | Collaboration Cap 9FIFTY,Hat,服饰,title_and_store_type_rule_requires_review,ArknightsEN-Official,"[""All products"", ""Arknights"", ""New Arrival""]","[""Type""]",2,45.0,45.0,0,0,2025-06-25T15:42:51+08:00,2026-09-12T06:12:27+08:00,2026-09-11T22:16:44+00:00,False,publisher_official_store,https://us.yostar.store/products/arknights-new-era-baseball-hat-日服棒球帽
yostar_us:8165275762858,yostar_us,US,USD,8165275762858,Arknights | 1st Anniversary Illustration Collection,Art Books,出版物,title_and_store_type_rule_requires_review,ArknightsEN-Official,"[""All products"", ""Arknights"", ""illustration""]","[""Title""]",1,68.0,68.0,0,0,2025-06-25T15:43:26+08:00,2026-09-12T06:12:27+08:00,2026-09-11T22:16:44+00:00,False,publisher_official_store,https://us.yostar.store/products/arknights-1st-anniversary-illustration-collection-方舟一周年画册
yostar_us:8165279105194,yostar_us,US,USD,8165279105194,Arknights | CHOSHANLand Rabbit Plushie Coin Purse,Plushie,毛绒玩偶,title_and_store_type_rule_requires_review,ArknightsEN-Official,"[""Arknights"", ""Plushie""]","[""Title""]",1,18.0,18.0,0,0,2025-06-25T15:45:38+08:00,2026-09-12T06:12:27+08:00,2026-09-11T22:16:44+00:00,False,publisher_official_store,https://us.yostar.store/products/arknights-choshanland-rabbit-plushie-coin-purse-朝陇山兔毛绒零钱包
yostar_us:8165279170730,yostar_us,US,USD,8165279170730,Arknights | Penguin Logistics Plushie,Plushie,毛绒玩偶,title_and_store_type_rule_requires_review,ArknightsEN-Official,"[""Arknights"", ""Plushie""]","[""Title""]",1,20.0,20.0,0,0,2025-06-25T15:45:40+08:00,2026-09-12T06:12:27+08:00,2026-09-11T22:16:44+00:00,False,publisher_official_store,https://us.yostar.store/products/arknights-penguin-logistics-plushie-企鹅物流毛绒玩偶
yostar_us:8165279760554,yostar_us,US,USD,8165279760554,Arknights | Chernobog Board Game,Board Game,桌游,title_and_store_type_rule_requires_review,ArknightsEN-Official,"[""Arknights"", ""On Sale""]","[""Title""]",1,108.0,108.0,0,0,2025-06-25T15:46:00+08:00,2026-09-12T06:12:27+08:00,2026-09-11T22:16:44+00:00,False,publisher_official_store,https://us.yostar.store/products/arknights-chernobog-board-game-切尔诺伯格桌游
yostar_us:8165280088234,yostar_us,US,USD,8165280088234,Arknights | PVC Poster,PVC Poster,装饰画与挂画,title_and_store_type_rule_requires_review,ArknightsEN-Official,"[""6/18 Flash Sale"", ""All products"", ""Arknights"", ""Poster""]","[""Type""]",1,25.0,25.0,0,0,2025-06-25T15:46:19+08:00,2026-09-12T06:12:27+08:00,2026-09-11T22:16:44+00:00,False,publisher_official_store,https://us.yostar.store/products/arknights-pvc-poster-pvc海报
yostar_us:8165280350378,yostar_us,US,USD,8165280350378,Arknights | Wall Scroll Poster,Wall Scroll Poster,装饰画与挂画,title_and_store_type_rule_requires_review,ArknightsEN-Official,"[""6/18 Flash Sale"", ""All products"", ""Arknights"", ""On Sale"", ""Poster""]","[""Type""]",3,28.0,28.0,0,0,2025-06-25T15:46:36+08:00,2026-09-12T06:12:27+08:00,2026-09-11T22:16:44+00:00,False,publisher_official_store,https://us.yostar.store/products/arknights-wall-scroll-poster-挂画
yostar_us:8165263179946,yostar_us,US,USD,8165263179946,Arknights | Arknights Comic Anthology,Art Books,出版物,title_and_store_type_rule_requires_review,ArknightsEN-Official,"[""All products"", ""Arknights""]","[""Title""]",1,45.0,45.0,0,0,2025-06-25T15:27:09+08:00,2026-09-12T06:12:27+08:00,2026-09-11T22:16:44+00:00,False,publisher_official_store,https://us.yostar.store/products/arknights-arknights-comic-anthology
yostar_us:8165266292906,yostar_us,US,USD,8165266292906,Arknights | 3rd Anniversary Terra Cognita Kit,Anniversary Box,纪念礼盒,title_and_store_type_rule_requires_review,ArknightsEN-Official,"[""All products"", ""Arknights"", ""Arknights 3rd Anniv"", ""New Arrival""]","[""Title""]",1,75.0,75.0,0,0,2025-06-25T15:31:58+08:00,2026-09-12T06:12:27+08:00,2026-09-11T22:16:44+00:00,False,publisher_official_store,https://us.yostar.store/products/3rd-anniversary-terra-cognita-kit
yostar_us:8165268422826,yostar_us,US,USD,8165268422826,Arknights | Chibi Characters Cup | 2.5 Anniv,Mugs,杯具,title_and_store_type_rule_requires_review,ArknightsEN-Official,"[""All products"", ""Arknights"", ""Arknights 2.5 Anniv"", ""New Arrival""]","[""Title""]",1,18.0,18.0,0,0,2025-06-25T15:35:59+08:00,2026-09-12T06:12:27+08:00,2026-09-11T22:16:44+00:00,False,publisher_official_store,https://us.yostar.store/products/arknights-chibi-characters-cup-2-5-anniv
yostar_us:8165270061226,yostar_us,US,USD,8165270061226,Arknights | Model Castle-3 SUM019 VER. | Thank-You Celebration 2022,Complete Model,手办模玩,title_and_store_type_rule_requires_review,ArknightsEN-Official,"[""All products"", ""Arknights"", ""New Arrival"", ""Thank-You Celebration 2022""]","[""Title""]",1,55.0,55.0,1,0,2025-06-25T15:38:08+08:00,2026-09-12T06:12:27+08:00,2026-09-11T22:16:44+00:00,False,publisher_official_store,https://us.yostar.store/products/arknights-model-castle-3-sum019-ver-thank-you-celebration-2022
yostar_us:8165270782122,yostar_us,US,USD,8165270782122,Arknights | 2nd Anniversary Vacation Kit,Anniversary Box,纪念礼盒,title_and_store_type_rule_requires_review,ArknightsEN-Official,"[""All products"", ""Arknights"", ""Arknights 2nd Anniv"", ""New Arrival""]","[""Title""]",1,73.0,73.0,0,0,2025-06-25T15:40:03+08:00,2026-09-12T06:12:27+08:00,2026-09-11T22:16:44+00:00,False,publisher_official_store,https://us.yostar.store/products/arknights-2nd-anniversary-vacation-kit
gryphline_global:10476125651260,gryphline_global,Global,USD,10476125651260,Arknights · Ambience Synesthesia 2026 Collector’s Box,Gift Box,纪念礼盒,title_and_store_type_rule_requires_review,Arknights,"[""Arknights"", ""Arknights Ambience Synesthesia 2026"", ""Shop All""]","[""Title""]",1,65.0,65.0,1,0,2026-08-31T22:56:51-04:00,2026-09-11T18:12:26-04:00,2026-09-11T22:16:44+00:00,False,publisher_official_store,https://store.gryphline.com/products/arknights-ambience-synesthesia-2026-collector-s-box
gryphline_global:10476116017468,gryphline_global,Global,USD,10476116017468,Arknights · Cuddly Chibi Plushie - I Witnessed,Plushie,毛绒玩偶,title_and_store_type_rule_requires_review,Arknights,"[""Arknights"", ""Arknights Ambience Synesthesia 2026"", ""Shop All""]","[""TYPE""]",4,30.0,30.0,4,0,2026-08-31T22:56:50-04:00,2026-09-11T18:12:26-04:00,2026-09-11T22:16:44+00:00,False,publisher_official_store,https://store.gryphline.com/products/arknights-cuddly-chibi-plushie-i-witnessed
gryphline_global:10476113396028,gryphline_global,Global,USD,10476113396028,Arknights · Rhodes Island Select Multi-Purpose Bag - I Witnessed,bag,箱包,title_and_store_type_rule_requires_review,Arknights,"[""Arknights"", ""Arknights Ambience Synesthesia 2026"", ""Shop All""]","[""Title""]",1,40.0,40.0,1,0,2026-08-31T22:56:49-04:00,2026-09-11T18:12:26-04:00,2026-09-11T22:16:44+00:00,False,publisher_official_store,https://store.gryphline.com/products/arknights-rhodes-island-select-multi-purpose-bag-i-witnessed
gryphline_global:10476094980412,gryphline_global,Global,USD,10476094980412,Arknights · T-Shirt - I Witnessed,T-Shirt,服饰,title_and_store_type_rule_requires_review,Arknights,"[""Arknights"", ""Arknights Ambience Synesthesia 2026"", ""Shop All""]","[""TYPE"", ""SIZE""]",16,30.0,30.0,16,0,2026-08-31T22:56:46-04:00,2026-09-11T18:12:26-04:00,2026-09-11T22:16:44+00:00,False,publisher_official_store,https://store.gryphline.com/products/arknights-t-shirt-i-witnessed
gryphline_global:10476090720572,gryphline_global,Global,USD,10476090720572,Arknights · Record-Style Acrylic Stand - I Witnessed,Acrylic Standee,亚克力制品,title_and_store_type_rule_requires_review,Arknights,"[""Arknights"", ""Arknights Ambience Synesthesia 2026"", ""Shop All""]","[""Title""]",1,25.0,25.0,1,0,2026-08-31T22:56:44-04:00,2026-09-11T18:12:26-04:00,2026-09-11T22:16:44+00:00,False,publisher_official_store,https://store.gryphline.com/products/arknights-record-style-acrylic-stand-i-witnessed
gryphline_global:10476105793852,gryphline_global,Global,USD,10476105793852,Arknights · Impression Bracelet - The Congregation,Bracelet,饰品,title_and_store_type_rule_requires_review,Arknights,"[""Arknights"", ""Arknights Ambience Synesthesia 2026"", ""Shop All""]","[""Title""]",1,35.0,35.0,1,0,2026-08-31T22:56:48-04:00,2026-09-11T18:12:26-04:00,2026-09-11T22:16:44+00:00,False,publisher_official_store,https://store.gryphline.com/products/arknights-impression-bracelet-the-congregation
gryphline_global:10476099764540,gryphline_global,Global,USD,10476099764540,Arknights · Papercut Light Box - The Scripted,Papercut Light Box,桌面与生活用品,title_and_store_type_rule_requires_review,Arknights,"[""Arknights Ambience Synesthesia 2026"", ""Companionship Celebration 2026"", ""Shop All""]","[""Title""]",1,50.0,50.0,1,0,2026-08-31T22:56:48-04:00,2026-09-11T18:12:26-04:00,2026-09-11T22:16:44+00:00,False,publisher_official_store,https://store.gryphline.com/products/arknights-papercut-light-box-the-scripted
gryphline_global:10476110217532,gryphline_global,Global,USD,10476110217532,Arknights · Impression Brooch - Night Watcher,Brooch,饰品,title_and_store_type_rule_requires_review,Arknights,"[""Arknights"", ""Arknights Ambience Synesthesia 2026"", ""Shop All""]","[""Title""]",1,30.0,30.0,1,0,2026-08-31T22:56:49-04:00,2026-09-11T18:12:26-04:00,2026-09-11T22:16:44+00:00,False,publisher_official_store,https://store.gryphline.com/products/arknights-impression-brooch-night-watcher
gryphline_global:10470947422524,gryphline_global,Global,USD,10470947422524,Arknights · SP Key Tag Blind Box - Access Pass: The Congregation,Key Tag,盲盒,title_and_store_type_rule_requires_review,Arknights,"[""Arknights"", ""Arknights Ambience Synesthesia 2026"", ""Shop All""]","[""TYPE""]",2,12.0,48.0,2,0,2026-08-31T22:56:33-04:00,2026-09-11T18:12:26-04:00,2026-09-11T22:16:44+00:00,False,publisher_official_store,https://store.gryphline.com/products/arknights-sp-key-tag-blind-box-access-pass-the-congregation
gryphline_global:10475940315452,gryphline_global,Global,USD,10475940315452,Arknights · SP Key Tag Blind Box - Access Pass: The Scripted,Key Tag,盲盒,title_and_store_type_rule_requires_review,Arknights,"[""Arknights"", ""Arknights Ambience Synesthesia 2026"", ""Shop All""]","[""TYPE""]",2,12.0,48.0,2,0,2026-08-31T22:56:34-04:00,2026-09-11T18:12:26-04:00,2026-09-11T22:16:44+00:00,False,publisher_official_store,https://store.gryphline.com/products/arknights-sp-key-tag-blind-box-access-pass-i-witnessed-the-scripted
gryphline_global:10475954143548,gryphline_global,Global,USD,10475954143548,Arknights · SP Key Tag Blind Box - Access Pass: Night Watcher,Key Tag,盲盒,title_and_store_type_rule_requires_review,Arknights,"[""Arknights"", ""Arknights Ambience Synesthesia 2026"", ""Shop All""]","[""TYPE""]",2,12.0,48.0,2,0,2026-08-31T22:56:34-04:00,2026-09-11T18:12:26-04:00,2026-09-11T22:16:44+00:00,False,publisher_official_store,https://store.gryphline.com/products/arknights-sp-key-tag-blind-box-access-pass-i-witnessed-night-watcher
gryphline_global:10475954438460,gryphline_global,Global,USD,10475954438460,Arknights · SP Key Tag Blind Box - Access Pass: The Aphasic,Key Tag,盲盒,title_and_store_type_rule_requires_review,Arknights,"[""Arknights"", ""Arknights Ambience Synesthesia 2026"", ""Shop All""]","[""TYPE""]",2,12.0,48.0,2,0,2026-08-31T22:56:35-04:00,2026-09-11T18:12:26-04:00,2026-09-11T22:16:44+00:00,False,publisher_official_store,https://store.gryphline.com/products/arknights-sp-key-tag-blind-box-access-pass-i-witnessed-the-aphasic
gryphline_global:10475991990588,gryphline_global,Global,USD,10475991990588,Arknights · Acrylic Standee - The Congregation,Acrylic Standee,亚克力制品,title_and_store_type_rule_requires_review,Arknights,"[""Arknights"", ""Arknights Ambience Synesthesia 2026"", ""Shop All""]","[""TYPE""]",5,20.0,20.0,5,0,2026-08-31T22:56:39-04:00,2026-09-11T18:12:26-04:00,2026-09-11T22:16:44+00:00,False,publisher_official_store,https://store.gryphline.com/products/arknights-acrylic-standee-the-congregation
gryphline_global:10476010668348,gryphline_global,Global,USD,10476010668348,Arknights · Acrylic Standee - The Scripted,Acrylic Standee,亚克力制品,title_and_store_type_rule_requires_review,Arknights,"[""Arknights"", ""Arknights Ambience Synesthesia 2026"", ""Shop All""]","[""TYPE""]",5,20.0,20.0,5,0,2026-08-31T22:56:40-04:00,2026-09-11T18:12:26-04:00,2026-09-11T22:16:44+00:00,False,publisher_official_store,https://store.gryphline.com/products/arknights-acrylic-standee-the-scripted
gryphline_global:10476050383164,gryphline_global,Global,USD,10476050383164,Arknights · Acrylic Standee - Night Watcher,Acrylic Standee,亚克力制品,title_and_store_type_rule_requires_review,Arknights,"[""Arknights"", ""Arknights Ambience Synesthesia 2026"", ""Shop All""]","[""TYPE""]",5,20.0,20.0,5,0,2026-08-31T22:56:41-04:00,2026-09-11T18:12:26-04:00,2026-09-11T22:16:44+00:00,False,publisher_official_store,https://store.gryphline.com/products/arknights-acrylic-standee-night-watcher
gryphline_global:10476078170428,gryphline_global,Global,USD,10476078170428,Arknights · Acrylic Standee - The Aphasic,Acrylic Standee,亚克力制品,title_and_store_type_rule_requires_review,Arknights,"[""Arknights"", ""Arknights Ambience Synesthesia 2026"", ""Shop All""]","[""TYPE""]",5,20.0,20.0,5,0,2026-08-31T22:56:42-04:00,2026-09-11T18:12:26-04:00,2026-09-11T22:16:44+00:00,False,publisher_official_store,https://store.gryphline.com/products/arknights-acrylic-standee-the-aphasic
gryphline_global:10476082987324,gryphline_global,Global,USD,10476082987324,Arknights · Laser Ticket Set - I Witnessed,Laser Ticket,文具与纸品,title_and_store_type_rule_requires_review,Arknights,"[""Arknights"", ""Arknights Ambience Synesthesia 2026"", ""Shop All""]","[""Title""]",1,13.0,13.0,1,0,2026-08-31T22:56:43-04:00,2026-09-11T18:12:26-04:00,2026-09-11T22:16:44+00:00,False,publisher_official_store,https://store.gryphline.com/products/arknights-laser-ticket-set-i-witnessed
gryphline_global:10476091801916,gryphline_global,Global,USD,10476091801916,Arknights · Collectible Card Set - I Witnessed,Postcard Set,文具与纸品,title_and_store_type_rule_requires_review,Arknights,"[""Arknights"", ""Arknights Ambience Synesthesia 2026"", ""Shop All""]","[""TYPE""]",4,15.0,15.0,4,0,2026-08-31T22:56:45-04:00,2026-09-11T18:12:26-04:00,2026-09-11T22:16:44+00:00,False,publisher_official_store,https://store.gryphline.com/products/arknights-collectible-card-set-i-witnessed
gryphline_global:10476089934140,gryphline_global,Global,USD,10476089934140,Arknights · Lenticular Print - I Witnessed,Lenticular Print,装饰画与挂画,title_and_store_type_rule_requires_review,Arknights,"[""Arknights"", ""Arknights Ambience Synesthesia 2026"", ""Shop All""]","[""TYPE""]",5,15.0,15.0,5,0,2026-08-31T22:56:43-04:00,2026-09-11T18:12:26-04:00,2026-09-11T22:16:44+00:00,False,publisher_official_store,https://store.gryphline.com/products/arknights-lenticular-print
gryphline_global:10476117786940,gryphline_global,Global,USD,10476117786940,Arknights · Mini Badge Set - I Witnessed,Badge,徽章,title_and_store_type_rule_requires_review,Arknights,"[""Arknights"", ""Arknights Ambience Synesthesia 2026"", ""Shop All""]","[""TYPE""]",4,20.0,20.0,4,0,2026-08-31T22:56:50-04:00,2026-09-11T18:12:26-04:00,2026-09-11T22:16:44+00:00,False,publisher_official_store,https://store.gryphline.com/products/arknights-mini-badge-set
gryphline_global:10475956764988,gryphline_global,Global,USD,10475956764988,Arknights · SP Badge Blind Box - The Congregation,Badge,盲盒,title_and_store_type_rule_requires_review,Arknights,"[""Arknights"", ""Arknights Ambience Synesthesia 2026"", ""Shop All""]","[""TYPE""]",2,7.0,35.0,2,0,2026-08-31T22:56:36-04:00,2026-09-11T18:12:26-04:00,2026-09-11T22:16:44+00:00,False,publisher_official_store,https://store.gryphline.com/products/arknights-sp-badge-blind-box-i-witnessed-the-congregation
gryphline_global:10475958763836,gryphline_global,Global,USD,10475958763836,Arknights · SP Badge Blind Box - The Scripted,Badge,盲盒,title_and_store_type_rule_requires_review,Arknights,"[""Arknights"", ""Arknights Ambience Synesthesia 2026"", ""Shop All""]","[""TYPE""]",2,7.0,35.0,2,0,2026-08-31T22:56:37-04:00,2026-09-11T18:12:26-04:00,2026-09-11T22:16:44+00:00,False,publisher_official_store,https://store.gryphline.com/products/arknights-sp-badge-blind-box-the-scripted
gryphline_global:10475963613500,gryphline_global,Global,USD,10475963613500,Arknights · SP Badge Blind Box - Night Watcher,Badge,盲盒,title_and_store_type_rule_requires_review,Arknights,"[""Arknights"", ""Arknights Ambience Synesthesia 2026"", ""Shop All""]","[""TYPE""]",2,7.0,35.0,2,0,2026-08-31T22:56:38-04:00,2026-09-11T18:12:26-04:00,2026-09-11T22:16:44+00:00,False,publisher_official_store,https://store.gryphline.com/products/arknights-sp-badge-blind-box-night-watcher
gryphline_global:10475968135484,gryphline_global,Global,USD,10475968135484,Arknights · SP Badge Blind Box - The Aphasic,Badge,盲盒,title_and_store_type_rule_requires_review,Arknights,"[""Arknights"", ""Arknights Ambience Synesthesia 2026"", ""Shop All""]","[""TYPE""]",2,7.0,35.0,2,0,2026-08-31T22:56:39-04:00,2026-09-11T18:12:26-04:00,2026-09-11T22:16:44+00:00,False,publisher_official_store,https://store.gryphline.com/products/arknights-sp-badge-blind-box-the-aphasic
gryphline_global:10476123128124,gryphline_global,Global,USD,10476123128124,Arknights · Sticker Pack - I Witnessed,Sticker,文具与纸品,title_and_store_type_rule_requires_review,Arknights,"[""Arknights"", ""Arknights Ambience Synesthesia 2026"", ""Shop All""]","[""Title""]",1,12.0,12.0,1,0,2026-08-31T22:56:51-04:00,2026-09-11T18:12:26-04:00,2026-09-11T22:16:44+00:00,False,publisher_official_store,https://store.gryphline.com/products/arknights-sticker-pack-i-witnessed
gryphline_global:10259556368700,gryphline_global,Global,USD,10259556368700,Arknights · BunniShan Plushie SP - Amiya - In A Myriad of Universes,Plushie,毛绒玩偶,title_and_store_type_rule_requires_review,Arknights,"[""Arknights"", ""Shop All"", ""Wishes from Stars""]","[""Type""]",2,32.0,90.0,2,0,2025-12-25T22:42:14-05:00,2026-09-11T18:12:26-04:00,2026-09-11T22:16:44+00:00,False,publisher_official_store,https://store.gryphline.com/products/arknights-bunny-plushie-sp-amiya-in-a-myriad-of-universes
gryphline_global:10259564822844,gryphline_global,Global,USD,10259564822844,Arknights · BunniShan Plushie Charm - COOOOL,Plushie,毛绒玩偶,title_and_store_type_rule_requires_review,Arknights,"[""Arknights"", ""Shop All"", ""Wishes from Stars""]","[""Title""]",1,18.0,18.0,0,0,2025-12-25T22:42:17-05:00,2026-09-11T18:12:26-04:00,2026-09-11T22:16:44+00:00,False,publisher_official_store,https://store.gryphline.com/products/arknights-bunny-plushie-charm-cooool
gryphline_global:10259550798140,gryphline_global,Global,USD,10259550798140,Arknights · Mini Series Chibi Figure · Amiya - In A Myriad of Universes,Figure,手办模玩,title_and_store_type_rule_requires_review,Arknights,"[""Arknights"", ""Shop All"", ""Wishes from Stars""]","[""Title""]",1,50.0,50.0,1,0,2025-12-25T22:42:12-05:00,2026-09-11T18:12:26-04:00,2026-09-11T22:16:44+00:00,False,publisher_official_store,https://store.gryphline.com/products/arknights-mini-series-chibi-figure-amiya-in-a-myriad-of-universes
gryphline_global:10259554337084,gryphline_global,Global,USD,10259554337084,Arknights · Table Mat - Wishes from Stars,Table mat,桌面与生活用品,title_and_store_type_rule_requires_review,Arknights,"[""Arknights"", ""Shop All"", ""Wishes from Stars""]","[""Title""]",1,25.0,25.0,0,0,2025-12-25T22:42:12-05:00,2026-09-11T18:12:26-04:00,2026-09-11T22:16:44+00:00,False,publisher_official_store,https://store.gryphline.com/products/arknights-table-mat-wishes-from-stars
gryphline_global:10259555189052,gryphline_global,Global,USD,10259555189052,Arknights · Key Tag - Wishes from Stars,Acrylic Charm,亚克力制品,title_and_store_type_rule_requires_review,Arknights,"[""Arknights"", ""Shop All"", ""Wishes from Stars""]","[""Type""]",3,15.0,15.0,1,0,2025-12-25T22:42:13-05:00,2026-09-11T18:12:26-04:00,2026-09-11T22:16:44+00:00,False,publisher_official_store,https://store.gryphline.com/products/arknights-key-tag-wishes-from-stars
gryphline_global:10259556008252,gryphline_global,Global,USD,10259556008252,Arknights · Glitter Badge - Wishes from Stars,Badge,徽章,title_and_store_type_rule_requires_review,Arknights,"[""Arknights"", ""Shop All"", ""Wishes from Stars""]","[""Type""]",3,8.0,8.0,1,0,2025-12-25T22:42:13-05:00,2026-09-11T18:12:26-04:00,2026-09-11T22:16:44+00:00,False,publisher_official_store,https://store.gryphline.com/products/arknights-glitter-badge-wishes-from-stars
gryphline_global:10259563577660,gryphline_global,Global,USD,10259563577660,Arknights · Rotating Acrylic Display Stand - GOGOGO,Acrylic Standee,亚克力制品,title_and_store_type_rule_requires_review,Arknights,"[""Arknights"", ""Shop All"", ""Wishes from Stars""]","[""Title""]",1,23.0,23.0,1,0,2025-12-25T22:42:16-05:00,2026-09-11T18:12:26-04:00,2026-09-11T22:16:44+00:00,False,publisher_official_store,https://store.gryphline.com/products/arknights-rotating-acrylic-display-stand-gogogo
gryphline_global:10259561120060,gryphline_global,Global,USD,10259561120060,Arknights · Postcard Set - Fashion Collection  SP - Wishes from Stars,Post Card,文具与纸品,title_and_store_type_rule_requires_review,Arknights,"[""Arknights"", ""Shop All"", ""Wishes from Stars""]","[""Title""]",1,8.0,8.0,1,0,2025-12-25T22:42:14-05:00,2026-09-11T18:12:26-04:00,2026-09-11T22:16:44+00:00,False,publisher_official_store,https://store.gryphline.com/products/arknights-postcard-set-fashion-collection-sp
gryphline_global:10259562594620,gryphline_global,Global,USD,10259562594620,Arknights · Sticker Pack - Wishes from Stars,Sticker,文具与纸品,title_and_store_type_rule_requires_review,Arknights,"[""Arknights"", ""Shop All"", ""Wishes from Stars""]","[""Title""]",1,8.0,8.0,1,0,2025-12-25T22:42:15-05:00,2026-09-11T18:12:26-04:00,2026-09-11T22:16:44+00:00,False,publisher_official_store,https://store.gryphline.com/products/arknights-sticker-pack-wishes-from-stars
gryphline_global:10259564167484,gryphline_global,Global,USD,10259564167484,Arknights · Clear Tape - GOGOGO,Tape,文具与纸品,title_and_store_type_rule_requires_review,Arknights,"[""Arknights"", ""Shop All"", ""Wishes from Stars""]","[""Title""]",1,15.0,15.0,1,0,2025-12-25T22:42:16-05:00,2026-09-11T18:12:26-04:00,2026-09-11T22:16:44+00:00,False,publisher_official_store,https://store.gryphline.com/products/arknights-clear-tape-gogogo
gryphline_global:10259559383356,gryphline_global,Global,USD,10259559383356,Arknights · Character Set - Wishes from Stars,Character Set,其他待复核,title_and_store_type_rule_requires_review,Arknights,"[""Arknights"", ""Shop All"", ""Wishes from Stars""]","[""Type"", ""Character""]",9,12.0,12.0,9,0,2025-12-25T22:42:14-05:00,2026-09-11T18:12:26-04:00,2026-09-11T22:16:44+00:00,False,publisher_official_store,https://store.gryphline.com/products/arknights-character-set-wishes-from-stars
gryphline_global:10259563184444,gryphline_global,Global,USD,10259563184444,Arknights · Acrylic Photo Prop Stick - Wishes from Stars,Acrylic Photo Prop Stick,亚克力制品,title_and_store_type_rule_requires_review,Arknights,"[""Arknights"", ""Shop All"", ""Wishes from Stars""]","[""Type"", ""Character""]",9,15.0,15.0,3,0,2025-12-25T22:42:16-05:00,2026-09-11T18:12:26-04:00,2026-09-11T22:16:44+00:00,False,publisher_official_store,https://store.gryphline.com/products/arknights-acrylic-photo-prop-stick-wishes-from-stars
gryphline_global:10142528864572,gryphline_global,Global,USD,10142528864572,Arknights · Ambience Synesthesia 2025 Collector’s Box,Gift Box,纪念礼盒,title_and_store_type_rule_requires_review,Arknights,"[""Arknights"", ""Arknights Ambience Synesthesia 2025"", ""Shop All""]","[""Title""]",1,65.0,65.0,0,0,2025-09-04T22:54:58-04:00,2026-09-11T18:12:26-04:00,2026-09-11T22:16:44+00:00,False,publisher_official_store,https://store.gryphline.com/products/arknights-ambience-synesthesia-2025-collector-s-box
gryphline_global:10142517788988,gryphline_global,Global,USD,10142517788988,Arknights · Cuddly Chibi Plushie,Plushie,毛绒玩偶,title_and_store_type_rule_requires_review,Arknights,"[""Arknights"", ""Arknights Ambience Synesthesia 2025"", ""Shop All""]","[""Type""]",3,30.0,30.0,3,0,2025-09-04T22:54:20-04:00,2026-09-11T18:12:26-04:00,2026-09-11T22:16:44+00:00,False,publisher_official_store,https://store.gryphline.com/products/cuddly-chibi-plushie
gryphline_global:10143140249916,gryphline_global,Global,USD,10143140249916,Arknights · Chibi Acrylic Stand Set,Acrylic Standee,亚克力制品,title_and_store_type_rule_requires_review,Arknights,"[""Arknights"", ""Arknights Ambience Synesthesia 2025"", ""Shop All""]","[""Type""]",5,25.0,25.0,5,0,2025-09-04T22:53:57-04:00,2026-09-11T18:12:26-04:00,2026-09-11T22:16:44+00:00,False,publisher_official_store,https://store.gryphline.com/products/arknights-chibi-acrylic-stand-set
gryphline_global:10143113445692,gryphline_global,Global,USD,10143113445692,Arknights · T-Shirt - Logos,T-Shirt,服饰,title_and_store_type_rule_requires_review,Arknights,"[""Arknights"", ""Arknights Ambience Synesthesia 2025"", ""Shop All""]","[""SIZE""]",4,30.0,30.0,4,0,2025-09-04T22:54:49-04:00,2026-09-11T18:12:26-04:00,2026-09-11T22:16:44+00:00,False,publisher_official_store,https://store.gryphline.com/products/arknights-t-shirt-logos
gryphline_global:10143115575612,gryphline_global,Global,USD,10143115575612,Arknights · T-Shirt - Muelsyse,T-Shirt,服饰,title_and_store_type_rule_requires_review,Arknights,"[""Arknights"", ""Arknights Ambience Synesthesia 2025"", ""Shop All""]","[""SIZE""]",4,30.0,30.0,4,0,2025-09-04T22:54:39-04:00,2026-09-11T18:12:26-04:00,2026-09-11T22:16:44+00:00,False,publisher_official_store,https://store.gryphline.com/products/arknights-t-shirt
gryphline_global:10143116296508,gryphline_global,Global,USD,10143116296508,Arknights · T-Shirt - Mostima,T-Shirt,服饰,title_and_store_type_rule_requires_review,Arknights,"[""Arknights"", ""Arknights Ambience Synesthesia 2025"", ""Shop All""]","[""SIZE""]",4,30.0,30.0,4,0,2025-09-04T22:54:31-04:00,2026-09-11T18:12:26-04:00,2026-09-11T22:16:44+00:00,False,publisher_official_store,https://store.gryphline.com/products/arknights-t-shirt-mostima
gryphline_global:10143145034044,gryphline_global,Global,USD,10143145034044,Arknights · SP Key Tag Blind Box - Access Pass: The Wild Era,Acrylic Charm,盲盒,title_and_store_type_rule_requires_review,Arknights,"[""Arknights"", ""Arknights Ambience Synesthesia 2025"", ""Shop All""]","[""Type""]",2,12.0,48.0,1,0,2025-09-04T22:53:23-04:00,2026-09-11T18:12:26-04:00,2026-09-11T22:16:44+00:00,False,publisher_official_store,https://store.gryphline.com/products/arknights-sp-key-tag-blind-box-access-pass-the-wild-era
gryphline_global:10143140938044,gryphline_global,Global,USD,10143140938044,Arknights · SP Key Tag Blind Box - Access Pass: Blooms of Time,Acrylic Charm,盲盒,title_and_store_type_rule_requires_review,Arknights,"[""Arknights"", ""Arknights Ambience Synesthesia 2025"", ""Shop All""]","[""Type""]",2,12.0,48.0,2,0,2025-09-04T22:53:13-04:00,2026-09-11T18:12:26-04:00,2026-09-11T22:16:44+00:00,False,publisher_official_store,https://store.gryphline.com/products/arknights-sp-key-tag-blind-box-access-pass-blooms-of-time
gryphline_global:10143146541372,gryphline_global,Global,USD,10143146541372,Arknights · SP Key Tag Blind Box - Access Pass: Glazed Grace,Acrylic Charm,盲盒,title_and_store_type_rule_requires_review,Arknights,"[""Arknights"", ""Arknights Ambience Synesthesia 2025"", ""Shop All""]","[""Type""]",2,12.0,48.0,0,0,2025-09-04T22:53:31-04:00,2026-09-11T18:12:26-04:00,2026-09-11T22:16:44+00:00,False,publisher_official_store,https://store.gryphline.com/products/arknights-sp-key-tag-blind-box-access-pass-glazed-grace
gryphline_global:10143150473532,gryphline_global,Global,USD,10143150473532,Arknights · SP Key Tag Blind Box - Access Pass: Echoes of the Legends,Acrylic Charm,盲盒,title_and_store_type_rule_requires_review,Arknights,"[""Arknights"", ""Arknights Ambience Synesthesia 2025"", ""Shop All""]","[""Type""]",2,12.0,48.0,2,0,2025-09-04T22:53:49-04:00,2026-09-11T18:12:26-04:00,2026-09-11T22:16:44+00:00,False,publisher_official_store,https://store.gryphline.com/products/arknights-sp-key-tag-blind-box-access-pass-echoes-of-the-legends
gryphline_global:10143147524412,gryphline_global,Global,USD,10143147524412,Arknights · SP Key Tag Blind Box - Access Pass: Divine Reverie,Acrylic Charm,盲盒,title_and_store_type_rule_requires_review,Arknights,"[""Arknights"", ""Arknights Ambience Synesthesia 2025"", ""Shop All""]","[""Type""]",2,12.0,48.0,2,0,2025-09-04T22:53:41-04:00,2026-09-11T18:12:26-04:00,2026-09-11T22:16:44+00:00,False,publisher_official_store,https://store.gryphline.com/products/arknights-sp-key-tag-blind-box-access-pass-divine-reverie
gryphline_global:10143117902140,gryphline_global,Global,USD,10143117902140,Arknights · Acrylic Standee - The Wild Era,Acrylic Standee,亚克力制品,title_and_store_type_rule_requires_review,Arknights,"[""Arknights"", ""Arknights Ambience Synesthesia 2025"", ""Shop All""]","[""Type""]",5,20.0,20.0,5,0,2025-09-04T22:52:48-04:00,2026-09-11T18:12:26-04:00,2026-09-11T22:16:44+00:00,False,publisher_official_store,https://store.gryphline.com/products/arknights-acrylic-standee-the-wild-era
gryphline_global:10143117639996,gryphline_global,Global,USD,10143117639996,Arknights · Acrylic Standee - Blooms of Time,Acrylic Standee,亚克力制品,title_and_store_type_rule_requires_review,Arknights,"[""Arknights"", ""Arknights Ambience Synesthesia 2025"", ""Shop All""]","[""Type""]",5,20.0,20.0,5,0,2025-09-04T22:52:25-04:00,2026-09-11T18:12:26-04:00,2026-09-11T22:16:44+00:00,False,publisher_official_store,https://store.gryphline.com/products/arknights-acrylic-standee-blooms-of-time
gryphline_global:10143126159676,gryphline_global,Global,USD,10143126159676,Arknights · Acrylic Standee - Glazed Grace,Acrylic Standee,亚克力制品,title_and_store_type_rule_requires_review,Arknights,"[""Arknights"", ""Arknights Ambience Synesthesia 2025"", ""Shop All""]","[""Type""]",5,20.0,20.0,3,0,2025-09-04T22:52:36-04:00,2026-09-11T18:12:26-04:00,2026-09-11T22:16:44+00:00,False,publisher_official_store,https://store.gryphline.com/products/arknights-acrylic-standee-glazed-grace
gryphline_global:10143130288444,gryphline_global,Global,USD,10143130288444,Arknights · Acrylic Standee - Divine Reverie,Acrylic Standee,亚克力制品,title_and_store_type_rule_requires_review,Arknights,"[""Arknights"", ""Arknights Ambience Synesthesia 2025"", ""Shop All""]","[""Type""]",5,20.0,20.0,5,0,2025-09-04T22:52:11-04:00,2026-09-11T18:12:26-04:00,2026-09-11T22:16:44+00:00,False,publisher_official_store,https://store.gryphline.com/products/arknights-acrylic-standee-divine-reverie
gryphline_global:10143136121148,gryphline_global,Global,USD,10143136121148,Arknights · Acrylic Standee - Echoes of the Legends,Acrylic Standee,亚克力制品,title_and_store_type_rule_requires_review,Arknights,"[""Arknights"", ""Arknights Ambience Synesthesia 2025"", ""Shop All""]","[""Type""]",5,20.0,20.0,5,0,2025-09-04T22:52:59-04:00,2026-09-11T18:12:26-04:00,2026-09-11T22:16:44+00:00,False,publisher_official_store,https://store.gryphline.com/products/arknights-acrylic-standee-echoes-of-the-legends
gryphline_global:10142492328252,gryphline_global,Global,USD,10142492328252,Arknights · Laser Ticket Set - Echoes of the Legends,Laser Ticket,文具与纸品,title_and_store_type_rule_requires_review,Arknights,"[""Arknights"", ""Arknights Ambience Synesthesia 2025"", ""Shop All""]","[""Title""]",1,13.0,13.0,1,0,2025-09-04T22:54:09-04:00,2026-09-11T18:12:26-04:00,2026-09-11T22:16:44+00:00,False,publisher_official_store,https://store.gryphline.com/products/laser-ticket-set-echoes-of-the-legends
gryphline_global:9841991450940,gryphline_global,Global,USD,9841991450940,Arknights · Mini Series Chibi Figure - Amiya - Solo Around The World,Figure,手办模玩,title_and_store_type_rule_requires_review,Arknights,"[""Arknights"", ""Shop All"", ""Solo Around The World""]","[""Title""]",1,50.0,50.0,1,0,2024-12-23T23:55:04-05:00,2026-09-11T18:12:26-04:00,2026-09-11T22:16:44+00:00,False,publisher_official_store,https://store.gryphline.com/products/arknights-mini-series-chibi-figure-solo-around-the-world
gryphline_global:9841919885628,gryphline_global,Global,USD,9841919885628,Arknights · BunniShan Plushie SP - Amiya - Solo Around The World,Plushie,毛绒玩偶,title_and_store_type_rule_requires_review,Arknights,"[""Arknights"", ""Shop All"", ""Solo Around The World""]","[""Title""]",1,32.0,32.0,1,0,2024-12-23T23:54:59-05:00,2026-09-11T18:12:26-04:00,2026-09-11T22:16:44+00:00,False,publisher_official_store,https://store.gryphline.com/products/arknights-bunny-plushie-sp-amiya-solo-around-the-world
gryphline_global:9842022744380,gryphline_global,Global,USD,9842022744380,Arknights · SP Key Tag Blind Box - Access Pass: The Dreamer,Acrylic Charm,盲盒,title_and_store_type_rule_requires_review,Arknights,"[""Arknights"", ""Shop All"", ""Solo Around The World""]","[""Type""]",2,12.0,48.0,2,0,2024-12-23T23:55:17-05:00,2026-09-11T18:12:26-04:00,2026-09-11T22:16:44+00:00,False,publisher_official_store,https://store.gryphline.com/products/arknights-sp-key-tag-blind-box-access-pass-the-dreamer
gryphline_global:9842110005564,gryphline_global,Global,USD,9842110005564,Arknights · SP Key Tag Blind Box - Access Pass: The Pilgrim,Acrylic Charm,盲盒,title_and_store_type_rule_requires_review,Arknights,"[""Arknights"", ""Shop All"", ""Solo Around The World""]","[""Type""]",2,12.0,48.0,2,0,2024-12-23T23:55:23-05:00,2026-09-11T18:12:26-04:00,2026-09-11T22:16:44+00:00,False,publisher_official_store,https://store.gryphline.com/products/arknights-sp-key-tag-blind-box-access-pass-the-pilgrim
gryphline_global:9842116526396,gryphline_global,Global,USD,9842116526396,Arknights · SP Key Tag Blind Box - Access Pass: The Throne,Acrylic Charm,盲盒,title_and_store_type_rule_requires_review,Arknights,"[""Arknights"", ""Shop All"", ""Solo Around The World""]","[""Type""]",2,12.0,48.0,2,0,2024-12-23T23:55:28-05:00,2026-09-11T18:12:26-04:00,2026-09-11T22:16:44+00:00,False,publisher_official_store,https://store.gryphline.com/products/arknights-sp-key-tag-blind-box-access-pass-the-throne
gryphline_global:9842124685628,gryphline_global,Global,USD,9842124685628,Arknights · SP Key Tag Blind Box - Access Pass: NOVA FIVE ☆ ULTRA LIVE,Acrylic Charm,盲盒,title_and_store_type_rule_requires_review,Arknights,"[""Arknights"", ""Shop All"", ""Solo Around The World""]","[""Type""]",2,12.0,48.0,2,0,2024-12-23T23:55:11-05:00,2026-09-11T18:12:26-04:00,2026-09-11T22:16:44+00:00,False,publisher_official_store,https://store.gryphline.com/products/arknights-sp-key-tag-blind-box-access-pass-nova-five-ultra-live
gryphline_global:9655154147644,gryphline_global,Global,USD,9655154147644,Arknights · SP Badge Blind Box - The Dreamer,Badge,盲盒,title_and_store_type_rule_requires_review,Arknights,"[""Arknights"", ""Arknights Ambience Synesthesia 2024"", ""Shop All""]","[""Type""]",2,7.0,35.0,2,0,2024-08-25T00:23:01-04:00,2026-09-11T18:12:26-04:00,2026-09-11T22:16:44+00:00,False,publisher_official_store,https://store.gryphline.com/products/arknights-sp-badge-blind-box-the-dreamer
gryphline_global:9655156736316,gryphline_global,Global,USD,9655156736316,Arknights · T-Shirt - Amiya,T-Shirt,服饰,title_and_store_type_rule_requires_review,Arknights,"[""Arknights"", ""Arknights Ambience Synesthesia 2024"", ""Shop All""]","[""Type""]",3,30.0,30.0,0,0,2024-08-25T00:23:08-04:00,2026-09-11T18:12:26-04:00,2026-09-11T22:16:44+00:00,False,publisher_official_store,https://store.gryphline.com/products/arknights-t-shirt-amiya
gryphline_global:9655155458364,gryphline_global,Global,USD,9655155458364,Arknights · Acrylic Table Display - The Dreamer,Acrylic Table Display,亚克力制品,title_and_store_type_rule_requires_review,Arknights,"[""Arknights"", ""Arknights Ambience Synesthesia 2024"", ""Shop All""]","[""Title""]",1,22.0,22.0,0,0,2024-08-25T00:22:43-04:00,2026-09-11T18:12:26-04:00,2026-09-11T22:16:44+00:00,False,publisher_official_store,https://store.gryphline.com/products/arknights-acrylic-table-display-the-dreamer
gryphline_global:9655153819964,gryphline_global,Global,USD,9655153819964,Arknights · SP Badge Blind Box - The Pilgrim,Badge,盲盒,title_and_store_type_rule_requires_review,Arknights,"[""Arknights"", ""Arknights Ambience Synesthesia 2024"", ""Shop All""]","[""Type""]",2,7.0,35.0,2,0,2024-08-25T00:23:04-04:00,2026-09-11T18:12:26-04:00,2026-09-11T22:16:44+00:00,False,publisher_official_store,https://store.gryphline.com/products/arknights-sp-badge-blind-box-the-pilgrim
gryphline_global:9655156867388,gryphline_global,Global,USD,9655156867388,Arknights · T-Shirt - Kal'tsit,T-Shirt,服饰,title_and_store_type_rule_requires_review,Arknights,"[""Arknights"", ""Arknights Ambience Synesthesia 2024"", ""Shop All""]","[""Type""]",3,30.0,30.0,0,0,2024-08-25T00:23:10-04:00,2026-09-11T18:12:26-04:00,2026-09-11T22:16:44+00:00,False,publisher_official_store,https://store.gryphline.com/products/arknights-t-shirt-kaltsit
gryphline_global:9655155949884,gryphline_global,Global,USD,9655155949884,Arknights · Acrylic Table Display - The Pilgrim,Acrylic Table Display,亚克力制品,title_and_store_type_rule_requires_review,Arknights,"[""Arknights"", ""Arknights Ambience Synesthesia 2024"", ""Shop All""]","[""Title""]",1,22.0,22.0,1,0,2024-08-25T00:22:42-04:00,2026-09-11T18:12:26-04:00,2026-09-11T22:16:44+00:00,False,publisher_official_store,https://store.gryphline.com/products/arknights-acrylic-table-display-the-pilgrim
gryphline_global:9655154278716,gryphline_global,Global,USD,9655154278716,Arknights · SP Badge Blind Box - The Throne,Badge,盲盒,title_and_store_type_rule_requires_review,Arknights,"[""Arknights"", ""Arknights Ambience Synesthesia 2024"", ""Shop All""]","[""Type""]",2,7.0,35.0,2,0,2024-08-25T00:23:06-04:00,2026-09-11T18:12:26-04:00,2026-09-11T22:16:44+00:00,False,publisher_official_store,https://store.gryphline.com/products/arknights-sp-badge-blind-box-the-throne
gryphline_global:9655157031228,gryphline_global,Global,USD,9655157031228,Arknights · T-Shirt - Siege,T-Shirt,服饰,title_and_store_type_rule_requires_review,Arknights,"[""Arknights"", ""Arknights Ambience Synesthesia 2024"", ""Shop All""]","[""Type""]",3,30.0,30.0,0,0,2024-08-25T00:23:12-04:00,2026-09-11T18:12:26-04:00,2026-09-11T22:16:44+00:00,False,publisher_official_store,https://store.gryphline.com/products/arknights-t-shirt-siege
gryphline_global:9655155687740,gryphline_global,Global,USD,9655155687740,Arknights · Acrylic Table Display - The Throne,Acrylic Table Display,亚克力制品,title_and_store_type_rule_requires_review,Arknights,"[""Arknights"", ""Arknights Ambience Synesthesia 2024"", ""Shop All""]","[""Title""]",1,22.0,22.0,0,0,2024-08-25T00:22:37-04:00,2026-09-11T18:12:26-04:00,2026-09-11T22:16:44+00:00,False,publisher_official_store,https://store.gryphline.com/products/arknights-acrylic-table-display-the-throne
gryphline_global:9655153295676,gryphline_global,Global,USD,9655153295676,Arknights · SP Badge Blind Box - NOVA FIVE ☆ ULTRA LIVE,Badge,盲盒,title_and_store_type_rule_requires_review,Arknights,"[""Arknights"", ""Arknights Ambience Synesthesia 2024"", ""Shop All""]","[""Type""]",2,7.0,35.0,2,0,2024-08-25T00:22:59-04:00,2026-09-11T18:12:26-04:00,2026-09-11T22:16:44+00:00,False,publisher_official_store,https://store.gryphline.com/products/arknights-sp-badge-blind-box
gryphline_global:9655157326140,gryphline_global,Global,USD,9655157326140,Arknights · T-Shirt - U-Official,T-Shirt,服饰,title_and_store_type_rule_requires_review,Arknights,"[""Arknights"", ""Arknights Ambience Synesthesia 2024"", ""Shop All""]","[""Type""]",3,30.0,30.0,2,0,2024-08-25T00:23:15-04:00,2026-09-11T18:12:26-04:00,2026-09-11T22:16:44+00:00,False,publisher_official_store,https://store.gryphline.com/products/arknights-t-shirt-u-official
gryphline_global:9655156506940,gryphline_global,Global,USD,9655156506940,Arknights · Acrylic Table Display - NOVA FIVE ☆ ULTRA LIVE,Acrylic Table Display,亚克力制品,title_and_store_type_rule_requires_review,Arknights,"[""Arknights"", ""Arknights Ambience Synesthesia 2024"", ""Shop All""]","[""Title""]",1,22.0,22.0,0,0,2024-08-25T00:22:46-04:00,2026-09-11T18:12:26-04:00,2026-09-11T22:16:44+00:00,False,publisher_official_store,https://store.gryphline.com/products/arknights-acrylic-table-display-nova-five-ultra-live
gryphline_global:9655153066300,gryphline_global,Global,USD,9655153066300,Arknights · Ambience Synesthesia 2024 Blu-ray Collector’s Box,Gift Box,纪念礼盒,title_and_store_type_rule_requires_review,Arknights,"[""Arknights"", ""Arknights Ambience Synesthesia 2024"", ""Shop All""]","[""Title""]",1,65.0,65.0,0,0,2024-08-25T00:22:29-04:00,2026-09-11T18:12:26-04:00,2026-09-11T22:16:44+00:00,False,publisher_official_store,https://store.gryphline.com/products/arknights-ambience-synesthesia-2024-blu-ray-collector-s-box
gryphline_global:8975839887676,gryphline_global,Global,USD,8975839887676,Arknights · Ambience Synesthesia 2023 WANTED Collector's Edition Box,Gift Box,纪念礼盒,title_and_store_type_rule_requires_review,Arknights,"[""Arknights"", ""Arknights Ambience Synesthesia 2023"", ""Bottom Collection"", ""Shop All""]","[""Title""]",1,75.0,75.0,1,0,2023-11-30T08:34:08-05:00,2026-09-11T18:12:26-04:00,2026-09-11T22:16:44+00:00,False,publisher_official_store,https://store.gryphline.com/products/arknights-ambience-synesthesia-2023-wanted-collectors-edition-box
gryphline_global:8959212126524,gryphline_global,Global,USD,8959212126524,Arknights · Ambience Synesthesia 2023 WANTED W Hand Puppet - Jack in the Box,Plushie,毛绒玩偶,title_and_store_type_rule_requires_review,Arknights,"[""Arknights"", ""Arknights Ambience Synesthesia 2023"", ""Bottom Collection"", ""Shop All""]","[""Title""]",1,40.0,40.0,1,0,2023-11-22T05:22:48-05:00,2026-09-11T18:12:26-04:00,2026-09-11T22:16:44+00:00,False,publisher_official_store,https://store.gryphline.com/products/ambience-synesthesia-2023-wanted-w-hand-puppet-jack-in-the-box
