operator_id,operator,english_name,profession,subprofession,rarity,nation_id,group_id,team_id,source_kind,source_url,source_commit,observed_at,is_simulated
char_285_medic2,Lancet-2,Lancet-2,MEDIC,physician,TIER_1,rhodes,,,community_maintained_game_metadata,https://raw.githubusercontent.com/Kengxxiao/ArknightsGameData/0ef7f952dfd018392200157a5c79a6511ba69122/zh_CN/gamedata/excel/character_table.json,0ef7f952dfd018392200157a5c79a6511ba69122,2026-09-11T22:16:48+00:00,False
char_286_cast3,Castle-3,Castle-3,WARRIOR,fearless,TIER_1,rhodes,,,community_maintained_game_metadata,https://raw.githubusercontent.com/Kengxxiao/ArknightsGameData/0ef7f952dfd018392200157a5c79a6511ba69122/zh_CN/gamedata/excel/character_table.json,0ef7f952dfd018392200157a5c79a6511ba69122,2026-09-11T22:16:48+00:00,False
char_4220_kormr,虎狼丸,Koromaru,WARRIOR,sword,TIER_1,,,sees,community_maintained_game_metadata,https://raw.githubusercontent.com/Kengxxiao/ArknightsGameData/0ef7f952dfd018392200157a5c79a6511ba69122/zh_CN/gamedata/excel/character_table.json,0ef7f952dfd018392200157a5c79a6511ba69122,2026-09-11T22:16:48+00:00,False
char_376_therex,THRM-EX,Thermal-EX,SPECIAL,executor,TIER_1,rhodes,,,community_maintained_game_metadata,https://raw.githubusercontent.com/Kengxxiao/ArknightsGameData/0ef7f952dfd018392200157a5c79a6511ba69122/zh_CN/gamedata/excel/character_table.json,0ef7f952dfd018392200157a5c79a6511ba69122,2026-09-11T22:16:48+00:00,False
char_4000_jnight,正义骑士号,"""Justice Knight""",SNIPER,fastshot,TIER_1,kazimierz,pinus,,community_maintained_game_metadata,https://raw.githubusercontent.com/Kengxxiao/ArknightsGameData/0ef7f952dfd018392200157a5c79a6511ba69122/zh_CN/gamedata/excel/character_table.json,0ef7f952dfd018392200157a5c79a6511ba69122,2026-09-11T22:16:48+00:00,False
char_4077_palico,泰拉大陆调查团,Terra Research Commission,SNIPER,bombarder,TIER_1,rhodes,,,community_maintained_game_metadata,https://raw.githubusercontent.com/Kengxxiao/ArknightsGameData/0ef7f952dfd018392200157a5c79a6511ba69122/zh_CN/gamedata/excel/character_table.json,0ef7f952dfd018392200157a5c79a6511ba69122,2026-09-11T22:16:48+00:00,False
char_4091_ulika,U-Official,U-Official,SUPPORT,bard,TIER_1,rhodes,,,community_maintained_game_metadata,https://raw.githubusercontent.com/Kengxxiao/ArknightsGameData/0ef7f952dfd018392200157a5c79a6511ba69122/zh_CN/gamedata/excel/character_table.json,0ef7f952dfd018392200157a5c79a6511ba69122,2026-09-11T22:16:48+00:00,False
char_4093_frston,Friston-3,Friston-3,TANK,protector,TIER_1,rhodes,,,community_maintained_game_metadata,https://raw.githubusercontent.com/Kengxxiao/ArknightsGameData/0ef7f952dfd018392200157a5c79a6511ba69122/zh_CN/gamedata/excel/character_table.json,0ef7f952dfd018392200157a5c79a6511ba69122,2026-09-11T22:16:48+00:00,False
char_4136_phonor,PhonoR-0,PhonoR-0,SUPPORT,ritualist,TIER_1,rhodes,,,community_maintained_game_metadata,https://raw.githubusercontent.com/Kengxxiao/ArknightsGameData/0ef7f952dfd018392200157a5c79a6511ba69122/zh_CN/gamedata/excel/character_table.json,0ef7f952dfd018392200157a5c79a6511ba69122,2026-09-11T22:16:48+00:00,False
char_4188_confes,CONFESS-47,CONFESS-47,PIONEER,pioneer,TIER_1,laterano,,,community_maintained_game_metadata,https://raw.githubusercontent.com/Kengxxiao/ArknightsGameData/0ef7f952dfd018392200157a5c79a6511ba69122/zh_CN/gamedata/excel/character_table.json,0ef7f952dfd018392200157a5c79a6511ba69122,2026-09-11T22:16:48+00:00,False
char_4227_gallus,GALLUS²,GALLUS²,CASTER,corecaster,TIER_1,rhodes,,,community_maintained_game_metadata,https://raw.githubusercontent.com/Kengxxiao/ArknightsGameData/0ef7f952dfd018392200157a5c79a6511ba69122/zh_CN/gamedata/excel/character_table.json,0ef7f952dfd018392200157a5c79a6511ba69122,2026-09-11T22:16:48+00:00,False
char_4215_buddy,罗德岛隐秘队,Rhodes Island Recon,PIONEER,tactician,TIER_1,rhodes,,,community_maintained_game_metadata,https://raw.githubusercontent.com/Kengxxiao/ArknightsGameData/0ef7f952dfd018392200157a5c79a6511ba69122/zh_CN/gamedata/excel/character_table.json,0ef7f952dfd018392200157a5c79a6511ba69122,2026-09-11T22:16:48+00:00,False
char_502_nblade,夜刀,Yato,PIONEER,pioneer,TIER_2,rhodes,,action4,community_maintained_game_metadata,https://raw.githubusercontent.com/Kengxxiao/ArknightsGameData/0ef7f952dfd018392200157a5c79a6511ba69122/zh_CN/gamedata/excel/character_table.json,0ef7f952dfd018392200157a5c79a6511ba69122,2026-09-11T22:16:48+00:00,False
char_500_noirc,黑角,Noir Corne,TANK,protector,TIER_2,rhodes,,action4,community_maintained_game_metadata,https://raw.githubusercontent.com/Kengxxiao/ArknightsGameData/0ef7f952dfd018392200157a5c79a6511ba69122/zh_CN/gamedata/excel/character_table.json,0ef7f952dfd018392200157a5c79a6511ba69122,2026-09-11T22:16:48+00:00,False
char_503_rang,巡林者,Rangers,SNIPER,fastshot,TIER_2,rhodes,,action4,community_maintained_game_metadata,https://raw.githubusercontent.com/Kengxxiao/ArknightsGameData/0ef7f952dfd018392200157a5c79a6511ba69122/zh_CN/gamedata/excel/character_table.json,0ef7f952dfd018392200157a5c79a6511ba69122,2026-09-11T22:16:48+00:00,False
char_501_durin,杜林,Durin,CASTER,corecaster,TIER_2,rhodes,,action4,community_maintained_game_metadata,https://raw.githubusercontent.com/Kengxxiao/ArknightsGameData/0ef7f952dfd018392200157a5c79a6511ba69122/zh_CN/gamedata/excel/character_table.json,0ef7f952dfd018392200157a5c79a6511ba69122,2026-09-11T22:16:48+00:00,False
char_009_12fce,12F,12F,CASTER,splashcaster,TIER_2,rhodes,,,community_maintained_game_metadata,https://raw.githubusercontent.com/Kengxxiao/ArknightsGameData/0ef7f952dfd018392200157a5c79a6511ba69122/zh_CN/gamedata/excel/character_table.json,0ef7f952dfd018392200157a5c79a6511ba69122,2026-09-11T22:16:48+00:00,False
char_123_fang,芬,Fang,PIONEER,pioneer,TIER_3,rhodes,,reserve1,community_maintained_game_metadata,https://raw.githubusercontent.com/Kengxxiao/ArknightsGameData/0ef7f952dfd018392200157a5c79a6511ba69122/zh_CN/gamedata/excel/character_table.json,0ef7f952dfd018392200157a5c79a6511ba69122,2026-09-11T22:16:48+00:00,False
char_240_wyvern,香草,Vanilla,PIONEER,pioneer,TIER_3,columbia,blacksteel,,community_maintained_game_metadata,https://raw.githubusercontent.com/Kengxxiao/ArknightsGameData/0ef7f952dfd018392200157a5c79a6511ba69122/zh_CN/gamedata/excel/character_table.json,0ef7f952dfd018392200157a5c79a6511ba69122,2026-09-11T22:16:48+00:00,False
char_192_falco,翎羽,Plume,PIONEER,charger,TIER_3,laterano,,,community_maintained_game_metadata,https://raw.githubusercontent.com/Kengxxiao/ArknightsGameData/0ef7f952dfd018392200157a5c79a6511ba69122/zh_CN/gamedata/excel/character_table.json,0ef7f952dfd018392200157a5c79a6511ba69122,2026-09-11T22:16:48+00:00,False
char_208_melan,玫兰莎,Melantha,WARRIOR,fearless,TIER_3,rhodes,,reserve4,community_maintained_game_metadata,https://raw.githubusercontent.com/Kengxxiao/ArknightsGameData/0ef7f952dfd018392200157a5c79a6511ba69122/zh_CN/gamedata/excel/character_table.json,0ef7f952dfd018392200157a5c79a6511ba69122,2026-09-11T22:16:48+00:00,False
char_281_popka,泡普卡,Popukar,WARRIOR,centurion,TIER_3,rhodes,,reserve6,community_maintained_game_metadata,https://raw.githubusercontent.com/Kengxxiao/ArknightsGameData/0ef7f952dfd018392200157a5c79a6511ba69122/zh_CN/gamedata/excel/character_table.json,0ef7f952dfd018392200157a5c79a6511ba69122,2026-09-11T22:16:48+00:00,False
char_209_ardign,卡缇,Cardigan,TANK,protector,TIER_3,rhodes,,reserve4,community_maintained_game_metadata,https://raw.githubusercontent.com/Kengxxiao/ArknightsGameData/0ef7f952dfd018392200157a5c79a6511ba69122/zh_CN/gamedata/excel/character_table.json,0ef7f952dfd018392200157a5c79a6511ba69122,2026-09-11T22:16:48+00:00,False
char_122_beagle,米格鲁,Beagle,TANK,protector,TIER_3,rhodes,,reserve1,community_maintained_game_metadata,https://raw.githubusercontent.com/Kengxxiao/ArknightsGameData/0ef7f952dfd018392200157a5c79a6511ba69122/zh_CN/gamedata/excel/character_table.json,0ef7f952dfd018392200157a5c79a6511ba69122,2026-09-11T22:16:48+00:00,False
char_284_spot,斑点,Spot,TANK,guardian,TIER_3,rhodes,,reserve6,community_maintained_game_metadata,https://raw.githubusercontent.com/Kengxxiao/ArknightsGameData/0ef7f952dfd018392200157a5c79a6511ba69122/zh_CN/gamedata/excel/character_table.json,0ef7f952dfd018392200157a5c79a6511ba69122,2026-09-11T22:16:48+00:00,False
char_124_kroos,克洛丝,Kroos,SNIPER,fastshot,TIER_3,rhodes,,reserve1,community_maintained_game_metadata,https://raw.githubusercontent.com/Kengxxiao/ArknightsGameData/0ef7f952dfd018392200157a5c79a6511ba69122/zh_CN/gamedata/excel/character_table.json,0ef7f952dfd018392200157a5c79a6511ba69122,2026-09-11T22:16:48+00:00,False
char_211_adnach,安德切尔,Adnachiel,SNIPER,fastshot,TIER_3,rhodes,,reserve4,community_maintained_game_metadata,https://raw.githubusercontent.com/Kengxxiao/ArknightsGameData/0ef7f952dfd018392200157a5c79a6511ba69122/zh_CN/gamedata/excel/character_table.json,0ef7f952dfd018392200157a5c79a6511ba69122,2026-09-11T22:16:48+00:00,False
char_121_lava,炎熔,Lava,CASTER,splashcaster,TIER_3,rhodes,,reserve1,community_maintained_game_metadata,https://raw.githubusercontent.com/Kengxxiao/ArknightsGameData/0ef7f952dfd018392200157a5c79a6511ba69122/zh_CN/gamedata/excel/character_table.json,0ef7f952dfd018392200157a5c79a6511ba69122,2026-09-11T22:16:48+00:00,False
char_120_hibisc,芙蓉,Hibiscus,MEDIC,physician,TIER_3,rhodes,,reserve1,community_maintained_game_metadata,https://raw.githubusercontent.com/Kengxxiao/ArknightsGameData/0ef7f952dfd018392200157a5c79a6511ba69122/zh_CN/gamedata/excel/character_table.json,0ef7f952dfd018392200157a5c79a6511ba69122,2026-09-11T22:16:48+00:00,False
char_212_ansel,安赛尔,Ansel,MEDIC,physician,TIER_3,rhodes,,reserve4,community_maintained_game_metadata,https://raw.githubusercontent.com/Kengxxiao/ArknightsGameData/0ef7f952dfd018392200157a5c79a6511ba69122/zh_CN/gamedata/excel/character_table.json,0ef7f952dfd018392200157a5c79a6511ba69122,2026-09-11T22:16:48+00:00,False
char_210_stward,史都华德,Steward,CASTER,corecaster,TIER_3,rhodes,,reserve4,community_maintained_game_metadata,https://raw.githubusercontent.com/Kengxxiao/ArknightsGameData/0ef7f952dfd018392200157a5c79a6511ba69122/zh_CN/gamedata/excel/character_table.json,0ef7f952dfd018392200157a5c79a6511ba69122,2026-09-11T22:16:48+00:00,False
char_278_orchid,梓兰,Orchid,SUPPORT,slower,TIER_3,rhodes,,reserve6,community_maintained_game_metadata,https://raw.githubusercontent.com/Kengxxiao/ArknightsGameData/0ef7f952dfd018392200157a5c79a6511ba69122/zh_CN/gamedata/excel/character_table.json,0ef7f952dfd018392200157a5c79a6511ba69122,2026-09-11T22:16:48+00:00,False
char_141_nights,夜烟,Haze,CASTER,corecaster,TIER_4,victoria,,,community_maintained_game_metadata,https://raw.githubusercontent.com/Kengxxiao/ArknightsGameData/0ef7f952dfd018392200157a5c79a6511ba69122/zh_CN/gamedata/excel/character_table.json,0ef7f952dfd018392200157a5c79a6511ba69122,2026-09-11T22:16:48+00:00,False
char_109_fmout,远山,Gitano,CASTER,splashcaster,TIER_4,sami,,,community_maintained_game_metadata,https://raw.githubusercontent.com/Kengxxiao/ArknightsGameData/0ef7f952dfd018392200157a5c79a6511ba69122/zh_CN/gamedata/excel/character_table.json,0ef7f952dfd018392200157a5c79a6511ba69122,2026-09-11T22:16:48+00:00,False
char_253_greyy,格雷伊,Greyy,CASTER,splashcaster,TIER_4,bolivar,,,community_maintained_game_metadata,https://raw.githubusercontent.com/Kengxxiao/ArknightsGameData/0ef7f952dfd018392200157a5c79a6511ba69122/zh_CN/gamedata/excel/character_table.json,0ef7f952dfd018392200157a5c79a6511ba69122,2026-09-11T22:16:48+00:00,False
char_4051_akkord,协律,Akkord,CASTER,blastcaster,TIER_4,leithanien,,,community_maintained_game_metadata,https://raw.githubusercontent.com/Kengxxiao/ArknightsGameData/0ef7f952dfd018392200157a5c79a6511ba69122/zh_CN/gamedata/excel/character_table.json,0ef7f952dfd018392200157a5c79a6511ba69122,2026-09-11T22:16:48+00:00,False
char_328_cammou,卡达,Click,CASTER,funnel,TIER_4,rhodes,,,community_maintained_game_metadata,https://raw.githubusercontent.com/Kengxxiao/ArknightsGameData/0ef7f952dfd018392200157a5c79a6511ba69122/zh_CN/gamedata/excel/character_table.json,0ef7f952dfd018392200157a5c79a6511ba69122,2026-09-11T22:16:48+00:00,False
char_469_indigo,深靛,Indigo,CASTER,mystic,TIER_4,iberia,,,community_maintained_game_metadata,https://raw.githubusercontent.com/Kengxxiao/ArknightsGameData/0ef7f952dfd018392200157a5c79a6511ba69122/zh_CN/gamedata/excel/character_table.json,0ef7f952dfd018392200157a5c79a6511ba69122,2026-09-11T22:16:48+00:00,False
char_4004_pudd,布丁,Pudding,CASTER,chain,TIER_4,columbia,,,community_maintained_game_metadata,https://raw.githubusercontent.com/Kengxxiao/ArknightsGameData/0ef7f952dfd018392200157a5c79a6511ba69122/zh_CN/gamedata/excel/character_table.json,0ef7f952dfd018392200157a5c79a6511ba69122,2026-09-11T22:16:48+00:00,False
char_235_jesica,杰西卡,Jessica,SNIPER,fastshot,TIER_4,columbia,blacksteel,,community_maintained_game_metadata,https://raw.githubusercontent.com/Kengxxiao/ArknightsGameData/0ef7f952dfd018392200157a5c79a6511ba69122/zh_CN/gamedata/excel/character_table.json,0ef7f952dfd018392200157a5c79a6511ba69122,2026-09-11T22:16:48+00:00,False
char_126_shotst,流星,Meteor,SNIPER,fastshot,TIER_4,kazimierz,,,community_maintained_game_metadata,https://raw.githubusercontent.com/Kengxxiao/ArknightsGameData/0ef7f952dfd018392200157a5c79a6511ba69122/zh_CN/gamedata/excel/character_table.json,0ef7f952dfd018392200157a5c79a6511ba69122,2026-09-11T22:16:48+00:00,False
char_190_clour,红云,Vermeil,SNIPER,fastshot,TIER_4,siracusa,,,community_maintained_game_metadata,https://raw.githubusercontent.com/Kengxxiao/ArknightsGameData/0ef7f952dfd018392200157a5c79a6511ba69122/zh_CN/gamedata/excel/character_table.json,0ef7f952dfd018392200157a5c79a6511ba69122,2026-09-11T22:16:48+00:00,False
char_133_mm,梅,May,SNIPER,fastshot,TIER_4,victoria,,,community_maintained_game_metadata,https://raw.githubusercontent.com/Kengxxiao/ArknightsGameData/0ef7f952dfd018392200157a5c79a6511ba69122/zh_CN/gamedata/excel/character_table.json,0ef7f952dfd018392200157a5c79a6511ba69122,2026-09-11T22:16:48+00:00,False
char_118_yuki,白雪,ShiraYuki,SNIPER,aoesniper,TIER_4,higashi,,,community_maintained_game_metadata,https://raw.githubusercontent.com/Kengxxiao/ArknightsGameData/0ef7f952dfd018392200157a5c79a6511ba69122/zh_CN/gamedata/excel/character_table.json,0ef7f952dfd018392200157a5c79a6511ba69122,2026-09-11T22:16:48+00:00,False
char_440_pinecn,松果,Pinecone,SNIPER,reaperrange,TIER_4,columbia,,,community_maintained_game_metadata,https://raw.githubusercontent.com/Kengxxiao/ArknightsGameData/0ef7f952dfd018392200157a5c79a6511ba69122/zh_CN/gamedata/excel/character_table.json,0ef7f952dfd018392200157a5c79a6511ba69122,2026-09-11T22:16:48+00:00,False
char_302_glaze,安比尔,Ambriel,SNIPER,longrange,TIER_4,laterano,,,community_maintained_game_metadata,https://raw.githubusercontent.com/Kengxxiao/ArknightsGameData/0ef7f952dfd018392200157a5c79a6511ba69122/zh_CN/gamedata/excel/character_table.json,0ef7f952dfd018392200157a5c79a6511ba69122,2026-09-11T22:16:48+00:00,False
char_366_acdrop,酸糖,Aciddrop,SNIPER,closerange,TIER_4,columbia,,,community_maintained_game_metadata,https://raw.githubusercontent.com/Kengxxiao/ArknightsGameData/0ef7f952dfd018392200157a5c79a6511ba69122/zh_CN/gamedata/excel/character_table.json,0ef7f952dfd018392200157a5c79a6511ba69122,2026-09-11T22:16:48+00:00,False
char_4062_totter,铅踝,Totter,SNIPER,siegesniper,TIER_4,sargon,,,community_maintained_game_metadata,https://raw.githubusercontent.com/Kengxxiao/ArknightsGameData/0ef7f952dfd018392200157a5c79a6511ba69122/zh_CN/gamedata/excel/character_table.json,0ef7f952dfd018392200157a5c79a6511ba69122,2026-09-11T22:16:48+00:00,False
char_4100_caper,跃跃,Caper,SNIPER,loopshooter,TIER_4,bolivar,,,community_maintained_game_metadata,https://raw.githubusercontent.com/Kengxxiao/ArknightsGameData/0ef7f952dfd018392200157a5c79a6511ba69122/zh_CN/gamedata/excel/character_table.json,0ef7f952dfd018392200157a5c79a6511ba69122,2026-09-11T22:16:48+00:00,False
char_198_blackd,讯使,Courier,PIONEER,pioneer,TIER_4,kjerag,karlan,,community_maintained_game_metadata,https://raw.githubusercontent.com/Kengxxiao/ArknightsGameData/0ef7f952dfd018392200157a5c79a6511ba69122/zh_CN/gamedata/excel/character_table.json,0ef7f952dfd018392200157a5c79a6511ba69122,2026-09-11T22:16:48+00:00,False
char_149_scave,清道夫,Scavenger,PIONEER,pioneer,TIER_4,rhodes,sweep,,community_maintained_game_metadata,https://raw.githubusercontent.com/Kengxxiao/ArknightsGameData/0ef7f952dfd018392200157a5c79a6511ba69122/zh_CN/gamedata/excel/character_table.json,0ef7f952dfd018392200157a5c79a6511ba69122,2026-09-11T22:16:48+00:00,False
char_290_vigna,红豆,Vigna,PIONEER,charger,TIER_4,columbia,,,community_maintained_game_metadata,https://raw.githubusercontent.com/Kengxxiao/ArknightsGameData/0ef7f952dfd018392200157a5c79a6511ba69122/zh_CN/gamedata/excel/character_table.json,0ef7f952dfd018392200157a5c79a6511ba69122,2026-09-11T22:16:48+00:00,False
char_151_myrtle,桃金娘,Myrtle,PIONEER,bearer,TIER_4,rhodes,,,community_maintained_game_metadata,https://raw.githubusercontent.com/Kengxxiao/ArknightsGameData/0ef7f952dfd018392200157a5c79a6511ba69122/zh_CN/gamedata/excel/character_table.json,0ef7f952dfd018392200157a5c79a6511ba69122,2026-09-11T22:16:48+00:00,False
char_452_bstalk,豆苗,Beanstalk,PIONEER,tactician,TIER_4,columbia,,,community_maintained_game_metadata,https://raw.githubusercontent.com/Kengxxiao/ArknightsGameData/0ef7f952dfd018392200157a5c79a6511ba69122/zh_CN/gamedata/excel/character_table.json,0ef7f952dfd018392200157a5c79a6511ba69122,2026-09-11T22:16:48+00:00,False
char_4208_wintim,冬时,Снегурочка,PIONEER,agent,TIER_4,ursus,,,community_maintained_game_metadata,https://raw.githubusercontent.com/Kengxxiao/ArknightsGameData/0ef7f952dfd018392200157a5c79a6511ba69122/zh_CN/gamedata/excel/character_table.json,0ef7f952dfd018392200157a5c79a6511ba69122,2026-09-11T22:16:48+00:00,False
char_130_doberm,杜宾,Dobermann,WARRIOR,instructor,TIER_4,rhodes,,,community_maintained_game_metadata,https://raw.githubusercontent.com/Kengxxiao/ArknightsGameData/0ef7f952dfd018392200157a5c79a6511ba69122/zh_CN/gamedata/excel/character_table.json,0ef7f952dfd018392200157a5c79a6511ba69122,2026-09-11T22:16:48+00:00,False
char_289_gyuki,缠丸,Matoimaru,WARRIOR,fearless,TIER_4,higashi,,,community_maintained_game_metadata,https://raw.githubusercontent.com/Kengxxiao/ArknightsGameData/0ef7f952dfd018392200157a5c79a6511ba69122/zh_CN/gamedata/excel/character_table.json,0ef7f952dfd018392200157a5c79a6511ba69122,2026-09-11T22:16:48+00:00,False
char_159_peacok,断罪者,Conviction,WARRIOR,fearless,TIER_4,minos,,,community_maintained_game_metadata,https://raw.githubusercontent.com/Kengxxiao/ArknightsGameData/0ef7f952dfd018392200157a5c79a6511ba69122/zh_CN/gamedata/excel/character_table.json,0ef7f952dfd018392200157a5c79a6511ba69122,2026-09-11T22:16:48+00:00,False
char_193_frostl,霜叶,Frostleaf,WARRIOR,lord,TIER_4,rhodes,,,community_maintained_game_metadata,https://raw.githubusercontent.com/Kengxxiao/ArknightsGameData/0ef7f952dfd018392200157a5c79a6511ba69122/zh_CN/gamedata/excel/character_table.json,0ef7f952dfd018392200157a5c79a6511ba69122,2026-09-11T22:16:48+00:00,False
char_127_estell,艾丝黛尔,Estelle,WARRIOR,centurion,TIER_4,sargon,,,community_maintained_game_metadata,https://raw.githubusercontent.com/Kengxxiao/ArknightsGameData/0ef7f952dfd018392200157a5c79a6511ba69122/zh_CN/gamedata/excel/character_table.json,0ef7f952dfd018392200157a5c79a6511ba69122,2026-09-11T22:16:48+00:00,False
char_185_frncat,慕斯,Mousse,WARRIOR,artsfghter,TIER_4,victoria,,,community_maintained_game_metadata,https://raw.githubusercontent.com/Kengxxiao/ArknightsGameData/0ef7f952dfd018392200157a5c79a6511ba69122/zh_CN/gamedata/excel/character_table.json,0ef7f952dfd018392200157a5c79a6511ba69122,2026-09-11T22:16:48+00:00,False
char_301_cutter,刻刀,Cutter,WARRIOR,sword,TIER_4,columbia,,,community_maintained_game_metadata,https://raw.githubusercontent.com/Kengxxiao/ArknightsGameData/0ef7f952dfd018392200157a5c79a6511ba69122/zh_CN/gamedata/excel/character_table.json,0ef7f952dfd018392200157a5c79a6511ba69122,2026-09-11T22:16:48+00:00,False
char_337_utage,宴,Utage,WARRIOR,musha,TIER_4,higashi,,,community_maintained_game_metadata,https://raw.githubusercontent.com/Kengxxiao/ArknightsGameData/0ef7f952dfd018392200157a5c79a6511ba69122/zh_CN/gamedata/excel/character_table.json,0ef7f952dfd018392200157a5c79a6511ba69122,2026-09-11T22:16:48+00:00,False
char_271_spikes,芳汀,Arene,WARRIOR,lord,TIER_4,laterano,,,community_maintained_game_metadata,https://raw.githubusercontent.com/Kengxxiao/ArknightsGameData/0ef7f952dfd018392200157a5c79a6511ba69122/zh_CN/gamedata/excel/character_table.json,0ef7f952dfd018392200157a5c79a6511ba69122,2026-09-11T22:16:48+00:00,False
char_4067_lolxh,罗小黑,Luo Xiaohei,WARRIOR,lord,TIER_4,yan,,,community_maintained_game_metadata,https://raw.githubusercontent.com/Kengxxiao/ArknightsGameData/0ef7f952dfd018392200157a5c79a6511ba69122/zh_CN/gamedata/excel/character_table.json,0ef7f952dfd018392200157a5c79a6511ba69122,2026-09-11T22:16:48+00:00,False
char_4063_quartz,石英,Quartz,WARRIOR,crusher,TIER_4,columbia,,,community_maintained_game_metadata,https://raw.githubusercontent.com/Kengxxiao/ArknightsGameData/0ef7f952dfd018392200157a5c79a6511ba69122/zh_CN/gamedata/excel/character_table.json,0ef7f952dfd018392200157a5c79a6511ba69122,2026-09-11T22:16:48+00:00,False
char_491_humus,休谟斯,Humus,WARRIOR,reaper,TIER_4,rhodes,,,community_maintained_game_metadata,https://raw.githubusercontent.com/Kengxxiao/ArknightsGameData/0ef7f952dfd018392200157a5c79a6511ba69122/zh_CN/gamedata/excel/character_table.json,0ef7f952dfd018392200157a5c79a6511ba69122,2026-09-11T22:16:48+00:00,False
char_445_wscoot,骋风,Windscoot,WARRIOR,librator,TIER_4,yan,,,community_maintained_game_metadata,https://raw.githubusercontent.com/Kengxxiao/ArknightsGameData/0ef7f952dfd018392200157a5c79a6511ba69122/zh_CN/gamedata/excel/character_table.json,0ef7f952dfd018392200157a5c79a6511ba69122,2026-09-11T22:16:48+00:00,False
char_237_gravel,砾,Gravel,SPECIAL,executor,TIER_4,kazimierz,,,community_maintained_game_metadata,https://raw.githubusercontent.com/Kengxxiao/ArknightsGameData/0ef7f952dfd018392200157a5c79a6511ba69122/zh_CN/gamedata/excel/character_table.json,0ef7f952dfd018392200157a5c79a6511ba69122,2026-09-11T22:16:48+00:00,False
char_272_strong,孑,Jaye,SPECIAL,merchant,TIER_4,lungmen,,,community_maintained_game_metadata,https://raw.githubusercontent.com/Kengxxiao/ArknightsGameData/0ef7f952dfd018392200157a5c79a6511ba69122/zh_CN/gamedata/excel/character_table.json,0ef7f952dfd018392200157a5c79a6511ba69122,2026-09-11T22:16:48+00:00,False
char_236_rope,暗索,Rope,SPECIAL,hookmaster,TIER_4,lungmen,,,community_maintained_game_metadata,https://raw.githubusercontent.com/Kengxxiao/ArknightsGameData/0ef7f952dfd018392200157a5c79a6511ba69122/zh_CN/gamedata/excel/character_table.json,0ef7f952dfd018392200157a5c79a6511ba69122,2026-09-11T22:16:48+00:00,False
char_117_myrrh,末药,Myrrh,MEDIC,physician,TIER_4,rhodes,,,community_maintained_game_metadata,https://raw.githubusercontent.com/Kengxxiao/ArknightsGameData/0ef7f952dfd018392200157a5c79a6511ba69122/zh_CN/gamedata/excel/character_table.json,0ef7f952dfd018392200157a5c79a6511ba69122,2026-09-11T22:16:48+00:00,False
char_187_ccheal,嘉维尔,Gavial,MEDIC,physician,TIER_4,rhodes,,,community_maintained_game_metadata,https://raw.githubusercontent.com/Kengxxiao/ArknightsGameData/0ef7f952dfd018392200157a5c79a6511ba69122/zh_CN/gamedata/excel/character_table.json,0ef7f952dfd018392200157a5c79a6511ba69122,2026-09-11T22:16:48+00:00,False
char_298_susuro,苏苏洛,Sussurro,MEDIC,physician,TIER_4,rhodes,,,community_maintained_game_metadata,https://raw.githubusercontent.com/Kengxxiao/ArknightsGameData/0ef7f952dfd018392200157a5c79a6511ba69122/zh_CN/gamedata/excel/character_table.json,0ef7f952dfd018392200157a5c79a6511ba69122,2026-09-11T22:16:48+00:00,False
char_181_flower,调香师,Perfumer,MEDIC,ringhealer,TIER_4,rhodes,,,community_maintained_game_metadata,https://raw.githubusercontent.com/Kengxxiao/ArknightsGameData/0ef7f952dfd018392200157a5c79a6511ba69122/zh_CN/gamedata/excel/character_table.json,0ef7f952dfd018392200157a5c79a6511ba69122,2026-09-11T22:16:48+00:00,False
char_385_finlpp,清流,Purestream,MEDIC,healer,TIER_4,yan,,,community_maintained_game_metadata,https://raw.githubusercontent.com/Kengxxiao/ArknightsGameData/0ef7f952dfd018392200157a5c79a6511ba69122/zh_CN/gamedata/excel/character_table.json,0ef7f952dfd018392200157a5c79a6511ba69122,2026-09-11T22:16:48+00:00,False
char_4041_chnut,褐果,Chestnut,MEDIC,wandermedic,TIER_4,rhodes,,,community_maintained_game_metadata,https://raw.githubusercontent.com/Kengxxiao/ArknightsGameData/0ef7f952dfd018392200157a5c79a6511ba69122/zh_CN/gamedata/excel/character_table.json,0ef7f952dfd018392200157a5c79a6511ba69122,2026-09-11T22:16:48+00:00,False
char_199_yak,角峰,Matterhorn,TANK,protector,TIER_4,kjerag,karlan,,community_maintained_game_metadata,https://raw.githubusercontent.com/Kengxxiao/ArknightsGameData/0ef7f952dfd018392200157a5c79a6511ba69122/zh_CN/gamedata/excel/character_table.json,0ef7f952dfd018392200157a5c79a6511ba69122,2026-09-11T22:16:48+00:00,False
char_150_snakek,蛇屠箱,Cuora,TANK,protector,TIER_4,columbia,,,community_maintained_game_metadata,https://raw.githubusercontent.com/Kengxxiao/ArknightsGameData/0ef7f952dfd018392200157a5c79a6511ba69122/zh_CN/gamedata/excel/character_table.json,0ef7f952dfd018392200157a5c79a6511ba69122,2026-09-11T22:16:48+00:00,False
char_381_bubble,泡泡,Bubble,TANK,protector,TIER_4,sargon,,,community_maintained_game_metadata,https://raw.githubusercontent.com/Kengxxiao/ArknightsGameData/0ef7f952dfd018392200157a5c79a6511ba69122/zh_CN/gamedata/excel/character_table.json,0ef7f952dfd018392200157a5c79a6511ba69122,2026-09-11T22:16:48+00:00,False
char_4130_luton,露托,Lutonada,TANK,unyield,TIER_4,bolivar,,,community_maintained_game_metadata,https://raw.githubusercontent.com/Kengxxiao/ArknightsGameData/0ef7f952dfd018392200157a5c79a6511ba69122/zh_CN/gamedata/excel/character_table.json,0ef7f952dfd018392200157a5c79a6511ba69122,2026-09-11T22:16:48+00:00,False
char_196_sunbr,古米,Гум,TANK,guardian,TIER_4,ursus,,student,community_maintained_game_metadata,https://raw.githubusercontent.com/Kengxxiao/ArknightsGameData/0ef7f952dfd018392200157a5c79a6511ba69122/zh_CN/gamedata/excel/character_table.json,0ef7f952dfd018392200157a5c79a6511ba69122,2026-09-11T22:16:48+00:00,False
char_260_durnar,坚雷,Dur-nar,TANK,artsprotector,TIER_4,rhodes,,,community_maintained_game_metadata,https://raw.githubusercontent.com/Kengxxiao/ArknightsGameData/0ef7f952dfd018392200157a5c79a6511ba69122/zh_CN/gamedata/excel/character_table.json,0ef7f952dfd018392200157a5c79a6511ba69122,2026-09-11T22:16:48+00:00,False
char_110_deepcl,深海色,Deepcolor,SUPPORT,summoner,TIER_4,egir,,,community_maintained_game_metadata,https://raw.githubusercontent.com/Kengxxiao/ArknightsGameData/0ef7f952dfd018392200157a5c79a6511ba69122/zh_CN/gamedata/excel/character_table.json,0ef7f952dfd018392200157a5c79a6511ba69122,2026-09-11T22:16:48+00:00,False
char_183_skgoat,地灵,Earthspirit,SUPPORT,slower,TIER_4,leithanien,,,community_maintained_game_metadata,https://raw.githubusercontent.com/Kengxxiao/ArknightsGameData/0ef7f952dfd018392200157a5c79a6511ba69122/zh_CN/gamedata/excel/character_table.json,0ef7f952dfd018392200157a5c79a6511ba69122,2026-09-11T22:16:48+00:00,False
char_258_podego,波登可,Podenco,SUPPORT,slower,TIER_4,rhodes,,,community_maintained_game_metadata,https://raw.githubusercontent.com/Kengxxiao/ArknightsGameData/0ef7f952dfd018392200157a5c79a6511ba69122/zh_CN/gamedata/excel/character_table.json,0ef7f952dfd018392200157a5c79a6511ba69122,2026-09-11T22:16:48+00:00,False
char_484_robrta,罗比菈塔,Roberta,SUPPORT,craftsman,TIER_4,columbia,,,community_maintained_game_metadata,https://raw.githubusercontent.com/Kengxxiao/ArknightsGameData/0ef7f952dfd018392200157a5c79a6511ba69122/zh_CN/gamedata/excel/character_table.json,0ef7f952dfd018392200157a5c79a6511ba69122,2026-09-11T22:16:48+00:00,False
char_355_ethan,伊桑,Ethan,SPECIAL,stalker,TIER_4,rhodes,,,community_maintained_game_metadata,https://raw.githubusercontent.com/Kengxxiao/ArknightsGameData/0ef7f952dfd018392200157a5c79a6511ba69122/zh_CN/gamedata/excel/character_table.json,0ef7f952dfd018392200157a5c79a6511ba69122,2026-09-11T22:16:48+00:00,False
char_277_sqrrel,阿消,Shaw,SPECIAL,pusher,TIER_4,lungmen,,,community_maintained_game_metadata,https://raw.githubusercontent.com/Kengxxiao/ArknightsGameData/0ef7f952dfd018392200157a5c79a6511ba69122/zh_CN/gamedata/excel/character_table.json,0ef7f952dfd018392200157a5c79a6511ba69122,2026-09-11T22:16:48+00:00,False
char_4107_vrdant,维荻,Verdant,SPECIAL,dollkeeper,TIER_4,victoria,,,community_maintained_game_metadata,https://raw.githubusercontent.com/Kengxxiao/ArknightsGameData/0ef7f952dfd018392200157a5c79a6511ba69122/zh_CN/gamedata/excel/character_table.json,0ef7f952dfd018392200157a5c79a6511ba69122,2026-09-11T22:16:48+00:00,False
char_4165_ctrail,云迹,Contrail,SPECIAL,skywalker,TIER_4,columbia,,,community_maintained_game_metadata,https://raw.githubusercontent.com/Kengxxiao/ArknightsGameData/0ef7f952dfd018392200157a5c79a6511ba69122/zh_CN/gamedata/excel/character_table.json,0ef7f952dfd018392200157a5c79a6511ba69122,2026-09-11T22:16:48+00:00,False
char_128_plosis,白面鸮,Ptilopsis,MEDIC,ringhealer,TIER_5,columbia,rhine,,community_maintained_game_metadata,https://raw.githubusercontent.com/Kengxxiao/ArknightsGameData/0ef7f952dfd018392200157a5c79a6511ba69122/zh_CN/gamedata/excel/character_table.json,0ef7f952dfd018392200157a5c79a6511ba69122,2026-09-11T22:16:48+00:00,False
char_275_breeze,微风,Breeze,MEDIC,ringhealer,TIER_5,victoria,,,community_maintained_game_metadata,https://raw.githubusercontent.com/Kengxxiao/ArknightsGameData/0ef7f952dfd018392200157a5c79a6511ba69122/zh_CN/gamedata/excel/character_table.json,0ef7f952dfd018392200157a5c79a6511ba69122,2026-09-11T22:16:48+00:00,False
char_4163_rosesa,瑰盐,Rose Salt,MEDIC,ringhealer,TIER_5,iberia,,,community_maintained_game_metadata,https://raw.githubusercontent.com/Kengxxiao/ArknightsGameData/0ef7f952dfd018392200157a5c79a6511ba69122/zh_CN/gamedata/excel/character_table.json,0ef7f952dfd018392200157a5c79a6511ba69122,2026-09-11T22:16:48+00:00,False
char_115_headbr,凛冬,Зима,PIONEER,pioneer,TIER_5,ursus,,student,community_maintained_game_metadata,https://raw.githubusercontent.com/Kengxxiao/ArknightsGameData/0ef7f952dfd018392200157a5c79a6511ba69122/zh_CN/gamedata/excel/character_table.json,0ef7f952dfd018392200157a5c79a6511ba69122,2026-09-11T22:16:48+00:00,False
char_102_texas,德克萨斯,Texas,PIONEER,pioneer,TIER_5,lungmen,penguin,,community_maintained_game_metadata,https://raw.githubusercontent.com/Kengxxiao/ArknightsGameData/0ef7f952dfd018392200157a5c79a6511ba69122/zh_CN/gamedata/excel/character_table.json,0ef7f952dfd018392200157a5c79a6511ba69122,2026-09-11T22:16:48+00:00,False
char_349_chiave,贾维,Chiave,PIONEER,pioneer,TIER_5,siracusa,,chiave,community_maintained_game_metadata,https://raw.githubusercontent.com/Kengxxiao/ArknightsGameData/0ef7f952dfd018392200157a5c79a6511ba69122/zh_CN/gamedata/excel/character_table.json,0ef7f952dfd018392200157a5c79a6511ba69122,2026-09-11T22:16:48+00:00,False
char_488_buildr,青枳,Poncirus,PIONEER,pioneer,TIER_5,columbia,siesta,,community_maintained_game_metadata,https://raw.githubusercontent.com/Kengxxiao/ArknightsGameData/0ef7f952dfd018392200157a5c79a6511ba69122/zh_CN/gamedata/excel/character_table.json,0ef7f952dfd018392200157a5c79a6511ba69122,2026-09-11T22:16:48+00:00,False
char_4023_rfalcn,红隼,Kestrel,PIONEER,pioneer,TIER_5,sargon,,,community_maintained_game_metadata,https://raw.githubusercontent.com/Kengxxiao/ArknightsGameData/0ef7f952dfd018392200157a5c79a6511ba69122/zh_CN/gamedata/excel/character_table.json,0ef7f952dfd018392200157a5c79a6511ba69122,2026-09-11T22:16:48+00:00,False
char_4199_makiri,松桐,Matsukiri,PIONEER,counsellor,TIER_5,higashi,,,community_maintained_game_metadata,https://raw.githubusercontent.com/Kengxxiao/ArknightsGameData/0ef7f952dfd018392200157a5c79a6511ba69122/zh_CN/gamedata/excel/character_table.json,0ef7f952dfd018392200157a5c79a6511ba69122,2026-09-11T22:16:48+00:00,False
char_261_sddrag,苇草,Reed,PIONEER,charger,TIER_5,victoria,,,community_maintained_game_metadata,https://raw.githubusercontent.com/Kengxxiao/ArknightsGameData/0ef7f952dfd018392200157a5c79a6511ba69122/zh_CN/gamedata/excel/character_table.json,0ef7f952dfd018392200157a5c79a6511ba69122,2026-09-11T22:16:48+00:00,False
char_496_wildmn,野鬃,Wild Mane,PIONEER,charger,TIER_5,kazimierz,pinus,,community_maintained_game_metadata,https://raw.githubusercontent.com/Kengxxiao/ArknightsGameData/0ef7f952dfd018392200157a5c79a6511ba69122/zh_CN/gamedata/excel/character_table.json,0ef7f952dfd018392200157a5c79a6511ba69122,2026-09-11T22:16:48+00:00,False
char_1036_fang2,历阵锐枪芬,Fang the Fire-sharpened,PIONEER,charger,TIER_5,rhodes,,,community_maintained_game_metadata,https://raw.githubusercontent.com/Kengxxiao/ArknightsGameData/0ef7f952dfd018392200157a5c79a6511ba69122/zh_CN/gamedata/excel/character_table.json,0ef7f952dfd018392200157a5c79a6511ba69122,2026-09-11T22:16:48+00:00,False
char_401_elysm,极境,Elysium,PIONEER,bearer,TIER_5,rhodes,,,community_maintained_game_metadata,https://raw.githubusercontent.com/Kengxxiao/ArknightsGameData/0ef7f952dfd018392200157a5c79a6511ba69122/zh_CN/gamedata/excel/character_table.json,0ef7f952dfd018392200157a5c79a6511ba69122,2026-09-11T22:16:48+00:00,False
char_4119_wanqin,万顷,Wanqing,PIONEER,bearer,TIER_5,yan,,,community_maintained_game_metadata,https://raw.githubusercontent.com/Kengxxiao/ArknightsGameData/0ef7f952dfd018392200157a5c79a6511ba69122/zh_CN/gamedata/excel/character_table.json,0ef7f952dfd018392200157a5c79a6511ba69122,2026-09-11T22:16:48+00:00,False
char_4237_jcinta,嘉辛塔,Jacinta,PIONEER,bearer,TIER_5,rim,,,community_maintained_game_metadata,https://raw.githubusercontent.com/Kengxxiao/ArknightsGameData/0ef7f952dfd018392200157a5c79a6511ba69122/zh_CN/gamedata/excel/character_table.json,0ef7f952dfd018392200157a5c79a6511ba69122,2026-09-11T22:16:48+00:00,False
char_476_blkngt,夜半,Blacknight,PIONEER,tactician,TIER_5,rim,,,community_maintained_game_metadata,https://raw.githubusercontent.com/Kengxxiao/ArknightsGameData/0ef7f952dfd018392200157a5c79a6511ba69122/zh_CN/gamedata/excel/character_table.json,0ef7f952dfd018392200157a5c79a6511ba69122,2026-09-11T22:16:48+00:00,False
char_4147_mitm,渡桥,Mitm,PIONEER,tactician,TIER_5,rhodes,,,community_maintained_game_metadata,https://raw.githubusercontent.com/Kengxxiao/ArknightsGameData/0ef7f952dfd018392200157a5c79a6511ba69122/zh_CN/gamedata/excel/character_table.json,0ef7f952dfd018392200157a5c79a6511ba69122,2026-09-11T22:16:48+00:00,False
char_497_ctable,晓歌,Cantabile,PIONEER,agent,TIER_5,rhodes,,,community_maintained_game_metadata,https://raw.githubusercontent.com/Kengxxiao/ArknightsGameData/0ef7f952dfd018392200157a5c79a6511ba69122/zh_CN/gamedata/excel/character_table.json,0ef7f952dfd018392200157a5c79a6511ba69122,2026-09-11T22:16:48+00:00,False
char_4017_puzzle,谜图,Puzzle,PIONEER,agent,TIER_5,victoria,,,community_maintained_game_metadata,https://raw.githubusercontent.com/Kengxxiao/ArknightsGameData/0ef7f952dfd018392200157a5c79a6511ba69122/zh_CN/gamedata/excel/character_table.json,0ef7f952dfd018392200157a5c79a6511ba69122,2026-09-11T22:16:48+00:00,False
char_4144_chilc,齐尔查克,Chilchuck,PIONEER,agent,TIER_5,,,laios,community_maintained_game_metadata,https://raw.githubusercontent.com/Kengxxiao/ArknightsGameData/0ef7f952dfd018392200157a5c79a6511ba69122/zh_CN/gamedata/excel/character_table.json,0ef7f952dfd018392200157a5c79a6511ba69122,2026-09-11T22:16:48+00:00,False
char_4052_surfer,寻澜,Surfer,PIONEER,agent,TIER_5,columbia,blacksteel,,community_maintained_game_metadata,https://raw.githubusercontent.com/Kengxxiao/ArknightsGameData/0ef7f952dfd018392200157a5c79a6511ba69122/zh_CN/gamedata/excel/character_table.json,0ef7f952dfd018392200157a5c79a6511ba69122,2026-09-11T22:16:48+00:00,False
char_308_swire,诗怀雅,Swire,WARRIOR,instructor,TIER_5,lungmen,lgd,,community_maintained_game_metadata,https://raw.githubusercontent.com/Kengxxiao/ArknightsGameData/0ef7f952dfd018392200157a5c79a6511ba69122/zh_CN/gamedata/excel/character_table.json,0ef7f952dfd018392200157a5c79a6511ba69122,2026-09-11T22:16:48+00:00,False
char_265_sophia,鞭刃,Whislash,WARRIOR,instructor,TIER_5,kazimierz,,,community_maintained_game_metadata,https://raw.githubusercontent.com/Kengxxiao/ArknightsGameData/0ef7f952dfd018392200157a5c79a6511ba69122/zh_CN/gamedata/excel/character_table.json,0ef7f952dfd018392200157a5c79a6511ba69122,2026-09-11T22:16:48+00:00,False
char_4106_bryota,苍苔,Bryophyta,WARRIOR,instructor,TIER_5,columbia,siesta,,community_maintained_game_metadata,https://raw.githubusercontent.com/Kengxxiao/ArknightsGameData/0ef7f952dfd018392200157a5c79a6511ba69122/zh_CN/gamedata/excel/character_table.json,0ef7f952dfd018392200157a5c79a6511ba69122,2026-09-11T22:16:48+00:00,False
char_4125_rdoc,医生,Doc,WARRIOR,instructor,TIER_5,,,rainbow,community_maintained_game_metadata,https://raw.githubusercontent.com/Kengxxiao/ArknightsGameData/0ef7f952dfd018392200157a5c79a6511ba69122/zh_CN/gamedata/excel/character_table.json,0ef7f952dfd018392200157a5c79a6511ba69122,2026-09-11T22:16:48+00:00,False
char_106_franka,芙兰卡,Franka,WARRIOR,fearless,TIER_5,columbia,blacksteel,,community_maintained_game_metadata,https://raw.githubusercontent.com/Kengxxiao/ArknightsGameData/0ef7f952dfd018392200157a5c79a6511ba69122/zh_CN/gamedata/excel/character_table.json,0ef7f952dfd018392200157a5c79a6511ba69122,2026-09-11T22:16:48+00:00,False
char_131_flameb,炎客,Flamebringer,WARRIOR,fearless,TIER_5,rhodes,,,community_maintained_game_metadata,https://raw.githubusercontent.com/Kengxxiao/ArknightsGameData/0ef7f952dfd018392200157a5c79a6511ba69122/zh_CN/gamedata/excel/character_table.json,0ef7f952dfd018392200157a5c79a6511ba69122,2026-09-11T22:16:48+00:00,False
char_154_morgan,摩根,Morgan,WARRIOR,fearless,TIER_5,victoria,glasgow,,community_maintained_game_metadata,https://raw.githubusercontent.com/Kengxxiao/ArknightsGameData/0ef7f952dfd018392200157a5c79a6511ba69122/zh_CN/gamedata/excel/character_table.json,0ef7f952dfd018392200157a5c79a6511ba69122,2026-09-11T22:16:48+00:00,False
char_4142_laios,莱欧斯,Laios,WARRIOR,fearless,TIER_5,,,laios,community_maintained_game_metadata,https://raw.githubusercontent.com/Kengxxiao/ArknightsGameData/0ef7f952dfd018392200157a5c79a6511ba69122/zh_CN/gamedata/excel/character_table.json,0ef7f952dfd018392200157a5c79a6511ba69122,2026-09-11T22:16:48+00:00,False
char_155_tiger,因陀罗,Indra,WARRIOR,fighter,TIER_5,victoria,glasgow,,community_maintained_game_metadata,https://raw.githubusercontent.com/Kengxxiao/ArknightsGameData/0ef7f952dfd018392200157a5c79a6511ba69122/zh_CN/gamedata/excel/character_table.json,0ef7f952dfd018392200157a5c79a6511ba69122,2026-09-11T22:16:48+00:00,False
char_415_flint,燧石,Flint,WARRIOR,fighter,TIER_5,sargon,,,community_maintained_game_metadata,https://raw.githubusercontent.com/Kengxxiao/ArknightsGameData/0ef7f952dfd018392200157a5c79a6511ba69122/zh_CN/gamedata/excel/character_table.json,0ef7f952dfd018392200157a5c79a6511ba69122,2026-09-11T22:16:48+00:00,False
char_157_dagda,达格达,Dagda,WARRIOR,fighter,TIER_5,victoria,glasgow,,community_maintained_game_metadata,https://raw.githubusercontent.com/Kengxxiao/ArknightsGameData/0ef7f952dfd018392200157a5c79a6511ba69122/zh_CN/gamedata/excel/character_table.json,0ef7f952dfd018392200157a5c79a6511ba69122,2026-09-11T22:16:48+00:00,False
char_140_whitew,拉普兰德,Lappland,WARRIOR,lord,TIER_5,siracusa,,,community_maintained_game_metadata,https://raw.githubusercontent.com/Kengxxiao/ArknightsGameData/0ef7f952dfd018392200157a5c79a6511ba69122/zh_CN/gamedata/excel/character_table.json,0ef7f952dfd018392200157a5c79a6511ba69122,2026-09-11T22:16:48+00:00,False
char_294_ayer,断崖,Ayerscarpe,WARRIOR,lord,TIER_5,rim,,,community_maintained_game_metadata,https://raw.githubusercontent.com/Kengxxiao/ArknightsGameData/0ef7f952dfd018392200157a5c79a6511ba69122/zh_CN/gamedata/excel/character_table.json,0ef7f952dfd018392200157a5c79a6511ba69122,2026-09-11T22:16:48+00:00,False
char_194_leto,烈夏,Лето,WARRIOR,lord,TIER_5,ursus,,student,community_maintained_game_metadata,https://raw.githubusercontent.com/Kengxxiao/ArknightsGameData/0ef7f952dfd018392200157a5c79a6511ba69122/zh_CN/gamedata/excel/character_table.json,0ef7f952dfd018392200157a5c79a6511ba69122,2026-09-11T22:16:48+00:00,False
char_4083_chimes,铎铃,Wind Chimes,WARRIOR,crusher,TIER_5,yan,,,community_maintained_game_metadata,https://raw.githubusercontent.com/Kengxxiao/ArknightsGameData/0ef7f952dfd018392200157a5c79a6511ba69122/zh_CN/gamedata/excel/character_table.json,0ef7f952dfd018392200157a5c79a6511ba69122,2026-09-11T22:16:48+00:00,False
char_252_bibeak,柏喙,Bibeak,WARRIOR,sword,TIER_5,sami,,,community_maintained_game_metadata,https://raw.githubusercontent.com/Kengxxiao/ArknightsGameData/0ef7f952dfd018392200157a5c79a6511ba69122/zh_CN/gamedata/excel/character_table.json,0ef7f952dfd018392200157a5c79a6511ba69122,2026-09-11T22:16:48+00:00,False
char_459_tachak,战车,Tachanka,WARRIOR,sword,TIER_5,,,rainbow,community_maintained_game_metadata,https://raw.githubusercontent.com/Kengxxiao/ArknightsGameData/0ef7f952dfd018392200157a5c79a6511ba69122/zh_CN/gamedata/excel/character_table.json,0ef7f952dfd018392200157a5c79a6511ba69122,2026-09-11T22:16:48+00:00,False
char_143_ghost,幽灵鲨,Specter,WARRIOR,centurion,TIER_5,egir,abyssal,,community_maintained_game_metadata,https://raw.githubusercontent.com/Kengxxiao/ArknightsGameData/0ef7f952dfd018392200157a5c79a6511ba69122/zh_CN/gamedata/excel/character_table.json,0ef7f952dfd018392200157a5c79a6511ba69122,2026-09-11T22:16:48+00:00,False
char_356_broca,布洛卡,Broca,WARRIOR,centurion,TIER_5,siracusa,,chiave,community_maintained_game_metadata,https://raw.githubusercontent.com/Kengxxiao/ArknightsGameData/0ef7f952dfd018392200157a5c79a6511ba69122/zh_CN/gamedata/excel/character_table.json,0ef7f952dfd018392200157a5c79a6511ba69122,2026-09-11T22:16:48+00:00,False
char_4126_fuze,导火索,Fuze,WARRIOR,centurion,TIER_5,,,rainbow,community_maintained_game_metadata,https://raw.githubusercontent.com/Kengxxiao/ArknightsGameData/0ef7f952dfd018392200157a5c79a6511ba69122/zh_CN/gamedata/excel/character_table.json,0ef7f952dfd018392200157a5c79a6511ba69122,2026-09-11T22:16:48+00:00,False
char_4166_varkis,摆渡人,Varkáris,WARRIOR,centurion,TIER_5,minos,,,community_maintained_game_metadata,https://raw.githubusercontent.com/Kengxxiao/ArknightsGameData/0ef7f952dfd018392200157a5c79a6511ba69122/zh_CN/gamedata/excel/character_table.json,0ef7f952dfd018392200157a5c79a6511ba69122,2026-09-11T22:16:48+00:00,False
char_274_astesi,星极,Astesia,WARRIOR,artsfghter,TIER_5,columbia,,,community_maintained_game_metadata,https://raw.githubusercontent.com/Kengxxiao/ArknightsGameData/0ef7f952dfd018392200157a5c79a6511ba69122/zh_CN/gamedata/excel/character_table.json,0ef7f952dfd018392200157a5c79a6511ba69122,2026-09-11T22:16:48+00:00,False
char_333_sidero,铸铁,Sideroca,WARRIOR,artsfghter,TIER_5,minos,,,community_maintained_game_metadata,https://raw.githubusercontent.com/Kengxxiao/ArknightsGameData/0ef7f952dfd018392200157a5c79a6511ba69122/zh_CN/gamedata/excel/character_table.json,0ef7f952dfd018392200157a5c79a6511ba69122,2026-09-11T22:16:48+00:00,False
char_475_akafyu,赤冬,Akafuyu,WARRIOR,musha,TIER_5,higashi,,,community_maintained_game_metadata,https://raw.githubusercontent.com/Kengxxiao/ArknightsGameData/0ef7f952dfd018392200157a5c79a6511ba69122/zh_CN/gamedata/excel/character_table.json,0ef7f952dfd018392200157a5c79a6511ba69122,2026-09-11T22:16:48+00:00,False
char_1030_noirc2,火龙S黑角,Rathalos S Noir Corne,WARRIOR,musha,TIER_5,rhodes,,action4,community_maintained_game_metadata,https://raw.githubusercontent.com/Kengxxiao/ArknightsGameData/0ef7f952dfd018392200157a5c79a6511ba69122/zh_CN/gamedata/excel/character_table.json,0ef7f952dfd018392200157a5c79a6511ba69122,2026-09-11T22:16:48+00:00,False
char_421_crow,羽毛笔,La Pluma,WARRIOR,reaper,TIER_5,bolivar,,,community_maintained_game_metadata,https://raw.githubusercontent.com/Kengxxiao/ArknightsGameData/0ef7f952dfd018392200157a5c79a6511ba69122/zh_CN/gamedata/excel/character_table.json,0ef7f952dfd018392200157a5c79a6511ba69122,2026-09-11T22:16:48+00:00,False
char_4066_highmo,海沫,Highmore,WARRIOR,reaper,TIER_5,iberia,,,community_maintained_game_metadata,https://raw.githubusercontent.com/Kengxxiao/ArknightsGameData/0ef7f952dfd018392200157a5c79a6511ba69122/zh_CN/gamedata/excel/character_table.json,0ef7f952dfd018392200157a5c79a6511ba69122,2026-09-11T22:16:48+00:00,False
char_486_takila,龙舌兰,Tequila,WARRIOR,librator,TIER_5,bolivar,,,community_maintained_game_metadata,https://raw.githubusercontent.com/Kengxxiao/ArknightsGameData/0ef7f952dfd018392200157a5c79a6511ba69122/zh_CN/gamedata/excel/character_table.json,0ef7f952dfd018392200157a5c79a6511ba69122,2026-09-11T22:16:48+00:00,False
char_4131_odda,奥达,Odda,WARRIOR,hammer,TIER_5,rhodes,,,community_maintained_game_metadata,https://raw.githubusercontent.com/Kengxxiao/ArknightsGameData/0ef7f952dfd018392200157a5c79a6511ba69122/zh_CN/gamedata/excel/character_table.json,0ef7f952dfd018392200157a5c79a6511ba69122,2026-09-11T22:16:48+00:00,False
char_4187_graceb,聆音,Gracebearer,WARRIOR,primguard,TIER_5,bolivar,,,community_maintained_game_metadata,https://raw.githubusercontent.com/Kengxxiao/ArknightsGameData/0ef7f952dfd018392200157a5c79a6511ba69122/zh_CN/gamedata/excel/character_table.json,0ef7f952dfd018392200157a5c79a6511ba69122,2026-09-11T22:16:48+00:00,False
char_4185_amoris,祐天寺若麦,Yūtenji Nyamu,WARRIOR,hammer,TIER_5,,,mujica,community_maintained_game_metadata,https://raw.githubusercontent.com/Kengxxiao/ArknightsGameData/0ef7f952dfd018392200157a5c79a6511ba69122/zh_CN/gamedata/excel/character_table.json,0ef7f952dfd018392200157a5c79a6511ba69122,2026-09-11T22:16:48+00:00,False
char_394_hadiya,哈蒂娅,Hadiya,WARRIOR,mercenary,TIER_5,sargon,,,community_maintained_game_metadata,https://raw.githubusercontent.com/Kengxxiao/ArknightsGameData/0ef7f952dfd018392200157a5c79a6511ba69122/zh_CN/gamedata/excel/character_table.json,0ef7f952dfd018392200157a5c79a6511ba69122,2026-09-11T22:16:48+00:00,False
char_1049_catap2,雷狼龙S空爆,Zinogre S Catapult,WARRIOR,mercenary,TIER_5,rhodes,,reserve6,community_maintained_game_metadata,https://raw.githubusercontent.com/Kengxxiao/ArknightsGameData/0ef7f952dfd018392200157a5c79a6511ba69122/zh_CN/gamedata/excel/character_table.json,0ef7f952dfd018392200157a5c79a6511ba69122,2026-09-11T22:16:48+00:00,False
char_129_bluep,蓝毒,Blue Poison,SNIPER,fastshot,TIER_5,iberia,,,community_maintained_game_metadata,https://raw.githubusercontent.com/Kengxxiao/ArknightsGameData/0ef7f952dfd018392200157a5c79a6511ba69122/zh_CN/gamedata/excel/character_table.json,0ef7f952dfd018392200157a5c79a6511ba69122,2026-09-11T22:16:48+00:00,False
char_204_platnm,白金,Platinum,SNIPER,fastshot,TIER_5,kazimierz,,,community_maintained_game_metadata,https://raw.githubusercontent.com/Kengxxiao/ArknightsGameData/0ef7f952dfd018392200157a5c79a6511ba69122/zh_CN/gamedata/excel/character_table.json,0ef7f952dfd018392200157a5c79a6511ba69122,2026-09-11T22:16:48+00:00,False
char_367_swllow,灰喉,GreyThroat,SNIPER,fastshot,TIER_5,rhodes,,,community_maintained_game_metadata,https://raw.githubusercontent.com/Kengxxiao/ArknightsGameData/0ef7f952dfd018392200157a5c79a6511ba69122/zh_CN/gamedata/excel/character_table.json,0ef7f952dfd018392200157a5c79a6511ba69122,2026-09-11T22:16:48+00:00,False
char_365_aprl,四月,April,SNIPER,fastshot,TIER_5,rim,,,community_maintained_game_metadata,https://raw.githubusercontent.com/Kengxxiao/ArknightsGameData/0ef7f952dfd018392200157a5c79a6511ba69122/zh_CN/gamedata/excel/character_table.json,0ef7f952dfd018392200157a5c79a6511ba69122,2026-09-11T22:16:48+00:00,False
char_1021_kroos2,寒芒克洛丝,Kroos the Keen Glint,SNIPER,fastshot,TIER_5,rhodes,,,community_maintained_game_metadata,https://raw.githubusercontent.com/Kengxxiao/ArknightsGameData/0ef7f952dfd018392200157a5c79a6511ba69122/zh_CN/gamedata/excel/character_table.json,0ef7f952dfd018392200157a5c79a6511ba69122,2026-09-11T22:16:48+00:00,False
char_498_inside,隐现,Insider,SNIPER,fastshot,TIER_5,laterano,,,community_maintained_game_metadata,https://raw.githubusercontent.com/Kengxxiao/ArknightsGameData/0ef7f952dfd018392200157a5c79a6511ba69122/zh_CN/gamedata/excel/character_table.json,0ef7f952dfd018392200157a5c79a6511ba69122,2026-09-11T22:16:48+00:00,False
char_219_meteo,陨星,Meteorite,SNIPER,aoesniper,TIER_5,rhodes,,,community_maintained_game_metadata,https://raw.githubusercontent.com/Kengxxiao/ArknightsGameData/0ef7f952dfd018392200157a5c79a6511ba69122/zh_CN/gamedata/excel/character_table.json,0ef7f952dfd018392200157a5c79a6511ba69122,2026-09-11T22:16:48+00:00,False
char_379_sesa,慑砂,Sesa,SNIPER,aoesniper,TIER_5,sargon,,,community_maintained_game_metadata,https://raw.githubusercontent.com/Kengxxiao/ArknightsGameData/0ef7f952dfd018392200157a5c79a6511ba69122/zh_CN/gamedata/excel/character_table.json,0ef7f952dfd018392200157a5c79a6511ba69122,2026-09-11T22:16:48+00:00,False
char_4078_bdhkgt,截云,Jieyun,SNIPER,aoesniper,TIER_5,yan,,,community_maintained_game_metadata,https://raw.githubusercontent.com/Kengxxiao/ArknightsGameData/0ef7f952dfd018392200157a5c79a6511ba69122/zh_CN/gamedata/excel/character_table.json,0ef7f952dfd018392200157a5c79a6511ba69122,2026-09-11T22:16:48+00:00,False
char_279_excu,送葬人,Executor,SNIPER,reaperrange,TIER_5,laterano,,,community_maintained_game_metadata,https://raw.githubusercontent.com/Kengxxiao/ArknightsGameData/0ef7f952dfd018392200157a5c79a6511ba69122/zh_CN/gamedata/excel/character_table.json,0ef7f952dfd018392200157a5c79a6511ba69122,2026-09-11T22:16:48+00:00,False
char_346_aosta,奥斯塔,Aosta,SNIPER,reaperrange,TIER_5,siracusa,,chiave,community_maintained_game_metadata,https://raw.githubusercontent.com/Kengxxiao/ArknightsGameData/0ef7f952dfd018392200157a5c79a6511ba69122/zh_CN/gamedata/excel/character_table.json,0ef7f952dfd018392200157a5c79a6511ba69122,2026-09-11T22:16:48+00:00,False
char_4203_kichi,吉星,Kichisei,SNIPER,reaperrange,TIER_5,higashi,,,community_maintained_game_metadata,https://raw.githubusercontent.com/Kengxxiao/ArknightsGameData/0ef7f952dfd018392200157a5c79a6511ba69122/zh_CN/gamedata/excel/character_table.json,0ef7f952dfd018392200157a5c79a6511ba69122,2026-09-11T22:16:48+00:00,False
char_4213_skybx,天空盒,Skybox,SNIPER,skybreaker,TIER_5,columbia,,,community_maintained_game_metadata,https://raw.githubusercontent.com/Kengxxiao/ArknightsGameData/0ef7f952dfd018392200157a5c79a6511ba69122/zh_CN/gamedata/excel/character_table.json,0ef7f952dfd018392200157a5c79a6511ba69122,2026-09-11T22:16:48+00:00,False
char_4218_aigis,埃癸斯,Aegis,SNIPER,skybreaker,TIER_5,,,sees,community_maintained_game_metadata,https://raw.githubusercontent.com/Kengxxiao/ArknightsGameData/0ef7f952dfd018392200157a5c79a6511ba69122/zh_CN/gamedata/excel/character_table.json,0ef7f952dfd018392200157a5c79a6511ba69122,2026-09-11T22:16:48+00:00,False
char_002_amiya,阿米娅,Amiya,CASTER,corecaster,TIER_5,rhodes,,,community_maintained_game_metadata,https://raw.githubusercontent.com/Kengxxiao/ArknightsGameData/0ef7f952dfd018392200157a5c79a6511ba69122/zh_CN/gamedata/excel/character_table.json,0ef7f952dfd018392200157a5c79a6511ba69122,2026-09-11T22:16:48+00:00,False
char_405_absin,苦艾,Absinthe,CASTER,corecaster,TIER_5,ursus,,student,community_maintained_game_metadata,https://raw.githubusercontent.com/Kengxxiao/ArknightsGameData/0ef7f952dfd018392200157a5c79a6511ba69122/zh_CN/gamedata/excel/character_table.json,0ef7f952dfd018392200157a5c79a6511ba69122,2026-09-11T22:16:48+00:00,False
char_411_tomimi,特米米,Tomimi,CASTER,corecaster,TIER_5,sargon,,,community_maintained_game_metadata,https://raw.githubusercontent.com/Kengxxiao/ArknightsGameData/0ef7f952dfd018392200157a5c79a6511ba69122/zh_CN/gamedata/excel/character_table.json,0ef7f952dfd018392200157a5c79a6511ba69122,2026-09-11T22:16:48+00:00,False
char_466_qanik,雪绒,Qanipalaat,CASTER,corecaster,TIER_5,sami,,,community_maintained_game_metadata,https://raw.githubusercontent.com/Kengxxiao/ArknightsGameData/0ef7f952dfd018392200157a5c79a6511ba69122/zh_CN/gamedata/excel/character_table.json,0ef7f952dfd018392200157a5c79a6511ba69122,2026-09-11T22:16:48+00:00,False
char_166_skfire,天火,Skyfire,CASTER,splashcaster,TIER_5,victoria,,,community_maintained_game_metadata,https://raw.githubusercontent.com/Kengxxiao/ArknightsGameData/0ef7f952dfd018392200157a5c79a6511ba69122/zh_CN/gamedata/excel/character_table.json,0ef7f952dfd018392200157a5c79a6511ba69122,2026-09-11T22:16:48+00:00,False
char_306_leizi,惊蛰,Leizi,CASTER,chain,TIER_5,yan,,,community_maintained_game_metadata,https://raw.githubusercontent.com/Kengxxiao/ArknightsGameData/0ef7f952dfd018392200157a5c79a6511ba69122/zh_CN/gamedata/excel/character_table.json,0ef7f952dfd018392200157a5c79a6511ba69122,2026-09-11T22:16:48+00:00,False
char_135_halo,星源,Astgenne,CASTER,chain,TIER_5,columbia,rhine,,community_maintained_game_metadata,https://raw.githubusercontent.com/Kengxxiao/ArknightsGameData/0ef7f952dfd018392200157a5c79a6511ba69122/zh_CN/gamedata/excel/character_table.json,0ef7f952dfd018392200157a5c79a6511ba69122,2026-09-11T22:16:48+00:00,False
char_344_beewax,蜜蜡,Beeswax,CASTER,phalanx,TIER_5,sargon,,,community_maintained_game_metadata,https://raw.githubusercontent.com/Kengxxiao/ArknightsGameData/0ef7f952dfd018392200157a5c79a6511ba69122/zh_CN/gamedata/excel/character_table.json,0ef7f952dfd018392200157a5c79a6511ba69122,2026-09-11T22:16:48+00:00,False
char_373_lionhd,莱恩哈特,Leonhardt,CASTER,splashcaster,TIER_5,rim,,,community_maintained_game_metadata,https://raw.githubusercontent.com/Kengxxiao/ArknightsGameData/0ef7f952dfd018392200157a5c79a6511ba69122/zh_CN/gamedata/excel/character_table.json,0ef7f952dfd018392200157a5c79a6511ba69122,2026-09-11T22:16:48+00:00,False
char_341_sntlla,寒檀,Santalla,CASTER,splashcaster,TIER_5,sami,,,community_maintained_game_metadata,https://raw.githubusercontent.com/Kengxxiao/ArknightsGameData/0ef7f952dfd018392200157a5c79a6511ba69122/zh_CN/gamedata/excel/character_table.json,0ef7f952dfd018392200157a5c79a6511ba69122,2026-09-11T22:16:48+00:00,False
char_4031_liesel,复奏,Ripresa,CASTER,splashcaster,TIER_5,siracusa,,,community_maintained_game_metadata,https://raw.githubusercontent.com/Kengxxiao/ArknightsGameData/0ef7f952dfd018392200157a5c79a6511ba69122/zh_CN/gamedata/excel/character_table.json,0ef7f952dfd018392200157a5c79a6511ba69122,2026-09-11T22:16:48+00:00,False
char_388_mint,薄绿,Mint,CASTER,phalanx,TIER_5,victoria,,,community_maintained_game_metadata,https://raw.githubusercontent.com/Kengxxiao/ArknightsGameData/0ef7f952dfd018392200157a5c79a6511ba69122/zh_CN/gamedata/excel/character_table.json,0ef7f952dfd018392200157a5c79a6511ba69122,2026-09-11T22:16:48+00:00,False
char_338_iris,爱丽丝,Iris,CASTER,mystic,TIER_5,victoria,,,community_maintained_game_metadata,https://raw.githubusercontent.com/Kengxxiao/ArknightsGameData/0ef7f952dfd018392200157a5c79a6511ba69122/zh_CN/gamedata/excel/character_table.json,0ef7f952dfd018392200157a5c79a6511ba69122,2026-09-11T22:16:48+00:00,False
char_297_hamoni,和弦,Harmonie,CASTER,mystic,TIER_5,victoria,tara,,community_maintained_game_metadata,https://raw.githubusercontent.com/Kengxxiao/ArknightsGameData/0ef7f952dfd018392200157a5c79a6511ba69122/zh_CN/gamedata/excel/character_table.json,0ef7f952dfd018392200157a5c79a6511ba69122,2026-09-11T22:16:48+00:00,False
char_4110_delphn,戴菲恩,Delphine,CASTER,mystic,TIER_5,victoria,,,community_maintained_game_metadata,https://raw.githubusercontent.com/Kengxxiao/ArknightsGameData/0ef7f952dfd018392200157a5c79a6511ba69122/zh_CN/gamedata/excel/character_table.json,0ef7f952dfd018392200157a5c79a6511ba69122,2026-09-11T22:16:48+00:00,False
char_1011_lava2,炎狱炎熔,Lava the Purgatory,CASTER,splashcaster,TIER_5,rhodes,,,community_maintained_game_metadata,https://raw.githubusercontent.com/Kengxxiao/ArknightsGameData/0ef7f952dfd018392200157a5c79a6511ba69122/zh_CN/gamedata/excel/character_table.json,0ef7f952dfd018392200157a5c79a6511ba69122,2026-09-11T22:16:48+00:00,False
char_489_serum,蚀清,Corroserum,CASTER,blastcaster,TIER_5,columbia,,,community_maintained_game_metadata,https://raw.githubusercontent.com/Kengxxiao/ArknightsGameData/0ef7f952dfd018392200157a5c79a6511ba69122/zh_CN/gamedata/excel/character_table.json,0ef7f952dfd018392200157a5c79a6511ba69122,2026-09-11T22:16:48+00:00,False
char_446_aroma,阿罗玛,Aroma,CASTER,blastcaster,TIER_5,siracusa,,,community_maintained_game_metadata,https://raw.githubusercontent.com/Kengxxiao/ArknightsGameData/0ef7f952dfd018392200157a5c79a6511ba69122/zh_CN/gamedata/excel/character_table.json,0ef7f952dfd018392200157a5c79a6511ba69122,2026-09-11T22:16:48+00:00,False
char_4013_kjera,耶拉,Kjera,CASTER,funnel,TIER_5,kjerag,,,community_maintained_game_metadata,https://raw.githubusercontent.com/Kengxxiao/ArknightsGameData/0ef7f952dfd018392200157a5c79a6511ba69122/zh_CN/gamedata/excel/character_table.json,0ef7f952dfd018392200157a5c79a6511ba69122,2026-09-11T22:16:48+00:00,False
char_4040_rockr,洛洛,Rockrock,CASTER,funnel,TIER_5,victoria,,,community_maintained_game_metadata,https://raw.githubusercontent.com/Kengxxiao/ArknightsGameData/0ef7f952dfd018392200157a5c79a6511ba69122/zh_CN/gamedata/excel/character_table.json,0ef7f952dfd018392200157a5c79a6511ba69122,2026-09-11T22:16:48+00:00,False
char_4054_malist,至简,Minimalist,CASTER,funnel,TIER_5,sargon,,,community_maintained_game_metadata,https://raw.githubusercontent.com/Kengxxiao/ArknightsGameData/0ef7f952dfd018392200157a5c79a6511ba69122/zh_CN/gamedata/excel/character_table.json,0ef7f952dfd018392200157a5c79a6511ba69122,2026-09-11T22:16:48+00:00,False
char_4236_tmslot,时隙,Timeslot,CASTER,funnel,TIER_5,rim,,,community_maintained_game_metadata,https://raw.githubusercontent.com/Kengxxiao/ArknightsGameData/0ef7f952dfd018392200157a5c79a6511ba69122/zh_CN/gamedata/excel/character_table.json,0ef7f952dfd018392200157a5c79a6511ba69122,2026-09-11T22:16:48+00:00,False
char_499_kaitou,折光,Diamante,CASTER,primcaster,TIER_5,leithanien,,,community_maintained_game_metadata,https://raw.githubusercontent.com/Kengxxiao/ArknightsGameData/0ef7f952dfd018392200157a5c79a6511ba69122/zh_CN/gamedata/excel/character_table.json,0ef7f952dfd018392200157a5c79a6511ba69122,2026-09-11T22:16:48+00:00,False
char_4081_warmy,温米,Warmy,CASTER,primcaster,TIER_5,rim,,,community_maintained_game_metadata,https://raw.githubusercontent.com/Kengxxiao/ArknightsGameData/0ef7f952dfd018392200157a5c79a6511ba69122/zh_CN/gamedata/excel/character_table.json,0ef7f952dfd018392200157a5c79a6511ba69122,2026-09-11T22:16:48+00:00,False
char_4198_christ,Miss.Christine,Miss.Christine,CASTER,primcaster,TIER_5,victoria,,,community_maintained_game_metadata,https://raw.githubusercontent.com/Kengxxiao/ArknightsGameData/0ef7f952dfd018392200157a5c79a6511ba69122/zh_CN/gamedata/excel/character_table.json,0ef7f952dfd018392200157a5c79a6511ba69122,2026-09-11T22:16:48+00:00,False
char_4164_tecno,特克诺,Tecno,CASTER,soulcaster,TIER_5,bolivar,,,community_maintained_game_metadata,https://raw.githubusercontent.com/Kengxxiao/ArknightsGameData/0ef7f952dfd018392200157a5c79a6511ba69122/zh_CN/gamedata/excel/character_table.json,0ef7f952dfd018392200157a5c79a6511ba69122,2026-09-11T22:16:48+00:00,False
char_242_otter,梅尔,Mayer,SUPPORT,summoner,TIER_5,columbia,rhine,,community_maintained_game_metadata,https://raw.githubusercontent.com/Kengxxiao/ArknightsGameData/0ef7f952dfd018392200157a5c79a6511ba69122/zh_CN/gamedata/excel/character_table.json,0ef7f952dfd018392200157a5c79a6511ba69122,2026-09-11T22:16:48+00:00,False
char_336_folivo,稀音,Scene,SUPPORT,summoner,TIER_5,sargon,,,community_maintained_game_metadata,https://raw.githubusercontent.com/Kengxxiao/ArknightsGameData/0ef7f952dfd018392200157a5c79a6511ba69122/zh_CN/gamedata/excel/character_table.json,0ef7f952dfd018392200157a5c79a6511ba69122,2026-09-11T22:16:48+00:00,False
char_4140_lasher,衡沙,Sand Reckoner,SUPPORT,summoner,TIER_5,sargon,,,community_maintained_game_metadata,https://raw.githubusercontent.com/Kengxxiao/ArknightsGameData/0ef7f952dfd018392200157a5c79a6511ba69122/zh_CN/gamedata/excel/character_table.json,0ef7f952dfd018392200157a5c79a6511ba69122,2026-09-11T22:16:48+00:00,False
char_108_silent,赫默,Silence,MEDIC,physician,TIER_5,columbia,rhine,,community_maintained_game_metadata,https://raw.githubusercontent.com/Kengxxiao/ArknightsGameData/0ef7f952dfd018392200157a5c79a6511ba69122/zh_CN/gamedata/excel/character_table.json,0ef7f952dfd018392200157a5c79a6511ba69122,2026-09-11T22:16:48+00:00,False
char_171_bldsk,华法琳,Warfarin,MEDIC,physician,TIER_5,rhodes,,,community_maintained_game_metadata,https://raw.githubusercontent.com/Kengxxiao/ArknightsGameData/0ef7f952dfd018392200157a5c79a6511ba69122/zh_CN/gamedata/excel/character_table.json,0ef7f952dfd018392200157a5c79a6511ba69122,2026-09-11T22:16:48+00:00,False
char_345_folnic,亚叶,Folinic,MEDIC,physician,TIER_5,rhodes,,,community_maintained_game_metadata,https://raw.githubusercontent.com/Kengxxiao/ArknightsGameData/0ef7f952dfd018392200157a5c79a6511ba69122/zh_CN/gamedata/excel/character_table.json,0ef7f952dfd018392200157a5c79a6511ba69122,2026-09-11T22:16:48+00:00,False
char_4196_reckpr,录武官,Record Keeper,MEDIC,physician,TIER_5,yan,,,community_maintained_game_metadata,https://raw.githubusercontent.com/Kengxxiao/ArknightsGameData/0ef7f952dfd018392200157a5c79a6511ba69122/zh_CN/gamedata/excel/character_table.json,0ef7f952dfd018392200157a5c79a6511ba69122,2026-09-11T22:16:48+00:00,False
char_348_ceylon,锡兰,Ceylon,MEDIC,healer,TIER_5,columbia,siesta,,community_maintained_game_metadata,https://raw.githubusercontent.com/Kengxxiao/ArknightsGameData/0ef7f952dfd018392200157a5c79a6511ba69122/zh_CN/gamedata/excel/character_table.json,0ef7f952dfd018392200157a5c79a6511ba69122,2026-09-11T22:16:48+00:00,False
char_436_whispr,絮雨,Whisperain,MEDIC,healer,TIER_5,iberia,,,community_maintained_game_metadata,https://raw.githubusercontent.com/Kengxxiao/ArknightsGameData/0ef7f952dfd018392200157a5c79a6511ba69122/zh_CN/gamedata/excel/character_table.json,0ef7f952dfd018392200157a5c79a6511ba69122,2026-09-11T22:16:48+00:00,False
char_4173_nowell,诺威尔,Nowell,MEDIC,healer,TIER_5,victoria,,,community_maintained_game_metadata,https://raw.githubusercontent.com/Kengxxiao/ArknightsGameData/0ef7f952dfd018392200157a5c79a6511ba69122/zh_CN/gamedata/excel/character_table.json,0ef7f952dfd018392200157a5c79a6511ba69122,2026-09-11T22:16:48+00:00,False
char_402_tuye,图耶,Tuye,MEDIC,physician,TIER_5,sargon,,,community_maintained_game_metadata,https://raw.githubusercontent.com/Kengxxiao/ArknightsGameData/0ef7f952dfd018392200157a5c79a6511ba69122/zh_CN/gamedata/excel/character_table.json,0ef7f952dfd018392200157a5c79a6511ba69122,2026-09-11T22:16:48+00:00,False
char_473_mberry,桑葚,Mulberry,MEDIC,wandermedic,TIER_5,yan,,,community_maintained_game_metadata,https://raw.githubusercontent.com/Kengxxiao/ArknightsGameData/0ef7f952dfd018392200157a5c79a6511ba69122/zh_CN/gamedata/excel/character_table.json,0ef7f952dfd018392200157a5c79a6511ba69122,2026-09-11T22:16:48+00:00,False
char_449_glider,蜜莓,Honeyberry,MEDIC,wandermedic,TIER_5,rim,,,community_maintained_game_metadata,https://raw.githubusercontent.com/Kengxxiao/ArknightsGameData/0ef7f952dfd018392200157a5c79a6511ba69122/zh_CN/gamedata/excel/character_table.json,0ef7f952dfd018392200157a5c79a6511ba69122,2026-09-11T22:16:48+00:00,False
char_4114_harold,哈洛德,Harold,MEDIC,wandermedic,TIER_5,victoria,,,community_maintained_game_metadata,https://raw.githubusercontent.com/Kengxxiao/ArknightsGameData/0ef7f952dfd018392200157a5c79a6511ba69122/zh_CN/gamedata/excel/character_table.json,0ef7f952dfd018392200157a5c79a6511ba69122,2026-09-11T22:16:48+00:00,False
char_1024_hbisc2,濯尘芙蓉,Hibiscus the Purifier,MEDIC,incantationmedic,TIER_5,rhodes,,,community_maintained_game_metadata,https://raw.githubusercontent.com/Kengxxiao/ArknightsGameData/0ef7f952dfd018392200157a5c79a6511ba69122/zh_CN/gamedata/excel/character_table.json,0ef7f952dfd018392200157a5c79a6511ba69122,2026-09-11T22:16:48+00:00,False
char_494_vendla,刺玫,Vendela,MEDIC,incantationmedic,TIER_5,victoria,,,community_maintained_game_metadata,https://raw.githubusercontent.com/Kengxxiao/ArknightsGameData/0ef7f952dfd018392200157a5c79a6511ba69122/zh_CN/gamedata/excel/character_table.json,0ef7f952dfd018392200157a5c79a6511ba69122,2026-09-11T22:16:48+00:00,False
char_4071_peper,明椒,Paprika,MEDIC,chainhealer,TIER_5,rhodes,,,community_maintained_game_metadata,https://raw.githubusercontent.com/Kengxxiao/ArknightsGameData/0ef7f952dfd018392200157a5c79a6511ba69122/zh_CN/gamedata/excel/character_table.json,0ef7f952dfd018392200157a5c79a6511ba69122,2026-09-11T22:16:48+00:00,False
char_4139_papyrs,莎草,Papyrus,MEDIC,chainhealer,TIER_5,sargon,,,community_maintained_game_metadata,https://raw.githubusercontent.com/Kengxxiao/ArknightsGameData/0ef7f952dfd018392200157a5c79a6511ba69122/zh_CN/gamedata/excel/character_table.json,0ef7f952dfd018392200157a5c79a6511ba69122,2026-09-11T22:16:48+00:00,False
char_4224_turdus,乌啾,Укусик,MEDIC,chainhealer,TIER_5,ursus,,,community_maintained_game_metadata,https://raw.githubusercontent.com/Kengxxiao/ArknightsGameData/0ef7f952dfd018392200157a5c79a6511ba69122/zh_CN/gamedata/excel/character_table.json,0ef7f952dfd018392200157a5c79a6511ba69122,2026-09-11T22:16:48+00:00,False
char_4222_taraxa,风絮,Taraxacum,MEDIC,watchman,TIER_5,yan,,,community_maintained_game_metadata,https://raw.githubusercontent.com/Kengxxiao/ArknightsGameData/0ef7f952dfd018392200157a5c79a6511ba69122/zh_CN/gamedata/excel/character_table.json,0ef7f952dfd018392200157a5c79a6511ba69122,2026-09-11T22:16:48+00:00,False
char_148_nearl,临光,Nearl,TANK,guardian,TIER_5,,,followers,community_maintained_game_metadata,https://raw.githubusercontent.com/Kengxxiao/ArknightsGameData/0ef7f952dfd018392200157a5c79a6511ba69122/zh_CN/gamedata/excel/character_table.json,0ef7f952dfd018392200157a5c79a6511ba69122,2026-09-11T22:16:48+00:00,False
char_226_hmau,吽,Hung,TANK,guardian,TIER_5,lungmen,,lee,community_maintained_game_metadata,https://raw.githubusercontent.com/Kengxxiao/ArknightsGameData/0ef7f952dfd018392200157a5c79a6511ba69122/zh_CN/gamedata/excel/character_table.json,0ef7f952dfd018392200157a5c79a6511ba69122,2026-09-11T22:16:48+00:00,False
char_4109_baslin,深律,Bassline,TANK,guardian,TIER_5,leithanien,,,community_maintained_game_metadata,https://raw.githubusercontent.com/Kengxxiao/ArknightsGameData/0ef7f952dfd018392200157a5c79a6511ba69122/zh_CN/gamedata/excel/character_table.json,0ef7f952dfd018392200157a5c79a6511ba69122,2026-09-11T22:16:48+00:00,False
char_4143_sensi,森西,Senshi,TANK,guardian,TIER_5,,,laios,community_maintained_game_metadata,https://raw.githubusercontent.com/Kengxxiao/ArknightsGameData/0ef7f952dfd018392200157a5c79a6511ba69122/zh_CN/gamedata/excel/character_table.json,0ef7f952dfd018392200157a5c79a6511ba69122,2026-09-11T22:16:48+00:00,False
char_144_red,红,Projekt Red,SPECIAL,executor,TIER_5,rhodes,sweep,,community_maintained_game_metadata,https://raw.githubusercontent.com/Kengxxiao/ArknightsGameData/0ef7f952dfd018392200157a5c79a6511ba69122/zh_CN/gamedata/excel/character_table.json,0ef7f952dfd018392200157a5c79a6511ba69122,2026-09-11T22:16:48+00:00,False
char_243_waaifu,槐琥,Waai Fu,SPECIAL,executor,TIER_5,lungmen,,lee,community_maintained_game_metadata,https://raw.githubusercontent.com/Kengxxiao/ArknightsGameData/0ef7f952dfd018392200157a5c79a6511ba69122/zh_CN/gamedata/excel/character_table.json,0ef7f952dfd018392200157a5c79a6511ba69122,2026-09-11T22:16:48+00:00,False
char_214_kafka,卡夫卡,Kafka,SPECIAL,executor,TIER_5,columbia,,,community_maintained_game_metadata,https://raw.githubusercontent.com/Kengxxiao/ArknightsGameData/0ef7f952dfd018392200157a5c79a6511ba69122/zh_CN/gamedata/excel/character_table.json,0ef7f952dfd018392200157a5c79a6511ba69122,2026-09-11T22:16:48+00:00,False
char_455_nothin,乌有,Mr.Nothing,SPECIAL,merchant,TIER_5,yan,,,community_maintained_game_metadata,https://raw.githubusercontent.com/Kengxxiao/ArknightsGameData/0ef7f952dfd018392200157a5c79a6511ba69122/zh_CN/gamedata/excel/character_table.json,0ef7f952dfd018392200157a5c79a6511ba69122,2026-09-11T22:16:48+00:00,False
char_4155_talr,裁度,Figurino,SPECIAL,merchant,TIER_5,siracusa,,,community_maintained_game_metadata,https://raw.githubusercontent.com/Kengxxiao/ArknightsGameData/0ef7f952dfd018392200157a5c79a6511ba69122/zh_CN/gamedata/excel/character_table.json,0ef7f952dfd018392200157a5c79a6511ba69122,2026-09-11T22:16:48+00:00,False
char_107_liskam,雷蛇,Liskarm,TANK,shotprotector,TIER_5,columbia,blacksteel,,community_maintained_game_metadata,https://raw.githubusercontent.com/Kengxxiao/ArknightsGameData/0ef7f952dfd018392200157a5c79a6511ba69122/zh_CN/gamedata/excel/character_table.json,0ef7f952dfd018392200157a5c79a6511ba69122,2026-09-11T22:16:48+00:00,False
char_4137_udflow,深巡,Underflow,TANK,shotprotector,TIER_5,egir,,,community_maintained_game_metadata,https://raw.githubusercontent.com/Kengxxiao/ArknightsGameData/0ef7f952dfd018392200157a5c79a6511ba69122/zh_CN/gamedata/excel/character_table.json,0ef7f952dfd018392200157a5c79a6511ba69122,2026-09-11T22:16:48+00:00,False
char_201_moeshd,可颂,Croissant,TANK,protector,TIER_5,lungmen,penguin,,community_maintained_game_metadata,https://raw.githubusercontent.com/Kengxxiao/ArknightsGameData/0ef7f952dfd018392200157a5c79a6511ba69122/zh_CN/gamedata/excel/character_table.json,0ef7f952dfd018392200157a5c79a6511ba69122,2026-09-11T22:16:48+00:00,False
char_325_bison,拜松,Bison,TANK,protector,TIER_5,lungmen,,,community_maintained_game_metadata,https://raw.githubusercontent.com/Kengxxiao/ArknightsGameData/0ef7f952dfd018392200157a5c79a6511ba69122/zh_CN/gamedata/excel/character_table.json,0ef7f952dfd018392200157a5c79a6511ba69122,2026-09-11T22:16:48+00:00,False
char_163_hpsts,火神,Vulcan,TANK,unyield,TIER_5,minos,,,community_maintained_game_metadata,https://raw.githubusercontent.com/Kengxxiao/ArknightsGameData/0ef7f952dfd018392200157a5c79a6511ba69122/zh_CN/gamedata/excel/character_table.json,0ef7f952dfd018392200157a5c79a6511ba69122,2026-09-11T22:16:48+00:00,False
char_4207_branch,折桠,Веточки,TANK,unyield,TIER_5,ursus,,,community_maintained_game_metadata,https://raw.githubusercontent.com/Kengxxiao/ArknightsGameData/0ef7f952dfd018392200157a5c79a6511ba69122/zh_CN/gamedata/excel/character_table.json,0ef7f952dfd018392200157a5c79a6511ba69122,2026-09-11T22:16:48+00:00,False
char_378_asbest,石棉,Asbestos,TANK,artsprotector,TIER_5,rim,,,community_maintained_game_metadata,https://raw.githubusercontent.com/Kengxxiao/ArknightsGameData/0ef7f952dfd018392200157a5c79a6511ba69122/zh_CN/gamedata/excel/character_table.json,0ef7f952dfd018392200157a5c79a6511ba69122,2026-09-11T22:16:48+00:00,False
char_4025_aprot2,暮落,Shalem,TANK,artsprotector,TIER_5,victoria,,,community_maintained_game_metadata,https://raw.githubusercontent.com/Kengxxiao/ArknightsGameData/0ef7f952dfd018392200157a5c79a6511ba69122/zh_CN/gamedata/excel/character_table.json,0ef7f952dfd018392200157a5c79a6511ba69122,2026-09-11T22:16:48+00:00,False
char_4047_pianst,车尔尼,Czerny,TANK,artsprotector,TIER_5,leithanien,,,community_maintained_game_metadata,https://raw.githubusercontent.com/Kengxxiao/ArknightsGameData/0ef7f952dfd018392200157a5c79a6511ba69122/zh_CN/gamedata/excel/character_table.json,0ef7f952dfd018392200157a5c79a6511ba69122,2026-09-11T22:16:48+00:00,False
char_457_blitz,闪击,Blitz,TANK,shotprotector,TIER_5,,,rainbow,community_maintained_game_metadata,https://raw.githubusercontent.com/Kengxxiao/ArknightsGameData/0ef7f952dfd018392200157a5c79a6511ba69122/zh_CN/gamedata/excel/character_table.json,0ef7f952dfd018392200157a5c79a6511ba69122,2026-09-11T22:16:48+00:00,False
char_304_zebra,暴雨,Heavyrain,TANK,protector,TIER_5,rhodes,,,community_maintained_game_metadata,https://raw.githubusercontent.com/Kengxxiao/ArknightsGameData/0ef7f952dfd018392200157a5c79a6511ba69122/zh_CN/gamedata/excel/character_table.json,0ef7f952dfd018392200157a5c79a6511ba69122,2026-09-11T22:16:48+00:00,False
char_431_ashlok,灰毫,Ashlock,TANK,fortress,TIER_5,kazimierz,pinus,,community_maintained_game_metadata,https://raw.githubusercontent.com/Kengxxiao/ArknightsGameData/0ef7f952dfd018392200157a5c79a6511ba69122/zh_CN/gamedata/excel/character_table.json,0ef7f952dfd018392200157a5c79a6511ba69122,2026-09-11T22:16:48+00:00,False
char_493_firwhl,火哨,Firewhistle,TANK,fortress,TIER_5,rim,,,community_maintained_game_metadata,https://raw.githubusercontent.com/Kengxxiao/ArknightsGameData/0ef7f952dfd018392200157a5c79a6511ba69122/zh_CN/gamedata/excel/character_table.json,0ef7f952dfd018392200157a5c79a6511ba69122,2026-09-11T22:16:48+00:00,False
char_422_aurora,极光,Aurora,TANK,duelist,TIER_5,kjerag,,,community_maintained_game_metadata,https://raw.githubusercontent.com/Kengxxiao/ArknightsGameData/0ef7f952dfd018392200157a5c79a6511ba69122/zh_CN/gamedata/excel/character_table.json,0ef7f952dfd018392200157a5c79a6511ba69122,2026-09-11T22:16:48+00:00,False
char_464_cement,洋灰,Cement,TANK,duelist,TIER_5,rim,,,community_maintained_game_metadata,https://raw.githubusercontent.com/Kengxxiao/ArknightsGameData/0ef7f952dfd018392200157a5c79a6511ba69122/zh_CN/gamedata/excel/character_table.json,0ef7f952dfd018392200157a5c79a6511ba69122,2026-09-11T22:16:48+00:00,False
char_4148_philae,菲莱,Philae,TANK,primprotector,TIER_5,sargon,,,community_maintained_game_metadata,https://raw.githubusercontent.com/Kengxxiao/ArknightsGameData/0ef7f952dfd018392200157a5c79a6511ba69122/zh_CN/gamedata/excel/character_table.json,0ef7f952dfd018392200157a5c79a6511ba69122,2026-09-11T22:16:48+00:00,False
char_4225_tanya,裂响,Crackborne,TANK,primprotector,TIER_5,ursus,,,community_maintained_game_metadata,https://raw.githubusercontent.com/Kengxxiao/ArknightsGameData/0ef7f952dfd018392200157a5c79a6511ba69122/zh_CN/gamedata/excel/character_table.json,0ef7f952dfd018392200157a5c79a6511ba69122,2026-09-11T22:16:48+00:00,False
char_145_prove,普罗旺斯,Provence,SNIPER,closerange,TIER_5,siracusa,,,community_maintained_game_metadata,https://raw.githubusercontent.com/Kengxxiao/ArknightsGameData/0ef7f952dfd018392200157a5c79a6511ba69122/zh_CN/gamedata/excel/character_table.json,0ef7f952dfd018392200157a5c79a6511ba69122,2026-09-11T22:16:48+00:00,False
char_4006_melnte,玫拉,Melanite,SNIPER,closerange,TIER_5,columbia,,,community_maintained_game_metadata,https://raw.githubusercontent.com/Kengxxiao/ArknightsGameData/0ef7f952dfd018392200157a5c79a6511ba69122/zh_CN/gamedata/excel/character_table.json,0ef7f952dfd018392200157a5c79a6511ba69122,2026-09-11T22:16:48+00:00,False
char_158_milu,守林人,Firewatch,SNIPER,longrange,TIER_5,rhodes,,,community_maintained_game_metadata,https://raw.githubusercontent.com/Kengxxiao/ArknightsGameData/0ef7f952dfd018392200157a5c79a6511ba69122/zh_CN/gamedata/excel/character_table.json,0ef7f952dfd018392200157a5c79a6511ba69122,2026-09-11T22:16:48+00:00,False
char_218_cuttle,安哲拉,Andreana,SNIPER,longrange,TIER_5,egir,abyssal,,community_maintained_game_metadata,https://raw.githubusercontent.com/Kengxxiao/ArknightsGameData/0ef7f952dfd018392200157a5c79a6511ba69122/zh_CN/gamedata/excel/character_table.json,0ef7f952dfd018392200157a5c79a6511ba69122,2026-09-11T22:16:48+00:00,False
char_4014_lunacu,子月,Lunacub,SNIPER,longrange,TIER_5,siracusa,,,community_maintained_game_metadata,https://raw.githubusercontent.com/Kengxxiao/ArknightsGameData/0ef7f952dfd018392200157a5c79a6511ba69122/zh_CN/gamedata/excel/character_table.json,0ef7f952dfd018392200157a5c79a6511ba69122,2026-09-11T22:16:48+00:00,False
char_363_toddi,熔泉,Toddifons,SNIPER,siegesniper,TIER_5,victoria,,,community_maintained_game_metadata,https://raw.githubusercontent.com/Kengxxiao/ArknightsGameData/0ef7f952dfd018392200157a5c79a6511ba69122/zh_CN/gamedata/excel/character_table.json,0ef7f952dfd018392200157a5c79a6511ba69122,2026-09-11T22:16:48+00:00,False
char_4043_erato,埃拉托,Erato,SNIPER,siegesniper,TIER_5,minos,,,community_maintained_game_metadata,https://raw.githubusercontent.com/Kengxxiao/ArknightsGameData/0ef7f952dfd018392200157a5c79a6511ba69122/zh_CN/gamedata/excel/character_table.json,0ef7f952dfd018392200157a5c79a6511ba69122,2026-09-11T22:16:48+00:00,False
char_4221_ju,矩,Ju,SNIPER,siegesniper,TIER_5,yan,,,community_maintained_game_metadata,https://raw.githubusercontent.com/Kengxxiao/ArknightsGameData/0ef7f952dfd018392200157a5c79a6511ba69122/zh_CN/gamedata/excel/character_table.json,0ef7f952dfd018392200157a5c79a6511ba69122,2026-09-11T22:16:48+00:00,False
char_1027_greyy2,承曦格雷伊,Greyy the Lightningbearer,SNIPER,bombarder,TIER_5,rhodes,,,community_maintained_game_metadata,https://raw.githubusercontent.com/Kengxxiao/ArknightsGameData/0ef7f952dfd018392200157a5c79a6511ba69122/zh_CN/gamedata/excel/character_table.json,0ef7f952dfd018392200157a5c79a6511ba69122,2026-09-11T22:16:48+00:00,False
char_4104_coldst,冰酿,Coldshot,SNIPER,hunter,TIER_5,columbia,,,community_maintained_game_metadata,https://raw.githubusercontent.com/Kengxxiao/ArknightsGameData/0ef7f952dfd018392200157a5c79a6511ba69122/zh_CN/gamedata/excel/character_table.json,0ef7f952dfd018392200157a5c79a6511ba69122,2026-09-11T22:16:48+00:00,False
char_4211_snhunt,雪猎,Snow Hunter,SNIPER,hunter,TIER_5,kjerag,,,community_maintained_game_metadata,https://raw.githubusercontent.com/Kengxxiao/ArknightsGameData/0ef7f952dfd018392200157a5c79a6511ba69122/zh_CN/gamedata/excel/character_table.json,0ef7f952dfd018392200157a5c79a6511ba69122,2026-09-11T22:16:48+00:00,False
char_4177_brigid,水灯心,Brigid,SNIPER,loopshooter,TIER_5,victoria,tara,,community_maintained_game_metadata,https://raw.githubusercontent.com/Kengxxiao/ArknightsGameData/0ef7f952dfd018392200157a5c79a6511ba69122/zh_CN/gamedata/excel/character_table.json,0ef7f952dfd018392200157a5c79a6511ba69122,2026-09-11T22:16:48+00:00,False
char_4015_spuria,空构,Spuria,SPECIAL,geek,TIER_5,laterano,,,community_maintained_game_metadata,https://raw.githubusercontent.com/Kengxxiao/ArknightsGameData/0ef7f952dfd018392200157a5c79a6511ba69122/zh_CN/gamedata/excel/character_table.json,0ef7f952dfd018392200157a5c79a6511ba69122,2026-09-11T22:16:48+00:00,False
char_173_slchan,崖心,Cliffheart,SPECIAL,hookmaster,TIER_5,kjerag,,,community_maintained_game_metadata,https://raw.githubusercontent.com/Kengxxiao/ArknightsGameData/0ef7f952dfd018392200157a5c79a6511ba69122/zh_CN/gamedata/excel/character_table.json,0ef7f952dfd018392200157a5c79a6511ba69122,2026-09-11T22:16:48+00:00,False
char_383_snsant,雪雉,Snowsant,SPECIAL,hookmaster,TIER_5,lungmen,,,community_maintained_game_metadata,https://raw.githubusercontent.com/Kengxxiao/ArknightsGameData/0ef7f952dfd018392200157a5c79a6511ba69122/zh_CN/gamedata/excel/character_table.json,0ef7f952dfd018392200157a5c79a6511ba69122,2026-09-11T22:16:48+00:00,False
char_4105_almond,杏仁,Almond,SPECIAL,hookmaster,TIER_5,columbia,blacksteel,,community_maintained_game_metadata,https://raw.githubusercontent.com/Kengxxiao/ArknightsGameData/0ef7f952dfd018392200157a5c79a6511ba69122/zh_CN/gamedata/excel/character_table.json,0ef7f952dfd018392200157a5c79a6511ba69122,2026-09-11T22:16:48+00:00,False
char_174_slbell,初雪,Pramanix,SUPPORT,underminer,TIER_5,kjerag,,,community_maintained_game_metadata,https://raw.githubusercontent.com/Kengxxiao/ArknightsGameData/0ef7f952dfd018392200157a5c79a6511ba69122/zh_CN/gamedata/excel/character_table.json,0ef7f952dfd018392200157a5c79a6511ba69122,2026-09-11T22:16:48+00:00,False
char_254_vodfox,巫恋,Shamare,SUPPORT,underminer,TIER_5,siracusa,,,community_maintained_game_metadata,https://raw.githubusercontent.com/Kengxxiao/ArknightsGameData/0ef7f952dfd018392200157a5c79a6511ba69122/zh_CN/gamedata/excel/character_table.json,0ef7f952dfd018392200157a5c79a6511ba69122,2026-09-11T22:16:48+00:00,False
char_4079_haini,海霓,Lucilla,SUPPORT,underminer,TIER_5,egir,,,community_maintained_game_metadata,https://raw.githubusercontent.com/Kengxxiao/ArknightsGameData/0ef7f952dfd018392200157a5c79a6511ba69122/zh_CN/gamedata/excel/character_table.json,0ef7f952dfd018392200157a5c79a6511ba69122,2026-09-11T22:16:48+00:00,False
char_195_glassb,真理,Истина,SUPPORT,slower,TIER_5,ursus,,student,community_maintained_game_metadata,https://raw.githubusercontent.com/Kengxxiao/ArknightsGameData/0ef7f952dfd018392200157a5c79a6511ba69122/zh_CN/gamedata/excel/character_table.json,0ef7f952dfd018392200157a5c79a6511ba69122,2026-09-11T22:16:48+00:00,False
char_326_glacus,格劳克斯,Glaucus,SUPPORT,slower,TIER_5,iberia,,,community_maintained_game_metadata,https://raw.githubusercontent.com/Kengxxiao/ArknightsGameData/0ef7f952dfd018392200157a5c79a6511ba69122/zh_CN/gamedata/excel/character_table.json,0ef7f952dfd018392200157a5c79a6511ba69122,2026-09-11T22:16:48+00:00,False
char_4032_provs,但书,Proviso,SUPPORT,slower,TIER_5,kazimierz,,,community_maintained_game_metadata,https://raw.githubusercontent.com/Kengxxiao/ArknightsGameData/0ef7f952dfd018392200157a5c79a6511ba69122/zh_CN/gamedata/excel/character_table.json,0ef7f952dfd018392200157a5c79a6511ba69122,2026-09-11T22:16:48+00:00,False
char_4122_grabds,小满,Grain Buds,SUPPORT,slower,TIER_5,yan,,,community_maintained_game_metadata,https://raw.githubusercontent.com/Kengxxiao/ArknightsGameData/0ef7f952dfd018392200157a5c79a6511ba69122/zh_CN/gamedata/excel/character_table.json,0ef7f952dfd018392200157a5c79a6511ba69122,2026-09-11T22:16:48+00:00,False
char_433_windft,掠风,Windflit,SUPPORT,craftsman,TIER_5,columbia,,,community_maintained_game_metadata,https://raw.githubusercontent.com/Kengxxiao/ArknightsGameData/0ef7f952dfd018392200157a5c79a6511ba69122/zh_CN/gamedata/excel/character_table.json,0ef7f952dfd018392200157a5c79a6511ba69122,2026-09-11T22:16:48+00:00,False
char_4162_cathy,凯瑟琳,Catherine,SUPPORT,craftsman,TIER_5,victoria,,,community_maintained_game_metadata,https://raw.githubusercontent.com/Kengxxiao/ArknightsGameData/0ef7f952dfd018392200157a5c79a6511ba69122/zh_CN/gamedata/excel/character_table.json,0ef7f952dfd018392200157a5c79a6511ba69122,2026-09-11T22:16:48+00:00,False
char_4178_alanna,阿兰娜,Alanna,SUPPORT,craftsman,TIER_5,rim,,,community_maintained_game_metadata,https://raw.githubusercontent.com/Kengxxiao/ArknightsGameData/0ef7f952dfd018392200157a5c79a6511ba69122/zh_CN/gamedata/excel/character_table.json,0ef7f952dfd018392200157a5c79a6511ba69122,2026-09-11T22:16:48+00:00,False
char_101_sora,空,Sora,SUPPORT,bard,TIER_5,lungmen,penguin,,community_maintained_game_metadata,https://raw.githubusercontent.com/Kengxxiao/ArknightsGameData/0ef7f952dfd018392200157a5c79a6511ba69122/zh_CN/gamedata/excel/character_table.json,0ef7f952dfd018392200157a5c79a6511ba69122,2026-09-11T22:16:48+00:00,False
char_4045_heidi,海蒂,Heidi,SUPPORT,bard,TIER_5,victoria,,,community_maintained_game_metadata,https://raw.githubusercontent.com/Kengxxiao/ArknightsGameData/0ef7f952dfd018392200157a5c79a6511ba69122/zh_CN/gamedata/excel/character_table.json,0ef7f952dfd018392200157a5c79a6511ba69122,2026-09-11T22:16:48+00:00,False
char_4184_dolris,三角初华,Misumi Uika,SUPPORT,bard,TIER_5,,,mujica,community_maintained_game_metadata,https://raw.githubusercontent.com/Kengxxiao/ArknightsGameData/0ef7f952dfd018392200157a5c79a6511ba69122/zh_CN/gamedata/excel/character_table.json,0ef7f952dfd018392200157a5c79a6511ba69122,2026-09-11T22:16:48+00:00,False
char_343_tknogi,月禾,Tsukinogi,SUPPORT,blessing,TIER_5,higashi,,,community_maintained_game_metadata,https://raw.githubusercontent.com/Kengxxiao/ArknightsGameData/0ef7f952dfd018392200157a5c79a6511ba69122/zh_CN/gamedata/excel/character_table.json,0ef7f952dfd018392200157a5c79a6511ba69122,2026-09-11T22:16:48+00:00,False
char_4019_ncdeer,九色鹿,Nine-Colored Deer,SUPPORT,blessing,TIER_5,yan,,,community_maintained_game_metadata,https://raw.githubusercontent.com/Kengxxiao/ArknightsGameData/0ef7f952dfd018392200157a5c79a6511ba69122/zh_CN/gamedata/excel/character_table.json,0ef7f952dfd018392200157a5c79a6511ba69122,2026-09-11T22:16:48+00:00,False
char_492_quercu,夏栎,Quercus,SUPPORT,blessing,TIER_5,rhodes,,,community_maintained_game_metadata,https://raw.githubusercontent.com/Kengxxiao/ArknightsGameData/0ef7f952dfd018392200157a5c79a6511ba69122/zh_CN/gamedata/excel/character_table.json,0ef7f952dfd018392200157a5c79a6511ba69122,2026-09-11T22:16:48+00:00,False
char_4172_xingzh,行箸,Xingzhu,SUPPORT,blessing,TIER_5,yan,,,community_maintained_game_metadata,https://raw.githubusercontent.com/Kengxxiao/ArknightsGameData/0ef7f952dfd018392200157a5c79a6511ba69122/zh_CN/gamedata/excel/character_table.json,0ef7f952dfd018392200157a5c79a6511ba69122,2026-09-11T22:16:48+00:00,False
char_1022_flwr2,撷英调香师,Perfumer the Distilled,SUPPORT,blessing,TIER_5,rhodes,,,community_maintained_game_metadata,https://raw.githubusercontent.com/Kengxxiao/ArknightsGameData/0ef7f952dfd018392200157a5c79a6511ba69122/zh_CN/gamedata/excel/character_table.json,0ef7f952dfd018392200157a5c79a6511ba69122,2026-09-11T22:16:48+00:00,False
char_4102_threye,凛视,Valarqvin,SUPPORT,ritualist,TIER_5,sami,,,community_maintained_game_metadata,https://raw.githubusercontent.com/Kengxxiao/ArknightsGameData/0ef7f952dfd018392200157a5c79a6511ba69122/zh_CN/gamedata/excel/character_table.json,0ef7f952dfd018392200157a5c79a6511ba69122,2026-09-11T22:16:48+00:00,False
char_487_bobb,波卜,Bobbing,SUPPORT,ritualist,TIER_5,columbia,,,community_maintained_game_metadata,https://raw.githubusercontent.com/Kengxxiao/ArknightsGameData/0ef7f952dfd018392200157a5c79a6511ba69122/zh_CN/gamedata/excel/character_table.json,0ef7f952dfd018392200157a5c79a6511ba69122,2026-09-11T22:16:48+00:00,False
char_4223_botany,伯塔尼,Ботани,SUPPORT,ritualist,TIER_5,ursus,,,community_maintained_game_metadata,https://raw.githubusercontent.com/Kengxxiao/ArknightsGameData/0ef7f952dfd018392200157a5c79a6511ba69122/zh_CN/gamedata/excel/character_table.json,0ef7f952dfd018392200157a5c79a6511ba69122,2026-09-11T22:16:48+00:00,False
char_4219_yukari,岳羽由加莉,Yukari Takeba,SUPPORT,supportiveranger,TIER_5,,,sees,community_maintained_game_metadata,https://raw.githubusercontent.com/Kengxxiao/ArknightsGameData/0ef7f952dfd018392200157a5c79a6511ba69122/zh_CN/gamedata/excel/character_table.json,0ef7f952dfd018392200157a5c79a6511ba69122,2026-09-11T22:16:48+00:00,False
char_4234_pedro,佩德洛,Pedro,SUPPORT,supportiveranger,TIER_5,bolivar,,,community_maintained_game_metadata,https://raw.githubusercontent.com/Kengxxiao/ArknightsGameData/0ef7f952dfd018392200157a5c79a6511ba69122/zh_CN/gamedata/excel/character_table.json,0ef7f952dfd018392200157a5c79a6511ba69122,2026-09-11T22:16:48+00:00,False
char_215_mantic,狮蝎,Manticore,SPECIAL,stalker,TIER_5,sargon,,,community_maintained_game_metadata,https://raw.githubusercontent.com/Kengxxiao/ArknightsGameData/0ef7f952dfd018392200157a5c79a6511ba69122/zh_CN/gamedata/excel/character_table.json,0ef7f952dfd018392200157a5c79a6511ba69122,2026-09-11T22:16:48+00:00,False
char_478_kirara,绮良,Kirara,SPECIAL,stalker,TIER_5,higashi,,,community_maintained_game_metadata,https://raw.githubusercontent.com/Kengxxiao/ArknightsGameData/0ef7f952dfd018392200157a5c79a6511ba69122/zh_CN/gamedata/excel/character_table.json,0ef7f952dfd018392200157a5c79a6511ba69122,2026-09-11T22:16:48+00:00,False
char_4186_tmoris,八幡海铃,Yahata Umiri,SPECIAL,stalker,TIER_5,,,mujica,community_maintained_game_metadata,https://raw.githubusercontent.com/Kengxxiao/ArknightsGameData/0ef7f952dfd018392200157a5c79a6511ba69122/zh_CN/gamedata/excel/character_table.json,0ef7f952dfd018392200157a5c79a6511ba69122,2026-09-11T22:16:48+00:00,False
char_241_panda,食铁兽,FEater,SPECIAL,pusher,TIER_5,lungmen,,,community_maintained_game_metadata,https://raw.githubusercontent.com/Kengxxiao/ArknightsGameData/0ef7f952dfd018392200157a5c79a6511ba69122/zh_CN/gamedata/excel/character_table.json,0ef7f952dfd018392200157a5c79a6511ba69122,2026-09-11T22:16:48+00:00,False
char_4036_forcer,见行者,Enforcer,SPECIAL,pusher,TIER_5,laterano,,,community_maintained_game_metadata,https://raw.githubusercontent.com/Kengxxiao/ArknightsGameData/0ef7f952dfd018392200157a5c79a6511ba69122/zh_CN/gamedata/excel/character_table.json,0ef7f952dfd018392200157a5c79a6511ba69122,2026-09-11T22:16:48+00:00,False
char_451_robin,罗宾,Robin,SPECIAL,traper,TIER_5,columbia,,,community_maintained_game_metadata,https://raw.githubusercontent.com/Kengxxiao/ArknightsGameData/0ef7f952dfd018392200157a5c79a6511ba69122/zh_CN/gamedata/excel/character_table.json,0ef7f952dfd018392200157a5c79a6511ba69122,2026-09-11T22:16:48+00:00,False
char_458_rfrost,霜华,Frost,SPECIAL,traper,TIER_5,,,rainbow,community_maintained_game_metadata,https://raw.githubusercontent.com/Kengxxiao/ArknightsGameData/0ef7f952dfd018392200157a5c79a6511ba69122/zh_CN/gamedata/excel/character_table.json,0ef7f952dfd018392200157a5c79a6511ba69122,2026-09-11T22:16:48+00:00,False
char_4171_wulfen,钼铅,Wulfenite,SPECIAL,traper,TIER_5,sargon,,,community_maintained_game_metadata,https://raw.githubusercontent.com/Kengxxiao/ArknightsGameData/0ef7f952dfd018392200157a5c79a6511ba69122/zh_CN/gamedata/excel/character_table.json,0ef7f952dfd018392200157a5c79a6511ba69122,2026-09-11T22:16:48+00:00,False
char_369_bena,贝娜,Bena,SPECIAL,dollkeeper,TIER_5,victoria,,,community_maintained_game_metadata,https://raw.githubusercontent.com/Kengxxiao/ArknightsGameData/0ef7f952dfd018392200157a5c79a6511ba69122/zh_CN/gamedata/excel/character_table.json,0ef7f952dfd018392200157a5c79a6511ba69122,2026-09-11T22:16:48+00:00,False
char_4016_kazema,风丸,Kazemaru,SPECIAL,dollkeeper,TIER_5,higashi,,,community_maintained_game_metadata,https://raw.githubusercontent.com/Kengxxiao/ArknightsGameData/0ef7f952dfd018392200157a5c79a6511ba69122/zh_CN/gamedata/excel/character_table.json,0ef7f952dfd018392200157a5c79a6511ba69122,2026-09-11T22:16:48+00:00,False
char_4124_iana,双月,Iana,SPECIAL,dollkeeper,TIER_5,,,rainbow,community_maintained_game_metadata,https://raw.githubusercontent.com/Kengxxiao/ArknightsGameData/0ef7f952dfd018392200157a5c79a6511ba69122/zh_CN/gamedata/excel/character_table.json,0ef7f952dfd018392200157a5c79a6511ba69122,2026-09-11T22:16:48+00:00,False
char_4183_mortis,若叶睦,Wakaba Mutsumi,SPECIAL,dollkeeper,TIER_5,,,mujica,community_maintained_game_metadata,https://raw.githubusercontent.com/Kengxxiao/ArknightsGameData/0ef7f952dfd018392200157a5c79a6511ba69122/zh_CN/gamedata/excel/character_table.json,0ef7f952dfd018392200157a5c79a6511ba69122,2026-09-11T22:16:48+00:00,False
char_4151_tinman,锡人,Tin Man,SPECIAL,alchemist,TIER_5,columbia,,,community_maintained_game_metadata,https://raw.githubusercontent.com/Kengxxiao/ArknightsGameData/0ef7f952dfd018392200157a5c79a6511ba69122/zh_CN/gamedata/excel/character_table.json,0ef7f952dfd018392200157a5c79a6511ba69122,2026-09-11T22:16:48+00:00,False
char_4191_tippi,蒂比,Tippi,SPECIAL,skywalker,TIER_5,columbia,,,community_maintained_game_metadata,https://raw.githubusercontent.com/Kengxxiao/ArknightsGameData/0ef7f952dfd018392200157a5c79a6511ba69122/zh_CN/gamedata/excel/character_table.json,0ef7f952dfd018392200157a5c79a6511ba69122,2026-09-11T22:16:48+00:00,False
char_103_angel,能天使,Exusiai,SNIPER,fastshot,TIER_6,lungmen,penguin,,community_maintained_game_metadata,https://raw.githubusercontent.com/Kengxxiao/ArknightsGameData/0ef7f952dfd018392200157a5c79a6511ba69122/zh_CN/gamedata/excel/character_table.json,0ef7f952dfd018392200157a5c79a6511ba69122,2026-09-11T22:16:48+00:00,False
char_332_archet,空弦,Archetto,SNIPER,fastshot,TIER_6,laterano,,,community_maintained_game_metadata,https://raw.githubusercontent.com/Kengxxiao/ArknightsGameData/0ef7f952dfd018392200157a5c79a6511ba69122/zh_CN/gamedata/excel/character_table.json,0ef7f952dfd018392200157a5c79a6511ba69122,2026-09-11T22:16:48+00:00,False
char_456_ash,灰烬,Ash,SNIPER,fastshot,TIER_6,,,rainbow,community_maintained_game_metadata,https://raw.githubusercontent.com/Kengxxiao/ArknightsGameData/0ef7f952dfd018392200157a5c79a6511ba69122/zh_CN/gamedata/excel/character_table.json,0ef7f952dfd018392200157a5c79a6511ba69122,2026-09-11T22:16:48+00:00,False
char_340_shwaz,黑,Schwarz,SNIPER,closerange,TIER_6,columbia,siesta,,community_maintained_game_metadata,https://raw.githubusercontent.com/Kengxxiao/ArknightsGameData/0ef7f952dfd018392200157a5c79a6511ba69122/zh_CN/gamedata/excel/character_table.json,0ef7f952dfd018392200157a5c79a6511ba69122,2026-09-11T22:16:48+00:00,False
char_4055_bgsnow,鸿雪,Позёмка,SNIPER,closerange,TIER_6,rhodes,,,community_maintained_game_metadata,https://raw.githubusercontent.com/Kengxxiao/ArknightsGameData/0ef7f952dfd018392200157a5c79a6511ba69122/zh_CN/gamedata/excel/character_table.json,0ef7f952dfd018392200157a5c79a6511ba69122,2026-09-11T22:16:48+00:00,False
char_1048_orchd2,焰狐龙梓兰,Violet Mizutsune Orchid,SNIPER,closerange,TIER_6,rhodes,,reserve6,community_maintained_game_metadata,https://raw.githubusercontent.com/Kengxxiao/ArknightsGameData/0ef7f952dfd018392200157a5c79a6511ba69122/zh_CN/gamedata/excel/character_table.json,0ef7f952dfd018392200157a5c79a6511ba69122,2026-09-11T22:16:48+00:00,False
char_430_fartth,远牙,Fartooth,SNIPER,longrange,TIER_6,kazimierz,pinus,,community_maintained_game_metadata,https://raw.githubusercontent.com/Kengxxiao/ArknightsGameData/0ef7f952dfd018392200157a5c79a6511ba69122/zh_CN/gamedata/excel/character_table.json,0ef7f952dfd018392200157a5c79a6511ba69122,2026-09-11T22:16:48+00:00,False
char_4193_lemuen,蕾缪安,Lemuen,SNIPER,longrange,TIER_6,laterano,,,community_maintained_game_metadata,https://raw.githubusercontent.com/Kengxxiao/ArknightsGameData/0ef7f952dfd018392200157a5c79a6511ba69122/zh_CN/gamedata/excel/character_table.json,0ef7f952dfd018392200157a5c79a6511ba69122,2026-09-11T22:16:48+00:00,False
char_113_cqbw,W,W,SNIPER,aoesniper,TIER_6,,babel,,community_maintained_game_metadata,https://raw.githubusercontent.com/Kengxxiao/ArknightsGameData/0ef7f952dfd018392200157a5c79a6511ba69122/zh_CN/gamedata/excel/character_table.json,0ef7f952dfd018392200157a5c79a6511ba69122,2026-09-11T22:16:48+00:00,False
char_300_phenxi,菲亚梅塔,Fiammetta,SNIPER,aoesniper,TIER_6,laterano,,,community_maintained_game_metadata,https://raw.githubusercontent.com/Kengxxiao/ArknightsGameData/0ef7f952dfd018392200157a5c79a6511ba69122/zh_CN/gamedata/excel/character_table.json,0ef7f952dfd018392200157a5c79a6511ba69122,2026-09-11T22:16:48+00:00,False
char_197_poca,早露,Роса,SNIPER,siegesniper,TIER_6,ursus,,student,community_maintained_game_metadata,https://raw.githubusercontent.com/Kengxxiao/ArknightsGameData/0ef7f952dfd018392200157a5c79a6511ba69122/zh_CN/gamedata/excel/character_table.json,0ef7f952dfd018392200157a5c79a6511ba69122,2026-09-11T22:16:48+00:00,False
char_2012_typhon,提丰,Typhon,SNIPER,siegesniper,TIER_6,sami,,,community_maintained_game_metadata,https://raw.githubusercontent.com/Kengxxiao/ArknightsGameData/0ef7f952dfd018392200157a5c79a6511ba69122/zh_CN/gamedata/excel/character_table.json,0ef7f952dfd018392200157a5c79a6511ba69122,2026-09-11T22:16:48+00:00,False
char_391_rosmon,迷迭香,Rosmontis,SNIPER,bombarder,TIER_6,rhodes,elite,,community_maintained_game_metadata,https://raw.githubusercontent.com/Kengxxiao/ArknightsGameData/0ef7f952dfd018392200157a5c79a6511ba69122/zh_CN/gamedata/excel/character_table.json,0ef7f952dfd018392200157a5c79a6511ba69122,2026-09-11T22:16:48+00:00,False
char_1035_wisdel,维什戴尔,Wiš'adel,SNIPER,bombarder,TIER_6,,babel,,community_maintained_game_metadata,https://raw.githubusercontent.com/Kengxxiao/ArknightsGameData/0ef7f952dfd018392200157a5c79a6511ba69122/zh_CN/gamedata/excel/character_table.json,0ef7f952dfd018392200157a5c79a6511ba69122,2026-09-11T22:16:48+00:00,False
char_1013_chen2,假日威龙陈,Ch'en the Holungday,SNIPER,reaperrange,TIER_6,rhodes,,,community_maintained_game_metadata,https://raw.githubusercontent.com/Kengxxiao/ArknightsGameData/0ef7f952dfd018392200157a5c79a6511ba69122/zh_CN/gamedata/excel/character_table.json,0ef7f952dfd018392200157a5c79a6511ba69122,2026-09-11T22:16:48+00:00,False
char_4117_ray,莱伊,Ray,SNIPER,hunter,TIER_6,rim,,,community_maintained_game_metadata,https://raw.githubusercontent.com/Kengxxiao/ArknightsGameData/0ef7f952dfd018392200157a5c79a6511ba69122/zh_CN/gamedata/excel/character_table.json,0ef7f952dfd018392200157a5c79a6511ba69122,2026-09-11T22:16:48+00:00,False
char_4138_narant,娜仁图亚,Narantuya,SNIPER,loopshooter,TIER_6,sargon,,,community_maintained_game_metadata,https://raw.githubusercontent.com/Kengxxiao/ArknightsGameData/0ef7f952dfd018392200157a5c79a6511ba69122/zh_CN/gamedata/excel/character_table.json,0ef7f952dfd018392200157a5c79a6511ba69122,2026-09-11T22:16:48+00:00,False
char_112_siege,推进之王,Siege,PIONEER,pioneer,TIER_6,victoria,glasgow,,community_maintained_game_metadata,https://raw.githubusercontent.com/Kengxxiao/ArknightsGameData/0ef7f952dfd018392200157a5c79a6511ba69122/zh_CN/gamedata/excel/character_table.json,0ef7f952dfd018392200157a5c79a6511ba69122,2026-09-11T22:16:48+00:00,False
char_222_bpipe,风笛,Bagpipe,PIONEER,charger,TIER_6,victoria,,,community_maintained_game_metadata,https://raw.githubusercontent.com/Kengxxiao/ArknightsGameData/0ef7f952dfd018392200157a5c79a6511ba69122/zh_CN/gamedata/excel/character_table.json,0ef7f952dfd018392200157a5c79a6511ba69122,2026-09-11T22:16:48+00:00,False
char_362_saga,嵯峨,Saga,PIONEER,pioneer,TIER_6,higashi,,,community_maintained_game_metadata,https://raw.githubusercontent.com/Kengxxiao/ArknightsGameData/0ef7f952dfd018392200157a5c79a6511ba69122/zh_CN/gamedata/excel/character_table.json,0ef7f952dfd018392200157a5c79a6511ba69122,2026-09-11T22:16:48+00:00,False
char_4026_vulpis,忍冬,Vulpisfoglia,PIONEER,pioneer,TIER_6,siracusa,,,community_maintained_game_metadata,https://raw.githubusercontent.com/Kengxxiao/ArknightsGameData/0ef7f952dfd018392200157a5c79a6511ba69122/zh_CN/gamedata/excel/character_table.json,0ef7f952dfd018392200157a5c79a6511ba69122,2026-09-11T22:16:48+00:00,False
char_479_sleach,琴柳,Saileach,PIONEER,bearer,TIER_6,victoria,,,community_maintained_game_metadata,https://raw.githubusercontent.com/Kengxxiao/ArknightsGameData/0ef7f952dfd018392200157a5c79a6511ba69122/zh_CN/gamedata/excel/character_table.json,0ef7f952dfd018392200157a5c79a6511ba69122,2026-09-11T22:16:48+00:00,False
char_420_flamtl,焰尾,Flametail,PIONEER,pioneer,TIER_6,kazimierz,pinus,,community_maintained_game_metadata,https://raw.githubusercontent.com/Kengxxiao/ArknightsGameData/0ef7f952dfd018392200157a5c79a6511ba69122/zh_CN/gamedata/excel/character_table.json,0ef7f952dfd018392200157a5c79a6511ba69122,2026-09-11T22:16:48+00:00,False
char_427_vigil,伺夜,Vigil,PIONEER,tactician,TIER_6,siracusa,,,community_maintained_game_metadata,https://raw.githubusercontent.com/Kengxxiao/ArknightsGameData/0ef7f952dfd018392200157a5c79a6511ba69122/zh_CN/gamedata/excel/character_table.json,0ef7f952dfd018392200157a5c79a6511ba69122,2026-09-11T22:16:48+00:00,False
char_249_mlyss,缪尔赛思,Muelsyse,PIONEER,tactician,TIER_6,columbia,rhine,,community_maintained_game_metadata,https://raw.githubusercontent.com/Kengxxiao/ArknightsGameData/0ef7f952dfd018392200157a5c79a6511ba69122/zh_CN/gamedata/excel/character_table.json,0ef7f952dfd018392200157a5c79a6511ba69122,2026-09-11T22:16:48+00:00,False
char_4228_closur,可露希尔,Closure,PIONEER,tactician,TIER_6,rhodes,,,community_maintained_game_metadata,https://raw.githubusercontent.com/Kengxxiao/ArknightsGameData/0ef7f952dfd018392200157a5c79a6511ba69122/zh_CN/gamedata/excel/character_table.json,0ef7f952dfd018392200157a5c79a6511ba69122,2026-09-11T22:16:48+00:00,False
char_1045_svash2,凛御银灰,SilverAsh the Reignfrost,PIONEER,counsellor,TIER_6,kjerag,,,community_maintained_game_metadata,https://raw.githubusercontent.com/Kengxxiao/ArknightsGameData/0ef7f952dfd018392200157a5c79a6511ba69122/zh_CN/gamedata/excel/character_table.json,0ef7f952dfd018392200157a5c79a6511ba69122,2026-09-11T22:16:48+00:00,False
char_4087_ines,伊内丝,Ines,PIONEER,agent,TIER_6,,babel,,community_maintained_game_metadata,https://raw.githubusercontent.com/Kengxxiao/ArknightsGameData/0ef7f952dfd018392200157a5c79a6511ba69122/zh_CN/gamedata/excel/character_table.json,0ef7f952dfd018392200157a5c79a6511ba69122,2026-09-11T22:16:48+00:00,False
char_134_ifrit,伊芙利特,Ifrit,CASTER,blastcaster,TIER_6,columbia,rhine,,community_maintained_game_metadata,https://raw.githubusercontent.com/Kengxxiao/ArknightsGameData/0ef7f952dfd018392200157a5c79a6511ba69122/zh_CN/gamedata/excel/character_table.json,0ef7f952dfd018392200157a5c79a6511ba69122,2026-09-11T22:16:48+00:00,False
char_4229_aphris,谬因,Aphrissa,CASTER,blastcaster,TIER_6,columbia,,,community_maintained_game_metadata,https://raw.githubusercontent.com/Kengxxiao/ArknightsGameData/0ef7f952dfd018392200157a5c79a6511ba69122/zh_CN/gamedata/excel/character_table.json,0ef7f952dfd018392200157a5c79a6511ba69122,2026-09-11T22:16:48+00:00,False
char_213_mostma,莫斯提马,Mostima,CASTER,splashcaster,TIER_6,laterano,,,community_maintained_game_metadata,https://raw.githubusercontent.com/Kengxxiao/ArknightsGameData/0ef7f952dfd018392200157a5c79a6511ba69122/zh_CN/gamedata/excel/character_table.json,0ef7f952dfd018392200157a5c79a6511ba69122,2026-09-11T22:16:48+00:00,False
char_180_amgoat,艾雅法拉,Eyjafjalla,CASTER,corecaster,TIER_6,leithanien,,,community_maintained_game_metadata,https://raw.githubusercontent.com/Kengxxiao/ArknightsGameData/0ef7f952dfd018392200157a5c79a6511ba69122/zh_CN/gamedata/excel/character_table.json,0ef7f952dfd018392200157a5c79a6511ba69122,2026-09-11T22:16:48+00:00,False
char_2013_cerber,刻俄柏,Ceobe,CASTER,corecaster,TIER_6,rhodes,,,community_maintained_game_metadata,https://raw.githubusercontent.com/Kengxxiao/ArknightsGameData/0ef7f952dfd018392200157a5c79a6511ba69122/zh_CN/gamedata/excel/character_table.json,0ef7f952dfd018392200157a5c79a6511ba69122,2026-09-11T22:16:48+00:00,False
char_4027_heyak,霍尔海雅,Ho'olheyak,CASTER,corecaster,TIER_6,columbia,,,community_maintained_game_metadata,https://raw.githubusercontent.com/Kengxxiao/ArknightsGameData/0ef7f952dfd018392200157a5c79a6511ba69122/zh_CN/gamedata/excel/character_table.json,0ef7f952dfd018392200157a5c79a6511ba69122,2026-09-11T22:16:48+00:00,False
char_4133_logos,逻各斯,Logos,CASTER,corecaster,TIER_6,rhodes,elite,,community_maintained_game_metadata,https://raw.githubusercontent.com/Kengxxiao/ArknightsGameData/0ef7f952dfd018392200157a5c79a6511ba69122/zh_CN/gamedata/excel/character_table.json,0ef7f952dfd018392200157a5c79a6511ba69122,2026-09-11T22:16:48+00:00,False
char_2015_dusk,夕,Dusk,CASTER,splashcaster,TIER_6,yan,sui,,community_maintained_game_metadata,https://raw.githubusercontent.com/Kengxxiao/ArknightsGameData/0ef7f952dfd018392200157a5c79a6511ba69122/zh_CN/gamedata/excel/character_table.json,0ef7f952dfd018392200157a5c79a6511ba69122,2026-09-11T22:16:48+00:00,False
char_4141_marcil,玛露西尔,Marcille,CASTER,splashcaster,TIER_6,,,laios,community_maintained_game_metadata,https://raw.githubusercontent.com/Kengxxiao/ArknightsGameData/0ef7f952dfd018392200157a5c79a6511ba69122/zh_CN/gamedata/excel/character_table.json,0ef7f952dfd018392200157a5c79a6511ba69122,2026-09-11T22:16:48+00:00,False
char_472_pasngr,异客,Passenger,CASTER,chain,TIER_6,sargon,,,community_maintained_game_metadata,https://raw.githubusercontent.com/Kengxxiao/ArknightsGameData/0ef7f952dfd018392200157a5c79a6511ba69122/zh_CN/gamedata/excel/character_table.json,0ef7f952dfd018392200157a5c79a6511ba69122,2026-09-11T22:16:48+00:00,False
char_426_billro,卡涅利安,Carnelian,CASTER,phalanx,TIER_6,leithanien,,,community_maintained_game_metadata,https://raw.githubusercontent.com/Kengxxiao/ArknightsGameData/0ef7f952dfd018392200157a5c79a6511ba69122/zh_CN/gamedata/excel/character_table.json,0ef7f952dfd018392200157a5c79a6511ba69122,2026-09-11T22:16:48+00:00,False
char_4080_lin,林,Lin,CASTER,phalanx,TIER_6,lungmen,,,community_maintained_game_metadata,https://raw.githubusercontent.com/Kengxxiao/ArknightsGameData/0ef7f952dfd018392200157a5c79a6511ba69122/zh_CN/gamedata/excel/character_table.json,0ef7f952dfd018392200157a5c79a6511ba69122,2026-09-11T22:16:48+00:00,False
char_1046_sbell2,圣聆初雪,Pramanix the Prerita,CASTER,phalanx,TIER_6,kjerag,,,community_maintained_game_metadata,https://raw.githubusercontent.com/Kengxxiao/ArknightsGameData/0ef7f952dfd018392200157a5c79a6511ba69122/zh_CN/gamedata/excel/character_table.json,0ef7f952dfd018392200157a5c79a6511ba69122,2026-09-11T22:16:48+00:00,False
char_377_gdglow,澄闪,Goldenglow,CASTER,funnel,TIER_6,victoria,,,community_maintained_game_metadata,https://raw.githubusercontent.com/Kengxxiao/ArknightsGameData/0ef7f952dfd018392200157a5c79a6511ba69122/zh_CN/gamedata/excel/character_table.json,0ef7f952dfd018392200157a5c79a6511ba69122,2026-09-11T22:16:48+00:00,False
char_1038_whitw2,荒芜拉普兰德,Lappland the Decadenza,CASTER,funnel,TIER_6,siracusa,,,community_maintained_game_metadata,https://raw.githubusercontent.com/Kengxxiao/ArknightsGameData/0ef7f952dfd018392200157a5c79a6511ba69122/zh_CN/gamedata/excel/character_table.json,0ef7f952dfd018392200157a5c79a6511ba69122,2026-09-11T22:16:48+00:00,False
char_4046_ebnhlz,黑键,Ebenholz,CASTER,mystic,TIER_6,leithanien,,,community_maintained_game_metadata,https://raw.githubusercontent.com/Kengxxiao/ArknightsGameData/0ef7f952dfd018392200157a5c79a6511ba69122/zh_CN/gamedata/excel/character_table.json,0ef7f952dfd018392200157a5c79a6511ba69122,2026-09-11T22:16:48+00:00,False
char_4226_veen,维伊,Вий,CASTER,mystic,TIER_6,ursus,,,community_maintained_game_metadata,https://raw.githubusercontent.com/Kengxxiao/ArknightsGameData/0ef7f952dfd018392200157a5c79a6511ba69122/zh_CN/gamedata/excel/character_table.json,0ef7f952dfd018392200157a5c79a6511ba69122,2026-09-11T22:16:48+00:00,False
char_4146_nymph,妮芙,Nymph,CASTER,primcaster,TIER_6,rhodes,,,community_maintained_game_metadata,https://raw.githubusercontent.com/Kengxxiao/ArknightsGameData/0ef7f952dfd018392200157a5c79a6511ba69122/zh_CN/gamedata/excel/character_table.json,0ef7f952dfd018392200157a5c79a6511ba69122,2026-09-11T22:16:48+00:00,False
char_1040_blaze2,烛煌,Blaze the Igniting Spark,CASTER,primcaster,TIER_6,rhodes,elite,,community_maintained_game_metadata,https://raw.githubusercontent.com/Kengxxiao/ArknightsGameData/0ef7f952dfd018392200157a5c79a6511ba69122/zh_CN/gamedata/excel/character_table.json,0ef7f952dfd018392200157a5c79a6511ba69122,2026-09-11T22:16:48+00:00,False
char_4204_mantra,真言,Mantra,CASTER,primcaster,TIER_6,rhodes,elite,,community_maintained_game_metadata,https://raw.githubusercontent.com/Kengxxiao/ArknightsGameData/0ef7f952dfd018392200157a5c79a6511ba69122/zh_CN/gamedata/excel/character_table.json,0ef7f952dfd018392200157a5c79a6511ba69122,2026-09-11T22:16:48+00:00,False
char_450_necras,死芒,Necrass,CASTER,soulcaster,TIER_6,victoria,tara,,community_maintained_game_metadata,https://raw.githubusercontent.com/Kengxxiao/ArknightsGameData/0ef7f952dfd018392200157a5c79a6511ba69122/zh_CN/gamedata/excel/character_table.json,0ef7f952dfd018392200157a5c79a6511ba69122,2026-09-11T22:16:48+00:00,False
char_206_gnosis,灵知,Gnosis,SUPPORT,underminer,TIER_6,kjerag,karlan,,community_maintained_game_metadata,https://raw.githubusercontent.com/Kengxxiao/ArknightsGameData/0ef7f952dfd018392200157a5c79a6511ba69122/zh_CN/gamedata/excel/character_table.json,0ef7f952dfd018392200157a5c79a6511ba69122,2026-09-11T22:16:48+00:00,False
char_291_aglina,安洁莉娜,Angelina,SUPPORT,slower,TIER_6,siracusa,,,community_maintained_game_metadata,https://raw.githubusercontent.com/Kengxxiao/ArknightsGameData/0ef7f952dfd018392200157a5c79a6511ba69122/zh_CN/gamedata/excel/character_table.json,0ef7f952dfd018392200157a5c79a6511ba69122,2026-09-11T22:16:48+00:00,False
char_358_lisa,铃兰,Suzuran,SUPPORT,slower,TIER_6,siracusa,,,community_maintained_game_metadata,https://raw.githubusercontent.com/Kengxxiao/ArknightsGameData/0ef7f952dfd018392200157a5c79a6511ba69122/zh_CN/gamedata/excel/character_table.json,0ef7f952dfd018392200157a5c79a6511ba69122,2026-09-11T22:16:48+00:00,False
char_1047_halo2,溯光星源,Astgenne the Lightchaser,SUPPORT,slower,TIER_6,columbia,rhine,,community_maintained_game_metadata,https://raw.githubusercontent.com/Kengxxiao/ArknightsGameData/0ef7f952dfd018392200157a5c79a6511ba69122/zh_CN/gamedata/excel/character_table.json,0ef7f952dfd018392200157a5c79a6511ba69122,2026-09-11T22:16:48+00:00,False
char_248_mgllan,麦哲伦,Magallan,SUPPORT,summoner,TIER_6,columbia,rhine,,community_maintained_game_metadata,https://raw.githubusercontent.com/Kengxxiao/ArknightsGameData/0ef7f952dfd018392200157a5c79a6511ba69122/zh_CN/gamedata/excel/character_table.json,0ef7f952dfd018392200157a5c79a6511ba69122,2026-09-11T22:16:48+00:00,False
char_4195_radian,电弧,Raidian,SUPPORT,summoner,TIER_6,rhodes,elite,,community_maintained_game_metadata,https://raw.githubusercontent.com/Kengxxiao/ArknightsGameData/0ef7f952dfd018392200157a5c79a6511ba69122/zh_CN/gamedata/excel/character_table.json,0ef7f952dfd018392200157a5c79a6511ba69122,2026-09-11T22:16:48+00:00,False
char_1012_skadi2,浊心斯卡蒂,Skadi the Corrupting Heart,SUPPORT,bard,TIER_6,egir,,,community_maintained_game_metadata,https://raw.githubusercontent.com/Kengxxiao/ArknightsGameData/0ef7f952dfd018392200157a5c79a6511ba69122/zh_CN/gamedata/excel/character_table.json,0ef7f952dfd018392200157a5c79a6511ba69122,2026-09-11T22:16:48+00:00,False
char_4134_cetsyr,魔王,Civilight Eterna,SUPPORT,bard,TIER_6,rhodes,,,community_maintained_game_metadata,https://raw.githubusercontent.com/Kengxxiao/ArknightsGameData/0ef7f952dfd018392200157a5c79a6511ba69122/zh_CN/gamedata/excel/character_table.json,0ef7f952dfd018392200157a5c79a6511ba69122,2026-09-11T22:16:48+00:00,False
char_1031_slent2,淬羽赫默,Silence the Paradigmatic,SUPPORT,blessing,TIER_6,columbia,rhine,,community_maintained_game_metadata,https://raw.githubusercontent.com/Kengxxiao/ArknightsGameData/0ef7f952dfd018392200157a5c79a6511ba69122/zh_CN/gamedata/excel/character_table.json,0ef7f952dfd018392200157a5c79a6511ba69122,2026-09-11T22:16:48+00:00,False
char_4202_haruka,遥,Haruka,SUPPORT,blessing,TIER_6,higashi,,,community_maintained_game_metadata,https://raw.githubusercontent.com/Kengxxiao/ArknightsGameData/0ef7f952dfd018392200157a5c79a6511ba69122/zh_CN/gamedata/excel/character_table.json,0ef7f952dfd018392200157a5c79a6511ba69122,2026-09-11T22:16:48+00:00,False
char_2023_ling,令,Ling,SUPPORT,summoner,TIER_6,yan,sui,,community_maintained_game_metadata,https://raw.githubusercontent.com/Kengxxiao/ArknightsGameData/0ef7f952dfd018392200157a5c79a6511ba69122/zh_CN/gamedata/excel/character_table.json,0ef7f952dfd018392200157a5c79a6511ba69122,2026-09-11T22:16:48+00:00,False
char_4072_ironmn,白铁,Stainless,SUPPORT,craftsman,TIER_6,victoria,,,community_maintained_game_metadata,https://raw.githubusercontent.com/Kengxxiao/ArknightsGameData/0ef7f952dfd018392200157a5c79a6511ba69122/zh_CN/gamedata/excel/character_table.json,0ef7f952dfd018392200157a5c79a6511ba69122,2026-09-11T22:16:48+00:00,False
char_4212_nasti,娜斯提,Nasti,SUPPORT,craftsman,TIER_6,columbia,rhine,,community_maintained_game_metadata,https://raw.githubusercontent.com/Kengxxiao/ArknightsGameData/0ef7f952dfd018392200157a5c79a6511ba69122/zh_CN/gamedata/excel/character_table.json,0ef7f952dfd018392200157a5c79a6511ba69122,2026-09-11T22:16:48+00:00,False
char_245_cello,塑心,Virtuosa,SUPPORT,ritualist,TIER_6,laterano,,,community_maintained_game_metadata,https://raw.githubusercontent.com/Kengxxiao/ArknightsGameData/0ef7f952dfd018392200157a5c79a6511ba69122/zh_CN/gamedata/excel/character_table.json,0ef7f952dfd018392200157a5c79a6511ba69122,2026-09-11T22:16:48+00:00,False
char_1042_phatm2,酒神,Tragodia,SUPPORT,ritualist,TIER_6,victoria,,,community_maintained_game_metadata,https://raw.githubusercontent.com/Kengxxiao/ArknightsGameData/0ef7f952dfd018392200157a5c79a6511ba69122/zh_CN/gamedata/excel/character_table.json,0ef7f952dfd018392200157a5c79a6511ba69122,2026-09-11T22:16:48+00:00,False
char_250_phatom,傀影,Phantom,SPECIAL,executor,TIER_6,victoria,,,community_maintained_game_metadata,https://raw.githubusercontent.com/Kengxxiao/ArknightsGameData/0ef7f952dfd018392200157a5c79a6511ba69122/zh_CN/gamedata/excel/character_table.json,0ef7f952dfd018392200157a5c79a6511ba69122,2026-09-11T22:16:48+00:00,False
char_1028_texas2,缄默德克萨斯,Texas the Omertosa,SPECIAL,executor,TIER_6,lungmen,penguin,,community_maintained_game_metadata,https://raw.githubusercontent.com/Kengxxiao/ArknightsGameData/0ef7f952dfd018392200157a5c79a6511ba69122/zh_CN/gamedata/excel/character_table.json,0ef7f952dfd018392200157a5c79a6511ba69122,2026-09-11T22:16:48+00:00,False
char_1029_yato2,麒麟R夜刀,Kirin R Yato,SPECIAL,executor,TIER_6,rhodes,,action4,community_maintained_game_metadata,https://raw.githubusercontent.com/Kengxxiao/ArknightsGameData/0ef7f952dfd018392200157a5c79a6511ba69122/zh_CN/gamedata/excel/character_table.json,0ef7f952dfd018392200157a5c79a6511ba69122,2026-09-11T22:16:48+00:00,False
char_1502_crosly,弑君者,Crownslayer,SPECIAL,executor,TIER_6,rhodes,,,community_maintained_game_metadata,https://raw.githubusercontent.com/Kengxxiao/ArknightsGameData/0ef7f952dfd018392200157a5c79a6511ba69122/zh_CN/gamedata/excel/character_table.json,0ef7f952dfd018392200157a5c79a6511ba69122,2026-09-11T22:16:48+00:00,False
char_322_lmlee,老鲤,Lee,SPECIAL,merchant,TIER_6,lungmen,,lee,community_maintained_game_metadata,https://raw.githubusercontent.com/Kengxxiao/ArknightsGameData/0ef7f952dfd018392200157a5c79a6511ba69122/zh_CN/gamedata/excel/character_table.json,0ef7f952dfd018392200157a5c79a6511ba69122,2026-09-11T22:16:48+00:00,False
char_1033_swire2,琳琅诗怀雅,Swire the Elegant Wit,SPECIAL,merchant,TIER_6,lungmen,,,community_maintained_game_metadata,https://raw.githubusercontent.com/Kengxxiao/ArknightsGameData/0ef7f952dfd018392200157a5c79a6511ba69122/zh_CN/gamedata/excel/character_table.json,0ef7f952dfd018392200157a5c79a6511ba69122,2026-09-11T22:16:48+00:00,False
char_400_weedy,温蒂,Weedy,SPECIAL,pusher,TIER_6,rhodes,,,community_maintained_game_metadata,https://raw.githubusercontent.com/Kengxxiao/ArknightsGameData/0ef7f952dfd018392200157a5c79a6511ba69122/zh_CN/gamedata/excel/character_table.json,0ef7f952dfd018392200157a5c79a6511ba69122,2026-09-11T22:16:48+00:00,False
char_225_haak,阿,Aak,SPECIAL,geek,TIER_6,lungmen,,lee,community_maintained_game_metadata,https://raw.githubusercontent.com/Kengxxiao/ArknightsGameData/0ef7f952dfd018392200157a5c79a6511ba69122/zh_CN/gamedata/excel/character_table.json,0ef7f952dfd018392200157a5c79a6511ba69122,2026-09-11T22:16:48+00:00,False
char_1041_angel2,新约能天使,Exusiai the New Covenant,SPECIAL,geek,TIER_6,lungmen,penguin,,community_maintained_game_metadata,https://raw.githubusercontent.com/Kengxxiao/ArknightsGameData/0ef7f952dfd018392200157a5c79a6511ba69122/zh_CN/gamedata/excel/character_table.json,0ef7f952dfd018392200157a5c79a6511ba69122,2026-09-11T22:16:48+00:00,False
char_474_glady,歌蕾蒂娅,Gladiia,SPECIAL,hookmaster,TIER_6,egir,abyssal,,community_maintained_game_metadata,https://raw.githubusercontent.com/Kengxxiao/ArknightsGameData/0ef7f952dfd018392200157a5c79a6511ba69122/zh_CN/gamedata/excel/character_table.json,0ef7f952dfd018392200157a5c79a6511ba69122,2026-09-11T22:16:48+00:00,False
char_437_mizuki,水月,Mizuki,SPECIAL,stalker,TIER_6,higashi,,,community_maintained_game_metadata,https://raw.githubusercontent.com/Kengxxiao/ArknightsGameData/0ef7f952dfd018392200157a5c79a6511ba69122/zh_CN/gamedata/excel/character_table.json,0ef7f952dfd018392200157a5c79a6511ba69122,2026-09-11T22:16:48+00:00,False
char_4132_ascln,阿斯卡纶,Ascalon,SPECIAL,stalker,TIER_6,rhodes,sweep,,community_maintained_game_metadata,https://raw.githubusercontent.com/Kengxxiao/ArknightsGameData/0ef7f952dfd018392200157a5c79a6511ba69122/zh_CN/gamedata/excel/character_table.json,0ef7f952dfd018392200157a5c79a6511ba69122,2026-09-11T22:16:48+00:00,False
char_1023_ghost2,归溟幽灵鲨,Specter the Unchained,SPECIAL,dollkeeper,TIER_6,egir,abyssal,,community_maintained_game_metadata,https://raw.githubusercontent.com/Kengxxiao/ArknightsGameData/0ef7f952dfd018392200157a5c79a6511ba69122/zh_CN/gamedata/excel/character_table.json,0ef7f952dfd018392200157a5c79a6511ba69122,2026-09-11T22:16:48+00:00,False
char_4217_makoto,结城理,Makoto Yuki,SPECIAL,dollkeeper,TIER_6,,,sees,community_maintained_game_metadata,https://raw.githubusercontent.com/Kengxxiao/ArknightsGameData/0ef7f952dfd018392200157a5c79a6511ba69122/zh_CN/gamedata/excel/character_table.json,0ef7f952dfd018392200157a5c79a6511ba69122,2026-09-11T22:16:48+00:00,False
char_4048_doroth,多萝西,Dorothy,SPECIAL,traper,TIER_6,columbia,rhine,,community_maintained_game_metadata,https://raw.githubusercontent.com/Kengxxiao/ArknightsGameData/0ef7f952dfd018392200157a5c79a6511ba69122/zh_CN/gamedata/excel/character_table.json,0ef7f952dfd018392200157a5c79a6511ba69122,2026-09-11T22:16:48+00:00,False
char_4123_ela,艾拉,Ela,SPECIAL,traper,TIER_6,,,rainbow,community_maintained_game_metadata,https://raw.githubusercontent.com/Kengxxiao/ArknightsGameData/0ef7f952dfd018392200157a5c79a6511ba69122/zh_CN/gamedata/excel/character_table.json,0ef7f952dfd018392200157a5c79a6511ba69122,2026-09-11T22:16:48+00:00,False
char_2027_wang,望,Wang,SPECIAL,traper,TIER_6,yan,sui,,community_maintained_game_metadata,https://raw.githubusercontent.com/Kengxxiao/ArknightsGameData/0ef7f952dfd018392200157a5c79a6511ba69122/zh_CN/gamedata/excel/character_table.json,0ef7f952dfd018392200157a5c79a6511ba69122,2026-09-11T22:16:48+00:00,False
char_1039_thorn2,引星棘刺,Thorns the Lodestar,SPECIAL,alchemist,TIER_6,iberia,,,community_maintained_game_metadata,https://raw.githubusercontent.com/Kengxxiao/ArknightsGameData/0ef7f952dfd018392200157a5c79a6511ba69122/zh_CN/gamedata/excel/character_table.json,0ef7f952dfd018392200157a5c79a6511ba69122,2026-09-11T22:16:48+00:00,False
char_1015_aglna2,予愿安洁莉娜,Angelina the Mellow Wish,SPECIAL,skywalker,TIER_6,rhodes,,,community_maintained_game_metadata,https://raw.githubusercontent.com/Kengxxiao/ArknightsGameData/0ef7f952dfd018392200157a5c79a6511ba69122/zh_CN/gamedata/excel/character_table.json,0ef7f952dfd018392200157a5c79a6511ba69122,2026-09-11T22:16:48+00:00,False
char_147_shining,闪灵,Shining,MEDIC,physician,TIER_6,,,followers,community_maintained_game_metadata,https://raw.githubusercontent.com/Kengxxiao/ArknightsGameData/0ef7f952dfd018392200157a5c79a6511ba69122/zh_CN/gamedata/excel/character_table.json,0ef7f952dfd018392200157a5c79a6511ba69122,2026-09-11T22:16:48+00:00,False
char_179_cgbird,夜莺,Nightingale,MEDIC,ringhealer,TIER_6,,,followers,community_maintained_game_metadata,https://raw.githubusercontent.com/Kengxxiao/ArknightsGameData/0ef7f952dfd018392200157a5c79a6511ba69122/zh_CN/gamedata/excel/character_table.json,0ef7f952dfd018392200157a5c79a6511ba69122,2026-09-11T22:16:48+00:00,False
char_003_kalts,凯尔希,Kal'tsit,MEDIC,physician,TIER_6,rhodes,,,community_maintained_game_metadata,https://raw.githubusercontent.com/Kengxxiao/ArknightsGameData/0ef7f952dfd018392200157a5c79a6511ba69122/zh_CN/gamedata/excel/character_table.json,0ef7f952dfd018392200157a5c79a6511ba69122,2026-09-11T22:16:48+00:00,False
char_4042_lumen,流明,Lumen,MEDIC,healer,TIER_6,iberia,,,community_maintained_game_metadata,https://raw.githubusercontent.com/Kengxxiao/ArknightsGameData/0ef7f952dfd018392200157a5c79a6511ba69122/zh_CN/gamedata/excel/character_table.json,0ef7f952dfd018392200157a5c79a6511ba69122,2026-09-11T22:16:48+00:00,False
char_1016_agoat2,纯烬艾雅法拉,Eyjafjalla the Hvít Aska,MEDIC,wandermedic,TIER_6,leithanien,,,community_maintained_game_metadata,https://raw.githubusercontent.com/Kengxxiao/ArknightsGameData/0ef7f952dfd018392200157a5c79a6511ba69122/zh_CN/gamedata/excel/character_table.json,0ef7f952dfd018392200157a5c79a6511ba69122,2026-09-11T22:16:48+00:00,False
char_1020_reed2,焰影苇草,Reed The Flame Shadow,MEDIC,incantationmedic,TIER_6,victoria,tara,,community_maintained_game_metadata,https://raw.githubusercontent.com/Kengxxiao/ArknightsGameData/0ef7f952dfd018392200157a5c79a6511ba69122/zh_CN/gamedata/excel/character_table.json,0ef7f952dfd018392200157a5c79a6511ba69122,2026-09-11T22:16:48+00:00,False
char_4056_titi,缇缇,Titi,MEDIC,incantationmedic,TIER_6,sargon,,,community_maintained_game_metadata,https://raw.githubusercontent.com/Kengxxiao/ArknightsGameData/0ef7f952dfd018392200157a5c79a6511ba69122/zh_CN/gamedata/excel/character_table.json,0ef7f952dfd018392200157a5c79a6511ba69122,2026-09-11T22:16:48+00:00,False
char_4179_monstr,Mon3tr,Mon3tr,MEDIC,chainhealer,TIER_6,rhodes,,,community_maintained_game_metadata,https://raw.githubusercontent.com/Kengxxiao/ArknightsGameData/0ef7f952dfd018392200157a5c79a6511ba69122/zh_CN/gamedata/excel/character_table.json,0ef7f952dfd018392200157a5c79a6511ba69122,2026-09-11T22:16:48+00:00,False
char_1052_kalts2,凯尔希·思衡托,Kal'tsit·Esperanta,MEDIC,watchman,TIER_6,rhodes,,,community_maintained_game_metadata,https://raw.githubusercontent.com/Kengxxiao/ArknightsGameData/0ef7f952dfd018392200157a5c79a6511ba69122/zh_CN/gamedata/excel/character_table.json,0ef7f952dfd018392200157a5c79a6511ba69122,2026-09-11T22:16:48+00:00,False
char_136_hsguma,星熊,Hoshiguma,TANK,protector,TIER_6,lungmen,lgd,,community_maintained_game_metadata,https://raw.githubusercontent.com/Kengxxiao/ArknightsGameData/0ef7f952dfd018392200157a5c79a6511ba69122/zh_CN/gamedata/excel/character_table.json,0ef7f952dfd018392200157a5c79a6511ba69122,2026-09-11T22:16:48+00:00,False
char_202_demkni,塞雷娅,Saria,TANK,guardian,TIER_6,columbia,rhine,,community_maintained_game_metadata,https://raw.githubusercontent.com/Kengxxiao/ArknightsGameData/0ef7f952dfd018392200157a5c79a6511ba69122/zh_CN/gamedata/excel/character_table.json,0ef7f952dfd018392200157a5c79a6511ba69122,2026-09-11T22:16:48+00:00,False
char_423_blemsh,瑕光,Blemishine,TANK,guardian,TIER_6,kazimierz,,,community_maintained_game_metadata,https://raw.githubusercontent.com/Kengxxiao/ArknightsGameData/0ef7f952dfd018392200157a5c79a6511ba69122/zh_CN/gamedata/excel/character_table.json,0ef7f952dfd018392200157a5c79a6511ba69122,2026-09-11T22:16:48+00:00,False
char_2025_shu,黍,Shu,TANK,guardian,TIER_6,yan,sui,,community_maintained_game_metadata,https://raw.githubusercontent.com/Kengxxiao/ArknightsGameData/0ef7f952dfd018392200157a5c79a6511ba69122/zh_CN/gamedata/excel/character_table.json,0ef7f952dfd018392200157a5c79a6511ba69122,2026-09-11T22:16:48+00:00,False
char_2014_nian,年,Nian,TANK,protector,TIER_6,yan,sui,,community_maintained_game_metadata,https://raw.githubusercontent.com/Kengxxiao/ArknightsGameData/0ef7f952dfd018392200157a5c79a6511ba69122/zh_CN/gamedata/excel/character_table.json,0ef7f952dfd018392200157a5c79a6511ba69122,2026-09-11T22:16:48+00:00,False
char_311_mudrok,泥岩,Mudrock,TANK,unyield,TIER_6,rhodes,,,community_maintained_game_metadata,https://raw.githubusercontent.com/Kengxxiao/ArknightsGameData/0ef7f952dfd018392200157a5c79a6511ba69122/zh_CN/gamedata/excel/character_table.json,0ef7f952dfd018392200157a5c79a6511ba69122,2026-09-11T22:16:48+00:00,False
char_4065_judge,斥罪,Penance,TANK,unyield,TIER_6,siracusa,,,community_maintained_game_metadata,https://raw.githubusercontent.com/Kengxxiao/ArknightsGameData/0ef7f952dfd018392200157a5c79a6511ba69122/zh_CN/gamedata/excel/character_table.json,0ef7f952dfd018392200157a5c79a6511ba69122,2026-09-11T22:16:48+00:00,False
char_416_zumama,森蚺,Eunectes,TANK,duelist,TIER_6,sargon,,,community_maintained_game_metadata,https://raw.githubusercontent.com/Kengxxiao/ArknightsGameData/0ef7f952dfd018392200157a5c79a6511ba69122/zh_CN/gamedata/excel/character_table.json,0ef7f952dfd018392200157a5c79a6511ba69122,2026-09-11T22:16:48+00:00,False
char_4039_horn,号角,Horn,TANK,fortress,TIER_6,victoria,,,community_maintained_game_metadata,https://raw.githubusercontent.com/Kengxxiao/ArknightsGameData/0ef7f952dfd018392200157a5c79a6511ba69122/zh_CN/gamedata/excel/character_table.json,0ef7f952dfd018392200157a5c79a6511ba69122,2026-09-11T22:16:48+00:00,False
char_1034_jesca2,涤火杰西卡,Jessica the Liberated,TANK,shotprotector,TIER_6,columbia,blacksteel,,community_maintained_game_metadata,https://raw.githubusercontent.com/Kengxxiao/ArknightsGameData/0ef7f952dfd018392200157a5c79a6511ba69122/zh_CN/gamedata/excel/character_table.json,0ef7f952dfd018392200157a5c79a6511ba69122,2026-09-11T22:16:48+00:00,False
char_4194_rmixer,信仰搅拌机,Sankta Miksaparato,TANK,shotprotector,TIER_6,laterano,,,community_maintained_game_metadata,https://raw.githubusercontent.com/Kengxxiao/ArknightsGameData/0ef7f952dfd018392200157a5c79a6511ba69122/zh_CN/gamedata/excel/character_table.json,0ef7f952dfd018392200157a5c79a6511ba69122,2026-09-11T22:16:48+00:00,False
char_4230_mcnist,机械师,Mechanist,TANK,shotprotector,TIER_6,rhodes,elite,,community_maintained_game_metadata,https://raw.githubusercontent.com/Kengxxiao/ArknightsGameData/0ef7f952dfd018392200157a5c79a6511ba69122/zh_CN/gamedata/excel/character_table.json,0ef7f952dfd018392200157a5c79a6511ba69122,2026-09-11T22:16:48+00:00,False
char_2026_yu,余,Yu,TANK,primprotector,TIER_6,yan,sui,,community_maintained_game_metadata,https://raw.githubusercontent.com/Kengxxiao/ArknightsGameData/0ef7f952dfd018392200157a5c79a6511ba69122/zh_CN/gamedata/excel/character_table.json,0ef7f952dfd018392200157a5c79a6511ba69122,2026-09-11T22:16:48+00:00,False
char_4235_thumpy,珊比,Thumpy,TANK,primprotector,TIER_6,rim,,,community_maintained_game_metadata,https://raw.githubusercontent.com/Kengxxiao/ArknightsGameData/0ef7f952dfd018392200157a5c79a6511ba69122/zh_CN/gamedata/excel/character_table.json,0ef7f952dfd018392200157a5c79a6511ba69122,2026-09-11T22:16:48+00:00,False
char_1044_hsgma2,斩业星熊,Hoshiguma the Breacher,TANK,artsprotector,TIER_6,lungmen,lgd,,community_maintained_game_metadata,https://raw.githubusercontent.com/Kengxxiao/ArknightsGameData/0ef7f952dfd018392200157a5c79a6511ba69122/zh_CN/gamedata/excel/character_table.json,0ef7f952dfd018392200157a5c79a6511ba69122,2026-09-11T22:16:48+00:00,False
char_264_f12yin,山,Mountain,WARRIOR,fighter,TIER_6,columbia,,,community_maintained_game_metadata,https://raw.githubusercontent.com/Kengxxiao/ArknightsGameData/0ef7f952dfd018392200157a5c79a6511ba69122/zh_CN/gamedata/excel/character_table.json,0ef7f952dfd018392200157a5c79a6511ba69122,2026-09-11T22:16:48+00:00,False
char_2024_chyue,重岳,Chongyue,WARRIOR,fighter,TIER_6,yan,sui,,community_maintained_game_metadata,https://raw.githubusercontent.com/Kengxxiao/ArknightsGameData/0ef7f952dfd018392200157a5c79a6511ba69122/zh_CN/gamedata/excel/character_table.json,0ef7f952dfd018392200157a5c79a6511ba69122,2026-09-11T22:16:48+00:00,False
char_4037_demetr,贝洛内,Bellone,WARRIOR,fighter,TIER_6,siracusa,,,community_maintained_game_metadata,https://raw.githubusercontent.com/Kengxxiao/ArknightsGameData/0ef7f952dfd018392200157a5c79a6511ba69122/zh_CN/gamedata/excel/character_table.json,0ef7f952dfd018392200157a5c79a6511ba69122,2026-09-11T22:16:48+00:00,False
char_172_svrash,银灰,SilverAsh,WARRIOR,lord,TIER_6,kjerag,karlan,,community_maintained_game_metadata,https://raw.githubusercontent.com/Kengxxiao/ArknightsGameData/0ef7f952dfd018392200157a5c79a6511ba69122/zh_CN/gamedata/excel/character_table.json,0ef7f952dfd018392200157a5c79a6511ba69122,2026-09-11T22:16:48+00:00,False
char_293_thorns,棘刺,Thorns,WARRIOR,lord,TIER_6,iberia,,,community_maintained_game_metadata,https://raw.githubusercontent.com/Kengxxiao/ArknightsGameData/0ef7f952dfd018392200157a5c79a6511ba69122/zh_CN/gamedata/excel/character_table.json,0ef7f952dfd018392200157a5c79a6511ba69122,2026-09-11T22:16:48+00:00,False
char_4082_qiubai,仇白,Qiubai,WARRIOR,lord,TIER_6,yan,,,community_maintained_game_metadata,https://raw.githubusercontent.com/Kengxxiao/ArknightsGameData/0ef7f952dfd018392200157a5c79a6511ba69122/zh_CN/gamedata/excel/character_table.json,0ef7f952dfd018392200157a5c79a6511ba69122,2026-09-11T22:16:48+00:00,False
char_4182_oblvns,丰川祥子,Togawa Sakiko,WARRIOR,lord,TIER_6,,,mujica,community_maintained_game_metadata,https://raw.githubusercontent.com/Kengxxiao/ArknightsGameData/0ef7f952dfd018392200157a5c79a6511ba69122/zh_CN/gamedata/excel/character_table.json,0ef7f952dfd018392200157a5c79a6511ba69122,2026-09-11T22:16:48+00:00,False
char_4088_hodrer,赫德雷,Hoederer,WARRIOR,crusher,TIER_6,,babel,,community_maintained_game_metadata,https://raw.githubusercontent.com/Kengxxiao/ArknightsGameData/0ef7f952dfd018392200157a5c79a6511ba69122/zh_CN/gamedata/excel/character_table.json,0ef7f952dfd018392200157a5c79a6511ba69122,2026-09-11T22:16:48+00:00,False
char_4145_ulpia,乌尔比安,Ulpianus,WARRIOR,crusher,TIER_6,egir,abyssal,,community_maintained_game_metadata,https://raw.githubusercontent.com/Kengxxiao/ArknightsGameData/0ef7f952dfd018392200157a5c79a6511ba69122/zh_CN/gamedata/excel/character_table.json,0ef7f952dfd018392200157a5c79a6511ba69122,2026-09-11T22:16:48+00:00,False
char_4058_pepe,佩佩,Pepe,WARRIOR,hammer,TIER_6,sargon,,,community_maintained_game_metadata,https://raw.githubusercontent.com/Kengxxiao/ArknightsGameData/0ef7f952dfd018392200157a5c79a6511ba69122/zh_CN/gamedata/excel/character_table.json,0ef7f952dfd018392200157a5c79a6511ba69122,2026-09-11T22:16:48+00:00,False
char_1051_headb2,怒潮凛冬,Zima the Raging Tide,WARRIOR,hammer,TIER_6,ursus,,student,community_maintained_game_metadata,https://raw.githubusercontent.com/Kengxxiao/ArknightsGameData/0ef7f952dfd018392200157a5c79a6511ba69122/zh_CN/gamedata/excel/character_table.json,0ef7f952dfd018392200157a5c79a6511ba69122,2026-09-11T22:16:48+00:00,False
char_010_chen,陈,Ch'en,WARRIOR,sword,TIER_6,lungmen,lgd,,community_maintained_game_metadata,https://raw.githubusercontent.com/Kengxxiao/ArknightsGameData/0ef7f952dfd018392200157a5c79a6511ba69122/zh_CN/gamedata/excel/character_table.json,0ef7f952dfd018392200157a5c79a6511ba69122,2026-09-11T22:16:48+00:00,False
char_4009_irene,艾丽妮,Irene,WARRIOR,sword,TIER_6,iberia,,,community_maintained_game_metadata,https://raw.githubusercontent.com/Kengxxiao/ArknightsGameData/0ef7f952dfd018392200157a5c79a6511ba69122/zh_CN/gamedata/excel/character_table.json,0ef7f952dfd018392200157a5c79a6511ba69122,2026-09-11T22:16:48+00:00,False
char_4116_blkkgt,锏,Degenbrecher,WARRIOR,sword,TIER_6,kjerag,karlan,,community_maintained_game_metadata,https://raw.githubusercontent.com/Kengxxiao/ArknightsGameData/0ef7f952dfd018392200157a5c79a6511ba69122/zh_CN/gamedata/excel/character_table.json,0ef7f952dfd018392200157a5c79a6511ba69122,2026-09-11T22:16:48+00:00,False
char_017_huang,煌,Blaze,WARRIOR,centurion,TIER_6,rhodes,elite,,community_maintained_game_metadata,https://raw.githubusercontent.com/Kengxxiao/ArknightsGameData/0ef7f952dfd018392200157a5c79a6511ba69122/zh_CN/gamedata/excel/character_table.json,0ef7f952dfd018392200157a5c79a6511ba69122,2026-09-11T22:16:48+00:00,False
char_1026_gvial2,百炼嘉维尔,Gavial the Invincible,WARRIOR,centurion,TIER_6,rhodes,,,community_maintained_game_metadata,https://raw.githubusercontent.com/Kengxxiao/ArknightsGameData/0ef7f952dfd018392200157a5c79a6511ba69122/zh_CN/gamedata/excel/character_table.json,0ef7f952dfd018392200157a5c79a6511ba69122,2026-09-11T22:16:48+00:00,False
char_350_surtr,史尔特尔,Surtr,WARRIOR,artsfghter,TIER_6,rhodes,,,community_maintained_game_metadata,https://raw.githubusercontent.com/Kengxxiao/ArknightsGameData/0ef7f952dfd018392200157a5c79a6511ba69122/zh_CN/gamedata/excel/character_table.json,0ef7f952dfd018392200157a5c79a6511ba69122,2026-09-11T22:16:48+00:00,False
char_4098_vvana,薇薇安娜,Viviana,WARRIOR,artsfghter,TIER_6,leithanien,,,community_maintained_game_metadata,https://raw.githubusercontent.com/Kengxxiao/ArknightsGameData/0ef7f952dfd018392200157a5c79a6511ba69122/zh_CN/gamedata/excel/character_table.json,0ef7f952dfd018392200157a5c79a6511ba69122,2026-09-11T22:16:48+00:00,False
char_1019_siege2,维娜·维多利亚,Vina Victoria,WARRIOR,artsfghter,TIER_6,victoria,,,community_maintained_game_metadata,https://raw.githubusercontent.com/Kengxxiao/ArknightsGameData/0ef7f952dfd018392200157a5c79a6511ba69122/zh_CN/gamedata/excel/character_table.json,0ef7f952dfd018392200157a5c79a6511ba69122,2026-09-11T22:16:48+00:00,False
char_1050_chen3,赤刃明霄陈,Ch'en the Dawnstreak,WARRIOR,artsfghter,TIER_6,yan,,,community_maintained_game_metadata,https://raw.githubusercontent.com/Kengxxiao/ArknightsGameData/0ef7f952dfd018392200157a5c79a6511ba69122/zh_CN/gamedata/excel/character_table.json,0ef7f952dfd018392200157a5c79a6511ba69122,2026-09-11T22:16:48+00:00,False
char_188_helage,赫拉格,Hellagur,WARRIOR,musha,TIER_6,ursus,,,community_maintained_game_metadata,https://raw.githubusercontent.com/Kengxxiao/ArknightsGameData/0ef7f952dfd018392200157a5c79a6511ba69122/zh_CN/gamedata/excel/character_table.json,0ef7f952dfd018392200157a5c79a6511ba69122,2026-09-11T22:16:48+00:00,False
char_4121_zuole,左乐,Zuo Le,WARRIOR,musha,TIER_6,yan,,,community_maintained_game_metadata,https://raw.githubusercontent.com/Kengxxiao/ArknightsGameData/0ef7f952dfd018392200157a5c79a6511ba69122/zh_CN/gamedata/excel/character_table.json,0ef7f952dfd018392200157a5c79a6511ba69122,2026-09-11T22:16:48+00:00,False
char_485_pallas,帕拉斯,Pallas,WARRIOR,instructor,TIER_6,minos,,,community_maintained_game_metadata,https://raw.githubusercontent.com/Kengxxiao/ArknightsGameData/0ef7f952dfd018392200157a5c79a6511ba69122/zh_CN/gamedata/excel/character_table.json,0ef7f952dfd018392200157a5c79a6511ba69122,2026-09-11T22:16:48+00:00,False
char_1014_nearl2,耀骑士临光,Nearl the Radiant Knight,WARRIOR,fearless,TIER_6,kazimierz,,,community_maintained_game_metadata,https://raw.githubusercontent.com/Kengxxiao/ArknightsGameData/0ef7f952dfd018392200157a5c79a6511ba69122/zh_CN/gamedata/excel/character_table.json,0ef7f952dfd018392200157a5c79a6511ba69122,2026-09-11T22:16:48+00:00,False
char_4011_lessng,止颂,Lessing,WARRIOR,fearless,TIER_6,leithanien,,,community_maintained_game_metadata,https://raw.githubusercontent.com/Kengxxiao/ArknightsGameData/0ef7f952dfd018392200157a5c79a6511ba69122/zh_CN/gamedata/excel/character_table.json,0ef7f952dfd018392200157a5c79a6511ba69122,2026-09-11T22:16:48+00:00,False
char_1032_excu2,圣约送葬人,Executor the Ex Foedere,WARRIOR,reaper,TIER_6,laterano,,,community_maintained_game_metadata,https://raw.githubusercontent.com/Kengxxiao/ArknightsGameData/0ef7f952dfd018392200157a5c79a6511ba69122/zh_CN/gamedata/excel/character_table.json,0ef7f952dfd018392200157a5c79a6511ba69122,2026-09-11T22:16:48+00:00,False
char_4010_etlchi,隐德来希,Entelechia,WARRIOR,reaper,TIER_6,rhodes,,,community_maintained_game_metadata,https://raw.githubusercontent.com/Kengxxiao/ArknightsGameData/0ef7f952dfd018392200157a5c79a6511ba69122/zh_CN/gamedata/excel/character_table.json,0ef7f952dfd018392200157a5c79a6511ba69122,2026-09-11T22:16:48+00:00,False
char_4064_mlynar,玛恩纳,Młynar,WARRIOR,librator,TIER_6,kazimierz,,,community_maintained_game_metadata,https://raw.githubusercontent.com/Kengxxiao/ArknightsGameData/0ef7f952dfd018392200157a5c79a6511ba69122/zh_CN/gamedata/excel/character_table.json,0ef7f952dfd018392200157a5c79a6511ba69122,2026-09-11T22:16:48+00:00,False
char_1043_leizi2,司霆惊蛰,Leizi the Thunderbringer,WARRIOR,librator,TIER_6,yan,,,community_maintained_game_metadata,https://raw.githubusercontent.com/Kengxxiao/ArknightsGameData/0ef7f952dfd018392200157a5c79a6511ba69122/zh_CN/gamedata/excel/character_table.json,0ef7f952dfd018392200157a5c79a6511ba69122,2026-09-11T22:16:48+00:00,False
char_4214_cairn,响石,Cairn,TANK,primprotector,TIER_5,columbia,,,community_maintained_game_metadata,https://raw.githubusercontent.com/Kengxxiao/ArknightsGameData/0ef7f952dfd018392200157a5c79a6511ba69122/zh_CN/gamedata/excel/character_table.json,0ef7f952dfd018392200157a5c79a6511ba69122,2026-09-11T22:16:48+00:00,False
char_230_savage,暴行,Savage,WARRIOR,centurion,TIER_5,rim,,,community_maintained_game_metadata,https://raw.githubusercontent.com/Kengxxiao/ArknightsGameData/0ef7f952dfd018392200157a5c79a6511ba69122/zh_CN/gamedata/excel/character_table.json,0ef7f952dfd018392200157a5c79a6511ba69122,2026-09-11T22:16:48+00:00,False
char_282_catap,空爆,Catapult,SNIPER,aoesniper,TIER_3,rhodes,,reserve6,community_maintained_game_metadata,https://raw.githubusercontent.com/Kengxxiao/ArknightsGameData/0ef7f952dfd018392200157a5c79a6511ba69122/zh_CN/gamedata/excel/character_table.json,0ef7f952dfd018392200157a5c79a6511ba69122,2026-09-11T22:16:48+00:00,False
char_283_midn,月见夜,Midnight,WARRIOR,lord,TIER_3,rhodes,,reserve6,community_maintained_game_metadata,https://raw.githubusercontent.com/Kengxxiao/ArknightsGameData/0ef7f952dfd018392200157a5c79a6511ba69122/zh_CN/gamedata/excel/character_table.json,0ef7f952dfd018392200157a5c79a6511ba69122,2026-09-11T22:16:48+00:00,False
char_137_brownb,猎蜂,Beehunter,WARRIOR,fighter,TIER_4,ursus,,,community_maintained_game_metadata,https://raw.githubusercontent.com/Kengxxiao/ArknightsGameData/0ef7f952dfd018392200157a5c79a6511ba69122/zh_CN/gamedata/excel/character_table.json,0ef7f952dfd018392200157a5c79a6511ba69122,2026-09-11T22:16:48+00:00,False
char_347_jaksel,杰克,Jackie,WARRIOR,fighter,TIER_4,columbia,,,community_maintained_game_metadata,https://raw.githubusercontent.com/Kengxxiao/ArknightsGameData/0ef7f952dfd018392200157a5c79a6511ba69122/zh_CN/gamedata/excel/character_table.json,0ef7f952dfd018392200157a5c79a6511ba69122,2026-09-11T22:16:48+00:00,False
char_164_nightm,夜魔,Nightmare,CASTER,corecaster,TIER_5,victoria,,,community_maintained_game_metadata,https://raw.githubusercontent.com/Kengxxiao/ArknightsGameData/0ef7f952dfd018392200157a5c79a6511ba69122/zh_CN/gamedata/excel/character_table.json,0ef7f952dfd018392200157a5c79a6511ba69122,2026-09-11T22:16:48+00:00,False
char_220_grani,格拉尼,Grani,PIONEER,charger,TIER_5,victoria,,,community_maintained_game_metadata,https://raw.githubusercontent.com/Kengxxiao/ArknightsGameData/0ef7f952dfd018392200157a5c79a6511ba69122/zh_CN/gamedata/excel/character_table.json,0ef7f952dfd018392200157a5c79a6511ba69122,2026-09-11T22:16:48+00:00,False
char_263_skadi,斯卡蒂,Skadi,WARRIOR,fearless,TIER_6,egir,abyssal,,community_maintained_game_metadata,https://raw.githubusercontent.com/Kengxxiao/ArknightsGameData/0ef7f952dfd018392200157a5c79a6511ba69122/zh_CN/gamedata/excel/character_table.json,0ef7f952dfd018392200157a5c79a6511ba69122,2026-09-11T22:16:48+00:00,False
