item_id,title,posted_at,viewed,liked,collected,reposted,commented,source_url,is_simulated,observed_at,scope,matched_queries,query_kinds
2770143,六星干员速评【Mon3tr】——超越榴莲针的攻速拐，5w真伤7k血上限的医疗干员,2025-04-07T07:51:55+00:00,10566,159,52,0,133,https://www.skland.com/article?id=2770143,False,,,,
2803692,【明日方舟】稳定真伤，强攻速拐！更强大的M3 | 技能专精推荐#8·Mon3tr,2025-04-20T09:06:01+00:00,2564,92,13,0,6,https://www.skland.com/article?id=2803692,False,,,,
3191882,新人练干员二三事：抽到Mon3tr该不该练？,2025-09-03T09:40:22+00:00,1095,35,0,0,19,https://www.skland.com/article?id=3191882,False,,,,
2774908,Mon3tr强度评测食用指南，罗德岛医疗部惊现三体人,2025-04-07T17:22:28+00:00,753,18,3,0,0,https://www.skland.com/article?id=2774908,False,,,,
2769928,【离解复合】Mon3tr实装数据简评 全能三体人！肉鸽新神已至！,2025-04-07T06:14:01+00:00,9064,84,21,0,24,https://www.skland.com/article?id=2769928,False,,,,
2803861,M3，移动！Mon3tr和乌尔比安三技能的移动到底有什么样的机制？,2025-04-20T10:56:08+00:00,296,8,2,0,0,https://www.skland.com/article?id=2803861,False,,,,
2773644,【干员速评】#26Mon3tr——链愈师,2025-04-07T14:19:31+00:00,651,30,5,0,3,https://www.skland.com/article?id=2773644,False,,,,
2793891,【三分钟测评+·Mon3tr】攒给周年庆的石头要逃走了！！！,2025-04-15T03:27:31+00:00,2667,40,16,0,1,https://www.skland.com/article?id=2793891,False,,,,
2771895,Mon3tr初步体验，强者气息铺面而来【离解复合】,2025-04-07T10:45:57+00:00,395,47,2,0,0,https://www.skland.com/article?id=2771895,False,,,,
3507955,【2025.12】模组升级-综合推荐（娜斯提、Mon3tr、莱伊）,2025-12-07T06:55:04+00:00,5154,87,23,0,4,https://www.skland.com/article?id=3507955,False,2026-09-11T22:17:58+00:00,strategy_public_search_top20,"[""莱伊""]",operator
2773298,凯尔希完美替代？「离解复合」版本干员基建技能解析（Mon3tr、阿兰娜、骋风）,2025-04-07T13:32:56+00:00,413,5,6,0,2,https://www.skland.com/article?id=2773298,False,,,,
2772761,【角色初体验】Mon3tr初步体验——自洽的设计！,2025-04-07T12:28:32+00:00,212,12,0,0,1,https://www.skland.com/article?id=2772761,False,,,,
3302305,塑心＆Mon3tr VS H16-3，谁能在谁的帮助下通过这关,2025-10-22T20:20:22+00:00,245,35,5,0,2,https://www.skland.com/article?id=3302305,False,,,,
6048733,6星予愿安洁莉娜数值分析，17万伤害新神已至，70对空庇护-直到大地变成一颗酸橙,2026-07-27T23:15:09+00:00,6612,165,16,0,177,https://www.skland.com/article?id=6048733,False,,,,
6077319,予愿安洁莉娜实装简评 会飞天的物理斩业星熊【直到大地变成一颗酸橙】,2026-08-01T08:32:37+00:00,311,12,2,0,2,https://www.skland.com/article?id=6077319,False,,,,
6197220,【方舟实战论143】这就是元老的归来！机制强大，安洁还在向上！丨予愿安洁莉娜,2026-08-12T04:15:28+00:00,240,23,0,0,2,https://www.skland.com/article?id=6197220,False,,,,
6072614,干员测评【予愿安洁莉娜】-全技能落地秒开，18w总伤飞天大C,2026-08-01T03:35:57+00:00,9697,445,102,0,128,https://www.skland.com/article?id=6072614,False,,,,
6077053,天空属于予愿安洁莉娜！空中大运来了！骗你的地面也给你创飞！,2026-08-01T07:59:46+00:00,3445,617,51,0,30,https://www.skland.com/article?id=6077053,False,,,,
1432859,【令】一人可抵千军万马，但代价呢？四千字揭秘令姐真实强度！,2023-12-22T14:08:55+00:00,3265,148,22,0,43,https://www.skland.com/article?id=1432859,False,,,,
3245163,【次生预案】前哨支点通关思路-机动密令干员核心（RM-4更新）,2025-09-26T02:53:33+00:00,9829,150,113,0,17,https://www.skland.com/article?id=3245163,False,,,,
3190180,【令】悖论模拟攻略,2025-09-02T11:11:16+00:00,23,7,1,0,0,https://www.skland.com/article?id=3190180,False,,,,
1487886,六星干员攻略（伊芙利特）,2024-01-19T14:09:15+00:00,2825,43,9,0,12,https://www.skland.com/article?id=1487886,False,,,,
134597,【走近干员#3】伊芙利特——战斗篇,2023-09-07T14:34:50+00:00,1675,41,5,0,4,https://www.skland.com/article?id=134597,False,,,,
1987941,伊芙利特（小火龙）德尔塔（灼燃损伤）模组测评,2024-06-06T22:09:07+00:00,683,9,0,0,1,https://www.skland.com/article?id=1987941,False,,,,
2398561,卫戍协议强力万金油干员推荐（伊芙利特）,2024-11-17T04:25:27+00:00,4658,96,17,0,55,https://www.skland.com/article?id=2398561,False,,,,
2047166,国服7.11&日服7.16中坚池预测——伊芙利特与艾雅法拉的中坚小组作业,2024-07-06T13:53:45+00:00,268,82,0,0,3,https://www.skland.com/article?id=2047166,False,,,,
2810729,【明日方舟】5.15联合行动预测——伊芙利特的轮换池作业,2025-04-24T00:53:23+00:00,4131,230,7,0,7,https://www.skland.com/article?id=2810729,False,,,,
3233140,【攻略补全计划】伊芙利特—悖论模拟,2025-09-20T13:45:53+00:00,26,5,0,0,0,https://www.skland.com/article?id=3233140,False,,,,
3188471,【伊芙利特】悖论模拟攻略,2025-09-01T14:56:00+00:00,13,3,0,0,0,https://www.skland.com/article?id=3188471,False,,,,
2569713,六星干员速评【余】——血量过万伤害7万，攻防一体的恐怖厨子,2025-01-22T08:29:15+00:00,3793,186,11,0,12,https://www.skland.com/article?id=2569713,False,,,,
2132484,六星干员攻略（佩佩）,2024-08-01T11:19:52+00:00,3146,47,10,0,15,https://www.skland.com/article?id=2132484,False,,,,
2174567,【实用性测评#17】首位六星撼地者佩佩测评,2024-08-12T07:17:14+00:00,1504,34,4,0,3,https://www.skland.com/article?id=2174567,False,,,,
2145817,【嬷嬷方舟测评】掺猫冰了！佩佩专九实战测评！,2024-08-03T12:02:20+00:00,607,35,3,0,9,https://www.skland.com/article?id=2145817,False,,,,
2596781,【2025.01】模组升级-综合推荐（佩佩、林、左乐、重岳、夕、森蚺）,2025-01-24T02:23:41+00:00,7141,186,85,0,14,https://www.skland.com/article?id=2596781,False,,,,
2144563,【菲林干员攻略#9】终于落地的菲林十万大C！——佩佩篇,2024-08-03T05:57:23+00:00,682,23,2,0,1,https://www.skland.com/article?id=2144563,False,,,,
2135891,佩佩~强度评测~食用指南~一个可爱到EP音乐洗脑的角色,2024-08-01T16:15:39+00:00,475,14,1,0,2,https://www.skland.com/article?id=2135891,False,,,,
2132053,夏活新干员基建技能解析（佩佩、娜仁图亚、衡沙、莎草）,2024-08-01T10:52:21+00:00,928,25,2,0,6,https://www.skland.com/article?id=2132053,False,2026-09-11T22:17:59+00:00,strategy_public_search_top20,"[""娜仁图亚""]",operator
2141703,特别独占订单？佩佩牌虚空印钞？夏活新干员基建技能解析！,2024-08-02T14:26:15+00:00,3367,144,2,0,21,https://www.skland.com/article?id=2141703,False,,,,
2131832,【入职测试】佩佩精二满级技能7实战测试,2024-08-01T10:39:52+00:00,486,20,0,0,4,https://www.skland.com/article?id=2131832,False,,,,
2131402,佩佩vs方舟全BOSS，挑战全网最速,2024-08-01T10:19:23+00:00,1241,104,7,0,24,https://www.skland.com/article?id=2131402,False,,,,
2681207,【菲林干员攻略#9】见过5秒cd8万总伤的小技能吗？——模组佩佩篇,2025-02-22T13:32:11+00:00,545,16,1,0,6,https://www.skland.com/article?id=2681207,False,,,,
3116728,【2025.08】模组升级-综合推荐（遥、水陈、妮芙、烛煌、琳琅诗怀雅、佩佩,2025-08-09T09:07:28+00:00,4812,86,22,0,4,https://www.skland.com/article?id=3116728,False,2026-09-11T22:18:40+00:00,strategy_public_search_top20,"[""妮芙"", ""烛煌""]",operator
2116684,无氪/大小月卡玩家到夏活卡池结束有多少抽？佩佩实装，迷宫饭联动临近,2024-07-29T10:00:05+00:00,663,45,2,0,0,https://www.skland.com/article?id=2116684,False,,,,
2130159,佩佩实战测试！控制与输出兼具的新时代近卫！,2024-08-01T09:28:29+00:00,783,74,2,0,18,https://www.skland.com/article?id=2130159,False,,,,
2127235,六星干员速评【佩佩】——埃及猫娘佩佩！能晕能打还可爱！,2024-08-01T08:00:59+00:00,3692,70,8,0,7,https://www.skland.com/article?id=2127235,False,,,,
2128005,【太阳甩在身后】佩佩简评 一锤子6000+dph的可爱猫猫,2024-08-01T08:19:47+00:00,768,17,0,0,6,https://www.skland.com/article?id=2128005,False,,,,
2127876,【太阳甩在身后】限定六星干员佩佩简评,2024-08-01T08:16:56+00:00,1471,62,1,0,7,https://www.skland.com/article?id=2127876,False,,,,
2127281,【干员速评】#16佩佩——撼地者,2024-08-01T08:03:22+00:00,849,30,1,0,1,https://www.skland.com/article?id=2127281,False,,,,
2154515,【宝石铭刻】佩佩，对它使用红色形态吧（目光呆滞7、8课无脑通关思路）,2024-08-05T16:33:31+00:00,222,10,3,0,2,https://www.skland.com/article?id=2154515,False,,,,
3487316,【佩佩分队限定】纯血萨尔贡跳本搜神的前期运营细节(2025.11.29),2025-11-29T12:22:51+00:00,4196,86,62,0,20,https://www.skland.com/article?id=3487316,False,,,,
2672827,SE-6 参演百嘉：圣葬，忍冬，佩佩,2025-02-17T08:02:24+00:00,38,30,0,0,0,https://www.skland.com/article?id=2672827,False,2026-09-11T22:18:08+00:00,strategy_public_search_top20,"[""忍冬""]",operator
2362093,【揭幕者们】PV-6佩佩单核低配平民攻略,2024-11-02T09:27:52+00:00,47,15,2,0,0,https://www.skland.com/article?id=2362093,False,,,,
2149122,现在是佩佩Time！——佩佩突袭CB-EX-8,2024-08-04T09:04:09+00:00,132,25,0,0,1,https://www.skland.com/article?id=2149122,False,,,,
3369764,【雪山降临1101】凛御银灰简评 13w6总伤/单人最高回费效率,2025-11-01T08:53:18+00:00,1870,72,9,0,4,https://www.skland.com/article?id=3369764,False,,,,
3360857,一图流测评【凛御银灰】——首个决战技先锋，多功能高速展开,2025-11-01T02:00:26+00:00,17846,196,71,0,119,https://www.skland.com/article?id=3360857,False,,,,
3394015,凛御银灰-养成攻略食用指南,2025-11-05T06:03:38+00:00,588,8,0,0,2,https://www.skland.com/article?id=3394015,False,,,,
3422534,【方舟实战论131】新神降临，先锋如何做到变革时代丨凛御银灰,2025-11-13T09:40:18+00:00,607,53,5,0,3,https://www.skland.com/article?id=3422534,False,,,,
3395115,凛御银灰组合搭配指南,2025-11-05T12:31:33+00:00,24477,1111,432,0,165,https://www.skland.com/article?id=3395115,False,,,,
3321280,一图流前瞻【凛御银灰】——首个决战技先锋，纸面回费效率1.5桃,2025-10-27T08:29:15+00:00,10732,325,30,0,311,https://www.skland.com/article?id=3321280,False,,,,
3368947,叹为观止的操作！凛御银灰！史上最强手法干员！,2025-11-01T07:55:42+00:00,2668,330,21,0,26,https://www.skland.com/article?id=3368947,False,,,,
3566668,【菲林干员攻略#13】泰拉最常见的种族在6.5周年才迎来先锋？——凛御银灰篇,2026-01-06T17:47:50+00:00,269,9,1,0,0,https://www.skland.com/article?id=3566668,False,,,,
3394189,「雪山降临1101」基建解析（凛御银灰、圣聆初雪、溯光星源、雪猎、哈蒂娅、协律）,2025-11-05T07:14:36+00:00,305,9,1,0,0,https://www.skland.com/article?id=3394189,False,2026-09-11T22:18:46+00:00,strategy_public_search_top20,"[""圣聆初雪"", ""溯光星源""]",operator
3402120,【凛御银灰·深度测评】帝王归来！减费机制能否撼动费用大厦？,2025-11-07T12:05:57+00:00,179,12,0,0,0,https://www.skland.com/article?id=3402120,False,,,,
3316876,【前瞻】凛御银灰3技能日常爆费的可行性,2025-10-26T07:29:54+00:00,1232,33,12,0,9,https://www.skland.com/article?id=3316876,False,,,,
3405700,凛御银灰仅需1.9秒即可带队秒杀EX新图？！,2025-11-08T12:10:18+00:00,3727,451,39,0,43,https://www.skland.com/article?id=3405700,False,,,,
3541960,EP-8 3人118秒 理论最速刷研磨石（凛御银灰+傀影+乌尔比安解）,2025-12-24T04:19:10+00:00,48,4,0,0,0,https://www.skland.com/article?id=3541960,False,,,,
1354093,【模组简评】凯尔希,2023-11-20T14:30:18+00:00,6057,203,36,0,30,https://www.skland.com/article?id=1354093,False,,,,
5819651,凯尔希思衡托真奶强者/肉鸽新神/群疗天花板,2026-05-02T15:16:17+00:00,1403,49,21,0,1,https://www.skland.com/article?id=5819651,False,,,,
2146014,【2024.08】模组升级-综合推荐（纯烬艾雅法拉、夜莺、凯尔希、傀影）,2024-08-03T13:01:15+00:00,7135,149,123,0,8,https://www.skland.com/article?id=2146014,False,,,,
2117404,【萨卡兹肉鸽N15】三层Boss及异格版无藏少人攻略：凯尔希篇,2024-07-29T13:02:32+00:00,708,56,3,0,4,https://www.skland.com/article?id=2117404,False,,,,
3089837,1.5倍的凯尔希？顶配排班又更新了！「墟」版本基建解析（斩业星熊、遥、吉星、松桐,2025-08-02T10:36:16+00:00,1667,134,19,0,3,https://www.skland.com/article?id=3089837,False,,,,
3088306,1.5倍的凯尔希？顶配排班又更新了！「墟」版本基建解析,2025-08-02T09:07:45+00:00,6270,107,106,0,9,https://www.skland.com/article?id=3088306,False,,,,
5854651,【方舟实战论139】高高在上！最强机制？这就是凯尔希归来的实力！,2026-05-14T13:57:31+00:00,338,44,1,0,2,https://www.skland.com/article?id=5854651,False,,,,
2366961,PV-9 刺球94秒 无限定精二1级速刷蚀刻章 玛恩纳+凯尔希+锏 （揭幕者们）,2024-11-03T14:54:51+00:00,242,16,1,0,1,https://www.skland.com/article?id=2366961,False,,,,
3232540,凯尔希女仆装!次生预案玩法推测，M3，lgs，阿斯卡伦定向卡池，签到奖励一览,2025-09-20T08:53:27+00:00,4300,86,9,0,17,https://www.skland.com/article?id=3232540,False,,,,
5809505,明日方舟异格凯尔希｜思衡托 省流完整测评✨,2026-05-01T06:12:33+00:00,1072,29,7,0,3,https://www.skland.com/article?id=5809505,False,,,,
2793869,【首杀双人磨难15-20】凯尔希：这是我的复仇！,2025-04-15T03:11:39+00:00,166,14,3,0,0,https://www.skland.com/article?id=2793869,False,,,,
2923303,【矢量突破#1无机物】仇白凯尔希双人驻守VEC-SP16 简单好抄高容错,2025-05-25T03:48:47+00:00,105,12,1,0,0,https://www.skland.com/article?id=2923303,False,,,,
2015634,凯尔希双标现场？由深海猎人与内卫的差异解析邪魔与海嗣问题的本质差异,2024-06-20T06:04:33+00:00,2320,185,33,0,79,https://www.skland.com/article?id=2015634,False,,,,
5812231,【异格凯尔希】一些你可能不知道的小技巧&小知识,2026-05-01T10:50:53+00:00,24550,750,53,0,129,https://www.skland.com/article?id=5812231,False,,,,
5808131,无限火力+真伤大炮！凯尔希思衡托逆天机制实战演示,2026-05-01T04:59:32+00:00,3624,194,21,0,15,https://www.skland.com/article?id=5808131,False,,,,
5789656,7周年前瞻分析和福利总结，超大杯凯尔希，生息演算2期，危机合约，足球，新肉鸽,2026-04-25T17:20:58+00:00,1635,177,5,0,16,https://www.skland.com/article?id=5789656,False,,,,
5606375,【矢量突破#2巫术之夜】VEC-SP07凯尔希单核驻守,2026-02-27T21:08:11+00:00,60,5,0,0,0,https://www.skland.com/article?id=5606375,False,,,,
3169079,【凯尔希】悖论模拟攻略,2025-08-27T10:13:07+00:00,94,8,0,0,1,https://www.skland.com/article?id=3169079,False,,,,
3093439,凯尔希基建退役！斩业星熊&25年夏活基建技能解析,2025-08-02T17:38:05+00:00,7428,475,48,0,13,https://www.skland.com/article?id=3093439,False,,,,
5813438,可汗一图流——凯尔希·思衡托,2026-05-01T13:26:43+00:00,1451,152,10,0,9,https://www.skland.com/article?id=5813438,False,,,,
5818800,【凯尔希·思衡托】干员升级/技能材料概览,2026-05-02T12:07:07+00:00,2565,364,12,0,42,https://www.skland.com/article?id=5818800,False,,,,
5813045,「凯尔希·思衡托」玩法推荐-新爆裂猁明,2026-05-01T12:37:29+00:00,23898,817,240,0,113,https://www.skland.com/article?id=5813045,False,,,,
5805425,一图流评测【凯尔希·思衡托】——永久飞行的空中重装！5w真伤能打能奶的新时代医疗,2026-05-01T01:12:34+00:00,3665,171,8,0,34,https://www.skland.com/article?id=5805425,False,,,,
5807471,【相变临界】凯尔希·思衡托实装简评 超越时代的功能性,2026-05-01T04:36:26+00:00,2030,56,10,0,11,https://www.skland.com/article?id=5807471,False,,,,
5788020,【7周年直播】直播回顾~新干员：凯尔希·思衡托！可露希尔！,2026-04-25T14:14:55+00:00,43918,932,150,0,511,https://www.skland.com/article?id=5788020,False,2026-09-11T22:18:16+00:00,strategy_public_search_top20,"[""可露希尔""]",operator
5822310,【相变临界】17-13 并非独行 圣聆初雪，凯尔希·思衡托 双核,2026-05-03T07:38:38+00:00,55,6,0,0,0,https://www.skland.com/article?id=5822310,False,2026-09-11T22:18:30+00:00,strategy_public_search_top20,"[""圣聆初雪""]",operator
35612,六星干员攻略（史尔特尔）,2023-08-04T17:33:39+00:00,7752,53,20,0,14,https://www.skland.com/article?id=35612,False,,,,
2456678,【2024.12】模组升级-综合推荐（史尔特尔、维娜、薇薇安娜、能天使）,2024-12-17T01:41:40+00:00,6710,165,115,0,11,https://www.skland.com/article?id=2456678,False,,,,
2431828,满模组史尔特尔 vs 方舟全BOSS，你滴奶奶回来辣！,2024-12-05T14:25:26+00:00,341,24,3,0,1,https://www.skland.com/article?id=2431828,False,,,,
1742043,【潮曦作战】轮换#4-实验基地封锁区200分全任务史尔特尔单核平民攻略 图文解析,2024-04-06T22:07:31+00:00,1305,241,13,0,59,https://www.skland.com/article?id=1742043,False,,,,
2433098,【出苍白海】EP-7 史尔特尔单核：一虎杀两两两羊,2024-12-06T03:22:40+00:00,106,18,0,0,2,https://www.skland.com/article?id=2433098,False,,,,
3018107,司霆惊蛰食用指南&干员养成攻略，玛恩纳脱单！,2025-07-09T06:54:26+00:00,2786,65,9,0,8,https://www.skland.com/article?id=3018107,False,,,,
3012986,六星干员速评【司霆惊蛰】——理论22w总伤，但非常吃地图的解放者,2025-07-07T10:24:45+00:00,17569,165,38,0,110,https://www.skland.com/article?id=3012986,False,,,,
3227331,新人练干员二三事：抽到司霆惊蛰该不该练？,2025-09-17T09:26:25+00:00,1321,44,2,0,15,https://www.skland.com/article?id=3227331,False,,,,
3044332,【方舟实战论126】3个技能都有强度？上下限天壤之别的地形战士丨司霆惊蛰,2025-07-19T17:01:38+00:00,795,81,2,0,3,https://www.skland.com/article?id=3044332,False,,,,
3014288,【镜中集】司霆惊蛰实装简评 梦中的22w大c,2025-07-08T05:40:55+00:00,6153,49,10,0,32,https://www.skland.com/article?id=3014288,False,,,,
3028766,【2025.07】模组升级-综合推荐（司霆惊蛰、提丰、澄闪、百炼嘉维尔）,2025-07-14T06:12:03+00:00,7044,111,95,0,5,https://www.skland.com/article?id=3028766,False,2026-09-11T22:18:32+00:00,strategy_public_search_top20,"[""提丰"", ""澄闪""]",operator
3015828,司霆惊蛰竟是厕所战神？敌人蹲厕所被瞬电几百次！,2025-07-08T11:56:06+00:00,4359,360,13,0,15,https://www.skland.com/article?id=3015828,False,,,,
3185645,【三分多钟测评·司霆惊蛰】她会成为界园的入场券吗？,2025-08-31T11:12:15+00:00,292,13,0,0,0,https://www.skland.com/article?id=3185645,False,,,,
3017718,惊霆交错序乾坤！司霆惊蛰：解放者分支的又一新秀,2025-07-09T03:28:00+00:00,130,15,1,0,1,https://www.skland.com/article?id=3017718,False,,,,
260709,【干员技能攻略】塑心2技能的好帮手有哪些？,2023-11-03T03:30:36+00:00,4627,151,30,0,34,https://www.skland.com/article?id=260709,False,,,,
255950,【干员速评】#4 塑心-巫役,2023-11-02T11:28:37+00:00,3847,63,3,0,15,https://www.skland.com/article?id=255950,False,,,,
485345,【长文预警】 塑心角色评测——颂歌为谁而鸣，心声为谁奏响，泰拉何处觅知音？,2023-11-04T15:21:32+00:00,2855,110,21,0,13,https://www.skland.com/article?id=485345,False,,,,
256818,超短裙！黑长直！这就是我们的巫役-塑心-2226阿尔图罗-用法指南-实战评测解析,2023-11-02T14:00:22+00:00,3275,106,18,0,18,https://www.skland.com/article?id=256818,False,,,,
2373367,新人练干员二三事：歪到塑心该不该练,2024-11-06T10:01:04+00:00,5615,309,24,0,124,https://www.skland.com/article?id=2373367,False,,,,
482522,［图铃测试］塑心铃兰双人五步13-16普通,2023-11-04T14:48:17+00:00,682,19,2,0,1,https://www.skland.com/article?id=482522,False,,,,
3234875,【2025.09】模组升级-综合推荐（母鸡卡联动干员、塑心、煌）,2025-09-21T08:38:13+00:00,10697,263,104,0,14,https://www.skland.com/article?id=3234875,False,,,,
1729835,【潮曦作战·枯苇泥沼】380满分摆完挂机 仅需塑心提丰双核心 低配好抄！,2024-04-02T15:35:35+00:00,299,30,2,0,4,https://www.skland.com/article?id=1729835,False,2026-09-11T22:17:52+00:00,strategy_public_search_top20,"[""提丰""]",operator
2688336,【H14-1】誰説只有風暴才能摧毀食腐者軍團！精二1级　塑心单人,2025-02-27T15:20:57+00:00,86,16,3,0,3,https://www.skland.com/article?id=2688336,False,,,,
2397445,【揭幕者们】PV-S-5  塑心妮芙强杀狂欢之主,2024-11-16T14:42:44+00:00,84,8,1,0,0,https://www.skland.com/article?id=2397445,False,2026-09-11T22:18:38+00:00,strategy_public_search_top20,"[""妮芙""]",operator
2394240,【揭幕者们】PV-S-2突袭 塑心单核,2024-11-15T11:28:56+00:00,120,8,0,0,1,https://www.skland.com/article?id=2394240,False,,,,
2783832,【解离复合】15-18 塑心，铃兰 双核,2025-04-10T13:43:06+00:00,69,11,1,0,3,https://www.skland.com/article?id=2783832,False,,,,
2360769,塑心阿尔图罗悖论模拟简单好抄无需专精模组【明日方舟】,2024-11-02T03:49:40+00:00,269,10,2,0,0,https://www.skland.com/article?id=2360769,False,,,,
2369452,绚烂的落幕烟花？PV-9 精二1级 令+塑心（阿尔图罗）,2024-11-04T15:06:50+00:00,250,43,0,0,0,https://www.skland.com/article?id=2369452,False,,,,
3208534,【塑心】悖论模拟攻略,2025-09-07T13:09:31+00:00,21,3,0,0,0,https://www.skland.com/article?id=3208534,False,,,,
2665950,【我们明日见】SE-6突袭 塑心单核,2025-02-14T10:09:39+00:00,75,9,0,0,0,https://www.skland.com/article?id=2665950,False,,,,
2355183,大提琴：用生命去演奏~【悖论模拟】塑心（图图） 精二1级,2024-11-01T09:55:59+00:00,51,8,0,0,0,https://www.skland.com/article?id=2355183,False,,,,
153806,六星干员攻略（塞雷娅）,2023-09-18T07:03:46+00:00,9487,76,81,0,20,https://www.skland.com/article?id=153806,False,,,,
1380515,【特别篇】我为什么推荐塞雷娅Y模？,2023-11-29T00:48:12+00:00,4869,146,31,0,27,https://www.skland.com/article?id=1380515,False,,,,
104531,【模组简评】塞雷娅,2023-08-31T15:03:42+00:00,10184,286,58,0,32,https://www.skland.com/article?id=104531,False,,,,
47696,【明日方舟】强度至上第二排，莱茵拳皇塞雷娅！塞雷娅简评,2023-08-10T03:56:50+00:00,2745,69,10,0,17,https://www.skland.com/article?id=47696,False,,,,
190958,【热门干员组合分析#1】塞雷娅+煌,2023-10-12T15:14:38+00:00,2650,67,20,0,22,https://www.skland.com/article?id=190958,False,,,,
2441261,保全大开发！荒地群兽音乐厅 ela +泥岩+塞雷娅 三人 压人向攻略,2024-12-10T10:21:16+00:00,119,8,0,0,0,https://www.skland.com/article?id=2441261,False,,,,
5708324,音律联觉-购票入场注意点和新时装（蕾缪安/塞雷娅/死芒）特邀嘉宾MILI等人,2026-03-30T04:59:12+00:00,20044,261,48,0,49,https://www.skland.com/article?id=5708324,False,2026-09-11T22:17:46+00:00,strategy_public_search_top20,"[""蕾缪安"", ""音律联觉""]","merch_topic,operator"
5259753,银灰塞雷娅2人搓玉TA-5固源岩【辞岁行】堵门速刷材料挂机攻略 明日方舟,2026-02-10T07:10:04+00:00,5158,3741,27,0,4,https://www.skland.com/article?id=5259753,False,,,,
3508019,塞雷娅悖论模拟攻略无需专精简单好抄4k超清【明日方舟】,2025-12-07T07:32:24+00:00,53,1,0,0,0,https://www.skland.com/article?id=3508019,False,,,,
3208516,【夕】悖论模拟攻略,2025-09-07T13:04:37+00:00,14,3,0,0,0,https://www.skland.com/article?id=3208516,False,,,,
2186424,【正太干员测评#1】五星夜莺？满潜满练深律测评,2024-08-16T11:40:20+00:00,2296,124,11,0,25,https://www.skland.com/article?id=2186424,False,,,,
1732262,【卡池杂谈#3】夜莺塞爹池抽取建议及中坚扩容相关简析,2024-04-03T13:48:33+00:00,933,31,0,0,14,https://www.skland.com/article?id=1732262,False,,,,
2176538,AS-EX-8突袭  逃课  三人深海队 +（外援：艾丽妮，夜莺，桃子，工具人）,2024-08-13T01:55:05+00:00,147,10,0,0,4,https://www.skland.com/article?id=2176538,False,,,,
3233234,【攻略补全计划】夜莺—悖论模拟,2025-09-20T14:19:40+00:00,33,4,0,0,0,https://www.skland.com/article?id=3233234,False,,,,
3188478,【夜莺】悖论模拟攻略,2025-09-01T14:57:29+00:00,38,10,0,0,0,https://www.skland.com/article?id=3188478,False,,,,
3216980,【无忧梦呓】SS--EX-8 Ave Mujica队+夜莺,2025-09-11T15:13:09+00:00,27,5,0,0,0,https://www.skland.com/article?id=3216980,False,,,,
3501391,【未许之地】娜斯提实装简评 与白铁有区分度的机制型花活干员,2025-12-05T03:59:16+00:00,2649,101,20,0,6,https://www.skland.com/article?id=3501391,False,2026-09-11T22:18:56+00:00,strategy_public_search_top20,"[""白铁""]",operator
3501390,一图流测评【娜斯提】——+60%攻击的人造高台！,2025-12-05T03:59:11+00:00,23196,642,134,0,190,https://www.skland.com/article?id=3501390,False,,,,
3558172,未许之辅..从零开始的辅助生活（娜斯提篇）,2026-01-01T09:17:09+00:00,296,11,0,0,2,https://www.skland.com/article?id=3558172,False,,,,
3497389,6星娜斯提技能前瞻解析，退场保留高台！加阻挡加防，回技力加屏障，加攻击和血量上限,2025-12-03T06:49:39+00:00,13851,95,29,0,61,https://www.skland.com/article?id=3497389,False,,,,
3489619,未许之地情报汇总，新6星娜斯提人造高台，新分支裂空炮手，链愈师模组、引航者试炼,2025-11-30T07:03:25+00:00,7584,122,22,0,36,https://www.skland.com/article?id=3489619,False,,,,
3505815,「未许之地」版本基建解析（娜斯提、响石、天空盒）,2025-12-06T09:03:46+00:00,646,35,3,0,1,https://www.skland.com/article?id=3505815,False,,,,
3501550,【未许之地】娜斯提X模组任务关卡5-9摆完挂机 简单好抄高容错,2025-12-05T04:31:57+00:00,48,4,0,0,0,https://www.skland.com/article?id=3501550,False,,,,
3502751,娜斯提模组任务攻略简单好抄4k超清【明日方舟未许之地】,2025-12-05T09:12:11+00:00,11,3,0,0,0,https://www.skland.com/article?id=3502751,False,,,,
5816864,【回坑指南】7周年干员获取攻略,2026-05-02T04:21:43+00:00,1178,107,5,0,7,https://www.skland.com/article?id=5816864,False,,,,
2101624,【方舟五星图鉴07改】幽灵鲨-白发红眼长靴病娇精分修女！一分钟带你认识五星干员,2024-07-26T06:08:03+00:00,730,34,6,0,0,https://www.skland.com/article?id=2101624,False,,,,
3233117,【攻略补全计划】幽灵鲨—悖论模拟,2025-09-20T13:33:32+00:00,89,5,0,0,0,https://www.skland.com/article?id=3233117,False,,,,
179749,手把手教你玩深海猎人——归溟幽灵鲨篇,2023-10-04T13:19:54+00:00,5829,119,63,0,21,https://www.skland.com/article?id=179749,False,,,,
45038,【模组简评】归溟幽灵鲨,2023-08-08T13:04:56+00:00,5364,110,30,0,12,https://www.skland.com/article?id=45038,False,,,,
3234976,【攻略补全计划】归溟幽灵鲨—悖论模拟,2025-09-21T09:29:47+00:00,48,2,0,0,0,https://www.skland.com/article?id=3234976,False,,,,
3208536,【归溟幽灵鲨】悖论模拟攻略,2025-09-07T13:11:55+00:00,24,3,0,0,0,https://www.skland.com/article?id=3208536,False,,,,
2101617,【方舟五星图鉴06改】拉普兰德-德克萨斯单推人！一分钟带你认识五星干员,2024-07-26T06:05:39+00:00,1351,46,9,0,0,https://www.skland.com/article?id=2101617,False,,,,
2101607,【方舟五星图鉴03】德克萨斯-令人着迷的黑丝运动鞋！一分钟带你认识五星干员,2024-07-26T06:01:56+00:00,1035,31,5,0,0,https://www.skland.com/article?id=2101607,False,,,,
120286,从功能定位出发的全时期干员培养推荐②——回费之琴柳、德克萨斯,2023-09-03T10:19:22+00:00,1777,26,4,0,6,https://www.skland.com/article?id=120286,False,2026-09-11T22:18:10+00:00,strategy_public_search_top20,"[""琴柳""]",operator
2343051,写在叙拉古二期前，想谈谈德克萨斯和拉普兰德之间的感情,2024-10-28T06:29:15+00:00,661,84,10,0,7,https://www.skland.com/article?id=2343051,False,,,,
3233120,【攻略补全计划】德克萨斯—悖论模拟,2025-09-20T13:34:17+00:00,93,6,1,0,0,https://www.skland.com/article?id=3233120,False,,,,
5734588,一图流测评【怒潮凛冬】——新时代基石干员！dps3~4k的持续时间无限,2026-04-07T03:50:23+00:00,2007,52,4,0,8,https://www.skland.com/article?id=5734588,False,,,,
5734892,【人们，我们】怒潮凛冬简评 挂机爆发两手抓 2技能永续百嘉2 3技能地面安姐3,2026-04-07T04:48:19+00:00,999,51,3,0,3,https://www.skland.com/article?id=5734892,False,,,,
5771345,【方舟实战论138】熊的力量！挂机神，还有别的绝活？丨怒潮凛冬,2026-04-19T13:27:27+00:00,245,51,1,0,0,https://www.skland.com/article?id=5771345,False,,,,
5728180,一图流前瞻【怒潮凛冬】——新时代基石！dps3k的持续时间无限,2026-04-04T17:35:50+00:00,6793,266,4,0,17,https://www.skland.com/article?id=5728180,False,,,,
5736916,怒潮凛冬：这熊在挠痒痒呢？什么，我肉度快赶上星熊了？？？,2026-04-07T14:08:34+00:00,5451,440,28,0,21,https://www.skland.com/article?id=5736916,False,,,,
5726197,6星怒潮凛冬技能数值前瞻分析，4千多攻击永续挂机，3技能要靠高台,2026-04-04T06:19:12+00:00,2197,78,3,0,11,https://www.skland.com/article?id=5726197,False,,,,
5746201,「人们，我们」基建解析（怒潮凛冬、伯塔尼、乌啾）,2026-04-11T12:28:12+00:00,147,3,0,0,1,https://www.skland.com/article?id=5746201,False,,,,
5725904,不要搞错了，你们才是挑战者！【怒潮凛冬】,2026-04-04T04:18:56+00:00,1430,75,6,0,9,https://www.skland.com/article?id=5725904,False,,,,
5735344,新时代数值基石！怒潮凛冬超强实战！,2026-04-07T06:16:35+00:00,222,9,0,0,1,https://www.skland.com/article?id=5735344,False,,,,
2357264,拉普兰德异格强度评测，食用指南,2024-11-01T12:53:30+00:00,3075,69,8,0,10,https://www.skland.com/article?id=2357264,False,,,,
2918107,【矢量突破】特别战线VEC-SP12 巫术排练 稀音+拉普兰德+深靛,2025-05-22T17:53:17+00:00,89,5,1,0,1,https://www.skland.com/article?id=2918107,False,,,,
5583511,【矢量突破#2巫术之夜】VEC-SP05拉普兰德单核驻守,2026-02-25T18:17:21+00:00,339,63,3,0,3,https://www.skland.com/article?id=5583511,False,,,,
3095396,斩业星熊·食用指南&干员养成攻略，钢铁般的女人！,2025-08-03T05:49:15+00:00,1746,75,22,0,17,https://www.skland.com/article?id=3095396,False,,,,
3086022,六星干员速评【斩业星熊】——新约能天使或成最大赢家？新熊11秒锁血18w输出,2025-08-02T06:59:40+00:00,27067,355,112,0,344,https://www.skland.com/article?id=3086022,False,,,,
3140470,【方舟实战论127】这就是限定的实力！不死才能输出，恰好擅长不死丨斩业星熊,2025-08-17T02:22:24+00:00,638,79,0,0,2,https://www.skland.com/article?id=3140470,False,,,,
3085840,【墟】斩业星熊实装简评 18w法伤锁血大c！重辅真王朝了！,2025-08-02T05:48:44+00:00,10056,111,34,0,71,https://www.skland.com/article?id=3085840,False,,,,
3242767,【三分多钟测评·斩业星熊】新神？假账？攻防一体的艺术品！,2025-09-25T06:34:38+00:00,288,12,1,0,0,https://www.skland.com/article?id=3242767,False,,,,
3127159,新人练干员二三事：抽到斩业星熊该不该练？,2025-08-13T09:19:05+00:00,483,39,3,0,18,https://www.skland.com/article?id=3127159,False,,,,
3548410,【引航者试炼#6】TN-4最终试炼：斩业星熊单核+固定队伍 简单好抄,2025-12-27T12:16:54+00:00,92,4,0,0,0,https://www.skland.com/article?id=3548410,False,,,,
5973710,【涤墨作战】【血刺坑道】斩业星熊单核全任务,2026-07-06T02:04:41+00:00,560,229,7,0,10,https://www.skland.com/article?id=5973710,False,,,,
5643769,【十字路口】CG-7单人 斩业星熊 稳定代理刷刺球/RMA70-12,2026-03-10T07:09:56+00:00,70,4,0,0,1,https://www.skland.com/article?id=5643769,False,,,,
3289054,【反常光谱】H16-1到4一摆到底 无酒神无斩业星熊无需换人换技能简单好抄高容错,2025-10-16T16:36:42+00:00,709,68,5,0,4,https://www.skland.com/article?id=3289054,False,,,,
3090686,自选六星建议！斩业星熊强可抽！氪金性价比【明日方舟】理智规划活动总结 罗德岛日报,2025-08-02T11:44:37+00:00,876,73,0,0,0,https://www.skland.com/article?id=3090686,False,,,,
5928322,「落叶逐火复刻」CF-EX-8【普通+突袭】斩业星熊 单人,2026-06-15T23:25:44+00:00,298,221,2,0,13,https://www.skland.com/article?id=5928322,False,,,,
3521838,【未许之地】无遥无酒神无斩业星熊UR-EX-1到8突袭一摆到底 简单好抄高容错,2025-12-13T17:56:13+00:00,992,92,10,0,6,https://www.skland.com/article?id=3521838,False,,,,
5541426,【明日方舟】【辞岁行】TA-EX-8【普通+突袭】斩业星熊 单核,2026-02-22T22:58:07+00:00,1842,1307,23,0,9,https://www.skland.com/article?id=5541426,False,,,,
5259806,斩业星熊1人环烃聚质TA-9【辞岁行】堵门速刷材料攻略 明日方舟,2026-02-10T07:11:23+00:00,666,442,5,0,0,https://www.skland.com/article?id=5259806,False,,,,
5534696,【辞岁行】TA-10 镇神头 斩业星熊 单核,2026-02-22T10:44:27+00:00,48,32,0,0,0,https://www.skland.com/article?id=5534696,False,,,,
5421102,什么叫“龙门督察”只要封印1次就直接把岁相“拍”似了？（TA-10斩业星熊单人）,2026-02-15T17:32:17+00:00,569,369,2,0,4,https://www.skland.com/article?id=5421102,False,,,,
3526785,【未许之地】UR-EX-8 天空井 斩业星熊 电弧 双核,2025-12-16T15:36:40+00:00,83,14,0,0,3,https://www.skland.com/article?id=3526785,False,2026-09-11T22:18:50+00:00,strategy_public_search_top20,"[""电弧""]",operator
3389192,斩业星熊模组任务一次双任务简单好抄攻略4k超清【明日方舟】,2025-11-04T02:22:05+00:00,49,4,1,0,2,https://www.skland.com/article?id=3389192,False,,,,
197666,手把手教你玩深海猎人——斯卡蒂篇,2023-10-18T12:19:45+00:00,6512,191,104,0,32,https://www.skland.com/article?id=197666,False,,,,
113465,六星干员攻略（斯卡蒂）,2023-09-01T20:22:29+00:00,4687,31,23,0,11,https://www.skland.com/article?id=113465,False,,,,
3233366,【攻略补全计划】斯卡蒂—悖论模拟,2025-09-20T15:16:47+00:00,38,7,1,0,0,https://www.skland.com/article?id=3233366,False,,,,
3176989,【斯卡蒂】悖论模拟攻略,2025-08-29T10:07:36+00:00,45,7,0,0,0,https://www.skland.com/article?id=3176989,False,,,,
2836079,六星干员速评【新约能天使】——总伤16w时代来临，输出绝活两开花,2025-05-01T04:26:43+00:00,12392,117,46,0,85,https://www.skland.com/article?id=2836079,False,,,,
2883338,【干员速评】#27新约能天使——怪杰,2025-05-12T06:38:43+00:00,1227,23,6,0,2,https://www.skland.com/article?id=2883338,False,,,,
2837070,【众生游记】新约能天使实装简评 双技能16w总伤1wdps 物理输出新纪元！,2025-05-01T08:09:28+00:00,5487,54,9,0,21,https://www.skland.com/article?id=2837070,False,,,,
2856518,六星干员攻略（新约能天使）,2025-05-03T15:35:58+00:00,1444,24,5,0,4,https://www.skland.com/article?id=2856518,False,,,,
2913467,【2025.05】模组升级-综合推荐（玛恩纳、新约能天使、蕾缪安、信仰搅拌机等）,2025-05-20T23:44:16+00:00,17976,519,538,0,39,https://www.skland.com/article?id=2913467,False,2026-09-11T22:17:45+00:00,strategy_public_search_top20,"[""蕾缪安""]",operator
2883135,【方舟实战论123】这就是开服元老的实力！拐天使回归，机制怪+数值怪丨新约能天使,2025-05-12T04:56:10+00:00,4943,190,24,0,8,https://www.skland.com/article?id=2883135,False,,,,
2873358,崭新机制！强度上限全看博士想象力？！【新约能天使深度测评】,2025-05-08T14:59:11+00:00,411,13,3,0,1,https://www.skland.com/article?id=2873358,False,,,,
3589104,打破桎梏的新时代怪杰！新约能天使：数值与机制并存的超模干员,2026-01-14T08:29:32+00:00,671,52,2,0,1,https://www.skland.com/article?id=3589104,False,,,,
2860365,新约能天使不算拉特兰？活动室要造吗？「众生行记」版本干员基建技能解析,2025-05-04T14:41:55+00:00,718,18,7,0,0,https://www.skland.com/article?id=2860365,False,,,,
2991337,【引航者试炼#5】TN-3恢弘试炼 新约能天使单核攻略,2025-06-24T18:32:32+00:00,256,26,1,0,1,https://www.skland.com/article?id=2991337,False,,,,
2893681,福音摇滚！——新约能天使突袭CB-EX-8,2025-05-15T16:40:28+00:00,75,46,0,0,4,https://www.skland.com/article?id=2893681,False,,,,
2852350,MT-10新约能天使单核,2025-05-02T17:40:53+00:00,124,10,1,0,6,https://www.skland.com/article?id=2852350,False,,,,
2849876,MT-9新约能天使,2025-05-02T08:56:23+00:00,15,4,0,0,0,https://www.skland.com/article?id=2849876,False,,,,
2849666,【众生行记】 MT-10 新约能天使加精二蛇屠箱 1.5核,2025-05-02T08:15:04+00:00,73,9,3,0,3,https://www.skland.com/article?id=2849666,False,,,,
2844593,【众生行记】MT-8 新约能天使 单核（蚀刻章）,2025-05-01T14:29:52+00:00,62,9,1,0,2,https://www.skland.com/article?id=2844593,False,,,,
5240098,一图流测评【望】——围棋戴尔！拥有8炮的散装爆裂黎明！,2026-02-09T17:39:50+00:00,78266,42826,432,0,272,https://www.skland.com/article?id=5240098,False,,,,
47327,六星干员攻略（棘刺）,2023-08-09T17:19:17+00:00,6250,47,20,0,32,https://www.skland.com/article?id=47327,False,,,,
2429842,六星干员速评【引星棘刺】——生息演算超大杯干员，有奶有输出有拐的棘刺,2024-12-05T08:01:19+00:00,4752,86,9,0,18,https://www.skland.com/article?id=2429842,False,,,,
2441897,维罗之后的最强干员？明日方舟引星棘刺测评！,2024-12-10T17:48:28+00:00,2785,61,11,0,36,https://www.skland.com/article?id=2441897,False,,,,
2433399,引星棘刺实战测试！能辅能C的炼金师！,2024-12-06T05:29:49+00:00,1202,31,0,0,0,https://www.skland.com/article?id=2433399,False,,,,
2455003,异格棘刺bug修复！24年12月最新全基建布局一图流排班表,2024-12-16T03:03:21+00:00,6079,192,245,0,14,https://www.skland.com/article?id=2455003,False,,,,
3114202,【墟】AT-7 棘刺蕾缪安2人速刷 酮凝集组,2025-08-08T09:34:20+00:00,423,54,1,0,0,https://www.skland.com/article?id=3114202,False,2026-09-11T22:17:46+00:00,strategy_public_search_top20,"[""蕾缪安""]",operator
2433076,异格棘刺是新的赤金C！出苍白海版本干员基建技能解析,2024-12-06T03:10:05+00:00,3880,147,9,0,7,https://www.skland.com/article?id=2433076,False,,,,
3034568,新人练干员二三事：抽到引星棘刺该不该练？,2025-07-16T07:24:07+00:00,1617,39,2,0,17,https://www.skland.com/article?id=3034568,False,,,,
2431823,我宣布：棘刺超大杯！强力减防减抗拐,2024-12-05T14:24:41+00:00,6824,225,13,0,21,https://www.skland.com/article?id=2431823,False,,,,
2710994,【2025.03】模组升级-综合推荐：琴柳、引星棘刺、灵知、鸿雪、伺夜、隐德来希,2025-03-11T14:59:37+00:00,5990,97,56,0,14,https://www.skland.com/article?id=2710994,False,2026-09-11T22:18:42+00:00,strategy_public_search_top20,"[""伺夜"", ""灵知"", ""琴柳"", ""鸿雪""]",operator
2408407,棘刺喜提异格形态！内置小游戏即将上线~【制作组通讯漫谈】,2024-11-22T12:40:23+00:00,5091,249,45,0,36,https://www.skland.com/article?id=2408407,False,,,,
1396498,【银心湖列车】RS-6棘刺单核低配六步摆完挂机，刷聚酸酯组。,2023-12-05T10:52:28+00:00,243,16,4,0,3,https://www.skland.com/article?id=1396498,False,,,,
1357588,【明日方舟】浊燃行动620分镀层10人无潜能要求-简单好抄高容错！好猛的棘刺！,2023-11-21T14:27:23+00:00,22283,2634,609,0,449,https://www.skland.com/article?id=1357588,False,,,,
2427966,【前情提要】棘刺为什么要隐瞒他没剧情的历史？温蒂又与罗德岛有怎样的爱恨情仇？,2024-12-04T04:10:42+00:00,938,143,33,0,6,https://www.skland.com/article?id=2427966,False,,,,
2453985,【出苍白海】在禁欲与纵欲之间，棘刺该向何处寻得平衡,2024-12-15T13:09:47+00:00,190,33,7,0,0,https://www.skland.com/article?id=2453985,False,,,,
2431710,「出苍白海」版本干员基建技能解析（引星棘刺、特克诺、瑰盐）,2024-12-05T13:59:38+00:00,429,18,3,0,5,https://www.skland.com/article?id=2431710,False,,,,
1385006,［13区废墟］三人五步摆完挂机，三个任务一次完成。棘刺是一直在c的。,2023-11-30T23:26:51+00:00,599,34,7,0,15,https://www.skland.com/article?id=1385006,False,,,,
2423051,12.1罗德岛日报 【12/5出苍白海，PV总结】异格棘刺，皮肤轮换，42模组】,2024-12-01T01:03:31+00:00,2474,114,3,0,15,https://www.skland.com/article?id=2423051,False,,,,
3321008,【暗流巢窟】棘刺EW双人400杀 简单好抄无脑轴,2025-10-27T07:10:44+00:00,1161,127,16,0,2,https://www.skland.com/article?id=3321008,False,,,,
5643782,棘刺银灰初雪3人切削液CG-8【十字路口】挂机材料攻略 明日方舟,2026-03-10T07:13:59+00:00,233,38,0,0,1,https://www.skland.com/article?id=5643782,False,,,,
5645411,【十字路口】CG-6 定价 棘刺 单核,2026-03-10T18:09:07+00:00,8,5,0,0,0,https://www.skland.com/article?id=5645411,False,,,,
5259692,棘刺斩业2人凝胶TA-7【辞岁行】堵门速刷材料挂机攻略 明日方舟,2026-02-10T07:08:51+00:00,575,353,0,0,0,https://www.skland.com/article?id=5259692,False,,,,
3234406,【攻略补全计划】棘刺—悖论模拟,2025-09-21T03:59:38+00:00,62,5,0,0,0,https://www.skland.com/article?id=3234406,False,,,,
3176979,【棘刺】悖论模拟攻略,2025-08-29T10:05:51+00:00,31,3,0,0,0,https://www.skland.com/article?id=3176979,False,,,,
2431483,「出苍白海」版本干员基建技能解析（引星棘刺、特克诺、瑰盐）,2024-12-05T13:02:39+00:00,1275,82,2,0,4,https://www.skland.com/article?id=2431483,False,,,,
2702035,死芒/香蕉姐强度评测食用指南，方舟新手抽卡建议,2025-03-07T10:51:44+00:00,2457,24,5,0,5,https://www.skland.com/article?id=2702035,False,,,,
2700725,六星干员速评【死芒】,2025-03-07T07:56:51+00:00,2019,31,4,0,14,https://www.skland.com/article?id=2700725,False,,,,
2710636,【干员实用性测评】#25死芒——塑灵术师,2025-03-11T11:30:29+00:00,1395,44,4,0,4,https://www.skland.com/article?id=2710636,False,,,,
2803684,【明日方舟】严重低估！这是短轴爆发与城墙！ | 技能专精推荐·死芒,2025-04-20T09:02:50+00:00,524,21,1,0,0,https://www.skland.com/article?id=2803684,False,,,,
2977895,【2025.06】模组升级-综合推荐（酒神、死芒、多萝西、山、阿斯卡纶）,2025-06-18T14:21:07+00:00,8702,144,127,0,12,https://www.skland.com/article?id=2977895,False,,,,
2702538,死芒实战测试！塑灵术师会是新时代基石吗？,2025-03-07T12:40:58+00:00,401,15,0,0,1,https://www.skland.com/article?id=2702538,False,,,,
2700818,【挽歌燃烧殆尽】死芒实装简评 100个vvan计划受害者,2025-03-07T08:10:30+00:00,600,20,4,0,2,https://www.skland.com/article?id=2700818,False,,,,
2734181,【实战论】沉睡队新思路，死芒大放异彩,2025-03-23T10:26:06+00:00,991,95,5,0,5,https://www.skland.com/article?id=2734181,False,,,,
3333216,【死芒单核】16-15险地,2025-10-31T01:39:36+00:00,144,8,2,0,0,https://www.skland.com/article?id=3333216,False,,,,
3332326,【死芒单核】16-12险地,2025-10-30T15:02:34+00:00,325,25,4,0,3,https://www.skland.com/article?id=3332326,False,,,,
2932613,傀影异格趁机抱走Christine，引航者试炼来临、死芒模组,2025-05-30T06:35:06+00:00,456,16,1,0,1,https://www.skland.com/article?id=2932613,False,,,,
2708018,死芒版本基建技能解析,2025-03-09T16:27:59+00:00,2272,94,14,0,16,https://www.skland.com/article?id=2708018,False,,,,
5762138,这是死芒，这是坑，这是全员1级PA-EX-2,2026-04-17T10:50:38+00:00,476,47,6,0,4,https://www.skland.com/article?id=5762138,False,,,,
2703900,死芒抽取建议【干员速评与抽卡规划】,2025-03-08T00:39:16+00:00,10364,405,31,0,66,https://www.skland.com/article?id=2703900,False,,,,
2700626,「挽歌燃烧殆尽」版本干员基建技能解析（死芒、钼铅、水灯心）,2025-03-07T06:37:45+00:00,378,6,4,0,2,https://www.skland.com/article?id=2700626,False,,,,
3333214,【死芒单核】16-14险地,2025-10-31T01:37:29+00:00,30,2,0,0,0,https://www.skland.com/article?id=3333214,False,,,,
3332327,【死芒单核】16-13险地,2025-10-30T15:02:41+00:00,25,1,0,0,0,https://www.skland.com/article?id=3332327,False,,,,
3069126,【死芒单核】鳞骸盐漠剿灭,2025-07-28T00:33:04+00:00,290,39,6,0,1,https://www.skland.com/article?id=3069126,False,,,,
3062408,【明日方舟】夏活「墟」活动情报一览（上）遥、星熊技能、本源术师模组、水陈死芒皮肤,2025-07-26T13:23:54+00:00,2448,106,13,0,21,https://www.skland.com/article?id=3062408,False,,,,
4548670,OR-9 2人111秒 理论最速刷转质盐组（死芒+隐德来希）,2026-02-01T05:34:08+00:00,17,1,0,0,0,https://www.skland.com/article?id=4548670,False,,,,
3581786,【死芒单核】ME-1~7,2026-01-10T14:16:17+00:00,29,6,0,0,0,https://www.skland.com/article?id=3581786,False,,,,
3581769,【死芒单核】ME-8,2026-01-10T14:08:43+00:00,4,2,0,0,0,https://www.skland.com/article?id=3581769,False,,,,
3543123,EP-6 2人理论最速刷糖组（电弧+死芒解）,2025-12-24T14:25:30+00:00,72,7,1,0,1,https://www.skland.com/article?id=3543123,False,2026-09-11T22:18:50+00:00,strategy_public_search_top20,"[""电弧""]",operator
3503743,【死芒单核】UR-8,2025-12-05T13:46:35+00:00,4,4,0,0,0,https://www.skland.com/article?id=3503743,False,,,,
3321665,【死芒单核】暗流巢窟400杀，小帮手与推拉位的使用教学,2025-10-27T10:37:35+00:00,35,4,1,0,0,https://www.skland.com/article?id=3321665,False,,,,
3299518,【死芒单核】16-11险地,2025-10-21T16:44:56+00:00,11,3,0,0,0,https://www.skland.com/article?id=3299518,False,,,,
3296473,【死芒单核】16-10险地,2025-10-20T12:24:26+00:00,2,2,0,0,0,https://www.skland.com/article?id=3296473,False,,,,
3284888,【死芒单核】16-8险地,2025-10-14T14:10:01+00:00,6,4,1,0,0,https://www.skland.com/article?id=3284888,False,,,,
3284885,【死芒单核】16-7险地,2025-10-14T14:09:55+00:00,5,1,0,0,0,https://www.skland.com/article?id=3284885,False,,,,
3284884,【死芒单核】16-6险地,2025-10-14T14:09:48+00:00,8,1,0,0,0,https://www.skland.com/article?id=3284884,False,,,,
3282902,【死芒单核】16-5险地,2025-10-13T11:23:56+00:00,0,2,0,0,0,https://www.skland.com/article?id=3282902,False,,,,
3282899,【死芒单核】16-4险地,2025-10-13T11:22:46+00:00,1,1,0,0,0,https://www.skland.com/article?id=3282899,False,,,,
3282898,【死芒单核】16-3险地,2025-10-13T11:21:48+00:00,1,2,0,0,0,https://www.skland.com/article?id=3282898,False,,,,
158272,六星干员攻略（泥岩）,2023-09-21T17:34:04+00:00,7183,78,51,0,46,https://www.skland.com/article?id=158272,False,,,,
2788811,【2025.04】模组升级-综合推荐（伊内丝、逻各斯、泥岩、晓歌、寻澜）,2025-04-12T15:26:06+00:00,9272,133,136,0,13,https://www.skland.com/article?id=2788811,False,2026-09-11T22:18:18+00:00,strategy_public_search_top20,"[""伊内丝""]",operator
3277292,一图流测评【折桠】——短轴战栗版的小泥岩,2025-10-11T06:01:27+00:00,2289,80,15,0,17,https://www.skland.com/article?id=3277292,False,,,,
2779818,新人练干员二三事：抽到泥岩该不该练？,2025-04-09T03:43:44+00:00,3445,100,7,0,98,https://www.skland.com/article?id=2779818,False,,,,
2442241,保全大开发！ 补档 多索雷斯地块 澄闪+灵知+泥岩 三人攻略,2024-12-11T04:16:40+00:00,333,23,2,0,7,https://www.skland.com/article?id=2442241,False,2026-09-11T22:18:42+00:00,strategy_public_search_top20,"[""澄闪"", ""灵知""]",operator
5983112,那一夜，艾雅法拉和泥岩都喝醉了「丛林症结」基建解析&一图流排班表,2026-07-10T12:13:48+00:00,207,85,3,0,1,https://www.skland.com/article?id=5983112,False,,,,
1956349,边地移动小镇 莱茵生命队 多萝西+泥岩双核打法 指导向攻略,2024-05-23T11:29:58+00:00,145,6,1,0,0,https://www.skland.com/article?id=1956349,False,,,,
1947561,边地移动小镇 莱茵生命队 小火龙+泥岩双核打法 指导向攻略,2024-05-19T07:58:16+00:00,156,8,0,0,0,https://www.skland.com/article?id=1947561,False,,,,
123753,从功能定位出发的全时期干员培养推荐——#5清杂之煌、泥岩,2023-09-04T12:13:47+00:00,1805,60,8,0,37,https://www.skland.com/article?id=123753,False,,,,
2199403,保全派驻 交战荒野 皇家科学院望远镜 菲亚梅塔+刘明+赛雷娅+泥岩  四人队攻略,2024-08-22T04:26:56+00:00,129,6,0,0,2,https://www.skland.com/article?id=2199403,False,2026-09-11T22:17:48+00:00,strategy_public_search_top20,"[""菲亚梅塔""]",operator
2436238,【保全派驻】荒地群兽音乐厅应急难度摆完挂机 能天使泥岩双核 简单好抄轻松隐藏章,2024-12-07T12:01:31+00:00,151,17,2,0,1,https://www.skland.com/article?id=2436238,False,,,,
2322988,岩崩锤带10秒战栗的泥岩有多强？【GO-EX-8 三重装】,2024-10-19T00:52:07+00:00,1075,134,5,0,6,https://www.skland.com/article?id=2322988,False,,,,
2137639,泥岩悖论模拟7级技能无需模组简单好抄,2024-08-02T01:33:28+00:00,46,6,0,0,0,https://www.skland.com/article?id=2137639,False,,,,
2923286,【矢量突破#1无机物】泥岩炎熔双人驻守VEC-SP14 简单好抄高容错,2025-05-25T03:42:39+00:00,22,6,0,0,0,https://www.skland.com/article?id=2923286,False,,,,
1781356,边城移动小镇  可充能督战音响 （艾丽妮+泥岩+刘明三核打法）指导向攻略,2024-04-23T05:01:53+00:00,144,13,3,0,2,https://www.skland.com/article?id=1781356,False,,,,
3163143,【泥岩】悖论模拟攻略,2025-08-25T08:03:17+00:00,22,3,0,0,0,https://www.skland.com/article?id=3163143,False,,,,
1420587,【浊心斯卡蒂】时过境迁，如今的蒂蒂强度究竟如何？三千字测评告诉你答案！,2023-12-16T14:11:10+00:00,3852,148,28,0,41,https://www.skland.com/article?id=1420587,False,,,,
1346136,浊心斯卡蒂强度演变史,2023-11-18T03:30:50+00:00,15204,1680,246,0,291,https://www.skland.com/article?id=1346136,False,,,,
2312242,【2024.10】模组升级-综合推荐（浊心斯卡蒂、魔王、号角、白铁）,2024-10-12T17:23:11+00:00,7442,202,157,0,18,https://www.skland.com/article?id=2312242,False,2026-09-11T22:18:56+00:00,strategy_public_search_top20,"[""白铁"", ""魔王""]",operator
1982692,生路BR-7扭转醇少人速刷信赖点位（逻各斯logos，浊心斯卡蒂核心）,2024-06-05T09:08:34+00:00,83,6,0,0,4,https://www.skland.com/article?id=1982692,False,,,,
1982819,生路BP-6糖组少人速刷信赖攻略（逻各斯，浊心斯卡蒂，羊核心）,2024-06-05T09:23:01+00:00,103,5,0,0,3,https://www.skland.com/article?id=1982819,False,,,,
52723,六星干员攻略（温蒂）,2023-08-14T19:10:41+00:00,5064,32,17,0,29,https://www.skland.com/article?id=52723,False,,,,
1403462,走进方舟02——温蒂永控羊癫疯的魔术，攻速加成的秘密,2023-12-08T04:42:36+00:00,1845,144,50,0,25,https://www.skland.com/article?id=1403462,False,,,,
2648126,【净罪作战】小刻铃兰温蒂三核620分蚀刻章镀层 2603无潜能无伊内丝简单好抄,2025-02-06T10:09:05+00:00,203,11,1,0,0,https://www.skland.com/article?id=2648126,False,2026-09-11T22:18:18+00:00,strategy_public_search_top20,"[""伊内丝""]",operator
2648075,【净罪作战】蚀裂冰湖满级340分仅需2技能温蒂单人,2025-02-06T09:53:11+00:00,96,4,0,0,2,https://www.skland.com/article?id=2648075,False,,,,
5951714,【涤墨作战】温蒂单人蚀裂冰湖满级340分做任务 简单好抄高容错【6.26轮换】,2026-06-26T08:52:24+00:00,581,108,14,0,7,https://www.skland.com/article?id=5951714,False,,,,
5982824,【全息#2】11-6镀层 六人摆完挂机 一种基于温蒂炒菜的永控打法,2026-07-10T10:06:28+00:00,40,9,1,0,0,https://www.skland.com/article?id=5982824,False,,,,
3229825,【攻略补全计划】温蒂—悖论模拟,2025-09-19T01:11:15+00:00,30,3,0,0,0,https://www.skland.com/article?id=3229825,False,,,,
3208550,【温蒂】悖论模拟攻略,2025-09-07T13:16:12+00:00,30,3,0,0,0,https://www.skland.com/article?id=3208550,False,,,,
5902742,6星焰狐龙梓兰强度和数值解析,2026-06-05T03:52:47+00:00,675,155,0,0,19,https://www.skland.com/article?id=5902742,False,,,,
5892604,【泡影苍霆】焰狐龙梓兰实装简评 新时代真群攻快活,2026-06-01T04:24:40+00:00,1653,68,11,0,8,https://www.skland.com/article?id=5892604,False,,,,
5892035,干员测评【焰狐龙梓兰】-全技能落地秒开，再部署23s的狙,2026-06-01T03:35:21+00:00,15730,344,40,0,139,https://www.skland.com/article?id=5892035,False,,,,
5930763,【方舟实战论141】越用越强！这就是联动的实力吗？快活狙击恐怖如斯丨焰狐龙梓兰,2026-06-17T05:45:29+00:00,293,48,1,0,1,https://www.skland.com/article?id=5930763,False,,,,
5894140,【焰狐龙梓兰】干员升级/技能材料概览,2026-06-01T07:27:19+00:00,3744,418,13,0,82,https://www.skland.com/article?id=5894140,False,,,,
5902324,怪猎联动6月模组开启建议（夜刀、忍冬、娜仁图亚、焰狐龙梓兰、雷狼龙S空爆）,2026-06-04T18:49:32+00:00,4367,317,17,0,40,https://www.skland.com/article?id=5902324,False,2026-09-11T22:18:08+00:00,strategy_public_search_top20,"[""娜仁图亚"", ""忍冬""]",operator
5915679,「泡影苍霆」基建解析（焰狐龙梓兰、雷狼龙S空爆、罗德岛隐秘队）,2026-06-09T10:33:57+00:00,895,55,15,0,1,https://www.skland.com/article?id=5915679,False,,,,
5886726,怪猎联动6星焰狐龙梓兰技能前瞻数值分析，穿刺箭一击秒杀岁相,2026-05-29T08:15:43+00:00,2394,247,11,0,28,https://www.skland.com/article?id=5886726,False,,,,
5887781,【焰狐龙梓兰】前瞻PV数据解析,2026-05-29T20:24:07+00:00,12982,184,28,0,55,https://www.skland.com/article?id=5887781,False,,,,
5893978,这一箭下去会很疯狂!焰狐龙梓兰实战演示,2026-06-01T06:53:40+00:00,2709,279,12,0,25,https://www.skland.com/article?id=5893978,False,,,,
5893265,焰狐龙梓兰X模组任务摆完挂机,2026-06-01T05:12:13+00:00,686,320,3,0,7,https://www.skland.com/article?id=5893265,False,,,,
5901136,【泡影苍霆】TD-8 宿命流转，苍霆激荡 焰狐龙梓兰 单核（御龙）,2026-06-04T05:13:39+00:00,31,11,0,0,3,https://www.skland.com/article?id=5901136,False,,,,
3176968,【煌】悖论模拟攻略,2025-08-29T10:04:38+00:00,20,2,0,0,0,https://www.skland.com/article?id=3176968,False,,,,
38690,六星干员攻略（玛恩纳）,2023-08-06T04:48:25+00:00,8205,32,12,0,18,https://www.skland.com/article?id=38690,False,,,,
1402084,未曾起誓-[玛恩纳]全方位干员攻略,2023-12-07T13:13:58+00:00,3406,102,26,0,8,https://www.skland.com/article?id=1402084,False,,,,
2432608,EP-6 糖组 107秒 精二1级无限定堵门速刷 玛恩纳+银灰 （出苍白海）,2024-12-05T18:19:09+00:00,240,19,2,0,1,https://www.skland.com/article?id=2432608,False,,,,
253737,ZT-9双人速刷（玛恩纳鸿雪）,2023-11-02T04:48:33+00:00,432,29,2,0,1,https://www.skland.com/article?id=253737,False,2026-09-11T22:17:42+00:00,strategy_public_search_top20,"[""鸿雪""]",operator
3389883,金光静雨所到之处，博士竭诚欢迎！【卡西米尔阵营队#6 玛恩纳篇】,2025-11-04T05:09:35+00:00,168,15,1,0,0,https://www.skland.com/article?id=3389883,False,,,,
1397560,【银心湖列车】RS-8 玛恩纳单核 低配简单好抄 带图文精细解析,2023-12-05T15:31:46+00:00,1138,148,20,0,58,https://www.skland.com/article?id=1397560,False,,,,
3278960,【第十六章·反常光谱】16-16险地/沙盘推演 玛恩纳 摆完半挂机,2025-10-11T23:34:10+00:00,56,1,1,0,0,https://www.skland.com/article?id=3278960,False,,,,
1270289,【ZT-EX-7突袭】五人半挂机，简单好抄。仅玛恩纳必须。,2023-11-08T12:04:25+00:00,143,12,2,0,3,https://www.skland.com/article?id=1270289,False,,,,
5633077,VEC-SP16玛恩纳单核驻守【矢量突破#2巫术之夜】,2026-03-05T21:05:42+00:00,569,188,3,0,2,https://www.skland.com/article?id=5633077,False,,,,
2217838,8.29罗德岛日报 【限定池抽取建议】【玛恩纳进店建议】,2024-08-28T23:37:31+00:00,2054,70,2,0,11,https://www.skland.com/article?id=2217838,False,,,,
2359162,PV-8 轻锰矿 99秒 精二1级信赖速刷 玛恩纳+凯尔希+锏 （揭幕者们）,2024-11-01T16:55:16+00:00,403,36,4,0,2,https://www.skland.com/article?id=2359162,False,,,,
128275,【CV-8】玛恩纳单核低配攻略（附带蚀刻章）,2023-09-05T13:00:51+00:00,865,98,13,0,26,https://www.skland.com/article?id=128275,False,,,,
2916848,【矢量突破#1】特别战线10 行色匆匆 玛恩纳+任意驭械 VEC-SP10,2025-05-22T10:08:56+00:00,112,31,0,0,2,https://www.skland.com/article?id=2916848,False,,,,
2233283,【泰拉饭】DT-5 平民阵容玛恩纳单核打法,2024-09-02T17:41:57+00:00,96,25,0,0,1,https://www.skland.com/article?id=2233283,False,,,,
2234042,【泰拉饭】DT-8 平民阵容玛恩纳单核关底攻略,2024-09-03T04:04:53+00:00,126,21,0,0,6,https://www.skland.com/article?id=2234042,False,,,,
2703679,3把可拿蚀刻章 EA-7 半自然溶液 92秒 阿斯卡纶+玛恩纳 无限定堵门速刷,2025-03-07T18:20:41+00:00,48,7,1,0,0,https://www.skland.com/article?id=2703679,False,,,,
2247540,【泰拉饭】DT-EX-1突袭低配过图思路（玛恩纳单核）,2024-09-09T11:28:03+00:00,12,4,0,0,0,https://www.skland.com/article?id=2247540,False,,,,
3273685,真言食用指南&养成攻略，岁月美人🌼对策干员,2025-10-09T14:53:27+00:00,2809,128,32,0,14,https://www.skland.com/article?id=3273685,False,,,,
3282640,「反常光谱」版本基建解析（真言、折桠、冬时）,2025-10-13T08:31:34+00:00,445,10,2,0,0,https://www.skland.com/article?id=3282640,False,,,,
3328568,新人练干员二三事：抽到真言该不该练？,2025-10-29T08:29:52+00:00,496,42,2,0,18,https://www.skland.com/article?id=3328568,False,,,,
3277184,【2025.10】模组升级-综合推荐（娜仁图亚、真言、艾雅法拉、圣约送葬人）,2025-10-11T04:57:40+00:00,6225,158,21,0,5,https://www.skland.com/article?id=3277184,False,2026-09-11T22:18:00+00:00,strategy_public_search_top20,"[""娜仁图亚""]",operator
3271349,【反常光谱】真言实装简评 我们酒后吐真言组合天下无敌啊！,2025-10-09T04:00:40+00:00,3072,96,17,0,32,https://www.skland.com/article?id=3271349,False,,,,
3271327,真言评测：多功能恐怖奶奶，酒神好搭档,2025-10-09T03:54:13+00:00,7277,165,24,0,69,https://www.skland.com/article?id=3271327,False,,,,
3272974,新干员真言3技能肯定下毒..?千万？什么恐怖老奶奶？！,2025-10-09T11:04:34+00:00,2540,452,6,0,12,https://www.skland.com/article?id=3272974,False,,,,
3267743,6星本源术士真言技能解析，破隐匿！靠麻痹层数打伤害，和酒神爆条不冲突能打配合！,2025-10-07T05:40:30+00:00,15658,299,55,0,105,https://www.skland.com/article?id=3267743,False,,,,
3300647,【方舟实战论130】单走有活，组队无敌，强力神经大C来临丨真言,2025-10-22T05:58:32+00:00,233,45,1,0,1,https://www.skland.com/article?id=3300647,False,,,,
3271971,精二满级真言实战测试，神经损伤王朝已然开启,2025-10-09T06:00:31+00:00,184,14,0,0,0,https://www.skland.com/article?id=3271971,False,,,,
3274429,未来还会有几位精英干员上岛！「反常光谱」版本基建解析（真言、折桠、冬时）,2025-10-09T23:50:18+00:00,334,68,2,0,1,https://www.skland.com/article?id=3274429,False,,,,
3261744,新主线反常光谱情报汇总和解析-合成玉抽皮肤！新干员真言、折桠、冬时，回环射手模组,2025-10-04T08:32:27+00:00,1634,53,5,0,9,https://www.skland.com/article?id=3261744,False,,,,
3289207,【明日方舟】【反常光谱】H16-3酒神真言 伪双核 【高容错】,2025-10-16T18:59:48+00:00,173,16,0,0,1,https://www.skland.com/article?id=3289207,False,,,,
3271778,真言模组任务攻略简单好抄4k超清【明日方舟】,2025-10-09T05:12:10+00:00,30,3,0,0,0,https://www.skland.com/article?id=3271778,False,,,,
34759,[数据向测评]纯烬艾雅法拉：没有元素索敌，也能终结元素伤害？,2023-08-04T12:13:30+00:00,2782,27,5,0,11,https://www.skland.com/article?id=34759,False,,,,
3208522,【纯烬艾雅法拉】悖论模拟攻略,2025-09-07T13:05:45+00:00,44,9,0,0,0,https://www.skland.com/article?id=3208522,False,,,,
6273496,6星结城理技能前瞻数值计算，3条命赖着不死，8万总伤打4,2026-09-02T05:01:50+00:00,18389,3735,48,0,293,https://www.skland.com/article?id=6273496,False,,,,
6263745,女神异闻录3月行水上联动解析，送30抽，6星结城理，5星埃癸斯/岳羽由加莉,2026-08-29T12:29:29+00:00,1691,331,7,0,42,https://www.skland.com/article?id=6263745,False,,,,
6273238,「结城理」天赋技能一图流前瞻解析,2026-09-02T04:12:53+00:00,10004,467,26,0,92,https://www.skland.com/article?id=6273238,False,,,,
6281192,结城理首日简评及抽取专精建议,2026-09-04T09:02:23+00:00,47,0,0,0,0,https://www.skland.com/article?id=6281192,False,,,,
6269167,女神异闻录3联动5星岳羽由加莉技能前瞻，对群龙卷风，给队友法术充盈，优先给结城理,2026-08-31T10:19:09+00:00,6431,295,11,0,51,https://www.skland.com/article?id=6269167,False,,,,
6279024,干员测评【结城理】——单走挂机强力干员,2026-09-04T03:15:08+00:00,5687,241,14,0,87,https://www.skland.com/article?id=6279024,False,,,,
6278922,「结城理」培养专精攻略一图流,2026-09-04T02:21:11+00:00,27192,19636,241,0,181,https://www.skland.com/article?id=6278922,False,,,,
1915248,【走进维什戴尔】——这种玩ew的人一般目光呆滞,2024-05-09T14:32:38+00:00,3529,35,3,0,9,https://www.skland.com/article?id=1915248,False,,,,
2079561,最强的分队与最强的带队——蓝图维什戴尔运营思路,2024-07-18T07:29:31+00:00,8689,690,729,0,87,https://www.skland.com/article?id=2079561,False,,,,
1888041,何以为我-[维什戴尔]干员攻略,2024-05-05T04:57:01+00:00,4109,48,21,0,15,https://www.skland.com/article?id=1888041,False,,,,
1846705,【干员速评】#11维什戴尔——投掷手,2024-05-01T08:28:05+00:00,4957,62,11,0,14,https://www.skland.com/article?id=1846705,False,,,,
2158173,六星干员攻略（维什戴尔）,2024-08-06T20:59:22+00:00,3017,47,7,0,15,https://www.skland.com/article?id=2158173,False,,,,
1845253,六星干员速评【W-维什戴尔】——祖宗发射器！保底伤害12w，攻击性最高的一集,2024-05-01T07:34:32+00:00,4690,55,12,0,21,https://www.skland.com/article?id=1845253,False,,,,
2365747,【水月肉鸽/新人向】通关N15不再是梦！维什戴尔单核攻略 无需天胡 人人可学！,2024-11-03T08:10:34+00:00,4436,147,173,0,25,https://www.skland.com/article?id=2365747,False,,,,
1856831,维什戴尔W  强度评测和食用指南,2024-05-01T18:51:01+00:00,1605,25,0,0,1,https://www.skland.com/article?id=1856831,False,,,,
2688884,水月与深蓝之树N18维什戴尔开局攻略①,2025-02-28T03:56:28+00:00,1842,63,54,0,6,https://www.skland.com/article?id=2688884,False,,,,
2045350,水月与深蓝之树个人作战总结（V）-N15维什戴尔开局人之光辉攻略（完结撒花）,2024-07-05T14:13:22+00:00,1854,61,41,0,14,https://www.skland.com/article?id=2045350,False,,,,
2032047,水月与深蓝之树个人作战总结（IV）-N15维什戴尔开局第五、六区域，奇境结局,2024-06-28T13:25:54+00:00,1296,54,22,0,6,https://www.skland.com/article?id=2032047,False,,,,
2693381,水月与深蓝之树N18维什戴尔开局攻略②,2025-03-02T15:32:10+00:00,1217,42,34,0,15,https://www.skland.com/article?id=2693381,False,,,,
1883118,【何以为我】维什戴尔角色评测——新生的旗帜，贯穿这片大地的红色魔神,2024-05-04T14:14:18+00:00,1741,72,8,0,19,https://www.skland.com/article?id=1883118,False,,,,
2351807,萨卡兹的无终奇语探索攻略—P3 DLC1维什戴尔开局纯美愿队角标开荒向运营心得,2024-11-01T02:20:36+00:00,1904,83,75,0,15,https://www.skland.com/article?id=2351807,False,,,,
1867769,【慈悲灯塔】“祖宗之法？祖宗已经发射出去了！”——新干员维什戴尔实战测评,2024-05-03T03:30:15+00:00,3051,52,14,0,7,https://www.skland.com/article?id=1867769,False,,,,
1860559,维什戴尔W  强度评测和食用指南,2024-05-02T06:21:28+00:00,1603,21,4,0,5,https://www.skland.com/article?id=1860559,False,,,,
2085121,蓝图维神的暴力美学——维什戴尔核心后期图的处理方法,2024-07-20T08:23:27+00:00,1609,58,70,0,8,https://www.skland.com/article?id=2085121,False,,,,
1958257,【孤星】CW-10 维什戴尔速刷炽合金124s,2024-05-24T09:46:04+00:00,607,23,4,0,0,https://www.skland.com/article?id=1958257,False,,,,
2016655,水月与深蓝之树个人作战总结（III）-N15维什戴尔开局道中攻略前四区域,2024-06-20T14:08:16+00:00,1187,64,30,0,9,https://www.skland.com/article?id=2016655,False,,,,
1845112,【慈悲灯塔】维什戴尔&逻格斯简评 新神已至！史上最强限定池！,2024-05-01T07:08:30+00:00,4867,97,25,0,40,https://www.skland.com/article?id=1845112,False,,,,
5996198,【丛林症结】BD-8 演算的终点 突袭 维什戴尔 单核,2026-07-15T10:45:27+00:00,9,3,0,0,0,https://www.skland.com/article?id=5996198,False,,,,
5811975,维什戴尔1人 17-5 液化高能气体【相变临界】速刷材料挂机攻略 明日方舟,2026-05-01T10:17:33+00:00,339,64,0,0,2,https://www.skland.com/article?id=5811975,False,,,,
3545533,【引航者试炼#6】 TN-1恢宏试炼 维什戴尔 无漏无增益,2025-12-25T20:38:56+00:00,78,16,0,0,0,https://www.skland.com/article?id=3545533,False,,,,
3428084,新模式没有维什戴尔？卫戍协议游玩必看！编队干员+主流炎国阵容推荐,2025-11-14T18:40:12+00:00,131,10,1,0,2,https://www.skland.com/article?id=3428084,False,,,,
3368468,【雪山降临1101】OS-10维什戴尔单核攻略,2025-11-01T07:24:12+00:00,69,4,0,0,0,https://www.skland.com/article?id=3368468,False,,,,
3087744,【墟】AT-8维什戴尔单人，我的天啊维什戴尔大人,2025-08-02T08:43:59+00:00,41,8,0,0,0,https://www.skland.com/article?id=3087744,False,,,,
2922792,【单人VEC-A】维什戴尔大人,2025-05-24T23:37:02+00:00,318,26,0,0,5,https://www.skland.com/article?id=2922792,False,,,,
2875999,【众生行记】建立在维什戴尔基础上的MT-8两分十九秒通关,2025-05-09T15:24:06+00:00,46,4,0,0,0,https://www.skland.com/article?id=2875999,False,,,,
2805342,【云宝的音乐餐厅】莱伊得了mvp，维什戴尔是躺赢狗 —— H15-4自闭忍宗,2025-04-21T04:19:48+00:00,142,16,2,0,2,https://www.skland.com/article?id=2805342,False,2026-09-11T22:17:58+00:00,strategy_public_search_top20,"[""莱伊""]",operator
2781772,【解离复合】15-17 维什戴尔 单核,2025-04-09T16:15:06+00:00,68,8,1,0,1,https://www.skland.com/article?id=2781772,False,,,,
2757297,【昨日圆车】AK-S-1全灭罗德岛全员攻略简单好抄打爆维什戴尔4k超清,2025-04-01T14:20:18+00:00,36,9,1,0,0,https://www.skland.com/article?id=2757297,False,,,,
2746134,【挽歌燃烧殆尽】2025年还有被维什戴尔6炮轰翻的BOSS？,2025-03-28T11:44:23+00:00,361,15,0,0,4,https://www.skland.com/article?id=2746134,False,,,,
2709044,【选帝候广场】刚出来就轻松拿下201双人？爱布拉娜+维什戴尔 双人无先锋剿灭,2025-03-10T11:06:47+00:00,63,4,0,0,0,https://www.skland.com/article?id=2709044,False,,,,
2702606,【挽歌燃烧殆尽】维什戴尔单人EA-6堵门99s速刷研磨石 摆完半挂机简单好抄,2025-03-07T12:53:36+00:00,96,9,0,0,0,https://www.skland.com/article?id=2702606,False,,,,
2667001,【我们明日见】SE-7突袭 维什戴尔单核,2025-02-14T15:03:26+00:00,10,3,0,0,0,https://www.skland.com/article?id=2667001,False,,,,
2666574,【我们明日见】SE-8突袭 维什戴尔单核,2025-02-14T12:59:10+00:00,20,3,0,0,0,https://www.skland.com/article?id=2666574,False,,,,
2666172,【我们明日见】SE-8突袭 维什戴尔+乌尔比安双核,2025-02-14T11:00:03+00:00,165,14,1,0,0,https://www.skland.com/article?id=2666172,False,,,,
2666010,【我们明日见】SE-7 突袭 维什戴尔单核,2025-02-14T10:21:57+00:00,79,7,0,0,0,https://www.skland.com/article?id=2666010,False,,,,
2306840,六星干员攻略（维娜·维多利亚）,2024-10-09T18:44:43+00:00,1639,23,2,0,10,https://www.skland.com/article?id=2306840,False,,,,
2310550,【实用性测评#19】维娜·维多利亚——术战者,2024-10-11T17:49:58+00:00,915,23,0,0,2,https://www.skland.com/article?id=2310550,False,,,,
2305072,【干员速评】#19维娜·维多利亚——术战者,2024-10-09T10:32:36+00:00,1121,35,1,0,4,https://www.skland.com/article?id=2305072,False,,,,
2303441,六星干员简评【维娜·维多利亚🦁】7w真伤打4！全新版本的黄色幻神,2024-10-09T07:59:25+00:00,6362,102,12,0,63,https://www.skland.com/article?id=2303441,False,,,,
2303451,【追迹日落以西】维娜·维多利亚简评 超大杯起步！6w真伤打4！,2024-10-09T08:00:35+00:00,1490,24,3,0,8,https://www.skland.com/article?id=2303451,False,,,,
2303426,「追迹日落以西」版本干员基建技能解析（维娜·维多利亚、波卜、凯瑟琳）,2024-10-09T07:52:16+00:00,603,9,1,0,1,https://www.skland.com/article?id=2303426,False,,,,
1784545,【限定干员测评#4】携带榜综合榜双料冠军？！缄默德克萨斯详细测评,2024-04-24T13:48:42+00:00,2695,66,14,0,17,https://www.skland.com/article?id=1784545,False,,,,
3610796,【方舟实战论134】2技能才是真神？没睡眠抗性犯天条了丨缇缇,2026-01-20T11:44:07+00:00,437,55,3,0,3,https://www.skland.com/article?id=3610796,False,,,,
3592369,6星缇缇强度和用法解析，睡眠机制注意点，目前为止26年最强6星,2026-01-16T04:17:39+00:00,3604,335,33,0,29,https://www.skland.com/article?id=3592369,False,,,,
3576812,【雅赛努斯复仇记】缇缇实装简评 10w总伤2k4hps沉睡法伤大c,2026-01-09T04:36:34+00:00,12212,271,21,0,44,https://www.skland.com/article?id=3576812,False,,,,
3576610,一图流测评【缇缇】——睡眠体系核心，回转非常优秀的群体沉睡,2026-01-09T03:50:01+00:00,1929,104,8,0,17,https://www.skland.com/article?id=3576610,False,,,,
3566226,一图流测评【缇缇】——睡眠体系新组件，还有群体免死,2026-01-06T13:13:05+00:00,9142,111,12,0,45,https://www.skland.com/article?id=3566226,False,,,,
3589170,新人练干员二三事：抽到缇缇该不该练？,2026-01-14T09:22:33+00:00,187,22,0,0,13,https://www.skland.com/article?id=3589170,False,,,,
3588123,缇缇养成攻略技能解析,2026-01-13T15:21:41+00:00,801,55,8,0,2,https://www.skland.com/article?id=3588123,False,,,,
3565828,6星缇缇技能前瞻解析（睡眠敌人+我方群体锁血25秒）,2026-01-06T08:00:18+00:00,2125,237,11,0,14,https://www.skland.com/article?id=3565828,False,,,,
3561700,雅赛努斯复仇记情报汇总和解析，新6星缇缇睡眠永控？烛煌/隐隐/行箸新皮肤,2026-01-03T06:48:06+00:00,9921,273,15,0,45,https://www.skland.com/article?id=3561700,False,2026-09-11T22:18:40+00:00,strategy_public_search_top20,"[""烛煌""]",operator
3577506,「雅赛努斯复仇记」基建解析（缇缇、撷英调香师、摆渡人）,2026-01-09T07:16:47+00:00,1060,60,10,0,5,https://www.skland.com/article?id=3577506,False,,,,
6223168,【明日方舟】保全派驻 日达诺夫园区 应急补给LT-6罪恶终局 缇缇快乐局,2026-08-17T04:55:10+00:00,125,7,0,0,0,https://www.skland.com/article?id=6223168,False,,,,
3578201,【雅赛努斯复仇记】缇缇X模组任务AS-7摆完挂机 简单好抄高容错,2026-01-09T11:00:58+00:00,36,9,0,0,0,https://www.skland.com/article?id=3578201,False,,,,
3589011,【雅赛努斯复仇记】ME-8 神谕示显 缇缇 精二蛇屠箱1.5核,2026-01-14T07:00:18+00:00,50,11,0,0,0,https://www.skland.com/article?id=3589011,False,,,,
1448769,关于干员缪尔赛思的一些使用心得与分享,2023-12-30T15:47:38+00:00,3709,280,44,0,75,https://www.skland.com/article?id=1448769,False,,,,
6063,【苟淡居士】缪尔赛思的孤独圆舞曲——全方位万字详解缪尔赛思,2023-07-21T13:33:47+00:00,652,53,27,0,3,https://www.skland.com/article?id=6063,False,,,,
44277,【巅峰之塔#缪尔赛思】“繁多皆谎，世如朝露”,2023-08-08T08:35:19+00:00,360,21,2,0,4,https://www.skland.com/article?id=44277,False,,,,
5730264,【卫戍协议：盟约】五千字精讲 缪尔赛思策略 详细运营攻略,2026-04-05T12:19:53+00:00,1497,275,27,0,38,https://www.skland.com/article?id=5730264,False,,,,
3208467,【缪尔赛思】悖论模拟攻略,2025-09-07T12:44:29+00:00,29,3,0,0,0,https://www.skland.com/article?id=3208467,False,,,,
182671,六星干员攻略（能天使）,2023-10-06T14:35:12+00:00,5209,62,26,0,15,https://www.skland.com/article?id=182671,False,,,,
2136256,六星干员速评【娜仁图亚】——大姨，新时代能天使，生吃榴莲针，是吃拐界的豪杰,2024-08-01T17:09:46+00:00,5490,88,13,0,19,https://www.skland.com/article?id=2136256,False,2026-09-11T22:17:59+00:00,strategy_public_search_top20,"[""娜仁图亚""]",operator
104864,【走近干员#01】能天使——战斗篇,2023-08-31T15:57:06+00:00,2704,109,22,0,31,https://www.skland.com/article?id=104864,False,,,,
2431735,一分钟直观对比能天使新模组强度~【出苍白海】,2024-12-05T14:06:05+00:00,1366,80,4,0,6,https://www.skland.com/article?id=2431735,False,,,,
2665467,六星干员速评【隐德来希】——低破甲高总伤dps6000+，什么地面能天使,2025-02-14T08:39:12+00:00,2110,30,1,0,11,https://www.skland.com/article?id=2665467,False,,,,
2854904,新月能天使强度评测食用指南，天使弹药队,2025-05-03T09:19:45+00:00,467,8,4,0,3,https://www.skland.com/article?id=2854904,False,,,,
2851916,为什么新旧能天使都不是拉特兰阵营？基建阵营体系解析,2025-05-02T15:51:26+00:00,4895,271,23,0,14,https://www.skland.com/article?id=2851916,False,,,,
3202510,【无忧梦呓】双能天使SS-7堵门67s速刷转质盐组 简单好抄高容错,2025-09-05T15:48:22+00:00,999,71,6,0,3,https://www.skland.com/article?id=3202510,False,,,,
3233113,【攻略补全计划】能天使—悖论模拟,2025-09-20T13:32:40+00:00,26,4,1,0,0,https://www.skland.com/article?id=3233113,False,,,,
3185900,【能天使】悖论模拟攻略,2025-08-31T13:23:33+00:00,38,5,0,0,0,https://www.skland.com/article?id=3185900,False,,,,
2871736,【众生行记】MT-7能天使单核低配平民攻略,2025-05-08T04:19:51+00:00,19,8,0,0,0,https://www.skland.com/article?id=2871736,False,,,,
1413287,六星干员攻略（艾雅法拉）,2023-12-12T20:59:08+00:00,3301,47,13,0,11,https://www.skland.com/article?id=1413287,False,,,,
162973,【走近干员#04】艾雅法拉——战斗篇,2023-09-25T02:44:49+00:00,1529,28,3,0,7,https://www.skland.com/article?id=162973,False,,,,
2803608,【明日方舟】五年的领头羊，如今终于得以休息 | 技能专精推荐·艾雅法拉,2025-04-20T08:24:14+00:00,486,22,3,0,1,https://www.skland.com/article?id=2803608,False,,,,
60714,【明日方舟】传承与反叛，艾雅法拉的梦中童话——火山旅梦剧情解析（中）种子之章,2023-08-26T07:09:35+00:00,1533,83,30,0,11,https://www.skland.com/article?id=60714,False,,,,
5606452,【矢量突破#2巫术之夜】VEC-SP13艾雅法拉单核驻守,2026-02-27T21:41:55+00:00,74,15,0,0,0,https://www.skland.com/article?id=5606452,False,,,,
3233167,【攻略补全计划】艾雅法拉—悖论模拟,2025-09-20T13:53:33+00:00,30,5,0,0,0,https://www.skland.com/article?id=3233167,False,,,,
3208503,【艾雅法拉】悖论模拟攻略,2025-09-07T13:00:16+00:00,69,10,0,0,0,https://www.skland.com/article?id=3208503,False,,,,
2369774,【干员实用性测评#20】荒芜拉普兰德——驭械术师,2024-11-04T17:26:25+00:00,1745,34,2,0,1,https://www.skland.com/article?id=2369774,False,,,,
2352721,【揭幕者们】荒芜拉普兰德实装数据简评 60s暖机，但是极限对单19w的超级大c,2024-11-01T08:06:15+00:00,3647,78,2,0,18,https://www.skland.com/article?id=2352721,False,,,,
2359689,【干员实用性测评】#20荒芜拉普兰德——驭械术师,2024-11-01T21:51:09+00:00,3628,131,14,0,16,https://www.skland.com/article?id=2359689,False,,,,
2354127,荒芜拉普兰德实战测试！感受来自术士的恐惧吧！,2024-11-01T08:59:03+00:00,2120,70,2,0,18,https://www.skland.com/article?id=2354127,False,,,,
2367241,【2024.11】模组升级-综合推荐（阿尔图罗、荒芜拉普兰德、忍冬等）,2024-11-03T16:26:59+00:00,11138,419,331,0,38,https://www.skland.com/article?id=2367241,False,2026-09-11T22:18:08+00:00,strategy_public_search_top20,"[""忍冬""]",operator
2352396,「揭幕者们」版本干员基建技能解析（荒芜拉普兰德、忍冬、弑君者、裁度、菲莱、云迹）,2024-11-01T06:42:29+00:00,1928,62,9,0,10,https://www.skland.com/article?id=2352396,False,2026-09-11T22:18:08+00:00,strategy_public_search_top20,"[""忍冬""]",operator
3419366,新人练干员二三事：歪到荒芜拉普兰德该不该练？,2025-11-12T08:35:05+00:00,1036,30,5,0,23,https://www.skland.com/article?id=3419366,False,,,,
3208507,【荒芜拉普兰德】悖论模拟攻略,2025-09-07T13:01:35+00:00,8,4,0,0,0,https://www.skland.com/article?id=3208507,False,,,,
2356574,荒芜拉普兰德模组任务简单好抄,2024-11-01T11:36:59+00:00,213,8,3,0,0,https://www.skland.com/article?id=2356574,False,,,,
2356142,满级满模组专三荒芜拉普兰德实战，夸张的对群与总伤，狼群围猎！,2024-11-01T10:57:18+00:00,10774,666,27,0,195,https://www.skland.com/article?id=2356142,False,,,,
58384,【云间清醒梦】 琳琅诗怀雅角色评测——琳琅珠玑，一掷逆乾坤,2023-08-21T14:04:39+00:00,4266,53,10,0,12,https://www.skland.com/article?id=58384,False,,,,
2057250,【2024.07】模组升级-综合推荐（假日威龙陈、琳琅诗怀雅、莫斯提马）,2024-07-10T15:57:39+00:00,3555,128,85,0,20,https://www.skland.com/article?id=2057250,False,2026-09-11T22:18:20+00:00,strategy_public_search_top20,"[""假日威龙陈"", ""莫斯提马""]",operator
34547,【集成战略】英雄无名 诗怀雅推人教程,2023-08-04T09:56:44+00:00,1492,95,15,0,9,https://www.skland.com/article?id=34547,False,,,,
2106484,【方舟五星图鉴32】诗怀雅-未来的龙门近卫局局长！一分钟带你认识五星干员,2024-07-27T12:41:02+00:00,274,23,0,0,2,https://www.skland.com/article?id=2106484,False,,,,
94468,诗怀雅后日谈：为了梦想她付出了什么代价——从琳琅诗怀雅档案说起,2023-08-30T07:54:37+00:00,2674,404,97,0,31,https://www.skland.com/article?id=94468,False,,,,
2730120,【促融共竞-足球】大力出奇迹-琳琅诗怀雅单核,2025-03-22T02:08:11+00:00,134,2,3,0,6,https://www.skland.com/article?id=2730120,False,,,,
2916718,【特别战线】VEC-09琳琅诗怀雅，单人一步。风尘仆仆,2025-05-22T09:05:43+00:00,95,10,1,0,1,https://www.skland.com/article?id=2916718,False,,,,
5983062,谬因专三1技能挂机实战 7格长手超级小火龙,2026-07-10T11:47:28+00:00,316,32,1,0,1,https://www.skland.com/article?id=5983062,False,,,,
5981576,干员测评【谬因】-攻击能拐弯，总伤14w的群法,2026-07-10T04:14:26+00:00,5026,331,8,0,65,https://www.skland.com/article?id=5981576,False,,,,
5981521,「谬因」培养专精推荐一图流,2026-07-10T03:57:11+00:00,16264,449,42,0,135,https://www.skland.com/article?id=5981521,False,,,,
5978252,6星谬因技能效果前瞻-13万伤害超远距离真群攻,2026-07-08T10:11:52+00:00,2123,254,2,0,32,https://www.skland.com/article?id=5978252,False,,,,
5980083,7月新模组前瞻和开启建议-苇草，烛煌，谬因,2026-07-09T09:57:18+00:00,2811,280,7,0,25,https://www.skland.com/article?id=5980083,False,2026-09-11T22:18:40+00:00,strategy_public_search_top20,"[""烛煌""]",operator
6042968,【方舟实战论142】会转弯的子弹！新时代小火龙？难度高但有活丨谬因,2026-07-26T07:38:51+00:00,115,17,0,0,1,https://www.skland.com/article?id=6042968,False,,,,
5986820,【2026.07】模组升级-综合推荐（谬因、焰影苇草、烛煌）,2026-07-11T10:30:25+00:00,1090,43,8,0,3,https://www.skland.com/article?id=5986820,False,2026-09-11T22:18:40+00:00,strategy_public_search_top20,"[""烛煌""]",operator
5982246,「丛林症结」干员基建技能解析（谬因、佩德洛）,2026-07-10T07:10:05+00:00,212,21,1,0,0,https://www.skland.com/article?id=5982246,False,,,,
5983054,【丛林症结】谬因y模组任务DV-3摆完挂机 简单好抄高容错,2026-07-10T11:43:59+00:00,31,9,0,0,0,https://www.skland.com/article?id=5983054,False,,,,
5982063,重新定义无限直线！谬因专三实战演示,2026-07-10T06:18:51+00:00,2298,353,12,0,35,https://www.skland.com/article?id=5982063,False,,,,
5971980,丛林症结版本前瞻总结和解析，初雪莱伊新皮肤，酒神复刻，新6星谬因厕所战神？,2026-07-05T05:48:34+00:00,2621,255,5,0,38,https://www.skland.com/article?id=5971980,False,2026-09-11T22:17:58+00:00,strategy_public_search_top20,"[""莱伊""]",operator
5994500,【丛林症结】BD-7 不断电 突袭 谬因 单核,2026-07-14T13:38:07+00:00,19,6,0,0,0,https://www.skland.com/article?id=5994500,False,,,,
5643164,一图流测评【贝洛内】——9费打单23w，但更推荐有输出有控二技能,2026-03-10T04:04:39+00:00,13308,244,23,0,129,https://www.skland.com/article?id=5643164,False,,,,
5643281,【十字路口】贝洛内实装简评 新时代减甲拐C 64%减甲10w/40%减甲20w,2026-03-10T04:41:35+00:00,1443,219,5,0,31,https://www.skland.com/article?id=5643281,False,,,,
5642621,一图流前瞻【贝洛内】——9费打单20w，但更适合用来开局的干员,2026-03-09T17:51:41+00:00,6080,153,11,0,53,https://www.skland.com/article?id=5642621,False,,,,
5706736,【方舟实战论137】超高数值，但全看脸！新时代破甲拐怎么就业丨贝洛内,2026-03-29T14:36:48+00:00,169,20,0,0,0,https://www.skland.com/article?id=5706736,False,,,,
5639710,6星贝洛内技能前瞻，2技能64%破防，3技能20万总伤?,2026-03-08T11:10:36+00:00,6546,145,9,0,38,https://www.skland.com/article?id=5639710,False,,,,
5643767,今年最吵的新干员，贝洛内直接吵死敌人？没有人类了！,2026-03-10T07:09:05+00:00,2443,275,17,0,24,https://www.skland.com/article?id=5643767,False,,,,
5692878,尊贵的叙✌登场！「十字路口」基建解析（贝洛内、复奏）,2026-03-25T01:19:01+00:00,95,6,0,0,0,https://www.skland.com/article?id=5692878,False,,,,
5631475,故事集十字路口前瞻总结、卫戍协议二期、新6星斗士贝洛内、回归系统优化,2026-03-05T07:28:52+00:00,1840,122,17,0,13,https://www.skland.com/article?id=5631475,False,,,,
5643942,【十字路口】贝洛内Y模组任务6-2摆完挂机 简单好抄高容错,2026-03-10T08:14:39+00:00,36,4,0,0,0,https://www.skland.com/article?id=5643942,False,,,,
5645899,叙拉古阵营再加强！贝洛内干员基建技能解析,2026-03-11T03:17:36+00:00,456,166,2,0,2,https://www.skland.com/article?id=5645899,False,,,,
5240158,一图流测评【赤刃明霄陈】——首个生命值百分比伤害！清杂攻坚无敌位移多位一体,2026-02-09T17:42:08+00:00,15686,5715,90,0,50,https://www.skland.com/article?id=5240158,False,,,,
5255598,【辞岁行】赤刃明霄陈实装简评 保底6kDPS12w总伤还有百分比伤害的弱点大C,2026-02-10T05:23:59+00:00,2122,655,7,0,3,https://www.skland.com/article?id=5255598,False,,,,
5256076,七秒做掉塔露拉！赤刃明霄陈超强实战演示,2026-02-10T05:33:35+00:00,3156,970,8,0,16,https://www.skland.com/article?id=5256076,False,,,,
5654186,【方舟实战论136】帝王之征！上限无穷高？卫戍协议大C预定丨赤刃明霄陈,2026-03-13T02:12:40+00:00,320,31,2,0,2,https://www.skland.com/article?id=5654186,False,,,,
5279640,晓歌 Pro Plus 登场！「辞岁行」基建解析（望、赤刃明霄陈、风絮、矩）,2026-02-10T17:41:08+00:00,3840,272,30,0,1,https://www.skland.com/article?id=5279640,False,,,,
1875969,六星干员攻略(逻各斯),2024-05-03T21:09:49+00:00,8832,106,42,0,31,https://www.skland.com/article?id=1875969,False,,,,
1913280,【何以为我】逻各斯角色评测——此歌只应天上有，泰拉能得几回闻？,2024-05-09T03:03:12+00:00,3629,78,9,0,10,https://www.skland.com/article?id=1913280,False,,,,
1903067,【干员速评】#13逻各斯——中坚术师,2024-05-07T04:52:41+00:00,6931,87,14,0,8,https://www.skland.com/article?id=1903067,False,,,,
1912570,逻各斯角色评测-此歌只应天上有，泰拉能得几回闻？,2024-05-08T22:42:36+00:00,826,46,0,0,6,https://www.skland.com/article?id=1912570,False,,,,
2803622,【明日方舟】没有人比我更懂源石技艺 | 技能专精推荐·逻各斯,2025-04-20T08:29:50+00:00,1017,27,0,0,1,https://www.skland.com/article?id=2803622,False,,,,
2008789,【生路】BP-EX-7突袭低配过图思路（逻各斯单核）,2024-06-16T09:13:03+00:00,188,7,0,0,0,https://www.skland.com/article?id=2008789,False,,,,
1889129,全六星技能专精推荐：五周年开启新时代，迎接维什戴尔和逻各斯的冲击！,2024-05-05T07:35:48+00:00,1932,96,44,0,3,https://www.skland.com/article?id=1889129,False,,,,
2364246,【揭幕者们】PV-10低配过图思路（逻各斯单核）,2024-11-02T21:28:45+00:00,309,33,5,0,2,https://www.skland.com/article?id=2364246,False,,,,
2266660,【双人CV-EX-8突袭】令+逻各斯,2024-09-19T22:06:00+00:00,148,14,4,0,0,https://www.skland.com/article?id=2266660,False,,,,
5840694,「相变临界」H17-4望+逻各斯 双核,2026-05-09T05:37:05+00:00,670,314,6,0,8,https://www.skland.com/article?id=5840694,False,,,,
2493041,壬午号水稻田 逻各斯带3盾 摆完挂机,2025-01-05T23:50:09+00:00,1381,59,15,0,15,https://www.skland.com/article?id=2493041,False,,,,
2008781,【生路】BP-EX-5突袭低配过图思路（逻各斯单核）,2024-06-16T09:06:32+00:00,42,8,0,0,0,https://www.skland.com/article?id=2008781,False,,,,
3130450,【明日方舟】弧光作战620分镀层，双驭械+ew逻各斯无需天有四时，简单好抄高容错,2025-08-14T11:22:20+00:00,107,6,0,0,0,https://www.skland.com/article?id=3130450,False,,,,
3373975,【雪山降临1101】大姨逻各斯OS-8堵门107s挂机速刷刺球 简单好抄高容错,2025-11-01T14:55:35+00:00,60,9,0,0,0,https://www.skland.com/article?id=3373975,False,,,,
2493368,【壬午号水稻田】逻各斯单核带老干员400杀摆完挂机，不过是小猪！,2025-01-06T06:01:36+00:00,243,28,2,0,2,https://www.skland.com/article?id=2493368,False,,,,
2309917,【追迹日落以西】GO-9低配过图思路（逻各斯单核）,2024-10-11T11:25:32+00:00,59,8,0,0,0,https://www.skland.com/article?id=2309917,False,,,,
2383113,【揭幕者们】PV-EX-4突袭低配过图思路（逻各斯单核）,2024-11-10T11:30:33+00:00,45,6,0,0,0,https://www.skland.com/article?id=2383113,False,,,,
3319817,明日方舟剿灭作战【暗流巢窟】海祥+逻各斯,2025-10-27T02:11:19+00:00,73,11,1,0,0,https://www.skland.com/article?id=3319817,False,,,,
3274278,【反常光谱】16-10 哭声渐息 逻各斯 单核,2025-10-09T18:56:03+00:00,11,8,0,0,1,https://www.skland.com/article?id=3274278,False,,,,
3118022,【墟】AT-EX-1突袭低配过图思路（逻各斯单核）,2025-08-09T16:40:11+00:00,18,7,0,0,0,https://www.skland.com/article?id=3118022,False,,,,
2720534,逻各斯&乌尔比安同池？！超强6选3卡池，补强好机会！联机玩法回顾,2025-03-17T12:11:03+00:00,2194,119,12,0,16,https://www.skland.com/article?id=2720534,False,,,,
2683902,【怀黍离】HS-8 逻各斯 单核,2025-02-24T09:53:08+00:00,18,7,0,0,1,https://www.skland.com/article?id=2683902,False,,,,
2605860,【相见欢】无维什戴尔逻各斯OR-9无专精挂机少人攻略,2025-01-25T10:55:26+00:00,135,24,0,0,0,https://www.skland.com/article?id=2605860,False,,,,
2383109,【揭幕者们】PV-EX-3突袭低配过图思路（逻各斯单核）,2024-11-10T11:29:43+00:00,27,6,0,0,0,https://www.skland.com/article?id=2383109,False,,,,
2248973,【泰拉饭】DT-EX-5突袭低配过图思路（逻各斯单核）,2024-09-10T05:14:52+00:00,22,3,0,0,0,https://www.skland.com/article?id=2248973,False,,,,
2247859,【泰拉饭】DT-EX-3突袭低配过图思路（逻各斯单核）,2024-09-09T14:05:05+00:00,9,4,0,0,0,https://www.skland.com/article?id=2247859,False,,,,
2952752,酒神练度千万别低于精二88级2级模组（最没有潜能焦虑的一集）,2025-06-06T13:31:06+00:00,29951,901,125,0,152,https://www.skland.com/article?id=2952752,False,,,,
2947140,一分钟给你酒神的抽取，培养和使用建议！,2025-06-05T08:08:25+00:00,1842,24,5,0,14,https://www.skland.com/article?id=2947140,False,,,,
2947091,六星干员速评【酒神】——推荐专9的强者，机制多到技能小作文写不完的一集,2025-06-05T07:57:19+00:00,15968,216,67,0,71,https://www.skland.com/article?id=2947091,False,,,,
2972353,【方舟实战论125】控制欲拉满！机制之神，神经体系一人成军丨酒神,2025-06-15T11:58:37+00:00,3083,165,17,0,7,https://www.skland.com/article?id=2972353,False,,,,
3261960,以神自居的新晋幻神！酒神：一人撑起神经损伤体系,2025-10-04T10:34:59+00:00,390,18,1,0,0,https://www.skland.com/article?id=3261960,False,,,,
2948380,新干员酒神机制有多强？轻松永控？无限猫制？,2025-06-05T10:53:27+00:00,5622,579,42,0,22,https://www.skland.com/article?id=2948380,False,,,,
3185064,【菲林干员攻略#12】你看他名字里有神那一定很强吧.jpg——酒神篇,2025-08-31T06:38:01+00:00,392,8,0,0,0,https://www.skland.com/article?id=3185064,False,,,,
2967377,深入理解酒神三大全新机制：原理与实战,2025-06-13T00:45:32+00:00,328,15,0,0,0,https://www.skland.com/article?id=2967377,False,,,,
2949430,酒神/异格傀影食用指南强度，爱猫Miss.Christine,2025-06-05T14:16:23+00:00,437,13,2,0,4,https://www.skland.com/article?id=2949430,False,,,,
2947102,【红丝绒】酒神实装简评 一个技能硬控敌人30s,2025-06-05T08:02:44+00:00,11230,118,37,0,72,https://www.skland.com/article?id=2947102,False,,,,
2951864,【三分多钟测评·酒神】三大全新机制 × 逻辑自洽设计 = ？,2025-06-06T08:11:14+00:00,1915,36,10,0,1,https://www.skland.com/article?id=2951864,False,,,,
2940524,恭喜役役，酒神已至！新巫役酒神测评抢先看,2025-06-02T10:15:35+00:00,384,9,1,0,3,https://www.skland.com/article?id=2940524,False,,,,
2950982,元素新神+超强控制？酒神抽取建议,2025-06-06T02:25:27+00:00,330,29,0,0,3,https://www.skland.com/article?id=2950982,False,,,,
2938701,酒神技能简单解析，技能聚怪和可部署在不可部署地块的牢笼,2025-06-02T02:54:56+00:00,495,16,3,0,12,https://www.skland.com/article?id=2938701,False,,,,
2948701,芒酒双人AD-8 酒神首秀,2025-06-05T11:46:53+00:00,53,4,0,0,0,https://www.skland.com/article?id=2948701,False,,,,
2947867,酒神初步体验，“我家猫会后空翻”【红丝绒】,2025-06-05T09:37:21+00:00,561,62,0,0,6,https://www.skland.com/article?id=2947867,False,,,,
3117743,【墟】6人6步AT-EX-8突袭摆完挂机 无蕾缪安无酒神无深海队简单好抄高容错,2025-08-09T15:07:06+00:00,56,20,0,0,0,https://www.skland.com/article?id=3117743,False,2026-09-11T22:17:46+00:00,strategy_public_search_top20,"[""蕾缪安""]",operator
5973579,[酒神 单核]危机合约 涤墨行动 血刺坑道 轮换230分(含任务) 低配,2026-07-06T00:00:18+00:00,83,5,2,0,1,https://www.skland.com/article?id=5973579,False,,,,
5962022,【涤墨作战】3人阴郁影棚满级370分 红丝绒的怪当然要用酒神打【6.30轮换】,2026-06-30T02:11:51+00:00,170,26,0,0,1,https://www.skland.com/article?id=5962022,False,,,,
5953873,【涤墨作战】6人全任务一摆到底 无酒神无凛冬简单好抄620分摆完挂机蚀刻章镀层,2026-06-26T18:09:46+00:00,357,235,4,0,27,https://www.skland.com/article?id=5953873,False,,,,
5953187,【涤墨作战】稀音皮肤 酒神加精二蛇屠箱,2026-06-26T14:55:08+00:00,63,9,1,0,0,https://www.skland.com/article?id=5953187,False,,,,
5950822,明日方舟× 南京市红山森林动物园联动酒神，铃兰，阿米娅，拉普,2026-06-26T05:01:15+00:00,3851,444,23,0,77,https://www.skland.com/article?id=5950822,False,,,,
5945951,明日方舟×小马宝莉联动，新肉鸽黑流树海，酒神复刻，新故事集，全息矩阵二期,2026-06-23T14:38:11+00:00,30172,754,48,0,183,https://www.skland.com/article?id=5945951,False,,,,
5610376,【矢量突破2#】（巫术之夜）VEC-SP13 酒神3 精二1级单人 特别战线,2026-02-28T05:08:46+00:00,51,7,0,0,0,https://www.skland.com/article?id=5610376,False,,,,
3522713,PV-8 2人98秒 理论最速刷轻锰矿（酒神+号角解）,2025-12-14T07:38:05+00:00,84,4,0,0,0,https://www.skland.com/article?id=3522713,False,,,,
3287065,【反常光谱】16-14 唯有坦途 酒神 单核,2025-10-15T19:18:04+00:00,99,33,0,0,1,https://www.skland.com/article?id=3287065,False,,,,
3274273,【反常光谱】16-7 最后欢愉 酒神 单核,2025-10-09T18:53:12+00:00,31,8,0,0,0,https://www.skland.com/article?id=3274273,False,,,,
3222440,【无忧梦呓】SS-EX-6 突袭 酒神 单核:是大扑棱蛾子,2025-09-14T09:21:46+00:00,11,10,1,0,2,https://www.skland.com/article?id=3222440,False,,,,
3199222,【无忧梦呓】SS-7 酒神 单核,2025-09-04T19:07:59+00:00,57,13,2,0,4,https://www.skland.com/article?id=3199222,False,,,,
1437064,【重岳】千招百式在一息，然而意不在意？三千字分析大哥强度！,2023-12-24T10:29:04+00:00,3056,82,10,0,12,https://www.skland.com/article?id=1437064,False,,,,
23881,重岳单人输出全线程萨米肉鸽二结局【明日方舟】,2023-07-29T16:59:11+00:00,1313,41,1,0,5,https://www.skland.com/article?id=23881,False,,,,
1396628,【银心湖列车】RS-7三人摆完挂机，简单好抄，重岳单核，刷轻锰矿。,2023-12-05T11:28:33+00:00,458,25,2,0,4,https://www.skland.com/article?id=1396628,False,,,,
56750,【保全派驻】甜品平台，重岳+三星队，简单好抄，详细解说,2023-08-19T02:34:37+00:00,411,14,3,0,14,https://www.skland.com/article?id=56750,False,,,,
54401,【保全派驻】荒废灯塔挂机攻略（重岳核心、纯艾羊辅助）,2023-08-16T08:50:35+00:00,600,20,1,0,1,https://www.skland.com/article?id=54401,False,,,,
1769543,保全派驻 边地移动城镇（杂音纠治团）可充能督战音响——重岳（五先锋）,2024-04-18T02:40:21+00:00,90,6,3,0,1,https://www.skland.com/article?id=1769543,False,,,,
2441418,12.10罗德岛日报 【银心湖刷取建议】【年重岳皮肤含龙泡泡】,2024-12-10T12:29:10+00:00,3122,99,8,0,19,https://www.skland.com/article?id=2441418,False,,,,
2171514,重岳，一拳秒杀，祖巴伊达姆,2024-08-11T04:35:02+00:00,3963,1128,35,0,56,https://www.skland.com/article?id=2171514,False,,,,
3208477,【重岳】悖论模拟攻略,2025-09-07T12:47:50+00:00,28,4,0,0,0,https://www.skland.com/article?id=3208477,False,,,,
39997,从零开始的辅助生活（铃兰篇）,2023-08-06T11:13:21+00:00,3753,60,16,0,22,https://www.skland.com/article?id=39997,False,,,,
2096994,六星干员攻略（铃兰）,2024-07-24T20:20:10+00:00,3971,46,21,0,4,https://www.skland.com/article?id=2096994,False,,,,
2341593,【卡池杂谈#7】拉狗越位进店，铃兰随妈陪跑！小羊铃兰池是否值得抽取？,2024-10-27T14:50:04+00:00,1601,53,5,0,22,https://www.skland.com/article?id=2341593,False,,,,
5732166,【卫戍协议】铃兰百分百电表倒转攻略,2026-04-06T04:55:32+00:00,632,22,19,0,5,https://www.skland.com/article?id=5732166,False,,,,
5769181,铃焰在手，天下我有 ☆ 卫戍协议终极模式铃兰策略路人局攻略,2026-04-19T03:08:25+00:00,167,10,4,0,0,https://www.skland.com/article?id=5769181,False,,,,
33840,六星干员攻略（银灰）,2023-08-03T19:33:17+00:00,6847,40,18,0,25,https://www.skland.com/article?id=33840,False,,,,
1888063,【菲林干员攻略#7】三年之期已到，银神，启动！——模组银灰篇,2024-05-05T04:59:13+00:00,2254,34,4,0,8,https://www.skland.com/article?id=1888063,False,,,,
2827947,近锋队版本答案银灰全局思路运营教学,2025-04-28T08:17:10+00:00,895,19,3,0,0,https://www.skland.com/article?id=2827947,False,,,,
3400094,11月模组开启建议，星熊盾牌不吃特性，灵知特限配合银灰一刀冰冻，推王Y模提升不错,2025-11-07T01:24:41+00:00,4202,86,27,0,22,https://www.skland.com/article?id=3400094,False,2026-09-11T22:18:42+00:00,strategy_public_search_top20,"[""灵知""]",operator
2923295,【矢量突破#1无机物】黑银灰白面鸮3人驻守VEC-SP15 简单好抄高容错,2025-05-25T03:46:29+00:00,45,7,0,0,0,https://www.skland.com/article?id=2923295,False,,,,
2281956,矢量突破 VEC-SP01 银灰 二技能 单人向攻略,2024-09-28T10:24:41+00:00,98,9,0,0,1,https://www.skland.com/article?id=2281956,False,,,,
3431590,【雪山降临】OS-S-1到OS-S-5突袭摆完半挂机、限定只使用EW无银灰等干员,2025-11-15T13:42:44+00:00,985,40,13,0,3,https://www.skland.com/article?id=3431590,False,,,,
2400191,卫戍协议核心协议银灰运营思路，简单好抄，容错率高。,2024-11-17T17:42:23+00:00,1040,41,10,0,6,https://www.skland.com/article?id=2400191,False,,,,
5981984,BD-7 银灰异拉 2人95秒速刷【丛林症结】少人信赖 明日方舟,2026-07-10T05:57:00+00:00,295,60,2,0,2,https://www.skland.com/article?id=5981984,False,,,,
5965714,【涤墨870】12人精二60级无潜能无银灰琴柳不凹闪批发作业 保姆级字幕解说,2026-07-02T00:52:33+00:00,265,38,5,0,2,https://www.skland.com/article?id=5965714,False,2026-09-11T22:18:10+00:00,strategy_public_search_top20,"[""琴柳""]",operator
5735340,维银灰2人酮凝集组PA-7【人们，我们】材料挂机攻略 明日方舟,2026-04-07T06:15:57+00:00,157,59,0,0,1,https://www.skland.com/article?id=5735340,False,,,,
3533987,银灰3星熊2 糖组EP-6速刷【出苍白海】少人信赖 堵门材料挂机 明日方舟,2025-12-21T03:48:56+00:00,152,75,0,0,0,https://www.skland.com/article?id=3533987,False,,,,
3369133,【雪山降临】银灰和夜刀真是一对苦命鸳鸯！,2025-11-01T08:09:06+00:00,29,0,0,0,0,https://www.skland.com/article?id=3369133,False,,,,
3368962,异格银灰+初雪初步体验，并非没有输出，两个数值怪【雪山降临】,2025-11-01T07:56:22+00:00,202,46,2,0,0,https://www.skland.com/article?id=3368962,False,,,,
1410134,【实用性测评#12】至强骑士三冠王？详细至尽的黑骑士锏测评！,2023-12-11T06:36:59+00:00,4903,95,22,0,16,https://www.skland.com/article?id=1410134,False,,,,
1396328,六星干员速评【锏】——短回转高爆发！那个三届冠军“黑骑士”，她终于来了,2023-12-05T10:05:19+00:00,9537,338,29,0,135,https://www.skland.com/article?id=1396328,False,,,,
1400708,重铸剑豪荣光!三冠王“黑骑士”【锏】评测解析,2023-12-06T18:56:01+00:00,1210,40,6,0,12,https://www.skland.com/article?id=1400708,False,,,,
1902910,五星兔兔测评【阿米娅(医疗)】,2024-05-07T04:10:51+00:00,6742,71,13,0,25,https://www.skland.com/article?id=1902910,False,,,,
2101662,【方舟五星图鉴11】阿米娅-罗德岛女主的养成之路！一分钟带你认识五星干员,2024-07-26T06:25:56+00:00,959,22,4,0,0,https://www.skland.com/article?id=2101662,False,,,,
2169437,【方舟五星图鉴69】阿米娅-承受悲伤超越苦痛！一分钟带你认识五星干员,2024-08-10T10:56:41+00:00,782,25,3,0,2,https://www.skland.com/article?id=2169437,False,,,,
2642960,汗流浃背！这下阿米娅真能顺着网线来打你了？,2025-02-05T03:53:50+00:00,507,40,12,0,3,https://www.skland.com/article?id=2642960,False,,,,
2505201,萨卡兹第5结局解锁和通关方法、阿米娅技能和机制以及种子,2025-01-13T04:09:39+00:00,2203,57,46,0,4,https://www.skland.com/article?id=2505201,False,,,,
2502839,【萨卡兹的无终奇语】五结局-不容拒绝-魔王阿米娅全解析，普通藏品轻松过！,2025-01-11T17:42:00+00:00,1695,209,50,0,8,https://www.skland.com/article?id=2502839,False,2026-09-11T22:18:52+00:00,strategy_public_search_top20,"[""魔王""]",operator
2498240,萨卡兹肉鸽第五结局，阿米娅炉芯终曲，解锁和通关攻略,2025-01-09T12:08:14+00:00,4521,168,80,0,22,https://www.skland.com/article?id=2498240,False,,,,
1487057,【人物志】阿米娅——我会直面，那通向未来的过去,2024-01-19T03:14:19+00:00,9137,3299,922,0,125,https://www.skland.com/article?id=1487057,False,,,,
3451314,新莱茵活动，阿米娅生日，引航者试炼，中国电影资料馆联动，揭幕者们和出苍白海复刻,2025-11-21T14:59:36+00:00,4355,193,30,0,39,https://www.skland.com/article?id=3451314,False,,,,
3428319,阿米娅散修流 险境轮椅攻略 卫戍协议险境轻松无漏挂机,2025-11-14T21:15:10+00:00,1317,92,20,0,13,https://www.skland.com/article?id=3428319,False,,,,
3578018,阿米娅乌尔歌蕾 异铁组ME-7速刷【雅赛努斯复仇记】少人信赖 堵门材料挂机,2026-01-09T10:03:54+00:00,356,171,3,0,3,https://www.skland.com/article?id=3578018,False,,,,
3578011,阿米娅斩业阿消 固源岩组ME-6速刷【雅赛努斯复仇记】少人信赖 堵门材料挂机,2026-01-09T10:01:48+00:00,199,40,0,0,0,https://www.skland.com/article?id=3578011,False,,,,
2431084,近卫阿米娅剑兔兔模组任务攻略简单好抄,2024-12-05T11:23:25+00:00,550,9,0,0,1,https://www.skland.com/article?id=2431084,False,,,,
5299697,赤陈干员攻略，一陈当关万夫莫开,2026-02-11T11:49:11+00:00,662,51,3,0,0,https://www.skland.com/article?id=5299697,False,,,,
3172316,【陈】悖论模拟攻略,2025-08-28T11:02:18+00:00,11,5,0,0,0,https://www.skland.com/article?id=3172316,False,,,,
221196,【弱势干员剖析#2】霍尔海雅的术士梦在哪里？,2023-10-27T04:05:19+00:00,5167,99,26,0,47,https://www.skland.com/article?id=221196,False,,,,
3419926,【2025.11】模组升级-综合推荐（初雪、斩熊、维娜、星源、灵知、霍尔海雅）,2025-11-12T12:16:19+00:00,7437,122,42,0,5,https://www.skland.com/article?id=3419926,False,2026-09-11T22:18:42+00:00,strategy_public_search_top20,"[""灵知""]",operator
163588,霍尔海雅实战小论文--CV-EX-7突袭作战总结,2023-09-25T13:15:04+00:00,394,18,1,0,4,https://www.skland.com/article?id=163588,False,,,,
1535512,六星干员速评【黍】——新时代奶盾来了,2024-02-01T10:47:49+00:00,3190,58,13,0,18,https://www.skland.com/article?id=1535512,False,,,,
1596344,【实用性测评#15】四位一体的超强机制怪？合约编队常驻干员？最详细的黍干员测评！,2024-02-14T17:23:24+00:00,2842,80,18,0,20,https://www.skland.com/article?id=1596344,False,,,,
3163161,【黍】悖论模拟攻略,2025-08-25T08:08:48+00:00,31,4,0,0,1,https://www.skland.com/article?id=3163161,False,,,,
1434995,BETA数据周报#52——糖铁溶剂都可刷，礼包周边齐上架,2023-12-23T12:41:59+00:00,2395,122,5,0,15,https://www.skland.com/article?id=1434995,False,2026-09-11T22:16:50+00:00,strategy_public_search_top20,"[""周边""]",merch_topic
2480085,【视相博物馆】SSS级45万分PM-1捣乱毛绒-2人超级钩爪,2024-12-29T10:34:18+00:00,79,5,0,0,0,https://www.skland.com/article?id=2480085,False,2026-09-11T22:16:58+00:00,strategy_public_search_top20,"[""毛绒""]",merch_topic
1680615,【水晶箭行动】通关CR-MO-1仅需4步！？摆完挂机，没有挂件也可抄的简单攻略,2024-03-14T13:42:59+00:00,531,50,10,0,14,https://www.skland.com/article?id=1680615,False,2026-09-11T22:17:04+00:00,strategy_public_search_top20,"[""挂件""]",merch_topic
2255448,这关终于可以无挂件解手了7-18突袭两人两步解手（无装置、无挂件）,2024-09-14T10:16:42+00:00,476,56,0,0,10,https://www.skland.com/article?id=2255448,False,2026-09-11T22:17:04+00:00,strategy_public_search_top20,"[""挂件""]",merch_topic
6282572,40%制造大C，但你的挂件位还够吗？「月行水上」版本基建解析,2026-09-04T14:06:54+00:00,1037,592,38,0,16,https://www.skland.com/article?id=6282572,False,2026-09-11T22:17:04+00:00,strategy_public_search_top20,"[""挂件""]",merch_topic
3526360,【方舟实战论133】小火龙迟到6年的究极售后？比起好位置，更是好Buff,2025-12-16T11:06:24+00:00,515,98,1,0,5,https://www.skland.com/article?id=3526360,False,2026-09-11T22:17:16+00:00,strategy_public_search_top20,"[""售后""]",merch_topic
2373827,【前情提要】企鹅物流万雌王在叙拉古沾花惹草的下场竟然是……（？）,2024-11-06T13:40:21+00:00,562,98,17,0,10,https://www.skland.com/article?id=2373827,False,2026-09-11T22:17:22+00:00,strategy_public_search_top20,"[""物流""]",merch_topic
2349826,【前情提要】企鹅物流万雌王在叙拉古沾花惹草的下场竟然是……（？）,2024-10-31T07:08:56+00:00,332,68,7,0,0,https://www.skland.com/article?id=2349826,False,2026-09-11T22:17:22+00:00,strategy_public_search_top20,"[""物流""]",merch_topic
2082065,【礼包性价比】//2024音律联觉系列礼包,2024-07-19T03:44:49+00:00,1904,73,9,0,15,https://www.skland.com/article?id=2082065,False,2026-09-11T22:17:26+00:00,strategy_public_search_top20,"[""音律联觉""]",merch_topic
2805123,【一图流数据更新】·2025音律联觉//「礼包性价比」,2025-04-21T01:12:40+00:00,2936,80,3,0,14,https://www.skland.com/article?id=2805123,False,2026-09-11T22:17:26+00:00,strategy_public_search_top20,"[""音律联觉""]",merch_topic
1691121,3.19罗德岛日报 【5/1音律联觉，血泪经验分享】,2024-03-19T00:24:57+00:00,2102,157,7,0,31,https://www.skland.com/article?id=1691121,False,2026-09-11T22:17:26+00:00,strategy_public_search_top20,"[""音律联觉""]",merch_topic
2115558,【新人向】自选六星干员推荐（2024夏日嘉年华版本）,2024-07-29T04:21:19+00:00,7114,125,40,0,50,https://www.skland.com/article?id=2115558,False,2026-09-11T22:17:28+00:00,strategy_public_search_top20,"[""嘉年华""]",merch_topic
3062644,【新人向】2025夏日嘉年华 自选六星推荐,2025-07-26T13:43:08+00:00,18900,206,77,0,356,https://www.skland.com/article?id=3062644,False,2026-09-11T22:17:28+00:00,strategy_public_search_top20,"[""嘉年华""]",merch_topic
6047585,夏日嘉年华5星嘉辛塔-技能前瞻解析，专精考取证书，鼓励朋友？,2026-07-27T12:55:33+00:00,1522,91,5,0,19,https://www.skland.com/article?id=6047585,False,2026-09-11T22:17:28+00:00,strategy_public_search_top20,"[""嘉年华""]",merch_topic
6044072,夏日嘉年华活动赠送5星时隙-技能前瞻解析，蹲在地上眯眼请求机魂大悦的样子真可爱,2026-07-26T13:05:26+00:00,1536,261,10,0,45,https://www.skland.com/article?id=6044072,False,2026-09-11T22:17:28+00:00,strategy_public_search_top20,"[""嘉年华""]",merch_topic
6037149,【2026夏日嘉年华】往期限定兑换推荐,2026-07-25T11:14:16+00:00,23170,443,19,0,331,https://www.skland.com/article?id=6037149,False,2026-09-11T22:17:28+00:00,strategy_public_search_top20,"[""嘉年华""]",merch_topic
2107895,饼组夏日嘉年华直播一图流总结,2024-07-27T14:42:36+00:00,4489,1449,21,0,29,https://www.skland.com/article?id=2107895,False,2026-09-11T22:17:28+00:00,strategy_public_search_top20,"[""嘉年华""]",merch_topic
2269433,BETA数据周报#91——设定集卷三即将见面，矢量突破呼之欲出,2024-09-21T07:17:01+00:00,1400,125,18,0,21,https://www.skland.com/article?id=2269433,False,2026-09-11T22:17:30+00:00,strategy_public_search_top20,"[""设定集""]",merch_topic
592044,六星干员攻略（空弦）,2023-11-05T12:37:56+00:00,3330,60,15,0,17,https://www.skland.com/article?id=592044,False,2026-09-11T22:17:38+00:00,strategy_public_search_top20,"[""空弦""]",operator
2867496,傀影肉鸽空弦开阵容构筑思路分享（DLC前）,2025-05-06T14:20:16+00:00,926,10,2,0,7,https://www.skland.com/article?id=2867496,False,2026-09-11T22:17:38+00:00,strategy_public_search_top20,"[""空弦""]",operator
36054,【模组简评】空弦,2023-08-05T04:07:11+00:00,3534,124,17,0,12,https://www.skland.com/article?id=36054,False,2026-09-11T22:17:38+00:00,strategy_public_search_top20,"[""空弦""]",operator
3027386,【狙击点】第十九期：空弦（速射手）,2025-07-13T11:42:33+00:00,966,61,3,0,10,https://www.skland.com/article?id=3027386,False,2026-09-11T22:17:38+00:00,strategy_public_search_top20,"[""空弦""]",operator
2888358,你会玩水月&空弦的特限模组吗？,2025-05-14T05:26:28+00:00,6057,218,41,0,62,https://www.skland.com/article?id=2888358,False,2026-09-11T22:17:38+00:00,strategy_public_search_top20,"[""空弦""]",operator
2844825,【模组测评】空弦特限模组速评——强但是有BUG，或许该重振兰登荣光了？,2025-05-01T14:51:21+00:00,1044,20,5,0,11,https://www.skland.com/article?id=2844825,False,2026-09-11T22:17:38+00:00,strategy_public_search_top20,"[""空弦""]",operator
1422831,保全派驻 塔山农业实验平台 （提丰，空弦3狙神的四变阵打法）指导向攻略,2023-12-17T14:43:31+00:00,150,15,1,0,0,https://www.skland.com/article?id=1422831,False,2026-09-11T22:17:51+00:00,strategy_public_search_top20,"[""提丰"", ""空弦""]",operator
3234401,【攻略补全计划】空弦—悖论模拟,2025-09-21T03:58:53+00:00,25,5,0,0,0,https://www.skland.com/article?id=3234401,False,2026-09-11T22:17:38+00:00,strategy_public_search_top20,"[""空弦""]",operator
2663894,[净罪作战]日替图落尘狭路200分狙击队（无维），我从08年就是空弦厨了,2025-02-13T13:05:11+00:00,100,19,0,0,3,https://www.skland.com/article?id=2663894,False,2026-09-11T22:17:38+00:00,strategy_public_search_top20,"[""空弦""]",operator
3185897,【空弦】悖论模拟攻略,2025-08-31T13:22:19+00:00,19,5,0,0,0,https://www.skland.com/article?id=3185897,False,2026-09-11T22:17:38+00:00,strategy_public_search_top20,"[""空弦""]",operator
258231,六星干员攻略（灰烬）,2023-11-02T16:50:11+00:00,3025,50,15,0,17,https://www.skland.com/article?id=258231,False,2026-09-11T22:17:40+00:00,strategy_public_search_top20,"[""灰烬""]",operator
1949617,神坛闲聊：只要有爱，灰烬下的石头也能开花,2024-05-20T03:24:20+00:00,1488,161,11,0,112,https://www.skland.com/article?id=1949617,False,2026-09-11T22:17:40+00:00,strategy_public_search_top20,"[""灰烬""]",operator
1689398,Boss最能生的一集！Ash灰烬还值不值得抽？源石尘行动复刻攻略,2024-03-18T02:36:05+00:00,3579,139,17,0,44,https://www.skland.com/article?id=1689398,False,2026-09-11T22:17:40+00:00,strategy_public_search_top20,"[""灰烬""]",operator
1358661,【浊燃作战】灰烬泽地620分七人镀层攻略,2023-11-21T17:29:55+00:00,335,24,10,0,16,https://www.skland.com/article?id=1358661,False,2026-09-11T22:17:40+00:00,strategy_public_search_top20,"[""灰烬""]",operator
1706827,进攻、防守、战术交汇-[灰烬]全方位干员攻略,2024-03-25T13:48:24+00:00,614,32,5,0,4,https://www.skland.com/article?id=1706827,False,2026-09-11T22:17:40+00:00,strategy_public_search_top20,"[""灰烬""]",operator
1360954,【浊燃作战-灰烬泽地】750分作业 字幕+提示音详细解说 手把手带你上分,2023-11-22T11:27:13+00:00,228,9,0,0,1,https://www.skland.com/article?id=1360954,False,2026-09-11T22:17:40+00:00,strategy_public_search_top20,"[""灰烬""]",operator
3141921,【狙击点】第二十四期：灰烬（速射手）,2025-08-17T11:43:44+00:00,314,41,0,0,7,https://www.skland.com/article?id=3141921,False,2026-09-11T22:17:40+00:00,strategy_public_search_top20,"[""灰烬""]",operator
203090,六星干员攻略（鸿雪）,2023-10-20T18:53:44+00:00,6183,65,28,0,15,https://www.skland.com/article?id=203090,False,2026-09-11T22:17:42+00:00,strategy_public_search_top20,"[""鸿雪""]",operator
1473307,强度堪比鸿雪❗人形巴雷特、枪王、BOSS杀手【莱伊实战强度评测】,2024-01-11T10:55:51+00:00,1502,36,5,0,8,https://www.skland.com/article?id=1473307,False,2026-09-11T22:17:58+00:00,strategy_public_search_top20,"[""莱伊"", ""鸿雪""]",operator
2013860,新人练干员二三事：抽到鸿雪该不该练？,2024-06-19T05:15:12+00:00,2323,144,4,0,150,https://www.skland.com/article?id=2013860,False,2026-09-11T22:17:42+00:00,strategy_public_search_top20,"[""鸿雪""]",operator
2048818,【走近鸿雪】成也打字机，败也打字机？,2024-07-07T10:44:16+00:00,1618,85,7,0,13,https://www.skland.com/article?id=2048818,False,2026-09-11T22:17:42+00:00,strategy_public_search_top20,"[""鸿雪""]",operator
2718602,【狙击点】重射手-鸿雪,2025-03-16T07:34:05+00:00,1417,84,5,0,9,https://www.skland.com/article?id=2718602,False,2026-09-11T22:17:42+00:00,strategy_public_search_top20,"[""鸿雪""]",operator
3004174,故事集镜中集PV简要解析，异格惊蛰技能，乌尔比安、鸿雪等人皮肤实装，无新模组分支,2025-07-02T05:07:20+00:00,549,16,0,0,3,https://www.skland.com/article?id=3004174,False,2026-09-11T22:17:42+00:00,strategy_public_search_top20,"[""鸿雪""]",operator
2712201,【新模组简评】鸿雪x模简评——“如有”加强,2025-03-12T11:49:50+00:00,313,20,1,0,0,https://www.skland.com/article?id=2712201,False,2026-09-11T22:17:42+00:00,strategy_public_search_top20,"[""鸿雪""]",operator
3527377,UR-6 2人94秒 理论最速刷聚酸酯组（涤火杰西卡+鸿雪解）,2025-12-17T04:26:35+00:00,68,9,0,0,0,https://www.skland.com/article?id=3527377,False,2026-09-11T22:17:42+00:00,strategy_public_search_top20,"[""鸿雪""]",operator
3234969,【攻略补全计划】鸿雪—悖论模拟,2025-09-21T09:28:11+00:00,30,4,0,0,0,https://www.skland.com/article?id=3234969,False,2026-09-11T22:17:42+00:00,strategy_public_search_top20,"[""鸿雪""]",operator
3185861,【鸿雪】悖论模拟攻略,2025-08-31T13:06:15+00:00,12,2,0,0,0,https://www.skland.com/article?id=3185861,False,2026-09-11T22:17:42+00:00,strategy_public_search_top20,"[""鸿雪""]",operator
1285103,六星攻略干员（远牙）,2023-11-08T19:06:34+00:00,2439,56,6,0,11,https://www.skland.com/article?id=1285103,False,2026-09-11T22:17:44+00:00,strategy_public_search_top20,"[""远牙""]",operator
1986771,【走近远牙】聊聊查丝汀娜小姐身上的亿堆设计问题,2024-06-06T11:22:52+00:00,386,23,2,0,4,https://www.skland.com/article?id=1986771,False,2026-09-11T22:17:44+00:00,strategy_public_search_top20,"[""远牙""]",operator
2881192,【狙击点】神射手-远牙,2025-05-11T11:03:46+00:00,630,51,3,0,6,https://www.skland.com/article?id=2881192,False,2026-09-11T22:17:44+00:00,strategy_public_search_top20,"[""远牙""]",operator
3590956,你真的知道远牙弱在哪吗？【卡西米尔阵营队#?8? 远牙篇】,2026-01-15T09:11:20+00:00,140,15,2,0,2,https://www.skland.com/article?id=3590956,False,2026-09-11T22:17:44+00:00,strategy_public_search_top20,"[""远牙""]",operator
2701832,最严谨但最抽象的一集？【悖论模拟】 精二1级 远牙 4-7级技能 语音讲解（聆风,2025-03-07T10:15:02+00:00,64,8,0,0,2,https://www.skland.com/article?id=2701832,False,2026-09-11T22:17:44+00:00,strategy_public_search_top20,"[""远牙""]",operator
3163177,【远牙】悖论模拟攻略,2025-08-25T08:11:26+00:00,34,6,0,0,0,https://www.skland.com/article?id=3163177,False,2026-09-11T22:17:44+00:00,strategy_public_search_top20,"[""远牙""]",operator
2871982,六星干员测评【蕾缪安】——摆完挂机就能消灭boss，1w1破甲线恐怖轮椅大狙,2025-05-08T06:49:11+00:00,2301,45,10,0,8,https://www.skland.com/article?id=2871982,False,2026-09-11T22:17:45+00:00,strategy_public_search_top20,"[""蕾缪安""]",operator
2837074,【众生行记】蕾缪安实装简评 可对单可对群，新时代神射手！,2025-05-01T08:09:33+00:00,6395,54,19,0,8,https://www.skland.com/article?id=2837074,False,2026-09-11T22:17:45+00:00,strategy_public_search_top20,"[""蕾缪安""]",operator
2925522,【方舟实战论124】最轮椅的干员出现！Boss极致对策，超高破甲逃课？丨蕾缪安,2025-05-26T02:58:11+00:00,4355,328,38,0,13,https://www.skland.com/article?id=2925522,False,2026-09-11T22:17:45+00:00,strategy_public_search_top20,"[""蕾缪安""]",operator
2841070,专三蕾缪安实战体验，秒人大王吗，有点意思,2025-05-01T10:06:50+00:00,6724,199,3,0,28,https://www.skland.com/article?id=2841070,False,2026-09-11T22:17:45+00:00,strategy_public_search_top20,"[""蕾缪安""]",operator
2905714,【狙击点】神射手-蕾缪安,2025-05-18T09:19:01+00:00,5155,187,80,0,16,https://www.skland.com/article?id=2905714,False,2026-09-11T22:17:45+00:00,strategy_public_search_top20,"[""蕾缪安""]",operator
2845008,【明日方舟】蕾缪安入职测试,2025-05-01T15:07:34+00:00,463,13,0,0,1,https://www.skland.com/article?id=2845008,False,2026-09-11T22:17:45+00:00,strategy_public_search_top20,"[""蕾缪安""]",operator
3449850,【泰拉之声23】名副其实的轮椅干员！蕾缪安：极致的对策大C,2025-11-21T04:42:02+00:00,272,11,1,0,0,https://www.skland.com/article?id=3449850,False,2026-09-11T22:17:46+00:00,strategy_public_search_top20,"[""蕾缪安""]",operator
3114916,【巅峰之塔#蕾缪安】 弹匣犹忆铳枪响，故人归乡花漫窗,2025-08-08T14:29:44+00:00,150,5,0,0,0,https://www.skland.com/article?id=3114916,False,2026-09-11T22:17:46+00:00,strategy_public_search_top20,"[""蕾缪安""]",operator
2909288,【众生行记】MT-S-5 二技能蕾缪安,2025-05-19T13:10:50+00:00,82,5,0,0,3,https://www.skland.com/article?id=2909288,False,2026-09-11T22:17:45+00:00,strategy_public_search_top20,"[""蕾缪安""]",operator
3289080,【反常光谱】16-15 旷野轰鸣 蕾缪安 单核,2025-10-16T16:49:43+00:00,94,24,1,0,1,https://www.skland.com/article?id=3289080,False,2026-09-11T22:17:46+00:00,strategy_public_search_top20,"[""蕾缪安""]",operator
3502484,【未许之地】UR-6 聚酸酯组速刷 2人 蕾缪安维,2025-12-05T07:56:49+00:00,211,28,0,0,1,https://www.skland.com/article?id=3502484,False,2026-09-11T22:17:46+00:00,strategy_public_search_top20,"[""蕾缪安""]",operator
5751241,【人们，我们】PA-8 一千年后 蕾缪安 单核 镀层 蚀刻章,2026-04-13T11:45:22+00:00,36,8,0,0,1,https://www.skland.com/article?id=5751241,False,2026-09-11T22:17:46+00:00,strategy_public_search_top20,"[""蕾缪安""]",operator
4748240,OR-9 2人111秒 理论最速刷转质盐组（电弧+蕾缪安解）,2026-02-04T03:22:22+00:00,882,583,2,0,2,https://www.skland.com/article?id=4748240,False,2026-09-11T22:18:50+00:00,strategy_public_search_top20,"[""电弧"", ""蕾缪安""]",operator
3258375,【明日方舟】次生预案RM-H7菲亚梅塔+蕾缪安+银灰 三核【无插件】,2025-10-02T16:21:41+00:00,123,42,0,0,0,https://www.skland.com/article?id=3258375,False,2026-09-11T22:17:48+00:00,strategy_public_search_top20,"[""菲亚梅塔"", ""蕾缪安""]",operator
3257856,【明日方舟】次生预案 RM-H5 迷窟险地 蕾缪安单核 摆完挂机,2025-10-02T12:46:57+00:00,14,6,0,0,0,https://www.skland.com/article?id=3257856,False,2026-09-11T22:17:46+00:00,strategy_public_search_top20,"[""蕾缪安""]",operator
3526036,UR-8 2人174秒 理论最速刷晶体元件（电弧+蕾缪安解）,2025-12-16T06:48:15+00:00,65,3,1,0,0,https://www.skland.com/article?id=3526036,False,2026-09-11T22:18:50+00:00,strategy_public_search_top20,"[""电弧"", ""蕾缪安""]",operator
3523769,【未许之地】UR-EX-7 应急跳台 蕾缪安 单核,2025-12-14T18:04:07+00:00,18,7,1,0,0,https://www.skland.com/article?id=3523769,False,2026-09-11T22:17:46+00:00,strategy_public_search_top20,"[""蕾缪安""]",operator
3521486,【未许之地】UR-EX-6 未来种植业 蕾缪安 单核,2025-12-13T15:07:34+00:00,9,4,1,0,0,https://www.skland.com/article?id=3521486,False,2026-09-11T22:17:46+00:00,strategy_public_search_top20,"[""蕾缪安""]",operator
3505552,【未许之地】UR-8栖脚地 蕾缪安 单核（镀层 蚀刻章）,2025-12-06T06:50:49+00:00,20,6,0,0,1,https://www.skland.com/article?id=3505552,False,2026-09-11T22:17:46+00:00,strategy_public_search_top20,"[""蕾缪安""]",operator
3503905,【未许之地】UR-6 交叉航线 蕾缪安 单核（蚀刻章）,2025-12-05T14:34:57+00:00,9,4,0,0,1,https://www.skland.com/article?id=3503905,False,2026-09-11T22:17:46+00:00,strategy_public_search_top20,"[""蕾缪安""]",operator
3405273,【雪山降临】OS-EX-3 御外敌 蕾缪安 单核,2025-11-08T10:00:30+00:00,21,7,0,0,1,https://www.skland.com/article?id=3405273,False,2026-09-11T22:17:46+00:00,strategy_public_search_top20,"[""蕾缪安""]",operator
3257825,【明日方舟】次生预案RM-H6菲亚梅塔蕾缪安双核【无插件】,2025-10-02T12:38:18+00:00,18,5,1,0,0,https://www.skland.com/article?id=3257825,False,2026-09-11T22:17:48+00:00,strategy_public_search_top20,"[""菲亚梅塔"", ""蕾缪安""]",operator
3257656,【明日方舟】次生预案RM-H5菲亚梅塔蕾缪安双核【无插件】,2025-10-02T11:18:30+00:00,31,9,1,0,1,https://www.skland.com/article?id=3257656,False,2026-09-11T22:17:48+00:00,strategy_public_search_top20,"[""菲亚梅塔"", ""蕾缪安""]",operator
3206041,【云宝的音乐餐厅】SS-8 四人自忍·蕾缪安解,2025-09-06T16:09:54+00:00,59,11,0,0,0,https://www.skland.com/article?id=3206041,False,2026-09-11T22:17:46+00:00,strategy_public_search_top20,"[""蕾缪安""]",operator
192304,六星干员攻略（菲亚梅塔）,2023-10-14T04:10:46+00:00,5877,47,31,0,25,https://www.skland.com/article?id=192304,False,2026-09-11T22:17:48+00:00,strategy_public_search_top20,"[""菲亚梅塔""]",operator
102737,[炽焰无霾]不死的凤凰，菲亚梅塔评测详解,2023-08-31T10:04:55+00:00,5567,265,45,0,43,https://www.skland.com/article?id=102737,False,2026-09-11T22:17:48+00:00,strategy_public_search_top20,"[""菲亚梅塔""]",operator
1957531,【走近菲亚梅塔】——毁灭凤凰人？相对弱势下仍有特色,2024-05-24T01:25:18+00:00,1024,23,3,0,8,https://www.skland.com/article?id=1957531,False,2026-09-11T22:17:48+00:00,strategy_public_search_top20,"[""菲亚梅塔""]",operator
6079394,菲亚梅塔点击就送，基建即将迎来扩建！「直到大地变成一颗酸橙」干员基建技能解析,2026-08-01T13:47:27+00:00,251,6,0,0,0,https://www.skland.com/article?id=6079394,False,2026-09-11T22:17:48+00:00,strategy_public_search_top20,"[""菲亚梅塔""]",operator
177134,纷争演绎T-4五人无菲亚梅塔打法,2023-10-03T00:16:58+00:00,474,17,4,0,5,https://www.skland.com/article?id=177134,False,2026-09-11T22:17:48+00:00,strategy_public_search_top20,"[""菲亚梅塔""]",operator
3234389,【攻略补全计划】菲亚梅塔—悖论模拟,2025-09-21T03:56:18+00:00,63,10,0,0,3,https://www.skland.com/article?id=3234389,False,2026-09-11T22:17:48+00:00,strategy_public_search_top20,"[""菲亚梅塔""]",operator
3182115,【菲亚梅塔】悖论模拟攻略,2025-08-30T10:25:56+00:00,21,8,0,0,0,https://www.skland.com/article?id=3182115,False,2026-09-11T22:17:48+00:00,strategy_public_search_top20,"[""菲亚梅塔""]",operator
212659,六星干员攻略（早露）,2023-10-23T15:18:45+00:00,3425,41,14,0,6,https://www.skland.com/article?id=212659,False,2026-09-11T22:17:50+00:00,strategy_public_search_top20,"[""早露""]",operator
3317555,【狙击点】第三十四期：早露（攻城手）,2025-10-26T10:52:10+00:00,372,30,3,0,2,https://www.skland.com/article?id=3317555,False,2026-09-11T22:17:50+00:00,strategy_public_search_top20,"[""早露""]",operator
3234387,【攻略补全计划】早露—悖论模拟,2025-09-21T03:55:51+00:00,22,7,0,0,0,https://www.skland.com/article?id=3234387,False,2026-09-11T22:17:50+00:00,strategy_public_search_top20,"[""早露""]",operator
3185901,【早露】悖论模拟攻略,2025-08-31T13:24:14+00:00,48,12,0,0,0,https://www.skland.com/article?id=3185901,False,2026-09-11T22:17:50+00:00,strategy_public_search_top20,"[""早露""]",operator
190122,六星干员攻略（提丰）,2023-10-11T18:55:07+00:00,4841,36,16,0,9,https://www.skland.com/article?id=190122,False,2026-09-11T22:17:51+00:00,strategy_public_search_top20,"[""提丰""]",operator
1436493,【干员攻略】提丰：强度争议非常大的一集,2023-12-24T04:06:41+00:00,8996,172,24,0,50,https://www.skland.com/article?id=1436493,False,2026-09-11T22:17:51+00:00,strategy_public_search_top20,"[""提丰""]",operator
152182,[干员详解]射落灾异的风暴，干员提丰攻略详解,2023-09-17T05:02:25+00:00,1346,42,10,0,5,https://www.skland.com/article?id=152182,False,2026-09-11T22:17:51+00:00,strategy_public_search_top20,"[""提丰""]",operator
2276004,新人练干员二三事：抽到提丰的训练建议,2024-09-25T10:08:43+00:00,2367,144,15,0,70,https://www.skland.com/article?id=2276004,False,2026-09-11T22:17:52+00:00,strategy_public_search_top20,"[""提丰""]",operator
1377789,［翻修中沙滩］提丰单人满分350，四步摆完挂机，最？的一集。,2023-11-27T22:37:41+00:00,2783,236,44,0,60,https://www.skland.com/article?id=1377789,False,2026-09-11T22:17:51+00:00,strategy_public_search_top20,"[""提丰""]",operator
140230,【不义之财】CV-7速刷提丰一箭收尾，4人无召唤，可稳定代理刷研磨石,2023-09-09T18:35:41+00:00,668,18,1,0,2,https://www.skland.com/article?id=140230,False,2026-09-11T22:17:51+00:00,strategy_public_search_top20,"[""提丰""]",operator
5801461,5月新模组前瞻和开启建议，异德2模减再部署？提丰全图标记，鲨鲨帮队友替死,2026-04-29T09:27:18+00:00,1866,51,7,0,3,https://www.skland.com/article?id=5801461,False,2026-09-11T22:17:52+00:00,strategy_public_search_top20,"[""提丰""]",operator
121849,【特制小水坑】新剿灭摆完挂机，不过是小猪！（有无提丰2种打法）,2023-09-03T22:18:57+00:00,3636,290,22,0,48,https://www.skland.com/article?id=121849,False,2026-09-11T22:17:51+00:00,strategy_public_search_top20,"[""提丰""]",operator
1415767,【特制小水坑】简单好抄【摆完挂机】攻略！无提丰 高容错 一遍过,2023-12-14T08:26:46+00:00,389,60,2,0,4,https://www.skland.com/article?id=1415767,False,2026-09-11T22:17:51+00:00,strategy_public_search_top20,"[""提丰""]",operator
1539188,【怀黍离】HS-9 提丰单核攻略 平民阵容 简单好抄 图文解析,2024-02-01T15:41:03+00:00,245,35,3,0,25,https://www.skland.com/article?id=1539188,False,2026-09-11T22:17:52+00:00,strategy_public_search_top20,"[""提丰""]",operator
2667970,提丰：这不是以前就打过的单人图...隐匿是什么,2025-02-15T02:21:48+00:00,173,10,0,0,0,https://www.skland.com/article?id=2667970,False,2026-09-11T22:17:52+00:00,strategy_public_search_top20,"[""提丰""]",operator
2667722,【净罪作战】提丰单核翻修中沙滩满级350分摆完挂机 一次性完成所有任务简单好抄,2025-02-14T22:35:03+00:00,160,13,1,0,2,https://www.skland.com/article?id=2667722,False,2026-09-11T22:17:52+00:00,strategy_public_search_top20,"[""提丰""]",operator
2383253,PV-9 菲鸭+提丰+三阻挡 简单挂机攻略,2024-11-10T12:42:55+00:00,69,5,1,0,0,https://www.skland.com/article?id=2383253,False,2026-09-11T22:17:52+00:00,strategy_public_search_top20,"[""提丰""]",operator
53358,【火山旅梦】SL-MO-1小剿灭200杀挂机攻略-提丰核心（8人简单好抄）,2023-08-15T11:06:20+00:00,125,8,0,0,0,https://www.skland.com/article?id=53358,False,2026-09-11T22:17:51+00:00,strategy_public_search_top20,"[""提丰""]",operator
128633,不义之财CV-8-单核低配-提丰打法,2023-09-05T14:17:17+00:00,141,7,1,0,1,https://www.skland.com/article?id=128633,False,2026-09-11T22:17:51+00:00,strategy_public_search_top20,"[""提丰""]",operator
3019062,【提丰二模简评（兼一图流更新）】至少虐菜虐明白了,2025-07-09T13:43:44+00:00,112,4,2,0,0,https://www.skland.com/article?id=3019062,False,2026-09-11T22:17:52+00:00,strategy_public_search_top20,"[""提丰""]",operator
61195,【引航者试炼#3专辑】Boss杀手提丰，参上！,2023-08-27T09:46:13+00:00,6004,273,10,0,44,https://www.skland.com/article?id=61195,False,2026-09-11T22:17:51+00:00,strategy_public_search_top20,"[""提丰""]",operator
5625932,VEC-SP08提丰单人驻守【矢量突破#2巫术之夜】,2026-03-03T08:28:28+00:00,87,18,0,0,0,https://www.skland.com/article?id=5625932,False,2026-09-11T22:17:52+00:00,strategy_public_search_top20,"[""提丰""]",operator
2871795,【众生行记】MT-9提丰单核低配平民攻略,2025-05-08T04:44:35+00:00,17,6,0,0,0,https://www.skland.com/article?id=2871795,False,2026-09-11T22:17:52+00:00,strategy_public_search_top20,"[""提丰""]",operator
2306678,【追迹日落以西】GO-9 关底提丰单核平民打法！,2024-10-09T17:00:59+00:00,193,33,1,0,7,https://www.skland.com/article?id=2306678,False,2026-09-11T22:17:52+00:00,strategy_public_search_top20,"[""提丰""]",operator
2306592,【追迹日落以西】GO-8 提丰单核平民打法,2024-10-09T16:32:12+00:00,201,27,1,0,4,https://www.skland.com/article?id=2306592,False,2026-09-11T22:17:52+00:00,strategy_public_search_top20,"[""提丰""]",operator
2306524,【追迹日落以西】GO-7 提丰单核平民攻略,2024-10-09T16:10:36+00:00,112,21,0,0,2,https://www.skland.com/article?id=2306524,False,2026-09-11T22:17:52+00:00,strategy_public_search_top20,"[""提丰""]",operator
2232321,【泰拉饭】DT-4 平民单核提丰打法,2024-09-02T14:26:53+00:00,73,20,0,0,6,https://www.skland.com/article?id=2232321,False,2026-09-11T22:17:52+00:00,strategy_public_search_top20,"[""提丰""]",operator
1786552,巴比塔小剿灭小火龙提丰双核摆完挂机2核低配,2024-04-25T13:14:39+00:00,44,7,0,0,14,https://www.skland.com/article?id=1786552,False,2026-09-11T22:17:52+00:00,strategy_public_search_top20,"[""提丰""]",operator
1733200,【潮曦作战】轮换#3-设防关隘200分全任务提丰单核平民攻略 图文解析,2024-04-03T21:20:27+00:00,141,35,3,0,8,https://www.skland.com/article?id=1733200,False,2026-09-11T22:17:52+00:00,strategy_public_search_top20,"[""提丰""]",operator
1722945,【潮曦作战】轮换#2-枯苇泥淖200分全任务提丰单核平民攻略 图文解析,2024-03-31T21:47:50+00:00,323,68,2,0,31,https://www.skland.com/article?id=1722945,False,2026-09-11T22:17:52+00:00,strategy_public_search_top20,"[""提丰""]",operator
1659533,【水晶箭行动】CR-8 平民提丰单核攻略 简单好抄 图文解析,2024-03-07T13:04:10+00:00,176,35,4,0,18,https://www.skland.com/article?id=1659533,False,2026-09-11T22:17:52+00:00,strategy_public_search_top20,"[""提丰""]",operator
1657994,【水晶箭行动】CR-8低配过图思路（提丰单核）,2024-03-07T09:55:54+00:00,154,40,1,0,5,https://www.skland.com/article?id=1657994,False,2026-09-11T22:17:52+00:00,strategy_public_search_top20,"[""提丰""]",operator
220708,六星干员攻略（迷迭香）,2023-10-26T19:41:47+00:00,3132,50,9,0,27,https://www.skland.com/article?id=220708,False,2026-09-11T22:17:54+00:00,strategy_public_search_top20,"[""迷迭香""]",operator
61032,[勿忘我]干员迷迭香评测解析，用途详解,2023-08-27T01:18:52+00:00,6754,386,52,0,126,https://www.skland.com/article?id=61032,False,2026-09-11T22:17:54+00:00,strategy_public_search_top20,"[""迷迭香""]",operator
2400214,【卫戎协议阵容推荐】喀兰迷迭香,2024-11-17T18:07:20+00:00,985,27,6,0,1,https://www.skland.com/article?id=2400214,False,2026-09-11T22:17:54+00:00,strategy_public_search_top20,"[""迷迭香""]",operator
2917526,VEC-C双驭械暴打迷迭香简单好抄攻略4k超清【明日方舟矢量突破全力以赴】,2025-05-22T14:16:07+00:00,74,5,1,0,0,https://www.skland.com/article?id=2917526,False,2026-09-11T22:17:54+00:00,strategy_public_search_top20,"[""迷迭香""]",operator
2578164,迷迭香史诗加强！基建扩建技巧，氪金建议【相见欢】活动材料 刷取攻略 罗德岛日报,2025-01-22T12:40:31+00:00,2162,226,3,0,3,https://www.skland.com/article?id=2578164,False,2026-09-11T22:17:54+00:00,strategy_public_search_top20,"[""迷迭香""]",operator
2307706,迷迭香！看清楚了，这就是高贵的真实伤害！【四医疗 有增益 强杀解 VEC-8】,2024-10-10T07:19:37+00:00,139,31,0,0,3,https://www.skland.com/article?id=2307706,False,2026-09-11T22:17:54+00:00,strategy_public_search_top20,"[""迷迭香""]",operator
183964,六星干员攻略（假日威龙陈）,2023-10-07T14:42:15+00:00,2878,38,9,0,12,https://www.skland.com/article?id=183964,False,2026-09-11T22:17:56+00:00,strategy_public_search_top20,"[""假日威龙陈""]",operator
242917,[假日威龙陈]夏活以来的首位夏季限定干员，水陈的攻略详解,2023-11-01T08:44:34+00:00,1219,15,3,0,7,https://www.skland.com/article?id=242917,False,2026-09-11T22:17:56+00:00,strategy_public_search_top20,"[""假日威龙陈""]",operator
2101989,【限定干员测评#5】三年之期已到？专九假日威龙陈详细测评,2024-07-26T07:40:47+00:00,707,48,4,0,13,https://www.skland.com/article?id=2101989,False,2026-09-11T22:17:56+00:00,strategy_public_search_top20,"[""假日威龙陈""]",operator
3160912,【狙击点】第二十五期：假日威龙陈（散射手）,2025-08-24T10:13:53+00:00,290,24,1,0,3,https://www.skland.com/article?id=3160912,False,2026-09-11T22:17:56+00:00,strategy_public_search_top20,"[""假日威龙陈""]",operator
3234398,【攻略补全计划】假日威龙陈—悖论模拟,2025-09-21T03:57:59+00:00,37,4,0,0,0,https://www.skland.com/article?id=3234398,False,2026-09-11T22:17:56+00:00,strategy_public_search_top20,"[""假日威龙陈""]",operator
3208492,【假日威龙陈】悖论模拟攻略,2025-09-07T12:54:08+00:00,32,5,0,0,0,https://www.skland.com/article?id=3208492,False,2026-09-11T22:17:56+00:00,strategy_public_search_top20,"[""假日威龙陈""]",operator
1498822,六星干员攻略（莱伊）,2024-01-25T14:14:11+00:00,4373,48,7,0,16,https://www.skland.com/article?id=1498822,False,2026-09-11T22:17:58+00:00,strategy_public_search_top20,"[""莱伊""]",operator
1490380,【实用性测评#13】超远距离对单狙神？合约未来新星？超详细的莱伊测评！,2024-01-20T17:10:46+00:00,1338,54,12,0,6,https://www.skland.com/article?id=1490380,False,2026-09-11T22:17:58+00:00,strategy_public_search_top20,"[""莱伊""]",operator
1469537,【干员速评】#6 莱伊-猎手,2024-01-09T11:30:04+00:00,3703,115,10,0,21,https://www.skland.com/article?id=1469537,False,2026-09-11T22:17:57+00:00,strategy_public_search_top20,"[""莱伊""]",operator
1470114,六星干员速评【莱伊】——别被持续时间无限骗了，这只兔兔明明超级吃操作,2024-01-09T15:41:32+00:00,4592,229,18,0,83,https://www.skland.com/article?id=1470114,False,2026-09-11T22:17:57+00:00,strategy_public_search_top20,"[""莱伊""]",operator
1655532,【水晶箭行动】艾拉简评 爆杀Ash，比肩莱伊，多萝西并非不可超越！,2024-03-07T06:04:52+00:00,4361,67,10,0,35,https://www.skland.com/article?id=1655532,False,2026-09-11T22:17:58+00:00,strategy_public_search_top20,"[""莱伊""]",operator
1470849,【去咧嘴谷】莱伊简评 2024新神已至？最弱模板却有超强短轴爆发！,2024-01-10T02:22:07+00:00,1176,29,3,0,13,https://www.skland.com/article?id=1470849,False,2026-09-11T22:17:58+00:00,strategy_public_search_top20,"[""莱伊""]",operator
1474606,【一线微明】莱伊角色评测——去咧嘴谷，一场说走就走的探险,2024-01-12T04:50:38+00:00,1873,87,9,0,20,https://www.skland.com/article?id=1474606,False,2026-09-11T22:17:58+00:00,strategy_public_search_top20,"[""莱伊""]",operator
1469160,莱伊的基建——这是个陷阱！,2024-01-09T08:57:09+00:00,2440,75,4,0,15,https://www.skland.com/article?id=1469160,False,2026-09-11T22:17:57+00:00,strategy_public_search_top20,"[""莱伊""]",operator
1473034,莱伊竟然越用越亏？去咧嘴谷干员基建技能解析,2024-01-11T06:27:58+00:00,3723,154,10,0,53,https://www.skland.com/article?id=1473034,False,2026-09-11T22:17:58+00:00,strategy_public_search_top20,"[""莱伊""]",operator
2413483,【卡池杂谈】莱伊最强，哐哐哐！苇草莱伊池是否值得抽取？,2024-11-25T12:17:55+00:00,18461,541,55,0,257,https://www.skland.com/article?id=2413483,False,2026-09-11T22:17:58+00:00,strategy_public_search_top20,"[""莱伊""]",operator
2028252,【2024.06】新增模组及全6星模组图鉴（莱伊、伊芙丽特、歌蕾蒂娅、斥罪）,2024-06-26T13:22:34+00:00,4701,102,74,0,8,https://www.skland.com/article?id=2028252,False,2026-09-11T22:17:58+00:00,strategy_public_search_top20,"[""莱伊""]",operator
1716002,【潮曦作战首日635分】半挂机轻松镀层，简单好抄步骤少易替换，无伊内丝莱伊。,2024-03-29T15:11:05+00:00,280,23,8,0,16,https://www.skland.com/article?id=1716002,False,2026-09-11T22:18:18+00:00,strategy_public_search_top20,"[""伊内丝"", ""莱伊""]",operator
2266663,【双人CV-EX-8突袭】维+莱伊,2024-09-19T22:09:22+00:00,180,16,5,0,3,https://www.skland.com/article?id=2266663,False,2026-09-11T22:17:58+00:00,strategy_public_search_top20,"[""莱伊""]",operator
1618056,【引航者试炼#4】TN-1恢宏试炼 官方阵容+莱伊主c4人高配,2024-02-22T09:09:59+00:00,671,37,5,0,27,https://www.skland.com/article?id=1618056,False,2026-09-11T22:17:58+00:00,strategy_public_search_top20,"[""莱伊""]",operator
2582377,【贪心汤面】OR-7 全新装置无限定精二1级堵门速刷 娜仁图亚+莱伊（相见欢）,2025-01-22T17:18:55+00:00,145,26,0,0,1,https://www.skland.com/article?id=2582377,False,2026-09-11T22:18:00+00:00,strategy_public_search_top20,"[""娜仁图亚"", ""莱伊""]",operator
2651845,【双人OR-MO-1】刚来，听说你俩1v1投票输给了妮芙和莱伊？,2025-02-07T15:30:15+00:00,51,4,1,0,0,https://www.skland.com/article?id=2651845,False,2026-09-11T22:18:38+00:00,strategy_public_search_top20,"[""妮芙"", ""莱伊""]",operator
2923291,【矢量突破#1无机物】无潜能莱伊单人驻守VEC-SP15 简单好抄高容错,2025-05-25T03:44:09+00:00,48,10,0,0,0,https://www.skland.com/article?id=2923291,False,2026-09-11T22:17:58+00:00,strategy_public_search_top20,"[""莱伊""]",operator
3208494,【莱伊】悖论模拟攻略,2025-09-07T12:55:34+00:00,8,4,0,0,0,https://www.skland.com/article?id=3208494,False,2026-09-11T22:17:58+00:00,strategy_public_search_top20,"[""莱伊""]",operator
2180550,六星干员攻略（娜仁图亚）,2024-08-14T11:06:39+00:00,3504,41,9,0,22,https://www.skland.com/article?id=2180550,False,2026-09-11T22:17:59+00:00,strategy_public_search_top20,"[""娜仁图亚""]",operator
2138535,【太阳甩在身后】在刀锋中起舞！——夏活新六星干员娜仁图亚实战攻略,2024-08-02T04:11:39+00:00,1623,37,7,0,7,https://www.skland.com/article?id=2138535,False,2026-09-11T22:17:59+00:00,strategy_public_search_top20,"[""娜仁图亚""]",operator
2153064,【走近娜仁图亚】自洽且可玩性高的设计，吃拐吃藏品的神，“我也喜欢你”！,2024-08-05T09:15:47+00:00,1109,42,7,0,14,https://www.skland.com/article?id=2153064,False,2026-09-11T22:17:59+00:00,strategy_public_search_top20,"[""娜仁图亚""]",operator
2128007,【太阳甩在身后】娜仁图亚简评 速狙正统在回环射手！,2024-08-01T08:19:49+00:00,1253,25,3,0,7,https://www.skland.com/article?id=2128007,False,2026-09-11T22:17:59+00:00,strategy_public_search_top20,"[""娜仁图亚""]",operator
2140878,【干员速评】#17娜仁图亚——回环射手,2024-08-02T11:43:05+00:00,1353,41,1,0,9,https://www.skland.com/article?id=2140878,False,2026-09-11T22:17:59+00:00,strategy_public_search_top20,"[""娜仁图亚""]",operator
3280898,【狙击点】第三十二期：娜仁图亚（回环射手）,2025-10-12T12:12:46+00:00,691,47,3,0,5,https://www.skland.com/article?id=3280898,False,2026-09-11T22:18:00+00:00,strategy_public_search_top20,"[""娜仁图亚""]",operator
6086990,【一颗酸橙】可速刷，有圣聆初雪和娜仁图亚就能抄的一摆到底攻略合集（含蚀刻章镀层）,2026-08-02T15:32:03+00:00,773,37,10,0,4,https://www.skland.com/article?id=6086990,False,2026-09-11T22:18:30+00:00,strategy_public_search_top20,"[""圣聆初雪"", ""娜仁图亚""]",operator
2206974,【角色杂谈】生活在意义之上！她先是娜仁图亚，才是梦魇,2024-08-24T15:13:10+00:00,335,48,12,0,3,https://www.skland.com/article?id=2206974,False,2026-09-11T22:18:00+00:00,strategy_public_search_top20,"[""娜仁图亚""]",operator
2193877,【角色杂谈】生活在意义之上！她先是娜仁图亚，才是梦魇,2024-08-19T15:33:38+00:00,196,67,9,0,7,https://www.skland.com/article?id=2193877,False,2026-09-11T22:18:00+00:00,strategy_public_search_top20,"[""娜仁图亚""]",operator
2684139,HS-5 固源岩搓玉 98秒 无限定精二1级堵门速刷 娜仁图亚（怀黍离）,2025-02-24T12:56:12+00:00,73,5,1,0,0,https://www.skland.com/article?id=2684139,False,2026-09-11T22:18:00+00:00,strategy_public_search_top20,"[""娜仁图亚""]",operator
5275556,挂机智取搓玉！TA-5 星熊娜仁图亚120秒固源岩堵门速刷 （精二1级 辞岁行,2026-02-10T15:34:09+00:00,53,6,0,0,0,https://www.skland.com/article?id=5275556,False,2026-09-11T22:18:00+00:00,strategy_public_search_top20,"[""娜仁图亚""]",operator
3272305,【反常光谱】娜仁图亚模组对比测试，推荐开启,2025-10-09T07:34:15+00:00,229,12,1,0,0,https://www.skland.com/article?id=3272305,False,2026-09-11T22:18:00+00:00,strategy_public_search_top20,"[""娜仁图亚""]",operator
2955638,【红丝绒】AD-8 娜仁图亚 单核:这就是妮芙吧,2025-06-07T15:08:53+00:00,96,15,3,0,3,https://www.skland.com/article?id=2955638,False,2026-09-11T22:18:38+00:00,strategy_public_search_top20,"[""妮芙"", ""娜仁图亚""]",operator
2444792,【出苍白海】EP-EX-6突袭娜仁图亚单核（字幕解说）,2024-12-12T12:41:39+00:00,45,7,0,0,0,https://www.skland.com/article?id=2444792,False,2026-09-11T22:18:00+00:00,strategy_public_search_top20,"[""娜仁图亚""]",operator
2704818,镀层蚀刻章 EA-8 124秒 血怒娜仁图亚+锏 无限定精二1级堵门速刷,2025-03-08T08:28:22+00:00,36,4,0,0,0,https://www.skland.com/article?id=2704818,False,2026-09-11T22:18:00+00:00,strategy_public_search_top20,"[""娜仁图亚""]",operator
5649216,【十字路口】CG-7 轻便的行李 娜仁图亚 单核,2026-03-12T04:40:14+00:00,7,6,0,0,0,https://www.skland.com/article?id=5649216,False,2026-09-11T22:18:00+00:00,strategy_public_search_top20,"[""娜仁图亚""]",operator
3504367,【未许之地】UR-7 停机坪 娜仁图亚 单核,2025-12-05T16:29:52+00:00,11,6,0,0,1,https://www.skland.com/article?id=3504367,False,2026-09-11T22:18:00+00:00,strategy_public_search_top20,"[""娜仁图亚""]",operator
3274275,【反常光谱】16-8 无处可寻 娜仁图亚 单核,2025-10-09T18:54:40+00:00,37,10,0,0,0,https://www.skland.com/article?id=3274275,False,2026-09-11T22:18:00+00:00,strategy_public_search_top20,"[""娜仁图亚""]",operator
3208496,【娜仁图亚】悖论模拟攻略,2025-09-07T12:56:40+00:00,16,4,0,0,0,https://www.skland.com/article?id=3208496,False,2026-09-11T22:18:00+00:00,strategy_public_search_top20,"[""娜仁图亚""]",operator
3089808,【墟】AT-7 娜仁图亚 单核,2025-08-02T10:34:41+00:00,18,7,1,0,2,https://www.skland.com/article?id=3089808,False,2026-09-11T22:18:00+00:00,strategy_public_search_top20,"[""娜仁图亚""]",operator
2951553,娜仁图亚悖论模拟简单好抄攻略无需模组专精4k超清【明日方舟】,2025-06-06T05:57:08+00:00,66,5,0,0,0,https://www.skland.com/article?id=2951553,False,2026-09-11T22:18:00+00:00,strategy_public_search_top20,"[""娜仁图亚""]",operator
2581643,【相见欢】 OR-8 娜仁图亚 单核（蚀刻章）,2025-01-22T16:11:59+00:00,55,30,0,0,0,https://www.skland.com/article?id=2581643,False,2026-09-11T22:18:00+00:00,strategy_public_search_top20,"[""娜仁图亚""]",operator
22939,六星干员攻略（推进之王）,2023-07-28T15:55:42+00:00,3017,15,6,0,12,https://www.skland.com/article?id=22939,False,2026-09-11T22:18:02+00:00,strategy_public_search_top20,"[""推进之王""]",operator
112481,【走近干员#02】推进之王——战斗篇,2023-09-01T15:16:38+00:00,1215,21,4,0,6,https://www.skland.com/article?id=112481,False,2026-09-11T22:18:02+00:00,strategy_public_search_top20,"[""推进之王""]",operator
53469,【全先锋攻略#1】不屈的狮王——推进之王篇,2023-08-15T12:30:14+00:00,1680,98,14,0,42,https://www.skland.com/article?id=53469,False,2026-09-11T22:18:02+00:00,strategy_public_search_top20,"[""推进之王""]",operator
2291235,异格推进之王终于实装！方舟10月活动&资讯总览,2024-10-03T02:30:13+00:00,267,13,0,0,1,https://www.skland.com/article?id=2291235,False,2026-09-11T22:18:02+00:00,strategy_public_search_top20,"[""推进之王""]",operator
2296562,王维娜传奇！主线推进之王故事全梳理,2024-10-05T09:05:26+00:00,643,114,33,0,10,https://www.skland.com/article?id=2296562,False,2026-09-11T22:18:02+00:00,strategy_public_search_top20,"[""推进之王""]",operator
2317893,推进之王为什么被认为只会“沉淀”？浅谈推进之王的剧情处理,2024-10-16T04:34:04+00:00,83,9,0,0,0,https://www.skland.com/article?id=2317893,False,2026-09-11T22:18:02+00:00,strategy_public_search_top20,"[""推进之王""]",operator
119260,【走近干员#02】推进之王——剧情篇,2023-09-03T05:22:23+00:00,418,31,7,0,6,https://www.skland.com/article?id=119260,False,2026-09-11T22:18:02+00:00,strategy_public_search_top20,"[""推进之王""]",operator
2296503,王维娜传奇！主线推进之王故事全梳理,2024-10-05T08:24:14+00:00,198,51,6,0,3,https://www.skland.com/article?id=2296503,False,2026-09-11T22:18:02+00:00,strategy_public_search_top20,"[""推进之王""]",operator
3233105,【攻略补全计划】推进之王—悖论模拟,2025-09-20T13:28:54+00:00,12,2,0,0,0,https://www.skland.com/article?id=3233105,False,2026-09-11T22:18:02+00:00,strategy_public_search_top20,"[""推进之王""]",operator
3208469,【推进之王】悖论模拟攻略,2025-09-07T12:45:28+00:00,22,5,0,0,0,https://www.skland.com/article?id=3208469,False,2026-09-11T22:18:02+00:00,strategy_public_search_top20,"[""推进之王""]",operator
21247,六星干员攻略（风笛）,2023-07-27T12:44:43+00:00,5976,20,15,0,10,https://www.skland.com/article?id=21247,False,2026-09-11T22:18:04+00:00,strategy_public_search_top20,"[""风笛""]",operator
1420738,明日方舟干员攻略——风笛篇,2023-12-16T15:19:05+00:00,2818,40,9,0,2,https://www.skland.com/article?id=1420738,False,2026-09-11T22:18:04+00:00,strategy_public_search_top20,"[""风笛""]",operator
2944884,新人练干员二三事：抽到风笛该不该练？,2025-06-04T07:04:39+00:00,8243,564,40,0,137,https://www.skland.com/article?id=2944884,False,2026-09-11T22:18:04+00:00,strategy_public_search_top20,"[""风笛""]",operator
5484422,矢量突破机制介绍和定向甄选推荐、薇薇安娜、风笛、缠丸皮肤复刻,2026-02-19T05:35:25+00:00,30784,2562,43,0,176,https://www.skland.com/article?id=5484422,False,2026-09-11T22:18:04+00:00,strategy_public_search_top20,"[""风笛""]",operator
5751245,人们，我们 PA-8 歌蕾蒂娅 乌尔比安 风笛 双阵法师 5人高配攻略,2026-04-13T11:47:33+00:00,44,2,0,0,0,https://www.skland.com/article?id=5751245,False,2026-09-11T22:18:04+00:00,strategy_public_search_top20,"[""风笛""]",operator
5957025,【涤墨作战】12人精二70级无潜能无概率旧约845分 无需余风笛简单好抄高容错,2026-06-27T22:19:27+00:00,260,39,5,0,2,https://www.skland.com/article?id=5957025,False,2026-09-11T22:18:04+00:00,strategy_public_search_top20,"[""风笛""]",operator
3233380,【攻略补全计划】风笛—悖论模拟,2025-09-20T15:20:51+00:00,81,7,0,0,0,https://www.skland.com/article?id=3233380,False,2026-09-11T22:18:04+00:00,strategy_public_search_top20,"[""风笛""]",operator
3172300,【风笛】悖论模拟攻略,2025-08-28T10:57:00+00:00,26,4,0,0,0,https://www.skland.com/article?id=3172300,False,2026-09-11T22:18:04+00:00,strategy_public_search_top20,"[""风笛""]",operator
23912,六星干员攻略（嵯峨）,2023-07-29T18:01:39+00:00,3177,18,9,0,20,https://www.skland.com/article?id=23912,False,2026-09-11T22:18:06+00:00,strategy_public_search_top20,"[""嵯峨""]",operator
2041633,新人练干员二三事：抽到嵯峨该不该练？,2024-07-03T13:49:19+00:00,1330,114,7,0,54,https://www.skland.com/article?id=2041633,False,2026-09-11T22:18:06+00:00,strategy_public_search_top20,"[""嵯峨""]",operator
3163130,【嵯峨】  悖论模拟攻略,2025-08-25T07:59:53+00:00,24,2,0,0,1,https://www.skland.com/article?id=3163130,False,2026-09-11T22:18:06+00:00,strategy_public_search_top20,"[""嵯峨""]",operator
2358976,【角色初体验】忍冬初步体验——这才是尖兵,2024-11-01T16:26:59+00:00,4278,160,14,0,37,https://www.skland.com/article?id=2358976,False,2026-09-11T22:18:08+00:00,strategy_public_search_top20,"[""忍冬""]",operator
2379852,【实用性测评#21】忍冬——尖兵,2024-11-09T05:49:42+00:00,923,20,1,0,0,https://www.skland.com/article?id=2379852,False,2026-09-11T22:18:08+00:00,strategy_public_search_top20,"[""忍冬""]",operator
2354522,六星干员速评【忍冬】——能单走能控能爆发的多功能先锋,2024-11-01T09:18:24+00:00,4674,119,15,0,8,https://www.skland.com/article?id=2354522,False,2026-09-11T22:18:08+00:00,strategy_public_search_top20,"[""忍冬""]",operator
2376048,忍冬角色评测 —— 洋服剑舞，所谓伊人醉山花,2024-11-07T13:07:59+00:00,1809,106,9,0,13,https://www.skland.com/article?id=2376048,False,2026-09-11T22:18:08+00:00,strategy_public_search_top20,"[""忍冬""]",operator
2368879,【干员实用性测评】#21忍冬——尖兵,2024-11-04T10:59:41+00:00,1159,39,0,0,8,https://www.skland.com/article?id=2368879,False,2026-09-11T22:18:08+00:00,strategy_public_search_top20,"[""忍冬""]",operator
2352744,【揭幕者们】忍冬实装数据简评 能打能回费的三体人尖兵,2024-11-01T08:06:51+00:00,1596,39,3,0,13,https://www.skland.com/article?id=2352744,False,2026-09-11T22:18:08+00:00,strategy_public_search_top20,"[""忍冬""]",operator
2914391,新人练干员二三事：抽到忍冬该不该练？,2025-05-21T08:16:56+00:00,5670,275,30,0,113,https://www.skland.com/article?id=2914391,False,2026-09-11T22:18:08+00:00,strategy_public_search_top20,"[""忍冬""]",operator
5893256,忍冬Y模组任务摆完挂机,2026-06-01T05:11:34+00:00,158,16,2,0,2,https://www.skland.com/article?id=5893256,False,2026-09-11T22:18:08+00:00,strategy_public_search_top20,"[""忍冬""]",operator
32102,六星干员攻略（琴柳）,2023-08-02T18:35:29+00:00,7073,32,17,0,13,https://www.skland.com/article?id=32102,False,2026-09-11T22:18:10+00:00,strategy_public_search_top20,"[""琴柳""]",operator
3163145,【琴柳】悖论模拟攻略,2025-08-25T08:04:21+00:00,20,7,0,0,0,https://www.skland.com/article?id=3163145,False,2026-09-11T22:18:10+00:00,strategy_public_search_top20,"[""琴柳""]",operator
29999,六星干员攻略（焰尾）,2023-08-01T17:24:45+00:00,4018,30,9,0,11,https://www.skland.com/article?id=29999,False,2026-09-11T22:18:12+00:00,strategy_public_search_top20,"[""焰尾""]",operator
56806,【模组简评】焰尾,2023-08-19T03:47:58+00:00,4009,96,23,0,11,https://www.skland.com/article?id=56806,False,2026-09-11T22:18:12+00:00,strategy_public_search_top20,"[""焰尾""]",operator
5689648,八秒真松鼠！八秒之后你就别管了【卡西米尔阵营队#10 焰尾篇】,2026-03-23T14:16:35+00:00,70,7,1,0,2,https://www.skland.com/article?id=5689648,False,2026-09-11T22:18:12+00:00,strategy_public_search_top20,"[""焰尾""]",operator
195456,【叙拉古人•复刻】为什么伺夜是强度最稳定的干员？——浅谈优势区间理论,2023-10-16T18:15:54+00:00,13061,148,35,0,75,https://www.skland.com/article?id=195456,False,2026-09-11T22:18:14+00:00,strategy_public_search_top20,"[""伺夜""]",operator
2640167,【三先锋OR-9】伺夜不语，只是一味三连击,2025-02-04T02:51:46+00:00,156,33,0,0,0,https://www.skland.com/article?id=2640167,False,2026-09-11T22:18:14+00:00,strategy_public_search_top20,"[""伺夜""]",operator
3172308,【伺夜】悖论模拟攻略,2025-08-28T10:59:10+00:00,21,6,0,0,0,https://www.skland.com/article?id=3172308,False,2026-09-11T22:18:14+00:00,strategy_public_search_top20,"[""伺夜""]",operator
5815375,奸商？战神！基建幻神可露希尔技能解析与使用建议,2026-05-01T19:55:51+00:00,7463,749,84,0,29,https://www.skland.com/article?id=5815375,False,2026-09-11T22:18:16+00:00,strategy_public_search_top20,"[""可露希尔""]",operator
5826041,一图流评测【可露希尔】——贷款返费！基建战神！最奸商的一集,2026-05-04T06:23:06+00:00,2222,187,15,0,12,https://www.skland.com/article?id=5826041,False,2026-09-11T22:18:16+00:00,strategy_public_search_top20,"[""可露希尔""]",operator
5818315,「可露希尔」技能测评，这才是真正的42星干员,2026-05-02T10:09:18+00:00,8230,551,94,0,97,https://www.skland.com/article?id=5818315,False,2026-09-11T22:18:16+00:00,strategy_public_search_top20,"[""可露希尔""]",operator
5813642,拳打龙舌兰脚踢但书！可露希尔基建可以撑地了！「相变临界」基建解析,2026-05-01T13:50:13+00:00,1175,92,19,0,0,https://www.skland.com/article?id=5813642,False,2026-09-11T22:18:16+00:00,strategy_public_search_top20,"[""可露希尔""]",operator
5815481,这么超模还要加强？疑似可露希尔已买下鹰角网络！,2026-05-01T21:39:53+00:00,16554,1212,98,0,48,https://www.skland.com/article?id=5815481,False,2026-09-11T22:18:16+00:00,strategy_public_search_top20,"[""可露希尔""]",operator
5882016,什么叫1秒部署100费？爆费天花板+先锋大C！丨可露希尔【方舟实战论140】,2026-05-26T11:20:40+00:00,368,50,6,0,1,https://www.skland.com/article?id=5882016,False,2026-09-11T22:18:16+00:00,strategy_public_search_top20,"[""可露希尔""]",operator
5869963,拳打龙舌兰脚踢但书，可露希尔基建神了！「相变临界」基建解析,2026-05-20T12:36:25+00:00,1712,64,29,0,6,https://www.skland.com/article?id=5869963,False,2026-09-11T22:18:16+00:00,strategy_public_search_top20,"[""可露希尔""]",operator
5814294,8秒99费？「可露希尔」技能评测+数据分析,2026-05-01T15:16:07+00:00,5654,440,15,0,88,https://www.skland.com/article?id=5814294,False,2026-09-11T22:18:16+00:00,strategy_public_search_top20,"[""可露希尔""]",operator
5807667,「可露希尔」培养专精推荐一图流,2026-05-01T04:42:09+00:00,35173,806,118,0,168,https://www.skland.com/article?id=5807667,False,2026-09-11T22:18:16+00:00,strategy_public_search_top20,"[""可露希尔""]",operator
5814237,「可露希尔」玩法推荐-超级电表倒转,2026-05-01T15:06:19+00:00,18200,584,144,0,81,https://www.skland.com/article?id=5814237,False,2026-09-11T22:18:16+00:00,strategy_public_search_top20,"[""可露希尔""]",operator
5807588,【相变临界】可露希尔实装简评 贷款超展开之王,2026-05-01T04:39:39+00:00,2080,127,11,0,11,https://www.skland.com/article?id=5807588,False,2026-09-11T22:18:16+00:00,strategy_public_search_top20,"[""可露希尔""]",operator
5954695,【涤墨作战】旗帜 可露希尔加望,2026-06-27T04:06:42+00:00,23,7,0,0,0,https://www.skland.com/article?id=5954695,False,2026-09-11T22:18:16+00:00,strategy_public_search_top20,"[""可露希尔""]",operator
5830622,【相变临界】17-14 难如雪覆 无核 （可露希尔）,2026-05-05T11:07:49+00:00,28,8,0,0,0,https://www.skland.com/article?id=5830622,False,2026-09-11T22:18:16+00:00,strategy_public_search_top20,"[""可露希尔""]",operator
59020,伊内丝评测解析，用法指南，角色背景,2023-08-22T13:41:32+00:00,7654,50,10,0,3,https://www.skland.com/article?id=59020,False,2026-09-11T22:18:18+00:00,strategy_public_search_top20,"[""伊内丝""]",operator
2827972,伊内丝打船一波流通用解法,2025-04-28T08:22:01+00:00,805,13,1,0,2,https://www.skland.com/article?id=2827972,False,2026-09-11T22:18:18+00:00,strategy_public_search_top20,"[""伊内丝""]",operator
19435,【萨米肉鸽】N15近锋伊内丝开攻略合集（重发）,2023-07-26T13:53:41+00:00,2187,87,23,0,17,https://www.skland.com/article?id=19435,False,2026-09-11T22:18:18+00:00,strategy_public_search_top20,"[""伊内丝""]",operator
3116325,先锋职业最高的山！伊内丝：全能的战场多面手,2025-08-09T05:50:17+00:00,445,19,1,0,4,https://www.skland.com/article?id=3116325,False,2026-09-11T22:18:18+00:00,strategy_public_search_top20,"[""伊内丝""]",operator
121493,从功能定位出发的全时期干员培养推荐③——回费之伊内丝、晓歌,2023-09-03T16:34:40+00:00,1713,26,16,0,5,https://www.skland.com/article?id=121493,False,2026-09-11T22:18:18+00:00,strategy_public_search_top20,"[""伊内丝""]",operator
2001382,BP-EX-8 突袭 四人队：E血双雄+伊内丝+晓歌,2024-06-12T14:25:56+00:00,29,5,0,0,0,https://www.skland.com/article?id=2001382,False,2026-09-11T22:18:18+00:00,strategy_public_search_top20,"[""伊内丝""]",operator
2725684,伊内丝进店！定向甄选建议 氪金性价比【促融共竞#1】理智规划攻略 罗德岛日报,2025-03-20T12:07:27+00:00,5026,283,13,0,19,https://www.skland.com/article?id=2725684,False,2026-09-11T22:18:18+00:00,strategy_public_search_top20,"[""伊内丝""]",operator
1926533,六星干员攻略（莫斯提马）,2024-05-12T19:34:43+00:00,2795,35,9,0,13,https://www.skland.com/article?id=1926533,False,2026-09-11T22:18:20+00:00,strategy_public_search_top20,"[""莫斯提马""]",operator
1985848,“生路不是少数人的赛道，它应该一方通行。”看莫斯提马单核BP-8,2024-06-06T03:38:34+00:00,607,144,4,0,44,https://www.skland.com/article?id=1985848,False,2026-09-11T22:18:20+00:00,strategy_public_search_top20,"[""莫斯提马""]",operator
3188468,【莫斯提马】悖论模拟攻略,2025-09-01T14:54:28+00:00,17,4,0,0,0,https://www.skland.com/article?id=3188468,False,2026-09-11T22:18:20+00:00,strategy_public_search_top20,"[""莫斯提马""]",operator
3233373,【攻略补全计划】莫斯提马—悖论模拟,2025-09-20T15:19:15+00:00,21,3,0,0,0,https://www.skland.com/article?id=3233373,False,2026-09-11T22:18:20+00:00,strategy_public_search_top20,"[""莫斯提马""]",operator
1432251,六星干员攻略（刻俄柏）,2023-12-22T09:51:01+00:00,4762,68,20,0,12,https://www.skland.com/article?id=1432251,False,2026-09-11T22:18:22+00:00,strategy_public_search_top20,"[""刻俄柏""]",operator
2803637,【明日方舟】戈渎不语，小刻狂叫！ | 技能专精推荐·刻俄柏,2025-04-20T08:38:04+00:00,259,9,2,0,0,https://www.skland.com/article?id=2803637,False,2026-09-11T22:18:22+00:00,strategy_public_search_top20,"[""刻俄柏""]",operator
1599167,【怀黍离】HS-S-4突袭关底令+刻俄柏+先锋双核四人,2024-02-15T14:57:11+00:00,186,19,2,0,2,https://www.skland.com/article?id=1599167,False,2026-09-11T22:18:22+00:00,strategy_public_search_top20,"[""刻俄柏""]",operator
2907662,【矢量突破#1】特别战线08 风险投资 山+刻俄柏 VEC-SP08,2025-05-19T01:24:36+00:00,391,49,1,0,1,https://www.skland.com/article?id=2907662,False,2026-09-11T22:18:22+00:00,strategy_public_search_top20,"[""刻俄柏""]",operator
3233377,【攻略补全计划】刻俄柏—悖论模拟,2025-09-20T15:20:21+00:00,23,5,0,0,0,https://www.skland.com/article?id=3233377,False,2026-09-11T22:18:22+00:00,strategy_public_search_top20,"[""刻俄柏""]",operator
3208510,【刻俄柏】悖论模拟攻略,2025-09-07T13:02:37+00:00,13,4,0,0,0,https://www.skland.com/article?id=3208510,False,2026-09-11T22:18:22+00:00,strategy_public_search_top20,"[""刻俄柏""]",operator
2231052,六星干员攻略（玛露西尔）,2024-09-02T11:19:07+00:00,2105,29,2,0,8,https://www.skland.com/article?id=2231052,False,2026-09-11T22:18:24+00:00,strategy_public_search_top20,"[""玛露西尔""]",operator
2232686,玛露西尔-强度评测、食用指南 ~很符合迷宫饭设定的一集,2024-09-02T15:23:16+00:00,714,13,1,0,4,https://www.skland.com/article?id=2232686,False,2026-09-11T22:18:24+00:00,strategy_public_search_top20,"[""玛露西尔""]",operator
2230434,玛露西尔强度实战测试（三技能）！今年第二个联动限定六星！,2024-09-02T10:16:21+00:00,10168,1136,29,0,66,https://www.skland.com/article?id=2230434,False,2026-09-11T22:18:24+00:00,strategy_public_search_top20,"[""玛露西尔""]",operator
2237612,【2024.09】模组升级-综合推荐（玛露西尔、乌尔比安、赫德雷、艾丽妮）,2024-09-04T16:00:11+00:00,8246,252,223,0,16,https://www.skland.com/article?id=2237612,False,2026-09-11T22:18:24+00:00,strategy_public_search_top20,"[""玛露西尔""]",operator
2228609,六星干员速评【玛露西尔】——永续点燃+爆裂魔法继承人：马鹿desi,2024-09-02T08:16:39+00:00,2273,61,5,0,9,https://www.skland.com/article?id=2228609,False,2026-09-11T22:18:24+00:00,strategy_public_search_top20,"[""玛露西尔""]",operator
2228263,「泰拉饭」版本干员基建技能解析（玛露西尔、森西、齐尔查克、莱欧斯）,2024-09-02T07:34:04+00:00,996,24,5,0,0,https://www.skland.com/article?id=2228263,False,2026-09-11T22:18:24+00:00,strategy_public_search_top20,"[""玛露西尔""]",operator
2229886,【泰拉饭】魔力机制是利是弊？联动限定六星干员玛露西尔实战解析,2024-09-02T09:31:54+00:00,1410,43,7,0,16,https://www.skland.com/article?id=2229886,False,2026-09-11T22:18:24+00:00,strategy_public_search_top20,"[""玛露西尔""]",operator
3118026,【墟】AT-EX-2突袭低配过图思路（玛露西尔单核）,2025-08-09T16:41:23+00:00,38,5,1,0,1,https://www.skland.com/article?id=3118026,False,2026-09-11T22:18:24+00:00,strategy_public_search_top20,"[""玛露西尔""]",operator
5225111,2月新模组前瞻和开启建议，无限快活3技能小鸟和删除自然伤害全图雷罚异客？,2026-02-09T10:29:28+00:00,17694,8496,73,0,39,https://www.skland.com/article?id=5225111,False,2026-09-11T22:18:26+00:00,strategy_public_search_top20,"[""异客""]",operator
2018038,六星干员攻略（卡涅利安）,2024-06-21T08:12:58+00:00,910,16,0,0,8,https://www.skland.com/article?id=2018038,False,2026-09-11T22:18:28+00:00,strategy_public_search_top20,"[""卡涅利安""]",operator
3169074,【卡涅利安】悖论模拟攻略,2025-08-27T10:11:40+00:00,17,4,0,0,1,https://www.skland.com/article?id=3169074,False,2026-09-11T22:18:28+00:00,strategy_public_search_top20,"[""卡涅利安""]",operator
3369924,【雪山降临1101】圣聆初雪简评 2000dps挂机/15w对群法伤,2025-11-01T09:04:43+00:00,2183,78,12,0,15,https://www.skland.com/article?id=3369924,False,2026-09-11T22:18:29+00:00,strategy_public_search_top20,"[""圣聆初雪""]",operator
3360865,一图流测评【圣聆初雪】——能冻蓝门！持续时间无限！多功能法伤真群攻大C来了,2025-11-01T02:00:50+00:00,6939,55,13,0,36,https://www.skland.com/article?id=3360865,False,2026-09-11T22:18:29+00:00,strategy_public_search_top20,"[""圣聆初雪""]",operator
3371892,圣聆初雪的特殊机制？冷“门”干员？热的雪！启动！,2025-11-01T11:47:21+00:00,777,96,5,0,4,https://www.skland.com/article?id=3371892,False,2026-09-11T22:18:29+00:00,strategy_public_search_top20,"[""圣聆初雪""]",operator
3328728,一图流前瞻【圣聆初雪】——能冻蓝门！持续时间无限！多功能法伤真群攻大C来了,2025-10-29T09:51:23+00:00,4503,129,15,0,19,https://www.skland.com/article?id=3328728,False,2026-09-11T22:18:29+00:00,strategy_public_search_top20,"[""圣聆初雪""]",operator
3401459,【冷门挂机技能测评#SP】真正的冷门挂机？！圣聆初雪二技能深度测评,2025-11-07T08:21:13+00:00,1237,68,13,0,18,https://www.skland.com/article?id=3401459,False,2026-09-11T22:18:29+00:00,strategy_public_search_top20,"[""圣聆初雪""]",operator
5755007,明日方舟「人们我们」PA-EX-8 普通+突袭 圣聆初雪+望 双核,2026-04-15T03:12:41+00:00,530,233,5,0,9,https://www.skland.com/article?id=5755007,False,2026-09-11T22:18:30+00:00,strategy_public_search_top20,"[""圣聆初雪""]",operator
5207230,【新剿灭】【炽热车间】圣聆初雪 单核400杀【摆完挂机】,2026-02-09T00:27:06+00:00,86872,53903,544,0,245,https://www.skland.com/article?id=5207230,False,2026-09-11T22:18:30+00:00,strategy_public_search_top20,"[""圣聆初雪""]",operator
5208258,【新剿灭】【炽热车间】圣聆初雪 单核400杀【摆完挂机】,2026-02-09T01:12:02+00:00,549,408,6,0,6,https://www.skland.com/article?id=5208258,False,2026-09-11T22:18:30+00:00,strategy_public_search_top20,"[""圣聆初雪""]",operator
3392380,【全息7-18四人25级】圣聆初雪合约夺冠先行预告片,2025-11-04T16:31:28+00:00,257,32,3,0,0,https://www.skland.com/article?id=3392380,False,2026-09-11T22:18:29+00:00,strategy_public_search_top20,"[""圣聆初雪""]",operator
6220738,【日达诺夫园区应急】圣聆初雪单核挂机,2026-08-16T12:00:17+00:00,862,374,12,0,63,https://www.skland.com/article?id=6220738,False,2026-09-11T22:18:30+00:00,strategy_public_search_top20,"[""圣聆初雪""]",operator
5572351,【明日方舟】【辞岁行】TA-MO-1圣聆初雪 单核,2026-02-24T19:41:57+00:00,712,498,4,0,5,https://www.skland.com/article?id=5572351,False,2026-09-11T22:18:30+00:00,strategy_public_search_top20,"[""圣聆初雪""]",operator
5570509,【明日方舟】【辞岁行】TA-S-4【普通+突袭】圣聆初雪 单核,2026-02-24T16:16:54+00:00,809,547,5,0,4,https://www.skland.com/article?id=5570509,False,2026-09-11T22:18:30+00:00,strategy_public_search_top20,"[""圣聆初雪""]",operator
5568445,【明日方舟】【辞岁行】TA-S-3【普通+突袭】圣聆初雪 单核,2026-02-24T14:12:20+00:00,231,146,0,0,1,https://www.skland.com/article?id=5568445,False,2026-09-11T22:18:30+00:00,strategy_public_search_top20,"[""圣聆初雪""]",operator
5969342,【涤墨作战】圣聆初雪单核3人3步月落环巷200分全任务摆完挂机 简单好抄高容错,2026-07-03T17:55:41+00:00,126,45,4,0,2,https://www.skland.com/article?id=5969342,False,2026-09-11T22:18:30+00:00,strategy_public_search_top20,"[""圣聆初雪""]",operator
3526059,【保全派驻】圣聆初雪单核删除施佩尔山脚应急难度 简单好抄摆完挂机拿隐藏蚀刻章,2025-12-16T07:10:52+00:00,996,116,23,0,4,https://www.skland.com/article?id=3526059,False,2026-09-11T22:18:30+00:00,strategy_public_search_top20,"[""圣聆初雪""]",operator
3430265,【OS-S-3】单人一步 圣聆初雪的悖论模拟,2025-11-15T08:18:44+00:00,73,7,0,0,0,https://www.skland.com/article?id=3430265,False,2026-09-11T22:18:30+00:00,strategy_public_search_top20,"[""圣聆初雪""]",operator
5566739,【明日方舟】【辞岁行】TA-S-2【普通+突袭】圣聆初雪 单核,2026-02-24T12:12:24+00:00,358,243,1,0,2,https://www.skland.com/article?id=5566739,False,2026-09-11T22:18:30+00:00,strategy_public_search_top20,"[""圣聆初雪""]",operator
5981767,【丛林结症】有圣聆初雪就能抄摆完挂机  BD-1 至  8 普通/突袭攻略合集,2026-07-10T05:01:30+00:00,41,0,0,0,0,https://www.skland.com/article?id=5981767,False,2026-09-11T22:18:30+00:00,strategy_public_search_top20,"[""圣聆初雪""]",operator
5992459,【丛林症结】BD-6 实验守则 突袭 圣聆初雪 单核,2026-07-13T14:51:38+00:00,17,6,0,0,0,https://www.skland.com/article?id=5992459,False,2026-09-11T22:18:30+00:00,strategy_public_search_top20,"[""圣聆初雪""]",operator
5649241,【十字路口】CG-8 准入许可 圣聆初雪 单核,2026-03-12T04:42:43+00:00,10,5,0,0,0,https://www.skland.com/article?id=5649241,False,2026-09-11T22:18:30+00:00,strategy_public_search_top20,"[""圣聆初雪""]",operator
5564343,【明日方舟】【辞岁行】TA-S-1【普通+突袭】圣聆初雪 单核,2026-02-24T09:32:54+00:00,493,407,3,0,2,https://www.skland.com/article?id=5564343,False,2026-09-11T22:18:30+00:00,strategy_public_search_top20,"[""圣聆初雪""]",operator
3409625,【雪山降临】OS-EX-5 皮毛加身 圣聆初雪 单核,2025-11-09T10:23:04+00:00,23,7,0,0,1,https://www.skland.com/article?id=3409625,False,2026-09-11T22:18:30+00:00,strategy_public_search_top20,"[""圣聆初雪""]",operator
3409421,【雪山降临】OS-EX-4 熟食而止 圣聆初雪 单核,2025-11-09T09:12:25+00:00,54,9,0,0,2,https://www.skland.com/article?id=3409421,False,2026-09-11T22:18:30+00:00,strategy_public_search_top20,"[""圣聆初雪""]",operator
3405233,【雪山降临】 OS-EX-2 赠友邻 圣聆初雪 单核,2025-11-08T09:47:56+00:00,9,5,0,0,1,https://www.skland.com/article?id=3405233,False,2026-09-11T22:18:30+00:00,strategy_public_search_top20,"[""圣聆初雪""]",operator
1472468,六星干员攻略（澄闪）,2024-01-10T22:25:52+00:00,5432,72,26,0,9,https://www.skland.com/article?id=1472468,False,2026-09-11T22:18:32+00:00,strategy_public_search_top20,"[""澄闪""]",operator
1968122,新人练干员二三事：抽到澄闪该不该练,2024-05-29T03:28:59+00:00,6404,276,22,0,267,https://www.skland.com/article?id=1968122,False,2026-09-11T22:18:32+00:00,strategy_public_search_top20,"[""澄闪""]",operator
1935590,球王澄闪！！——毁了促容共竞足球,2024-05-15T11:47:25+00:00,1001,29,2,0,5,https://www.skland.com/article?id=1935590,False,2026-09-11T22:18:32+00:00,strategy_public_search_top20,"[""澄闪""]",operator
1400572,RS-8低配过图思路（澄闪单核）,2023-12-06T16:49:03+00:00,394,19,7,0,2,https://www.skland.com/article?id=1400572,False,2026-09-11T22:18:32+00:00,strategy_public_search_top20,"[""澄闪""]",operator
1533843,【怀黍离】凯尔希澄闪双人HS-9,2024-02-01T09:36:12+00:00,247,10,0,0,2,https://www.skland.com/article?id=1533843,False,2026-09-11T22:18:32+00:00,strategy_public_search_top20,"[""澄闪""]",operator
1769947,保全派驻:多索雷斯商业地块——法术调和能量场——澄闪（3狙击2术士）,2024-04-18T07:26:07+00:00,131,5,0,0,0,https://www.skland.com/article?id=1769947,False,2026-09-11T22:18:32+00:00,strategy_public_search_top20,"[""澄闪""]",operator
1912435,【H14-4】澄闪猫猫或将成为mvp？H14-4难易点略解和基础思路,2024-05-08T20:11:17+00:00,194,18,1,0,9,https://www.skland.com/article?id=1912435,False,2026-09-11T22:18:32+00:00,strategy_public_search_top20,"[""澄闪""]",operator
2190391,保全派驻:交战荒野 干员：澄闪（3狙击2术师或2狙击3术师）,2024-08-18T05:29:38+00:00,210,8,2,0,0,https://www.skland.com/article?id=2190391,False,2026-09-11T22:18:32+00:00,strategy_public_search_top20,"[""澄闪""]",operator
2233707,【泰拉饭】4个悖论模拟省流版（澄闪、讯使、涤火杰西卡、森蚺）,2024-09-03T01:19:07+00:00,176,12,0,0,1,https://www.skland.com/article?id=2233707,False,2026-09-11T22:18:32+00:00,strategy_public_search_top20,"[""澄闪""]",operator
2916843,【矢量突破#1】特别战线09 风尘仆仆 澄闪2级模 VEC-SP09,2025-05-22T10:07:22+00:00,162,37,0,0,2,https://www.skland.com/article?id=2916843,False,2026-09-11T22:18:32+00:00,strategy_public_search_top20,"[""澄闪""]",operator
2307726,澄闪悖论模拟简单好抄无需专精,2024-10-10T07:32:52+00:00,104,12,0,0,3,https://www.skland.com/article?id=2307726,False,2026-09-11T22:18:32+00:00,strategy_public_search_top20,"[""澄闪""]",operator
3414312,【雪山降临】OS-EX-6 顺时耕作 澄闪 单核,2025-11-10T17:17:00+00:00,54,15,0,0,1,https://www.skland.com/article?id=3414312,False,2026-09-11T22:18:32+00:00,strategy_public_search_top20,"[""澄闪""]",operator
3199156,【无忧梦呓】SS-6 澄闪 单核,2025-09-04T18:19:20+00:00,23,9,1,0,2,https://www.skland.com/article?id=3199156,False,2026-09-11T22:18:32+00:00,strategy_public_search_top20,"[""澄闪""]",operator
3169067,【澄闪】悖论模拟攻略,2025-08-27T10:10:24+00:00,26,2,0,0,1,https://www.skland.com/article?id=3169067,False,2026-09-11T22:18:32+00:00,strategy_public_search_top20,"[""澄闪""]",operator
2849661,【众生行记】MT-9 澄闪 单核,2025-05-02T08:13:57+00:00,40,8,1,0,3,https://www.skland.com/article?id=2849661,False,2026-09-11T22:18:32+00:00,strategy_public_search_top20,"[""澄闪""]",operator
193600,【模组分析】黑键Δ模组数据计算+分析,2023-10-15T05:53:18+00:00,3262,100,26,0,18,https://www.skland.com/article?id=193600,False,2026-09-11T22:18:34+00:00,strategy_public_search_top20,"[""黑键""]",operator
189438,【番外】黑键Δ模组使用报告,2023-10-11T04:48:54+00:00,2718,81,12,0,15,https://www.skland.com/article?id=189438,False,2026-09-11T22:18:34+00:00,strategy_public_search_top20,"[""黑键""]",operator
3234972,【攻略补全计划】黑键—悖论模拟,2025-09-21T09:28:53+00:00,32,4,0,0,0,https://www.skland.com/article?id=3234972,False,2026-09-11T22:18:34+00:00,strategy_public_search_top20,"[""黑键""]",operator
3185906,【黑键】悖论模拟攻略,2025-08-31T13:25:25+00:00,33,4,0,0,0,https://www.skland.com/article?id=3185906,False,2026-09-11T22:18:34+00:00,strategy_public_search_top20,"[""黑键""]",operator
5839025,一图流评测【维伊】,2026-05-08T13:37:16+00:00,1404,178,4,0,22,https://www.skland.com/article?id=5839025,False,2026-09-11T22:18:36+00:00,strategy_public_search_top20,"[""维伊""]",operator
5795705,6星赠送维伊技能前瞻分析，10万伤害,2026-04-27T07:18:28+00:00,2903,262,8,0,67,https://www.skland.com/article?id=5795705,False,2026-09-11T22:18:36+00:00,strategy_public_search_top20,"[""维伊""]",operator
5834426,明日方舟干员简评——维伊篇,2026-05-06T16:31:48+00:00,134,3,1,0,6,https://www.skland.com/article?id=5834426,False,2026-09-11T22:18:36+00:00,strategy_public_search_top20,"[""维伊""]",operator
2095914,【实用性测评#16】全网最全机制解析妮芙测评！元素体系新拼图？,2024-07-24T11:19:20+00:00,1465,21,10,0,4,https://www.skland.com/article?id=2095914,False,2026-09-11T22:18:38+00:00,strategy_public_search_top20,"[""妮芙""]",operator
2066451,六星干员攻略（妮芙）,2024-07-14T19:30:16+00:00,1496,23,2,0,6,https://www.skland.com/article?id=2066451,False,2026-09-11T22:18:38+00:00,strategy_public_search_top20,"[""妮芙""]",operator
2057435,夏活当头！不到20天！妮芙值得抽吗？强度评测,2024-07-10T17:18:07+00:00,1146,11,4,0,9,https://www.skland.com/article?id=2057435,False,2026-09-11T22:18:38+00:00,strategy_public_search_top20,"[""妮芙""]",operator
2053015,妮芙的入职测试！元素损伤六星大C！,2024-07-09T09:46:54+00:00,3609,187,8,0,111,https://www.skland.com/article?id=2053015,False,2026-09-11T22:18:38+00:00,strategy_public_search_top20,"[""妮芙""]",operator
2052352,【熔炉“还魂”记】妮芙简评 10w真伤大c，但是强制绑定,2024-07-09T08:11:10+00:00,3157,56,4,0,2,https://www.skland.com/article?id=2052352,False,2026-09-11T22:18:38+00:00,strategy_public_search_top20,"[""妮芙""]",operator
2054679,【干员速评】#15妮芙——本源术师,2024-07-09T16:40:40+00:00,1180,44,1,0,10,https://www.skland.com/article?id=2054679,False,2026-09-11T22:18:38+00:00,strategy_public_search_top20,"[""妮芙""]",operator
2052284,六星干员速评【妮芙】——异格小满！遇强则强的笞心魔,2024-07-09T08:00:56+00:00,4712,50,4,0,12,https://www.skland.com/article?id=2052284,False,2026-09-11T22:18:38+00:00,strategy_public_search_top20,"[""妮芙""]",operator
2052525,一个视频快速看妮芙的小实战,2024-07-09T08:34:40+00:00,10312,476,11,0,59,https://www.skland.com/article?id=2052525,False,2026-09-11T22:18:38+00:00,strategy_public_search_top20,"[""妮芙""]",operator
2059081,笞心魔妮芙的工作场所竟然是宿舍？熔炉还魂记干员基建技能解析,2024-07-11T12:57:42+00:00,1640,77,0,0,6,https://www.skland.com/article?id=2059081,False,2026-09-11T22:18:38+00:00,strategy_public_search_top20,"[""妮芙""]",operator
2821722,技能专精推荐·妮芙 | 吓退敌人！但元素大C不再占优？,2025-04-27T00:09:30+00:00,490,16,1,0,0,https://www.skland.com/article?id=2821722,False,2026-09-11T22:18:38+00:00,strategy_public_search_top20,"[""妮芙""]",operator
2083123,【新干员漫谈】关于妮芙，关于本源术师，新时代的宠儿？,2024-07-19T11:35:13+00:00,457,31,2,0,5,https://www.skland.com/article?id=2083123,False,2026-09-11T22:18:38+00:00,strategy_public_search_top20,"[""妮芙""]",operator
2082859,妮芙的奇特萨卡兹之旅（萨卡兹的无终奇语各结局结解锁攻略）,2024-07-19T09:52:29+00:00,382,31,11,0,4,https://www.skland.com/article?id=2082859,False,2026-09-11T22:18:38+00:00,strategy_public_search_top20,"[""妮芙""]",operator
5732792,4月新模组前瞻和开启建议，红蒂多了30减伤？42加强锁血，妮芙加强回转,2026-04-06T09:16:19+00:00,4830,221,6,0,27,https://www.skland.com/article?id=5732792,False,2026-09-11T22:18:38+00:00,strategy_public_search_top20,"[""妮芙""]",operator
2139558,【太阳甩在身后】AS-8妮芙单核低配平民攻略,2024-08-02T07:30:15+00:00,55,11,0,0,2,https://www.skland.com/article?id=2139558,False,2026-09-11T22:18:38+00:00,strategy_public_search_top20,"[""妮芙""]",operator
2053221,新干员妮芙及六星模组数据,2024-07-09T10:20:39+00:00,184,4,0,0,0,https://www.skland.com/article?id=2053221,False,2026-09-11T22:18:38+00:00,strategy_public_search_top20,"[""妮芙""]",operator
3208513,【妮芙】悖论模拟攻略,2025-09-07T13:03:38+00:00,11,3,0,0,0,https://www.skland.com/article?id=3208513,False,2026-09-11T22:18:38+00:00,strategy_public_search_top20,"[""妮芙""]",operator
2591537,六星干员测评【烛煌】——限制颇多但爆发极高，余煌龙铠甲dps过万，灼燃体系输出手,2025-01-23T09:58:37+00:00,5679,206,21,0,15,https://www.skland.com/article?id=2591537,False,2026-09-11T22:18:40+00:00,strategy_public_search_top20,"[""烛煌""]",operator
2568254,【相见欢】烛煌简评 1wdps的强制绑定对群大c,2025-01-22T08:04:34+00:00,3094,106,6,0,11,https://www.skland.com/article?id=2568254,False,2026-09-11T22:18:40+00:00,strategy_public_search_top20,"[""烛煌""]",operator
2645782,【干员实用性测评】#23烛煌——本源术师,2025-02-05T17:08:44+00:00,651,17,1,0,3,https://www.skland.com/article?id=2645782,False,2026-09-11T22:18:40+00:00,strategy_public_search_top20,"[""烛煌""]",operator
2632365,【炽吾生平】烛煌角色评测-以血引火，焚尽昏霭，我以我血荐真龙,2025-02-01T00:29:00+00:00,807,50,6,0,4,https://www.skland.com/article?id=2632365,False,2026-09-11T22:18:40+00:00,strategy_public_search_top20,"[""烛煌""]",operator
2803660,【明日方舟】7.5秒清空弹匣！高台锏自豪？ | 技能专精推荐·烛煌,2025-04-20T08:55:37+00:00,503,20,1,0,0,https://www.skland.com/article?id=2803660,False,2026-09-11T22:18:40+00:00,strategy_public_search_top20,"[""烛煌""]",operator
3285808,新人练干员二三事：抽到烛煌该不该练？,2025-10-15T05:28:02+00:00,617,36,0,0,22,https://www.skland.com/article?id=3285808,False,2026-09-11T22:18:40+00:00,strategy_public_search_top20,"[""烛煌""]",operator
3075003,【菲林干员攻略#11】什么叫菲林巫役和本源术师各爆各的条？——烛煌篇,2025-07-29T15:00:28+00:00,394,11,1,0,0,https://www.skland.com/article?id=3075003,False,2026-09-11T22:18:40+00:00,strategy_public_search_top20,"[""烛煌""]",operator
2658059,【净罪作战四步镀层】勤劳勇敢的烛煌，为了合约的胜利，做出了巨大的牺牲~,2025-02-10T14:08:32+00:00,555,64,13,0,26,https://www.skland.com/article?id=2658059,False,2026-09-11T22:18:40+00:00,strategy_public_search_top20,"[""烛煌""]",operator
2579120,「相见欢」版本干员基建技能解析（余、烛煌、寻澜、行箸）,2025-01-22T13:32:00+00:00,1445,174,3,0,1,https://www.skland.com/article?id=2579120,False,2026-09-11T22:18:40+00:00,strategy_public_search_top20,"[""烛煌""]",operator
3190186,【灵知】悖论模拟攻略,2025-09-02T11:13:55+00:00,14,3,0,0,0,https://www.skland.com/article?id=3190186,False,2026-09-11T22:18:42+00:00,strategy_public_search_top20,"[""灵知""]",operator
6078849,【安洁莉娜的旅行小记】全宝箱攻略,2026-08-01T12:22:14+00:00,137,7,2,0,1,https://www.skland.com/article?id=6078849,False,2026-09-11T22:18:44+00:00,strategy_public_search_top20,"[""安洁莉娜""]",operator
6070312,弹药、起飞、减重，均有强力搭配！安洁莉娜的强力队友都有哪些？,2026-08-01T00:36:52+00:00,7553,523,82,0,75,https://www.skland.com/article?id=6070312,False,2026-09-11T22:18:44+00:00,strategy_public_search_top20,"[""安洁莉娜""]",operator
6092180,所以，安洁莉娜的故事是怎么样的,2026-08-04T00:18:31+00:00,84,21,3,0,1,https://www.skland.com/article?id=6092180,False,2026-09-11T22:18:44+00:00,strategy_public_search_top20,"[""安洁莉娜""]",operator
6075192,「安洁莉娜的旅行小记」活动攻略（含物资箱）,2026-08-01T05:33:44+00:00,195,60,5,0,3,https://www.skland.com/article?id=6075192,False,2026-09-11T22:18:44+00:00,strategy_public_search_top20,"[""安洁莉娜""]",operator
3229820,【攻略补全计划】安洁莉娜—悖论模拟,2025-09-19T01:07:31+00:00,119,5,0,0,0,https://www.skland.com/article?id=3229820,False,2026-09-11T22:18:44+00:00,strategy_public_search_top20,"[""安洁莉娜""]",operator
6080030,【安洁莉娜的旅行小记】宝箱全收集+TO-P-1&2摆完挂机,2026-08-01T15:38:01+00:00,54,15,0,0,0,https://www.skland.com/article?id=6080030,False,2026-09-11T22:18:44+00:00,strategy_public_search_top20,"[""安洁莉娜""]",operator
6075316,【安洁莉娜的旅行小记】小活动游玩方式~,2026-08-01T05:40:10+00:00,1107,489,13,0,117,https://www.skland.com/article?id=6075316,False,2026-09-11T22:18:44+00:00,strategy_public_search_top20,"[""安洁莉娜""]",operator
3360869,一图流测评【溯光星源】——二技能摆完挂机聚怪,2025-11-01T02:01:15+00:00,4673,48,10,0,8,https://www.skland.com/article?id=3360869,False,2026-09-11T22:18:46+00:00,strategy_public_search_top20,"[""溯光星源""]",operator
3330775,一图流前瞻【溯光星源】——二技能摆完挂机聚怪永控梦,2025-10-30T03:56:53+00:00,3044,78,6,0,15,https://www.skland.com/article?id=3330775,False,2026-09-11T22:18:46+00:00,strategy_public_search_top20,"[""溯光星源""]",operator
2330291,新人练干员二三事：抽到麦哲伦该不该练,2024-10-23T15:17:57+00:00,2003,149,11,0,44,https://www.skland.com/article?id=2330291,False,2026-09-11T22:18:48+00:00,strategy_public_search_top20,"[""麦哲伦""]",operator
2698960,【选帝侯广场 精一1级 5人】你用麦哲伦打强杀？,2025-03-06T08:19:45+00:00,116,12,1,0,4,https://www.skland.com/article?id=2698960,False,2026-09-11T22:18:48+00:00,strategy_public_search_top20,"[""麦哲伦""]",operator
2710147,【精一1级 塔巴镇】旧时代的难题，看新时代麦哲伦如何四人！【DM-MO-1】,2025-03-11T04:30:05+00:00,102,11,1,0,2,https://www.skland.com/article?id=2710147,False,2026-09-11T22:18:48+00:00,strategy_public_search_top20,"[""麦哲伦""]",operator
3233371,【攻略补全计划】麦哲伦—悖论模拟,2025-09-20T15:18:39+00:00,28,5,0,0,0,https://www.skland.com/article?id=3233371,False,2026-09-11T22:18:48+00:00,strategy_public_search_top20,"[""麦哲伦""]",operator
3190189,【麦哲伦】悖论模拟攻略,2025-09-02T11:15:35+00:00,12,6,0,0,0,https://www.skland.com/article?id=3190189,False,2026-09-11T22:18:48+00:00,strategy_public_search_top20,"[""麦哲伦""]",operator
3033256,【岁的界园志异】1分钟了解电弧Raidian获取与养成指南 看了包不踩坑,2025-07-15T17:57:29+00:00,1042,34,6,0,8,https://www.skland.com/article?id=3033256,False,2026-09-11T22:18:50+00:00,strategy_public_search_top20,"[""电弧""]",operator
3033822,【岁的界园志异】电弧Raidian简评 每个召唤物都是10w大c的肉鸽保姆王,2025-07-16T02:43:11+00:00,8919,200,128,0,51,https://www.skland.com/article?id=3033822,False,2026-09-11T22:18:50+00:00,strategy_public_search_top20,"[""电弧""]",operator
3031208,六星干员速评【电弧】——界园必抓，电弧王朝降临,2025-07-15T07:55:03+00:00,9180,159,46,0,24,https://www.skland.com/article?id=3031208,False,2026-09-11T22:18:50+00:00,strategy_public_search_top20,"[""电弧""]",operator
3288068,电弧二模解锁条件&4结局前置藏品获取条件一览【岁的界园志异DLC1】,2025-10-16T09:59:13+00:00,1162,64,11,0,1,https://www.skland.com/article?id=3288068,False,2026-09-11T22:18:50+00:00,strategy_public_search_top20,"[""电弧""]",operator
3548309,【引航者试炼#6】TN-4 定向/恢弘试炼 M3电弧维神 三核,2025-12-27T11:03:39+00:00,341,270,6,0,6,https://www.skland.com/article?id=3548309,False,2026-09-11T22:18:50+00:00,strategy_public_search_top20,"[""电弧""]",operator
3150164,【弧光作战】枯苇泥淖 电弧单核一次全任务,2025-08-21T01:26:51+00:00,54,6,1,0,1,https://www.skland.com/article?id=3150164,False,2026-09-11T22:18:50+00:00,strategy_public_search_top20,"[""电弧""]",operator
5583547,【矢量突破#2巫术之夜】VEC-SP06电弧伊桑双核驻守,2026-02-25T18:23:02+00:00,89,18,2,0,0,https://www.skland.com/article?id=5583547,False,2026-09-11T22:18:50+00:00,strategy_public_search_top20,"[""电弧""]",operator
4748341,OR-8 3人90秒 理论最速刷炽合金（电弧+乌尔比安+涤火杰西卡解）,2026-02-04T03:24:02+00:00,2864,1948,7,0,5,https://www.skland.com/article?id=4748341,False,2026-09-11T22:18:50+00:00,strategy_public_search_top20,"[""电弧""]",operator
3502456,电弧单人UR-8，令好好学学人家电弧,2025-12-05T07:49:48+00:00,115,16,1,0,6,https://www.skland.com/article?id=3502456,False,2026-09-11T22:18:50+00:00,strategy_public_search_top20,"[""电弧""]",operator
3417461,【雪山降临】OS-EX-7 以石取石 电弧 单核,2025-11-11T16:42:12+00:00,63,16,0,0,1,https://www.skland.com/article?id=3417461,False,2026-09-11T22:18:50+00:00,strategy_public_search_top20,"[""电弧""]",operator
1912489,六星干员攻略（魔王）,2024-05-08T21:26:16+00:00,4330,44,17,0,8,https://www.skland.com/article?id=1912489,False,2026-09-11T22:18:52+00:00,strategy_public_search_top20,"[""魔王""]",operator
1890944,【干员速评】#12“魔王”——吟游者,2024-05-05T12:11:28+00:00,5364,133,30,0,17,https://www.skland.com/article?id=1890944,False,2026-09-11T22:18:52+00:00,strategy_public_search_top20,"[""魔王""]",operator
1925775,[何以为我] 魔王角色评测——过往尘埃未落定，魔王残响音绕梁,2024-05-12T14:43:32+00:00,2383,63,9,0,9,https://www.skland.com/article?id=1925775,False,2026-09-11T22:18:52+00:00,strategy_public_search_top20,"[""魔王""]",operator
2284055,从零开始的辅助生活（魔王篇）,2024-09-29T14:37:40+00:00,1996,68,7,0,9,https://www.skland.com/article?id=2284055,False,2026-09-11T22:18:52+00:00,strategy_public_search_top20,"[""魔王""]",operator
1863670,魔王获取以及潜能获取,2024-05-02T13:44:49+00:00,4843,151,102,0,26,https://www.skland.com/article?id=1863670,False,2026-09-11T22:18:52+00:00,strategy_public_search_top20,"[""魔王""]",operator
1925698,【灯塔行动】“魔王” 击败 魔王——四萝卜H14-4（无召唤辅助队）,2024-05-12T14:21:24+00:00,226,14,1,0,2,https://www.skland.com/article?id=1925698,False,2026-09-11T22:18:52+00:00,strategy_public_search_top20,"[""魔王""]",operator
1761432,【泰拉讲坛03】转生魔王会不会梦到黑冠？——篡王人物志（顺带聊聊关于巴别塔ss）,2024-04-14T09:32:28+00:00,598,67,18,0,9,https://www.skland.com/article?id=1761432,False,2026-09-11T22:18:52+00:00,strategy_public_search_top20,"[""魔王""]",operator
46843,从零开始的辅助生活（白铁篇）,2023-08-09T12:04:53+00:00,2818,44,1,0,9,https://www.skland.com/article?id=46843,False,2026-09-11T22:18:56+00:00,strategy_public_search_top20,"[""白铁""]",operator
1482200,【明日方舟学说】“白”给的输出，“铁”打的拐——工匠白铁的三千字干员解析！（下）,2024-01-16T09:13:25+00:00,2304,79,17,0,44,https://www.skland.com/article?id=1482200,False,2026-09-11T22:18:56+00:00,strategy_public_search_top20,"[""白铁""]",operator
1474654,【明日方舟学说】“白”给的输出，“铁”打的拐——工匠白铁的五千字干员解析！（上）,2024-01-12T05:28:49+00:00,2220,92,26,0,47,https://www.skland.com/article?id=1474654,False,2026-09-11T22:18:56+00:00,strategy_public_search_top20,"[""白铁""]",operator
2321472,【干员模组攻略】白铁y模：+6攻速真的是他所需要的吗,2024-10-18T03:20:25+00:00,1128,41,3,0,14,https://www.skland.com/article?id=2321472,False,2026-09-11T22:18:56+00:00,strategy_public_search_top20,"[""白铁""]",operator
2715352,以防你不知道白铁的炮台在这次活动有什么妙用,2025-03-14T11:37:51+00:00,59,5,0,0,0,https://www.skland.com/article?id=2715352,False,2026-09-11T22:18:56+00:00,strategy_public_search_top20,"[""白铁""]",operator
2307755,白铁悖论模拟简单好抄无需专精和模组,2024-10-10T07:54:29+00:00,20,6,0,0,0,https://www.skland.com/article?id=2307755,False,2026-09-11T22:18:56+00:00,strategy_public_search_top20,"[""白铁""]",operator
3234964,【攻略补全计划】白铁—悖论模拟,2025-09-21T09:27:18+00:00,14,4,0,0,0,https://www.skland.com/article?id=3234964,False,2026-09-11T22:18:56+00:00,strategy_public_search_top20,"[""白铁""]",operator
3208531,【白铁】悖论模拟攻略,2025-09-07T13:07:57+00:00,11,4,0,0,0,https://www.skland.com/article?id=3208531,False,2026-09-11T22:18:56+00:00,strategy_public_search_top20,"[""白铁""]",operator
